2025-04-24 13:37:41,079 - INFO: Parameter: training_data='data/processed/sequences.h5'
2025-04-24 13:37:41,079 - INFO: Parameter: contact_maps='data/processed/contact_maps.h5'
2025-04-24 13:37:41,079 - INFO: Parameter: contact_probabilities='data/processed/tcr_pmhc_contacting_residues.mat'
2025-04-24 13:37:41,079 - INFO: Parameter: output='models/TCRStructMap_contact_probabilities'
2025-04-24 13:37:41,079 - INFO: Parameter: seed=123
2025-04-24 13:37:41,080 - INFO: Parameter: features_to_include='all'
2025-04-24 13:37:41,080 - INFO: Parameter: cdr1_alpha_length=8
2025-04-24 13:37:41,080 - INFO: Parameter: cdr2_alpha_length=8
2025-04-24 13:37:41,080 - INFO: Parameter: cdr3_alpha_length=24
2025-04-24 13:37:41,080 - INFO: Parameter: cdr1_beta_length=8
2025-04-24 13:37:41,080 - INFO: Parameter: cdr2_beta_length=8
2025-04-24 13:37:41,080 - INFO: Parameter: cdr3_beta_length=24
2025-04-24 13:37:41,080 - INFO: Parameter: peptide_length=12
2025-04-24 13:37:41,080 - INFO: Parameter: mhc_pseudo_length=26
2025-04-24 13:37:41,080 - INFO: Parameter: batch_size=32
2025-04-24 13:37:41,080 - INFO: Parameter: num_epochs=25
2025-04-24 13:37:41,080 - INFO: Parameter: learning_rate=0.001
2025-04-24 13:37:41,080 - INFO: Parameter: drop_out_rate=0.2
2025-04-24 13:37:41,080 - INFO: Parameter: learn_contact_maps=False
2025-04-24 13:37:41,080 - INFO: Parameter: checkpoint_interval=1000
2025-04-24 13:37:41,080 - INFO: Parameter: eval_interval=500
2025-04-24 13:37:41,081 - INFO: Parameter: eval_batch_size=1000
2025-04-24 13:37:41,081 - INFO: Parameter: log_level='info'
2025-04-24 13:37:41,081 - INFO: Parameter: log_file='data/logs/train_TCRStructMap_contact_probabilities.log'
2025-04-24 13:37:41,081 - INFO: Setting random seed to 123
2025-04-24 13:37:41,255 - INFO: Loading contact maps from data/processed/contact_maps.h5
2025-04-24 13:37:42,298 - INFO: Loading contact probabilities from data/processed/tcr_pmhc_contacting_residues.mat
2025-04-24 13:37:42,332 - INFO: Loading training data from data/processed/sequences.h5
2025-04-24 13:37:45,694 - INFO: Creating models/TCRStructMap_contact_probabilities
2025-04-24 13:37:45,697 - INFO: Starting fold 1
2025-04-24 13:37:45,711 - INFO: Initialising model
2025-04-24 13:38:16,745 - INFO: Starting training
2025-04-24 13:38:16,745 - INFO: Starting epoch 1
2025-04-24 13:38:18,223 - INFO: Evaluating at iteration 1
2025-04-24 13:38:18,382 - INFO: Loss: 0.701411
2025-04-24 13:38:18,382 - INFO: Training ROC-AUC: 0.392593
2025-04-24 13:38:18,382 - INFO: Validation ROC-AUC: 0.528506
2025-04-24 13:38:28,621 - INFO: Evaluating at iteration 501
2025-04-24 13:38:28,745 - INFO: Loss: 0.327658
2025-04-24 13:38:28,745 - INFO: Training ROC-AUC: 0.425287
2025-04-24 13:38:28,745 - INFO: Validation ROC-AUC: 0.512738
2025-04-24 13:38:39,803 - INFO: Evaluating at iteration 1001
2025-04-24 13:38:39,921 - INFO: Loss: 0.480519
2025-04-24 13:38:39,921 - INFO: Training ROC-AUC: 0.602564
2025-04-24 13:38:39,921 - INFO: Validation ROC-AUC: 0.522694
2025-04-24 13:38:51,027 - INFO: Evaluating at iteration 1501
2025-04-24 13:38:51,149 - INFO: Loss: 0.622423
2025-04-24 13:38:51,149 - INFO: Training ROC-AUC: 0.531401
2025-04-24 13:38:51,149 - INFO: Validation ROC-AUC: 0.517551
2025-04-24 13:39:02,184 - INFO: Evaluating at iteration 2001
2025-04-24 13:39:02,302 - INFO: Loss: 0.238267
2025-04-24 13:39:02,302 - INFO: Training ROC-AUC: 0.483871
2025-04-24 13:39:02,302 - INFO: Validation ROC-AUC: 0.503657
2025-04-24 13:39:13,386 - INFO: Evaluating at iteration 2501
2025-04-24 13:39:13,514 - INFO: Loss: 0.488662
2025-04-24 13:39:13,514 - INFO: Training ROC-AUC: 0.493590
2025-04-24 13:39:13,515 - INFO: Validation ROC-AUC: 0.487027
2025-04-24 13:39:15,368 - INFO: Starting epoch 2
2025-04-24 13:39:15,391 - INFO: Evaluating at iteration 2586
2025-04-24 13:39:15,508 - INFO: Loss: 0.328371
2025-04-24 13:39:15,508 - INFO: Training ROC-AUC: 0.689655
2025-04-24 13:39:15,508 - INFO: Validation ROC-AUC: 0.482831
2025-04-24 13:39:26,558 - INFO: Evaluating at iteration 3086
2025-04-24 13:39:26,678 - INFO: Loss: 0.544114
2025-04-24 13:39:26,678 - INFO: Training ROC-AUC: 0.240000
2025-04-24 13:39:26,678 - INFO: Validation ROC-AUC: 0.471794
2025-04-24 13:39:37,711 - INFO: Evaluating at iteration 3586
2025-04-24 13:39:37,832 - INFO: Loss: 0.434271
2025-04-24 13:39:37,832 - INFO: Training ROC-AUC: 0.518519
2025-04-24 13:39:37,832 - INFO: Validation ROC-AUC: 0.458073
2025-04-24 13:39:48,871 - INFO: Evaluating at iteration 4086
2025-04-24 13:39:48,988 - INFO: Loss: 0.484796
2025-04-24 13:39:48,988 - INFO: Training ROC-AUC: 0.500000
2025-04-24 13:39:48,988 - INFO: Validation ROC-AUC: 0.445773
2025-04-24 13:39:59,993 - INFO: Evaluating at iteration 4586
2025-04-24 13:40:00,108 - INFO: Loss: 0.438396
2025-04-24 13:40:00,108 - INFO: Training ROC-AUC: 0.318519
2025-04-24 13:40:00,108 - INFO: Validation ROC-AUC: 0.444490
2025-04-24 13:40:11,152 - INFO: Evaluating at iteration 5086
2025-04-24 13:40:11,272 - INFO: Loss: 0.377405
2025-04-24 13:40:11,272 - INFO: Training ROC-AUC: 0.580357
2025-04-24 13:40:11,272 - INFO: Validation ROC-AUC: 0.449208
2025-04-24 13:40:13,145 - INFO: Starting epoch 3
2025-04-24 13:40:13,169 - INFO: Evaluating at iteration 5171
2025-04-24 13:40:13,286 - INFO: Loss: 0.226848
2025-04-24 13:40:13,286 - INFO: Training ROC-AUC: 0.870968
2025-04-24 13:40:13,286 - INFO: Validation ROC-AUC: 0.445482
2025-04-24 13:40:24,297 - INFO: Evaluating at iteration 5671
2025-04-24 13:40:24,417 - INFO: Loss: 0.384408
2025-04-24 13:40:24,417 - INFO: Training ROC-AUC: 0.437500
2025-04-24 13:40:24,417 - INFO: Validation ROC-AUC: 0.446034
2025-04-24 13:40:35,420 - INFO: Evaluating at iteration 6171
2025-04-24 13:40:35,537 - INFO: Loss: 0.437563
2025-04-24 13:40:35,538 - INFO: Training ROC-AUC: 0.437037
2025-04-24 13:40:35,538 - INFO: Validation ROC-AUC: 0.444927
2025-04-24 13:40:46,563 - INFO: Evaluating at iteration 6671
2025-04-24 13:40:46,725 - INFO: Loss: 0.484793
2025-04-24 13:40:46,728 - INFO: Training ROC-AUC: 0.525641
2025-04-24 13:40:46,731 - INFO: Validation ROC-AUC: 0.447941
2025-04-24 13:40:57,787 - INFO: Evaluating at iteration 7171
2025-04-24 13:40:57,925 - INFO: Loss: 0.631653
2025-04-24 13:40:57,928 - INFO: Training ROC-AUC: 0.526570
2025-04-24 13:40:57,930 - INFO: Validation ROC-AUC: 0.445466
2025-04-24 13:41:09,199 - INFO: Evaluating at iteration 7671
2025-04-24 13:41:09,327 - INFO: Loss: 0.932551
2025-04-24 13:41:09,331 - INFO: Training ROC-AUC: 0.458824
2025-04-24 13:41:09,337 - INFO: Validation ROC-AUC: 0.444144
2025-04-24 13:41:11,355 - INFO: Starting epoch 4
2025-04-24 13:41:11,384 - INFO: Evaluating at iteration 7756
2025-04-24 13:41:11,517 - INFO: Loss: 0.487591
2025-04-24 13:41:11,519 - INFO: Training ROC-AUC: 0.333333
2025-04-24 13:41:11,521 - INFO: Validation ROC-AUC: 0.444562
2025-04-24 13:41:22,629 - INFO: Evaluating at iteration 8256
2025-04-24 13:41:22,756 - INFO: Loss: 0.333073
2025-04-24 13:41:22,763 - INFO: Training ROC-AUC: 0.356322
2025-04-24 13:41:22,769 - INFO: Validation ROC-AUC: 0.446116
2025-04-24 13:41:33,839 - INFO: Evaluating at iteration 8756
2025-04-24 13:41:33,978 - INFO: Loss: 0.390455
2025-04-24 13:41:33,981 - INFO: Training ROC-AUC: 0.312500
2025-04-24 13:41:33,983 - INFO: Validation ROC-AUC: 0.446580
2025-04-24 13:41:45,048 - INFO: Evaluating at iteration 9256
2025-04-24 13:41:45,192 - INFO: Loss: 0.279345
2025-04-24 13:41:45,195 - INFO: Training ROC-AUC: 0.516667
2025-04-24 13:41:45,197 - INFO: Validation ROC-AUC: 0.448487
2025-04-24 13:41:56,277 - INFO: Evaluating at iteration 9756
2025-04-24 13:41:56,420 - INFO: Loss: 0.385020
2025-04-24 13:41:56,422 - INFO: Training ROC-AUC: 0.687500
2025-04-24 13:41:56,424 - INFO: Validation ROC-AUC: 0.449401
2025-04-24 13:42:07,520 - INFO: Evaluating at iteration 10256
2025-04-24 13:42:07,883 - INFO: Loss: 0.614486
2025-04-24 13:42:07,886 - INFO: Training ROC-AUC: 0.550725
2025-04-24 13:42:07,889 - INFO: Validation ROC-AUC: 0.449176
2025-04-24 13:42:09,765 - INFO: Starting epoch 5
2025-04-24 13:42:09,811 - INFO: Evaluating at iteration 10341
2025-04-24 13:42:09,928 - INFO: Loss: 0.389137
2025-04-24 13:42:09,931 - INFO: Training ROC-AUC: 0.223214
2025-04-24 13:42:09,934 - INFO: Validation ROC-AUC: 0.447755
2025-04-24 13:42:21,026 - INFO: Evaluating at iteration 10841
2025-04-24 13:42:21,170 - INFO: Loss: 0.389217
2025-04-24 13:42:21,177 - INFO: Training ROC-AUC: 0.455357
2025-04-24 13:42:21,184 - INFO: Validation ROC-AUC: 0.447412
2025-04-24 13:42:32,245 - INFO: Evaluating at iteration 11341
2025-04-24 13:42:32,392 - INFO: Loss: 0.481086
2025-04-24 13:42:32,394 - INFO: Training ROC-AUC: 0.525641
2025-04-24 13:42:32,396 - INFO: Validation ROC-AUC: 0.448134
2025-04-24 13:42:43,474 - INFO: Evaluating at iteration 11841
2025-04-24 13:42:43,613 - INFO: Loss: 0.220292
2025-04-24 13:42:43,615 - INFO: Training ROC-AUC: 0.290323
2025-04-24 13:42:43,618 - INFO: Validation ROC-AUC: 0.446296
2025-04-24 13:42:54,672 - INFO: Evaluating at iteration 12341
2025-04-24 13:42:54,832 - INFO: Loss: 0.534461
2025-04-24 13:42:54,841 - INFO: Training ROC-AUC: 0.542857
2025-04-24 13:42:54,850 - INFO: Validation ROC-AUC: 0.449352
2025-04-24 13:43:05,978 - INFO: Evaluating at iteration 12841
2025-04-24 13:43:06,132 - INFO: Loss: 0.482001
2025-04-24 13:43:06,135 - INFO: Training ROC-AUC: 0.583333
2025-04-24 13:43:06,137 - INFO: Validation ROC-AUC: 0.449509
2025-04-24 13:43:08,007 - INFO: Starting epoch 6
2025-04-24 13:43:08,034 - INFO: Evaluating at iteration 12926
2025-04-24 13:43:08,152 - INFO: Loss: 0.582964
2025-04-24 13:43:08,155 - INFO: Training ROC-AUC: 0.468750
2025-04-24 13:43:08,157 - INFO: Validation ROC-AUC: 0.449724
2025-04-24 13:43:19,245 - INFO: Evaluating at iteration 13426
2025-04-24 13:43:19,410 - INFO: Loss: 0.196578
2025-04-24 13:43:19,414 - INFO: Training ROC-AUC: nan
2025-04-24 13:43:19,416 - INFO: Validation ROC-AUC: 0.450789
2025-04-24 13:43:30,495 - INFO: Evaluating at iteration 13926
2025-04-24 13:43:32,251 - INFO: Loss: 0.535734
2025-04-24 13:43:32,293 - INFO: Training ROC-AUC: 0.451429
2025-04-24 13:43:32,304 - INFO: Validation ROC-AUC: 0.450968
2025-04-24 13:43:43,889 - INFO: Evaluating at iteration 14426
2025-04-24 13:43:44,042 - INFO: Loss: 0.536984
2025-04-24 13:43:44,053 - INFO: Training ROC-AUC: 0.502857
2025-04-24 13:43:44,062 - INFO: Validation ROC-AUC: 0.453479
2025-04-24 13:43:55,123 - INFO: Evaluating at iteration 14926
2025-04-24 13:43:55,280 - INFO: Loss: 0.223165
2025-04-24 13:43:55,284 - INFO: Training ROC-AUC: 0.258065
2025-04-24 13:43:55,286 - INFO: Validation ROC-AUC: 0.452180
2025-04-24 13:44:06,415 - INFO: Evaluating at iteration 15426
2025-04-24 13:44:06,552 - INFO: Loss: 0.430339
2025-04-24 13:44:06,555 - INFO: Training ROC-AUC: 0.718519
2025-04-24 13:44:06,558 - INFO: Validation ROC-AUC: 0.451416
2025-04-24 13:44:08,443 - INFO: Starting epoch 7
2025-04-24 13:44:08,483 - INFO: Evaluating at iteration 15511
2025-04-24 13:44:08,638 - INFO: Loss: 0.482790
2025-04-24 13:44:08,641 - INFO: Training ROC-AUC: 0.608974
2025-04-24 13:44:08,644 - INFO: Validation ROC-AUC: 0.450824
2025-04-24 13:44:19,795 - INFO: Evaluating at iteration 16011
2025-04-24 13:44:19,939 - INFO: Loss: 0.387784
2025-04-24 13:44:19,943 - INFO: Training ROC-AUC: 0.258929
2025-04-24 13:44:19,945 - INFO: Validation ROC-AUC: 0.450282
2025-04-24 13:44:31,024 - INFO: Evaluating at iteration 16511
2025-04-24 13:44:31,172 - INFO: Loss: 0.581240
2025-04-24 13:44:31,172 - INFO: Training ROC-AUC: 0.572917
2025-04-24 13:44:31,172 - INFO: Validation ROC-AUC: 0.451314
2025-04-24 13:44:42,278 - INFO: Evaluating at iteration 17011
2025-04-24 13:44:42,394 - INFO: Loss: 0.582908
2025-04-24 13:44:42,394 - INFO: Training ROC-AUC: 0.651042
2025-04-24 13:44:42,394 - INFO: Validation ROC-AUC: 0.450860
2025-04-24 13:44:53,457 - INFO: Evaluating at iteration 17511
2025-04-24 13:44:53,574 - INFO: Loss: 0.228710
2025-04-24 13:44:53,574 - INFO: Training ROC-AUC: 0.161290
2025-04-24 13:44:53,574 - INFO: Validation ROC-AUC: 0.450678
2025-04-24 13:45:04,682 - INFO: Evaluating at iteration 18011
2025-04-24 13:45:04,800 - INFO: Loss: 0.487501
2025-04-24 13:45:04,800 - INFO: Training ROC-AUC: 0.525641
2025-04-24 13:45:04,800 - INFO: Validation ROC-AUC: 0.450753
2025-04-24 13:45:06,679 - INFO: Starting epoch 8
2025-04-24 13:45:06,703 - INFO: Evaluating at iteration 18096
2025-04-24 13:45:06,819 - INFO: Loss: 0.385522
2025-04-24 13:45:06,820 - INFO: Training ROC-AUC: 0.464286
2025-04-24 13:45:06,820 - INFO: Validation ROC-AUC: 0.451500
2025-04-24 13:45:17,938 - INFO: Evaluating at iteration 18596
2025-04-24 13:45:18,057 - INFO: Loss: 0.438854
2025-04-24 13:45:18,057 - INFO: Training ROC-AUC: 0.355556
2025-04-24 13:45:18,057 - INFO: Validation ROC-AUC: 0.451896
2025-04-24 13:45:29,132 - INFO: Evaluating at iteration 19096
2025-04-24 13:45:29,248 - INFO: Loss: 0.581273
2025-04-24 13:45:29,248 - INFO: Training ROC-AUC: 0.505208
2025-04-24 13:45:29,248 - INFO: Validation ROC-AUC: 0.451298
2025-04-24 13:45:40,321 - INFO: Evaluating at iteration 19596
2025-04-24 13:45:40,437 - INFO: Loss: 0.387581
2025-04-24 13:45:40,437 - INFO: Training ROC-AUC: 0.285714
2025-04-24 13:45:40,438 - INFO: Validation ROC-AUC: 0.450465
2025-04-24 13:45:51,523 - INFO: Evaluating at iteration 20096
2025-04-24 13:45:51,638 - INFO: Loss: 0.339929
2025-04-24 13:45:51,638 - INFO: Training ROC-AUC: 0.804598
2025-04-24 13:45:51,638 - INFO: Validation ROC-AUC: 0.450710
2025-04-24 13:46:02,774 - INFO: Evaluating at iteration 20596
2025-04-24 13:46:02,889 - INFO: Loss: 0.377777
2025-04-24 13:46:02,889 - INFO: Training ROC-AUC: 0.642857
2025-04-24 13:46:02,890 - INFO: Validation ROC-AUC: 0.452294
2025-04-24 13:46:04,757 - INFO: Starting epoch 9
2025-04-24 13:46:04,780 - INFO: Evaluating at iteration 20681
2025-04-24 13:46:04,895 - INFO: Loss: 0.259188
2025-04-24 13:46:04,896 - INFO: Training ROC-AUC: 0.800000
2025-04-24 13:46:04,896 - INFO: Validation ROC-AUC: 0.451925
2025-04-24 13:46:16,048 - INFO: Evaluating at iteration 21181
2025-04-24 13:46:16,169 - INFO: Loss: 0.432556
2025-04-24 13:46:16,169 - INFO: Training ROC-AUC: 0.533333
2025-04-24 13:46:16,170 - INFO: Validation ROC-AUC: 0.452728
2025-04-24 13:46:27,253 - INFO: Evaluating at iteration 21681
2025-04-24 13:46:27,368 - INFO: Loss: 0.423436
2025-04-24 13:46:27,368 - INFO: Training ROC-AUC: 0.725926
2025-04-24 13:46:27,368 - INFO: Validation ROC-AUC: 0.451961
2025-04-24 13:46:38,500 - INFO: Evaluating at iteration 22181
2025-04-24 13:46:38,615 - INFO: Loss: 0.341328
2025-04-24 13:46:38,615 - INFO: Training ROC-AUC: 0.425287
2025-04-24 13:46:38,615 - INFO: Validation ROC-AUC: 0.452242
2025-04-24 13:46:49,701 - INFO: Evaluating at iteration 22681
2025-04-24 13:46:49,816 - INFO: Loss: 0.337504
2025-04-24 13:46:49,816 - INFO: Training ROC-AUC: 0.126437
2025-04-24 13:46:49,816 - INFO: Validation ROC-AUC: 0.451572
2025-04-24 13:47:00,917 - INFO: Evaluating at iteration 23181
2025-04-24 13:47:01,033 - INFO: Loss: 0.537532
2025-04-24 13:47:01,033 - INFO: Training ROC-AUC: 0.308571
2025-04-24 13:47:01,033 - INFO: Validation ROC-AUC: 0.453316
2025-04-24 13:47:02,896 - INFO: Starting epoch 10
2025-04-24 13:47:02,921 - INFO: Evaluating at iteration 23266
2025-04-24 13:47:03,038 - INFO: Loss: 0.379993
2025-04-24 13:47:03,038 - INFO: Training ROC-AUC: 0.705357
2025-04-24 13:47:03,038 - INFO: Validation ROC-AUC: 0.452950
2025-04-24 13:47:14,178 - INFO: Evaluating at iteration 23766
2025-04-24 13:47:14,299 - INFO: Loss: 0.488712
2025-04-24 13:47:14,299 - INFO: Training ROC-AUC: 0.416667
2025-04-24 13:47:14,299 - INFO: Validation ROC-AUC: 0.452970
2025-04-24 13:47:25,418 - INFO: Evaluating at iteration 24266
2025-04-24 13:47:25,535 - INFO: Loss: 0.487359
2025-04-24 13:47:25,535 - INFO: Training ROC-AUC: 0.442308
2025-04-24 13:47:25,535 - INFO: Validation ROC-AUC: 0.453257
2025-04-24 13:47:36,650 - INFO: Evaluating at iteration 24766
2025-04-24 13:47:36,765 - INFO: Loss: 0.387196
2025-04-24 13:47:36,765 - INFO: Training ROC-AUC: 0.464286
2025-04-24 13:47:36,765 - INFO: Validation ROC-AUC: 0.452274
2025-04-24 13:47:47,852 - INFO: Evaluating at iteration 25266
2025-04-24 13:47:47,967 - INFO: Loss: 0.759824
2025-04-24 13:47:47,967 - INFO: Training ROC-AUC: 0.662500
2025-04-24 13:47:47,967 - INFO: Validation ROC-AUC: 0.453094
2025-04-24 13:47:59,073 - INFO: Evaluating at iteration 25766
2025-04-24 13:47:59,188 - INFO: Loss: 0.396386
2025-04-24 13:47:59,188 - INFO: Training ROC-AUC: 0.598214
2025-04-24 13:47:59,188 - INFO: Validation ROC-AUC: 0.452862
2025-04-24 13:48:01,060 - INFO: Starting epoch 11
2025-04-24 13:48:01,083 - INFO: Evaluating at iteration 25851
2025-04-24 13:48:01,198 - INFO: Loss: 0.387977
2025-04-24 13:48:01,198 - INFO: Training ROC-AUC: 0.517857
2025-04-24 13:48:01,198 - INFO: Validation ROC-AUC: 0.452258
2025-04-24 13:48:12,314 - INFO: Evaluating at iteration 26351
2025-04-24 13:48:12,431 - INFO: Loss: 0.637970
2025-04-24 13:48:12,431 - INFO: Training ROC-AUC: 0.642512
2025-04-24 13:48:12,431 - INFO: Validation ROC-AUC: 0.451115
2025-04-24 13:48:23,509 - INFO: Evaluating at iteration 26851
2025-04-24 13:48:23,629 - INFO: Loss: 0.330927
2025-04-24 13:48:23,629 - INFO: Training ROC-AUC: 0.482759
2025-04-24 13:48:23,629 - INFO: Validation ROC-AUC: 0.450723
2025-04-24 13:48:34,734 - INFO: Evaluating at iteration 27351
2025-04-24 13:48:34,849 - INFO: Loss: 0.422499
2025-04-24 13:48:34,849 - INFO: Training ROC-AUC: 0.681481
2025-04-24 13:48:34,849 - INFO: Validation ROC-AUC: 0.450155
2025-04-24 13:48:46,018 - INFO: Evaluating at iteration 27851
2025-04-24 13:48:46,133 - INFO: Loss: 0.427649
2025-04-24 13:48:46,134 - INFO: Training ROC-AUC: 0.622222
2025-04-24 13:48:46,134 - INFO: Validation ROC-AUC: 0.449678
2025-04-24 13:48:57,241 - INFO: Evaluating at iteration 28351
2025-04-24 13:48:57,358 - INFO: Loss: 0.337845
2025-04-24 13:48:57,358 - INFO: Training ROC-AUC: 0.494253
2025-04-24 13:48:57,358 - INFO: Validation ROC-AUC: 0.451448
2025-04-24 13:48:59,231 - INFO: Starting epoch 12
2025-04-24 13:48:59,254 - INFO: Evaluating at iteration 28436
2025-04-24 13:48:59,372 - INFO: Loss: 0.323763
2025-04-24 13:48:59,372 - INFO: Training ROC-AUC: 0.620690
2025-04-24 13:48:59,372 - INFO: Validation ROC-AUC: 0.451239
2025-04-24 13:49:10,512 - INFO: Evaluating at iteration 28936
2025-04-24 13:49:10,628 - INFO: Loss: 0.469888
2025-04-24 13:49:10,628 - INFO: Training ROC-AUC: 0.737179
2025-04-24 13:49:10,628 - INFO: Validation ROC-AUC: 0.450867
2025-04-24 13:49:21,800 - INFO: Evaluating at iteration 29436
2025-04-24 13:49:21,921 - INFO: Loss: 0.518529
2025-04-24 13:49:21,921 - INFO: Training ROC-AUC: 0.720000
2025-04-24 13:49:21,921 - INFO: Validation ROC-AUC: 0.450521
2025-04-24 13:49:33,051 - INFO: Evaluating at iteration 29936
2025-04-24 13:49:33,167 - INFO: Loss: 0.382105
2025-04-24 13:49:33,167 - INFO: Training ROC-AUC: 0.410714
2025-04-24 13:49:33,167 - INFO: Validation ROC-AUC: 0.450149
2025-04-24 13:49:44,257 - INFO: Evaluating at iteration 30436
2025-04-24 13:49:44,372 - INFO: Loss: 0.374053
2025-04-24 13:49:44,372 - INFO: Training ROC-AUC: 0.633929
2025-04-24 13:49:44,372 - INFO: Validation ROC-AUC: 0.449868
2025-04-24 13:49:55,500 - INFO: Evaluating at iteration 30936
2025-04-24 13:49:55,615 - INFO: Loss: 0.372936
2025-04-24 13:49:55,615 - INFO: Training ROC-AUC: 0.607143
2025-04-24 13:49:55,615 - INFO: Validation ROC-AUC: 0.449512
2025-04-24 13:49:57,512 - INFO: Starting epoch 13
2025-04-24 13:49:57,537 - INFO: Evaluating at iteration 31021
2025-04-24 13:49:57,652 - INFO: Loss: 0.321373
2025-04-24 13:49:57,653 - INFO: Training ROC-AUC: 0.586207
2025-04-24 13:49:57,653 - INFO: Validation ROC-AUC: 0.449574
2025-04-24 13:50:08,773 - INFO: Evaluating at iteration 31521
2025-04-24 13:50:08,889 - INFO: Loss: 0.389896
2025-04-24 13:50:08,889 - INFO: Training ROC-AUC: 0.553571
2025-04-24 13:50:08,889 - INFO: Validation ROC-AUC: 0.448738
2025-04-24 13:50:19,998 - INFO: Evaluating at iteration 32021
2025-04-24 13:50:20,118 - INFO: Loss: 0.355625
2025-04-24 13:50:20,118 - INFO: Training ROC-AUC: 0.803571
2025-04-24 13:50:20,118 - INFO: Validation ROC-AUC: 0.449064
2025-04-24 13:50:31,228 - INFO: Evaluating at iteration 32521
2025-04-24 13:50:31,343 - INFO: Loss: 0.475856
2025-04-24 13:50:31,343 - INFO: Training ROC-AUC: 0.660256
2025-04-24 13:50:31,343 - INFO: Validation ROC-AUC: 0.450044
2025-04-24 13:50:42,428 - INFO: Evaluating at iteration 33021
2025-04-24 13:50:42,550 - INFO: Loss: 0.508897
2025-04-24 13:50:42,550 - INFO: Training ROC-AUC: 0.737143
2025-04-24 13:50:42,550 - INFO: Validation ROC-AUC: 0.449496
2025-04-24 13:50:53,644 - INFO: Evaluating at iteration 33521
2025-04-24 13:50:53,759 - INFO: Loss: 0.418849
2025-04-24 13:50:53,759 - INFO: Training ROC-AUC: 0.659259
2025-04-24 13:50:53,759 - INFO: Validation ROC-AUC: 0.448189
2025-04-24 13:50:55,625 - INFO: Starting epoch 14
2025-04-24 13:50:55,649 - INFO: Evaluating at iteration 33606
2025-04-24 13:50:55,764 - INFO: Loss: 0.447744
2025-04-24 13:50:55,765 - INFO: Training ROC-AUC: 0.444444
2025-04-24 13:50:55,765 - INFO: Validation ROC-AUC: 0.447798
2025-04-24 13:51:06,875 - INFO: Evaluating at iteration 34106
2025-04-24 13:51:06,992 - INFO: Loss: 0.471364
2025-04-24 13:51:06,992 - INFO: Training ROC-AUC: 0.647436
2025-04-24 13:51:06,992 - INFO: Validation ROC-AUC: 0.446537
2025-04-24 13:51:18,505 - INFO: Evaluating at iteration 34606
2025-04-24 13:51:18,625 - INFO: Loss: 0.424314
2025-04-24 13:51:18,625 - INFO: Training ROC-AUC: 0.577778
2025-04-24 13:51:18,625 - INFO: Validation ROC-AUC: 0.444996
2025-04-24 13:51:29,794 - INFO: Evaluating at iteration 35106
2025-04-24 13:51:29,909 - INFO: Loss: 0.600567
2025-04-24 13:51:29,909 - INFO: Training ROC-AUC: 0.546875
2025-04-24 13:51:29,909 - INFO: Validation ROC-AUC: 0.445009
2025-04-24 13:51:40,992 - INFO: Evaluating at iteration 35606
2025-04-24 13:51:41,108 - INFO: Loss: 0.356449
2025-04-24 13:51:41,108 - INFO: Training ROC-AUC: 0.732143
2025-04-24 13:51:41,108 - INFO: Validation ROC-AUC: 0.446015
2025-04-24 13:51:52,278 - INFO: Evaluating at iteration 36106
2025-04-24 13:51:52,394 - INFO: Loss: 0.765328
2025-04-24 13:51:52,394 - INFO: Training ROC-AUC: 0.402597
2025-04-24 13:51:52,394 - INFO: Validation ROC-AUC: 0.446132
2025-04-24 13:51:54,263 - INFO: Starting epoch 15
2025-04-24 13:51:54,287 - INFO: Evaluating at iteration 36191
2025-04-24 13:51:54,402 - INFO: Loss: 0.467349
2025-04-24 13:51:54,402 - INFO: Training ROC-AUC: 0.660256
2025-04-24 13:51:54,402 - INFO: Validation ROC-AUC: 0.445740
2025-04-24 13:52:05,557 - INFO: Evaluating at iteration 36691
2025-04-24 13:52:05,673 - INFO: Loss: 0.500113
2025-04-24 13:52:05,673 - INFO: Training ROC-AUC: 0.358974
2025-04-24 13:52:05,673 - INFO: Validation ROC-AUC: 0.445656
2025-04-24 13:52:16,795 - INFO: Evaluating at iteration 37191
2025-04-24 13:52:16,915 - INFO: Loss: 0.449599
2025-04-24 13:52:16,915 - INFO: Training ROC-AUC: 0.653846
2025-04-24 13:52:16,916 - INFO: Validation ROC-AUC: 0.444839
2025-04-24 13:52:28,048 - INFO: Evaluating at iteration 37691
2025-04-24 13:52:28,163 - INFO: Loss: 0.423672
2025-04-24 13:52:28,163 - INFO: Training ROC-AUC: 0.614815
2025-04-24 13:52:28,163 - INFO: Validation ROC-AUC: 0.444552
2025-04-24 13:52:39,252 - INFO: Evaluating at iteration 38191
2025-04-24 13:52:39,368 - INFO: Loss: 0.539723
2025-04-24 13:52:39,368 - INFO: Training ROC-AUC: 0.661458
2025-04-24 13:52:39,368 - INFO: Validation ROC-AUC: 0.444669
2025-04-24 13:52:50,697 - INFO: Evaluating at iteration 38691
2025-04-24 13:52:50,812 - INFO: Loss: 0.671707
2025-04-24 13:52:50,812 - INFO: Training ROC-AUC: 0.622727
2025-04-24 13:52:50,812 - INFO: Validation ROC-AUC: 0.443481
2025-04-24 13:52:52,688 - INFO: Starting epoch 16
2025-04-24 13:52:52,712 - INFO: Evaluating at iteration 38776
2025-04-24 13:52:52,827 - INFO: Loss: 0.417921
2025-04-24 13:52:52,828 - INFO: Training ROC-AUC: 0.770370
2025-04-24 13:52:52,828 - INFO: Validation ROC-AUC: 0.443311
2025-04-24 13:53:04,005 - INFO: Evaluating at iteration 39276
2025-04-24 13:53:04,120 - INFO: Loss: 0.341839
2025-04-24 13:53:04,121 - INFO: Training ROC-AUC: 0.482759
2025-04-24 13:53:04,121 - INFO: Validation ROC-AUC: 0.442730
2025-04-24 13:53:15,317 - INFO: Evaluating at iteration 39776
2025-04-24 13:53:15,439 - INFO: Loss: 0.418059
2025-04-24 13:53:15,439 - INFO: Training ROC-AUC: 0.555556
2025-04-24 13:53:15,439 - INFO: Validation ROC-AUC: 0.442338
2025-04-24 13:53:26,699 - INFO: Evaluating at iteration 40276
2025-04-24 13:53:26,819 - INFO: Loss: 0.613469
2025-04-24 13:53:26,819 - INFO: Training ROC-AUC: 0.468750
2025-04-24 13:53:26,819 - INFO: Validation ROC-AUC: 0.441796
2025-04-24 13:53:38,071 - INFO: Evaluating at iteration 40776
2025-04-24 13:53:38,193 - INFO: Loss: 0.532018
2025-04-24 13:53:38,193 - INFO: Training ROC-AUC: 0.657143
2025-04-24 13:53:38,193 - INFO: Validation ROC-AUC: 0.441064
2025-04-24 13:53:49,523 - INFO: Evaluating at iteration 41276
2025-04-24 13:53:49,638 - INFO: Loss: 0.474285
2025-04-24 13:53:49,638 - INFO: Training ROC-AUC: 0.576923
2025-04-24 13:53:49,638 - INFO: Validation ROC-AUC: 0.441123
2025-04-24 13:53:51,539 - INFO: Starting epoch 17
2025-04-24 13:53:51,563 - INFO: Evaluating at iteration 41361
2025-04-24 13:53:51,678 - INFO: Loss: 0.467388
2025-04-24 13:53:51,678 - INFO: Training ROC-AUC: 0.653846
2025-04-24 13:53:51,678 - INFO: Validation ROC-AUC: 0.441287
2025-04-24 13:54:03,038 - INFO: Evaluating at iteration 41861
2025-04-24 13:54:03,154 - INFO: Loss: 0.358844
2025-04-24 13:54:03,154 - INFO: Training ROC-AUC: 1.000000
2025-04-24 13:54:03,154 - INFO: Validation ROC-AUC: 0.441176
2025-04-24 13:54:14,569 - INFO: Evaluating at iteration 42361
2025-04-24 13:54:14,689 - INFO: Loss: 0.613016
2025-04-24 13:54:14,689 - INFO: Training ROC-AUC: 0.447917
2025-04-24 13:54:14,689 - INFO: Validation ROC-AUC: 0.441254
2025-04-24 13:54:26,188 - INFO: Evaluating at iteration 42861
2025-04-24 13:54:26,304 - INFO: Loss: 0.512939
2025-04-24 13:54:26,304 - INFO: Training ROC-AUC: 0.617143
2025-04-24 13:54:26,304 - INFO: Validation ROC-AUC: 0.440313
2025-04-24 13:54:37,874 - INFO: Evaluating at iteration 43361
2025-04-24 13:54:37,989 - INFO: Loss: 0.518131
2025-04-24 13:54:37,989 - INFO: Training ROC-AUC: 0.282051
2025-04-24 13:54:37,989 - INFO: Validation ROC-AUC: 0.439843
2025-04-24 13:54:49,678 - INFO: Evaluating at iteration 43861
2025-04-24 13:54:49,793 - INFO: Loss: 0.436813
2025-04-24 13:54:49,793 - INFO: Training ROC-AUC: 0.698718
2025-04-24 13:54:49,793 - INFO: Validation ROC-AUC: 0.439647
2025-04-24 13:54:51,773 - INFO: Starting epoch 18
2025-04-24 13:54:51,798 - INFO: Evaluating at iteration 43946
2025-04-24 13:54:51,913 - INFO: Loss: 0.545931
2025-04-24 13:54:51,914 - INFO: Training ROC-AUC: 0.594286
2025-04-24 13:54:51,914 - INFO: Validation ROC-AUC: 0.438606
2025-04-24 13:55:03,742 - INFO: Evaluating at iteration 44446
2025-04-24 13:55:03,858 - INFO: Loss: 0.444231
2025-04-24 13:55:03,858 - INFO: Training ROC-AUC: 0.488889
2025-04-24 13:55:03,858 - INFO: Validation ROC-AUC: 0.438198
2025-04-24 13:55:15,809 - INFO: Evaluating at iteration 44946
2025-04-24 13:55:15,930 - INFO: Loss: 0.394305
2025-04-24 13:55:15,930 - INFO: Training ROC-AUC: 0.464286
2025-04-24 13:55:15,930 - INFO: Validation ROC-AUC: 0.438537
2025-04-24 13:55:28,423 - INFO: Evaluating at iteration 45446
2025-04-24 13:55:28,541 - INFO: Loss: 0.258049
2025-04-24 13:55:28,541 - INFO: Training ROC-AUC: 0.866667
2025-04-24 13:55:28,541 - INFO: Validation ROC-AUC: 0.437205
2025-04-24 13:55:40,685 - INFO: Evaluating at iteration 45946
2025-04-24 13:55:40,800 - INFO: Loss: 0.363138
2025-04-24 13:55:40,800 - INFO: Training ROC-AUC: 0.687500
2025-04-24 13:55:40,800 - INFO: Validation ROC-AUC: 0.436780
2025-04-24 13:55:53,069 - INFO: Evaluating at iteration 46446
2025-04-24 13:55:53,185 - INFO: Loss: 0.443426
2025-04-24 13:55:53,185 - INFO: Training ROC-AUC: 0.878205
2025-04-24 13:55:53,185 - INFO: Validation ROC-AUC: 0.436620
2025-04-24 13:55:55,257 - INFO: Starting epoch 19
2025-04-24 13:55:55,283 - INFO: Evaluating at iteration 46531
2025-04-24 13:55:55,399 - INFO: Loss: 0.347979
2025-04-24 13:55:55,399 - INFO: Training ROC-AUC: 0.857143
2025-04-24 13:55:55,399 - INFO: Validation ROC-AUC: 0.436506
2025-04-24 13:56:07,773 - INFO: Evaluating at iteration 47031
2025-04-24 13:56:07,905 - INFO: Loss: 0.622996
2025-04-24 13:56:07,905 - INFO: Training ROC-AUC: 0.661836
2025-04-24 13:56:07,905 - INFO: Validation ROC-AUC: 0.435546
2025-04-24 13:56:20,332 - INFO: Evaluating at iteration 47531
2025-04-24 13:56:20,453 - INFO: Loss: 0.542662
2025-04-24 13:56:20,453 - INFO: Training ROC-AUC: 0.485714
2025-04-24 13:56:20,453 - INFO: Validation ROC-AUC: 0.435690
2025-04-24 13:56:32,925 - INFO: Evaluating at iteration 48031
2025-04-24 13:56:33,040 - INFO: Loss: 0.426057
2025-04-24 13:56:33,041 - INFO: Training ROC-AUC: 0.585185
2025-04-24 13:56:33,041 - INFO: Validation ROC-AUC: 0.435448
2025-04-24 13:56:45,500 - INFO: Evaluating at iteration 48531
2025-04-24 13:56:45,618 - INFO: Loss: 0.492781
2025-04-24 13:56:45,618 - INFO: Training ROC-AUC: 0.525641
2025-04-24 13:56:45,618 - INFO: Validation ROC-AUC: 0.435638
2025-04-24 13:56:58,188 - INFO: Evaluating at iteration 49031
2025-04-24 13:56:58,304 - INFO: Loss: 0.507852
2025-04-24 13:56:58,304 - INFO: Training ROC-AUC: 0.333333
2025-04-24 13:56:58,304 - INFO: Validation ROC-AUC: 0.434782
2025-04-24 13:57:00,417 - INFO: Starting epoch 20
2025-04-24 13:57:00,443 - INFO: Evaluating at iteration 49116
2025-04-24 13:57:00,559 - INFO: Loss: 0.457404
2025-04-24 13:57:00,559 - INFO: Training ROC-AUC: 0.385185
2025-04-24 13:57:00,559 - INFO: Validation ROC-AUC: 0.434364
2025-04-24 13:57:13,135 - INFO: Evaluating at iteration 49616
2025-04-24 13:57:13,253 - INFO: Loss: 0.390534
2025-04-24 13:57:13,253 - INFO: Training ROC-AUC: 0.703704
2025-04-24 13:57:13,253 - INFO: Validation ROC-AUC: 0.433665
2025-04-24 13:57:25,783 - INFO: Evaluating at iteration 50116
2025-04-24 13:57:25,905 - INFO: Loss: 0.433054
2025-04-24 13:57:25,905 - INFO: Training ROC-AUC: 0.698718
2025-04-24 13:57:25,905 - INFO: Validation ROC-AUC: 0.433522
2025-04-24 13:57:38,480 - INFO: Evaluating at iteration 50616
2025-04-24 13:57:38,598 - INFO: Loss: 0.382689
2025-04-24 13:57:38,598 - INFO: Training ROC-AUC: 0.925926
2025-04-24 13:57:38,598 - INFO: Validation ROC-AUC: 0.432679
2025-04-24 13:57:51,132 - INFO: Evaluating at iteration 51116
2025-04-24 13:57:51,247 - INFO: Loss: 0.460743
2025-04-24 13:57:51,247 - INFO: Training ROC-AUC: 0.288889
2025-04-24 13:57:51,247 - INFO: Validation ROC-AUC: 0.432803
2025-04-24 13:58:03,835 - INFO: Evaluating at iteration 51616
2025-04-24 13:58:03,950 - INFO: Loss: 0.402090
2025-04-24 13:58:03,950 - INFO: Training ROC-AUC: 0.807407
2025-04-24 13:58:03,950 - INFO: Validation ROC-AUC: 0.431824
2025-04-24 13:58:06,072 - INFO: Starting epoch 21
2025-04-24 13:58:06,098 - INFO: Evaluating at iteration 51701
2025-04-24 13:58:06,213 - INFO: Loss: 0.590611
2025-04-24 13:58:06,213 - INFO: Training ROC-AUC: 0.724638
2025-04-24 13:58:06,213 - INFO: Validation ROC-AUC: 0.431902
2025-04-24 13:58:18,826 - INFO: Evaluating at iteration 52201
2025-04-24 13:58:18,949 - INFO: Loss: 0.288195
2025-04-24 13:58:18,949 - INFO: Training ROC-AUC: 0.400000
2025-04-24 13:58:18,949 - INFO: Validation ROC-AUC: 0.431660
2025-04-24 13:58:31,517 - INFO: Evaluating at iteration 52701
2025-04-24 13:58:31,632 - INFO: Loss: 0.376192
2025-04-24 13:58:31,632 - INFO: Training ROC-AUC: 0.544643
2025-04-24 13:58:31,632 - INFO: Validation ROC-AUC: 0.431657
2025-04-24 13:58:44,236 - INFO: Evaluating at iteration 53201
2025-04-24 13:58:44,351 - INFO: Loss: 0.518327
2025-04-24 13:58:44,351 - INFO: Training ROC-AUC: 0.554286
2025-04-24 13:58:44,351 - INFO: Validation ROC-AUC: 0.431033
2025-04-24 13:58:56,913 - INFO: Evaluating at iteration 53701
2025-04-24 13:58:57,029 - INFO: Loss: 0.460223
2025-04-24 13:58:57,029 - INFO: Training ROC-AUC: 0.647436
2025-04-24 13:58:57,029 - INFO: Validation ROC-AUC: 0.430106
2025-04-24 13:59:09,619 - INFO: Evaluating at iteration 54201
2025-04-24 13:59:09,736 - INFO: Loss: 0.410514
2025-04-24 13:59:09,736 - INFO: Training ROC-AUC: 0.748148
2025-04-24 13:59:09,736 - INFO: Validation ROC-AUC: 0.430002
2025-04-24 13:59:11,857 - INFO: Starting epoch 22
2025-04-24 13:59:11,885 - INFO: Evaluating at iteration 54286
2025-04-24 13:59:12,002 - INFO: Loss: 0.447492
2025-04-24 13:59:12,002 - INFO: Training ROC-AUC: 0.647436
2025-04-24 13:59:12,002 - INFO: Validation ROC-AUC: 0.429649
2025-04-24 13:59:24,610 - INFO: Evaluating at iteration 54786
2025-04-24 13:59:24,730 - INFO: Loss: 0.487723
2025-04-24 13:59:24,730 - INFO: Training ROC-AUC: 0.748571
2025-04-24 13:59:24,730 - INFO: Validation ROC-AUC: 0.428669
2025-04-24 13:59:37,315 - INFO: Evaluating at iteration 55286
2025-04-24 13:59:37,432 - INFO: Loss: 0.561318
2025-04-24 13:59:37,432 - INFO: Training ROC-AUC: 0.394286
2025-04-24 13:59:37,432 - INFO: Validation ROC-AUC: 0.428878
2025-04-24 13:59:50,053 - INFO: Evaluating at iteration 55786
2025-04-24 13:59:50,168 - INFO: Loss: 0.353096
2025-04-24 13:59:50,168 - INFO: Training ROC-AUC: 0.696429
2025-04-24 13:59:50,169 - INFO: Validation ROC-AUC: 0.428611
2025-04-24 14:00:02,783 - INFO: Evaluating at iteration 56286
2025-04-24 14:00:02,898 - INFO: Loss: 0.405988
2025-04-24 14:00:02,899 - INFO: Training ROC-AUC: 0.366071
2025-04-24 14:00:02,899 - INFO: Validation ROC-AUC: 0.428813
2025-04-24 14:00:15,531 - INFO: Evaluating at iteration 56786
2025-04-24 14:00:15,653 - INFO: Loss: 0.449059
2025-04-24 14:00:15,653 - INFO: Training ROC-AUC: 0.743590
2025-04-24 14:00:15,654 - INFO: Validation ROC-AUC: 0.428434
2025-04-24 14:00:17,778 - INFO: Starting epoch 23
2025-04-24 14:00:17,804 - INFO: Evaluating at iteration 56871
2025-04-24 14:00:17,922 - INFO: Loss: 0.282388
2025-04-24 14:00:17,922 - INFO: Training ROC-AUC: 0.988506
2025-04-24 14:00:17,922 - INFO: Validation ROC-AUC: 0.428258
2025-04-24 14:00:30,583 - INFO: Evaluating at iteration 57371
2025-04-24 14:00:30,699 - INFO: Loss: 0.784897
2025-04-24 14:00:30,699 - INFO: Training ROC-AUC: 0.659919
2025-04-24 14:00:30,699 - INFO: Validation ROC-AUC: 0.428297
2025-04-24 14:00:43,307 - INFO: Evaluating at iteration 57871
2025-04-24 14:00:43,422 - INFO: Loss: 0.248008
2025-04-24 14:00:43,422 - INFO: Training ROC-AUC: 0.566667
2025-04-24 14:00:43,422 - INFO: Validation ROC-AUC: 0.427527
2025-04-24 14:00:56,048 - INFO: Evaluating at iteration 58371
2025-04-24 14:00:56,163 - INFO: Loss: 0.337601
2025-04-24 14:00:56,163 - INFO: Training ROC-AUC: 0.310345
2025-04-24 14:00:56,163 - INFO: Validation ROC-AUC: 0.427611
2025-04-24 14:01:08,891 - INFO: Evaluating at iteration 58871
2025-04-24 14:01:09,009 - INFO: Loss: 0.475508
2025-04-24 14:01:09,009 - INFO: Training ROC-AUC: 0.777143
2025-04-24 14:01:09,009 - INFO: Validation ROC-AUC: 0.426704
2025-04-24 14:01:21,950 - INFO: Evaluating at iteration 59371
2025-04-24 14:01:22,070 - INFO: Loss: 0.479781
2025-04-24 14:01:22,070 - INFO: Training ROC-AUC: 0.596154
2025-04-24 14:01:22,070 - INFO: Validation ROC-AUC: 0.426769
2025-04-24 14:01:24,196 - INFO: Starting epoch 24
2025-04-24 14:01:24,223 - INFO: Evaluating at iteration 59456
2025-04-24 14:01:24,338 - INFO: Loss: 0.346650
2025-04-24 14:01:24,338 - INFO: Training ROC-AUC: 0.333333
2025-04-24 14:01:24,338 - INFO: Validation ROC-AUC: 0.426926
2025-04-24 14:01:36,974 - INFO: Evaluating at iteration 59956
2025-04-24 14:01:37,089 - INFO: Loss: 0.424731
2025-04-24 14:01:37,089 - INFO: Training ROC-AUC: 0.511111
2025-04-24 14:01:37,089 - INFO: Validation ROC-AUC: 0.426919
2025-04-24 14:01:49,706 - INFO: Evaluating at iteration 60456
2025-04-24 14:01:49,821 - INFO: Loss: 0.585694
2025-04-24 14:01:49,821 - INFO: Training ROC-AUC: 0.809091
2025-04-24 14:01:49,821 - INFO: Validation ROC-AUC: 0.426769
2025-04-24 14:02:02,462 - INFO: Evaluating at iteration 60956
2025-04-24 14:02:02,652 - INFO: Loss: 0.326494
2025-04-24 14:02:02,671 - INFO: Training ROC-AUC: 0.563218
2025-04-24 14:02:02,685 - INFO: Validation ROC-AUC: 0.426867
2025-04-24 14:02:15,655 - INFO: Evaluating at iteration 61456
2025-04-24 14:02:15,790 - INFO: Loss: 0.467002
2025-04-24 14:02:15,801 - INFO: Training ROC-AUC: 0.557692
2025-04-24 14:02:15,803 - INFO: Validation ROC-AUC: 0.426782
2025-04-24 14:02:28,554 - INFO: Evaluating at iteration 61956
2025-04-24 14:02:28,698 - INFO: Loss: 0.448190
2025-04-24 14:02:28,701 - INFO: Training ROC-AUC: 0.666667
2025-04-24 14:02:28,703 - INFO: Validation ROC-AUC: 0.426214
2025-04-24 14:02:30,848 - INFO: Starting epoch 25
2025-04-24 14:02:30,919 - INFO: Evaluating at iteration 62041
2025-04-24 14:02:31,037 - INFO: Loss: 0.472943
2025-04-24 14:02:31,043 - INFO: Training ROC-AUC: 0.583333
2025-04-24 14:02:31,047 - INFO: Validation ROC-AUC: 0.426181
2025-04-24 14:02:43,732 - INFO: Evaluating at iteration 62541
2025-04-24 14:02:43,877 - INFO: Loss: 0.339221
2025-04-24 14:02:43,880 - INFO: Training ROC-AUC: 0.448276
2025-04-24 14:02:43,882 - INFO: Validation ROC-AUC: 0.426358
2025-04-24 14:02:56,504 - INFO: Evaluating at iteration 63041
2025-04-24 14:02:56,652 - INFO: Loss: 0.445847
2025-04-24 14:02:56,655 - INFO: Training ROC-AUC: 0.589744
2025-04-24 14:02:56,657 - INFO: Validation ROC-AUC: 0.426589
2025-04-24 14:03:09,376 - INFO: Evaluating at iteration 63541
2025-04-24 14:03:09,524 - INFO: Loss: 0.530650
2025-04-24 14:03:09,527 - INFO: Training ROC-AUC: 0.565714
2025-04-24 14:03:09,529 - INFO: Validation ROC-AUC: 0.426005
2025-04-24 14:03:22,228 - INFO: Evaluating at iteration 64041
2025-04-24 14:03:22,382 - INFO: Loss: 0.380046
2025-04-24 14:03:22,384 - INFO: Training ROC-AUC: 0.723214
2025-04-24 14:03:22,386 - INFO: Validation ROC-AUC: 0.425646
2025-04-24 14:03:35,098 - INFO: Evaluating at iteration 64541
2025-04-24 14:03:35,250 - INFO: Loss: 0.416630
2025-04-24 14:03:35,256 - INFO: Training ROC-AUC: 0.622222
2025-04-24 14:03:35,261 - INFO: Validation ROC-AUC: 0.425822
2025-04-24 14:03:37,411 - INFO: Saving model to models/TCRStructMap_contact_probabilities/model_1.pt
2025-04-24 14:03:37,480 - INFO: Starting fold 2
2025-04-24 14:03:37,520 - INFO: Initialising model
2025-04-24 14:03:37,584 - INFO: Starting training
2025-04-24 14:03:37,598 - INFO: Starting epoch 1
2025-04-24 14:03:37,658 - INFO: Evaluating at iteration 1
2025-04-24 14:03:37,976 - INFO: Loss: 0.687967
2025-04-24 14:03:37,987 - INFO: Training ROC-AUC: 0.600000
2025-04-24 14:03:37,998 - INFO: Validation ROC-AUC: 0.526829
2025-04-24 14:03:48,298 - INFO: Evaluating at iteration 501
2025-04-24 14:03:48,612 - INFO: Loss: 0.528676
2025-04-24 14:03:48,614 - INFO: Training ROC-AUC: 0.628571
2025-04-24 14:03:48,616 - INFO: Validation ROC-AUC: 0.537136
2025-04-24 14:03:59,463 - INFO: Evaluating at iteration 1001
2025-04-24 14:03:59,767 - INFO: Loss: 0.525323
2025-04-24 14:03:59,769 - INFO: Training ROC-AUC: 0.617143
2025-04-24 14:03:59,774 - INFO: Validation ROC-AUC: 0.541664
2025-04-24 14:04:10,610 - INFO: Evaluating at iteration 1501
2025-04-24 14:04:13,411 - INFO: Loss: 0.432584
2025-04-24 14:04:13,419 - INFO: Training ROC-AUC: 0.622222
2025-04-24 14:04:13,425 - INFO: Validation ROC-AUC: 0.537817
2025-04-24 14:04:24,360 - INFO: Evaluating at iteration 2001
2025-04-24 14:04:24,662 - INFO: Loss: 0.376189
2025-04-24 14:04:24,670 - INFO: Training ROC-AUC: 0.758929
2025-04-24 14:04:24,672 - INFO: Validation ROC-AUC: 0.522080
2025-04-24 14:04:35,559 - INFO: Evaluating at iteration 2501
2025-04-24 14:04:35,874 - INFO: Loss: 0.335439
2025-04-24 14:04:35,877 - INFO: Training ROC-AUC: 0.482759
2025-04-24 14:04:35,880 - INFO: Validation ROC-AUC: 0.516024
2025-04-24 14:04:36,669 - INFO: Starting epoch 2
2025-04-24 14:04:36,703 - INFO: Evaluating at iteration 2538
2025-04-24 14:04:36,979 - INFO: Loss: 0.485474
2025-04-24 14:04:36,981 - INFO: Training ROC-AUC: 0.589744
2025-04-24 14:04:36,983 - INFO: Validation ROC-AUC: 0.517782
2025-04-24 14:04:47,910 - INFO: Evaluating at iteration 3038
2025-04-24 14:04:48,235 - INFO: Loss: 0.484664
2025-04-24 14:04:48,238 - INFO: Training ROC-AUC: 0.487179
2025-04-24 14:04:48,240 - INFO: Validation ROC-AUC: 0.493284
2025-04-24 14:04:59,082 - INFO: Evaluating at iteration 3538
2025-04-24 14:04:59,394 - INFO: Loss: 0.346413
2025-04-24 14:04:59,398 - INFO: Training ROC-AUC: 0.448276
2025-04-24 14:04:59,400 - INFO: Validation ROC-AUC: 0.477597
2025-04-24 14:05:10,258 - INFO: Evaluating at iteration 4038
2025-04-24 14:05:10,558 - INFO: Loss: 0.385227
2025-04-24 14:05:10,560 - INFO: Training ROC-AUC: 0.553571
2025-04-24 14:05:10,563 - INFO: Validation ROC-AUC: 0.475122
2025-04-24 14:05:21,402 - INFO: Evaluating at iteration 4538
2025-04-24 14:05:21,734 - INFO: Loss: 0.228561
2025-04-24 14:05:21,737 - INFO: Training ROC-AUC: 0.322581
2025-04-24 14:05:21,740 - INFO: Validation ROC-AUC: 0.469221
2025-04-24 14:05:32,596 - INFO: Evaluating at iteration 5038
2025-04-24 14:05:32,897 - INFO: Loss: 0.340514
2025-04-24 14:05:32,900 - INFO: Training ROC-AUC: 0.287356
2025-04-24 14:05:32,903 - INFO: Validation ROC-AUC: 0.468514
2025-04-24 14:05:33,690 - INFO: Starting epoch 3
2025-04-24 14:05:33,717 - INFO: Evaluating at iteration 5075
2025-04-24 14:05:33,990 - INFO: Loss: 0.480786
2025-04-24 14:05:33,992 - INFO: Training ROC-AUC: 0.570513
2025-04-24 14:05:33,995 - INFO: Validation ROC-AUC: 0.468010
2025-04-24 14:05:44,843 - INFO: Evaluating at iteration 5575
2025-04-24 14:05:45,151 - INFO: Loss: 0.253935
2025-04-24 14:05:45,153 - INFO: Training ROC-AUC: 1.000000
2025-04-24 14:05:45,156 - INFO: Validation ROC-AUC: 0.464722
2025-04-24 14:05:55,963 - INFO: Evaluating at iteration 6075
2025-04-24 14:05:56,255 - INFO: Loss: 0.289276
2025-04-24 14:05:56,258 - INFO: Training ROC-AUC: 0.433333
2025-04-24 14:05:56,264 - INFO: Validation ROC-AUC: 0.463204
2025-04-24 14:06:07,133 - INFO: Evaluating at iteration 6575
2025-04-24 14:06:07,452 - INFO: Loss: 0.578836
2025-04-24 14:06:07,454 - INFO: Training ROC-AUC: 0.552083
2025-04-24 14:06:07,456 - INFO: Validation ROC-AUC: 0.461879
2025-04-24 14:06:18,594 - INFO: Evaluating at iteration 7075
2025-04-24 14:06:18,891 - INFO: Loss: 0.321528
2025-04-24 14:06:18,894 - INFO: Training ROC-AUC: 0.632184
2025-04-24 14:06:18,896 - INFO: Validation ROC-AUC: 0.464793
2025-04-24 14:06:29,768 - INFO: Evaluating at iteration 7575
2025-04-24 14:06:30,088 - INFO: Loss: 0.534363
2025-04-24 14:06:30,091 - INFO: Training ROC-AUC: 0.514286
2025-04-24 14:06:30,093 - INFO: Validation ROC-AUC: 0.462396
2025-04-24 14:06:30,871 - INFO: Starting epoch 4
2025-04-24 14:06:30,902 - INFO: Evaluating at iteration 7612
2025-04-24 14:06:31,189 - INFO: Loss: 0.529409
2025-04-24 14:06:31,192 - INFO: Training ROC-AUC: 0.554286
2025-04-24 14:06:31,194 - INFO: Validation ROC-AUC: 0.462165
2025-04-24 14:06:42,034 - INFO: Evaluating at iteration 8112
2025-04-24 14:06:42,338 - INFO: Loss: 0.388393
2025-04-24 14:06:42,341 - INFO: Training ROC-AUC: 0.303571
2025-04-24 14:06:42,343 - INFO: Validation ROC-AUC: 0.462062
2025-04-24 14:06:53,173 - INFO: Evaluating at iteration 8612
2025-04-24 14:06:53,475 - INFO: Loss: 0.328881
2025-04-24 14:06:53,478 - INFO: Training ROC-AUC: 0.528736
2025-04-24 14:06:53,481 - INFO: Validation ROC-AUC: 0.459524
2025-04-24 14:07:04,378 - INFO: Evaluating at iteration 9112
2025-04-24 14:07:04,682 - INFO: Loss: 0.588008
2025-04-24 14:07:04,685 - INFO: Training ROC-AUC: 0.536458
2025-04-24 14:07:04,687 - INFO: Validation ROC-AUC: 0.460336
2025-04-24 14:07:15,546 - INFO: Evaluating at iteration 9612
2025-04-24 14:07:15,854 - INFO: Loss: 0.435036
2025-04-24 14:07:15,857 - INFO: Training ROC-AUC: 0.570370
2025-04-24 14:07:15,859 - INFO: Validation ROC-AUC: 0.461263
2025-04-24 14:07:26,694 - INFO: Evaluating at iteration 10112
2025-04-24 14:07:27,003 - INFO: Loss: 0.539749
2025-04-24 14:07:27,005 - INFO: Training ROC-AUC: 0.388571
2025-04-24 14:07:27,008 - INFO: Validation ROC-AUC: 0.461001
2025-04-24 14:07:27,807 - INFO: Starting epoch 5
2025-04-24 14:07:27,839 - INFO: Evaluating at iteration 10149
2025-04-24 14:07:28,114 - INFO: Loss: 0.383317
2025-04-24 14:07:28,118 - INFO: Training ROC-AUC: 0.500000
2025-04-24 14:07:28,121 - INFO: Validation ROC-AUC: 0.460640
2025-04-24 14:07:38,990 - INFO: Evaluating at iteration 10649
2025-04-24 14:07:39,337 - INFO: Loss: 0.275620
2025-04-24 14:07:39,340 - INFO: Training ROC-AUC: 0.483333
2025-04-24 14:07:39,342 - INFO: Validation ROC-AUC: 0.461118
2025-04-24 14:07:50,190 - INFO: Evaluating at iteration 11149
2025-04-24 14:07:50,507 - INFO: Loss: 0.383472
2025-04-24 14:07:50,515 - INFO: Training ROC-AUC: 0.544643
2025-04-24 14:07:50,521 - INFO: Validation ROC-AUC: 0.459501
2025-04-24 14:08:01,417 - INFO: Evaluating at iteration 11649
2025-04-24 14:08:01,732 - INFO: Loss: 0.528517
2025-04-24 14:08:01,736 - INFO: Training ROC-AUC: 0.508571
2025-04-24 14:08:01,739 - INFO: Validation ROC-AUC: 0.460658
2025-04-24 14:08:12,583 - INFO: Evaluating at iteration 12149
2025-04-24 14:08:12,898 - INFO: Loss: 0.376070
2025-04-24 14:08:12,900 - INFO: Training ROC-AUC: 0.651786
2025-04-24 14:08:12,902 - INFO: Validation ROC-AUC: 0.460012
2025-04-24 14:08:23,771 - INFO: Evaluating at iteration 12649
2025-04-24 14:08:24,071 - INFO: Loss: 0.433741
2025-04-24 14:08:24,074 - INFO: Training ROC-AUC: 0.629630
2025-04-24 14:08:24,077 - INFO: Validation ROC-AUC: 0.459092
2025-04-24 14:08:24,876 - INFO: Starting epoch 6
2025-04-24 14:08:24,902 - INFO: Evaluating at iteration 12686
2025-04-24 14:08:25,179 - INFO: Loss: 0.290786
2025-04-24 14:08:25,181 - INFO: Training ROC-AUC: 0.166667
2025-04-24 14:08:25,184 - INFO: Validation ROC-AUC: 0.459393
2025-04-24 14:08:36,072 - INFO: Evaluating at iteration 13186
2025-04-24 14:08:36,373 - INFO: Loss: 0.487912
2025-04-24 14:08:36,396 - INFO: Training ROC-AUC: 0.544872
2025-04-24 14:08:36,398 - INFO: Validation ROC-AUC: 0.460127
2025-04-24 14:08:47,372 - INFO: Evaluating at iteration 13686
2025-04-24 14:08:47,676 - INFO: Loss: 0.332709
2025-04-24 14:08:47,680 - INFO: Training ROC-AUC: 0.425287
2025-04-24 14:08:47,682 - INFO: Validation ROC-AUC: 0.459971
2025-04-24 14:08:58,605 - INFO: Evaluating at iteration 14186
2025-04-24 14:08:58,913 - INFO: Loss: 0.544476
2025-04-24 14:08:58,916 - INFO: Training ROC-AUC: 0.234286
2025-04-24 14:08:58,919 - INFO: Validation ROC-AUC: 0.459159
2025-04-24 14:09:09,791 - INFO: Evaluating at iteration 14686
2025-04-24 14:09:10,088 - INFO: Loss: 0.477268
2025-04-24 14:09:10,090 - INFO: Training ROC-AUC: 0.679487
2025-04-24 14:09:10,093 - INFO: Validation ROC-AUC: 0.459162
2025-04-24 14:09:20,981 - INFO: Evaluating at iteration 15186
2025-04-24 14:09:21,288 - INFO: Loss: 0.592951
2025-04-24 14:09:21,291 - INFO: Training ROC-AUC: 0.270833
2025-04-24 14:09:21,294 - INFO: Validation ROC-AUC: 0.458612
2025-04-24 14:09:22,085 - INFO: Starting epoch 7
2025-04-24 14:09:22,112 - INFO: Evaluating at iteration 15223
2025-04-24 14:09:22,390 - INFO: Loss: 0.385062
2025-04-24 14:09:22,394 - INFO: Training ROC-AUC: 0.571429
2025-04-24 14:09:22,397 - INFO: Validation ROC-AUC: 0.458798
2025-04-24 14:09:33,288 - INFO: Evaluating at iteration 15723
2025-04-24 14:09:33,586 - INFO: Loss: 0.575906
2025-04-24 14:09:33,588 - INFO: Training ROC-AUC: 0.703125
2025-04-24 14:09:33,591 - INFO: Validation ROC-AUC: 0.457769
2025-04-24 14:09:44,498 - INFO: Evaluating at iteration 16223
2025-04-24 14:09:44,814 - INFO: Loss: 0.639202
2025-04-24 14:09:44,816 - INFO: Training ROC-AUC: 0.492754
2025-04-24 14:09:44,819 - INFO: Validation ROC-AUC: 0.457382
2025-04-24 14:09:55,782 - INFO: Evaluating at iteration 16723
2025-04-24 14:09:56,088 - INFO: Loss: 0.532871
2025-04-24 14:09:56,091 - INFO: Training ROC-AUC: 0.371429
2025-04-24 14:09:56,093 - INFO: Validation ROC-AUC: 0.457588
2025-04-24 14:10:07,011 - INFO: Evaluating at iteration 17223
2025-04-24 14:10:07,319 - INFO: Loss: 0.526136
2025-04-24 14:10:07,328 - INFO: Training ROC-AUC: 0.582857
2025-04-24 14:10:07,336 - INFO: Validation ROC-AUC: 0.458077
2025-04-24 14:10:18,349 - INFO: Evaluating at iteration 17723
2025-04-24 14:10:18,647 - INFO: Loss: 0.535750
2025-04-24 14:10:18,650 - INFO: Training ROC-AUC: 0.451429
2025-04-24 14:10:18,652 - INFO: Validation ROC-AUC: 0.457876
2025-04-24 14:10:19,434 - INFO: Starting epoch 8
2025-04-24 14:10:19,460 - INFO: Evaluating at iteration 17760
2025-04-24 14:10:19,736 - INFO: Loss: 0.491407
2025-04-24 14:10:19,740 - INFO: Training ROC-AUC: 0.500000
2025-04-24 14:10:19,742 - INFO: Validation ROC-AUC: 0.458135
2025-04-24 14:10:30,962 - INFO: Evaluating at iteration 18260
2025-04-24 14:10:31,267 - INFO: Loss: 0.580948
2025-04-24 14:10:31,269 - INFO: Training ROC-AUC: 0.630208
2025-04-24 14:10:31,272 - INFO: Validation ROC-AUC: 0.457559
2025-04-24 14:10:42,188 - INFO: Evaluating at iteration 18760
2025-04-24 14:10:42,530 - INFO: Loss: 0.385012
2025-04-24 14:10:42,533 - INFO: Training ROC-AUC: 0.678571
2025-04-24 14:10:42,536 - INFO: Validation ROC-AUC: 0.456951
2025-04-24 14:10:53,432 - INFO: Evaluating at iteration 19260
2025-04-24 14:10:53,758 - INFO: Loss: 0.479580
2025-04-24 14:10:53,760 - INFO: Training ROC-AUC: 0.608974
2025-04-24 14:10:53,762 - INFO: Validation ROC-AUC: 0.456975
2025-04-24 14:11:04,724 - INFO: Evaluating at iteration 19760
2025-04-24 14:11:05,029 - INFO: Loss: 0.630833
2025-04-24 14:11:05,033 - INFO: Training ROC-AUC: 0.753623
2025-04-24 14:11:05,035 - INFO: Validation ROC-AUC: 0.456847
2025-04-24 14:11:16,004 - INFO: Evaluating at iteration 20260
2025-04-24 14:11:16,307 - INFO: Loss: 0.433307
2025-04-24 14:11:16,319 - INFO: Training ROC-AUC: 0.496296
2025-04-24 14:11:16,332 - INFO: Validation ROC-AUC: 0.457599
2025-04-24 14:11:17,143 - INFO: Starting epoch 9
2025-04-24 14:11:17,190 - INFO: Evaluating at iteration 20297
2025-04-24 14:11:17,487 - INFO: Loss: 0.423731
2025-04-24 14:11:17,499 - INFO: Training ROC-AUC: 0.800000
2025-04-24 14:11:17,510 - INFO: Validation ROC-AUC: 0.457471
2025-04-24 14:11:28,486 - INFO: Evaluating at iteration 20797
2025-04-24 14:11:28,811 - INFO: Loss: 0.577407
2025-04-24 14:11:28,813 - INFO: Training ROC-AUC: 0.666667
2025-04-24 14:11:28,815 - INFO: Validation ROC-AUC: 0.456988
2025-04-24 14:11:39,700 - INFO: Evaluating at iteration 21297
2025-04-24 14:11:40,011 - INFO: Loss: 0.399726
2025-04-24 14:11:40,013 - INFO: Training ROC-AUC: 0.285714
2025-04-24 14:11:40,015 - INFO: Validation ROC-AUC: 0.457137
2025-04-24 14:11:50,960 - INFO: Evaluating at iteration 21797
2025-04-24 14:11:51,302 - INFO: Loss: 0.334706
2025-04-24 14:11:51,302 - INFO: Training ROC-AUC: 0.678161
2025-04-24 14:11:51,303 - INFO: Validation ROC-AUC: 0.457298
2025-04-24 14:12:02,257 - INFO: Evaluating at iteration 22297
2025-04-24 14:12:02,530 - INFO: Loss: 0.385876
2025-04-24 14:12:02,530 - INFO: Training ROC-AUC: 0.482143
2025-04-24 14:12:02,531 - INFO: Validation ROC-AUC: 0.457185
2025-04-24 14:12:13,450 - INFO: Evaluating at iteration 22797
2025-04-24 14:12:13,724 - INFO: Loss: 0.426899
2025-04-24 14:12:13,724 - INFO: Training ROC-AUC: 0.622222
2025-04-24 14:12:13,724 - INFO: Validation ROC-AUC: 0.456866
2025-04-24 14:12:14,508 - INFO: Starting epoch 10
2025-04-24 14:12:14,531 - INFO: Evaluating at iteration 22834
2025-04-24 14:12:14,802 - INFO: Loss: 0.288131
2025-04-24 14:12:14,802 - INFO: Training ROC-AUC: 0.250000
2025-04-24 14:12:14,802 - INFO: Validation ROC-AUC: 0.456939
2025-04-24 14:12:25,701 - INFO: Evaluating at iteration 23334
2025-04-24 14:12:25,980 - INFO: Loss: 0.518016
2025-04-24 14:12:25,980 - INFO: Training ROC-AUC: 0.680000
2025-04-24 14:12:25,980 - INFO: Validation ROC-AUC: 0.457114
2025-04-24 14:12:36,872 - INFO: Evaluating at iteration 23834
2025-04-24 14:12:37,144 - INFO: Loss: 0.434027
2025-04-24 14:12:37,144 - INFO: Training ROC-AUC: 0.555556
2025-04-24 14:12:37,144 - INFO: Validation ROC-AUC: 0.457236
2025-04-24 14:12:48,053 - INFO: Evaluating at iteration 24334
2025-04-24 14:12:48,325 - INFO: Loss: 0.532264
2025-04-24 14:12:48,325 - INFO: Training ROC-AUC: 0.502857
2025-04-24 14:12:48,325 - INFO: Validation ROC-AUC: 0.456959
2025-04-24 14:12:59,212 - INFO: Evaluating at iteration 24834
2025-04-24 14:12:59,484 - INFO: Loss: 0.523274
2025-04-24 14:12:59,484 - INFO: Training ROC-AUC: 0.611429
2025-04-24 14:12:59,484 - INFO: Validation ROC-AUC: 0.456693
2025-04-24 14:13:10,377 - INFO: Evaluating at iteration 25334
2025-04-24 14:13:10,651 - INFO: Loss: 0.418464
2025-04-24 14:13:10,651 - INFO: Training ROC-AUC: 0.800000
2025-04-24 14:13:10,652 - INFO: Validation ROC-AUC: 0.455966
2025-04-24 14:13:11,436 - INFO: Starting epoch 11
2025-04-24 14:13:11,459 - INFO: Evaluating at iteration 25371
2025-04-24 14:13:11,734 - INFO: Loss: 0.311531
2025-04-24 14:13:11,734 - INFO: Training ROC-AUC: 0.766667
2025-04-24 14:13:11,734 - INFO: Validation ROC-AUC: 0.456160
2025-04-24 14:13:22,637 - INFO: Evaluating at iteration 25871
2025-04-24 14:13:22,918 - INFO: Loss: 0.444614
2025-04-24 14:13:22,918 - INFO: Training ROC-AUC: 0.311111
2025-04-24 14:13:22,918 - INFO: Validation ROC-AUC: 0.455823
2025-04-24 14:13:33,793 - INFO: Evaluating at iteration 26371
2025-04-24 14:13:34,069 - INFO: Loss: 0.516289
2025-04-24 14:13:34,069 - INFO: Training ROC-AUC: 0.765714
2025-04-24 14:13:34,069 - INFO: Validation ROC-AUC: 0.455169
2025-04-24 14:13:44,993 - INFO: Evaluating at iteration 26871
2025-04-24 14:13:45,267 - INFO: Loss: 0.481232
2025-04-24 14:13:45,267 - INFO: Training ROC-AUC: 0.589744
2025-04-24 14:13:45,267 - INFO: Validation ROC-AUC: 0.455296
2025-04-24 14:13:56,143 - INFO: Evaluating at iteration 27371
2025-04-24 14:13:56,418 - INFO: Loss: 0.417171
2025-04-24 14:13:56,418 - INFO: Training ROC-AUC: 0.681481
2025-04-24 14:13:56,418 - INFO: Validation ROC-AUC: 0.455098
2025-04-24 14:14:07,343 - INFO: Evaluating at iteration 27871
2025-04-24 14:14:07,620 - INFO: Loss: 0.371846
2025-04-24 14:14:07,620 - INFO: Training ROC-AUC: 0.866071
2025-04-24 14:14:07,620 - INFO: Validation ROC-AUC: 0.455585
2025-04-24 14:14:08,405 - INFO: Starting epoch 12
2025-04-24 14:14:08,429 - INFO: Evaluating at iteration 27908
2025-04-24 14:14:08,701 - INFO: Loss: 0.628763
2025-04-24 14:14:08,701 - INFO: Training ROC-AUC: 0.647343
2025-04-24 14:14:08,701 - INFO: Validation ROC-AUC: 0.455666
2025-04-24 14:14:19,627 - INFO: Evaluating at iteration 28408
2025-04-24 14:14:19,899 - INFO: Loss: 0.434855
2025-04-24 14:14:19,899 - INFO: Training ROC-AUC: 0.496296
2025-04-24 14:14:19,899 - INFO: Validation ROC-AUC: 0.455687
2025-04-24 14:14:30,802 - INFO: Evaluating at iteration 28908
2025-04-24 14:14:31,062 - INFO: Loss: 0.485316
2025-04-24 14:14:31,062 - INFO: Training ROC-AUC: 0.532051
2025-04-24 14:14:31,062 - INFO: Validation ROC-AUC: 0.455297
2025-04-24 14:14:41,958 - INFO: Evaluating at iteration 29408
2025-04-24 14:14:42,218 - INFO: Loss: 0.435021
2025-04-24 14:14:42,218 - INFO: Training ROC-AUC: 0.474074
2025-04-24 14:14:42,218 - INFO: Validation ROC-AUC: 0.455407
2025-04-24 14:14:53,092 - INFO: Evaluating at iteration 29908
2025-04-24 14:14:53,366 - INFO: Loss: 0.673379
2025-04-24 14:14:53,366 - INFO: Training ROC-AUC: 0.759091
2025-04-24 14:14:53,366 - INFO: Validation ROC-AUC: 0.455048
2025-04-24 14:15:04,287 - INFO: Evaluating at iteration 30408
2025-04-24 14:15:04,568 - INFO: Loss: 0.479400
2025-04-24 14:15:04,568 - INFO: Training ROC-AUC: 0.660256
2025-04-24 14:15:04,568 - INFO: Validation ROC-AUC: 0.454894
2025-04-24 14:15:05,355 - INFO: Starting epoch 13
2025-04-24 14:15:05,379 - INFO: Evaluating at iteration 30445
2025-04-24 14:15:05,648 - INFO: Loss: 0.506794
2025-04-24 14:15:05,648 - INFO: Training ROC-AUC: 0.668571
2025-04-24 14:15:05,648 - INFO: Validation ROC-AUC: 0.455017
2025-04-24 14:15:16,582 - INFO: Evaluating at iteration 30945
2025-04-24 14:15:16,854 - INFO: Loss: 0.548605
2025-04-24 14:15:16,854 - INFO: Training ROC-AUC: 0.565714
2025-04-24 14:15:16,854 - INFO: Validation ROC-AUC: 0.454993
2025-04-24 14:15:27,733 - INFO: Evaluating at iteration 31445
2025-04-24 14:15:28,007 - INFO: Loss: 0.373522
2025-04-24 14:15:28,007 - INFO: Training ROC-AUC: 0.705357
2025-04-24 14:15:28,007 - INFO: Validation ROC-AUC: 0.454367
2025-04-24 14:15:38,910 - INFO: Evaluating at iteration 31945
2025-04-24 14:15:39,186 - INFO: Loss: 0.604997
2025-04-24 14:15:39,186 - INFO: Training ROC-AUC: 0.676329
2025-04-24 14:15:39,186 - INFO: Validation ROC-AUC: 0.454242
2025-04-24 14:15:50,087 - INFO: Evaluating at iteration 32445
2025-04-24 14:15:50,359 - INFO: Loss: 0.298162
2025-04-24 14:15:50,359 - INFO: Training ROC-AUC: 0.416667
2025-04-24 14:15:50,359 - INFO: Validation ROC-AUC: 0.454263
2025-04-24 14:16:01,308 - INFO: Evaluating at iteration 32945
2025-04-24 14:16:01,586 - INFO: Loss: 0.431649
2025-04-24 14:16:01,586 - INFO: Training ROC-AUC: 0.600000
2025-04-24 14:16:01,586 - INFO: Validation ROC-AUC: 0.454226
2025-04-24 14:16:02,373 - INFO: Starting epoch 14
2025-04-24 14:16:02,397 - INFO: Evaluating at iteration 32982
2025-04-24 14:16:02,677 - INFO: Loss: 0.424490
2025-04-24 14:16:02,677 - INFO: Training ROC-AUC: 0.607407
2025-04-24 14:16:02,677 - INFO: Validation ROC-AUC: 0.454298
2025-04-24 14:16:13,909 - INFO: Evaluating at iteration 33482
2025-04-24 14:16:14,184 - INFO: Loss: 0.511039
2025-04-24 14:16:14,184 - INFO: Training ROC-AUC: 0.777143
2025-04-24 14:16:14,184 - INFO: Validation ROC-AUC: 0.453791
2025-04-24 14:16:25,068 - INFO: Evaluating at iteration 33982
2025-04-24 14:16:25,342 - INFO: Loss: 0.385825
2025-04-24 14:16:25,344 - INFO: Training ROC-AUC: 0.383929
2025-04-24 14:16:25,344 - INFO: Validation ROC-AUC: 0.453548
2025-04-24 14:16:36,259 - INFO: Evaluating at iteration 34482
2025-04-24 14:16:36,535 - INFO: Loss: 0.326144
2025-04-24 14:16:36,535 - INFO: Training ROC-AUC: 0.724138
2025-04-24 14:16:36,535 - INFO: Validation ROC-AUC: 0.453487
2025-04-24 14:16:47,442 - INFO: Evaluating at iteration 34982
2025-04-24 14:16:47,721 - INFO: Loss: 0.485575
2025-04-24 14:16:47,721 - INFO: Training ROC-AUC: 0.512821
2025-04-24 14:16:47,721 - INFO: Validation ROC-AUC: 0.453519
2025-04-24 14:16:58,700 - INFO: Evaluating at iteration 35482
2025-04-24 14:16:58,972 - INFO: Loss: 0.450429
2025-04-24 14:16:58,972 - INFO: Training ROC-AUC: 0.775641
2025-04-24 14:16:58,972 - INFO: Validation ROC-AUC: 0.453427
2025-04-24 14:16:59,760 - INFO: Starting epoch 15
2025-04-24 14:16:59,783 - INFO: Evaluating at iteration 35519
2025-04-24 14:17:00,055 - INFO: Loss: 0.396125
2025-04-24 14:17:00,055 - INFO: Training ROC-AUC: 0.482143
2025-04-24 14:17:00,055 - INFO: Validation ROC-AUC: 0.453460
2025-04-24 14:17:10,997 - INFO: Evaluating at iteration 36019
2025-04-24 14:17:11,269 - INFO: Loss: 0.416230
2025-04-24 14:17:11,269 - INFO: Training ROC-AUC: 0.711111
2025-04-24 14:17:11,269 - INFO: Validation ROC-AUC: 0.453942
2025-04-24 14:17:22,159 - INFO: Evaluating at iteration 36519
2025-04-24 14:17:22,432 - INFO: Loss: 0.721842
2025-04-24 14:17:22,432 - INFO: Training ROC-AUC: 0.696970
2025-04-24 14:17:22,433 - INFO: Validation ROC-AUC: 0.453627
2025-04-24 14:17:33,412 - INFO: Evaluating at iteration 37019
2025-04-24 14:17:33,685 - INFO: Loss: 0.475666
2025-04-24 14:17:33,685 - INFO: Training ROC-AUC: 0.551282
2025-04-24 14:17:33,685 - INFO: Validation ROC-AUC: 0.453198
2025-04-24 14:17:44,597 - INFO: Evaluating at iteration 37519
2025-04-24 14:17:44,877 - INFO: Loss: 0.496546
2025-04-24 14:17:44,877 - INFO: Training ROC-AUC: 0.378205
2025-04-24 14:17:44,877 - INFO: Validation ROC-AUC: 0.452997
2025-04-24 14:17:55,816 - INFO: Evaluating at iteration 38019
2025-04-24 14:17:56,090 - INFO: Loss: 0.539168
2025-04-24 14:17:56,090 - INFO: Training ROC-AUC: 0.588571
2025-04-24 14:17:56,091 - INFO: Validation ROC-AUC: 0.452738
2025-04-24 14:17:56,888 - INFO: Starting epoch 16
2025-04-24 14:17:56,911 - INFO: Evaluating at iteration 38056
2025-04-24 14:17:57,186 - INFO: Loss: 0.397989
2025-04-24 14:17:57,186 - INFO: Training ROC-AUC: 0.223214
2025-04-24 14:17:57,186 - INFO: Validation ROC-AUC: 0.452614
2025-04-24 14:18:08,107 - INFO: Evaluating at iteration 38556
2025-04-24 14:18:08,381 - INFO: Loss: 0.385785
2025-04-24 14:18:08,381 - INFO: Training ROC-AUC: 0.844444
2025-04-24 14:18:08,381 - INFO: Validation ROC-AUC: 0.452024
2025-04-24 14:18:19,294 - INFO: Evaluating at iteration 39056
2025-04-24 14:18:19,567 - INFO: Loss: 0.433505
2025-04-24 14:18:19,567 - INFO: Training ROC-AUC: 0.607407
2025-04-24 14:18:19,567 - INFO: Validation ROC-AUC: 0.452026
2025-04-24 14:18:30,550 - INFO: Evaluating at iteration 39556
2025-04-24 14:18:30,822 - INFO: Loss: 0.484947
2025-04-24 14:18:30,822 - INFO: Training ROC-AUC: 0.596154
2025-04-24 14:18:30,822 - INFO: Validation ROC-AUC: 0.452056
2025-04-24 14:18:41,844 - INFO: Evaluating at iteration 40056
2025-04-24 14:18:42,129 - INFO: Loss: 0.478751
2025-04-24 14:18:42,129 - INFO: Training ROC-AUC: 0.602564
2025-04-24 14:18:42,129 - INFO: Validation ROC-AUC: 0.451828
2025-04-24 14:18:53,188 - INFO: Evaluating at iteration 40556
2025-04-24 14:18:53,464 - INFO: Loss: 0.357647
2025-04-24 14:18:53,464 - INFO: Training ROC-AUC: 0.857143
2025-04-24 14:18:53,464 - INFO: Validation ROC-AUC: 0.452050
2025-04-24 14:18:54,252 - INFO: Starting epoch 17
2025-04-24 14:18:54,279 - INFO: Evaluating at iteration 40593
2025-04-24 14:18:54,552 - INFO: Loss: 0.463189
2025-04-24 14:18:54,552 - INFO: Training ROC-AUC: 0.237037
2025-04-24 14:18:54,552 - INFO: Validation ROC-AUC: 0.452139
2025-04-24 14:19:05,555 - INFO: Evaluating at iteration 41093
2025-04-24 14:19:05,835 - INFO: Loss: 0.470966
2025-04-24 14:19:05,835 - INFO: Training ROC-AUC: 0.608974
2025-04-24 14:19:05,835 - INFO: Validation ROC-AUC: 0.451757
2025-04-24 14:19:16,877 - INFO: Evaluating at iteration 41593
2025-04-24 14:19:17,158 - INFO: Loss: 0.545951
2025-04-24 14:19:17,158 - INFO: Training ROC-AUC: 0.645833
2025-04-24 14:19:17,158 - INFO: Validation ROC-AUC: 0.451916
2025-04-24 14:19:28,328 - INFO: Evaluating at iteration 42093
2025-04-24 14:19:28,611 - INFO: Loss: 0.542923
2025-04-24 14:19:28,612 - INFO: Training ROC-AUC: 0.697917
2025-04-24 14:19:28,612 - INFO: Validation ROC-AUC: 0.451839
2025-04-24 14:19:39,710 - INFO: Evaluating at iteration 42593
2025-04-24 14:19:39,981 - INFO: Loss: 0.442125
2025-04-24 14:19:39,981 - INFO: Training ROC-AUC: 0.481481
2025-04-24 14:19:39,981 - INFO: Validation ROC-AUC: 0.451633
2025-04-24 14:19:51,181 - INFO: Evaluating at iteration 43093
2025-04-24 14:19:51,454 - INFO: Loss: 0.560024
2025-04-24 14:19:51,454 - INFO: Training ROC-AUC: 0.635417
2025-04-24 14:19:51,454 - INFO: Validation ROC-AUC: 0.451693
2025-04-24 14:19:52,263 - INFO: Starting epoch 18
2025-04-24 14:19:52,287 - INFO: Evaluating at iteration 43130
2025-04-24 14:19:52,558 - INFO: Loss: 0.590606
2025-04-24 14:19:52,559 - INFO: Training ROC-AUC: 0.505208
2025-04-24 14:19:52,559 - INFO: Validation ROC-AUC: 0.451750
2025-04-24 14:20:03,841 - INFO: Evaluating at iteration 43630
2025-04-24 14:20:04,113 - INFO: Loss: 0.363806
2025-04-24 14:20:04,113 - INFO: Training ROC-AUC: 0.562500
2025-04-24 14:20:04,113 - INFO: Validation ROC-AUC: 0.451678
2025-04-24 14:20:15,460 - INFO: Evaluating at iteration 44130
2025-04-24 14:20:15,733 - INFO: Loss: 0.451023
2025-04-24 14:20:15,733 - INFO: Training ROC-AUC: 0.466667
2025-04-24 14:20:15,733 - INFO: Validation ROC-AUC: 0.451605
2025-04-24 14:20:27,208 - INFO: Evaluating at iteration 44630
2025-04-24 14:20:27,486 - INFO: Loss: 0.395542
2025-04-24 14:20:27,486 - INFO: Training ROC-AUC: 0.410714
2025-04-24 14:20:27,486 - INFO: Validation ROC-AUC: 0.451671
2025-04-24 14:20:39,004 - INFO: Evaluating at iteration 45130
2025-04-24 14:20:39,277 - INFO: Loss: 0.720527
2025-04-24 14:20:39,277 - INFO: Training ROC-AUC: 0.577273
2025-04-24 14:20:39,277 - INFO: Validation ROC-AUC: 0.451615
2025-04-24 14:20:50,904 - INFO: Evaluating at iteration 45630
2025-04-24 14:20:51,176 - INFO: Loss: 0.361242
2025-04-24 14:20:51,176 - INFO: Training ROC-AUC: 0.732143
2025-04-24 14:20:51,176 - INFO: Validation ROC-AUC: 0.451677
2025-04-24 14:20:52,011 - INFO: Starting epoch 19
2025-04-24 14:20:52,036 - INFO: Evaluating at iteration 45667
2025-04-24 14:20:52,313 - INFO: Loss: 0.403584
2025-04-24 14:20:52,313 - INFO: Training ROC-AUC: 0.762963
2025-04-24 14:20:52,313 - INFO: Validation ROC-AUC: 0.451708
2025-04-24 14:21:04,056 - INFO: Evaluating at iteration 46167
2025-04-24 14:21:04,329 - INFO: Loss: 0.291307
2025-04-24 14:21:04,329 - INFO: Training ROC-AUC: 0.550000
2025-04-24 14:21:04,329 - INFO: Validation ROC-AUC: 0.452083
2025-04-24 14:21:16,317 - INFO: Evaluating at iteration 46667
2025-04-24 14:21:16,615 - INFO: Loss: 0.508094
2025-04-24 14:21:16,615 - INFO: Training ROC-AUC: 0.770833
2025-04-24 14:21:16,616 - INFO: Validation ROC-AUC: 0.452187
2025-04-24 14:21:28,683 - INFO: Evaluating at iteration 47167
2025-04-24 14:21:28,952 - INFO: Loss: 0.576697
2025-04-24 14:21:28,952 - INFO: Training ROC-AUC: 0.671498
2025-04-24 14:21:28,952 - INFO: Validation ROC-AUC: 0.452000
2025-04-24 14:21:40,799 - INFO: Evaluating at iteration 47667
2025-04-24 14:21:41,072 - INFO: Loss: 0.685442
2025-04-24 14:21:41,072 - INFO: Training ROC-AUC: 0.342995
2025-04-24 14:21:41,072 - INFO: Validation ROC-AUC: 0.451998
2025-04-24 14:21:53,023 - INFO: Evaluating at iteration 48167
2025-04-24 14:21:53,284 - INFO: Loss: 0.429647
2025-04-24 14:21:53,284 - INFO: Training ROC-AUC: 0.548148
2025-04-24 14:21:53,284 - INFO: Validation ROC-AUC: 0.452426
2025-04-24 14:21:54,140 - INFO: Starting epoch 20
2025-04-24 14:21:54,165 - INFO: Evaluating at iteration 48204
2025-04-24 14:21:54,426 - INFO: Loss: 0.409569
2025-04-24 14:21:54,426 - INFO: Training ROC-AUC: 0.629630
2025-04-24 14:21:54,426 - INFO: Validation ROC-AUC: 0.452305
2025-04-24 14:22:06,366 - INFO: Evaluating at iteration 48704
2025-04-24 14:22:06,635 - INFO: Loss: 0.487636
2025-04-24 14:22:06,635 - INFO: Training ROC-AUC: 0.662857
2025-04-24 14:22:06,635 - INFO: Validation ROC-AUC: 0.452809
2025-04-24 14:22:18,608 - INFO: Evaluating at iteration 49204
2025-04-24 14:22:18,886 - INFO: Loss: 0.674809
2025-04-24 14:22:18,886 - INFO: Training ROC-AUC: 0.640909
2025-04-24 14:22:18,886 - INFO: Validation ROC-AUC: 0.452692
2025-04-24 14:22:30,882 - INFO: Evaluating at iteration 49704
2025-04-24 14:22:31,141 - INFO: Loss: 0.384441
2025-04-24 14:22:31,141 - INFO: Training ROC-AUC: 0.718519
2025-04-24 14:22:31,141 - INFO: Validation ROC-AUC: 0.453109
2025-04-24 14:22:43,115 - INFO: Evaluating at iteration 50204
2025-04-24 14:22:43,380 - INFO: Loss: 0.272656
2025-04-24 14:22:43,380 - INFO: Training ROC-AUC: 0.908046
2025-04-24 14:22:43,380 - INFO: Validation ROC-AUC: 0.453379
2025-04-24 14:22:55,383 - INFO: Evaluating at iteration 50704
2025-04-24 14:22:55,643 - INFO: Loss: 0.506779
2025-04-24 14:22:55,643 - INFO: Training ROC-AUC: 0.662857
2025-04-24 14:22:55,643 - INFO: Validation ROC-AUC: 0.453275
2025-04-24 14:22:56,510 - INFO: Starting epoch 21
2025-04-24 14:22:56,535 - INFO: Evaluating at iteration 50741
2025-04-24 14:22:56,800 - INFO: Loss: 0.360870
2025-04-24 14:22:56,800 - INFO: Training ROC-AUC: 0.750000
2025-04-24 14:22:56,800 - INFO: Validation ROC-AUC: 0.453125
2025-04-24 14:23:08,863 - INFO: Evaluating at iteration 51241
2025-04-24 14:23:09,142 - INFO: Loss: 0.327522
2025-04-24 14:23:09,143 - INFO: Training ROC-AUC: 0.901786
2025-04-24 14:23:09,143 - INFO: Validation ROC-AUC: 0.453472
2025-04-24 14:23:21,119 - INFO: Evaluating at iteration 51741
2025-04-24 14:23:21,382 - INFO: Loss: 0.336298
2025-04-24 14:23:21,382 - INFO: Training ROC-AUC: 0.379310
2025-04-24 14:23:21,382 - INFO: Validation ROC-AUC: 0.453874
2025-04-24 14:23:33,368 - INFO: Evaluating at iteration 52241
2025-04-24 14:23:33,629 - INFO: Loss: 0.321769
2025-04-24 14:23:33,629 - INFO: Training ROC-AUC: 0.848214
2025-04-24 14:23:33,629 - INFO: Validation ROC-AUC: 0.454009
2025-04-24 14:23:45,682 - INFO: Evaluating at iteration 52741
2025-04-24 14:23:45,946 - INFO: Loss: 0.514777
2025-04-24 14:23:45,946 - INFO: Training ROC-AUC: 0.525714
2025-04-24 14:23:45,946 - INFO: Validation ROC-AUC: 0.454255
2025-04-24 14:23:57,962 - INFO: Evaluating at iteration 53241
2025-04-24 14:23:58,237 - INFO: Loss: 0.329834
2025-04-24 14:23:58,237 - INFO: Training ROC-AUC: 0.356322
2025-04-24 14:23:58,237 - INFO: Validation ROC-AUC: 0.454757
2025-04-24 14:23:59,100 - INFO: Starting epoch 22
2025-04-24 14:23:59,125 - INFO: Evaluating at iteration 53278
2025-04-24 14:23:59,388 - INFO: Loss: 0.335096
2025-04-24 14:23:59,389 - INFO: Training ROC-AUC: 0.620690
2025-04-24 14:23:59,389 - INFO: Validation ROC-AUC: 0.454643
2025-04-24 14:24:11,390 - INFO: Evaluating at iteration 53778
2025-04-24 14:24:11,662 - INFO: Loss: 0.499835
2025-04-24 14:24:11,662 - INFO: Training ROC-AUC: 0.791667
2025-04-24 14:24:11,662 - INFO: Validation ROC-AUC: 0.454761
2025-04-24 14:24:23,664 - INFO: Evaluating at iteration 54278
2025-04-24 14:24:23,925 - INFO: Loss: 0.363050
2025-04-24 14:24:23,925 - INFO: Training ROC-AUC: 0.714286
2025-04-24 14:24:23,926 - INFO: Validation ROC-AUC: 0.455075
2025-04-24 14:24:35,936 - INFO: Evaluating at iteration 54778
2025-04-24 14:24:36,196 - INFO: Loss: 0.316784
2025-04-24 14:24:36,196 - INFO: Training ROC-AUC: 0.712644
2025-04-24 14:24:36,196 - INFO: Validation ROC-AUC: 0.455778
2025-04-24 14:24:48,192 - INFO: Evaluating at iteration 55278
2025-04-24 14:24:48,462 - INFO: Loss: 0.403774
2025-04-24 14:24:48,462 - INFO: Training ROC-AUC: 0.294643
2025-04-24 14:24:48,462 - INFO: Validation ROC-AUC: 0.456098
2025-04-24 14:25:00,482 - INFO: Evaluating at iteration 55778
2025-04-24 14:25:00,756 - INFO: Loss: 0.446848
2025-04-24 14:25:00,756 - INFO: Training ROC-AUC: 0.743590
2025-04-24 14:25:00,756 - INFO: Validation ROC-AUC: 0.456649
2025-04-24 14:25:01,628 - INFO: Starting epoch 23
2025-04-24 14:25:01,654 - INFO: Evaluating at iteration 55815
2025-04-24 14:25:01,922 - INFO: Loss: 0.538768
2025-04-24 14:25:01,922 - INFO: Training ROC-AUC: 0.640000
2025-04-24 14:25:01,922 - INFO: Validation ROC-AUC: 0.456593
2025-04-24 14:25:13,958 - INFO: Evaluating at iteration 56315
2025-04-24 14:25:14,218 - INFO: Loss: 0.509964
2025-04-24 14:25:14,218 - INFO: Training ROC-AUC: 0.423077
2025-04-24 14:25:14,218 - INFO: Validation ROC-AUC: 0.457068
2025-04-24 14:25:26,602 - INFO: Evaluating at iteration 56815
2025-04-24 14:25:26,882 - INFO: Loss: 0.242993
2025-04-24 14:25:26,882 - INFO: Training ROC-AUC: 0.916667
2025-04-24 14:25:26,882 - INFO: Validation ROC-AUC: 0.457279
2025-04-24 14:25:38,910 - INFO: Evaluating at iteration 57315
2025-04-24 14:25:39,187 - INFO: Loss: 0.410199
2025-04-24 14:25:39,187 - INFO: Training ROC-AUC: 0.865385
2025-04-24 14:25:39,187 - INFO: Validation ROC-AUC: 0.457931
2025-04-24 14:25:51,232 - INFO: Evaluating at iteration 57815
2025-04-24 14:25:51,510 - INFO: Loss: 0.368749
2025-04-24 14:25:51,510 - INFO: Training ROC-AUC: 0.589286
2025-04-24 14:25:51,510 - INFO: Validation ROC-AUC: 0.458568
2025-04-24 14:26:03,663 - INFO: Evaluating at iteration 58315
2025-04-24 14:26:03,936 - INFO: Loss: 0.427232
2025-04-24 14:26:03,936 - INFO: Training ROC-AUC: 0.607407
2025-04-24 14:26:03,936 - INFO: Validation ROC-AUC: 0.458824
2025-04-24 14:26:04,805 - INFO: Starting epoch 24
2025-04-24 14:26:04,830 - INFO: Evaluating at iteration 58352
2025-04-24 14:26:05,100 - INFO: Loss: 0.409151
2025-04-24 14:26:05,100 - INFO: Training ROC-AUC: 0.651852
2025-04-24 14:26:05,100 - INFO: Validation ROC-AUC: 0.458850
2025-04-24 14:26:17,213 - INFO: Evaluating at iteration 58852
2025-04-24 14:26:17,479 - INFO: Loss: 0.296317
2025-04-24 14:26:17,479 - INFO: Training ROC-AUC: 0.758621
2025-04-24 14:26:17,479 - INFO: Validation ROC-AUC: 0.459721
2025-04-24 14:26:29,538 - INFO: Evaluating at iteration 59352
2025-04-24 14:26:29,799 - INFO: Loss: 0.312201
2025-04-24 14:26:29,799 - INFO: Training ROC-AUC: 0.735632
2025-04-24 14:26:29,800 - INFO: Validation ROC-AUC: 0.460143
2025-04-24 14:26:41,864 - INFO: Evaluating at iteration 59852
2025-04-24 14:26:42,139 - INFO: Loss: 0.390153
2025-04-24 14:26:42,140 - INFO: Training ROC-AUC: 0.740741
2025-04-24 14:26:42,140 - INFO: Validation ROC-AUC: 0.460425
2025-04-24 14:26:54,225 - INFO: Evaluating at iteration 60352
2025-04-24 14:26:54,485 - INFO: Loss: 0.389330
2025-04-24 14:26:54,485 - INFO: Training ROC-AUC: 0.607407
2025-04-24 14:26:54,485 - INFO: Validation ROC-AUC: 0.460842
2025-04-24 14:27:06,631 - INFO: Evaluating at iteration 60852
2025-04-24 14:27:06,892 - INFO: Loss: 0.409728
2025-04-24 14:27:06,892 - INFO: Training ROC-AUC: 0.748148
2025-04-24 14:27:06,892 - INFO: Validation ROC-AUC: 0.461388
2025-04-24 14:27:07,759 - INFO: Starting epoch 25
2025-04-24 14:27:07,784 - INFO: Evaluating at iteration 60889
2025-04-24 14:27:08,046 - INFO: Loss: 0.550290
2025-04-24 14:27:08,046 - INFO: Training ROC-AUC: 0.451429
2025-04-24 14:27:08,047 - INFO: Validation ROC-AUC: 0.461330
2025-04-24 14:27:20,139 - INFO: Evaluating at iteration 61389
2025-04-24 14:27:20,399 - INFO: Loss: 0.380692
2025-04-24 14:27:20,399 - INFO: Training ROC-AUC: 0.580357
2025-04-24 14:27:20,399 - INFO: Validation ROC-AUC: 0.462023
2025-04-24 14:27:32,464 - INFO: Evaluating at iteration 61889
2025-04-24 14:27:32,733 - INFO: Loss: 0.434383
2025-04-24 14:27:32,733 - INFO: Training ROC-AUC: 0.533333
2025-04-24 14:27:32,733 - INFO: Validation ROC-AUC: 0.462183
2025-04-24 14:27:44,859 - INFO: Evaluating at iteration 62389
2025-04-24 14:27:45,122 - INFO: Loss: 0.603297
2025-04-24 14:27:45,122 - INFO: Training ROC-AUC: 0.594203
2025-04-24 14:27:45,122 - INFO: Validation ROC-AUC: 0.462752
2025-04-24 14:27:57,213 - INFO: Evaluating at iteration 62889
2025-04-24 14:27:57,476 - INFO: Loss: 0.538601
2025-04-24 14:27:57,476 - INFO: Training ROC-AUC: 0.635417
2025-04-24 14:27:57,476 - INFO: Validation ROC-AUC: 0.463452
2025-04-24 14:28:09,627 - INFO: Evaluating at iteration 63389
2025-04-24 14:28:09,888 - INFO: Loss: 0.428150
2025-04-24 14:28:09,888 - INFO: Training ROC-AUC: 0.459259
2025-04-24 14:28:09,888 - INFO: Validation ROC-AUC: 0.463952
2025-04-24 14:28:10,756 - INFO: Saving model to models/TCRStructMap_contact_probabilities/model_2.pt
2025-04-24 14:28:10,775 - INFO: Starting fold 3
2025-04-24 14:28:11,453 - INFO: Initialising model
2025-04-24 14:28:11,463 - INFO: Starting training
2025-04-24 14:28:11,463 - INFO: Starting epoch 1
2025-04-24 14:28:11,490 - INFO: Evaluating at iteration 1
2025-04-24 14:28:18,439 - INFO: Loss: 0.688196
2025-04-24 14:28:18,439 - INFO: Training ROC-AUC: 0.557692
2025-04-24 14:28:18,439 - INFO: Validation ROC-AUC: 0.460700
2025-04-24 14:28:27,746 - INFO: Starting epoch 2
2025-04-24 14:28:27,766 - INFO: Evaluating at iteration 457
2025-04-24 14:28:34,708 - INFO: Loss: 0.533835
2025-04-24 14:28:34,709 - INFO: Training ROC-AUC: 0.502857
2025-04-24 14:28:34,709 - INFO: Validation ROC-AUC: 0.440864
2025-04-24 14:28:44,711 - INFO: Starting epoch 3
2025-04-24 14:28:44,770 - INFO: Evaluating at iteration 913
2025-04-24 14:28:51,730 - INFO: Loss: 0.433011
2025-04-24 14:28:51,752 - INFO: Training ROC-AUC: 0.533333
2025-04-24 14:28:51,755 - INFO: Validation ROC-AUC: 0.436700
2025-04-24 14:29:01,805 - INFO: Starting epoch 4
2025-04-24 14:29:01,857 - INFO: Evaluating at iteration 1369
2025-04-24 14:29:08,778 - INFO: Loss: 0.306006
2025-04-24 14:29:08,797 - INFO: Training ROC-AUC: 0.166667
2025-04-24 14:29:08,800 - INFO: Validation ROC-AUC: 0.435828
2025-04-24 14:29:18,845 - INFO: Starting epoch 5
2025-04-24 14:29:18,903 - INFO: Evaluating at iteration 1825
2025-04-24 14:29:25,855 - INFO: Loss: 0.291472
2025-04-24 14:29:25,862 - INFO: Training ROC-AUC: 0.216667
2025-04-24 14:29:25,865 - INFO: Validation ROC-AUC: 0.436262
2025-04-24 14:29:35,932 - INFO: Starting epoch 6
2025-04-24 14:29:35,980 - INFO: Evaluating at iteration 2281
2025-04-24 14:29:42,930 - INFO: Loss: 0.276629
2025-04-24 14:29:42,951 - INFO: Training ROC-AUC: 0.783333
2025-04-24 14:29:42,954 - INFO: Validation ROC-AUC: 0.437121
2025-04-24 14:29:52,985 - INFO: Starting epoch 7
2025-04-24 14:29:53,041 - INFO: Evaluating at iteration 2737
2025-04-24 14:30:00,014 - INFO: Loss: 0.601867
2025-04-24 14:30:00,028 - INFO: Training ROC-AUC: 0.473958
2025-04-24 14:30:00,031 - INFO: Validation ROC-AUC: 0.437877
2025-04-24 14:30:10,094 - INFO: Starting epoch 8
2025-04-24 14:30:10,146 - INFO: Evaluating at iteration 3193
2025-04-24 14:30:17,192 - INFO: Loss: 0.493269
2025-04-24 14:30:17,197 - INFO: Training ROC-AUC: 0.307692
2025-04-24 14:30:17,199 - INFO: Validation ROC-AUC: 0.439096
2025-04-24 14:30:27,256 - INFO: Starting epoch 9
2025-04-24 14:30:27,312 - INFO: Evaluating at iteration 3649
2025-04-24 14:30:34,224 - INFO: Loss: 0.387271
2025-04-24 14:30:34,241 - INFO: Training ROC-AUC: 0.348214
2025-04-24 14:30:34,246 - INFO: Validation ROC-AUC: 0.439963
2025-04-24 14:30:44,285 - INFO: Starting epoch 10
2025-04-24 14:30:44,337 - INFO: Evaluating at iteration 4105
2025-04-24 14:30:51,261 - INFO: Loss: 0.480115
2025-04-24 14:30:51,302 - INFO: Training ROC-AUC: 0.602564
2025-04-24 14:30:51,304 - INFO: Validation ROC-AUC: 0.440877
2025-04-24 14:31:01,336 - INFO: Starting epoch 11
2025-04-24 14:31:01,392 - INFO: Evaluating at iteration 4561
2025-04-24 14:31:08,334 - INFO: Loss: 0.378908
2025-04-24 14:31:08,354 - INFO: Training ROC-AUC: 0.571429
2025-04-24 14:31:08,357 - INFO: Validation ROC-AUC: 0.441531
2025-04-24 14:31:18,425 - INFO: Starting epoch 12
2025-04-24 14:31:18,477 - INFO: Evaluating at iteration 5017
2025-04-24 14:31:25,397 - INFO: Loss: 0.536110
2025-04-24 14:31:25,415 - INFO: Training ROC-AUC: 0.514286
2025-04-24 14:31:25,418 - INFO: Validation ROC-AUC: 0.442124
2025-04-24 14:31:35,487 - INFO: Starting epoch 13
2025-04-24 14:31:35,548 - INFO: Evaluating at iteration 5473
2025-04-24 14:31:42,504 - INFO: Loss: 0.334841
2025-04-24 14:31:42,556 - INFO: Training ROC-AUC: 0.528736
2025-04-24 14:31:42,557 - INFO: Validation ROC-AUC: 0.442788
2025-04-24 14:31:52,589 - INFO: Starting epoch 14
2025-04-24 14:31:52,611 - INFO: Evaluating at iteration 5929
2025-04-24 14:31:59,608 - INFO: Loss: 0.522880
2025-04-24 14:31:59,608 - INFO: Training ROC-AUC: 0.845714
2025-04-24 14:31:59,608 - INFO: Validation ROC-AUC: 0.443033
2025-04-24 14:32:09,617 - INFO: Starting epoch 15
2025-04-24 14:32:09,639 - INFO: Evaluating at iteration 6385
2025-04-24 14:32:16,565 - INFO: Loss: 0.386852
2025-04-24 14:32:16,565 - INFO: Training ROC-AUC: 0.142857
2025-04-24 14:32:16,565 - INFO: Validation ROC-AUC: 0.443221
2025-04-24 14:32:26,663 - INFO: Starting epoch 16
2025-04-24 14:32:26,685 - INFO: Evaluating at iteration 6841
2025-04-24 14:32:33,628 - INFO: Loss: 0.437602
2025-04-24 14:32:33,628 - INFO: Training ROC-AUC: 0.437037
2025-04-24 14:32:33,628 - INFO: Validation ROC-AUC: 0.444129
2025-04-24 14:32:43,667 - INFO: Starting epoch 17
2025-04-24 14:32:43,689 - INFO: Evaluating at iteration 7297
2025-04-24 14:32:50,595 - INFO: Loss: 0.233655
2025-04-24 14:32:50,595 - INFO: Training ROC-AUC: 0.806452
2025-04-24 14:32:50,595 - INFO: Validation ROC-AUC: 0.444463
2025-04-24 14:33:00,648 - INFO: Starting epoch 18
2025-04-24 14:33:00,670 - INFO: Evaluating at iteration 7753
2025-04-24 14:33:07,636 - INFO: Loss: 0.629619
2025-04-24 14:33:07,636 - INFO: Training ROC-AUC: 0.507246
2025-04-24 14:33:07,637 - INFO: Validation ROC-AUC: 0.444941
2025-04-24 14:33:17,750 - INFO: Starting epoch 19
2025-04-24 14:33:17,772 - INFO: Evaluating at iteration 8209
2025-04-24 14:33:24,717 - INFO: Loss: 0.335155
2025-04-24 14:33:24,717 - INFO: Training ROC-AUC: 0.528736
2025-04-24 14:33:24,717 - INFO: Validation ROC-AUC: 0.445131
2025-04-24 14:33:34,790 - INFO: Starting epoch 20
2025-04-24 14:33:34,812 - INFO: Evaluating at iteration 8665
2025-04-24 14:33:41,799 - INFO: Loss: 0.227816
2025-04-24 14:33:41,799 - INFO: Training ROC-AUC: 0.548387
2025-04-24 14:33:41,799 - INFO: Validation ROC-AUC: 0.445345
2025-04-24 14:33:51,874 - INFO: Starting epoch 21
2025-04-24 14:33:51,896 - INFO: Evaluating at iteration 9121
2025-04-24 14:33:58,842 - INFO: Loss: 0.381816
2025-04-24 14:33:58,842 - INFO: Training ROC-AUC: 0.562500
2025-04-24 14:33:58,842 - INFO: Validation ROC-AUC: 0.445688
2025-04-24 14:34:08,867 - INFO: Starting epoch 22
2025-04-24 14:34:08,889 - INFO: Evaluating at iteration 9577
2025-04-24 14:34:15,849 - INFO: Loss: 0.378837
2025-04-24 14:34:15,849 - INFO: Training ROC-AUC: 0.696429
2025-04-24 14:34:15,849 - INFO: Validation ROC-AUC: 0.445890
2025-04-24 14:34:26,010 - INFO: Starting epoch 23
2025-04-24 14:34:26,034 - INFO: Evaluating at iteration 10033
2025-04-24 14:34:32,992 - INFO: Loss: 0.533485
2025-04-24 14:34:32,992 - INFO: Training ROC-AUC: 0.468571
2025-04-24 14:34:32,992 - INFO: Validation ROC-AUC: 0.446367
2025-04-24 14:34:43,054 - INFO: Starting epoch 24
2025-04-24 14:34:43,076 - INFO: Evaluating at iteration 10489
2025-04-24 14:34:50,024 - INFO: Loss: 0.390456
2025-04-24 14:34:50,024 - INFO: Training ROC-AUC: 0.366071
2025-04-24 14:34:50,024 - INFO: Validation ROC-AUC: 0.446531
2025-04-24 14:35:00,087 - INFO: Starting epoch 25
2025-04-24 14:35:00,110 - INFO: Evaluating at iteration 10945
2025-04-24 14:35:07,045 - INFO: Loss: 0.430104
2025-04-24 14:35:07,045 - INFO: Training ROC-AUC: 0.614815
2025-04-24 14:35:07,046 - INFO: Validation ROC-AUC: 0.446604
2025-04-24 14:35:17,085 - INFO: Saving model to models/TCRStructMap_contact_probabilities/model_3.pt
2025-04-24 14:35:17,112 - INFO: Starting fold 4
2025-04-24 14:35:17,163 - INFO: Initialising model
2025-04-24 14:35:17,175 - INFO: Starting training
2025-04-24 14:35:17,175 - INFO: Starting epoch 1
2025-04-24 14:35:17,205 - INFO: Evaluating at iteration 1
2025-04-24 14:35:17,858 - INFO: Loss: 0.698288
2025-04-24 14:35:17,858 - INFO: Training ROC-AUC: 0.616667
2025-04-24 14:35:17,858 - INFO: Validation ROC-AUC: 0.514807
2025-04-24 14:35:28,023 - INFO: Evaluating at iteration 501
2025-04-24 14:35:28,687 - INFO: Loss: 0.595981
2025-04-24 14:35:28,687 - INFO: Training ROC-AUC: 0.479167
2025-04-24 14:35:28,687 - INFO: Validation ROC-AUC: 0.499786
2025-04-24 14:35:39,527 - INFO: Evaluating at iteration 1001
2025-04-24 14:35:40,171 - INFO: Loss: 0.489045
2025-04-24 14:35:40,171 - INFO: Training ROC-AUC: 0.352564
2025-04-24 14:35:40,171 - INFO: Validation ROC-AUC: 0.459972
2025-04-24 14:35:51,093 - INFO: Evaluating at iteration 1501
2025-04-24 14:35:51,738 - INFO: Loss: 0.482703
2025-04-24 14:35:51,738 - INFO: Training ROC-AUC: 0.506410
2025-04-24 14:35:51,738 - INFO: Validation ROC-AUC: 0.422537
2025-04-24 14:36:02,651 - INFO: Evaluating at iteration 2001
2025-04-24 14:36:03,316 - INFO: Loss: 0.480893
2025-04-24 14:36:03,316 - INFO: Training ROC-AUC: 0.698718
2025-04-24 14:36:03,316 - INFO: Validation ROC-AUC: 0.397650
2025-04-24 14:36:12,501 - INFO: Starting epoch 2
2025-04-24 14:36:12,525 - INFO: Evaluating at iteration 2419
2025-04-24 14:36:13,184 - INFO: Loss: 0.398284
2025-04-24 14:36:13,184 - INFO: Training ROC-AUC: 0.214286
2025-04-24 14:36:13,184 - INFO: Validation ROC-AUC: 0.372770
2025-04-24 14:36:24,171 - INFO: Evaluating at iteration 2919
2025-04-24 14:36:24,818 - INFO: Loss: 0.584653
2025-04-24 14:36:24,818 - INFO: Training ROC-AUC: 0.385417
2025-04-24 14:36:24,818 - INFO: Validation ROC-AUC: 0.356840
2025-04-24 14:36:35,711 - INFO: Evaluating at iteration 3419
2025-04-24 14:36:36,356 - INFO: Loss: 0.388162
2025-04-24 14:36:36,356 - INFO: Training ROC-AUC: 0.276786
2025-04-24 14:36:36,356 - INFO: Validation ROC-AUC: 0.354826
2025-04-24 14:36:47,290 - INFO: Evaluating at iteration 3919
2025-04-24 14:36:47,948 - INFO: Loss: 0.677614
2025-04-24 14:36:47,948 - INFO: Training ROC-AUC: 0.727273
2025-04-24 14:36:47,948 - INFO: Validation ROC-AUC: 0.349033
2025-04-24 14:36:58,881 - INFO: Evaluating at iteration 4419
2025-04-24 14:36:59,541 - INFO: Loss: 0.379604
2025-04-24 14:36:59,541 - INFO: Training ROC-AUC: 0.642857
2025-04-24 14:36:59,541 - INFO: Validation ROC-AUC: 0.345743
2025-04-24 14:37:08,708 - INFO: Starting epoch 3
2025-04-24 14:37:08,731 - INFO: Evaluating at iteration 4837
2025-04-24 14:37:09,394 - INFO: Loss: 0.593847
2025-04-24 14:37:09,395 - INFO: Training ROC-AUC: 0.369792
2025-04-24 14:37:09,395 - INFO: Validation ROC-AUC: 0.342262
2025-04-24 14:37:20,360 - INFO: Evaluating at iteration 5337
2025-04-24 14:37:21,009 - INFO: Loss: 0.341019
2025-04-24 14:37:21,009 - INFO: Training ROC-AUC: 0.517241
2025-04-24 14:37:21,009 - INFO: Validation ROC-AUC: 0.344505
2025-04-24 14:37:31,938 - INFO: Evaluating at iteration 5837
2025-04-24 14:37:32,587 - INFO: Loss: 0.438916
2025-04-24 14:37:32,587 - INFO: Training ROC-AUC: 0.437037
2025-04-24 14:37:32,587 - INFO: Validation ROC-AUC: 0.343630
2025-04-24 14:37:43,512 - INFO: Evaluating at iteration 6337
2025-04-24 14:37:44,188 - INFO: Loss: 0.433780
2025-04-24 14:37:44,188 - INFO: Training ROC-AUC: 0.629630
2025-04-24 14:37:44,188 - INFO: Validation ROC-AUC: 0.342157
2025-04-24 14:37:55,057 - INFO: Evaluating at iteration 6837
2025-04-24 14:37:55,718 - INFO: Loss: 0.481430
2025-04-24 14:37:55,718 - INFO: Training ROC-AUC: 0.596154
2025-04-24 14:37:55,718 - INFO: Validation ROC-AUC: 0.343770
2025-04-24 14:38:04,882 - INFO: Starting epoch 4
2025-04-24 14:38:04,905 - INFO: Evaluating at iteration 7255
2025-04-24 14:38:05,554 - INFO: Loss: 0.545620
2025-04-24 14:38:05,555 - INFO: Training ROC-AUC: 0.525714
2025-04-24 14:38:05,555 - INFO: Validation ROC-AUC: 0.345212
2025-04-24 14:38:16,483 - INFO: Evaluating at iteration 7755
2025-04-24 14:38:17,135 - INFO: Loss: 0.437007
2025-04-24 14:38:17,135 - INFO: Training ROC-AUC: 0.466667
2025-04-24 14:38:17,135 - INFO: Validation ROC-AUC: 0.348140
2025-04-24 14:38:28,040 - INFO: Evaluating at iteration 8255
2025-04-24 14:38:28,696 - INFO: Loss: 0.477172
2025-04-24 14:38:28,696 - INFO: Training ROC-AUC: 0.653846
2025-04-24 14:38:28,696 - INFO: Validation ROC-AUC: 0.345625
2025-04-24 14:38:39,677 - INFO: Evaluating at iteration 8755
2025-04-24 14:38:40,352 - INFO: Loss: 0.489171
2025-04-24 14:38:40,352 - INFO: Training ROC-AUC: 0.365385
2025-04-24 14:38:40,353 - INFO: Validation ROC-AUC: 0.345654
2025-04-24 14:38:51,290 - INFO: Evaluating at iteration 9255
2025-04-24 14:38:51,944 - INFO: Loss: 0.427199
2025-04-24 14:38:51,944 - INFO: Training ROC-AUC: 0.696296
2025-04-24 14:38:51,944 - INFO: Validation ROC-AUC: 0.349392
2025-04-24 14:39:01,076 - INFO: Starting epoch 5
2025-04-24 14:39:01,099 - INFO: Evaluating at iteration 9673
2025-04-24 14:39:01,749 - INFO: Loss: 0.290473
2025-04-24 14:39:01,749 - INFO: Training ROC-AUC: 0.716667
2025-04-24 14:39:01,749 - INFO: Validation ROC-AUC: 0.350614
2025-04-24 14:39:12,677 - INFO: Evaluating at iteration 10173
2025-04-24 14:39:13,339 - INFO: Loss: 0.381255
2025-04-24 14:39:13,339 - INFO: Training ROC-AUC: 0.571429
2025-04-24 14:39:13,339 - INFO: Validation ROC-AUC: 0.349257
2025-04-24 14:39:24,218 - INFO: Evaluating at iteration 10673
2025-04-24 14:39:24,873 - INFO: Loss: 0.301338
2025-04-24 14:39:24,873 - INFO: Training ROC-AUC: 0.133333
2025-04-24 14:39:24,873 - INFO: Validation ROC-AUC: 0.350438
2025-04-24 14:39:35,823 - INFO: Evaluating at iteration 11173
2025-04-24 14:39:36,498 - INFO: Loss: 0.483767
2025-04-24 14:39:36,498 - INFO: Training ROC-AUC: 0.506410
2025-04-24 14:39:36,498 - INFO: Validation ROC-AUC: 0.351123
2025-04-24 14:39:47,417 - INFO: Evaluating at iteration 11673
2025-04-24 14:39:48,072 - INFO: Loss: 0.476802
2025-04-24 14:39:48,072 - INFO: Training ROC-AUC: 0.653846
2025-04-24 14:39:48,072 - INFO: Validation ROC-AUC: 0.352743
2025-04-24 14:39:57,188 - INFO: Starting epoch 6
2025-04-24 14:39:57,211 - INFO: Evaluating at iteration 12091
2025-04-24 14:39:57,877 - INFO: Loss: 0.379788
2025-04-24 14:39:57,877 - INFO: Training ROC-AUC: 0.553571
2025-04-24 14:39:57,877 - INFO: Validation ROC-AUC: 0.353227
2025-04-24 14:40:08,788 - INFO: Evaluating at iteration 12591
2025-04-24 14:40:09,444 - INFO: Loss: 0.600187
2025-04-24 14:40:09,444 - INFO: Training ROC-AUC: 0.421875
2025-04-24 14:40:09,444 - INFO: Validation ROC-AUC: 0.353839
2025-04-24 14:40:20,364 - INFO: Evaluating at iteration 13091
2025-04-24 14:40:21,015 - INFO: Loss: 0.283366
2025-04-24 14:40:21,015 - INFO: Training ROC-AUC: 0.633333
2025-04-24 14:40:21,015 - INFO: Validation ROC-AUC: 0.354897
2025-04-24 14:40:31,986 - INFO: Evaluating at iteration 13591
2025-04-24 14:40:32,655 - INFO: Loss: 0.482575
2025-04-24 14:40:32,655 - INFO: Training ROC-AUC: 0.621795
2025-04-24 14:40:32,655 - INFO: Validation ROC-AUC: 0.354438
2025-04-24 14:40:43,596 - INFO: Evaluating at iteration 14091
2025-04-24 14:40:44,260 - INFO: Loss: 0.325298
2025-04-24 14:40:44,260 - INFO: Training ROC-AUC: 0.770115
2025-04-24 14:40:44,260 - INFO: Validation ROC-AUC: 0.355251
2025-04-24 14:40:53,401 - INFO: Starting epoch 7
2025-04-24 14:40:53,424 - INFO: Evaluating at iteration 14509
2025-04-24 14:40:54,082 - INFO: Loss: 0.616250
2025-04-24 14:40:54,082 - INFO: Training ROC-AUC: 0.628019
2025-04-24 14:40:54,082 - INFO: Validation ROC-AUC: 0.356671
2025-04-24 14:41:05,060 - INFO: Evaluating at iteration 15009
2025-04-24 14:41:05,721 - INFO: Loss: 0.479281
2025-04-24 14:41:05,722 - INFO: Training ROC-AUC: 0.641026
2025-04-24 14:41:05,722 - INFO: Validation ROC-AUC: 0.356953
2025-04-24 14:41:17,059 - INFO: Evaluating at iteration 15509
2025-04-24 14:41:17,726 - INFO: Loss: 0.329217
2025-04-24 14:41:17,726 - INFO: Training ROC-AUC: 0.666667
2025-04-24 14:41:17,726 - INFO: Validation ROC-AUC: 0.357297
2025-04-24 14:41:28,730 - INFO: Evaluating at iteration 16009
2025-04-24 14:41:29,383 - INFO: Loss: 0.626901
2025-04-24 14:41:29,383 - INFO: Training ROC-AUC: 0.449275
2025-04-24 14:41:29,384 - INFO: Validation ROC-AUC: 0.358771
2025-04-24 14:41:40,302 - INFO: Evaluating at iteration 16509
2025-04-24 14:41:40,960 - INFO: Loss: 0.534463
2025-04-24 14:41:40,960 - INFO: Training ROC-AUC: 0.571429
2025-04-24 14:41:40,960 - INFO: Validation ROC-AUC: 0.358330
2025-04-24 14:41:50,117 - INFO: Starting epoch 8
2025-04-24 14:41:50,141 - INFO: Evaluating at iteration 16927
2025-04-24 14:41:50,788 - INFO: Loss: 0.436072
2025-04-24 14:41:50,788 - INFO: Training ROC-AUC: 0.355556
2025-04-24 14:41:50,788 - INFO: Validation ROC-AUC: 0.358153
2025-04-24 14:42:01,815 - INFO: Evaluating at iteration 17427
2025-04-24 14:42:02,462 - INFO: Loss: 0.671749
2025-04-24 14:42:02,463 - INFO: Training ROC-AUC: 0.572727
2025-04-24 14:42:02,463 - INFO: Validation ROC-AUC: 0.359358
2025-04-24 14:42:13,421 - INFO: Evaluating at iteration 17927
2025-04-24 14:42:14,090 - INFO: Loss: 0.316190
2025-04-24 14:42:14,090 - INFO: Training ROC-AUC: 0.655172
2025-04-24 14:42:14,090 - INFO: Validation ROC-AUC: 0.358748
2025-04-24 14:42:25,035 - INFO: Evaluating at iteration 18427
2025-04-24 14:42:25,684 - INFO: Loss: 0.340544
2025-04-24 14:42:25,684 - INFO: Training ROC-AUC: 0.563218
2025-04-24 14:42:25,684 - INFO: Validation ROC-AUC: 0.359660
2025-04-24 14:42:36,601 - INFO: Evaluating at iteration 18927
2025-04-24 14:42:37,242 - INFO: Loss: 0.287051
2025-04-24 14:42:37,242 - INFO: Training ROC-AUC: 0.933333
2025-04-24 14:42:37,242 - INFO: Validation ROC-AUC: 0.359703
2025-04-24 14:42:46,382 - INFO: Starting epoch 9
2025-04-24 14:42:46,408 - INFO: Evaluating at iteration 19345
2025-04-24 14:42:47,049 - INFO: Loss: 0.482277
2025-04-24 14:42:47,049 - INFO: Training ROC-AUC: 0.576923
2025-04-24 14:42:47,049 - INFO: Validation ROC-AUC: 0.359460
2025-04-24 14:42:58,038 - INFO: Evaluating at iteration 19845
2025-04-24 14:42:58,709 - INFO: Loss: 0.392753
2025-04-24 14:42:58,709 - INFO: Training ROC-AUC: 0.473214
2025-04-24 14:42:58,709 - INFO: Validation ROC-AUC: 0.360286
2025-04-24 14:43:09,652 - INFO: Evaluating at iteration 20345
2025-04-24 14:43:10,321 - INFO: Loss: 0.334040
2025-04-24 14:43:10,322 - INFO: Training ROC-AUC: 0.551724
2025-04-24 14:43:10,322 - INFO: Validation ROC-AUC: 0.360267
2025-04-24 14:43:21,287 - INFO: Evaluating at iteration 20845
2025-04-24 14:43:21,944 - INFO: Loss: 0.418592
2025-04-24 14:43:21,944 - INFO: Training ROC-AUC: 0.777778
2025-04-24 14:43:21,944 - INFO: Validation ROC-AUC: 0.360546
2025-04-24 14:43:32,887 - INFO: Evaluating at iteration 21345
2025-04-24 14:43:33,545 - INFO: Loss: 0.580205
2025-04-24 14:43:33,545 - INFO: Training ROC-AUC: 0.677083
2025-04-24 14:43:33,545 - INFO: Validation ROC-AUC: 0.361047
2025-04-24 14:43:42,703 - INFO: Starting epoch 10
2025-04-24 14:43:42,726 - INFO: Evaluating at iteration 21763
2025-04-24 14:43:43,396 - INFO: Loss: 0.473500
2025-04-24 14:43:43,396 - INFO: Training ROC-AUC: 0.711538
2025-04-24 14:43:43,396 - INFO: Validation ROC-AUC: 0.360867
2025-04-24 14:43:54,371 - INFO: Evaluating at iteration 22263
2025-04-24 14:43:55,027 - INFO: Loss: 0.443896
2025-04-24 14:43:55,027 - INFO: Training ROC-AUC: 0.348148
2025-04-24 14:43:55,027 - INFO: Validation ROC-AUC: 0.361313
2025-04-24 14:44:05,994 - INFO: Evaluating at iteration 22763
2025-04-24 14:44:06,651 - INFO: Loss: 0.481461
2025-04-24 14:44:06,652 - INFO: Training ROC-AUC: 0.634615
2025-04-24 14:44:06,652 - INFO: Validation ROC-AUC: 0.361397
2025-04-24 14:44:17,643 - INFO: Evaluating at iteration 23263
2025-04-24 14:44:18,305 - INFO: Loss: 0.471469
2025-04-24 14:44:18,305 - INFO: Training ROC-AUC: 0.673077
2025-04-24 14:44:18,305 - INFO: Validation ROC-AUC: 0.361562
2025-04-24 14:44:29,281 - INFO: Evaluating at iteration 23763
2025-04-24 14:44:29,924 - INFO: Loss: 0.668098
2025-04-24 14:44:29,924 - INFO: Training ROC-AUC: 0.577273
2025-04-24 14:44:29,924 - INFO: Validation ROC-AUC: 0.361739
2025-04-24 14:44:39,072 - INFO: Starting epoch 11
2025-04-24 14:44:39,095 - INFO: Evaluating at iteration 24181
2025-04-24 14:44:39,761 - INFO: Loss: 0.479401
2025-04-24 14:44:39,761 - INFO: Training ROC-AUC: 0.544872
2025-04-24 14:44:39,761 - INFO: Validation ROC-AUC: 0.362383
2025-04-24 14:44:50,725 - INFO: Evaluating at iteration 24681
2025-04-24 14:44:51,391 - INFO: Loss: 0.507141
2025-04-24 14:44:51,391 - INFO: Training ROC-AUC: 0.697143
2025-04-24 14:44:51,391 - INFO: Validation ROC-AUC: 0.362477
2025-04-24 14:45:02,336 - INFO: Evaluating at iteration 25181
2025-04-24 14:45:02,990 - INFO: Loss: 0.528974
2025-04-24 14:45:02,990 - INFO: Training ROC-AUC: 0.514286
2025-04-24 14:45:02,990 - INFO: Validation ROC-AUC: 0.362423
2025-04-24 14:45:13,939 - INFO: Evaluating at iteration 25681
2025-04-24 14:45:14,608 - INFO: Loss: 0.386676
2025-04-24 14:45:14,608 - INFO: Training ROC-AUC: 0.392857
2025-04-24 14:45:14,608 - INFO: Validation ROC-AUC: 0.363122
2025-04-24 14:45:25,870 - INFO: Evaluating at iteration 26181
2025-04-24 14:45:26,527 - INFO: Loss: 0.479824
2025-04-24 14:45:26,527 - INFO: Training ROC-AUC: 0.570513
2025-04-24 14:45:26,527 - INFO: Validation ROC-AUC: 0.363015
2025-04-24 14:45:35,643 - INFO: Starting epoch 12
2025-04-24 14:45:35,666 - INFO: Evaluating at iteration 26599
2025-04-24 14:45:36,328 - INFO: Loss: 0.315689
2025-04-24 14:45:36,328 - INFO: Training ROC-AUC: 0.770115
2025-04-24 14:45:36,328 - INFO: Validation ROC-AUC: 0.363457
2025-04-24 14:45:47,281 - INFO: Evaluating at iteration 27099
2025-04-24 14:45:47,939 - INFO: Loss: 0.426442
2025-04-24 14:45:47,940 - INFO: Training ROC-AUC: 0.651852
2025-04-24 14:45:47,940 - INFO: Validation ROC-AUC: 0.363653
2025-04-24 14:45:58,840 - INFO: Evaluating at iteration 27599
2025-04-24 14:45:59,488 - INFO: Loss: 0.414675
2025-04-24 14:45:59,488 - INFO: Training ROC-AUC: 0.725926
2025-04-24 14:45:59,488 - INFO: Validation ROC-AUC: 0.363889
2025-04-24 14:46:10,418 - INFO: Evaluating at iteration 28099
2025-04-24 14:46:11,086 - INFO: Loss: 0.691681
2025-04-24 14:46:11,086 - INFO: Training ROC-AUC: 0.766234
2025-04-24 14:46:11,086 - INFO: Validation ROC-AUC: 0.364502
2025-04-24 14:46:21,997 - INFO: Evaluating at iteration 28599
2025-04-24 14:46:22,660 - INFO: Loss: 0.470388
2025-04-24 14:46:22,661 - INFO: Training ROC-AUC: 0.602564
2025-04-24 14:46:22,661 - INFO: Validation ROC-AUC: 0.364226
2025-04-24 14:46:31,772 - INFO: Starting epoch 13
2025-04-24 14:46:31,796 - INFO: Evaluating at iteration 29017
2025-04-24 14:46:32,460 - INFO: Loss: 0.590386
2025-04-24 14:46:32,460 - INFO: Training ROC-AUC: 0.593750
2025-04-24 14:46:32,460 - INFO: Validation ROC-AUC: 0.364502
2025-04-24 14:46:43,394 - INFO: Evaluating at iteration 29517
2025-04-24 14:46:44,057 - INFO: Loss: 0.491094
2025-04-24 14:46:44,057 - INFO: Training ROC-AUC: 0.448718
2025-04-24 14:46:44,057 - INFO: Validation ROC-AUC: 0.364184
2025-04-24 14:46:54,954 - INFO: Evaluating at iteration 30017
2025-04-24 14:46:55,605 - INFO: Loss: 0.540626
2025-04-24 14:46:55,606 - INFO: Training ROC-AUC: 0.817708
2025-04-24 14:46:55,606 - INFO: Validation ROC-AUC: 0.364214
2025-04-24 14:47:06,559 - INFO: Evaluating at iteration 30517
2025-04-24 14:47:07,211 - INFO: Loss: 0.277110
2025-04-24 14:47:07,211 - INFO: Training ROC-AUC: 0.850000
2025-04-24 14:47:07,211 - INFO: Validation ROC-AUC: 0.364168
2025-04-24 14:47:18,102 - INFO: Evaluating at iteration 31017
2025-04-24 14:47:18,750 - INFO: Loss: 0.392447
2025-04-24 14:47:18,750 - INFO: Training ROC-AUC: 0.482143
2025-04-24 14:47:18,750 - INFO: Validation ROC-AUC: 0.364965
2025-04-24 14:47:27,969 - INFO: Starting epoch 14
2025-04-24 14:47:27,993 - INFO: Evaluating at iteration 31435
2025-04-24 14:47:28,661 - INFO: Loss: 0.459516
2025-04-24 14:47:28,661 - INFO: Training ROC-AUC: 0.788462
2025-04-24 14:47:28,661 - INFO: Validation ROC-AUC: 0.365539
2025-04-24 14:47:39,591 - INFO: Evaluating at iteration 31935
2025-04-24 14:47:40,250 - INFO: Loss: 0.323425
2025-04-24 14:47:40,250 - INFO: Training ROC-AUC: 0.551724
2025-04-24 14:47:40,250 - INFO: Validation ROC-AUC: 0.365491
2025-04-24 14:47:51,176 - INFO: Evaluating at iteration 32435
2025-04-24 14:47:51,832 - INFO: Loss: 0.326199
2025-04-24 14:47:51,832 - INFO: Training ROC-AUC: 0.633333
2025-04-24 14:47:51,832 - INFO: Validation ROC-AUC: 0.365528
2025-04-24 14:48:02,763 - INFO: Evaluating at iteration 32935
2025-04-24 14:48:03,420 - INFO: Loss: 0.542902
2025-04-24 14:48:03,420 - INFO: Training ROC-AUC: 0.382857
2025-04-24 14:48:03,420 - INFO: Validation ROC-AUC: 0.366008
2025-04-24 14:48:14,331 - INFO: Evaluating at iteration 33435
2025-04-24 14:48:14,980 - INFO: Loss: 0.200700
2025-04-24 14:48:14,980 - INFO: Training ROC-AUC: 0.290323
2025-04-24 14:48:14,980 - INFO: Validation ROC-AUC: 0.366098
2025-04-24 14:48:24,101 - INFO: Starting epoch 15
2025-04-24 14:48:24,124 - INFO: Evaluating at iteration 33853
2025-04-24 14:48:24,782 - INFO: Loss: 0.463304
2025-04-24 14:48:24,782 - INFO: Training ROC-AUC: 0.698718
2025-04-24 14:48:24,782 - INFO: Validation ROC-AUC: 0.366486
2025-04-24 14:48:35,716 - INFO: Evaluating at iteration 34353
2025-04-24 14:48:36,375 - INFO: Loss: 0.445303
2025-04-24 14:48:36,375 - INFO: Training ROC-AUC: 0.362963
2025-04-24 14:48:36,375 - INFO: Validation ROC-AUC: 0.366569
2025-04-24 14:48:47,407 - INFO: Evaluating at iteration 34853
2025-04-24 14:48:48,056 - INFO: Loss: 0.292975
2025-04-24 14:48:48,056 - INFO: Training ROC-AUC: 0.216667
2025-04-24 14:48:48,056 - INFO: Validation ROC-AUC: 0.366598
2025-04-24 14:48:59,005 - INFO: Evaluating at iteration 35353
2025-04-24 14:48:59,674 - INFO: Loss: 0.590080
2025-04-24 14:48:59,674 - INFO: Training ROC-AUC: 0.473958
2025-04-24 14:48:59,674 - INFO: Validation ROC-AUC: 0.366594
2025-04-24 14:49:10,604 - INFO: Evaluating at iteration 35853
2025-04-24 14:49:11,257 - INFO: Loss: 0.629872
2025-04-24 14:49:11,257 - INFO: Training ROC-AUC: 0.526570
2025-04-24 14:49:11,257 - INFO: Validation ROC-AUC: 0.366581
2025-04-24 14:49:20,541 - INFO: Starting epoch 16
2025-04-24 14:49:20,564 - INFO: Evaluating at iteration 36271
2025-04-24 14:49:21,221 - INFO: Loss: 0.482169
2025-04-24 14:49:21,221 - INFO: Training ROC-AUC: 0.777143
2025-04-24 14:49:21,221 - INFO: Validation ROC-AUC: 0.367321
2025-04-24 14:49:32,195 - INFO: Evaluating at iteration 36771
2025-04-24 14:49:32,847 - INFO: Loss: 0.455802
2025-04-24 14:49:32,847 - INFO: Training ROC-AUC: 0.775641
2025-04-24 14:49:32,847 - INFO: Validation ROC-AUC: 0.367963
2025-04-24 14:49:43,761 - INFO: Evaluating at iteration 37271
2025-04-24 14:49:44,418 - INFO: Loss: 0.539119
2025-04-24 14:49:44,418 - INFO: Training ROC-AUC: 0.525714
2025-04-24 14:49:44,418 - INFO: Validation ROC-AUC: 0.368233
2025-04-24 14:49:55,375 - INFO: Evaluating at iteration 37771
2025-04-24 14:49:56,033 - INFO: Loss: 0.441872
2025-04-24 14:49:56,034 - INFO: Training ROC-AUC: 0.660256
2025-04-24 14:49:56,034 - INFO: Validation ROC-AUC: 0.368253
2025-04-24 14:50:06,989 - INFO: Evaluating at iteration 38271
2025-04-24 14:50:07,637 - INFO: Loss: 0.329978
2025-04-24 14:50:07,637 - INFO: Training ROC-AUC: 0.551724
2025-04-24 14:50:07,637 - INFO: Validation ROC-AUC: 0.367606
2025-04-24 14:50:16,787 - INFO: Starting epoch 17
2025-04-24 14:50:16,811 - INFO: Evaluating at iteration 38689
2025-04-24 14:50:17,472 - INFO: Loss: 0.572797
2025-04-24 14:50:17,472 - INFO: Training ROC-AUC: 0.422857
2025-04-24 14:50:17,472 - INFO: Validation ROC-AUC: 0.367588
2025-04-24 14:50:28,435 - INFO: Evaluating at iteration 39189
2025-04-24 14:50:29,084 - INFO: Loss: 0.357546
2025-04-24 14:50:29,084 - INFO: Training ROC-AUC: 0.750000
2025-04-24 14:50:29,084 - INFO: Validation ROC-AUC: 0.367625
2025-04-24 14:50:40,016 - INFO: Evaluating at iteration 39689
2025-04-24 14:50:40,682 - INFO: Loss: 0.529735
2025-04-24 14:50:40,682 - INFO: Training ROC-AUC: 0.560000
2025-04-24 14:50:40,682 - INFO: Validation ROC-AUC: 0.367541
2025-04-24 14:50:51,678 - INFO: Evaluating at iteration 40189
2025-04-24 14:50:52,330 - INFO: Loss: 0.388117
2025-04-24 14:50:52,330 - INFO: Training ROC-AUC: 0.473214
2025-04-24 14:50:52,330 - INFO: Validation ROC-AUC: 0.367197
2025-04-24 14:51:03,301 - INFO: Evaluating at iteration 40689
2025-04-24 14:51:03,971 - INFO: Loss: 0.209893
2025-04-24 14:51:03,972 - INFO: Training ROC-AUC: 0.483871
2025-04-24 14:51:03,972 - INFO: Validation ROC-AUC: 0.367493
2025-04-24 14:51:13,224 - INFO: Starting epoch 18
2025-04-24 14:51:13,251 - INFO: Evaluating at iteration 41107
2025-04-24 14:51:13,927 - INFO: Loss: 0.364349
2025-04-24 14:51:13,927 - INFO: Training ROC-AUC: 0.705357
2025-04-24 14:51:13,927 - INFO: Validation ROC-AUC: 0.367647
2025-04-24 14:51:25,108 - INFO: Evaluating at iteration 41607
2025-04-24 14:51:25,754 - INFO: Loss: 0.441007
2025-04-24 14:51:25,754 - INFO: Training ROC-AUC: 0.724359
2025-04-24 14:51:25,754 - INFO: Validation ROC-AUC: 0.367640
2025-04-24 14:51:36,826 - INFO: Evaluating at iteration 42107
2025-04-24 14:51:37,472 - INFO: Loss: 0.500919
2025-04-24 14:51:37,472 - INFO: Training ROC-AUC: 0.714286
2025-04-24 14:51:37,472 - INFO: Validation ROC-AUC: 0.367916
2025-04-24 14:51:48,648 - INFO: Evaluating at iteration 42607
2025-04-24 14:51:49,298 - INFO: Loss: 0.605791
2025-04-24 14:51:49,298 - INFO: Training ROC-AUC: 0.760417
2025-04-24 14:51:49,298 - INFO: Validation ROC-AUC: 0.367638
2025-04-24 14:52:00,506 - INFO: Evaluating at iteration 43107
2025-04-24 14:52:01,178 - INFO: Loss: 0.601960
2025-04-24 14:52:01,178 - INFO: Training ROC-AUC: 0.661836
2025-04-24 14:52:01,178 - INFO: Validation ROC-AUC: 0.368197
2025-04-24 14:52:10,559 - INFO: Starting epoch 19
2025-04-24 14:52:10,583 - INFO: Evaluating at iteration 43525
2025-04-24 14:52:11,240 - INFO: Loss: 0.439180
2025-04-24 14:52:11,240 - INFO: Training ROC-AUC: 0.525926
2025-04-24 14:52:11,240 - INFO: Validation ROC-AUC: 0.367463
2025-04-24 14:52:22,622 - INFO: Evaluating at iteration 44025
2025-04-24 14:52:23,287 - INFO: Loss: 0.420866
2025-04-24 14:52:23,287 - INFO: Training ROC-AUC: 0.585185
2025-04-24 14:52:23,287 - INFO: Validation ROC-AUC: 0.367145
2025-04-24 14:52:34,732 - INFO: Evaluating at iteration 44525
2025-04-24 14:52:35,395 - INFO: Loss: 0.410465
2025-04-24 14:52:35,395 - INFO: Training ROC-AUC: 0.688889
2025-04-24 14:52:35,395 - INFO: Validation ROC-AUC: 0.366687
2025-04-24 14:52:47,002 - INFO: Evaluating at iteration 45025
2025-04-24 14:52:47,655 - INFO: Loss: 0.522512
2025-04-24 14:52:47,656 - INFO: Training ROC-AUC: 0.457143
2025-04-24 14:52:47,656 - INFO: Validation ROC-AUC: 0.367756
2025-04-24 14:52:59,343 - INFO: Evaluating at iteration 45525
2025-04-24 14:53:00,010 - INFO: Loss: 0.398285
2025-04-24 14:53:00,010 - INFO: Training ROC-AUC: 0.644444
2025-04-24 14:53:00,010 - INFO: Validation ROC-AUC: 0.367127
2025-04-24 14:53:09,956 - INFO: Starting epoch 20
2025-04-24 14:53:09,981 - INFO: Evaluating at iteration 45943
2025-04-24 14:53:10,645 - INFO: Loss: 0.284041
2025-04-24 14:53:10,645 - INFO: Training ROC-AUC: 0.533333
2025-04-24 14:53:10,646 - INFO: Validation ROC-AUC: 0.367093
2025-04-24 14:53:22,553 - INFO: Evaluating at iteration 46443
2025-04-24 14:53:23,216 - INFO: Loss: 0.576961
2025-04-24 14:53:23,216 - INFO: Training ROC-AUC: 0.365714
2025-04-24 14:53:23,216 - INFO: Validation ROC-AUC: 0.366434
2025-04-24 14:53:35,170 - INFO: Evaluating at iteration 46943
2025-04-24 14:53:35,824 - INFO: Loss: 0.233870
2025-04-24 14:53:35,824 - INFO: Training ROC-AUC: 0.903226
2025-04-24 14:53:35,824 - INFO: Validation ROC-AUC: 0.367182
2025-04-24 14:53:47,923 - INFO: Evaluating at iteration 47443
2025-04-24 14:53:48,589 - INFO: Loss: 0.485160
2025-04-24 14:53:48,590 - INFO: Training ROC-AUC: 0.737143
2025-04-24 14:53:48,590 - INFO: Validation ROC-AUC: 0.367816
2025-04-24 14:54:00,613 - INFO: Evaluating at iteration 47943
2025-04-24 14:54:01,269 - INFO: Loss: 0.450446
2025-04-24 14:54:01,269 - INFO: Training ROC-AUC: 0.414815
2025-04-24 14:54:01,269 - INFO: Validation ROC-AUC: 0.367402
2025-04-24 14:54:11,349 - INFO: Starting epoch 21
2025-04-24 14:54:11,374 - INFO: Evaluating at iteration 48361
2025-04-24 14:54:12,053 - INFO: Loss: 0.375561
2025-04-24 14:54:12,053 - INFO: Training ROC-AUC: 0.660714
2025-04-24 14:54:12,053 - INFO: Validation ROC-AUC: 0.366831
2025-04-24 14:54:25,206 - INFO: Evaluating at iteration 48861
2025-04-24 14:54:25,870 - INFO: Loss: 0.472026
2025-04-24 14:54:25,870 - INFO: Training ROC-AUC: 0.621795
2025-04-24 14:54:25,870 - INFO: Validation ROC-AUC: 0.366742
2025-04-24 14:54:38,005 - INFO: Evaluating at iteration 49361
2025-04-24 14:54:38,673 - INFO: Loss: 0.335273
2025-04-24 14:54:38,673 - INFO: Training ROC-AUC: 0.741071
2025-04-24 14:54:38,673 - INFO: Validation ROC-AUC: 0.366606
2025-04-24 14:54:51,274 - INFO: Evaluating at iteration 49861
2025-04-24 14:54:51,931 - INFO: Loss: 0.398121
2025-04-24 14:54:51,931 - INFO: Training ROC-AUC: 0.562500
2025-04-24 14:54:51,931 - INFO: Validation ROC-AUC: 0.366578
2025-04-24 14:55:04,076 - INFO: Evaluating at iteration 50361
2025-04-24 14:55:04,746 - INFO: Loss: 0.517186
2025-04-24 14:55:04,746 - INFO: Training ROC-AUC: 0.661458
2025-04-24 14:55:04,746 - INFO: Validation ROC-AUC: 0.365720
2025-04-24 14:55:14,996 - INFO: Starting epoch 22
2025-04-24 14:55:15,021 - INFO: Evaluating at iteration 50779
2025-04-24 14:55:15,678 - INFO: Loss: 0.420348
2025-04-24 14:55:15,679 - INFO: Training ROC-AUC: 0.724359
2025-04-24 14:55:15,679 - INFO: Validation ROC-AUC: 0.366259
2025-04-24 14:55:28,185 - INFO: Evaluating at iteration 51279
2025-04-24 14:55:28,844 - INFO: Loss: 0.474420
2025-04-24 14:55:28,845 - INFO: Training ROC-AUC: 0.378205
2025-04-24 14:55:28,845 - INFO: Validation ROC-AUC: 0.365793
2025-04-24 14:55:40,991 - INFO: Evaluating at iteration 51779
2025-04-24 14:55:41,678 - INFO: Loss: 0.343750
2025-04-24 14:55:41,679 - INFO: Training ROC-AUC: 0.551724
2025-04-24 14:55:41,679 - INFO: Validation ROC-AUC: 0.365495
2025-04-24 14:55:53,864 - INFO: Evaluating at iteration 52279
2025-04-24 14:55:54,518 - INFO: Loss: 0.262374
2025-04-24 14:55:54,518 - INFO: Training ROC-AUC: 0.816667
2025-04-24 14:55:54,519 - INFO: Validation ROC-AUC: 0.365601
2025-04-24 14:56:06,836 - INFO: Evaluating at iteration 52779
2025-04-24 14:56:07,489 - INFO: Loss: 0.333520
2025-04-24 14:56:07,490 - INFO: Training ROC-AUC: 0.830357
2025-04-24 14:56:07,490 - INFO: Validation ROC-AUC: 0.365420
2025-04-24 14:56:18,027 - INFO: Starting epoch 23
2025-04-24 14:56:18,053 - INFO: Evaluating at iteration 53197
2025-04-24 14:56:18,725 - INFO: Loss: 0.412599
2025-04-24 14:56:18,725 - INFO: Training ROC-AUC: 0.681481
2025-04-24 14:56:18,726 - INFO: Validation ROC-AUC: 0.365718
2025-04-24 14:56:30,966 - INFO: Evaluating at iteration 53697
2025-04-24 14:56:31,627 - INFO: Loss: 0.433249
2025-04-24 14:56:31,627 - INFO: Training ROC-AUC: 0.607407
2025-04-24 14:56:31,627 - INFO: Validation ROC-AUC: 0.365697
2025-04-24 14:56:43,810 - INFO: Evaluating at iteration 54197
2025-04-24 14:56:44,469 - INFO: Loss: 0.698962
2025-04-24 14:56:44,469 - INFO: Training ROC-AUC: 0.563636
2025-04-24 14:56:44,469 - INFO: Validation ROC-AUC: 0.365142
2025-04-24 14:56:56,722 - INFO: Evaluating at iteration 54697
2025-04-24 14:56:57,387 - INFO: Loss: 0.542503
2025-04-24 14:56:57,387 - INFO: Training ROC-AUC: 0.760417
2025-04-24 14:56:57,387 - INFO: Validation ROC-AUC: 0.364995
2025-04-24 14:57:09,572 - INFO: Evaluating at iteration 55197
2025-04-24 14:57:10,224 - INFO: Loss: 0.346399
2025-04-24 14:57:10,225 - INFO: Training ROC-AUC: 0.714286
2025-04-24 14:57:10,225 - INFO: Validation ROC-AUC: 0.364713
2025-04-24 14:57:20,519 - INFO: Starting epoch 24
2025-04-24 14:57:20,545 - INFO: Evaluating at iteration 55615
2025-04-24 14:57:21,214 - INFO: Loss: 0.408804
2025-04-24 14:57:21,215 - INFO: Training ROC-AUC: 0.688889
2025-04-24 14:57:21,215 - INFO: Validation ROC-AUC: 0.365196
2025-04-24 14:57:33,438 - INFO: Evaluating at iteration 56115
2025-04-24 14:57:34,103 - INFO: Loss: 0.374991
2025-04-24 14:57:34,103 - INFO: Training ROC-AUC: 0.642857
2025-04-24 14:57:34,103 - INFO: Validation ROC-AUC: 0.364967
2025-04-24 14:57:46,343 - INFO: Evaluating at iteration 56615
2025-04-24 14:57:46,998 - INFO: Loss: 0.442627
2025-04-24 14:57:46,998 - INFO: Training ROC-AUC: 0.814103
2025-04-24 14:57:46,998 - INFO: Validation ROC-AUC: 0.365336
2025-04-24 14:57:59,400 - INFO: Evaluating at iteration 57115
2025-04-24 14:58:00,053 - INFO: Loss: 0.331765
2025-04-24 14:58:00,053 - INFO: Training ROC-AUC: 0.482759
2025-04-24 14:58:00,053 - INFO: Validation ROC-AUC: 0.365219
2025-04-24 14:58:12,261 - INFO: Evaluating at iteration 57615
2025-04-24 14:58:12,916 - INFO: Loss: 0.477095
2025-04-24 14:58:12,916 - INFO: Training ROC-AUC: 0.532051
2025-04-24 14:58:12,916 - INFO: Validation ROC-AUC: 0.364862
2025-04-24 14:58:23,125 - INFO: Starting epoch 25
2025-04-24 14:58:23,151 - INFO: Evaluating at iteration 58033
2025-04-24 14:58:23,816 - INFO: Loss: 0.452960
2025-04-24 14:58:23,816 - INFO: Training ROC-AUC: 0.711538
2025-04-24 14:58:23,816 - INFO: Validation ROC-AUC: 0.364302
2025-04-24 14:58:36,065 - INFO: Evaluating at iteration 58533
2025-04-24 14:58:36,717 - INFO: Loss: 0.387972
2025-04-24 14:58:36,717 - INFO: Training ROC-AUC: 0.482143
2025-04-24 14:58:36,717 - INFO: Validation ROC-AUC: 0.364307
2025-04-24 14:58:48,947 - INFO: Evaluating at iteration 59033
2025-04-24 14:58:49,613 - INFO: Loss: 0.468456
2025-04-24 14:58:49,613 - INFO: Training ROC-AUC: 0.583333
2025-04-24 14:58:49,613 - INFO: Validation ROC-AUC: 0.364354
2025-04-24 14:59:01,911 - INFO: Evaluating at iteration 59533
2025-04-24 14:59:02,568 - INFO: Loss: 0.430118
2025-04-24 14:59:02,568 - INFO: Training ROC-AUC: 0.548148
2025-04-24 14:59:02,568 - INFO: Validation ROC-AUC: 0.364142
2025-04-24 14:59:14,823 - INFO: Evaluating at iteration 60033
2025-04-24 14:59:15,497 - INFO: Loss: 0.491754
2025-04-24 14:59:15,498 - INFO: Training ROC-AUC: 0.657143
2025-04-24 14:59:15,498 - INFO: Validation ROC-AUC: 0.363702
2025-04-24 14:59:25,722 - INFO: Saving model to models/TCRStructMap_contact_probabilities/model_4.pt
2025-04-24 14:59:25,743 - INFO: Starting fold 5
2025-04-24 14:59:25,777 - INFO: Initialising model
2025-04-24 14:59:25,787 - INFO: Starting training
2025-04-24 14:59:25,787 - INFO: Starting epoch 1
2025-04-24 14:59:25,810 - INFO: Evaluating at iteration 1
2025-04-24 14:59:26,286 - INFO: Loss: 0.682825
2025-04-24 14:59:26,286 - INFO: Training ROC-AUC: 0.344828
2025-04-24 14:59:26,286 - INFO: Validation ROC-AUC: 0.493976
2025-04-24 14:59:36,487 - INFO: Evaluating at iteration 501
2025-04-24 14:59:36,954 - INFO: Loss: 0.489303
2025-04-24 14:59:36,954 - INFO: Training ROC-AUC: 0.288462
2025-04-24 14:59:36,955 - INFO: Validation ROC-AUC: 0.500542
2025-04-24 14:59:47,914 - INFO: Evaluating at iteration 1001
2025-04-24 14:59:48,383 - INFO: Loss: 0.435459
2025-04-24 14:59:48,384 - INFO: Training ROC-AUC: 0.503704
2025-04-24 14:59:48,384 - INFO: Validation ROC-AUC: 0.490511
2025-04-24 14:59:59,418 - INFO: Evaluating at iteration 1501
2025-04-24 14:59:59,888 - INFO: Loss: 0.388567
2025-04-24 14:59:59,888 - INFO: Training ROC-AUC: 0.383929
2025-04-24 14:59:59,888 - INFO: Validation ROC-AUC: 0.481440
2025-04-24 15:00:10,849 - INFO: Evaluating at iteration 2001
2025-04-24 15:00:11,323 - INFO: Loss: 0.431540
2025-04-24 15:00:11,323 - INFO: Training ROC-AUC: 0.622222
2025-04-24 15:00:11,323 - INFO: Validation ROC-AUC: 0.465991
2025-04-24 15:00:21,738 - INFO: Starting epoch 2
2025-04-24 15:00:21,762 - INFO: Evaluating at iteration 2475
2025-04-24 15:00:22,225 - INFO: Loss: 0.343962
2025-04-24 15:00:22,225 - INFO: Training ROC-AUC: 0.390805
2025-04-24 15:00:22,225 - INFO: Validation ROC-AUC: 0.448326
2025-04-24 15:00:33,251 - INFO: Evaluating at iteration 2975
2025-04-24 15:00:33,717 - INFO: Loss: 0.396636
2025-04-24 15:00:33,717 - INFO: Training ROC-AUC: 0.339286
2025-04-24 15:00:33,718 - INFO: Validation ROC-AUC: 0.441107
2025-04-24 15:00:44,681 - INFO: Evaluating at iteration 3475
2025-04-24 15:00:45,150 - INFO: Loss: 0.627891
2025-04-24 15:00:45,150 - INFO: Training ROC-AUC: 0.463768
2025-04-24 15:00:45,150 - INFO: Validation ROC-AUC: 0.433784
2025-04-24 15:00:56,166 - INFO: Evaluating at iteration 3975
2025-04-24 15:00:56,643 - INFO: Loss: 0.497136
2025-04-24 15:00:56,643 - INFO: Training ROC-AUC: 0.333333
2025-04-24 15:00:56,644 - INFO: Validation ROC-AUC: 0.432027
2025-04-24 15:01:07,591 - INFO: Evaluating at iteration 4475
2025-04-24 15:01:08,058 - INFO: Loss: 0.382656
2025-04-24 15:01:08,058 - INFO: Training ROC-AUC: 0.607143
2025-04-24 15:01:08,058 - INFO: Validation ROC-AUC: 0.431853
2025-04-24 15:01:18,806 - INFO: Starting epoch 3
2025-04-24 15:01:18,830 - INFO: Evaluating at iteration 4949
2025-04-24 15:01:19,295 - INFO: Loss: 0.338918
2025-04-24 15:01:19,295 - INFO: Training ROC-AUC: 0.183908
2025-04-24 15:01:19,295 - INFO: Validation ROC-AUC: 0.434863
2025-04-24 15:01:30,561 - INFO: Evaluating at iteration 5449
2025-04-24 15:01:31,030 - INFO: Loss: 0.430063
2025-04-24 15:01:31,030 - INFO: Training ROC-AUC: 0.651852
2025-04-24 15:01:31,030 - INFO: Validation ROC-AUC: 0.438903
2025-04-24 15:01:41,959 - INFO: Evaluating at iteration 5949
2025-04-24 15:01:42,429 - INFO: Loss: 0.582807
2025-04-24 15:01:42,429 - INFO: Training ROC-AUC: 0.604167
2025-04-24 15:01:42,429 - INFO: Validation ROC-AUC: 0.439819
2025-04-24 15:01:53,378 - INFO: Evaluating at iteration 6449
2025-04-24 15:01:53,850 - INFO: Loss: 0.628027
2025-04-24 15:01:53,850 - INFO: Training ROC-AUC: 0.521739
2025-04-24 15:01:53,850 - INFO: Validation ROC-AUC: 0.442237
2025-04-24 15:02:04,815 - INFO: Evaluating at iteration 6949
2025-04-24 15:02:05,280 - INFO: Loss: 0.332632
2025-04-24 15:02:05,280 - INFO: Training ROC-AUC: 0.620690
2025-04-24 15:02:05,280 - INFO: Validation ROC-AUC: 0.443020
2025-04-24 15:02:15,977 - INFO: Starting epoch 4
2025-04-24 15:02:16,000 - INFO: Evaluating at iteration 7423
2025-04-24 15:02:16,465 - INFO: Loss: 0.483050
2025-04-24 15:02:16,465 - INFO: Training ROC-AUC: 0.500000
2025-04-24 15:02:16,465 - INFO: Validation ROC-AUC: 0.443523
2025-04-24 15:02:27,454 - INFO: Evaluating at iteration 7923
2025-04-24 15:02:27,926 - INFO: Loss: 0.537625
2025-04-24 15:02:27,926 - INFO: Training ROC-AUC: 0.428571
2025-04-24 15:02:27,926 - INFO: Validation ROC-AUC: 0.443151
2025-04-24 15:02:38,888 - INFO: Evaluating at iteration 8423
2025-04-24 15:02:39,351 - INFO: Loss: 0.492878
2025-04-24 15:02:39,351 - INFO: Training ROC-AUC: 0.403846
2025-04-24 15:02:39,351 - INFO: Validation ROC-AUC: 0.442439
2025-04-24 15:02:50,636 - INFO: Evaluating at iteration 8923
2025-04-24 15:02:51,111 - INFO: Loss: 0.542617
2025-04-24 15:02:51,111 - INFO: Training ROC-AUC: 0.280000
2025-04-24 15:02:51,111 - INFO: Validation ROC-AUC: 0.444824
2025-04-24 15:03:02,040 - INFO: Evaluating at iteration 9423
2025-04-24 15:03:02,506 - INFO: Loss: 0.335486
2025-04-24 15:03:02,506 - INFO: Training ROC-AUC: 0.586207
2025-04-24 15:03:02,506 - INFO: Validation ROC-AUC: 0.448250
2025-04-24 15:03:12,866 - INFO: Starting epoch 5
2025-04-24 15:03:12,889 - INFO: Evaluating at iteration 9897
2025-04-24 15:03:13,354 - INFO: Loss: 0.378718
2025-04-24 15:03:13,354 - INFO: Training ROC-AUC: 0.669643
2025-04-24 15:03:13,354 - INFO: Validation ROC-AUC: 0.447603
2025-04-24 15:03:25,326 - INFO: Evaluating at iteration 10397
2025-04-24 15:03:25,790 - INFO: Loss: 0.486312
2025-04-24 15:03:25,790 - INFO: Training ROC-AUC: 0.403846
2025-04-24 15:03:25,791 - INFO: Validation ROC-AUC: 0.448239
2025-04-24 15:03:36,802 - INFO: Evaluating at iteration 10897
2025-04-24 15:03:37,276 - INFO: Loss: 0.599854
2025-04-24 15:03:37,276 - INFO: Training ROC-AUC: 0.348958
2025-04-24 15:03:37,276 - INFO: Validation ROC-AUC: 0.449338
2025-04-24 15:03:48,342 - INFO: Evaluating at iteration 11397
2025-04-24 15:03:48,810 - INFO: Loss: 0.433289
2025-04-24 15:03:48,810 - INFO: Training ROC-AUC: 0.540741
2025-04-24 15:03:48,810 - INFO: Validation ROC-AUC: 0.450068
2025-04-24 15:03:59,749 - INFO: Evaluating at iteration 11897
2025-04-24 15:04:00,215 - INFO: Loss: 0.433070
2025-04-24 15:04:00,215 - INFO: Training ROC-AUC: 0.562963
2025-04-24 15:04:00,215 - INFO: Validation ROC-AUC: 0.449964
2025-04-24 15:04:10,587 - INFO: Starting epoch 6
2025-04-24 15:04:10,610 - INFO: Evaluating at iteration 12371
2025-04-24 15:04:11,075 - INFO: Loss: 0.328922
2025-04-24 15:04:11,075 - INFO: Training ROC-AUC: 0.574713
2025-04-24 15:04:11,075 - INFO: Validation ROC-AUC: 0.449988
2025-04-24 15:04:22,211 - INFO: Evaluating at iteration 12871
2025-04-24 15:04:22,676 - INFO: Loss: 0.487382
2025-04-24 15:04:22,676 - INFO: Training ROC-AUC: 0.435897
2025-04-24 15:04:22,676 - INFO: Validation ROC-AUC: 0.450563
2025-04-24 15:04:33,651 - INFO: Evaluating at iteration 13371
2025-04-24 15:04:34,126 - INFO: Loss: 0.476834
2025-04-24 15:04:34,126 - INFO: Training ROC-AUC: 0.666667
2025-04-24 15:04:34,126 - INFO: Validation ROC-AUC: 0.452467
2025-04-24 15:04:45,160 - INFO: Evaluating at iteration 13871
2025-04-24 15:04:45,632 - INFO: Loss: 0.576704
2025-04-24 15:04:45,632 - INFO: Training ROC-AUC: 0.630208
2025-04-24 15:04:45,632 - INFO: Validation ROC-AUC: 0.451917
2025-04-24 15:04:56,589 - INFO: Evaluating at iteration 14371
2025-04-24 15:04:57,071 - INFO: Loss: 0.430196
2025-04-24 15:04:57,071 - INFO: Training ROC-AUC: 0.748148
2025-04-24 15:04:57,071 - INFO: Validation ROC-AUC: 0.451725
2025-04-24 15:05:07,440 - INFO: Starting epoch 7
2025-04-24 15:05:07,463 - INFO: Evaluating at iteration 14845
2025-04-24 15:05:07,927 - INFO: Loss: 0.683920
2025-04-24 15:05:07,927 - INFO: Training ROC-AUC: 0.500000
2025-04-24 15:05:07,927 - INFO: Validation ROC-AUC: 0.451727
2025-04-24 15:05:18,935 - INFO: Evaluating at iteration 15345
2025-04-24 15:05:19,400 - INFO: Loss: 0.382909
2025-04-24 15:05:19,400 - INFO: Training ROC-AUC: 0.633929
2025-04-24 15:05:19,400 - INFO: Validation ROC-AUC: 0.452026
2025-04-24 15:05:30,374 - INFO: Evaluating at iteration 15845
2025-04-24 15:05:30,853 - INFO: Loss: 0.628474
2025-04-24 15:05:30,853 - INFO: Training ROC-AUC: 0.526570
2025-04-24 15:05:30,853 - INFO: Validation ROC-AUC: 0.452625
2025-04-24 15:05:41,876 - INFO: Evaluating at iteration 16345
2025-04-24 15:05:42,346 - INFO: Loss: 0.619552
2025-04-24 15:05:42,346 - INFO: Training ROC-AUC: 0.710145
2025-04-24 15:05:42,346 - INFO: Validation ROC-AUC: 0.452377
2025-04-24 15:05:53,280 - INFO: Evaluating at iteration 16845
2025-04-24 15:05:53,749 - INFO: Loss: 0.480319
2025-04-24 15:05:53,749 - INFO: Training ROC-AUC: 0.589744
2025-04-24 15:05:53,749 - INFO: Validation ROC-AUC: 0.452741
2025-04-24 15:06:04,483 - INFO: Starting epoch 8
2025-04-24 15:06:04,506 - INFO: Evaluating at iteration 17319
2025-04-24 15:06:04,971 - INFO: Loss: 0.641198
2025-04-24 15:06:04,971 - INFO: Training ROC-AUC: 0.671498
2025-04-24 15:06:04,971 - INFO: Validation ROC-AUC: 0.452813
2025-04-24 15:06:16,356 - INFO: Evaluating at iteration 17819
2025-04-24 15:06:16,821 - INFO: Loss: 0.522828
2025-04-24 15:06:16,821 - INFO: Training ROC-AUC: 0.571429
2025-04-24 15:06:16,821 - INFO: Validation ROC-AUC: 0.453447
2025-04-24 15:06:27,913 - INFO: Evaluating at iteration 18319
2025-04-24 15:06:28,386 - INFO: Loss: 0.434205
2025-04-24 15:06:28,386 - INFO: Training ROC-AUC: 0.503704
2025-04-24 15:06:28,386 - INFO: Validation ROC-AUC: 0.452175
2025-04-24 15:06:39,739 - INFO: Evaluating at iteration 18819
2025-04-24 15:06:40,203 - INFO: Loss: 0.587774
2025-04-24 15:06:40,204 - INFO: Training ROC-AUC: 0.526042
2025-04-24 15:06:40,204 - INFO: Validation ROC-AUC: 0.453283
2025-04-24 15:06:51,196 - INFO: Evaluating at iteration 19319
2025-04-24 15:06:51,661 - INFO: Loss: 0.428024
2025-04-24 15:06:51,661 - INFO: Training ROC-AUC: 0.792593
2025-04-24 15:06:51,661 - INFO: Validation ROC-AUC: 0.453550
2025-04-24 15:07:02,120 - INFO: Starting epoch 9
2025-04-24 15:07:02,144 - INFO: Evaluating at iteration 19793
2025-04-24 15:07:02,608 - INFO: Loss: 0.424002
2025-04-24 15:07:02,608 - INFO: Training ROC-AUC: 0.688889
2025-04-24 15:07:02,608 - INFO: Validation ROC-AUC: 0.453661
2025-04-24 15:07:14,046 - INFO: Evaluating at iteration 20293
2025-04-24 15:07:14,520 - INFO: Loss: 0.431041
2025-04-24 15:07:14,520 - INFO: Training ROC-AUC: 0.562963
2025-04-24 15:07:14,520 - INFO: Validation ROC-AUC: 0.453591
2025-04-24 15:07:25,482 - INFO: Evaluating at iteration 20793
2025-04-24 15:07:25,947 - INFO: Loss: 0.514931
2025-04-24 15:07:25,947 - INFO: Training ROC-AUC: 0.731429
2025-04-24 15:07:25,947 - INFO: Validation ROC-AUC: 0.454246
2025-04-24 15:07:36,940 - INFO: Evaluating at iteration 21293
2025-04-24 15:07:37,405 - INFO: Loss: 0.584651
2025-04-24 15:07:37,405 - INFO: Training ROC-AUC: 0.526042
2025-04-24 15:07:37,405 - INFO: Validation ROC-AUC: 0.454742
2025-04-24 15:07:48,389 - INFO: Evaluating at iteration 21793
2025-04-24 15:07:48,852 - INFO: Loss: 0.323965
2025-04-24 15:07:48,852 - INFO: Training ROC-AUC: 0.816092
2025-04-24 15:07:48,852 - INFO: Validation ROC-AUC: 0.454921
2025-04-24 15:07:59,501 - INFO: Starting epoch 10
2025-04-24 15:07:59,524 - INFO: Evaluating at iteration 22267
2025-04-24 15:07:59,988 - INFO: Loss: 0.531110
2025-04-24 15:07:59,988 - INFO: Training ROC-AUC: 0.508571
2025-04-24 15:07:59,988 - INFO: Validation ROC-AUC: 0.454676
2025-04-24 15:08:11,082 - INFO: Evaluating at iteration 22767
2025-04-24 15:08:11,562 - INFO: Loss: 0.379146
2025-04-24 15:08:11,562 - INFO: Training ROC-AUC: 0.482143
2025-04-24 15:08:11,562 - INFO: Validation ROC-AUC: 0.454487
2025-04-24 15:08:22,554 - INFO: Evaluating at iteration 23267
2025-04-24 15:08:23,019 - INFO: Loss: 0.426825
2025-04-24 15:08:23,019 - INFO: Training ROC-AUC: 0.651852
2025-04-24 15:08:23,020 - INFO: Validation ROC-AUC: 0.455154
2025-04-24 15:08:34,130 - INFO: Evaluating at iteration 23767
2025-04-24 15:08:34,596 - INFO: Loss: 0.477484
2025-04-24 15:08:34,596 - INFO: Training ROC-AUC: 0.653846
2025-04-24 15:08:34,596 - INFO: Validation ROC-AUC: 0.455318
2025-04-24 15:08:45,628 - INFO: Evaluating at iteration 24267
2025-04-24 15:08:46,092 - INFO: Loss: 0.482443
2025-04-24 15:08:46,092 - INFO: Training ROC-AUC: 0.455128
2025-04-24 15:08:46,092 - INFO: Validation ROC-AUC: 0.455715
2025-04-24 15:08:56,517 - INFO: Starting epoch 11
2025-04-24 15:08:56,541 - INFO: Evaluating at iteration 24741
2025-04-24 15:08:57,018 - INFO: Loss: 0.523319
2025-04-24 15:08:57,018 - INFO: Training ROC-AUC: 0.834286
2025-04-24 15:08:57,018 - INFO: Validation ROC-AUC: 0.455321
2025-04-24 15:09:08,038 - INFO: Evaluating at iteration 25241
2025-04-24 15:09:08,515 - INFO: Loss: 0.488312
2025-04-24 15:09:08,515 - INFO: Training ROC-AUC: 0.384615
2025-04-24 15:09:08,515 - INFO: Validation ROC-AUC: 0.456262
2025-04-24 15:09:19,483 - INFO: Evaluating at iteration 25741
2025-04-24 15:09:19,950 - INFO: Loss: 0.419909
2025-04-24 15:09:19,950 - INFO: Training ROC-AUC: 0.711111
2025-04-24 15:09:19,950 - INFO: Validation ROC-AUC: 0.456786
2025-04-24 15:09:30,932 - INFO: Evaluating at iteration 26241
2025-04-24 15:09:31,396 - INFO: Loss: 0.367360
2025-04-24 15:09:31,396 - INFO: Training ROC-AUC: 0.741071
2025-04-24 15:09:31,396 - INFO: Validation ROC-AUC: 0.456218
2025-04-24 15:09:42,360 - INFO: Evaluating at iteration 26741
2025-04-24 15:09:42,833 - INFO: Loss: 0.287640
2025-04-24 15:09:42,833 - INFO: Training ROC-AUC: 0.416667
2025-04-24 15:09:42,833 - INFO: Validation ROC-AUC: 0.456373
2025-04-24 15:09:53,220 - INFO: Starting epoch 12
2025-04-24 15:09:53,244 - INFO: Evaluating at iteration 27215
2025-04-24 15:09:53,725 - INFO: Loss: 0.379400
2025-04-24 15:09:53,726 - INFO: Training ROC-AUC: 0.589286
2025-04-24 15:09:53,726 - INFO: Validation ROC-AUC: 0.456012
2025-04-24 15:10:04,815 - INFO: Evaluating at iteration 27715
2025-04-24 15:10:05,283 - INFO: Loss: 0.342717
2025-04-24 15:10:05,283 - INFO: Training ROC-AUC: 0.310345
2025-04-24 15:10:05,283 - INFO: Validation ROC-AUC: 0.456103
2025-04-24 15:10:16,281 - INFO: Evaluating at iteration 28215
2025-04-24 15:10:16,775 - INFO: Loss: 0.446773
2025-04-24 15:10:16,775 - INFO: Training ROC-AUC: 0.377778
2025-04-24 15:10:16,775 - INFO: Validation ROC-AUC: 0.456296
2025-04-24 15:10:28,209 - INFO: Evaluating at iteration 28715
2025-04-24 15:10:28,674 - INFO: Loss: 0.327769
2025-04-24 15:10:28,674 - INFO: Training ROC-AUC: 0.551724
2025-04-24 15:10:28,674 - INFO: Validation ROC-AUC: 0.456032
2025-04-24 15:10:39,639 - INFO: Evaluating at iteration 29215
2025-04-24 15:10:40,105 - INFO: Loss: 0.532515
2025-04-24 15:10:40,106 - INFO: Training ROC-AUC: 0.440000
2025-04-24 15:10:40,106 - INFO: Validation ROC-AUC: 0.456601
2025-04-24 15:10:50,527 - INFO: Starting epoch 13
2025-04-24 15:10:50,550 - INFO: Evaluating at iteration 29689
2025-04-24 15:10:51,025 - INFO: Loss: 0.420757
2025-04-24 15:10:51,025 - INFO: Training ROC-AUC: 0.659259
2025-04-24 15:10:51,025 - INFO: Validation ROC-AUC: 0.456578
2025-04-24 15:11:02,163 - INFO: Evaluating at iteration 30189
2025-04-24 15:11:02,632 - INFO: Loss: 0.362588
2025-04-24 15:11:02,632 - INFO: Training ROC-AUC: 0.714286
2025-04-24 15:11:02,632 - INFO: Validation ROC-AUC: 0.456851
2025-04-24 15:11:13,689 - INFO: Evaluating at iteration 30689
2025-04-24 15:11:14,155 - INFO: Loss: 0.432737
2025-04-24 15:11:14,155 - INFO: Training ROC-AUC: 0.525926
2025-04-24 15:11:14,155 - INFO: Validation ROC-AUC: 0.457081
2025-04-24 15:11:25,186 - INFO: Evaluating at iteration 31189
2025-04-24 15:11:25,650 - INFO: Loss: 0.481063
2025-04-24 15:11:25,650 - INFO: Training ROC-AUC: 0.557692
2025-04-24 15:11:25,650 - INFO: Validation ROC-AUC: 0.457000
2025-04-24 15:11:36,644 - INFO: Evaluating at iteration 31689
2025-04-24 15:11:37,107 - INFO: Loss: 0.423710
2025-04-24 15:11:37,108 - INFO: Training ROC-AUC: 0.629630
2025-04-24 15:11:37,108 - INFO: Validation ROC-AUC: 0.457016
2025-04-24 15:11:47,559 - INFO: Starting epoch 14
2025-04-24 15:11:47,583 - INFO: Evaluating at iteration 32163
2025-04-24 15:11:48,059 - INFO: Loss: 0.272762
2025-04-24 15:11:48,059 - INFO: Training ROC-AUC: 0.161290
2025-04-24 15:11:48,059 - INFO: Validation ROC-AUC: 0.457255
2025-04-24 15:11:59,193 - INFO: Evaluating at iteration 32663
2025-04-24 15:11:59,661 - INFO: Loss: 0.458621
2025-04-24 15:11:59,661 - INFO: Training ROC-AUC: 0.852564
2025-04-24 15:11:59,661 - INFO: Validation ROC-AUC: 0.456962
2025-04-24 15:12:10,661 - INFO: Evaluating at iteration 33163
2025-04-24 15:12:11,124 - INFO: Loss: 0.456485
2025-04-24 15:12:11,124 - INFO: Training ROC-AUC: 0.794872
2025-04-24 15:12:11,124 - INFO: Validation ROC-AUC: 0.457257
2025-04-24 15:12:22,135 - INFO: Evaluating at iteration 33663
2025-04-24 15:12:22,601 - INFO: Loss: 0.321852
2025-04-24 15:12:22,601 - INFO: Training ROC-AUC: 0.655172
2025-04-24 15:12:22,601 - INFO: Validation ROC-AUC: 0.457201
2025-04-24 15:12:33,616 - INFO: Evaluating at iteration 34163
2025-04-24 15:12:34,086 - INFO: Loss: 0.436780
2025-04-24 15:12:34,087 - INFO: Training ROC-AUC: 0.743590
2025-04-24 15:12:34,087 - INFO: Validation ROC-AUC: 0.457510
2025-04-24 15:12:44,518 - INFO: Starting epoch 15
2025-04-24 15:12:44,542 - INFO: Evaluating at iteration 34637
2025-04-24 15:12:45,012 - INFO: Loss: 0.422948
2025-04-24 15:12:45,012 - INFO: Training ROC-AUC: 0.585185
2025-04-24 15:12:45,012 - INFO: Validation ROC-AUC: 0.458022
2025-04-24 15:12:56,011 - INFO: Evaluating at iteration 35137
2025-04-24 15:12:56,479 - INFO: Loss: 0.374907
2025-04-24 15:12:56,479 - INFO: Training ROC-AUC: 0.580357
2025-04-24 15:12:56,479 - INFO: Validation ROC-AUC: 0.458362
2025-04-24 15:13:07,474 - INFO: Evaluating at iteration 35637
2025-04-24 15:13:07,942 - INFO: Loss: 0.446621
2025-04-24 15:13:07,942 - INFO: Training ROC-AUC: 0.407407
2025-04-24 15:13:07,942 - INFO: Validation ROC-AUC: 0.458271
2025-04-24 15:13:18,995 - INFO: Evaluating at iteration 36137
2025-04-24 15:13:19,458 - INFO: Loss: 0.338269
2025-04-24 15:13:19,458 - INFO: Training ROC-AUC: 0.287356
2025-04-24 15:13:19,458 - INFO: Validation ROC-AUC: 0.458585
2025-04-24 15:13:30,482 - INFO: Evaluating at iteration 36637
2025-04-24 15:13:30,953 - INFO: Loss: 0.417558
2025-04-24 15:13:30,953 - INFO: Training ROC-AUC: 0.733333
2025-04-24 15:13:30,953 - INFO: Validation ROC-AUC: 0.458425
2025-04-24 15:13:41,365 - INFO: Starting epoch 16
2025-04-24 15:13:41,388 - INFO: Evaluating at iteration 37111
2025-04-24 15:13:41,868 - INFO: Loss: 0.441177
2025-04-24 15:13:41,868 - INFO: Training ROC-AUC: 0.562963
2025-04-24 15:13:41,868 - INFO: Validation ROC-AUC: 0.458805
2025-04-24 15:13:52,873 - INFO: Evaluating at iteration 37611
2025-04-24 15:13:53,339 - INFO: Loss: 0.360824
2025-04-24 15:13:53,339 - INFO: Training ROC-AUC: 0.367816
2025-04-24 15:13:53,339 - INFO: Validation ROC-AUC: 0.458954
2025-04-24 15:14:04,365 - INFO: Evaluating at iteration 38111
2025-04-24 15:14:04,832 - INFO: Loss: 0.471528
2025-04-24 15:14:04,832 - INFO: Training ROC-AUC: 0.737143
2025-04-24 15:14:04,832 - INFO: Validation ROC-AUC: 0.459176
2025-04-24 15:14:15,878 - INFO: Evaluating at iteration 38611
2025-04-24 15:14:16,347 - INFO: Loss: 0.390820
2025-04-24 15:14:16,347 - INFO: Training ROC-AUC: 0.762963
2025-04-24 15:14:16,347 - INFO: Validation ROC-AUC: 0.458859
2025-04-24 15:14:27,422 - INFO: Evaluating at iteration 39111
2025-04-24 15:14:27,901 - INFO: Loss: 0.657710
2025-04-24 15:14:27,901 - INFO: Training ROC-AUC: 0.662338
2025-04-24 15:14:27,901 - INFO: Validation ROC-AUC: 0.459265
2025-04-24 15:14:38,367 - INFO: Starting epoch 17
2025-04-24 15:14:38,391 - INFO: Evaluating at iteration 39585
2025-04-24 15:14:38,855 - INFO: Loss: 0.548430
2025-04-24 15:14:38,856 - INFO: Training ROC-AUC: 0.520000
2025-04-24 15:14:38,856 - INFO: Validation ROC-AUC: 0.459472
2025-04-24 15:14:49,932 - INFO: Evaluating at iteration 40085
2025-04-24 15:14:50,395 - INFO: Loss: 0.554948
2025-04-24 15:14:50,395 - INFO: Training ROC-AUC: 0.692708
2025-04-24 15:14:50,395 - INFO: Validation ROC-AUC: 0.459375
2025-04-24 15:15:01,495 - INFO: Evaluating at iteration 40585
2025-04-24 15:15:01,977 - INFO: Loss: 0.446569
2025-04-24 15:15:01,978 - INFO: Training ROC-AUC: 0.762821
2025-04-24 15:15:01,978 - INFO: Validation ROC-AUC: 0.459504
2025-04-24 15:15:13,188 - INFO: Evaluating at iteration 41085
2025-04-24 15:15:13,661 - INFO: Loss: 0.288511
2025-04-24 15:15:13,661 - INFO: Training ROC-AUC: 0.550000
2025-04-24 15:15:13,661 - INFO: Validation ROC-AUC: 0.460099
2025-04-24 15:15:24,761 - INFO: Evaluating at iteration 41585
2025-04-24 15:15:25,227 - INFO: Loss: 0.410368
2025-04-24 15:15:25,227 - INFO: Training ROC-AUC: 0.375000
2025-04-24 15:15:25,227 - INFO: Validation ROC-AUC: 0.460559
2025-04-24 15:15:35,834 - INFO: Starting epoch 18
2025-04-24 15:15:35,858 - INFO: Evaluating at iteration 42059
2025-04-24 15:15:36,325 - INFO: Loss: 0.596018
2025-04-24 15:15:36,325 - INFO: Training ROC-AUC: 0.700483
2025-04-24 15:15:36,325 - INFO: Validation ROC-AUC: 0.460505
2025-04-24 15:15:47,779 - INFO: Evaluating at iteration 42559
2025-04-24 15:15:48,242 - INFO: Loss: 0.548593
2025-04-24 15:15:48,242 - INFO: Training ROC-AUC: 0.600000
2025-04-24 15:15:48,242 - INFO: Validation ROC-AUC: 0.460505
2025-04-24 15:15:59,544 - INFO: Evaluating at iteration 43059
2025-04-24 15:16:00,007 - INFO: Loss: 0.441300
2025-04-24 15:16:00,007 - INFO: Training ROC-AUC: 0.851429
2025-04-24 15:16:00,007 - INFO: Validation ROC-AUC: 0.460597
2025-04-24 15:16:11,840 - INFO: Evaluating at iteration 43559
2025-04-24 15:16:12,316 - INFO: Loss: 0.428684
2025-04-24 15:16:12,316 - INFO: Training ROC-AUC: 0.666667
2025-04-24 15:16:12,316 - INFO: Validation ROC-AUC: 0.461274
2025-04-24 15:16:23,863 - INFO: Evaluating at iteration 44059
2025-04-24 15:16:24,328 - INFO: Loss: 0.245132
2025-04-24 15:16:24,328 - INFO: Training ROC-AUC: 0.935484
2025-04-24 15:16:24,328 - INFO: Validation ROC-AUC: 0.461210
2025-04-24 15:16:35,410 - INFO: Starting epoch 19
2025-04-24 15:16:35,434 - INFO: Evaluating at iteration 44533
2025-04-24 15:16:35,899 - INFO: Loss: 0.339505
2025-04-24 15:16:35,900 - INFO: Training ROC-AUC: 0.448276
2025-04-24 15:16:35,900 - INFO: Validation ROC-AUC: 0.461525
2025-04-24 15:16:47,877 - INFO: Evaluating at iteration 45033
2025-04-24 15:16:48,340 - INFO: Loss: 0.484014
2025-04-24 15:16:48,340 - INFO: Training ROC-AUC: 0.570513
2025-04-24 15:16:48,340 - INFO: Validation ROC-AUC: 0.461580
2025-04-24 15:17:00,190 - INFO: Evaluating at iteration 45533
2025-04-24 15:17:00,666 - INFO: Loss: 0.453913
2025-04-24 15:17:00,666 - INFO: Training ROC-AUC: 0.608974
2025-04-24 15:17:00,666 - INFO: Validation ROC-AUC: 0.461866
2025-04-24 15:17:12,691 - INFO: Evaluating at iteration 46033
2025-04-24 15:17:13,160 - INFO: Loss: 0.343208
2025-04-24 15:17:13,160 - INFO: Training ROC-AUC: 0.482759
2025-04-24 15:17:13,160 - INFO: Validation ROC-AUC: 0.462316
2025-04-24 15:17:25,266 - INFO: Evaluating at iteration 46533
2025-04-24 15:17:25,731 - INFO: Loss: 0.406602
2025-04-24 15:17:25,731 - INFO: Training ROC-AUC: 0.383929
2025-04-24 15:17:25,731 - INFO: Validation ROC-AUC: 0.462185
2025-04-24 15:17:37,282 - INFO: Starting epoch 20
2025-04-24 15:17:37,311 - INFO: Evaluating at iteration 47007
2025-04-24 15:17:37,776 - INFO: Loss: 0.419908
2025-04-24 15:17:37,776 - INFO: Training ROC-AUC: 0.585185
2025-04-24 15:17:37,776 - INFO: Validation ROC-AUC: 0.462617
2025-04-24 15:17:50,176 - INFO: Evaluating at iteration 47507
2025-04-24 15:17:50,637 - INFO: Loss: 0.300149
2025-04-24 15:17:50,638 - INFO: Training ROC-AUC: 0.551724
2025-04-24 15:17:50,638 - INFO: Validation ROC-AUC: 0.463257
2025-04-24 15:18:02,896 - INFO: Evaluating at iteration 48007
2025-04-24 15:18:03,372 - INFO: Loss: 0.322986
2025-04-24 15:18:03,373 - INFO: Training ROC-AUC: 0.794643
2025-04-24 15:18:03,373 - INFO: Validation ROC-AUC: 0.463309
2025-04-24 15:18:15,702 - INFO: Evaluating at iteration 48507
2025-04-24 15:18:16,170 - INFO: Loss: 0.313389
2025-04-24 15:18:16,170 - INFO: Training ROC-AUC: 0.678161
2025-04-24 15:18:16,170 - INFO: Validation ROC-AUC: 0.463420
2025-04-24 15:18:28,475 - INFO: Evaluating at iteration 49007
2025-04-24 15:18:28,938 - INFO: Loss: 0.536659
2025-04-24 15:18:28,938 - INFO: Training ROC-AUC: 0.525714
2025-04-24 15:18:28,939 - INFO: Validation ROC-AUC: 0.463960
2025-04-24 15:18:40,715 - INFO: Starting epoch 21
2025-04-24 15:18:40,743 - INFO: Evaluating at iteration 49481
2025-04-24 15:18:41,219 - INFO: Loss: 0.352354
2025-04-24 15:18:41,219 - INFO: Training ROC-AUC: 0.758929
2025-04-24 15:18:41,219 - INFO: Validation ROC-AUC: 0.463812
2025-04-24 15:18:53,673 - INFO: Evaluating at iteration 49981
2025-04-24 15:18:54,145 - INFO: Loss: 0.392672
2025-04-24 15:18:54,146 - INFO: Training ROC-AUC: 0.392857
2025-04-24 15:18:54,146 - INFO: Validation ROC-AUC: 0.464525
2025-04-24 15:19:06,533 - INFO: Evaluating at iteration 50481
2025-04-24 15:19:07,004 - INFO: Loss: 0.401921
2025-04-24 15:19:07,004 - INFO: Training ROC-AUC: 0.740741
2025-04-24 15:19:07,004 - INFO: Validation ROC-AUC: 0.464822
2025-04-24 15:19:19,489 - INFO: Evaluating at iteration 50981
2025-04-24 15:19:19,988 - INFO: Loss: 0.400046
2025-04-24 15:19:19,988 - INFO: Training ROC-AUC: 0.482143
2025-04-24 15:19:19,988 - INFO: Validation ROC-AUC: 0.465062
2025-04-24 15:19:32,382 - INFO: Evaluating at iteration 51481
2025-04-24 15:19:32,846 - INFO: Loss: 0.477388
2025-04-24 15:19:32,847 - INFO: Training ROC-AUC: 0.493590
2025-04-24 15:19:32,847 - INFO: Validation ROC-AUC: 0.465253
2025-04-24 15:19:44,591 - INFO: Starting epoch 22
2025-04-24 15:19:44,618 - INFO: Evaluating at iteration 51955
2025-04-24 15:19:45,090 - INFO: Loss: 0.538620
2025-04-24 15:19:45,090 - INFO: Training ROC-AUC: 0.781250
2025-04-24 15:19:45,090 - INFO: Validation ROC-AUC: 0.465316
2025-04-24 15:19:57,457 - INFO: Evaluating at iteration 52455
2025-04-24 15:19:57,927 - INFO: Loss: 0.295333
2025-04-24 15:19:57,927 - INFO: Training ROC-AUC: 0.781609
2025-04-24 15:19:57,927 - INFO: Validation ROC-AUC: 0.465583
2025-04-24 15:20:10,265 - INFO: Evaluating at iteration 52955
2025-04-24 15:20:10,731 - INFO: Loss: 0.524005
2025-04-24 15:20:10,732 - INFO: Training ROC-AUC: 0.611429
2025-04-24 15:20:10,732 - INFO: Validation ROC-AUC: 0.465958
2025-04-24 15:20:23,190 - INFO: Evaluating at iteration 53455
2025-04-24 15:20:23,653 - INFO: Loss: 0.488713
2025-04-24 15:20:23,654 - INFO: Training ROC-AUC: 0.474359
2025-04-24 15:20:23,654 - INFO: Validation ROC-AUC: 0.466114
2025-04-24 15:20:36,008 - INFO: Evaluating at iteration 53955
2025-04-24 15:20:36,480 - INFO: Loss: 0.595716
2025-04-24 15:20:36,480 - INFO: Training ROC-AUC: 0.628019
2025-04-24 15:20:36,480 - INFO: Validation ROC-AUC: 0.466742
2025-04-24 15:20:48,211 - INFO: Starting epoch 23
2025-04-24 15:20:48,237 - INFO: Evaluating at iteration 54429
2025-04-24 15:20:48,710 - INFO: Loss: 0.478398
2025-04-24 15:20:48,711 - INFO: Training ROC-AUC: 0.617143
2025-04-24 15:20:48,711 - INFO: Validation ROC-AUC: 0.466757
2025-04-24 15:21:01,084 - INFO: Evaluating at iteration 54929
2025-04-24 15:21:01,547 - INFO: Loss: 0.381308
2025-04-24 15:21:01,547 - INFO: Training ROC-AUC: 0.874074
2025-04-24 15:21:01,547 - INFO: Validation ROC-AUC: 0.466963
2025-04-24 15:21:13,924 - INFO: Evaluating at iteration 55429
2025-04-24 15:21:14,387 - INFO: Loss: 0.386420
2025-04-24 15:21:14,387 - INFO: Training ROC-AUC: 0.517857
2025-04-24 15:21:14,387 - INFO: Validation ROC-AUC: 0.467237
2025-04-24 15:21:26,852 - INFO: Evaluating at iteration 55929
2025-04-24 15:21:27,321 - INFO: Loss: 0.418168
2025-04-24 15:21:27,321 - INFO: Training ROC-AUC: 0.659259
2025-04-24 15:21:27,321 - INFO: Validation ROC-AUC: 0.467484
2025-04-24 15:21:39,680 - INFO: Evaluating at iteration 56429
2025-04-24 15:21:40,158 - INFO: Loss: 0.368375
2025-04-24 15:21:40,159 - INFO: Training ROC-AUC: 0.616071
2025-04-24 15:21:40,159 - INFO: Validation ROC-AUC: 0.467826
2025-04-24 15:21:51,901 - INFO: Starting epoch 24
2025-04-24 15:21:51,928 - INFO: Evaluating at iteration 56903
2025-04-24 15:21:52,391 - INFO: Loss: 0.310158
2025-04-24 15:21:52,392 - INFO: Training ROC-AUC: 0.712644
2025-04-24 15:21:52,392 - INFO: Validation ROC-AUC: 0.468372
2025-04-24 15:22:04,793 - INFO: Evaluating at iteration 57403
2025-04-24 15:22:05,261 - INFO: Loss: 0.533163
2025-04-24 15:22:05,261 - INFO: Training ROC-AUC: 0.594286
2025-04-24 15:22:05,261 - INFO: Validation ROC-AUC: 0.468972
2025-04-24 15:22:17,628 - INFO: Evaluating at iteration 57903
2025-04-24 15:22:18,092 - INFO: Loss: 0.505196
2025-04-24 15:22:18,092 - INFO: Training ROC-AUC: 0.532051
2025-04-24 15:22:18,092 - INFO: Validation ROC-AUC: 0.469147
2025-04-24 15:22:30,502 - INFO: Evaluating at iteration 58403
2025-04-24 15:22:30,979 - INFO: Loss: 0.421446
2025-04-24 15:22:30,979 - INFO: Training ROC-AUC: 0.637037
2025-04-24 15:22:30,979 - INFO: Validation ROC-AUC: 0.469505
2025-04-24 15:22:43,410 - INFO: Evaluating at iteration 58903
2025-04-24 15:22:43,874 - INFO: Loss: 0.454382
2025-04-24 15:22:43,874 - INFO: Training ROC-AUC: 0.385185
2025-04-24 15:22:43,874 - INFO: Validation ROC-AUC: 0.469868
2025-04-24 15:22:55,579 - INFO: Starting epoch 25
2025-04-24 15:22:55,605 - INFO: Evaluating at iteration 59377
2025-04-24 15:22:56,067 - INFO: Loss: 0.452468
2025-04-24 15:22:56,068 - INFO: Training ROC-AUC: 0.615385
2025-04-24 15:22:56,068 - INFO: Validation ROC-AUC: 0.470091
2025-04-24 15:23:08,643 - INFO: Evaluating at iteration 59877
2025-04-24 15:23:09,108 - INFO: Loss: 0.366450
2025-04-24 15:23:09,108 - INFO: Training ROC-AUC: 0.732143
2025-04-24 15:23:09,108 - INFO: Validation ROC-AUC: 0.470428
2025-04-24 15:23:21,473 - INFO: Evaluating at iteration 60377
2025-04-24 15:23:21,949 - INFO: Loss: 0.279019
2025-04-24 15:23:21,949 - INFO: Training ROC-AUC: 0.839080
2025-04-24 15:23:21,949 - INFO: Validation ROC-AUC: 0.470829
2025-04-24 15:23:34,351 - INFO: Evaluating at iteration 60877
2025-04-24 15:23:34,819 - INFO: Loss: 0.366494
2025-04-24 15:23:34,819 - INFO: Training ROC-AUC: 0.837037
2025-04-24 15:23:34,819 - INFO: Validation ROC-AUC: 0.471124
2025-04-24 15:23:47,266 - INFO: Evaluating at iteration 61377
2025-04-24 15:23:47,731 - INFO: Loss: 0.450847
2025-04-24 15:23:47,731 - INFO: Training ROC-AUC: 0.724359
2025-04-24 15:23:47,731 - INFO: Validation ROC-AUC: 0.471619
2025-04-24 15:23:59,486 - INFO: Saving model to models/TCRStructMap_contact_probabilities/model_5.pt
