2025-03-10 16:16:33,088 - INFO: Parameter: training_data='data/processed/sequences_tcr_split.h5'
2025-03-10 16:16:33,088 - INFO: Parameter: contact_maps=None
2025-03-10 16:16:33,088 - INFO: Parameter: output='models/TCRContactMapPredictor_tcr_split'
2025-03-10 16:16:33,088 - INFO: Parameter: seed=None
2025-03-10 16:16:33,088 - INFO: Parameter: cdr_1_length=8
2025-03-10 16:16:33,088 - INFO: Parameter: cdr_2_length=8
2025-03-10 16:16:33,088 - INFO: Parameter: cdr_3_length=24
2025-03-10 16:16:33,089 - INFO: Parameter: peptide_length=12
2025-03-10 16:16:33,089 - INFO: Parameter: mhc_pseudo_length=26
2025-03-10 16:16:33,089 - INFO: Parameter: batch_size=32
2025-03-10 16:16:33,089 - INFO: Parameter: num_epochs=25
2025-03-10 16:16:33,089 - INFO: Parameter: learning_rate=0.001
2025-03-10 16:16:33,089 - INFO: Parameter: drop_out_rate=0.2
2025-03-10 16:16:33,089 - INFO: Parameter: learn_contact_maps=False
2025-03-10 16:16:33,089 - INFO: Parameter: checkpoint_interval=1000
2025-03-10 16:16:33,089 - INFO: Parameter: eval_interval=500
2025-03-10 16:16:33,089 - INFO: Parameter: eval_batch_size=1000
2025-03-10 16:16:33,089 - INFO: Parameter: log_level='info'
2025-03-10 16:16:33,089 - INFO: Parameter: log_file='data/logs/train_tcr_contact_map_predictor_tcr_split.log'
2025-03-10 16:16:33,102 - INFO: Loading training data from data/processed/sequences_tcr_split.h5
2025-03-10 16:16:36,763 - INFO: Creating models/TCRContactMapPredictor_tcr_split
2025-03-10 16:16:36,800 - INFO: Starting fold 1
2025-03-10 16:16:36,802 - INFO: Initialising model
2025-03-10 16:17:10,787 - INFO: Starting training
2025-03-10 16:17:10,807 - INFO: Starting epoch 1
2025-03-10 16:17:12,214 - INFO: Evaluating at iteration 1
2025-03-10 16:17:13,744 - INFO: Loss: 0.697428
2025-03-10 16:17:13,744 - INFO: Training ROC-AUC: 0.493590
2025-03-10 16:17:13,744 - INFO: Validation ROC-AUC: 0.500970
2025-03-10 16:17:24,708 - INFO: Evaluating at iteration 501
2025-03-10 16:17:26,047 - INFO: Loss: 0.496431
2025-03-10 16:17:26,047 - INFO: Training ROC-AUC: 0.565714
2025-03-10 16:17:26,047 - INFO: Validation ROC-AUC: 0.606438
2025-03-10 16:17:37,422 - INFO: Evaluating at iteration 1001
2025-03-10 16:17:38,841 - INFO: Loss: 0.352612
2025-03-10 16:17:38,846 - INFO: Training ROC-AUC: 0.822222
2025-03-10 16:17:38,851 - INFO: Validation ROC-AUC: 0.630333
2025-03-10 16:17:50,247 - INFO: Evaluating at iteration 1501
2025-03-10 16:17:51,578 - INFO: Loss: 0.285187
2025-03-10 16:17:51,592 - INFO: Training ROC-AUC: 0.848214
2025-03-10 16:17:51,600 - INFO: Validation ROC-AUC: 0.694262
2025-03-10 16:18:03,003 - INFO: Evaluating at iteration 2001
2025-03-10 16:18:04,298 - INFO: Loss: 0.367434
2025-03-10 16:18:04,303 - INFO: Training ROC-AUC: 0.660256
2025-03-10 16:18:04,306 - INFO: Validation ROC-AUC: 0.718882
2025-03-10 16:18:06,451 - INFO: Starting epoch 2
2025-03-10 16:18:06,480 - INFO: Evaluating at iteration 2095
2025-03-10 16:18:07,734 - INFO: Loss: 0.192566
2025-03-10 16:18:07,738 - INFO: Training ROC-AUC: 0.783333
2025-03-10 16:18:07,742 - INFO: Validation ROC-AUC: 0.755417
2025-03-10 16:18:18,950 - INFO: Evaluating at iteration 2595
2025-03-10 16:18:20,263 - INFO: Loss: 0.356320
2025-03-10 16:18:20,266 - INFO: Training ROC-AUC: 0.743590
2025-03-10 16:18:20,270 - INFO: Validation ROC-AUC: 0.806822
2025-03-10 16:18:31,355 - INFO: Evaluating at iteration 3095
2025-03-10 16:18:32,663 - INFO: Loss: 0.257499
2025-03-10 16:18:32,667 - INFO: Training ROC-AUC: 0.875000
2025-03-10 16:18:32,671 - INFO: Validation ROC-AUC: 0.832923
2025-03-10 16:18:43,879 - INFO: Evaluating at iteration 3595
2025-03-10 16:18:45,264 - INFO: Loss: 0.118804
2025-03-10 16:18:45,275 - INFO: Training ROC-AUC: 1.000000
2025-03-10 16:18:45,287 - INFO: Validation ROC-AUC: 0.846786
2025-03-10 16:18:56,402 - INFO: Evaluating at iteration 4095
2025-03-10 16:18:57,779 - INFO: Loss: 0.344334
2025-03-10 16:18:57,783 - INFO: Training ROC-AUC: 0.770370
2025-03-10 16:18:57,786 - INFO: Validation ROC-AUC: 0.863994
2025-03-10 16:18:59,852 - INFO: Starting epoch 3
2025-03-10 16:18:59,889 - INFO: Evaluating at iteration 4189
2025-03-10 16:19:01,183 - INFO: Loss: 0.216854
2025-03-10 16:19:01,238 - INFO: Training ROC-AUC: 0.903226
2025-03-10 16:19:01,245 - INFO: Validation ROC-AUC: 0.866499
2025-03-10 16:19:12,351 - INFO: Evaluating at iteration 4689
2025-03-10 16:19:13,775 - INFO: Loss: 0.356102
2025-03-10 16:19:13,892 - INFO: Training ROC-AUC: 0.782051
2025-03-10 16:19:13,917 - INFO: Validation ROC-AUC: 0.867014
2025-03-10 16:19:24,994 - INFO: Evaluating at iteration 5189
2025-03-10 16:19:26,370 - INFO: Loss: 0.128464
2025-03-10 16:19:26,374 - INFO: Training ROC-AUC: 0.977778
2025-03-10 16:19:26,377 - INFO: Validation ROC-AUC: 0.873295
2025-03-10 16:19:37,533 - INFO: Evaluating at iteration 5689
2025-03-10 16:19:38,825 - INFO: Loss: 0.329358
2025-03-10 16:19:38,828 - INFO: Training ROC-AUC: 0.814815
2025-03-10 16:19:38,832 - INFO: Validation ROC-AUC: 0.877289
2025-03-10 16:19:50,037 - INFO: Evaluating at iteration 6189
2025-03-10 16:19:51,418 - INFO: Loss: 0.188424
2025-03-10 16:19:51,422 - INFO: Training ROC-AUC: 0.948718
2025-03-10 16:19:51,425 - INFO: Validation ROC-AUC: 0.883426
2025-03-10 16:19:53,526 - INFO: Starting epoch 4
2025-03-10 16:19:53,563 - INFO: Evaluating at iteration 6283
2025-03-10 16:19:54,898 - INFO: Loss: 0.285805
2025-03-10 16:19:54,901 - INFO: Training ROC-AUC: 0.942857
2025-03-10 16:19:54,905 - INFO: Validation ROC-AUC: 0.884126
2025-03-10 16:20:06,090 - INFO: Evaluating at iteration 6783
2025-03-10 16:20:07,445 - INFO: Loss: 0.293777
2025-03-10 16:20:07,452 - INFO: Training ROC-AUC: 0.958333
2025-03-10 16:20:07,466 - INFO: Validation ROC-AUC: 0.884603
2025-03-10 16:20:18,611 - INFO: Evaluating at iteration 7283
2025-03-10 16:20:19,956 - INFO: Loss: 0.182280
2025-03-10 16:20:19,961 - INFO: Training ROC-AUC: 0.984375
2025-03-10 16:20:19,964 - INFO: Validation ROC-AUC: 0.887292
2025-03-10 16:20:31,223 - INFO: Evaluating at iteration 7783
2025-03-10 16:20:32,543 - INFO: Loss: 0.256288
2025-03-10 16:20:32,547 - INFO: Training ROC-AUC: 0.908571
2025-03-10 16:20:32,550 - INFO: Validation ROC-AUC: 0.888349
2025-03-10 16:20:43,828 - INFO: Evaluating at iteration 8283
2025-03-10 16:20:45,116 - INFO: Loss: 0.215793
2025-03-10 16:20:45,119 - INFO: Training ROC-AUC: 0.885057
2025-03-10 16:20:45,123 - INFO: Validation ROC-AUC: 0.893205
2025-03-10 16:20:47,234 - INFO: Starting epoch 5
2025-03-10 16:20:47,289 - INFO: Evaluating at iteration 8377
2025-03-10 16:20:48,634 - INFO: Loss: 0.200310
2025-03-10 16:20:48,647 - INFO: Training ROC-AUC: 0.933333
2025-03-10 16:20:48,660 - INFO: Validation ROC-AUC: 0.891022
2025-03-10 16:21:01,928 - INFO: Evaluating at iteration 8877
2025-03-10 16:21:03,287 - INFO: Loss: 0.129652
2025-03-10 16:21:03,291 - INFO: Training ROC-AUC: 0.977778
2025-03-10 16:21:03,294 - INFO: Validation ROC-AUC: 0.892579
2025-03-10 16:21:14,617 - INFO: Evaluating at iteration 9377
2025-03-10 16:21:15,986 - INFO: Loss: 0.172132
2025-03-10 16:21:15,996 - INFO: Training ROC-AUC: 0.933333
2025-03-10 16:21:16,005 - INFO: Validation ROC-AUC: 0.894128
2025-03-10 16:21:27,422 - INFO: Evaluating at iteration 9877
2025-03-10 16:21:28,778 - INFO: Loss: 0.256458
2025-03-10 16:21:28,787 - INFO: Training ROC-AUC: 0.770115
2025-03-10 16:21:28,796 - INFO: Validation ROC-AUC: 0.894069
2025-03-10 16:21:40,054 - INFO: Evaluating at iteration 10377
2025-03-10 16:21:41,400 - INFO: Loss: 0.158904
2025-03-10 16:21:41,400 - INFO: Training ROC-AUC: 0.937500
2025-03-10 16:21:41,400 - INFO: Validation ROC-AUC: 0.896731
2025-03-10 16:21:43,532 - INFO: Starting epoch 6
2025-03-10 16:21:43,555 - INFO: Evaluating at iteration 10471
2025-03-10 16:21:44,880 - INFO: Loss: 0.240605
2025-03-10 16:21:44,880 - INFO: Training ROC-AUC: 0.967949
2025-03-10 16:21:44,880 - INFO: Validation ROC-AUC: 0.896994
2025-03-10 16:21:56,175 - INFO: Evaluating at iteration 10971
2025-03-10 16:21:57,558 - INFO: Loss: 0.332872
2025-03-10 16:21:57,559 - INFO: Training ROC-AUC: 0.916667
2025-03-10 16:21:57,559 - INFO: Validation ROC-AUC: 0.896413
2025-03-10 16:22:08,861 - INFO: Evaluating at iteration 11471
2025-03-10 16:22:10,130 - INFO: Loss: 0.241681
2025-03-10 16:22:10,131 - INFO: Training ROC-AUC: 0.898551
2025-03-10 16:22:10,131 - INFO: Validation ROC-AUC: 0.897772
2025-03-10 16:22:21,515 - INFO: Evaluating at iteration 11971
2025-03-10 16:22:22,843 - INFO: Loss: 0.370529
2025-03-10 16:22:22,844 - INFO: Training ROC-AUC: 0.862857
2025-03-10 16:22:22,844 - INFO: Validation ROC-AUC: 0.901053
2025-03-10 16:22:34,212 - INFO: Evaluating at iteration 12471
2025-03-10 16:22:35,486 - INFO: Loss: 0.208800
2025-03-10 16:22:35,486 - INFO: Training ROC-AUC: 0.958333
2025-03-10 16:22:35,486 - INFO: Validation ROC-AUC: 0.900228
2025-03-10 16:22:37,612 - INFO: Starting epoch 7
2025-03-10 16:22:37,636 - INFO: Evaluating at iteration 12565
2025-03-10 16:22:38,922 - INFO: Loss: 0.333457
2025-03-10 16:22:38,923 - INFO: Training ROC-AUC: 0.885714
2025-03-10 16:22:38,923 - INFO: Validation ROC-AUC: 0.900841
2025-03-10 16:22:50,313 - INFO: Evaluating at iteration 13065
2025-03-10 16:22:51,641 - INFO: Loss: 0.198828
2025-03-10 16:22:51,642 - INFO: Training ROC-AUC: 0.892857
2025-03-10 16:22:51,642 - INFO: Validation ROC-AUC: 0.900315
2025-03-10 16:23:02,927 - INFO: Evaluating at iteration 13565
2025-03-10 16:23:04,205 - INFO: Loss: 0.088706
2025-03-10 16:23:04,206 - INFO: Training ROC-AUC: 1.000000
2025-03-10 16:23:04,206 - INFO: Validation ROC-AUC: 0.899665
2025-03-10 16:23:15,646 - INFO: Evaluating at iteration 14065
2025-03-10 16:23:16,974 - INFO: Loss: 0.132530
2025-03-10 16:23:16,974 - INFO: Training ROC-AUC: 0.962963
2025-03-10 16:23:16,974 - INFO: Validation ROC-AUC: 0.900656
2025-03-10 16:23:28,256 - INFO: Evaluating at iteration 14565
2025-03-10 16:23:29,535 - INFO: Loss: 0.192238
2025-03-10 16:23:29,535 - INFO: Training ROC-AUC: 0.946429
2025-03-10 16:23:29,535 - INFO: Validation ROC-AUC: 0.901329
2025-03-10 16:23:31,665 - INFO: Starting epoch 8
2025-03-10 16:23:31,688 - INFO: Evaluating at iteration 14659
2025-03-10 16:23:32,949 - INFO: Loss: 0.145305
2025-03-10 16:23:32,949 - INFO: Training ROC-AUC: 0.709677
2025-03-10 16:23:32,949 - INFO: Validation ROC-AUC: 0.902290
2025-03-10 16:23:44,179 - INFO: Evaluating at iteration 15159
2025-03-10 16:23:45,449 - INFO: Loss: 0.291293
2025-03-10 16:23:45,449 - INFO: Training ROC-AUC: 0.516667
2025-03-10 16:23:45,449 - INFO: Validation ROC-AUC: 0.902419
2025-03-10 16:23:56,718 - INFO: Evaluating at iteration 15659
2025-03-10 16:23:58,026 - INFO: Loss: 0.163880
2025-03-10 16:23:58,026 - INFO: Training ROC-AUC: 0.993590
2025-03-10 16:23:58,026 - INFO: Validation ROC-AUC: 0.904022
2025-03-10 16:24:09,300 - INFO: Evaluating at iteration 16159
2025-03-10 16:24:10,610 - INFO: Loss: 0.212758
2025-03-10 16:24:10,617 - INFO: Training ROC-AUC: 0.937500
2025-03-10 16:24:10,624 - INFO: Validation ROC-AUC: 0.902956
2025-03-10 16:24:21,856 - INFO: Evaluating at iteration 16659
2025-03-10 16:24:23,187 - INFO: Loss: 0.100015
2025-03-10 16:24:23,187 - INFO: Training ROC-AUC: 0.970370
2025-03-10 16:24:23,187 - INFO: Validation ROC-AUC: 0.902980
2025-03-10 16:24:25,310 - INFO: Starting epoch 9
2025-03-10 16:24:25,334 - INFO: Evaluating at iteration 16753
2025-03-10 16:24:26,628 - INFO: Loss: 0.364202
2025-03-10 16:24:26,629 - INFO: Training ROC-AUC: 0.862857
2025-03-10 16:24:26,629 - INFO: Validation ROC-AUC: 0.905117
2025-03-10 16:24:37,897 - INFO: Evaluating at iteration 17253
2025-03-10 16:24:39,177 - INFO: Loss: 0.156063
2025-03-10 16:24:39,177 - INFO: Training ROC-AUC: 0.964286
2025-03-10 16:24:39,177 - INFO: Validation ROC-AUC: 0.903873
2025-03-10 16:24:50,439 - INFO: Evaluating at iteration 17753
2025-03-10 16:24:51,686 - INFO: Loss: 0.200579
2025-03-10 16:24:51,686 - INFO: Training ROC-AUC: 0.994792
2025-03-10 16:24:51,686 - INFO: Validation ROC-AUC: 0.904688
2025-03-10 16:25:03,100 - INFO: Evaluating at iteration 18253
2025-03-10 16:25:04,376 - INFO: Loss: 0.163297
2025-03-10 16:25:04,376 - INFO: Training ROC-AUC: 0.928571
2025-03-10 16:25:04,376 - INFO: Validation ROC-AUC: 0.905547
2025-03-10 16:25:15,689 - INFO: Evaluating at iteration 18753
2025-03-10 16:25:17,024 - INFO: Loss: 0.220047
2025-03-10 16:25:17,024 - INFO: Training ROC-AUC: 0.750000
2025-03-10 16:25:17,024 - INFO: Validation ROC-AUC: 0.905091
2025-03-10 16:25:19,120 - INFO: Starting epoch 10
2025-03-10 16:25:19,144 - INFO: Evaluating at iteration 18847
2025-03-10 16:25:20,420 - INFO: Loss: 0.171163
2025-03-10 16:25:20,420 - INFO: Training ROC-AUC: 0.977778
2025-03-10 16:25:20,420 - INFO: Validation ROC-AUC: 0.906329
2025-03-10 16:25:31,681 - INFO: Evaluating at iteration 19347
2025-03-10 16:25:32,925 - INFO: Loss: 0.217338
2025-03-10 16:25:32,925 - INFO: Training ROC-AUC: 0.971429
2025-03-10 16:25:32,925 - INFO: Validation ROC-AUC: 0.905155
2025-03-10 16:25:44,194 - INFO: Evaluating at iteration 19847
2025-03-10 16:25:45,470 - INFO: Loss: 0.223889
2025-03-10 16:25:45,470 - INFO: Training ROC-AUC: 0.948148
2025-03-10 16:25:45,470 - INFO: Validation ROC-AUC: 0.905036
2025-03-10 16:25:56,746 - INFO: Evaluating at iteration 20347
2025-03-10 16:25:58,150 - INFO: Loss: 0.133913
2025-03-10 16:25:58,150 - INFO: Training ROC-AUC: 0.946429
2025-03-10 16:25:58,150 - INFO: Validation ROC-AUC: 0.905896
2025-03-10 16:26:09,508 - INFO: Evaluating at iteration 20847
2025-03-10 16:26:10,848 - INFO: Loss: 0.175923
2025-03-10 16:26:10,849 - INFO: Training ROC-AUC: 0.580645
2025-03-10 16:26:10,849 - INFO: Validation ROC-AUC: 0.906402
2025-03-10 16:26:13,007 - INFO: Starting epoch 11
2025-03-10 16:26:13,031 - INFO: Evaluating at iteration 20941
2025-03-10 16:26:14,367 - INFO: Loss: 0.212909
2025-03-10 16:26:14,367 - INFO: Training ROC-AUC: 1.000000
2025-03-10 16:26:14,367 - INFO: Validation ROC-AUC: 0.906745
2025-03-10 16:26:25,591 - INFO: Evaluating at iteration 21441
2025-03-10 16:26:26,920 - INFO: Loss: 0.141766
2025-03-10 16:26:26,920 - INFO: Training ROC-AUC: 0.977011
2025-03-10 16:26:26,920 - INFO: Validation ROC-AUC: 0.905651
2025-03-10 16:26:38,148 - INFO: Evaluating at iteration 21941
2025-03-10 16:26:39,473 - INFO: Loss: 0.208361
2025-03-10 16:26:39,473 - INFO: Training ROC-AUC: 0.963542
2025-03-10 16:26:39,473 - INFO: Validation ROC-AUC: 0.905978
2025-03-10 16:26:50,643 - INFO: Evaluating at iteration 22441
2025-03-10 16:26:51,973 - INFO: Loss: 0.167831
2025-03-10 16:26:51,973 - INFO: Training ROC-AUC: 0.964286
2025-03-10 16:26:51,973 - INFO: Validation ROC-AUC: 0.908075
2025-03-10 16:27:03,220 - INFO: Evaluating at iteration 22941
2025-03-10 16:27:04,522 - INFO: Loss: 0.260128
2025-03-10 16:27:04,522 - INFO: Training ROC-AUC: 1.000000
2025-03-10 16:27:04,523 - INFO: Validation ROC-AUC: 0.906574
2025-03-10 16:27:06,692 - INFO: Starting epoch 12
2025-03-10 16:27:06,716 - INFO: Evaluating at iteration 23035
2025-03-10 16:27:08,021 - INFO: Loss: 0.066999
2025-03-10 16:27:08,021 - INFO: Training ROC-AUC: 1.000000
2025-03-10 16:27:08,021 - INFO: Validation ROC-AUC: 0.907919
2025-03-10 16:27:19,223 - INFO: Evaluating at iteration 23535
2025-03-10 16:27:20,501 - INFO: Loss: 0.136494
2025-03-10 16:27:20,501 - INFO: Training ROC-AUC: 0.942529
2025-03-10 16:27:20,501 - INFO: Validation ROC-AUC: 0.906312
2025-03-10 16:27:31,584 - INFO: Evaluating at iteration 24035
2025-03-10 16:27:32,906 - INFO: Loss: 0.292249
2025-03-10 16:27:32,906 - INFO: Training ROC-AUC: 0.923077
2025-03-10 16:27:32,906 - INFO: Validation ROC-AUC: 0.906769
2025-03-10 16:27:44,039 - INFO: Evaluating at iteration 24535
2025-03-10 16:27:45,378 - INFO: Loss: 0.226861
2025-03-10 16:27:45,378 - INFO: Training ROC-AUC: 0.925926
2025-03-10 16:27:45,378 - INFO: Validation ROC-AUC: 0.906688
2025-03-10 16:27:56,464 - INFO: Evaluating at iteration 25035
2025-03-10 16:27:57,769 - INFO: Loss: 0.168491
2025-03-10 16:27:57,769 - INFO: Training ROC-AUC: 0.916667
2025-03-10 16:27:57,769 - INFO: Validation ROC-AUC: 0.908083
2025-03-10 16:28:01,687 - INFO: Starting epoch 13
2025-03-10 16:28:01,715 - INFO: Evaluating at iteration 25129
2025-03-10 16:28:03,041 - INFO: Loss: 0.187001
2025-03-10 16:28:03,045 - INFO: Training ROC-AUC: 0.960000
2025-03-10 16:28:03,048 - INFO: Validation ROC-AUC: 0.908070
2025-03-10 16:28:14,215 - INFO: Evaluating at iteration 25629
2025-03-10 16:28:15,581 - INFO: Loss: 0.193226
2025-03-10 16:28:15,585 - INFO: Training ROC-AUC: 0.978355
2025-03-10 16:28:15,589 - INFO: Validation ROC-AUC: 0.907706
2025-03-10 16:28:26,836 - INFO: Evaluating at iteration 26129
2025-03-10 16:28:28,176 - INFO: Loss: 0.111557
2025-03-10 16:28:28,326 - INFO: Training ROC-AUC: 0.983333
2025-03-10 16:28:28,341 - INFO: Validation ROC-AUC: 0.907506
2025-03-10 16:28:39,505 - INFO: Evaluating at iteration 26629
2025-03-10 16:28:41,307 - INFO: Loss: 0.147689
2025-03-10 16:28:41,316 - INFO: Training ROC-AUC: 0.985185
2025-03-10 16:28:41,331 - INFO: Validation ROC-AUC: 0.908827
2025-03-10 16:28:52,852 - INFO: Evaluating at iteration 27129
2025-03-10 16:28:54,210 - INFO: Loss: 0.118712
2025-03-10 16:28:54,214 - INFO: Training ROC-AUC: 0.982143
2025-03-10 16:28:54,217 - INFO: Validation ROC-AUC: 0.907650
2025-03-10 16:28:56,317 - INFO: Starting epoch 14
2025-03-10 16:28:56,345 - INFO: Evaluating at iteration 27223
2025-03-10 16:28:57,657 - INFO: Loss: 0.155552
2025-03-10 16:28:57,661 - INFO: Training ROC-AUC: 0.984375
2025-03-10 16:28:57,665 - INFO: Validation ROC-AUC: 0.907628
2025-03-10 16:29:08,821 - INFO: Evaluating at iteration 27723
2025-03-10 16:29:10,107 - INFO: Loss: 0.151419
2025-03-10 16:29:10,111 - INFO: Training ROC-AUC: 0.965517
2025-03-10 16:29:10,114 - INFO: Validation ROC-AUC: 0.907581
2025-03-10 16:29:21,382 - INFO: Evaluating at iteration 28223
2025-03-10 16:29:22,682 - INFO: Loss: 0.095105
2025-03-10 16:29:22,686 - INFO: Training ROC-AUC: 1.000000
2025-03-10 16:29:22,690 - INFO: Validation ROC-AUC: 0.906779
2025-03-10 16:29:33,991 - INFO: Evaluating at iteration 28723
2025-03-10 16:29:35,262 - INFO: Loss: 0.100771
2025-03-10 16:29:35,290 - INFO: Training ROC-AUC: 1.000000
2025-03-10 16:29:35,294 - INFO: Validation ROC-AUC: 0.908782
2025-03-10 16:29:46,573 - INFO: Evaluating at iteration 29223
2025-03-10 16:29:47,922 - INFO: Loss: 0.200599
2025-03-10 16:29:47,926 - INFO: Training ROC-AUC: 0.965714
2025-03-10 16:29:47,929 - INFO: Validation ROC-AUC: 0.909196
2025-03-10 16:29:50,030 - INFO: Starting epoch 15
2025-03-10 16:29:50,071 - INFO: Evaluating at iteration 29317
2025-03-10 16:29:51,384 - INFO: Loss: 0.043204
2025-03-10 16:29:51,392 - INFO: Training ROC-AUC: 1.000000
2025-03-10 16:29:51,416 - INFO: Validation ROC-AUC: 0.907825
2025-03-10 16:30:03,350 - INFO: Evaluating at iteration 29817
2025-03-10 16:30:04,680 - INFO: Loss: 0.189920
2025-03-10 16:30:04,692 - INFO: Training ROC-AUC: 0.955556
2025-03-10 16:30:04,696 - INFO: Validation ROC-AUC: 0.907867
2025-03-10 16:30:16,141 - INFO: Evaluating at iteration 30317
2025-03-10 16:30:17,520 - INFO: Loss: 0.139946
2025-03-10 16:30:17,526 - INFO: Training ROC-AUC: 0.977143
2025-03-10 16:30:17,533 - INFO: Validation ROC-AUC: 0.908019
2025-03-10 16:30:28,999 - INFO: Evaluating at iteration 30817
2025-03-10 16:30:30,356 - INFO: Loss: 0.245282
2025-03-10 16:30:30,360 - INFO: Training ROC-AUC: 0.968750
2025-03-10 16:30:30,364 - INFO: Validation ROC-AUC: 0.906987
2025-03-10 16:30:42,026 - INFO: Evaluating at iteration 31317
2025-03-10 16:30:43,413 - INFO: Loss: 0.204852
2025-03-10 16:30:43,421 - INFO: Training ROC-AUC: 0.948718
2025-03-10 16:30:43,428 - INFO: Validation ROC-AUC: 0.905294
2025-03-10 16:30:45,572 - INFO: Starting epoch 16
2025-03-10 16:30:45,637 - INFO: Evaluating at iteration 31411
2025-03-10 16:30:46,983 - INFO: Loss: 0.136132
2025-03-10 16:30:46,987 - INFO: Training ROC-AUC: 0.970370
2025-03-10 16:30:46,991 - INFO: Validation ROC-AUC: 0.907152
2025-03-10 16:30:58,592 - INFO: Evaluating at iteration 31911
2025-03-10 16:30:59,960 - INFO: Loss: 0.100149
2025-03-10 16:30:59,969 - INFO: Training ROC-AUC: 0.987179
2025-03-10 16:30:59,978 - INFO: Validation ROC-AUC: 0.907121
2025-03-10 16:31:11,926 - INFO: Evaluating at iteration 32411
2025-03-10 16:31:13,299 - INFO: Loss: 0.077151
2025-03-10 16:31:13,303 - INFO: Training ROC-AUC: 1.000000
2025-03-10 16:31:13,307 - INFO: Validation ROC-AUC: 0.907322
2025-03-10 16:31:25,113 - INFO: Evaluating at iteration 32911
2025-03-10 16:31:26,514 - INFO: Loss: 0.172800
2025-03-10 16:31:26,519 - INFO: Training ROC-AUC: 0.977143
2025-03-10 16:31:26,523 - INFO: Validation ROC-AUC: 0.909108
2025-03-10 16:31:38,341 - INFO: Evaluating at iteration 33411
2025-03-10 16:31:39,708 - INFO: Loss: 0.127762
2025-03-10 16:31:39,712 - INFO: Training ROC-AUC: 0.980769
2025-03-10 16:31:39,715 - INFO: Validation ROC-AUC: 0.907671
2025-03-10 16:31:41,995 - INFO: Starting epoch 17
2025-03-10 16:31:42,032 - INFO: Evaluating at iteration 33505
2025-03-10 16:31:43,304 - INFO: Loss: 0.162358
2025-03-10 16:31:43,320 - INFO: Training ROC-AUC: 0.974359
2025-03-10 16:31:43,359 - INFO: Validation ROC-AUC: 0.906579
2025-03-10 16:31:55,175 - INFO: Evaluating at iteration 34005
2025-03-10 16:31:56,459 - INFO: Loss: 0.184684
2025-03-10 16:31:56,464 - INFO: Training ROC-AUC: 1.000000
2025-03-10 16:31:56,467 - INFO: Validation ROC-AUC: 0.907184
2025-03-10 16:32:08,346 - INFO: Evaluating at iteration 34505
2025-03-10 16:32:09,905 - INFO: Loss: 0.101636
2025-03-10 16:32:09,926 - INFO: Training ROC-AUC: 0.992593
2025-03-10 16:32:09,935 - INFO: Validation ROC-AUC: 0.907871
2025-03-10 16:32:24,315 - INFO: Evaluating at iteration 35005
2025-03-10 16:32:25,678 - INFO: Loss: 0.194248
2025-03-10 16:32:25,681 - INFO: Training ROC-AUC: 0.965714
2025-03-10 16:32:25,685 - INFO: Validation ROC-AUC: 0.907254
2025-03-10 16:32:37,714 - INFO: Evaluating at iteration 35505
2025-03-10 16:32:39,144 - INFO: Loss: 0.097103
2025-03-10 16:32:39,155 - INFO: Training ROC-AUC: 0.993590
2025-03-10 16:32:39,164 - INFO: Validation ROC-AUC: 0.906123
2025-03-10 16:32:41,541 - INFO: Starting epoch 18
2025-03-10 16:32:41,830 - INFO: Evaluating at iteration 35599
2025-03-10 16:32:43,204 - INFO: Loss: 0.145437
2025-03-10 16:32:43,209 - INFO: Training ROC-AUC: 1.000000
2025-03-10 16:32:43,215 - INFO: Validation ROC-AUC: 0.908208
2025-03-10 16:32:55,206 - INFO: Evaluating at iteration 36099
2025-03-10 16:32:56,520 - INFO: Loss: 0.104238
2025-03-10 16:32:56,524 - INFO: Training ROC-AUC: 0.992593
2025-03-10 16:32:56,528 - INFO: Validation ROC-AUC: 0.906198
2025-03-10 16:33:08,606 - INFO: Evaluating at iteration 36599
2025-03-10 16:33:09,954 - INFO: Loss: 0.238840
2025-03-10 16:33:09,957 - INFO: Training ROC-AUC: 0.942708
2025-03-10 16:33:09,961 - INFO: Validation ROC-AUC: 0.906426
2025-03-10 16:33:22,059 - INFO: Evaluating at iteration 37099
2025-03-10 16:33:23,341 - INFO: Loss: 0.110593
2025-03-10 16:33:23,341 - INFO: Training ROC-AUC: 0.988571
2025-03-10 16:33:23,341 - INFO: Validation ROC-AUC: 0.906340
2025-03-10 16:33:35,379 - INFO: Evaluating at iteration 37599
2025-03-10 16:33:36,718 - INFO: Loss: 0.071325
2025-03-10 16:33:36,718 - INFO: Training ROC-AUC: 1.000000
2025-03-10 16:33:36,719 - INFO: Validation ROC-AUC: 0.906060
2025-03-10 16:33:39,027 - INFO: Starting epoch 19
2025-03-10 16:33:39,055 - INFO: Evaluating at iteration 37693
2025-03-10 16:33:40,353 - INFO: Loss: 0.047817
2025-03-10 16:33:40,353 - INFO: Training ROC-AUC: 1.000000
2025-03-10 16:33:40,354 - INFO: Validation ROC-AUC: 0.906995
2025-03-10 16:33:52,771 - INFO: Evaluating at iteration 38193
2025-03-10 16:33:54,017 - INFO: Loss: 0.061905
2025-03-10 16:33:54,017 - INFO: Training ROC-AUC: 1.000000
2025-03-10 16:33:54,017 - INFO: Validation ROC-AUC: 0.905743
2025-03-10 16:34:06,165 - INFO: Evaluating at iteration 38693
2025-03-10 16:34:07,416 - INFO: Loss: 0.026980
2025-03-10 16:34:07,416 - INFO: Training ROC-AUC: 1.000000
2025-03-10 16:34:07,416 - INFO: Validation ROC-AUC: 0.906252
2025-03-10 16:34:19,885 - INFO: Evaluating at iteration 39193
2025-03-10 16:34:21,236 - INFO: Loss: 0.055198
2025-03-10 16:34:21,236 - INFO: Training ROC-AUC: 1.000000
2025-03-10 16:34:21,236 - INFO: Validation ROC-AUC: 0.905818
2025-03-10 16:34:33,477 - INFO: Evaluating at iteration 39693
2025-03-10 16:34:34,745 - INFO: Loss: 0.040784
2025-03-10 16:34:34,746 - INFO: Training ROC-AUC: 1.000000
2025-03-10 16:34:34,746 - INFO: Validation ROC-AUC: 0.906281
2025-03-10 16:34:37,118 - INFO: Starting epoch 20
2025-03-10 16:34:37,140 - INFO: Evaluating at iteration 39787
2025-03-10 16:34:38,483 - INFO: Loss: 0.099487
2025-03-10 16:34:38,483 - INFO: Training ROC-AUC: 1.000000
2025-03-10 16:34:38,483 - INFO: Validation ROC-AUC: 0.906601
2025-03-10 16:34:50,890 - INFO: Evaluating at iteration 40287
2025-03-10 16:34:52,224 - INFO: Loss: 0.049500
2025-03-10 16:34:52,224 - INFO: Training ROC-AUC: 1.000000
2025-03-10 16:34:52,224 - INFO: Validation ROC-AUC: 0.905342
2025-03-10 16:35:04,710 - INFO: Evaluating at iteration 40787
2025-03-10 16:35:06,078 - INFO: Loss: 0.043933
2025-03-10 16:35:06,078 - INFO: Training ROC-AUC: 1.000000
2025-03-10 16:35:06,078 - INFO: Validation ROC-AUC: 0.905086
2025-03-10 16:35:18,402 - INFO: Evaluating at iteration 41287
2025-03-10 16:35:19,683 - INFO: Loss: 0.257164
2025-03-10 16:35:19,683 - INFO: Training ROC-AUC: 0.959091
2025-03-10 16:35:19,683 - INFO: Validation ROC-AUC: 0.905399
2025-03-10 16:35:32,181 - INFO: Evaluating at iteration 41787
2025-03-10 16:35:33,502 - INFO: Loss: 0.047290
2025-03-10 16:35:33,502 - INFO: Training ROC-AUC: 1.000000
2025-03-10 16:35:33,502 - INFO: Validation ROC-AUC: 0.906015
2025-03-10 16:35:35,836 - INFO: Starting epoch 21
2025-03-10 16:35:35,861 - INFO: Evaluating at iteration 41881
2025-03-10 16:35:37,209 - INFO: Loss: 0.065001
2025-03-10 16:35:37,209 - INFO: Training ROC-AUC: 0.992593
2025-03-10 16:35:37,209 - INFO: Validation ROC-AUC: 0.905456
2025-03-10 16:35:49,808 - INFO: Evaluating at iteration 42381
2025-03-10 16:35:51,075 - INFO: Loss: 0.082689
2025-03-10 16:35:51,075 - INFO: Training ROC-AUC: 0.994286
2025-03-10 16:35:51,075 - INFO: Validation ROC-AUC: 0.905409
2025-03-10 16:36:03,564 - INFO: Evaluating at iteration 42881
2025-03-10 16:36:04,828 - INFO: Loss: 0.065606
2025-03-10 16:36:04,828 - INFO: Training ROC-AUC: 1.000000
2025-03-10 16:36:04,828 - INFO: Validation ROC-AUC: 0.903666
2025-03-10 16:36:17,601 - INFO: Evaluating at iteration 43381
2025-03-10 16:36:18,911 - INFO: Loss: 0.014960
2025-03-10 16:36:18,911 - INFO: Training ROC-AUC: 1.000000
2025-03-10 16:36:18,911 - INFO: Validation ROC-AUC: 0.905431
2025-03-10 16:36:31,445 - INFO: Evaluating at iteration 43881
2025-03-10 16:36:32,693 - INFO: Loss: 0.020698
2025-03-10 16:36:32,693 - INFO: Training ROC-AUC: 1.000000
2025-03-10 16:36:32,694 - INFO: Validation ROC-AUC: 0.905755
2025-03-10 16:36:35,107 - INFO: Starting epoch 22
2025-03-10 16:36:35,137 - INFO: Evaluating at iteration 43975
2025-03-10 16:36:36,472 - INFO: Loss: 0.098728
2025-03-10 16:36:36,472 - INFO: Training ROC-AUC: 0.987179
2025-03-10 16:36:36,472 - INFO: Validation ROC-AUC: 0.905278
2025-03-10 16:36:49,816 - INFO: Evaluating at iteration 44475
2025-03-10 16:36:51,159 - INFO: Loss: 0.030591
2025-03-10 16:36:51,159 - INFO: Training ROC-AUC: 1.000000
2025-03-10 16:36:51,159 - INFO: Validation ROC-AUC: 0.905205
2025-03-10 16:37:03,773 - INFO: Evaluating at iteration 44975
2025-03-10 16:37:05,096 - INFO: Loss: 0.015958
2025-03-10 16:37:05,096 - INFO: Training ROC-AUC: 1.000000
2025-03-10 16:37:05,096 - INFO: Validation ROC-AUC: 0.904724
2025-03-10 16:37:17,860 - INFO: Evaluating at iteration 45475
2025-03-10 16:37:19,147 - INFO: Loss: 0.063111
2025-03-10 16:37:19,147 - INFO: Training ROC-AUC: 1.000000
2025-03-10 16:37:19,147 - INFO: Validation ROC-AUC: 0.905273
2025-03-10 16:37:31,769 - INFO: Evaluating at iteration 45975
2025-03-10 16:37:33,099 - INFO: Loss: 0.139832
2025-03-10 16:37:33,099 - INFO: Training ROC-AUC: 0.977011
2025-03-10 16:37:33,099 - INFO: Validation ROC-AUC: 0.904716
2025-03-10 16:37:35,483 - INFO: Starting epoch 23
2025-03-10 16:37:35,524 - INFO: Evaluating at iteration 46069
2025-03-10 16:37:36,802 - INFO: Loss: 0.169861
2025-03-10 16:37:36,802 - INFO: Training ROC-AUC: 0.978355
2025-03-10 16:37:36,802 - INFO: Validation ROC-AUC: 0.904865
2025-03-10 16:37:49,636 - INFO: Evaluating at iteration 46569
2025-03-10 16:37:50,971 - INFO: Loss: 0.171605
2025-03-10 16:37:50,971 - INFO: Training ROC-AUC: 0.985185
2025-03-10 16:37:50,971 - INFO: Validation ROC-AUC: 0.905622
2025-03-10 16:38:03,443 - INFO: Evaluating at iteration 47069
2025-03-10 16:38:04,780 - INFO: Loss: 0.044567
2025-03-10 16:38:04,780 - INFO: Training ROC-AUC: 1.000000
2025-03-10 16:38:04,780 - INFO: Validation ROC-AUC: 0.904575
2025-03-10 16:38:17,446 - INFO: Evaluating at iteration 47569
2025-03-10 16:38:18,727 - INFO: Loss: 0.083267
2025-03-10 16:38:18,727 - INFO: Training ROC-AUC: 0.992593
2025-03-10 16:38:18,727 - INFO: Validation ROC-AUC: 0.904958
2025-03-10 16:38:31,222 - INFO: Evaluating at iteration 48069
2025-03-10 16:38:34,284 - INFO: Loss: 0.012984
2025-03-10 16:38:34,284 - INFO: Training ROC-AUC: 1.000000
2025-03-10 16:38:34,284 - INFO: Validation ROC-AUC: 0.906316
2025-03-10 16:38:36,598 - INFO: Starting epoch 24
2025-03-10 16:38:36,630 - INFO: Evaluating at iteration 48163
2025-03-10 16:38:38,022 - INFO: Loss: 0.061753
2025-03-10 16:38:38,022 - INFO: Training ROC-AUC: 1.000000
2025-03-10 16:38:38,022 - INFO: Validation ROC-AUC: 0.905762
2025-03-10 16:38:50,578 - INFO: Evaluating at iteration 48663
2025-03-10 16:38:51,860 - INFO: Loss: 0.025671
2025-03-10 16:38:51,860 - INFO: Training ROC-AUC: 1.000000
2025-03-10 16:38:51,860 - INFO: Validation ROC-AUC: 0.906365
2025-03-10 16:39:04,421 - INFO: Evaluating at iteration 49163
2025-03-10 16:39:05,807 - INFO: Loss: 0.103139
2025-03-10 16:39:05,807 - INFO: Training ROC-AUC: 0.990909
2025-03-10 16:39:05,807 - INFO: Validation ROC-AUC: 0.904933
2025-03-10 16:39:18,390 - INFO: Evaluating at iteration 49663
2025-03-10 16:39:19,724 - INFO: Loss: 0.030704
2025-03-10 16:39:19,724 - INFO: Training ROC-AUC: 1.000000
2025-03-10 16:39:19,724 - INFO: Validation ROC-AUC: 0.903153
2025-03-10 16:39:31,998 - INFO: Evaluating at iteration 50163
2025-03-10 16:39:33,328 - INFO: Loss: 0.026697
2025-03-10 16:39:33,328 - INFO: Training ROC-AUC: 1.000000
2025-03-10 16:39:33,328 - INFO: Validation ROC-AUC: 0.904342
2025-03-10 16:39:35,672 - INFO: Starting epoch 25
2025-03-10 16:39:35,702 - INFO: Evaluating at iteration 50257
2025-03-10 16:39:37,025 - INFO: Loss: 0.012860
2025-03-10 16:39:37,025 - INFO: Training ROC-AUC: 1.000000
2025-03-10 16:39:37,025 - INFO: Validation ROC-AUC: 0.904244
2025-03-10 16:39:49,538 - INFO: Evaluating at iteration 50757
2025-03-10 16:39:50,823 - INFO: Loss: 0.010571
2025-03-10 16:39:50,823 - INFO: Training ROC-AUC: 1.000000
2025-03-10 16:39:50,823 - INFO: Validation ROC-AUC: 0.904224
2025-03-10 16:40:03,519 - INFO: Evaluating at iteration 51257
2025-03-10 16:40:04,854 - INFO: Loss: 0.046416
2025-03-10 16:40:04,854 - INFO: Training ROC-AUC: 1.000000
2025-03-10 16:40:04,854 - INFO: Validation ROC-AUC: 0.904626
2025-03-10 16:40:17,323 - INFO: Evaluating at iteration 51757
2025-03-10 16:40:18,655 - INFO: Loss: 0.034259
2025-03-10 16:40:18,655 - INFO: Training ROC-AUC: 1.000000
2025-03-10 16:40:18,655 - INFO: Validation ROC-AUC: 0.904524
2025-03-10 16:40:31,276 - INFO: Evaluating at iteration 52257
2025-03-10 16:40:32,603 - INFO: Loss: 0.016747
2025-03-10 16:40:32,604 - INFO: Training ROC-AUC: 1.000000
2025-03-10 16:40:32,604 - INFO: Validation ROC-AUC: 0.904544
2025-03-10 16:40:34,964 - INFO: Saving model to models/TCRContactMapPredictor_tcr_split/model_1.pt
2025-03-10 16:40:35,053 - INFO: Starting fold 2
2025-03-10 16:40:35,055 - INFO: Initialising model
2025-03-10 16:40:35,072 - INFO: Starting training
2025-03-10 16:40:35,072 - INFO: Starting epoch 1
2025-03-10 16:40:35,098 - INFO: Evaluating at iteration 1
2025-03-10 16:40:36,371 - INFO: Loss: 0.705112
2025-03-10 16:40:36,371 - INFO: Training ROC-AUC: 0.681481
2025-03-10 16:40:36,371 - INFO: Validation ROC-AUC: 0.510780
2025-03-10 16:40:47,378 - INFO: Evaluating at iteration 501
2025-03-10 16:40:48,664 - INFO: Loss: 0.254402
2025-03-10 16:40:48,664 - INFO: Training ROC-AUC: 0.701149
2025-03-10 16:40:48,664 - INFO: Validation ROC-AUC: 0.616182
2025-03-10 16:40:59,971 - INFO: Evaluating at iteration 1001
2025-03-10 16:41:01,245 - INFO: Loss: 0.223521
2025-03-10 16:41:01,245 - INFO: Training ROC-AUC: 0.919540
2025-03-10 16:41:01,245 - INFO: Validation ROC-AUC: 0.682451
2025-03-10 16:41:12,472 - INFO: Evaluating at iteration 1501
2025-03-10 16:41:13,780 - INFO: Loss: 0.405054
2025-03-10 16:41:13,780 - INFO: Training ROC-AUC: 0.775641
2025-03-10 16:41:13,780 - INFO: Validation ROC-AUC: 0.717187
2025-03-10 16:41:24,762 - INFO: Evaluating at iteration 2001
2025-03-10 16:41:26,024 - INFO: Loss: 0.368413
2025-03-10 16:41:26,024 - INFO: Training ROC-AUC: 0.703704
2025-03-10 16:41:26,024 - INFO: Validation ROC-AUC: 0.773929
2025-03-10 16:41:28,098 - INFO: Starting epoch 2
2025-03-10 16:41:28,121 - INFO: Evaluating at iteration 2095
2025-03-10 16:41:29,372 - INFO: Loss: 0.329059
2025-03-10 16:41:29,372 - INFO: Training ROC-AUC: 0.814815
2025-03-10 16:41:29,372 - INFO: Validation ROC-AUC: 0.787478
2025-03-10 16:41:40,334 - INFO: Evaluating at iteration 2595
2025-03-10 16:41:41,624 - INFO: Loss: 0.409996
2025-03-10 16:41:41,624 - INFO: Training ROC-AUC: 0.820513
2025-03-10 16:41:41,624 - INFO: Validation ROC-AUC: 0.800738
2025-03-10 16:41:52,582 - INFO: Evaluating at iteration 3095
2025-03-10 16:41:53,913 - INFO: Loss: 0.473564
2025-03-10 16:41:53,913 - INFO: Training ROC-AUC: 0.777778
2025-03-10 16:41:53,913 - INFO: Validation ROC-AUC: 0.815616
2025-03-10 16:42:04,930 - INFO: Evaluating at iteration 3595
2025-03-10 16:42:06,226 - INFO: Loss: 0.460814
2025-03-10 16:42:06,227 - INFO: Training ROC-AUC: 0.904545
2025-03-10 16:42:06,227 - INFO: Validation ROC-AUC: 0.839032
2025-03-10 16:42:17,185 - INFO: Evaluating at iteration 4095
2025-03-10 16:42:18,417 - INFO: Loss: 0.392844
2025-03-10 16:42:18,417 - INFO: Training ROC-AUC: 0.822857
2025-03-10 16:42:18,417 - INFO: Validation ROC-AUC: 0.851690
2025-03-10 16:42:20,468 - INFO: Starting epoch 3
2025-03-10 16:42:20,491 - INFO: Evaluating at iteration 4189
2025-03-10 16:42:21,754 - INFO: Loss: 0.314241
2025-03-10 16:42:21,754 - INFO: Training ROC-AUC: 0.925714
2025-03-10 16:42:21,754 - INFO: Validation ROC-AUC: 0.854263
2025-03-10 16:42:32,765 - INFO: Evaluating at iteration 4689
2025-03-10 16:42:34,012 - INFO: Loss: 0.224881
2025-03-10 16:42:34,012 - INFO: Training ROC-AUC: 0.793103
2025-03-10 16:42:34,012 - INFO: Validation ROC-AUC: 0.859169
2025-03-10 16:42:45,002 - INFO: Evaluating at iteration 5189
2025-03-10 16:42:46,250 - INFO: Loss: 0.282277
2025-03-10 16:42:46,251 - INFO: Training ROC-AUC: 0.925714
2025-03-10 16:42:46,251 - INFO: Validation ROC-AUC: 0.861749
2025-03-10 16:42:57,418 - INFO: Evaluating at iteration 5689
2025-03-10 16:42:58,699 - INFO: Loss: 0.289135
2025-03-10 16:42:58,699 - INFO: Training ROC-AUC: 0.857143
2025-03-10 16:42:58,699 - INFO: Validation ROC-AUC: 0.865183
2025-03-10 16:43:09,895 - INFO: Evaluating at iteration 6189
2025-03-10 16:43:11,169 - INFO: Loss: 0.177064
2025-03-10 16:43:11,169 - INFO: Training ROC-AUC: 0.962963
2025-03-10 16:43:11,169 - INFO: Validation ROC-AUC: 0.869258
2025-03-10 16:43:15,660 - INFO: Starting epoch 4
2025-03-10 16:43:15,684 - INFO: Evaluating at iteration 6283
2025-03-10 16:43:16,970 - INFO: Loss: 0.242996
2025-03-10 16:43:16,970 - INFO: Training ROC-AUC: 0.873563
2025-03-10 16:43:16,970 - INFO: Validation ROC-AUC: 0.870495
2025-03-10 16:43:28,152 - INFO: Evaluating at iteration 6783
2025-03-10 16:43:29,393 - INFO: Loss: 0.342611
2025-03-10 16:43:29,393 - INFO: Training ROC-AUC: 0.828571
2025-03-10 16:43:29,393 - INFO: Validation ROC-AUC: 0.872050
2025-03-10 16:43:40,617 - INFO: Evaluating at iteration 7283
2025-03-10 16:43:41,915 - INFO: Loss: 0.268136
2025-03-10 16:43:41,916 - INFO: Training ROC-AUC: 0.935897
2025-03-10 16:43:41,916 - INFO: Validation ROC-AUC: 0.875168
2025-03-10 16:43:53,053 - INFO: Evaluating at iteration 7783
2025-03-10 16:43:54,296 - INFO: Loss: 0.190078
2025-03-10 16:43:54,296 - INFO: Training ROC-AUC: 0.955357
2025-03-10 16:43:54,296 - INFO: Validation ROC-AUC: 0.878234
2025-03-10 16:44:05,579 - INFO: Evaluating at iteration 8283
2025-03-10 16:44:06,835 - INFO: Loss: 0.266255
2025-03-10 16:44:06,835 - INFO: Training ROC-AUC: 0.897436
2025-03-10 16:44:06,835 - INFO: Validation ROC-AUC: 0.878187
2025-03-10 16:44:08,962 - INFO: Starting epoch 5
2025-03-10 16:44:08,986 - INFO: Evaluating at iteration 8377
2025-03-10 16:44:10,219 - INFO: Loss: 0.388460
2025-03-10 16:44:10,219 - INFO: Training ROC-AUC: 0.854167
2025-03-10 16:44:10,219 - INFO: Validation ROC-AUC: 0.875820
2025-03-10 16:44:21,553 - INFO: Evaluating at iteration 8877
2025-03-10 16:44:22,810 - INFO: Loss: 0.179410
2025-03-10 16:44:22,811 - INFO: Training ROC-AUC: 0.955556
2025-03-10 16:44:22,811 - INFO: Validation ROC-AUC: 0.879355
2025-03-10 16:44:34,082 - INFO: Evaluating at iteration 9377
2025-03-10 16:44:35,357 - INFO: Loss: 0.357733
2025-03-10 16:44:35,357 - INFO: Training ROC-AUC: 0.857143
2025-03-10 16:44:35,357 - INFO: Validation ROC-AUC: 0.878892
2025-03-10 16:44:46,602 - INFO: Evaluating at iteration 9877
2025-03-10 16:44:47,844 - INFO: Loss: 0.250282
2025-03-10 16:44:47,845 - INFO: Training ROC-AUC: 0.866071
2025-03-10 16:44:47,845 - INFO: Validation ROC-AUC: 0.883827
2025-03-10 16:44:59,056 - INFO: Evaluating at iteration 10377
2025-03-10 16:45:00,380 - INFO: Loss: 0.358154
2025-03-10 16:45:00,411 - INFO: Training ROC-AUC: 0.838542
2025-03-10 16:45:00,415 - INFO: Validation ROC-AUC: 0.883868
2025-03-10 16:45:02,540 - INFO: Starting epoch 6
2025-03-10 16:45:02,582 - INFO: Evaluating at iteration 10471
2025-03-10 16:45:03,879 - INFO: Loss: 0.261138
2025-03-10 16:45:03,882 - INFO: Training ROC-AUC: 0.951691
2025-03-10 16:45:03,882 - INFO: Validation ROC-AUC: 0.886670
2025-03-10 16:45:15,204 - INFO: Evaluating at iteration 10971
2025-03-10 16:45:16,487 - INFO: Loss: 0.340609
2025-03-10 16:45:16,488 - INFO: Training ROC-AUC: 0.801282
2025-03-10 16:45:16,488 - INFO: Validation ROC-AUC: 0.884801
2025-03-10 16:45:27,731 - INFO: Evaluating at iteration 11471
2025-03-10 16:45:28,973 - INFO: Loss: 0.160895
2025-03-10 16:45:28,973 - INFO: Training ROC-AUC: 1.000000
2025-03-10 16:45:28,973 - INFO: Validation ROC-AUC: 0.886174
2025-03-10 16:45:40,321 - INFO: Evaluating at iteration 11971
2025-03-10 16:45:41,566 - INFO: Loss: 0.195114
2025-03-10 16:45:41,566 - INFO: Training ROC-AUC: 0.925926
2025-03-10 16:45:41,566 - INFO: Validation ROC-AUC: 0.887699
2025-03-10 16:45:52,816 - INFO: Evaluating at iteration 12471
2025-03-10 16:45:54,057 - INFO: Loss: 0.155502
2025-03-10 16:45:54,057 - INFO: Training ROC-AUC: 0.970370
2025-03-10 16:45:54,057 - INFO: Validation ROC-AUC: 0.887710
2025-03-10 16:45:56,304 - INFO: Starting epoch 7
2025-03-10 16:45:56,327 - INFO: Evaluating at iteration 12565
2025-03-10 16:45:57,658 - INFO: Loss: 0.239849
2025-03-10 16:45:57,658 - INFO: Training ROC-AUC: 0.953125
2025-03-10 16:45:57,658 - INFO: Validation ROC-AUC: 0.887195
2025-03-10 16:46:09,100 - INFO: Evaluating at iteration 13065
2025-03-10 16:46:10,382 - INFO: Loss: 0.304119
2025-03-10 16:46:10,382 - INFO: Training ROC-AUC: 0.776786
2025-03-10 16:46:10,382 - INFO: Validation ROC-AUC: 0.889543
2025-03-10 16:46:21,614 - INFO: Evaluating at iteration 13565
2025-03-10 16:46:22,862 - INFO: Loss: 0.165635
2025-03-10 16:46:22,862 - INFO: Training ROC-AUC: 0.946429
2025-03-10 16:46:22,862 - INFO: Validation ROC-AUC: 0.888071
2025-03-10 16:46:34,204 - INFO: Evaluating at iteration 14065
2025-03-10 16:46:35,483 - INFO: Loss: 0.274313
2025-03-10 16:46:35,483 - INFO: Training ROC-AUC: 0.830357
2025-03-10 16:46:35,483 - INFO: Validation ROC-AUC: 0.888854
2025-03-10 16:46:46,899 - INFO: Evaluating at iteration 14565
2025-03-10 16:46:48,176 - INFO: Loss: 0.214803
2025-03-10 16:46:48,176 - INFO: Training ROC-AUC: 0.919643
2025-03-10 16:46:48,176 - INFO: Validation ROC-AUC: 0.892126
2025-03-10 16:46:50,369 - INFO: Starting epoch 8
2025-03-10 16:46:50,393 - INFO: Evaluating at iteration 14659
2025-03-10 16:46:51,656 - INFO: Loss: 0.246482
2025-03-10 16:46:51,656 - INFO: Training ROC-AUC: 0.956710
2025-03-10 16:46:51,656 - INFO: Validation ROC-AUC: 0.894290
2025-03-10 16:47:03,072 - INFO: Evaluating at iteration 15159
2025-03-10 16:47:04,322 - INFO: Loss: 0.238813
2025-03-10 16:47:04,322 - INFO: Training ROC-AUC: 0.827586
2025-03-10 16:47:04,322 - INFO: Validation ROC-AUC: 0.892056
2025-03-10 16:47:15,744 - INFO: Evaluating at iteration 15659
2025-03-10 16:47:17,025 - INFO: Loss: 0.123626
2025-03-10 16:47:17,025 - INFO: Training ROC-AUC: 1.000000
2025-03-10 16:47:17,025 - INFO: Validation ROC-AUC: 0.892154
2025-03-10 16:47:28,492 - INFO: Evaluating at iteration 16159
2025-03-10 16:47:29,768 - INFO: Loss: 0.306992
2025-03-10 16:47:29,769 - INFO: Training ROC-AUC: 0.800000
2025-03-10 16:47:29,769 - INFO: Validation ROC-AUC: 0.895996
2025-03-10 16:47:41,064 - INFO: Evaluating at iteration 16659
2025-03-10 16:47:42,376 - INFO: Loss: 0.256318
2025-03-10 16:47:42,376 - INFO: Training ROC-AUC: 0.873563
2025-03-10 16:47:42,376 - INFO: Validation ROC-AUC: 0.896029
2025-03-10 16:47:48,675 - INFO: Starting epoch 9
2025-03-10 16:47:48,699 - INFO: Evaluating at iteration 16753
2025-03-10 16:47:49,979 - INFO: Loss: 0.202837
2025-03-10 16:47:49,979 - INFO: Training ROC-AUC: 0.923077
2025-03-10 16:47:49,979 - INFO: Validation ROC-AUC: 0.896128
2025-03-10 16:48:01,254 - INFO: Evaluating at iteration 17253
2025-03-10 16:48:02,544 - INFO: Loss: 0.114039
2025-03-10 16:48:02,544 - INFO: Training ROC-AUC: 1.000000
2025-03-10 16:48:02,544 - INFO: Validation ROC-AUC: 0.895558
2025-03-10 16:48:13,958 - INFO: Evaluating at iteration 17753
2025-03-10 16:48:15,198 - INFO: Loss: 0.098199
2025-03-10 16:48:15,198 - INFO: Training ROC-AUC: 1.000000
2025-03-10 16:48:15,198 - INFO: Validation ROC-AUC: 0.896150
2025-03-10 16:48:26,596 - INFO: Evaluating at iteration 18253
2025-03-10 16:48:27,869 - INFO: Loss: 0.238298
2025-03-10 16:48:27,869 - INFO: Training ROC-AUC: 0.918519
2025-03-10 16:48:27,869 - INFO: Validation ROC-AUC: 0.898890
2025-03-10 16:48:39,302 - INFO: Evaluating at iteration 18753
2025-03-10 16:48:40,643 - INFO: Loss: 0.184404
2025-03-10 16:48:40,643 - INFO: Training ROC-AUC: 0.977011
2025-03-10 16:48:40,643 - INFO: Validation ROC-AUC: 0.898236
2025-03-10 16:48:43,091 - INFO: Starting epoch 10
2025-03-10 16:48:43,114 - INFO: Evaluating at iteration 18847
2025-03-10 16:48:44,386 - INFO: Loss: 0.246292
2025-03-10 16:48:44,386 - INFO: Training ROC-AUC: 0.875000
2025-03-10 16:48:44,386 - INFO: Validation ROC-AUC: 0.896821
2025-03-10 16:48:56,051 - INFO: Evaluating at iteration 19347
2025-03-10 16:48:57,379 - INFO: Loss: 0.171377
2025-03-10 16:48:57,379 - INFO: Training ROC-AUC: 0.964286
2025-03-10 16:48:57,379 - INFO: Validation ROC-AUC: 0.897844
2025-03-10 16:49:08,810 - INFO: Evaluating at iteration 19847
2025-03-10 16:49:10,088 - INFO: Loss: 0.206814
2025-03-10 16:49:10,088 - INFO: Training ROC-AUC: 0.953125
2025-03-10 16:49:10,088 - INFO: Validation ROC-AUC: 0.896513
2025-03-10 16:49:21,924 - INFO: Evaluating at iteration 20347
2025-03-10 16:49:23,167 - INFO: Loss: 0.173616
2025-03-10 16:49:23,168 - INFO: Training ROC-AUC: 0.982857
2025-03-10 16:49:23,168 - INFO: Validation ROC-AUC: 0.897721
2025-03-10 16:49:34,640 - INFO: Evaluating at iteration 20847
2025-03-10 16:49:35,915 - INFO: Loss: 0.291450
2025-03-10 16:49:35,915 - INFO: Training ROC-AUC: 0.852564
2025-03-10 16:49:35,915 - INFO: Validation ROC-AUC: 0.898418
2025-03-10 16:49:38,100 - INFO: Starting epoch 11
2025-03-10 16:49:38,126 - INFO: Evaluating at iteration 20941
2025-03-10 16:49:39,397 - INFO: Loss: 0.100536
2025-03-10 16:49:39,398 - INFO: Training ROC-AUC: 0.983333
2025-03-10 16:49:39,398 - INFO: Validation ROC-AUC: 0.899151
2025-03-10 16:49:50,952 - INFO: Evaluating at iteration 21441
2025-03-10 16:49:52,228 - INFO: Loss: 0.251379
2025-03-10 16:49:52,228 - INFO: Training ROC-AUC: 0.923077
2025-03-10 16:49:52,228 - INFO: Validation ROC-AUC: 0.898866
2025-03-10 16:50:03,729 - INFO: Evaluating at iteration 21941
2025-03-10 16:50:04,998 - INFO: Loss: 0.111613
2025-03-10 16:50:04,998 - INFO: Training ROC-AUC: 1.000000
2025-03-10 16:50:04,998 - INFO: Validation ROC-AUC: 0.897567
2025-03-10 16:50:16,742 - INFO: Evaluating at iteration 22441
2025-03-10 16:50:18,119 - INFO: Loss: 0.264257
2025-03-10 16:50:18,120 - INFO: Training ROC-AUC: 0.892857
2025-03-10 16:50:18,120 - INFO: Validation ROC-AUC: 0.899322
2025-03-10 16:50:30,544 - INFO: Evaluating at iteration 22941
2025-03-10 16:50:31,790 - INFO: Loss: 0.170108
2025-03-10 16:50:31,791 - INFO: Training ROC-AUC: 0.931034
2025-03-10 16:50:31,791 - INFO: Validation ROC-AUC: 0.900324
2025-03-10 16:50:33,997 - INFO: Starting epoch 12
2025-03-10 16:50:34,021 - INFO: Evaluating at iteration 23035
2025-03-10 16:50:35,299 - INFO: Loss: 0.130336
2025-03-10 16:50:35,299 - INFO: Training ROC-AUC: 1.000000
2025-03-10 16:50:35,299 - INFO: Validation ROC-AUC: 0.900750
2025-03-10 16:50:46,880 - INFO: Evaluating at iteration 23535
2025-03-10 16:50:48,158 - INFO: Loss: 0.111629
2025-03-10 16:50:48,158 - INFO: Training ROC-AUC: 1.000000
2025-03-10 16:50:48,159 - INFO: Validation ROC-AUC: 0.901358
2025-03-10 16:50:59,827 - INFO: Evaluating at iteration 24035
2025-03-10 16:51:01,101 - INFO: Loss: 0.191147
2025-03-10 16:51:01,101 - INFO: Training ROC-AUC: 0.948148
2025-03-10 16:51:01,101 - INFO: Validation ROC-AUC: 0.899341
2025-03-10 16:51:12,875 - INFO: Evaluating at iteration 24535
2025-03-10 16:51:14,151 - INFO: Loss: 0.242377
2025-03-10 16:51:14,151 - INFO: Training ROC-AUC: 0.875000
2025-03-10 16:51:14,151 - INFO: Validation ROC-AUC: 0.899697
2025-03-10 16:51:25,934 - INFO: Evaluating at iteration 25035
2025-03-10 16:51:27,245 - INFO: Loss: 0.192933
2025-03-10 16:51:27,246 - INFO: Training ROC-AUC: 0.989583
2025-03-10 16:51:27,246 - INFO: Validation ROC-AUC: 0.900955
2025-03-10 16:51:29,434 - INFO: Starting epoch 13
2025-03-10 16:51:29,458 - INFO: Evaluating at iteration 25129
2025-03-10 16:51:30,712 - INFO: Loss: 0.107888
2025-03-10 16:51:30,712 - INFO: Training ROC-AUC: 0.988506
2025-03-10 16:51:30,712 - INFO: Validation ROC-AUC: 0.900152
2025-03-10 16:51:42,462 - INFO: Evaluating at iteration 25629
2025-03-10 16:51:43,708 - INFO: Loss: 0.121607
2025-03-10 16:51:43,708 - INFO: Training ROC-AUC: 0.988506
2025-03-10 16:51:43,708 - INFO: Validation ROC-AUC: 0.902077
2025-03-10 16:51:55,449 - INFO: Evaluating at iteration 26129
2025-03-10 16:51:56,745 - INFO: Loss: 0.105205
2025-03-10 16:51:56,745 - INFO: Training ROC-AUC: 1.000000
2025-03-10 16:51:56,745 - INFO: Validation ROC-AUC: 0.901733
2025-03-10 16:52:08,752 - INFO: Evaluating at iteration 26629
2025-03-10 16:52:10,034 - INFO: Loss: 0.120732
2025-03-10 16:52:10,034 - INFO: Training ROC-AUC: 1.000000
2025-03-10 16:52:10,034 - INFO: Validation ROC-AUC: 0.901155
2025-03-10 16:52:21,735 - INFO: Evaluating at iteration 27129
2025-03-10 16:52:22,980 - INFO: Loss: 0.214605
2025-03-10 16:52:22,980 - INFO: Training ROC-AUC: 0.963542
2025-03-10 16:52:22,980 - INFO: Validation ROC-AUC: 0.899935
2025-03-10 16:52:25,182 - INFO: Starting epoch 14
2025-03-10 16:52:25,206 - INFO: Evaluating at iteration 27223
2025-03-10 16:52:26,453 - INFO: Loss: 0.104052
2025-03-10 16:52:26,453 - INFO: Training ROC-AUC: 0.994286
2025-03-10 16:52:26,453 - INFO: Validation ROC-AUC: 0.901625
2025-03-10 16:52:38,469 - INFO: Evaluating at iteration 27723
2025-03-10 16:52:39,742 - INFO: Loss: 0.185460
2025-03-10 16:52:39,742 - INFO: Training ROC-AUC: 1.000000
2025-03-10 16:52:39,742 - INFO: Validation ROC-AUC: 0.901644
2025-03-10 16:52:51,528 - INFO: Evaluating at iteration 28223
2025-03-10 16:52:52,811 - INFO: Loss: 0.121925
2025-03-10 16:52:52,811 - INFO: Training ROC-AUC: 0.988506
2025-03-10 16:52:52,811 - INFO: Validation ROC-AUC: 0.900067
2025-03-10 16:53:04,967 - INFO: Evaluating at iteration 28723
2025-03-10 16:53:06,305 - INFO: Loss: 0.166692
2025-03-10 16:53:06,305 - INFO: Training ROC-AUC: 0.974359
2025-03-10 16:53:06,305 - INFO: Validation ROC-AUC: 0.902265
2025-03-10 16:53:18,092 - INFO: Evaluating at iteration 29223
2025-03-10 16:53:19,354 - INFO: Loss: 0.178015
2025-03-10 16:53:19,354 - INFO: Training ROC-AUC: 0.961538
2025-03-10 16:53:19,354 - INFO: Validation ROC-AUC: 0.902733
2025-03-10 16:53:21,766 - INFO: Starting epoch 15
2025-03-10 16:53:21,789 - INFO: Evaluating at iteration 29317
2025-03-10 16:53:23,030 - INFO: Loss: 0.341620
2025-03-10 16:53:23,030 - INFO: Training ROC-AUC: 0.911458
2025-03-10 16:53:23,030 - INFO: Validation ROC-AUC: 0.902626
2025-03-10 16:53:34,728 - INFO: Evaluating at iteration 29817
2025-03-10 16:53:35,996 - INFO: Loss: 0.169732
2025-03-10 16:53:35,996 - INFO: Training ROC-AUC: 0.977143
2025-03-10 16:53:35,996 - INFO: Validation ROC-AUC: 0.901126
2025-03-10 16:53:47,892 - INFO: Evaluating at iteration 30317
2025-03-10 16:53:49,168 - INFO: Loss: 0.114677
2025-03-10 16:53:49,168 - INFO: Training ROC-AUC: 1.000000
2025-03-10 16:53:49,169 - INFO: Validation ROC-AUC: 0.899669
2025-03-10 16:54:02,042 - INFO: Evaluating at iteration 30817
2025-03-10 16:54:03,304 - INFO: Loss: 0.193604
2025-03-10 16:54:03,304 - INFO: Training ROC-AUC: 0.964286
2025-03-10 16:54:03,304 - INFO: Validation ROC-AUC: 0.902241
2025-03-10 16:54:15,256 - INFO: Evaluating at iteration 31317
2025-03-10 16:54:16,530 - INFO: Loss: 0.162197
2025-03-10 16:54:16,530 - INFO: Training ROC-AUC: 0.974359
2025-03-10 16:54:16,530 - INFO: Validation ROC-AUC: 0.900322
2025-03-10 16:54:18,818 - INFO: Starting epoch 16
2025-03-10 16:54:18,842 - INFO: Evaluating at iteration 31411
2025-03-10 16:54:20,118 - INFO: Loss: 0.114387
2025-03-10 16:54:20,118 - INFO: Training ROC-AUC: 0.982143
2025-03-10 16:54:20,118 - INFO: Validation ROC-AUC: 0.902579
2025-03-10 16:54:32,218 - INFO: Evaluating at iteration 31911
2025-03-10 16:54:33,495 - INFO: Loss: 0.125293
2025-03-10 16:54:33,495 - INFO: Training ROC-AUC: 1.000000
2025-03-10 16:54:33,495 - INFO: Validation ROC-AUC: 0.901218
2025-03-10 16:54:45,511 - INFO: Evaluating at iteration 32411
2025-03-10 16:54:46,763 - INFO: Loss: 0.161330
2025-03-10 16:54:46,763 - INFO: Training ROC-AUC: 0.962963
2025-03-10 16:54:46,763 - INFO: Validation ROC-AUC: 0.902905
2025-03-10 16:54:58,913 - INFO: Evaluating at iteration 32911
2025-03-10 16:55:00,193 - INFO: Loss: 0.121004
2025-03-10 16:55:00,193 - INFO: Training ROC-AUC: 1.000000
2025-03-10 16:55:00,193 - INFO: Validation ROC-AUC: 0.900838
2025-03-10 16:55:12,290 - INFO: Evaluating at iteration 33411
2025-03-10 16:55:13,554 - INFO: Loss: 0.065912
2025-03-10 16:55:13,554 - INFO: Training ROC-AUC: 1.000000
2025-03-10 16:55:13,554 - INFO: Validation ROC-AUC: 0.903126
2025-03-10 16:55:16,388 - INFO: Starting epoch 17
2025-03-10 16:55:16,412 - INFO: Evaluating at iteration 33505
2025-03-10 16:55:17,657 - INFO: Loss: 0.200022
2025-03-10 16:55:17,657 - INFO: Training ROC-AUC: 0.935897
2025-03-10 16:55:17,657 - INFO: Validation ROC-AUC: 0.902671
2025-03-10 16:55:29,927 - INFO: Evaluating at iteration 34005
2025-03-10 16:55:31,199 - INFO: Loss: 0.139991
2025-03-10 16:55:31,199 - INFO: Training ROC-AUC: 0.968750
2025-03-10 16:55:31,199 - INFO: Validation ROC-AUC: 0.901305
2025-03-10 16:55:43,594 - INFO: Evaluating at iteration 34505
2025-03-10 16:55:44,841 - INFO: Loss: 0.171980
2025-03-10 16:55:44,841 - INFO: Training ROC-AUC: 0.963542
2025-03-10 16:55:44,842 - INFO: Validation ROC-AUC: 0.900653
2025-03-10 16:55:56,967 - INFO: Evaluating at iteration 35005
2025-03-10 16:55:58,282 - INFO: Loss: 0.134151
2025-03-10 16:55:58,282 - INFO: Training ROC-AUC: 0.977778
2025-03-10 16:55:58,282 - INFO: Validation ROC-AUC: 0.900213
2025-03-10 16:56:10,556 - INFO: Evaluating at iteration 35505
2025-03-10 16:56:11,817 - INFO: Loss: 0.230438
2025-03-10 16:56:11,817 - INFO: Training ROC-AUC: 0.948148
2025-03-10 16:56:11,817 - INFO: Validation ROC-AUC: 0.902598
2025-03-10 16:56:14,103 - INFO: Starting epoch 18
2025-03-10 16:56:14,126 - INFO: Evaluating at iteration 35599
2025-03-10 16:56:15,398 - INFO: Loss: 0.121584
2025-03-10 16:56:15,398 - INFO: Training ROC-AUC: 0.977778
2025-03-10 16:56:15,398 - INFO: Validation ROC-AUC: 0.901549
2025-03-10 16:56:29,313 - INFO: Evaluating at iteration 36099
2025-03-10 16:56:30,553 - INFO: Loss: 0.067961
2025-03-10 16:56:30,553 - INFO: Training ROC-AUC: 1.000000
2025-03-10 16:56:30,553 - INFO: Validation ROC-AUC: 0.902332
2025-03-10 16:56:43,039 - INFO: Evaluating at iteration 36599
2025-03-10 16:56:44,309 - INFO: Loss: 0.035636
2025-03-10 16:56:44,309 - INFO: Training ROC-AUC: 1.000000
2025-03-10 16:56:44,309 - INFO: Validation ROC-AUC: 0.903130
2025-03-10 16:56:57,293 - INFO: Evaluating at iteration 37099
2025-03-10 16:56:58,574 - INFO: Loss: 0.041251
2025-03-10 16:56:58,575 - INFO: Training ROC-AUC: 1.000000
2025-03-10 16:56:58,575 - INFO: Validation ROC-AUC: 0.901478
2025-03-10 16:57:10,937 - INFO: Evaluating at iteration 37599
2025-03-10 16:57:12,240 - INFO: Loss: 0.031597
2025-03-10 16:57:12,240 - INFO: Training ROC-AUC: 1.000000
2025-03-10 16:57:12,240 - INFO: Validation ROC-AUC: 0.899795
2025-03-10 16:57:15,185 - INFO: Starting epoch 19
2025-03-10 16:57:15,208 - INFO: Evaluating at iteration 37693
2025-03-10 16:57:16,479 - INFO: Loss: 0.079068
2025-03-10 16:57:16,480 - INFO: Training ROC-AUC: 0.992593
2025-03-10 16:57:16,480 - INFO: Validation ROC-AUC: 0.902047
2025-03-10 16:57:28,968 - INFO: Evaluating at iteration 38193
2025-03-10 16:57:30,213 - INFO: Loss: 0.068456
2025-03-10 16:57:30,214 - INFO: Training ROC-AUC: 1.000000
2025-03-10 16:57:30,214 - INFO: Validation ROC-AUC: 0.901116
2025-03-10 16:57:42,553 - INFO: Evaluating at iteration 38693
2025-03-10 16:57:43,850 - INFO: Loss: 0.050095
2025-03-10 16:57:43,880 - INFO: Training ROC-AUC: 1.000000
2025-03-10 16:57:43,886 - INFO: Validation ROC-AUC: 0.900101
2025-03-10 16:57:56,633 - INFO: Evaluating at iteration 39193
2025-03-10 16:57:58,006 - INFO: Loss: 0.076595
2025-03-10 16:57:58,010 - INFO: Training ROC-AUC: 1.000000
2025-03-10 16:57:58,014 - INFO: Validation ROC-AUC: 0.900786
2025-03-10 16:58:10,341 - INFO: Evaluating at iteration 39693
2025-03-10 16:58:11,673 - INFO: Loss: 0.062542
2025-03-10 16:58:11,676 - INFO: Training ROC-AUC: 1.000000
2025-03-10 16:58:11,680 - INFO: Validation ROC-AUC: 0.899733
2025-03-10 16:58:14,007 - INFO: Starting epoch 20
2025-03-10 16:58:14,047 - INFO: Evaluating at iteration 39787
2025-03-10 16:58:15,327 - INFO: Loss: 0.053929
2025-03-10 16:58:15,331 - INFO: Training ROC-AUC: 1.000000
2025-03-10 16:58:15,335 - INFO: Validation ROC-AUC: 0.900573
2025-03-10 16:58:28,032 - INFO: Evaluating at iteration 40287
2025-03-10 16:58:29,345 - INFO: Loss: 0.052822
2025-03-10 16:58:29,350 - INFO: Training ROC-AUC: 1.000000
2025-03-10 16:58:29,353 - INFO: Validation ROC-AUC: 0.900854
2025-03-10 16:58:41,832 - INFO: Evaluating at iteration 40787
2025-03-10 16:58:43,140 - INFO: Loss: 0.042630
2025-03-10 16:58:43,144 - INFO: Training ROC-AUC: 1.000000
2025-03-10 16:58:43,147 - INFO: Validation ROC-AUC: 0.902622
2025-03-10 16:58:55,731 - INFO: Evaluating at iteration 41287
2025-03-10 16:58:57,059 - INFO: Loss: 0.035404
2025-03-10 16:58:57,063 - INFO: Training ROC-AUC: 1.000000
2025-03-10 16:58:57,067 - INFO: Validation ROC-AUC: 0.902173
2025-03-10 16:59:09,640 - INFO: Evaluating at iteration 41787
2025-03-10 16:59:10,934 - INFO: Loss: 0.049092
2025-03-10 16:59:10,938 - INFO: Training ROC-AUC: 1.000000
2025-03-10 16:59:10,942 - INFO: Validation ROC-AUC: 0.903802
2025-03-10 16:59:13,589 - INFO: Starting epoch 21
2025-03-10 16:59:13,616 - INFO: Evaluating at iteration 41881
2025-03-10 16:59:14,890 - INFO: Loss: 0.054708
2025-03-10 16:59:14,921 - INFO: Training ROC-AUC: 1.000000
2025-03-10 16:59:14,928 - INFO: Validation ROC-AUC: 0.902648
2025-03-10 16:59:27,459 - INFO: Evaluating at iteration 42381
2025-03-10 16:59:28,796 - INFO: Loss: 0.057426
2025-03-10 16:59:28,800 - INFO: Training ROC-AUC: 0.991071
2025-03-10 16:59:28,804 - INFO: Validation ROC-AUC: 0.900647
2025-03-10 16:59:41,457 - INFO: Evaluating at iteration 42881
2025-03-10 16:59:42,782 - INFO: Loss: 0.053248
2025-03-10 16:59:42,786 - INFO: Training ROC-AUC: 1.000000
2025-03-10 16:59:42,789 - INFO: Validation ROC-AUC: 0.900352
2025-03-10 16:59:55,317 - INFO: Evaluating at iteration 43381
2025-03-10 16:59:56,688 - INFO: Loss: 0.059901
2025-03-10 16:59:56,692 - INFO: Training ROC-AUC: 1.000000
2025-03-10 16:59:56,695 - INFO: Validation ROC-AUC: 0.900367
2025-03-10 17:00:09,362 - INFO: Evaluating at iteration 43881
2025-03-10 17:00:10,699 - INFO: Loss: 0.011794
2025-03-10 17:00:10,703 - INFO: Training ROC-AUC: 1.000000
2025-03-10 17:00:10,707 - INFO: Validation ROC-AUC: 0.901381
2025-03-10 17:00:13,096 - INFO: Starting epoch 22
2025-03-10 17:00:13,123 - INFO: Evaluating at iteration 43975
2025-03-10 17:00:14,397 - INFO: Loss: 0.114370
2025-03-10 17:00:14,401 - INFO: Training ROC-AUC: 0.988571
2025-03-10 17:00:14,405 - INFO: Validation ROC-AUC: 0.900164
2025-03-10 17:00:27,637 - INFO: Evaluating at iteration 44475
2025-03-10 17:00:28,913 - INFO: Loss: 0.045616
2025-03-10 17:00:28,924 - INFO: Training ROC-AUC: 1.000000
2025-03-10 17:00:28,928 - INFO: Validation ROC-AUC: 0.900800
2025-03-10 17:00:41,691 - INFO: Evaluating at iteration 44975
2025-03-10 17:00:42,997 - INFO: Loss: 0.048784
2025-03-10 17:00:43,002 - INFO: Training ROC-AUC: 1.000000
2025-03-10 17:00:43,005 - INFO: Validation ROC-AUC: 0.901131
2025-03-10 17:00:55,627 - INFO: Evaluating at iteration 45475
2025-03-10 17:00:56,969 - INFO: Loss: 0.049654
2025-03-10 17:00:56,973 - INFO: Training ROC-AUC: 1.000000
2025-03-10 17:00:56,986 - INFO: Validation ROC-AUC: 0.901112
2025-03-10 17:01:09,742 - INFO: Evaluating at iteration 45975
2025-03-10 17:01:11,035 - INFO: Loss: 0.178670
2025-03-10 17:01:11,040 - INFO: Training ROC-AUC: 0.970370
2025-03-10 17:01:11,044 - INFO: Validation ROC-AUC: 0.902277
2025-03-10 17:01:13,905 - INFO: Starting epoch 23
2025-03-10 17:01:13,974 - INFO: Evaluating at iteration 46069
2025-03-10 17:01:15,273 - INFO: Loss: 0.036945
2025-03-10 17:01:15,277 - INFO: Training ROC-AUC: 1.000000
2025-03-10 17:01:15,281 - INFO: Validation ROC-AUC: 0.898820
2025-03-10 17:01:27,924 - INFO: Evaluating at iteration 46569
2025-03-10 17:01:29,225 - INFO: Loss: 0.080179
2025-03-10 17:01:29,229 - INFO: Training ROC-AUC: 0.988506
2025-03-10 17:01:29,233 - INFO: Validation ROC-AUC: 0.902422
2025-03-10 17:01:41,953 - INFO: Evaluating at iteration 47069
2025-03-10 17:01:43,295 - INFO: Loss: 0.059022
2025-03-10 17:01:43,299 - INFO: Training ROC-AUC: 1.000000
2025-03-10 17:01:43,303 - INFO: Validation ROC-AUC: 0.901553
2025-03-10 17:01:56,205 - INFO: Evaluating at iteration 47569
2025-03-10 17:01:57,503 - INFO: Loss: 0.020713
2025-03-10 17:01:57,507 - INFO: Training ROC-AUC: 1.000000
2025-03-10 17:01:57,511 - INFO: Validation ROC-AUC: 0.901466
2025-03-10 17:02:10,357 - INFO: Evaluating at iteration 48069
2025-03-10 17:02:11,668 - INFO: Loss: 0.123745
2025-03-10 17:02:11,673 - INFO: Training ROC-AUC: 0.987179
2025-03-10 17:02:11,677 - INFO: Validation ROC-AUC: 0.900914
2025-03-10 17:02:14,092 - INFO: Starting epoch 24
2025-03-10 17:02:14,149 - INFO: Evaluating at iteration 48163
2025-03-10 17:02:15,426 - INFO: Loss: 0.073592
2025-03-10 17:02:15,430 - INFO: Training ROC-AUC: 1.000000
2025-03-10 17:02:15,434 - INFO: Validation ROC-AUC: 0.901159
2025-03-10 17:02:28,763 - INFO: Evaluating at iteration 48663
2025-03-10 17:02:30,078 - INFO: Loss: 0.087342
2025-03-10 17:02:30,082 - INFO: Training ROC-AUC: 1.000000
2025-03-10 17:02:30,085 - INFO: Validation ROC-AUC: 0.901412
2025-03-10 17:02:42,848 - INFO: Evaluating at iteration 49163
2025-03-10 17:02:44,122 - INFO: Loss: 0.002163
2025-03-10 17:02:44,127 - INFO: Training ROC-AUC: 1.000000
2025-03-10 17:02:44,130 - INFO: Validation ROC-AUC: 0.899775
2025-03-10 17:02:57,064 - INFO: Evaluating at iteration 49663
2025-03-10 17:02:58,371 - INFO: Loss: 0.003973
2025-03-10 17:02:58,375 - INFO: Training ROC-AUC: 1.000000
2025-03-10 17:02:58,379 - INFO: Validation ROC-AUC: 0.901040
2025-03-10 17:03:11,274 - INFO: Evaluating at iteration 50163
2025-03-10 17:03:12,594 - INFO: Loss: 0.045661
2025-03-10 17:03:12,598 - INFO: Training ROC-AUC: 1.000000
2025-03-10 17:03:12,602 - INFO: Validation ROC-AUC: 0.901138
2025-03-10 17:03:14,996 - INFO: Starting epoch 25
2025-03-10 17:03:15,036 - INFO: Evaluating at iteration 50257
2025-03-10 17:03:16,331 - INFO: Loss: 0.003766
2025-03-10 17:03:16,335 - INFO: Training ROC-AUC: 1.000000
2025-03-10 17:03:16,339 - INFO: Validation ROC-AUC: 0.901067
2025-03-10 17:03:29,097 - INFO: Evaluating at iteration 50757
2025-03-10 17:03:30,396 - INFO: Loss: 0.010381
2025-03-10 17:03:30,409 - INFO: Training ROC-AUC: 1.000000
2025-03-10 17:03:30,413 - INFO: Validation ROC-AUC: 0.901870
2025-03-10 17:03:43,169 - INFO: Evaluating at iteration 51257
2025-03-10 17:03:44,471 - INFO: Loss: 0.010001
2025-03-10 17:03:44,475 - INFO: Training ROC-AUC: 1.000000
2025-03-10 17:03:44,479 - INFO: Validation ROC-AUC: 0.902766
2025-03-10 17:03:57,323 - INFO: Evaluating at iteration 51757
2025-03-10 17:03:58,623 - INFO: Loss: 0.010877
2025-03-10 17:03:58,627 - INFO: Training ROC-AUC: 1.000000
2025-03-10 17:03:58,630 - INFO: Validation ROC-AUC: 0.900356
2025-03-10 17:04:11,294 - INFO: Evaluating at iteration 52257
2025-03-10 17:04:12,649 - INFO: Loss: 0.073484
2025-03-10 17:04:12,653 - INFO: Training ROC-AUC: 0.988506
2025-03-10 17:04:12,657 - INFO: Validation ROC-AUC: 0.899632
2025-03-10 17:04:15,017 - INFO: Saving model to models/TCRContactMapPredictor_tcr_split/model_2.pt
2025-03-10 17:04:15,307 - INFO: Starting fold 3
2025-03-10 17:04:15,317 - INFO: Initialising model
2025-03-10 17:04:15,346 - INFO: Starting training
2025-03-10 17:04:15,367 - INFO: Starting epoch 1
2025-03-10 17:04:15,405 - INFO: Evaluating at iteration 1
2025-03-10 17:04:16,723 - INFO: Loss: 0.689474
2025-03-10 17:04:16,727 - INFO: Training ROC-AUC: 0.482759
2025-03-10 17:04:16,731 - INFO: Validation ROC-AUC: 0.503370
2025-03-10 17:04:27,668 - INFO: Evaluating at iteration 501
2025-03-10 17:04:28,968 - INFO: Loss: 0.327643
2025-03-10 17:04:28,972 - INFO: Training ROC-AUC: 0.609195
2025-03-10 17:04:28,975 - INFO: Validation ROC-AUC: 0.593988
2025-03-10 17:04:39,983 - INFO: Evaluating at iteration 1001
2025-03-10 17:04:41,260 - INFO: Loss: 0.499706
2025-03-10 17:04:41,264 - INFO: Training ROC-AUC: 0.557692
2025-03-10 17:04:41,268 - INFO: Validation ROC-AUC: 0.693776
2025-03-10 17:04:52,310 - INFO: Evaluating at iteration 1501
2025-03-10 17:04:53,658 - INFO: Loss: 0.466064
2025-03-10 17:04:53,658 - INFO: Training ROC-AUC: 0.617143
2025-03-10 17:04:53,658 - INFO: Validation ROC-AUC: 0.711344
2025-03-10 17:05:04,582 - INFO: Evaluating at iteration 2001
2025-03-10 17:05:05,918 - INFO: Loss: 0.195762
2025-03-10 17:05:05,918 - INFO: Training ROC-AUC: 1.000000
2025-03-10 17:05:05,918 - INFO: Validation ROC-AUC: 0.780711
2025-03-10 17:05:08,021 - INFO: Starting epoch 2
2025-03-10 17:05:08,044 - INFO: Evaluating at iteration 2095
2025-03-10 17:05:09,286 - INFO: Loss: 0.354985
2025-03-10 17:05:09,286 - INFO: Training ROC-AUC: 0.777778
2025-03-10 17:05:09,286 - INFO: Validation ROC-AUC: 0.781655
2025-03-10 17:05:20,346 - INFO: Evaluating at iteration 2595
2025-03-10 17:05:21,621 - INFO: Loss: 0.516490
2025-03-10 17:05:21,621 - INFO: Training ROC-AUC: 0.674286
2025-03-10 17:05:21,621 - INFO: Validation ROC-AUC: 0.804414
2025-03-10 17:05:32,831 - INFO: Evaluating at iteration 3095
2025-03-10 17:05:34,086 - INFO: Loss: 0.337538
2025-03-10 17:05:34,086 - INFO: Training ROC-AUC: 0.776786
2025-03-10 17:05:34,086 - INFO: Validation ROC-AUC: 0.828262
2025-03-10 17:05:45,399 - INFO: Evaluating at iteration 3595
2025-03-10 17:05:46,656 - INFO: Loss: 0.171141
2025-03-10 17:05:46,656 - INFO: Training ROC-AUC: 1.000000
2025-03-10 17:05:46,656 - INFO: Validation ROC-AUC: 0.842432
2025-03-10 17:05:57,851 - INFO: Evaluating at iteration 4095
2025-03-10 17:05:59,118 - INFO: Loss: 0.415431
2025-03-10 17:05:59,118 - INFO: Training ROC-AUC: 0.864734
2025-03-10 17:05:59,118 - INFO: Validation ROC-AUC: 0.849256
2025-03-10 17:06:01,240 - INFO: Starting epoch 3
2025-03-10 17:06:01,263 - INFO: Evaluating at iteration 4189
2025-03-10 17:06:02,505 - INFO: Loss: 0.465830
2025-03-10 17:06:02,505 - INFO: Training ROC-AUC: 0.770833
2025-03-10 17:06:02,505 - INFO: Validation ROC-AUC: 0.850926
2025-03-10 17:06:13,768 - INFO: Evaluating at iteration 4689
2025-03-10 17:06:14,994 - INFO: Loss: 0.355858
2025-03-10 17:06:14,995 - INFO: Training ROC-AUC: 0.880000
2025-03-10 17:06:14,995 - INFO: Validation ROC-AUC: 0.857690
2025-03-10 17:06:26,002 - INFO: Evaluating at iteration 5189
2025-03-10 17:06:27,274 - INFO: Loss: 0.343155
2025-03-10 17:06:27,274 - INFO: Training ROC-AUC: 0.931429
2025-03-10 17:06:27,274 - INFO: Validation ROC-AUC: 0.867563
2025-03-10 17:06:38,283 - INFO: Evaluating at iteration 5689
2025-03-10 17:06:39,542 - INFO: Loss: 0.206287
2025-03-10 17:06:39,542 - INFO: Training ROC-AUC: 0.948718
2025-03-10 17:06:39,542 - INFO: Validation ROC-AUC: 0.873995
2025-03-10 17:06:50,666 - INFO: Evaluating at iteration 6189
2025-03-10 17:06:51,891 - INFO: Loss: 0.268371
2025-03-10 17:06:51,891 - INFO: Training ROC-AUC: 0.911111
2025-03-10 17:06:51,891 - INFO: Validation ROC-AUC: 0.875558
2025-03-10 17:06:54,022 - INFO: Starting epoch 4
2025-03-10 17:06:54,046 - INFO: Evaluating at iteration 6283
2025-03-10 17:06:55,295 - INFO: Loss: 0.182722
2025-03-10 17:06:55,295 - INFO: Training ROC-AUC: 0.816667
2025-03-10 17:06:55,295 - INFO: Validation ROC-AUC: 0.877347
2025-03-10 17:07:06,876 - INFO: Evaluating at iteration 6783
2025-03-10 17:07:08,120 - INFO: Loss: 0.198764
2025-03-10 17:07:08,121 - INFO: Training ROC-AUC: 0.919540
2025-03-10 17:07:08,121 - INFO: Validation ROC-AUC: 0.880309
2025-03-10 17:07:19,238 - INFO: Evaluating at iteration 7283
2025-03-10 17:07:20,469 - INFO: Loss: 0.207739
2025-03-10 17:07:20,469 - INFO: Training ROC-AUC: 0.977011
2025-03-10 17:07:20,469 - INFO: Validation ROC-AUC: 0.881059
2025-03-10 17:07:31,701 - INFO: Evaluating at iteration 7783
2025-03-10 17:07:32,955 - INFO: Loss: 0.166443
2025-03-10 17:07:32,955 - INFO: Training ROC-AUC: 0.964286
2025-03-10 17:07:32,955 - INFO: Validation ROC-AUC: 0.884250
2025-03-10 17:07:44,226 - INFO: Evaluating at iteration 8283
2025-03-10 17:07:45,475 - INFO: Loss: 0.369989
2025-03-10 17:07:45,475 - INFO: Training ROC-AUC: 0.862857
2025-03-10 17:07:45,475 - INFO: Validation ROC-AUC: 0.887194
2025-03-10 17:07:47,723 - INFO: Starting epoch 5
2025-03-10 17:07:47,746 - INFO: Evaluating at iteration 8377
2025-03-10 17:07:48,976 - INFO: Loss: 0.195151
2025-03-10 17:07:48,976 - INFO: Training ROC-AUC: 0.985185
2025-03-10 17:07:48,976 - INFO: Validation ROC-AUC: 0.888332
2025-03-10 17:08:00,617 - INFO: Evaluating at iteration 8877
2025-03-10 17:08:01,843 - INFO: Loss: 0.253084
2025-03-10 17:08:01,843 - INFO: Training ROC-AUC: 0.931429
2025-03-10 17:08:01,843 - INFO: Validation ROC-AUC: 0.887509
2025-03-10 17:08:13,041 - INFO: Evaluating at iteration 9377
2025-03-10 17:08:14,273 - INFO: Loss: 0.118329
2025-03-10 17:08:14,273 - INFO: Training ROC-AUC: 1.000000
2025-03-10 17:08:14,273 - INFO: Validation ROC-AUC: 0.889296
2025-03-10 17:08:25,492 - INFO: Evaluating at iteration 9877
2025-03-10 17:08:26,742 - INFO: Loss: 0.332104
2025-03-10 17:08:26,742 - INFO: Training ROC-AUC: 0.875000
2025-03-10 17:08:26,743 - INFO: Validation ROC-AUC: 0.889585
2025-03-10 17:08:38,096 - INFO: Evaluating at iteration 10377
2025-03-10 17:08:39,327 - INFO: Loss: 0.196375
2025-03-10 17:08:39,327 - INFO: Training ROC-AUC: 0.974359
2025-03-10 17:08:39,327 - INFO: Validation ROC-AUC: 0.892154
2025-03-10 17:08:41,456 - INFO: Starting epoch 6
2025-03-10 17:08:41,482 - INFO: Evaluating at iteration 10471
2025-03-10 17:08:42,732 - INFO: Loss: 0.247434
2025-03-10 17:08:42,732 - INFO: Training ROC-AUC: 0.965714
2025-03-10 17:08:42,732 - INFO: Validation ROC-AUC: 0.892906
2025-03-10 17:08:54,547 - INFO: Evaluating at iteration 10971
2025-03-10 17:08:55,775 - INFO: Loss: 0.208703
2025-03-10 17:08:55,775 - INFO: Training ROC-AUC: 0.961538
2025-03-10 17:08:55,775 - INFO: Validation ROC-AUC: 0.892866
2025-03-10 17:09:06,964 - INFO: Evaluating at iteration 11471
2025-03-10 17:09:08,190 - INFO: Loss: 0.421996
2025-03-10 17:09:08,190 - INFO: Training ROC-AUC: 0.937198
2025-03-10 17:09:08,190 - INFO: Validation ROC-AUC: 0.894010
2025-03-10 17:09:19,437 - INFO: Evaluating at iteration 11971
2025-03-10 17:09:20,665 - INFO: Loss: 0.245632
2025-03-10 17:09:20,665 - INFO: Training ROC-AUC: 0.850575
2025-03-10 17:09:20,665 - INFO: Validation ROC-AUC: 0.894394
2025-03-10 17:09:31,994 - INFO: Evaluating at iteration 12471
2025-03-10 17:09:33,221 - INFO: Loss: 0.240180
2025-03-10 17:09:33,221 - INFO: Training ROC-AUC: 0.964286
2025-03-10 17:09:33,221 - INFO: Validation ROC-AUC: 0.894531
2025-03-10 17:09:35,771 - INFO: Starting epoch 7
2025-03-10 17:09:35,795 - INFO: Evaluating at iteration 12565
2025-03-10 17:09:37,020 - INFO: Loss: 0.283783
2025-03-10 17:09:37,020 - INFO: Training ROC-AUC: 0.735632
2025-03-10 17:09:37,020 - INFO: Validation ROC-AUC: 0.893622
2025-03-10 17:09:48,419 - INFO: Evaluating at iteration 13065
2025-03-10 17:09:49,646 - INFO: Loss: 0.186174
2025-03-10 17:09:49,646 - INFO: Training ROC-AUC: 0.955357
2025-03-10 17:09:49,647 - INFO: Validation ROC-AUC: 0.893407
2025-03-10 17:10:00,921 - INFO: Evaluating at iteration 13565
2025-03-10 17:10:02,156 - INFO: Loss: 0.152255
2025-03-10 17:10:02,156 - INFO: Training ROC-AUC: 0.973214
2025-03-10 17:10:02,156 - INFO: Validation ROC-AUC: 0.894083
2025-03-10 17:10:13,405 - INFO: Evaluating at iteration 14065
2025-03-10 17:10:14,633 - INFO: Loss: 0.137641
2025-03-10 17:10:14,633 - INFO: Training ROC-AUC: 0.916667
2025-03-10 17:10:14,633 - INFO: Validation ROC-AUC: 0.894625
2025-03-10 17:10:25,865 - INFO: Evaluating at iteration 14565
2025-03-10 17:10:27,105 - INFO: Loss: 0.556186
2025-03-10 17:10:27,105 - INFO: Training ROC-AUC: 0.831818
2025-03-10 17:10:27,105 - INFO: Validation ROC-AUC: 0.898636
2025-03-10 17:10:29,271 - INFO: Starting epoch 8
2025-03-10 17:10:29,295 - INFO: Evaluating at iteration 14659
2025-03-10 17:10:30,524 - INFO: Loss: 0.154077
2025-03-10 17:10:30,524 - INFO: Training ROC-AUC: 0.970370
2025-03-10 17:10:30,524 - INFO: Validation ROC-AUC: 0.898393
2025-03-10 17:10:41,895 - INFO: Evaluating at iteration 15159
2025-03-10 17:10:43,135 - INFO: Loss: 0.233777
2025-03-10 17:10:43,135 - INFO: Training ROC-AUC: 0.960000
2025-03-10 17:10:43,135 - INFO: Validation ROC-AUC: 0.898063
2025-03-10 17:10:54,265 - INFO: Evaluating at iteration 15659
2025-03-10 17:10:55,493 - INFO: Loss: 0.348197
2025-03-10 17:10:55,494 - INFO: Training ROC-AUC: 0.908213
2025-03-10 17:10:55,494 - INFO: Validation ROC-AUC: 0.897113
2025-03-10 17:11:06,752 - INFO: Evaluating at iteration 16159
2025-03-10 17:11:08,016 - INFO: Loss: 0.081840
2025-03-10 17:11:08,016 - INFO: Training ROC-AUC: 1.000000
2025-03-10 17:11:08,016 - INFO: Validation ROC-AUC: 0.898245
2025-03-10 17:11:19,230 - INFO: Evaluating at iteration 16659
2025-03-10 17:11:20,456 - INFO: Loss: 0.228161
2025-03-10 17:11:20,456 - INFO: Training ROC-AUC: 0.955128
2025-03-10 17:11:20,456 - INFO: Validation ROC-AUC: 0.897133
2025-03-10 17:11:22,613 - INFO: Starting epoch 9
2025-03-10 17:11:22,636 - INFO: Evaluating at iteration 16753
2025-03-10 17:11:23,864 - INFO: Loss: 0.193214
2025-03-10 17:11:23,864 - INFO: Training ROC-AUC: 0.948148
2025-03-10 17:11:23,864 - INFO: Validation ROC-AUC: 0.899146
2025-03-10 17:11:35,410 - INFO: Evaluating at iteration 17253
2025-03-10 17:11:36,641 - INFO: Loss: 0.258926
2025-03-10 17:11:36,641 - INFO: Training ROC-AUC: 0.910714
2025-03-10 17:11:36,641 - INFO: Validation ROC-AUC: 0.895657
2025-03-10 17:11:47,829 - INFO: Evaluating at iteration 17753
2025-03-10 17:11:49,107 - INFO: Loss: 0.191632
2025-03-10 17:11:49,107 - INFO: Training ROC-AUC: 0.977778
2025-03-10 17:11:49,107 - INFO: Validation ROC-AUC: 0.899237
2025-03-10 17:12:00,230 - INFO: Evaluating at iteration 18253
2025-03-10 17:12:01,471 - INFO: Loss: 0.170468
2025-03-10 17:12:01,471 - INFO: Training ROC-AUC: 0.946429
2025-03-10 17:12:01,471 - INFO: Validation ROC-AUC: 0.899908
2025-03-10 17:12:12,639 - INFO: Evaluating at iteration 18753
2025-03-10 17:12:13,911 - INFO: Loss: 0.289983
2025-03-10 17:12:13,911 - INFO: Training ROC-AUC: 0.897436
2025-03-10 17:12:13,911 - INFO: Validation ROC-AUC: 0.898280
2025-03-10 17:12:15,998 - INFO: Starting epoch 10
2025-03-10 17:12:16,021 - INFO: Evaluating at iteration 18847
2025-03-10 17:12:17,292 - INFO: Loss: 0.279931
2025-03-10 17:12:17,292 - INFO: Training ROC-AUC: 0.965714
2025-03-10 17:12:17,292 - INFO: Validation ROC-AUC: 0.897937
2025-03-10 17:12:28,392 - INFO: Evaluating at iteration 19347
2025-03-10 17:12:29,661 - INFO: Loss: 0.261353
2025-03-10 17:12:29,661 - INFO: Training ROC-AUC: 0.910256
2025-03-10 17:12:29,661 - INFO: Validation ROC-AUC: 0.898738
2025-03-10 17:12:40,576 - INFO: Evaluating at iteration 19847
2025-03-10 17:12:41,873 - INFO: Loss: 0.248109
2025-03-10 17:12:41,873 - INFO: Training ROC-AUC: 0.942857
2025-03-10 17:12:41,873 - INFO: Validation ROC-AUC: 0.900911
2025-03-10 17:12:52,744 - INFO: Evaluating at iteration 20347
2025-03-10 17:12:54,008 - INFO: Loss: 0.225653
2025-03-10 17:12:54,008 - INFO: Training ROC-AUC: 0.958333
2025-03-10 17:12:54,008 - INFO: Validation ROC-AUC: 0.899070
2025-03-10 17:13:05,110 - INFO: Evaluating at iteration 20847
2025-03-10 17:13:06,428 - INFO: Loss: 0.190928
2025-03-10 17:13:06,428 - INFO: Training ROC-AUC: 0.979167
2025-03-10 17:13:06,428 - INFO: Validation ROC-AUC: 0.898348
2025-03-10 17:13:08,508 - INFO: Starting epoch 11
2025-03-10 17:13:08,531 - INFO: Evaluating at iteration 20941
2025-03-10 17:13:09,786 - INFO: Loss: 0.273463
2025-03-10 17:13:09,786 - INFO: Training ROC-AUC: 0.937143
2025-03-10 17:13:09,787 - INFO: Validation ROC-AUC: 0.899612
2025-03-10 17:13:20,846 - INFO: Evaluating at iteration 21441
2025-03-10 17:13:22,127 - INFO: Loss: 0.260164
2025-03-10 17:13:22,127 - INFO: Training ROC-AUC: 0.916667
2025-03-10 17:13:22,127 - INFO: Validation ROC-AUC: 0.900452
2025-03-10 17:13:33,044 - INFO: Evaluating at iteration 21941
2025-03-10 17:13:34,292 - INFO: Loss: 0.174986
2025-03-10 17:13:34,292 - INFO: Training ROC-AUC: 0.965714
2025-03-10 17:13:34,292 - INFO: Validation ROC-AUC: 0.900509
2025-03-10 17:13:45,534 - INFO: Evaluating at iteration 22441
2025-03-10 17:13:46,810 - INFO: Loss: 0.177205
2025-03-10 17:13:46,810 - INFO: Training ROC-AUC: 0.955128
2025-03-10 17:13:46,810 - INFO: Validation ROC-AUC: 0.901304
2025-03-10 17:13:57,844 - INFO: Evaluating at iteration 22941
2025-03-10 17:13:59,116 - INFO: Loss: 0.177611
2025-03-10 17:13:59,116 - INFO: Training ROC-AUC: 0.968750
2025-03-10 17:13:59,116 - INFO: Validation ROC-AUC: 0.900793
2025-03-10 17:14:01,187 - INFO: Starting epoch 12
2025-03-10 17:14:01,212 - INFO: Evaluating at iteration 23035
2025-03-10 17:14:02,495 - INFO: Loss: 0.094429
2025-03-10 17:14:02,495 - INFO: Training ROC-AUC: 1.000000
2025-03-10 17:14:02,495 - INFO: Validation ROC-AUC: 0.901180
2025-03-10 17:14:13,509 - INFO: Evaluating at iteration 23535
2025-03-10 17:14:14,766 - INFO: Loss: 0.233834
2025-03-10 17:14:14,766 - INFO: Training ROC-AUC: 0.947917
2025-03-10 17:14:14,766 - INFO: Validation ROC-AUC: 0.898298
2025-03-10 17:14:26,018 - INFO: Evaluating at iteration 24035
2025-03-10 17:14:27,290 - INFO: Loss: 0.177137
2025-03-10 17:14:27,291 - INFO: Training ROC-AUC: 0.982857
2025-03-10 17:14:27,291 - INFO: Validation ROC-AUC: 0.900495
2025-03-10 17:14:38,809 - INFO: Evaluating at iteration 24535
2025-03-10 17:14:40,087 - INFO: Loss: 0.249281
2025-03-10 17:14:40,087 - INFO: Training ROC-AUC: 0.953125
2025-03-10 17:14:40,087 - INFO: Validation ROC-AUC: 0.900796
2025-03-10 17:14:51,544 - INFO: Evaluating at iteration 25035
2025-03-10 17:14:52,822 - INFO: Loss: 0.289827
2025-03-10 17:14:52,822 - INFO: Training ROC-AUC: 1.000000
2025-03-10 17:14:52,822 - INFO: Validation ROC-AUC: 0.899508
2025-03-10 17:14:54,993 - INFO: Starting epoch 13
2025-03-10 17:14:55,019 - INFO: Evaluating at iteration 25129
2025-03-10 17:14:56,284 - INFO: Loss: 0.155916
2025-03-10 17:14:56,284 - INFO: Training ROC-AUC: 0.965714
2025-03-10 17:14:56,284 - INFO: Validation ROC-AUC: 0.900431
2025-03-10 17:15:07,720 - INFO: Evaluating at iteration 25629
2025-03-10 17:15:09,012 - INFO: Loss: 0.329579
2025-03-10 17:15:09,012 - INFO: Training ROC-AUC: 0.921875
2025-03-10 17:15:09,012 - INFO: Validation ROC-AUC: 0.898716
2025-03-10 17:15:20,664 - INFO: Evaluating at iteration 26129
2025-03-10 17:15:21,948 - INFO: Loss: 0.151728
2025-03-10 17:15:21,948 - INFO: Training ROC-AUC: 0.964286
2025-03-10 17:15:21,948 - INFO: Validation ROC-AUC: 0.899709
2025-03-10 17:15:33,437 - INFO: Evaluating at iteration 26629
2025-03-10 17:15:34,686 - INFO: Loss: 0.276231
2025-03-10 17:15:34,686 - INFO: Training ROC-AUC: 0.958333
2025-03-10 17:15:34,686 - INFO: Validation ROC-AUC: 0.899274
2025-03-10 17:15:46,205 - INFO: Evaluating at iteration 27129
2025-03-10 17:15:47,479 - INFO: Loss: 0.188011
2025-03-10 17:15:47,479 - INFO: Training ROC-AUC: 0.928571
2025-03-10 17:15:47,479 - INFO: Validation ROC-AUC: 0.900137
2025-03-10 17:15:49,651 - INFO: Starting epoch 14
2025-03-10 17:15:49,674 - INFO: Evaluating at iteration 27223
2025-03-10 17:15:50,951 - INFO: Loss: 0.170978
2025-03-10 17:15:50,951 - INFO: Training ROC-AUC: 0.989583
2025-03-10 17:15:50,951 - INFO: Validation ROC-AUC: 0.900681
2025-03-10 17:16:02,780 - INFO: Evaluating at iteration 27723
2025-03-10 17:16:04,049 - INFO: Loss: 0.330678
2025-03-10 17:16:04,049 - INFO: Training ROC-AUC: 0.895833
2025-03-10 17:16:04,049 - INFO: Validation ROC-AUC: 0.899111
2025-03-10 17:16:15,892 - INFO: Evaluating at iteration 28223
2025-03-10 17:16:17,164 - INFO: Loss: 0.203786
2025-03-10 17:16:17,164 - INFO: Training ROC-AUC: 0.955128
2025-03-10 17:16:17,165 - INFO: Validation ROC-AUC: 0.899748
2025-03-10 17:16:29,204 - INFO: Evaluating at iteration 28723
2025-03-10 17:16:30,475 - INFO: Loss: 0.211915
2025-03-10 17:16:30,475 - INFO: Training ROC-AUC: 0.955357
2025-03-10 17:16:30,475 - INFO: Validation ROC-AUC: 0.900420
2025-03-10 17:16:42,215 - INFO: Evaluating at iteration 29223
2025-03-10 17:16:43,473 - INFO: Loss: 0.127946
2025-03-10 17:16:43,473 - INFO: Training ROC-AUC: 0.954023
2025-03-10 17:16:43,473 - INFO: Validation ROC-AUC: 0.900841
2025-03-10 17:16:45,701 - INFO: Starting epoch 15
2025-03-10 17:16:45,728 - INFO: Evaluating at iteration 29317
2025-03-10 17:16:47,001 - INFO: Loss: 0.081669
2025-03-10 17:16:47,002 - INFO: Training ROC-AUC: 0.988506
2025-03-10 17:16:47,002 - INFO: Validation ROC-AUC: 0.900244
2025-03-10 17:16:59,021 - INFO: Evaluating at iteration 29817
2025-03-10 17:17:00,300 - INFO: Loss: 0.060226
2025-03-10 17:17:00,300 - INFO: Training ROC-AUC: 1.000000
2025-03-10 17:17:00,300 - INFO: Validation ROC-AUC: 0.901058
2025-03-10 17:17:12,518 - INFO: Evaluating at iteration 30317
2025-03-10 17:17:13,791 - INFO: Loss: 0.034177
2025-03-10 17:17:13,791 - INFO: Training ROC-AUC: 1.000000
2025-03-10 17:17:13,791 - INFO: Validation ROC-AUC: 0.900108
2025-03-10 17:17:26,238 - INFO: Evaluating at iteration 30817
2025-03-10 17:17:27,556 - INFO: Loss: 0.303462
2025-03-10 17:17:27,556 - INFO: Training ROC-AUC: 0.958333
2025-03-10 17:17:27,556 - INFO: Validation ROC-AUC: 0.900510
2025-03-10 17:17:39,772 - INFO: Evaluating at iteration 31317
2025-03-10 17:17:41,046 - INFO: Loss: 0.187563
2025-03-10 17:17:41,046 - INFO: Training ROC-AUC: 0.948148
2025-03-10 17:17:41,046 - INFO: Validation ROC-AUC: 0.900591
2025-03-10 17:17:43,396 - INFO: Starting epoch 16
2025-03-10 17:17:43,423 - INFO: Evaluating at iteration 31411
2025-03-10 17:17:44,697 - INFO: Loss: 0.097618
2025-03-10 17:17:44,698 - INFO: Training ROC-AUC: 0.988506
2025-03-10 17:17:44,698 - INFO: Validation ROC-AUC: 0.898772
2025-03-10 17:17:57,026 - INFO: Evaluating at iteration 31911
2025-03-10 17:17:58,280 - INFO: Loss: 0.166393
2025-03-10 17:17:58,280 - INFO: Training ROC-AUC: 1.000000
2025-03-10 17:17:58,280 - INFO: Validation ROC-AUC: 0.898593
2025-03-10 17:18:10,624 - INFO: Evaluating at iteration 32411
2025-03-10 17:18:11,879 - INFO: Loss: 0.123888
2025-03-10 17:18:11,879 - INFO: Training ROC-AUC: 0.966667
2025-03-10 17:18:11,879 - INFO: Validation ROC-AUC: 0.899296
2025-03-10 17:18:24,684 - INFO: Evaluating at iteration 32911
2025-03-10 17:18:25,931 - INFO: Loss: 0.182962
2025-03-10 17:18:25,931 - INFO: Training ROC-AUC: 0.965714
2025-03-10 17:18:25,931 - INFO: Validation ROC-AUC: 0.899797
2025-03-10 17:18:38,599 - INFO: Evaluating at iteration 33411
2025-03-10 17:18:39,899 - INFO: Loss: 0.173131
2025-03-10 17:18:39,899 - INFO: Training ROC-AUC: 0.967949
2025-03-10 17:18:39,899 - INFO: Validation ROC-AUC: 0.900246
2025-03-10 17:18:42,375 - INFO: Starting epoch 17
2025-03-10 17:18:42,400 - INFO: Evaluating at iteration 33505
2025-03-10 17:18:43,678 - INFO: Loss: 0.088857
2025-03-10 17:18:43,678 - INFO: Training ROC-AUC: 1.000000
2025-03-10 17:18:43,678 - INFO: Validation ROC-AUC: 0.900109
2025-03-10 17:18:56,509 - INFO: Evaluating at iteration 34005
2025-03-10 17:18:57,799 - INFO: Loss: 0.082657
2025-03-10 17:18:57,799 - INFO: Training ROC-AUC: 1.000000
2025-03-10 17:18:57,799 - INFO: Validation ROC-AUC: 0.899583
2025-03-10 17:19:10,523 - INFO: Evaluating at iteration 34505
2025-03-10 17:19:11,808 - INFO: Loss: 0.123360
2025-03-10 17:19:11,808 - INFO: Training ROC-AUC: 0.989583
2025-03-10 17:19:11,809 - INFO: Validation ROC-AUC: 0.900405
2025-03-10 17:19:24,727 - INFO: Evaluating at iteration 35005
2025-03-10 17:19:26,008 - INFO: Loss: 0.126497
2025-03-10 17:19:26,009 - INFO: Training ROC-AUC: 0.990338
2025-03-10 17:19:26,009 - INFO: Validation ROC-AUC: 0.899347
2025-03-10 17:19:38,832 - INFO: Evaluating at iteration 35505
2025-03-10 17:19:40,099 - INFO: Loss: 0.139506
2025-03-10 17:19:40,100 - INFO: Training ROC-AUC: 0.982143
2025-03-10 17:19:40,100 - INFO: Validation ROC-AUC: 0.898910
2025-03-10 17:19:42,563 - INFO: Starting epoch 18
2025-03-10 17:19:42,591 - INFO: Evaluating at iteration 35599
2025-03-10 17:19:43,843 - INFO: Loss: 0.085009
2025-03-10 17:19:43,843 - INFO: Training ROC-AUC: 0.993590
2025-03-10 17:19:43,843 - INFO: Validation ROC-AUC: 0.898747
2025-03-10 17:19:56,588 - INFO: Evaluating at iteration 36099
2025-03-10 17:19:57,838 - INFO: Loss: 0.079901
2025-03-10 17:19:57,838 - INFO: Training ROC-AUC: 1.000000
2025-03-10 17:19:57,838 - INFO: Validation ROC-AUC: 0.899420
2025-03-10 17:20:10,789 - INFO: Evaluating at iteration 36599
2025-03-10 17:20:12,078 - INFO: Loss: 0.031607
2025-03-10 17:20:12,078 - INFO: Training ROC-AUC: 1.000000
2025-03-10 17:20:12,078 - INFO: Validation ROC-AUC: 0.899998
2025-03-10 17:20:25,076 - INFO: Evaluating at iteration 37099
2025-03-10 17:20:26,334 - INFO: Loss: 0.041596
2025-03-10 17:20:26,334 - INFO: Training ROC-AUC: 1.000000
2025-03-10 17:20:26,334 - INFO: Validation ROC-AUC: 0.898038
2025-03-10 17:20:39,018 - INFO: Evaluating at iteration 37599
2025-03-10 17:20:40,268 - INFO: Loss: 0.134300
2025-03-10 17:20:40,268 - INFO: Training ROC-AUC: 0.985185
2025-03-10 17:20:40,268 - INFO: Validation ROC-AUC: 0.898247
2025-03-10 17:20:42,685 - INFO: Starting epoch 19
2025-03-10 17:20:42,709 - INFO: Evaluating at iteration 37693
2025-03-10 17:20:43,954 - INFO: Loss: 0.083337
2025-03-10 17:20:43,954 - INFO: Training ROC-AUC: 1.000000
2025-03-10 17:20:43,954 - INFO: Validation ROC-AUC: 0.899431
2025-03-10 17:20:56,856 - INFO: Evaluating at iteration 38193
2025-03-10 17:20:58,138 - INFO: Loss: 0.071044
2025-03-10 17:20:58,138 - INFO: Training ROC-AUC: 1.000000
2025-03-10 17:20:58,138 - INFO: Validation ROC-AUC: 0.899847
2025-03-10 17:21:11,010 - INFO: Evaluating at iteration 38693
2025-03-10 17:21:12,289 - INFO: Loss: 0.039263
2025-03-10 17:21:12,289 - INFO: Training ROC-AUC: 1.000000
2025-03-10 17:21:12,289 - INFO: Validation ROC-AUC: 0.898138
2025-03-10 17:21:25,113 - INFO: Evaluating at iteration 39193
2025-03-10 17:21:26,387 - INFO: Loss: 0.071919
2025-03-10 17:21:26,388 - INFO: Training ROC-AUC: 0.991071
2025-03-10 17:21:26,388 - INFO: Validation ROC-AUC: 0.898756
2025-03-10 17:21:38,921 - INFO: Evaluating at iteration 39693
2025-03-10 17:21:40,163 - INFO: Loss: 0.019911
2025-03-10 17:21:40,163 - INFO: Training ROC-AUC: 1.000000
2025-03-10 17:21:40,163 - INFO: Validation ROC-AUC: 0.898975
2025-03-10 17:21:42,576 - INFO: Starting epoch 20
2025-03-10 17:21:42,605 - INFO: Evaluating at iteration 39787
2025-03-10 17:21:43,886 - INFO: Loss: 0.045630
2025-03-10 17:21:43,886 - INFO: Training ROC-AUC: 1.000000
2025-03-10 17:21:43,886 - INFO: Validation ROC-AUC: 0.898189
2025-03-10 17:21:56,893 - INFO: Evaluating at iteration 40287
2025-03-10 17:21:58,159 - INFO: Loss: 0.081560
2025-03-10 17:21:58,159 - INFO: Training ROC-AUC: 0.982143
2025-03-10 17:21:58,159 - INFO: Validation ROC-AUC: 0.898027
2025-03-10 17:22:10,803 - INFO: Evaluating at iteration 40787
2025-03-10 17:22:12,097 - INFO: Loss: 0.227176
2025-03-10 17:22:12,097 - INFO: Training ROC-AUC: 0.963542
2025-03-10 17:22:12,097 - INFO: Validation ROC-AUC: 0.899575
2025-03-10 17:22:25,020 - INFO: Evaluating at iteration 41287
2025-03-10 17:22:26,293 - INFO: Loss: 0.095648
2025-03-10 17:22:26,293 - INFO: Training ROC-AUC: 0.995169
2025-03-10 17:22:26,293 - INFO: Validation ROC-AUC: 0.899032
2025-03-10 17:22:39,093 - INFO: Evaluating at iteration 41787
2025-03-10 17:22:40,371 - INFO: Loss: 0.017610
2025-03-10 17:22:40,371 - INFO: Training ROC-AUC: 1.000000
2025-03-10 17:22:40,371 - INFO: Validation ROC-AUC: 0.899322
2025-03-10 17:22:42,803 - INFO: Starting epoch 21
2025-03-10 17:22:42,827 - INFO: Evaluating at iteration 41881
2025-03-10 17:22:44,102 - INFO: Loss: 0.124779
2025-03-10 17:22:44,102 - INFO: Training ROC-AUC: 0.980769
2025-03-10 17:22:44,102 - INFO: Validation ROC-AUC: 0.898291
2025-03-10 17:22:56,805 - INFO: Evaluating at iteration 42381
2025-03-10 17:22:58,055 - INFO: Loss: 0.100021
2025-03-10 17:22:58,055 - INFO: Training ROC-AUC: 0.994286
2025-03-10 17:22:58,055 - INFO: Validation ROC-AUC: 0.897378
2025-03-10 17:23:10,759 - INFO: Evaluating at iteration 42881
2025-03-10 17:23:12,033 - INFO: Loss: 0.111506
2025-03-10 17:23:12,033 - INFO: Training ROC-AUC: 1.000000
2025-03-10 17:23:12,033 - INFO: Validation ROC-AUC: 0.897196
2025-03-10 17:23:24,596 - INFO: Evaluating at iteration 43381
2025-03-10 17:23:25,842 - INFO: Loss: 0.101715
2025-03-10 17:23:25,842 - INFO: Training ROC-AUC: 1.000000
2025-03-10 17:23:25,842 - INFO: Validation ROC-AUC: 0.898532
2025-03-10 17:23:38,412 - INFO: Evaluating at iteration 43881
2025-03-10 17:23:39,685 - INFO: Loss: 0.066429
2025-03-10 17:23:39,685 - INFO: Training ROC-AUC: 1.000000
2025-03-10 17:23:39,685 - INFO: Validation ROC-AUC: 0.896822
2025-03-10 17:23:42,043 - INFO: Starting epoch 22
2025-03-10 17:23:42,066 - INFO: Evaluating at iteration 43975
2025-03-10 17:23:43,345 - INFO: Loss: 0.019973
2025-03-10 17:23:43,345 - INFO: Training ROC-AUC: 1.000000
2025-03-10 17:23:43,345 - INFO: Validation ROC-AUC: 0.897291
2025-03-10 17:23:55,842 - INFO: Evaluating at iteration 44475
2025-03-10 17:23:57,125 - INFO: Loss: 0.039246
2025-03-10 17:23:57,125 - INFO: Training ROC-AUC: 1.000000
2025-03-10 17:23:57,125 - INFO: Validation ROC-AUC: 0.897357
2025-03-10 17:24:09,641 - INFO: Evaluating at iteration 44975
2025-03-10 17:24:10,894 - INFO: Loss: 0.014317
2025-03-10 17:24:10,894 - INFO: Training ROC-AUC: 1.000000
2025-03-10 17:24:10,894 - INFO: Validation ROC-AUC: 0.896254
2025-03-10 17:24:23,596 - INFO: Evaluating at iteration 45475
2025-03-10 17:24:24,867 - INFO: Loss: 0.023184
2025-03-10 17:24:24,867 - INFO: Training ROC-AUC: 1.000000
2025-03-10 17:24:24,867 - INFO: Validation ROC-AUC: 0.897655
2025-03-10 17:24:37,375 - INFO: Evaluating at iteration 45975
2025-03-10 17:24:38,616 - INFO: Loss: 0.047160
2025-03-10 17:24:38,616 - INFO: Training ROC-AUC: 1.000000
2025-03-10 17:24:38,616 - INFO: Validation ROC-AUC: 0.897789
2025-03-10 17:24:40,954 - INFO: Starting epoch 23
2025-03-10 17:24:40,979 - INFO: Evaluating at iteration 46069
2025-03-10 17:24:42,243 - INFO: Loss: 0.018725
2025-03-10 17:24:42,243 - INFO: Training ROC-AUC: 1.000000
2025-03-10 17:24:42,243 - INFO: Validation ROC-AUC: 0.897925
2025-03-10 17:24:54,436 - INFO: Evaluating at iteration 46569
2025-03-10 17:24:55,719 - INFO: Loss: 0.011655
2025-03-10 17:24:55,720 - INFO: Training ROC-AUC: 1.000000
2025-03-10 17:24:55,720 - INFO: Validation ROC-AUC: 0.897676
2025-03-10 17:25:08,054 - INFO: Evaluating at iteration 47069
2025-03-10 17:25:09,297 - INFO: Loss: 0.118114
2025-03-10 17:25:09,297 - INFO: Training ROC-AUC: 0.977011
2025-03-10 17:25:09,297 - INFO: Validation ROC-AUC: 0.896658
2025-03-10 17:25:21,640 - INFO: Evaluating at iteration 47569
2025-03-10 17:25:22,905 - INFO: Loss: 0.074865
2025-03-10 17:25:22,905 - INFO: Training ROC-AUC: 0.992593
2025-03-10 17:25:22,905 - INFO: Validation ROC-AUC: 0.898129
2025-03-10 17:25:35,062 - INFO: Evaluating at iteration 48069
2025-03-10 17:25:36,330 - INFO: Loss: 0.070037
2025-03-10 17:25:36,330 - INFO: Training ROC-AUC: 1.000000
2025-03-10 17:25:36,330 - INFO: Validation ROC-AUC: 0.895840
2025-03-10 17:25:38,653 - INFO: Starting epoch 24
2025-03-10 17:25:38,680 - INFO: Evaluating at iteration 48163
2025-03-10 17:25:39,935 - INFO: Loss: 0.045627
2025-03-10 17:25:39,935 - INFO: Training ROC-AUC: 1.000000
2025-03-10 17:25:39,935 - INFO: Validation ROC-AUC: 0.897301
2025-03-10 17:25:52,329 - INFO: Evaluating at iteration 48663
2025-03-10 17:25:53,602 - INFO: Loss: 0.009701
2025-03-10 17:25:53,603 - INFO: Training ROC-AUC: 1.000000
2025-03-10 17:25:53,603 - INFO: Validation ROC-AUC: 0.895887
2025-03-10 17:26:05,762 - INFO: Evaluating at iteration 49163
2025-03-10 17:26:07,025 - INFO: Loss: 0.181093
2025-03-10 17:26:07,025 - INFO: Training ROC-AUC: 0.973214
2025-03-10 17:26:07,025 - INFO: Validation ROC-AUC: 0.896610
2025-03-10 17:26:19,206 - INFO: Evaluating at iteration 49663
2025-03-10 17:26:20,489 - INFO: Loss: 0.014148
2025-03-10 17:26:20,489 - INFO: Training ROC-AUC: 1.000000
2025-03-10 17:26:20,489 - INFO: Validation ROC-AUC: 0.895387
2025-03-10 17:26:32,670 - INFO: Evaluating at iteration 50163
2025-03-10 17:26:33,908 - INFO: Loss: 0.209647
2025-03-10 17:26:33,908 - INFO: Training ROC-AUC: 0.980769
2025-03-10 17:26:33,908 - INFO: Validation ROC-AUC: 0.895844
2025-03-10 17:26:36,189 - INFO: Starting epoch 25
2025-03-10 17:26:36,216 - INFO: Evaluating at iteration 50257
2025-03-10 17:26:37,442 - INFO: Loss: 0.043519
2025-03-10 17:26:37,442 - INFO: Training ROC-AUC: 1.000000
2025-03-10 17:26:37,442 - INFO: Validation ROC-AUC: 0.896720
2025-03-10 17:26:49,801 - INFO: Evaluating at iteration 50757
2025-03-10 17:26:51,045 - INFO: Loss: 0.033301
2025-03-10 17:26:51,045 - INFO: Training ROC-AUC: 1.000000
2025-03-10 17:26:51,045 - INFO: Validation ROC-AUC: 0.897346
2025-03-10 17:27:03,231 - INFO: Evaluating at iteration 51257
2025-03-10 17:27:04,516 - INFO: Loss: 0.043205
2025-03-10 17:27:04,516 - INFO: Training ROC-AUC: 1.000000
2025-03-10 17:27:04,516 - INFO: Validation ROC-AUC: 0.898154
2025-03-10 17:27:16,601 - INFO: Evaluating at iteration 51757
2025-03-10 17:27:17,862 - INFO: Loss: 0.025908
2025-03-10 17:27:17,862 - INFO: Training ROC-AUC: 1.000000
2025-03-10 17:27:17,862 - INFO: Validation ROC-AUC: 0.895308
2025-03-10 17:27:30,145 - INFO: Evaluating at iteration 52257
2025-03-10 17:27:31,444 - INFO: Loss: 0.070486
2025-03-10 17:27:31,444 - INFO: Training ROC-AUC: 0.988506
2025-03-10 17:27:31,444 - INFO: Validation ROC-AUC: 0.895373
2025-03-10 17:27:33,717 - INFO: Saving model to models/TCRContactMapPredictor_tcr_split/model_3.pt
2025-03-10 17:27:33,732 - INFO: Starting fold 4
2025-03-10 17:27:33,733 - INFO: Initialising model
2025-03-10 17:27:33,745 - INFO: Starting training
2025-03-10 17:27:33,745 - INFO: Starting epoch 1
2025-03-10 17:27:33,769 - INFO: Evaluating at iteration 1
2025-03-10 17:27:34,993 - INFO: Loss: 0.687896
2025-03-10 17:27:34,993 - INFO: Training ROC-AUC: 0.866667
2025-03-10 17:27:34,993 - INFO: Validation ROC-AUC: 0.520013
2025-03-10 17:27:45,795 - INFO: Evaluating at iteration 501
2025-03-10 17:27:47,041 - INFO: Loss: 0.361141
2025-03-10 17:27:47,041 - INFO: Training ROC-AUC: 0.607143
2025-03-10 17:27:47,041 - INFO: Validation ROC-AUC: 0.604799
2025-03-10 17:27:57,988 - INFO: Evaluating at iteration 1001
2025-03-10 17:27:59,268 - INFO: Loss: 0.354172
2025-03-10 17:27:59,268 - INFO: Training ROC-AUC: 0.703704
2025-03-10 17:27:59,268 - INFO: Validation ROC-AUC: 0.702217
2025-03-10 17:28:10,194 - INFO: Evaluating at iteration 1501
2025-03-10 17:28:11,472 - INFO: Loss: 0.322228
2025-03-10 17:28:11,472 - INFO: Training ROC-AUC: 0.625000
2025-03-10 17:28:11,472 - INFO: Validation ROC-AUC: 0.725883
2025-03-10 17:28:22,171 - INFO: Evaluating at iteration 2001
2025-03-10 17:28:23,443 - INFO: Loss: 0.303839
2025-03-10 17:28:23,443 - INFO: Training ROC-AUC: 0.846154
2025-03-10 17:28:23,443 - INFO: Validation ROC-AUC: 0.800429
2025-03-10 17:28:25,442 - INFO: Starting epoch 2
2025-03-10 17:28:25,465 - INFO: Evaluating at iteration 2095
2025-03-10 17:28:26,787 - INFO: Loss: 0.390809
2025-03-10 17:28:26,787 - INFO: Training ROC-AUC: 0.740741
2025-03-10 17:28:26,787 - INFO: Validation ROC-AUC: 0.805348
2025-03-10 17:28:37,509 - INFO: Evaluating at iteration 2595
2025-03-10 17:28:38,769 - INFO: Loss: 0.204641
2025-03-10 17:28:38,770 - INFO: Training ROC-AUC: 0.955357
2025-03-10 17:28:38,770 - INFO: Validation ROC-AUC: 0.828682
2025-03-10 17:28:49,443 - INFO: Evaluating at iteration 3095
2025-03-10 17:28:50,711 - INFO: Loss: 0.458187
2025-03-10 17:28:50,712 - INFO: Training ROC-AUC: 0.714286
2025-03-10 17:28:50,712 - INFO: Validation ROC-AUC: 0.835972
2025-03-10 17:29:01,448 - INFO: Evaluating at iteration 3595
2025-03-10 17:29:02,696 - INFO: Loss: 0.204673
2025-03-10 17:29:02,696 - INFO: Training ROC-AUC: 0.937500
2025-03-10 17:29:02,696 - INFO: Validation ROC-AUC: 0.846318
2025-03-10 17:29:13,417 - INFO: Evaluating at iteration 4095
2025-03-10 17:29:14,689 - INFO: Loss: 0.319173
2025-03-10 17:29:14,689 - INFO: Training ROC-AUC: 0.814103
2025-03-10 17:29:14,689 - INFO: Validation ROC-AUC: 0.853132
2025-03-10 17:29:16,688 - INFO: Starting epoch 3
2025-03-10 17:29:16,710 - INFO: Evaluating at iteration 4189
2025-03-10 17:29:17,957 - INFO: Loss: 0.215180
2025-03-10 17:29:17,957 - INFO: Training ROC-AUC: 1.000000
2025-03-10 17:29:17,957 - INFO: Validation ROC-AUC: 0.856623
2025-03-10 17:29:28,710 - INFO: Evaluating at iteration 4689
2025-03-10 17:29:29,984 - INFO: Loss: 0.452980
2025-03-10 17:29:29,984 - INFO: Training ROC-AUC: 0.931818
2025-03-10 17:29:29,984 - INFO: Validation ROC-AUC: 0.859699
2025-03-10 17:29:40,617 - INFO: Evaluating at iteration 5189
2025-03-10 17:29:41,917 - INFO: Loss: 0.300042
2025-03-10 17:29:41,917 - INFO: Training ROC-AUC: 0.846154
2025-03-10 17:29:41,917 - INFO: Validation ROC-AUC: 0.861603
2025-03-10 17:29:52,672 - INFO: Evaluating at iteration 5689
2025-03-10 17:29:53,943 - INFO: Loss: 0.522149
2025-03-10 17:29:53,943 - INFO: Training ROC-AUC: 0.816425
2025-03-10 17:29:53,943 - INFO: Validation ROC-AUC: 0.865226
2025-03-10 17:30:04,786 - INFO: Evaluating at iteration 6189
2025-03-10 17:30:06,068 - INFO: Loss: 0.285235
2025-03-10 17:30:06,068 - INFO: Training ROC-AUC: 0.881481
2025-03-10 17:30:06,069 - INFO: Validation ROC-AUC: 0.870083
2025-03-10 17:30:08,103 - INFO: Starting epoch 4
2025-03-10 17:30:08,126 - INFO: Evaluating at iteration 6283
2025-03-10 17:30:09,404 - INFO: Loss: 0.087668
2025-03-10 17:30:09,404 - INFO: Training ROC-AUC: 1.000000
2025-03-10 17:30:09,404 - INFO: Validation ROC-AUC: 0.870497
2025-03-10 17:30:20,221 - INFO: Evaluating at iteration 6783
2025-03-10 17:30:21,507 - INFO: Loss: 0.263276
2025-03-10 17:30:21,508 - INFO: Training ROC-AUC: 0.942708
2025-03-10 17:30:21,508 - INFO: Validation ROC-AUC: 0.872189
2025-03-10 17:30:32,297 - INFO: Evaluating at iteration 7283
2025-03-10 17:30:33,571 - INFO: Loss: 0.157515
2025-03-10 17:30:33,572 - INFO: Training ROC-AUC: 0.973214
2025-03-10 17:30:33,572 - INFO: Validation ROC-AUC: 0.873064
2025-03-10 17:30:44,446 - INFO: Evaluating at iteration 7783
2025-03-10 17:30:45,689 - INFO: Loss: 0.234234
2025-03-10 17:30:45,689 - INFO: Training ROC-AUC: 0.946429
2025-03-10 17:30:45,689 - INFO: Validation ROC-AUC: 0.876179
2025-03-10 17:30:56,537 - INFO: Evaluating at iteration 8283
2025-03-10 17:30:57,838 - INFO: Loss: 0.284676
2025-03-10 17:30:57,838 - INFO: Training ROC-AUC: 0.851429
2025-03-10 17:30:57,838 - INFO: Validation ROC-AUC: 0.880420
2025-03-10 17:30:59,878 - INFO: Starting epoch 5
2025-03-10 17:30:59,900 - INFO: Evaluating at iteration 8377
2025-03-10 17:31:01,174 - INFO: Loss: 0.242651
2025-03-10 17:31:01,174 - INFO: Training ROC-AUC: 0.955128
2025-03-10 17:31:01,174 - INFO: Validation ROC-AUC: 0.880445
2025-03-10 17:31:12,129 - INFO: Evaluating at iteration 8877
2025-03-10 17:31:13,382 - INFO: Loss: 0.363245
2025-03-10 17:31:13,382 - INFO: Training ROC-AUC: 0.839744
2025-03-10 17:31:13,382 - INFO: Validation ROC-AUC: 0.881589
2025-03-10 17:31:24,184 - INFO: Evaluating at iteration 9377
2025-03-10 17:31:25,460 - INFO: Loss: 0.231372
2025-03-10 17:31:25,460 - INFO: Training ROC-AUC: 0.920000
2025-03-10 17:31:25,460 - INFO: Validation ROC-AUC: 0.883117
2025-03-10 17:31:36,269 - INFO: Evaluating at iteration 9877
2025-03-10 17:31:37,554 - INFO: Loss: 0.214949
2025-03-10 17:31:37,554 - INFO: Training ROC-AUC: 0.850575
2025-03-10 17:31:37,554 - INFO: Validation ROC-AUC: 0.883764
2025-03-10 17:31:48,340 - INFO: Evaluating at iteration 10377
2025-03-10 17:31:49,637 - INFO: Loss: 0.185628
2025-03-10 17:31:49,637 - INFO: Training ROC-AUC: 0.954023
2025-03-10 17:31:49,637 - INFO: Validation ROC-AUC: 0.885430
2025-03-10 17:31:51,734 - INFO: Starting epoch 6
2025-03-10 17:31:51,757 - INFO: Evaluating at iteration 10471
2025-03-10 17:31:53,003 - INFO: Loss: 0.143951
2025-03-10 17:31:53,003 - INFO: Training ROC-AUC: 0.983333
2025-03-10 17:31:53,003 - INFO: Validation ROC-AUC: 0.887397
2025-03-10 17:32:03,936 - INFO: Evaluating at iteration 10971
2025-03-10 17:32:05,218 - INFO: Loss: 0.301600
2025-03-10 17:32:05,218 - INFO: Training ROC-AUC: 0.851852
2025-03-10 17:32:05,218 - INFO: Validation ROC-AUC: 0.885776
2025-03-10 17:32:16,105 - INFO: Evaluating at iteration 11471
2025-03-10 17:32:17,379 - INFO: Loss: 0.483539
2025-03-10 17:32:17,379 - INFO: Training ROC-AUC: 0.822511
2025-03-10 17:32:17,379 - INFO: Validation ROC-AUC: 0.885570
2025-03-10 17:32:28,374 - INFO: Evaluating at iteration 11971
2025-03-10 17:32:29,651 - INFO: Loss: 0.332010
2025-03-10 17:32:29,651 - INFO: Training ROC-AUC: 0.814815
2025-03-10 17:32:29,652 - INFO: Validation ROC-AUC: 0.888044
2025-03-10 17:32:40,598 - INFO: Evaluating at iteration 12471
2025-03-10 17:32:41,887 - INFO: Loss: 0.458412
2025-03-10 17:32:41,887 - INFO: Training ROC-AUC: 0.834286
2025-03-10 17:32:41,887 - INFO: Validation ROC-AUC: 0.889103
2025-03-10 17:32:43,950 - INFO: Starting epoch 7
2025-03-10 17:32:43,973 - INFO: Evaluating at iteration 12565
2025-03-10 17:32:45,247 - INFO: Loss: 0.278058
2025-03-10 17:32:45,248 - INFO: Training ROC-AUC: 0.954286
2025-03-10 17:32:45,248 - INFO: Validation ROC-AUC: 0.888823
2025-03-10 17:32:56,215 - INFO: Evaluating at iteration 13065
2025-03-10 17:32:57,514 - INFO: Loss: 0.294752
2025-03-10 17:32:57,514 - INFO: Training ROC-AUC: 0.859259
2025-03-10 17:32:57,514 - INFO: Validation ROC-AUC: 0.889258
2025-03-10 17:33:08,754 - INFO: Evaluating at iteration 13565
2025-03-10 17:33:10,030 - INFO: Loss: 0.190190
2025-03-10 17:33:10,030 - INFO: Training ROC-AUC: 0.931034
2025-03-10 17:33:10,030 - INFO: Validation ROC-AUC: 0.890727
2025-03-10 17:33:21,061 - INFO: Evaluating at iteration 14065
2025-03-10 17:33:22,324 - INFO: Loss: 0.295897
2025-03-10 17:33:22,324 - INFO: Training ROC-AUC: 0.932292
2025-03-10 17:33:22,324 - INFO: Validation ROC-AUC: 0.890698
2025-03-10 17:33:33,421 - INFO: Evaluating at iteration 14565
2025-03-10 17:33:34,689 - INFO: Loss: 0.234184
2025-03-10 17:33:34,689 - INFO: Training ROC-AUC: 0.979167
2025-03-10 17:33:34,689 - INFO: Validation ROC-AUC: 0.893410
2025-03-10 17:33:36,783 - INFO: Starting epoch 8
2025-03-10 17:33:36,807 - INFO: Evaluating at iteration 14659
2025-03-10 17:33:38,077 - INFO: Loss: 0.276126
2025-03-10 17:33:38,077 - INFO: Training ROC-AUC: 0.839286
2025-03-10 17:33:38,077 - INFO: Validation ROC-AUC: 0.892578
2025-03-10 17:33:49,334 - INFO: Evaluating at iteration 15159
2025-03-10 17:33:50,611 - INFO: Loss: 0.202462
2025-03-10 17:33:50,611 - INFO: Training ROC-AUC: 0.979167
2025-03-10 17:33:50,611 - INFO: Validation ROC-AUC: 0.892396
2025-03-10 17:34:01,761 - INFO: Evaluating at iteration 15659
2025-03-10 17:34:03,030 - INFO: Loss: 0.204312
2025-03-10 17:34:03,030 - INFO: Training ROC-AUC: 0.937500
2025-03-10 17:34:03,031 - INFO: Validation ROC-AUC: 0.894461
2025-03-10 17:34:14,113 - INFO: Evaluating at iteration 16159
2025-03-10 17:34:15,383 - INFO: Loss: 0.238474
2025-03-10 17:34:15,384 - INFO: Training ROC-AUC: 0.850575
2025-03-10 17:34:15,384 - INFO: Validation ROC-AUC: 0.892483
2025-03-10 17:34:26,422 - INFO: Evaluating at iteration 16659
2025-03-10 17:34:27,690 - INFO: Loss: 0.296027
2025-03-10 17:34:27,690 - INFO: Training ROC-AUC: 0.906250
2025-03-10 17:34:27,691 - INFO: Validation ROC-AUC: 0.893948
2025-03-10 17:34:29,748 - INFO: Starting epoch 9
2025-03-10 17:34:29,771 - INFO: Evaluating at iteration 16753
2025-03-10 17:34:31,055 - INFO: Loss: 0.367193
2025-03-10 17:34:31,055 - INFO: Training ROC-AUC: 0.927273
2025-03-10 17:34:31,055 - INFO: Validation ROC-AUC: 0.894415
2025-03-10 17:34:42,156 - INFO: Evaluating at iteration 17253
2025-03-10 17:34:43,430 - INFO: Loss: 0.243147
2025-03-10 17:34:43,430 - INFO: Training ROC-AUC: 0.937143
2025-03-10 17:34:43,430 - INFO: Validation ROC-AUC: 0.894497
2025-03-10 17:34:54,457 - INFO: Evaluating at iteration 17753
2025-03-10 17:34:55,718 - INFO: Loss: 0.103562
2025-03-10 17:34:55,719 - INFO: Training ROC-AUC: 0.991071
2025-03-10 17:34:55,719 - INFO: Validation ROC-AUC: 0.894898
2025-03-10 17:35:06,807 - INFO: Evaluating at iteration 18253
2025-03-10 17:35:08,062 - INFO: Loss: 0.177754
2025-03-10 17:35:08,063 - INFO: Training ROC-AUC: 0.955556
2025-03-10 17:35:08,063 - INFO: Validation ROC-AUC: 0.895556
2025-03-10 17:35:19,185 - INFO: Evaluating at iteration 18753
2025-03-10 17:35:20,457 - INFO: Loss: 0.177504
2025-03-10 17:35:20,457 - INFO: Training ROC-AUC: 0.931034
2025-03-10 17:35:20,457 - INFO: Validation ROC-AUC: 0.897560
2025-03-10 17:35:22,541 - INFO: Starting epoch 10
2025-03-10 17:35:22,564 - INFO: Evaluating at iteration 18847
2025-03-10 17:35:23,811 - INFO: Loss: 0.224569
2025-03-10 17:35:23,811 - INFO: Training ROC-AUC: 0.903846
2025-03-10 17:35:23,811 - INFO: Validation ROC-AUC: 0.897816
2025-03-10 17:35:34,951 - INFO: Evaluating at iteration 19347
2025-03-10 17:35:36,231 - INFO: Loss: 0.059184
2025-03-10 17:35:36,231 - INFO: Training ROC-AUC: 1.000000
2025-03-10 17:35:36,231 - INFO: Validation ROC-AUC: 0.895184
2025-03-10 17:35:47,330 - INFO: Evaluating at iteration 19847
2025-03-10 17:35:48,596 - INFO: Loss: 0.175698
2025-03-10 17:35:48,596 - INFO: Training ROC-AUC: 0.970370
2025-03-10 17:35:48,596 - INFO: Validation ROC-AUC: 0.896552
2025-03-10 17:35:59,892 - INFO: Evaluating at iteration 20347
2025-03-10 17:36:01,169 - INFO: Loss: 0.280370
2025-03-10 17:36:01,169 - INFO: Training ROC-AUC: 0.925714
2025-03-10 17:36:01,169 - INFO: Validation ROC-AUC: 0.894401
2025-03-10 17:36:12,307 - INFO: Evaluating at iteration 20847
2025-03-10 17:36:13,583 - INFO: Loss: 0.234315
2025-03-10 17:36:13,583 - INFO: Training ROC-AUC: 0.911111
2025-03-10 17:36:13,583 - INFO: Validation ROC-AUC: 0.898556
2025-03-10 17:36:15,682 - INFO: Starting epoch 11
2025-03-10 17:36:15,705 - INFO: Evaluating at iteration 20941
2025-03-10 17:36:16,945 - INFO: Loss: 0.279360
2025-03-10 17:36:16,945 - INFO: Training ROC-AUC: 0.920000
2025-03-10 17:36:16,945 - INFO: Validation ROC-AUC: 0.897739
2025-03-10 17:36:28,728 - INFO: Evaluating at iteration 21441
2025-03-10 17:36:30,008 - INFO: Loss: 0.221015
2025-03-10 17:36:30,008 - INFO: Training ROC-AUC: 0.960000
2025-03-10 17:36:30,008 - INFO: Validation ROC-AUC: 0.896891
2025-03-10 17:36:41,013 - INFO: Evaluating at iteration 21941
2025-03-10 17:36:42,301 - INFO: Loss: 0.382524
2025-03-10 17:36:42,301 - INFO: Training ROC-AUC: 0.821429
2025-03-10 17:36:42,301 - INFO: Validation ROC-AUC: 0.896224
2025-03-10 17:36:53,441 - INFO: Evaluating at iteration 22441
2025-03-10 17:36:54,723 - INFO: Loss: 0.148983
2025-03-10 17:36:54,723 - INFO: Training ROC-AUC: 0.994286
2025-03-10 17:36:54,723 - INFO: Validation ROC-AUC: 0.898172
2025-03-10 17:37:05,763 - INFO: Evaluating at iteration 22941
2025-03-10 17:37:07,058 - INFO: Loss: 0.057711
2025-03-10 17:37:07,058 - INFO: Training ROC-AUC: 1.000000
2025-03-10 17:37:07,058 - INFO: Validation ROC-AUC: 0.900029
2025-03-10 17:37:09,104 - INFO: Starting epoch 12
2025-03-10 17:37:09,127 - INFO: Evaluating at iteration 23035
2025-03-10 17:37:10,395 - INFO: Loss: 0.209109
2025-03-10 17:37:10,395 - INFO: Training ROC-AUC: 0.987179
2025-03-10 17:37:10,395 - INFO: Validation ROC-AUC: 0.900320
2025-03-10 17:37:21,378 - INFO: Evaluating at iteration 23535
2025-03-10 17:37:22,629 - INFO: Loss: 0.148691
2025-03-10 17:37:22,629 - INFO: Training ROC-AUC: 1.000000
2025-03-10 17:37:22,629 - INFO: Validation ROC-AUC: 0.899812
2025-03-10 17:37:33,621 - INFO: Evaluating at iteration 24035
2025-03-10 17:37:34,890 - INFO: Loss: 0.164661
2025-03-10 17:37:34,890 - INFO: Training ROC-AUC: 0.961538
2025-03-10 17:37:34,890 - INFO: Validation ROC-AUC: 0.897660
2025-03-10 17:37:45,806 - INFO: Evaluating at iteration 24535
2025-03-10 17:37:47,079 - INFO: Loss: 0.131980
2025-03-10 17:37:47,079 - INFO: Training ROC-AUC: 0.987179
2025-03-10 17:37:47,079 - INFO: Validation ROC-AUC: 0.899405
2025-03-10 17:37:57,991 - INFO: Evaluating at iteration 25035
2025-03-10 17:37:59,268 - INFO: Loss: 0.203300
2025-03-10 17:37:59,268 - INFO: Training ROC-AUC: 0.885057
2025-03-10 17:37:59,268 - INFO: Validation ROC-AUC: 0.898519
2025-03-10 17:38:01,336 - INFO: Starting epoch 13
2025-03-10 17:38:01,359 - INFO: Evaluating at iteration 25129
2025-03-10 17:38:02,631 - INFO: Loss: 0.193923
2025-03-10 17:38:02,632 - INFO: Training ROC-AUC: 1.000000
2025-03-10 17:38:02,632 - INFO: Validation ROC-AUC: 0.899057
2025-03-10 17:38:13,589 - INFO: Evaluating at iteration 25629
2025-03-10 17:38:14,863 - INFO: Loss: 0.231230
2025-03-10 17:38:14,863 - INFO: Training ROC-AUC: 0.955556
2025-03-10 17:38:14,863 - INFO: Validation ROC-AUC: 0.898726
2025-03-10 17:38:25,765 - INFO: Evaluating at iteration 26129
2025-03-10 17:38:27,072 - INFO: Loss: 0.116273
2025-03-10 17:38:27,072 - INFO: Training ROC-AUC: 0.977778
2025-03-10 17:38:27,072 - INFO: Validation ROC-AUC: 0.896572
2025-03-10 17:38:38,050 - INFO: Evaluating at iteration 26629
2025-03-10 17:38:39,328 - INFO: Loss: 0.224794
2025-03-10 17:38:39,328 - INFO: Training ROC-AUC: 0.942308
2025-03-10 17:38:39,328 - INFO: Validation ROC-AUC: 0.898685
2025-03-10 17:38:50,289 - INFO: Evaluating at iteration 27129
2025-03-10 17:38:51,556 - INFO: Loss: 0.089302
2025-03-10 17:38:51,556 - INFO: Training ROC-AUC: 0.983333
2025-03-10 17:38:51,556 - INFO: Validation ROC-AUC: 0.902516
2025-03-10 17:38:53,625 - INFO: Starting epoch 14
2025-03-10 17:38:53,648 - INFO: Evaluating at iteration 27223
2025-03-10 17:38:54,927 - INFO: Loss: 0.110384
2025-03-10 17:38:54,927 - INFO: Training ROC-AUC: 0.988571
2025-03-10 17:38:54,927 - INFO: Validation ROC-AUC: 0.902185
2025-03-10 17:39:06,112 - INFO: Evaluating at iteration 27723
2025-03-10 17:39:07,383 - INFO: Loss: 0.145025
2025-03-10 17:39:07,383 - INFO: Training ROC-AUC: 0.994286
2025-03-10 17:39:07,383 - INFO: Validation ROC-AUC: 0.900154
2025-03-10 17:39:18,417 - INFO: Evaluating at iteration 28223
2025-03-10 17:39:19,687 - INFO: Loss: 0.140312
2025-03-10 17:39:19,687 - INFO: Training ROC-AUC: 0.980769
2025-03-10 17:39:19,687 - INFO: Validation ROC-AUC: 0.900030
2025-03-10 17:39:30,768 - INFO: Evaluating at iteration 28723
2025-03-10 17:39:32,007 - INFO: Loss: 0.119446
2025-03-10 17:39:32,007 - INFO: Training ROC-AUC: 0.988506
2025-03-10 17:39:32,008 - INFO: Validation ROC-AUC: 0.899359
2025-03-10 17:39:43,089 - INFO: Evaluating at iteration 29223
2025-03-10 17:39:44,336 - INFO: Loss: 0.083103
2025-03-10 17:39:44,336 - INFO: Training ROC-AUC: 1.000000
2025-03-10 17:39:44,336 - INFO: Validation ROC-AUC: 0.900240
2025-03-10 17:39:46,399 - INFO: Starting epoch 15
2025-03-10 17:39:46,421 - INFO: Evaluating at iteration 29317
2025-03-10 17:39:47,703 - INFO: Loss: 0.089750
2025-03-10 17:39:47,704 - INFO: Training ROC-AUC: 1.000000
2025-03-10 17:39:47,704 - INFO: Validation ROC-AUC: 0.899162
2025-03-10 17:39:58,947 - INFO: Evaluating at iteration 29817
2025-03-10 17:40:00,196 - INFO: Loss: 0.107061
2025-03-10 17:40:00,196 - INFO: Training ROC-AUC: 1.000000
2025-03-10 17:40:00,196 - INFO: Validation ROC-AUC: 0.899330
2025-03-10 17:40:11,392 - INFO: Evaluating at iteration 30317
2025-03-10 17:40:12,684 - INFO: Loss: 0.201736
2025-03-10 17:40:12,684 - INFO: Training ROC-AUC: 0.955556
2025-03-10 17:40:12,684 - INFO: Validation ROC-AUC: 0.898161
2025-03-10 17:40:23,872 - INFO: Evaluating at iteration 30817
2025-03-10 17:40:25,144 - INFO: Loss: 0.096697
2025-03-10 17:40:25,144 - INFO: Training ROC-AUC: 1.000000
2025-03-10 17:40:25,144 - INFO: Validation ROC-AUC: 0.898724
2025-03-10 17:40:36,451 - INFO: Evaluating at iteration 31317
2025-03-10 17:40:37,719 - INFO: Loss: 0.204054
2025-03-10 17:40:37,719 - INFO: Training ROC-AUC: 0.971014
2025-03-10 17:40:37,719 - INFO: Validation ROC-AUC: 0.900024
2025-03-10 17:40:39,837 - INFO: Starting epoch 16
2025-03-10 17:40:39,859 - INFO: Evaluating at iteration 31411
2025-03-10 17:40:41,139 - INFO: Loss: 0.108297
2025-03-10 17:40:41,140 - INFO: Training ROC-AUC: 0.987179
2025-03-10 17:40:41,140 - INFO: Validation ROC-AUC: 0.901098
2025-03-10 17:40:52,440 - INFO: Evaluating at iteration 31911
2025-03-10 17:40:53,721 - INFO: Loss: 0.042301
2025-03-10 17:40:53,721 - INFO: Training ROC-AUC: 1.000000
2025-03-10 17:40:53,721 - INFO: Validation ROC-AUC: 0.899370
2025-03-10 17:41:05,204 - INFO: Evaluating at iteration 32411
2025-03-10 17:41:06,515 - INFO: Loss: 0.280173
2025-03-10 17:41:06,515 - INFO: Training ROC-AUC: 0.925714
2025-03-10 17:41:06,515 - INFO: Validation ROC-AUC: 0.900953
2025-03-10 17:41:17,980 - INFO: Evaluating at iteration 32911
2025-03-10 17:41:19,234 - INFO: Loss: 0.097803
2025-03-10 17:41:19,234 - INFO: Training ROC-AUC: 0.993590
2025-03-10 17:41:19,234 - INFO: Validation ROC-AUC: 0.901443
2025-03-10 17:41:30,808 - INFO: Evaluating at iteration 33411
2025-03-10 17:41:32,082 - INFO: Loss: 0.141969
2025-03-10 17:41:32,082 - INFO: Training ROC-AUC: 0.968750
2025-03-10 17:41:32,082 - INFO: Validation ROC-AUC: 0.901265
2025-03-10 17:41:34,255 - INFO: Starting epoch 17
2025-03-10 17:41:34,277 - INFO: Evaluating at iteration 33505
2025-03-10 17:41:35,526 - INFO: Loss: 0.095272
2025-03-10 17:41:35,526 - INFO: Training ROC-AUC: 1.000000
2025-03-10 17:41:35,526 - INFO: Validation ROC-AUC: 0.899493
2025-03-10 17:41:46,958 - INFO: Evaluating at iteration 34005
2025-03-10 17:41:48,202 - INFO: Loss: 0.105726
2025-03-10 17:41:48,202 - INFO: Training ROC-AUC: 0.994286
2025-03-10 17:41:48,202 - INFO: Validation ROC-AUC: 0.899087
2025-03-10 17:41:59,941 - INFO: Evaluating at iteration 34505
2025-03-10 17:42:01,209 - INFO: Loss: 0.059265
2025-03-10 17:42:01,209 - INFO: Training ROC-AUC: 1.000000
2025-03-10 17:42:01,209 - INFO: Validation ROC-AUC: 0.899356
2025-03-10 17:42:13,127 - INFO: Evaluating at iteration 35005
2025-03-10 17:42:14,400 - INFO: Loss: 0.069710
2025-03-10 17:42:14,400 - INFO: Training ROC-AUC: 1.000000
2025-03-10 17:42:14,400 - INFO: Validation ROC-AUC: 0.899517
2025-03-10 17:42:26,000 - INFO: Evaluating at iteration 35505
2025-03-10 17:42:27,311 - INFO: Loss: 0.183076
2025-03-10 17:42:27,311 - INFO: Training ROC-AUC: 0.984375
2025-03-10 17:42:27,311 - INFO: Validation ROC-AUC: 0.901142
2025-03-10 17:42:29,528 - INFO: Starting epoch 18
2025-03-10 17:42:29,550 - INFO: Evaluating at iteration 35599
2025-03-10 17:42:30,820 - INFO: Loss: 0.068525
2025-03-10 17:42:30,820 - INFO: Training ROC-AUC: 1.000000
2025-03-10 17:42:30,820 - INFO: Validation ROC-AUC: 0.900630
2025-03-10 17:42:42,665 - INFO: Evaluating at iteration 36099
2025-03-10 17:42:43,942 - INFO: Loss: 0.146663
2025-03-10 17:42:43,942 - INFO: Training ROC-AUC: 0.977011
2025-03-10 17:42:43,942 - INFO: Validation ROC-AUC: 0.899977
2025-03-10 17:42:55,947 - INFO: Evaluating at iteration 36599
2025-03-10 17:42:57,214 - INFO: Loss: 0.033563
2025-03-10 17:42:57,214 - INFO: Training ROC-AUC: 1.000000
2025-03-10 17:42:57,214 - INFO: Validation ROC-AUC: 0.899272
2025-03-10 17:43:09,420 - INFO: Evaluating at iteration 37099
2025-03-10 17:43:10,693 - INFO: Loss: 0.248853
2025-03-10 17:43:10,693 - INFO: Training ROC-AUC: 0.942308
2025-03-10 17:43:10,693 - INFO: Validation ROC-AUC: 0.897337
2025-03-10 17:43:22,676 - INFO: Evaluating at iteration 37599
2025-03-10 17:43:23,951 - INFO: Loss: 0.079225
2025-03-10 17:43:23,951 - INFO: Training ROC-AUC: 1.000000
2025-03-10 17:43:23,951 - INFO: Validation ROC-AUC: 0.898638
2025-03-10 17:43:26,214 - INFO: Starting epoch 19
2025-03-10 17:43:26,239 - INFO: Evaluating at iteration 37693
2025-03-10 17:43:27,529 - INFO: Loss: 0.079915
2025-03-10 17:43:27,529 - INFO: Training ROC-AUC: 0.992593
2025-03-10 17:43:27,529 - INFO: Validation ROC-AUC: 0.899830
2025-03-10 17:43:39,560 - INFO: Evaluating at iteration 38193
2025-03-10 17:43:40,804 - INFO: Loss: 0.084682
2025-03-10 17:43:40,804 - INFO: Training ROC-AUC: 1.000000
2025-03-10 17:43:40,804 - INFO: Validation ROC-AUC: 0.899475
2025-03-10 17:43:52,900 - INFO: Evaluating at iteration 38693
2025-03-10 17:43:54,169 - INFO: Loss: 0.101853
2025-03-10 17:43:54,169 - INFO: Training ROC-AUC: 0.993590
2025-03-10 17:43:54,169 - INFO: Validation ROC-AUC: 0.898354
2025-03-10 17:44:06,473 - INFO: Evaluating at iteration 39193
2025-03-10 17:44:07,753 - INFO: Loss: 0.017947
2025-03-10 17:44:07,754 - INFO: Training ROC-AUC: 1.000000
2025-03-10 17:44:07,754 - INFO: Validation ROC-AUC: 0.899362
2025-03-10 17:44:19,898 - INFO: Evaluating at iteration 39693
2025-03-10 17:44:21,139 - INFO: Loss: 0.057539
2025-03-10 17:44:21,139 - INFO: Training ROC-AUC: 1.000000
2025-03-10 17:44:21,139 - INFO: Validation ROC-AUC: 0.900082
2025-03-10 17:44:23,487 - INFO: Starting epoch 20
2025-03-10 17:44:23,513 - INFO: Evaluating at iteration 39787
2025-03-10 17:44:24,754 - INFO: Loss: 0.013610
2025-03-10 17:44:24,754 - INFO: Training ROC-AUC: 1.000000
2025-03-10 17:44:24,754 - INFO: Validation ROC-AUC: 0.898506
2025-03-10 17:44:37,266 - INFO: Evaluating at iteration 40287
2025-03-10 17:44:38,516 - INFO: Loss: 0.037771
2025-03-10 17:44:38,516 - INFO: Training ROC-AUC: 1.000000
2025-03-10 17:44:38,516 - INFO: Validation ROC-AUC: 0.899126
2025-03-10 17:44:50,722 - INFO: Evaluating at iteration 40787
2025-03-10 17:44:52,000 - INFO: Loss: 0.065063
2025-03-10 17:44:52,000 - INFO: Training ROC-AUC: 1.000000
2025-03-10 17:44:52,000 - INFO: Validation ROC-AUC: 0.897302
2025-03-10 17:45:04,475 - INFO: Evaluating at iteration 41287
2025-03-10 17:45:05,750 - INFO: Loss: 0.057152
2025-03-10 17:45:05,750 - INFO: Training ROC-AUC: 1.000000
2025-03-10 17:45:05,750 - INFO: Validation ROC-AUC: 0.898591
2025-03-10 17:45:18,443 - INFO: Evaluating at iteration 41787
2025-03-10 17:45:19,722 - INFO: Loss: 0.043821
2025-03-10 17:45:19,722 - INFO: Training ROC-AUC: 1.000000
2025-03-10 17:45:19,722 - INFO: Validation ROC-AUC: 0.898365
2025-03-10 17:45:22,145 - INFO: Starting epoch 21
2025-03-10 17:45:22,172 - INFO: Evaluating at iteration 41881
2025-03-10 17:45:23,447 - INFO: Loss: 0.068984
2025-03-10 17:45:23,447 - INFO: Training ROC-AUC: 0.993590
2025-03-10 17:45:23,447 - INFO: Validation ROC-AUC: 0.899922
2025-03-10 17:45:35,841 - INFO: Evaluating at iteration 42381
2025-03-10 17:45:37,108 - INFO: Loss: 0.039584
2025-03-10 17:45:37,108 - INFO: Training ROC-AUC: 1.000000
2025-03-10 17:45:37,108 - INFO: Validation ROC-AUC: 0.899063
2025-03-10 17:45:49,649 - INFO: Evaluating at iteration 42881
2025-03-10 17:45:50,925 - INFO: Loss: 0.072694
2025-03-10 17:45:50,926 - INFO: Training ROC-AUC: 1.000000
2025-03-10 17:45:50,926 - INFO: Validation ROC-AUC: 0.898868
2025-03-10 17:46:03,556 - INFO: Evaluating at iteration 43381
2025-03-10 17:46:04,848 - INFO: Loss: 0.025218
2025-03-10 17:46:04,848 - INFO: Training ROC-AUC: 1.000000
2025-03-10 17:46:04,848 - INFO: Validation ROC-AUC: 0.899450
2025-03-10 17:46:17,169 - INFO: Evaluating at iteration 43881
2025-03-10 17:46:18,414 - INFO: Loss: 0.069721
2025-03-10 17:46:18,414 - INFO: Training ROC-AUC: 0.992593
2025-03-10 17:46:18,414 - INFO: Validation ROC-AUC: 0.898084
2025-03-10 17:46:20,723 - INFO: Starting epoch 22
2025-03-10 17:46:20,755 - INFO: Evaluating at iteration 43975
2025-03-10 17:46:22,023 - INFO: Loss: 0.166955
2025-03-10 17:46:22,023 - INFO: Training ROC-AUC: 0.967949
2025-03-10 17:46:22,023 - INFO: Validation ROC-AUC: 0.899677
2025-03-10 17:46:34,522 - INFO: Evaluating at iteration 44475
2025-03-10 17:46:35,781 - INFO: Loss: 0.006811
2025-03-10 17:46:35,781 - INFO: Training ROC-AUC: 1.000000
2025-03-10 17:46:35,781 - INFO: Validation ROC-AUC: 0.898362
2025-03-10 17:46:48,308 - INFO: Evaluating at iteration 44975
2025-03-10 17:46:49,584 - INFO: Loss: 0.080125
2025-03-10 17:46:49,584 - INFO: Training ROC-AUC: 1.000000
2025-03-10 17:46:49,584 - INFO: Validation ROC-AUC: 0.898588
2025-03-10 17:47:01,970 - INFO: Evaluating at iteration 45475
2025-03-10 17:47:03,245 - INFO: Loss: 0.015416
2025-03-10 17:47:03,245 - INFO: Training ROC-AUC: 1.000000
2025-03-10 17:47:03,245 - INFO: Validation ROC-AUC: 0.899911
2025-03-10 17:47:15,749 - INFO: Evaluating at iteration 45975
2025-03-10 17:47:17,020 - INFO: Loss: 0.029477
2025-03-10 17:47:17,020 - INFO: Training ROC-AUC: 1.000000
2025-03-10 17:47:17,020 - INFO: Validation ROC-AUC: 0.900052
2025-03-10 17:47:19,346 - INFO: Starting epoch 23
2025-03-10 17:47:19,368 - INFO: Evaluating at iteration 46069
2025-03-10 17:47:20,636 - INFO: Loss: 0.015584
2025-03-10 17:47:20,636 - INFO: Training ROC-AUC: 1.000000
2025-03-10 17:47:20,636 - INFO: Validation ROC-AUC: 0.900146
2025-03-10 17:47:33,360 - INFO: Evaluating at iteration 46569
2025-03-10 17:47:34,605 - INFO: Loss: 0.033922
2025-03-10 17:47:34,605 - INFO: Training ROC-AUC: 1.000000
2025-03-10 17:47:34,605 - INFO: Validation ROC-AUC: 0.899117
2025-03-10 17:47:47,071 - INFO: Evaluating at iteration 47069
2025-03-10 17:47:48,344 - INFO: Loss: 0.068736
2025-03-10 17:47:48,344 - INFO: Training ROC-AUC: 1.000000
2025-03-10 17:47:48,344 - INFO: Validation ROC-AUC: 0.897794
2025-03-10 17:48:00,869 - INFO: Evaluating at iteration 47569
2025-03-10 17:48:02,144 - INFO: Loss: 0.060739
2025-03-10 17:48:02,144 - INFO: Training ROC-AUC: 1.000000
2025-03-10 17:48:02,144 - INFO: Validation ROC-AUC: 0.898640
2025-03-10 17:48:14,912 - INFO: Evaluating at iteration 48069
2025-03-10 17:48:16,159 - INFO: Loss: 0.055665
2025-03-10 17:48:16,159 - INFO: Training ROC-AUC: 1.000000
2025-03-10 17:48:16,159 - INFO: Validation ROC-AUC: 0.899257
2025-03-10 17:48:18,481 - INFO: Starting epoch 24
2025-03-10 17:48:18,511 - INFO: Evaluating at iteration 48163
2025-03-10 17:48:19,790 - INFO: Loss: 0.030473
2025-03-10 17:48:19,790 - INFO: Training ROC-AUC: 1.000000
2025-03-10 17:48:19,790 - INFO: Validation ROC-AUC: 0.899508
2025-03-10 17:48:32,557 - INFO: Evaluating at iteration 48663
2025-03-10 17:48:33,803 - INFO: Loss: 0.039107
2025-03-10 17:48:33,803 - INFO: Training ROC-AUC: 1.000000
2025-03-10 17:48:33,803 - INFO: Validation ROC-AUC: 0.899286
2025-03-10 17:48:46,571 - INFO: Evaluating at iteration 49163
2025-03-10 17:48:47,841 - INFO: Loss: 0.041886
2025-03-10 17:48:47,841 - INFO: Training ROC-AUC: 1.000000
2025-03-10 17:48:47,841 - INFO: Validation ROC-AUC: 0.897976
2025-03-10 17:49:00,626 - INFO: Evaluating at iteration 49663
2025-03-10 17:49:01,901 - INFO: Loss: 0.027655
2025-03-10 17:49:01,901 - INFO: Training ROC-AUC: 1.000000
2025-03-10 17:49:01,901 - INFO: Validation ROC-AUC: 0.896899
2025-03-10 17:49:14,603 - INFO: Evaluating at iteration 50163
2025-03-10 17:49:15,873 - INFO: Loss: 0.055230
2025-03-10 17:49:15,873 - INFO: Training ROC-AUC: 1.000000
2025-03-10 17:49:15,873 - INFO: Validation ROC-AUC: 0.898538
2025-03-10 17:49:18,333 - INFO: Starting epoch 25
2025-03-10 17:49:18,361 - INFO: Evaluating at iteration 50257
2025-03-10 17:49:19,641 - INFO: Loss: 0.013019
2025-03-10 17:49:19,641 - INFO: Training ROC-AUC: 1.000000
2025-03-10 17:49:19,641 - INFO: Validation ROC-AUC: 0.897678
2025-03-10 17:49:32,233 - INFO: Evaluating at iteration 50757
2025-03-10 17:49:33,478 - INFO: Loss: 0.004855
2025-03-10 17:49:33,478 - INFO: Training ROC-AUC: 1.000000
2025-03-10 17:49:33,478 - INFO: Validation ROC-AUC: 0.896666
2025-03-10 17:49:46,191 - INFO: Evaluating at iteration 51257
2025-03-10 17:49:47,437 - INFO: Loss: 0.031718
2025-03-10 17:49:47,437 - INFO: Training ROC-AUC: 1.000000
2025-03-10 17:49:47,437 - INFO: Validation ROC-AUC: 0.896808
2025-03-10 17:49:59,869 - INFO: Evaluating at iteration 51757
2025-03-10 17:50:01,118 - INFO: Loss: 0.041571
2025-03-10 17:50:01,119 - INFO: Training ROC-AUC: 1.000000
2025-03-10 17:50:01,119 - INFO: Validation ROC-AUC: 0.898150
2025-03-10 17:50:13,780 - INFO: Evaluating at iteration 52257
2025-03-10 17:50:15,087 - INFO: Loss: 0.032283
2025-03-10 17:50:15,088 - INFO: Training ROC-AUC: 1.000000
2025-03-10 17:50:15,088 - INFO: Validation ROC-AUC: 0.898463
2025-03-10 17:50:17,489 - INFO: Saving model to models/TCRContactMapPredictor_tcr_split/model_4.pt
2025-03-10 17:50:17,503 - INFO: Starting fold 5
2025-03-10 17:50:17,505 - INFO: Initialising model
2025-03-10 17:50:17,516 - INFO: Starting training
2025-03-10 17:50:17,516 - INFO: Starting epoch 1
2025-03-10 17:50:17,541 - INFO: Evaluating at iteration 1
2025-03-10 17:50:18,798 - INFO: Loss: 0.681527
2025-03-10 17:50:18,798 - INFO: Training ROC-AUC: 0.525641
2025-03-10 17:50:18,799 - INFO: Validation ROC-AUC: 0.500910
2025-03-10 17:50:29,738 - INFO: Evaluating at iteration 501
2025-03-10 17:50:30,983 - INFO: Loss: 0.374271
2025-03-10 17:50:30,983 - INFO: Training ROC-AUC: 0.637037
2025-03-10 17:50:30,983 - INFO: Validation ROC-AUC: 0.605117
2025-03-10 17:50:42,171 - INFO: Evaluating at iteration 1001
2025-03-10 17:50:43,450 - INFO: Loss: 0.461657
2025-03-10 17:50:43,450 - INFO: Training ROC-AUC: 0.737179
2025-03-10 17:50:43,450 - INFO: Validation ROC-AUC: 0.627877
2025-03-10 17:50:54,755 - INFO: Evaluating at iteration 1501
2025-03-10 17:50:56,010 - INFO: Loss: 0.116411
2025-03-10 17:50:56,010 - INFO: Training ROC-AUC: 1.000000
2025-03-10 17:50:56,010 - INFO: Validation ROC-AUC: 0.699878
2025-03-10 17:51:07,312 - INFO: Evaluating at iteration 2001
2025-03-10 17:51:08,584 - INFO: Loss: 0.293123
2025-03-10 17:51:08,584 - INFO: Training ROC-AUC: 0.483333
2025-03-10 17:51:08,584 - INFO: Validation ROC-AUC: 0.740457
2025-03-10 17:51:10,678 - INFO: Starting epoch 2
2025-03-10 17:51:10,701 - INFO: Evaluating at iteration 2095
2025-03-10 17:51:12,006 - INFO: Loss: 0.548315
2025-03-10 17:51:12,006 - INFO: Training ROC-AUC: 0.571429
2025-03-10 17:51:12,006 - INFO: Validation ROC-AUC: 0.763937
2025-03-10 17:51:23,292 - INFO: Evaluating at iteration 2595
2025-03-10 17:51:24,533 - INFO: Loss: 0.359673
2025-03-10 17:51:24,533 - INFO: Training ROC-AUC: 0.833333
2025-03-10 17:51:24,533 - INFO: Validation ROC-AUC: 0.799670
2025-03-10 17:51:35,953 - INFO: Evaluating at iteration 3095
2025-03-10 17:51:37,227 - INFO: Loss: 0.133128
2025-03-10 17:51:37,227 - INFO: Training ROC-AUC: 1.000000
2025-03-10 17:51:37,227 - INFO: Validation ROC-AUC: 0.815455
2025-03-10 17:51:48,706 - INFO: Evaluating at iteration 3595
2025-03-10 17:51:49,986 - INFO: Loss: 0.199632
2025-03-10 17:51:49,986 - INFO: Training ROC-AUC: 1.000000
2025-03-10 17:51:49,986 - INFO: Validation ROC-AUC: 0.834013
2025-03-10 17:52:01,390 - INFO: Evaluating at iteration 4095
2025-03-10 17:52:02,660 - INFO: Loss: 0.102672
2025-03-10 17:52:02,661 - INFO: Training ROC-AUC: 1.000000
2025-03-10 17:52:02,661 - INFO: Validation ROC-AUC: 0.847166
2025-03-10 17:52:04,784 - INFO: Starting epoch 3
2025-03-10 17:52:04,808 - INFO: Evaluating at iteration 4189
2025-03-10 17:52:06,059 - INFO: Loss: 0.205662
2025-03-10 17:52:06,060 - INFO: Training ROC-AUC: 0.919643
2025-03-10 17:52:06,060 - INFO: Validation ROC-AUC: 0.849112
2025-03-10 17:52:17,574 - INFO: Evaluating at iteration 4689
2025-03-10 17:52:18,843 - INFO: Loss: 0.388531
2025-03-10 17:52:18,843 - INFO: Training ROC-AUC: 0.807692
2025-03-10 17:52:18,843 - INFO: Validation ROC-AUC: 0.853692
2025-03-10 17:52:30,193 - INFO: Evaluating at iteration 5189
2025-03-10 17:52:31,440 - INFO: Loss: 0.150457
2025-03-10 17:52:31,440 - INFO: Training ROC-AUC: 0.977011
2025-03-10 17:52:31,440 - INFO: Validation ROC-AUC: 0.858373
2025-03-10 17:52:42,783 - INFO: Evaluating at iteration 5689
2025-03-10 17:52:44,021 - INFO: Loss: 0.170294
2025-03-10 17:52:44,021 - INFO: Training ROC-AUC: 0.985185
2025-03-10 17:52:44,021 - INFO: Validation ROC-AUC: 0.862375
2025-03-10 17:52:55,336 - INFO: Evaluating at iteration 6189
2025-03-10 17:52:56,583 - INFO: Loss: 0.471107
2025-03-10 17:52:56,583 - INFO: Training ROC-AUC: 0.845411
2025-03-10 17:52:56,583 - INFO: Validation ROC-AUC: 0.868368
2025-03-10 17:52:58,741 - INFO: Starting epoch 4
2025-03-10 17:52:58,765 - INFO: Evaluating at iteration 6283
2025-03-10 17:53:00,003 - INFO: Loss: 0.278086
2025-03-10 17:53:00,003 - INFO: Training ROC-AUC: 0.874074
2025-03-10 17:53:00,003 - INFO: Validation ROC-AUC: 0.869135
2025-03-10 17:53:11,258 - INFO: Evaluating at iteration 6783
2025-03-10 17:53:12,524 - INFO: Loss: 0.278089
2025-03-10 17:53:12,525 - INFO: Training ROC-AUC: 0.839286
2025-03-10 17:53:12,525 - INFO: Validation ROC-AUC: 0.870975
2025-03-10 17:53:23,754 - INFO: Evaluating at iteration 7283
2025-03-10 17:53:25,022 - INFO: Loss: 0.242943
2025-03-10 17:53:25,022 - INFO: Training ROC-AUC: 0.766667
2025-03-10 17:53:25,022 - INFO: Validation ROC-AUC: 0.874468
2025-03-10 17:53:36,214 - INFO: Evaluating at iteration 7783
2025-03-10 17:53:37,508 - INFO: Loss: 0.181735
2025-03-10 17:53:37,508 - INFO: Training ROC-AUC: 0.977143
2025-03-10 17:53:37,508 - INFO: Validation ROC-AUC: 0.876402
2025-03-10 17:53:48,748 - INFO: Evaluating at iteration 8283
2025-03-10 17:53:50,016 - INFO: Loss: 0.097564
2025-03-10 17:53:50,016 - INFO: Training ROC-AUC: 1.000000
2025-03-10 17:53:50,016 - INFO: Validation ROC-AUC: 0.879068
2025-03-10 17:53:52,093 - INFO: Starting epoch 5
2025-03-10 17:53:52,116 - INFO: Evaluating at iteration 8377
2025-03-10 17:53:53,386 - INFO: Loss: 0.264939
2025-03-10 17:53:53,386 - INFO: Training ROC-AUC: 0.875000
2025-03-10 17:53:53,386 - INFO: Validation ROC-AUC: 0.878017
2025-03-10 17:54:04,652 - INFO: Evaluating at iteration 8877
2025-03-10 17:54:05,922 - INFO: Loss: 0.245831
2025-03-10 17:54:05,922 - INFO: Training ROC-AUC: 0.968182
2025-03-10 17:54:05,922 - INFO: Validation ROC-AUC: 0.881759
2025-03-10 17:54:17,190 - INFO: Evaluating at iteration 9377
2025-03-10 17:54:18,435 - INFO: Loss: 0.145219
2025-03-10 17:54:18,435 - INFO: Training ROC-AUC: 0.974359
2025-03-10 17:54:18,436 - INFO: Validation ROC-AUC: 0.881489
2025-03-10 17:54:29,724 - INFO: Evaluating at iteration 9877
2025-03-10 17:54:30,987 - INFO: Loss: 0.209823
2025-03-10 17:54:30,987 - INFO: Training ROC-AUC: 0.946429
2025-03-10 17:54:30,987 - INFO: Validation ROC-AUC: 0.884401
2025-03-10 17:54:42,178 - INFO: Evaluating at iteration 10377
2025-03-10 17:54:43,460 - INFO: Loss: 0.289201
2025-03-10 17:54:43,460 - INFO: Training ROC-AUC: 0.937143
2025-03-10 17:54:43,460 - INFO: Validation ROC-AUC: 0.885600
2025-03-10 17:54:45,572 - INFO: Starting epoch 6
2025-03-10 17:54:45,595 - INFO: Evaluating at iteration 10471
2025-03-10 17:54:46,860 - INFO: Loss: 0.309575
2025-03-10 17:54:46,860 - INFO: Training ROC-AUC: 0.954545
2025-03-10 17:54:46,860 - INFO: Validation ROC-AUC: 0.885988
2025-03-10 17:54:58,135 - INFO: Evaluating at iteration 10971
2025-03-10 17:54:59,383 - INFO: Loss: 0.373100
2025-03-10 17:54:59,383 - INFO: Training ROC-AUC: 0.769231
2025-03-10 17:54:59,383 - INFO: Validation ROC-AUC: 0.887073
2025-03-10 17:55:10,452 - INFO: Evaluating at iteration 11471
2025-03-10 17:55:11,739 - INFO: Loss: 0.338730
2025-03-10 17:55:11,739 - INFO: Training ROC-AUC: 0.906250
2025-03-10 17:55:11,740 - INFO: Validation ROC-AUC: 0.888082
2025-03-10 17:55:23,014 - INFO: Evaluating at iteration 11971
2025-03-10 17:55:24,258 - INFO: Loss: 0.229819
2025-03-10 17:55:24,258 - INFO: Training ROC-AUC: 0.916667
2025-03-10 17:55:24,258 - INFO: Validation ROC-AUC: 0.890325
2025-03-10 17:55:35,372 - INFO: Evaluating at iteration 12471
2025-03-10 17:55:36,655 - INFO: Loss: 0.187605
2025-03-10 17:55:36,655 - INFO: Training ROC-AUC: 0.885057
2025-03-10 17:55:36,655 - INFO: Validation ROC-AUC: 0.889861
2025-03-10 17:55:38,854 - INFO: Starting epoch 7
2025-03-10 17:55:38,877 - INFO: Evaluating at iteration 12565
2025-03-10 17:55:40,117 - INFO: Loss: 0.208768
2025-03-10 17:55:40,117 - INFO: Training ROC-AUC: 0.933333
2025-03-10 17:55:40,117 - INFO: Validation ROC-AUC: 0.890030
2025-03-10 17:55:51,305 - INFO: Evaluating at iteration 13065
2025-03-10 17:55:52,570 - INFO: Loss: 0.219810
2025-03-10 17:55:52,570 - INFO: Training ROC-AUC: 0.991071
2025-03-10 17:55:52,570 - INFO: Validation ROC-AUC: 0.889651
2025-03-10 17:56:03,838 - INFO: Evaluating at iteration 13565
2025-03-10 17:56:05,085 - INFO: Loss: 0.155677
2025-03-10 17:56:05,085 - INFO: Training ROC-AUC: 0.933333
2025-03-10 17:56:05,085 - INFO: Validation ROC-AUC: 0.889542
2025-03-10 17:56:16,764 - INFO: Evaluating at iteration 14065
2025-03-10 17:56:18,043 - INFO: Loss: 0.172440
2025-03-10 17:56:18,043 - INFO: Training ROC-AUC: 0.933333
2025-03-10 17:56:18,043 - INFO: Validation ROC-AUC: 0.891064
2025-03-10 17:56:29,278 - INFO: Evaluating at iteration 14565
2025-03-10 17:56:30,546 - INFO: Loss: 0.261199
2025-03-10 17:56:30,546 - INFO: Training ROC-AUC: 0.974026
2025-03-10 17:56:30,546 - INFO: Validation ROC-AUC: 0.891519
2025-03-10 17:56:32,645 - INFO: Starting epoch 8
2025-03-10 17:56:32,668 - INFO: Evaluating at iteration 14659
2025-03-10 17:56:33,941 - INFO: Loss: 0.174745
2025-03-10 17:56:33,942 - INFO: Training ROC-AUC: 0.987179
2025-03-10 17:56:33,942 - INFO: Validation ROC-AUC: 0.892380
2025-03-10 17:56:45,246 - INFO: Evaluating at iteration 15159
2025-03-10 17:56:46,518 - INFO: Loss: 0.372815
2025-03-10 17:56:46,519 - INFO: Training ROC-AUC: 0.884058
2025-03-10 17:56:46,519 - INFO: Validation ROC-AUC: 0.892121
2025-03-10 17:56:57,768 - INFO: Evaluating at iteration 15659
2025-03-10 17:56:59,035 - INFO: Loss: 0.397525
2025-03-10 17:56:59,035 - INFO: Training ROC-AUC: 0.885417
2025-03-10 17:56:59,035 - INFO: Validation ROC-AUC: 0.891704
2025-03-10 17:57:10,197 - INFO: Evaluating at iteration 16159
2025-03-10 17:57:11,477 - INFO: Loss: 0.272053
2025-03-10 17:57:11,477 - INFO: Training ROC-AUC: 0.920000
2025-03-10 17:57:11,477 - INFO: Validation ROC-AUC: 0.892055
2025-03-10 17:57:22,654 - INFO: Evaluating at iteration 16659
2025-03-10 17:57:23,893 - INFO: Loss: 0.309282
2025-03-10 17:57:23,893 - INFO: Training ROC-AUC: 0.794643
2025-03-10 17:57:23,893 - INFO: Validation ROC-AUC: 0.893680
2025-03-10 17:57:25,974 - INFO: Starting epoch 9
2025-03-10 17:57:25,997 - INFO: Evaluating at iteration 16753
2025-03-10 17:57:27,295 - INFO: Loss: 0.262288
2025-03-10 17:57:27,295 - INFO: Training ROC-AUC: 0.923077
2025-03-10 17:57:27,295 - INFO: Validation ROC-AUC: 0.893957
2025-03-10 17:57:38,291 - INFO: Evaluating at iteration 17253
2025-03-10 17:57:39,568 - INFO: Loss: 0.153334
2025-03-10 17:57:39,568 - INFO: Training ROC-AUC: 0.988571
2025-03-10 17:57:39,568 - INFO: Validation ROC-AUC: 0.894877
2025-03-10 17:57:50,744 - INFO: Evaluating at iteration 17753
2025-03-10 17:57:52,018 - INFO: Loss: 0.086302
2025-03-10 17:57:52,018 - INFO: Training ROC-AUC: 1.000000
2025-03-10 17:57:52,018 - INFO: Validation ROC-AUC: 0.893804
2025-03-10 17:58:03,262 - INFO: Evaluating at iteration 18253
2025-03-10 17:58:04,534 - INFO: Loss: 0.142045
2025-03-10 17:58:04,534 - INFO: Training ROC-AUC: 0.954023
2025-03-10 17:58:04,534 - INFO: Validation ROC-AUC: 0.894506
2025-03-10 17:58:15,740 - INFO: Evaluating at iteration 18753
2025-03-10 17:58:17,013 - INFO: Loss: 0.276362
2025-03-10 17:58:17,013 - INFO: Training ROC-AUC: 0.804598
2025-03-10 17:58:17,013 - INFO: Validation ROC-AUC: 0.894615
2025-03-10 17:58:19,101 - INFO: Starting epoch 10
2025-03-10 17:58:19,125 - INFO: Evaluating at iteration 18847
2025-03-10 17:58:20,387 - INFO: Loss: 0.140475
2025-03-10 17:58:20,387 - INFO: Training ROC-AUC: 0.970370
2025-03-10 17:58:20,387 - INFO: Validation ROC-AUC: 0.893852
2025-03-10 17:58:31,627 - INFO: Evaluating at iteration 19347
2025-03-10 17:58:32,873 - INFO: Loss: 0.118820
2025-03-10 17:58:32,873 - INFO: Training ROC-AUC: 0.950000
2025-03-10 17:58:32,873 - INFO: Validation ROC-AUC: 0.893670
2025-03-10 17:58:44,199 - INFO: Evaluating at iteration 19847
2025-03-10 17:58:45,462 - INFO: Loss: 0.246292
2025-03-10 17:58:45,462 - INFO: Training ROC-AUC: 0.968750
2025-03-10 17:58:45,462 - INFO: Validation ROC-AUC: 0.893259
2025-03-10 17:58:56,650 - INFO: Evaluating at iteration 20347
2025-03-10 17:58:57,932 - INFO: Loss: 0.318046
2025-03-10 17:58:57,932 - INFO: Training ROC-AUC: 0.916667
2025-03-10 17:58:57,932 - INFO: Validation ROC-AUC: 0.895685
2025-03-10 17:59:08,964 - INFO: Evaluating at iteration 20847
2025-03-10 17:59:10,212 - INFO: Loss: 0.201012
2025-03-10 17:59:10,212 - INFO: Training ROC-AUC: 0.974359
2025-03-10 17:59:10,212 - INFO: Validation ROC-AUC: 0.896129
2025-03-10 17:59:12,313 - INFO: Starting epoch 11
2025-03-10 17:59:12,336 - INFO: Evaluating at iteration 20941
2025-03-10 17:59:13,614 - INFO: Loss: 0.285655
2025-03-10 17:59:13,614 - INFO: Training ROC-AUC: 0.875000
2025-03-10 17:59:13,614 - INFO: Validation ROC-AUC: 0.896799
2025-03-10 17:59:24,661 - INFO: Evaluating at iteration 21441
2025-03-10 17:59:25,948 - INFO: Loss: 0.140343
2025-03-10 17:59:25,948 - INFO: Training ROC-AUC: 0.955357
2025-03-10 17:59:25,948 - INFO: Validation ROC-AUC: 0.896373
2025-03-10 17:59:36,850 - INFO: Evaluating at iteration 21941
2025-03-10 17:59:38,124 - INFO: Loss: 0.167827
2025-03-10 17:59:38,124 - INFO: Training ROC-AUC: 0.850000
2025-03-10 17:59:38,124 - INFO: Validation ROC-AUC: 0.895567
2025-03-10 17:59:49,215 - INFO: Evaluating at iteration 22441
2025-03-10 17:59:50,494 - INFO: Loss: 0.169914
2025-03-10 17:59:50,494 - INFO: Training ROC-AUC: 0.965714
2025-03-10 17:59:50,494 - INFO: Validation ROC-AUC: 0.897236
2025-03-10 18:00:01,514 - INFO: Evaluating at iteration 22941
2025-03-10 18:00:02,781 - INFO: Loss: 0.122943
2025-03-10 18:00:02,781 - INFO: Training ROC-AUC: 0.935484
2025-03-10 18:00:02,781 - INFO: Validation ROC-AUC: 0.896443
2025-03-10 18:00:04,854 - INFO: Starting epoch 12
2025-03-10 18:00:04,876 - INFO: Evaluating at iteration 23035
2025-03-10 18:00:06,154 - INFO: Loss: 0.129493
2025-03-10 18:00:06,154 - INFO: Training ROC-AUC: 0.982143
2025-03-10 18:00:06,154 - INFO: Validation ROC-AUC: 0.897688
2025-03-10 18:00:17,169 - INFO: Evaluating at iteration 23535
2025-03-10 18:00:18,444 - INFO: Loss: 0.154875
2025-03-10 18:00:18,445 - INFO: Training ROC-AUC: 0.931034
2025-03-10 18:00:18,445 - INFO: Validation ROC-AUC: 0.895367
2025-03-10 18:00:29,410 - INFO: Evaluating at iteration 24035
2025-03-10 18:00:30,687 - INFO: Loss: 0.198793
2025-03-10 18:00:30,687 - INFO: Training ROC-AUC: 0.955357
2025-03-10 18:00:30,687 - INFO: Validation ROC-AUC: 0.897784
2025-03-10 18:00:41,936 - INFO: Evaluating at iteration 24535
2025-03-10 18:00:43,204 - INFO: Loss: 0.219185
2025-03-10 18:00:43,204 - INFO: Training ROC-AUC: 0.963542
2025-03-10 18:00:43,204 - INFO: Validation ROC-AUC: 0.895935
2025-03-10 18:00:54,138 - INFO: Evaluating at iteration 25035
2025-03-10 18:00:55,409 - INFO: Loss: 0.143000
2025-03-10 18:00:55,409 - INFO: Training ROC-AUC: 0.993590
2025-03-10 18:00:55,409 - INFO: Validation ROC-AUC: 0.897304
2025-03-10 18:00:57,506 - INFO: Starting epoch 13
2025-03-10 18:00:57,529 - INFO: Evaluating at iteration 25129
2025-03-10 18:00:58,777 - INFO: Loss: 0.064461
2025-03-10 18:00:58,778 - INFO: Training ROC-AUC: 1.000000
2025-03-10 18:00:58,778 - INFO: Validation ROC-AUC: 0.897160
2025-03-10 18:01:09,843 - INFO: Evaluating at iteration 25629
2025-03-10 18:01:11,104 - INFO: Loss: 0.363586
2025-03-10 18:01:11,105 - INFO: Training ROC-AUC: 0.898551
2025-03-10 18:01:11,105 - INFO: Validation ROC-AUC: 0.896632
2025-03-10 18:01:21,977 - INFO: Evaluating at iteration 26129
2025-03-10 18:01:23,253 - INFO: Loss: 0.170774
2025-03-10 18:01:23,254 - INFO: Training ROC-AUC: 0.980769
2025-03-10 18:01:23,254 - INFO: Validation ROC-AUC: 0.897978
2025-03-10 18:01:34,231 - INFO: Evaluating at iteration 26629
2025-03-10 18:01:35,514 - INFO: Loss: 0.191364
2025-03-10 18:01:35,514 - INFO: Training ROC-AUC: 0.980676
2025-03-10 18:01:35,514 - INFO: Validation ROC-AUC: 0.896761
2025-03-10 18:01:46,398 - INFO: Evaluating at iteration 27129
2025-03-10 18:01:47,678 - INFO: Loss: 0.223861
2025-03-10 18:01:47,678 - INFO: Training ROC-AUC: 0.911111
2025-03-10 18:01:47,678 - INFO: Validation ROC-AUC: 0.895982
2025-03-10 18:01:49,903 - INFO: Starting epoch 14
2025-03-10 18:01:49,926 - INFO: Evaluating at iteration 27223
2025-03-10 18:01:51,167 - INFO: Loss: 0.163343
2025-03-10 18:01:51,167 - INFO: Training ROC-AUC: 1.000000
2025-03-10 18:01:51,167 - INFO: Validation ROC-AUC: 0.897237
2025-03-10 18:02:02,140 - INFO: Evaluating at iteration 27723
2025-03-10 18:02:03,380 - INFO: Loss: 0.050382
2025-03-10 18:02:03,381 - INFO: Training ROC-AUC: 1.000000
2025-03-10 18:02:03,381 - INFO: Validation ROC-AUC: 0.896948
2025-03-10 18:02:14,412 - INFO: Evaluating at iteration 28223
2025-03-10 18:02:15,689 - INFO: Loss: 0.141063
2025-03-10 18:02:15,689 - INFO: Training ROC-AUC: 0.931034
2025-03-10 18:02:15,689 - INFO: Validation ROC-AUC: 0.895824
2025-03-10 18:02:26,730 - INFO: Evaluating at iteration 28723
2025-03-10 18:02:28,015 - INFO: Loss: 0.198514
2025-03-10 18:02:28,015 - INFO: Training ROC-AUC: 0.948571
2025-03-10 18:02:28,015 - INFO: Validation ROC-AUC: 0.897426
2025-03-10 18:02:38,914 - INFO: Evaluating at iteration 29223
2025-03-10 18:02:40,191 - INFO: Loss: 0.202910
2025-03-10 18:02:40,191 - INFO: Training ROC-AUC: 0.975845
2025-03-10 18:02:40,191 - INFO: Validation ROC-AUC: 0.896502
2025-03-10 18:02:42,245 - INFO: Starting epoch 15
2025-03-10 18:02:42,268 - INFO: Evaluating at iteration 29317
2025-03-10 18:02:43,537 - INFO: Loss: 0.138638
2025-03-10 18:02:43,537 - INFO: Training ROC-AUC: 0.995455
2025-03-10 18:02:43,537 - INFO: Validation ROC-AUC: 0.897662
2025-03-10 18:02:54,632 - INFO: Evaluating at iteration 29817
2025-03-10 18:02:55,924 - INFO: Loss: 0.101115
2025-03-10 18:02:55,926 - INFO: Training ROC-AUC: 1.000000
2025-03-10 18:02:55,926 - INFO: Validation ROC-AUC: 0.894996
2025-03-10 18:03:06,921 - INFO: Evaluating at iteration 30317
2025-03-10 18:03:08,215 - INFO: Loss: 0.226990
2025-03-10 18:03:08,215 - INFO: Training ROC-AUC: 0.948718
2025-03-10 18:03:08,215 - INFO: Validation ROC-AUC: 0.895028
2025-03-10 18:03:19,236 - INFO: Evaluating at iteration 30817
2025-03-10 18:03:20,484 - INFO: Loss: 0.048722
2025-03-10 18:03:20,485 - INFO: Training ROC-AUC: 1.000000
2025-03-10 18:03:20,485 - INFO: Validation ROC-AUC: 0.896377
2025-03-10 18:03:31,500 - INFO: Evaluating at iteration 31317
2025-03-10 18:03:32,782 - INFO: Loss: 0.142722
2025-03-10 18:03:32,782 - INFO: Training ROC-AUC: 0.966667
2025-03-10 18:03:32,782 - INFO: Validation ROC-AUC: 0.897601
2025-03-10 18:03:34,973 - INFO: Starting epoch 16
2025-03-10 18:03:34,996 - INFO: Evaluating at iteration 31411
2025-03-10 18:03:36,295 - INFO: Loss: 0.131656
2025-03-10 18:03:36,296 - INFO: Training ROC-AUC: 0.980769
2025-03-10 18:03:36,296 - INFO: Validation ROC-AUC: 0.896369
2025-03-10 18:03:47,510 - INFO: Evaluating at iteration 31911
2025-03-10 18:03:48,742 - INFO: Loss: 0.211499
2025-03-10 18:03:48,742 - INFO: Training ROC-AUC: 0.991342
2025-03-10 18:03:48,742 - INFO: Validation ROC-AUC: 0.897593
2025-03-10 18:03:59,915 - INFO: Evaluating at iteration 32411
2025-03-10 18:04:01,166 - INFO: Loss: 0.143644
2025-03-10 18:04:01,166 - INFO: Training ROC-AUC: 0.955357
2025-03-10 18:04:01,166 - INFO: Validation ROC-AUC: 0.894209
2025-03-10 18:04:12,391 - INFO: Evaluating at iteration 32911
2025-03-10 18:04:13,664 - INFO: Loss: 0.033480
2025-03-10 18:04:13,664 - INFO: Training ROC-AUC: 1.000000
2025-03-10 18:04:13,664 - INFO: Validation ROC-AUC: 0.894284
2025-03-10 18:04:24,899 - INFO: Evaluating at iteration 33411
2025-03-10 18:04:26,159 - INFO: Loss: 0.055762
2025-03-10 18:04:26,159 - INFO: Training ROC-AUC: 1.000000
2025-03-10 18:04:26,159 - INFO: Validation ROC-AUC: 0.896048
2025-03-10 18:04:28,353 - INFO: Starting epoch 17
2025-03-10 18:04:28,375 - INFO: Evaluating at iteration 33505
2025-03-10 18:04:29,643 - INFO: Loss: 0.186444
2025-03-10 18:04:29,643 - INFO: Training ROC-AUC: 0.984375
2025-03-10 18:04:29,643 - INFO: Validation ROC-AUC: 0.896406
2025-03-10 18:04:41,319 - INFO: Evaluating at iteration 34005
2025-03-10 18:04:42,608 - INFO: Loss: 0.127483
2025-03-10 18:04:42,608 - INFO: Training ROC-AUC: 0.992593
2025-03-10 18:04:42,608 - INFO: Validation ROC-AUC: 0.896630
2025-03-10 18:04:53,820 - INFO: Evaluating at iteration 34505
2025-03-10 18:04:55,096 - INFO: Loss: 0.061025
2025-03-10 18:04:55,096 - INFO: Training ROC-AUC: 1.000000
2025-03-10 18:04:55,096 - INFO: Validation ROC-AUC: 0.892463
2025-03-10 18:05:06,418 - INFO: Evaluating at iteration 35005
2025-03-10 18:05:07,659 - INFO: Loss: 0.095745
2025-03-10 18:05:07,659 - INFO: Training ROC-AUC: 1.000000
2025-03-10 18:05:07,659 - INFO: Validation ROC-AUC: 0.893818
2025-03-10 18:05:18,984 - INFO: Evaluating at iteration 35505
2025-03-10 18:05:20,254 - INFO: Loss: 0.107308
2025-03-10 18:05:20,254 - INFO: Training ROC-AUC: 1.000000
2025-03-10 18:05:20,254 - INFO: Validation ROC-AUC: 0.893730
2025-03-10 18:05:23,233 - INFO: Starting epoch 18
2025-03-10 18:05:23,256 - INFO: Evaluating at iteration 35599
2025-03-10 18:05:24,545 - INFO: Loss: 0.042751
2025-03-10 18:05:24,545 - INFO: Training ROC-AUC: 1.000000
2025-03-10 18:05:24,545 - INFO: Validation ROC-AUC: 0.894401
2025-03-10 18:05:36,225 - INFO: Evaluating at iteration 36099
2025-03-10 18:05:37,488 - INFO: Loss: 0.068374
2025-03-10 18:05:37,488 - INFO: Training ROC-AUC: 0.992593
2025-03-10 18:05:37,488 - INFO: Validation ROC-AUC: 0.895603
2025-03-10 18:05:49,074 - INFO: Evaluating at iteration 36599
2025-03-10 18:05:50,319 - INFO: Loss: 0.157083
2025-03-10 18:05:50,319 - INFO: Training ROC-AUC: 0.971429
2025-03-10 18:05:50,319 - INFO: Validation ROC-AUC: 0.893797
2025-03-10 18:06:02,828 - INFO: Evaluating at iteration 37099
2025-03-10 18:06:04,102 - INFO: Loss: 0.116548
2025-03-10 18:06:04,102 - INFO: Training ROC-AUC: 0.979167
2025-03-10 18:06:04,102 - INFO: Validation ROC-AUC: 0.894236
2025-03-10 18:06:15,905 - INFO: Evaluating at iteration 37599
2025-03-10 18:06:17,159 - INFO: Loss: 0.136270
2025-03-10 18:06:17,160 - INFO: Training ROC-AUC: 0.982143
2025-03-10 18:06:17,160 - INFO: Validation ROC-AUC: 0.895049
2025-03-10 18:06:19,682 - INFO: Starting epoch 19
2025-03-10 18:06:19,704 - INFO: Evaluating at iteration 37693
2025-03-10 18:06:20,976 - INFO: Loss: 0.080037
2025-03-10 18:06:20,976 - INFO: Training ROC-AUC: 1.000000
2025-03-10 18:06:20,976 - INFO: Validation ROC-AUC: 0.894318
2025-03-10 18:06:32,799 - INFO: Evaluating at iteration 38193
2025-03-10 18:06:34,072 - INFO: Loss: 0.144774
2025-03-10 18:06:34,072 - INFO: Training ROC-AUC: 0.982857
2025-03-10 18:06:34,072 - INFO: Validation ROC-AUC: 0.892161
2025-03-10 18:06:46,003 - INFO: Evaluating at iteration 38693
2025-03-10 18:06:47,257 - INFO: Loss: 0.094744
2025-03-10 18:06:47,257 - INFO: Training ROC-AUC: 1.000000
2025-03-10 18:06:47,257 - INFO: Validation ROC-AUC: 0.893533
2025-03-10 18:06:59,224 - INFO: Evaluating at iteration 39193
2025-03-10 18:07:00,462 - INFO: Loss: 0.013694
2025-03-10 18:07:00,462 - INFO: Training ROC-AUC: 1.000000
2025-03-10 18:07:00,462 - INFO: Validation ROC-AUC: 0.890928
2025-03-10 18:07:12,527 - INFO: Evaluating at iteration 39693
2025-03-10 18:07:13,809 - INFO: Loss: 0.114961
2025-03-10 18:07:13,809 - INFO: Training ROC-AUC: 0.965517
2025-03-10 18:07:13,809 - INFO: Validation ROC-AUC: 0.892946
2025-03-10 18:07:16,265 - INFO: Starting epoch 20
2025-03-10 18:07:16,288 - INFO: Evaluating at iteration 39787
2025-03-10 18:07:17,561 - INFO: Loss: 0.111205
2025-03-10 18:07:17,561 - INFO: Training ROC-AUC: 1.000000
2025-03-10 18:07:17,561 - INFO: Validation ROC-AUC: 0.893007
2025-03-10 18:07:29,622 - INFO: Evaluating at iteration 40287
2025-03-10 18:07:30,901 - INFO: Loss: 0.015790
2025-03-10 18:07:30,902 - INFO: Training ROC-AUC: 1.000000
2025-03-10 18:07:30,902 - INFO: Validation ROC-AUC: 0.893768
2025-03-10 18:07:42,890 - INFO: Evaluating at iteration 40787
2025-03-10 18:07:44,187 - INFO: Loss: 0.032557
2025-03-10 18:07:44,187 - INFO: Training ROC-AUC: 1.000000
2025-03-10 18:07:44,187 - INFO: Validation ROC-AUC: 0.893010
2025-03-10 18:07:56,303 - INFO: Evaluating at iteration 41287
2025-03-10 18:07:57,598 - INFO: Loss: 0.109488
2025-03-10 18:07:57,598 - INFO: Training ROC-AUC: 0.988506
2025-03-10 18:07:57,598 - INFO: Validation ROC-AUC: 0.892045
2025-03-10 18:08:09,682 - INFO: Evaluating at iteration 41787
2025-03-10 18:08:10,929 - INFO: Loss: 0.037723
2025-03-10 18:08:10,929 - INFO: Training ROC-AUC: 1.000000
2025-03-10 18:08:10,929 - INFO: Validation ROC-AUC: 0.892785
2025-03-10 18:08:13,174 - INFO: Starting epoch 21
2025-03-10 18:08:13,197 - INFO: Evaluating at iteration 41881
2025-03-10 18:08:14,444 - INFO: Loss: 0.065175
2025-03-10 18:08:14,444 - INFO: Training ROC-AUC: 1.000000
2025-03-10 18:08:14,444 - INFO: Validation ROC-AUC: 0.893214
2025-03-10 18:08:26,582 - INFO: Evaluating at iteration 42381
2025-03-10 18:08:27,868 - INFO: Loss: 0.029419
2025-03-10 18:08:27,869 - INFO: Training ROC-AUC: 1.000000
2025-03-10 18:08:27,869 - INFO: Validation ROC-AUC: 0.894984
2025-03-10 18:08:40,042 - INFO: Evaluating at iteration 42881
2025-03-10 18:08:41,313 - INFO: Loss: 0.023210
2025-03-10 18:08:41,313 - INFO: Training ROC-AUC: 1.000000
2025-03-10 18:08:41,314 - INFO: Validation ROC-AUC: 0.892393
2025-03-10 18:08:53,798 - INFO: Evaluating at iteration 43381
2025-03-10 18:08:55,072 - INFO: Loss: 0.129677
2025-03-10 18:08:55,072 - INFO: Training ROC-AUC: 0.982857
2025-03-10 18:08:55,073 - INFO: Validation ROC-AUC: 0.890872
2025-03-10 18:09:07,258 - INFO: Evaluating at iteration 43881
2025-03-10 18:09:08,538 - INFO: Loss: 0.032663
2025-03-10 18:09:08,538 - INFO: Training ROC-AUC: 1.000000
2025-03-10 18:09:08,538 - INFO: Validation ROC-AUC: 0.892299
2025-03-10 18:09:10,785 - INFO: Starting epoch 22
2025-03-10 18:09:10,811 - INFO: Evaluating at iteration 43975
2025-03-10 18:09:12,109 - INFO: Loss: 0.098513
2025-03-10 18:09:12,109 - INFO: Training ROC-AUC: 0.991342
2025-03-10 18:09:12,109 - INFO: Validation ROC-AUC: 0.891885
2025-03-10 18:09:24,436 - INFO: Evaluating at iteration 44475
2025-03-10 18:09:25,717 - INFO: Loss: 0.029405
2025-03-10 18:09:25,717 - INFO: Training ROC-AUC: 1.000000
2025-03-10 18:09:25,717 - INFO: Validation ROC-AUC: 0.893226
2025-03-10 18:09:38,006 - INFO: Evaluating at iteration 44975
2025-03-10 18:09:39,276 - INFO: Loss: 0.021580
2025-03-10 18:09:39,277 - INFO: Training ROC-AUC: 1.000000
2025-03-10 18:09:39,277 - INFO: Validation ROC-AUC: 0.892848
2025-03-10 18:09:51,520 - INFO: Evaluating at iteration 45475
2025-03-10 18:09:52,769 - INFO: Loss: 0.160168
2025-03-10 18:09:52,769 - INFO: Training ROC-AUC: 0.977778
2025-03-10 18:09:52,769 - INFO: Validation ROC-AUC: 0.893197
2025-03-10 18:10:05,110 - INFO: Evaluating at iteration 45975
2025-03-10 18:10:06,388 - INFO: Loss: 0.129198
2025-03-10 18:10:06,388 - INFO: Training ROC-AUC: 0.990909
2025-03-10 18:10:06,388 - INFO: Validation ROC-AUC: 0.891848
2025-03-10 18:10:09,558 - INFO: Starting epoch 23
2025-03-10 18:10:09,580 - INFO: Evaluating at iteration 46069
2025-03-10 18:10:10,859 - INFO: Loss: 0.099552
2025-03-10 18:10:10,859 - INFO: Training ROC-AUC: 0.991342
2025-03-10 18:10:10,859 - INFO: Validation ROC-AUC: 0.894046
2025-03-10 18:10:23,307 - INFO: Evaluating at iteration 46569
2025-03-10 18:10:24,574 - INFO: Loss: 0.090443
2025-03-10 18:10:24,574 - INFO: Training ROC-AUC: 1.000000
2025-03-10 18:10:24,574 - INFO: Validation ROC-AUC: 0.892491
2025-03-10 18:10:36,832 - INFO: Evaluating at iteration 47069
2025-03-10 18:10:38,114 - INFO: Loss: 0.036387
2025-03-10 18:10:38,114 - INFO: Training ROC-AUC: 1.000000
2025-03-10 18:10:38,114 - INFO: Validation ROC-AUC: 0.893135
2025-03-10 18:10:50,374 - INFO: Evaluating at iteration 47569
2025-03-10 18:10:51,666 - INFO: Loss: 0.038273
2025-03-10 18:10:51,666 - INFO: Training ROC-AUC: 1.000000
2025-03-10 18:10:51,666 - INFO: Validation ROC-AUC: 0.892939
2025-03-10 18:11:04,080 - INFO: Evaluating at iteration 48069
2025-03-10 18:11:05,390 - INFO: Loss: 0.032123
2025-03-10 18:11:05,390 - INFO: Training ROC-AUC: 1.000000
2025-03-10 18:11:05,390 - INFO: Validation ROC-AUC: 0.890534
2025-03-10 18:11:07,765 - INFO: Starting epoch 24
2025-03-10 18:11:07,787 - INFO: Evaluating at iteration 48163
2025-03-10 18:11:09,115 - INFO: Loss: 0.005611
2025-03-10 18:11:09,115 - INFO: Training ROC-AUC: 1.000000
2025-03-10 18:11:09,115 - INFO: Validation ROC-AUC: 0.891474
2025-03-10 18:11:21,341 - INFO: Evaluating at iteration 48663
2025-03-10 18:11:22,612 - INFO: Loss: 0.145939
2025-03-10 18:11:22,612 - INFO: Training ROC-AUC: 0.977011
2025-03-10 18:11:22,612 - INFO: Validation ROC-AUC: 0.891121
2025-03-10 18:11:34,980 - INFO: Evaluating at iteration 49163
2025-03-10 18:11:36,258 - INFO: Loss: 0.021227
2025-03-10 18:11:36,258 - INFO: Training ROC-AUC: 1.000000
2025-03-10 18:11:36,258 - INFO: Validation ROC-AUC: 0.892236
2025-03-10 18:11:48,866 - INFO: Evaluating at iteration 49663
2025-03-10 18:11:50,143 - INFO: Loss: 0.019831
2025-03-10 18:11:50,143 - INFO: Training ROC-AUC: 1.000000
2025-03-10 18:11:50,143 - INFO: Validation ROC-AUC: 0.893604
2025-03-10 18:12:02,611 - INFO: Evaluating at iteration 50163
2025-03-10 18:12:03,898 - INFO: Loss: 0.085063
2025-03-10 18:12:03,898 - INFO: Training ROC-AUC: 1.000000
2025-03-10 18:12:03,898 - INFO: Validation ROC-AUC: 0.891422
2025-03-10 18:12:06,300 - INFO: Starting epoch 25
2025-03-10 18:12:06,325 - INFO: Evaluating at iteration 50257
2025-03-10 18:12:07,605 - INFO: Loss: 0.019527
2025-03-10 18:12:07,605 - INFO: Training ROC-AUC: 1.000000
2025-03-10 18:12:07,605 - INFO: Validation ROC-AUC: 0.891162
2025-03-10 18:12:20,541 - INFO: Evaluating at iteration 50757
2025-03-10 18:12:21,805 - INFO: Loss: 0.004983
2025-03-10 18:12:21,805 - INFO: Training ROC-AUC: 1.000000
2025-03-10 18:12:21,805 - INFO: Validation ROC-AUC: 0.892914
2025-03-10 18:12:34,121 - INFO: Evaluating at iteration 51257
2025-03-10 18:12:35,362 - INFO: Loss: 0.032430
2025-03-10 18:12:35,362 - INFO: Training ROC-AUC: 1.000000
2025-03-10 18:12:35,362 - INFO: Validation ROC-AUC: 0.892058
2025-03-10 18:12:47,874 - INFO: Evaluating at iteration 51757
2025-03-10 18:12:49,155 - INFO: Loss: 0.129022
2025-03-10 18:12:49,155 - INFO: Training ROC-AUC: 0.987179
2025-03-10 18:12:49,155 - INFO: Validation ROC-AUC: 0.893103
2025-03-10 18:13:01,578 - INFO: Evaluating at iteration 52257
2025-03-10 18:13:02,824 - INFO: Loss: 0.018527
2025-03-10 18:13:02,824 - INFO: Training ROC-AUC: 1.000000
2025-03-10 18:13:02,824 - INFO: Validation ROC-AUC: 0.892454
2025-03-10 18:13:05,202 - INFO: Saving model to models/TCRContactMapPredictor_tcr_split/model_5.pt
