2026-06-30 14:37:49,002 - INFO: Parameter: training_data='data/processed/sequences_random_split.h5'
2026-06-30 14:37:49,002 - INFO: Parameter: contact_maps='data/processed/contact_maps.h5'
2026-06-30 14:37:49,002 - INFO: Parameter: output='models/TCRStructMap_random_split_cdrs_peptide'
2026-06-30 14:37:49,002 - INFO: Parameter: seed=123
2026-06-30 14:37:49,002 - INFO: Parameter: features_to_include=['cdr1_alpha', 'cdr2_alpha', 'cdr3_alpha', 'cdr1_beta', 'cdr2_beta', 'cdr3_beta', 'peptide']
2026-06-30 14:37:49,002 - INFO: Parameter: cdr1_alpha_length=8
2026-06-30 14:37:49,002 - INFO: Parameter: cdr2_alpha_length=8
2026-06-30 14:37:49,002 - INFO: Parameter: cdr3_alpha_length=24
2026-06-30 14:37:49,003 - INFO: Parameter: cdr1_beta_length=8
2026-06-30 14:37:49,003 - INFO: Parameter: cdr2_beta_length=8
2026-06-30 14:37:49,003 - INFO: Parameter: cdr3_beta_length=24
2026-06-30 14:37:49,003 - INFO: Parameter: peptide_length=12
2026-06-30 14:37:49,003 - INFO: Parameter: mhc_pseudo_length=26
2026-06-30 14:37:49,003 - INFO: Parameter: batch_size=32
2026-06-30 14:37:49,003 - INFO: Parameter: num_epochs=25
2026-06-30 14:37:49,003 - INFO: Parameter: learning_rate=0.001
2026-06-30 14:37:49,003 - INFO: Parameter: drop_out_rate=0.2
2026-06-30 14:37:49,003 - INFO: Parameter: learn_contact_maps=False
2026-06-30 14:37:49,003 - INFO: Parameter: checkpoint_interval=1000
2026-06-30 14:37:49,003 - INFO: Parameter: eval_interval=500
2026-06-30 14:37:49,003 - INFO: Parameter: eval_batch_size=1000
2026-06-30 14:37:49,003 - INFO: Parameter: log_level='info'
2026-06-30 14:37:49,003 - INFO: Parameter: log_file='data/logs/train_TCRStructMap_random_split_cdrs_peptide.log'
2026-06-30 14:37:49,003 - INFO: Setting random seed to 123
2026-06-30 14:37:49,013 - INFO: Loading contact maps from data/processed/contact_maps.h5
2026-06-30 14:37:49,052 - INFO: Loading training data from data/processed/sequences_random_split.h5
2026-06-30 14:37:51,220 - INFO: Creating models/TCRStructMap_random_split_cdrs_peptide
2026-06-30 14:37:51,224 - INFO: Starting fold 1
2026-06-30 14:37:51,329 - INFO: Initialising model
2026-06-30 14:38:18,022 - INFO: Starting training
2026-06-30 14:38:18,022 - INFO: Starting epoch 1
2026-06-30 14:38:18,675 - INFO: Evaluating at iteration 1
2026-06-30 14:38:19,040 - INFO: Loss: 0.686899
2026-06-30 14:38:19,040 - INFO: Training ROC-AUC: 0.557692
2026-06-30 14:38:19,040 - INFO: Validation ROC-AUC: 0.505481
2026-06-30 14:38:27,525 - INFO: Evaluating at iteration 501
2026-06-30 14:38:27,876 - INFO: Loss: 0.423757
2026-06-30 14:38:27,877 - INFO: Training ROC-AUC: 0.807407
2026-06-30 14:38:27,877 - INFO: Validation ROC-AUC: 0.510104
2026-06-30 14:38:36,463 - INFO: Evaluating at iteration 1001
2026-06-30 14:38:36,637 - INFO: Loss: 0.432217
2026-06-30 14:38:36,638 - INFO: Training ROC-AUC: 0.540741
2026-06-30 14:38:36,638 - INFO: Validation ROC-AUC: 0.529472
2026-06-30 14:38:41,304 - INFO: Evaluating at iteration 1501
2026-06-30 14:38:41,482 - INFO: Loss: 0.532237
2026-06-30 14:38:41,482 - INFO: Training ROC-AUC: 0.451429
2026-06-30 14:38:41,482 - INFO: Validation ROC-AUC: 0.583177
2026-06-30 14:38:46,147 - INFO: Evaluating at iteration 2001
2026-06-30 14:38:46,331 - INFO: Loss: 0.430960
2026-06-30 14:38:46,331 - INFO: Training ROC-AUC: 0.570370
2026-06-30 14:38:46,331 - INFO: Validation ROC-AUC: 0.625618
2026-06-30 14:38:47,214 - INFO: Starting epoch 2
2026-06-30 14:38:47,224 - INFO: Evaluating at iteration 2095
2026-06-30 14:38:47,407 - INFO: Loss: 0.476856
2026-06-30 14:38:47,407 - INFO: Training ROC-AUC: 0.538462
2026-06-30 14:38:47,407 - INFO: Validation ROC-AUC: 0.637265
2026-06-30 14:38:52,094 - INFO: Evaluating at iteration 2595
2026-06-30 14:38:52,268 - INFO: Loss: 0.471167
2026-06-30 14:38:52,268 - INFO: Training ROC-AUC: 0.765625
2026-06-30 14:38:52,268 - INFO: Validation ROC-AUC: 0.660272
2026-06-30 14:38:56,938 - INFO: Evaluating at iteration 3095
2026-06-30 14:38:57,111 - INFO: Loss: 0.299544
2026-06-30 14:38:57,111 - INFO: Training ROC-AUC: 0.620690
2026-06-30 14:38:57,111 - INFO: Validation ROC-AUC: 0.681814
2026-06-30 14:39:01,841 - INFO: Evaluating at iteration 3595
2026-06-30 14:39:02,017 - INFO: Loss: 0.229498
2026-06-30 14:39:02,017 - INFO: Training ROC-AUC: 0.839080
2026-06-30 14:39:02,017 - INFO: Validation ROC-AUC: 0.707255
2026-06-30 14:39:06,715 - INFO: Evaluating at iteration 4095
2026-06-30 14:39:06,892 - INFO: Loss: 0.364755
2026-06-30 14:39:06,892 - INFO: Training ROC-AUC: 0.820513
2026-06-30 14:39:06,892 - INFO: Validation ROC-AUC: 0.726816
2026-06-30 14:39:07,788 - INFO: Starting epoch 3
2026-06-30 14:39:07,798 - INFO: Evaluating at iteration 4189
2026-06-30 14:39:07,963 - INFO: Loss: 0.477435
2026-06-30 14:39:07,963 - INFO: Training ROC-AUC: 0.525926
2026-06-30 14:39:07,963 - INFO: Validation ROC-AUC: 0.729250
2026-06-30 14:39:12,648 - INFO: Evaluating at iteration 4689
2026-06-30 14:39:12,819 - INFO: Loss: 0.459302
2026-06-30 14:39:12,819 - INFO: Training ROC-AUC: 0.788571
2026-06-30 14:39:12,819 - INFO: Validation ROC-AUC: 0.741401
2026-06-30 14:39:17,466 - INFO: Evaluating at iteration 5189
2026-06-30 14:39:17,641 - INFO: Loss: 0.233721
2026-06-30 14:39:17,641 - INFO: Training ROC-AUC: 0.966667
2026-06-30 14:39:17,641 - INFO: Validation ROC-AUC: 0.749453
2026-06-30 14:39:22,349 - INFO: Evaluating at iteration 5689
2026-06-30 14:39:22,522 - INFO: Loss: 0.152247
2026-06-30 14:39:22,522 - INFO: Training ROC-AUC: 1.000000
2026-06-30 14:39:22,522 - INFO: Validation ROC-AUC: 0.756624
2026-06-30 14:39:27,242 - INFO: Evaluating at iteration 6189
2026-06-30 14:39:27,414 - INFO: Loss: 0.229479
2026-06-30 14:39:27,415 - INFO: Training ROC-AUC: 0.916667
2026-06-30 14:39:27,415 - INFO: Validation ROC-AUC: 0.762824
2026-06-30 14:39:28,305 - INFO: Starting epoch 4
2026-06-30 14:39:28,315 - INFO: Evaluating at iteration 6283
2026-06-30 14:39:28,481 - INFO: Loss: 0.288863
2026-06-30 14:39:28,482 - INFO: Training ROC-AUC: 0.821429
2026-06-30 14:39:28,482 - INFO: Validation ROC-AUC: 0.763226
2026-06-30 14:39:33,200 - INFO: Evaluating at iteration 6783
2026-06-30 14:39:33,372 - INFO: Loss: 0.249520
2026-06-30 14:39:33,372 - INFO: Training ROC-AUC: 0.942529
2026-06-30 14:39:33,372 - INFO: Validation ROC-AUC: 0.768916
2026-06-30 14:39:38,102 - INFO: Evaluating at iteration 7283
2026-06-30 14:39:38,272 - INFO: Loss: 0.441452
2026-06-30 14:39:38,272 - INFO: Training ROC-AUC: 0.748571
2026-06-30 14:39:38,272 - INFO: Validation ROC-AUC: 0.773602
2026-06-30 14:39:42,929 - INFO: Evaluating at iteration 7783
2026-06-30 14:39:43,103 - INFO: Loss: 0.215610
2026-06-30 14:39:43,103 - INFO: Training ROC-AUC: 0.883333
2026-06-30 14:39:43,103 - INFO: Validation ROC-AUC: 0.778825
2026-06-30 14:39:47,765 - INFO: Evaluating at iteration 8283
2026-06-30 14:39:47,938 - INFO: Loss: 0.402512
2026-06-30 14:39:47,938 - INFO: Training ROC-AUC: 0.839744
2026-06-30 14:39:47,938 - INFO: Validation ROC-AUC: 0.783634
2026-06-30 14:39:48,817 - INFO: Starting epoch 5
2026-06-30 14:39:48,827 - INFO: Evaluating at iteration 8377
2026-06-30 14:39:48,994 - INFO: Loss: 0.544951
2026-06-30 14:39:48,995 - INFO: Training ROC-AUC: 0.487179
2026-06-30 14:39:48,995 - INFO: Validation ROC-AUC: 0.784685
2026-06-30 14:39:53,689 - INFO: Evaluating at iteration 8877
2026-06-30 14:39:53,860 - INFO: Loss: 0.265988
2026-06-30 14:39:53,860 - INFO: Training ROC-AUC: 0.931429
2026-06-30 14:39:53,860 - INFO: Validation ROC-AUC: 0.787918
2026-06-30 14:39:58,560 - INFO: Evaluating at iteration 9377
2026-06-30 14:39:58,732 - INFO: Loss: 0.344467
2026-06-30 14:39:58,732 - INFO: Training ROC-AUC: 0.800000
2026-06-30 14:39:58,732 - INFO: Validation ROC-AUC: 0.791200
2026-06-30 14:40:03,440 - INFO: Evaluating at iteration 9877
2026-06-30 14:40:03,613 - INFO: Loss: 0.459186
2026-06-30 14:40:03,613 - INFO: Training ROC-AUC: 0.739583
2026-06-30 14:40:03,613 - INFO: Validation ROC-AUC: 0.795769
2026-06-30 14:40:08,277 - INFO: Evaluating at iteration 10377
2026-06-30 14:40:08,452 - INFO: Loss: 0.413041
2026-06-30 14:40:08,452 - INFO: Training ROC-AUC: 0.730769
2026-06-30 14:40:08,452 - INFO: Validation ROC-AUC: 0.798430
2026-06-30 14:40:09,354 - INFO: Starting epoch 6
2026-06-30 14:40:09,376 - INFO: Evaluating at iteration 10471
2026-06-30 14:40:09,542 - INFO: Loss: 0.484556
2026-06-30 14:40:09,542 - INFO: Training ROC-AUC: 0.602564
2026-06-30 14:40:09,542 - INFO: Validation ROC-AUC: 0.799289
2026-06-30 14:40:14,200 - INFO: Evaluating at iteration 10971
2026-06-30 14:40:14,370 - INFO: Loss: 0.294107
2026-06-30 14:40:14,370 - INFO: Training ROC-AUC: 0.466667
2026-06-30 14:40:14,370 - INFO: Validation ROC-AUC: 0.800818
2026-06-30 14:40:19,029 - INFO: Evaluating at iteration 11471
2026-06-30 14:40:19,202 - INFO: Loss: 0.354140
2026-06-30 14:40:19,202 - INFO: Training ROC-AUC: 0.826923
2026-06-30 14:40:19,202 - INFO: Validation ROC-AUC: 0.803610
2026-06-30 14:40:23,880 - INFO: Evaluating at iteration 11971
2026-06-30 14:40:24,050 - INFO: Loss: 0.431783
2026-06-30 14:40:24,050 - INFO: Training ROC-AUC: 0.615385
2026-06-30 14:40:24,050 - INFO: Validation ROC-AUC: 0.806400
2026-06-30 14:40:28,732 - INFO: Evaluating at iteration 12471
2026-06-30 14:40:28,918 - INFO: Loss: 0.327674
2026-06-30 14:40:28,918 - INFO: Training ROC-AUC: 0.822222
2026-06-30 14:40:28,918 - INFO: Validation ROC-AUC: 0.807336
2026-06-30 14:40:29,813 - INFO: Starting epoch 7
2026-06-30 14:40:29,824 - INFO: Evaluating at iteration 12565
2026-06-30 14:40:30,002 - INFO: Loss: 0.214528
2026-06-30 14:40:30,002 - INFO: Training ROC-AUC: 0.850575
2026-06-30 14:40:30,002 - INFO: Validation ROC-AUC: 0.807772
2026-06-30 14:40:34,715 - INFO: Evaluating at iteration 13065
2026-06-30 14:40:34,886 - INFO: Loss: 0.269755
2026-06-30 14:40:34,886 - INFO: Training ROC-AUC: 0.873563
2026-06-30 14:40:34,887 - INFO: Validation ROC-AUC: 0.808924
2026-06-30 14:40:39,586 - INFO: Evaluating at iteration 13565
2026-06-30 14:40:39,759 - INFO: Loss: 0.261864
2026-06-30 14:40:39,759 - INFO: Training ROC-AUC: 0.891026
2026-06-30 14:40:39,759 - INFO: Validation ROC-AUC: 0.810903
2026-06-30 14:40:44,509 - INFO: Evaluating at iteration 14065
2026-06-30 14:40:44,683 - INFO: Loss: 0.220676
2026-06-30 14:40:44,683 - INFO: Training ROC-AUC: 0.928571
2026-06-30 14:40:44,683 - INFO: Validation ROC-AUC: 0.813207
2026-06-30 14:40:49,382 - INFO: Evaluating at iteration 14565
2026-06-30 14:40:49,558 - INFO: Loss: 0.493764
2026-06-30 14:40:49,558 - INFO: Training ROC-AUC: 0.739583
2026-06-30 14:40:49,558 - INFO: Validation ROC-AUC: 0.813805
2026-06-30 14:40:50,467 - INFO: Starting epoch 8
2026-06-30 14:40:50,477 - INFO: Evaluating at iteration 14659
2026-06-30 14:40:50,644 - INFO: Loss: 0.337960
2026-06-30 14:40:50,644 - INFO: Training ROC-AUC: 0.777778
2026-06-30 14:40:50,644 - INFO: Validation ROC-AUC: 0.814495
2026-06-30 14:40:55,372 - INFO: Evaluating at iteration 15159
2026-06-30 14:40:55,545 - INFO: Loss: 0.442217
2026-06-30 14:40:55,545 - INFO: Training ROC-AUC: 0.673077
2026-06-30 14:40:55,545 - INFO: Validation ROC-AUC: 0.815637
2026-06-30 14:41:00,195 - INFO: Evaluating at iteration 15659
2026-06-30 14:41:00,366 - INFO: Loss: 0.167867
2026-06-30 14:41:00,366 - INFO: Training ROC-AUC: 0.973214
2026-06-30 14:41:00,366 - INFO: Validation ROC-AUC: 0.816157
2026-06-30 14:41:05,103 - INFO: Evaluating at iteration 16159
2026-06-30 14:41:05,275 - INFO: Loss: 0.400880
2026-06-30 14:41:05,275 - INFO: Training ROC-AUC: 0.840000
2026-06-30 14:41:05,275 - INFO: Validation ROC-AUC: 0.818095
2026-06-30 14:41:09,978 - INFO: Evaluating at iteration 16659
2026-06-30 14:41:10,150 - INFO: Loss: 0.297106
2026-06-30 14:41:10,150 - INFO: Training ROC-AUC: 0.937198
2026-06-30 14:41:10,150 - INFO: Validation ROC-AUC: 0.819013
2026-06-30 14:41:11,041 - INFO: Starting epoch 9
2026-06-30 14:41:11,051 - INFO: Evaluating at iteration 16753
2026-06-30 14:41:11,225 - INFO: Loss: 0.251754
2026-06-30 14:41:11,225 - INFO: Training ROC-AUC: 0.948571
2026-06-30 14:41:11,225 - INFO: Validation ROC-AUC: 0.819331
2026-06-30 14:41:15,942 - INFO: Evaluating at iteration 17253
2026-06-30 14:41:16,116 - INFO: Loss: 0.396880
2026-06-30 14:41:16,116 - INFO: Training ROC-AUC: 0.769231
2026-06-30 14:41:16,116 - INFO: Validation ROC-AUC: 0.820182
2026-06-30 14:41:20,816 - INFO: Evaluating at iteration 17753
2026-06-30 14:41:20,987 - INFO: Loss: 0.477808
2026-06-30 14:41:20,987 - INFO: Training ROC-AUC: 0.666667
2026-06-30 14:41:20,987 - INFO: Validation ROC-AUC: 0.820825
2026-06-30 14:41:25,726 - INFO: Evaluating at iteration 18253
2026-06-30 14:41:25,901 - INFO: Loss: 0.370474
2026-06-30 14:41:25,901 - INFO: Training ROC-AUC: 0.794872
2026-06-30 14:41:25,901 - INFO: Validation ROC-AUC: 0.822083
2026-06-30 14:41:30,603 - INFO: Evaluating at iteration 18753
2026-06-30 14:41:30,773 - INFO: Loss: 0.218754
2026-06-30 14:41:30,773 - INFO: Training ROC-AUC: 0.955357
2026-06-30 14:41:30,773 - INFO: Validation ROC-AUC: 0.822006
2026-06-30 14:41:31,655 - INFO: Starting epoch 10
2026-06-30 14:41:31,665 - INFO: Evaluating at iteration 18847
2026-06-30 14:41:31,832 - INFO: Loss: 0.372527
2026-06-30 14:41:31,832 - INFO: Training ROC-AUC: 0.801282
2026-06-30 14:41:31,832 - INFO: Validation ROC-AUC: 0.822992
2026-06-30 14:41:36,557 - INFO: Evaluating at iteration 19347
2026-06-30 14:41:36,729 - INFO: Loss: 0.208126
2026-06-30 14:41:36,729 - INFO: Training ROC-AUC: 0.833333
2026-06-30 14:41:36,729 - INFO: Validation ROC-AUC: 0.823274
2026-06-30 14:41:41,428 - INFO: Evaluating at iteration 19847
2026-06-30 14:41:41,601 - INFO: Loss: 0.450099
2026-06-30 14:41:41,601 - INFO: Training ROC-AUC: 0.781250
2026-06-30 14:41:41,601 - INFO: Validation ROC-AUC: 0.823894
2026-06-30 14:41:46,327 - INFO: Evaluating at iteration 20347
2026-06-30 14:41:46,499 - INFO: Loss: 0.324588
2026-06-30 14:41:46,499 - INFO: Training ROC-AUC: 0.829630
2026-06-30 14:41:46,499 - INFO: Validation ROC-AUC: 0.825004
2026-06-30 14:41:51,211 - INFO: Evaluating at iteration 20847
2026-06-30 14:41:51,382 - INFO: Loss: 0.243032
2026-06-30 14:41:51,382 - INFO: Training ROC-AUC: 0.850575
2026-06-30 14:41:51,382 - INFO: Validation ROC-AUC: 0.826166
2026-06-30 14:41:52,281 - INFO: Starting epoch 11
2026-06-30 14:41:52,291 - INFO: Evaluating at iteration 20941
2026-06-30 14:41:52,460 - INFO: Loss: 0.263874
2026-06-30 14:41:52,461 - INFO: Training ROC-AUC: 0.781609
2026-06-30 14:41:52,461 - INFO: Validation ROC-AUC: 0.826652
2026-06-30 14:41:57,192 - INFO: Evaluating at iteration 21441
2026-06-30 14:41:57,363 - INFO: Loss: 0.281254
2026-06-30 14:41:57,364 - INFO: Training ROC-AUC: 0.916667
2026-06-30 14:41:57,364 - INFO: Validation ROC-AUC: 0.827128
2026-06-30 14:42:02,086 - INFO: Evaluating at iteration 21941
2026-06-30 14:42:02,261 - INFO: Loss: 0.237856
2026-06-30 14:42:02,261 - INFO: Training ROC-AUC: 0.857143
2026-06-30 14:42:02,261 - INFO: Validation ROC-AUC: 0.826676
2026-06-30 14:42:06,989 - INFO: Evaluating at iteration 22441
2026-06-30 14:42:07,174 - INFO: Loss: 0.188298
2026-06-30 14:42:07,174 - INFO: Training ROC-AUC: 0.916667
2026-06-30 14:42:07,175 - INFO: Validation ROC-AUC: 0.828248
2026-06-30 14:42:11,888 - INFO: Evaluating at iteration 22941
2026-06-30 14:42:12,060 - INFO: Loss: 0.369504
2026-06-30 14:42:12,060 - INFO: Training ROC-AUC: 0.916667
2026-06-30 14:42:12,060 - INFO: Validation ROC-AUC: 0.829856
2026-06-30 14:42:12,960 - INFO: Starting epoch 12
2026-06-30 14:42:12,969 - INFO: Evaluating at iteration 23035
2026-06-30 14:42:13,136 - INFO: Loss: 0.112019
2026-06-30 14:42:13,136 - INFO: Training ROC-AUC: 1.000000
2026-06-30 14:42:13,136 - INFO: Validation ROC-AUC: 0.830680
2026-06-30 14:42:17,855 - INFO: Evaluating at iteration 23535
2026-06-30 14:42:18,028 - INFO: Loss: 0.438453
2026-06-30 14:42:18,028 - INFO: Training ROC-AUC: 0.811429
2026-06-30 14:42:18,028 - INFO: Validation ROC-AUC: 0.830600
2026-06-30 14:42:22,752 - INFO: Evaluating at iteration 24035
2026-06-30 14:42:22,926 - INFO: Loss: 0.158952
2026-06-30 14:42:22,926 - INFO: Training ROC-AUC: 1.000000
2026-06-30 14:42:22,926 - INFO: Validation ROC-AUC: 0.831046
2026-06-30 14:42:27,635 - INFO: Evaluating at iteration 24535
2026-06-30 14:42:27,811 - INFO: Loss: 0.260749
2026-06-30 14:42:27,811 - INFO: Training ROC-AUC: 0.918519
2026-06-30 14:42:27,811 - INFO: Validation ROC-AUC: 0.831522
2026-06-30 14:42:32,540 - INFO: Evaluating at iteration 25035
2026-06-30 14:42:32,713 - INFO: Loss: 0.333416
2026-06-30 14:42:32,714 - INFO: Training ROC-AUC: 0.885714
2026-06-30 14:42:32,714 - INFO: Validation ROC-AUC: 0.832612
2026-06-30 14:42:33,598 - INFO: Starting epoch 13
2026-06-30 14:42:33,608 - INFO: Evaluating at iteration 25129
2026-06-30 14:42:33,776 - INFO: Loss: 0.252376
2026-06-30 14:42:33,776 - INFO: Training ROC-AUC: 0.974359
2026-06-30 14:42:33,776 - INFO: Validation ROC-AUC: 0.832959
2026-06-30 14:42:38,487 - INFO: Evaluating at iteration 25629
2026-06-30 14:42:38,658 - INFO: Loss: 0.516177
2026-06-30 14:42:38,658 - INFO: Training ROC-AUC: 0.844156
2026-06-30 14:42:38,658 - INFO: Validation ROC-AUC: 0.833517
2026-06-30 14:42:43,380 - INFO: Evaluating at iteration 26129
2026-06-30 14:42:43,554 - INFO: Loss: 0.432834
2026-06-30 14:42:43,555 - INFO: Training ROC-AUC: 0.826087
2026-06-30 14:42:43,555 - INFO: Validation ROC-AUC: 0.833511
2026-06-30 14:42:48,265 - INFO: Evaluating at iteration 26629
2026-06-30 14:42:48,433 - INFO: Loss: 0.267938
2026-06-30 14:42:48,433 - INFO: Training ROC-AUC: 0.816092
2026-06-30 14:42:48,433 - INFO: Validation ROC-AUC: 0.833990
2026-06-30 14:42:53,128 - INFO: Evaluating at iteration 27129
2026-06-30 14:42:53,316 - INFO: Loss: 0.435669
2026-06-30 14:42:53,316 - INFO: Training ROC-AUC: 0.956522
2026-06-30 14:42:53,316 - INFO: Validation ROC-AUC: 0.835490
2026-06-30 14:42:54,208 - INFO: Starting epoch 14
2026-06-30 14:42:54,218 - INFO: Evaluating at iteration 27223
2026-06-30 14:42:54,383 - INFO: Loss: 0.363043
2026-06-30 14:42:54,383 - INFO: Training ROC-AUC: 0.794872
2026-06-30 14:42:54,383 - INFO: Validation ROC-AUC: 0.834720
2026-06-30 14:42:59,092 - INFO: Evaluating at iteration 27723
2026-06-30 14:42:59,266 - INFO: Loss: 0.292505
2026-06-30 14:42:59,266 - INFO: Training ROC-AUC: 0.839744
2026-06-30 14:42:59,266 - INFO: Validation ROC-AUC: 0.836572
2026-06-30 14:43:03,970 - INFO: Evaluating at iteration 28223
2026-06-30 14:43:04,144 - INFO: Loss: 0.325828
2026-06-30 14:43:04,144 - INFO: Training ROC-AUC: 0.908571
2026-06-30 14:43:04,144 - INFO: Validation ROC-AUC: 0.837458
2026-06-30 14:43:08,889 - INFO: Evaluating at iteration 28723
2026-06-30 14:43:09,062 - INFO: Loss: 0.270265
2026-06-30 14:43:09,062 - INFO: Training ROC-AUC: 0.896296
2026-06-30 14:43:09,062 - INFO: Validation ROC-AUC: 0.836535
2026-06-30 14:43:13,731 - INFO: Evaluating at iteration 29223
2026-06-30 14:43:13,903 - INFO: Loss: 0.319817
2026-06-30 14:43:13,903 - INFO: Training ROC-AUC: 0.814815
2026-06-30 14:43:13,903 - INFO: Validation ROC-AUC: 0.838678
2026-06-30 14:43:14,807 - INFO: Starting epoch 15
2026-06-30 14:43:14,817 - INFO: Evaluating at iteration 29317
2026-06-30 14:43:14,981 - INFO: Loss: 0.295890
2026-06-30 14:43:14,981 - INFO: Training ROC-AUC: 0.807407
2026-06-30 14:43:14,981 - INFO: Validation ROC-AUC: 0.838211
2026-06-30 14:43:19,706 - INFO: Evaluating at iteration 29817
2026-06-30 14:43:19,880 - INFO: Loss: 0.256199
2026-06-30 14:43:19,880 - INFO: Training ROC-AUC: 0.827586
2026-06-30 14:43:19,880 - INFO: Validation ROC-AUC: 0.838273
2026-06-30 14:43:24,558 - INFO: Evaluating at iteration 30317
2026-06-30 14:43:24,729 - INFO: Loss: 0.175209
2026-06-30 14:43:24,729 - INFO: Training ROC-AUC: 0.973214
2026-06-30 14:43:24,729 - INFO: Validation ROC-AUC: 0.840033
2026-06-30 14:43:29,450 - INFO: Evaluating at iteration 30817
2026-06-30 14:43:29,630 - INFO: Loss: 0.328059
2026-06-30 14:43:29,630 - INFO: Training ROC-AUC: 0.660714
2026-06-30 14:43:29,630 - INFO: Validation ROC-AUC: 0.839213
2026-06-30 14:43:34,309 - INFO: Evaluating at iteration 31317
2026-06-30 14:43:34,481 - INFO: Loss: 0.412135
2026-06-30 14:43:34,481 - INFO: Training ROC-AUC: 0.660714
2026-06-30 14:43:34,481 - INFO: Validation ROC-AUC: 0.840462
2026-06-30 14:43:35,382 - INFO: Starting epoch 16
2026-06-30 14:43:35,392 - INFO: Evaluating at iteration 31411
2026-06-30 14:43:35,564 - INFO: Loss: 0.271998
2026-06-30 14:43:35,564 - INFO: Training ROC-AUC: 0.816667
2026-06-30 14:43:35,564 - INFO: Validation ROC-AUC: 0.840342
2026-06-30 14:43:40,305 - INFO: Evaluating at iteration 31911
2026-06-30 14:43:40,477 - INFO: Loss: 0.398996
2026-06-30 14:43:40,477 - INFO: Training ROC-AUC: 0.817143
2026-06-30 14:43:40,477 - INFO: Validation ROC-AUC: 0.841453
2026-06-30 14:43:45,179 - INFO: Evaluating at iteration 32411
2026-06-30 14:43:45,359 - INFO: Loss: 0.239875
2026-06-30 14:43:45,359 - INFO: Training ROC-AUC: 0.896552
2026-06-30 14:43:45,359 - INFO: Validation ROC-AUC: 0.841500
2026-06-30 14:43:50,105 - INFO: Evaluating at iteration 32911
2026-06-30 14:43:50,276 - INFO: Loss: 0.305911
2026-06-30 14:43:50,276 - INFO: Training ROC-AUC: 0.897436
2026-06-30 14:43:50,276 - INFO: Validation ROC-AUC: 0.841797
2026-06-30 14:43:54,965 - INFO: Evaluating at iteration 33411
2026-06-30 14:43:55,138 - INFO: Loss: 0.340391
2026-06-30 14:43:55,138 - INFO: Training ROC-AUC: 0.846154
2026-06-30 14:43:55,138 - INFO: Validation ROC-AUC: 0.842292
2026-06-30 14:43:56,025 - INFO: Starting epoch 17
2026-06-30 14:43:56,037 - INFO: Evaluating at iteration 33505
2026-06-30 14:43:56,204 - INFO: Loss: 0.214678
2026-06-30 14:43:56,204 - INFO: Training ROC-AUC: 0.980769
2026-06-30 14:43:56,204 - INFO: Validation ROC-AUC: 0.843135
2026-06-30 14:44:00,904 - INFO: Evaluating at iteration 34005
2026-06-30 14:44:01,075 - INFO: Loss: 0.257618
2026-06-30 14:44:01,075 - INFO: Training ROC-AUC: 0.888889
2026-06-30 14:44:01,075 - INFO: Validation ROC-AUC: 0.843094
2026-06-30 14:44:05,768 - INFO: Evaluating at iteration 34505
2026-06-30 14:44:05,949 - INFO: Loss: 0.448550
2026-06-30 14:44:06,390 - INFO: Training ROC-AUC: 0.868182
2026-06-30 14:44:06,390 - INFO: Validation ROC-AUC: 0.840216
2026-06-30 14:44:11,068 - INFO: Evaluating at iteration 35005
2026-06-30 14:44:11,246 - INFO: Loss: 0.270557
2026-06-30 14:44:11,246 - INFO: Training ROC-AUC: 0.897436
2026-06-30 14:44:11,246 - INFO: Validation ROC-AUC: 0.843093
2026-06-30 14:44:15,952 - INFO: Evaluating at iteration 35505
2026-06-30 14:44:16,122 - INFO: Loss: 0.186089
2026-06-30 14:44:16,122 - INFO: Training ROC-AUC: 0.954023
2026-06-30 14:44:16,122 - INFO: Validation ROC-AUC: 0.844750
2026-06-30 14:44:17,027 - INFO: Starting epoch 18
2026-06-30 14:44:17,037 - INFO: Evaluating at iteration 35599
2026-06-30 14:44:17,200 - INFO: Loss: 0.365801
2026-06-30 14:44:17,200 - INFO: Training ROC-AUC: 0.822857
2026-06-30 14:44:17,200 - INFO: Validation ROC-AUC: 0.844288
2026-06-30 14:44:21,931 - INFO: Evaluating at iteration 36099
2026-06-30 14:44:22,101 - INFO: Loss: 0.305086
2026-06-30 14:44:22,101 - INFO: Training ROC-AUC: 0.846154
2026-06-30 14:44:22,101 - INFO: Validation ROC-AUC: 0.844840
2026-06-30 14:44:26,838 - INFO: Evaluating at iteration 36599
2026-06-30 14:44:27,009 - INFO: Loss: 0.265885
2026-06-30 14:44:27,010 - INFO: Training ROC-AUC: 0.901786
2026-06-30 14:44:27,010 - INFO: Validation ROC-AUC: 0.845362
2026-06-30 14:44:31,725 - INFO: Evaluating at iteration 37099
2026-06-30 14:44:31,896 - INFO: Loss: 0.521299
2026-06-30 14:44:31,896 - INFO: Training ROC-AUC: 0.754286
2026-06-30 14:44:31,896 - INFO: Validation ROC-AUC: 0.846371
2026-06-30 14:44:36,562 - INFO: Evaluating at iteration 37599
2026-06-30 14:44:36,744 - INFO: Loss: 0.237423
2026-06-30 14:44:36,744 - INFO: Training ROC-AUC: 0.866667
2026-06-30 14:44:36,744 - INFO: Validation ROC-AUC: 0.846021
2026-06-30 14:44:37,625 - INFO: Starting epoch 19
2026-06-30 14:44:37,635 - INFO: Evaluating at iteration 37693
2026-06-30 14:44:37,802 - INFO: Loss: 0.180393
2026-06-30 14:44:37,802 - INFO: Training ROC-AUC: 0.833333
2026-06-30 14:44:37,802 - INFO: Validation ROC-AUC: 0.847012
2026-06-30 14:44:42,502 - INFO: Evaluating at iteration 38193
2026-06-30 14:44:42,671 - INFO: Loss: 0.320127
2026-06-30 14:44:42,671 - INFO: Training ROC-AUC: 0.932292
2026-06-30 14:44:42,671 - INFO: Validation ROC-AUC: 0.846712
2026-06-30 14:44:47,370 - INFO: Evaluating at iteration 38693
2026-06-30 14:44:47,539 - INFO: Loss: 0.574987
2026-06-30 14:44:47,539 - INFO: Training ROC-AUC: 0.628019
2026-06-30 14:44:47,539 - INFO: Validation ROC-AUC: 0.847218
2026-06-30 14:44:52,225 - INFO: Evaluating at iteration 39193
2026-06-30 14:44:52,395 - INFO: Loss: 0.290799
2026-06-30 14:44:52,395 - INFO: Training ROC-AUC: 0.897436
2026-06-30 14:44:52,395 - INFO: Validation ROC-AUC: 0.847259
2026-06-30 14:44:57,091 - INFO: Evaluating at iteration 39693
2026-06-30 14:44:57,260 - INFO: Loss: 0.260841
2026-06-30 14:44:57,260 - INFO: Training ROC-AUC: 0.874074
2026-06-30 14:44:57,260 - INFO: Validation ROC-AUC: 0.847809
2026-06-30 14:44:58,151 - INFO: Starting epoch 20
2026-06-30 14:44:58,161 - INFO: Evaluating at iteration 39787
2026-06-30 14:44:58,327 - INFO: Loss: 0.174908
2026-06-30 14:44:58,327 - INFO: Training ROC-AUC: 0.850000
2026-06-30 14:44:58,327 - INFO: Validation ROC-AUC: 0.846334
2026-06-30 14:45:03,019 - INFO: Evaluating at iteration 40287
2026-06-30 14:45:03,194 - INFO: Loss: 0.284181
2026-06-30 14:45:03,194 - INFO: Training ROC-AUC: 0.903704
2026-06-30 14:45:03,194 - INFO: Validation ROC-AUC: 0.848475
2026-06-30 14:45:07,898 - INFO: Evaluating at iteration 40787
2026-06-30 14:45:08,072 - INFO: Loss: 0.137847
2026-06-30 14:45:08,072 - INFO: Training ROC-AUC: 0.985185
2026-06-30 14:45:08,072 - INFO: Validation ROC-AUC: 0.848649
2026-06-30 14:45:12,767 - INFO: Evaluating at iteration 41287
2026-06-30 14:45:12,942 - INFO: Loss: 0.183405
2026-06-30 14:45:12,942 - INFO: Training ROC-AUC: 0.967742
2026-06-30 14:45:12,942 - INFO: Validation ROC-AUC: 0.849169
2026-06-30 14:45:17,659 - INFO: Evaluating at iteration 41787
2026-06-30 14:45:17,834 - INFO: Loss: 0.303931
2026-06-30 14:45:17,834 - INFO: Training ROC-AUC: 0.881481
2026-06-30 14:45:17,834 - INFO: Validation ROC-AUC: 0.849362
2026-06-30 14:45:18,724 - INFO: Starting epoch 21
2026-06-30 14:45:18,734 - INFO: Evaluating at iteration 41881
2026-06-30 14:45:18,901 - INFO: Loss: 0.152051
2026-06-30 14:45:18,902 - INFO: Training ROC-AUC: 0.966667
2026-06-30 14:45:18,902 - INFO: Validation ROC-AUC: 0.848902
2026-06-30 14:45:23,642 - INFO: Evaluating at iteration 42381
2026-06-30 14:45:23,819 - INFO: Loss: 0.187598
2026-06-30 14:45:23,819 - INFO: Training ROC-AUC: 0.973958
2026-06-30 14:45:23,819 - INFO: Validation ROC-AUC: 0.850158
2026-06-30 14:45:28,513 - INFO: Evaluating at iteration 42881
2026-06-30 14:45:28,683 - INFO: Loss: 0.377139
2026-06-30 14:45:28,683 - INFO: Training ROC-AUC: 0.880000
2026-06-30 14:45:28,683 - INFO: Validation ROC-AUC: 0.850578
2026-06-30 14:45:33,421 - INFO: Evaluating at iteration 43381
2026-06-30 14:45:33,593 - INFO: Loss: 0.286086
2026-06-30 14:45:33,593 - INFO: Training ROC-AUC: 0.865385
2026-06-30 14:45:33,593 - INFO: Validation ROC-AUC: 0.849527
2026-06-30 14:45:38,318 - INFO: Evaluating at iteration 43881
2026-06-30 14:45:38,511 - INFO: Loss: 0.250935
2026-06-30 14:45:38,511 - INFO: Training ROC-AUC: 0.896296
2026-06-30 14:45:38,511 - INFO: Validation ROC-AUC: 0.850282
2026-06-30 14:45:39,405 - INFO: Starting epoch 22
2026-06-30 14:45:39,415 - INFO: Evaluating at iteration 43975
2026-06-30 14:45:39,599 - INFO: Loss: 0.516139
2026-06-30 14:45:39,599 - INFO: Training ROC-AUC: 0.804545
2026-06-30 14:45:39,599 - INFO: Validation ROC-AUC: 0.850750
2026-06-30 14:45:44,332 - INFO: Evaluating at iteration 44475
2026-06-30 14:45:44,501 - INFO: Loss: 0.464907
2026-06-30 14:45:44,501 - INFO: Training ROC-AUC: 0.748571
2026-06-30 14:45:44,501 - INFO: Validation ROC-AUC: 0.850676
2026-06-30 14:45:49,234 - INFO: Evaluating at iteration 44975
2026-06-30 14:45:49,408 - INFO: Loss: 0.159664
2026-06-30 14:45:49,408 - INFO: Training ROC-AUC: 0.977011
2026-06-30 14:45:49,408 - INFO: Validation ROC-AUC: 0.851296
2026-06-30 14:45:54,217 - INFO: Evaluating at iteration 45475
2026-06-30 14:45:54,390 - INFO: Loss: 0.309896
2026-06-30 14:45:54,390 - INFO: Training ROC-AUC: 0.931818
2026-06-30 14:45:54,390 - INFO: Validation ROC-AUC: 0.850956
2026-06-30 14:45:59,157 - INFO: Evaluating at iteration 45975
2026-06-30 14:45:59,334 - INFO: Loss: 0.524469
2026-06-30 14:45:59,335 - INFO: Training ROC-AUC: 0.525641
2026-06-30 14:45:59,335 - INFO: Validation ROC-AUC: 0.850316
2026-06-30 14:46:00,235 - INFO: Starting epoch 23
2026-06-30 14:46:00,246 - INFO: Evaluating at iteration 46069
2026-06-30 14:46:00,408 - INFO: Loss: 0.085201
2026-06-30 14:46:00,408 - INFO: Training ROC-AUC: 1.000000
2026-06-30 14:46:00,408 - INFO: Validation ROC-AUC: 0.852121
2026-06-30 14:46:05,238 - INFO: Evaluating at iteration 46569
2026-06-30 14:46:05,410 - INFO: Loss: 0.423603
2026-06-30 14:46:05,410 - INFO: Training ROC-AUC: 0.781250
2026-06-30 14:46:05,410 - INFO: Validation ROC-AUC: 0.852380
2026-06-30 14:46:10,243 - INFO: Evaluating at iteration 47069
2026-06-30 14:46:10,417 - INFO: Loss: 0.129036
2026-06-30 14:46:10,417 - INFO: Training ROC-AUC: 0.983333
2026-06-30 14:46:10,417 - INFO: Validation ROC-AUC: 0.853032
2026-06-30 14:46:15,322 - INFO: Evaluating at iteration 47569
2026-06-30 14:46:15,493 - INFO: Loss: 0.192482
2026-06-30 14:46:15,493 - INFO: Training ROC-AUC: 0.896552
2026-06-30 14:46:15,493 - INFO: Validation ROC-AUC: 0.851965
2026-06-30 14:46:20,307 - INFO: Evaluating at iteration 48069
2026-06-30 14:46:20,477 - INFO: Loss: 0.222724
2026-06-30 14:46:20,477 - INFO: Training ROC-AUC: 0.955128
2026-06-30 14:46:20,477 - INFO: Validation ROC-AUC: 0.852238
2026-06-30 14:46:21,399 - INFO: Starting epoch 24
2026-06-30 14:46:21,410 - INFO: Evaluating at iteration 48163
2026-06-30 14:46:21,584 - INFO: Loss: 0.367341
2026-06-30 14:46:21,584 - INFO: Training ROC-AUC: 0.898551
2026-06-30 14:46:21,584 - INFO: Validation ROC-AUC: 0.852853
2026-06-30 14:46:26,456 - INFO: Evaluating at iteration 48663
2026-06-30 14:46:26,630 - INFO: Loss: 0.307687
2026-06-30 14:46:26,630 - INFO: Training ROC-AUC: 0.874074
2026-06-30 14:46:26,630 - INFO: Validation ROC-AUC: 0.853773
2026-06-30 14:46:31,492 - INFO: Evaluating at iteration 49163
2026-06-30 14:46:31,666 - INFO: Loss: 0.322066
2026-06-30 14:46:31,666 - INFO: Training ROC-AUC: 0.758929
2026-06-30 14:46:31,666 - INFO: Validation ROC-AUC: 0.852070
2026-06-30 14:46:36,541 - INFO: Evaluating at iteration 49663
2026-06-30 14:46:36,716 - INFO: Loss: 0.214773
2026-06-30 14:46:36,717 - INFO: Training ROC-AUC: 0.955357
2026-06-30 14:46:36,717 - INFO: Validation ROC-AUC: 0.852892
2026-06-30 14:46:41,589 - INFO: Evaluating at iteration 50163
2026-06-30 14:46:41,770 - INFO: Loss: 0.652268
2026-06-30 14:46:41,770 - INFO: Training ROC-AUC: 0.666667
2026-06-30 14:46:41,770 - INFO: Validation ROC-AUC: 0.852944
2026-06-30 14:46:42,693 - INFO: Starting epoch 25
2026-06-30 14:46:42,704 - INFO: Evaluating at iteration 50257
2026-06-30 14:46:42,875 - INFO: Loss: 0.222893
2026-06-30 14:46:42,875 - INFO: Training ROC-AUC: 0.951691
2026-06-30 14:46:42,875 - INFO: Validation ROC-AUC: 0.854349
2026-06-30 14:46:47,750 - INFO: Evaluating at iteration 50757
2026-06-30 14:46:47,926 - INFO: Loss: 0.267224
2026-06-30 14:46:47,926 - INFO: Training ROC-AUC: 0.874074
2026-06-30 14:46:47,926 - INFO: Validation ROC-AUC: 0.853786
2026-06-30 14:46:52,783 - INFO: Evaluating at iteration 51257
2026-06-30 14:46:52,961 - INFO: Loss: 0.402514
2026-06-30 14:46:52,961 - INFO: Training ROC-AUC: 0.843750
2026-06-30 14:46:52,961 - INFO: Validation ROC-AUC: 0.854023
2026-06-30 14:46:57,880 - INFO: Evaluating at iteration 51757
2026-06-30 14:46:58,061 - INFO: Loss: 0.229376
2026-06-30 14:46:58,061 - INFO: Training ROC-AUC: 0.848214
2026-06-30 14:46:58,061 - INFO: Validation ROC-AUC: 0.854343
2026-06-30 14:47:02,924 - INFO: Evaluating at iteration 52257
2026-06-30 14:47:03,096 - INFO: Loss: 0.249024
2026-06-30 14:47:03,096 - INFO: Training ROC-AUC: 0.839286
2026-06-30 14:47:03,096 - INFO: Validation ROC-AUC: 0.854801
2026-06-30 14:47:04,011 - INFO: Saving model to models/TCRStructMap_random_split_cdrs_peptide/model_1.pt
2026-06-30 14:47:04,024 - INFO: Starting fold 2
2026-06-30 14:47:04,094 - INFO: Initialising model
2026-06-30 14:47:04,100 - INFO: Starting training
2026-06-30 14:47:04,100 - INFO: Starting epoch 1
2026-06-30 14:47:04,111 - INFO: Evaluating at iteration 1
2026-06-30 14:47:04,274 - INFO: Loss: 0.706610
2026-06-30 14:47:04,274 - INFO: Training ROC-AUC: 0.283333
2026-06-30 14:47:04,274 - INFO: Validation ROC-AUC: 0.491733
2026-06-30 14:47:08,734 - INFO: Evaluating at iteration 501
2026-06-30 14:47:08,909 - INFO: Loss: 0.539523
2026-06-30 14:47:08,909 - INFO: Training ROC-AUC: 0.451429
2026-06-30 14:47:08,910 - INFO: Validation ROC-AUC: 0.492396
2026-06-30 14:47:13,541 - INFO: Evaluating at iteration 1001
2026-06-30 14:47:13,711 - INFO: Loss: 0.530830
2026-06-30 14:47:13,711 - INFO: Training ROC-AUC: 0.508571
2026-06-30 14:47:13,711 - INFO: Validation ROC-AUC: 0.497026
2026-06-30 14:47:18,351 - INFO: Evaluating at iteration 1501
2026-06-30 14:47:18,524 - INFO: Loss: 0.442404
2026-06-30 14:47:18,524 - INFO: Training ROC-AUC: 0.274074
2026-06-30 14:47:18,524 - INFO: Validation ROC-AUC: 0.501291
2026-06-30 14:47:23,180 - INFO: Evaluating at iteration 2001
2026-06-30 14:47:23,348 - INFO: Loss: 0.480089
2026-06-30 14:47:23,348 - INFO: Training ROC-AUC: 0.602564
2026-06-30 14:47:23,348 - INFO: Validation ROC-AUC: 0.528592
2026-06-30 14:47:24,224 - INFO: Starting epoch 2
2026-06-30 14:47:24,233 - INFO: Evaluating at iteration 2095
2026-06-30 14:47:24,397 - INFO: Loss: 0.433648
2026-06-30 14:47:24,397 - INFO: Training ROC-AUC: 0.548148
2026-06-30 14:47:24,397 - INFO: Validation ROC-AUC: 0.533891
2026-06-30 14:47:29,042 - INFO: Evaluating at iteration 2595
2026-06-30 14:47:29,215 - INFO: Loss: 0.322878
2026-06-30 14:47:29,215 - INFO: Training ROC-AUC: 0.747126
2026-06-30 14:47:29,215 - INFO: Validation ROC-AUC: 0.568187
2026-06-30 14:47:33,867 - INFO: Evaluating at iteration 3095
2026-06-30 14:47:34,037 - INFO: Loss: 0.463667
2026-06-30 14:47:34,037 - INFO: Training ROC-AUC: 0.685897
2026-06-30 14:47:34,037 - INFO: Validation ROC-AUC: 0.636342
2026-06-30 14:47:38,699 - INFO: Evaluating at iteration 3595
2026-06-30 14:47:38,871 - INFO: Loss: 0.290006
2026-06-30 14:47:38,871 - INFO: Training ROC-AUC: 0.804598
2026-06-30 14:47:38,871 - INFO: Validation ROC-AUC: 0.687270
2026-06-30 14:47:43,480 - INFO: Evaluating at iteration 4095
2026-06-30 14:47:43,651 - INFO: Loss: 0.476142
2026-06-30 14:47:43,651 - INFO: Training ROC-AUC: 0.737143
2026-06-30 14:47:43,651 - INFO: Validation ROC-AUC: 0.714360
2026-06-30 14:47:44,520 - INFO: Starting epoch 3
2026-06-30 14:47:44,530 - INFO: Evaluating at iteration 4189
2026-06-30 14:47:44,693 - INFO: Loss: 0.597282
2026-06-30 14:47:44,693 - INFO: Training ROC-AUC: 0.714286
2026-06-30 14:47:44,693 - INFO: Validation ROC-AUC: 0.716652
2026-06-30 14:47:49,317 - INFO: Evaluating at iteration 4689
2026-06-30 14:47:49,488 - INFO: Loss: 0.375925
2026-06-30 14:47:49,488 - INFO: Training ROC-AUC: 0.846154
2026-06-30 14:47:49,488 - INFO: Validation ROC-AUC: 0.728814
2026-06-30 14:47:54,132 - INFO: Evaluating at iteration 5189
2026-06-30 14:47:54,302 - INFO: Loss: 0.366211
2026-06-30 14:47:54,302 - INFO: Training ROC-AUC: 0.833333
2026-06-30 14:47:54,302 - INFO: Validation ROC-AUC: 0.736871
2026-06-30 14:47:58,929 - INFO: Evaluating at iteration 5689
2026-06-30 14:47:59,098 - INFO: Loss: 0.227603
2026-06-30 14:47:59,098 - INFO: Training ROC-AUC: 0.666667
2026-06-30 14:47:59,098 - INFO: Validation ROC-AUC: 0.744021
2026-06-30 14:48:03,739 - INFO: Evaluating at iteration 6189
2026-06-30 14:48:03,908 - INFO: Loss: 0.417342
2026-06-30 14:48:03,908 - INFO: Training ROC-AUC: 0.742857
2026-06-30 14:48:03,908 - INFO: Validation ROC-AUC: 0.749609
2026-06-30 14:48:04,794 - INFO: Starting epoch 4
2026-06-30 14:48:04,804 - INFO: Evaluating at iteration 6283
2026-06-30 14:48:04,967 - INFO: Loss: 0.516147
2026-06-30 14:48:04,967 - INFO: Training ROC-AUC: 0.608974
2026-06-30 14:48:04,967 - INFO: Validation ROC-AUC: 0.750784
2026-06-30 14:48:09,641 - INFO: Evaluating at iteration 6783
2026-06-30 14:48:09,810 - INFO: Loss: 0.366333
2026-06-30 14:48:09,810 - INFO: Training ROC-AUC: 0.851852
2026-06-30 14:48:09,810 - INFO: Validation ROC-AUC: 0.754815
2026-06-30 14:48:14,432 - INFO: Evaluating at iteration 7283
2026-06-30 14:48:14,604 - INFO: Loss: 0.494448
2026-06-30 14:48:14,604 - INFO: Training ROC-AUC: 0.562963
2026-06-30 14:48:14,604 - INFO: Validation ROC-AUC: 0.760518
2026-06-30 14:48:19,245 - INFO: Evaluating at iteration 7783
2026-06-30 14:48:19,414 - INFO: Loss: 0.235610
2026-06-30 14:48:19,414 - INFO: Training ROC-AUC: 0.793103
2026-06-30 14:48:19,414 - INFO: Validation ROC-AUC: 0.763779
2026-06-30 14:48:24,003 - INFO: Evaluating at iteration 8283
2026-06-30 14:48:24,175 - INFO: Loss: 0.450130
2026-06-30 14:48:24,175 - INFO: Training ROC-AUC: 0.500000
2026-06-30 14:48:24,175 - INFO: Validation ROC-AUC: 0.770018
2026-06-30 14:48:25,057 - INFO: Starting epoch 5
2026-06-30 14:48:25,067 - INFO: Evaluating at iteration 8377
2026-06-30 14:48:25,240 - INFO: Loss: 0.398559
2026-06-30 14:48:25,240 - INFO: Training ROC-AUC: 0.696296
2026-06-30 14:48:25,240 - INFO: Validation ROC-AUC: 0.769534
2026-06-30 14:48:29,869 - INFO: Evaluating at iteration 8877
2026-06-30 14:48:30,038 - INFO: Loss: 0.305493
2026-06-30 14:48:30,038 - INFO: Training ROC-AUC: 0.885714
2026-06-30 14:48:30,038 - INFO: Validation ROC-AUC: 0.772954
2026-06-30 14:48:34,638 - INFO: Evaluating at iteration 9377
2026-06-30 14:48:34,807 - INFO: Loss: 0.373776
2026-06-30 14:48:34,807 - INFO: Training ROC-AUC: 0.828571
2026-06-30 14:48:34,807 - INFO: Validation ROC-AUC: 0.776370
2026-06-30 14:48:39,453 - INFO: Evaluating at iteration 9877
2026-06-30 14:48:39,622 - INFO: Loss: 0.335328
2026-06-30 14:48:39,622 - INFO: Training ROC-AUC: 0.829630
2026-06-30 14:48:39,623 - INFO: Validation ROC-AUC: 0.780677
2026-06-30 14:48:44,211 - INFO: Evaluating at iteration 10377
2026-06-30 14:48:44,382 - INFO: Loss: 0.500071
2026-06-30 14:48:44,382 - INFO: Training ROC-AUC: 0.744792
2026-06-30 14:48:44,382 - INFO: Validation ROC-AUC: 0.782863
2026-06-30 14:48:45,260 - INFO: Starting epoch 6
2026-06-30 14:48:45,270 - INFO: Evaluating at iteration 10471
2026-06-30 14:48:45,435 - INFO: Loss: 0.300197
2026-06-30 14:48:45,435 - INFO: Training ROC-AUC: 0.822222
2026-06-30 14:48:45,436 - INFO: Validation ROC-AUC: 0.784250
2026-06-30 14:48:50,098 - INFO: Evaluating at iteration 10971
2026-06-30 14:48:50,268 - INFO: Loss: 0.239858
2026-06-30 14:48:50,268 - INFO: Training ROC-AUC: 0.776786
2026-06-30 14:48:50,268 - INFO: Validation ROC-AUC: 0.785089
2026-06-30 14:48:54,852 - INFO: Evaluating at iteration 11471
2026-06-30 14:48:55,022 - INFO: Loss: 0.329034
2026-06-30 14:48:55,022 - INFO: Training ROC-AUC: 0.895833
2026-06-30 14:48:55,022 - INFO: Validation ROC-AUC: 0.789478
2026-06-30 14:48:59,639 - INFO: Evaluating at iteration 11971
2026-06-30 14:48:59,812 - INFO: Loss: 0.281989
2026-06-30 14:48:59,812 - INFO: Training ROC-AUC: 0.822222
2026-06-30 14:48:59,812 - INFO: Validation ROC-AUC: 0.792695
2026-06-30 14:49:04,436 - INFO: Evaluating at iteration 12471
2026-06-30 14:49:04,620 - INFO: Loss: 0.517830
2026-06-30 14:49:04,620 - INFO: Training ROC-AUC: 0.886364
2026-06-30 14:49:04,620 - INFO: Validation ROC-AUC: 0.795721
2026-06-30 14:49:05,499 - INFO: Starting epoch 7
2026-06-30 14:49:05,509 - INFO: Evaluating at iteration 12565
2026-06-30 14:49:05,674 - INFO: Loss: 0.246108
2026-06-30 14:49:05,674 - INFO: Training ROC-AUC: 0.862069
2026-06-30 14:49:05,674 - INFO: Validation ROC-AUC: 0.796059
2026-06-30 14:49:10,307 - INFO: Evaluating at iteration 13065
2026-06-30 14:49:10,476 - INFO: Loss: 0.402220
2026-06-30 14:49:10,476 - INFO: Training ROC-AUC: 0.720000
2026-06-30 14:49:10,476 - INFO: Validation ROC-AUC: 0.799156
2026-06-30 14:49:15,094 - INFO: Evaluating at iteration 13565
2026-06-30 14:49:15,264 - INFO: Loss: 0.168597
2026-06-30 14:49:15,264 - INFO: Training ROC-AUC: 0.942529
2026-06-30 14:49:15,264 - INFO: Validation ROC-AUC: 0.798670
2026-06-30 14:49:19,874 - INFO: Evaluating at iteration 14065
2026-06-30 14:49:20,056 - INFO: Loss: 0.344574
2026-06-30 14:49:20,056 - INFO: Training ROC-AUC: 0.922727
2026-06-30 14:49:20,056 - INFO: Validation ROC-AUC: 0.802183
2026-06-30 14:49:24,684 - INFO: Evaluating at iteration 14565
2026-06-30 14:49:24,855 - INFO: Loss: 0.183010
2026-06-30 14:49:24,855 - INFO: Training ROC-AUC: 0.992593
2026-06-30 14:49:24,855 - INFO: Validation ROC-AUC: 0.805015
2026-06-30 14:49:25,746 - INFO: Starting epoch 8
2026-06-30 14:49:25,756 - INFO: Evaluating at iteration 14659
2026-06-30 14:49:25,921 - INFO: Loss: 0.176420
2026-06-30 14:49:25,922 - INFO: Training ROC-AUC: 0.983333
2026-06-30 14:49:25,922 - INFO: Validation ROC-AUC: 0.804795
2026-06-30 14:49:30,587 - INFO: Evaluating at iteration 15159
2026-06-30 14:49:30,757 - INFO: Loss: 0.232778
2026-06-30 14:49:30,757 - INFO: Training ROC-AUC: 0.908046
2026-06-30 14:49:30,757 - INFO: Validation ROC-AUC: 0.806594
2026-06-30 14:49:35,404 - INFO: Evaluating at iteration 15659
2026-06-30 14:49:35,588 - INFO: Loss: 0.313573
2026-06-30 14:49:35,588 - INFO: Training ROC-AUC: 0.940741
2026-06-30 14:49:35,588 - INFO: Validation ROC-AUC: 0.808933
2026-06-30 14:49:40,245 - INFO: Evaluating at iteration 16159
2026-06-30 14:49:40,424 - INFO: Loss: 0.233402
2026-06-30 14:49:40,424 - INFO: Training ROC-AUC: 0.954023
2026-06-30 14:49:40,424 - INFO: Validation ROC-AUC: 0.809082
2026-06-30 14:49:45,062 - INFO: Evaluating at iteration 16659
2026-06-30 14:49:45,239 - INFO: Loss: 0.409113
2026-06-30 14:49:45,239 - INFO: Training ROC-AUC: 0.494253
2026-06-30 14:49:45,239 - INFO: Validation ROC-AUC: 0.812279
2026-06-30 14:49:46,119 - INFO: Starting epoch 9
2026-06-30 14:49:46,129 - INFO: Evaluating at iteration 16753
2026-06-30 14:49:46,292 - INFO: Loss: 0.373985
2026-06-30 14:49:46,292 - INFO: Training ROC-AUC: 0.902857
2026-06-30 14:49:46,292 - INFO: Validation ROC-AUC: 0.811045
2026-06-30 14:49:50,931 - INFO: Evaluating at iteration 17253
2026-06-30 14:49:51,100 - INFO: Loss: 0.462680
2026-06-30 14:49:51,100 - INFO: Training ROC-AUC: 0.698718
2026-06-30 14:49:51,100 - INFO: Validation ROC-AUC: 0.813210
2026-06-30 14:49:55,728 - INFO: Evaluating at iteration 17753
2026-06-30 14:49:55,898 - INFO: Loss: 0.305714
2026-06-30 14:49:55,898 - INFO: Training ROC-AUC: 0.871795
2026-06-30 14:49:55,898 - INFO: Validation ROC-AUC: 0.814538
2026-06-30 14:50:00,549 - INFO: Evaluating at iteration 18253
2026-06-30 14:50:00,712 - INFO: Loss: 0.333527
2026-06-30 14:50:00,712 - INFO: Training ROC-AUC: 0.814103
2026-06-30 14:50:00,712 - INFO: Validation ROC-AUC: 0.815726
2026-06-30 14:50:05,361 - INFO: Evaluating at iteration 18753
2026-06-30 14:50:05,523 - INFO: Loss: 0.216113
2026-06-30 14:50:05,524 - INFO: Training ROC-AUC: 0.937500
2026-06-30 14:50:05,524 - INFO: Validation ROC-AUC: 0.817754
2026-06-30 14:50:06,399 - INFO: Starting epoch 10
2026-06-30 14:50:06,409 - INFO: Evaluating at iteration 18847
2026-06-30 14:50:06,571 - INFO: Loss: 0.341203
2026-06-30 14:50:06,571 - INFO: Training ROC-AUC: 0.807692
2026-06-30 14:50:06,571 - INFO: Validation ROC-AUC: 0.817799
2026-06-30 14:50:11,219 - INFO: Evaluating at iteration 19347
2026-06-30 14:50:11,382 - INFO: Loss: 0.444577
2026-06-30 14:50:11,382 - INFO: Training ROC-AUC: 0.743590
2026-06-30 14:50:11,382 - INFO: Validation ROC-AUC: 0.819507
2026-06-30 14:50:16,013 - INFO: Evaluating at iteration 19847
2026-06-30 14:50:16,175 - INFO: Loss: 0.188238
2026-06-30 14:50:16,175 - INFO: Training ROC-AUC: 0.993590
2026-06-30 14:50:16,175 - INFO: Validation ROC-AUC: 0.819410
2026-06-30 14:50:20,849 - INFO: Evaluating at iteration 20347
2026-06-30 14:50:21,013 - INFO: Loss: 0.547593
2026-06-30 14:50:21,013 - INFO: Training ROC-AUC: 0.831169
2026-06-30 14:50:21,013 - INFO: Validation ROC-AUC: 0.821469
2026-06-30 14:50:25,663 - INFO: Evaluating at iteration 20847
2026-06-30 14:50:25,827 - INFO: Loss: 0.331623
2026-06-30 14:50:25,827 - INFO: Training ROC-AUC: 0.762963
2026-06-30 14:50:25,827 - INFO: Validation ROC-AUC: 0.821157
2026-06-30 14:50:26,724 - INFO: Starting epoch 11
2026-06-30 14:50:26,734 - INFO: Evaluating at iteration 20941
2026-06-30 14:50:26,899 - INFO: Loss: 0.388905
2026-06-30 14:50:26,899 - INFO: Training ROC-AUC: 0.845714
2026-06-30 14:50:26,899 - INFO: Validation ROC-AUC: 0.821761
2026-06-30 14:50:31,557 - INFO: Evaluating at iteration 21441
2026-06-30 14:50:31,725 - INFO: Loss: 0.272446
2026-06-30 14:50:31,725 - INFO: Training ROC-AUC: 0.857143
2026-06-30 14:50:31,725 - INFO: Validation ROC-AUC: 0.822793
2026-06-30 14:50:36,395 - INFO: Evaluating at iteration 21941
2026-06-30 14:50:36,566 - INFO: Loss: 0.336156
2026-06-30 14:50:36,566 - INFO: Training ROC-AUC: 0.839744
2026-06-30 14:50:36,566 - INFO: Validation ROC-AUC: 0.825199
2026-06-30 14:50:41,217 - INFO: Evaluating at iteration 22441
2026-06-30 14:50:41,386 - INFO: Loss: 0.247155
2026-06-30 14:50:41,386 - INFO: Training ROC-AUC: 0.827586
2026-06-30 14:50:41,386 - INFO: Validation ROC-AUC: 0.826480
2026-06-30 14:50:46,036 - INFO: Evaluating at iteration 22941
2026-06-30 14:50:46,220 - INFO: Loss: 0.387055
2026-06-30 14:50:46,220 - INFO: Training ROC-AUC: 0.732143
2026-06-30 14:50:46,220 - INFO: Validation ROC-AUC: 0.827018
2026-06-30 14:50:47,102 - INFO: Starting epoch 12
2026-06-30 14:50:47,111 - INFO: Evaluating at iteration 23035
2026-06-30 14:50:47,276 - INFO: Loss: 0.347610
2026-06-30 14:50:47,276 - INFO: Training ROC-AUC: 0.826923
2026-06-30 14:50:47,276 - INFO: Validation ROC-AUC: 0.827014
2026-06-30 14:50:51,949 - INFO: Evaluating at iteration 23535
2026-06-30 14:50:52,118 - INFO: Loss: 0.364274
2026-06-30 14:50:52,119 - INFO: Training ROC-AUC: 0.732143
2026-06-30 14:50:52,119 - INFO: Validation ROC-AUC: 0.828378
2026-06-30 14:50:56,743 - INFO: Evaluating at iteration 24035
2026-06-30 14:50:56,915 - INFO: Loss: 0.420644
2026-06-30 14:50:56,915 - INFO: Training ROC-AUC: 0.760000
2026-06-30 14:50:56,915 - INFO: Validation ROC-AUC: 0.829258
2026-06-30 14:51:01,605 - INFO: Evaluating at iteration 24535
2026-06-30 14:51:01,776 - INFO: Loss: 0.143804
2026-06-30 14:51:01,776 - INFO: Training ROC-AUC: 0.806452
2026-06-30 14:51:01,776 - INFO: Validation ROC-AUC: 0.830653
2026-06-30 14:51:06,429 - INFO: Evaluating at iteration 25035
2026-06-30 14:51:06,599 - INFO: Loss: 0.319409
2026-06-30 14:51:06,599 - INFO: Training ROC-AUC: 0.994792
2026-06-30 14:51:06,599 - INFO: Validation ROC-AUC: 0.830480
2026-06-30 14:51:07,492 - INFO: Starting epoch 13
2026-06-30 14:51:07,501 - INFO: Evaluating at iteration 25129
2026-06-30 14:51:07,667 - INFO: Loss: 0.101618
2026-06-30 14:51:07,667 - INFO: Training ROC-AUC: 1.000000
2026-06-30 14:51:07,667 - INFO: Validation ROC-AUC: 0.831352
2026-06-30 14:51:12,348 - INFO: Evaluating at iteration 25629
2026-06-30 14:51:12,532 - INFO: Loss: 0.426978
2026-06-30 14:51:12,532 - INFO: Training ROC-AUC: 0.743590
2026-06-30 14:51:12,532 - INFO: Validation ROC-AUC: 0.830661
2026-06-30 14:51:17,188 - INFO: Evaluating at iteration 26129
2026-06-30 14:51:17,360 - INFO: Loss: 0.375499
2026-06-30 14:51:17,360 - INFO: Training ROC-AUC: 0.869565
2026-06-30 14:51:17,360 - INFO: Validation ROC-AUC: 0.830793
2026-06-30 14:51:22,049 - INFO: Evaluating at iteration 26629
2026-06-30 14:51:22,220 - INFO: Loss: 0.331884
2026-06-30 14:51:22,220 - INFO: Training ROC-AUC: 0.777778
2026-06-30 14:51:22,220 - INFO: Validation ROC-AUC: 0.834106
2026-06-30 14:51:26,863 - INFO: Evaluating at iteration 27129
2026-06-30 14:51:27,045 - INFO: Loss: 0.330793
2026-06-30 14:51:27,045 - INFO: Training ROC-AUC: 0.937143
2026-06-30 14:51:27,045 - INFO: Validation ROC-AUC: 0.834217
2026-06-30 14:51:27,926 - INFO: Starting epoch 14
2026-06-30 14:51:27,935 - INFO: Evaluating at iteration 27223
2026-06-30 14:51:28,111 - INFO: Loss: 0.185455
2026-06-30 14:51:28,111 - INFO: Training ROC-AUC: 0.977011
2026-06-30 14:51:28,111 - INFO: Validation ROC-AUC: 0.834207
2026-06-30 14:51:32,774 - INFO: Evaluating at iteration 27723
2026-06-30 14:51:32,943 - INFO: Loss: 0.414635
2026-06-30 14:51:32,944 - INFO: Training ROC-AUC: 0.748148
2026-06-30 14:51:32,944 - INFO: Validation ROC-AUC: 0.834886
2026-06-30 14:51:37,587 - INFO: Evaluating at iteration 28223
2026-06-30 14:51:37,756 - INFO: Loss: 0.136867
2026-06-30 14:51:37,756 - INFO: Training ROC-AUC: 0.983333
2026-06-30 14:51:37,756 - INFO: Validation ROC-AUC: 0.836768
2026-06-30 14:51:42,439 - INFO: Evaluating at iteration 28723
2026-06-30 14:51:42,602 - INFO: Loss: 0.304220
2026-06-30 14:51:42,602 - INFO: Training ROC-AUC: 0.767857
2026-06-30 14:51:42,602 - INFO: Validation ROC-AUC: 0.837333
2026-06-30 14:51:47,234 - INFO: Evaluating at iteration 29223
2026-06-30 14:51:47,404 - INFO: Loss: 0.275553
2026-06-30 14:51:47,404 - INFO: Training ROC-AUC: 0.979167
2026-06-30 14:51:47,404 - INFO: Validation ROC-AUC: 0.837932
2026-06-30 14:51:48,277 - INFO: Starting epoch 15
2026-06-30 14:51:48,287 - INFO: Evaluating at iteration 29317
2026-06-30 14:51:48,452 - INFO: Loss: 0.309504
2026-06-30 14:51:48,452 - INFO: Training ROC-AUC: 0.794643
2026-06-30 14:51:48,452 - INFO: Validation ROC-AUC: 0.835606
2026-06-30 14:51:53,157 - INFO: Evaluating at iteration 29817
2026-06-30 14:51:53,337 - INFO: Loss: 0.366370
2026-06-30 14:51:53,337 - INFO: Training ROC-AUC: 0.859375
2026-06-30 14:51:53,337 - INFO: Validation ROC-AUC: 0.837377
2026-06-30 14:51:57,979 - INFO: Evaluating at iteration 30317
2026-06-30 14:51:58,147 - INFO: Loss: 0.463189
2026-06-30 14:51:58,147 - INFO: Training ROC-AUC: 0.628205
2026-06-30 14:51:58,147 - INFO: Validation ROC-AUC: 0.836830
2026-06-30 14:52:02,829 - INFO: Evaluating at iteration 30817
2026-06-30 14:52:03,000 - INFO: Loss: 0.169627
2026-06-30 14:52:03,000 - INFO: Training ROC-AUC: 0.992593
2026-06-30 14:52:03,000 - INFO: Validation ROC-AUC: 0.840587
2026-06-30 14:52:07,655 - INFO: Evaluating at iteration 31317
2026-06-30 14:52:07,833 - INFO: Loss: 0.309035
2026-06-30 14:52:07,834 - INFO: Training ROC-AUC: 0.852564
2026-06-30 14:52:07,834 - INFO: Validation ROC-AUC: 0.840874
2026-06-30 14:52:08,712 - INFO: Starting epoch 16
2026-06-30 14:52:08,722 - INFO: Evaluating at iteration 31411
2026-06-30 14:52:08,885 - INFO: Loss: 0.237635
2026-06-30 14:52:08,886 - INFO: Training ROC-AUC: 0.937500
2026-06-30 14:52:08,886 - INFO: Validation ROC-AUC: 0.840101
2026-06-30 14:52:13,541 - INFO: Evaluating at iteration 31911
2026-06-30 14:52:13,713 - INFO: Loss: 0.487749
2026-06-30 14:52:13,713 - INFO: Training ROC-AUC: 0.692308
2026-06-30 14:52:13,713 - INFO: Validation ROC-AUC: 0.840625
2026-06-30 14:52:18,354 - INFO: Evaluating at iteration 32411
2026-06-30 14:52:18,527 - INFO: Loss: 0.313661
2026-06-30 14:52:18,527 - INFO: Training ROC-AUC: 0.885714
2026-06-30 14:52:18,527 - INFO: Validation ROC-AUC: 0.842400
2026-06-30 14:52:23,192 - INFO: Evaluating at iteration 32911
2026-06-30 14:52:23,361 - INFO: Loss: 0.357213
2026-06-30 14:52:23,362 - INFO: Training ROC-AUC: 0.893720
2026-06-30 14:52:23,362 - INFO: Validation ROC-AUC: 0.841992
2026-06-30 14:52:28,002 - INFO: Evaluating at iteration 33411
2026-06-30 14:52:28,173 - INFO: Loss: 0.386566
2026-06-30 14:52:28,173 - INFO: Training ROC-AUC: 0.685897
2026-06-30 14:52:28,173 - INFO: Validation ROC-AUC: 0.842948
2026-06-30 14:52:29,049 - INFO: Starting epoch 17
2026-06-30 14:52:29,059 - INFO: Evaluating at iteration 33505
2026-06-30 14:52:29,226 - INFO: Loss: 0.265129
2026-06-30 14:52:29,226 - INFO: Training ROC-AUC: 0.961538
2026-06-30 14:52:29,226 - INFO: Validation ROC-AUC: 0.841660
2026-06-30 14:52:33,967 - INFO: Evaluating at iteration 34005
2026-06-30 14:52:34,138 - INFO: Loss: 0.385394
2026-06-30 14:52:34,138 - INFO: Training ROC-AUC: 0.833333
2026-06-30 14:52:34,139 - INFO: Validation ROC-AUC: 0.842145
2026-06-30 14:52:38,728 - INFO: Evaluating at iteration 34505
2026-06-30 14:52:38,901 - INFO: Loss: 0.254942
2026-06-30 14:52:38,901 - INFO: Training ROC-AUC: 0.918519
2026-06-30 14:52:38,901 - INFO: Validation ROC-AUC: 0.844245
2026-06-30 14:52:43,583 - INFO: Evaluating at iteration 35005
2026-06-30 14:52:43,753 - INFO: Loss: 0.352550
2026-06-30 14:52:43,753 - INFO: Training ROC-AUC: 0.770370
2026-06-30 14:52:43,753 - INFO: Validation ROC-AUC: 0.844570
2026-06-30 14:52:48,361 - INFO: Evaluating at iteration 35505
2026-06-30 14:52:48,535 - INFO: Loss: 0.218289
2026-06-30 14:52:48,535 - INFO: Training ROC-AUC: 0.928571
2026-06-30 14:52:48,535 - INFO: Validation ROC-AUC: 0.845038
2026-06-30 14:52:49,409 - INFO: Starting epoch 18
2026-06-30 14:52:49,419 - INFO: Evaluating at iteration 35599
2026-06-30 14:52:49,589 - INFO: Loss: 0.309106
2026-06-30 14:52:49,589 - INFO: Training ROC-AUC: 0.812500
2026-06-30 14:52:49,589 - INFO: Validation ROC-AUC: 0.844994
2026-06-30 14:52:54,231 - INFO: Evaluating at iteration 36099
2026-06-30 14:52:54,402 - INFO: Loss: 0.189788
2026-06-30 14:52:54,402 - INFO: Training ROC-AUC: 0.931034
2026-06-30 14:52:54,402 - INFO: Validation ROC-AUC: 0.845508
2026-06-30 14:52:59,044 - INFO: Evaluating at iteration 36599
2026-06-30 14:52:59,216 - INFO: Loss: 0.246136
2026-06-30 14:52:59,216 - INFO: Training ROC-AUC: 0.901786
2026-06-30 14:52:59,216 - INFO: Validation ROC-AUC: 0.844824
2026-06-30 14:53:03,883 - INFO: Evaluating at iteration 37099
2026-06-30 14:53:04,053 - INFO: Loss: 0.205668
2026-06-30 14:53:04,053 - INFO: Training ROC-AUC: 0.967949
2026-06-30 14:53:04,053 - INFO: Validation ROC-AUC: 0.846346
2026-06-30 14:53:08,686 - INFO: Evaluating at iteration 37599
2026-06-30 14:53:08,866 - INFO: Loss: 0.300827
2026-06-30 14:53:08,866 - INFO: Training ROC-AUC: 0.712644
2026-06-30 14:53:08,866 - INFO: Validation ROC-AUC: 0.847509
2026-06-30 14:53:09,743 - INFO: Starting epoch 19
2026-06-30 14:53:09,753 - INFO: Evaluating at iteration 37693
2026-06-30 14:53:09,918 - INFO: Loss: 0.208822
2026-06-30 14:53:09,918 - INFO: Training ROC-AUC: 0.885057
2026-06-30 14:53:09,918 - INFO: Validation ROC-AUC: 0.847081
2026-06-30 14:53:14,586 - INFO: Evaluating at iteration 38193
2026-06-30 14:53:14,763 - INFO: Loss: 0.276850
2026-06-30 14:53:14,763 - INFO: Training ROC-AUC: 0.827586
2026-06-30 14:53:14,763 - INFO: Validation ROC-AUC: 0.847229
2026-06-30 14:53:19,412 - INFO: Evaluating at iteration 38693
2026-06-30 14:53:19,582 - INFO: Loss: 0.287808
2026-06-30 14:53:19,582 - INFO: Training ROC-AUC: 0.803571
2026-06-30 14:53:19,582 - INFO: Validation ROC-AUC: 0.847873
2026-06-30 14:53:24,280 - INFO: Evaluating at iteration 39193
2026-06-30 14:53:24,449 - INFO: Loss: 0.333703
2026-06-30 14:53:24,449 - INFO: Training ROC-AUC: 0.921875
2026-06-30 14:53:24,449 - INFO: Validation ROC-AUC: 0.847740
2026-06-30 14:53:29,083 - INFO: Evaluating at iteration 39693
2026-06-30 14:53:29,252 - INFO: Loss: 0.349632
2026-06-30 14:53:29,252 - INFO: Training ROC-AUC: 0.540230
2026-06-30 14:53:29,252 - INFO: Validation ROC-AUC: 0.847832
2026-06-30 14:53:30,138 - INFO: Starting epoch 20
2026-06-30 14:53:30,148 - INFO: Evaluating at iteration 39787
2026-06-30 14:53:30,311 - INFO: Loss: 0.199103
2026-06-30 14:53:30,311 - INFO: Training ROC-AUC: 0.830357
2026-06-30 14:53:30,311 - INFO: Validation ROC-AUC: 0.848378
2026-06-30 14:53:34,979 - INFO: Evaluating at iteration 40287
2026-06-30 14:53:35,148 - INFO: Loss: 0.274390
2026-06-30 14:53:35,148 - INFO: Training ROC-AUC: 0.914286
2026-06-30 14:53:35,148 - INFO: Validation ROC-AUC: 0.848305
2026-06-30 14:53:39,785 - INFO: Evaluating at iteration 40787
2026-06-30 14:53:39,957 - INFO: Loss: 0.287929
2026-06-30 14:53:39,957 - INFO: Training ROC-AUC: 0.897436
2026-06-30 14:53:39,957 - INFO: Validation ROC-AUC: 0.849031
2026-06-30 14:53:44,658 - INFO: Evaluating at iteration 41287
2026-06-30 14:53:44,830 - INFO: Loss: 0.368468
2026-06-30 14:53:44,830 - INFO: Training ROC-AUC: 0.750000
2026-06-30 14:53:44,830 - INFO: Validation ROC-AUC: 0.848770
2026-06-30 14:53:49,470 - INFO: Evaluating at iteration 41787
2026-06-30 14:53:49,638 - INFO: Loss: 0.322816
2026-06-30 14:53:49,638 - INFO: Training ROC-AUC: 0.953125
2026-06-30 14:53:49,638 - INFO: Validation ROC-AUC: 0.848938
2026-06-30 14:53:50,519 - INFO: Starting epoch 21
2026-06-30 14:53:50,529 - INFO: Evaluating at iteration 41881
2026-06-30 14:53:50,692 - INFO: Loss: 0.127192
2026-06-30 14:53:50,692 - INFO: Training ROC-AUC: 1.000000
2026-06-30 14:53:50,692 - INFO: Validation ROC-AUC: 0.849964
2026-06-30 14:53:55,376 - INFO: Evaluating at iteration 42381
2026-06-30 14:53:55,544 - INFO: Loss: 0.279387
2026-06-30 14:53:55,544 - INFO: Training ROC-AUC: 0.807407
2026-06-30 14:53:55,544 - INFO: Validation ROC-AUC: 0.850603
2026-06-30 14:54:00,214 - INFO: Evaluating at iteration 42881
2026-06-30 14:54:00,384 - INFO: Loss: 0.310834
2026-06-30 14:54:00,384 - INFO: Training ROC-AUC: 0.800000
2026-06-30 14:54:00,384 - INFO: Validation ROC-AUC: 0.851474
2026-06-30 14:54:05,048 - INFO: Evaluating at iteration 43381
2026-06-30 14:54:05,222 - INFO: Loss: 0.212469
2026-06-30 14:54:05,222 - INFO: Training ROC-AUC: 0.946429
2026-06-30 14:54:05,222 - INFO: Validation ROC-AUC: 0.850638
2026-06-30 14:54:09,862 - INFO: Evaluating at iteration 43881
2026-06-30 14:54:10,034 - INFO: Loss: 0.401834
2026-06-30 14:54:10,034 - INFO: Training ROC-AUC: 0.859375
2026-06-30 14:54:10,034 - INFO: Validation ROC-AUC: 0.851548
2026-06-30 14:54:10,953 - INFO: Starting epoch 22
2026-06-30 14:54:10,963 - INFO: Evaluating at iteration 43975
2026-06-30 14:54:11,143 - INFO: Loss: 0.366724
2026-06-30 14:54:11,143 - INFO: Training ROC-AUC: 0.854167
2026-06-30 14:54:11,143 - INFO: Validation ROC-AUC: 0.851536
2026-06-30 14:54:15,849 - INFO: Evaluating at iteration 44475
2026-06-30 14:54:16,020 - INFO: Loss: 0.383484
2026-06-30 14:54:16,020 - INFO: Training ROC-AUC: 0.762963
2026-06-30 14:54:16,020 - INFO: Validation ROC-AUC: 0.851319
2026-06-30 14:54:20,719 - INFO: Evaluating at iteration 44975
2026-06-30 14:54:20,888 - INFO: Loss: 0.137370
2026-06-30 14:54:20,888 - INFO: Training ROC-AUC: 1.000000
2026-06-30 14:54:20,888 - INFO: Validation ROC-AUC: 0.851883
2026-06-30 14:54:25,621 - INFO: Evaluating at iteration 45475
2026-06-30 14:54:25,791 - INFO: Loss: 0.385760
2026-06-30 14:54:25,791 - INFO: Training ROC-AUC: 0.864583
2026-06-30 14:54:25,791 - INFO: Validation ROC-AUC: 0.852420
2026-06-30 14:54:30,454 - INFO: Evaluating at iteration 45975
2026-06-30 14:54:30,624 - INFO: Loss: 0.376631
2026-06-30 14:54:30,624 - INFO: Training ROC-AUC: 0.917749
2026-06-30 14:54:30,624 - INFO: Validation ROC-AUC: 0.852934
2026-06-30 14:54:31,507 - INFO: Starting epoch 23
2026-06-30 14:54:31,517 - INFO: Evaluating at iteration 46069
2026-06-30 14:54:31,689 - INFO: Loss: 0.267697
2026-06-30 14:54:31,689 - INFO: Training ROC-AUC: 0.925926
2026-06-30 14:54:31,689 - INFO: Validation ROC-AUC: 0.853514
2026-06-30 14:54:36,514 - INFO: Evaluating at iteration 46569
2026-06-30 14:54:36,684 - INFO: Loss: 0.360450
2026-06-30 14:54:36,684 - INFO: Training ROC-AUC: 0.868571
2026-06-30 14:54:36,684 - INFO: Validation ROC-AUC: 0.853360
2026-06-30 14:54:41,378 - INFO: Evaluating at iteration 47069
2026-06-30 14:54:41,552 - INFO: Loss: 0.303362
2026-06-30 14:54:41,552 - INFO: Training ROC-AUC: 0.975845
2026-06-30 14:54:41,552 - INFO: Validation ROC-AUC: 0.853988
2026-06-30 14:54:46,267 - INFO: Evaluating at iteration 47569
2026-06-30 14:54:46,443 - INFO: Loss: 0.365538
2026-06-30 14:54:46,443 - INFO: Training ROC-AUC: 0.875000
2026-06-30 14:54:46,443 - INFO: Validation ROC-AUC: 0.853509
2026-06-30 14:54:51,165 - INFO: Evaluating at iteration 48069
2026-06-30 14:54:51,335 - INFO: Loss: 0.275531
2026-06-30 14:54:51,336 - INFO: Training ROC-AUC: 0.758929
2026-06-30 14:54:51,336 - INFO: Validation ROC-AUC: 0.853455
2026-06-30 14:54:52,231 - INFO: Starting epoch 24
2026-06-30 14:54:52,241 - INFO: Evaluating at iteration 48163
2026-06-30 14:54:52,407 - INFO: Loss: 0.198933
2026-06-30 14:54:52,407 - INFO: Training ROC-AUC: 0.954023
2026-06-30 14:54:52,407 - INFO: Validation ROC-AUC: 0.854573
2026-06-30 14:54:57,143 - INFO: Evaluating at iteration 48663
2026-06-30 14:54:57,324 - INFO: Loss: 0.426521
2026-06-30 14:54:57,324 - INFO: Training ROC-AUC: 0.917874
2026-06-30 14:54:57,324 - INFO: Validation ROC-AUC: 0.854390
2026-06-30 14:55:02,051 - INFO: Evaluating at iteration 49163
2026-06-30 14:55:02,221 - INFO: Loss: 0.073715
2026-06-30 14:55:02,221 - INFO: Training ROC-AUC: 1.000000
2026-06-30 14:55:02,221 - INFO: Validation ROC-AUC: 0.854971
2026-06-30 14:55:06,977 - INFO: Evaluating at iteration 49663
2026-06-30 14:55:07,156 - INFO: Loss: 0.260025
2026-06-30 14:55:07,156 - INFO: Training ROC-AUC: 0.942308
2026-06-30 14:55:07,156 - INFO: Validation ROC-AUC: 0.855709
2026-06-30 14:55:11,876 - INFO: Evaluating at iteration 50163
2026-06-30 14:55:12,047 - INFO: Loss: 0.195616
2026-06-30 14:55:12,047 - INFO: Training ROC-AUC: 0.973214
2026-06-30 14:55:12,047 - INFO: Validation ROC-AUC: 0.855507
2026-06-30 14:55:12,951 - INFO: Starting epoch 25
2026-06-30 14:55:12,961 - INFO: Evaluating at iteration 50257
2026-06-30 14:55:13,128 - INFO: Loss: 0.493079
2026-06-30 14:55:13,128 - INFO: Training ROC-AUC: 0.903382
2026-06-30 14:55:13,128 - INFO: Validation ROC-AUC: 0.856106
2026-06-30 14:55:17,889 - INFO: Evaluating at iteration 50757
2026-06-30 14:55:18,060 - INFO: Loss: 0.205180
2026-06-30 14:55:18,061 - INFO: Training ROC-AUC: 0.850000
2026-06-30 14:55:18,061 - INFO: Validation ROC-AUC: 0.855879
2026-06-30 14:55:22,843 - INFO: Evaluating at iteration 51257
2026-06-30 14:55:23,015 - INFO: Loss: 0.236929
2026-06-30 14:55:23,015 - INFO: Training ROC-AUC: 0.910714
2026-06-30 14:55:23,015 - INFO: Validation ROC-AUC: 0.855572
2026-06-30 14:55:27,775 - INFO: Evaluating at iteration 51757
2026-06-30 14:55:27,944 - INFO: Loss: 0.353837
2026-06-30 14:55:27,944 - INFO: Training ROC-AUC: 0.840000
2026-06-30 14:55:27,944 - INFO: Validation ROC-AUC: 0.857087
2026-06-30 14:55:32,696 - INFO: Evaluating at iteration 52257
2026-06-30 14:55:32,866 - INFO: Loss: 0.570787
2026-06-30 14:55:32,866 - INFO: Training ROC-AUC: 0.656250
2026-06-30 14:55:32,866 - INFO: Validation ROC-AUC: 0.856263
2026-06-30 14:55:33,766 - INFO: Saving model to models/TCRStructMap_random_split_cdrs_peptide/model_2.pt
2026-06-30 14:55:33,781 - INFO: Starting fold 3
2026-06-30 14:55:33,851 - INFO: Initialising model
2026-06-30 14:55:33,857 - INFO: Starting training
2026-06-30 14:55:33,857 - INFO: Starting epoch 1
2026-06-30 14:55:33,869 - INFO: Evaluating at iteration 1
2026-06-30 14:55:34,037 - INFO: Loss: 0.691551
2026-06-30 14:55:34,037 - INFO: Training ROC-AUC: 0.422857
2026-06-30 14:55:34,037 - INFO: Validation ROC-AUC: 0.498192
2026-06-30 14:55:38,543 - INFO: Evaluating at iteration 501
2026-06-30 14:55:38,714 - INFO: Loss: 0.487632
2026-06-30 14:55:38,714 - INFO: Training ROC-AUC: 0.500000
2026-06-30 14:55:38,714 - INFO: Validation ROC-AUC: 0.503044
2026-06-30 14:55:43,360 - INFO: Evaluating at iteration 1001
2026-06-30 14:55:43,529 - INFO: Loss: 0.228610
2026-06-30 14:55:43,529 - INFO: Training ROC-AUC: 0.548387
2026-06-30 14:55:43,529 - INFO: Validation ROC-AUC: 0.507419
2026-06-30 14:55:48,228 - INFO: Evaluating at iteration 1501
2026-06-30 14:55:48,400 - INFO: Loss: 0.277606
2026-06-30 14:55:48,400 - INFO: Training ROC-AUC: 0.433333
2026-06-30 14:55:48,400 - INFO: Validation ROC-AUC: 0.518615
2026-06-30 14:55:53,053 - INFO: Evaluating at iteration 2001
2026-06-30 14:55:53,223 - INFO: Loss: 0.426892
2026-06-30 14:55:53,223 - INFO: Training ROC-AUC: 0.829630
2026-06-30 14:55:53,223 - INFO: Validation ROC-AUC: 0.540112
2026-06-30 14:55:54,119 - INFO: Starting epoch 2
2026-06-30 14:55:54,129 - INFO: Evaluating at iteration 2095
2026-06-30 14:55:54,292 - INFO: Loss: 0.486075
2026-06-30 14:55:54,292 - INFO: Training ROC-AUC: 0.506410
2026-06-30 14:55:54,292 - INFO: Validation ROC-AUC: 0.543525
2026-06-30 14:55:58,977 - INFO: Evaluating at iteration 2595
2026-06-30 14:55:59,149 - INFO: Loss: 0.501413
2026-06-30 14:55:59,149 - INFO: Training ROC-AUC: 0.822857
2026-06-30 14:55:59,149 - INFO: Validation ROC-AUC: 0.594526
2026-06-30 14:56:03,796 - INFO: Evaluating at iteration 3095
2026-06-30 14:56:03,966 - INFO: Loss: 0.283258
2026-06-30 14:56:03,966 - INFO: Training ROC-AUC: 0.655172
2026-06-30 14:56:03,966 - INFO: Validation ROC-AUC: 0.634901
2026-06-30 14:56:08,622 - INFO: Evaluating at iteration 3595
2026-06-30 14:56:08,790 - INFO: Loss: 0.453979
2026-06-30 14:56:08,790 - INFO: Training ROC-AUC: 0.459259
2026-06-30 14:56:08,790 - INFO: Validation ROC-AUC: 0.664024
2026-06-30 14:56:13,462 - INFO: Evaluating at iteration 4095
2026-06-30 14:56:13,633 - INFO: Loss: 0.414787
2026-06-30 14:56:13,633 - INFO: Training ROC-AUC: 0.794872
2026-06-30 14:56:13,633 - INFO: Validation ROC-AUC: 0.695488
2026-06-30 14:56:14,517 - INFO: Starting epoch 3
2026-06-30 14:56:14,527 - INFO: Evaluating at iteration 4189
2026-06-30 14:56:14,691 - INFO: Loss: 0.461392
2026-06-30 14:56:14,691 - INFO: Training ROC-AUC: 0.673077
2026-06-30 14:56:14,691 - INFO: Validation ROC-AUC: 0.698003
2026-06-30 14:56:19,356 - INFO: Evaluating at iteration 4689
2026-06-30 14:56:19,526 - INFO: Loss: 0.357900
2026-06-30 14:56:19,526 - INFO: Training ROC-AUC: 0.762963
2026-06-30 14:56:19,526 - INFO: Validation ROC-AUC: 0.709665
2026-06-30 14:56:24,170 - INFO: Evaluating at iteration 5189
2026-06-30 14:56:24,355 - INFO: Loss: 0.273014
2026-06-30 14:56:24,355 - INFO: Training ROC-AUC: 0.781609
2026-06-30 14:56:24,355 - INFO: Validation ROC-AUC: 0.718984
2026-06-30 14:56:29,024 - INFO: Evaluating at iteration 5689
2026-06-30 14:56:29,193 - INFO: Loss: 0.387722
2026-06-30 14:56:29,193 - INFO: Training ROC-AUC: 0.756410
2026-06-30 14:56:29,193 - INFO: Validation ROC-AUC: 0.726832
2026-06-30 14:56:33,826 - INFO: Evaluating at iteration 6189
2026-06-30 14:56:33,989 - INFO: Loss: 0.311516
2026-06-30 14:56:33,989 - INFO: Training ROC-AUC: 0.852564
2026-06-30 14:56:33,989 - INFO: Validation ROC-AUC: 0.732647
2026-06-30 14:56:34,866 - INFO: Starting epoch 4
2026-06-30 14:56:34,875 - INFO: Evaluating at iteration 6283
2026-06-30 14:56:35,037 - INFO: Loss: 0.354525
2026-06-30 14:56:35,037 - INFO: Training ROC-AUC: 0.777778
2026-06-30 14:56:35,038 - INFO: Validation ROC-AUC: 0.733901
2026-06-30 14:56:39,656 - INFO: Evaluating at iteration 6783
2026-06-30 14:56:39,841 - INFO: Loss: 0.337309
2026-06-30 14:56:39,841 - INFO: Training ROC-AUC: 0.732143
2026-06-30 14:56:39,841 - INFO: Validation ROC-AUC: 0.739896
2026-06-30 14:56:44,494 - INFO: Evaluating at iteration 7283
2026-06-30 14:56:44,690 - INFO: Loss: 0.146817
2026-06-30 14:56:44,690 - INFO: Training ROC-AUC: nan
2026-06-30 14:56:44,690 - INFO: Validation ROC-AUC: 0.745279
2026-06-30 14:56:49,343 - INFO: Evaluating at iteration 7783
2026-06-30 14:56:49,513 - INFO: Loss: 0.279333
2026-06-30 14:56:49,513 - INFO: Training ROC-AUC: 0.918519
2026-06-30 14:56:49,513 - INFO: Validation ROC-AUC: 0.752016
2026-06-30 14:56:54,172 - INFO: Evaluating at iteration 8283
2026-06-30 14:56:54,342 - INFO: Loss: 0.435755
2026-06-30 14:56:54,342 - INFO: Training ROC-AUC: 0.614815
2026-06-30 14:56:54,342 - INFO: Validation ROC-AUC: 0.757563
2026-06-30 14:56:55,228 - INFO: Starting epoch 5
2026-06-30 14:56:55,238 - INFO: Evaluating at iteration 8377
2026-06-30 14:56:55,403 - INFO: Loss: 0.578169
2026-06-30 14:56:55,403 - INFO: Training ROC-AUC: 0.759091
2026-06-30 14:56:55,403 - INFO: Validation ROC-AUC: 0.758671
2026-06-30 14:57:00,065 - INFO: Evaluating at iteration 8877
2026-06-30 14:57:00,234 - INFO: Loss: 0.250704
2026-06-30 14:57:00,235 - INFO: Training ROC-AUC: 0.862069
2026-06-30 14:57:00,235 - INFO: Validation ROC-AUC: 0.761496
2026-06-30 14:57:04,907 - INFO: Evaluating at iteration 9377
2026-06-30 14:57:05,077 - INFO: Loss: 0.434938
2026-06-30 14:57:05,077 - INFO: Training ROC-AUC: 0.691429
2026-06-30 14:57:05,077 - INFO: Validation ROC-AUC: 0.767445
2026-06-30 14:57:09,768 - INFO: Evaluating at iteration 9877
2026-06-30 14:57:09,938 - INFO: Loss: 0.419800
2026-06-30 14:57:09,938 - INFO: Training ROC-AUC: 0.737179
2026-06-30 14:57:09,938 - INFO: Validation ROC-AUC: 0.769889
2026-06-30 14:57:14,597 - INFO: Evaluating at iteration 10377
2026-06-30 14:57:14,769 - INFO: Loss: 0.311596
2026-06-30 14:57:14,769 - INFO: Training ROC-AUC: 0.829630
2026-06-30 14:57:14,769 - INFO: Validation ROC-AUC: 0.773045
2026-06-30 14:57:15,655 - INFO: Starting epoch 6
2026-06-30 14:57:15,665 - INFO: Evaluating at iteration 10471
2026-06-30 14:57:15,831 - INFO: Loss: 0.306614
2026-06-30 14:57:15,831 - INFO: Training ROC-AUC: 0.830357
2026-06-30 14:57:15,831 - INFO: Validation ROC-AUC: 0.773496
2026-06-30 14:57:20,514 - INFO: Evaluating at iteration 10971
2026-06-30 14:57:20,699 - INFO: Loss: 0.336621
2026-06-30 14:57:20,699 - INFO: Training ROC-AUC: 0.891429
2026-06-30 14:57:20,699 - INFO: Validation ROC-AUC: 0.776456
2026-06-30 14:57:25,337 - INFO: Evaluating at iteration 11471
2026-06-30 14:57:25,508 - INFO: Loss: 0.303278
2026-06-30 14:57:25,508 - INFO: Training ROC-AUC: 0.888889
2026-06-30 14:57:25,508 - INFO: Validation ROC-AUC: 0.778836
2026-06-30 14:57:30,188 - INFO: Evaluating at iteration 11971
2026-06-30 14:57:30,369 - INFO: Loss: 0.414492
2026-06-30 14:57:30,369 - INFO: Training ROC-AUC: 0.788571
2026-06-30 14:57:30,369 - INFO: Validation ROC-AUC: 0.780364
2026-06-30 14:57:35,037 - INFO: Evaluating at iteration 12471
2026-06-30 14:57:35,210 - INFO: Loss: 0.425297
2026-06-30 14:57:35,210 - INFO: Training ROC-AUC: 0.600000
2026-06-30 14:57:35,210 - INFO: Validation ROC-AUC: 0.782937
2026-06-30 14:57:36,107 - INFO: Starting epoch 7
2026-06-30 14:57:36,117 - INFO: Evaluating at iteration 12565
2026-06-30 14:57:36,287 - INFO: Loss: 0.233235
2026-06-30 14:57:36,287 - INFO: Training ROC-AUC: 0.866071
2026-06-30 14:57:36,287 - INFO: Validation ROC-AUC: 0.783733
2026-06-30 14:57:40,966 - INFO: Evaluating at iteration 13065
2026-06-30 14:57:41,142 - INFO: Loss: 0.297376
2026-06-30 14:57:41,142 - INFO: Training ROC-AUC: 0.803571
2026-06-30 14:57:41,142 - INFO: Validation ROC-AUC: 0.785647
2026-06-30 14:57:45,797 - INFO: Evaluating at iteration 13565
2026-06-30 14:57:45,965 - INFO: Loss: 0.275524
2026-06-30 14:57:45,965 - INFO: Training ROC-AUC: 0.724138
2026-06-30 14:57:45,965 - INFO: Validation ROC-AUC: 0.787249
2026-06-30 14:57:50,613 - INFO: Evaluating at iteration 14065
2026-06-30 14:57:50,782 - INFO: Loss: 0.512611
2026-06-30 14:57:50,782 - INFO: Training ROC-AUC: 0.744792
2026-06-30 14:57:50,782 - INFO: Validation ROC-AUC: 0.789662
2026-06-30 14:57:55,434 - INFO: Evaluating at iteration 14565
2026-06-30 14:57:55,606 - INFO: Loss: 0.395188
2026-06-30 14:57:55,606 - INFO: Training ROC-AUC: 0.711538
2026-06-30 14:57:55,606 - INFO: Validation ROC-AUC: 0.790486
2026-06-30 14:57:56,495 - INFO: Starting epoch 8
2026-06-30 14:57:56,505 - INFO: Evaluating at iteration 14659
2026-06-30 14:57:56,672 - INFO: Loss: 0.291140
2026-06-30 14:57:56,672 - INFO: Training ROC-AUC: 0.758929
2026-06-30 14:57:56,672 - INFO: Validation ROC-AUC: 0.789871
2026-06-30 14:58:01,348 - INFO: Evaluating at iteration 15159
2026-06-30 14:58:01,534 - INFO: Loss: 0.265220
2026-06-30 14:58:01,534 - INFO: Training ROC-AUC: 0.928571
2026-06-30 14:58:01,534 - INFO: Validation ROC-AUC: 0.793018
2026-06-30 14:58:06,191 - INFO: Evaluating at iteration 15659
2026-06-30 14:58:06,361 - INFO: Loss: 0.198329
2026-06-30 14:58:06,362 - INFO: Training ROC-AUC: 0.733333
2026-06-30 14:58:06,362 - INFO: Validation ROC-AUC: 0.794461
2026-06-30 14:58:11,037 - INFO: Evaluating at iteration 16159
2026-06-30 14:58:11,206 - INFO: Loss: 0.329987
2026-06-30 14:58:11,209 - INFO: Training ROC-AUC: 0.826923
2026-06-30 14:58:11,209 - INFO: Validation ROC-AUC: 0.796016
2026-06-30 14:58:15,871 - INFO: Evaluating at iteration 16659
2026-06-30 14:58:16,040 - INFO: Loss: 0.342346
2026-06-30 14:58:16,040 - INFO: Training ROC-AUC: 0.871795
2026-06-30 14:58:16,040 - INFO: Validation ROC-AUC: 0.798475
2026-06-30 14:58:16,937 - INFO: Starting epoch 9
2026-06-30 14:58:16,947 - INFO: Evaluating at iteration 16753
2026-06-30 14:58:17,114 - INFO: Loss: 0.529106
2026-06-30 14:58:17,114 - INFO: Training ROC-AUC: 0.755208
2026-06-30 14:58:17,114 - INFO: Validation ROC-AUC: 0.799101
2026-06-30 14:58:21,797 - INFO: Evaluating at iteration 17253
2026-06-30 14:58:21,967 - INFO: Loss: 0.279964
2026-06-30 14:58:22,341 - INFO: Training ROC-AUC: 0.883929
2026-06-30 14:58:22,341 - INFO: Validation ROC-AUC: 0.799946
2026-06-30 14:58:27,013 - INFO: Evaluating at iteration 17753
2026-06-30 14:58:27,185 - INFO: Loss: 0.401648
2026-06-30 14:58:27,185 - INFO: Training ROC-AUC: 0.711538
2026-06-30 14:58:27,185 - INFO: Validation ROC-AUC: 0.801875
2026-06-30 14:58:31,861 - INFO: Evaluating at iteration 18253
2026-06-30 14:58:32,030 - INFO: Loss: 0.275654
2026-06-30 14:58:32,030 - INFO: Training ROC-AUC: 0.955556
2026-06-30 14:58:32,030 - INFO: Validation ROC-AUC: 0.802537
2026-06-30 14:58:36,681 - INFO: Evaluating at iteration 18753
2026-06-30 14:58:36,858 - INFO: Loss: 0.471947
2026-06-30 14:58:36,858 - INFO: Training ROC-AUC: 0.673077
2026-06-30 14:58:36,858 - INFO: Validation ROC-AUC: 0.804241
2026-06-30 14:58:37,723 - INFO: Starting epoch 10
2026-06-30 14:58:37,733 - INFO: Evaluating at iteration 18847
2026-06-30 14:58:37,908 - INFO: Loss: 0.466379
2026-06-30 14:58:37,908 - INFO: Training ROC-AUC: 0.692308
2026-06-30 14:58:37,908 - INFO: Validation ROC-AUC: 0.804253
2026-06-30 14:58:42,621 - INFO: Evaluating at iteration 19347
2026-06-30 14:58:42,789 - INFO: Loss: 0.344130
2026-06-30 14:58:42,789 - INFO: Training ROC-AUC: 0.732143
2026-06-30 14:58:42,789 - INFO: Validation ROC-AUC: 0.806356
2026-06-30 14:58:47,449 - INFO: Evaluating at iteration 19847
2026-06-30 14:58:47,620 - INFO: Loss: 0.291726
2026-06-30 14:58:47,620 - INFO: Training ROC-AUC: 0.903846
2026-06-30 14:58:47,620 - INFO: Validation ROC-AUC: 0.806264
2026-06-30 14:58:52,297 - INFO: Evaluating at iteration 20347
2026-06-30 14:58:52,466 - INFO: Loss: 0.370564
2026-06-30 14:58:52,466 - INFO: Training ROC-AUC: 0.794286
2026-06-30 14:58:52,466 - INFO: Validation ROC-AUC: 0.808234
2026-06-30 14:58:57,106 - INFO: Evaluating at iteration 20847
2026-06-30 14:58:57,276 - INFO: Loss: 0.590783
2026-06-30 14:58:57,276 - INFO: Training ROC-AUC: 0.602564
2026-06-30 14:58:57,276 - INFO: Validation ROC-AUC: 0.807945
2026-06-30 14:58:58,158 - INFO: Starting epoch 11
2026-06-30 14:58:58,170 - INFO: Evaluating at iteration 20941
2026-06-30 14:58:58,338 - INFO: Loss: 0.394974
2026-06-30 14:58:58,338 - INFO: Training ROC-AUC: 0.750000
2026-06-30 14:58:58,338 - INFO: Validation ROC-AUC: 0.808910
2026-06-30 14:59:03,061 - INFO: Evaluating at iteration 21441
2026-06-30 14:59:03,244 - INFO: Loss: 0.487872
2026-06-30 14:59:03,244 - INFO: Training ROC-AUC: 0.570513
2026-06-30 14:59:03,244 - INFO: Validation ROC-AUC: 0.809335
2026-06-30 14:59:07,921 - INFO: Evaluating at iteration 21941
2026-06-30 14:59:08,090 - INFO: Loss: 0.349195
2026-06-30 14:59:08,090 - INFO: Training ROC-AUC: 0.755556
2026-06-30 14:59:08,090 - INFO: Validation ROC-AUC: 0.812359
2026-06-30 14:59:12,783 - INFO: Evaluating at iteration 22441
2026-06-30 14:59:12,958 - INFO: Loss: 0.384289
2026-06-30 14:59:12,958 - INFO: Training ROC-AUC: 0.794872
2026-06-30 14:59:12,958 - INFO: Validation ROC-AUC: 0.813316
2026-06-30 14:59:17,630 - INFO: Evaluating at iteration 22941
2026-06-30 14:59:17,798 - INFO: Loss: 0.434264
2026-06-30 14:59:17,798 - INFO: Training ROC-AUC: 0.756410
2026-06-30 14:59:17,798 - INFO: Validation ROC-AUC: 0.814513
2026-06-30 14:59:18,688 - INFO: Starting epoch 12
2026-06-30 14:59:18,698 - INFO: Evaluating at iteration 23035
2026-06-30 14:59:18,862 - INFO: Loss: 0.249060
2026-06-30 14:59:18,862 - INFO: Training ROC-AUC: 0.839080
2026-06-30 14:59:18,862 - INFO: Validation ROC-AUC: 0.814588
2026-06-30 14:59:23,552 - INFO: Evaluating at iteration 23535
2026-06-30 14:59:23,720 - INFO: Loss: 0.458823
2026-06-30 14:59:23,721 - INFO: Training ROC-AUC: 0.760000
2026-06-30 14:59:23,721 - INFO: Validation ROC-AUC: 0.814818
2026-06-30 14:59:28,375 - INFO: Evaluating at iteration 24035
2026-06-30 14:59:28,558 - INFO: Loss: 0.321487
2026-06-30 14:59:28,558 - INFO: Training ROC-AUC: 0.844444
2026-06-30 14:59:28,558 - INFO: Validation ROC-AUC: 0.815798
2026-06-30 14:59:33,269 - INFO: Evaluating at iteration 24535
2026-06-30 14:59:33,438 - INFO: Loss: 0.204172
2026-06-30 14:59:33,439 - INFO: Training ROC-AUC: 0.816092
2026-06-30 14:59:33,439 - INFO: Validation ROC-AUC: 0.816876
2026-06-30 14:59:38,091 - INFO: Evaluating at iteration 25035
2026-06-30 14:59:38,261 - INFO: Loss: 0.279347
2026-06-30 14:59:38,261 - INFO: Training ROC-AUC: 0.689655
2026-06-30 14:59:38,261 - INFO: Validation ROC-AUC: 0.817807
2026-06-30 14:59:39,147 - INFO: Starting epoch 13
2026-06-30 14:59:39,157 - INFO: Evaluating at iteration 25129
2026-06-30 14:59:39,319 - INFO: Loss: 0.338605
2026-06-30 14:59:39,319 - INFO: Training ROC-AUC: 0.777778
2026-06-30 14:59:39,319 - INFO: Validation ROC-AUC: 0.819008
2026-06-30 14:59:44,001 - INFO: Evaluating at iteration 25629
2026-06-30 14:59:44,185 - INFO: Loss: 0.412375
2026-06-30 14:59:44,185 - INFO: Training ROC-AUC: 0.822917
2026-06-30 14:59:44,185 - INFO: Validation ROC-AUC: 0.819049
2026-06-30 14:59:48,859 - INFO: Evaluating at iteration 26129
2026-06-30 14:59:49,029 - INFO: Loss: 0.339992
2026-06-30 14:59:49,029 - INFO: Training ROC-AUC: 0.803571
2026-06-30 14:59:49,029 - INFO: Validation ROC-AUC: 0.819520
2026-06-30 14:59:53,715 - INFO: Evaluating at iteration 26629
2026-06-30 14:59:53,887 - INFO: Loss: 0.402709
2026-06-30 14:59:53,887 - INFO: Training ROC-AUC: 0.830918
2026-06-30 14:59:53,887 - INFO: Validation ROC-AUC: 0.820868
2026-06-30 14:59:58,562 - INFO: Evaluating at iteration 27129
2026-06-30 14:59:58,734 - INFO: Loss: 0.354118
2026-06-30 14:59:58,734 - INFO: Training ROC-AUC: 0.794643
2026-06-30 14:59:58,734 - INFO: Validation ROC-AUC: 0.822855
2026-06-30 14:59:59,610 - INFO: Starting epoch 14
2026-06-30 14:59:59,620 - INFO: Evaluating at iteration 27223
2026-06-30 14:59:59,797 - INFO: Loss: 0.313711
2026-06-30 14:59:59,797 - INFO: Training ROC-AUC: 0.829630
2026-06-30 14:59:59,797 - INFO: Validation ROC-AUC: 0.821924
2026-06-30 15:00:04,446 - INFO: Evaluating at iteration 27723
2026-06-30 15:00:04,616 - INFO: Loss: 0.383548
2026-06-30 15:00:04,616 - INFO: Training ROC-AUC: 0.762821
2026-06-30 15:00:04,616 - INFO: Validation ROC-AUC: 0.822919
2026-06-30 15:00:09,264 - INFO: Evaluating at iteration 28223
2026-06-30 15:00:09,435 - INFO: Loss: 0.309563
2026-06-30 15:00:09,435 - INFO: Training ROC-AUC: 0.837037
2026-06-30 15:00:09,435 - INFO: Validation ROC-AUC: 0.824648
2026-06-30 15:00:14,131 - INFO: Evaluating at iteration 28723
2026-06-30 15:00:14,578 - INFO: Loss: 0.390335
2026-06-30 15:00:14,578 - INFO: Training ROC-AUC: 0.800000
2026-06-30 15:00:14,578 - INFO: Validation ROC-AUC: 0.825360
2026-06-30 15:00:19,230 - INFO: Evaluating at iteration 29223
2026-06-30 15:00:19,401 - INFO: Loss: 0.567156
2026-06-30 15:00:19,401 - INFO: Training ROC-AUC: 0.950000
2026-06-30 15:00:19,401 - INFO: Validation ROC-AUC: 0.824756
2026-06-30 15:00:20,292 - INFO: Starting epoch 15
2026-06-30 15:00:20,302 - INFO: Evaluating at iteration 29317
2026-06-30 15:00:20,465 - INFO: Loss: 0.197938
2026-06-30 15:00:20,465 - INFO: Training ROC-AUC: 0.816667
2026-06-30 15:00:20,465 - INFO: Validation ROC-AUC: 0.825269
2026-06-30 15:00:25,169 - INFO: Evaluating at iteration 29817
2026-06-30 15:00:25,338 - INFO: Loss: 0.451002
2026-06-30 15:00:25,338 - INFO: Training ROC-AUC: 0.854167
2026-06-30 15:00:25,338 - INFO: Validation ROC-AUC: 0.826638
2026-06-30 15:00:30,008 - INFO: Evaluating at iteration 30317
2026-06-30 15:00:30,181 - INFO: Loss: 0.313354
2026-06-30 15:00:30,181 - INFO: Training ROC-AUC: 0.678161
2026-06-30 15:00:30,181 - INFO: Validation ROC-AUC: 0.825107
2026-06-30 15:00:34,834 - INFO: Evaluating at iteration 30817
2026-06-30 15:00:35,015 - INFO: Loss: 0.326624
2026-06-30 15:00:35,015 - INFO: Training ROC-AUC: 0.696429
2026-06-30 15:00:35,015 - INFO: Validation ROC-AUC: 0.827352
2026-06-30 15:00:39,693 - INFO: Evaluating at iteration 31317
2026-06-30 15:00:39,869 - INFO: Loss: 0.321239
2026-06-30 15:00:39,869 - INFO: Training ROC-AUC: 0.903846
2026-06-30 15:00:39,869 - INFO: Validation ROC-AUC: 0.828288
2026-06-30 15:00:40,761 - INFO: Starting epoch 16
2026-06-30 15:00:40,771 - INFO: Evaluating at iteration 31411
2026-06-30 15:00:40,935 - INFO: Loss: 0.354481
2026-06-30 15:00:40,935 - INFO: Training ROC-AUC: 0.687500
2026-06-30 15:00:40,935 - INFO: Validation ROC-AUC: 0.828521
2026-06-30 15:00:45,605 - INFO: Evaluating at iteration 31911
2026-06-30 15:00:45,774 - INFO: Loss: 0.256862
2026-06-30 15:00:45,775 - INFO: Training ROC-AUC: 0.776786
2026-06-30 15:00:45,775 - INFO: Validation ROC-AUC: 0.828821
2026-06-30 15:00:50,440 - INFO: Evaluating at iteration 32411
2026-06-30 15:00:50,622 - INFO: Loss: 0.297311
2026-06-30 15:00:50,622 - INFO: Training ROC-AUC: 0.767857
2026-06-30 15:00:50,623 - INFO: Validation ROC-AUC: 0.829546
2026-06-30 15:00:55,302 - INFO: Evaluating at iteration 32911
2026-06-30 15:00:55,474 - INFO: Loss: 0.479088
2026-06-30 15:00:55,474 - INFO: Training ROC-AUC: 0.666667
2026-06-30 15:00:55,474 - INFO: Validation ROC-AUC: 0.829760
2026-06-30 15:01:00,126 - INFO: Evaluating at iteration 33411
2026-06-30 15:01:00,307 - INFO: Loss: 0.293711
2026-06-30 15:01:00,307 - INFO: Training ROC-AUC: 0.858974
2026-06-30 15:01:00,307 - INFO: Validation ROC-AUC: 0.831832
2026-06-30 15:01:01,194 - INFO: Starting epoch 17
2026-06-30 15:01:01,204 - INFO: Evaluating at iteration 33505
2026-06-30 15:01:01,371 - INFO: Loss: 0.358643
2026-06-30 15:01:01,371 - INFO: Training ROC-AUC: 0.902857
2026-06-30 15:01:01,371 - INFO: Validation ROC-AUC: 0.831650
2026-06-30 15:01:06,038 - INFO: Evaluating at iteration 34005
2026-06-30 15:01:06,208 - INFO: Loss: 0.182778
2026-06-30 15:01:06,208 - INFO: Training ROC-AUC: 0.942529
2026-06-30 15:01:06,208 - INFO: Validation ROC-AUC: 0.831126
2026-06-30 15:01:10,833 - INFO: Evaluating at iteration 34505
2026-06-30 15:01:11,003 - INFO: Loss: 0.396933
2026-06-30 15:01:11,003 - INFO: Training ROC-AUC: 0.828571
2026-06-30 15:01:11,003 - INFO: Validation ROC-AUC: 0.833322
2026-06-30 15:01:15,686 - INFO: Evaluating at iteration 35005
2026-06-30 15:01:15,855 - INFO: Loss: 0.369171
2026-06-30 15:01:15,856 - INFO: Training ROC-AUC: 0.681481
2026-06-30 15:01:15,856 - INFO: Validation ROC-AUC: 0.833269
2026-06-30 15:01:20,530 - INFO: Evaluating at iteration 35505
2026-06-30 15:01:20,701 - INFO: Loss: 0.258941
2026-06-30 15:01:20,701 - INFO: Training ROC-AUC: 0.666667
2026-06-30 15:01:20,701 - INFO: Validation ROC-AUC: 0.833406
2026-06-30 15:01:21,581 - INFO: Starting epoch 18
2026-06-30 15:01:21,591 - INFO: Evaluating at iteration 35599
2026-06-30 15:01:21,754 - INFO: Loss: 0.188995
2026-06-30 15:01:21,754 - INFO: Training ROC-AUC: 0.942529
2026-06-30 15:01:21,754 - INFO: Validation ROC-AUC: 0.833883
2026-06-30 15:01:26,450 - INFO: Evaluating at iteration 36099
2026-06-30 15:01:26,625 - INFO: Loss: 0.353243
2026-06-30 15:01:26,625 - INFO: Training ROC-AUC: 0.826923
2026-06-30 15:01:26,625 - INFO: Validation ROC-AUC: 0.834107
2026-06-30 15:01:31,304 - INFO: Evaluating at iteration 36599
2026-06-30 15:01:31,472 - INFO: Loss: 0.332672
2026-06-30 15:01:31,472 - INFO: Training ROC-AUC: 0.885714
2026-06-30 15:01:31,472 - INFO: Validation ROC-AUC: 0.835294
2026-06-30 15:01:36,179 - INFO: Evaluating at iteration 37099
2026-06-30 15:01:36,352 - INFO: Loss: 0.331340
2026-06-30 15:01:36,352 - INFO: Training ROC-AUC: 0.800000
2026-06-30 15:01:36,352 - INFO: Validation ROC-AUC: 0.835674
2026-06-30 15:01:41,034 - INFO: Evaluating at iteration 37599
2026-06-30 15:01:41,203 - INFO: Loss: 0.291886
2026-06-30 15:01:41,203 - INFO: Training ROC-AUC: 0.950000
2026-06-30 15:01:41,203 - INFO: Validation ROC-AUC: 0.836099
2026-06-30 15:01:42,087 - INFO: Starting epoch 19
2026-06-30 15:01:42,104 - INFO: Evaluating at iteration 37693
2026-06-30 15:01:42,269 - INFO: Loss: 0.123089
2026-06-30 15:01:42,269 - INFO: Training ROC-AUC: 0.965517
2026-06-30 15:01:42,269 - INFO: Validation ROC-AUC: 0.836711
2026-06-30 15:01:46,993 - INFO: Evaluating at iteration 38193
2026-06-30 15:01:47,174 - INFO: Loss: 0.287791
2026-06-30 15:01:47,174 - INFO: Training ROC-AUC: 0.897143
2026-06-30 15:01:47,174 - INFO: Validation ROC-AUC: 0.836742
2026-06-30 15:01:51,852 - INFO: Evaluating at iteration 38693
2026-06-30 15:01:52,034 - INFO: Loss: 0.432922
2026-06-30 15:01:52,034 - INFO: Training ROC-AUC: 0.877273
2026-06-30 15:01:52,034 - INFO: Validation ROC-AUC: 0.836948
2026-06-30 15:01:56,731 - INFO: Evaluating at iteration 39193
2026-06-30 15:01:56,907 - INFO: Loss: 0.364928
2026-06-30 15:01:56,907 - INFO: Training ROC-AUC: 0.840000
2026-06-30 15:01:56,907 - INFO: Validation ROC-AUC: 0.838267
2026-06-30 15:02:01,569 - INFO: Evaluating at iteration 39693
2026-06-30 15:02:01,739 - INFO: Loss: 0.399695
2026-06-30 15:02:01,739 - INFO: Training ROC-AUC: 0.730769
2026-06-30 15:02:01,739 - INFO: Validation ROC-AUC: 0.838800
2026-06-30 15:02:02,622 - INFO: Starting epoch 20
2026-06-30 15:02:02,632 - INFO: Evaluating at iteration 39787
2026-06-30 15:02:02,799 - INFO: Loss: 0.229749
2026-06-30 15:02:02,799 - INFO: Training ROC-AUC: 0.910714
2026-06-30 15:02:02,799 - INFO: Validation ROC-AUC: 0.839116
2026-06-30 15:02:07,483 - INFO: Evaluating at iteration 40287
2026-06-30 15:02:07,654 - INFO: Loss: 0.484187
2026-06-30 15:02:07,654 - INFO: Training ROC-AUC: 0.615385
2026-06-30 15:02:07,654 - INFO: Validation ROC-AUC: 0.840090
2026-06-30 15:02:12,315 - INFO: Evaluating at iteration 40787
2026-06-30 15:02:12,484 - INFO: Loss: 0.184392
2026-06-30 15:02:12,485 - INFO: Training ROC-AUC: 0.946429
2026-06-30 15:02:12,485 - INFO: Validation ROC-AUC: 0.839363
2026-06-30 15:02:17,158 - INFO: Evaluating at iteration 41287
2026-06-30 15:02:17,326 - INFO: Loss: 0.245679
2026-06-30 15:02:17,326 - INFO: Training ROC-AUC: 0.650000
2026-06-30 15:02:17,326 - INFO: Validation ROC-AUC: 0.840656
2026-06-30 15:02:21,967 - INFO: Evaluating at iteration 41787
2026-06-30 15:02:22,142 - INFO: Loss: 0.323514
2026-06-30 15:02:22,142 - INFO: Training ROC-AUC: 0.770370
2026-06-30 15:02:22,143 - INFO: Validation ROC-AUC: 0.841553
2026-06-30 15:02:23,025 - INFO: Starting epoch 21
2026-06-30 15:02:23,035 - INFO: Evaluating at iteration 41881
2026-06-30 15:02:23,204 - INFO: Loss: 0.254944
2026-06-30 15:02:23,204 - INFO: Training ROC-AUC: 0.920000
2026-06-30 15:02:23,204 - INFO: Validation ROC-AUC: 0.841847
2026-06-30 15:02:27,900 - INFO: Evaluating at iteration 42381
2026-06-30 15:02:28,070 - INFO: Loss: 0.336729
2026-06-30 15:02:28,070 - INFO: Training ROC-AUC: 0.705357
2026-06-30 15:02:28,070 - INFO: Validation ROC-AUC: 0.842283
2026-06-30 15:02:32,721 - INFO: Evaluating at iteration 42881
2026-06-30 15:02:32,894 - INFO: Loss: 0.208908
2026-06-30 15:02:32,894 - INFO: Training ROC-AUC: 0.946429
2026-06-30 15:02:32,894 - INFO: Validation ROC-AUC: 0.841368
2026-06-30 15:02:37,602 - INFO: Evaluating at iteration 43381
2026-06-30 15:02:37,772 - INFO: Loss: 0.309105
2026-06-30 15:02:37,772 - INFO: Training ROC-AUC: 0.829630
2026-06-30 15:02:37,773 - INFO: Validation ROC-AUC: 0.842203
2026-06-30 15:02:42,462 - INFO: Evaluating at iteration 43881
2026-06-30 15:02:42,633 - INFO: Loss: 0.298249
2026-06-30 15:02:42,633 - INFO: Training ROC-AUC: 0.850575
2026-06-30 15:02:42,633 - INFO: Validation ROC-AUC: 0.843373
2026-06-30 15:02:43,528 - INFO: Starting epoch 22
2026-06-30 15:02:43,538 - INFO: Evaluating at iteration 43975
2026-06-30 15:02:43,703 - INFO: Loss: 0.279331
2026-06-30 15:02:43,704 - INFO: Training ROC-AUC: 0.821429
2026-06-30 15:02:43,704 - INFO: Validation ROC-AUC: 0.844371
2026-06-30 15:02:48,512 - INFO: Evaluating at iteration 44475
2026-06-30 15:02:48,683 - INFO: Loss: 0.571764
2026-06-30 15:02:48,683 - INFO: Training ROC-AUC: 0.656250
2026-06-30 15:02:48,683 - INFO: Validation ROC-AUC: 0.843463
2026-06-30 15:02:53,419 - INFO: Evaluating at iteration 44975
2026-06-30 15:02:53,589 - INFO: Loss: 0.294269
2026-06-30 15:02:53,589 - INFO: Training ROC-AUC: 0.874074
2026-06-30 15:02:53,589 - INFO: Validation ROC-AUC: 0.842814
2026-06-30 15:02:58,377 - INFO: Evaluating at iteration 45475
2026-06-30 15:02:58,546 - INFO: Loss: 0.340434
2026-06-30 15:02:58,546 - INFO: Training ROC-AUC: 0.857143
2026-06-30 15:02:58,547 - INFO: Validation ROC-AUC: 0.845450
2026-06-30 15:03:03,281 - INFO: Evaluating at iteration 45975
2026-06-30 15:03:03,452 - INFO: Loss: 0.237453
2026-06-30 15:03:03,452 - INFO: Training ROC-AUC: 0.910256
2026-06-30 15:03:03,452 - INFO: Validation ROC-AUC: 0.845574
2026-06-30 15:03:04,356 - INFO: Starting epoch 23
2026-06-30 15:03:04,366 - INFO: Evaluating at iteration 46069
2026-06-30 15:03:04,531 - INFO: Loss: 0.271143
2026-06-30 15:03:04,531 - INFO: Training ROC-AUC: 0.931034
2026-06-30 15:03:04,531 - INFO: Validation ROC-AUC: 0.845475
2026-06-30 15:03:09,335 - INFO: Evaluating at iteration 46569
2026-06-30 15:03:09,506 - INFO: Loss: 0.195171
2026-06-30 15:03:09,506 - INFO: Training ROC-AUC: 0.925926
2026-06-30 15:03:09,506 - INFO: Validation ROC-AUC: 0.846423
2026-06-30 15:03:14,290 - INFO: Evaluating at iteration 47069
2026-06-30 15:03:14,458 - INFO: Loss: 0.454359
2026-06-30 15:03:14,458 - INFO: Training ROC-AUC: 0.903382
2026-06-30 15:03:14,458 - INFO: Validation ROC-AUC: 0.846774
2026-06-30 15:03:19,289 - INFO: Evaluating at iteration 47569
2026-06-30 15:03:19,458 - INFO: Loss: 0.202643
2026-06-30 15:03:19,458 - INFO: Training ROC-AUC: 0.946429
2026-06-30 15:03:19,458 - INFO: Validation ROC-AUC: 0.847150
2026-06-30 15:03:24,283 - INFO: Evaluating at iteration 48069
2026-06-30 15:03:24,452 - INFO: Loss: 0.314745
2026-06-30 15:03:24,452 - INFO: Training ROC-AUC: 0.880000
2026-06-30 15:03:24,452 - INFO: Validation ROC-AUC: 0.847619
2026-06-30 15:03:25,377 - INFO: Starting epoch 24
2026-06-30 15:03:25,388 - INFO: Evaluating at iteration 48163
2026-06-30 15:03:25,551 - INFO: Loss: 0.262132
2026-06-30 15:03:25,551 - INFO: Training ROC-AUC: 0.891026
2026-06-30 15:03:25,551 - INFO: Validation ROC-AUC: 0.848184
2026-06-30 15:03:30,394 - INFO: Evaluating at iteration 48663
2026-06-30 15:03:30,563 - INFO: Loss: 0.206489
2026-06-30 15:03:30,563 - INFO: Training ROC-AUC: 0.928571
2026-06-30 15:03:30,563 - INFO: Validation ROC-AUC: 0.848130
2026-06-30 15:03:35,403 - INFO: Evaluating at iteration 49163
2026-06-30 15:03:35,587 - INFO: Loss: 0.295278
2026-06-30 15:03:35,587 - INFO: Training ROC-AUC: 0.874074
2026-06-30 15:03:35,587 - INFO: Validation ROC-AUC: 0.848100
2026-06-30 15:03:40,429 - INFO: Evaluating at iteration 49663
2026-06-30 15:03:40,599 - INFO: Loss: 0.388064
2026-06-30 15:03:40,599 - INFO: Training ROC-AUC: 0.817143
2026-06-30 15:03:40,599 - INFO: Validation ROC-AUC: 0.848153
2026-06-30 15:03:45,435 - INFO: Evaluating at iteration 50163
2026-06-30 15:03:45,607 - INFO: Loss: 0.405740
2026-06-30 15:03:45,607 - INFO: Training ROC-AUC: 0.698718
2026-06-30 15:03:45,607 - INFO: Validation ROC-AUC: 0.848589
2026-06-30 15:03:46,516 - INFO: Starting epoch 25
2026-06-30 15:03:46,536 - INFO: Evaluating at iteration 50257
2026-06-30 15:03:46,702 - INFO: Loss: 0.309883
2026-06-30 15:03:46,702 - INFO: Training ROC-AUC: 0.917874
2026-06-30 15:03:46,702 - INFO: Validation ROC-AUC: 0.849070
2026-06-30 15:03:51,550 - INFO: Evaluating at iteration 50757
2026-06-30 15:03:51,719 - INFO: Loss: 0.280407
2026-06-30 15:03:51,719 - INFO: Training ROC-AUC: 0.852564
2026-06-30 15:03:51,719 - INFO: Validation ROC-AUC: 0.849082
2026-06-30 15:03:56,563 - INFO: Evaluating at iteration 51257
2026-06-30 15:03:56,732 - INFO: Loss: 0.090171
2026-06-30 15:03:56,732 - INFO: Training ROC-AUC: 1.000000
2026-06-30 15:03:56,732 - INFO: Validation ROC-AUC: 0.850412
2026-06-30 15:04:01,586 - INFO: Evaluating at iteration 51757
2026-06-30 15:04:01,755 - INFO: Loss: 0.242939
2026-06-30 15:04:01,755 - INFO: Training ROC-AUC: 0.850575
2026-06-30 15:04:01,755 - INFO: Validation ROC-AUC: 0.851068
2026-06-30 15:04:06,634 - INFO: Evaluating at iteration 52257
2026-06-30 15:04:06,804 - INFO: Loss: 0.420532
2026-06-30 15:04:06,804 - INFO: Training ROC-AUC: 0.743590
2026-06-30 15:04:06,804 - INFO: Validation ROC-AUC: 0.851320
2026-06-30 15:04:07,727 - INFO: Saving model to models/TCRStructMap_random_split_cdrs_peptide/model_3.pt
2026-06-30 15:04:07,744 - INFO: Starting fold 4
2026-06-30 15:04:07,813 - INFO: Initialising model
2026-06-30 15:04:07,819 - INFO: Starting training
2026-06-30 15:04:07,819 - INFO: Starting epoch 1
2026-06-30 15:04:07,831 - INFO: Evaluating at iteration 1
2026-06-30 15:04:07,995 - INFO: Loss: 0.679872
2026-06-30 15:04:07,995 - INFO: Training ROC-AUC: 0.464286
2026-06-30 15:04:07,995 - INFO: Validation ROC-AUC: 0.494069
2026-06-30 15:04:12,469 - INFO: Evaluating at iteration 501
2026-06-30 15:04:12,638 - INFO: Loss: 0.490392
2026-06-30 15:04:12,638 - INFO: Training ROC-AUC: 0.397436
2026-06-30 15:04:12,639 - INFO: Validation ROC-AUC: 0.499239
2026-06-30 15:04:17,290 - INFO: Evaluating at iteration 1001
2026-06-30 15:04:17,475 - INFO: Loss: 0.287651
2026-06-30 15:04:17,475 - INFO: Training ROC-AUC: 0.483333
2026-06-30 15:04:17,475 - INFO: Validation ROC-AUC: 0.499288
2026-06-30 15:04:22,158 - INFO: Evaluating at iteration 1501
2026-06-30 15:04:22,328 - INFO: Loss: 0.346158
2026-06-30 15:04:22,328 - INFO: Training ROC-AUC: 0.413793
2026-06-30 15:04:22,328 - INFO: Validation ROC-AUC: 0.518461
2026-06-30 15:04:26,996 - INFO: Evaluating at iteration 2001
2026-06-30 15:04:27,166 - INFO: Loss: 0.389350
2026-06-30 15:04:27,166 - INFO: Training ROC-AUC: 0.428571
2026-06-30 15:04:27,166 - INFO: Validation ROC-AUC: 0.624151
2026-06-30 15:04:28,082 - INFO: Starting epoch 2
2026-06-30 15:04:28,092 - INFO: Evaluating at iteration 2095
2026-06-30 15:04:28,263 - INFO: Loss: 0.239697
2026-06-30 15:04:28,263 - INFO: Training ROC-AUC: 0.548387
2026-06-30 15:04:28,263 - INFO: Validation ROC-AUC: 0.623471
2026-06-30 15:04:32,923 - INFO: Evaluating at iteration 2595
2026-06-30 15:04:33,101 - INFO: Loss: 0.396883
2026-06-30 15:04:33,101 - INFO: Training ROC-AUC: 0.703704
2026-06-30 15:04:33,101 - INFO: Validation ROC-AUC: 0.632706
2026-06-30 15:04:37,759 - INFO: Evaluating at iteration 3095
2026-06-30 15:04:37,930 - INFO: Loss: 0.439087
2026-06-30 15:04:37,930 - INFO: Training ROC-AUC: 0.576923
2026-06-30 15:04:37,930 - INFO: Validation ROC-AUC: 0.652560
2026-06-30 15:04:42,630 - INFO: Evaluating at iteration 3595
2026-06-30 15:04:42,799 - INFO: Loss: 0.601513
2026-06-30 15:04:42,799 - INFO: Training ROC-AUC: 0.500000
2026-06-30 15:04:42,799 - INFO: Validation ROC-AUC: 0.683385
2026-06-30 15:04:47,488 - INFO: Evaluating at iteration 4095
2026-06-30 15:04:47,656 - INFO: Loss: 0.374394
2026-06-30 15:04:47,656 - INFO: Training ROC-AUC: 0.822222
2026-06-30 15:04:47,656 - INFO: Validation ROC-AUC: 0.707781
2026-06-30 15:04:48,554 - INFO: Starting epoch 3
2026-06-30 15:04:48,563 - INFO: Evaluating at iteration 4189
2026-06-30 15:04:48,733 - INFO: Loss: 0.261226
2026-06-30 15:04:48,733 - INFO: Training ROC-AUC: 0.804598
2026-06-30 15:04:48,733 - INFO: Validation ROC-AUC: 0.709901
2026-06-30 15:04:53,469 - INFO: Evaluating at iteration 4689
2026-06-30 15:04:53,639 - INFO: Loss: 0.415769
2026-06-30 15:04:53,639 - INFO: Training ROC-AUC: 0.634615
2026-06-30 15:04:53,639 - INFO: Validation ROC-AUC: 0.724310
2026-06-30 15:04:58,336 - INFO: Evaluating at iteration 5189
2026-06-30 15:04:58,507 - INFO: Loss: 0.286204
2026-06-30 15:04:58,507 - INFO: Training ROC-AUC: 0.961538
2026-06-30 15:04:58,507 - INFO: Validation ROC-AUC: 0.732535
2026-06-30 15:05:03,220 - INFO: Evaluating at iteration 5689
2026-06-30 15:05:03,389 - INFO: Loss: 0.335935
2026-06-30 15:05:03,389 - INFO: Training ROC-AUC: 0.820513
2026-06-30 15:05:03,389 - INFO: Validation ROC-AUC: 0.740318
2026-06-30 15:05:08,061 - INFO: Evaluating at iteration 6189
2026-06-30 15:05:08,237 - INFO: Loss: 0.395400
2026-06-30 15:05:08,237 - INFO: Training ROC-AUC: 0.711111
2026-06-30 15:05:08,237 - INFO: Validation ROC-AUC: 0.745963
2026-06-30 15:05:09,129 - INFO: Starting epoch 4
2026-06-30 15:05:09,140 - INFO: Evaluating at iteration 6283
2026-06-30 15:05:09,321 - INFO: Loss: 0.242493
2026-06-30 15:05:09,321 - INFO: Training ROC-AUC: 0.955357
2026-06-30 15:05:09,321 - INFO: Validation ROC-AUC: 0.746599
2026-06-30 15:05:14,020 - INFO: Evaluating at iteration 6783
2026-06-30 15:05:14,189 - INFO: Loss: 0.364477
2026-06-30 15:05:14,189 - INFO: Training ROC-AUC: 0.826923
2026-06-30 15:05:14,189 - INFO: Validation ROC-AUC: 0.753201
2026-06-30 15:05:18,882 - INFO: Evaluating at iteration 7283
2026-06-30 15:05:19,051 - INFO: Loss: 0.299221
2026-06-30 15:05:19,051 - INFO: Training ROC-AUC: 0.767857
2026-06-30 15:05:19,051 - INFO: Validation ROC-AUC: 0.756805
2026-06-30 15:05:23,776 - INFO: Evaluating at iteration 7783
2026-06-30 15:05:23,954 - INFO: Loss: 0.284900
2026-06-30 15:05:23,954 - INFO: Training ROC-AUC: 0.891026
2026-06-30 15:05:23,954 - INFO: Validation ROC-AUC: 0.763312
2026-06-30 15:05:28,627 - INFO: Evaluating at iteration 8283
2026-06-30 15:05:28,798 - INFO: Loss: 0.378038
2026-06-30 15:05:28,798 - INFO: Training ROC-AUC: 0.413793
2026-06-30 15:05:28,798 - INFO: Validation ROC-AUC: 0.769299
2026-06-30 15:05:29,695 - INFO: Starting epoch 5
2026-06-30 15:05:29,705 - INFO: Evaluating at iteration 8377
2026-06-30 15:05:29,870 - INFO: Loss: 0.330772
2026-06-30 15:05:29,870 - INFO: Training ROC-AUC: 0.814815
2026-06-30 15:05:29,870 - INFO: Validation ROC-AUC: 0.769434
2026-06-30 15:05:34,591 - INFO: Evaluating at iteration 8877
2026-06-30 15:05:34,761 - INFO: Loss: 0.428793
2026-06-30 15:05:34,762 - INFO: Training ROC-AUC: 0.800000
2026-06-30 15:05:34,762 - INFO: Validation ROC-AUC: 0.773544
2026-06-30 15:05:39,447 - INFO: Evaluating at iteration 9377
2026-06-30 15:05:39,615 - INFO: Loss: 0.472288
2026-06-30 15:05:39,615 - INFO: Training ROC-AUC: 0.796875
2026-06-30 15:05:39,615 - INFO: Validation ROC-AUC: 0.776003
2026-06-30 15:05:44,335 - INFO: Evaluating at iteration 9877
2026-06-30 15:05:44,524 - INFO: Loss: 0.306538
2026-06-30 15:05:44,524 - INFO: Training ROC-AUC: 0.794643
2026-06-30 15:05:44,524 - INFO: Validation ROC-AUC: 0.780774
2026-06-30 15:05:49,206 - INFO: Evaluating at iteration 10377
2026-06-30 15:05:49,373 - INFO: Loss: 0.264622
2026-06-30 15:05:49,374 - INFO: Training ROC-AUC: 0.903704
2026-06-30 15:05:49,374 - INFO: Validation ROC-AUC: 0.783354
2026-06-30 15:05:50,269 - INFO: Starting epoch 6
2026-06-30 15:05:50,279 - INFO: Evaluating at iteration 10471
2026-06-30 15:05:50,442 - INFO: Loss: 0.155396
2026-06-30 15:05:50,442 - INFO: Training ROC-AUC: 0.983333
2026-06-30 15:05:50,442 - INFO: Validation ROC-AUC: 0.784234
2026-06-30 15:05:55,174 - INFO: Evaluating at iteration 10971
2026-06-30 15:05:55,343 - INFO: Loss: 0.294767
2026-06-30 15:05:55,343 - INFO: Training ROC-AUC: 0.923077
2026-06-30 15:05:55,343 - INFO: Validation ROC-AUC: 0.786885
2026-06-30 15:06:00,047 - INFO: Evaluating at iteration 11471
2026-06-30 15:06:00,218 - INFO: Loss: 0.243551
2026-06-30 15:06:00,218 - INFO: Training ROC-AUC: 0.919643
2026-06-30 15:06:00,218 - INFO: Validation ROC-AUC: 0.789436
2026-06-30 15:06:04,933 - INFO: Evaluating at iteration 11971
2026-06-30 15:06:05,105 - INFO: Loss: 0.560816
2026-06-30 15:06:05,105 - INFO: Training ROC-AUC: 0.661836
2026-06-30 15:06:05,105 - INFO: Validation ROC-AUC: 0.791876
2026-06-30 15:06:09,795 - INFO: Evaluating at iteration 12471
2026-06-30 15:06:09,965 - INFO: Loss: 0.399141
2026-06-30 15:06:09,965 - INFO: Training ROC-AUC: 0.775641
2026-06-30 15:06:09,965 - INFO: Validation ROC-AUC: 0.794946
2026-06-30 15:06:10,849 - INFO: Starting epoch 7
2026-06-30 15:06:10,859 - INFO: Evaluating at iteration 12565
2026-06-30 15:06:11,023 - INFO: Loss: 0.249802
2026-06-30 15:06:11,064 - INFO: Training ROC-AUC: 0.908046
2026-06-30 15:06:11,065 - INFO: Validation ROC-AUC: 0.795406
2026-06-30 15:06:15,795 - INFO: Evaluating at iteration 13065
2026-06-30 15:06:15,977 - INFO: Loss: 0.392434
2026-06-30 15:06:15,977 - INFO: Training ROC-AUC: 0.885714
2026-06-30 15:06:15,977 - INFO: Validation ROC-AUC: 0.798497
2026-06-30 15:06:20,688 - INFO: Evaluating at iteration 13565
2026-06-30 15:06:20,858 - INFO: Loss: 0.372007
2026-06-30 15:06:20,858 - INFO: Training ROC-AUC: 0.762821
2026-06-30 15:06:20,858 - INFO: Validation ROC-AUC: 0.799216
2026-06-30 15:06:25,546 - INFO: Evaluating at iteration 14065
2026-06-30 15:06:25,723 - INFO: Loss: 0.525328
2026-06-30 15:06:25,723 - INFO: Training ROC-AUC: 0.531429
2026-06-30 15:06:25,723 - INFO: Validation ROC-AUC: 0.802283
2026-06-30 15:06:30,396 - INFO: Evaluating at iteration 14565
2026-06-30 15:06:30,566 - INFO: Loss: 0.316265
2026-06-30 15:06:30,566 - INFO: Training ROC-AUC: 0.826923
2026-06-30 15:06:30,566 - INFO: Validation ROC-AUC: 0.802866
2026-06-30 15:06:31,450 - INFO: Starting epoch 8
2026-06-30 15:06:31,460 - INFO: Evaluating at iteration 14659
2026-06-30 15:06:31,625 - INFO: Loss: 0.213041
2026-06-30 15:06:31,625 - INFO: Training ROC-AUC: 0.982143
2026-06-30 15:06:31,625 - INFO: Validation ROC-AUC: 0.803282
2026-06-30 15:06:36,357 - INFO: Evaluating at iteration 15159
2026-06-30 15:06:36,537 - INFO: Loss: 0.322086
2026-06-30 15:06:36,538 - INFO: Training ROC-AUC: 0.785714
2026-06-30 15:06:36,538 - INFO: Validation ROC-AUC: 0.806019
2026-06-30 15:06:41,235 - INFO: Evaluating at iteration 15659
2026-06-30 15:06:41,405 - INFO: Loss: 0.279884
2026-06-30 15:06:41,405 - INFO: Training ROC-AUC: 0.883929
2026-06-30 15:06:41,405 - INFO: Validation ROC-AUC: 0.808273
2026-06-30 15:06:46,121 - INFO: Evaluating at iteration 16159
2026-06-30 15:06:46,305 - INFO: Loss: 0.495573
2026-06-30 15:06:46,305 - INFO: Training ROC-AUC: 0.826840
2026-06-30 15:06:46,305 - INFO: Validation ROC-AUC: 0.809478
2026-06-30 15:06:50,990 - INFO: Evaluating at iteration 16659
2026-06-30 15:06:51,159 - INFO: Loss: 0.338058
2026-06-30 15:06:51,159 - INFO: Training ROC-AUC: 0.723214
2026-06-30 15:06:51,159 - INFO: Validation ROC-AUC: 0.811328
2026-06-30 15:06:52,078 - INFO: Starting epoch 9
2026-06-30 15:06:52,088 - INFO: Evaluating at iteration 16753
2026-06-30 15:06:52,257 - INFO: Loss: 0.530607
2026-06-30 15:06:52,257 - INFO: Training ROC-AUC: 0.787440
2026-06-30 15:06:52,257 - INFO: Validation ROC-AUC: 0.811985
2026-06-30 15:06:56,961 - INFO: Evaluating at iteration 17253
2026-06-30 15:06:57,132 - INFO: Loss: 0.114675
2026-06-30 15:06:57,132 - INFO: Training ROC-AUC: 1.000000
2026-06-30 15:06:57,132 - INFO: Validation ROC-AUC: 0.813209
2026-06-30 15:07:01,835 - INFO: Evaluating at iteration 17753
2026-06-30 15:07:02,004 - INFO: Loss: 0.205725
2026-06-30 15:07:02,005 - INFO: Training ROC-AUC: 0.903226
2026-06-30 15:07:02,005 - INFO: Validation ROC-AUC: 0.812036
2026-06-30 15:07:06,749 - INFO: Evaluating at iteration 18253
2026-06-30 15:07:06,918 - INFO: Loss: 0.183943
2026-06-30 15:07:06,918 - INFO: Training ROC-AUC: 0.903226
2026-06-30 15:07:06,918 - INFO: Validation ROC-AUC: 0.815943
2026-06-30 15:07:11,590 - INFO: Evaluating at iteration 18753
2026-06-30 15:07:11,771 - INFO: Loss: 0.389639
2026-06-30 15:07:11,771 - INFO: Training ROC-AUC: 0.718519
2026-06-30 15:07:11,771 - INFO: Validation ROC-AUC: 0.818351
2026-06-30 15:07:12,659 - INFO: Starting epoch 10
2026-06-30 15:07:12,669 - INFO: Evaluating at iteration 18847
2026-06-30 15:07:12,836 - INFO: Loss: 0.290403
2026-06-30 15:07:12,836 - INFO: Training ROC-AUC: 0.865385
2026-06-30 15:07:12,836 - INFO: Validation ROC-AUC: 0.818012
2026-06-30 15:07:17,541 - INFO: Evaluating at iteration 19347
2026-06-30 15:07:17,710 - INFO: Loss: 0.595100
2026-06-30 15:07:17,710 - INFO: Training ROC-AUC: 0.723958
2026-06-30 15:07:17,710 - INFO: Validation ROC-AUC: 0.819097
2026-06-30 15:07:22,378 - INFO: Evaluating at iteration 19847
2026-06-30 15:07:22,548 - INFO: Loss: 0.318237
2026-06-30 15:07:22,549 - INFO: Training ROC-AUC: 0.927536
2026-06-30 15:07:22,549 - INFO: Validation ROC-AUC: 0.820097
2026-06-30 15:07:27,274 - INFO: Evaluating at iteration 20347
2026-06-30 15:07:27,445 - INFO: Loss: 0.390262
2026-06-30 15:07:27,445 - INFO: Training ROC-AUC: 0.880000
2026-06-30 15:07:27,445 - INFO: Validation ROC-AUC: 0.820925
2026-06-30 15:07:32,108 - INFO: Evaluating at iteration 20847
2026-06-30 15:07:32,276 - INFO: Loss: 0.323704
2026-06-30 15:07:32,276 - INFO: Training ROC-AUC: 0.911458
2026-06-30 15:07:32,276 - INFO: Validation ROC-AUC: 0.821390
2026-06-30 15:07:33,167 - INFO: Starting epoch 11
2026-06-30 15:07:33,177 - INFO: Evaluating at iteration 20941
2026-06-30 15:07:33,340 - INFO: Loss: 0.165353
2026-06-30 15:07:33,340 - INFO: Training ROC-AUC: 0.954023
2026-06-30 15:07:33,340 - INFO: Validation ROC-AUC: 0.822646
2026-06-30 15:07:38,077 - INFO: Evaluating at iteration 21441
2026-06-30 15:07:38,247 - INFO: Loss: 0.322489
2026-06-30 15:07:38,247 - INFO: Training ROC-AUC: 0.880000
2026-06-30 15:07:38,247 - INFO: Validation ROC-AUC: 0.823788
2026-06-30 15:07:42,930 - INFO: Evaluating at iteration 21941
2026-06-30 15:07:43,100 - INFO: Loss: 0.213006
2026-06-30 15:07:43,100 - INFO: Training ROC-AUC: 0.918519
2026-06-30 15:07:43,100 - INFO: Validation ROC-AUC: 0.824938
2026-06-30 15:07:47,815 - INFO: Evaluating at iteration 22441
2026-06-30 15:07:47,986 - INFO: Loss: 0.287258
2026-06-30 15:07:47,986 - INFO: Training ROC-AUC: 0.918519
2026-06-30 15:07:47,986 - INFO: Validation ROC-AUC: 0.826941
2026-06-30 15:07:52,698 - INFO: Evaluating at iteration 22941
2026-06-30 15:07:52,867 - INFO: Loss: 0.282779
2026-06-30 15:07:52,867 - INFO: Training ROC-AUC: 0.866667
2026-06-30 15:07:52,868 - INFO: Validation ROC-AUC: 0.826513
2026-06-30 15:07:53,765 - INFO: Starting epoch 12
2026-06-30 15:07:53,775 - INFO: Evaluating at iteration 23035
2026-06-30 15:07:53,939 - INFO: Loss: 0.294369
2026-06-30 15:07:53,939 - INFO: Training ROC-AUC: 0.955556
2026-06-30 15:07:53,939 - INFO: Validation ROC-AUC: 0.827247
2026-06-30 15:07:58,660 - INFO: Evaluating at iteration 23535
2026-06-30 15:07:58,832 - INFO: Loss: 0.343274
2026-06-30 15:07:58,832 - INFO: Training ROC-AUC: 0.852564
2026-06-30 15:07:58,832 - INFO: Validation ROC-AUC: 0.828084
2026-06-30 15:08:03,544 - INFO: Evaluating at iteration 24035
2026-06-30 15:08:03,715 - INFO: Loss: 0.227686
2026-06-30 15:08:03,715 - INFO: Training ROC-AUC: 0.984375
2026-06-30 15:08:03,716 - INFO: Validation ROC-AUC: 0.828204
2026-06-30 15:08:08,412 - INFO: Evaluating at iteration 24535
2026-06-30 15:08:08,585 - INFO: Loss: 0.202977
2026-06-30 15:08:08,585 - INFO: Training ROC-AUC: 0.987179
2026-06-30 15:08:08,585 - INFO: Validation ROC-AUC: 0.829985
2026-06-30 15:08:13,292 - INFO: Evaluating at iteration 25035
2026-06-30 15:08:13,478 - INFO: Loss: 0.483083
2026-06-30 15:08:13,478 - INFO: Training ROC-AUC: 0.548148
2026-06-30 15:08:13,478 - INFO: Validation ROC-AUC: 0.830689
2026-06-30 15:08:14,358 - INFO: Starting epoch 13
2026-06-30 15:08:14,367 - INFO: Evaluating at iteration 25129
2026-06-30 15:08:14,546 - INFO: Loss: 0.244333
2026-06-30 15:08:14,546 - INFO: Training ROC-AUC: 0.948718
2026-06-30 15:08:14,546 - INFO: Validation ROC-AUC: 0.830050
2026-06-30 15:08:19,240 - INFO: Evaluating at iteration 25629
2026-06-30 15:08:19,412 - INFO: Loss: 0.330461
2026-06-30 15:08:19,412 - INFO: Training ROC-AUC: 0.931429
2026-06-30 15:08:19,412 - INFO: Validation ROC-AUC: 0.831898
2026-06-30 15:08:24,095 - INFO: Evaluating at iteration 26129
2026-06-30 15:08:24,264 - INFO: Loss: 0.256835
2026-06-30 15:08:24,264 - INFO: Training ROC-AUC: 0.935897
2026-06-30 15:08:24,264 - INFO: Validation ROC-AUC: 0.832255
2026-06-30 15:08:28,987 - INFO: Evaluating at iteration 26629
2026-06-30 15:08:29,155 - INFO: Loss: 0.306415
2026-06-30 15:08:29,156 - INFO: Training ROC-AUC: 0.785714
2026-06-30 15:08:29,156 - INFO: Validation ROC-AUC: 0.832658
2026-06-30 15:08:33,857 - INFO: Evaluating at iteration 27129
2026-06-30 15:08:34,029 - INFO: Loss: 0.196422
2026-06-30 15:08:34,029 - INFO: Training ROC-AUC: 0.916667
2026-06-30 15:08:34,029 - INFO: Validation ROC-AUC: 0.831687
2026-06-30 15:08:34,937 - INFO: Starting epoch 14
2026-06-30 15:08:34,947 - INFO: Evaluating at iteration 27223
2026-06-30 15:08:35,117 - INFO: Loss: 0.297768
2026-06-30 15:08:35,117 - INFO: Training ROC-AUC: 0.901786
2026-06-30 15:08:35,117 - INFO: Validation ROC-AUC: 0.833700
2026-06-30 15:08:39,850 - INFO: Evaluating at iteration 27723
2026-06-30 15:08:40,021 - INFO: Loss: 0.289004
2026-06-30 15:08:40,021 - INFO: Training ROC-AUC: 0.923077
2026-06-30 15:08:40,021 - INFO: Validation ROC-AUC: 0.834775
2026-06-30 15:08:44,718 - INFO: Evaluating at iteration 28223
2026-06-30 15:08:44,886 - INFO: Loss: 0.368432
2026-06-30 15:08:44,887 - INFO: Training ROC-AUC: 0.902857
2026-06-30 15:08:44,887 - INFO: Validation ROC-AUC: 0.834877
2026-06-30 15:08:49,605 - INFO: Evaluating at iteration 28723
2026-06-30 15:08:49,787 - INFO: Loss: 0.428066
2026-06-30 15:08:49,788 - INFO: Training ROC-AUC: 0.762821
2026-06-30 15:08:49,788 - INFO: Validation ROC-AUC: 0.835418
2026-06-30 15:08:54,453 - INFO: Evaluating at iteration 29223
2026-06-30 15:08:54,623 - INFO: Loss: 0.447664
2026-06-30 15:08:54,623 - INFO: Training ROC-AUC: 0.782857
2026-06-30 15:08:54,623 - INFO: Validation ROC-AUC: 0.836643
2026-06-30 15:08:55,502 - INFO: Starting epoch 15
2026-06-30 15:08:55,512 - INFO: Evaluating at iteration 29317
2026-06-30 15:08:55,678 - INFO: Loss: 0.238172
2026-06-30 15:08:55,678 - INFO: Training ROC-AUC: 0.962963
2026-06-30 15:08:55,679 - INFO: Validation ROC-AUC: 0.836949
2026-06-30 15:09:00,415 - INFO: Evaluating at iteration 29817
2026-06-30 15:09:00,583 - INFO: Loss: 0.395291
2026-06-30 15:09:00,583 - INFO: Training ROC-AUC: 0.794286
2026-06-30 15:09:00,583 - INFO: Validation ROC-AUC: 0.836917
2026-06-30 15:09:05,308 - INFO: Evaluating at iteration 30317
2026-06-30 15:09:05,482 - INFO: Loss: 0.163363
2026-06-30 15:09:05,482 - INFO: Training ROC-AUC: 0.942529
2026-06-30 15:09:05,482 - INFO: Validation ROC-AUC: 0.836740
2026-06-30 15:09:10,205 - INFO: Evaluating at iteration 30817
2026-06-30 15:09:10,378 - INFO: Loss: 0.386160
2026-06-30 15:09:10,378 - INFO: Training ROC-AUC: 0.822857
2026-06-30 15:09:10,378 - INFO: Validation ROC-AUC: 0.838464
2026-06-30 15:09:15,092 - INFO: Evaluating at iteration 31317
2026-06-30 15:09:15,256 - INFO: Loss: 0.361822
2026-06-30 15:09:15,256 - INFO: Training ROC-AUC: 0.800000
2026-06-30 15:09:15,256 - INFO: Validation ROC-AUC: 0.838842
2026-06-30 15:09:16,152 - INFO: Starting epoch 16
2026-06-30 15:09:16,164 - INFO: Evaluating at iteration 31411
2026-06-30 15:09:16,326 - INFO: Loss: 0.323597
2026-06-30 15:09:16,326 - INFO: Training ROC-AUC: 0.895833
2026-06-30 15:09:16,326 - INFO: Validation ROC-AUC: 0.838080
2026-06-30 15:09:21,316 - INFO: Evaluating at iteration 31911
2026-06-30 15:09:21,481 - INFO: Loss: 0.252546
2026-06-30 15:09:21,481 - INFO: Training ROC-AUC: 0.896552
2026-06-30 15:09:21,481 - INFO: Validation ROC-AUC: 0.839666
2026-06-30 15:09:26,178 - INFO: Evaluating at iteration 32411
2026-06-30 15:09:26,342 - INFO: Loss: 0.249047
2026-06-30 15:09:26,342 - INFO: Training ROC-AUC: 0.903704
2026-06-30 15:09:26,342 - INFO: Validation ROC-AUC: 0.840158
2026-06-30 15:09:31,031 - INFO: Evaluating at iteration 32911
2026-06-30 15:09:31,208 - INFO: Loss: 0.407696
2026-06-30 15:09:31,208 - INFO: Training ROC-AUC: 0.859375
2026-06-30 15:09:31,208 - INFO: Validation ROC-AUC: 0.839167
2026-06-30 15:09:35,902 - INFO: Evaluating at iteration 33411
2026-06-30 15:09:36,072 - INFO: Loss: 0.344564
2026-06-30 15:09:36,072 - INFO: Training ROC-AUC: 0.829630
2026-06-30 15:09:36,072 - INFO: Validation ROC-AUC: 0.841289
2026-06-30 15:09:36,971 - INFO: Starting epoch 17
2026-06-30 15:09:36,981 - INFO: Evaluating at iteration 33505
2026-06-30 15:09:37,159 - INFO: Loss: 0.347243
2026-06-30 15:09:37,159 - INFO: Training ROC-AUC: 0.820513
2026-06-30 15:09:37,159 - INFO: Validation ROC-AUC: 0.840757
2026-06-30 15:09:41,882 - INFO: Evaluating at iteration 34005
2026-06-30 15:09:42,052 - INFO: Loss: 0.342288
2026-06-30 15:09:42,052 - INFO: Training ROC-AUC: 0.862857
2026-06-30 15:09:42,052 - INFO: Validation ROC-AUC: 0.840609
2026-06-30 15:09:46,727 - INFO: Evaluating at iteration 34505
2026-06-30 15:09:46,898 - INFO: Loss: 0.459446
2026-06-30 15:09:46,898 - INFO: Training ROC-AUC: 0.864734
2026-06-30 15:09:46,898 - INFO: Validation ROC-AUC: 0.841745
2026-06-30 15:09:51,620 - INFO: Evaluating at iteration 35005
2026-06-30 15:09:51,790 - INFO: Loss: 0.406488
2026-06-30 15:09:51,790 - INFO: Training ROC-AUC: 0.750000
2026-06-30 15:09:51,790 - INFO: Validation ROC-AUC: 0.842034
2026-06-30 15:09:56,492 - INFO: Evaluating at iteration 35505
2026-06-30 15:09:56,662 - INFO: Loss: 0.166369
2026-06-30 15:09:56,662 - INFO: Training ROC-AUC: 0.919540
2026-06-30 15:09:56,662 - INFO: Validation ROC-AUC: 0.842279
2026-06-30 15:09:57,548 - INFO: Starting epoch 18
2026-06-30 15:09:57,558 - INFO: Evaluating at iteration 35599
2026-06-30 15:09:57,724 - INFO: Loss: 0.255451
2026-06-30 15:09:57,724 - INFO: Training ROC-AUC: 0.816667
2026-06-30 15:09:57,724 - INFO: Validation ROC-AUC: 0.841631
2026-06-30 15:10:02,458 - INFO: Evaluating at iteration 36099
2026-06-30 15:10:02,627 - INFO: Loss: 0.369286
2026-06-30 15:10:02,627 - INFO: Training ROC-AUC: 0.897143
2026-06-30 15:10:02,627 - INFO: Validation ROC-AUC: 0.842928
2026-06-30 15:10:07,309 - INFO: Evaluating at iteration 36599
2026-06-30 15:10:07,476 - INFO: Loss: 0.284115
2026-06-30 15:10:07,476 - INFO: Training ROC-AUC: 0.812500
2026-06-30 15:10:07,476 - INFO: Validation ROC-AUC: 0.843141
2026-06-30 15:10:12,179 - INFO: Evaluating at iteration 37099
2026-06-30 15:10:12,349 - INFO: Loss: 0.345866
2026-06-30 15:10:12,349 - INFO: Training ROC-AUC: 0.714286
2026-06-30 15:10:12,349 - INFO: Validation ROC-AUC: 0.843757
2026-06-30 15:10:17,021 - INFO: Evaluating at iteration 37599
2026-06-30 15:10:17,192 - INFO: Loss: 0.299427
2026-06-30 15:10:17,192 - INFO: Training ROC-AUC: 0.935897
2026-06-30 15:10:17,192 - INFO: Validation ROC-AUC: 0.843715
2026-06-30 15:10:18,102 - INFO: Starting epoch 19
2026-06-30 15:10:18,112 - INFO: Evaluating at iteration 37693
2026-06-30 15:10:18,283 - INFO: Loss: 0.273624
2026-06-30 15:10:18,283 - INFO: Training ROC-AUC: 0.883929
2026-06-30 15:10:18,283 - INFO: Validation ROC-AUC: 0.845028
2026-06-30 15:10:23,004 - INFO: Evaluating at iteration 38193
2026-06-30 15:10:23,174 - INFO: Loss: 0.317269
2026-06-30 15:10:23,175 - INFO: Training ROC-AUC: 0.574713
2026-06-30 15:10:23,175 - INFO: Validation ROC-AUC: 0.844981
2026-06-30 15:10:27,864 - INFO: Evaluating at iteration 38693
2026-06-30 15:10:28,033 - INFO: Loss: 0.212387
2026-06-30 15:10:28,033 - INFO: Training ROC-AUC: 0.967949
2026-06-30 15:10:28,033 - INFO: Validation ROC-AUC: 0.843879
2026-06-30 15:10:32,751 - INFO: Evaluating at iteration 39193
2026-06-30 15:10:32,930 - INFO: Loss: 0.328837
2026-06-30 15:10:32,930 - INFO: Training ROC-AUC: 0.902857
2026-06-30 15:10:32,930 - INFO: Validation ROC-AUC: 0.845090
2026-06-30 15:10:37,669 - INFO: Evaluating at iteration 39693
2026-06-30 15:10:37,839 - INFO: Loss: 0.197803
2026-06-30 15:10:37,839 - INFO: Training ROC-AUC: 0.908046
2026-06-30 15:10:37,839 - INFO: Validation ROC-AUC: 0.846156
2026-06-30 15:10:38,741 - INFO: Starting epoch 20
2026-06-30 15:10:38,759 - INFO: Evaluating at iteration 39787
2026-06-30 15:10:38,924 - INFO: Loss: 0.456178
2026-06-30 15:10:38,924 - INFO: Training ROC-AUC: 0.948413
2026-06-30 15:10:38,924 - INFO: Validation ROC-AUC: 0.846258
2026-06-30 15:10:43,653 - INFO: Evaluating at iteration 40287
2026-06-30 15:10:43,823 - INFO: Loss: 0.251248
2026-06-30 15:10:43,823 - INFO: Training ROC-AUC: 0.948148
2026-06-30 15:10:43,823 - INFO: Validation ROC-AUC: 0.845552
2026-06-30 15:10:48,546 - INFO: Evaluating at iteration 40787
2026-06-30 15:10:48,715 - INFO: Loss: 0.268979
2026-06-30 15:10:48,715 - INFO: Training ROC-AUC: 0.925926
2026-06-30 15:10:48,715 - INFO: Validation ROC-AUC: 0.846963
2026-06-30 15:10:53,472 - INFO: Evaluating at iteration 41287
2026-06-30 15:10:53,643 - INFO: Loss: 0.140006
2026-06-30 15:10:53,643 - INFO: Training ROC-AUC: 1.000000
2026-06-30 15:10:53,643 - INFO: Validation ROC-AUC: 0.847199
2026-06-30 15:10:58,386 - INFO: Evaluating at iteration 41787
2026-06-30 15:10:58,767 - INFO: Loss: 0.364891
2026-06-30 15:10:58,767 - INFO: Training ROC-AUC: 0.897143
2026-06-30 15:10:58,768 - INFO: Validation ROC-AUC: 0.847751
2026-06-30 15:10:59,683 - INFO: Starting epoch 21
2026-06-30 15:10:59,693 - INFO: Evaluating at iteration 41881
2026-06-30 15:10:59,856 - INFO: Loss: 0.358798
2026-06-30 15:10:59,856 - INFO: Training ROC-AUC: 0.897143
2026-06-30 15:10:59,856 - INFO: Validation ROC-AUC: 0.847021
2026-06-30 15:11:04,607 - INFO: Evaluating at iteration 42381
2026-06-30 15:11:04,778 - INFO: Loss: 0.258354
2026-06-30 15:11:04,778 - INFO: Training ROC-AUC: 0.923077
2026-06-30 15:11:04,779 - INFO: Validation ROC-AUC: 0.846751
2026-06-30 15:11:09,509 - INFO: Evaluating at iteration 42881
2026-06-30 15:11:09,678 - INFO: Loss: 0.272707
2026-06-30 15:11:09,678 - INFO: Training ROC-AUC: 0.812500
2026-06-30 15:11:09,678 - INFO: Validation ROC-AUC: 0.848068
2026-06-30 15:11:14,392 - INFO: Evaluating at iteration 43381
2026-06-30 15:11:14,561 - INFO: Loss: 0.250450
2026-06-30 15:11:14,561 - INFO: Training ROC-AUC: 0.830357
2026-06-30 15:11:14,561 - INFO: Validation ROC-AUC: 0.848023
2026-06-30 15:11:19,321 - INFO: Evaluating at iteration 43881
2026-06-30 15:11:19,493 - INFO: Loss: 0.337316
2026-06-30 15:11:19,493 - INFO: Training ROC-AUC: 0.950000
2026-06-30 15:11:19,493 - INFO: Validation ROC-AUC: 0.849239
2026-06-30 15:11:20,386 - INFO: Starting epoch 22
2026-06-30 15:11:20,396 - INFO: Evaluating at iteration 43975
2026-06-30 15:11:20,560 - INFO: Loss: 0.445357
2026-06-30 15:11:20,560 - INFO: Training ROC-AUC: 0.765714
2026-06-30 15:11:20,560 - INFO: Validation ROC-AUC: 0.849403
2026-06-30 15:11:25,286 - INFO: Evaluating at iteration 44475
2026-06-30 15:11:25,456 - INFO: Loss: 0.492505
2026-06-30 15:11:25,456 - INFO: Training ROC-AUC: 0.657143
2026-06-30 15:11:25,456 - INFO: Validation ROC-AUC: 0.848711
2026-06-30 15:11:30,202 - INFO: Evaluating at iteration 44975
2026-06-30 15:11:30,372 - INFO: Loss: 0.281051
2026-06-30 15:11:30,372 - INFO: Training ROC-AUC: 0.839744
2026-06-30 15:11:30,372 - INFO: Validation ROC-AUC: 0.849801
2026-06-30 15:11:35,150 - INFO: Evaluating at iteration 45475
2026-06-30 15:11:35,318 - INFO: Loss: 0.243743
2026-06-30 15:11:35,318 - INFO: Training ROC-AUC: 0.733333
2026-06-30 15:11:35,318 - INFO: Validation ROC-AUC: 0.850878
2026-06-30 15:11:40,067 - INFO: Evaluating at iteration 45975
2026-06-30 15:11:40,236 - INFO: Loss: 0.282626
2026-06-30 15:11:40,236 - INFO: Training ROC-AUC: 0.871795
2026-06-30 15:11:40,236 - INFO: Validation ROC-AUC: 0.849406
2026-06-30 15:11:41,146 - INFO: Starting epoch 23
2026-06-30 15:11:41,158 - INFO: Evaluating at iteration 46069
2026-06-30 15:11:41,322 - INFO: Loss: 0.180938
2026-06-30 15:11:41,322 - INFO: Training ROC-AUC: 0.967742
2026-06-30 15:11:41,322 - INFO: Validation ROC-AUC: 0.849624
2026-06-30 15:11:46,086 - INFO: Evaluating at iteration 46569
2026-06-30 15:11:46,255 - INFO: Loss: 0.083247
2026-06-30 15:11:46,255 - INFO: Training ROC-AUC: 1.000000
2026-06-30 15:11:46,255 - INFO: Validation ROC-AUC: 0.849705
2026-06-30 15:11:51,017 - INFO: Evaluating at iteration 47069
2026-06-30 15:11:51,189 - INFO: Loss: 0.334990
2026-06-30 15:11:51,189 - INFO: Training ROC-AUC: 0.837037
2026-06-30 15:11:51,190 - INFO: Validation ROC-AUC: 0.850690
2026-06-30 15:11:55,975 - INFO: Evaluating at iteration 47569
2026-06-30 15:11:56,146 - INFO: Loss: 0.358116
2026-06-30 15:11:56,146 - INFO: Training ROC-AUC: 0.864583
2026-06-30 15:11:56,146 - INFO: Validation ROC-AUC: 0.851151
2026-06-30 15:12:00,870 - INFO: Evaluating at iteration 48069
2026-06-30 15:12:01,039 - INFO: Loss: 0.218818
2026-06-30 15:12:01,039 - INFO: Training ROC-AUC: 0.901786
2026-06-30 15:12:01,039 - INFO: Validation ROC-AUC: 0.852061
2026-06-30 15:12:01,935 - INFO: Starting epoch 24
2026-06-30 15:12:01,946 - INFO: Evaluating at iteration 48163
2026-06-30 15:12:02,120 - INFO: Loss: 0.281068
2026-06-30 15:12:02,120 - INFO: Training ROC-AUC: 0.931429
2026-06-30 15:12:02,120 - INFO: Validation ROC-AUC: 0.851714
2026-06-30 15:12:06,883 - INFO: Evaluating at iteration 48663
2026-06-30 15:12:07,052 - INFO: Loss: 0.364880
2026-06-30 15:12:07,052 - INFO: Training ROC-AUC: 0.868182
2026-06-30 15:12:07,052 - INFO: Validation ROC-AUC: 0.851705
2026-06-30 15:12:11,786 - INFO: Evaluating at iteration 49163
2026-06-30 15:12:11,958 - INFO: Loss: 0.198948
2026-06-30 15:12:11,958 - INFO: Training ROC-AUC: 0.645161
2026-06-30 15:12:11,958 - INFO: Validation ROC-AUC: 0.851651
2026-06-30 15:12:16,745 - INFO: Evaluating at iteration 49663
2026-06-30 15:12:16,914 - INFO: Loss: 0.326879
2026-06-30 15:12:16,914 - INFO: Training ROC-AUC: 0.829630
2026-06-30 15:12:16,914 - INFO: Validation ROC-AUC: 0.851619
2026-06-30 15:12:21,655 - INFO: Evaluating at iteration 50163
2026-06-30 15:12:21,817 - INFO: Loss: 0.369047
2026-06-30 15:12:21,818 - INFO: Training ROC-AUC: 0.801282
2026-06-30 15:12:21,818 - INFO: Validation ROC-AUC: 0.852409
2026-06-30 15:12:22,729 - INFO: Starting epoch 25
2026-06-30 15:12:22,739 - INFO: Evaluating at iteration 50257
2026-06-30 15:12:22,904 - INFO: Loss: 0.287812
2026-06-30 15:12:22,904 - INFO: Training ROC-AUC: 0.925714
2026-06-30 15:12:22,904 - INFO: Validation ROC-AUC: 0.852330
2026-06-30 15:12:27,660 - INFO: Evaluating at iteration 50757
2026-06-30 15:12:27,828 - INFO: Loss: 0.216553
2026-06-30 15:12:27,829 - INFO: Training ROC-AUC: 0.973214
2026-06-30 15:12:27,829 - INFO: Validation ROC-AUC: 0.852139
2026-06-30 15:12:32,563 - INFO: Evaluating at iteration 51257
2026-06-30 15:12:32,733 - INFO: Loss: 0.185281
2026-06-30 15:12:32,733 - INFO: Training ROC-AUC: 0.961538
2026-06-30 15:12:32,733 - INFO: Validation ROC-AUC: 0.853120
2026-06-30 15:12:37,533 - INFO: Evaluating at iteration 51757
2026-06-30 15:12:37,702 - INFO: Loss: 0.196035
2026-06-30 15:12:37,702 - INFO: Training ROC-AUC: 0.955556
2026-06-30 15:12:37,702 - INFO: Validation ROC-AUC: 0.853199
2026-06-30 15:12:42,454 - INFO: Evaluating at iteration 52257
2026-06-30 15:12:42,625 - INFO: Loss: 0.374200
2026-06-30 15:12:42,625 - INFO: Training ROC-AUC: 0.788462
2026-06-30 15:12:42,625 - INFO: Validation ROC-AUC: 0.852879
2026-06-30 15:12:43,537 - INFO: Saving model to models/TCRStructMap_random_split_cdrs_peptide/model_4.pt
2026-06-30 15:12:43,552 - INFO: Starting fold 5
2026-06-30 15:12:43,613 - INFO: Initialising model
2026-06-30 15:12:43,619 - INFO: Starting training
2026-06-30 15:12:43,619 - INFO: Starting epoch 1
2026-06-30 15:12:43,630 - INFO: Evaluating at iteration 1
2026-06-30 15:12:43,795 - INFO: Loss: 0.705443
2026-06-30 15:12:43,795 - INFO: Training ROC-AUC: 0.548571
2026-06-30 15:12:43,795 - INFO: Validation ROC-AUC: 0.501067
2026-06-30 15:12:48,285 - INFO: Evaluating at iteration 501
2026-06-30 15:12:48,454 - INFO: Loss: 0.336492
2026-06-30 15:12:48,454 - INFO: Training ROC-AUC: 0.586207
2026-06-30 15:12:48,454 - INFO: Validation ROC-AUC: 0.493988
2026-06-30 15:12:53,080 - INFO: Evaluating at iteration 1001
2026-06-30 15:12:53,252 - INFO: Loss: 0.687314
2026-06-30 15:12:53,252 - INFO: Training ROC-AUC: 0.422727
2026-06-30 15:12:53,252 - INFO: Validation ROC-AUC: 0.499514
2026-06-30 15:12:57,958 - INFO: Evaluating at iteration 1501
2026-06-30 15:12:58,128 - INFO: Loss: 0.381262
2026-06-30 15:12:58,128 - INFO: Training ROC-AUC: 0.517857
2026-06-30 15:12:58,128 - INFO: Validation ROC-AUC: 0.555466
2026-06-30 15:13:02,795 - INFO: Evaluating at iteration 2001
2026-06-30 15:13:02,964 - INFO: Loss: 0.567342
2026-06-30 15:13:02,964 - INFO: Training ROC-AUC: 0.651042
2026-06-30 15:13:02,964 - INFO: Validation ROC-AUC: 0.631007
2026-06-30 15:13:03,847 - INFO: Starting epoch 2
2026-06-30 15:13:03,857 - INFO: Evaluating at iteration 2095
2026-06-30 15:13:04,021 - INFO: Loss: 0.481006
2026-06-30 15:13:04,021 - INFO: Training ROC-AUC: 0.589744
2026-06-30 15:13:04,021 - INFO: Validation ROC-AUC: 0.639463
2026-06-30 15:13:08,716 - INFO: Evaluating at iteration 2595
2026-06-30 15:13:08,893 - INFO: Loss: 0.516010
2026-06-30 15:13:08,893 - INFO: Training ROC-AUC: 0.662857
2026-06-30 15:13:08,893 - INFO: Validation ROC-AUC: 0.651280
2026-06-30 15:13:13,539 - INFO: Evaluating at iteration 3095
2026-06-30 15:13:13,711 - INFO: Loss: 0.215461
2026-06-30 15:13:13,711 - INFO: Training ROC-AUC: 1.000000
2026-06-30 15:13:13,711 - INFO: Validation ROC-AUC: 0.660540
2026-06-30 15:13:18,385 - INFO: Evaluating at iteration 3595
2026-06-30 15:13:18,557 - INFO: Loss: 0.672786
2026-06-30 15:13:18,557 - INFO: Training ROC-AUC: 0.577273
2026-06-30 15:13:18,557 - INFO: Validation ROC-AUC: 0.673446
2026-06-30 15:13:23,220 - INFO: Evaluating at iteration 4095
2026-06-30 15:13:23,385 - INFO: Loss: 0.639627
2026-06-30 15:13:23,385 - INFO: Training ROC-AUC: 0.731818
2026-06-30 15:13:23,385 - INFO: Validation ROC-AUC: 0.688033
2026-06-30 15:13:24,279 - INFO: Starting epoch 3
2026-06-30 15:13:24,289 - INFO: Evaluating at iteration 4189
2026-06-30 15:13:24,455 - INFO: Loss: 0.642743
2026-06-30 15:13:24,455 - INFO: Training ROC-AUC: 0.502415
2026-06-30 15:13:24,455 - INFO: Validation ROC-AUC: 0.693506
2026-06-30 15:13:29,128 - INFO: Evaluating at iteration 4689
2026-06-30 15:13:29,298 - INFO: Loss: 0.413756
2026-06-30 15:13:29,299 - INFO: Training ROC-AUC: 0.908571
2026-06-30 15:13:29,299 - INFO: Validation ROC-AUC: 0.708286
2026-06-30 15:13:33,965 - INFO: Evaluating at iteration 5189
2026-06-30 15:13:34,135 - INFO: Loss: 0.417997
2026-06-30 15:13:34,135 - INFO: Training ROC-AUC: 0.851429
2026-06-30 15:13:34,135 - INFO: Validation ROC-AUC: 0.721003
2026-06-30 15:13:38,809 - INFO: Evaluating at iteration 5689
2026-06-30 15:13:38,984 - INFO: Loss: 0.377799
2026-06-30 15:13:38,984 - INFO: Training ROC-AUC: 0.681481
2026-06-30 15:13:38,984 - INFO: Validation ROC-AUC: 0.730583
2026-06-30 15:13:43,715 - INFO: Evaluating at iteration 6189
2026-06-30 15:13:43,894 - INFO: Loss: 0.496577
2026-06-30 15:13:43,894 - INFO: Training ROC-AUC: 0.734375
2026-06-30 15:13:43,894 - INFO: Validation ROC-AUC: 0.736792
2026-06-30 15:13:44,775 - INFO: Starting epoch 4
2026-06-30 15:13:44,785 - INFO: Evaluating at iteration 6283
2026-06-30 15:13:44,948 - INFO: Loss: 0.308845
2026-06-30 15:13:44,948 - INFO: Training ROC-AUC: 0.741071
2026-06-30 15:13:44,948 - INFO: Validation ROC-AUC: 0.739313
2026-06-30 15:13:49,670 - INFO: Evaluating at iteration 6783
2026-06-30 15:13:49,841 - INFO: Loss: 0.274160
2026-06-30 15:13:49,841 - INFO: Training ROC-AUC: 0.827586
2026-06-30 15:13:49,841 - INFO: Validation ROC-AUC: 0.746742
2026-06-30 15:13:54,582 - INFO: Evaluating at iteration 7283
2026-06-30 15:13:54,752 - INFO: Loss: 0.360260
2026-06-30 15:13:54,752 - INFO: Training ROC-AUC: 0.897436
2026-06-30 15:13:54,752 - INFO: Validation ROC-AUC: 0.754836
2026-06-30 15:13:59,476 - INFO: Evaluating at iteration 7783
2026-06-30 15:13:59,644 - INFO: Loss: 0.364248
2026-06-30 15:13:59,644 - INFO: Training ROC-AUC: 0.733333
2026-06-30 15:13:59,644 - INFO: Validation ROC-AUC: 0.760016
2026-06-30 15:14:04,369 - INFO: Evaluating at iteration 8283
2026-06-30 15:14:04,538 - INFO: Loss: 0.355708
2026-06-30 15:14:04,538 - INFO: Training ROC-AUC: 0.846154
2026-06-30 15:14:04,538 - INFO: Validation ROC-AUC: 0.764989
2026-06-30 15:14:05,447 - INFO: Starting epoch 5
2026-06-30 15:14:05,458 - INFO: Evaluating at iteration 8377
2026-06-30 15:14:05,625 - INFO: Loss: 0.306182
2026-06-30 15:14:05,625 - INFO: Training ROC-AUC: 0.881481
2026-06-30 15:14:05,625 - INFO: Validation ROC-AUC: 0.765446
2026-06-30 15:14:10,360 - INFO: Evaluating at iteration 8877
2026-06-30 15:14:10,530 - INFO: Loss: 0.221592
2026-06-30 15:14:10,530 - INFO: Training ROC-AUC: 0.783333
2026-06-30 15:14:10,530 - INFO: Validation ROC-AUC: 0.768415
2026-06-30 15:14:15,216 - INFO: Evaluating at iteration 9377
2026-06-30 15:14:15,385 - INFO: Loss: 0.193596
2026-06-30 15:14:15,385 - INFO: Training ROC-AUC: 0.850000
2026-06-30 15:14:15,385 - INFO: Validation ROC-AUC: 0.771689
2026-06-30 15:14:20,082 - INFO: Evaluating at iteration 9877
2026-06-30 15:14:20,253 - INFO: Loss: 0.245820
2026-06-30 15:14:20,253 - INFO: Training ROC-AUC: 0.666667
2026-06-30 15:14:20,253 - INFO: Validation ROC-AUC: 0.776569
2026-06-30 15:14:24,950 - INFO: Evaluating at iteration 10377
2026-06-30 15:14:25,123 - INFO: Loss: 0.524582
2026-06-30 15:14:25,123 - INFO: Training ROC-AUC: 0.792271
2026-06-30 15:14:25,123 - INFO: Validation ROC-AUC: 0.779962
2026-06-30 15:14:26,018 - INFO: Starting epoch 6
2026-06-30 15:14:26,031 - INFO: Evaluating at iteration 10471
2026-06-30 15:14:26,201 - INFO: Loss: 0.311345
2026-06-30 15:14:26,201 - INFO: Training ROC-AUC: 0.785714
2026-06-30 15:14:26,201 - INFO: Validation ROC-AUC: 0.781113
2026-06-30 15:14:30,940 - INFO: Evaluating at iteration 10971
2026-06-30 15:14:31,109 - INFO: Loss: 0.258158
2026-06-30 15:14:31,109 - INFO: Training ROC-AUC: 0.290323
2026-06-30 15:14:31,109 - INFO: Validation ROC-AUC: 0.783005
2026-06-30 15:14:35,819 - INFO: Evaluating at iteration 11471
2026-06-30 15:14:35,989 - INFO: Loss: 0.343759
2026-06-30 15:14:35,989 - INFO: Training ROC-AUC: 0.705357
2026-06-30 15:14:35,989 - INFO: Validation ROC-AUC: 0.787179
2026-06-30 15:14:40,739 - INFO: Evaluating at iteration 11971
2026-06-30 15:14:40,909 - INFO: Loss: 0.473300
2026-06-30 15:14:40,909 - INFO: Training ROC-AUC: 0.807292
2026-06-30 15:14:40,909 - INFO: Validation ROC-AUC: 0.789579
2026-06-30 15:14:45,585 - INFO: Evaluating at iteration 12471
2026-06-30 15:14:45,775 - INFO: Loss: 0.344530
2026-06-30 15:14:45,775 - INFO: Training ROC-AUC: 0.960000
2026-06-30 15:14:45,775 - INFO: Validation ROC-AUC: 0.792229
2026-06-30 15:14:46,662 - INFO: Starting epoch 7
2026-06-30 15:14:46,672 - INFO: Evaluating at iteration 12565
2026-06-30 15:14:46,848 - INFO: Loss: 0.512461
2026-06-30 15:14:46,848 - INFO: Training ROC-AUC: 0.821256
2026-06-30 15:14:46,848 - INFO: Validation ROC-AUC: 0.792345
2026-06-30 15:14:51,570 - INFO: Evaluating at iteration 13065
2026-06-30 15:14:51,741 - INFO: Loss: 0.515443
2026-06-30 15:14:51,741 - INFO: Training ROC-AUC: 0.645714
2026-06-30 15:14:51,741 - INFO: Validation ROC-AUC: 0.794522
2026-06-30 15:14:56,430 - INFO: Evaluating at iteration 13565
2026-06-30 15:14:56,599 - INFO: Loss: 0.584369
2026-06-30 15:14:56,599 - INFO: Training ROC-AUC: 0.713636
2026-06-30 15:14:56,599 - INFO: Validation ROC-AUC: 0.796907
2026-06-30 15:15:01,344 - INFO: Evaluating at iteration 14065
2026-06-30 15:15:01,517 - INFO: Loss: 0.475328
2026-06-30 15:15:01,517 - INFO: Training ROC-AUC: 0.653846
2026-06-30 15:15:01,517 - INFO: Validation ROC-AUC: 0.798339
2026-06-30 15:15:06,212 - INFO: Evaluating at iteration 14565
2026-06-30 15:15:06,384 - INFO: Loss: 0.427350
2026-06-30 15:15:06,384 - INFO: Training ROC-AUC: 0.687500
2026-06-30 15:15:06,384 - INFO: Validation ROC-AUC: 0.800203
2026-06-30 15:15:07,280 - INFO: Starting epoch 8
2026-06-30 15:15:07,290 - INFO: Evaluating at iteration 14659
2026-06-30 15:15:07,458 - INFO: Loss: 0.201856
2026-06-30 15:15:07,458 - INFO: Training ROC-AUC: 0.931034
2026-06-30 15:15:07,458 - INFO: Validation ROC-AUC: 0.801152
2026-06-30 15:15:12,194 - INFO: Evaluating at iteration 15159
2026-06-30 15:15:12,365 - INFO: Loss: 0.544778
2026-06-30 15:15:12,365 - INFO: Training ROC-AUC: 0.677083
2026-06-30 15:15:12,365 - INFO: Validation ROC-AUC: 0.800211
2026-06-30 15:15:17,061 - INFO: Evaluating at iteration 15659
2026-06-30 15:15:17,231 - INFO: Loss: 0.450516
2026-06-30 15:15:17,231 - INFO: Training ROC-AUC: 0.585185
2026-06-30 15:15:17,231 - INFO: Validation ROC-AUC: 0.802114
2026-06-30 15:15:21,971 - INFO: Evaluating at iteration 16159
2026-06-30 15:15:22,155 - INFO: Loss: 0.232346
2026-06-30 15:15:22,155 - INFO: Training ROC-AUC: 0.966667
2026-06-30 15:15:22,155 - INFO: Validation ROC-AUC: 0.804597
2026-06-30 15:15:26,899 - INFO: Evaluating at iteration 16659
2026-06-30 15:15:27,068 - INFO: Loss: 0.275055
2026-06-30 15:15:27,068 - INFO: Training ROC-AUC: 0.925926
2026-06-30 15:15:27,068 - INFO: Validation ROC-AUC: 0.805503
2026-06-30 15:15:27,968 - INFO: Starting epoch 9
2026-06-30 15:15:27,978 - INFO: Evaluating at iteration 16753
2026-06-30 15:15:28,141 - INFO: Loss: 0.305323
2026-06-30 15:15:28,141 - INFO: Training ROC-AUC: 0.878205
2026-06-30 15:15:28,141 - INFO: Validation ROC-AUC: 0.806681
2026-06-30 15:15:32,882 - INFO: Evaluating at iteration 17253
2026-06-30 15:15:33,051 - INFO: Loss: 0.402016
2026-06-30 15:15:33,051 - INFO: Training ROC-AUC: 0.703704
2026-06-30 15:15:33,051 - INFO: Validation ROC-AUC: 0.808119
2026-06-30 15:15:37,803 - INFO: Evaluating at iteration 17753
2026-06-30 15:15:37,972 - INFO: Loss: 0.550830
2026-06-30 15:15:37,972 - INFO: Training ROC-AUC: 0.772947
2026-06-30 15:15:37,972 - INFO: Validation ROC-AUC: 0.809068
2026-06-30 15:15:42,696 - INFO: Evaluating at iteration 18253
2026-06-30 15:15:42,871 - INFO: Loss: 0.450819
2026-06-30 15:15:42,871 - INFO: Training ROC-AUC: 0.739583
2026-06-30 15:15:42,871 - INFO: Validation ROC-AUC: 0.809377
2026-06-30 15:15:47,603 - INFO: Evaluating at iteration 18753
2026-06-30 15:15:47,774 - INFO: Loss: 0.216301
2026-06-30 15:15:47,774 - INFO: Training ROC-AUC: 0.451613
2026-06-30 15:15:47,774 - INFO: Validation ROC-AUC: 0.808136
2026-06-30 15:15:48,681 - INFO: Starting epoch 10
2026-06-30 15:15:48,694 - INFO: Evaluating at iteration 18847
2026-06-30 15:15:48,861 - INFO: Loss: 0.598794
2026-06-30 15:15:48,861 - INFO: Training ROC-AUC: 0.542857
2026-06-30 15:15:48,861 - INFO: Validation ROC-AUC: 0.809503
2026-06-30 15:15:53,572 - INFO: Evaluating at iteration 19347
2026-06-30 15:15:53,743 - INFO: Loss: 0.278195
2026-06-30 15:15:53,743 - INFO: Training ROC-AUC: 0.758621
2026-06-30 15:15:53,743 - INFO: Validation ROC-AUC: 0.811501
2026-06-30 15:15:58,487 - INFO: Evaluating at iteration 19847
2026-06-30 15:15:58,656 - INFO: Loss: 0.512576
2026-06-30 15:15:58,656 - INFO: Training ROC-AUC: 0.801932
2026-06-30 15:15:58,656 - INFO: Validation ROC-AUC: 0.810909
2026-06-30 15:16:03,387 - INFO: Evaluating at iteration 20347
2026-06-30 15:16:03,556 - INFO: Loss: 0.316016
2026-06-30 15:16:03,556 - INFO: Training ROC-AUC: 0.812500
2026-06-30 15:16:03,556 - INFO: Validation ROC-AUC: 0.813672
2026-06-30 15:16:08,278 - INFO: Evaluating at iteration 20847
2026-06-30 15:16:08,459 - INFO: Loss: 0.361920
2026-06-30 15:16:08,459 - INFO: Training ROC-AUC: 0.826923
2026-06-30 15:16:08,459 - INFO: Validation ROC-AUC: 0.813766
2026-06-30 15:16:09,362 - INFO: Starting epoch 11
2026-06-30 15:16:09,372 - INFO: Evaluating at iteration 20941
2026-06-30 15:16:09,547 - INFO: Loss: 0.402041
2026-06-30 15:16:09,547 - INFO: Training ROC-AUC: 0.817708
2026-06-30 15:16:09,547 - INFO: Validation ROC-AUC: 0.813165
2026-06-30 15:16:14,285 - INFO: Evaluating at iteration 21441
2026-06-30 15:16:14,453 - INFO: Loss: 0.221715
2026-06-30 15:16:14,453 - INFO: Training ROC-AUC: 0.955357
2026-06-30 15:16:14,453 - INFO: Validation ROC-AUC: 0.812732
2026-06-30 15:16:19,164 - INFO: Evaluating at iteration 21941
2026-06-30 15:16:19,336 - INFO: Loss: 0.330140
2026-06-30 15:16:19,337 - INFO: Training ROC-AUC: 0.844444
2026-06-30 15:16:19,337 - INFO: Validation ROC-AUC: 0.815147
2026-06-30 15:16:24,082 - INFO: Evaluating at iteration 22441
2026-06-30 15:16:24,250 - INFO: Loss: 0.324673
2026-06-30 15:16:24,250 - INFO: Training ROC-AUC: 0.837037
2026-06-30 15:16:24,250 - INFO: Validation ROC-AUC: 0.815204
2026-06-30 15:16:28,978 - INFO: Evaluating at iteration 22941
2026-06-30 15:16:29,148 - INFO: Loss: 0.433450
2026-06-30 15:16:29,148 - INFO: Training ROC-AUC: 0.838542
2026-06-30 15:16:29,148 - INFO: Validation ROC-AUC: 0.815086
2026-06-30 15:16:30,061 - INFO: Starting epoch 12
2026-06-30 15:16:30,071 - INFO: Evaluating at iteration 23035
2026-06-30 15:16:30,238 - INFO: Loss: 0.357930
2026-06-30 15:16:30,238 - INFO: Training ROC-AUC: 0.901042
2026-06-30 15:16:30,238 - INFO: Validation ROC-AUC: 0.815685
2026-06-30 15:16:34,987 - INFO: Evaluating at iteration 23535
2026-06-30 15:16:35,156 - INFO: Loss: 0.483235
2026-06-30 15:16:35,156 - INFO: Training ROC-AUC: 0.657143
2026-06-30 15:16:35,156 - INFO: Validation ROC-AUC: 0.815339
2026-06-30 15:16:39,883 - INFO: Evaluating at iteration 24035
2026-06-30 15:16:40,053 - INFO: Loss: 0.358232
2026-06-30 15:16:40,053 - INFO: Training ROC-AUC: 0.891429
2026-06-30 15:16:40,053 - INFO: Validation ROC-AUC: 0.816742
2026-06-30 15:16:44,788 - INFO: Evaluating at iteration 24535
2026-06-30 15:16:44,957 - INFO: Loss: 0.285508
2026-06-30 15:16:44,957 - INFO: Training ROC-AUC: 0.829630
2026-06-30 15:16:44,957 - INFO: Validation ROC-AUC: 0.815583
2026-06-30 15:16:49,677 - INFO: Evaluating at iteration 25035
2026-06-30 15:16:49,850 - INFO: Loss: 0.297736
2026-06-30 15:16:49,850 - INFO: Training ROC-AUC: 0.747126
2026-06-30 15:16:49,850 - INFO: Validation ROC-AUC: 0.817351
2026-06-30 15:16:50,759 - INFO: Starting epoch 13
2026-06-30 15:16:50,769 - INFO: Evaluating at iteration 25129
2026-06-30 15:16:50,936 - INFO: Loss: 0.207166
2026-06-30 15:16:50,937 - INFO: Training ROC-AUC: 0.977778
2026-06-30 15:16:50,937 - INFO: Validation ROC-AUC: 0.817486
2026-06-30 15:16:55,678 - INFO: Evaluating at iteration 25629
2026-06-30 15:16:55,863 - INFO: Loss: 0.405476
2026-06-30 15:16:55,863 - INFO: Training ROC-AUC: 0.785185
2026-06-30 15:16:55,863 - INFO: Validation ROC-AUC: 0.816932
2026-06-30 15:17:00,570 - INFO: Evaluating at iteration 26129
2026-06-30 15:17:00,738 - INFO: Loss: 0.497416
2026-06-30 15:17:00,738 - INFO: Training ROC-AUC: 0.718750
2026-06-30 15:17:00,738 - INFO: Validation ROC-AUC: 0.817127
2026-06-30 15:17:05,512 - INFO: Evaluating at iteration 26629
2026-06-30 15:17:05,695 - INFO: Loss: 0.280254
2026-06-30 15:17:05,695 - INFO: Training ROC-AUC: 0.807407
2026-06-30 15:17:05,695 - INFO: Validation ROC-AUC: 0.818473
2026-06-30 15:17:10,410 - INFO: Evaluating at iteration 27129
2026-06-30 15:17:10,579 - INFO: Loss: 0.360873
2026-06-30 15:17:10,579 - INFO: Training ROC-AUC: 0.703704
2026-06-30 15:17:10,579 - INFO: Validation ROC-AUC: 0.817782
2026-06-30 15:17:11,480 - INFO: Starting epoch 14
2026-06-30 15:17:11,490 - INFO: Evaluating at iteration 27223
2026-06-30 15:17:11,653 - INFO: Loss: 0.250599
2026-06-30 15:17:11,653 - INFO: Training ROC-AUC: 0.911111
2026-06-30 15:17:11,653 - INFO: Validation ROC-AUC: 0.819053
2026-06-30 15:17:16,378 - INFO: Evaluating at iteration 27723
2026-06-30 15:17:16,547 - INFO: Loss: 0.186320
2026-06-30 15:17:16,547 - INFO: Training ROC-AUC: 1.000000
2026-06-30 15:17:16,547 - INFO: Validation ROC-AUC: 0.818904
2026-06-30 15:17:21,260 - INFO: Evaluating at iteration 28223
2026-06-30 15:17:21,429 - INFO: Loss: 0.186778
2026-06-30 15:17:21,429 - INFO: Training ROC-AUC: 0.991071
2026-06-30 15:17:21,429 - INFO: Validation ROC-AUC: 0.819037
2026-06-30 15:17:26,174 - INFO: Evaluating at iteration 28723
2026-06-30 15:17:26,343 - INFO: Loss: 0.285254
2026-06-30 15:17:26,343 - INFO: Training ROC-AUC: 0.911111
2026-06-30 15:17:26,343 - INFO: Validation ROC-AUC: 0.817755
2026-06-30 15:17:31,066 - INFO: Evaluating at iteration 29223
2026-06-30 15:17:31,240 - INFO: Loss: 0.358788
2026-06-30 15:17:31,240 - INFO: Training ROC-AUC: 0.777778
2026-06-30 15:17:31,240 - INFO: Validation ROC-AUC: 0.820212
2026-06-30 15:17:32,145 - INFO: Starting epoch 15
2026-06-30 15:17:32,155 - INFO: Evaluating at iteration 29317
2026-06-30 15:17:32,318 - INFO: Loss: 0.328420
2026-06-30 15:17:32,318 - INFO: Training ROC-AUC: 0.897143
2026-06-30 15:17:32,318 - INFO: Validation ROC-AUC: 0.821577
2026-06-30 15:17:37,053 - INFO: Evaluating at iteration 29817
2026-06-30 15:17:37,226 - INFO: Loss: 0.488312
2026-06-30 15:17:37,226 - INFO: Training ROC-AUC: 0.796875
2026-06-30 15:17:37,226 - INFO: Validation ROC-AUC: 0.820179
2026-06-30 15:17:41,956 - INFO: Evaluating at iteration 30317
2026-06-30 15:17:42,125 - INFO: Loss: 0.372431
2026-06-30 15:17:42,125 - INFO: Training ROC-AUC: 0.794872
2026-06-30 15:17:42,125 - INFO: Validation ROC-AUC: 0.821146
2026-06-30 15:17:46,863 - INFO: Evaluating at iteration 30817
2026-06-30 15:17:47,032 - INFO: Loss: 0.388341
2026-06-30 15:17:47,033 - INFO: Training ROC-AUC: 0.812500
2026-06-30 15:17:47,033 - INFO: Validation ROC-AUC: 0.820110
2026-06-30 15:17:51,774 - INFO: Evaluating at iteration 31317
2026-06-30 15:17:51,956 - INFO: Loss: 0.279218
2026-06-30 15:17:51,956 - INFO: Training ROC-AUC: 0.650000
2026-06-30 15:17:51,956 - INFO: Validation ROC-AUC: 0.822497
2026-06-30 15:17:52,851 - INFO: Starting epoch 16
2026-06-30 15:17:52,861 - INFO: Evaluating at iteration 31411
2026-06-30 15:17:53,037 - INFO: Loss: 0.249842
2026-06-30 15:17:53,037 - INFO: Training ROC-AUC: 0.903846
2026-06-30 15:17:53,037 - INFO: Validation ROC-AUC: 0.821852
2026-06-30 15:17:57,789 - INFO: Evaluating at iteration 31911
2026-06-30 15:17:57,967 - INFO: Loss: 0.276870
2026-06-30 15:17:57,967 - INFO: Training ROC-AUC: 0.910714
2026-06-30 15:17:57,967 - INFO: Validation ROC-AUC: 0.821857
2026-06-30 15:18:02,707 - INFO: Evaluating at iteration 32411
2026-06-30 15:18:02,876 - INFO: Loss: 0.377943
2026-06-30 15:18:02,876 - INFO: Training ROC-AUC: 0.669643
2026-06-30 15:18:02,876 - INFO: Validation ROC-AUC: 0.821582
2026-06-30 15:18:07,608 - INFO: Evaluating at iteration 32911
2026-06-30 15:18:07,779 - INFO: Loss: 0.459502
2026-06-30 15:18:07,779 - INFO: Training ROC-AUC: 0.765714
2026-06-30 15:18:07,779 - INFO: Validation ROC-AUC: 0.822982
2026-06-30 15:18:12,506 - INFO: Evaluating at iteration 33411
2026-06-30 15:18:12,680 - INFO: Loss: 0.239076
2026-06-30 15:18:12,680 - INFO: Training ROC-AUC: 0.896552
2026-06-30 15:18:12,680 - INFO: Validation ROC-AUC: 0.823121
2026-06-30 15:18:13,583 - INFO: Starting epoch 17
2026-06-30 15:18:13,594 - INFO: Evaluating at iteration 33505
2026-06-30 15:18:13,760 - INFO: Loss: 0.519553
2026-06-30 15:18:13,760 - INFO: Training ROC-AUC: 0.758454
2026-06-30 15:18:13,760 - INFO: Validation ROC-AUC: 0.823183
2026-06-30 15:18:18,515 - INFO: Evaluating at iteration 34005
2026-06-30 15:18:18,688 - INFO: Loss: 0.124853
2026-06-30 15:18:18,688 - INFO: Training ROC-AUC: 1.000000
2026-06-30 15:18:18,688 - INFO: Validation ROC-AUC: 0.823489
2026-06-30 15:18:23,421 - INFO: Evaluating at iteration 34505
2026-06-30 15:18:23,592 - INFO: Loss: 0.195319
2026-06-30 15:18:23,593 - INFO: Training ROC-AUC: 0.955556
2026-06-30 15:18:23,593 - INFO: Validation ROC-AUC: 0.821530
2026-06-30 15:18:28,348 - INFO: Evaluating at iteration 35005
2026-06-30 15:18:28,516 - INFO: Loss: 0.489783
2026-06-30 15:18:28,517 - INFO: Training ROC-AUC: 0.711538
2026-06-30 15:18:28,517 - INFO: Validation ROC-AUC: 0.822971
2026-06-30 15:18:33,249 - INFO: Evaluating at iteration 35505
2026-06-30 15:18:33,418 - INFO: Loss: 0.398525
2026-06-30 15:18:33,418 - INFO: Training ROC-AUC: 0.755556
2026-06-30 15:18:33,418 - INFO: Validation ROC-AUC: 0.824506
2026-06-30 15:18:34,320 - INFO: Starting epoch 18
2026-06-30 15:18:34,330 - INFO: Evaluating at iteration 35599
2026-06-30 15:18:34,493 - INFO: Loss: 0.378020
2026-06-30 15:18:34,493 - INFO: Training ROC-AUC: 0.817143
2026-06-30 15:18:34,493 - INFO: Validation ROC-AUC: 0.824326
2026-06-30 15:18:39,236 - INFO: Evaluating at iteration 36099
2026-06-30 15:18:39,416 - INFO: Loss: 0.273364
2026-06-30 15:18:39,416 - INFO: Training ROC-AUC: 0.931429
2026-06-30 15:18:39,416 - INFO: Validation ROC-AUC: 0.825100
2026-06-30 15:18:44,141 - INFO: Evaluating at iteration 36599
2026-06-30 15:18:44,313 - INFO: Loss: 0.328325
2026-06-30 15:18:44,313 - INFO: Training ROC-AUC: 0.902857
2026-06-30 15:18:44,313 - INFO: Validation ROC-AUC: 0.824485
2026-06-30 15:18:49,054 - INFO: Evaluating at iteration 37099
2026-06-30 15:18:49,235 - INFO: Loss: 0.291873
2026-06-30 15:18:49,235 - INFO: Training ROC-AUC: 0.747126
2026-06-30 15:18:49,235 - INFO: Validation ROC-AUC: 0.823797
2026-06-30 15:18:53,969 - INFO: Evaluating at iteration 37599
2026-06-30 15:18:54,142 - INFO: Loss: 0.422621
2026-06-30 15:18:54,142 - INFO: Training ROC-AUC: 0.857143
2026-06-30 15:18:54,142 - INFO: Validation ROC-AUC: 0.825565
2026-06-30 15:18:55,042 - INFO: Starting epoch 19
2026-06-30 15:18:55,052 - INFO: Evaluating at iteration 37693
2026-06-30 15:18:55,221 - INFO: Loss: 0.228485
2026-06-30 15:18:55,221 - INFO: Training ROC-AUC: 0.948148
2026-06-30 15:18:55,221 - INFO: Validation ROC-AUC: 0.826221
2026-06-30 15:18:59,970 - INFO: Evaluating at iteration 38193
2026-06-30 15:19:00,149 - INFO: Loss: 0.210802
2026-06-30 15:19:00,149 - INFO: Training ROC-AUC: 0.928571
2026-06-30 15:19:00,150 - INFO: Validation ROC-AUC: 0.825073
2026-06-30 15:19:04,894 - INFO: Evaluating at iteration 38693
2026-06-30 15:19:05,066 - INFO: Loss: 0.306418
2026-06-30 15:19:05,066 - INFO: Training ROC-AUC: 0.724138
2026-06-30 15:19:05,066 - INFO: Validation ROC-AUC: 0.825500
2026-06-30 15:19:09,831 - INFO: Evaluating at iteration 39193
2026-06-30 15:19:10,000 - INFO: Loss: 0.310728
2026-06-30 15:19:10,000 - INFO: Training ROC-AUC: 0.822222
2026-06-30 15:19:10,000 - INFO: Validation ROC-AUC: 0.826926
2026-06-30 15:19:14,746 - INFO: Evaluating at iteration 39693
2026-06-30 15:19:14,915 - INFO: Loss: 0.488505
2026-06-30 15:19:14,915 - INFO: Training ROC-AUC: 0.795455
2026-06-30 15:19:14,915 - INFO: Validation ROC-AUC: 0.826678
2026-06-30 15:19:15,823 - INFO: Starting epoch 20
2026-06-30 15:19:15,833 - INFO: Evaluating at iteration 39787
2026-06-30 15:19:15,997 - INFO: Loss: 0.167456
2026-06-30 15:19:15,997 - INFO: Training ROC-AUC: 0.964286
2026-06-30 15:19:15,997 - INFO: Validation ROC-AUC: 0.825436
2026-06-30 15:19:20,742 - INFO: Evaluating at iteration 40287
2026-06-30 15:19:20,912 - INFO: Loss: 0.378003
2026-06-30 15:19:20,912 - INFO: Training ROC-AUC: 0.874396
2026-06-30 15:19:20,912 - INFO: Validation ROC-AUC: 0.826999
2026-06-30 15:19:25,645 - INFO: Evaluating at iteration 40787
2026-06-30 15:19:25,816 - INFO: Loss: 0.438103
2026-06-30 15:19:25,816 - INFO: Training ROC-AUC: 0.782857
2026-06-30 15:19:25,816 - INFO: Validation ROC-AUC: 0.827502
2026-06-30 15:19:30,585 - INFO: Evaluating at iteration 41287
2026-06-30 15:19:30,762 - INFO: Loss: 0.364238
2026-06-30 15:19:30,762 - INFO: Training ROC-AUC: 0.890625
2026-06-30 15:19:30,762 - INFO: Validation ROC-AUC: 0.826752
2026-06-30 15:19:35,491 - INFO: Evaluating at iteration 41787
2026-06-30 15:19:35,661 - INFO: Loss: 0.367587
2026-06-30 15:19:35,661 - INFO: Training ROC-AUC: 0.769231
2026-06-30 15:19:35,661 - INFO: Validation ROC-AUC: 0.827487
2026-06-30 15:19:36,552 - INFO: Starting epoch 21
2026-06-30 15:19:36,562 - INFO: Evaluating at iteration 41881
2026-06-30 15:19:36,724 - INFO: Loss: 0.272647
2026-06-30 15:19:36,724 - INFO: Training ROC-AUC: 0.937500
2026-06-30 15:19:36,724 - INFO: Validation ROC-AUC: 0.827906
2026-06-30 15:19:41,481 - INFO: Evaluating at iteration 42381
2026-06-30 15:19:41,653 - INFO: Loss: 0.319893
2026-06-30 15:19:41,653 - INFO: Training ROC-AUC: 0.837037
2026-06-30 15:19:41,653 - INFO: Validation ROC-AUC: 0.826929
2026-06-30 15:19:46,394 - INFO: Evaluating at iteration 42881
2026-06-30 15:19:46,565 - INFO: Loss: 0.347020
2026-06-30 15:19:46,566 - INFO: Training ROC-AUC: 0.885714
2026-06-30 15:19:46,566 - INFO: Validation ROC-AUC: 0.828590
2026-06-30 15:19:51,333 - INFO: Evaluating at iteration 43381
2026-06-30 15:19:51,504 - INFO: Loss: 0.374516
2026-06-30 15:19:51,504 - INFO: Training ROC-AUC: 0.848958
2026-06-30 15:19:51,504 - INFO: Validation ROC-AUC: 0.828639
2026-06-30 15:19:56,265 - INFO: Evaluating at iteration 43881
2026-06-30 15:19:56,436 - INFO: Loss: 0.204642
2026-06-30 15:19:56,436 - INFO: Training ROC-AUC: 0.862069
2026-06-30 15:19:56,436 - INFO: Validation ROC-AUC: 0.828360
2026-06-30 15:19:57,330 - INFO: Starting epoch 22
2026-06-30 15:19:57,340 - INFO: Evaluating at iteration 43975
2026-06-30 15:19:57,503 - INFO: Loss: 0.225649
2026-06-30 15:19:57,503 - INFO: Training ROC-AUC: 0.903704
2026-06-30 15:19:57,503 - INFO: Validation ROC-AUC: 0.829477
2026-06-30 15:20:02,252 - INFO: Evaluating at iteration 44475
2026-06-30 15:20:02,423 - INFO: Loss: 0.354364
2026-06-30 15:20:02,423 - INFO: Training ROC-AUC: 0.687500
2026-06-30 15:20:02,423 - INFO: Validation ROC-AUC: 0.829707
2026-06-30 15:20:07,233 - INFO: Evaluating at iteration 44975
2026-06-30 15:20:07,417 - INFO: Loss: 0.354431
2026-06-30 15:20:07,417 - INFO: Training ROC-AUC: 0.871795
2026-06-30 15:20:07,417 - INFO: Validation ROC-AUC: 0.829869
2026-06-30 15:20:12,224 - INFO: Evaluating at iteration 45475
2026-06-30 15:20:12,393 - INFO: Loss: 0.437258
2026-06-30 15:20:12,393 - INFO: Training ROC-AUC: 0.840580
2026-06-30 15:20:12,393 - INFO: Validation ROC-AUC: 0.829563
2026-06-30 15:20:17,200 - INFO: Evaluating at iteration 45975
2026-06-30 15:20:17,369 - INFO: Loss: 0.394721
2026-06-30 15:20:17,369 - INFO: Training ROC-AUC: 0.740741
2026-06-30 15:20:17,369 - INFO: Validation ROC-AUC: 0.829963
2026-06-30 15:20:18,269 - INFO: Starting epoch 23
2026-06-30 15:20:18,285 - INFO: Evaluating at iteration 46069
2026-06-30 15:20:18,455 - INFO: Loss: 0.370784
2026-06-30 15:20:18,455 - INFO: Training ROC-AUC: 0.651786
2026-06-30 15:20:18,455 - INFO: Validation ROC-AUC: 0.830222
2026-06-30 15:20:23,293 - INFO: Evaluating at iteration 46569
2026-06-30 15:20:23,462 - INFO: Loss: 0.482741
2026-06-30 15:20:23,462 - INFO: Training ROC-AUC: 0.806763
2026-06-30 15:20:23,462 - INFO: Validation ROC-AUC: 0.827890
2026-06-30 15:20:28,305 - INFO: Evaluating at iteration 47069
2026-06-30 15:20:28,474 - INFO: Loss: 0.223913
2026-06-30 15:20:28,474 - INFO: Training ROC-AUC: 0.896552
2026-06-30 15:20:28,474 - INFO: Validation ROC-AUC: 0.829801
2026-06-30 15:20:33,322 - INFO: Evaluating at iteration 47569
2026-06-30 15:20:33,492 - INFO: Loss: 0.276667
2026-06-30 15:20:33,492 - INFO: Training ROC-AUC: 0.925926
2026-06-30 15:20:33,492 - INFO: Validation ROC-AUC: 0.831711
2026-06-30 15:20:38,353 - INFO: Evaluating at iteration 48069
2026-06-30 15:20:38,523 - INFO: Loss: 0.316913
2026-06-30 15:20:38,523 - INFO: Training ROC-AUC: 0.758929
2026-06-30 15:20:38,523 - INFO: Validation ROC-AUC: 0.831439
2026-06-30 15:20:39,433 - INFO: Starting epoch 24
2026-06-30 15:20:39,444 - INFO: Evaluating at iteration 48163
2026-06-30 15:20:39,607 - INFO: Loss: 0.367551
2026-06-30 15:20:39,608 - INFO: Training ROC-AUC: 0.769231
2026-06-30 15:20:39,608 - INFO: Validation ROC-AUC: 0.831734
2026-06-30 15:20:44,472 - INFO: Evaluating at iteration 48663
2026-06-30 15:20:44,641 - INFO: Loss: 0.122586
2026-06-30 15:20:44,641 - INFO: Training ROC-AUC: 1.000000
2026-06-30 15:20:44,641 - INFO: Validation ROC-AUC: 0.831395
2026-06-30 15:20:49,526 - INFO: Evaluating at iteration 49163
2026-06-30 15:20:49,695 - INFO: Loss: 0.273262
2026-06-30 15:20:49,695 - INFO: Training ROC-AUC: 0.911111
2026-06-30 15:20:49,695 - INFO: Validation ROC-AUC: 0.832177
2026-06-30 15:20:54,568 - INFO: Evaluating at iteration 49663
2026-06-30 15:20:54,740 - INFO: Loss: 0.227360
2026-06-30 15:20:54,741 - INFO: Training ROC-AUC: 0.816667
2026-06-30 15:20:54,741 - INFO: Validation ROC-AUC: 0.832210
2026-06-30 15:20:59,627 - INFO: Evaluating at iteration 50163
2026-06-30 15:20:59,797 - INFO: Loss: 0.206998
2026-06-30 15:20:59,797 - INFO: Training ROC-AUC: 0.962963
2026-06-30 15:20:59,797 - INFO: Validation ROC-AUC: 0.832842
2026-06-30 15:21:00,730 - INFO: Starting epoch 25
2026-06-30 15:21:00,740 - INFO: Evaluating at iteration 50257
2026-06-30 15:21:00,905 - INFO: Loss: 0.323056
2026-06-30 15:21:00,905 - INFO: Training ROC-AUC: 0.678161
2026-06-30 15:21:00,905 - INFO: Validation ROC-AUC: 0.832089
2026-06-30 15:21:05,819 - INFO: Evaluating at iteration 50757
2026-06-30 15:21:05,992 - INFO: Loss: 0.184787
2026-06-30 15:21:05,992 - INFO: Training ROC-AUC: 0.950000
2026-06-30 15:21:05,992 - INFO: Validation ROC-AUC: 0.833344
2026-06-30 15:21:10,892 - INFO: Evaluating at iteration 51257
2026-06-30 15:21:11,063 - INFO: Loss: 0.224547
2026-06-30 15:21:11,063 - INFO: Training ROC-AUC: 0.933333
2026-06-30 15:21:11,063 - INFO: Validation ROC-AUC: 0.834379
2026-06-30 15:21:15,978 - INFO: Evaluating at iteration 51757
2026-06-30 15:21:16,149 - INFO: Loss: 0.479333
2026-06-30 15:21:16,149 - INFO: Training ROC-AUC: 0.742857
2026-06-30 15:21:16,149 - INFO: Validation ROC-AUC: 0.834042
2026-06-30 15:21:21,055 - INFO: Evaluating at iteration 52257
2026-06-30 15:21:21,227 - INFO: Loss: 0.197130
2026-06-30 15:21:21,227 - INFO: Training ROC-AUC: 0.962963
2026-06-30 15:21:21,227 - INFO: Validation ROC-AUC: 0.833683
2026-06-30 15:21:22,161 - INFO: Saving model to models/TCRStructMap_random_split_cdrs_peptide/model_5.pt
