2025-01-28 16:00:49,576 - INFO: Parameter: training_data='data/processed/sequences.h5'
2025-01-28 16:00:49,576 - INFO: Parameter: contact_maps='data/processed/contact_maps.h5'
2025-01-28 16:00:49,576 - INFO: Parameter: output='models/TCRContactMapPredictor'
2025-01-28 16:00:49,576 - INFO: Parameter: seed=None
2025-01-28 16:00:49,576 - INFO: Parameter: cdr_1_length=8
2025-01-28 16:00:49,576 - INFO: Parameter: cdr_2_length=8
2025-01-28 16:00:49,576 - INFO: Parameter: cdr_3_length=24
2025-01-28 16:00:49,576 - INFO: Parameter: peptide_length=12
2025-01-28 16:00:49,576 - INFO: Parameter: mhc_pseudo_sequence_length=26
2025-01-28 16:00:49,576 - INFO: Parameter: batch_size=32
2025-01-28 16:00:49,576 - INFO: Parameter: num_epochs=25
2025-01-28 16:00:49,576 - INFO: Parameter: learning_rate=0.001
2025-01-28 16:00:49,576 - INFO: Parameter: drop_out_rate=0.2
2025-01-28 16:00:49,576 - INFO: Parameter: learn_contact_maps=False
2025-01-28 16:00:49,576 - INFO: Parameter: checkpoint_interval=1000
2025-01-28 16:00:49,576 - INFO: Parameter: eval_interval=500
2025-01-28 16:00:49,576 - INFO: Parameter: eval_batch_size=1000
2025-01-28 16:00:49,576 - INFO: Parameter: log_level='info'
2025-01-28 16:00:49,576 - INFO: Parameter: log_file='data/logs/train_tcr_contact_map_predictor.log'
2025-01-28 16:00:49,576 - INFO: Loading contact maps from data/processed/contact_maps.h5
2025-01-28 16:00:49,582 - INFO: Loading training data from data/processed/sequences.h5
2025-01-28 16:00:50,653 - INFO: Starting fold 1
2025-01-28 16:00:50,653 - INFO: Initialising model
2025-01-28 16:00:55,527 - INFO: Starting training
2025-01-28 16:00:55,527 - INFO: Starting epoch 1
2025-01-28 16:00:55,798 - INFO: Evaluating at iteration 1
2025-01-28 16:00:56,254 - INFO: Loss: 0.674729
2025-01-28 16:00:56,254 - INFO: Training ROC-AUC: 0.600000
2025-01-28 16:00:56,254 - INFO: Validation ROC-AUC: 0.464055
2025-01-28 16:01:04,597 - INFO: Evaluating at iteration 501
2025-01-28 16:01:05,068 - INFO: Loss: 0.379003
2025-01-28 16:01:05,068 - INFO: Training ROC-AUC: 0.482143
2025-01-28 16:01:05,068 - INFO: Validation ROC-AUC: 0.554363
2025-01-28 16:01:13,484 - INFO: Evaluating at iteration 1001
2025-01-28 16:01:13,942 - INFO: Loss: 0.680641
2025-01-28 16:01:13,942 - INFO: Training ROC-AUC: 0.691667
2025-01-28 16:01:13,942 - INFO: Validation ROC-AUC: 0.730498
2025-01-28 16:01:22,187 - INFO: Evaluating at iteration 1501
2025-01-28 16:01:22,623 - INFO: Loss: 0.357192
2025-01-28 16:01:22,623 - INFO: Training ROC-AUC: 0.851429
2025-01-28 16:01:22,623 - INFO: Validation ROC-AUC: 0.744252
2025-01-28 16:01:30,476 - INFO: Starting epoch 2
2025-01-28 16:01:30,496 - INFO: Evaluating at iteration 2001
2025-01-28 16:01:30,867 - INFO: Loss: 0.156571
2025-01-28 16:01:30,867 - INFO: Training ROC-AUC: 1.000000
2025-01-28 16:01:30,867 - INFO: Validation ROC-AUC: 0.751966
2025-01-28 16:01:38,886 - INFO: Evaluating at iteration 2501
2025-01-28 16:01:39,258 - INFO: Loss: 0.268380
2025-01-28 16:01:39,258 - INFO: Training ROC-AUC: 0.874074
2025-01-28 16:01:39,258 - INFO: Validation ROC-AUC: 0.735269
2025-01-28 16:01:47,239 - INFO: Evaluating at iteration 3001
2025-01-28 16:01:47,624 - INFO: Loss: 0.295351
2025-01-28 16:01:47,624 - INFO: Training ROC-AUC: 0.827586
2025-01-28 16:01:47,624 - INFO: Validation ROC-AUC: 0.752074
2025-01-28 16:01:55,669 - INFO: Evaluating at iteration 3501
2025-01-28 16:01:56,109 - INFO: Loss: 0.355179
2025-01-28 16:01:56,109 - INFO: Training ROC-AUC: 0.959091
2025-01-28 16:01:56,109 - INFO: Validation ROC-AUC: 0.726144
2025-01-28 16:02:04,522 - INFO: Starting epoch 3
2025-01-28 16:02:04,542 - INFO: Evaluating at iteration 4001
2025-01-28 16:02:04,973 - INFO: Loss: 0.267981
2025-01-28 16:02:04,973 - INFO: Training ROC-AUC: 0.804598
2025-01-28 16:02:04,974 - INFO: Validation ROC-AUC: 0.756818
2025-01-28 16:02:13,159 - INFO: Evaluating at iteration 4501
2025-01-28 16:02:13,565 - INFO: Loss: 0.303733
2025-01-28 16:02:13,565 - INFO: Training ROC-AUC: 0.925714
2025-01-28 16:02:13,565 - INFO: Validation ROC-AUC: 0.745069
2025-01-28 16:02:21,710 - INFO: Evaluating at iteration 5001
2025-01-28 16:02:22,141 - INFO: Loss: 0.271030
2025-01-28 16:02:22,142 - INFO: Training ROC-AUC: 0.903846
2025-01-28 16:02:22,142 - INFO: Validation ROC-AUC: 0.748853
2025-01-28 16:02:30,323 - INFO: Evaluating at iteration 5501
2025-01-28 16:02:30,722 - INFO: Loss: 0.157338
2025-01-28 16:02:30,723 - INFO: Training ROC-AUC: 0.964286
2025-01-28 16:02:30,723 - INFO: Validation ROC-AUC: 0.754815
2025-01-28 16:02:38,801 - INFO: Starting epoch 4
2025-01-28 16:02:38,820 - INFO: Evaluating at iteration 6001
2025-01-28 16:02:39,203 - INFO: Loss: 0.299189
2025-01-28 16:02:39,203 - INFO: Training ROC-AUC: 0.785714
2025-01-28 16:02:39,203 - INFO: Validation ROC-AUC: 0.752607
2025-01-28 16:02:47,225 - INFO: Evaluating at iteration 6501
2025-01-28 16:02:47,638 - INFO: Loss: 0.155506
2025-01-28 16:02:47,638 - INFO: Training ROC-AUC: 0.966667
2025-01-28 16:02:47,638 - INFO: Validation ROC-AUC: 0.757263
2025-01-28 16:02:55,983 - INFO: Evaluating at iteration 7001
2025-01-28 16:02:56,410 - INFO: Loss: 0.633937
2025-01-28 16:02:56,410 - INFO: Training ROC-AUC: 0.671875
2025-01-28 16:02:56,410 - INFO: Validation ROC-AUC: 0.758013
2025-01-28 16:03:04,793 - INFO: Evaluating at iteration 7501
2025-01-28 16:03:05,221 - INFO: Loss: 0.079769
2025-01-28 16:03:05,221 - INFO: Training ROC-AUC: 1.000000
2025-01-28 16:03:05,221 - INFO: Validation ROC-AUC: 0.770188
2025-01-28 16:03:13,402 - INFO: Starting epoch 5
2025-01-28 16:03:13,423 - INFO: Evaluating at iteration 8001
2025-01-28 16:03:13,843 - INFO: Loss: 0.323381
2025-01-28 16:03:13,843 - INFO: Training ROC-AUC: 0.837037
2025-01-28 16:03:13,843 - INFO: Validation ROC-AUC: 0.741743
2025-01-28 16:03:22,194 - INFO: Evaluating at iteration 8501
2025-01-28 16:03:22,595 - INFO: Loss: 0.211028
2025-01-28 16:03:22,595 - INFO: Training ROC-AUC: 0.850575
2025-01-28 16:03:22,595 - INFO: Validation ROC-AUC: 0.774183
2025-01-28 16:03:30,018 - INFO: Evaluating at iteration 9001
2025-01-28 16:03:30,418 - INFO: Loss: 0.191151
2025-01-28 16:03:30,419 - INFO: Training ROC-AUC: 0.987179
2025-01-28 16:03:30,419 - INFO: Validation ROC-AUC: 0.781218
2025-01-28 16:03:38,573 - INFO: Evaluating at iteration 9501
2025-01-28 16:03:38,944 - INFO: Loss: 0.253917
2025-01-28 16:03:38,944 - INFO: Training ROC-AUC: 0.960000
2025-01-28 16:03:38,944 - INFO: Validation ROC-AUC: 0.762237
2025-01-28 16:03:46,783 - INFO: Starting epoch 6
2025-01-28 16:03:46,802 - INFO: Evaluating at iteration 10001
2025-01-28 16:03:47,178 - INFO: Loss: 0.224814
2025-01-28 16:03:47,178 - INFO: Training ROC-AUC: 0.965714
2025-01-28 16:03:47,178 - INFO: Validation ROC-AUC: 0.756927
2025-01-28 16:03:54,944 - INFO: Evaluating at iteration 10501
2025-01-28 16:03:55,319 - INFO: Loss: 0.254743
2025-01-28 16:03:55,319 - INFO: Training ROC-AUC: 0.781609
2025-01-28 16:03:55,319 - INFO: Validation ROC-AUC: 0.758146
2025-01-28 16:04:03,057 - INFO: Evaluating at iteration 11001
2025-01-28 16:04:03,427 - INFO: Loss: 0.171950
2025-01-28 16:04:03,427 - INFO: Training ROC-AUC: 1.000000
2025-01-28 16:04:03,427 - INFO: Validation ROC-AUC: 0.769308
2025-01-28 16:04:11,234 - INFO: Evaluating at iteration 11501
2025-01-28 16:04:11,622 - INFO: Loss: 0.293830
2025-01-28 16:04:11,623 - INFO: Training ROC-AUC: 0.884615
2025-01-28 16:04:11,623 - INFO: Validation ROC-AUC: 0.791910
2025-01-28 16:04:19,555 - INFO: Starting epoch 7
2025-01-28 16:04:19,575 - INFO: Evaluating at iteration 12001
2025-01-28 16:04:19,992 - INFO: Loss: 0.206008
2025-01-28 16:04:19,992 - INFO: Training ROC-AUC: 0.933333
2025-01-28 16:04:19,992 - INFO: Validation ROC-AUC: 0.783762
2025-01-28 16:04:28,231 - INFO: Evaluating at iteration 12501
2025-01-28 16:04:28,618 - INFO: Loss: 0.256615
2025-01-28 16:04:28,619 - INFO: Training ROC-AUC: 0.925714
2025-01-28 16:04:28,619 - INFO: Validation ROC-AUC: 0.784072
2025-01-28 16:04:36,889 - INFO: Evaluating at iteration 13001
2025-01-28 16:04:37,291 - INFO: Loss: 0.272190
2025-01-28 16:04:37,291 - INFO: Training ROC-AUC: 0.973958
2025-01-28 16:04:37,291 - INFO: Validation ROC-AUC: 0.777642
2025-01-28 16:04:45,711 - INFO: Evaluating at iteration 13501
2025-01-28 16:04:46,140 - INFO: Loss: 0.092235
2025-01-28 16:04:46,140 - INFO: Training ROC-AUC: 1.000000
2025-01-28 16:04:46,140 - INFO: Validation ROC-AUC: 0.785267
2025-01-28 16:04:54,436 - INFO: Starting epoch 8
2025-01-28 16:04:54,455 - INFO: Evaluating at iteration 14001
2025-01-28 16:04:54,830 - INFO: Loss: 0.197401
2025-01-28 16:04:54,830 - INFO: Training ROC-AUC: 0.883333
2025-01-28 16:04:54,830 - INFO: Validation ROC-AUC: 0.800641
2025-01-28 16:05:03,005 - INFO: Evaluating at iteration 14501
2025-01-28 16:05:03,384 - INFO: Loss: 0.290562
2025-01-28 16:05:03,384 - INFO: Training ROC-AUC: 0.942308
2025-01-28 16:05:03,384 - INFO: Validation ROC-AUC: 0.781022
2025-01-28 16:05:11,423 - INFO: Evaluating at iteration 15001
2025-01-28 16:05:11,809 - INFO: Loss: 0.277659
2025-01-28 16:05:11,810 - INFO: Training ROC-AUC: 0.830357
2025-01-28 16:05:11,810 - INFO: Validation ROC-AUC: 0.795962
2025-01-28 16:05:19,643 - INFO: Evaluating at iteration 15501
2025-01-28 16:05:20,023 - INFO: Loss: 0.295947
2025-01-28 16:05:20,023 - INFO: Training ROC-AUC: 0.910256
2025-01-28 16:05:20,023 - INFO: Validation ROC-AUC: 0.788838
2025-01-28 16:05:27,944 - INFO: Starting epoch 9
2025-01-28 16:05:27,965 - INFO: Evaluating at iteration 16001
2025-01-28 16:05:28,352 - INFO: Loss: 0.127221
2025-01-28 16:05:28,353 - INFO: Training ROC-AUC: 0.980769
2025-01-28 16:05:28,353 - INFO: Validation ROC-AUC: 0.794506
2025-01-28 16:05:36,777 - INFO: Evaluating at iteration 16501
2025-01-28 16:05:37,183 - INFO: Loss: 0.295780
2025-01-28 16:05:37,183 - INFO: Training ROC-AUC: 0.747126
2025-01-28 16:05:37,183 - INFO: Validation ROC-AUC: 0.797560
2025-01-28 16:05:46,742 - INFO: Evaluating at iteration 17001
2025-01-28 16:05:47,112 - INFO: Loss: 0.169168
2025-01-28 16:05:47,112 - INFO: Training ROC-AUC: 0.948148
2025-01-28 16:05:47,112 - INFO: Validation ROC-AUC: 0.792586
2025-01-28 16:05:56,720 - INFO: Evaluating at iteration 17501
2025-01-28 16:05:57,095 - INFO: Loss: 0.233404
2025-01-28 16:05:57,096 - INFO: Training ROC-AUC: 0.908046
2025-01-28 16:05:57,096 - INFO: Validation ROC-AUC: 0.810193
2025-01-28 16:06:04,491 - INFO: Starting epoch 10
2025-01-28 16:06:04,504 - INFO: Evaluating at iteration 18001
2025-01-28 16:06:04,869 - INFO: Loss: 0.218602
2025-01-28 16:06:04,869 - INFO: Training ROC-AUC: 0.896552
2025-01-28 16:06:04,869 - INFO: Validation ROC-AUC: 0.805282
2025-01-28 16:06:12,353 - INFO: Evaluating at iteration 18501
2025-01-28 16:06:12,732 - INFO: Loss: 0.164864
2025-01-28 16:06:12,732 - INFO: Training ROC-AUC: 0.954023
2025-01-28 16:06:12,732 - INFO: Validation ROC-AUC: 0.796532
2025-01-28 16:06:20,769 - INFO: Evaluating at iteration 19001
2025-01-28 16:06:21,166 - INFO: Loss: 0.352492
2025-01-28 16:06:21,166 - INFO: Training ROC-AUC: 0.834286
2025-01-28 16:06:21,166 - INFO: Validation ROC-AUC: 0.800532
2025-01-28 16:06:29,117 - INFO: Evaluating at iteration 19501
2025-01-28 16:06:29,496 - INFO: Loss: 0.189026
2025-01-28 16:06:29,496 - INFO: Training ROC-AUC: 0.946429
2025-01-28 16:06:29,496 - INFO: Validation ROC-AUC: 0.800353
2025-01-28 16:06:37,387 - INFO: Starting epoch 11
2025-01-28 16:06:37,407 - INFO: Evaluating at iteration 20001
2025-01-28 16:06:37,777 - INFO: Loss: 0.210829
2025-01-28 16:06:37,777 - INFO: Training ROC-AUC: 0.955357
2025-01-28 16:06:37,777 - INFO: Validation ROC-AUC: 0.789413
2025-01-28 16:06:46,558 - INFO: Evaluating at iteration 20501
2025-01-28 16:06:46,939 - INFO: Loss: 0.128302
2025-01-28 16:06:46,939 - INFO: Training ROC-AUC: 0.992593
2025-01-28 16:06:46,939 - INFO: Validation ROC-AUC: 0.797452
2025-01-28 16:06:54,433 - INFO: Evaluating at iteration 21001
2025-01-28 16:06:54,810 - INFO: Loss: 0.276022
2025-01-28 16:06:54,811 - INFO: Training ROC-AUC: 0.931429
2025-01-28 16:06:54,811 - INFO: Validation ROC-AUC: 0.810042
2025-01-28 16:07:02,419 - INFO: Evaluating at iteration 21501
2025-01-28 16:07:02,793 - INFO: Loss: 0.281653
2025-01-28 16:07:02,794 - INFO: Training ROC-AUC: 0.988571
2025-01-28 16:07:02,794 - INFO: Validation ROC-AUC: 0.798487
2025-01-28 16:07:10,688 - INFO: Starting epoch 12
2025-01-28 16:07:10,708 - INFO: Evaluating at iteration 22001
2025-01-28 16:07:11,092 - INFO: Loss: 0.224898
2025-01-28 16:07:11,092 - INFO: Training ROC-AUC: 0.903846
2025-01-28 16:07:11,092 - INFO: Validation ROC-AUC: 0.797917
2025-01-28 16:07:19,016 - INFO: Evaluating at iteration 22501
2025-01-28 16:07:19,394 - INFO: Loss: 0.290804
2025-01-28 16:07:19,394 - INFO: Training ROC-AUC: 0.942308
2025-01-28 16:07:19,394 - INFO: Validation ROC-AUC: 0.793155
2025-01-28 16:07:27,411 - INFO: Evaluating at iteration 23001
2025-01-28 16:07:27,788 - INFO: Loss: 0.119937
2025-01-28 16:07:27,788 - INFO: Training ROC-AUC: 0.967742
2025-01-28 16:07:27,788 - INFO: Validation ROC-AUC: 0.806048
2025-01-28 16:07:35,637 - INFO: Evaluating at iteration 23501
2025-01-28 16:07:36,013 - INFO: Loss: 0.421832
2025-01-28 16:07:36,013 - INFO: Training ROC-AUC: 0.850242
2025-01-28 16:07:36,013 - INFO: Validation ROC-AUC: 0.803216
2025-01-28 16:07:43,809 - INFO: Starting epoch 13
2025-01-28 16:07:43,828 - INFO: Evaluating at iteration 24001
2025-01-28 16:07:44,204 - INFO: Loss: 0.241915
2025-01-28 16:07:44,204 - INFO: Training ROC-AUC: 0.931429
2025-01-28 16:07:44,204 - INFO: Validation ROC-AUC: 0.802320
2025-01-28 16:07:51,898 - INFO: Evaluating at iteration 24501
2025-01-28 16:07:52,276 - INFO: Loss: 0.068115
2025-01-28 16:07:52,276 - INFO: Training ROC-AUC: 1.000000
2025-01-28 16:07:52,276 - INFO: Validation ROC-AUC: 0.800915
2025-01-28 16:07:59,821 - INFO: Evaluating at iteration 25001
2025-01-28 16:08:00,215 - INFO: Loss: 0.115125
2025-01-28 16:08:00,215 - INFO: Training ROC-AUC: 0.977143
2025-01-28 16:08:00,215 - INFO: Validation ROC-AUC: 0.803445
2025-01-28 16:08:07,909 - INFO: Evaluating at iteration 25501
2025-01-28 16:08:08,288 - INFO: Loss: 0.233487
2025-01-28 16:08:08,288 - INFO: Training ROC-AUC: 0.982857
2025-01-28 16:08:08,288 - INFO: Validation ROC-AUC: 0.799707
2025-01-28 16:08:15,976 - INFO: Starting epoch 14
2025-01-28 16:08:15,996 - INFO: Evaluating at iteration 26001
2025-01-28 16:08:16,383 - INFO: Loss: 0.200612
2025-01-28 16:08:16,383 - INFO: Training ROC-AUC: 0.954023
2025-01-28 16:08:16,383 - INFO: Validation ROC-AUC: 0.810092
2025-01-28 16:08:24,247 - INFO: Evaluating at iteration 26501
2025-01-28 16:08:24,619 - INFO: Loss: 0.276207
2025-01-28 16:08:24,619 - INFO: Training ROC-AUC: 0.919643
2025-01-28 16:08:24,619 - INFO: Validation ROC-AUC: 0.798223
2025-01-28 16:08:32,383 - INFO: Evaluating at iteration 27001
2025-01-28 16:08:32,768 - INFO: Loss: 0.261087
2025-01-28 16:08:32,768 - INFO: Training ROC-AUC: 0.971014
2025-01-28 16:08:32,768 - INFO: Validation ROC-AUC: 0.794961
2025-01-28 16:08:40,372 - INFO: Evaluating at iteration 27501
2025-01-28 16:08:40,747 - INFO: Loss: 0.268308
2025-01-28 16:08:40,747 - INFO: Training ROC-AUC: 0.916667
2025-01-28 16:08:40,747 - INFO: Validation ROC-AUC: 0.791548
2025-01-28 16:08:44,138 - INFO: Starting epoch 15
2025-01-28 16:08:44,145 - INFO: Evaluating at iteration 28001
2025-01-28 16:08:44,482 - INFO: Loss: 0.474295
2025-01-28 16:08:44,482 - INFO: Training ROC-AUC: 0.822917
2025-01-28 16:08:44,483 - INFO: Validation ROC-AUC: 0.788780
2025-01-28 16:08:47,004 - INFO: Evaluating at iteration 28501
2025-01-28 16:08:47,343 - INFO: Loss: 0.252247
2025-01-28 16:08:47,343 - INFO: Training ROC-AUC: 0.935897
2025-01-28 16:08:47,343 - INFO: Validation ROC-AUC: 0.803586
2025-01-28 16:08:49,818 - INFO: Evaluating at iteration 29001
2025-01-28 16:08:50,245 - INFO: Loss: 0.219979
2025-01-28 16:08:50,245 - INFO: Training ROC-AUC: 0.935897
2025-01-28 16:08:50,245 - INFO: Validation ROC-AUC: 0.793653
2025-01-28 16:08:53,219 - INFO: Evaluating at iteration 29501
2025-01-28 16:08:53,567 - INFO: Loss: 0.273884
2025-01-28 16:08:53,567 - INFO: Training ROC-AUC: 0.881481
2025-01-28 16:08:53,567 - INFO: Validation ROC-AUC: 0.802312
2025-01-28 16:08:57,576 - INFO: Starting epoch 16
2025-01-28 16:08:57,584 - INFO: Evaluating at iteration 30001
2025-01-28 16:08:57,999 - INFO: Loss: 0.169507
2025-01-28 16:08:57,999 - INFO: Training ROC-AUC: 0.989583
2025-01-28 16:08:57,999 - INFO: Validation ROC-AUC: 0.806585
2025-01-28 16:09:04,809 - INFO: Evaluating at iteration 30501
2025-01-28 16:09:05,253 - INFO: Loss: 0.135638
2025-01-28 16:09:05,253 - INFO: Training ROC-AUC: 0.933333
2025-01-28 16:09:05,253 - INFO: Validation ROC-AUC: 0.799618
2025-01-28 16:09:11,500 - INFO: Evaluating at iteration 31001
2025-01-28 16:09:11,846 - INFO: Loss: 0.226394
2025-01-28 16:09:11,847 - INFO: Training ROC-AUC: 0.918519
2025-01-28 16:09:11,847 - INFO: Validation ROC-AUC: 0.800025
2025-01-28 16:09:18,784 - INFO: Evaluating at iteration 31501
2025-01-28 16:09:19,141 - INFO: Loss: 0.064876
2025-01-28 16:09:19,141 - INFO: Training ROC-AUC: 1.000000
2025-01-28 16:09:19,141 - INFO: Validation ROC-AUC: 0.806204
2025-01-28 16:09:26,343 - INFO: Starting epoch 17
2025-01-28 16:09:26,363 - INFO: Evaluating at iteration 32001
2025-01-28 16:09:26,823 - INFO: Loss: 0.126558
2025-01-28 16:09:26,823 - INFO: Training ROC-AUC: 0.992593
2025-01-28 16:09:26,823 - INFO: Validation ROC-AUC: 0.795852
2025-01-28 16:09:34,401 - INFO: Evaluating at iteration 32501
2025-01-28 16:09:34,759 - INFO: Loss: 0.221065
2025-01-28 16:09:34,760 - INFO: Training ROC-AUC: 0.968750
2025-01-28 16:09:34,760 - INFO: Validation ROC-AUC: 0.790078
2025-01-28 16:09:42,094 - INFO: Evaluating at iteration 33001
2025-01-28 16:09:42,449 - INFO: Loss: 0.215645
2025-01-28 16:09:42,449 - INFO: Training ROC-AUC: 0.862069
2025-01-28 16:09:42,449 - INFO: Validation ROC-AUC: 0.795327
2025-01-28 16:09:50,087 - INFO: Evaluating at iteration 33501
2025-01-28 16:09:50,445 - INFO: Loss: 0.059188
2025-01-28 16:09:50,445 - INFO: Training ROC-AUC: 1.000000
2025-01-28 16:09:50,445 - INFO: Validation ROC-AUC: 0.805838
2025-01-28 16:09:58,045 - INFO: Starting epoch 18
2025-01-28 16:09:58,064 - INFO: Evaluating at iteration 34001
2025-01-28 16:09:58,422 - INFO: Loss: 0.133273
2025-01-28 16:09:58,422 - INFO: Training ROC-AUC: 0.950000
2025-01-28 16:09:58,422 - INFO: Validation ROC-AUC: 0.798909
2025-01-28 16:10:06,054 - INFO: Evaluating at iteration 34501
2025-01-28 16:10:06,414 - INFO: Loss: 0.291884
2025-01-28 16:10:06,414 - INFO: Training ROC-AUC: 0.922705
2025-01-28 16:10:06,414 - INFO: Validation ROC-AUC: 0.801494
2025-01-28 16:10:12,944 - INFO: Evaluating at iteration 35001
2025-01-28 16:10:13,304 - INFO: Loss: 0.213987
2025-01-28 16:10:13,304 - INFO: Training ROC-AUC: 0.918519
2025-01-28 16:10:13,304 - INFO: Validation ROC-AUC: 0.792214
2025-01-28 16:10:20,374 - INFO: Evaluating at iteration 35501
2025-01-28 16:10:20,734 - INFO: Loss: 0.111528
2025-01-28 16:10:20,735 - INFO: Training ROC-AUC: 0.982143
2025-01-28 16:10:20,735 - INFO: Validation ROC-AUC: 0.798963
2025-01-28 16:10:27,883 - INFO: Starting epoch 19
2025-01-28 16:10:27,902 - INFO: Evaluating at iteration 36001
2025-01-28 16:10:28,260 - INFO: Loss: 0.319954
2025-01-28 16:10:28,260 - INFO: Training ROC-AUC: 0.898551
2025-01-28 16:10:28,260 - INFO: Validation ROC-AUC: 0.796895
2025-01-28 16:10:35,856 - INFO: Evaluating at iteration 36501
2025-01-28 16:10:36,212 - INFO: Loss: 0.237204
2025-01-28 16:10:36,212 - INFO: Training ROC-AUC: 0.954286
2025-01-28 16:10:36,212 - INFO: Validation ROC-AUC: 0.783815
2025-01-28 16:10:43,459 - INFO: Evaluating at iteration 37001
2025-01-28 16:10:43,817 - INFO: Loss: 0.220023
2025-01-28 16:10:43,817 - INFO: Training ROC-AUC: 0.937500
2025-01-28 16:10:43,817 - INFO: Validation ROC-AUC: 0.791904
2025-01-28 16:10:51,321 - INFO: Evaluating at iteration 37501
2025-01-28 16:10:51,677 - INFO: Loss: 0.176883
2025-01-28 16:10:51,677 - INFO: Training ROC-AUC: 0.970370
2025-01-28 16:10:51,677 - INFO: Validation ROC-AUC: 0.799850
2025-01-28 16:10:59,199 - INFO: Starting epoch 20
2025-01-28 16:10:59,219 - INFO: Evaluating at iteration 38001
2025-01-28 16:10:59,610 - INFO: Loss: 0.266035
2025-01-28 16:10:59,610 - INFO: Training ROC-AUC: 0.914286
2025-01-28 16:10:59,610 - INFO: Validation ROC-AUC: 0.800420
2025-01-28 16:11:08,232 - INFO: Evaluating at iteration 38501
2025-01-28 16:11:08,621 - INFO: Loss: 0.159900
2025-01-28 16:11:08,621 - INFO: Training ROC-AUC: 0.970370
2025-01-28 16:11:08,621 - INFO: Validation ROC-AUC: 0.792602
2025-01-28 16:11:16,844 - INFO: Evaluating at iteration 39001
2025-01-28 16:11:17,225 - INFO: Loss: 0.202099
2025-01-28 16:11:17,225 - INFO: Training ROC-AUC: 0.955556
2025-01-28 16:11:17,225 - INFO: Validation ROC-AUC: 0.796668
2025-01-28 16:11:25,179 - INFO: Evaluating at iteration 39501
2025-01-28 16:11:25,553 - INFO: Loss: 0.114517
2025-01-28 16:11:25,553 - INFO: Training ROC-AUC: 0.985185
2025-01-28 16:11:25,553 - INFO: Validation ROC-AUC: 0.789208
2025-01-28 16:11:33,397 - INFO: Starting epoch 21
2025-01-28 16:11:33,417 - INFO: Evaluating at iteration 40001
2025-01-28 16:11:33,794 - INFO: Loss: 0.199054
2025-01-28 16:11:33,794 - INFO: Training ROC-AUC: 0.948148
2025-01-28 16:11:33,794 - INFO: Validation ROC-AUC: 0.800399
2025-01-28 16:11:41,709 - INFO: Evaluating at iteration 40501
2025-01-28 16:11:42,088 - INFO: Loss: 0.063822
2025-01-28 16:11:42,088 - INFO: Training ROC-AUC: 1.000000
2025-01-28 16:11:42,088 - INFO: Validation ROC-AUC: 0.785381
2025-01-28 16:11:49,960 - INFO: Evaluating at iteration 41001
2025-01-28 16:11:50,337 - INFO: Loss: 0.133875
2025-01-28 16:11:50,337 - INFO: Training ROC-AUC: 0.982143
2025-01-28 16:11:50,337 - INFO: Validation ROC-AUC: 0.789946
2025-01-28 16:11:58,173 - INFO: Evaluating at iteration 41501
2025-01-28 16:11:58,550 - INFO: Loss: 0.223311
2025-01-28 16:11:58,550 - INFO: Training ROC-AUC: 0.925926
2025-01-28 16:11:58,550 - INFO: Validation ROC-AUC: 0.798497
2025-01-28 16:12:06,405 - INFO: Starting epoch 22
2025-01-28 16:12:06,425 - INFO: Evaluating at iteration 42001
2025-01-28 16:12:06,803 - INFO: Loss: 0.394614
2025-01-28 16:12:06,803 - INFO: Training ROC-AUC: 0.826923
2025-01-28 16:12:06,803 - INFO: Validation ROC-AUC: 0.792569
2025-01-28 16:12:14,706 - INFO: Evaluating at iteration 42501
2025-01-28 16:12:15,079 - INFO: Loss: 0.256761
2025-01-28 16:12:15,079 - INFO: Training ROC-AUC: 0.954286
2025-01-28 16:12:15,079 - INFO: Validation ROC-AUC: 0.787062
2025-01-28 16:12:22,950 - INFO: Evaluating at iteration 43001
2025-01-28 16:12:23,320 - INFO: Loss: 0.126874
2025-01-28 16:12:23,320 - INFO: Training ROC-AUC: 0.964286
2025-01-28 16:12:23,320 - INFO: Validation ROC-AUC: 0.788840
2025-01-28 16:12:31,267 - INFO: Evaluating at iteration 43501
2025-01-28 16:12:31,637 - INFO: Loss: 0.111790
2025-01-28 16:12:31,637 - INFO: Training ROC-AUC: 0.983333
2025-01-28 16:12:31,637 - INFO: Validation ROC-AUC: 0.791727
2025-01-28 16:12:39,519 - INFO: Starting epoch 23
2025-01-28 16:12:39,538 - INFO: Evaluating at iteration 44001
2025-01-28 16:12:39,900 - INFO: Loss: 0.151162
2025-01-28 16:12:39,901 - INFO: Training ROC-AUC: 0.961538
2025-01-28 16:12:39,901 - INFO: Validation ROC-AUC: 0.787075
2025-01-28 16:12:47,918 - INFO: Evaluating at iteration 44501
2025-01-28 16:12:48,322 - INFO: Loss: 0.305124
2025-01-28 16:12:48,322 - INFO: Training ROC-AUC: 0.932367
2025-01-28 16:12:48,322 - INFO: Validation ROC-AUC: 0.791772
2025-01-28 16:12:56,352 - INFO: Evaluating at iteration 45001
2025-01-28 16:12:56,725 - INFO: Loss: 0.085520
2025-01-28 16:12:56,725 - INFO: Training ROC-AUC: 1.000000
2025-01-28 16:12:56,725 - INFO: Validation ROC-AUC: 0.792830
2025-01-28 16:13:04,739 - INFO: Evaluating at iteration 45501
2025-01-28 16:13:05,106 - INFO: Loss: 0.072099
2025-01-28 16:13:05,106 - INFO: Training ROC-AUC: 1.000000
2025-01-28 16:13:05,106 - INFO: Validation ROC-AUC: 0.787082
2025-01-28 16:13:12,782 - INFO: Starting epoch 24
2025-01-28 16:13:12,801 - INFO: Evaluating at iteration 46001
2025-01-28 16:13:13,168 - INFO: Loss: 0.172634
2025-01-28 16:13:13,168 - INFO: Training ROC-AUC: 0.973214
2025-01-28 16:13:13,168 - INFO: Validation ROC-AUC: 0.793119
2025-01-28 16:13:20,996 - INFO: Evaluating at iteration 46501
2025-01-28 16:13:21,368 - INFO: Loss: 0.143592
2025-01-28 16:13:21,368 - INFO: Training ROC-AUC: 0.987179
2025-01-28 16:13:21,368 - INFO: Validation ROC-AUC: 0.786704
2025-01-28 16:13:29,239 - INFO: Evaluating at iteration 47001
2025-01-28 16:13:29,627 - INFO: Loss: 0.135429
2025-01-28 16:13:29,627 - INFO: Training ROC-AUC: 0.977011
2025-01-28 16:13:29,627 - INFO: Validation ROC-AUC: 0.790192
2025-01-28 16:13:33,606 - INFO: Evaluating at iteration 47501
2025-01-28 16:13:33,958 - INFO: Loss: 0.057826
2025-01-28 16:13:33,958 - INFO: Training ROC-AUC: 1.000000
2025-01-28 16:13:33,958 - INFO: Validation ROC-AUC: 0.789956
2025-01-28 16:13:36,446 - INFO: Starting epoch 25
2025-01-28 16:13:36,453 - INFO: Evaluating at iteration 48001
2025-01-28 16:13:36,802 - INFO: Loss: 0.136422
2025-01-28 16:13:36,803 - INFO: Training ROC-AUC: 0.985185
2025-01-28 16:13:36,803 - INFO: Validation ROC-AUC: 0.777951
2025-01-28 16:13:39,341 - INFO: Evaluating at iteration 48501
2025-01-28 16:13:39,690 - INFO: Loss: 0.113944
2025-01-28 16:13:39,690 - INFO: Training ROC-AUC: 0.982143
2025-01-28 16:13:39,690 - INFO: Validation ROC-AUC: 0.783835
2025-01-28 16:13:42,178 - INFO: Evaluating at iteration 49001
2025-01-28 16:13:42,527 - INFO: Loss: 0.077080
2025-01-28 16:13:42,527 - INFO: Training ROC-AUC: 0.982143
2025-01-28 16:13:42,527 - INFO: Validation ROC-AUC: 0.778675
2025-01-28 16:13:45,076 - INFO: Evaluating at iteration 49501
2025-01-28 16:13:45,426 - INFO: Loss: 0.068137
2025-01-28 16:13:45,426 - INFO: Training ROC-AUC: 1.000000
2025-01-28 16:13:45,426 - INFO: Validation ROC-AUC: 0.790660
2025-01-28 16:13:47,916 - INFO: Saving model to models/TCRContactMapPredictor/model_1.pt
2025-01-28 16:13:47,942 - INFO: Starting fold 2
2025-01-28 16:13:47,945 - INFO: Initialising model
2025-01-28 16:13:47,975 - INFO: Starting training
2025-01-28 16:13:47,976 - INFO: Starting epoch 1
2025-01-28 16:13:47,983 - INFO: Evaluating at iteration 1
2025-01-28 16:13:48,411 - INFO: Loss: 0.699226
2025-01-28 16:13:48,411 - INFO: Training ROC-AUC: 0.439614
2025-01-28 16:13:48,411 - INFO: Validation ROC-AUC: 0.525543
2025-01-28 16:13:51,087 - INFO: Evaluating at iteration 501
2025-01-28 16:13:51,356 - INFO: Loss: 0.235171
2025-01-28 16:13:51,356 - INFO: Training ROC-AUC: 0.800000
2025-01-28 16:13:51,356 - INFO: Validation ROC-AUC: 0.390348
2025-01-28 16:13:53,892 - INFO: Evaluating at iteration 1001
2025-01-28 16:13:54,158 - INFO: Loss: 0.294206
2025-01-28 16:13:54,158 - INFO: Training ROC-AUC: 0.927083
2025-01-28 16:13:54,158 - INFO: Validation ROC-AUC: 0.524159
2025-01-28 16:13:56,673 - INFO: Evaluating at iteration 1501
2025-01-28 16:13:56,938 - INFO: Loss: 0.296073
2025-01-28 16:13:56,939 - INFO: Training ROC-AUC: 0.785185
2025-01-28 16:13:56,939 - INFO: Validation ROC-AUC: 0.568813
2025-01-28 16:13:59,439 - INFO: Evaluating at iteration 2001
2025-01-28 16:13:59,706 - INFO: Loss: 0.223877
2025-01-28 16:13:59,706 - INFO: Training ROC-AUC: 0.933333
2025-01-28 16:13:59,706 - INFO: Validation ROC-AUC: 0.579293
2025-01-28 16:14:00,486 - INFO: Starting epoch 2
2025-01-28 16:14:00,492 - INFO: Evaluating at iteration 2154
2025-01-28 16:14:00,761 - INFO: Loss: 0.468744
2025-01-28 16:14:00,762 - INFO: Training ROC-AUC: 0.723958
2025-01-28 16:14:00,762 - INFO: Validation ROC-AUC: 0.588817
2025-01-28 16:14:03,292 - INFO: Evaluating at iteration 2654
2025-01-28 16:14:03,561 - INFO: Loss: 0.343505
2025-01-28 16:14:03,561 - INFO: Training ROC-AUC: 0.732143
2025-01-28 16:14:03,561 - INFO: Validation ROC-AUC: 0.604204
2025-01-28 16:14:06,130 - INFO: Evaluating at iteration 3154
2025-01-28 16:14:06,406 - INFO: Loss: 0.334093
2025-01-28 16:14:06,406 - INFO: Training ROC-AUC: 0.687500
2025-01-28 16:14:06,406 - INFO: Validation ROC-AUC: 0.625547
2025-01-28 16:14:14,680 - INFO: Evaluating at iteration 3654
2025-01-28 16:14:14,977 - INFO: Loss: 0.341427
2025-01-28 16:14:14,977 - INFO: Training ROC-AUC: 0.788462
2025-01-28 16:14:14,977 - INFO: Validation ROC-AUC: 0.634533
2025-01-28 16:14:23,202 - INFO: Evaluating at iteration 4154
2025-01-28 16:14:23,496 - INFO: Loss: 0.241544
2025-01-28 16:14:23,496 - INFO: Training ROC-AUC: 0.916667
2025-01-28 16:14:23,496 - INFO: Validation ROC-AUC: 0.631224
2025-01-28 16:14:25,926 - INFO: Starting epoch 3
2025-01-28 16:14:25,945 - INFO: Evaluating at iteration 4307
2025-01-28 16:14:26,236 - INFO: Loss: 0.153526
2025-01-28 16:14:26,236 - INFO: Training ROC-AUC: 0.980769
2025-01-28 16:14:26,236 - INFO: Validation ROC-AUC: 0.635785
2025-01-28 16:14:34,900 - INFO: Evaluating at iteration 4807
2025-01-28 16:14:35,190 - INFO: Loss: 0.214288
2025-01-28 16:14:35,190 - INFO: Training ROC-AUC: 0.964286
2025-01-28 16:14:35,190 - INFO: Validation ROC-AUC: 0.635010
2025-01-28 16:14:43,195 - INFO: Evaluating at iteration 5307
2025-01-28 16:14:43,485 - INFO: Loss: 0.061776
2025-01-28 16:14:43,485 - INFO: Training ROC-AUC: 1.000000
2025-01-28 16:14:43,485 - INFO: Validation ROC-AUC: 0.633248
2025-01-28 16:14:51,543 - INFO: Evaluating at iteration 5807
2025-01-28 16:14:51,830 - INFO: Loss: 0.206922
2025-01-28 16:14:51,830 - INFO: Training ROC-AUC: 0.982857
2025-01-28 16:14:51,830 - INFO: Validation ROC-AUC: 0.648358
2025-01-28 16:14:59,854 - INFO: Evaluating at iteration 6307
2025-01-28 16:15:00,144 - INFO: Loss: 0.223201
2025-01-28 16:15:00,144 - INFO: Training ROC-AUC: 0.916667
2025-01-28 16:15:00,144 - INFO: Validation ROC-AUC: 0.640550
2025-01-28 16:15:02,618 - INFO: Starting epoch 4
2025-01-28 16:15:02,638 - INFO: Evaluating at iteration 6460
2025-01-28 16:15:02,929 - INFO: Loss: 0.203309
2025-01-28 16:15:02,929 - INFO: Training ROC-AUC: 0.919643
2025-01-28 16:15:02,929 - INFO: Validation ROC-AUC: 0.641360
2025-01-28 16:15:11,020 - INFO: Evaluating at iteration 6960
2025-01-28 16:15:11,311 - INFO: Loss: 0.243825
2025-01-28 16:15:11,311 - INFO: Training ROC-AUC: 0.881481
2025-01-28 16:15:11,311 - INFO: Validation ROC-AUC: 0.637966
2025-01-28 16:15:18,142 - INFO: Evaluating at iteration 7460
2025-01-28 16:15:18,405 - INFO: Loss: 0.205167
2025-01-28 16:15:18,406 - INFO: Training ROC-AUC: 0.961353
2025-01-28 16:15:18,406 - INFO: Validation ROC-AUC: 0.638943
2025-01-28 16:15:20,935 - INFO: Evaluating at iteration 7960
2025-01-28 16:15:21,197 - INFO: Loss: 0.293405
2025-01-28 16:15:21,197 - INFO: Training ROC-AUC: 0.888889
2025-01-28 16:15:21,197 - INFO: Validation ROC-AUC: 0.636098
2025-01-28 16:15:23,693 - INFO: Evaluating at iteration 8460
2025-01-28 16:15:23,956 - INFO: Loss: 0.241378
2025-01-28 16:15:23,956 - INFO: Training ROC-AUC: 0.821429
2025-01-28 16:15:23,956 - INFO: Validation ROC-AUC: 0.636749
2025-01-28 16:15:24,743 - INFO: Starting epoch 5
2025-01-28 16:15:24,749 - INFO: Evaluating at iteration 8613
2025-01-28 16:15:25,008 - INFO: Loss: 0.268402
2025-01-28 16:15:25,008 - INFO: Training ROC-AUC: 0.942308
2025-01-28 16:15:25,008 - INFO: Validation ROC-AUC: 0.641557
2025-01-28 16:15:32,677 - INFO: Evaluating at iteration 9113
2025-01-28 16:15:32,969 - INFO: Loss: 0.341951
2025-01-28 16:15:32,969 - INFO: Training ROC-AUC: 0.901042
2025-01-28 16:15:32,969 - INFO: Validation ROC-AUC: 0.640510
2025-01-28 16:15:40,905 - INFO: Evaluating at iteration 9613
2025-01-28 16:15:41,195 - INFO: Loss: 0.189425
2025-01-28 16:15:41,195 - INFO: Training ROC-AUC: 0.931034
2025-01-28 16:15:41,195 - INFO: Validation ROC-AUC: 0.634853
2025-01-28 16:15:49,003 - INFO: Evaluating at iteration 10113
2025-01-28 16:15:49,292 - INFO: Loss: 0.325573
2025-01-28 16:15:49,292 - INFO: Training ROC-AUC: 0.880000
2025-01-28 16:15:49,292 - INFO: Validation ROC-AUC: 0.638226
2025-01-28 16:15:57,113 - INFO: Evaluating at iteration 10613
2025-01-28 16:15:57,405 - INFO: Loss: 0.110382
2025-01-28 16:15:57,405 - INFO: Training ROC-AUC: 1.000000
2025-01-28 16:15:57,405 - INFO: Validation ROC-AUC: 0.635543
2025-01-28 16:15:58,728 - INFO: Starting epoch 6
2025-01-28 16:15:58,734 - INFO: Evaluating at iteration 10766
2025-01-28 16:15:58,997 - INFO: Loss: 0.270976
2025-01-28 16:15:58,997 - INFO: Training ROC-AUC: 0.830357
2025-01-28 16:15:58,997 - INFO: Validation ROC-AUC: 0.635352
2025-01-28 16:16:04,059 - INFO: Evaluating at iteration 11266
2025-01-28 16:16:04,357 - INFO: Loss: 0.186682
2025-01-28 16:16:04,357 - INFO: Training ROC-AUC: 0.955556
2025-01-28 16:16:04,357 - INFO: Validation ROC-AUC: 0.634968
2025-01-28 16:16:12,299 - INFO: Evaluating at iteration 11766
2025-01-28 16:16:12,599 - INFO: Loss: 0.250324
2025-01-28 16:16:12,599 - INFO: Training ROC-AUC: 0.942308
2025-01-28 16:16:12,599 - INFO: Validation ROC-AUC: 0.640355
2025-01-28 16:16:20,585 - INFO: Evaluating at iteration 12266
2025-01-28 16:16:20,899 - INFO: Loss: 0.265546
2025-01-28 16:16:20,900 - INFO: Training ROC-AUC: 0.937500
2025-01-28 16:16:20,900 - INFO: Validation ROC-AUC: 0.637830
2025-01-28 16:16:28,785 - INFO: Evaluating at iteration 12766
2025-01-28 16:16:29,085 - INFO: Loss: 0.225331
2025-01-28 16:16:29,085 - INFO: Training ROC-AUC: 0.873563
2025-01-28 16:16:29,085 - INFO: Validation ROC-AUC: 0.628503
2025-01-28 16:16:31,359 - INFO: Starting epoch 7
2025-01-28 16:16:31,380 - INFO: Evaluating at iteration 12919
2025-01-28 16:16:31,674 - INFO: Loss: 0.096720
2025-01-28 16:16:31,674 - INFO: Training ROC-AUC: 1.000000
2025-01-28 16:16:31,674 - INFO: Validation ROC-AUC: 0.634810
2025-01-28 16:16:39,584 - INFO: Evaluating at iteration 13419
2025-01-28 16:16:39,879 - INFO: Loss: 0.135076
2025-01-28 16:16:39,879 - INFO: Training ROC-AUC: 0.942529
2025-01-28 16:16:39,879 - INFO: Validation ROC-AUC: 0.632581
2025-01-28 16:16:47,721 - INFO: Evaluating at iteration 13919
2025-01-28 16:16:48,015 - INFO: Loss: 0.253110
2025-01-28 16:16:48,015 - INFO: Training ROC-AUC: 0.866071
2025-01-28 16:16:48,015 - INFO: Validation ROC-AUC: 0.633086
2025-01-28 16:16:55,975 - INFO: Evaluating at iteration 14419
2025-01-28 16:16:56,270 - INFO: Loss: 0.206310
2025-01-28 16:16:56,270 - INFO: Training ROC-AUC: 0.962963
2025-01-28 16:16:56,270 - INFO: Validation ROC-AUC: 0.638216
2025-01-28 16:17:04,175 - INFO: Evaluating at iteration 14919
2025-01-28 16:17:04,470 - INFO: Loss: 0.219213
2025-01-28 16:17:04,470 - INFO: Training ROC-AUC: 0.862069
2025-01-28 16:17:04,470 - INFO: Validation ROC-AUC: 0.634358
2025-01-28 16:17:06,947 - INFO: Starting epoch 8
2025-01-28 16:17:06,967 - INFO: Evaluating at iteration 15072
2025-01-28 16:17:07,249 - INFO: Loss: 0.132561
2025-01-28 16:17:07,249 - INFO: Training ROC-AUC: 0.982857
2025-01-28 16:17:07,249 - INFO: Validation ROC-AUC: 0.636407
2025-01-28 16:17:15,183 - INFO: Evaluating at iteration 15572
2025-01-28 16:17:15,465 - INFO: Loss: 0.237498
2025-01-28 16:17:15,465 - INFO: Training ROC-AUC: 0.903704
2025-01-28 16:17:15,465 - INFO: Validation ROC-AUC: 0.631481
2025-01-28 16:17:23,866 - INFO: Evaluating at iteration 16072
2025-01-28 16:17:24,175 - INFO: Loss: 0.300575
2025-01-28 16:17:24,176 - INFO: Training ROC-AUC: 0.851852
2025-01-28 16:17:24,176 - INFO: Validation ROC-AUC: 0.636560
2025-01-28 16:17:32,232 - INFO: Evaluating at iteration 16572
2025-01-28 16:17:32,533 - INFO: Loss: 0.173947
2025-01-28 16:17:32,533 - INFO: Training ROC-AUC: 0.967949
2025-01-28 16:17:32,533 - INFO: Validation ROC-AUC: 0.632404
2025-01-28 16:17:40,224 - INFO: Evaluating at iteration 17072
2025-01-28 16:17:40,528 - INFO: Loss: 0.157722
2025-01-28 16:17:40,529 - INFO: Training ROC-AUC: 0.965517
2025-01-28 16:17:40,529 - INFO: Validation ROC-AUC: 0.641696
2025-01-28 16:17:43,006 - INFO: Starting epoch 9
2025-01-28 16:17:43,026 - INFO: Evaluating at iteration 17225
2025-01-28 16:17:43,322 - INFO: Loss: 0.283285
2025-01-28 16:17:43,322 - INFO: Training ROC-AUC: 0.953125
2025-01-28 16:17:43,322 - INFO: Validation ROC-AUC: 0.631169
2025-01-28 16:17:50,558 - INFO: Evaluating at iteration 17725
2025-01-28 16:17:50,851 - INFO: Loss: 0.186929
2025-01-28 16:17:50,851 - INFO: Training ROC-AUC: 0.964286
2025-01-28 16:17:50,851 - INFO: Validation ROC-AUC: 0.629954
2025-01-28 16:17:54,515 - INFO: Evaluating at iteration 18225
2025-01-28 16:17:54,779 - INFO: Loss: 0.159910
2025-01-28 16:17:54,780 - INFO: Training ROC-AUC: 0.977143
2025-01-28 16:17:54,780 - INFO: Validation ROC-AUC: 0.632019
2025-01-28 16:17:57,310 - INFO: Evaluating at iteration 18725
2025-01-28 16:17:57,574 - INFO: Loss: 0.264316
2025-01-28 16:17:57,574 - INFO: Training ROC-AUC: 0.948718
2025-01-28 16:17:57,574 - INFO: Validation ROC-AUC: 0.635264
2025-01-28 16:18:00,056 - INFO: Evaluating at iteration 19225
2025-01-28 16:18:00,319 - INFO: Loss: 0.272679
2025-01-28 16:18:00,320 - INFO: Training ROC-AUC: 0.908571
2025-01-28 16:18:00,320 - INFO: Validation ROC-AUC: 0.637567
2025-01-28 16:18:01,110 - INFO: Starting epoch 10
2025-01-28 16:18:01,117 - INFO: Evaluating at iteration 19378
2025-01-28 16:18:01,377 - INFO: Loss: 0.091351
2025-01-28 16:18:01,377 - INFO: Training ROC-AUC: 0.973214
2025-01-28 16:18:01,377 - INFO: Validation ROC-AUC: 0.637935
2025-01-28 16:18:03,891 - INFO: Evaluating at iteration 19878
2025-01-28 16:18:04,152 - INFO: Loss: 0.097789
2025-01-28 16:18:04,152 - INFO: Training ROC-AUC: 1.000000
2025-01-28 16:18:04,152 - INFO: Validation ROC-AUC: 0.633920
2025-01-28 16:18:06,642 - INFO: Evaluating at iteration 20378
2025-01-28 16:18:06,902 - INFO: Loss: 0.230680
2025-01-28 16:18:06,902 - INFO: Training ROC-AUC: 0.942308
2025-01-28 16:18:06,902 - INFO: Validation ROC-AUC: 0.642305
2025-01-28 16:18:09,405 - INFO: Evaluating at iteration 20878
2025-01-28 16:18:09,665 - INFO: Loss: 0.352823
2025-01-28 16:18:09,665 - INFO: Training ROC-AUC: 0.895833
2025-01-28 16:18:09,665 - INFO: Validation ROC-AUC: 0.630350
2025-01-28 16:18:12,146 - INFO: Evaluating at iteration 21378
2025-01-28 16:18:12,406 - INFO: Loss: 0.092128
2025-01-28 16:18:12,407 - INFO: Training ROC-AUC: 0.992593
2025-01-28 16:18:12,407 - INFO: Validation ROC-AUC: 0.637604
2025-01-28 16:18:13,205 - INFO: Starting epoch 11
2025-01-28 16:18:13,211 - INFO: Evaluating at iteration 21531
2025-01-28 16:18:13,469 - INFO: Loss: 0.283527
2025-01-28 16:18:13,469 - INFO: Training ROC-AUC: 0.947917
2025-01-28 16:18:13,469 - INFO: Validation ROC-AUC: 0.632334
2025-01-28 16:18:15,984 - INFO: Evaluating at iteration 22031
2025-01-28 16:18:16,241 - INFO: Loss: 0.149436
2025-01-28 16:18:16,241 - INFO: Training ROC-AUC: 0.964286
2025-01-28 16:18:16,241 - INFO: Validation ROC-AUC: 0.632688
2025-01-28 16:18:18,726 - INFO: Evaluating at iteration 22531
2025-01-28 16:18:18,998 - INFO: Loss: 0.201800
2025-01-28 16:18:18,998 - INFO: Training ROC-AUC: 0.931034
2025-01-28 16:18:18,998 - INFO: Validation ROC-AUC: 0.635532
2025-01-28 16:18:25,446 - INFO: Evaluating at iteration 23031
2025-01-28 16:18:25,704 - INFO: Loss: 0.229663
2025-01-28 16:18:25,704 - INFO: Training ROC-AUC: 0.850575
2025-01-28 16:18:25,704 - INFO: Validation ROC-AUC: 0.636514
2025-01-28 16:18:29,552 - INFO: Evaluating at iteration 23531
2025-01-28 16:18:29,841 - INFO: Loss: 0.199027
2025-01-28 16:18:29,842 - INFO: Training ROC-AUC: 0.955128
2025-01-28 16:18:29,842 - INFO: Validation ROC-AUC: 0.633753
2025-01-28 16:18:32,314 - INFO: Starting epoch 12
2025-01-28 16:18:32,334 - INFO: Evaluating at iteration 23684
2025-01-28 16:18:32,625 - INFO: Loss: 0.341598
2025-01-28 16:18:32,625 - INFO: Training ROC-AUC: 0.896552
2025-01-28 16:18:32,626 - INFO: Validation ROC-AUC: 0.638440
2025-01-28 16:18:40,618 - INFO: Evaluating at iteration 24184
2025-01-28 16:18:40,911 - INFO: Loss: 0.248309
2025-01-28 16:18:40,911 - INFO: Training ROC-AUC: 0.916667
2025-01-28 16:18:40,911 - INFO: Validation ROC-AUC: 0.633504
2025-01-28 16:18:46,145 - INFO: Evaluating at iteration 24684
2025-01-28 16:18:46,412 - INFO: Loss: 0.148549
2025-01-28 16:18:46,412 - INFO: Training ROC-AUC: 0.955128
2025-01-28 16:18:46,412 - INFO: Validation ROC-AUC: 0.638624
2025-01-28 16:18:51,681 - INFO: Evaluating at iteration 25184
2025-01-28 16:18:51,979 - INFO: Loss: 0.259416
2025-01-28 16:18:51,979 - INFO: Training ROC-AUC: 0.910256
2025-01-28 16:18:51,979 - INFO: Validation ROC-AUC: 0.635965
2025-01-28 16:18:59,846 - INFO: Evaluating at iteration 25684
2025-01-28 16:19:00,146 - INFO: Loss: 0.069942
2025-01-28 16:19:00,146 - INFO: Training ROC-AUC: 1.000000
2025-01-28 16:19:00,146 - INFO: Validation ROC-AUC: 0.636830
2025-01-28 16:19:02,578 - INFO: Starting epoch 13
2025-01-28 16:19:02,599 - INFO: Evaluating at iteration 25837
2025-01-28 16:19:02,893 - INFO: Loss: 0.192488
2025-01-28 16:19:02,893 - INFO: Training ROC-AUC: 0.954023
2025-01-28 16:19:02,893 - INFO: Validation ROC-AUC: 0.634766
2025-01-28 16:19:10,871 - INFO: Evaluating at iteration 26337
2025-01-28 16:19:11,169 - INFO: Loss: 0.347612
2025-01-28 16:19:11,169 - INFO: Training ROC-AUC: 0.884615
2025-01-28 16:19:11,169 - INFO: Validation ROC-AUC: 0.632045
2025-01-28 16:19:19,106 - INFO: Evaluating at iteration 26837
2025-01-28 16:19:19,403 - INFO: Loss: 0.090618
2025-01-28 16:19:19,403 - INFO: Training ROC-AUC: 0.991071
2025-01-28 16:19:19,403 - INFO: Validation ROC-AUC: 0.633725
2025-01-28 16:19:27,239 - INFO: Evaluating at iteration 27337
2025-01-28 16:19:27,533 - INFO: Loss: 0.157163
2025-01-28 16:19:27,533 - INFO: Training ROC-AUC: 0.970370
2025-01-28 16:19:27,533 - INFO: Validation ROC-AUC: 0.634501
2025-01-28 16:19:35,342 - INFO: Evaluating at iteration 27837
2025-01-28 16:19:35,631 - INFO: Loss: 0.316557
2025-01-28 16:19:35,631 - INFO: Training ROC-AUC: 0.961353
2025-01-28 16:19:35,631 - INFO: Validation ROC-AUC: 0.630174
2025-01-28 16:19:38,084 - INFO: Starting epoch 14
2025-01-28 16:19:38,103 - INFO: Evaluating at iteration 27990
2025-01-28 16:19:38,394 - INFO: Loss: 0.097887
2025-01-28 16:19:38,395 - INFO: Training ROC-AUC: 1.000000
2025-01-28 16:19:38,395 - INFO: Validation ROC-AUC: 0.635832
2025-01-28 16:19:46,369 - INFO: Evaluating at iteration 28490
2025-01-28 16:19:46,660 - INFO: Loss: 0.069278
2025-01-28 16:19:46,661 - INFO: Training ROC-AUC: 0.991071
2025-01-28 16:19:46,661 - INFO: Validation ROC-AUC: 0.636034
2025-01-28 16:19:54,600 - INFO: Evaluating at iteration 28990
2025-01-28 16:19:54,894 - INFO: Loss: 0.257115
2025-01-28 16:19:54,894 - INFO: Training ROC-AUC: 0.931429
2025-01-28 16:19:54,895 - INFO: Validation ROC-AUC: 0.634707
2025-01-28 16:20:02,683 - INFO: Evaluating at iteration 29490
2025-01-28 16:20:02,974 - INFO: Loss: 0.173114
2025-01-28 16:20:02,975 - INFO: Training ROC-AUC: 0.982143
2025-01-28 16:20:02,975 - INFO: Validation ROC-AUC: 0.630938
2025-01-28 16:20:10,815 - INFO: Evaluating at iteration 29990
2025-01-28 16:20:11,086 - INFO: Loss: 0.106137
2025-01-28 16:20:11,086 - INFO: Training ROC-AUC: 0.965517
2025-01-28 16:20:11,086 - INFO: Validation ROC-AUC: 0.634939
2025-01-28 16:20:13,505 - INFO: Starting epoch 15
2025-01-28 16:20:13,524 - INFO: Evaluating at iteration 30143
2025-01-28 16:20:13,792 - INFO: Loss: 0.223896
2025-01-28 16:20:13,792 - INFO: Training ROC-AUC: 0.937143
2025-01-28 16:20:13,792 - INFO: Validation ROC-AUC: 0.624920
2025-01-28 16:20:21,613 - INFO: Evaluating at iteration 30643
2025-01-28 16:20:21,908 - INFO: Loss: 0.137761
2025-01-28 16:20:21,908 - INFO: Training ROC-AUC: 1.000000
2025-01-28 16:20:21,908 - INFO: Validation ROC-AUC: 0.629727
2025-01-28 16:20:29,639 - INFO: Evaluating at iteration 31143
2025-01-28 16:20:29,927 - INFO: Loss: 0.217753
2025-01-28 16:20:29,927 - INFO: Training ROC-AUC: 0.929487
2025-01-28 16:20:29,927 - INFO: Validation ROC-AUC: 0.630591
2025-01-28 16:20:37,746 - INFO: Evaluating at iteration 31643
2025-01-28 16:20:38,034 - INFO: Loss: 0.214318
2025-01-28 16:20:38,034 - INFO: Training ROC-AUC: 0.918519
2025-01-28 16:20:38,034 - INFO: Validation ROC-AUC: 0.637145
2025-01-28 16:20:45,784 - INFO: Evaluating at iteration 32143
2025-01-28 16:20:46,074 - INFO: Loss: 0.102390
2025-01-28 16:20:46,074 - INFO: Training ROC-AUC: 0.982143
2025-01-28 16:20:46,074 - INFO: Validation ROC-AUC: 0.627236
2025-01-28 16:20:48,332 - INFO: Starting epoch 16
2025-01-28 16:20:48,352 - INFO: Evaluating at iteration 32296
2025-01-28 16:20:48,643 - INFO: Loss: 0.126253
2025-01-28 16:20:48,644 - INFO: Training ROC-AUC: 0.967949
2025-01-28 16:20:48,644 - INFO: Validation ROC-AUC: 0.633773
2025-01-28 16:20:56,601 - INFO: Evaluating at iteration 32796
2025-01-28 16:20:56,892 - INFO: Loss: 0.085103
2025-01-28 16:20:56,892 - INFO: Training ROC-AUC: 1.000000
2025-01-28 16:20:56,892 - INFO: Validation ROC-AUC: 0.627035
2025-01-28 16:21:04,804 - INFO: Evaluating at iteration 33296
2025-01-28 16:21:05,094 - INFO: Loss: 0.125072
2025-01-28 16:21:05,094 - INFO: Training ROC-AUC: 1.000000
2025-01-28 16:21:05,094 - INFO: Validation ROC-AUC: 0.631502
2025-01-28 16:21:13,070 - INFO: Evaluating at iteration 33796
2025-01-28 16:21:13,361 - INFO: Loss: 0.195933
2025-01-28 16:21:13,361 - INFO: Training ROC-AUC: 0.937500
2025-01-28 16:21:13,361 - INFO: Validation ROC-AUC: 0.639293
2025-01-28 16:21:21,267 - INFO: Evaluating at iteration 34296
2025-01-28 16:21:21,575 - INFO: Loss: 0.102674
2025-01-28 16:21:21,575 - INFO: Training ROC-AUC: 0.994286
2025-01-28 16:21:21,575 - INFO: Validation ROC-AUC: 0.636884
2025-01-28 16:21:23,936 - INFO: Starting epoch 17
2025-01-28 16:21:23,956 - INFO: Evaluating at iteration 34449
2025-01-28 16:21:24,244 - INFO: Loss: 0.117155
2025-01-28 16:21:24,244 - INFO: Training ROC-AUC: 1.000000
2025-01-28 16:21:24,244 - INFO: Validation ROC-AUC: 0.630454
2025-01-28 16:21:32,304 - INFO: Evaluating at iteration 34949
2025-01-28 16:21:32,582 - INFO: Loss: 0.052532
2025-01-28 16:21:32,582 - INFO: Training ROC-AUC: 1.000000
2025-01-28 16:21:32,582 - INFO: Validation ROC-AUC: 0.636438
2025-01-28 16:21:35,066 - INFO: Evaluating at iteration 35449
2025-01-28 16:21:35,329 - INFO: Loss: 0.105521
2025-01-28 16:21:35,329 - INFO: Training ROC-AUC: 0.988506
2025-01-28 16:21:35,329 - INFO: Validation ROC-AUC: 0.640452
2025-01-28 16:21:37,844 - INFO: Evaluating at iteration 35949
2025-01-28 16:21:38,108 - INFO: Loss: 0.256138
2025-01-28 16:21:38,108 - INFO: Training ROC-AUC: 0.967949
2025-01-28 16:21:38,108 - INFO: Validation ROC-AUC: 0.634611
2025-01-28 16:21:40,588 - INFO: Evaluating at iteration 36449
2025-01-28 16:21:40,851 - INFO: Loss: 0.151939
2025-01-28 16:21:40,851 - INFO: Training ROC-AUC: 0.916667
2025-01-28 16:21:40,851 - INFO: Validation ROC-AUC: 0.632851
2025-01-28 16:21:41,636 - INFO: Starting epoch 18
2025-01-28 16:21:41,642 - INFO: Evaluating at iteration 36602
2025-01-28 16:21:41,909 - INFO: Loss: 0.116868
2025-01-28 16:21:41,909 - INFO: Training ROC-AUC: 0.982143
2025-01-28 16:21:41,909 - INFO: Validation ROC-AUC: 0.634864
2025-01-28 16:21:44,420 - INFO: Evaluating at iteration 37102
2025-01-28 16:21:44,688 - INFO: Loss: 0.082778
2025-01-28 16:21:44,688 - INFO: Training ROC-AUC: 1.000000
2025-01-28 16:21:44,689 - INFO: Validation ROC-AUC: 0.636835
2025-01-28 16:21:47,218 - INFO: Evaluating at iteration 37602
2025-01-28 16:21:47,485 - INFO: Loss: 0.214280
2025-01-28 16:21:47,486 - INFO: Training ROC-AUC: 0.942857
2025-01-28 16:21:47,486 - INFO: Validation ROC-AUC: 0.636061
2025-01-28 16:21:50,028 - INFO: Evaluating at iteration 38102
2025-01-28 16:21:50,296 - INFO: Loss: 0.151285
2025-01-28 16:21:50,297 - INFO: Training ROC-AUC: 0.985185
2025-01-28 16:21:50,297 - INFO: Validation ROC-AUC: 0.643570
2025-01-28 16:21:52,822 - INFO: Evaluating at iteration 38602
2025-01-28 16:21:53,089 - INFO: Loss: 0.057854
2025-01-28 16:21:53,089 - INFO: Training ROC-AUC: 1.000000
2025-01-28 16:21:53,089 - INFO: Validation ROC-AUC: 0.635317
2025-01-28 16:21:53,872 - INFO: Starting epoch 19
2025-01-28 16:21:53,878 - INFO: Evaluating at iteration 38755
2025-01-28 16:21:54,141 - INFO: Loss: 0.106748
2025-01-28 16:21:54,142 - INFO: Training ROC-AUC: 0.991071
2025-01-28 16:21:54,142 - INFO: Validation ROC-AUC: 0.637419
2025-01-28 16:21:58,117 - INFO: Evaluating at iteration 39255
2025-01-28 16:21:58,418 - INFO: Loss: 0.269523
2025-01-28 16:21:58,419 - INFO: Training ROC-AUC: 0.942857
2025-01-28 16:21:58,419 - INFO: Validation ROC-AUC: 0.635784
2025-01-28 16:22:06,413 - INFO: Evaluating at iteration 39755
2025-01-28 16:22:06,702 - INFO: Loss: 0.098496
2025-01-28 16:22:06,702 - INFO: Training ROC-AUC: 0.991071
2025-01-28 16:22:06,702 - INFO: Validation ROC-AUC: 0.637140
2025-01-28 16:22:14,646 - INFO: Evaluating at iteration 40255
2025-01-28 16:22:14,940 - INFO: Loss: 0.064802
2025-01-28 16:22:14,940 - INFO: Training ROC-AUC: 1.000000
2025-01-28 16:22:14,940 - INFO: Validation ROC-AUC: 0.629929
2025-01-28 16:22:22,835 - INFO: Evaluating at iteration 40755
2025-01-28 16:22:23,124 - INFO: Loss: 0.150872
2025-01-28 16:22:23,124 - INFO: Training ROC-AUC: 0.985507
2025-01-28 16:22:23,124 - INFO: Validation ROC-AUC: 0.641301
2025-01-28 16:22:25,499 - INFO: Starting epoch 20
2025-01-28 16:22:25,518 - INFO: Evaluating at iteration 40908
2025-01-28 16:22:25,812 - INFO: Loss: 0.218621
2025-01-28 16:22:25,812 - INFO: Training ROC-AUC: 0.961353
2025-01-28 16:22:25,813 - INFO: Validation ROC-AUC: 0.637320
2025-01-28 16:22:33,649 - INFO: Evaluating at iteration 41408
2025-01-28 16:22:33,957 - INFO: Loss: 0.080976
2025-01-28 16:22:33,958 - INFO: Training ROC-AUC: 1.000000
2025-01-28 16:22:33,958 - INFO: Validation ROC-AUC: 0.644921
2025-01-28 16:22:39,236 - INFO: Evaluating at iteration 41908
2025-01-28 16:22:39,499 - INFO: Loss: 0.114908
2025-01-28 16:22:39,499 - INFO: Training ROC-AUC: 0.988506
2025-01-28 16:22:39,499 - INFO: Validation ROC-AUC: 0.644904
2025-01-28 16:22:43,345 - INFO: Evaluating at iteration 42408
2025-01-28 16:22:43,646 - INFO: Loss: 0.312490
2025-01-28 16:22:43,646 - INFO: Training ROC-AUC: 0.921875
2025-01-28 16:22:43,646 - INFO: Validation ROC-AUC: 0.634677
2025-01-28 16:22:51,618 - INFO: Evaluating at iteration 42908
2025-01-28 16:22:51,920 - INFO: Loss: 0.068640
2025-01-28 16:22:51,920 - INFO: Training ROC-AUC: 0.991071
2025-01-28 16:22:51,920 - INFO: Validation ROC-AUC: 0.632089
2025-01-28 16:22:54,404 - INFO: Starting epoch 21
2025-01-28 16:22:54,424 - INFO: Evaluating at iteration 43061
2025-01-28 16:22:54,719 - INFO: Loss: 0.185364
2025-01-28 16:22:54,719 - INFO: Training ROC-AUC: 0.866667
2025-01-28 16:22:54,719 - INFO: Validation ROC-AUC: 0.631643
2025-01-28 16:22:59,828 - INFO: Evaluating at iteration 43561
2025-01-28 16:23:00,121 - INFO: Loss: 0.120971
2025-01-28 16:23:00,122 - INFO: Training ROC-AUC: 0.982143
2025-01-28 16:23:00,122 - INFO: Validation ROC-AUC: 0.639419
2025-01-28 16:23:08,091 - INFO: Evaluating at iteration 44061
2025-01-28 16:23:08,390 - INFO: Loss: 0.082158
2025-01-28 16:23:08,390 - INFO: Training ROC-AUC: 1.000000
2025-01-28 16:23:08,390 - INFO: Validation ROC-AUC: 0.640728
2025-01-28 16:23:17,355 - INFO: Evaluating at iteration 44561
2025-01-28 16:23:17,674 - INFO: Loss: 0.166894
2025-01-28 16:23:17,674 - INFO: Training ROC-AUC: 0.973214
2025-01-28 16:23:17,674 - INFO: Validation ROC-AUC: 0.630746
2025-01-28 16:23:26,685 - INFO: Evaluating at iteration 45061
2025-01-28 16:23:27,001 - INFO: Loss: 0.073954
2025-01-28 16:23:27,002 - INFO: Training ROC-AUC: 1.000000
2025-01-28 16:23:27,002 - INFO: Validation ROC-AUC: 0.635555
2025-01-28 16:23:29,642 - INFO: Starting epoch 22
2025-01-28 16:23:29,662 - INFO: Evaluating at iteration 45214
2025-01-28 16:23:29,951 - INFO: Loss: 0.127203
2025-01-28 16:23:29,952 - INFO: Training ROC-AUC: 1.000000
2025-01-28 16:23:29,952 - INFO: Validation ROC-AUC: 0.637194
2025-01-28 16:23:38,957 - INFO: Evaluating at iteration 45714
2025-01-28 16:23:39,260 - INFO: Loss: 0.128355
2025-01-28 16:23:39,260 - INFO: Training ROC-AUC: 0.954023
2025-01-28 16:23:39,260 - INFO: Validation ROC-AUC: 0.639091
2025-01-28 16:23:48,591 - INFO: Evaluating at iteration 46214
2025-01-28 16:23:48,886 - INFO: Loss: 0.238572
2025-01-28 16:23:48,886 - INFO: Training ROC-AUC: 0.948571
2025-01-28 16:23:48,886 - INFO: Validation ROC-AUC: 0.640038
2025-01-28 16:23:57,331 - INFO: Evaluating at iteration 46714
2025-01-28 16:23:57,625 - INFO: Loss: 0.146951
2025-01-28 16:23:57,625 - INFO: Training ROC-AUC: 0.973214
2025-01-28 16:23:57,625 - INFO: Validation ROC-AUC: 0.636369
2025-01-28 16:24:05,676 - INFO: Evaluating at iteration 47214
2025-01-28 16:24:05,971 - INFO: Loss: 0.178321
2025-01-28 16:24:05,972 - INFO: Training ROC-AUC: 0.946429
2025-01-28 16:24:05,972 - INFO: Validation ROC-AUC: 0.634487
2025-01-28 16:24:08,455 - INFO: Starting epoch 23
2025-01-28 16:24:08,475 - INFO: Evaluating at iteration 47367
2025-01-28 16:24:08,770 - INFO: Loss: 0.115645
2025-01-28 16:24:08,770 - INFO: Training ROC-AUC: 0.806452
2025-01-28 16:24:08,770 - INFO: Validation ROC-AUC: 0.632966
2025-01-28 16:24:16,887 - INFO: Evaluating at iteration 47867
2025-01-28 16:24:17,181 - INFO: Loss: 0.122962
2025-01-28 16:24:17,181 - INFO: Training ROC-AUC: 0.992593
2025-01-28 16:24:17,181 - INFO: Validation ROC-AUC: 0.637585
2025-01-28 16:24:25,234 - INFO: Evaluating at iteration 48367
2025-01-28 16:24:25,529 - INFO: Loss: 0.039232
2025-01-28 16:24:25,529 - INFO: Training ROC-AUC: 1.000000
2025-01-28 16:24:25,529 - INFO: Validation ROC-AUC: 0.632846
2025-01-28 16:24:33,639 - INFO: Evaluating at iteration 48867
2025-01-28 16:24:33,932 - INFO: Loss: 0.130716
2025-01-28 16:24:33,933 - INFO: Training ROC-AUC: 0.994286
2025-01-28 16:24:33,933 - INFO: Validation ROC-AUC: 0.636729
2025-01-28 16:24:42,488 - INFO: Evaluating at iteration 49367
2025-01-28 16:24:42,781 - INFO: Loss: 0.121019
2025-01-28 16:24:42,781 - INFO: Training ROC-AUC: 0.991071
2025-01-28 16:24:42,781 - INFO: Validation ROC-AUC: 0.630239
2025-01-28 16:24:45,356 - INFO: Starting epoch 24
2025-01-28 16:24:45,373 - INFO: Evaluating at iteration 49520
2025-01-28 16:24:45,662 - INFO: Loss: 0.046356
2025-01-28 16:24:45,662 - INFO: Training ROC-AUC: 1.000000
2025-01-28 16:24:45,662 - INFO: Validation ROC-AUC: 0.640351
2025-01-28 16:24:53,864 - INFO: Evaluating at iteration 50020
2025-01-28 16:24:54,158 - INFO: Loss: 0.064799
2025-01-28 16:24:54,158 - INFO: Training ROC-AUC: 1.000000
2025-01-28 16:24:54,158 - INFO: Validation ROC-AUC: 0.634932
2025-01-28 16:25:02,059 - INFO: Evaluating at iteration 50520
2025-01-28 16:25:02,352 - INFO: Loss: 0.050561
2025-01-28 16:25:02,352 - INFO: Training ROC-AUC: 1.000000
2025-01-28 16:25:02,353 - INFO: Validation ROC-AUC: 0.634495
2025-01-28 16:25:10,484 - INFO: Evaluating at iteration 51020
2025-01-28 16:25:10,778 - INFO: Loss: 0.126178
2025-01-28 16:25:10,778 - INFO: Training ROC-AUC: 0.977778
2025-01-28 16:25:10,778 - INFO: Validation ROC-AUC: 0.639688
2025-01-28 16:25:19,166 - INFO: Evaluating at iteration 51520
2025-01-28 16:25:19,461 - INFO: Loss: 0.150838
2025-01-28 16:25:19,461 - INFO: Training ROC-AUC: 0.977011
2025-01-28 16:25:19,461 - INFO: Validation ROC-AUC: 0.636491
2025-01-28 16:25:22,392 - INFO: Starting epoch 25
2025-01-28 16:25:22,416 - INFO: Evaluating at iteration 51673
2025-01-28 16:25:22,707 - INFO: Loss: 0.140566
2025-01-28 16:25:22,707 - INFO: Training ROC-AUC: 0.955556
2025-01-28 16:25:22,707 - INFO: Validation ROC-AUC: 0.637067
2025-01-28 16:25:31,824 - INFO: Evaluating at iteration 52173
2025-01-28 16:25:32,118 - INFO: Loss: 0.206401
2025-01-28 16:25:32,119 - INFO: Training ROC-AUC: 0.979167
2025-01-28 16:25:32,119 - INFO: Validation ROC-AUC: 0.639212
2025-01-28 16:25:39,986 - INFO: Evaluating at iteration 52673
2025-01-28 16:25:40,279 - INFO: Loss: 0.183717
2025-01-28 16:25:40,279 - INFO: Training ROC-AUC: 0.946429
2025-01-28 16:25:40,279 - INFO: Validation ROC-AUC: 0.638779
2025-01-28 16:25:48,270 - INFO: Evaluating at iteration 53173
2025-01-28 16:25:48,560 - INFO: Loss: 0.118820
2025-01-28 16:25:48,560 - INFO: Training ROC-AUC: 0.977778
2025-01-28 16:25:48,560 - INFO: Validation ROC-AUC: 0.637042
2025-01-28 16:25:56,463 - INFO: Evaluating at iteration 53673
2025-01-28 16:25:56,757 - INFO: Loss: 0.105163
2025-01-28 16:25:56,757 - INFO: Training ROC-AUC: 1.000000
2025-01-28 16:25:56,757 - INFO: Validation ROC-AUC: 0.640281
2025-01-28 16:25:59,213 - INFO: Saving model to models/TCRContactMapPredictor/model_2.pt
2025-01-28 16:25:59,251 - INFO: Starting fold 3
2025-01-28 16:25:59,253 - INFO: Initialising model
2025-01-28 16:25:59,282 - INFO: Starting training
2025-01-28 16:25:59,282 - INFO: Starting epoch 1
2025-01-28 16:25:59,296 - INFO: Evaluating at iteration 1
2025-01-28 16:25:59,702 - INFO: Loss: 0.689670
2025-01-28 16:25:59,702 - INFO: Training ROC-AUC: 0.487923
2025-01-28 16:25:59,702 - INFO: Validation ROC-AUC: 0.426518
2025-01-28 16:26:07,665 - INFO: Evaluating at iteration 501
2025-01-28 16:26:08,085 - INFO: Loss: 0.307921
2025-01-28 16:26:08,085 - INFO: Training ROC-AUC: 0.712644
2025-01-28 16:26:08,085 - INFO: Validation ROC-AUC: 0.272309
2025-01-28 16:26:15,856 - INFO: Evaluating at iteration 1001
2025-01-28 16:26:16,279 - INFO: Loss: 0.503138
2025-01-28 16:26:16,279 - INFO: Training ROC-AUC: 0.771429
2025-01-28 16:26:16,279 - INFO: Validation ROC-AUC: 0.354544
2025-01-28 16:26:24,254 - INFO: Evaluating at iteration 1501
2025-01-28 16:26:24,677 - INFO: Loss: 0.349839
2025-01-28 16:26:24,677 - INFO: Training ROC-AUC: 0.866667
2025-01-28 16:26:24,677 - INFO: Validation ROC-AUC: 0.414785
2025-01-28 16:26:31,273 - INFO: Starting epoch 2
2025-01-28 16:26:31,293 - INFO: Evaluating at iteration 1920
2025-01-28 16:26:31,715 - INFO: Loss: 0.234345
2025-01-28 16:26:31,715 - INFO: Training ROC-AUC: 0.750000
2025-01-28 16:26:31,715 - INFO: Validation ROC-AUC: 0.440488
2025-01-28 16:26:39,713 - INFO: Evaluating at iteration 2420
2025-01-28 16:26:40,136 - INFO: Loss: 0.325893
2025-01-28 16:26:40,137 - INFO: Training ROC-AUC: 0.834286
2025-01-28 16:26:40,137 - INFO: Validation ROC-AUC: 0.461130
2025-01-28 16:26:48,123 - INFO: Evaluating at iteration 2920
2025-01-28 16:26:48,542 - INFO: Loss: 0.272497
2025-01-28 16:26:48,542 - INFO: Training ROC-AUC: 0.942308
2025-01-28 16:26:48,542 - INFO: Validation ROC-AUC: 0.477144
2025-01-28 16:26:56,599 - INFO: Evaluating at iteration 3420
2025-01-28 16:26:57,020 - INFO: Loss: 0.251406
2025-01-28 16:26:57,020 - INFO: Training ROC-AUC: 0.892857
2025-01-28 16:26:57,020 - INFO: Validation ROC-AUC: 0.494831
2025-01-28 16:27:03,674 - INFO: Starting epoch 3
2025-01-28 16:27:03,693 - INFO: Evaluating at iteration 3839
2025-01-28 16:27:04,107 - INFO: Loss: 0.324166
2025-01-28 16:27:04,107 - INFO: Training ROC-AUC: 0.897143
2025-01-28 16:27:04,108 - INFO: Validation ROC-AUC: 0.506422
2025-01-28 16:27:12,003 - INFO: Evaluating at iteration 4339
2025-01-28 16:27:12,424 - INFO: Loss: 0.388532
2025-01-28 16:27:12,424 - INFO: Training ROC-AUC: 0.762821
2025-01-28 16:27:12,424 - INFO: Validation ROC-AUC: 0.505112
2025-01-28 16:27:20,350 - INFO: Evaluating at iteration 4839
2025-01-28 16:27:20,772 - INFO: Loss: 0.302954
2025-01-28 16:27:20,772 - INFO: Training ROC-AUC: 0.910256
2025-01-28 16:27:20,772 - INFO: Validation ROC-AUC: 0.509503
2025-01-28 16:27:28,600 - INFO: Evaluating at iteration 5339
2025-01-28 16:27:29,020 - INFO: Loss: 0.253515
2025-01-28 16:27:29,020 - INFO: Training ROC-AUC: 0.897436
2025-01-28 16:27:29,020 - INFO: Validation ROC-AUC: 0.518345
2025-01-28 16:27:35,612 - INFO: Starting epoch 4
2025-01-28 16:27:35,632 - INFO: Evaluating at iteration 5758
2025-01-28 16:27:36,054 - INFO: Loss: 0.150262
2025-01-28 16:27:36,054 - INFO: Training ROC-AUC: 1.000000
2025-01-28 16:27:36,054 - INFO: Validation ROC-AUC: 0.511763
2025-01-28 16:27:44,052 - INFO: Evaluating at iteration 6258
2025-01-28 16:27:44,474 - INFO: Loss: 0.448779
2025-01-28 16:27:44,475 - INFO: Training ROC-AUC: 0.668571
2025-01-28 16:27:44,475 - INFO: Validation ROC-AUC: 0.517440
2025-01-28 16:27:52,390 - INFO: Evaluating at iteration 6758
2025-01-28 16:27:52,811 - INFO: Loss: 0.227583
2025-01-28 16:27:52,811 - INFO: Training ROC-AUC: 0.935897
2025-01-28 16:27:52,811 - INFO: Validation ROC-AUC: 0.525040
2025-01-28 16:28:00,805 - INFO: Evaluating at iteration 7258
2025-01-28 16:28:01,226 - INFO: Loss: 0.298205
2025-01-28 16:28:01,226 - INFO: Training ROC-AUC: 0.897436
2025-01-28 16:28:01,226 - INFO: Validation ROC-AUC: 0.540124
2025-01-28 16:28:07,832 - INFO: Starting epoch 5
2025-01-28 16:28:07,852 - INFO: Evaluating at iteration 7677
2025-01-28 16:28:08,271 - INFO: Loss: 0.325446
2025-01-28 16:28:08,271 - INFO: Training ROC-AUC: 0.807407
2025-01-28 16:28:08,271 - INFO: Validation ROC-AUC: 0.524323
2025-01-28 16:28:16,279 - INFO: Evaluating at iteration 8177
2025-01-28 16:28:16,698 - INFO: Loss: 0.290542
2025-01-28 16:28:16,698 - INFO: Training ROC-AUC: 0.844444
2025-01-28 16:28:16,698 - INFO: Validation ROC-AUC: 0.521963
2025-01-28 16:28:24,619 - INFO: Evaluating at iteration 8677
2025-01-28 16:28:25,036 - INFO: Loss: 0.171618
2025-01-28 16:28:25,036 - INFO: Training ROC-AUC: 0.962963
2025-01-28 16:28:25,036 - INFO: Validation ROC-AUC: 0.531013
2025-01-28 16:28:33,024 - INFO: Evaluating at iteration 9177
2025-01-28 16:28:33,442 - INFO: Loss: 0.150135
2025-01-28 16:28:33,443 - INFO: Training ROC-AUC: 0.993590
2025-01-28 16:28:33,443 - INFO: Validation ROC-AUC: 0.543844
2025-01-28 16:28:39,868 - INFO: Starting epoch 6
2025-01-28 16:28:39,887 - INFO: Evaluating at iteration 9596
2025-01-28 16:28:40,303 - INFO: Loss: 0.144539
2025-01-28 16:28:40,303 - INFO: Training ROC-AUC: 1.000000
2025-01-28 16:28:40,303 - INFO: Validation ROC-AUC: 0.539840
2025-01-28 16:28:48,265 - INFO: Evaluating at iteration 10096
2025-01-28 16:28:48,686 - INFO: Loss: 0.509041
2025-01-28 16:28:48,686 - INFO: Training ROC-AUC: 0.754286
2025-01-28 16:28:48,686 - INFO: Validation ROC-AUC: 0.542341
2025-01-28 16:28:56,602 - INFO: Evaluating at iteration 10596
2025-01-28 16:28:57,020 - INFO: Loss: 0.343933
2025-01-28 16:28:57,021 - INFO: Training ROC-AUC: 0.903846
2025-01-28 16:28:57,021 - INFO: Validation ROC-AUC: 0.549216
2025-01-28 16:29:05,018 - INFO: Evaluating at iteration 11096
2025-01-28 16:29:05,437 - INFO: Loss: 0.233551
2025-01-28 16:29:05,437 - INFO: Training ROC-AUC: 0.974359
2025-01-28 16:29:05,437 - INFO: Validation ROC-AUC: 0.542861
2025-01-28 16:29:12,188 - INFO: Starting epoch 7
2025-01-28 16:29:12,209 - INFO: Evaluating at iteration 11515
2025-01-28 16:29:12,649 - INFO: Loss: 0.316873
2025-01-28 16:29:12,649 - INFO: Training ROC-AUC: 0.908571
2025-01-28 16:29:12,649 - INFO: Validation ROC-AUC: 0.553147
2025-01-28 16:29:20,595 - INFO: Evaluating at iteration 12015
2025-01-28 16:29:21,015 - INFO: Loss: 0.252365
2025-01-28 16:29:21,015 - INFO: Training ROC-AUC: 0.961538
2025-01-28 16:29:21,015 - INFO: Validation ROC-AUC: 0.550727
2025-01-28 16:29:29,073 - INFO: Evaluating at iteration 12515
2025-01-28 16:29:29,487 - INFO: Loss: 0.283073
2025-01-28 16:29:29,487 - INFO: Training ROC-AUC: 0.897143
2025-01-28 16:29:29,487 - INFO: Validation ROC-AUC: 0.560753
2025-01-28 16:29:37,620 - INFO: Evaluating at iteration 13015
2025-01-28 16:29:38,036 - INFO: Loss: 0.190877
2025-01-28 16:29:38,036 - INFO: Training ROC-AUC: 0.931034
2025-01-28 16:29:38,036 - INFO: Validation ROC-AUC: 0.548821
2025-01-28 16:29:44,773 - INFO: Starting epoch 8
2025-01-28 16:29:44,794 - INFO: Evaluating at iteration 13434
2025-01-28 16:29:45,211 - INFO: Loss: 0.339643
2025-01-28 16:29:45,212 - INFO: Training ROC-AUC: 0.884058
2025-01-28 16:29:45,212 - INFO: Validation ROC-AUC: 0.559303
2025-01-28 16:29:53,140 - INFO: Evaluating at iteration 13934
2025-01-28 16:29:53,555 - INFO: Loss: 0.176530
2025-01-28 16:29:53,555 - INFO: Training ROC-AUC: 0.973214
2025-01-28 16:29:53,555 - INFO: Validation ROC-AUC: 0.553268
2025-01-28 16:30:01,417 - INFO: Evaluating at iteration 14434
2025-01-28 16:30:01,846 - INFO: Loss: 0.365678
2025-01-28 16:30:01,846 - INFO: Training ROC-AUC: 0.814815
2025-01-28 16:30:01,846 - INFO: Validation ROC-AUC: 0.565207
2025-01-28 16:30:09,817 - INFO: Evaluating at iteration 14934
2025-01-28 16:30:10,241 - INFO: Loss: 0.220069
2025-01-28 16:30:10,241 - INFO: Training ROC-AUC: 0.960000
2025-01-28 16:30:10,241 - INFO: Validation ROC-AUC: 0.568781
2025-01-28 16:30:16,985 - INFO: Starting epoch 9
2025-01-28 16:30:17,005 - INFO: Evaluating at iteration 15353
2025-01-28 16:30:17,434 - INFO: Loss: 0.220130
2025-01-28 16:30:17,434 - INFO: Training ROC-AUC: 0.973958
2025-01-28 16:30:17,434 - INFO: Validation ROC-AUC: 0.571370
2025-01-28 16:30:25,434 - INFO: Evaluating at iteration 15853
2025-01-28 16:30:25,859 - INFO: Loss: 0.307499
2025-01-28 16:30:25,859 - INFO: Training ROC-AUC: 0.830357
2025-01-28 16:30:25,859 - INFO: Validation ROC-AUC: 0.565127
2025-01-28 16:30:33,637 - INFO: Evaluating at iteration 16353
2025-01-28 16:30:34,056 - INFO: Loss: 0.289808
2025-01-28 16:30:34,056 - INFO: Training ROC-AUC: 0.878205
2025-01-28 16:30:34,057 - INFO: Validation ROC-AUC: 0.586751
2025-01-28 16:30:42,066 - INFO: Evaluating at iteration 16853
2025-01-28 16:30:42,484 - INFO: Loss: 0.188375
2025-01-28 16:30:42,484 - INFO: Training ROC-AUC: 0.966667
2025-01-28 16:30:42,484 - INFO: Validation ROC-AUC: 0.576410
2025-01-28 16:30:49,017 - INFO: Starting epoch 10
2025-01-28 16:30:49,036 - INFO: Evaluating at iteration 17272
2025-01-28 16:30:49,463 - INFO: Loss: 0.188143
2025-01-28 16:30:49,463 - INFO: Training ROC-AUC: 0.955556
2025-01-28 16:30:49,463 - INFO: Validation ROC-AUC: 0.591430
2025-01-28 16:30:57,449 - INFO: Evaluating at iteration 17772
2025-01-28 16:30:57,875 - INFO: Loss: 0.283442
2025-01-28 16:30:57,875 - INFO: Training ROC-AUC: 0.941667
2025-01-28 16:30:57,875 - INFO: Validation ROC-AUC: 0.562863
2025-01-28 16:31:05,941 - INFO: Evaluating at iteration 18272
2025-01-28 16:31:06,347 - INFO: Loss: 0.080181
2025-01-28 16:31:06,347 - INFO: Training ROC-AUC: 1.000000
2025-01-28 16:31:06,347 - INFO: Validation ROC-AUC: 0.578650
2025-01-28 16:31:14,425 - INFO: Evaluating at iteration 18772
2025-01-28 16:31:14,818 - INFO: Loss: 0.187715
2025-01-28 16:31:14,818 - INFO: Training ROC-AUC: 0.985185
2025-01-28 16:31:14,818 - INFO: Validation ROC-AUC: 0.620893
2025-01-28 16:31:16,896 - INFO: Starting epoch 11
2025-01-28 16:31:16,903 - INFO: Evaluating at iteration 19191
2025-01-28 16:31:17,292 - INFO: Loss: 0.251884
2025-01-28 16:31:17,292 - INFO: Training ROC-AUC: 0.896296
2025-01-28 16:31:17,292 - INFO: Validation ROC-AUC: 0.606439
2025-01-28 16:31:19,799 - INFO: Evaluating at iteration 19691
2025-01-28 16:31:20,187 - INFO: Loss: 0.370290
2025-01-28 16:31:20,187 - INFO: Training ROC-AUC: 0.839744
2025-01-28 16:31:20,187 - INFO: Validation ROC-AUC: 0.581100
2025-01-28 16:31:23,653 - INFO: Evaluating at iteration 20191
2025-01-28 16:31:24,104 - INFO: Loss: 0.172595
2025-01-28 16:31:24,104 - INFO: Training ROC-AUC: 0.940741
2025-01-28 16:31:24,104 - INFO: Validation ROC-AUC: 0.585009
2025-01-28 16:31:32,039 - INFO: Evaluating at iteration 20691
2025-01-28 16:31:32,458 - INFO: Loss: 0.121658
2025-01-28 16:31:32,458 - INFO: Training ROC-AUC: 0.985185
2025-01-28 16:31:32,458 - INFO: Validation ROC-AUC: 0.568994
2025-01-28 16:31:39,199 - INFO: Starting epoch 12
2025-01-28 16:31:39,222 - INFO: Evaluating at iteration 21110
2025-01-28 16:31:39,649 - INFO: Loss: 0.295647
2025-01-28 16:31:39,649 - INFO: Training ROC-AUC: 0.916667
2025-01-28 16:31:39,649 - INFO: Validation ROC-AUC: 0.625133
2025-01-28 16:31:47,924 - INFO: Evaluating at iteration 21610
2025-01-28 16:31:48,346 - INFO: Loss: 0.256793
2025-01-28 16:31:48,346 - INFO: Training ROC-AUC: 0.903846
2025-01-28 16:31:48,346 - INFO: Validation ROC-AUC: 0.606197
2025-01-28 16:31:56,264 - INFO: Evaluating at iteration 22110
2025-01-28 16:31:56,688 - INFO: Loss: 0.215567
2025-01-28 16:31:56,688 - INFO: Training ROC-AUC: 0.955128
2025-01-28 16:31:56,688 - INFO: Validation ROC-AUC: 0.607640
2025-01-28 16:32:04,653 - INFO: Evaluating at iteration 22610
2025-01-28 16:32:05,079 - INFO: Loss: 0.243310
2025-01-28 16:32:05,079 - INFO: Training ROC-AUC: 0.935897
2025-01-28 16:32:05,079 - INFO: Validation ROC-AUC: 0.596320
2025-01-28 16:32:11,575 - INFO: Starting epoch 13
2025-01-28 16:32:11,593 - INFO: Evaluating at iteration 23029
2025-01-28 16:32:11,997 - INFO: Loss: 0.197252
2025-01-28 16:32:11,997 - INFO: Training ROC-AUC: 0.908046
2025-01-28 16:32:11,997 - INFO: Validation ROC-AUC: 0.604387
2025-01-28 16:32:20,028 - INFO: Evaluating at iteration 23529
2025-01-28 16:32:20,421 - INFO: Loss: 0.138346
2025-01-28 16:32:20,422 - INFO: Training ROC-AUC: 0.993590
2025-01-28 16:32:20,422 - INFO: Validation ROC-AUC: 0.587847
2025-01-28 16:32:28,458 - INFO: Evaluating at iteration 24029
2025-01-28 16:32:28,856 - INFO: Loss: 0.348617
2025-01-28 16:32:28,857 - INFO: Training ROC-AUC: 0.932367
2025-01-28 16:32:28,857 - INFO: Validation ROC-AUC: 0.615209
2025-01-28 16:32:36,939 - INFO: Evaluating at iteration 24529
2025-01-28 16:32:37,354 - INFO: Loss: 0.167659
2025-01-28 16:32:37,354 - INFO: Training ROC-AUC: 0.977778
2025-01-28 16:32:37,354 - INFO: Validation ROC-AUC: 0.596920
2025-01-28 16:32:44,111 - INFO: Starting epoch 14
2025-01-28 16:32:44,131 - INFO: Evaluating at iteration 24948
2025-01-28 16:32:44,599 - INFO: Loss: 0.358748
2025-01-28 16:32:44,599 - INFO: Training ROC-AUC: 0.725926
2025-01-28 16:32:44,599 - INFO: Validation ROC-AUC: 0.587128
2025-01-28 16:32:52,720 - INFO: Evaluating at iteration 25448
2025-01-28 16:32:53,156 - INFO: Loss: 0.112250
2025-01-28 16:32:53,157 - INFO: Training ROC-AUC: 1.000000
2025-01-28 16:32:53,157 - INFO: Validation ROC-AUC: 0.582474
2025-01-28 16:33:00,918 - INFO: Evaluating at iteration 25948
2025-01-28 16:33:01,335 - INFO: Loss: 0.189470
2025-01-28 16:33:01,335 - INFO: Training ROC-AUC: 0.928571
2025-01-28 16:33:01,335 - INFO: Validation ROC-AUC: 0.610786
2025-01-28 16:33:09,443 - INFO: Evaluating at iteration 26448
2025-01-28 16:33:09,861 - INFO: Loss: 0.220848
2025-01-28 16:33:09,861 - INFO: Training ROC-AUC: 0.910714
2025-01-28 16:33:09,861 - INFO: Validation ROC-AUC: 0.615605
2025-01-28 16:33:16,449 - INFO: Starting epoch 15
2025-01-28 16:33:16,469 - INFO: Evaluating at iteration 26867
2025-01-28 16:33:16,886 - INFO: Loss: 0.222469
2025-01-28 16:33:16,886 - INFO: Training ROC-AUC: 0.970370
2025-01-28 16:33:16,886 - INFO: Validation ROC-AUC: 0.589442
2025-01-28 16:33:24,851 - INFO: Evaluating at iteration 27367
2025-01-28 16:33:25,268 - INFO: Loss: 0.099955
2025-01-28 16:33:25,268 - INFO: Training ROC-AUC: 0.950000
2025-01-28 16:33:25,268 - INFO: Validation ROC-AUC: 0.623421
2025-01-28 16:33:33,173 - INFO: Evaluating at iteration 27867
2025-01-28 16:33:33,591 - INFO: Loss: 0.124572
2025-01-28 16:33:33,592 - INFO: Training ROC-AUC: 0.993590
2025-01-28 16:33:33,592 - INFO: Validation ROC-AUC: 0.627650
2025-01-28 16:33:41,571 - INFO: Evaluating at iteration 28367
2025-01-28 16:33:41,988 - INFO: Loss: 0.181069
2025-01-28 16:33:41,988 - INFO: Training ROC-AUC: 0.979167
2025-01-28 16:33:41,988 - INFO: Validation ROC-AUC: 0.605510
2025-01-28 16:33:48,557 - INFO: Starting epoch 16
2025-01-28 16:33:48,577 - INFO: Evaluating at iteration 28786
2025-01-28 16:33:48,992 - INFO: Loss: 0.190593
2025-01-28 16:33:48,992 - INFO: Training ROC-AUC: 0.955556
2025-01-28 16:33:48,992 - INFO: Validation ROC-AUC: 0.611259
2025-01-28 16:33:56,928 - INFO: Evaluating at iteration 29286
2025-01-28 16:33:57,344 - INFO: Loss: 0.207180
2025-01-28 16:33:57,344 - INFO: Training ROC-AUC: 0.923077
2025-01-28 16:33:57,344 - INFO: Validation ROC-AUC: 0.578679
2025-01-28 16:34:05,237 - INFO: Evaluating at iteration 29786
2025-01-28 16:34:05,655 - INFO: Loss: 0.088909
2025-01-28 16:34:05,655 - INFO: Training ROC-AUC: 0.993590
2025-01-28 16:34:05,655 - INFO: Validation ROC-AUC: 0.634724
2025-01-28 16:34:13,611 - INFO: Evaluating at iteration 30286
2025-01-28 16:34:14,025 - INFO: Loss: 0.145133
2025-01-28 16:34:14,025 - INFO: Training ROC-AUC: 0.980769
2025-01-28 16:34:14,025 - INFO: Validation ROC-AUC: 0.608183
2025-01-28 16:34:20,605 - INFO: Starting epoch 17
2025-01-28 16:34:20,625 - INFO: Evaluating at iteration 30705
2025-01-28 16:34:21,043 - INFO: Loss: 0.175870
2025-01-28 16:34:21,043 - INFO: Training ROC-AUC: 0.984375
2025-01-28 16:34:21,043 - INFO: Validation ROC-AUC: 0.631197
2025-01-28 16:34:29,011 - INFO: Evaluating at iteration 31205
2025-01-28 16:34:29,430 - INFO: Loss: 0.082290
2025-01-28 16:34:29,430 - INFO: Training ROC-AUC: 1.000000
2025-01-28 16:34:29,430 - INFO: Validation ROC-AUC: 0.614000
2025-01-28 16:34:37,329 - INFO: Evaluating at iteration 31705
2025-01-28 16:34:37,745 - INFO: Loss: 0.113609
2025-01-28 16:34:37,745 - INFO: Training ROC-AUC: 0.977011
2025-01-28 16:34:37,745 - INFO: Validation ROC-AUC: 0.628428
2025-01-28 16:34:46,165 - INFO: Evaluating at iteration 32205
2025-01-28 16:34:46,592 - INFO: Loss: 0.215662
2025-01-28 16:34:46,592 - INFO: Training ROC-AUC: 0.948148
2025-01-28 16:34:46,592 - INFO: Validation ROC-AUC: 0.649736
2025-01-28 16:34:54,462 - INFO: Starting epoch 18
2025-01-28 16:34:54,485 - INFO: Evaluating at iteration 32624
2025-01-28 16:34:54,907 - INFO: Loss: 0.284114
2025-01-28 16:34:54,907 - INFO: Training ROC-AUC: 0.925714
2025-01-28 16:34:54,907 - INFO: Validation ROC-AUC: 0.636263
2025-01-28 16:35:04,396 - INFO: Evaluating at iteration 33124
2025-01-28 16:35:04,817 - INFO: Loss: 0.304398
2025-01-28 16:35:04,817 - INFO: Training ROC-AUC: 0.987013
2025-01-28 16:35:04,817 - INFO: Validation ROC-AUC: 0.621011
2025-01-28 16:35:11,190 - INFO: Evaluating at iteration 33624
2025-01-28 16:35:11,623 - INFO: Loss: 0.102615
2025-01-28 16:35:11,623 - INFO: Training ROC-AUC: 0.988506
2025-01-28 16:35:11,624 - INFO: Validation ROC-AUC: 0.585878
2025-01-28 16:35:17,580 - INFO: Evaluating at iteration 34124
2025-01-28 16:35:17,971 - INFO: Loss: 0.193421
2025-01-28 16:35:17,971 - INFO: Training ROC-AUC: 0.948718
2025-01-28 16:35:17,971 - INFO: Validation ROC-AUC: 0.636536
2025-01-28 16:35:20,065 - INFO: Starting epoch 19
2025-01-28 16:35:20,071 - INFO: Evaluating at iteration 34543
2025-01-28 16:35:20,462 - INFO: Loss: 0.096670
2025-01-28 16:35:20,462 - INFO: Training ROC-AUC: 1.000000
2025-01-28 16:35:20,462 - INFO: Validation ROC-AUC: 0.660285
2025-01-28 16:35:22,992 - INFO: Evaluating at iteration 35043
2025-01-28 16:35:23,385 - INFO: Loss: 0.107882
2025-01-28 16:35:23,385 - INFO: Training ROC-AUC: 0.982143
2025-01-28 16:35:23,385 - INFO: Validation ROC-AUC: 0.618217
2025-01-28 16:35:25,890 - INFO: Evaluating at iteration 35543
2025-01-28 16:35:26,283 - INFO: Loss: 0.162660
2025-01-28 16:35:26,283 - INFO: Training ROC-AUC: 0.946429
2025-01-28 16:35:26,283 - INFO: Validation ROC-AUC: 0.641793
2025-01-28 16:35:28,826 - INFO: Evaluating at iteration 36043
2025-01-28 16:35:29,223 - INFO: Loss: 0.253568
2025-01-28 16:35:29,223 - INFO: Training ROC-AUC: 0.903846
2025-01-28 16:35:29,223 - INFO: Validation ROC-AUC: 0.669335
2025-01-28 16:35:31,316 - INFO: Starting epoch 20
2025-01-28 16:35:31,321 - INFO: Evaluating at iteration 36462
2025-01-28 16:35:31,713 - INFO: Loss: 0.067938
2025-01-28 16:35:31,713 - INFO: Training ROC-AUC: 1.000000
2025-01-28 16:35:31,713 - INFO: Validation ROC-AUC: 0.635662
2025-01-28 16:35:34,235 - INFO: Evaluating at iteration 36962
2025-01-28 16:35:34,626 - INFO: Loss: 0.186582
2025-01-28 16:35:34,626 - INFO: Training ROC-AUC: 0.962963
2025-01-28 16:35:34,626 - INFO: Validation ROC-AUC: 0.654884
2025-01-28 16:35:37,133 - INFO: Evaluating at iteration 37462
2025-01-28 16:35:37,525 - INFO: Loss: 0.140496
2025-01-28 16:35:37,525 - INFO: Training ROC-AUC: 0.973214
2025-01-28 16:35:37,525 - INFO: Validation ROC-AUC: 0.665324
2025-01-28 16:35:40,065 - INFO: Evaluating at iteration 37962
2025-01-28 16:35:40,456 - INFO: Loss: 0.250608
2025-01-28 16:35:40,456 - INFO: Training ROC-AUC: 0.848214
2025-01-28 16:35:40,456 - INFO: Validation ROC-AUC: 0.635656
2025-01-28 16:35:42,544 - INFO: Starting epoch 21
2025-01-28 16:35:42,550 - INFO: Evaluating at iteration 38381
2025-01-28 16:35:42,941 - INFO: Loss: 0.124142
2025-01-28 16:35:42,941 - INFO: Training ROC-AUC: 1.000000
2025-01-28 16:35:42,941 - INFO: Validation ROC-AUC: 0.642261
2025-01-28 16:35:45,473 - INFO: Evaluating at iteration 38881
2025-01-28 16:35:45,873 - INFO: Loss: 0.079389
2025-01-28 16:35:45,873 - INFO: Training ROC-AUC: 1.000000
2025-01-28 16:35:45,873 - INFO: Validation ROC-AUC: 0.667163
2025-01-28 16:35:48,375 - INFO: Evaluating at iteration 39381
2025-01-28 16:35:48,767 - INFO: Loss: 0.050605
2025-01-28 16:35:48,767 - INFO: Training ROC-AUC: 1.000000
2025-01-28 16:35:48,767 - INFO: Validation ROC-AUC: 0.608661
2025-01-28 16:35:53,306 - INFO: Evaluating at iteration 39881
2025-01-28 16:35:53,725 - INFO: Loss: 0.088739
2025-01-28 16:35:53,725 - INFO: Training ROC-AUC: 1.000000
2025-01-28 16:35:53,725 - INFO: Validation ROC-AUC: 0.627737
2025-01-28 16:36:00,336 - INFO: Starting epoch 22
2025-01-28 16:36:00,355 - INFO: Evaluating at iteration 40300
2025-01-28 16:36:00,776 - INFO: Loss: 0.118484
2025-01-28 16:36:00,776 - INFO: Training ROC-AUC: 1.000000
2025-01-28 16:36:00,776 - INFO: Validation ROC-AUC: 0.639529
2025-01-28 16:36:03,413 - INFO: Evaluating at iteration 40800
2025-01-28 16:36:03,805 - INFO: Loss: 0.145896
2025-01-28 16:36:03,805 - INFO: Training ROC-AUC: 0.985185
2025-01-28 16:36:03,805 - INFO: Validation ROC-AUC: 0.634105
2025-01-28 16:36:06,312 - INFO: Evaluating at iteration 41300
2025-01-28 16:36:06,703 - INFO: Loss: 0.064452
2025-01-28 16:36:06,703 - INFO: Training ROC-AUC: 1.000000
2025-01-28 16:36:06,703 - INFO: Validation ROC-AUC: 0.664979
2025-01-28 16:36:09,243 - INFO: Evaluating at iteration 41800
2025-01-28 16:36:09,634 - INFO: Loss: 0.112562
2025-01-28 16:36:09,634 - INFO: Training ROC-AUC: 0.992593
2025-01-28 16:36:09,634 - INFO: Validation ROC-AUC: 0.646911
2025-01-28 16:36:11,728 - INFO: Starting epoch 23
2025-01-28 16:36:11,734 - INFO: Evaluating at iteration 42219
2025-01-28 16:36:12,126 - INFO: Loss: 0.094664
2025-01-28 16:36:12,126 - INFO: Training ROC-AUC: 1.000000
2025-01-28 16:36:12,126 - INFO: Validation ROC-AUC: 0.673902
2025-01-28 16:36:14,653 - INFO: Evaluating at iteration 42719
2025-01-28 16:36:15,045 - INFO: Loss: 0.115755
2025-01-28 16:36:15,045 - INFO: Training ROC-AUC: 1.000000
2025-01-28 16:36:15,045 - INFO: Validation ROC-AUC: 0.639078
2025-01-28 16:36:17,556 - INFO: Evaluating at iteration 43219
2025-01-28 16:36:17,947 - INFO: Loss: 0.106421
2025-01-28 16:36:17,948 - INFO: Training ROC-AUC: 0.950000
2025-01-28 16:36:17,948 - INFO: Validation ROC-AUC: 0.659245
2025-01-28 16:36:20,490 - INFO: Evaluating at iteration 43719
2025-01-28 16:36:20,881 - INFO: Loss: 0.080542
2025-01-28 16:36:20,882 - INFO: Training ROC-AUC: 1.000000
2025-01-28 16:36:20,882 - INFO: Validation ROC-AUC: 0.660376
2025-01-28 16:36:22,969 - INFO: Starting epoch 24
2025-01-28 16:36:22,975 - INFO: Evaluating at iteration 44138
2025-01-28 16:36:23,367 - INFO: Loss: 0.232587
2025-01-28 16:36:23,367 - INFO: Training ROC-AUC: 0.883333
2025-01-28 16:36:23,367 - INFO: Validation ROC-AUC: 0.670066
2025-01-28 16:36:25,905 - INFO: Evaluating at iteration 44638
2025-01-28 16:36:26,297 - INFO: Loss: 0.153398
2025-01-28 16:36:26,298 - INFO: Training ROC-AUC: 0.942529
2025-01-28 16:36:26,298 - INFO: Validation ROC-AUC: 0.647283
2025-01-28 16:36:31,908 - INFO: Evaluating at iteration 45138
2025-01-28 16:36:32,302 - INFO: Loss: 0.124284
2025-01-28 16:36:32,302 - INFO: Training ROC-AUC: 0.973214
2025-01-28 16:36:32,302 - INFO: Validation ROC-AUC: 0.648400
2025-01-28 16:36:34,880 - INFO: Evaluating at iteration 45638
2025-01-28 16:36:35,273 - INFO: Loss: 0.046546
2025-01-28 16:36:35,273 - INFO: Training ROC-AUC: 1.000000
2025-01-28 16:36:35,273 - INFO: Validation ROC-AUC: 0.693899
2025-01-28 16:36:37,404 - INFO: Starting epoch 25
2025-01-28 16:36:37,411 - INFO: Evaluating at iteration 46057
2025-01-28 16:36:37,803 - INFO: Loss: 0.037871
2025-01-28 16:36:37,803 - INFO: Training ROC-AUC: 1.000000
2025-01-28 16:36:37,803 - INFO: Validation ROC-AUC: 0.652685
2025-01-28 16:36:40,358 - INFO: Evaluating at iteration 46557
2025-01-28 16:36:40,748 - INFO: Loss: 0.220414
2025-01-28 16:36:40,748 - INFO: Training ROC-AUC: 0.948148
2025-01-28 16:36:40,748 - INFO: Validation ROC-AUC: 0.631621
2025-01-28 16:36:43,247 - INFO: Evaluating at iteration 47057
2025-01-28 16:36:43,639 - INFO: Loss: 0.109138
2025-01-28 16:36:43,639 - INFO: Training ROC-AUC: 0.987179
2025-01-28 16:36:43,639 - INFO: Validation ROC-AUC: 0.646754
2025-01-28 16:36:46,182 - INFO: Evaluating at iteration 47557
2025-01-28 16:36:46,589 - INFO: Loss: 0.267750
2025-01-28 16:36:46,589 - INFO: Training ROC-AUC: 0.942708
2025-01-28 16:36:46,589 - INFO: Validation ROC-AUC: 0.666398
2025-01-28 16:36:53,223 - INFO: Saving model to models/TCRContactMapPredictor/model_3.pt
2025-01-28 16:36:53,264 - INFO: Starting fold 4
2025-01-28 16:36:53,266 - INFO: Initialising model
2025-01-28 16:36:53,296 - INFO: Starting training
2025-01-28 16:36:53,296 - INFO: Starting epoch 1
2025-01-28 16:36:53,310 - INFO: Evaluating at iteration 1
2025-01-28 16:36:53,564 - INFO: Loss: 0.699286
2025-01-28 16:36:53,564 - INFO: Training ROC-AUC: 0.491429
2025-01-28 16:36:53,564 - INFO: Validation ROC-AUC: 0.463369
2025-01-28 16:37:01,576 - INFO: Evaluating at iteration 501
2025-01-28 16:37:01,848 - INFO: Loss: 0.256450
2025-01-28 16:37:01,848 - INFO: Training ROC-AUC: 0.650000
2025-01-28 16:37:01,848 - INFO: Validation ROC-AUC: 0.358355
2025-01-28 16:37:09,787 - INFO: Evaluating at iteration 1001
2025-01-28 16:37:10,060 - INFO: Loss: 0.287501
2025-01-28 16:37:10,060 - INFO: Training ROC-AUC: 0.903846
2025-01-28 16:37:10,060 - INFO: Validation ROC-AUC: 0.623828
2025-01-28 16:37:17,959 - INFO: Evaluating at iteration 1501
2025-01-28 16:37:18,235 - INFO: Loss: 0.219171
2025-01-28 16:37:18,236 - INFO: Training ROC-AUC: 0.970370
2025-01-28 16:37:18,236 - INFO: Validation ROC-AUC: 0.606596
2025-01-28 16:37:25,953 - INFO: Evaluating at iteration 2001
2025-01-28 16:37:26,231 - INFO: Loss: 0.195959
2025-01-28 16:37:26,231 - INFO: Training ROC-AUC: 0.919643
2025-01-28 16:37:26,232 - INFO: Validation ROC-AUC: 0.617101
2025-01-28 16:37:29,195 - INFO: Starting epoch 2
2025-01-28 16:37:29,215 - INFO: Evaluating at iteration 2206
2025-01-28 16:37:29,490 - INFO: Loss: 0.290473
2025-01-28 16:37:29,490 - INFO: Training ROC-AUC: 0.874074
2025-01-28 16:37:29,490 - INFO: Validation ROC-AUC: 0.618548
2025-01-28 16:37:37,268 - INFO: Evaluating at iteration 2706
2025-01-28 16:37:37,548 - INFO: Loss: 0.266881
2025-01-28 16:37:37,548 - INFO: Training ROC-AUC: 0.891429
2025-01-28 16:37:37,548 - INFO: Validation ROC-AUC: 0.625512
2025-01-28 16:37:45,418 - INFO: Evaluating at iteration 3206
2025-01-28 16:37:45,696 - INFO: Loss: 0.263729
2025-01-28 16:37:45,696 - INFO: Training ROC-AUC: 0.902857
2025-01-28 16:37:45,696 - INFO: Validation ROC-AUC: 0.631299
2025-01-28 16:37:54,298 - INFO: Evaluating at iteration 3706
2025-01-28 16:37:54,567 - INFO: Loss: 0.170655
2025-01-28 16:37:54,567 - INFO: Training ROC-AUC: 0.988506
2025-01-28 16:37:54,567 - INFO: Validation ROC-AUC: 0.633226
2025-01-28 16:38:02,477 - INFO: Evaluating at iteration 4206
2025-01-28 16:38:02,715 - INFO: Loss: 0.209445
2025-01-28 16:38:02,715 - INFO: Training ROC-AUC: 0.918519
2025-01-28 16:38:02,715 - INFO: Validation ROC-AUC: 0.635676
2025-01-28 16:38:06,054 - INFO: Starting epoch 3
2025-01-28 16:38:06,074 - INFO: Evaluating at iteration 4411
2025-01-28 16:38:06,340 - INFO: Loss: 0.282938
2025-01-28 16:38:06,340 - INFO: Training ROC-AUC: 0.724138
2025-01-28 16:38:06,340 - INFO: Validation ROC-AUC: 0.634014
2025-01-28 16:38:14,243 - INFO: Evaluating at iteration 4911
2025-01-28 16:38:14,512 - INFO: Loss: 0.283210
2025-01-28 16:38:14,512 - INFO: Training ROC-AUC: 0.896296
2025-01-28 16:38:14,512 - INFO: Validation ROC-AUC: 0.641859
2025-01-28 16:38:22,354 - INFO: Evaluating at iteration 5411
2025-01-28 16:38:22,625 - INFO: Loss: 0.220439
2025-01-28 16:38:22,625 - INFO: Training ROC-AUC: 0.942308
2025-01-28 16:38:22,626 - INFO: Validation ROC-AUC: 0.644159
2025-01-28 16:38:30,528 - INFO: Evaluating at iteration 5911
2025-01-28 16:38:30,799 - INFO: Loss: 0.146292
2025-01-28 16:38:30,799 - INFO: Training ROC-AUC: 0.977011
2025-01-28 16:38:30,799 - INFO: Validation ROC-AUC: 0.647168
2025-01-28 16:38:38,247 - INFO: Evaluating at iteration 6411
2025-01-28 16:38:38,500 - INFO: Loss: 0.226723
2025-01-28 16:38:38,500 - INFO: Training ROC-AUC: 0.830357
2025-01-28 16:38:38,500 - INFO: Validation ROC-AUC: 0.649922
2025-01-28 16:38:41,831 - INFO: Starting epoch 4
2025-01-28 16:38:41,851 - INFO: Evaluating at iteration 6616
2025-01-28 16:38:42,131 - INFO: Loss: 0.287737
2025-01-28 16:38:42,131 - INFO: Training ROC-AUC: 0.910256
2025-01-28 16:38:42,131 - INFO: Validation ROC-AUC: 0.655916
2025-01-28 16:38:49,991 - INFO: Evaluating at iteration 7116
2025-01-28 16:38:50,265 - INFO: Loss: 0.352463
2025-01-28 16:38:50,266 - INFO: Training ROC-AUC: 0.848214
2025-01-28 16:38:50,266 - INFO: Validation ROC-AUC: 0.654893
2025-01-28 16:38:58,185 - INFO: Evaluating at iteration 7616
2025-01-28 16:38:58,461 - INFO: Loss: 0.289703
2025-01-28 16:38:58,462 - INFO: Training ROC-AUC: 0.897436
2025-01-28 16:38:58,462 - INFO: Validation ROC-AUC: 0.649656
2025-01-28 16:39:06,426 - INFO: Evaluating at iteration 8116
2025-01-28 16:39:06,701 - INFO: Loss: 0.219378
2025-01-28 16:39:06,702 - INFO: Training ROC-AUC: 0.866667
2025-01-28 16:39:06,702 - INFO: Validation ROC-AUC: 0.660002
2025-01-28 16:39:14,632 - INFO: Evaluating at iteration 8616
2025-01-28 16:39:14,908 - INFO: Loss: 0.068002
2025-01-28 16:39:14,908 - INFO: Training ROC-AUC: 1.000000
2025-01-28 16:39:14,908 - INFO: Validation ROC-AUC: 0.666216
2025-01-28 16:39:18,090 - INFO: Starting epoch 5
2025-01-28 16:39:18,110 - INFO: Evaluating at iteration 8821
2025-01-28 16:39:18,384 - INFO: Loss: 0.202558
2025-01-28 16:39:18,384 - INFO: Training ROC-AUC: 0.967949
2025-01-28 16:39:18,384 - INFO: Validation ROC-AUC: 0.671306
2025-01-28 16:39:26,355 - INFO: Evaluating at iteration 9321
2025-01-28 16:39:26,622 - INFO: Loss: 0.342077
2025-01-28 16:39:26,623 - INFO: Training ROC-AUC: 0.958333
2025-01-28 16:39:26,623 - INFO: Validation ROC-AUC: 0.657398
2025-01-28 16:39:34,529 - INFO: Evaluating at iteration 9821
2025-01-28 16:39:34,798 - INFO: Loss: 0.227566
2025-01-28 16:39:34,798 - INFO: Training ROC-AUC: 0.850575
2025-01-28 16:39:34,798 - INFO: Validation ROC-AUC: 0.672791
2025-01-28 16:39:42,902 - INFO: Evaluating at iteration 10321
2025-01-28 16:39:43,165 - INFO: Loss: 0.159715
2025-01-28 16:39:43,165 - INFO: Training ROC-AUC: 0.982143
2025-01-28 16:39:43,165 - INFO: Validation ROC-AUC: 0.682368
2025-01-28 16:39:51,058 - INFO: Evaluating at iteration 10821
2025-01-28 16:39:51,324 - INFO: Loss: 0.292651
2025-01-28 16:39:51,324 - INFO: Training ROC-AUC: 0.923077
2025-01-28 16:39:51,324 - INFO: Validation ROC-AUC: 0.662852
2025-01-28 16:39:54,642 - INFO: Starting epoch 6
2025-01-28 16:39:54,662 - INFO: Evaluating at iteration 11026
2025-01-28 16:39:54,929 - INFO: Loss: 0.307699
2025-01-28 16:39:54,930 - INFO: Training ROC-AUC: 0.897143
2025-01-28 16:39:54,930 - INFO: Validation ROC-AUC: 0.658033
2025-01-28 16:40:02,759 - INFO: Evaluating at iteration 11526
2025-01-28 16:40:03,028 - INFO: Loss: 0.107634
2025-01-28 16:40:03,028 - INFO: Training ROC-AUC: 0.965517
2025-01-28 16:40:03,028 - INFO: Validation ROC-AUC: 0.679959
2025-01-28 16:40:10,717 - INFO: Evaluating at iteration 12026
2025-01-28 16:40:10,986 - INFO: Loss: 0.232771
2025-01-28 16:40:10,986 - INFO: Training ROC-AUC: 0.896296
2025-01-28 16:40:10,986 - INFO: Validation ROC-AUC: 0.667819
2025-01-28 16:40:18,732 - INFO: Evaluating at iteration 12526
2025-01-28 16:40:19,000 - INFO: Loss: 0.218950
2025-01-28 16:40:19,000 - INFO: Training ROC-AUC: 0.827586
2025-01-28 16:40:19,000 - INFO: Validation ROC-AUC: 0.677687
2025-01-28 16:40:26,668 - INFO: Evaluating at iteration 13026
2025-01-28 16:40:26,936 - INFO: Loss: 0.277757
2025-01-28 16:40:26,937 - INFO: Training ROC-AUC: 0.844444
2025-01-28 16:40:26,937 - INFO: Validation ROC-AUC: 0.686244
2025-01-28 16:40:30,257 - INFO: Starting epoch 7
2025-01-28 16:40:30,277 - INFO: Evaluating at iteration 13231
2025-01-28 16:40:30,545 - INFO: Loss: 0.239312
2025-01-28 16:40:30,545 - INFO: Training ROC-AUC: 0.932292
2025-01-28 16:40:30,545 - INFO: Validation ROC-AUC: 0.668398
2025-01-28 16:40:38,294 - INFO: Evaluating at iteration 13731
2025-01-28 16:40:38,563 - INFO: Loss: 0.273216
2025-01-28 16:40:38,563 - INFO: Training ROC-AUC: 0.821429
2025-01-28 16:40:38,563 - INFO: Validation ROC-AUC: 0.671865
2025-01-28 16:40:46,236 - INFO: Evaluating at iteration 14231
2025-01-28 16:40:46,503 - INFO: Loss: 0.132220
2025-01-28 16:40:46,503 - INFO: Training ROC-AUC: 0.977143
2025-01-28 16:40:46,503 - INFO: Validation ROC-AUC: 0.666796
2025-01-28 16:40:54,251 - INFO: Evaluating at iteration 14731
2025-01-28 16:40:54,518 - INFO: Loss: 0.209906
2025-01-28 16:40:54,518 - INFO: Training ROC-AUC: 0.961538
2025-01-28 16:40:54,518 - INFO: Validation ROC-AUC: 0.663403
2025-01-28 16:41:02,201 - INFO: Evaluating at iteration 15231
2025-01-28 16:41:02,472 - INFO: Loss: 0.302939
2025-01-28 16:41:02,472 - INFO: Training ROC-AUC: 0.908213
2025-01-28 16:41:02,472 - INFO: Validation ROC-AUC: 0.676640
2025-01-28 16:41:05,765 - INFO: Starting epoch 8
2025-01-28 16:41:05,785 - INFO: Evaluating at iteration 15436
2025-01-28 16:41:06,054 - INFO: Loss: 0.164744
2025-01-28 16:41:06,054 - INFO: Training ROC-AUC: 0.883333
2025-01-28 16:41:06,054 - INFO: Validation ROC-AUC: 0.667171
2025-01-28 16:41:13,859 - INFO: Evaluating at iteration 15936
2025-01-28 16:41:14,127 - INFO: Loss: 0.184624
2025-01-28 16:41:14,127 - INFO: Training ROC-AUC: 0.967949
2025-01-28 16:41:14,128 - INFO: Validation ROC-AUC: 0.666486
2025-01-28 16:41:21,806 - INFO: Evaluating at iteration 16436
2025-01-28 16:41:22,077 - INFO: Loss: 0.202384
2025-01-28 16:41:22,077 - INFO: Training ROC-AUC: 0.955556
2025-01-28 16:41:22,077 - INFO: Validation ROC-AUC: 0.669343
2025-01-28 16:41:29,817 - INFO: Evaluating at iteration 16936
2025-01-28 16:41:30,095 - INFO: Loss: 0.521088
2025-01-28 16:41:30,096 - INFO: Training ROC-AUC: 0.874396
2025-01-28 16:41:30,096 - INFO: Validation ROC-AUC: 0.659990
2025-01-28 16:41:37,783 - INFO: Evaluating at iteration 17436
2025-01-28 16:41:38,063 - INFO: Loss: 0.282079
2025-01-28 16:41:38,063 - INFO: Training ROC-AUC: 0.874074
2025-01-28 16:41:38,063 - INFO: Validation ROC-AUC: 0.653909
2025-01-28 16:41:41,390 - INFO: Starting epoch 9
2025-01-28 16:41:41,410 - INFO: Evaluating at iteration 17641
2025-01-28 16:41:41,687 - INFO: Loss: 0.405641
2025-01-28 16:41:41,687 - INFO: Training ROC-AUC: 0.940909
2025-01-28 16:41:41,687 - INFO: Validation ROC-AUC: 0.667084
2025-01-28 16:41:49,441 - INFO: Evaluating at iteration 18141
2025-01-28 16:41:49,720 - INFO: Loss: 0.108474
2025-01-28 16:41:49,720 - INFO: Training ROC-AUC: 0.992593
2025-01-28 16:41:49,720 - INFO: Validation ROC-AUC: 0.654402
2025-01-28 16:41:57,529 - INFO: Evaluating at iteration 18641
2025-01-28 16:41:57,806 - INFO: Loss: 0.139795
2025-01-28 16:41:57,807 - INFO: Training ROC-AUC: 1.000000
2025-01-28 16:41:57,807 - INFO: Validation ROC-AUC: 0.659644
2025-01-28 16:42:05,935 - INFO: Evaluating at iteration 19141
2025-01-28 16:42:06,205 - INFO: Loss: 0.241286
2025-01-28 16:42:06,205 - INFO: Training ROC-AUC: 0.960000
2025-01-28 16:42:06,205 - INFO: Validation ROC-AUC: 0.653953
2025-01-28 16:42:13,893 - INFO: Evaluating at iteration 19641
2025-01-28 16:42:14,163 - INFO: Loss: 0.303494
2025-01-28 16:42:14,163 - INFO: Training ROC-AUC: 0.885057
2025-01-28 16:42:14,163 - INFO: Validation ROC-AUC: 0.677700
2025-01-28 16:42:17,443 - INFO: Starting epoch 10
2025-01-28 16:42:17,464 - INFO: Evaluating at iteration 19846
2025-01-28 16:42:17,743 - INFO: Loss: 0.136673
2025-01-28 16:42:17,743 - INFO: Training ROC-AUC: 1.000000
2025-01-28 16:42:17,743 - INFO: Validation ROC-AUC: 0.673194
2025-01-28 16:42:25,358 - INFO: Evaluating at iteration 20346
2025-01-28 16:42:25,629 - INFO: Loss: 0.198590
2025-01-28 16:42:25,629 - INFO: Training ROC-AUC: 0.955357
2025-01-28 16:42:25,629 - INFO: Validation ROC-AUC: 0.666163
2025-01-28 16:42:33,523 - INFO: Evaluating at iteration 20846
2025-01-28 16:42:33,794 - INFO: Loss: 0.089672
2025-01-28 16:42:33,794 - INFO: Training ROC-AUC: 1.000000
2025-01-28 16:42:33,794 - INFO: Validation ROC-AUC: 0.665579
2025-01-28 16:42:41,746 - INFO: Evaluating at iteration 21346
2025-01-28 16:42:42,018 - INFO: Loss: 0.110714
2025-01-28 16:42:42,018 - INFO: Training ROC-AUC: 1.000000
2025-01-28 16:42:42,018 - INFO: Validation ROC-AUC: 0.664621
2025-01-28 16:42:50,245 - INFO: Evaluating at iteration 21846
2025-01-28 16:42:50,525 - INFO: Loss: 0.284285
2025-01-28 16:42:50,526 - INFO: Training ROC-AUC: 0.950000
2025-01-28 16:42:50,526 - INFO: Validation ROC-AUC: 0.649726
2025-01-28 16:42:53,701 - INFO: Starting epoch 11
2025-01-28 16:42:53,722 - INFO: Evaluating at iteration 22051
2025-01-28 16:42:53,997 - INFO: Loss: 0.259899
2025-01-28 16:42:53,997 - INFO: Training ROC-AUC: 0.963636
2025-01-28 16:42:53,997 - INFO: Validation ROC-AUC: 0.667966
2025-01-28 16:43:01,977 - INFO: Evaluating at iteration 22551
2025-01-28 16:43:02,251 - INFO: Loss: 0.158177
2025-01-28 16:43:02,251 - INFO: Training ROC-AUC: 0.942529
2025-01-28 16:43:02,251 - INFO: Validation ROC-AUC: 0.659065
2025-01-28 16:43:11,074 - INFO: Evaluating at iteration 23051
2025-01-28 16:43:11,346 - INFO: Loss: 0.249274
2025-01-28 16:43:11,346 - INFO: Training ROC-AUC: 0.942857
2025-01-28 16:43:11,347 - INFO: Validation ROC-AUC: 0.657268
2025-01-28 16:43:20,903 - INFO: Evaluating at iteration 23551
2025-01-28 16:43:21,174 - INFO: Loss: 0.157945
2025-01-28 16:43:21,174 - INFO: Training ROC-AUC: 0.973214
2025-01-28 16:43:21,174 - INFO: Validation ROC-AUC: 0.646555
2025-01-28 16:43:30,736 - INFO: Evaluating at iteration 24051
2025-01-28 16:43:31,003 - INFO: Loss: 0.102530
2025-01-28 16:43:31,003 - INFO: Training ROC-AUC: 1.000000
2025-01-28 16:43:31,003 - INFO: Validation ROC-AUC: 0.646689
2025-01-28 16:43:34,747 - INFO: Starting epoch 12
2025-01-28 16:43:34,771 - INFO: Evaluating at iteration 24256
2025-01-28 16:43:35,048 - INFO: Loss: 0.088797
2025-01-28 16:43:35,048 - INFO: Training ROC-AUC: 1.000000
2025-01-28 16:43:35,048 - INFO: Validation ROC-AUC: 0.639426
2025-01-28 16:43:42,981 - INFO: Evaluating at iteration 24756
2025-01-28 16:43:43,239 - INFO: Loss: 0.338093
2025-01-28 16:43:43,239 - INFO: Training ROC-AUC: 0.866667
2025-01-28 16:43:43,239 - INFO: Validation ROC-AUC: 0.664662
2025-01-28 16:43:52,547 - INFO: Evaluating at iteration 25256
2025-01-28 16:43:52,844 - INFO: Loss: 0.217385
2025-01-28 16:43:52,845 - INFO: Training ROC-AUC: 0.948718
2025-01-28 16:43:52,845 - INFO: Validation ROC-AUC: 0.648808
2025-01-28 16:44:02,190 - INFO: Evaluating at iteration 25756
2025-01-28 16:44:02,464 - INFO: Loss: 0.374024
2025-01-28 16:44:02,464 - INFO: Training ROC-AUC: 0.897143
2025-01-28 16:44:02,464 - INFO: Validation ROC-AUC: 0.651326
2025-01-28 16:44:11,823 - INFO: Evaluating at iteration 26256
2025-01-28 16:44:12,100 - INFO: Loss: 0.263592
2025-01-28 16:44:12,100 - INFO: Training ROC-AUC: 0.903846
2025-01-28 16:44:12,100 - INFO: Validation ROC-AUC: 0.658919
2025-01-28 16:44:16,020 - INFO: Starting epoch 13
2025-01-28 16:44:16,044 - INFO: Evaluating at iteration 26461
2025-01-28 16:44:16,331 - INFO: Loss: 0.176353
2025-01-28 16:44:16,331 - INFO: Training ROC-AUC: 0.946429
2025-01-28 16:44:16,331 - INFO: Validation ROC-AUC: 0.648007
2025-01-28 16:44:25,618 - INFO: Evaluating at iteration 26961
2025-01-28 16:44:25,892 - INFO: Loss: 0.266557
2025-01-28 16:44:25,892 - INFO: Training ROC-AUC: 0.908571
2025-01-28 16:44:25,892 - INFO: Validation ROC-AUC: 0.661179
2025-01-28 16:44:34,035 - INFO: Evaluating at iteration 27461
2025-01-28 16:44:34,308 - INFO: Loss: 0.232458
2025-01-28 16:44:34,308 - INFO: Training ROC-AUC: 0.923077
2025-01-28 16:44:34,308 - INFO: Validation ROC-AUC: 0.652105
2025-01-28 16:44:42,056 - INFO: Evaluating at iteration 27961
2025-01-28 16:44:42,330 - INFO: Loss: 0.221233
2025-01-28 16:44:42,330 - INFO: Training ROC-AUC: 0.933333
2025-01-28 16:44:42,330 - INFO: Validation ROC-AUC: 0.666723
2025-01-28 16:44:50,431 - INFO: Evaluating at iteration 28461
2025-01-28 16:44:50,701 - INFO: Loss: 0.098927
2025-01-28 16:44:50,701 - INFO: Training ROC-AUC: 1.000000
2025-01-28 16:44:50,702 - INFO: Validation ROC-AUC: 0.658196
2025-01-28 16:44:54,042 - INFO: Starting epoch 14
2025-01-28 16:44:54,062 - INFO: Evaluating at iteration 28666
2025-01-28 16:44:54,338 - INFO: Loss: 0.201102
2025-01-28 16:44:54,338 - INFO: Training ROC-AUC: 0.988571
2025-01-28 16:44:54,338 - INFO: Validation ROC-AUC: 0.656380
2025-01-28 16:45:02,246 - INFO: Evaluating at iteration 29166
2025-01-28 16:45:02,520 - INFO: Loss: 0.166262
2025-01-28 16:45:02,520 - INFO: Training ROC-AUC: 0.973958
2025-01-28 16:45:02,520 - INFO: Validation ROC-AUC: 0.658599
2025-01-28 16:45:10,844 - INFO: Evaluating at iteration 29666
2025-01-28 16:45:11,115 - INFO: Loss: 0.215133
2025-01-28 16:45:11,115 - INFO: Training ROC-AUC: 0.971429
2025-01-28 16:45:11,116 - INFO: Validation ROC-AUC: 0.649701
2025-01-28 16:45:20,583 - INFO: Evaluating at iteration 30166
2025-01-28 16:45:20,857 - INFO: Loss: 0.179945
2025-01-28 16:45:20,857 - INFO: Training ROC-AUC: 0.955128
2025-01-28 16:45:20,857 - INFO: Validation ROC-AUC: 0.661143
2025-01-28 16:45:30,239 - INFO: Evaluating at iteration 30666
2025-01-28 16:45:30,512 - INFO: Loss: 0.142427
2025-01-28 16:45:30,512 - INFO: Training ROC-AUC: 0.977011
2025-01-28 16:45:30,512 - INFO: Validation ROC-AUC: 0.653874
2025-01-28 16:45:34,247 - INFO: Starting epoch 15
2025-01-28 16:45:34,270 - INFO: Evaluating at iteration 30871
2025-01-28 16:45:34,543 - INFO: Loss: 0.171456
2025-01-28 16:45:34,543 - INFO: Training ROC-AUC: 0.970370
2025-01-28 16:45:34,543 - INFO: Validation ROC-AUC: 0.650431
2025-01-28 16:45:44,022 - INFO: Evaluating at iteration 31371
2025-01-28 16:45:44,293 - INFO: Loss: 0.381210
2025-01-28 16:45:44,293 - INFO: Training ROC-AUC: 0.866667
2025-01-28 16:45:44,293 - INFO: Validation ROC-AUC: 0.639403
2025-01-28 16:45:53,354 - INFO: Evaluating at iteration 31871
2025-01-28 16:45:53,596 - INFO: Loss: 0.148957
2025-01-28 16:45:53,596 - INFO: Training ROC-AUC: 1.000000
2025-01-28 16:45:53,596 - INFO: Validation ROC-AUC: 0.641315
2025-01-28 16:46:03,056 - INFO: Evaluating at iteration 32371
2025-01-28 16:46:03,330 - INFO: Loss: 0.159694
2025-01-28 16:46:03,330 - INFO: Training ROC-AUC: 0.970370
2025-01-28 16:46:03,330 - INFO: Validation ROC-AUC: 0.635230
2025-01-28 16:46:12,750 - INFO: Evaluating at iteration 32871
2025-01-28 16:46:13,023 - INFO: Loss: 0.251776
2025-01-28 16:46:13,023 - INFO: Training ROC-AUC: 0.932292
2025-01-28 16:46:13,023 - INFO: Validation ROC-AUC: 0.657876
2025-01-28 16:46:16,756 - INFO: Starting epoch 16
2025-01-28 16:46:16,779 - INFO: Evaluating at iteration 33076
2025-01-28 16:46:17,055 - INFO: Loss: 0.132706
2025-01-28 16:46:17,055 - INFO: Training ROC-AUC: 0.970370
2025-01-28 16:46:17,055 - INFO: Validation ROC-AUC: 0.650925
2025-01-28 16:46:25,919 - INFO: Evaluating at iteration 33576
2025-01-28 16:46:26,191 - INFO: Loss: 0.178551
2025-01-28 16:46:26,191 - INFO: Training ROC-AUC: 0.955128
2025-01-28 16:46:26,191 - INFO: Validation ROC-AUC: 0.644107
2025-01-28 16:46:34,162 - INFO: Evaluating at iteration 34076
2025-01-28 16:46:34,429 - INFO: Loss: 0.094880
2025-01-28 16:46:34,429 - INFO: Training ROC-AUC: 1.000000
2025-01-28 16:46:34,429 - INFO: Validation ROC-AUC: 0.649183
2025-01-28 16:46:43,401 - INFO: Evaluating at iteration 34576
2025-01-28 16:46:43,675 - INFO: Loss: 0.170373
2025-01-28 16:46:43,675 - INFO: Training ROC-AUC: 0.973958
2025-01-28 16:46:43,675 - INFO: Validation ROC-AUC: 0.650662
2025-01-28 16:46:53,075 - INFO: Evaluating at iteration 35076
2025-01-28 16:46:53,341 - INFO: Loss: 0.183718
2025-01-28 16:46:53,341 - INFO: Training ROC-AUC: 0.942308
2025-01-28 16:46:53,341 - INFO: Validation ROC-AUC: 0.630859
2025-01-28 16:46:57,298 - INFO: Starting epoch 17
2025-01-28 16:46:57,321 - INFO: Evaluating at iteration 35281
2025-01-28 16:46:57,591 - INFO: Loss: 0.180085
2025-01-28 16:46:57,591 - INFO: Training ROC-AUC: 0.977143
2025-01-28 16:46:57,591 - INFO: Validation ROC-AUC: 0.646130
2025-01-28 16:47:07,142 - INFO: Evaluating at iteration 35781
2025-01-28 16:47:07,410 - INFO: Loss: 0.128133
2025-01-28 16:47:07,410 - INFO: Training ROC-AUC: 0.977778
2025-01-28 16:47:07,410 - INFO: Validation ROC-AUC: 0.649965
2025-01-28 16:47:16,684 - INFO: Evaluating at iteration 36281
2025-01-28 16:47:16,921 - INFO: Loss: 0.190876
2025-01-28 16:47:16,922 - INFO: Training ROC-AUC: 0.866667
2025-01-28 16:47:16,922 - INFO: Validation ROC-AUC: 0.660860
2025-01-28 16:47:19,421 - INFO: Evaluating at iteration 36781
2025-01-28 16:47:19,656 - INFO: Loss: 0.271607
2025-01-28 16:47:19,656 - INFO: Training ROC-AUC: 0.932292
2025-01-28 16:47:19,657 - INFO: Validation ROC-AUC: 0.646143
2025-01-28 16:47:22,132 - INFO: Evaluating at iteration 37281
2025-01-28 16:47:22,368 - INFO: Loss: 0.203570
2025-01-28 16:47:22,368 - INFO: Training ROC-AUC: 0.954286
2025-01-28 16:47:22,368 - INFO: Validation ROC-AUC: 0.630794
2025-01-28 16:47:23,419 - INFO: Starting epoch 18
2025-01-28 16:47:23,425 - INFO: Evaluating at iteration 37486
2025-01-28 16:47:23,664 - INFO: Loss: 0.151825
2025-01-28 16:47:23,664 - INFO: Training ROC-AUC: 0.977778
2025-01-28 16:47:23,664 - INFO: Validation ROC-AUC: 0.629057
2025-01-28 16:47:26,172 - INFO: Evaluating at iteration 37986
2025-01-28 16:47:26,408 - INFO: Loss: 0.072449
2025-01-28 16:47:26,409 - INFO: Training ROC-AUC: 1.000000
2025-01-28 16:47:26,409 - INFO: Validation ROC-AUC: 0.635125
2025-01-28 16:47:28,890 - INFO: Evaluating at iteration 38486
2025-01-28 16:47:29,132 - INFO: Loss: 0.143220
2025-01-28 16:47:29,132 - INFO: Training ROC-AUC: 0.964286
2025-01-28 16:47:29,132 - INFO: Validation ROC-AUC: 0.655585
2025-01-28 16:47:37,219 - INFO: Evaluating at iteration 38986
2025-01-28 16:47:37,487 - INFO: Loss: 0.180746
2025-01-28 16:47:37,487 - INFO: Training ROC-AUC: 0.948718
2025-01-28 16:47:37,487 - INFO: Validation ROC-AUC: 0.647085
2025-01-28 16:47:45,530 - INFO: Evaluating at iteration 39486
2025-01-28 16:47:45,801 - INFO: Loss: 0.160778
2025-01-28 16:47:45,801 - INFO: Training ROC-AUC: 1.000000
2025-01-28 16:47:45,801 - INFO: Validation ROC-AUC: 0.638661
2025-01-28 16:47:48,960 - INFO: Starting epoch 19
2025-01-28 16:47:48,980 - INFO: Evaluating at iteration 39691
2025-01-28 16:47:49,244 - INFO: Loss: 0.204219
2025-01-28 16:47:49,244 - INFO: Training ROC-AUC: 0.955556
2025-01-28 16:47:49,244 - INFO: Validation ROC-AUC: 0.644546
2025-01-28 16:47:57,374 - INFO: Evaluating at iteration 40191
2025-01-28 16:47:57,656 - INFO: Loss: 0.186753
2025-01-28 16:47:57,656 - INFO: Training ROC-AUC: 0.973958
2025-01-28 16:47:57,656 - INFO: Validation ROC-AUC: 0.638843
2025-01-28 16:48:05,651 - INFO: Evaluating at iteration 40691
2025-01-28 16:48:05,920 - INFO: Loss: 0.343702
2025-01-28 16:48:05,920 - INFO: Training ROC-AUC: 0.901042
2025-01-28 16:48:05,920 - INFO: Validation ROC-AUC: 0.629961
2025-01-28 16:48:13,475 - INFO: Evaluating at iteration 41191
2025-01-28 16:48:13,745 - INFO: Loss: 0.204057
2025-01-28 16:48:13,745 - INFO: Training ROC-AUC: 0.961538
2025-01-28 16:48:13,745 - INFO: Validation ROC-AUC: 0.638478
2025-01-28 16:48:21,504 - INFO: Evaluating at iteration 41691
2025-01-28 16:48:21,772 - INFO: Loss: 0.093341
2025-01-28 16:48:21,772 - INFO: Training ROC-AUC: 1.000000
2025-01-28 16:48:21,772 - INFO: Validation ROC-AUC: 0.646469
2025-01-28 16:48:25,057 - INFO: Starting epoch 20
2025-01-28 16:48:25,077 - INFO: Evaluating at iteration 41896
2025-01-28 16:48:25,364 - INFO: Loss: 0.173692
2025-01-28 16:48:25,364 - INFO: Training ROC-AUC: 0.980769
2025-01-28 16:48:25,364 - INFO: Validation ROC-AUC: 0.642996
2025-01-28 16:48:33,204 - INFO: Evaluating at iteration 42396
2025-01-28 16:48:33,471 - INFO: Loss: 0.165527
2025-01-28 16:48:33,471 - INFO: Training ROC-AUC: 0.942529
2025-01-28 16:48:33,471 - INFO: Validation ROC-AUC: 0.622793
2025-01-28 16:48:41,366 - INFO: Evaluating at iteration 42896
2025-01-28 16:48:41,634 - INFO: Loss: 0.117063
2025-01-28 16:48:41,635 - INFO: Training ROC-AUC: 0.964286
2025-01-28 16:48:41,635 - INFO: Validation ROC-AUC: 0.641347
2025-01-28 16:48:49,579 - INFO: Evaluating at iteration 43396
2025-01-28 16:48:49,847 - INFO: Loss: 0.115470
2025-01-28 16:48:49,848 - INFO: Training ROC-AUC: 1.000000
2025-01-28 16:48:49,848 - INFO: Validation ROC-AUC: 0.636767
2025-01-28 16:48:57,720 - INFO: Evaluating at iteration 43896
2025-01-28 16:48:57,987 - INFO: Loss: 0.148447
2025-01-28 16:48:57,987 - INFO: Training ROC-AUC: 0.993590
2025-01-28 16:48:57,987 - INFO: Validation ROC-AUC: 0.632481
2025-01-28 16:49:01,287 - INFO: Starting epoch 21
2025-01-28 16:49:01,306 - INFO: Evaluating at iteration 44101
2025-01-28 16:49:01,570 - INFO: Loss: 0.206710
2025-01-28 16:49:01,570 - INFO: Training ROC-AUC: 0.975845
2025-01-28 16:49:01,570 - INFO: Validation ROC-AUC: 0.630989
2025-01-28 16:49:09,516 - INFO: Evaluating at iteration 44601
2025-01-28 16:49:09,782 - INFO: Loss: 0.080501
2025-01-28 16:49:09,782 - INFO: Training ROC-AUC: 0.983333
2025-01-28 16:49:09,782 - INFO: Validation ROC-AUC: 0.647912
2025-01-28 16:49:17,649 - INFO: Evaluating at iteration 45101
2025-01-28 16:49:17,934 - INFO: Loss: 0.182995
2025-01-28 16:49:17,934 - INFO: Training ROC-AUC: 0.931034
2025-01-28 16:49:17,934 - INFO: Validation ROC-AUC: 0.633281
2025-01-28 16:49:25,900 - INFO: Evaluating at iteration 45601
2025-01-28 16:49:26,166 - INFO: Loss: 0.071545
2025-01-28 16:49:26,167 - INFO: Training ROC-AUC: 1.000000
2025-01-28 16:49:26,167 - INFO: Validation ROC-AUC: 0.627358
2025-01-28 16:49:33,953 - INFO: Evaluating at iteration 46101
2025-01-28 16:49:34,221 - INFO: Loss: 0.169581
2025-01-28 16:49:34,221 - INFO: Training ROC-AUC: 0.900000
2025-01-28 16:49:34,221 - INFO: Validation ROC-AUC: 0.634374
2025-01-28 16:49:37,264 - INFO: Starting epoch 22
2025-01-28 16:49:37,284 - INFO: Evaluating at iteration 46306
2025-01-28 16:49:37,551 - INFO: Loss: 0.154125
2025-01-28 16:49:37,551 - INFO: Training ROC-AUC: 0.994792
2025-01-28 16:49:37,552 - INFO: Validation ROC-AUC: 0.634780
2025-01-28 16:49:45,411 - INFO: Evaluating at iteration 46806
2025-01-28 16:49:45,681 - INFO: Loss: 0.119679
2025-01-28 16:49:45,681 - INFO: Training ROC-AUC: 0.985185
2025-01-28 16:49:45,681 - INFO: Validation ROC-AUC: 0.630059
2025-01-28 16:49:53,470 - INFO: Evaluating at iteration 47306
2025-01-28 16:49:53,724 - INFO: Loss: 0.065088
2025-01-28 16:49:53,724 - INFO: Training ROC-AUC: 1.000000
2025-01-28 16:49:53,724 - INFO: Validation ROC-AUC: 0.625382
2025-01-28 16:50:01,801 - INFO: Evaluating at iteration 47806
2025-01-28 16:50:02,072 - INFO: Loss: 0.147735
2025-01-28 16:50:02,072 - INFO: Training ROC-AUC: 0.962963
2025-01-28 16:50:02,072 - INFO: Validation ROC-AUC: 0.637215
2025-01-28 16:50:09,857 - INFO: Evaluating at iteration 48306
2025-01-28 16:50:10,127 - INFO: Loss: 0.178724
2025-01-28 16:50:10,127 - INFO: Training ROC-AUC: 0.950000
2025-01-28 16:50:10,127 - INFO: Validation ROC-AUC: 0.625761
2025-01-28 16:50:13,188 - INFO: Starting epoch 23
2025-01-28 16:50:13,208 - INFO: Evaluating at iteration 48511
2025-01-28 16:50:13,470 - INFO: Loss: 0.142026
2025-01-28 16:50:13,471 - INFO: Training ROC-AUC: 0.977011
2025-01-28 16:50:13,471 - INFO: Validation ROC-AUC: 0.627987
2025-01-28 16:50:21,320 - INFO: Evaluating at iteration 49011
2025-01-28 16:50:21,587 - INFO: Loss: 0.105598
2025-01-28 16:50:21,587 - INFO: Training ROC-AUC: 0.983333
2025-01-28 16:50:21,587 - INFO: Validation ROC-AUC: 0.634324
2025-01-28 16:50:29,368 - INFO: Evaluating at iteration 49511
2025-01-28 16:50:29,633 - INFO: Loss: 0.163674
2025-01-28 16:50:29,633 - INFO: Training ROC-AUC: 0.989583
2025-01-28 16:50:29,633 - INFO: Validation ROC-AUC: 0.621393
2025-01-28 16:50:37,458 - INFO: Evaluating at iteration 50011
2025-01-28 16:50:37,725 - INFO: Loss: 0.296474
2025-01-28 16:50:37,725 - INFO: Training ROC-AUC: 0.937143
2025-01-28 16:50:37,725 - INFO: Validation ROC-AUC: 0.632057
2025-01-28 16:50:45,510 - INFO: Evaluating at iteration 50511
2025-01-28 16:50:45,777 - INFO: Loss: 0.100290
2025-01-28 16:50:45,777 - INFO: Training ROC-AUC: 0.993590
2025-01-28 16:50:45,777 - INFO: Validation ROC-AUC: 0.627179
2025-01-28 16:50:49,082 - INFO: Starting epoch 24
2025-01-28 16:50:49,102 - INFO: Evaluating at iteration 50716
2025-01-28 16:50:49,371 - INFO: Loss: 0.067271
2025-01-28 16:50:49,371 - INFO: Training ROC-AUC: 1.000000
2025-01-28 16:50:49,371 - INFO: Validation ROC-AUC: 0.631906
2025-01-28 16:50:57,220 - INFO: Evaluating at iteration 51216
2025-01-28 16:50:57,487 - INFO: Loss: 0.068193
2025-01-28 16:50:57,488 - INFO: Training ROC-AUC: 1.000000
2025-01-28 16:50:57,488 - INFO: Validation ROC-AUC: 0.630216
2025-01-28 16:51:05,277 - INFO: Evaluating at iteration 51716
2025-01-28 16:51:05,545 - INFO: Loss: 0.288877
2025-01-28 16:51:05,545 - INFO: Training ROC-AUC: 0.927536
2025-01-28 16:51:05,545 - INFO: Validation ROC-AUC: 0.626849
2025-01-28 16:51:13,412 - INFO: Evaluating at iteration 52216
2025-01-28 16:51:13,679 - INFO: Loss: 0.095779
2025-01-28 16:51:13,679 - INFO: Training ROC-AUC: 1.000000
2025-01-28 16:51:13,679 - INFO: Validation ROC-AUC: 0.629730
2025-01-28 16:51:21,465 - INFO: Evaluating at iteration 52716
2025-01-28 16:51:21,733 - INFO: Loss: 0.159051
2025-01-28 16:51:21,733 - INFO: Training ROC-AUC: 0.987179
2025-01-28 16:51:21,733 - INFO: Validation ROC-AUC: 0.629812
2025-01-28 16:51:25,031 - INFO: Starting epoch 25
2025-01-28 16:51:25,051 - INFO: Evaluating at iteration 52921
2025-01-28 16:51:25,321 - INFO: Loss: 0.027654
2025-01-28 16:51:25,321 - INFO: Training ROC-AUC: 1.000000
2025-01-28 16:51:25,321 - INFO: Validation ROC-AUC: 0.621826
2025-01-28 16:51:33,201 - INFO: Evaluating at iteration 53421
2025-01-28 16:51:33,468 - INFO: Loss: 0.116843
2025-01-28 16:51:33,468 - INFO: Training ROC-AUC: 0.992593
2025-01-28 16:51:33,468 - INFO: Validation ROC-AUC: 0.632480
2025-01-28 16:51:41,024 - INFO: Evaluating at iteration 53921
2025-01-28 16:51:41,289 - INFO: Loss: 0.194986
2025-01-28 16:51:41,289 - INFO: Training ROC-AUC: 0.965714
2025-01-28 16:51:41,289 - INFO: Validation ROC-AUC: 0.617296
2025-01-28 16:51:49,154 - INFO: Evaluating at iteration 54421
2025-01-28 16:51:49,399 - INFO: Loss: 0.184308
2025-01-28 16:51:49,399 - INFO: Training ROC-AUC: 0.948148
2025-01-28 16:51:49,399 - INFO: Validation ROC-AUC: 0.635094
2025-01-28 16:51:57,445 - INFO: Evaluating at iteration 54921
2025-01-28 16:51:57,712 - INFO: Loss: 0.057439
2025-01-28 16:51:57,712 - INFO: Training ROC-AUC: 1.000000
2025-01-28 16:51:57,712 - INFO: Validation ROC-AUC: 0.617591
2025-01-28 16:52:00,749 - INFO: Saving model to models/TCRContactMapPredictor/model_4.pt
2025-01-28 16:52:00,784 - INFO: Starting fold 5
2025-01-28 16:52:00,785 - INFO: Initialising model
2025-01-28 16:52:00,810 - INFO: Starting training
2025-01-28 16:52:00,810 - INFO: Starting epoch 1
2025-01-28 16:52:00,823 - INFO: Evaluating at iteration 1
2025-01-28 16:52:01,083 - INFO: Loss: 0.695458
2025-01-28 16:52:01,083 - INFO: Training ROC-AUC: 0.211429
2025-01-28 16:52:01,083 - INFO: Validation ROC-AUC: 0.497654
2025-01-28 16:52:08,922 - INFO: Evaluating at iteration 501
2025-01-28 16:52:09,194 - INFO: Loss: 0.446280
2025-01-28 16:52:09,194 - INFO: Training ROC-AUC: 0.429630
2025-01-28 16:52:09,195 - INFO: Validation ROC-AUC: 0.567079
2025-01-28 16:52:17,219 - INFO: Evaluating at iteration 1001
2025-01-28 16:52:17,485 - INFO: Loss: 0.475127
2025-01-28 16:52:17,485 - INFO: Training ROC-AUC: 0.828571
2025-01-28 16:52:17,485 - INFO: Validation ROC-AUC: 0.613248
2025-01-28 16:52:25,293 - INFO: Evaluating at iteration 1501
2025-01-28 16:52:25,566 - INFO: Loss: 0.461396
2025-01-28 16:52:25,566 - INFO: Training ROC-AUC: 0.792271
2025-01-28 16:52:25,566 - INFO: Validation ROC-AUC: 0.697804
2025-01-28 16:52:33,374 - INFO: Evaluating at iteration 2001
2025-01-28 16:52:33,643 - INFO: Loss: 0.402252
2025-01-28 16:52:33,644 - INFO: Training ROC-AUC: 0.864583
2025-01-28 16:52:33,644 - INFO: Validation ROC-AUC: 0.723518
2025-01-28 16:52:36,720 - INFO: Starting epoch 2
2025-01-28 16:52:36,741 - INFO: Evaluating at iteration 2193
2025-01-28 16:52:37,008 - INFO: Loss: 0.400914
2025-01-28 16:52:37,009 - INFO: Training ROC-AUC: 0.660256
2025-01-28 16:52:37,009 - INFO: Validation ROC-AUC: 0.710329
2025-01-28 16:52:44,793 - INFO: Evaluating at iteration 2693
2025-01-28 16:52:45,059 - INFO: Loss: 0.192371
2025-01-28 16:52:45,060 - INFO: Training ROC-AUC: 0.866667
2025-01-28 16:52:45,060 - INFO: Validation ROC-AUC: 0.738038
2025-01-28 16:52:52,851 - INFO: Evaluating at iteration 3193
2025-01-28 16:52:53,120 - INFO: Loss: 0.406972
2025-01-28 16:52:53,120 - INFO: Training ROC-AUC: 0.737179
2025-01-28 16:52:53,120 - INFO: Validation ROC-AUC: 0.754897
2025-01-28 16:53:00,687 - INFO: Evaluating at iteration 3693
2025-01-28 16:53:00,954 - INFO: Loss: 0.267654
2025-01-28 16:53:00,954 - INFO: Training ROC-AUC: 0.821429
2025-01-28 16:53:00,954 - INFO: Validation ROC-AUC: 0.747630
2025-01-28 16:53:08,983 - INFO: Evaluating at iteration 4193
2025-01-28 16:53:09,250 - INFO: Loss: 0.250657
2025-01-28 16:53:09,250 - INFO: Training ROC-AUC: 0.857143
2025-01-28 16:53:09,250 - INFO: Validation ROC-AUC: 0.760877
2025-01-28 16:53:12,059 - INFO: Starting epoch 3
2025-01-28 16:53:12,080 - INFO: Evaluating at iteration 4385
2025-01-28 16:53:12,350 - INFO: Loss: 0.551518
2025-01-28 16:53:12,350 - INFO: Training ROC-AUC: 0.734300
2025-01-28 16:53:12,350 - INFO: Validation ROC-AUC: 0.768403
2025-01-28 16:53:20,194 - INFO: Evaluating at iteration 4885
2025-01-28 16:53:20,463 - INFO: Loss: 0.260384
2025-01-28 16:53:20,464 - INFO: Training ROC-AUC: 0.910256
2025-01-28 16:53:20,464 - INFO: Validation ROC-AUC: 0.779550
2025-01-28 16:53:28,468 - INFO: Evaluating at iteration 5385
2025-01-28 16:53:28,755 - INFO: Loss: 0.294214
2025-01-28 16:53:28,755 - INFO: Training ROC-AUC: 0.891026
2025-01-28 16:53:28,755 - INFO: Validation ROC-AUC: 0.776127
2025-01-28 16:53:37,515 - INFO: Evaluating at iteration 5885
2025-01-28 16:53:37,795 - INFO: Loss: 0.369573
2025-01-28 16:53:37,795 - INFO: Training ROC-AUC: 0.782857
2025-01-28 16:53:37,795 - INFO: Validation ROC-AUC: 0.770027
2025-01-28 16:53:46,492 - INFO: Evaluating at iteration 6385
2025-01-28 16:53:46,774 - INFO: Loss: 0.459327
2025-01-28 16:53:46,774 - INFO: Training ROC-AUC: 0.828125
2025-01-28 16:53:46,774 - INFO: Validation ROC-AUC: 0.775656
2025-01-28 16:53:49,762 - INFO: Starting epoch 4
2025-01-28 16:53:49,781 - INFO: Evaluating at iteration 6577
2025-01-28 16:53:50,063 - INFO: Loss: 0.120945
2025-01-28 16:53:50,063 - INFO: Training ROC-AUC: 1.000000
2025-01-28 16:53:50,063 - INFO: Validation ROC-AUC: 0.791397
2025-01-28 16:53:57,946 - INFO: Evaluating at iteration 7077
2025-01-28 16:53:58,238 - INFO: Loss: 0.254265
2025-01-28 16:53:58,238 - INFO: Training ROC-AUC: 0.883929
2025-01-28 16:53:58,238 - INFO: Validation ROC-AUC: 0.778909
2025-01-28 16:54:06,771 - INFO: Evaluating at iteration 7577
2025-01-28 16:54:07,062 - INFO: Loss: 0.224667
2025-01-28 16:54:07,062 - INFO: Training ROC-AUC: 0.816092
2025-01-28 16:54:07,062 - INFO: Validation ROC-AUC: 0.771212
2025-01-28 16:54:15,507 - INFO: Evaluating at iteration 8077
2025-01-28 16:54:15,783 - INFO: Loss: 0.244177
2025-01-28 16:54:15,783 - INFO: Training ROC-AUC: 0.958333
2025-01-28 16:54:15,783 - INFO: Validation ROC-AUC: 0.776104
2025-01-28 16:54:23,590 - INFO: Evaluating at iteration 8577
2025-01-28 16:54:23,868 - INFO: Loss: 0.216703
2025-01-28 16:54:23,868 - INFO: Training ROC-AUC: 0.901786
2025-01-28 16:54:23,868 - INFO: Validation ROC-AUC: 0.782002
2025-01-28 16:54:26,740 - INFO: Starting epoch 5
2025-01-28 16:54:26,760 - INFO: Evaluating at iteration 8769
2025-01-28 16:54:27,029 - INFO: Loss: 0.204570
2025-01-28 16:54:27,029 - INFO: Training ROC-AUC: 0.908046
2025-01-28 16:54:27,029 - INFO: Validation ROC-AUC: 0.766459
2025-01-28 16:54:35,012 - INFO: Evaluating at iteration 9269
2025-01-28 16:54:35,270 - INFO: Loss: 0.315513
2025-01-28 16:54:35,270 - INFO: Training ROC-AUC: 0.951417
2025-01-28 16:54:35,270 - INFO: Validation ROC-AUC: 0.800520
2025-01-28 16:54:43,304 - INFO: Evaluating at iteration 9769
2025-01-28 16:54:43,591 - INFO: Loss: 0.140990
2025-01-28 16:54:43,591 - INFO: Training ROC-AUC: 0.985185
2025-01-28 16:54:43,591 - INFO: Validation ROC-AUC: 0.789743
2025-01-28 16:54:51,670 - INFO: Evaluating at iteration 10269
2025-01-28 16:54:51,942 - INFO: Loss: 0.428169
2025-01-28 16:54:51,942 - INFO: Training ROC-AUC: 0.812500
2025-01-28 16:54:51,942 - INFO: Validation ROC-AUC: 0.784470
2025-01-28 16:54:57,162 - INFO: Evaluating at iteration 10769
2025-01-28 16:54:57,402 - INFO: Loss: 0.397431
2025-01-28 16:54:57,402 - INFO: Training ROC-AUC: 0.874286
2025-01-28 16:54:57,403 - INFO: Validation ROC-AUC: 0.802446
2025-01-28 16:54:58,392 - INFO: Starting epoch 6
2025-01-28 16:54:58,398 - INFO: Evaluating at iteration 10961
2025-01-28 16:54:58,636 - INFO: Loss: 0.323356
2025-01-28 16:54:58,636 - INFO: Training ROC-AUC: 0.758929
2025-01-28 16:54:58,636 - INFO: Validation ROC-AUC: 0.803657
2025-01-28 16:55:01,154 - INFO: Evaluating at iteration 11461
2025-01-28 16:55:01,394 - INFO: Loss: 0.322014
2025-01-28 16:55:01,394 - INFO: Training ROC-AUC: 0.913420
2025-01-28 16:55:01,394 - INFO: Validation ROC-AUC: 0.782115
2025-01-28 16:55:03,890 - INFO: Evaluating at iteration 11961
2025-01-28 16:55:04,139 - INFO: Loss: 0.240442
2025-01-28 16:55:04,139 - INFO: Training ROC-AUC: 0.932292
2025-01-28 16:55:04,139 - INFO: Validation ROC-AUC: 0.794333
2025-01-28 16:55:06,659 - INFO: Evaluating at iteration 12461
2025-01-28 16:55:06,915 - INFO: Loss: 0.136708
2025-01-28 16:55:06,915 - INFO: Training ROC-AUC: 0.982143
2025-01-28 16:55:06,915 - INFO: Validation ROC-AUC: 0.780422
2025-01-28 16:55:15,204 - INFO: Evaluating at iteration 12961
2025-01-28 16:55:15,481 - INFO: Loss: 0.373151
2025-01-28 16:55:15,481 - INFO: Training ROC-AUC: 0.898551
2025-01-28 16:55:15,481 - INFO: Validation ROC-AUC: 0.802302
2025-01-28 16:55:18,577 - INFO: Starting epoch 7
2025-01-28 16:55:18,596 - INFO: Evaluating at iteration 13153
2025-01-28 16:55:18,874 - INFO: Loss: 0.325619
2025-01-28 16:55:18,874 - INFO: Training ROC-AUC: 0.885714
2025-01-28 16:55:18,874 - INFO: Validation ROC-AUC: 0.798112
2025-01-28 16:55:26,991 - INFO: Evaluating at iteration 13653
2025-01-28 16:55:27,268 - INFO: Loss: 0.293207
2025-01-28 16:55:27,268 - INFO: Training ROC-AUC: 0.735632
2025-01-28 16:55:27,268 - INFO: Validation ROC-AUC: 0.776038
2025-01-28 16:55:35,144 - INFO: Evaluating at iteration 14153
2025-01-28 16:55:35,420 - INFO: Loss: 0.413075
2025-01-28 16:55:35,420 - INFO: Training ROC-AUC: 0.904545
2025-01-28 16:55:35,420 - INFO: Validation ROC-AUC: 0.784372
2025-01-28 16:55:43,551 - INFO: Evaluating at iteration 14653
2025-01-28 16:55:43,832 - INFO: Loss: 0.321606
2025-01-28 16:55:43,832 - INFO: Training ROC-AUC: 0.868571
2025-01-28 16:55:43,832 - INFO: Validation ROC-AUC: 0.795007
2025-01-28 16:55:51,836 - INFO: Evaluating at iteration 15153
2025-01-28 16:55:52,112 - INFO: Loss: 0.075849
2025-01-28 16:55:52,112 - INFO: Training ROC-AUC: 1.000000
2025-01-28 16:55:52,112 - INFO: Validation ROC-AUC: 0.793846
2025-01-28 16:55:55,051 - INFO: Starting epoch 8
2025-01-28 16:55:55,071 - INFO: Evaluating at iteration 15345
2025-01-28 16:55:55,339 - INFO: Loss: 0.087063
2025-01-28 16:55:55,340 - INFO: Training ROC-AUC: 1.000000
2025-01-28 16:55:55,340 - INFO: Validation ROC-AUC: 0.790203
2025-01-28 16:56:03,371 - INFO: Evaluating at iteration 15845
2025-01-28 16:56:03,639 - INFO: Loss: 0.168851
2025-01-28 16:56:03,639 - INFO: Training ROC-AUC: 0.833333
2025-01-28 16:56:03,639 - INFO: Validation ROC-AUC: 0.776939
2025-01-28 16:56:11,675 - INFO: Evaluating at iteration 16345
2025-01-28 16:56:11,945 - INFO: Loss: 0.249994
2025-01-28 16:56:11,945 - INFO: Training ROC-AUC: 0.910256
2025-01-28 16:56:11,945 - INFO: Validation ROC-AUC: 0.798551
2025-01-28 16:56:19,809 - INFO: Evaluating at iteration 16845
2025-01-28 16:56:20,076 - INFO: Loss: 0.255744
2025-01-28 16:56:20,076 - INFO: Training ROC-AUC: 0.827586
2025-01-28 16:56:20,076 - INFO: Validation ROC-AUC: 0.786254
2025-01-28 16:56:28,034 - INFO: Evaluating at iteration 17345
2025-01-28 16:56:28,301 - INFO: Loss: 0.253875
2025-01-28 16:56:28,301 - INFO: Training ROC-AUC: 0.966184
2025-01-28 16:56:28,301 - INFO: Validation ROC-AUC: 0.800975
2025-01-28 16:56:31,411 - INFO: Starting epoch 9
2025-01-28 16:56:31,431 - INFO: Evaluating at iteration 17537
2025-01-28 16:56:31,702 - INFO: Loss: 0.151905
2025-01-28 16:56:31,702 - INFO: Training ROC-AUC: 0.964286
2025-01-28 16:56:31,702 - INFO: Validation ROC-AUC: 0.790530
2025-01-28 16:56:39,711 - INFO: Evaluating at iteration 18037
2025-01-28 16:56:39,981 - INFO: Loss: 0.099605
2025-01-28 16:56:39,981 - INFO: Training ROC-AUC: 1.000000
2025-01-28 16:56:39,981 - INFO: Validation ROC-AUC: 0.787720
2025-01-28 16:56:47,921 - INFO: Evaluating at iteration 18537
2025-01-28 16:56:48,190 - INFO: Loss: 0.195800
2025-01-28 16:56:48,190 - INFO: Training ROC-AUC: 0.964286
2025-01-28 16:56:48,190 - INFO: Validation ROC-AUC: 0.798735
2025-01-28 16:56:56,190 - INFO: Evaluating at iteration 19037
2025-01-28 16:56:56,458 - INFO: Loss: 0.232811
2025-01-28 16:56:56,458 - INFO: Training ROC-AUC: 0.911111
2025-01-28 16:56:56,458 - INFO: Validation ROC-AUC: 0.793464
2025-01-28 16:57:04,417 - INFO: Evaluating at iteration 19537
2025-01-28 16:57:04,686 - INFO: Loss: 0.293787
2025-01-28 16:57:04,686 - INFO: Training ROC-AUC: 0.902857
2025-01-28 16:57:04,686 - INFO: Validation ROC-AUC: 0.786647
2025-01-28 16:57:07,762 - INFO: Starting epoch 10
2025-01-28 16:57:07,783 - INFO: Evaluating at iteration 19729
2025-01-28 16:57:08,051 - INFO: Loss: 0.153762
2025-01-28 16:57:08,052 - INFO: Training ROC-AUC: 0.919540
2025-01-28 16:57:08,052 - INFO: Validation ROC-AUC: 0.785720
2025-01-28 16:57:16,043 - INFO: Evaluating at iteration 20229
2025-01-28 16:57:16,311 - INFO: Loss: 0.208880
2025-01-28 16:57:16,312 - INFO: Training ROC-AUC: 0.948148
2025-01-28 16:57:16,312 - INFO: Validation ROC-AUC: 0.785860
2025-01-28 16:57:24,123 - INFO: Evaluating at iteration 20729
2025-01-28 16:57:24,391 - INFO: Loss: 0.249183
2025-01-28 16:57:24,392 - INFO: Training ROC-AUC: 0.918519
2025-01-28 16:57:24,392 - INFO: Validation ROC-AUC: 0.798066
2025-01-28 16:57:32,254 - INFO: Evaluating at iteration 21229
2025-01-28 16:57:32,521 - INFO: Loss: 0.547625
2025-01-28 16:57:32,521 - INFO: Training ROC-AUC: 0.754286
2025-01-28 16:57:32,522 - INFO: Validation ROC-AUC: 0.779687
2025-01-28 16:57:40,303 - INFO: Evaluating at iteration 21729
2025-01-28 16:57:40,572 - INFO: Loss: 0.224592
2025-01-28 16:57:40,572 - INFO: Training ROC-AUC: 0.873563
2025-01-28 16:57:40,572 - INFO: Validation ROC-AUC: 0.782582
2025-01-28 16:57:43,547 - INFO: Starting epoch 11
2025-01-28 16:57:43,567 - INFO: Evaluating at iteration 21921
2025-01-28 16:57:43,836 - INFO: Loss: 0.115327
2025-01-28 16:57:43,836 - INFO: Training ROC-AUC: 1.000000
2025-01-28 16:57:43,836 - INFO: Validation ROC-AUC: 0.792483
2025-01-28 16:57:51,912 - INFO: Evaluating at iteration 22421
2025-01-28 16:57:52,158 - INFO: Loss: 0.524057
2025-01-28 16:57:52,158 - INFO: Training ROC-AUC: 0.786364
2025-01-28 16:57:52,158 - INFO: Validation ROC-AUC: 0.784623
2025-01-28 16:58:00,177 - INFO: Evaluating at iteration 22921
2025-01-28 16:58:00,447 - INFO: Loss: 0.195322
2025-01-28 16:58:00,447 - INFO: Training ROC-AUC: 0.977778
2025-01-28 16:58:00,447 - INFO: Validation ROC-AUC: 0.785209
2025-01-28 16:58:08,428 - INFO: Evaluating at iteration 23421
2025-01-28 16:58:08,697 - INFO: Loss: 0.246198
2025-01-28 16:58:08,697 - INFO: Training ROC-AUC: 0.920000
2025-01-28 16:58:08,697 - INFO: Validation ROC-AUC: 0.783579
2025-01-28 16:58:16,633 - INFO: Evaluating at iteration 23921
2025-01-28 16:58:16,903 - INFO: Loss: 0.145215
2025-01-28 16:58:16,904 - INFO: Training ROC-AUC: 0.985185
2025-01-28 16:58:16,904 - INFO: Validation ROC-AUC: 0.776315
2025-01-28 16:58:19,994 - INFO: Starting epoch 12
2025-01-28 16:58:20,014 - INFO: Evaluating at iteration 24113
2025-01-28 16:58:20,279 - INFO: Loss: 0.235914
2025-01-28 16:58:20,279 - INFO: Training ROC-AUC: 0.948571
2025-01-28 16:58:20,279 - INFO: Validation ROC-AUC: 0.776458
2025-01-28 16:58:28,204 - INFO: Evaluating at iteration 24613
2025-01-28 16:58:28,475 - INFO: Loss: 0.108349
2025-01-28 16:58:28,475 - INFO: Training ROC-AUC: 0.982143
2025-01-28 16:58:28,475 - INFO: Validation ROC-AUC: 0.789136
2025-01-28 16:58:36,413 - INFO: Evaluating at iteration 25113
2025-01-28 16:58:36,680 - INFO: Loss: 0.367402
2025-01-28 16:58:36,680 - INFO: Training ROC-AUC: 0.932292
2025-01-28 16:58:36,680 - INFO: Validation ROC-AUC: 0.771814
2025-01-28 16:58:44,614 - INFO: Evaluating at iteration 25613
2025-01-28 16:58:44,881 - INFO: Loss: 0.209266
2025-01-28 16:58:44,881 - INFO: Training ROC-AUC: 0.979167
2025-01-28 16:58:44,881 - INFO: Validation ROC-AUC: 0.770980
2025-01-28 16:58:52,674 - INFO: Evaluating at iteration 26113
2025-01-28 16:58:52,939 - INFO: Loss: 0.152999
2025-01-28 16:58:52,939 - INFO: Training ROC-AUC: 0.900000
2025-01-28 16:58:52,939 - INFO: Validation ROC-AUC: 0.777931
2025-01-28 16:58:56,014 - INFO: Starting epoch 13
2025-01-28 16:58:56,034 - INFO: Evaluating at iteration 26305
2025-01-28 16:58:56,299 - INFO: Loss: 0.240950
2025-01-28 16:58:56,299 - INFO: Training ROC-AUC: 0.793103
2025-01-28 16:58:56,299 - INFO: Validation ROC-AUC: 0.776229
2025-01-28 16:59:04,234 - INFO: Evaluating at iteration 26805
2025-01-28 16:59:04,500 - INFO: Loss: 0.214955
2025-01-28 16:59:04,500 - INFO: Training ROC-AUC: 0.881481
2025-01-28 16:59:04,500 - INFO: Validation ROC-AUC: 0.786628
2025-01-28 16:59:12,401 - INFO: Evaluating at iteration 27305
2025-01-28 16:59:12,669 - INFO: Loss: 0.147590
2025-01-28 16:59:12,669 - INFO: Training ROC-AUC: 0.966667
2025-01-28 16:59:12,669 - INFO: Validation ROC-AUC: 0.781224
2025-01-28 16:59:20,616 - INFO: Evaluating at iteration 27805
2025-01-28 16:59:20,885 - INFO: Loss: 0.186354
2025-01-28 16:59:20,885 - INFO: Training ROC-AUC: 0.937500
2025-01-28 16:59:20,885 - INFO: Validation ROC-AUC: 0.783275
2025-01-28 16:59:28,781 - INFO: Evaluating at iteration 28305
2025-01-28 16:59:29,056 - INFO: Loss: 0.130407
2025-01-28 16:59:29,056 - INFO: Training ROC-AUC: 0.954023
2025-01-28 16:59:29,056 - INFO: Validation ROC-AUC: 0.786468
2025-01-28 16:59:32,074 - INFO: Starting epoch 14
2025-01-28 16:59:32,094 - INFO: Evaluating at iteration 28497
2025-01-28 16:59:32,368 - INFO: Loss: 0.171408
2025-01-28 16:59:32,368 - INFO: Training ROC-AUC: 0.982857
2025-01-28 16:59:32,368 - INFO: Validation ROC-AUC: 0.783968
2025-01-28 16:59:40,395 - INFO: Evaluating at iteration 28997
2025-01-28 16:59:40,669 - INFO: Loss: 0.084922
2025-01-28 16:59:40,669 - INFO: Training ROC-AUC: 1.000000
2025-01-28 16:59:40,669 - INFO: Validation ROC-AUC: 0.782202
2025-01-28 16:59:48,651 - INFO: Evaluating at iteration 29497
2025-01-28 16:59:48,926 - INFO: Loss: 0.149441
2025-01-28 16:59:48,926 - INFO: Training ROC-AUC: 0.977011
2025-01-28 16:59:48,926 - INFO: Validation ROC-AUC: 0.784482
2025-01-28 16:59:56,945 - INFO: Evaluating at iteration 29997
2025-01-28 16:59:57,219 - INFO: Loss: 0.175345
2025-01-28 16:59:57,219 - INFO: Training ROC-AUC: 0.961538
2025-01-28 16:59:57,219 - INFO: Validation ROC-AUC: 0.791214
2025-01-28 17:00:05,216 - INFO: Evaluating at iteration 30497
2025-01-28 17:00:05,489 - INFO: Loss: 0.285940
2025-01-28 17:00:05,489 - INFO: Training ROC-AUC: 0.878205
2025-01-28 17:00:05,489 - INFO: Validation ROC-AUC: 0.776968
2025-01-28 17:00:08,582 - INFO: Starting epoch 15
2025-01-28 17:00:08,602 - INFO: Evaluating at iteration 30689
2025-01-28 17:00:08,872 - INFO: Loss: 0.117584
2025-01-28 17:00:08,872 - INFO: Training ROC-AUC: 0.992593
2025-01-28 17:00:08,872 - INFO: Validation ROC-AUC: 0.775742
2025-01-28 17:00:16,895 - INFO: Evaluating at iteration 31189
2025-01-28 17:00:17,165 - INFO: Loss: 0.297916
2025-01-28 17:00:17,165 - INFO: Training ROC-AUC: 0.866071
2025-01-28 17:00:17,165 - INFO: Validation ROC-AUC: 0.777153
2025-01-28 17:00:25,013 - INFO: Evaluating at iteration 31689
2025-01-28 17:00:25,285 - INFO: Loss: 0.259553
2025-01-28 17:00:25,285 - INFO: Training ROC-AUC: 0.951691
2025-01-28 17:00:25,285 - INFO: Validation ROC-AUC: 0.783522
2025-01-28 17:00:33,231 - INFO: Evaluating at iteration 32189
2025-01-28 17:00:33,504 - INFO: Loss: 0.150651
2025-01-28 17:00:33,504 - INFO: Training ROC-AUC: 0.982143
2025-01-28 17:00:33,504 - INFO: Validation ROC-AUC: 0.780501
2025-01-28 17:00:41,539 - INFO: Evaluating at iteration 32689
2025-01-28 17:00:41,814 - INFO: Loss: 0.175365
2025-01-28 17:00:41,814 - INFO: Training ROC-AUC: 0.946429
2025-01-28 17:00:41,814 - INFO: Validation ROC-AUC: 0.785756
2025-01-28 17:00:44,786 - INFO: Starting epoch 16
2025-01-28 17:00:44,805 - INFO: Evaluating at iteration 32881
2025-01-28 17:00:45,069 - INFO: Loss: 0.182781
2025-01-28 17:00:45,069 - INFO: Training ROC-AUC: 0.800000
2025-01-28 17:00:45,069 - INFO: Validation ROC-AUC: 0.775047
2025-01-28 17:00:53,075 - INFO: Evaluating at iteration 33381
2025-01-28 17:00:53,341 - INFO: Loss: 0.108679
2025-01-28 17:00:53,341 - INFO: Training ROC-AUC: 1.000000
2025-01-28 17:00:53,341 - INFO: Validation ROC-AUC: 0.783792
2025-01-28 17:01:01,278 - INFO: Evaluating at iteration 33881
2025-01-28 17:01:01,544 - INFO: Loss: 0.127908
2025-01-28 17:01:01,544 - INFO: Training ROC-AUC: 0.985185
2025-01-28 17:01:01,544 - INFO: Validation ROC-AUC: 0.783278
2025-01-28 17:01:09,545 - INFO: Evaluating at iteration 34381
2025-01-28 17:01:09,810 - INFO: Loss: 0.291970
2025-01-28 17:01:09,810 - INFO: Training ROC-AUC: 0.967949
2025-01-28 17:01:09,810 - INFO: Validation ROC-AUC: 0.777554
2025-01-28 17:01:17,753 - INFO: Evaluating at iteration 34881
2025-01-28 17:01:18,019 - INFO: Loss: 0.243279
2025-01-28 17:01:18,019 - INFO: Training ROC-AUC: 0.935897
2025-01-28 17:01:18,019 - INFO: Validation ROC-AUC: 0.768845
2025-01-28 17:01:21,125 - INFO: Starting epoch 17
2025-01-28 17:01:21,145 - INFO: Evaluating at iteration 35073
2025-01-28 17:01:21,411 - INFO: Loss: 0.136535
2025-01-28 17:01:21,411 - INFO: Training ROC-AUC: 0.977011
2025-01-28 17:01:21,411 - INFO: Validation ROC-AUC: 0.770914
2025-01-28 17:01:29,418 - INFO: Evaluating at iteration 35573
2025-01-28 17:01:29,685 - INFO: Loss: 0.144047
2025-01-28 17:01:29,685 - INFO: Training ROC-AUC: 0.977011
2025-01-28 17:01:29,685 - INFO: Validation ROC-AUC: 0.762454
2025-01-28 17:01:37,615 - INFO: Evaluating at iteration 36073
2025-01-28 17:01:37,903 - INFO: Loss: 0.293738
2025-01-28 17:01:37,903 - INFO: Training ROC-AUC: 0.839080
2025-01-28 17:01:37,903 - INFO: Validation ROC-AUC: 0.771335
2025-01-28 17:01:45,737 - INFO: Evaluating at iteration 36573
2025-01-28 17:01:46,006 - INFO: Loss: 0.278658
2025-01-28 17:01:46,006 - INFO: Training ROC-AUC: 0.937143
2025-01-28 17:01:46,006 - INFO: Validation ROC-AUC: 0.785313
2025-01-28 17:01:54,072 - INFO: Evaluating at iteration 37073
2025-01-28 17:01:54,328 - INFO: Loss: 0.118816
2025-01-28 17:01:54,328 - INFO: Training ROC-AUC: 0.935484
2025-01-28 17:01:54,328 - INFO: Validation ROC-AUC: 0.774933
2025-01-28 17:01:57,455 - INFO: Starting epoch 18
2025-01-28 17:01:57,475 - INFO: Evaluating at iteration 37265
2025-01-28 17:01:57,751 - INFO: Loss: 0.255723
2025-01-28 17:01:57,751 - INFO: Training ROC-AUC: 0.885057
2025-01-28 17:01:57,751 - INFO: Validation ROC-AUC: 0.769699
2025-01-28 17:02:05,737 - INFO: Evaluating at iteration 37765
2025-01-28 17:02:06,013 - INFO: Loss: 0.200043
2025-01-28 17:02:06,013 - INFO: Training ROC-AUC: 0.919643
2025-01-28 17:02:06,013 - INFO: Validation ROC-AUC: 0.771300
2025-01-28 17:02:13,937 - INFO: Evaluating at iteration 38265
2025-01-28 17:02:14,215 - INFO: Loss: 0.225780
2025-01-28 17:02:14,215 - INFO: Training ROC-AUC: 1.000000
2025-01-28 17:02:14,215 - INFO: Validation ROC-AUC: 0.782811
2025-01-28 17:02:22,190 - INFO: Evaluating at iteration 38765
2025-01-28 17:02:22,468 - INFO: Loss: 0.166753
2025-01-28 17:02:22,468 - INFO: Training ROC-AUC: 0.975845
2025-01-28 17:02:22,468 - INFO: Validation ROC-AUC: 0.777609
2025-01-28 17:02:30,391 - INFO: Evaluating at iteration 39265
2025-01-28 17:02:30,669 - INFO: Loss: 0.214644
2025-01-28 17:02:30,669 - INFO: Training ROC-AUC: 0.948148
2025-01-28 17:02:30,669 - INFO: Validation ROC-AUC: 0.778022
2025-01-28 17:02:33,646 - INFO: Starting epoch 19
2025-01-28 17:02:33,666 - INFO: Evaluating at iteration 39457
2025-01-28 17:02:33,942 - INFO: Loss: 0.187103
2025-01-28 17:02:33,942 - INFO: Training ROC-AUC: 0.984375
2025-01-28 17:02:33,942 - INFO: Validation ROC-AUC: 0.764401
2025-01-28 17:02:41,928 - INFO: Evaluating at iteration 39957
2025-01-28 17:02:42,207 - INFO: Loss: 0.285408
2025-01-28 17:02:42,207 - INFO: Training ROC-AUC: 0.929487
2025-01-28 17:02:42,207 - INFO: Validation ROC-AUC: 0.774794
2025-01-28 17:02:50,124 - INFO: Evaluating at iteration 40457
2025-01-28 17:02:50,400 - INFO: Loss: 0.319742
2025-01-28 17:02:50,400 - INFO: Training ROC-AUC: 0.851852
2025-01-28 17:02:50,400 - INFO: Validation ROC-AUC: 0.770600
2025-01-28 17:02:58,373 - INFO: Evaluating at iteration 40957
2025-01-28 17:02:58,649 - INFO: Loss: 0.113529
2025-01-28 17:02:58,649 - INFO: Training ROC-AUC: 0.982143
2025-01-28 17:02:58,649 - INFO: Validation ROC-AUC: 0.755630
2025-01-28 17:03:06,578 - INFO: Evaluating at iteration 41457
2025-01-28 17:03:06,856 - INFO: Loss: 0.099716
2025-01-28 17:03:06,857 - INFO: Training ROC-AUC: 1.000000
2025-01-28 17:03:06,857 - INFO: Validation ROC-AUC: 0.764368
2025-01-28 17:03:09,803 - INFO: Starting epoch 20
2025-01-28 17:03:09,823 - INFO: Evaluating at iteration 41649
2025-01-28 17:03:10,099 - INFO: Loss: 0.156573
2025-01-28 17:03:10,099 - INFO: Training ROC-AUC: 0.977778
2025-01-28 17:03:10,099 - INFO: Validation ROC-AUC: 0.772469
2025-01-28 17:03:18,086 - INFO: Evaluating at iteration 42149
2025-01-28 17:03:18,362 - INFO: Loss: 0.203642
2025-01-28 17:03:18,363 - INFO: Training ROC-AUC: 0.971429
2025-01-28 17:03:18,363 - INFO: Validation ROC-AUC: 0.772567
2025-01-28 17:03:26,320 - INFO: Evaluating at iteration 42649
2025-01-28 17:03:26,567 - INFO: Loss: 0.074767
2025-01-28 17:03:26,567 - INFO: Training ROC-AUC: 1.000000
2025-01-28 17:03:26,567 - INFO: Validation ROC-AUC: 0.764484
2025-01-28 17:03:34,699 - INFO: Evaluating at iteration 43149
2025-01-28 17:03:34,956 - INFO: Loss: 0.199694
2025-01-28 17:03:34,956 - INFO: Training ROC-AUC: 0.901786
2025-01-28 17:03:34,956 - INFO: Validation ROC-AUC: 0.781962
2025-01-28 17:03:42,876 - INFO: Evaluating at iteration 43649
2025-01-28 17:03:43,154 - INFO: Loss: 0.147856
2025-01-28 17:03:43,154 - INFO: Training ROC-AUC: 0.988571
2025-01-28 17:03:43,155 - INFO: Validation ROC-AUC: 0.776638
2025-01-28 17:03:46,249 - INFO: Starting epoch 21
2025-01-28 17:03:46,268 - INFO: Evaluating at iteration 43841
2025-01-28 17:03:46,547 - INFO: Loss: 0.145285
2025-01-28 17:03:46,547 - INFO: Training ROC-AUC: 0.988571
2025-01-28 17:03:46,547 - INFO: Validation ROC-AUC: 0.777193
2025-01-28 17:03:54,507 - INFO: Evaluating at iteration 44341
2025-01-28 17:03:54,785 - INFO: Loss: 0.275219
2025-01-28 17:03:54,785 - INFO: Training ROC-AUC: 0.916667
2025-01-28 17:03:54,785 - INFO: Validation ROC-AUC: 0.775478
2025-01-28 17:04:02,709 - INFO: Evaluating at iteration 44841
2025-01-28 17:04:02,980 - INFO: Loss: 0.203208
2025-01-28 17:04:02,980 - INFO: Training ROC-AUC: 0.955128
2025-01-28 17:04:02,980 - INFO: Validation ROC-AUC: 0.773265
2025-01-28 17:04:10,950 - INFO: Evaluating at iteration 45341
2025-01-28 17:04:11,222 - INFO: Loss: 0.184177
2025-01-28 17:04:11,222 - INFO: Training ROC-AUC: 0.974359
2025-01-28 17:04:11,222 - INFO: Validation ROC-AUC: 0.770952
2025-01-28 17:04:19,006 - INFO: Evaluating at iteration 45841
2025-01-28 17:04:19,280 - INFO: Loss: 0.168680
2025-01-28 17:04:19,280 - INFO: Training ROC-AUC: 0.955128
2025-01-28 17:04:19,280 - INFO: Validation ROC-AUC: 0.779895
2025-01-28 17:04:22,376 - INFO: Starting epoch 22
2025-01-28 17:04:22,395 - INFO: Evaluating at iteration 46033
2025-01-28 17:04:22,665 - INFO: Loss: 0.239314
2025-01-28 17:04:22,665 - INFO: Training ROC-AUC: 0.911111
2025-01-28 17:04:22,665 - INFO: Validation ROC-AUC: 0.764836
2025-01-28 17:04:30,669 - INFO: Evaluating at iteration 46533
2025-01-28 17:04:30,940 - INFO: Loss: 0.174600
2025-01-28 17:04:30,940 - INFO: Training ROC-AUC: 0.961538
2025-01-28 17:04:30,940 - INFO: Validation ROC-AUC: 0.767701
2025-01-28 17:04:38,858 - INFO: Evaluating at iteration 47033
2025-01-28 17:04:39,130 - INFO: Loss: 0.077812
2025-01-28 17:04:39,130 - INFO: Training ROC-AUC: 1.000000
2025-01-28 17:04:39,130 - INFO: Validation ROC-AUC: 0.769939
2025-01-28 17:04:46,974 - INFO: Evaluating at iteration 47533
2025-01-28 17:04:47,245 - INFO: Loss: 0.187544
2025-01-28 17:04:47,246 - INFO: Training ROC-AUC: 0.948148
2025-01-28 17:04:47,246 - INFO: Validation ROC-AUC: 0.772929
2025-01-28 17:04:55,014 - INFO: Evaluating at iteration 48033
2025-01-28 17:04:55,263 - INFO: Loss: 0.314019
2025-01-28 17:04:55,264 - INFO: Training ROC-AUC: 0.951691
2025-01-28 17:04:55,264 - INFO: Validation ROC-AUC: 0.774421
2025-01-28 17:04:58,350 - INFO: Starting epoch 23
2025-01-28 17:04:58,370 - INFO: Evaluating at iteration 48225
2025-01-28 17:04:58,638 - INFO: Loss: 0.037897
2025-01-28 17:04:58,638 - INFO: Training ROC-AUC: 1.000000
2025-01-28 17:04:58,638 - INFO: Validation ROC-AUC: 0.785088
2025-01-28 17:05:06,590 - INFO: Evaluating at iteration 48725
2025-01-28 17:05:06,860 - INFO: Loss: 0.079840
2025-01-28 17:05:06,861 - INFO: Training ROC-AUC: 1.000000
2025-01-28 17:05:06,861 - INFO: Validation ROC-AUC: 0.775084
2025-01-28 17:05:14,770 - INFO: Evaluating at iteration 49225
2025-01-28 17:05:15,041 - INFO: Loss: 0.076471
2025-01-28 17:05:15,041 - INFO: Training ROC-AUC: 1.000000
2025-01-28 17:05:15,041 - INFO: Validation ROC-AUC: 0.778486
2025-01-28 17:05:23,021 - INFO: Evaluating at iteration 49725
2025-01-28 17:05:23,292 - INFO: Loss: 0.121446
2025-01-28 17:05:23,292 - INFO: Training ROC-AUC: 0.982143
2025-01-28 17:05:23,292 - INFO: Validation ROC-AUC: 0.770639
2025-01-28 17:05:31,216 - INFO: Evaluating at iteration 50225
2025-01-28 17:05:31,490 - INFO: Loss: 0.130915
2025-01-28 17:05:31,490 - INFO: Training ROC-AUC: 0.987179
2025-01-28 17:05:31,490 - INFO: Validation ROC-AUC: 0.769277
2025-01-28 17:05:34,435 - INFO: Starting epoch 24
2025-01-28 17:05:34,455 - INFO: Evaluating at iteration 50417
2025-01-28 17:05:34,726 - INFO: Loss: 0.170618
2025-01-28 17:05:34,727 - INFO: Training ROC-AUC: 0.946429
2025-01-28 17:05:34,727 - INFO: Validation ROC-AUC: 0.772246
2025-01-28 17:05:42,708 - INFO: Evaluating at iteration 50917
2025-01-28 17:05:42,978 - INFO: Loss: 0.249146
2025-01-28 17:05:42,978 - INFO: Training ROC-AUC: 0.925714
2025-01-28 17:05:42,978 - INFO: Validation ROC-AUC: 0.765609
2025-01-28 17:05:50,901 - INFO: Evaluating at iteration 51417
2025-01-28 17:05:51,172 - INFO: Loss: 0.043452
2025-01-28 17:05:51,172 - INFO: Training ROC-AUC: 1.000000
2025-01-28 17:05:51,172 - INFO: Validation ROC-AUC: 0.773488
2025-01-28 17:05:59,153 - INFO: Evaluating at iteration 51917
2025-01-28 17:05:59,423 - INFO: Loss: 0.278461
2025-01-28 17:05:59,423 - INFO: Training ROC-AUC: 0.923077
2025-01-28 17:05:59,423 - INFO: Validation ROC-AUC: 0.771985
2025-01-28 17:06:07,339 - INFO: Evaluating at iteration 52417
2025-01-28 17:06:07,612 - INFO: Loss: 0.022652
2025-01-28 17:06:07,612 - INFO: Training ROC-AUC: 1.000000
2025-01-28 17:06:07,612 - INFO: Validation ROC-AUC: 0.774761
2025-01-28 17:06:10,541 - INFO: Starting epoch 25
2025-01-28 17:06:10,560 - INFO: Evaluating at iteration 52609
2025-01-28 17:06:10,828 - INFO: Loss: 0.138624
2025-01-28 17:06:10,828 - INFO: Training ROC-AUC: 0.985185
2025-01-28 17:06:10,828 - INFO: Validation ROC-AUC: 0.769199
2025-01-28 17:06:18,799 - INFO: Evaluating at iteration 53109
2025-01-28 17:06:19,070 - INFO: Loss: 0.149850
2025-01-28 17:06:19,070 - INFO: Training ROC-AUC: 0.974359
2025-01-28 17:06:19,070 - INFO: Validation ROC-AUC: 0.769588
2025-01-28 17:06:27,083 - INFO: Evaluating at iteration 53609
2025-01-28 17:06:27,327 - INFO: Loss: 0.199041
2025-01-28 17:06:27,327 - INFO: Training ROC-AUC: 0.977143
2025-01-28 17:06:27,327 - INFO: Validation ROC-AUC: 0.766147
2025-01-28 17:06:35,462 - INFO: Evaluating at iteration 54109
2025-01-28 17:06:35,724 - INFO: Loss: 0.091024
2025-01-28 17:06:35,724 - INFO: Training ROC-AUC: 0.977011
2025-01-28 17:06:35,724 - INFO: Validation ROC-AUC: 0.768977
2025-01-28 17:06:43,764 - INFO: Evaluating at iteration 54609
2025-01-28 17:06:44,047 - INFO: Loss: 0.115073
2025-01-28 17:06:44,047 - INFO: Training ROC-AUC: 0.973214
2025-01-28 17:06:44,047 - INFO: Validation ROC-AUC: 0.770187
2025-01-28 17:06:46,988 - INFO: Saving model to models/TCRContactMapPredictor/model_5.pt
