2026-01-08 15:02:31,716 - INFO: Parameter: training_data='data/processed/sequences_peptide_split.h5'
2026-01-08 15:02:31,717 - INFO: Parameter: contact_maps='data/processed/contact_maps.h5'
2026-01-08 15:02:31,717 - INFO: Parameter: output='models/TCRStructMap_peptide_split_cdrs_peptide'
2026-01-08 15:02:31,717 - INFO: Parameter: seed=123
2026-01-08 15:02:31,717 - INFO: Parameter: features_to_include=['cdr1_alpha', 'cdr2_alpha', 'cdr3_alpha', 'cdr1_beta', 'cdr2_beta', 'cdr3_beta', 'peptide']
2026-01-08 15:02:31,717 - INFO: Parameter: cdr1_alpha_length=8
2026-01-08 15:02:31,717 - INFO: Parameter: cdr2_alpha_length=8
2026-01-08 15:02:31,717 - INFO: Parameter: cdr3_alpha_length=24
2026-01-08 15:02:31,717 - INFO: Parameter: cdr1_beta_length=8
2026-01-08 15:02:31,717 - INFO: Parameter: cdr2_beta_length=8
2026-01-08 15:02:31,717 - INFO: Parameter: cdr3_beta_length=24
2026-01-08 15:02:31,718 - INFO: Parameter: peptide_length=12
2026-01-08 15:02:31,718 - INFO: Parameter: mhc_pseudo_length=26
2026-01-08 15:02:31,718 - INFO: Parameter: batch_size=32
2026-01-08 15:02:31,718 - INFO: Parameter: num_epochs=25
2026-01-08 15:02:31,718 - INFO: Parameter: learning_rate=0.001
2026-01-08 15:02:31,718 - INFO: Parameter: drop_out_rate=0.2
2026-01-08 15:02:31,718 - INFO: Parameter: learn_contact_maps=False
2026-01-08 15:02:31,718 - INFO: Parameter: checkpoint_interval=1000
2026-01-08 15:02:31,718 - INFO: Parameter: eval_interval=500
2026-01-08 15:02:31,718 - INFO: Parameter: eval_batch_size=1000
2026-01-08 15:02:31,718 - INFO: Parameter: log_level='info'
2026-01-08 15:02:31,718 - INFO: Parameter: log_file='data/logs/train_TCRStructMap_peptide_split_cdrs_peptide.log'
2026-01-08 15:02:31,718 - INFO: Setting random seed to 123
2026-01-08 15:02:31,785 - INFO: Loading contact maps from data/processed/contact_maps.h5
2026-01-08 15:02:31,800 - INFO: Loading training data from data/processed/sequences_peptide_split.h5
2026-01-08 15:02:35,878 - INFO: Creating models/TCRStructMap_peptide_split_cdrs_peptide
2026-01-08 15:02:35,883 - INFO: Starting fold 1
2026-01-08 15:02:36,017 - INFO: Initialising model
2026-01-08 15:02:57,319 - INFO: Starting training
2026-01-08 15:02:57,319 - INFO: Starting epoch 1
2026-01-08 15:02:57,434 - INFO: Evaluating at iteration 1
2026-01-08 15:02:58,140 - INFO: Loss: 0.702937
2026-01-08 15:02:58,140 - INFO: Training ROC-AUC: 0.551724
2026-01-08 15:02:58,140 - INFO: Validation ROC-AUC: 0.559788
2026-01-08 15:03:04,657 - INFO: Evaluating at iteration 501
2026-01-08 15:03:05,361 - INFO: Loss: 0.466084
2026-01-08 15:03:05,361 - INFO: Training ROC-AUC: 0.615385
2026-01-08 15:03:05,361 - INFO: Validation ROC-AUC: 0.320565
2026-01-08 15:03:11,943 - INFO: Evaluating at iteration 1001
2026-01-08 15:03:12,631 - INFO: Loss: 0.254668
2026-01-08 15:03:12,631 - INFO: Training ROC-AUC: 0.816092
2026-01-08 15:03:12,631 - INFO: Validation ROC-AUC: 0.360799
2026-01-08 15:03:19,224 - INFO: Evaluating at iteration 1501
2026-01-08 15:03:19,909 - INFO: Loss: 0.495860
2026-01-08 15:03:19,909 - INFO: Training ROC-AUC: 0.740909
2026-01-08 15:03:19,909 - INFO: Validation ROC-AUC: 0.372133
2026-01-08 15:03:26,463 - INFO: Starting epoch 2
2026-01-08 15:03:26,478 - INFO: Evaluating at iteration 2001
2026-01-08 15:03:27,168 - INFO: Loss: 0.298078
2026-01-08 15:03:27,168 - INFO: Training ROC-AUC: 0.840000
2026-01-08 15:03:27,168 - INFO: Validation ROC-AUC: 0.368513
2026-01-08 15:03:33,846 - INFO: Evaluating at iteration 2501
2026-01-08 15:03:34,530 - INFO: Loss: 0.395503
2026-01-08 15:03:34,530 - INFO: Training ROC-AUC: 0.765714
2026-01-08 15:03:34,531 - INFO: Validation ROC-AUC: 0.371017
2026-01-08 15:03:41,073 - INFO: Evaluating at iteration 3001
2026-01-08 15:03:41,751 - INFO: Loss: 0.231695
2026-01-08 15:03:41,751 - INFO: Training ROC-AUC: 0.919643
2026-01-08 15:03:41,751 - INFO: Validation ROC-AUC: 0.368127
2026-01-08 15:03:48,308 - INFO: Evaluating at iteration 3501
2026-01-08 15:03:48,994 - INFO: Loss: 0.247815
2026-01-08 15:03:48,995 - INFO: Training ROC-AUC: 0.918519
2026-01-08 15:03:48,995 - INFO: Validation ROC-AUC: 0.372560
2026-01-08 15:03:55,556 - INFO: Starting epoch 3
2026-01-08 15:03:55,570 - INFO: Evaluating at iteration 4001
2026-01-08 15:03:56,249 - INFO: Loss: 0.320316
2026-01-08 15:03:56,249 - INFO: Training ROC-AUC: 0.770370
2026-01-08 15:03:56,249 - INFO: Validation ROC-AUC: 0.396724
2026-01-08 15:04:02,984 - INFO: Evaluating at iteration 4501
2026-01-08 15:04:03,680 - INFO: Loss: 0.389517
2026-01-08 15:04:03,680 - INFO: Training ROC-AUC: 0.598214
2026-01-08 15:04:03,680 - INFO: Validation ROC-AUC: 0.394026
2026-01-08 15:04:10,464 - INFO: Evaluating at iteration 5001
2026-01-08 15:04:11,162 - INFO: Loss: 0.309982
2026-01-08 15:04:11,163 - INFO: Training ROC-AUC: 0.609195
2026-01-08 15:04:11,163 - INFO: Validation ROC-AUC: 0.398581
2026-01-08 15:04:17,942 - INFO: Evaluating at iteration 5501
2026-01-08 15:04:18,637 - INFO: Loss: 0.286435
2026-01-08 15:04:18,638 - INFO: Training ROC-AUC: 0.800000
2026-01-08 15:04:18,638 - INFO: Validation ROC-AUC: 0.389952
2026-01-08 15:04:25,399 - INFO: Starting epoch 4
2026-01-08 15:04:25,414 - INFO: Evaluating at iteration 6001
2026-01-08 15:04:26,104 - INFO: Loss: 0.206343
2026-01-08 15:04:26,104 - INFO: Training ROC-AUC: 1.000000
2026-01-08 15:04:26,104 - INFO: Validation ROC-AUC: 0.405808
2026-01-08 15:04:32,897 - INFO: Evaluating at iteration 6501
2026-01-08 15:04:33,593 - INFO: Loss: 0.245135
2026-01-08 15:04:33,593 - INFO: Training ROC-AUC: 0.839286
2026-01-08 15:04:33,593 - INFO: Validation ROC-AUC: 0.404364
2026-01-08 15:04:40,382 - INFO: Evaluating at iteration 7001
2026-01-08 15:04:41,080 - INFO: Loss: 0.275125
2026-01-08 15:04:41,081 - INFO: Training ROC-AUC: 0.911111
2026-01-08 15:04:41,081 - INFO: Validation ROC-AUC: 0.402918
2026-01-08 15:04:47,867 - INFO: Evaluating at iteration 7501
2026-01-08 15:04:48,564 - INFO: Loss: 0.454138
2026-01-08 15:04:48,564 - INFO: Training ROC-AUC: 0.692308
2026-01-08 15:04:48,564 - INFO: Validation ROC-AUC: 0.401734
2026-01-08 15:04:55,393 - INFO: Starting epoch 5
2026-01-08 15:04:55,408 - INFO: Evaluating at iteration 8001
2026-01-08 15:04:56,118 - INFO: Loss: 0.155487
2026-01-08 15:04:56,118 - INFO: Training ROC-AUC: 0.988506
2026-01-08 15:04:56,118 - INFO: Validation ROC-AUC: 0.403767
2026-01-08 15:05:02,928 - INFO: Evaluating at iteration 8501
2026-01-08 15:05:03,619 - INFO: Loss: 0.339906
2026-01-08 15:05:03,619 - INFO: Training ROC-AUC: 0.958333
2026-01-08 15:05:03,619 - INFO: Validation ROC-AUC: 0.400703
2026-01-08 15:05:10,499 - INFO: Evaluating at iteration 9001
2026-01-08 15:05:11,201 - INFO: Loss: 0.412014
2026-01-08 15:05:11,201 - INFO: Training ROC-AUC: 0.775641
2026-01-08 15:05:11,201 - INFO: Validation ROC-AUC: 0.407426
2026-01-08 15:05:17,997 - INFO: Evaluating at iteration 9501
2026-01-08 15:05:18,698 - INFO: Loss: 0.232395
2026-01-08 15:05:18,698 - INFO: Training ROC-AUC: 0.942529
2026-01-08 15:05:18,698 - INFO: Validation ROC-AUC: 0.413356
2026-01-08 15:05:25,471 - INFO: Starting epoch 6
2026-01-08 15:05:25,486 - INFO: Evaluating at iteration 10001
2026-01-08 15:05:26,173 - INFO: Loss: 0.387629
2026-01-08 15:05:26,173 - INFO: Training ROC-AUC: 0.885417
2026-01-08 15:05:26,173 - INFO: Validation ROC-AUC: 0.407283
2026-01-08 15:05:32,980 - INFO: Evaluating at iteration 10501
2026-01-08 15:05:33,679 - INFO: Loss: 0.413277
2026-01-08 15:05:33,680 - INFO: Training ROC-AUC: 0.911458
2026-01-08 15:05:33,680 - INFO: Validation ROC-AUC: 0.409148
2026-01-08 15:05:40,506 - INFO: Evaluating at iteration 11001
2026-01-08 15:05:41,200 - INFO: Loss: 0.213299
2026-01-08 15:05:41,200 - INFO: Training ROC-AUC: 0.816092
2026-01-08 15:05:41,200 - INFO: Validation ROC-AUC: 0.405057
2026-01-08 15:05:48,018 - INFO: Evaluating at iteration 11501
2026-01-08 15:05:48,717 - INFO: Loss: 0.218573
2026-01-08 15:05:48,717 - INFO: Training ROC-AUC: 0.977011
2026-01-08 15:05:48,717 - INFO: Validation ROC-AUC: 0.411124
2026-01-08 15:05:55,568 - INFO: Starting epoch 7
2026-01-08 15:05:55,583 - INFO: Evaluating at iteration 12001
2026-01-08 15:05:56,277 - INFO: Loss: 0.202654
2026-01-08 15:05:56,277 - INFO: Training ROC-AUC: 0.908046
2026-01-08 15:05:56,277 - INFO: Validation ROC-AUC: 0.408442
2026-01-08 15:06:03,118 - INFO: Evaluating at iteration 12501
2026-01-08 15:06:03,819 - INFO: Loss: 0.366626
2026-01-08 15:06:03,820 - INFO: Training ROC-AUC: 0.874286
2026-01-08 15:06:03,820 - INFO: Validation ROC-AUC: 0.408564
2026-01-08 15:06:10,698 - INFO: Evaluating at iteration 13001
2026-01-08 15:06:11,415 - INFO: Loss: 0.263087
2026-01-08 15:06:11,415 - INFO: Training ROC-AUC: 0.830357
2026-01-08 15:06:11,415 - INFO: Validation ROC-AUC: 0.409953
2026-01-08 15:06:18,390 - INFO: Evaluating at iteration 13501
2026-01-08 15:06:19,088 - INFO: Loss: 0.274487
2026-01-08 15:06:19,088 - INFO: Training ROC-AUC: 0.923077
2026-01-08 15:06:19,088 - INFO: Validation ROC-AUC: 0.410144
2026-01-08 15:06:25,928 - INFO: Starting epoch 8
2026-01-08 15:06:25,943 - INFO: Evaluating at iteration 14001
2026-01-08 15:06:26,636 - INFO: Loss: 0.221860
2026-01-08 15:06:26,636 - INFO: Training ROC-AUC: 0.866071
2026-01-08 15:06:26,636 - INFO: Validation ROC-AUC: 0.418425
2026-01-08 15:06:33,510 - INFO: Evaluating at iteration 14501
2026-01-08 15:06:34,216 - INFO: Loss: 0.182632
2026-01-08 15:06:34,216 - INFO: Training ROC-AUC: 0.901786
2026-01-08 15:06:34,216 - INFO: Validation ROC-AUC: 0.412349
2026-01-08 15:06:41,075 - INFO: Evaluating at iteration 15001
2026-01-08 15:06:41,769 - INFO: Loss: 0.099492
2026-01-08 15:06:41,769 - INFO: Training ROC-AUC: 1.000000
2026-01-08 15:06:41,769 - INFO: Validation ROC-AUC: 0.412232
2026-01-08 15:06:48,670 - INFO: Evaluating at iteration 15501
2026-01-08 15:06:49,374 - INFO: Loss: 0.140182
2026-01-08 15:06:49,375 - INFO: Training ROC-AUC: 0.933333
2026-01-08 15:06:49,375 - INFO: Validation ROC-AUC: 0.403744
2026-01-08 15:06:56,238 - INFO: Starting epoch 9
2026-01-08 15:06:56,252 - INFO: Evaluating at iteration 16001
2026-01-08 15:06:56,950 - INFO: Loss: 0.455745
2026-01-08 15:06:56,950 - INFO: Training ROC-AUC: 0.958333
2026-01-08 15:06:56,950 - INFO: Validation ROC-AUC: 0.407260
2026-01-08 15:07:03,830 - INFO: Evaluating at iteration 16501
2026-01-08 15:07:04,525 - INFO: Loss: 0.340294
2026-01-08 15:07:04,525 - INFO: Training ROC-AUC: 0.814815
2026-01-08 15:07:04,525 - INFO: Validation ROC-AUC: 0.410757
2026-01-08 15:07:11,419 - INFO: Evaluating at iteration 17001
2026-01-08 15:07:12,109 - INFO: Loss: 0.153353
2026-01-08 15:07:12,109 - INFO: Training ROC-AUC: 1.000000
2026-01-08 15:07:12,109 - INFO: Validation ROC-AUC: 0.413029
2026-01-08 15:07:19,002 - INFO: Evaluating at iteration 17501
2026-01-08 15:07:19,703 - INFO: Loss: 0.315271
2026-01-08 15:07:19,703 - INFO: Training ROC-AUC: 0.916667
2026-01-08 15:07:19,703 - INFO: Validation ROC-AUC: 0.408370
2026-01-08 15:07:26,546 - INFO: Starting epoch 10
2026-01-08 15:07:26,561 - INFO: Evaluating at iteration 18001
2026-01-08 15:07:27,252 - INFO: Loss: 0.215138
2026-01-08 15:07:27,252 - INFO: Training ROC-AUC: 0.942308
2026-01-08 15:07:27,252 - INFO: Validation ROC-AUC: 0.408067
2026-01-08 15:07:34,106 - INFO: Evaluating at iteration 18501
2026-01-08 15:07:34,801 - INFO: Loss: 0.216325
2026-01-08 15:07:34,801 - INFO: Training ROC-AUC: 0.910256
2026-01-08 15:07:34,801 - INFO: Validation ROC-AUC: 0.408461
2026-01-08 15:07:41,686 - INFO: Evaluating at iteration 19001
2026-01-08 15:07:42,377 - INFO: Loss: 0.275179
2026-01-08 15:07:42,377 - INFO: Training ROC-AUC: 0.965714
2026-01-08 15:07:42,377 - INFO: Validation ROC-AUC: 0.411710
2026-01-08 15:07:49,273 - INFO: Evaluating at iteration 19501
2026-01-08 15:07:49,980 - INFO: Loss: 0.346259
2026-01-08 15:07:49,980 - INFO: Training ROC-AUC: 0.868571
2026-01-08 15:07:49,980 - INFO: Validation ROC-AUC: 0.403195
2026-01-08 15:07:56,880 - INFO: Starting epoch 11
2026-01-08 15:07:56,895 - INFO: Evaluating at iteration 20001
2026-01-08 15:07:57,589 - INFO: Loss: 0.197884
2026-01-08 15:07:57,589 - INFO: Training ROC-AUC: 0.937500
2026-01-08 15:07:57,589 - INFO: Validation ROC-AUC: 0.410167
2026-01-08 15:08:04,546 - INFO: Evaluating at iteration 20501
2026-01-08 15:08:05,249 - INFO: Loss: 0.232825
2026-01-08 15:08:05,250 - INFO: Training ROC-AUC: 0.953125
2026-01-08 15:08:05,250 - INFO: Validation ROC-AUC: 0.405871
2026-01-08 15:08:12,154 - INFO: Evaluating at iteration 21001
2026-01-08 15:08:12,848 - INFO: Loss: 0.581508
2026-01-08 15:08:12,849 - INFO: Training ROC-AUC: 0.777143
2026-01-08 15:08:12,849 - INFO: Validation ROC-AUC: 0.409238
2026-01-08 15:08:19,822 - INFO: Evaluating at iteration 21501
2026-01-08 15:08:20,512 - INFO: Loss: 0.129536
2026-01-08 15:08:20,512 - INFO: Training ROC-AUC: 1.000000
2026-01-08 15:08:20,512 - INFO: Validation ROC-AUC: 0.413283
2026-01-08 15:08:27,392 - INFO: Starting epoch 12
2026-01-08 15:08:27,407 - INFO: Evaluating at iteration 22001
2026-01-08 15:08:28,097 - INFO: Loss: 0.177870
2026-01-08 15:08:28,098 - INFO: Training ROC-AUC: 0.937500
2026-01-08 15:08:28,098 - INFO: Validation ROC-AUC: 0.407661
2026-01-08 15:08:35,018 - INFO: Evaluating at iteration 22501
2026-01-08 15:08:35,714 - INFO: Loss: 0.117202
2026-01-08 15:08:35,714 - INFO: Training ROC-AUC: 0.977011
2026-01-08 15:08:35,714 - INFO: Validation ROC-AUC: 0.400381
2026-01-08 15:08:42,607 - INFO: Evaluating at iteration 23001
2026-01-08 15:08:43,299 - INFO: Loss: 0.334572
2026-01-08 15:08:43,299 - INFO: Training ROC-AUC: 0.785185
2026-01-08 15:08:43,299 - INFO: Validation ROC-AUC: 0.401912
2026-01-08 15:08:50,255 - INFO: Evaluating at iteration 23501
2026-01-08 15:08:50,950 - INFO: Loss: 0.158944
2026-01-08 15:08:50,951 - INFO: Training ROC-AUC: 0.973214
2026-01-08 15:08:50,951 - INFO: Validation ROC-AUC: 0.410504
2026-01-08 15:08:57,865 - INFO: Starting epoch 13
2026-01-08 15:08:57,881 - INFO: Evaluating at iteration 24001
2026-01-08 15:08:58,578 - INFO: Loss: 0.149348
2026-01-08 15:08:58,578 - INFO: Training ROC-AUC: 0.985185
2026-01-08 15:08:58,578 - INFO: Validation ROC-AUC: 0.405415
2026-01-08 15:09:05,551 - INFO: Evaluating at iteration 24501
2026-01-08 15:09:06,264 - INFO: Loss: 0.315003
2026-01-08 15:09:06,264 - INFO: Training ROC-AUC: 0.884615
2026-01-08 15:09:06,264 - INFO: Validation ROC-AUC: 0.405634
2026-01-08 15:09:13,186 - INFO: Evaluating at iteration 25001
2026-01-08 15:09:13,886 - INFO: Loss: 0.242382
2026-01-08 15:09:13,886 - INFO: Training ROC-AUC: 0.955128
2026-01-08 15:09:13,886 - INFO: Validation ROC-AUC: 0.407825
2026-01-08 15:09:20,742 - INFO: Evaluating at iteration 25501
2026-01-08 15:09:21,419 - INFO: Loss: 0.322742
2026-01-08 15:09:21,419 - INFO: Training ROC-AUC: 0.865385
2026-01-08 15:09:21,419 - INFO: Validation ROC-AUC: 0.399869
2026-01-08 15:09:28,125 - INFO: Starting epoch 14
2026-01-08 15:09:28,140 - INFO: Evaluating at iteration 26001
2026-01-08 15:09:28,817 - INFO: Loss: 0.096648
2026-01-08 15:09:28,818 - INFO: Training ROC-AUC: 1.000000
2026-01-08 15:09:28,818 - INFO: Validation ROC-AUC: 0.401544
2026-01-08 15:09:35,612 - INFO: Evaluating at iteration 26501
2026-01-08 15:09:36,285 - INFO: Loss: 0.113209
2026-01-08 15:09:36,285 - INFO: Training ROC-AUC: 0.988506
2026-01-08 15:09:36,285 - INFO: Validation ROC-AUC: 0.405316
2026-01-08 15:09:43,037 - INFO: Evaluating at iteration 27001
2026-01-08 15:09:43,712 - INFO: Loss: 0.094637
2026-01-08 15:09:43,713 - INFO: Training ROC-AUC: 1.000000
2026-01-08 15:09:43,713 - INFO: Validation ROC-AUC: 0.396886
2026-01-08 15:09:50,512 - INFO: Evaluating at iteration 27501
2026-01-08 15:09:51,187 - INFO: Loss: 0.142726
2026-01-08 15:09:51,187 - INFO: Training ROC-AUC: 0.973214
2026-01-08 15:09:51,187 - INFO: Validation ROC-AUC: 0.399487
2026-01-08 15:09:57,960 - INFO: Starting epoch 15
2026-01-08 15:09:57,975 - INFO: Evaluating at iteration 28001
2026-01-08 15:09:58,648 - INFO: Loss: 0.145139
2026-01-08 15:09:58,648 - INFO: Training ROC-AUC: 0.964286
2026-01-08 15:09:58,648 - INFO: Validation ROC-AUC: 0.400624
2026-01-08 15:10:05,525 - INFO: Evaluating at iteration 28501
2026-01-08 15:10:06,202 - INFO: Loss: 0.177071
2026-01-08 15:10:06,202 - INFO: Training ROC-AUC: 0.955556
2026-01-08 15:10:06,202 - INFO: Validation ROC-AUC: 0.400460
2026-01-08 15:10:13,003 - INFO: Evaluating at iteration 29001
2026-01-08 15:10:13,681 - INFO: Loss: 0.297041
2026-01-08 15:10:13,681 - INFO: Training ROC-AUC: 0.874074
2026-01-08 15:10:13,681 - INFO: Validation ROC-AUC: 0.399568
2026-01-08 15:10:20,601 - INFO: Evaluating at iteration 29501
2026-01-08 15:10:21,281 - INFO: Loss: 0.324348
2026-01-08 15:10:21,281 - INFO: Training ROC-AUC: 0.776786
2026-01-08 15:10:21,281 - INFO: Validation ROC-AUC: 0.394717
2026-01-08 15:10:28,144 - INFO: Starting epoch 16
2026-01-08 15:10:28,158 - INFO: Evaluating at iteration 30001
2026-01-08 15:10:28,840 - INFO: Loss: 0.242179
2026-01-08 15:10:28,840 - INFO: Training ROC-AUC: 0.942857
2026-01-08 15:10:28,840 - INFO: Validation ROC-AUC: 0.401745
2026-01-08 15:10:35,748 - INFO: Evaluating at iteration 30501
2026-01-08 15:10:36,490 - INFO: Loss: 0.248250
2026-01-08 15:10:36,490 - INFO: Training ROC-AUC: 0.903846
2026-01-08 15:10:36,490 - INFO: Validation ROC-AUC: 0.401304
2026-01-08 15:10:44,509 - INFO: Evaluating at iteration 31001
2026-01-08 15:10:45,264 - INFO: Loss: 0.205324
2026-01-08 15:10:45,264 - INFO: Training ROC-AUC: 0.901786
2026-01-08 15:10:45,264 - INFO: Validation ROC-AUC: 0.399032
2026-01-08 15:10:52,373 - INFO: Evaluating at iteration 31501
2026-01-08 15:10:53,051 - INFO: Loss: 0.121104
2026-01-08 15:10:53,051 - INFO: Training ROC-AUC: 1.000000
2026-01-08 15:10:53,051 - INFO: Validation ROC-AUC: 0.402840
2026-01-08 15:11:00,026 - INFO: Starting epoch 17
2026-01-08 15:11:00,040 - INFO: Evaluating at iteration 32001
2026-01-08 15:11:00,707 - INFO: Loss: 0.212838
2026-01-08 15:11:00,718 - INFO: Training ROC-AUC: 0.946429
2026-01-08 15:11:00,718 - INFO: Validation ROC-AUC: 0.404030
2026-01-08 15:11:07,467 - INFO: Evaluating at iteration 32501
2026-01-08 15:11:08,134 - INFO: Loss: 0.275036
2026-01-08 15:11:08,134 - INFO: Training ROC-AUC: 0.903846
2026-01-08 15:11:08,134 - INFO: Validation ROC-AUC: 0.399429
2026-01-08 15:11:14,919 - INFO: Evaluating at iteration 33001
2026-01-08 15:11:15,589 - INFO: Loss: 0.355639
2026-01-08 15:11:15,589 - INFO: Training ROC-AUC: 0.782857
2026-01-08 15:11:15,589 - INFO: Validation ROC-AUC: 0.404338
2026-01-08 15:11:22,344 - INFO: Evaluating at iteration 33501
2026-01-08 15:11:23,017 - INFO: Loss: 0.175334
2026-01-08 15:11:23,017 - INFO: Training ROC-AUC: 0.962963
2026-01-08 15:11:23,017 - INFO: Validation ROC-AUC: 0.398018
2026-01-08 15:11:29,749 - INFO: Starting epoch 18
2026-01-08 15:11:29,764 - INFO: Evaluating at iteration 34001
2026-01-08 15:11:30,437 - INFO: Loss: 0.267407
2026-01-08 15:11:30,437 - INFO: Training ROC-AUC: 0.954545
2026-01-08 15:11:30,437 - INFO: Validation ROC-AUC: 0.397734
2026-01-08 15:11:37,219 - INFO: Evaluating at iteration 34501
2026-01-08 15:11:37,885 - INFO: Loss: 0.171494
2026-01-08 15:11:37,885 - INFO: Training ROC-AUC: 0.987179
2026-01-08 15:11:37,886 - INFO: Validation ROC-AUC: 0.403005
2026-01-08 15:11:44,743 - INFO: Evaluating at iteration 35001
2026-01-08 15:11:45,412 - INFO: Loss: 0.388747
2026-01-08 15:11:45,412 - INFO: Training ROC-AUC: 0.788462
2026-01-08 15:11:45,412 - INFO: Validation ROC-AUC: 0.402668
2026-01-08 15:11:52,187 - INFO: Evaluating at iteration 35501
2026-01-08 15:11:52,857 - INFO: Loss: 0.141680
2026-01-08 15:11:52,857 - INFO: Training ROC-AUC: 1.000000
2026-01-08 15:11:52,857 - INFO: Validation ROC-AUC: 0.404124
2026-01-08 15:11:59,594 - INFO: Starting epoch 19
2026-01-08 15:11:59,609 - INFO: Evaluating at iteration 36001
2026-01-08 15:12:00,282 - INFO: Loss: 0.274499
2026-01-08 15:12:00,282 - INFO: Training ROC-AUC: 0.920000
2026-01-08 15:12:00,282 - INFO: Validation ROC-AUC: 0.401780
2026-01-08 15:12:07,066 - INFO: Evaluating at iteration 36501
2026-01-08 15:12:07,737 - INFO: Loss: 0.149408
2026-01-08 15:12:07,737 - INFO: Training ROC-AUC: 1.000000
2026-01-08 15:12:07,737 - INFO: Validation ROC-AUC: 0.406194
2026-01-08 15:12:14,646 - INFO: Evaluating at iteration 37001
2026-01-08 15:12:15,317 - INFO: Loss: 0.069749
2026-01-08 15:12:15,317 - INFO: Training ROC-AUC: 1.000000
2026-01-08 15:12:15,317 - INFO: Validation ROC-AUC: 0.397339
2026-01-08 15:12:22,077 - INFO: Evaluating at iteration 37501
2026-01-08 15:12:22,748 - INFO: Loss: 0.304967
2026-01-08 15:12:22,748 - INFO: Training ROC-AUC: 0.937198
2026-01-08 15:12:22,748 - INFO: Validation ROC-AUC: 0.405109
2026-01-08 15:12:29,487 - INFO: Starting epoch 20
2026-01-08 15:12:29,505 - INFO: Evaluating at iteration 38001
2026-01-08 15:12:30,177 - INFO: Loss: 0.284064
2026-01-08 15:12:30,177 - INFO: Training ROC-AUC: 0.954545
2026-01-08 15:12:30,177 - INFO: Validation ROC-AUC: 0.400311
2026-01-08 15:12:36,955 - INFO: Evaluating at iteration 38501
2026-01-08 15:12:37,627 - INFO: Loss: 0.203990
2026-01-08 15:12:37,627 - INFO: Training ROC-AUC: 0.918519
2026-01-08 15:12:37,627 - INFO: Validation ROC-AUC: 0.403075
2026-01-08 15:12:44,541 - INFO: Evaluating at iteration 39001
2026-01-08 15:12:45,212 - INFO: Loss: 0.150836
2026-01-08 15:12:45,212 - INFO: Training ROC-AUC: 0.982143
2026-01-08 15:12:45,212 - INFO: Validation ROC-AUC: 0.402906
2026-01-08 15:12:51,983 - INFO: Evaluating at iteration 39501
2026-01-08 15:12:52,653 - INFO: Loss: 0.170672
2026-01-08 15:12:52,653 - INFO: Training ROC-AUC: 0.900000
2026-01-08 15:12:52,653 - INFO: Validation ROC-AUC: 0.401605
2026-01-08 15:12:59,431 - INFO: Starting epoch 21
2026-01-08 15:12:59,445 - INFO: Evaluating at iteration 40001
2026-01-08 15:13:00,116 - INFO: Loss: 0.110633
2026-01-08 15:13:00,116 - INFO: Training ROC-AUC: 1.000000
2026-01-08 15:13:00,117 - INFO: Validation ROC-AUC: 0.399799
2026-01-08 15:13:06,893 - INFO: Evaluating at iteration 40501
2026-01-08 15:13:07,564 - INFO: Loss: 0.271017
2026-01-08 15:13:07,564 - INFO: Training ROC-AUC: 0.911111
2026-01-08 15:13:07,564 - INFO: Validation ROC-AUC: 0.405058
2026-01-08 15:13:14,463 - INFO: Evaluating at iteration 41001
2026-01-08 15:13:15,130 - INFO: Loss: 0.224286
2026-01-08 15:13:15,130 - INFO: Training ROC-AUC: 0.884615
2026-01-08 15:13:15,130 - INFO: Validation ROC-AUC: 0.406236
2026-01-08 15:13:21,941 - INFO: Evaluating at iteration 41501
2026-01-08 15:13:22,611 - INFO: Loss: 0.174318
2026-01-08 15:13:22,612 - INFO: Training ROC-AUC: 0.873563
2026-01-08 15:13:22,612 - INFO: Validation ROC-AUC: 0.400981
2026-01-08 15:13:29,367 - INFO: Starting epoch 22
2026-01-08 15:13:29,382 - INFO: Evaluating at iteration 42001
2026-01-08 15:13:30,051 - INFO: Loss: 0.100870
2026-01-08 15:13:30,051 - INFO: Training ROC-AUC: 1.000000
2026-01-08 15:13:30,051 - INFO: Validation ROC-AUC: 0.401690
2026-01-08 15:13:36,879 - INFO: Evaluating at iteration 42501
2026-01-08 15:13:37,548 - INFO: Loss: 0.185312
2026-01-08 15:13:37,548 - INFO: Training ROC-AUC: 0.985185
2026-01-08 15:13:37,548 - INFO: Validation ROC-AUC: 0.402272
2026-01-08 15:13:44,421 - INFO: Evaluating at iteration 43001
2026-01-08 15:13:45,090 - INFO: Loss: 0.269530
2026-01-08 15:13:45,090 - INFO: Training ROC-AUC: 0.804598
2026-01-08 15:13:45,090 - INFO: Validation ROC-AUC: 0.404097
2026-01-08 15:13:51,918 - INFO: Evaluating at iteration 43501
2026-01-08 15:13:52,593 - INFO: Loss: 0.221303
2026-01-08 15:13:52,593 - INFO: Training ROC-AUC: 0.916667
2026-01-08 15:13:52,593 - INFO: Validation ROC-AUC: 0.401742
2026-01-08 15:13:59,369 - INFO: Starting epoch 23
2026-01-08 15:13:59,384 - INFO: Evaluating at iteration 44001
2026-01-08 15:14:00,050 - INFO: Loss: 0.370477
2026-01-08 15:14:00,050 - INFO: Training ROC-AUC: 0.979167
2026-01-08 15:14:00,050 - INFO: Validation ROC-AUC: 0.405398
2026-01-08 15:14:06,899 - INFO: Evaluating at iteration 44501
2026-01-08 15:14:07,566 - INFO: Loss: 0.194610
2026-01-08 15:14:07,566 - INFO: Training ROC-AUC: 0.908046
2026-01-08 15:14:07,566 - INFO: Validation ROC-AUC: 0.402992
2026-01-08 15:14:14,410 - INFO: Evaluating at iteration 45001
2026-01-08 15:14:15,154 - INFO: Loss: 0.188632
2026-01-08 15:14:15,154 - INFO: Training ROC-AUC: 0.919643
2026-01-08 15:14:15,154 - INFO: Validation ROC-AUC: 0.405712
2026-01-08 15:14:21,998 - INFO: Evaluating at iteration 45501
2026-01-08 15:14:22,665 - INFO: Loss: 0.272416
2026-01-08 15:14:22,665 - INFO: Training ROC-AUC: 0.931429
2026-01-08 15:14:22,665 - INFO: Validation ROC-AUC: 0.402841
2026-01-08 15:14:29,497 - INFO: Starting epoch 24
2026-01-08 15:14:29,512 - INFO: Evaluating at iteration 46001
2026-01-08 15:14:30,184 - INFO: Loss: 0.212198
2026-01-08 15:14:30,185 - INFO: Training ROC-AUC: 0.948571
2026-01-08 15:14:30,185 - INFO: Validation ROC-AUC: 0.396662
2026-01-08 15:14:37,060 - INFO: Evaluating at iteration 46501
2026-01-08 15:14:37,727 - INFO: Loss: 0.338678
2026-01-08 15:14:37,727 - INFO: Training ROC-AUC: 0.977143
2026-01-08 15:14:37,727 - INFO: Validation ROC-AUC: 0.398630
2026-01-08 15:14:44,581 - INFO: Evaluating at iteration 47001
2026-01-08 15:14:45,256 - INFO: Loss: 0.143031
2026-01-08 15:14:45,256 - INFO: Training ROC-AUC: 0.982143
2026-01-08 15:14:45,256 - INFO: Validation ROC-AUC: 0.399845
2026-01-08 15:14:52,180 - INFO: Evaluating at iteration 47501
2026-01-08 15:14:52,846 - INFO: Loss: 0.200927
2026-01-08 15:14:52,846 - INFO: Training ROC-AUC: 0.961538
2026-01-08 15:14:52,846 - INFO: Validation ROC-AUC: 0.400729
2026-01-08 15:14:59,679 - INFO: Starting epoch 25
2026-01-08 15:14:59,694 - INFO: Evaluating at iteration 48001
2026-01-08 15:15:00,363 - INFO: Loss: 0.181469
2026-01-08 15:15:00,364 - INFO: Training ROC-AUC: 0.955556
2026-01-08 15:15:00,364 - INFO: Validation ROC-AUC: 0.400672
2026-01-08 15:15:07,256 - INFO: Evaluating at iteration 48501
2026-01-08 15:15:07,930 - INFO: Loss: 0.368230
2026-01-08 15:15:07,930 - INFO: Training ROC-AUC: 0.903382
2026-01-08 15:15:07,930 - INFO: Validation ROC-AUC: 0.403569
2026-01-08 15:15:14,819 - INFO: Evaluating at iteration 49001
2026-01-08 15:15:15,496 - INFO: Loss: 0.306837
2026-01-08 15:15:15,496 - INFO: Training ROC-AUC: 0.975845
2026-01-08 15:15:15,497 - INFO: Validation ROC-AUC: 0.404711
2026-01-08 15:15:22,560 - INFO: Evaluating at iteration 49501
2026-01-08 15:15:23,236 - INFO: Loss: 0.162753
2026-01-08 15:15:23,236 - INFO: Training ROC-AUC: 0.985185
2026-01-08 15:15:23,236 - INFO: Validation ROC-AUC: 0.402009
2026-01-08 15:15:30,099 - INFO: Saving model to models/TCRStructMap_peptide_split_cdrs_peptide/model_1.pt
2026-01-08 15:15:30,111 - INFO: Starting fold 2
2026-01-08 15:15:30,196 - INFO: Initialising model
2026-01-08 15:15:30,202 - INFO: Starting training
2026-01-08 15:15:30,202 - INFO: Starting epoch 1
2026-01-08 15:15:30,219 - INFO: Evaluating at iteration 1
2026-01-08 15:15:30,734 - INFO: Loss: 0.708108
2026-01-08 15:15:30,734 - INFO: Training ROC-AUC: 0.651852
2026-01-08 15:15:30,734 - INFO: Validation ROC-AUC: 0.458637
2026-01-08 15:15:37,001 - INFO: Evaluating at iteration 501
2026-01-08 15:15:37,505 - INFO: Loss: 0.445228
2026-01-08 15:15:37,505 - INFO: Training ROC-AUC: 0.340741
2026-01-08 15:15:37,505 - INFO: Validation ROC-AUC: 0.350931
2026-01-08 15:15:43,970 - INFO: Evaluating at iteration 1001
2026-01-08 15:15:44,475 - INFO: Loss: 0.443986
2026-01-08 15:15:44,475 - INFO: Training ROC-AUC: 0.673077
2026-01-08 15:15:44,475 - INFO: Validation ROC-AUC: 0.422789
2026-01-08 15:15:50,987 - INFO: Evaluating at iteration 1501
2026-01-08 15:15:51,492 - INFO: Loss: 0.360841
2026-01-08 15:15:51,492 - INFO: Training ROC-AUC: 0.833333
2026-01-08 15:15:51,492 - INFO: Validation ROC-AUC: 0.602214
2026-01-08 15:15:57,853 - INFO: Evaluating at iteration 2001
2026-01-08 15:15:58,358 - INFO: Loss: 0.205247
2026-01-08 15:15:58,358 - INFO: Training ROC-AUC: 0.733333
2026-01-08 15:15:58,358 - INFO: Validation ROC-AUC: 0.606702
2026-01-08 15:16:00,310 - INFO: Starting epoch 2
2026-01-08 15:16:00,324 - INFO: Evaluating at iteration 2154
2026-01-08 15:16:00,827 - INFO: Loss: 0.203741
2026-01-08 15:16:00,827 - INFO: Training ROC-AUC: 0.925926
2026-01-08 15:16:00,827 - INFO: Validation ROC-AUC: 0.610813
2026-01-08 15:16:07,312 - INFO: Evaluating at iteration 2654
2026-01-08 15:16:07,819 - INFO: Loss: 0.426718
2026-01-08 15:16:07,819 - INFO: Training ROC-AUC: 0.800000
2026-01-08 15:16:07,819 - INFO: Validation ROC-AUC: 0.619311
2026-01-08 15:16:14,304 - INFO: Evaluating at iteration 3154
2026-01-08 15:16:14,806 - INFO: Loss: 0.308252
2026-01-08 15:16:14,806 - INFO: Training ROC-AUC: 0.910256
2026-01-08 15:16:14,807 - INFO: Validation ROC-AUC: 0.607027
2026-01-08 15:16:21,391 - INFO: Evaluating at iteration 3654
2026-01-08 15:16:21,896 - INFO: Loss: 0.111132
2026-01-08 15:16:21,896 - INFO: Training ROC-AUC: 1.000000
2026-01-08 15:16:21,896 - INFO: Validation ROC-AUC: 0.607745
2026-01-08 15:16:28,308 - INFO: Evaluating at iteration 4154
2026-01-08 15:16:28,811 - INFO: Loss: 0.277933
2026-01-08 15:16:28,811 - INFO: Training ROC-AUC: 0.812500
2026-01-08 15:16:28,811 - INFO: Validation ROC-AUC: 0.614151
2026-01-08 15:16:30,765 - INFO: Starting epoch 3
2026-01-08 15:16:30,779 - INFO: Evaluating at iteration 4307
2026-01-08 15:16:31,282 - INFO: Loss: 0.448635
2026-01-08 15:16:31,282 - INFO: Training ROC-AUC: 0.673077
2026-01-08 15:16:31,282 - INFO: Validation ROC-AUC: 0.612791
2026-01-08 15:16:37,751 - INFO: Evaluating at iteration 4807
2026-01-08 15:16:38,256 - INFO: Loss: 0.509489
2026-01-08 15:16:38,256 - INFO: Training ROC-AUC: 0.869565
2026-01-08 15:16:38,256 - INFO: Validation ROC-AUC: 0.608964
2026-01-08 15:16:44,666 - INFO: Evaluating at iteration 5307
2026-01-08 15:16:45,167 - INFO: Loss: 0.189128
2026-01-08 15:16:45,167 - INFO: Training ROC-AUC: 0.900000
2026-01-08 15:16:45,167 - INFO: Validation ROC-AUC: 0.611992
2026-01-08 15:16:51,723 - INFO: Evaluating at iteration 5807
2026-01-08 15:16:52,224 - INFO: Loss: 0.242343
2026-01-08 15:16:52,224 - INFO: Training ROC-AUC: 0.911111
2026-01-08 15:16:52,224 - INFO: Validation ROC-AUC: 0.609112
2026-01-08 15:16:58,632 - INFO: Evaluating at iteration 6307
2026-01-08 15:16:59,133 - INFO: Loss: 0.101097
2026-01-08 15:16:59,133 - INFO: Training ROC-AUC: 1.000000
2026-01-08 15:16:59,133 - INFO: Validation ROC-AUC: 0.612297
2026-01-08 15:17:01,089 - INFO: Starting epoch 4
2026-01-08 15:17:01,105 - INFO: Evaluating at iteration 6460
2026-01-08 15:17:01,608 - INFO: Loss: 0.190392
2026-01-08 15:17:01,608 - INFO: Training ROC-AUC: 0.850000
2026-01-08 15:17:01,608 - INFO: Validation ROC-AUC: 0.617124
2026-01-08 15:17:08,055 - INFO: Evaluating at iteration 6960
2026-01-08 15:17:08,559 - INFO: Loss: 0.256898
2026-01-08 15:17:08,559 - INFO: Training ROC-AUC: 0.937143
2026-01-08 15:17:08,559 - INFO: Validation ROC-AUC: 0.620347
2026-01-08 15:17:14,960 - INFO: Evaluating at iteration 7460
2026-01-08 15:17:15,460 - INFO: Loss: 0.229887
2026-01-08 15:17:15,461 - INFO: Training ROC-AUC: 0.974359
2026-01-08 15:17:15,461 - INFO: Validation ROC-AUC: 0.618044
2026-01-08 15:17:21,965 - INFO: Evaluating at iteration 7960
2026-01-08 15:17:22,470 - INFO: Loss: 0.179414
2026-01-08 15:17:22,471 - INFO: Training ROC-AUC: 0.919643
2026-01-08 15:17:22,471 - INFO: Validation ROC-AUC: 0.615389
2026-01-08 15:17:28,896 - INFO: Evaluating at iteration 8460
2026-01-08 15:17:29,405 - INFO: Loss: 0.210052
2026-01-08 15:17:29,405 - INFO: Training ROC-AUC: 0.942857
2026-01-08 15:17:29,405 - INFO: Validation ROC-AUC: 0.616781
2026-01-08 15:17:31,377 - INFO: Starting epoch 5
2026-01-08 15:17:31,390 - INFO: Evaluating at iteration 8613
2026-01-08 15:17:31,893 - INFO: Loss: 0.390739
2026-01-08 15:17:31,893 - INFO: Training ROC-AUC: 0.877273
2026-01-08 15:17:31,893 - INFO: Validation ROC-AUC: 0.612397
2026-01-08 15:17:38,351 - INFO: Evaluating at iteration 9113
2026-01-08 15:17:38,856 - INFO: Loss: 0.219202
2026-01-08 15:17:38,856 - INFO: Training ROC-AUC: 0.896552
2026-01-08 15:17:38,856 - INFO: Validation ROC-AUC: 0.619416
2026-01-08 15:17:45,297 - INFO: Evaluating at iteration 9613
2026-01-08 15:17:45,802 - INFO: Loss: 0.231573
2026-01-08 15:17:45,802 - INFO: Training ROC-AUC: 0.919643
2026-01-08 15:17:45,802 - INFO: Validation ROC-AUC: 0.618361
2026-01-08 15:17:52,337 - INFO: Evaluating at iteration 10113
2026-01-08 15:17:52,839 - INFO: Loss: 0.242966
2026-01-08 15:17:52,840 - INFO: Training ROC-AUC: 0.925926
2026-01-08 15:17:52,840 - INFO: Validation ROC-AUC: 0.623502
2026-01-08 15:17:59,282 - INFO: Evaluating at iteration 10613
2026-01-08 15:17:59,786 - INFO: Loss: 0.286151
2026-01-08 15:17:59,786 - INFO: Training ROC-AUC: 0.830357
2026-01-08 15:17:59,786 - INFO: Validation ROC-AUC: 0.619810
2026-01-08 15:18:01,764 - INFO: Starting epoch 6
2026-01-08 15:18:01,778 - INFO: Evaluating at iteration 10766
2026-01-08 15:18:02,280 - INFO: Loss: 0.192251
2026-01-08 15:18:02,281 - INFO: Training ROC-AUC: 0.955128
2026-01-08 15:18:02,281 - INFO: Validation ROC-AUC: 0.620544
2026-01-08 15:18:08,780 - INFO: Evaluating at iteration 11266
2026-01-08 15:18:09,292 - INFO: Loss: 0.189163
2026-01-08 15:18:09,292 - INFO: Training ROC-AUC: 0.987179
2026-01-08 15:18:09,292 - INFO: Validation ROC-AUC: 0.620166
2026-01-08 15:18:15,776 - INFO: Evaluating at iteration 11766
2026-01-08 15:18:16,287 - INFO: Loss: 0.166694
2026-01-08 15:18:16,287 - INFO: Training ROC-AUC: 0.966667
2026-01-08 15:18:16,287 - INFO: Validation ROC-AUC: 0.618773
2026-01-08 15:18:22,847 - INFO: Evaluating at iteration 12266
2026-01-08 15:18:23,380 - INFO: Loss: 0.375092
2026-01-08 15:18:23,380 - INFO: Training ROC-AUC: 0.859375
2026-01-08 15:18:23,380 - INFO: Validation ROC-AUC: 0.619259
2026-01-08 15:18:29,832 - INFO: Evaluating at iteration 12766
2026-01-08 15:18:30,337 - INFO: Loss: 0.231300
2026-01-08 15:18:30,337 - INFO: Training ROC-AUC: 0.925926
2026-01-08 15:18:30,337 - INFO: Validation ROC-AUC: 0.617641
2026-01-08 15:18:32,311 - INFO: Starting epoch 7
2026-01-08 15:18:32,325 - INFO: Evaluating at iteration 12919
2026-01-08 15:18:32,826 - INFO: Loss: 0.202617
2026-01-08 15:18:32,826 - INFO: Training ROC-AUC: 0.973214
2026-01-08 15:18:32,826 - INFO: Validation ROC-AUC: 0.621588
2026-01-08 15:18:39,270 - INFO: Evaluating at iteration 13419
2026-01-08 15:18:39,770 - INFO: Loss: 0.162813
2026-01-08 15:18:39,770 - INFO: Training ROC-AUC: 0.916667
2026-01-08 15:18:39,770 - INFO: Validation ROC-AUC: 0.622212
2026-01-08 15:18:46,251 - INFO: Evaluating at iteration 13919
2026-01-08 15:18:46,754 - INFO: Loss: 0.316468
2026-01-08 15:18:46,754 - INFO: Training ROC-AUC: 0.946860
2026-01-08 15:18:46,754 - INFO: Validation ROC-AUC: 0.610697
2026-01-08 15:18:53,282 - INFO: Evaluating at iteration 14419
2026-01-08 15:18:53,785 - INFO: Loss: 0.208499
2026-01-08 15:18:53,785 - INFO: Training ROC-AUC: 0.901786
2026-01-08 15:18:53,785 - INFO: Validation ROC-AUC: 0.616167
2026-01-08 15:19:00,251 - INFO: Evaluating at iteration 14919
2026-01-08 15:19:00,750 - INFO: Loss: 0.147127
2026-01-08 15:19:00,751 - INFO: Training ROC-AUC: 0.931034
2026-01-08 15:19:00,751 - INFO: Validation ROC-AUC: 0.619238
2026-01-08 15:19:02,734 - INFO: Starting epoch 8
2026-01-08 15:19:02,748 - INFO: Evaluating at iteration 15072
2026-01-08 15:19:03,249 - INFO: Loss: 0.301408
2026-01-08 15:19:03,250 - INFO: Training ROC-AUC: 0.891026
2026-01-08 15:19:03,250 - INFO: Validation ROC-AUC: 0.621989
2026-01-08 15:19:09,714 - INFO: Evaluating at iteration 15572
2026-01-08 15:19:10,218 - INFO: Loss: 0.475557
2026-01-08 15:19:10,218 - INFO: Training ROC-AUC: 0.845455
2026-01-08 15:19:10,218 - INFO: Validation ROC-AUC: 0.621788
2026-01-08 15:19:16,681 - INFO: Evaluating at iteration 16072
2026-01-08 15:19:17,203 - INFO: Loss: 0.166463
2026-01-08 15:19:17,203 - INFO: Training ROC-AUC: 0.919540
2026-01-08 15:19:17,203 - INFO: Validation ROC-AUC: 0.620007
2026-01-08 15:19:23,766 - INFO: Evaluating at iteration 16572
2026-01-08 15:19:24,267 - INFO: Loss: 0.263419
2026-01-08 15:19:24,267 - INFO: Training ROC-AUC: 0.974359
2026-01-08 15:19:24,268 - INFO: Validation ROC-AUC: 0.617764
2026-01-08 15:19:30,743 - INFO: Evaluating at iteration 17072
2026-01-08 15:19:31,241 - INFO: Loss: 0.122645
2026-01-08 15:19:31,241 - INFO: Training ROC-AUC: 0.916667
2026-01-08 15:19:31,241 - INFO: Validation ROC-AUC: 0.622110
2026-01-08 15:19:33,215 - INFO: Starting epoch 9
2026-01-08 15:19:33,229 - INFO: Evaluating at iteration 17225
2026-01-08 15:19:33,730 - INFO: Loss: 0.246050
2026-01-08 15:19:33,730 - INFO: Training ROC-AUC: 0.954167
2026-01-08 15:19:33,730 - INFO: Validation ROC-AUC: 0.619292
2026-01-08 15:19:40,195 - INFO: Evaluating at iteration 17725
2026-01-08 15:19:40,701 - INFO: Loss: 0.218621
2026-01-08 15:19:40,701 - INFO: Training ROC-AUC: 0.940741
2026-01-08 15:19:40,701 - INFO: Validation ROC-AUC: 0.614559
2026-01-08 15:19:47,172 - INFO: Evaluating at iteration 18225
2026-01-08 15:19:47,691 - INFO: Loss: 0.109146
2026-01-08 15:19:47,691 - INFO: Training ROC-AUC: 0.990338
2026-01-08 15:19:47,691 - INFO: Validation ROC-AUC: 0.619859
2026-01-08 15:19:54,221 - INFO: Evaluating at iteration 18725
2026-01-08 15:19:54,735 - INFO: Loss: 0.312267
2026-01-08 15:19:54,736 - INFO: Training ROC-AUC: 0.803571
2026-01-08 15:19:54,736 - INFO: Validation ROC-AUC: 0.620837
2026-01-08 15:20:01,195 - INFO: Evaluating at iteration 19225
2026-01-08 15:20:01,698 - INFO: Loss: 0.263902
2026-01-08 15:20:01,699 - INFO: Training ROC-AUC: 0.951691
2026-01-08 15:20:01,699 - INFO: Validation ROC-AUC: 0.621166
2026-01-08 15:20:03,675 - INFO: Starting epoch 10
2026-01-08 15:20:03,689 - INFO: Evaluating at iteration 19378
2026-01-08 15:20:04,194 - INFO: Loss: 0.165765
2026-01-08 15:20:04,194 - INFO: Training ROC-AUC: 0.973214
2026-01-08 15:20:04,194 - INFO: Validation ROC-AUC: 0.623600
2026-01-08 15:20:10,688 - INFO: Evaluating at iteration 19878
2026-01-08 15:20:11,189 - INFO: Loss: 0.246379
2026-01-08 15:20:11,189 - INFO: Training ROC-AUC: 0.916667
2026-01-08 15:20:11,189 - INFO: Validation ROC-AUC: 0.623184
2026-01-08 15:20:17,643 - INFO: Evaluating at iteration 20378
2026-01-08 15:20:18,146 - INFO: Loss: 0.220881
2026-01-08 15:20:18,147 - INFO: Training ROC-AUC: 0.862069
2026-01-08 15:20:18,147 - INFO: Validation ROC-AUC: 0.620497
2026-01-08 15:20:24,701 - INFO: Evaluating at iteration 20878
2026-01-08 15:20:25,204 - INFO: Loss: 0.440279
2026-01-08 15:20:25,205 - INFO: Training ROC-AUC: 0.895455
2026-01-08 15:20:25,205 - INFO: Validation ROC-AUC: 0.614679
2026-01-08 15:20:31,686 - INFO: Evaluating at iteration 21378
2026-01-08 15:20:32,203 - INFO: Loss: 0.148686
2026-01-08 15:20:32,203 - INFO: Training ROC-AUC: 0.900000
2026-01-08 15:20:32,203 - INFO: Validation ROC-AUC: 0.615061
2026-01-08 15:20:34,184 - INFO: Starting epoch 11
2026-01-08 15:20:34,198 - INFO: Evaluating at iteration 21531
2026-01-08 15:20:34,701 - INFO: Loss: 0.151478
2026-01-08 15:20:34,701 - INFO: Training ROC-AUC: 0.977778
2026-01-08 15:20:34,701 - INFO: Validation ROC-AUC: 0.621178
2026-01-08 15:20:41,185 - INFO: Evaluating at iteration 22031
2026-01-08 15:20:41,688 - INFO: Loss: 0.178427
2026-01-08 15:20:41,688 - INFO: Training ROC-AUC: 0.987179
2026-01-08 15:20:41,688 - INFO: Validation ROC-AUC: 0.619115
2026-01-08 15:20:48,172 - INFO: Evaluating at iteration 22531
2026-01-08 15:20:48,671 - INFO: Loss: 0.040924
2026-01-08 15:20:48,671 - INFO: Training ROC-AUC: 1.000000
2026-01-08 15:20:48,671 - INFO: Validation ROC-AUC: 0.615102
2026-01-08 15:20:55,264 - INFO: Evaluating at iteration 23031
2026-01-08 15:20:55,781 - INFO: Loss: 0.234557
2026-01-08 15:20:55,781 - INFO: Training ROC-AUC: 0.958333
2026-01-08 15:20:55,781 - INFO: Validation ROC-AUC: 0.617709
2026-01-08 15:21:02,264 - INFO: Evaluating at iteration 23531
2026-01-08 15:21:02,767 - INFO: Loss: 0.332352
2026-01-08 15:21:02,767 - INFO: Training ROC-AUC: 0.927273
2026-01-08 15:21:02,767 - INFO: Validation ROC-AUC: 0.619654
2026-01-08 15:21:04,757 - INFO: Starting epoch 12
2026-01-08 15:21:04,772 - INFO: Evaluating at iteration 23684
2026-01-08 15:21:05,273 - INFO: Loss: 0.149491
2026-01-08 15:21:05,273 - INFO: Training ROC-AUC: 0.974359
2026-01-08 15:21:05,273 - INFO: Validation ROC-AUC: 0.620343
2026-01-08 15:21:11,770 - INFO: Evaluating at iteration 24184
2026-01-08 15:21:12,274 - INFO: Loss: 0.290269
2026-01-08 15:21:12,274 - INFO: Training ROC-AUC: 0.927083
2026-01-08 15:21:12,274 - INFO: Validation ROC-AUC: 0.612819
2026-01-08 15:21:18,781 - INFO: Evaluating at iteration 24684
2026-01-08 15:21:19,290 - INFO: Loss: 0.377139
2026-01-08 15:21:19,290 - INFO: Training ROC-AUC: 0.908213
2026-01-08 15:21:19,290 - INFO: Validation ROC-AUC: 0.615887
2026-01-08 15:21:25,922 - INFO: Evaluating at iteration 25184
2026-01-08 15:21:26,422 - INFO: Loss: 0.184673
2026-01-08 15:21:26,422 - INFO: Training ROC-AUC: 0.954023
2026-01-08 15:21:26,422 - INFO: Validation ROC-AUC: 0.615957
2026-01-08 15:21:32,935 - INFO: Evaluating at iteration 25684
2026-01-08 15:21:33,452 - INFO: Loss: 0.139724
2026-01-08 15:21:33,453 - INFO: Training ROC-AUC: 1.000000
2026-01-08 15:21:33,453 - INFO: Validation ROC-AUC: 0.618204
2026-01-08 15:21:35,443 - INFO: Starting epoch 13
2026-01-08 15:21:35,457 - INFO: Evaluating at iteration 25837
2026-01-08 15:21:35,962 - INFO: Loss: 0.212482
2026-01-08 15:21:35,962 - INFO: Training ROC-AUC: 0.935897
2026-01-08 15:21:35,962 - INFO: Validation ROC-AUC: 0.617957
2026-01-08 15:21:42,507 - INFO: Evaluating at iteration 26337
2026-01-08 15:21:43,006 - INFO: Loss: 0.164325
2026-01-08 15:21:43,006 - INFO: Training ROC-AUC: 0.965517
2026-01-08 15:21:43,006 - INFO: Validation ROC-AUC: 0.615298
2026-01-08 15:21:49,526 - INFO: Evaluating at iteration 26837
2026-01-08 15:21:50,026 - INFO: Loss: 0.227171
2026-01-08 15:21:50,027 - INFO: Training ROC-AUC: 0.955128
2026-01-08 15:21:50,027 - INFO: Validation ROC-AUC: 0.614070
2026-01-08 15:21:56,675 - INFO: Evaluating at iteration 27337
2026-01-08 15:21:57,175 - INFO: Loss: 0.243684
2026-01-08 15:21:57,175 - INFO: Training ROC-AUC: 0.955128
2026-01-08 15:21:57,175 - INFO: Validation ROC-AUC: 0.618947
2026-01-08 15:22:03,688 - INFO: Evaluating at iteration 27837
2026-01-08 15:22:04,187 - INFO: Loss: 0.259991
2026-01-08 15:22:04,188 - INFO: Training ROC-AUC: 0.914286
2026-01-08 15:22:04,188 - INFO: Validation ROC-AUC: 0.617594
2026-01-08 15:22:06,183 - INFO: Starting epoch 14
2026-01-08 15:22:06,197 - INFO: Evaluating at iteration 27990
2026-01-08 15:22:06,701 - INFO: Loss: 0.080438
2026-01-08 15:22:06,701 - INFO: Training ROC-AUC: 1.000000
2026-01-08 15:22:06,701 - INFO: Validation ROC-AUC: 0.615226
2026-01-08 15:22:13,264 - INFO: Evaluating at iteration 28490
2026-01-08 15:22:13,765 - INFO: Loss: 0.244222
2026-01-08 15:22:13,765 - INFO: Training ROC-AUC: 0.903704
2026-01-08 15:22:13,765 - INFO: Validation ROC-AUC: 0.619954
2026-01-08 15:22:20,315 - INFO: Evaluating at iteration 28990
2026-01-08 15:22:20,814 - INFO: Loss: 0.178778
2026-01-08 15:22:20,814 - INFO: Training ROC-AUC: 0.933333
2026-01-08 15:22:20,814 - INFO: Validation ROC-AUC: 0.618123
2026-01-08 15:22:27,447 - INFO: Evaluating at iteration 29490
2026-01-08 15:22:27,949 - INFO: Loss: 0.098536
2026-01-08 15:22:27,949 - INFO: Training ROC-AUC: 1.000000
2026-01-08 15:22:27,949 - INFO: Validation ROC-AUC: 0.616369
2026-01-08 15:22:34,489 - INFO: Evaluating at iteration 29990
2026-01-08 15:22:34,991 - INFO: Loss: 0.194179
2026-01-08 15:22:34,991 - INFO: Training ROC-AUC: 0.948571
2026-01-08 15:22:34,991 - INFO: Validation ROC-AUC: 0.612456
2026-01-08 15:22:36,987 - INFO: Starting epoch 15
2026-01-08 15:22:37,002 - INFO: Evaluating at iteration 30143
2026-01-08 15:22:37,504 - INFO: Loss: 0.136323
2026-01-08 15:22:37,504 - INFO: Training ROC-AUC: 0.973214
2026-01-08 15:22:37,504 - INFO: Validation ROC-AUC: 0.615320
2026-01-08 15:22:44,065 - INFO: Evaluating at iteration 30643
2026-01-08 15:22:44,567 - INFO: Loss: 0.306681
2026-01-08 15:22:44,567 - INFO: Training ROC-AUC: 0.807407
2026-01-08 15:22:44,567 - INFO: Validation ROC-AUC: 0.612291
2026-01-08 15:22:51,108 - INFO: Evaluating at iteration 31143
2026-01-08 15:22:51,609 - INFO: Loss: 0.265331
2026-01-08 15:22:51,609 - INFO: Training ROC-AUC: 0.781609
2026-01-08 15:22:51,609 - INFO: Validation ROC-AUC: 0.616900
2026-01-08 15:22:58,333 - INFO: Evaluating at iteration 31643
2026-01-08 15:22:58,835 - INFO: Loss: 0.084144
2026-01-08 15:22:58,835 - INFO: Training ROC-AUC: 1.000000
2026-01-08 15:22:58,835 - INFO: Validation ROC-AUC: 0.614527
2026-01-08 15:23:05,422 - INFO: Evaluating at iteration 32143
2026-01-08 15:23:05,930 - INFO: Loss: 0.263536
2026-01-08 15:23:05,930 - INFO: Training ROC-AUC: 0.981818
2026-01-08 15:23:05,931 - INFO: Validation ROC-AUC: 0.611735
2026-01-08 15:23:07,948 - INFO: Starting epoch 16
2026-01-08 15:23:07,962 - INFO: Evaluating at iteration 32296
2026-01-08 15:23:08,464 - INFO: Loss: 0.283295
2026-01-08 15:23:08,464 - INFO: Training ROC-AUC: 0.804598
2026-01-08 15:23:08,464 - INFO: Validation ROC-AUC: 0.616913
2026-01-08 15:23:15,028 - INFO: Evaluating at iteration 32796
2026-01-08 15:23:15,528 - INFO: Loss: 0.135120
2026-01-08 15:23:15,528 - INFO: Training ROC-AUC: 0.950000
2026-01-08 15:23:15,528 - INFO: Validation ROC-AUC: 0.613642
2026-01-08 15:23:22,096 - INFO: Evaluating at iteration 33296
2026-01-08 15:23:22,598 - INFO: Loss: 0.153960
2026-01-08 15:23:22,598 - INFO: Training ROC-AUC: 0.985507
2026-01-08 15:23:22,598 - INFO: Validation ROC-AUC: 0.616368
2026-01-08 15:23:29,284 - INFO: Evaluating at iteration 33796
2026-01-08 15:23:29,782 - INFO: Loss: 0.175273
2026-01-08 15:23:29,782 - INFO: Training ROC-AUC: 0.968750
2026-01-08 15:23:29,782 - INFO: Validation ROC-AUC: 0.615338
2026-01-08 15:23:36,407 - INFO: Evaluating at iteration 34296
2026-01-08 15:23:36,908 - INFO: Loss: 0.179829
2026-01-08 15:23:36,908 - INFO: Training ROC-AUC: 0.988571
2026-01-08 15:23:36,908 - INFO: Validation ROC-AUC: 0.622264
2026-01-08 15:23:38,921 - INFO: Starting epoch 17
2026-01-08 15:23:38,936 - INFO: Evaluating at iteration 34449
2026-01-08 15:23:39,436 - INFO: Loss: 0.215975
2026-01-08 15:23:39,437 - INFO: Training ROC-AUC: 0.980676
2026-01-08 15:23:39,437 - INFO: Validation ROC-AUC: 0.620332
2026-01-08 15:23:46,041 - INFO: Evaluating at iteration 34949
2026-01-08 15:23:46,543 - INFO: Loss: 0.263383
2026-01-08 15:23:46,543 - INFO: Training ROC-AUC: 0.916667
2026-01-08 15:23:46,543 - INFO: Validation ROC-AUC: 0.614939
2026-01-08 15:23:53,185 - INFO: Evaluating at iteration 35449
2026-01-08 15:23:53,704 - INFO: Loss: 0.155820
2026-01-08 15:23:53,704 - INFO: Training ROC-AUC: 0.866667
2026-01-08 15:23:53,704 - INFO: Validation ROC-AUC: 0.613137
2026-01-08 15:24:00,411 - INFO: Evaluating at iteration 35949
2026-01-08 15:24:00,912 - INFO: Loss: 0.194506
2026-01-08 15:24:00,912 - INFO: Training ROC-AUC: 0.940741
2026-01-08 15:24:00,912 - INFO: Validation ROC-AUC: 0.615264
2026-01-08 15:24:07,540 - INFO: Evaluating at iteration 36449
2026-01-08 15:24:08,044 - INFO: Loss: 0.105981
2026-01-08 15:24:08,044 - INFO: Training ROC-AUC: 0.977778
2026-01-08 15:24:08,044 - INFO: Validation ROC-AUC: 0.613023
2026-01-08 15:24:10,066 - INFO: Starting epoch 18
2026-01-08 15:24:10,080 - INFO: Evaluating at iteration 36602
2026-01-08 15:24:10,582 - INFO: Loss: 0.234137
2026-01-08 15:24:10,582 - INFO: Training ROC-AUC: 0.942708
2026-01-08 15:24:10,582 - INFO: Validation ROC-AUC: 0.613529
2026-01-08 15:24:17,191 - INFO: Evaluating at iteration 37102
2026-01-08 15:24:17,694 - INFO: Loss: 0.163348
2026-01-08 15:24:17,694 - INFO: Training ROC-AUC: 0.955556
2026-01-08 15:24:17,694 - INFO: Validation ROC-AUC: 0.609443
2026-01-08 15:24:24,316 - INFO: Evaluating at iteration 37602
2026-01-08 15:24:24,820 - INFO: Loss: 0.172699
2026-01-08 15:24:24,821 - INFO: Training ROC-AUC: 0.985507
2026-01-08 15:24:24,821 - INFO: Validation ROC-AUC: 0.605455
2026-01-08 15:24:31,507 - INFO: Evaluating at iteration 38102
2026-01-08 15:24:32,008 - INFO: Loss: 0.265386
2026-01-08 15:24:32,008 - INFO: Training ROC-AUC: 0.884615
2026-01-08 15:24:32,008 - INFO: Validation ROC-AUC: 0.613701
2026-01-08 15:24:38,681 - INFO: Evaluating at iteration 38602
2026-01-08 15:24:39,184 - INFO: Loss: 0.234985
2026-01-08 15:24:39,184 - INFO: Training ROC-AUC: 0.888889
2026-01-08 15:24:39,184 - INFO: Validation ROC-AUC: 0.618497
2026-01-08 15:24:41,225 - INFO: Starting epoch 19
2026-01-08 15:24:41,240 - INFO: Evaluating at iteration 38755
2026-01-08 15:24:41,742 - INFO: Loss: 0.204226
2026-01-08 15:24:41,742 - INFO: Training ROC-AUC: 0.966184
2026-01-08 15:24:41,742 - INFO: Validation ROC-AUC: 0.616262
2026-01-08 15:24:48,408 - INFO: Evaluating at iteration 39255
2026-01-08 15:24:48,912 - INFO: Loss: 0.193990
2026-01-08 15:24:48,912 - INFO: Training ROC-AUC: 0.925926
2026-01-08 15:24:48,912 - INFO: Validation ROC-AUC: 0.613008
2026-01-08 15:24:55,649 - INFO: Evaluating at iteration 39755
2026-01-08 15:24:56,149 - INFO: Loss: 0.294281
2026-01-08 15:24:56,149 - INFO: Training ROC-AUC: 0.942308
2026-01-08 15:24:56,149 - INFO: Validation ROC-AUC: 0.611482
2026-01-08 15:25:02,919 - INFO: Evaluating at iteration 40255
2026-01-08 15:25:03,425 - INFO: Loss: 0.225291
2026-01-08 15:25:03,425 - INFO: Training ROC-AUC: 0.948718
2026-01-08 15:25:03,425 - INFO: Validation ROC-AUC: 0.615481
2026-01-08 15:25:10,153 - INFO: Evaluating at iteration 40755
2026-01-08 15:25:10,668 - INFO: Loss: 0.139212
2026-01-08 15:25:10,668 - INFO: Training ROC-AUC: 0.985185
2026-01-08 15:25:10,668 - INFO: Validation ROC-AUC: 0.612963
2026-01-08 15:25:12,718 - INFO: Starting epoch 20
2026-01-08 15:25:12,732 - INFO: Evaluating at iteration 40908
2026-01-08 15:25:13,234 - INFO: Loss: 0.143054
2026-01-08 15:25:13,234 - INFO: Training ROC-AUC: 0.989583
2026-01-08 15:25:13,234 - INFO: Validation ROC-AUC: 0.618481
2026-01-08 15:25:20,015 - INFO: Evaluating at iteration 41408
2026-01-08 15:25:20,527 - INFO: Loss: 0.259722
2026-01-08 15:25:20,527 - INFO: Training ROC-AUC: 0.888889
2026-01-08 15:25:20,528 - INFO: Validation ROC-AUC: 0.612894
2026-01-08 15:25:27,284 - INFO: Evaluating at iteration 41908
2026-01-08 15:25:27,785 - INFO: Loss: 0.212947
2026-01-08 15:25:27,785 - INFO: Training ROC-AUC: 0.965714
2026-01-08 15:25:27,785 - INFO: Validation ROC-AUC: 0.612990
2026-01-08 15:25:34,564 - INFO: Evaluating at iteration 42408
2026-01-08 15:25:35,067 - INFO: Loss: 0.315731
2026-01-08 15:25:35,067 - INFO: Training ROC-AUC: 0.931429
2026-01-08 15:25:35,067 - INFO: Validation ROC-AUC: 0.610841
2026-01-08 15:25:41,760 - INFO: Evaluating at iteration 42908
2026-01-08 15:25:42,261 - INFO: Loss: 0.180772
2026-01-08 15:25:42,261 - INFO: Training ROC-AUC: 0.910714
2026-01-08 15:25:42,261 - INFO: Validation ROC-AUC: 0.613826
2026-01-08 15:25:44,306 - INFO: Starting epoch 21
2026-01-08 15:25:44,321 - INFO: Evaluating at iteration 43061
2026-01-08 15:25:44,822 - INFO: Loss: 0.554562
2026-01-08 15:25:44,822 - INFO: Training ROC-AUC: 0.692308
2026-01-08 15:25:44,822 - INFO: Validation ROC-AUC: 0.611580
2026-01-08 15:25:51,572 - INFO: Evaluating at iteration 43561
2026-01-08 15:25:52,074 - INFO: Loss: 0.231305
2026-01-08 15:25:52,074 - INFO: Training ROC-AUC: 0.937500
2026-01-08 15:25:52,074 - INFO: Validation ROC-AUC: 0.613513
2026-01-08 15:25:58,809 - INFO: Evaluating at iteration 44061
2026-01-08 15:25:59,311 - INFO: Loss: 0.243008
2026-01-08 15:25:59,311 - INFO: Training ROC-AUC: 0.910256
2026-01-08 15:25:59,311 - INFO: Validation ROC-AUC: 0.615339
2026-01-08 15:26:06,136 - INFO: Evaluating at iteration 44561
2026-01-08 15:26:06,661 - INFO: Loss: 0.087808
2026-01-08 15:26:06,662 - INFO: Training ROC-AUC: 1.000000
2026-01-08 15:26:06,662 - INFO: Validation ROC-AUC: 0.612040
2026-01-08 15:26:13,390 - INFO: Evaluating at iteration 45061
2026-01-08 15:26:13,899 - INFO: Loss: 0.132918
2026-01-08 15:26:13,899 - INFO: Training ROC-AUC: 0.977778
2026-01-08 15:26:13,899 - INFO: Validation ROC-AUC: 0.612036
2026-01-08 15:26:15,950 - INFO: Starting epoch 22
2026-01-08 15:26:15,965 - INFO: Evaluating at iteration 45214
2026-01-08 15:26:16,465 - INFO: Loss: 0.173722
2026-01-08 15:26:16,465 - INFO: Training ROC-AUC: 0.973214
2026-01-08 15:26:16,465 - INFO: Validation ROC-AUC: 0.611799
2026-01-08 15:26:23,179 - INFO: Evaluating at iteration 45714
2026-01-08 15:26:23,682 - INFO: Loss: 0.135211
2026-01-08 15:26:23,682 - INFO: Training ROC-AUC: 0.991071
2026-01-08 15:26:23,682 - INFO: Validation ROC-AUC: 0.617416
2026-01-08 15:26:30,404 - INFO: Evaluating at iteration 46214
2026-01-08 15:26:30,904 - INFO: Loss: 0.088751
2026-01-08 15:26:30,904 - INFO: Training ROC-AUC: 1.000000
2026-01-08 15:26:30,904 - INFO: Validation ROC-AUC: 0.619460
2026-01-08 15:26:37,800 - INFO: Evaluating at iteration 46714
2026-01-08 15:26:38,304 - INFO: Loss: 0.046620
2026-01-08 15:26:38,305 - INFO: Training ROC-AUC: 1.000000
2026-01-08 15:26:38,305 - INFO: Validation ROC-AUC: 0.609941
2026-01-08 15:26:45,072 - INFO: Evaluating at iteration 47214
2026-01-08 15:26:45,571 - INFO: Loss: 0.254258
2026-01-08 15:26:45,571 - INFO: Training ROC-AUC: 0.910256
2026-01-08 15:26:45,571 - INFO: Validation ROC-AUC: 0.609924
2026-01-08 15:26:47,634 - INFO: Starting epoch 23
2026-01-08 15:26:47,648 - INFO: Evaluating at iteration 47367
2026-01-08 15:26:48,150 - INFO: Loss: 0.154694
2026-01-08 15:26:48,151 - INFO: Training ROC-AUC: 0.980769
2026-01-08 15:26:48,151 - INFO: Validation ROC-AUC: 0.610613
2026-01-08 15:26:54,975 - INFO: Evaluating at iteration 47867
2026-01-08 15:26:55,477 - INFO: Loss: 0.174143
2026-01-08 15:26:55,477 - INFO: Training ROC-AUC: 0.970370
2026-01-08 15:26:55,477 - INFO: Validation ROC-AUC: 0.610511
2026-01-08 15:27:02,267 - INFO: Evaluating at iteration 48367
2026-01-08 15:27:02,773 - INFO: Loss: 0.134538
2026-01-08 15:27:02,773 - INFO: Training ROC-AUC: 1.000000
2026-01-08 15:27:02,773 - INFO: Validation ROC-AUC: 0.607315
2026-01-08 15:27:09,661 - INFO: Evaluating at iteration 48867
2026-01-08 15:27:10,159 - INFO: Loss: 0.295023
2026-01-08 15:27:10,159 - INFO: Training ROC-AUC: 0.948571
2026-01-08 15:27:10,160 - INFO: Validation ROC-AUC: 0.612029
2026-01-08 15:27:16,891 - INFO: Evaluating at iteration 49367
2026-01-08 15:27:17,393 - INFO: Loss: 0.127505
2026-01-08 15:27:17,393 - INFO: Training ROC-AUC: 0.982143
2026-01-08 15:27:17,393 - INFO: Validation ROC-AUC: 0.618413
2026-01-08 15:27:19,479 - INFO: Starting epoch 24
2026-01-08 15:27:19,494 - INFO: Evaluating at iteration 49520
2026-01-08 15:27:20,006 - INFO: Loss: 0.121654
2026-01-08 15:27:20,006 - INFO: Training ROC-AUC: 0.988571
2026-01-08 15:27:20,006 - INFO: Validation ROC-AUC: 0.615542
2026-01-08 15:27:26,789 - INFO: Evaluating at iteration 50020
2026-01-08 15:27:27,295 - INFO: Loss: 0.183725
2026-01-08 15:27:27,295 - INFO: Training ROC-AUC: 0.942308
2026-01-08 15:27:27,295 - INFO: Validation ROC-AUC: 0.612281
2026-01-08 15:27:34,168 - INFO: Evaluating at iteration 50520
2026-01-08 15:27:34,687 - INFO: Loss: 0.291500
2026-01-08 15:27:34,687 - INFO: Training ROC-AUC: 0.948718
2026-01-08 15:27:34,687 - INFO: Validation ROC-AUC: 0.615207
2026-01-08 15:27:41,465 - INFO: Evaluating at iteration 51020
2026-01-08 15:27:41,967 - INFO: Loss: 0.041227
2026-01-08 15:27:41,967 - INFO: Training ROC-AUC: 1.000000
2026-01-08 15:27:41,967 - INFO: Validation ROC-AUC: 0.611527
2026-01-08 15:27:48,752 - INFO: Evaluating at iteration 51520
2026-01-08 15:27:49,261 - INFO: Loss: 0.246397
2026-01-08 15:27:49,261 - INFO: Training ROC-AUC: 0.896296
2026-01-08 15:27:49,261 - INFO: Validation ROC-AUC: 0.607627
2026-01-08 15:27:51,350 - INFO: Starting epoch 25
2026-01-08 15:27:51,364 - INFO: Evaluating at iteration 51673
2026-01-08 15:27:51,871 - INFO: Loss: 0.235223
2026-01-08 15:27:51,871 - INFO: Training ROC-AUC: 0.929487
2026-01-08 15:27:51,871 - INFO: Validation ROC-AUC: 0.614454
2026-01-08 15:27:58,684 - INFO: Evaluating at iteration 52173
2026-01-08 15:27:59,187 - INFO: Loss: 0.064391
2026-01-08 15:27:59,188 - INFO: Training ROC-AUC: 1.000000
2026-01-08 15:27:59,188 - INFO: Validation ROC-AUC: 0.608315
2026-01-08 15:28:06,101 - INFO: Evaluating at iteration 52673
2026-01-08 15:28:06,606 - INFO: Loss: 0.202459
2026-01-08 15:28:06,606 - INFO: Training ROC-AUC: 0.928571
2026-01-08 15:28:06,606 - INFO: Validation ROC-AUC: 0.613800
2026-01-08 15:28:13,414 - INFO: Evaluating at iteration 53173
2026-01-08 15:28:13,944 - INFO: Loss: 0.076176
2026-01-08 15:28:13,944 - INFO: Training ROC-AUC: 1.000000
2026-01-08 15:28:13,944 - INFO: Validation ROC-AUC: 0.616857
2026-01-08 15:28:20,814 - INFO: Evaluating at iteration 53673
2026-01-08 15:28:21,322 - INFO: Loss: 0.151002
2026-01-08 15:28:21,322 - INFO: Training ROC-AUC: 0.916667
2026-01-08 15:28:21,322 - INFO: Validation ROC-AUC: 0.611537
2026-01-08 15:28:23,427 - INFO: Saving model to models/TCRStructMap_peptide_split_cdrs_peptide/model_2.pt
2026-01-08 15:28:23,457 - INFO: Starting fold 3
2026-01-08 15:28:23,596 - INFO: Initialising model
2026-01-08 15:28:23,601 - INFO: Starting training
2026-01-08 15:28:23,602 - INFO: Starting epoch 1
2026-01-08 15:28:23,616 - INFO: Evaluating at iteration 1
2026-01-08 15:28:24,371 - INFO: Loss: 0.698703
2026-01-08 15:28:24,371 - INFO: Training ROC-AUC: 0.526042
2026-01-08 15:28:24,371 - INFO: Validation ROC-AUC: 0.583023
2026-01-08 15:28:30,659 - INFO: Evaluating at iteration 501
2026-01-08 15:28:31,416 - INFO: Loss: 0.310276
2026-01-08 15:28:31,416 - INFO: Training ROC-AUC: 0.747126
2026-01-08 15:28:31,416 - INFO: Validation ROC-AUC: 0.280489
2026-01-08 15:28:37,858 - INFO: Evaluating at iteration 1001
2026-01-08 15:28:38,616 - INFO: Loss: 0.326159
2026-01-08 15:28:38,616 - INFO: Training ROC-AUC: 0.563218
2026-01-08 15:28:38,616 - INFO: Validation ROC-AUC: 0.285965
2026-01-08 15:28:44,986 - INFO: Evaluating at iteration 1501
2026-01-08 15:28:45,736 - INFO: Loss: 0.269067
2026-01-08 15:28:45,736 - INFO: Training ROC-AUC: 0.804598
2026-01-08 15:28:45,736 - INFO: Validation ROC-AUC: 0.498510
2026-01-08 15:28:51,097 - INFO: Starting epoch 2
2026-01-08 15:28:51,112 - INFO: Evaluating at iteration 1920
2026-01-08 15:28:51,870 - INFO: Loss: 0.178708
2026-01-08 15:28:51,871 - INFO: Training ROC-AUC: 0.709677
2026-01-08 15:28:51,871 - INFO: Validation ROC-AUC: 0.504949
2026-01-08 15:28:58,307 - INFO: Evaluating at iteration 2420
2026-01-08 15:28:59,063 - INFO: Loss: 0.356266
2026-01-08 15:28:59,063 - INFO: Training ROC-AUC: 0.852564
2026-01-08 15:28:59,063 - INFO: Validation ROC-AUC: 0.454328
2026-01-08 15:29:05,478 - INFO: Evaluating at iteration 2920
2026-01-08 15:29:06,297 - INFO: Loss: 0.401448
2026-01-08 15:29:06,297 - INFO: Training ROC-AUC: 0.737179
2026-01-08 15:29:06,297 - INFO: Validation ROC-AUC: 0.452607
2026-01-08 15:29:12,772 - INFO: Evaluating at iteration 3420
2026-01-08 15:29:13,530 - INFO: Loss: 0.270454
2026-01-08 15:29:13,530 - INFO: Training ROC-AUC: 0.851852
2026-01-08 15:29:13,530 - INFO: Validation ROC-AUC: 0.449205
2026-01-08 15:29:18,933 - INFO: Starting epoch 3
2026-01-08 15:29:18,951 - INFO: Evaluating at iteration 3839
2026-01-08 15:29:19,727 - INFO: Loss: 0.397737
2026-01-08 15:29:19,727 - INFO: Training ROC-AUC: 0.782857
2026-01-08 15:29:19,727 - INFO: Validation ROC-AUC: 0.460953
2026-01-08 15:29:26,226 - INFO: Evaluating at iteration 4339
2026-01-08 15:29:26,982 - INFO: Loss: 0.197055
2026-01-08 15:29:26,983 - INFO: Training ROC-AUC: 0.833333
2026-01-08 15:29:26,983 - INFO: Validation ROC-AUC: 0.468800
2026-01-08 15:29:33,492 - INFO: Evaluating at iteration 4839
2026-01-08 15:29:34,261 - INFO: Loss: 0.335984
2026-01-08 15:29:34,261 - INFO: Training ROC-AUC: 0.869792
2026-01-08 15:29:34,262 - INFO: Validation ROC-AUC: 0.474111
2026-01-08 15:29:40,824 - INFO: Evaluating at iteration 5339
2026-01-08 15:29:41,577 - INFO: Loss: 0.515703
2026-01-08 15:29:41,577 - INFO: Training ROC-AUC: 0.922727
2026-01-08 15:29:41,577 - INFO: Validation ROC-AUC: 0.485337
2026-01-08 15:29:46,989 - INFO: Starting epoch 4
2026-01-08 15:29:47,003 - INFO: Evaluating at iteration 5758
2026-01-08 15:29:47,758 - INFO: Loss: 0.201172
2026-01-08 15:29:47,758 - INFO: Training ROC-AUC: 0.965714
2026-01-08 15:29:47,758 - INFO: Validation ROC-AUC: 0.494044
2026-01-08 15:29:54,235 - INFO: Evaluating at iteration 6258
2026-01-08 15:29:54,994 - INFO: Loss: 0.278505
2026-01-08 15:29:54,994 - INFO: Training ROC-AUC: 0.712644
2026-01-08 15:29:54,994 - INFO: Validation ROC-AUC: 0.518065
2026-01-08 15:30:01,469 - INFO: Evaluating at iteration 6758
2026-01-08 15:30:02,227 - INFO: Loss: 0.141819
2026-01-08 15:30:02,227 - INFO: Training ROC-AUC: 1.000000
2026-01-08 15:30:02,227 - INFO: Validation ROC-AUC: 0.544621
2026-01-08 15:30:08,806 - INFO: Evaluating at iteration 7258
2026-01-08 15:30:09,562 - INFO: Loss: 0.159189
2026-01-08 15:30:09,562 - INFO: Training ROC-AUC: 0.935484
2026-01-08 15:30:09,562 - INFO: Validation ROC-AUC: 0.516567
2026-01-08 15:30:14,964 - INFO: Starting epoch 5
2026-01-08 15:30:14,978 - INFO: Evaluating at iteration 7677
2026-01-08 15:30:15,734 - INFO: Loss: 0.466758
2026-01-08 15:30:15,734 - INFO: Training ROC-AUC: 0.836364
2026-01-08 15:30:15,734 - INFO: Validation ROC-AUC: 0.516547
2026-01-08 15:30:22,336 - INFO: Evaluating at iteration 8177
2026-01-08 15:30:23,106 - INFO: Loss: 0.231192
2026-01-08 15:30:23,106 - INFO: Training ROC-AUC: 0.942308
2026-01-08 15:30:23,106 - INFO: Validation ROC-AUC: 0.538710
2026-01-08 15:30:29,595 - INFO: Evaluating at iteration 8677
2026-01-08 15:30:30,351 - INFO: Loss: 0.234723
2026-01-08 15:30:30,351 - INFO: Training ROC-AUC: 0.873563
2026-01-08 15:30:30,351 - INFO: Validation ROC-AUC: 0.541092
2026-01-08 15:30:36,866 - INFO: Evaluating at iteration 9177
2026-01-08 15:30:37,626 - INFO: Loss: 0.314171
2026-01-08 15:30:37,626 - INFO: Training ROC-AUC: 0.880208
2026-01-08 15:30:37,626 - INFO: Validation ROC-AUC: 0.527334
2026-01-08 15:30:43,116 - INFO: Starting epoch 6
2026-01-08 15:30:43,131 - INFO: Evaluating at iteration 9596
2026-01-08 15:30:43,880 - INFO: Loss: 0.274052
2026-01-08 15:30:43,880 - INFO: Training ROC-AUC: 0.916667
2026-01-08 15:30:43,880 - INFO: Validation ROC-AUC: 0.553756
2026-01-08 15:30:50,394 - INFO: Evaluating at iteration 10096
2026-01-08 15:30:51,148 - INFO: Loss: 0.368606
2026-01-08 15:30:51,148 - INFO: Training ROC-AUC: 0.820513
2026-01-08 15:30:51,148 - INFO: Validation ROC-AUC: 0.541488
2026-01-08 15:30:57,646 - INFO: Evaluating at iteration 10596
2026-01-08 15:30:58,405 - INFO: Loss: 0.170510
2026-01-08 15:30:58,406 - INFO: Training ROC-AUC: 0.903226
2026-01-08 15:30:58,406 - INFO: Validation ROC-AUC: 0.546941
2026-01-08 15:31:04,903 - INFO: Evaluating at iteration 11096
2026-01-08 15:31:05,661 - INFO: Loss: 0.323967
2026-01-08 15:31:05,661 - INFO: Training ROC-AUC: 0.776786
2026-01-08 15:31:05,661 - INFO: Validation ROC-AUC: 0.553696
2026-01-08 15:31:11,250 - INFO: Starting epoch 7
2026-01-08 15:31:11,264 - INFO: Evaluating at iteration 11515
2026-01-08 15:31:12,018 - INFO: Loss: 0.201772
2026-01-08 15:31:12,018 - INFO: Training ROC-AUC: 0.896552
2026-01-08 15:31:12,018 - INFO: Validation ROC-AUC: 0.567021
2026-01-08 15:31:18,506 - INFO: Evaluating at iteration 12015
2026-01-08 15:31:19,271 - INFO: Loss: 0.214285
2026-01-08 15:31:19,271 - INFO: Training ROC-AUC: 0.850575
2026-01-08 15:31:19,271 - INFO: Validation ROC-AUC: 0.549810
2026-01-08 15:31:25,787 - INFO: Evaluating at iteration 12515
2026-01-08 15:31:26,543 - INFO: Loss: 0.202094
2026-01-08 15:31:26,543 - INFO: Training ROC-AUC: 0.948148
2026-01-08 15:31:26,543 - INFO: Validation ROC-AUC: 0.581573
2026-01-08 15:31:33,038 - INFO: Evaluating at iteration 13015
2026-01-08 15:31:33,801 - INFO: Loss: 0.163173
2026-01-08 15:31:33,801 - INFO: Training ROC-AUC: 0.954023
2026-01-08 15:31:33,801 - INFO: Validation ROC-AUC: 0.546289
2026-01-08 15:31:39,228 - INFO: Starting epoch 8
2026-01-08 15:31:39,243 - INFO: Evaluating at iteration 13434
2026-01-08 15:31:40,061 - INFO: Loss: 0.209483
2026-01-08 15:31:40,061 - INFO: Training ROC-AUC: 0.967949
2026-01-08 15:31:40,061 - INFO: Validation ROC-AUC: 0.559912
2026-01-08 15:31:46,615 - INFO: Evaluating at iteration 13934
2026-01-08 15:31:47,370 - INFO: Loss: 0.298627
2026-01-08 15:31:47,370 - INFO: Training ROC-AUC: 0.925714
2026-01-08 15:31:47,370 - INFO: Validation ROC-AUC: 0.557269
2026-01-08 15:31:53,865 - INFO: Evaluating at iteration 14434
2026-01-08 15:31:54,617 - INFO: Loss: 0.227483
2026-01-08 15:31:54,618 - INFO: Training ROC-AUC: 0.955128
2026-01-08 15:31:54,618 - INFO: Validation ROC-AUC: 0.553295
2026-01-08 15:32:01,161 - INFO: Evaluating at iteration 14934
2026-01-08 15:32:01,916 - INFO: Loss: 0.232865
2026-01-08 15:32:01,916 - INFO: Training ROC-AUC: 0.923077
2026-01-08 15:32:01,916 - INFO: Validation ROC-AUC: 0.562646
2026-01-08 15:32:07,409 - INFO: Starting epoch 9
2026-01-08 15:32:07,423 - INFO: Evaluating at iteration 15353
2026-01-08 15:32:08,180 - INFO: Loss: 0.172956
2026-01-08 15:32:08,180 - INFO: Training ROC-AUC: 0.806452
2026-01-08 15:32:08,180 - INFO: Validation ROC-AUC: 0.562600
2026-01-08 15:32:14,803 - INFO: Evaluating at iteration 15853
2026-01-08 15:32:15,555 - INFO: Loss: 0.226162
2026-01-08 15:32:15,555 - INFO: Training ROC-AUC: 0.925926
2026-01-08 15:32:15,555 - INFO: Validation ROC-AUC: 0.554664
2026-01-08 15:32:22,064 - INFO: Evaluating at iteration 16353
2026-01-08 15:32:22,820 - INFO: Loss: 0.370412
2026-01-08 15:32:22,820 - INFO: Training ROC-AUC: 0.904762
2026-01-08 15:32:22,820 - INFO: Validation ROC-AUC: 0.609558
2026-01-08 15:32:29,364 - INFO: Evaluating at iteration 16853
2026-01-08 15:32:30,135 - INFO: Loss: 0.226453
2026-01-08 15:32:30,136 - INFO: Training ROC-AUC: 0.918519
2026-01-08 15:32:30,136 - INFO: Validation ROC-AUC: 0.584930
2026-01-08 15:32:35,613 - INFO: Starting epoch 10
2026-01-08 15:32:35,628 - INFO: Evaluating at iteration 17272
2026-01-08 15:32:36,394 - INFO: Loss: 0.343046
2026-01-08 15:32:36,394 - INFO: Training ROC-AUC: 0.956522
2026-01-08 15:32:36,394 - INFO: Validation ROC-AUC: 0.584937
2026-01-08 15:32:43,092 - INFO: Evaluating at iteration 17772
2026-01-08 15:32:43,843 - INFO: Loss: 0.215323
2026-01-08 15:32:43,843 - INFO: Training ROC-AUC: 0.911111
2026-01-08 15:32:43,843 - INFO: Validation ROC-AUC: 0.583653
2026-01-08 15:32:50,397 - INFO: Evaluating at iteration 18272
2026-01-08 15:32:51,153 - INFO: Loss: 0.291365
2026-01-08 15:32:51,154 - INFO: Training ROC-AUC: 0.927083
2026-01-08 15:32:51,154 - INFO: Validation ROC-AUC: 0.603528
2026-01-08 15:32:57,806 - INFO: Evaluating at iteration 18772
2026-01-08 15:32:58,564 - INFO: Loss: 0.166764
2026-01-08 15:32:58,564 - INFO: Training ROC-AUC: 0.948148
2026-01-08 15:32:58,564 - INFO: Validation ROC-AUC: 0.610349
2026-01-08 15:33:04,070 - INFO: Starting epoch 11
2026-01-08 15:33:04,084 - INFO: Evaluating at iteration 19191
2026-01-08 15:33:04,849 - INFO: Loss: 0.364808
2026-01-08 15:33:04,849 - INFO: Training ROC-AUC: 0.822917
2026-01-08 15:33:04,849 - INFO: Validation ROC-AUC: 0.576448
2026-01-08 15:33:11,546 - INFO: Evaluating at iteration 19691
2026-01-08 15:33:12,349 - INFO: Loss: 0.105639
2026-01-08 15:33:12,349 - INFO: Training ROC-AUC: 1.000000
2026-01-08 15:33:12,349 - INFO: Validation ROC-AUC: 0.588073
2026-01-08 15:33:18,907 - INFO: Evaluating at iteration 20191
2026-01-08 15:33:19,668 - INFO: Loss: 0.215276
2026-01-08 15:33:19,668 - INFO: Training ROC-AUC: 1.000000
2026-01-08 15:33:19,668 - INFO: Validation ROC-AUC: 0.622724
2026-01-08 15:33:26,244 - INFO: Evaluating at iteration 20691
2026-01-08 15:33:27,016 - INFO: Loss: 0.238260
2026-01-08 15:33:27,016 - INFO: Training ROC-AUC: 0.914286
2026-01-08 15:33:27,016 - INFO: Validation ROC-AUC: 0.597047
2026-01-08 15:33:32,541 - INFO: Starting epoch 12
2026-01-08 15:33:32,556 - INFO: Evaluating at iteration 21110
2026-01-08 15:33:33,325 - INFO: Loss: 0.241822
2026-01-08 15:33:33,326 - INFO: Training ROC-AUC: 0.940741
2026-01-08 15:33:33,326 - INFO: Validation ROC-AUC: 0.590448
2026-01-08 15:33:40,042 - INFO: Evaluating at iteration 21610
2026-01-08 15:33:40,804 - INFO: Loss: 0.256716
2026-01-08 15:33:40,805 - INFO: Training ROC-AUC: 0.919643
2026-01-08 15:33:40,805 - INFO: Validation ROC-AUC: 0.581126
2026-01-08 15:33:47,452 - INFO: Evaluating at iteration 22110
2026-01-08 15:33:48,211 - INFO: Loss: 0.146964
2026-01-08 15:33:48,211 - INFO: Training ROC-AUC: 0.980769
2026-01-08 15:33:48,212 - INFO: Validation ROC-AUC: 0.599457
2026-01-08 15:33:54,837 - INFO: Evaluating at iteration 22610
2026-01-08 15:33:55,592 - INFO: Loss: 0.105790
2026-01-08 15:33:55,592 - INFO: Training ROC-AUC: 0.988506
2026-01-08 15:33:55,592 - INFO: Validation ROC-AUC: 0.592338
2026-01-08 15:34:01,100 - INFO: Starting epoch 13
2026-01-08 15:34:01,114 - INFO: Evaluating at iteration 23029
2026-01-08 15:34:01,872 - INFO: Loss: 0.203765
2026-01-08 15:34:01,872 - INFO: Training ROC-AUC: 0.942529
2026-01-08 15:34:01,873 - INFO: Validation ROC-AUC: 0.605914
2026-01-08 15:34:08,523 - INFO: Evaluating at iteration 23529
2026-01-08 15:34:09,283 - INFO: Loss: 0.232675
2026-01-08 15:34:09,283 - INFO: Training ROC-AUC: 0.942857
2026-01-08 15:34:09,283 - INFO: Validation ROC-AUC: 0.603405
2026-01-08 15:34:15,967 - INFO: Evaluating at iteration 24029
2026-01-08 15:34:16,724 - INFO: Loss: 0.161158
2026-01-08 15:34:16,724 - INFO: Training ROC-AUC: 0.973214
2026-01-08 15:34:16,724 - INFO: Validation ROC-AUC: 0.583231
2026-01-08 15:34:23,390 - INFO: Evaluating at iteration 24529
2026-01-08 15:34:24,143 - INFO: Loss: 0.263950
2026-01-08 15:34:24,143 - INFO: Training ROC-AUC: 0.866071
2026-01-08 15:34:24,143 - INFO: Validation ROC-AUC: 0.590739
2026-01-08 15:34:29,685 - INFO: Starting epoch 14
2026-01-08 15:34:29,700 - INFO: Evaluating at iteration 24948
2026-01-08 15:34:30,458 - INFO: Loss: 0.187574
2026-01-08 15:34:30,458 - INFO: Training ROC-AUC: 0.974359
2026-01-08 15:34:30,458 - INFO: Validation ROC-AUC: 0.611982
2026-01-08 15:34:37,268 - INFO: Evaluating at iteration 25448
2026-01-08 15:34:38,028 - INFO: Loss: 0.294325
2026-01-08 15:34:38,028 - INFO: Training ROC-AUC: 0.891026
2026-01-08 15:34:38,028 - INFO: Validation ROC-AUC: 0.617791
2026-01-08 15:34:44,754 - INFO: Evaluating at iteration 25948
2026-01-08 15:34:45,514 - INFO: Loss: 0.271634
2026-01-08 15:34:45,514 - INFO: Training ROC-AUC: 0.822222
2026-01-08 15:34:45,514 - INFO: Validation ROC-AUC: 0.625909
2026-01-08 15:34:52,151 - INFO: Evaluating at iteration 26448
2026-01-08 15:34:52,911 - INFO: Loss: 0.314581
2026-01-08 15:34:52,911 - INFO: Training ROC-AUC: 0.891026
2026-01-08 15:34:52,911 - INFO: Validation ROC-AUC: 0.606043
2026-01-08 15:34:58,484 - INFO: Starting epoch 15
2026-01-08 15:34:58,498 - INFO: Evaluating at iteration 26867
2026-01-08 15:34:59,258 - INFO: Loss: 0.289316
2026-01-08 15:34:59,258 - INFO: Training ROC-AUC: 0.948571
2026-01-08 15:34:59,258 - INFO: Validation ROC-AUC: 0.604403
2026-01-08 15:35:05,907 - INFO: Evaluating at iteration 27367
2026-01-08 15:35:06,673 - INFO: Loss: 0.149397
2026-01-08 15:35:06,674 - INFO: Training ROC-AUC: 0.964286
2026-01-08 15:35:06,674 - INFO: Validation ROC-AUC: 0.617656
2026-01-08 15:35:13,296 - INFO: Evaluating at iteration 27867
2026-01-08 15:35:14,052 - INFO: Loss: 0.048018
2026-01-08 15:35:14,052 - INFO: Training ROC-AUC: 1.000000
2026-01-08 15:35:14,052 - INFO: Validation ROC-AUC: 0.590730
2026-01-08 15:35:20,792 - INFO: Evaluating at iteration 28367
2026-01-08 15:35:21,549 - INFO: Loss: 0.289069
2026-01-08 15:35:21,549 - INFO: Training ROC-AUC: 0.948052
2026-01-08 15:35:21,549 - INFO: Validation ROC-AUC: 0.611956
2026-01-08 15:35:27,071 - INFO: Starting epoch 16
2026-01-08 15:35:27,085 - INFO: Evaluating at iteration 28786
2026-01-08 15:35:27,842 - INFO: Loss: 0.209553
2026-01-08 15:35:27,842 - INFO: Training ROC-AUC: 0.966667
2026-01-08 15:35:27,842 - INFO: Validation ROC-AUC: 0.623106
2026-01-08 15:35:34,524 - INFO: Evaluating at iteration 29286
2026-01-08 15:35:35,290 - INFO: Loss: 0.299794
2026-01-08 15:35:35,291 - INFO: Training ROC-AUC: 0.803571
2026-01-08 15:35:35,291 - INFO: Validation ROC-AUC: 0.622744
2026-01-08 15:35:41,918 - INFO: Evaluating at iteration 29786
2026-01-08 15:35:42,678 - INFO: Loss: 0.140160
2026-01-08 15:35:42,678 - INFO: Training ROC-AUC: 0.987179
2026-01-08 15:35:42,678 - INFO: Validation ROC-AUC: 0.621859
2026-01-08 15:35:49,423 - INFO: Evaluating at iteration 30286
2026-01-08 15:35:50,183 - INFO: Loss: 0.065465
2026-01-08 15:35:50,183 - INFO: Training ROC-AUC: 1.000000
2026-01-08 15:35:50,183 - INFO: Validation ROC-AUC: 0.608851
2026-01-08 15:35:55,734 - INFO: Starting epoch 17
2026-01-08 15:35:55,748 - INFO: Evaluating at iteration 30705
2026-01-08 15:35:56,506 - INFO: Loss: 0.280500
2026-01-08 15:35:56,507 - INFO: Training ROC-AUC: 0.921875
2026-01-08 15:35:56,507 - INFO: Validation ROC-AUC: 0.600234
2026-01-08 15:36:03,148 - INFO: Evaluating at iteration 31205
2026-01-08 15:36:03,910 - INFO: Loss: 0.168600
2026-01-08 15:36:03,911 - INFO: Training ROC-AUC: 0.916667
2026-01-08 15:36:03,911 - INFO: Validation ROC-AUC: 0.611048
2026-01-08 15:36:10,577 - INFO: Evaluating at iteration 31705
2026-01-08 15:36:11,361 - INFO: Loss: 0.160105
2026-01-08 15:36:11,361 - INFO: Training ROC-AUC: 0.955357
2026-01-08 15:36:11,361 - INFO: Validation ROC-AUC: 0.617054
2026-01-08 15:36:18,223 - INFO: Evaluating at iteration 32205
2026-01-08 15:36:18,987 - INFO: Loss: 0.259446
2026-01-08 15:36:18,988 - INFO: Training ROC-AUC: 0.966184
2026-01-08 15:36:18,988 - INFO: Validation ROC-AUC: 0.596420
2026-01-08 15:36:24,553 - INFO: Starting epoch 18
2026-01-08 15:36:24,569 - INFO: Evaluating at iteration 32624
2026-01-08 15:36:25,325 - INFO: Loss: 0.187632
2026-01-08 15:36:25,325 - INFO: Training ROC-AUC: 0.960000
2026-01-08 15:36:25,325 - INFO: Validation ROC-AUC: 0.600648
2026-01-08 15:36:32,004 - INFO: Evaluating at iteration 33124
2026-01-08 15:36:32,761 - INFO: Loss: 0.281484
2026-01-08 15:36:32,762 - INFO: Training ROC-AUC: 0.903704
2026-01-08 15:36:32,762 - INFO: Validation ROC-AUC: 0.613237
2026-01-08 15:36:39,422 - INFO: Evaluating at iteration 33624
2026-01-08 15:36:40,181 - INFO: Loss: 0.211293
2026-01-08 15:36:40,181 - INFO: Training ROC-AUC: 0.942308
2026-01-08 15:36:40,181 - INFO: Validation ROC-AUC: 0.610663
2026-01-08 15:36:46,859 - INFO: Evaluating at iteration 34124
2026-01-08 15:36:47,673 - INFO: Loss: 0.242340
2026-01-08 15:36:47,673 - INFO: Training ROC-AUC: 0.955128
2026-01-08 15:36:47,673 - INFO: Validation ROC-AUC: 0.587619
2026-01-08 15:36:53,238 - INFO: Starting epoch 19
2026-01-08 15:36:53,252 - INFO: Evaluating at iteration 34543
2026-01-08 15:36:54,013 - INFO: Loss: 0.228241
2026-01-08 15:36:54,013 - INFO: Training ROC-AUC: 0.888889
2026-01-08 15:36:54,013 - INFO: Validation ROC-AUC: 0.603814
2026-01-08 15:37:00,667 - INFO: Evaluating at iteration 35043
2026-01-08 15:37:01,425 - INFO: Loss: 0.304111
2026-01-08 15:37:01,425 - INFO: Training ROC-AUC: 0.947917
2026-01-08 15:37:01,425 - INFO: Validation ROC-AUC: 0.596713
2026-01-08 15:37:08,124 - INFO: Evaluating at iteration 35543
2026-01-08 15:37:08,899 - INFO: Loss: 0.091891
2026-01-08 15:37:08,899 - INFO: Training ROC-AUC: 0.991071
2026-01-08 15:37:08,899 - INFO: Validation ROC-AUC: 0.602858
2026-01-08 15:37:15,585 - INFO: Evaluating at iteration 36043
2026-01-08 15:37:16,343 - INFO: Loss: 0.225968
2026-01-08 15:37:16,343 - INFO: Training ROC-AUC: 0.911111
2026-01-08 15:37:16,343 - INFO: Validation ROC-AUC: 0.628621
2026-01-08 15:37:21,992 - INFO: Starting epoch 20
2026-01-08 15:37:22,007 - INFO: Evaluating at iteration 36462
2026-01-08 15:37:22,762 - INFO: Loss: 0.137454
2026-01-08 15:37:22,763 - INFO: Training ROC-AUC: 0.977778
2026-01-08 15:37:22,763 - INFO: Validation ROC-AUC: 0.611608
2026-01-08 15:37:29,417 - INFO: Evaluating at iteration 36962
2026-01-08 15:37:30,173 - INFO: Loss: 0.143549
2026-01-08 15:37:30,173 - INFO: Training ROC-AUC: 0.987179
2026-01-08 15:37:30,173 - INFO: Validation ROC-AUC: 0.624274
2026-01-08 15:37:36,855 - INFO: Evaluating at iteration 37462
2026-01-08 15:37:37,611 - INFO: Loss: 0.144181
2026-01-08 15:37:37,611 - INFO: Training ROC-AUC: 0.980769
2026-01-08 15:37:37,611 - INFO: Validation ROC-AUC: 0.613227
2026-01-08 15:37:44,285 - INFO: Evaluating at iteration 37962
2026-01-08 15:37:45,040 - INFO: Loss: 0.275232
2026-01-08 15:37:45,040 - INFO: Training ROC-AUC: 0.848214
2026-01-08 15:37:45,040 - INFO: Validation ROC-AUC: 0.608668
2026-01-08 15:37:50,631 - INFO: Starting epoch 21
2026-01-08 15:37:50,645 - INFO: Evaluating at iteration 38381
2026-01-08 15:37:51,403 - INFO: Loss: 0.274595
2026-01-08 15:37:51,403 - INFO: Training ROC-AUC: 0.875000
2026-01-08 15:37:51,403 - INFO: Validation ROC-AUC: 0.615545
2026-01-08 15:37:58,021 - INFO: Evaluating at iteration 38881
2026-01-08 15:37:58,777 - INFO: Loss: 0.210420
2026-01-08 15:37:58,777 - INFO: Training ROC-AUC: 0.940741
2026-01-08 15:37:58,777 - INFO: Validation ROC-AUC: 0.627233
2026-01-08 15:38:05,402 - INFO: Evaluating at iteration 39381
2026-01-08 15:38:06,170 - INFO: Loss: 0.216438
2026-01-08 15:38:06,170 - INFO: Training ROC-AUC: 0.942857
2026-01-08 15:38:06,170 - INFO: Validation ROC-AUC: 0.601283
2026-01-08 15:38:12,799 - INFO: Evaluating at iteration 39881
2026-01-08 15:38:13,560 - INFO: Loss: 0.120916
2026-01-08 15:38:13,560 - INFO: Training ROC-AUC: 0.973214
2026-01-08 15:38:13,560 - INFO: Validation ROC-AUC: 0.599402
2026-01-08 15:38:19,129 - INFO: Starting epoch 22
2026-01-08 15:38:19,143 - INFO: Evaluating at iteration 40300
2026-01-08 15:38:19,899 - INFO: Loss: 0.275317
2026-01-08 15:38:19,899 - INFO: Training ROC-AUC: 0.940741
2026-01-08 15:38:19,899 - INFO: Validation ROC-AUC: 0.608476
2026-01-08 15:38:26,578 - INFO: Evaluating at iteration 40800
2026-01-08 15:38:27,336 - INFO: Loss: 0.270794
2026-01-08 15:38:27,336 - INFO: Training ROC-AUC: 0.925926
2026-01-08 15:38:27,336 - INFO: Validation ROC-AUC: 0.597309
2026-01-08 15:38:34,032 - INFO: Evaluating at iteration 41300
2026-01-08 15:38:34,787 - INFO: Loss: 0.086962
2026-01-08 15:38:34,787 - INFO: Training ROC-AUC: 1.000000
2026-01-08 15:38:34,787 - INFO: Validation ROC-AUC: 0.620507
2026-01-08 15:38:41,497 - INFO: Evaluating at iteration 41800
2026-01-08 15:38:42,253 - INFO: Loss: 0.200396
2026-01-08 15:38:42,253 - INFO: Training ROC-AUC: 0.962963
2026-01-08 15:38:42,253 - INFO: Validation ROC-AUC: 0.611984
2026-01-08 15:38:47,891 - INFO: Starting epoch 23
2026-01-08 15:38:47,906 - INFO: Evaluating at iteration 42219
2026-01-08 15:38:48,662 - INFO: Loss: 0.165665
2026-01-08 15:38:48,662 - INFO: Training ROC-AUC: 0.989583
2026-01-08 15:38:48,662 - INFO: Validation ROC-AUC: 0.601494
2026-01-08 15:38:55,398 - INFO: Evaluating at iteration 42719
2026-01-08 15:38:56,153 - INFO: Loss: 0.074576
2026-01-08 15:38:56,153 - INFO: Training ROC-AUC: nan
2026-01-08 15:38:56,154 - INFO: Validation ROC-AUC: 0.610937
2026-01-08 15:39:02,900 - INFO: Evaluating at iteration 43219
2026-01-08 15:39:03,656 - INFO: Loss: 0.222773
2026-01-08 15:39:03,657 - INFO: Training ROC-AUC: 0.948571
2026-01-08 15:39:03,657 - INFO: Validation ROC-AUC: 0.614224
2026-01-08 15:39:10,391 - INFO: Evaluating at iteration 43719
2026-01-08 15:39:11,147 - INFO: Loss: 0.239985
2026-01-08 15:39:11,148 - INFO: Training ROC-AUC: 0.948571
2026-01-08 15:39:11,148 - INFO: Validation ROC-AUC: 0.595037
2026-01-08 15:39:16,720 - INFO: Starting epoch 24
2026-01-08 15:39:16,735 - INFO: Evaluating at iteration 44138
2026-01-08 15:39:17,492 - INFO: Loss: 0.209769
2026-01-08 15:39:17,492 - INFO: Training ROC-AUC: 0.990909
2026-01-08 15:39:17,492 - INFO: Validation ROC-AUC: 0.602877
2026-01-08 15:39:24,196 - INFO: Evaluating at iteration 44638
2026-01-08 15:39:24,948 - INFO: Loss: 0.104256
2026-01-08 15:39:24,948 - INFO: Training ROC-AUC: 0.977011
2026-01-08 15:39:24,948 - INFO: Validation ROC-AUC: 0.592466
2026-01-08 15:39:31,668 - INFO: Evaluating at iteration 45138
2026-01-08 15:39:32,425 - INFO: Loss: 0.128462
2026-01-08 15:39:32,425 - INFO: Training ROC-AUC: 0.962963
2026-01-08 15:39:32,425 - INFO: Validation ROC-AUC: 0.596686
2026-01-08 15:39:39,185 - INFO: Evaluating at iteration 45638
2026-01-08 15:39:39,940 - INFO: Loss: 0.093992
2026-01-08 15:39:39,940 - INFO: Training ROC-AUC: 1.000000
2026-01-08 15:39:39,940 - INFO: Validation ROC-AUC: 0.607096
2026-01-08 15:39:45,577 - INFO: Starting epoch 25
2026-01-08 15:39:45,592 - INFO: Evaluating at iteration 46057
2026-01-08 15:39:46,347 - INFO: Loss: 0.199915
2026-01-08 15:39:46,347 - INFO: Training ROC-AUC: 0.937500
2026-01-08 15:39:46,348 - INFO: Validation ROC-AUC: 0.611682
2026-01-08 15:39:53,099 - INFO: Evaluating at iteration 46557
2026-01-08 15:39:53,856 - INFO: Loss: 0.203347
2026-01-08 15:39:53,856 - INFO: Training ROC-AUC: 0.977143
2026-01-08 15:39:53,856 - INFO: Validation ROC-AUC: 0.605732
2026-01-08 15:40:00,588 - INFO: Evaluating at iteration 47057
2026-01-08 15:40:01,344 - INFO: Loss: 0.065654
2026-01-08 15:40:01,344 - INFO: Training ROC-AUC: 1.000000
2026-01-08 15:40:01,344 - INFO: Validation ROC-AUC: 0.585795
2026-01-08 15:40:08,093 - INFO: Evaluating at iteration 47557
2026-01-08 15:40:08,849 - INFO: Loss: 0.129946
2026-01-08 15:40:08,849 - INFO: Training ROC-AUC: 0.988506
2026-01-08 15:40:08,849 - INFO: Validation ROC-AUC: 0.592147
2026-01-08 15:40:14,493 - INFO: Saving model to models/TCRStructMap_peptide_split_cdrs_peptide/model_3.pt
2026-01-08 15:40:14,503 - INFO: Starting fold 4
2026-01-08 15:40:14,581 - INFO: Initialising model
2026-01-08 15:40:14,587 - INFO: Starting training
2026-01-08 15:40:14,587 - INFO: Starting epoch 1
2026-01-08 15:40:14,605 - INFO: Evaluating at iteration 1
2026-01-08 15:40:15,060 - INFO: Loss: 0.704118
2026-01-08 15:40:15,061 - INFO: Training ROC-AUC: 0.562963
2026-01-08 15:40:15,061 - INFO: Validation ROC-AUC: 0.535121
2026-01-08 15:40:21,347 - INFO: Evaluating at iteration 501
2026-01-08 15:40:21,819 - INFO: Loss: 0.498873
2026-01-08 15:40:21,819 - INFO: Training ROC-AUC: 0.358974
2026-01-08 15:40:21,819 - INFO: Validation ROC-AUC: 0.373872
2026-01-08 15:40:28,331 - INFO: Evaluating at iteration 1001
2026-01-08 15:40:28,780 - INFO: Loss: 0.353613
2026-01-08 15:40:28,780 - INFO: Training ROC-AUC: 0.705357
2026-01-08 15:40:28,780 - INFO: Validation ROC-AUC: 0.515089
2026-01-08 15:40:35,227 - INFO: Evaluating at iteration 1501
2026-01-08 15:40:35,675 - INFO: Loss: 0.445459
2026-01-08 15:40:35,675 - INFO: Training ROC-AUC: 0.608974
2026-01-08 15:40:35,675 - INFO: Validation ROC-AUC: 0.681983
2026-01-08 15:40:42,136 - INFO: Evaluating at iteration 2001
2026-01-08 15:40:42,582 - INFO: Loss: 0.483445
2026-01-08 15:40:42,582 - INFO: Training ROC-AUC: 0.720000
2026-01-08 15:40:42,582 - INFO: Validation ROC-AUC: 0.672175
2026-01-08 15:40:45,237 - INFO: Starting epoch 2
2026-01-08 15:40:45,251 - INFO: Evaluating at iteration 2206
2026-01-08 15:40:45,696 - INFO: Loss: 0.274893
2026-01-08 15:40:45,696 - INFO: Training ROC-AUC: 0.678161
2026-01-08 15:40:45,696 - INFO: Validation ROC-AUC: 0.664894
2026-01-08 15:40:52,178 - INFO: Evaluating at iteration 2706
2026-01-08 15:40:52,628 - INFO: Loss: 0.474900
2026-01-08 15:40:52,628 - INFO: Training ROC-AUC: 0.718750
2026-01-08 15:40:52,628 - INFO: Validation ROC-AUC: 0.656469
2026-01-08 15:40:59,096 - INFO: Evaluating at iteration 3206
2026-01-08 15:40:59,545 - INFO: Loss: 0.345093
2026-01-08 15:40:59,545 - INFO: Training ROC-AUC: 0.705357
2026-01-08 15:40:59,545 - INFO: Validation ROC-AUC: 0.655465
2026-01-08 15:41:06,064 - INFO: Evaluating at iteration 3706
2026-01-08 15:41:06,518 - INFO: Loss: 0.187876
2026-01-08 15:41:06,518 - INFO: Training ROC-AUC: 0.982857
2026-01-08 15:41:06,518 - INFO: Validation ROC-AUC: 0.644581
2026-01-08 15:41:13,032 - INFO: Evaluating at iteration 4206
2026-01-08 15:41:13,484 - INFO: Loss: 0.327456
2026-01-08 15:41:13,484 - INFO: Training ROC-AUC: 0.880000
2026-01-08 15:41:13,484 - INFO: Validation ROC-AUC: 0.647614
2026-01-08 15:41:16,137 - INFO: Starting epoch 3
2026-01-08 15:41:16,151 - INFO: Evaluating at iteration 4411
2026-01-08 15:41:16,631 - INFO: Loss: 0.322982
2026-01-08 15:41:16,631 - INFO: Training ROC-AUC: 0.895833
2026-01-08 15:41:16,631 - INFO: Validation ROC-AUC: 0.642619
2026-01-08 15:41:23,165 - INFO: Evaluating at iteration 4911
2026-01-08 15:41:23,623 - INFO: Loss: 0.211308
2026-01-08 15:41:23,623 - INFO: Training ROC-AUC: 0.932292
2026-01-08 15:41:23,624 - INFO: Validation ROC-AUC: 0.641539
2026-01-08 15:41:30,126 - INFO: Evaluating at iteration 5411
2026-01-08 15:41:30,578 - INFO: Loss: 0.228434
2026-01-08 15:41:30,578 - INFO: Training ROC-AUC: 0.933333
2026-01-08 15:41:30,578 - INFO: Validation ROC-AUC: 0.634003
2026-01-08 15:41:37,063 - INFO: Evaluating at iteration 5911
2026-01-08 15:41:37,513 - INFO: Loss: 0.322895
2026-01-08 15:41:37,513 - INFO: Training ROC-AUC: 0.767857
2026-01-08 15:41:37,513 - INFO: Validation ROC-AUC: 0.639243
2026-01-08 15:41:43,977 - INFO: Evaluating at iteration 6411
2026-01-08 15:41:44,426 - INFO: Loss: 0.313129
2026-01-08 15:41:44,426 - INFO: Training ROC-AUC: 0.846154
2026-01-08 15:41:44,427 - INFO: Validation ROC-AUC: 0.639777
2026-01-08 15:41:47,078 - INFO: Starting epoch 4
2026-01-08 15:41:47,093 - INFO: Evaluating at iteration 6616
2026-01-08 15:41:47,539 - INFO: Loss: 0.161144
2026-01-08 15:41:47,539 - INFO: Training ROC-AUC: 0.866667
2026-01-08 15:41:47,539 - INFO: Validation ROC-AUC: 0.641062
2026-01-08 15:41:54,051 - INFO: Evaluating at iteration 7116
2026-01-08 15:41:54,499 - INFO: Loss: 0.246135
2026-01-08 15:41:54,499 - INFO: Training ROC-AUC: 0.850575
2026-01-08 15:41:54,499 - INFO: Validation ROC-AUC: 0.632256
2026-01-08 15:42:00,968 - INFO: Evaluating at iteration 7616
2026-01-08 15:42:01,430 - INFO: Loss: 0.152970
2026-01-08 15:42:01,430 - INFO: Training ROC-AUC: 0.928571
2026-01-08 15:42:01,430 - INFO: Validation ROC-AUC: 0.638194
2026-01-08 15:42:07,943 - INFO: Evaluating at iteration 8116
2026-01-08 15:42:08,393 - INFO: Loss: 0.192734
2026-01-08 15:42:08,393 - INFO: Training ROC-AUC: 0.946429
2026-01-08 15:42:08,393 - INFO: Validation ROC-AUC: 0.646138
2026-01-08 15:42:14,867 - INFO: Evaluating at iteration 8616
2026-01-08 15:42:15,319 - INFO: Loss: 0.174836
2026-01-08 15:42:15,319 - INFO: Training ROC-AUC: 0.955556
2026-01-08 15:42:15,319 - INFO: Validation ROC-AUC: 0.641389
2026-01-08 15:42:17,972 - INFO: Starting epoch 5
2026-01-08 15:42:17,987 - INFO: Evaluating at iteration 8821
2026-01-08 15:42:18,436 - INFO: Loss: 0.218092
2026-01-08 15:42:18,436 - INFO: Training ROC-AUC: 0.911111
2026-01-08 15:42:18,436 - INFO: Validation ROC-AUC: 0.641037
2026-01-08 15:42:24,948 - INFO: Evaluating at iteration 9321
2026-01-08 15:42:25,396 - INFO: Loss: 0.328893
2026-01-08 15:42:25,397 - INFO: Training ROC-AUC: 0.792593
2026-01-08 15:42:25,397 - INFO: Validation ROC-AUC: 0.644343
2026-01-08 15:42:31,855 - INFO: Evaluating at iteration 9821
2026-01-08 15:42:32,303 - INFO: Loss: 0.298118
2026-01-08 15:42:32,303 - INFO: Training ROC-AUC: 0.884615
2026-01-08 15:42:32,303 - INFO: Validation ROC-AUC: 0.638843
2026-01-08 15:42:38,836 - INFO: Evaluating at iteration 10321
2026-01-08 15:42:39,286 - INFO: Loss: 0.113222
2026-01-08 15:42:39,286 - INFO: Training ROC-AUC: 1.000000
2026-01-08 15:42:39,286 - INFO: Validation ROC-AUC: 0.640404
2026-01-08 15:42:45,752 - INFO: Evaluating at iteration 10821
2026-01-08 15:42:46,197 - INFO: Loss: 0.368752
2026-01-08 15:42:46,197 - INFO: Training ROC-AUC: 0.845714
2026-01-08 15:42:46,197 - INFO: Validation ROC-AUC: 0.640197
2026-01-08 15:42:48,857 - INFO: Starting epoch 6
2026-01-08 15:42:48,872 - INFO: Evaluating at iteration 11026
2026-01-08 15:42:49,327 - INFO: Loss: 0.271677
2026-01-08 15:42:49,327 - INFO: Training ROC-AUC: 0.766667
2026-01-08 15:42:49,327 - INFO: Validation ROC-AUC: 0.639929
2026-01-08 15:42:55,822 - INFO: Evaluating at iteration 11526
2026-01-08 15:42:56,266 - INFO: Loss: 0.096101
2026-01-08 15:42:56,266 - INFO: Training ROC-AUC: 1.000000
2026-01-08 15:42:56,267 - INFO: Validation ROC-AUC: 0.638496
2026-01-08 15:43:02,748 - INFO: Evaluating at iteration 12026
2026-01-08 15:43:03,198 - INFO: Loss: 0.158848
2026-01-08 15:43:03,198 - INFO: Training ROC-AUC: 1.000000
2026-01-08 15:43:03,198 - INFO: Validation ROC-AUC: 0.650688
2026-01-08 15:43:09,748 - INFO: Evaluating at iteration 12526
2026-01-08 15:43:10,194 - INFO: Loss: 0.317346
2026-01-08 15:43:10,194 - INFO: Training ROC-AUC: 0.977273
2026-01-08 15:43:10,195 - INFO: Validation ROC-AUC: 0.643692
2026-01-08 15:43:16,652 - INFO: Evaluating at iteration 13026
2026-01-08 15:43:17,102 - INFO: Loss: 0.263085
2026-01-08 15:43:17,102 - INFO: Training ROC-AUC: 0.929487
2026-01-08 15:43:17,102 - INFO: Validation ROC-AUC: 0.638552
2026-01-08 15:43:19,776 - INFO: Starting epoch 7
2026-01-08 15:43:19,791 - INFO: Evaluating at iteration 13231
2026-01-08 15:43:20,244 - INFO: Loss: 0.274026
2026-01-08 15:43:20,244 - INFO: Training ROC-AUC: 0.937500
2026-01-08 15:43:20,244 - INFO: Validation ROC-AUC: 0.634940
2026-01-08 15:43:26,743 - INFO: Evaluating at iteration 13731
2026-01-08 15:43:27,218 - INFO: Loss: 0.214320
2026-01-08 15:43:27,218 - INFO: Training ROC-AUC: 0.962963
2026-01-08 15:43:27,218 - INFO: Validation ROC-AUC: 0.633474
2026-01-08 15:43:33,707 - INFO: Evaluating at iteration 14231
2026-01-08 15:43:34,166 - INFO: Loss: 0.298687
2026-01-08 15:43:34,166 - INFO: Training ROC-AUC: 0.917874
2026-01-08 15:43:34,166 - INFO: Validation ROC-AUC: 0.634842
2026-01-08 15:43:40,700 - INFO: Evaluating at iteration 14731
2026-01-08 15:43:41,150 - INFO: Loss: 0.155305
2026-01-08 15:43:41,151 - INFO: Training ROC-AUC: 0.971429
2026-01-08 15:43:41,151 - INFO: Validation ROC-AUC: 0.637583
2026-01-08 15:43:47,639 - INFO: Evaluating at iteration 15231
2026-01-08 15:43:48,085 - INFO: Loss: 0.291270
2026-01-08 15:43:48,085 - INFO: Training ROC-AUC: 0.903846
2026-01-08 15:43:48,085 - INFO: Validation ROC-AUC: 0.638583
2026-01-08 15:43:50,784 - INFO: Starting epoch 8
2026-01-08 15:43:50,799 - INFO: Evaluating at iteration 15436
2026-01-08 15:43:51,252 - INFO: Loss: 0.165951
2026-01-08 15:43:51,252 - INFO: Training ROC-AUC: 0.964286
2026-01-08 15:43:51,252 - INFO: Validation ROC-AUC: 0.640616
2026-01-08 15:43:57,802 - INFO: Evaluating at iteration 15936
2026-01-08 15:43:58,250 - INFO: Loss: 0.238305
2026-01-08 15:43:58,250 - INFO: Training ROC-AUC: 0.923077
2026-01-08 15:43:58,250 - INFO: Validation ROC-AUC: 0.641104
2026-01-08 15:44:04,773 - INFO: Evaluating at iteration 16436
2026-01-08 15:44:05,222 - INFO: Loss: 0.283475
2026-01-08 15:44:05,222 - INFO: Training ROC-AUC: 0.923077
2026-01-08 15:44:05,222 - INFO: Validation ROC-AUC: 0.646694
2026-01-08 15:44:11,788 - INFO: Evaluating at iteration 16936
2026-01-08 15:44:12,237 - INFO: Loss: 0.212021
2026-01-08 15:44:12,237 - INFO: Training ROC-AUC: 0.992593
2026-01-08 15:44:12,237 - INFO: Validation ROC-AUC: 0.641876
2026-01-08 15:44:18,767 - INFO: Evaluating at iteration 17436
2026-01-08 15:44:19,220 - INFO: Loss: 0.293658
2026-01-08 15:44:19,221 - INFO: Training ROC-AUC: 0.839286
2026-01-08 15:44:19,221 - INFO: Validation ROC-AUC: 0.634519
2026-01-08 15:44:21,912 - INFO: Starting epoch 9
2026-01-08 15:44:21,926 - INFO: Evaluating at iteration 17641
2026-01-08 15:44:22,374 - INFO: Loss: 0.408170
2026-01-08 15:44:22,374 - INFO: Training ROC-AUC: 0.765714
2026-01-08 15:44:22,374 - INFO: Validation ROC-AUC: 0.636986
2026-01-08 15:44:28,942 - INFO: Evaluating at iteration 18141
2026-01-08 15:44:29,419 - INFO: Loss: 0.427813
2026-01-08 15:44:29,419 - INFO: Training ROC-AUC: 0.840000
2026-01-08 15:44:29,419 - INFO: Validation ROC-AUC: 0.637642
2026-01-08 15:44:35,961 - INFO: Evaluating at iteration 18641
2026-01-08 15:44:36,417 - INFO: Loss: 0.146108
2026-01-08 15:44:36,417 - INFO: Training ROC-AUC: 0.970370
2026-01-08 15:44:36,417 - INFO: Validation ROC-AUC: 0.637109
2026-01-08 15:44:42,957 - INFO: Evaluating at iteration 19141
2026-01-08 15:44:43,404 - INFO: Loss: 0.249969
2026-01-08 15:44:43,404 - INFO: Training ROC-AUC: 0.935897
2026-01-08 15:44:43,404 - INFO: Validation ROC-AUC: 0.636879
2026-01-08 15:44:49,919 - INFO: Evaluating at iteration 19641
2026-01-08 15:44:50,369 - INFO: Loss: 0.234601
2026-01-08 15:44:50,370 - INFO: Training ROC-AUC: 0.937143
2026-01-08 15:44:50,370 - INFO: Validation ROC-AUC: 0.638912
2026-01-08 15:44:53,041 - INFO: Starting epoch 10
2026-01-08 15:44:53,059 - INFO: Evaluating at iteration 19846
2026-01-08 15:44:53,506 - INFO: Loss: 0.202048
2026-01-08 15:44:53,506 - INFO: Training ROC-AUC: 0.919643
2026-01-08 15:44:53,506 - INFO: Validation ROC-AUC: 0.639001
2026-01-08 15:45:00,071 - INFO: Evaluating at iteration 20346
2026-01-08 15:45:00,525 - INFO: Loss: 0.170707
2026-01-08 15:45:00,525 - INFO: Training ROC-AUC: 0.984375
2026-01-08 15:45:00,525 - INFO: Validation ROC-AUC: 0.633677
2026-01-08 15:45:07,115 - INFO: Evaluating at iteration 20846
2026-01-08 15:45:07,567 - INFO: Loss: 0.133622
2026-01-08 15:45:07,567 - INFO: Training ROC-AUC: 0.984375
2026-01-08 15:45:07,567 - INFO: Validation ROC-AUC: 0.635949
2026-01-08 15:45:14,118 - INFO: Evaluating at iteration 21346
2026-01-08 15:45:14,579 - INFO: Loss: 0.181608
2026-01-08 15:45:14,579 - INFO: Training ROC-AUC: 0.977778
2026-01-08 15:45:14,579 - INFO: Validation ROC-AUC: 0.635421
2026-01-08 15:45:21,142 - INFO: Evaluating at iteration 21846
2026-01-08 15:45:21,593 - INFO: Loss: 0.244776
2026-01-08 15:45:21,593 - INFO: Training ROC-AUC: 0.954286
2026-01-08 15:45:21,593 - INFO: Validation ROC-AUC: 0.635576
2026-01-08 15:45:24,276 - INFO: Starting epoch 11
2026-01-08 15:45:24,291 - INFO: Evaluating at iteration 22051
2026-01-08 15:45:24,739 - INFO: Loss: 0.191012
2026-01-08 15:45:24,739 - INFO: Training ROC-AUC: 0.919540
2026-01-08 15:45:24,739 - INFO: Validation ROC-AUC: 0.639214
2026-01-08 15:45:31,271 - INFO: Evaluating at iteration 22551
2026-01-08 15:45:31,720 - INFO: Loss: 0.192526
2026-01-08 15:45:31,720 - INFO: Training ROC-AUC: 0.816667
2026-01-08 15:45:31,720 - INFO: Validation ROC-AUC: 0.639583
2026-01-08 15:45:38,269 - INFO: Evaluating at iteration 23051
2026-01-08 15:45:38,729 - INFO: Loss: 0.300902
2026-01-08 15:45:38,729 - INFO: Training ROC-AUC: 0.839080
2026-01-08 15:45:38,729 - INFO: Validation ROC-AUC: 0.634127
2026-01-08 15:45:45,302 - INFO: Evaluating at iteration 23551
2026-01-08 15:45:45,752 - INFO: Loss: 0.337091
2026-01-08 15:45:45,752 - INFO: Training ROC-AUC: 0.941667
2026-01-08 15:45:45,752 - INFO: Validation ROC-AUC: 0.640325
2026-01-08 15:45:52,314 - INFO: Evaluating at iteration 24051
2026-01-08 15:45:52,763 - INFO: Loss: 0.358082
2026-01-08 15:45:52,763 - INFO: Training ROC-AUC: 0.820513
2026-01-08 15:45:52,763 - INFO: Validation ROC-AUC: 0.640039
2026-01-08 15:45:55,452 - INFO: Starting epoch 12
2026-01-08 15:45:55,467 - INFO: Evaluating at iteration 24256
2026-01-08 15:45:55,915 - INFO: Loss: 0.238879
2026-01-08 15:45:55,915 - INFO: Training ROC-AUC: 0.965368
2026-01-08 15:45:55,915 - INFO: Validation ROC-AUC: 0.635274
2026-01-08 15:46:02,497 - INFO: Evaluating at iteration 24756
2026-01-08 15:46:02,948 - INFO: Loss: 0.215348
2026-01-08 15:46:02,948 - INFO: Training ROC-AUC: 0.925714
2026-01-08 15:46:02,948 - INFO: Validation ROC-AUC: 0.635523
2026-01-08 15:46:09,570 - INFO: Evaluating at iteration 25256
2026-01-08 15:46:10,031 - INFO: Loss: 0.188398
2026-01-08 15:46:10,031 - INFO: Training ROC-AUC: 0.937500
2026-01-08 15:46:10,031 - INFO: Validation ROC-AUC: 0.631867
2026-01-08 15:46:16,627 - INFO: Evaluating at iteration 25756
2026-01-08 15:46:17,075 - INFO: Loss: 0.301972
2026-01-08 15:46:17,075 - INFO: Training ROC-AUC: 0.741071
2026-01-08 15:46:17,075 - INFO: Validation ROC-AUC: 0.638681
2026-01-08 15:46:23,696 - INFO: Evaluating at iteration 26256
2026-01-08 15:46:24,144 - INFO: Loss: 0.260664
2026-01-08 15:46:24,144 - INFO: Training ROC-AUC: 0.866667
2026-01-08 15:46:24,144 - INFO: Validation ROC-AUC: 0.637939
2026-01-08 15:46:26,833 - INFO: Starting epoch 13
2026-01-08 15:46:26,847 - INFO: Evaluating at iteration 26461
2026-01-08 15:46:27,297 - INFO: Loss: 0.174547
2026-01-08 15:46:27,297 - INFO: Training ROC-AUC: 0.979167
2026-01-08 15:46:27,297 - INFO: Validation ROC-AUC: 0.636585
2026-01-08 15:46:33,904 - INFO: Evaluating at iteration 26961
2026-01-08 15:46:34,390 - INFO: Loss: 0.345962
2026-01-08 15:46:34,390 - INFO: Training ROC-AUC: 0.960000
2026-01-08 15:46:34,390 - INFO: Validation ROC-AUC: 0.640173
2026-01-08 15:46:40,989 - INFO: Evaluating at iteration 27461
2026-01-08 15:46:41,443 - INFO: Loss: 0.197822
2026-01-08 15:46:41,443 - INFO: Training ROC-AUC: 0.948148
2026-01-08 15:46:41,443 - INFO: Validation ROC-AUC: 0.637079
2026-01-08 15:46:48,051 - INFO: Evaluating at iteration 27961
2026-01-08 15:46:48,499 - INFO: Loss: 0.255849
2026-01-08 15:46:48,499 - INFO: Training ROC-AUC: 0.881481
2026-01-08 15:46:48,499 - INFO: Validation ROC-AUC: 0.638216
2026-01-08 15:46:55,102 - INFO: Evaluating at iteration 28461
2026-01-08 15:46:55,553 - INFO: Loss: 0.111332
2026-01-08 15:46:55,553 - INFO: Training ROC-AUC: 0.973214
2026-01-08 15:46:55,553 - INFO: Validation ROC-AUC: 0.633944
2026-01-08 15:46:58,251 - INFO: Starting epoch 14
2026-01-08 15:46:58,266 - INFO: Evaluating at iteration 28666
2026-01-08 15:46:58,718 - INFO: Loss: 0.256999
2026-01-08 15:46:58,718 - INFO: Training ROC-AUC: 0.937143
2026-01-08 15:46:58,718 - INFO: Validation ROC-AUC: 0.639087
2026-01-08 15:47:05,324 - INFO: Evaluating at iteration 29166
2026-01-08 15:47:05,776 - INFO: Loss: 0.287519
2026-01-08 15:47:05,776 - INFO: Training ROC-AUC: 0.959091
2026-01-08 15:47:05,776 - INFO: Validation ROC-AUC: 0.634117
2026-01-08 15:47:12,346 - INFO: Evaluating at iteration 29666
2026-01-08 15:47:12,795 - INFO: Loss: 0.222498
2026-01-08 15:47:12,795 - INFO: Training ROC-AUC: 0.980769
2026-01-08 15:47:12,795 - INFO: Validation ROC-AUC: 0.635624
2026-01-08 15:47:19,378 - INFO: Evaluating at iteration 30166
2026-01-08 15:47:19,824 - INFO: Loss: 0.313560
2026-01-08 15:47:19,824 - INFO: Training ROC-AUC: 0.814815
2026-01-08 15:47:19,824 - INFO: Validation ROC-AUC: 0.639407
2026-01-08 15:47:26,386 - INFO: Evaluating at iteration 30666
2026-01-08 15:47:26,831 - INFO: Loss: 0.202825
2026-01-08 15:47:26,831 - INFO: Training ROC-AUC: 0.954286
2026-01-08 15:47:26,831 - INFO: Validation ROC-AUC: 0.632324
2026-01-08 15:47:29,529 - INFO: Starting epoch 15
2026-01-08 15:47:29,544 - INFO: Evaluating at iteration 30871
2026-01-08 15:47:29,992 - INFO: Loss: 0.130805
2026-01-08 15:47:29,992 - INFO: Training ROC-AUC: 0.988506
2026-01-08 15:47:29,992 - INFO: Validation ROC-AUC: 0.636482
2026-01-08 15:47:36,593 - INFO: Evaluating at iteration 31371
2026-01-08 15:47:37,069 - INFO: Loss: 0.146275
2026-01-08 15:47:37,069 - INFO: Training ROC-AUC: 0.965517
2026-01-08 15:47:37,069 - INFO: Validation ROC-AUC: 0.629147
2026-01-08 15:47:43,637 - INFO: Evaluating at iteration 31871
2026-01-08 15:47:44,087 - INFO: Loss: 0.125205
2026-01-08 15:47:44,087 - INFO: Training ROC-AUC: 0.973214
2026-01-08 15:47:44,087 - INFO: Validation ROC-AUC: 0.632054
2026-01-08 15:47:50,683 - INFO: Evaluating at iteration 32371
2026-01-08 15:47:51,129 - INFO: Loss: 0.301274
2026-01-08 15:47:51,129 - INFO: Training ROC-AUC: 0.829630
2026-01-08 15:47:51,129 - INFO: Validation ROC-AUC: 0.630120
2026-01-08 15:47:57,711 - INFO: Evaluating at iteration 32871
2026-01-08 15:47:58,160 - INFO: Loss: 0.188750
2026-01-08 15:47:58,160 - INFO: Training ROC-AUC: 0.955556
2026-01-08 15:47:58,160 - INFO: Validation ROC-AUC: 0.631279
2026-01-08 15:48:00,869 - INFO: Starting epoch 16
2026-01-08 15:48:00,884 - INFO: Evaluating at iteration 33076
2026-01-08 15:48:01,332 - INFO: Loss: 0.149318
2026-01-08 15:48:01,332 - INFO: Training ROC-AUC: 0.964286
2026-01-08 15:48:01,332 - INFO: Validation ROC-AUC: 0.634936
2026-01-08 15:48:07,954 - INFO: Evaluating at iteration 33576
2026-01-08 15:48:08,400 - INFO: Loss: 0.457627
2026-01-08 15:48:08,401 - INFO: Training ROC-AUC: 0.812500
2026-01-08 15:48:08,401 - INFO: Validation ROC-AUC: 0.623896
2026-01-08 15:48:15,000 - INFO: Evaluating at iteration 34076
2026-01-08 15:48:15,446 - INFO: Loss: 0.173524
2026-01-08 15:48:15,447 - INFO: Training ROC-AUC: 0.931034
2026-01-08 15:48:15,447 - INFO: Validation ROC-AUC: 0.628571
2026-01-08 15:48:22,061 - INFO: Evaluating at iteration 34576
2026-01-08 15:48:22,509 - INFO: Loss: 0.263168
2026-01-08 15:48:22,509 - INFO: Training ROC-AUC: 0.959091
2026-01-08 15:48:22,509 - INFO: Validation ROC-AUC: 0.628458
2026-01-08 15:48:29,146 - INFO: Evaluating at iteration 35076
2026-01-08 15:48:29,594 - INFO: Loss: 0.087866
2026-01-08 15:48:29,594 - INFO: Training ROC-AUC: 0.983333
2026-01-08 15:48:29,594 - INFO: Validation ROC-AUC: 0.629411
2026-01-08 15:48:32,312 - INFO: Starting epoch 17
2026-01-08 15:48:32,327 - INFO: Evaluating at iteration 35281
2026-01-08 15:48:32,782 - INFO: Loss: 0.160780
2026-01-08 15:48:32,782 - INFO: Training ROC-AUC: 0.988571
2026-01-08 15:48:32,782 - INFO: Validation ROC-AUC: 0.633239
2026-01-08 15:48:39,411 - INFO: Evaluating at iteration 35781
2026-01-08 15:48:39,860 - INFO: Loss: 0.139460
2026-01-08 15:48:39,861 - INFO: Training ROC-AUC: 0.988571
2026-01-08 15:48:39,861 - INFO: Validation ROC-AUC: 0.633437
2026-01-08 15:48:46,469 - INFO: Evaluating at iteration 36281
2026-01-08 15:48:46,919 - INFO: Loss: 0.372075
2026-01-08 15:48:46,919 - INFO: Training ROC-AUC: 0.902857
2026-01-08 15:48:46,919 - INFO: Validation ROC-AUC: 0.626650
2026-01-08 15:48:53,559 - INFO: Evaluating at iteration 36781
2026-01-08 15:48:54,010 - INFO: Loss: 0.196897
2026-01-08 15:48:54,010 - INFO: Training ROC-AUC: 0.948148
2026-01-08 15:48:54,010 - INFO: Validation ROC-AUC: 0.629478
2026-01-08 15:49:00,626 - INFO: Evaluating at iteration 37281
2026-01-08 15:49:01,075 - INFO: Loss: 0.241694
2026-01-08 15:49:01,075 - INFO: Training ROC-AUC: 0.920000
2026-01-08 15:49:01,075 - INFO: Validation ROC-AUC: 0.628671
2026-01-08 15:49:03,783 - INFO: Starting epoch 18
2026-01-08 15:49:03,797 - INFO: Evaluating at iteration 37486
2026-01-08 15:49:04,247 - INFO: Loss: 0.108531
2026-01-08 15:49:04,247 - INFO: Training ROC-AUC: 1.000000
2026-01-08 15:49:04,248 - INFO: Validation ROC-AUC: 0.627146
2026-01-08 15:49:10,874 - INFO: Evaluating at iteration 37986
2026-01-08 15:49:11,324 - INFO: Loss: 0.113977
2026-01-08 15:49:11,324 - INFO: Training ROC-AUC: 1.000000
2026-01-08 15:49:11,324 - INFO: Validation ROC-AUC: 0.631929
2026-01-08 15:49:17,928 - INFO: Evaluating at iteration 38486
2026-01-08 15:49:18,377 - INFO: Loss: 0.151929
2026-01-08 15:49:18,378 - INFO: Training ROC-AUC: 0.966667
2026-01-08 15:49:18,378 - INFO: Validation ROC-AUC: 0.628733
2026-01-08 15:49:25,038 - INFO: Evaluating at iteration 38986
2026-01-08 15:49:25,484 - INFO: Loss: 0.061694
2026-01-08 15:49:25,484 - INFO: Training ROC-AUC: 1.000000
2026-01-08 15:49:25,484 - INFO: Validation ROC-AUC: 0.630604
2026-01-08 15:49:32,134 - INFO: Evaluating at iteration 39486
2026-01-08 15:49:32,583 - INFO: Loss: 0.080781
2026-01-08 15:49:32,583 - INFO: Training ROC-AUC: 1.000000
2026-01-08 15:49:32,583 - INFO: Validation ROC-AUC: 0.630904
2026-01-08 15:49:35,304 - INFO: Starting epoch 19
2026-01-08 15:49:35,319 - INFO: Evaluating at iteration 39691
2026-01-08 15:49:35,767 - INFO: Loss: 0.110071
2026-01-08 15:49:35,767 - INFO: Training ROC-AUC: 1.000000
2026-01-08 15:49:35,767 - INFO: Validation ROC-AUC: 0.633283
2026-01-08 15:49:42,439 - INFO: Evaluating at iteration 40191
2026-01-08 15:49:42,913 - INFO: Loss: 0.246970
2026-01-08 15:49:42,913 - INFO: Training ROC-AUC: 0.903846
2026-01-08 15:49:42,913 - INFO: Validation ROC-AUC: 0.624816
2026-01-08 15:49:49,572 - INFO: Evaluating at iteration 40691
2026-01-08 15:49:50,031 - INFO: Loss: 0.387170
2026-01-08 15:49:50,032 - INFO: Training ROC-AUC: 0.896104
2026-01-08 15:49:50,032 - INFO: Validation ROC-AUC: 0.633915
2026-01-08 15:49:56,725 - INFO: Evaluating at iteration 41191
2026-01-08 15:49:57,175 - INFO: Loss: 0.132965
2026-01-08 15:49:57,175 - INFO: Training ROC-AUC: 0.977011
2026-01-08 15:49:57,175 - INFO: Validation ROC-AUC: 0.628588
2026-01-08 15:50:03,831 - INFO: Evaluating at iteration 41691
2026-01-08 15:50:04,279 - INFO: Loss: 0.103493
2026-01-08 15:50:04,279 - INFO: Training ROC-AUC: 0.992593
2026-01-08 15:50:04,279 - INFO: Validation ROC-AUC: 0.623718
2026-01-08 15:50:07,022 - INFO: Starting epoch 20
2026-01-08 15:50:07,036 - INFO: Evaluating at iteration 41896
2026-01-08 15:50:07,484 - INFO: Loss: 0.514374
2026-01-08 15:50:07,484 - INFO: Training ROC-AUC: 0.769231
2026-01-08 15:50:07,484 - INFO: Validation ROC-AUC: 0.621533
2026-01-08 15:50:14,194 - INFO: Evaluating at iteration 42396
2026-01-08 15:50:14,639 - INFO: Loss: 0.105536
2026-01-08 15:50:14,639 - INFO: Training ROC-AUC: 0.977778
2026-01-08 15:50:14,639 - INFO: Validation ROC-AUC: 0.625642
2026-01-08 15:50:21,369 - INFO: Evaluating at iteration 42896
2026-01-08 15:50:21,814 - INFO: Loss: 0.147951
2026-01-08 15:50:21,814 - INFO: Training ROC-AUC: 0.982857
2026-01-08 15:50:21,814 - INFO: Validation ROC-AUC: 0.628158
2026-01-08 15:50:28,539 - INFO: Evaluating at iteration 43396
2026-01-08 15:50:28,988 - INFO: Loss: 0.105605
2026-01-08 15:50:28,988 - INFO: Training ROC-AUC: 1.000000
2026-01-08 15:50:28,988 - INFO: Validation ROC-AUC: 0.630812
2026-01-08 15:50:35,715 - INFO: Evaluating at iteration 43896
2026-01-08 15:50:36,163 - INFO: Loss: 0.356517
2026-01-08 15:50:36,163 - INFO: Training ROC-AUC: 0.936364
2026-01-08 15:50:36,163 - INFO: Validation ROC-AUC: 0.630143
2026-01-08 15:50:38,919 - INFO: Starting epoch 21
2026-01-08 15:50:38,934 - INFO: Evaluating at iteration 44101
2026-01-08 15:50:39,381 - INFO: Loss: 0.146715
2026-01-08 15:50:39,381 - INFO: Training ROC-AUC: 0.982857
2026-01-08 15:50:39,381 - INFO: Validation ROC-AUC: 0.627319
2026-01-08 15:50:46,115 - INFO: Evaluating at iteration 44601
2026-01-08 15:50:46,594 - INFO: Loss: 0.142357
2026-01-08 15:50:46,594 - INFO: Training ROC-AUC: 1.000000
2026-01-08 15:50:46,594 - INFO: Validation ROC-AUC: 0.620362
2026-01-08 15:50:53,361 - INFO: Evaluating at iteration 45101
2026-01-08 15:50:53,817 - INFO: Loss: 0.144090
2026-01-08 15:50:53,818 - INFO: Training ROC-AUC: 0.994286
2026-01-08 15:50:53,818 - INFO: Validation ROC-AUC: 0.627056
2026-01-08 15:51:00,571 - INFO: Evaluating at iteration 45601
2026-01-08 15:51:01,019 - INFO: Loss: 0.510124
2026-01-08 15:51:01,019 - INFO: Training ROC-AUC: 0.919028
2026-01-08 15:51:01,019 - INFO: Validation ROC-AUC: 0.627347
2026-01-08 15:51:07,805 - INFO: Evaluating at iteration 46101
2026-01-08 15:51:08,250 - INFO: Loss: 0.128777
2026-01-08 15:51:08,250 - INFO: Training ROC-AUC: 0.987179
2026-01-08 15:51:08,250 - INFO: Validation ROC-AUC: 0.621661
2026-01-08 15:51:11,038 - INFO: Starting epoch 22
2026-01-08 15:51:11,052 - INFO: Evaluating at iteration 46306
2026-01-08 15:51:11,501 - INFO: Loss: 0.167945
2026-01-08 15:51:11,501 - INFO: Training ROC-AUC: 0.919540
2026-01-08 15:51:11,501 - INFO: Validation ROC-AUC: 0.622364
2026-01-08 15:51:18,314 - INFO: Evaluating at iteration 46806
2026-01-08 15:51:18,767 - INFO: Loss: 0.123016
2026-01-08 15:51:18,767 - INFO: Training ROC-AUC: 1.000000
2026-01-08 15:51:18,767 - INFO: Validation ROC-AUC: 0.619895
2026-01-08 15:51:25,527 - INFO: Evaluating at iteration 47306
2026-01-08 15:51:25,977 - INFO: Loss: 0.238966
2026-01-08 15:51:25,977 - INFO: Training ROC-AUC: 0.902857
2026-01-08 15:51:25,977 - INFO: Validation ROC-AUC: 0.622479
2026-01-08 15:51:32,746 - INFO: Evaluating at iteration 47806
2026-01-08 15:51:33,198 - INFO: Loss: 0.242757
2026-01-08 15:51:33,198 - INFO: Training ROC-AUC: 0.942857
2026-01-08 15:51:33,198 - INFO: Validation ROC-AUC: 0.624434
2026-01-08 15:51:39,973 - INFO: Evaluating at iteration 48306
2026-01-08 15:51:40,418 - INFO: Loss: 0.131746
2026-01-08 15:51:40,418 - INFO: Training ROC-AUC: 0.964286
2026-01-08 15:51:40,419 - INFO: Validation ROC-AUC: 0.622353
2026-01-08 15:51:43,178 - INFO: Starting epoch 23
2026-01-08 15:51:43,193 - INFO: Evaluating at iteration 48511
2026-01-08 15:51:43,642 - INFO: Loss: 0.468863
2026-01-08 15:51:43,642 - INFO: Training ROC-AUC: 0.900433
2026-01-08 15:51:43,642 - INFO: Validation ROC-AUC: 0.625504
2026-01-08 15:51:50,462 - INFO: Evaluating at iteration 49011
2026-01-08 15:51:50,908 - INFO: Loss: 0.148964
2026-01-08 15:51:50,908 - INFO: Training ROC-AUC: 0.992593
2026-01-08 15:51:50,908 - INFO: Validation ROC-AUC: 0.624940
2026-01-08 15:51:57,697 - INFO: Evaluating at iteration 49511
2026-01-08 15:51:58,144 - INFO: Loss: 0.123699
2026-01-08 15:51:58,144 - INFO: Training ROC-AUC: 0.980769
2026-01-08 15:51:58,145 - INFO: Validation ROC-AUC: 0.625092
2026-01-08 15:52:04,946 - INFO: Evaluating at iteration 50011
2026-01-08 15:52:05,396 - INFO: Loss: 0.114722
2026-01-08 15:52:05,396 - INFO: Training ROC-AUC: 0.966667
2026-01-08 15:52:05,396 - INFO: Validation ROC-AUC: 0.621326
2026-01-08 15:52:12,188 - INFO: Evaluating at iteration 50511
2026-01-08 15:52:12,640 - INFO: Loss: 0.119094
2026-01-08 15:52:12,640 - INFO: Training ROC-AUC: 0.966667
2026-01-08 15:52:12,640 - INFO: Validation ROC-AUC: 0.621820
2026-01-08 15:52:15,433 - INFO: Starting epoch 24
2026-01-08 15:52:15,452 - INFO: Evaluating at iteration 50716
2026-01-08 15:52:15,896 - INFO: Loss: 0.134348
2026-01-08 15:52:15,896 - INFO: Training ROC-AUC: 0.982143
2026-01-08 15:52:15,896 - INFO: Validation ROC-AUC: 0.623039
2026-01-08 15:52:22,721 - INFO: Evaluating at iteration 51216
2026-01-08 15:52:23,166 - INFO: Loss: 0.222419
2026-01-08 15:52:23,166 - INFO: Training ROC-AUC: 0.980769
2026-01-08 15:52:23,166 - INFO: Validation ROC-AUC: 0.617216
2026-01-08 15:52:29,997 - INFO: Evaluating at iteration 51716
2026-01-08 15:52:30,442 - INFO: Loss: 0.206645
2026-01-08 15:52:30,442 - INFO: Training ROC-AUC: 0.967949
2026-01-08 15:52:30,442 - INFO: Validation ROC-AUC: 0.618466
2026-01-08 15:52:37,312 - INFO: Evaluating at iteration 52216
2026-01-08 15:52:37,762 - INFO: Loss: 0.152676
2026-01-08 15:52:37,762 - INFO: Training ROC-AUC: 0.974359
2026-01-08 15:52:37,762 - INFO: Validation ROC-AUC: 0.620380
2026-01-08 15:52:44,623 - INFO: Evaluating at iteration 52716
2026-01-08 15:52:45,071 - INFO: Loss: 0.037174
2026-01-08 15:52:45,072 - INFO: Training ROC-AUC: 1.000000
2026-01-08 15:52:45,072 - INFO: Validation ROC-AUC: 0.624771
2026-01-08 15:52:47,908 - INFO: Starting epoch 25
2026-01-08 15:52:47,924 - INFO: Evaluating at iteration 52921
2026-01-08 15:52:48,399 - INFO: Loss: 0.234394
2026-01-08 15:52:48,399 - INFO: Training ROC-AUC: 0.948718
2026-01-08 15:52:48,399 - INFO: Validation ROC-AUC: 0.624592
2026-01-08 15:52:55,304 - INFO: Evaluating at iteration 53421
2026-01-08 15:52:55,755 - INFO: Loss: 0.075928
2026-01-08 15:52:55,756 - INFO: Training ROC-AUC: 1.000000
2026-01-08 15:52:55,756 - INFO: Validation ROC-AUC: 0.623787
2026-01-08 15:53:02,678 - INFO: Evaluating at iteration 53921
2026-01-08 15:53:03,129 - INFO: Loss: 0.216384
2026-01-08 15:53:03,129 - INFO: Training ROC-AUC: 0.933333
2026-01-08 15:53:03,129 - INFO: Validation ROC-AUC: 0.617074
2026-01-08 15:53:10,073 - INFO: Evaluating at iteration 54421
2026-01-08 15:53:10,520 - INFO: Loss: 0.180520
2026-01-08 15:53:10,520 - INFO: Training ROC-AUC: 0.974359
2026-01-08 15:53:10,520 - INFO: Validation ROC-AUC: 0.619897
2026-01-08 15:53:17,436 - INFO: Evaluating at iteration 54921
2026-01-08 15:53:17,884 - INFO: Loss: 0.110355
2026-01-08 15:53:17,884 - INFO: Training ROC-AUC: 0.992593
2026-01-08 15:53:17,885 - INFO: Validation ROC-AUC: 0.620038
2026-01-08 15:53:20,749 - INFO: Saving model to models/TCRStructMap_peptide_split_cdrs_peptide/model_4.pt
2026-01-08 15:53:20,764 - INFO: Starting fold 5
2026-01-08 15:53:20,845 - INFO: Initialising model
2026-01-08 15:53:20,851 - INFO: Starting training
2026-01-08 15:53:20,851 - INFO: Starting epoch 1
2026-01-08 15:53:20,866 - INFO: Evaluating at iteration 1
2026-01-08 15:53:21,330 - INFO: Loss: 0.689541
2026-01-08 15:53:21,330 - INFO: Training ROC-AUC: 0.598958
2026-01-08 15:53:21,330 - INFO: Validation ROC-AUC: 0.461376
2026-01-08 15:53:27,605 - INFO: Evaluating at iteration 501
2026-01-08 15:53:28,062 - INFO: Loss: 0.485726
2026-01-08 15:53:28,062 - INFO: Training ROC-AUC: 0.602564
2026-01-08 15:53:28,062 - INFO: Validation ROC-AUC: 0.343869
2026-01-08 15:53:34,605 - INFO: Evaluating at iteration 1001
2026-01-08 15:53:35,072 - INFO: Loss: 0.321503
2026-01-08 15:53:35,072 - INFO: Training ROC-AUC: 0.609195
2026-01-08 15:53:35,072 - INFO: Validation ROC-AUC: 0.473476
2026-01-08 15:53:41,518 - INFO: Evaluating at iteration 1501
2026-01-08 15:53:41,976 - INFO: Loss: 0.320549
2026-01-08 15:53:41,976 - INFO: Training ROC-AUC: 0.735632
2026-01-08 15:53:41,976 - INFO: Validation ROC-AUC: 0.480967
2026-01-08 15:53:48,398 - INFO: Evaluating at iteration 2001
2026-01-08 15:53:48,879 - INFO: Loss: 0.395277
2026-01-08 15:53:48,879 - INFO: Training ROC-AUC: 0.482143
2026-01-08 15:53:48,879 - INFO: Validation ROC-AUC: 0.512737
2026-01-08 15:53:51,349 - INFO: Starting epoch 2
2026-01-08 15:53:51,363 - INFO: Evaluating at iteration 2193
2026-01-08 15:53:51,826 - INFO: Loss: 0.387170
2026-01-08 15:53:51,827 - INFO: Training ROC-AUC: 0.902857
2026-01-08 15:53:51,827 - INFO: Validation ROC-AUC: 0.515123
2026-01-08 15:53:58,251 - INFO: Evaluating at iteration 2693
2026-01-08 15:53:58,724 - INFO: Loss: 0.281673
2026-01-08 15:53:58,724 - INFO: Training ROC-AUC: 0.803571
2026-01-08 15:53:58,724 - INFO: Validation ROC-AUC: 0.513452
2026-01-08 15:54:05,132 - INFO: Evaluating at iteration 3193
2026-01-08 15:54:05,593 - INFO: Loss: 0.309508
2026-01-08 15:54:05,593 - INFO: Training ROC-AUC: 0.932292
2026-01-08 15:54:05,593 - INFO: Validation ROC-AUC: 0.533168
2026-01-08 15:54:12,009 - INFO: Evaluating at iteration 3693
2026-01-08 15:54:12,468 - INFO: Loss: 0.346613
2026-01-08 15:54:12,468 - INFO: Training ROC-AUC: 0.711111
2026-01-08 15:54:12,469 - INFO: Validation ROC-AUC: 0.561201
2026-01-08 15:54:18,899 - INFO: Evaluating at iteration 4193
2026-01-08 15:54:19,368 - INFO: Loss: 0.194284
2026-01-08 15:54:19,368 - INFO: Training ROC-AUC: 0.896552
2026-01-08 15:54:19,368 - INFO: Validation ROC-AUC: 0.542694
2026-01-08 15:54:21,821 - INFO: Starting epoch 3
2026-01-08 15:54:21,834 - INFO: Evaluating at iteration 4385
2026-01-08 15:54:22,295 - INFO: Loss: 0.340750
2026-01-08 15:54:22,295 - INFO: Training ROC-AUC: 0.800000
2026-01-08 15:54:22,295 - INFO: Validation ROC-AUC: 0.541649
2026-01-08 15:54:28,706 - INFO: Evaluating at iteration 4885
2026-01-08 15:54:29,169 - INFO: Loss: 0.230128
2026-01-08 15:54:29,170 - INFO: Training ROC-AUC: 0.937143
2026-01-08 15:54:29,170 - INFO: Validation ROC-AUC: 0.547880
2026-01-08 15:54:35,586 - INFO: Evaluating at iteration 5385
2026-01-08 15:54:36,044 - INFO: Loss: 0.169545
2026-01-08 15:54:36,044 - INFO: Training ROC-AUC: 0.645161
2026-01-08 15:54:36,044 - INFO: Validation ROC-AUC: 0.551490
2026-01-08 15:54:42,475 - INFO: Evaluating at iteration 5885
2026-01-08 15:54:42,933 - INFO: Loss: 0.254600
2026-01-08 15:54:42,934 - INFO: Training ROC-AUC: 0.901786
2026-01-08 15:54:42,934 - INFO: Validation ROC-AUC: 0.535140
2026-01-08 15:54:49,361 - INFO: Evaluating at iteration 6385
2026-01-08 15:54:49,822 - INFO: Loss: 0.258967
2026-01-08 15:54:49,822 - INFO: Training ROC-AUC: 0.844444
2026-01-08 15:54:49,822 - INFO: Validation ROC-AUC: 0.525947
2026-01-08 15:54:52,281 - INFO: Starting epoch 4
2026-01-08 15:54:52,298 - INFO: Evaluating at iteration 6577
2026-01-08 15:54:52,758 - INFO: Loss: 0.396469
2026-01-08 15:54:52,759 - INFO: Training ROC-AUC: 0.845714
2026-01-08 15:54:52,759 - INFO: Validation ROC-AUC: 0.535832
2026-01-08 15:54:59,200 - INFO: Evaluating at iteration 7077
2026-01-08 15:54:59,668 - INFO: Loss: 0.276763
2026-01-08 15:54:59,668 - INFO: Training ROC-AUC: 0.942308
2026-01-08 15:54:59,668 - INFO: Validation ROC-AUC: 0.547444
2026-01-08 15:55:06,123 - INFO: Evaluating at iteration 7577
2026-01-08 15:55:06,587 - INFO: Loss: 0.283573
2026-01-08 15:55:06,587 - INFO: Training ROC-AUC: 0.878205
2026-01-08 15:55:06,588 - INFO: Validation ROC-AUC: 0.545083
2026-01-08 15:55:13,041 - INFO: Evaluating at iteration 8077
2026-01-08 15:55:13,502 - INFO: Loss: 0.185281
2026-01-08 15:55:13,502 - INFO: Training ROC-AUC: 0.946429
2026-01-08 15:55:13,502 - INFO: Validation ROC-AUC: 0.551631
2026-01-08 15:55:19,972 - INFO: Evaluating at iteration 8577
2026-01-08 15:55:20,431 - INFO: Loss: 0.201563
2026-01-08 15:55:20,432 - INFO: Training ROC-AUC: 0.866667
2026-01-08 15:55:20,432 - INFO: Validation ROC-AUC: 0.540266
2026-01-08 15:55:22,911 - INFO: Starting epoch 5
2026-01-08 15:55:22,925 - INFO: Evaluating at iteration 8769
2026-01-08 15:55:23,386 - INFO: Loss: 0.295793
2026-01-08 15:55:23,387 - INFO: Training ROC-AUC: 0.891026
2026-01-08 15:55:23,387 - INFO: Validation ROC-AUC: 0.537888
2026-01-08 15:55:29,850 - INFO: Evaluating at iteration 9269
2026-01-08 15:55:30,312 - INFO: Loss: 0.249520
2026-01-08 15:55:30,312 - INFO: Training ROC-AUC: 0.866071
2026-01-08 15:55:30,313 - INFO: Validation ROC-AUC: 0.568448
2026-01-08 15:55:36,761 - INFO: Evaluating at iteration 9769
2026-01-08 15:55:37,223 - INFO: Loss: 0.282238
2026-01-08 15:55:37,223 - INFO: Training ROC-AUC: 0.891429
2026-01-08 15:55:37,223 - INFO: Validation ROC-AUC: 0.551010
2026-01-08 15:55:43,678 - INFO: Evaluating at iteration 10269
2026-01-08 15:55:44,139 - INFO: Loss: 0.286645
2026-01-08 15:55:44,139 - INFO: Training ROC-AUC: 0.935897
2026-01-08 15:55:44,139 - INFO: Validation ROC-AUC: 0.525278
2026-01-08 15:55:50,594 - INFO: Evaluating at iteration 10769
2026-01-08 15:55:51,056 - INFO: Loss: 0.364211
2026-01-08 15:55:51,056 - INFO: Training ROC-AUC: 0.833333
2026-01-08 15:55:51,056 - INFO: Validation ROC-AUC: 0.526106
2026-01-08 15:55:53,527 - INFO: Starting epoch 6
2026-01-08 15:55:53,541 - INFO: Evaluating at iteration 10961
2026-01-08 15:55:54,002 - INFO: Loss: 0.223048
2026-01-08 15:55:54,002 - INFO: Training ROC-AUC: 0.892857
2026-01-08 15:55:54,002 - INFO: Validation ROC-AUC: 0.518099
2026-01-08 15:56:00,459 - INFO: Evaluating at iteration 11461
2026-01-08 15:56:00,918 - INFO: Loss: 0.355344
2026-01-08 15:56:00,918 - INFO: Training ROC-AUC: 0.770370
2026-01-08 15:56:00,918 - INFO: Validation ROC-AUC: 0.514465
2026-01-08 15:56:07,449 - INFO: Evaluating at iteration 11961
2026-01-08 15:56:07,924 - INFO: Loss: 0.199299
2026-01-08 15:56:07,924 - INFO: Training ROC-AUC: 0.955556
2026-01-08 15:56:07,924 - INFO: Validation ROC-AUC: 0.531099
2026-01-08 15:56:14,447 - INFO: Evaluating at iteration 12461
2026-01-08 15:56:14,918 - INFO: Loss: 0.241302
2026-01-08 15:56:14,918 - INFO: Training ROC-AUC: 0.925926
2026-01-08 15:56:14,918 - INFO: Validation ROC-AUC: 0.496623
2026-01-08 15:56:21,402 - INFO: Evaluating at iteration 12961
2026-01-08 15:56:21,863 - INFO: Loss: 0.380091
2026-01-08 15:56:21,863 - INFO: Training ROC-AUC: 0.828125
2026-01-08 15:56:21,863 - INFO: Validation ROC-AUC: 0.520091
2026-01-08 15:56:24,341 - INFO: Starting epoch 7
2026-01-08 15:56:24,356 - INFO: Evaluating at iteration 13153
2026-01-08 15:56:24,823 - INFO: Loss: 0.127673
2026-01-08 15:56:24,823 - INFO: Training ROC-AUC: 1.000000
2026-01-08 15:56:24,823 - INFO: Validation ROC-AUC: 0.525247
2026-01-08 15:56:31,330 - INFO: Evaluating at iteration 13653
2026-01-08 15:56:31,792 - INFO: Loss: 0.223769
2026-01-08 15:56:31,792 - INFO: Training ROC-AUC: 0.954286
2026-01-08 15:56:31,792 - INFO: Validation ROC-AUC: 0.500973
2026-01-08 15:56:38,297 - INFO: Evaluating at iteration 14153
2026-01-08 15:56:38,764 - INFO: Loss: 0.251989
2026-01-08 15:56:38,764 - INFO: Training ROC-AUC: 0.897436
2026-01-08 15:56:38,764 - INFO: Validation ROC-AUC: 0.481392
2026-01-08 15:56:45,260 - INFO: Evaluating at iteration 14653
2026-01-08 15:56:45,718 - INFO: Loss: 0.144237
2026-01-08 15:56:45,718 - INFO: Training ROC-AUC: 0.850000
2026-01-08 15:56:45,718 - INFO: Validation ROC-AUC: 0.496705
2026-01-08 15:56:52,215 - INFO: Evaluating at iteration 15153
2026-01-08 15:56:52,679 - INFO: Loss: 0.325884
2026-01-08 15:56:52,679 - INFO: Training ROC-AUC: 0.666667
2026-01-08 15:56:52,679 - INFO: Validation ROC-AUC: 0.495618
2026-01-08 15:56:55,170 - INFO: Starting epoch 8
2026-01-08 15:56:55,184 - INFO: Evaluating at iteration 15345
2026-01-08 15:56:55,645 - INFO: Loss: 0.346369
2026-01-08 15:56:55,645 - INFO: Training ROC-AUC: 0.826923
2026-01-08 15:56:55,645 - INFO: Validation ROC-AUC: 0.505266
2026-01-08 15:57:02,155 - INFO: Evaluating at iteration 15845
2026-01-08 15:57:02,616 - INFO: Loss: 0.194341
2026-01-08 15:57:02,616 - INFO: Training ROC-AUC: 0.931034
2026-01-08 15:57:02,616 - INFO: Validation ROC-AUC: 0.505035
2026-01-08 15:57:09,145 - INFO: Evaluating at iteration 16345
2026-01-08 15:57:09,621 - INFO: Loss: 0.363759
2026-01-08 15:57:09,622 - INFO: Training ROC-AUC: 0.884058
2026-01-08 15:57:09,622 - INFO: Validation ROC-AUC: 0.494538
2026-01-08 15:57:16,100 - INFO: Evaluating at iteration 16845
2026-01-08 15:57:16,569 - INFO: Loss: 0.298191
2026-01-08 15:57:16,570 - INFO: Training ROC-AUC: 0.897436
2026-01-08 15:57:16,570 - INFO: Validation ROC-AUC: 0.506445
2026-01-08 15:57:23,160 - INFO: Evaluating at iteration 17345
2026-01-08 15:57:23,631 - INFO: Loss: 0.206621
2026-01-08 15:57:23,631 - INFO: Training ROC-AUC: 0.908046
2026-01-08 15:57:23,631 - INFO: Validation ROC-AUC: 0.492497
2026-01-08 15:57:26,154 - INFO: Starting epoch 9
2026-01-08 15:57:26,169 - INFO: Evaluating at iteration 17537
2026-01-08 15:57:26,633 - INFO: Loss: 0.143816
2026-01-08 15:57:26,633 - INFO: Training ROC-AUC: 0.935484
2026-01-08 15:57:26,634 - INFO: Validation ROC-AUC: 0.488185
2026-01-08 15:57:33,261 - INFO: Evaluating at iteration 18037
2026-01-08 15:57:33,732 - INFO: Loss: 0.205092
2026-01-08 15:57:33,733 - INFO: Training ROC-AUC: 0.935897
2026-01-08 15:57:33,733 - INFO: Validation ROC-AUC: 0.492666
2026-01-08 15:57:40,327 - INFO: Evaluating at iteration 18537
2026-01-08 15:57:40,785 - INFO: Loss: 0.274393
2026-01-08 15:57:40,785 - INFO: Training ROC-AUC: 0.850575
2026-01-08 15:57:40,785 - INFO: Validation ROC-AUC: 0.487197
2026-01-08 15:57:47,402 - INFO: Evaluating at iteration 19037
2026-01-08 15:57:47,874 - INFO: Loss: 0.245028
2026-01-08 15:57:47,874 - INFO: Training ROC-AUC: 0.766667
2026-01-08 15:57:47,874 - INFO: Validation ROC-AUC: 0.488398
2026-01-08 15:57:54,459 - INFO: Evaluating at iteration 19537
2026-01-08 15:57:54,922 - INFO: Loss: 0.340718
2026-01-08 15:57:54,923 - INFO: Training ROC-AUC: 0.959091
2026-01-08 15:57:54,923 - INFO: Validation ROC-AUC: 0.489862
2026-01-08 15:57:57,466 - INFO: Starting epoch 10
2026-01-08 15:57:57,481 - INFO: Evaluating at iteration 19729
2026-01-08 15:57:57,952 - INFO: Loss: 0.359634
2026-01-08 15:57:57,952 - INFO: Training ROC-AUC: 0.897143
2026-01-08 15:57:57,952 - INFO: Validation ROC-AUC: 0.492262
2026-01-08 15:58:04,615 - INFO: Evaluating at iteration 20229
2026-01-08 15:58:05,087 - INFO: Loss: 0.085510
2026-01-08 15:58:05,087 - INFO: Training ROC-AUC: 1.000000
2026-01-08 15:58:05,087 - INFO: Validation ROC-AUC: 0.495614
2026-01-08 15:58:11,719 - INFO: Evaluating at iteration 20729
2026-01-08 15:58:12,184 - INFO: Loss: 0.147218
2026-01-08 15:58:12,184 - INFO: Training ROC-AUC: 0.992593
2026-01-08 15:58:12,184 - INFO: Validation ROC-AUC: 0.482555
2026-01-08 15:58:18,870 - INFO: Evaluating at iteration 21229
2026-01-08 15:58:19,331 - INFO: Loss: 0.157772
2026-01-08 15:58:19,331 - INFO: Training ROC-AUC: 0.928571
2026-01-08 15:58:19,331 - INFO: Validation ROC-AUC: 0.494423
2026-01-08 15:58:25,892 - INFO: Evaluating at iteration 21729
2026-01-08 15:58:26,358 - INFO: Loss: 0.209278
2026-01-08 15:58:26,359 - INFO: Training ROC-AUC: 0.933333
2026-01-08 15:58:26,359 - INFO: Validation ROC-AUC: 0.502681
2026-01-08 15:58:29,128 - INFO: Starting epoch 11
2026-01-08 15:58:29,146 - INFO: Evaluating at iteration 21921
2026-01-08 15:58:29,637 - INFO: Loss: 0.193992
2026-01-08 15:58:29,637 - INFO: Training ROC-AUC: 0.971429
2026-01-08 15:58:29,638 - INFO: Validation ROC-AUC: 0.493975
2026-01-08 15:58:37,036 - INFO: Evaluating at iteration 22421
2026-01-08 15:58:37,532 - INFO: Loss: 0.277074
2026-01-08 15:58:37,532 - INFO: Training ROC-AUC: 0.837037
2026-01-08 15:58:37,532 - INFO: Validation ROC-AUC: 0.493398
2026-01-08 15:58:44,822 - INFO: Evaluating at iteration 22921
2026-01-08 15:58:45,318 - INFO: Loss: 0.201003
2026-01-08 15:58:45,318 - INFO: Training ROC-AUC: 0.919643
2026-01-08 15:58:45,319 - INFO: Validation ROC-AUC: 0.484741
2026-01-08 15:58:52,567 - INFO: Evaluating at iteration 23421
2026-01-08 15:58:53,038 - INFO: Loss: 0.396218
2026-01-08 15:58:53,038 - INFO: Training ROC-AUC: 0.732143
2026-01-08 15:58:53,038 - INFO: Validation ROC-AUC: 0.494650
2026-01-08 15:58:59,736 - INFO: Evaluating at iteration 23921
2026-01-08 15:59:00,210 - INFO: Loss: 0.208123
2026-01-08 15:59:00,210 - INFO: Training ROC-AUC: 0.948571
2026-01-08 15:59:00,210 - INFO: Validation ROC-AUC: 0.483912
2026-01-08 15:59:02,766 - INFO: Starting epoch 12
2026-01-08 15:59:02,780 - INFO: Evaluating at iteration 24113
2026-01-08 15:59:03,242 - INFO: Loss: 0.224716
2026-01-08 15:59:03,242 - INFO: Training ROC-AUC: 0.919643
2026-01-08 15:59:03,242 - INFO: Validation ROC-AUC: 0.497000
2026-01-08 15:59:09,786 - INFO: Evaluating at iteration 24613
2026-01-08 15:59:10,246 - INFO: Loss: 0.140533
2026-01-08 15:59:10,246 - INFO: Training ROC-AUC: 0.970370
2026-01-08 15:59:10,246 - INFO: Validation ROC-AUC: 0.506550
2026-01-08 15:59:16,782 - INFO: Evaluating at iteration 25113
2026-01-08 15:59:17,242 - INFO: Loss: 0.149223
2026-01-08 15:59:17,242 - INFO: Training ROC-AUC: 0.950000
2026-01-08 15:59:17,243 - INFO: Validation ROC-AUC: 0.494547
2026-01-08 15:59:23,790 - INFO: Evaluating at iteration 25613
2026-01-08 15:59:24,253 - INFO: Loss: 0.214736
2026-01-08 15:59:24,253 - INFO: Training ROC-AUC: 0.903704
2026-01-08 15:59:24,253 - INFO: Validation ROC-AUC: 0.495410
2026-01-08 15:59:30,778 - INFO: Evaluating at iteration 26113
2026-01-08 15:59:31,243 - INFO: Loss: 0.195399
2026-01-08 15:59:31,243 - INFO: Training ROC-AUC: 0.931034
2026-01-08 15:59:31,244 - INFO: Validation ROC-AUC: 0.496814
2026-01-08 15:59:33,758 - INFO: Starting epoch 13
2026-01-08 15:59:33,773 - INFO: Evaluating at iteration 26305
2026-01-08 15:59:34,240 - INFO: Loss: 0.206508
2026-01-08 15:59:34,240 - INFO: Training ROC-AUC: 0.933333
2026-01-08 15:59:34,240 - INFO: Validation ROC-AUC: 0.479001
2026-01-08 15:59:40,789 - INFO: Evaluating at iteration 26805
2026-01-08 15:59:41,255 - INFO: Loss: 0.251399
2026-01-08 15:59:41,256 - INFO: Training ROC-AUC: 0.937143
2026-01-08 15:59:41,256 - INFO: Validation ROC-AUC: 0.483435
2026-01-08 15:59:47,781 - INFO: Evaluating at iteration 27305
2026-01-08 15:59:48,263 - INFO: Loss: 0.144090
2026-01-08 15:59:48,263 - INFO: Training ROC-AUC: 1.000000
2026-01-08 15:59:48,263 - INFO: Validation ROC-AUC: 0.497770
2026-01-08 15:59:54,819 - INFO: Evaluating at iteration 27805
2026-01-08 15:59:55,295 - INFO: Loss: 0.365684
2026-01-08 15:59:55,295 - INFO: Training ROC-AUC: 0.755556
2026-01-08 15:59:55,295 - INFO: Validation ROC-AUC: 0.491507
2026-01-08 16:00:01,855 - INFO: Evaluating at iteration 28305
2026-01-08 16:00:02,320 - INFO: Loss: 0.165119
2026-01-08 16:00:02,320 - INFO: Training ROC-AUC: 0.985185
2026-01-08 16:00:02,320 - INFO: Validation ROC-AUC: 0.483307
2026-01-08 16:00:04,866 - INFO: Starting epoch 14
2026-01-08 16:00:04,881 - INFO: Evaluating at iteration 28497
2026-01-08 16:00:05,347 - INFO: Loss: 0.212524
2026-01-08 16:00:05,347 - INFO: Training ROC-AUC: 0.929487
2026-01-08 16:00:05,347 - INFO: Validation ROC-AUC: 0.481120
2026-01-08 16:00:11,921 - INFO: Evaluating at iteration 28997
2026-01-08 16:00:12,397 - INFO: Loss: 0.143980
2026-01-08 16:00:12,397 - INFO: Training ROC-AUC: 0.967742
2026-01-08 16:00:12,397 - INFO: Validation ROC-AUC: 0.494116
2026-01-08 16:00:18,977 - INFO: Evaluating at iteration 29497
2026-01-08 16:00:19,444 - INFO: Loss: 0.211667
2026-01-08 16:00:19,445 - INFO: Training ROC-AUC: 0.955128
2026-01-08 16:00:19,445 - INFO: Validation ROC-AUC: 0.482724
2026-01-08 16:00:25,997 - INFO: Evaluating at iteration 29997
2026-01-08 16:00:26,461 - INFO: Loss: 0.259021
2026-01-08 16:00:26,461 - INFO: Training ROC-AUC: 0.953125
2026-01-08 16:00:26,461 - INFO: Validation ROC-AUC: 0.482297
2026-01-08 16:00:33,010 - INFO: Evaluating at iteration 30497
2026-01-08 16:00:33,474 - INFO: Loss: 0.309703
2026-01-08 16:00:33,474 - INFO: Training ROC-AUC: 0.869792
2026-01-08 16:00:33,474 - INFO: Validation ROC-AUC: 0.489021
2026-01-08 16:00:36,000 - INFO: Starting epoch 15
2026-01-08 16:00:36,015 - INFO: Evaluating at iteration 30689
2026-01-08 16:00:36,478 - INFO: Loss: 0.219919
2026-01-08 16:00:36,478 - INFO: Training ROC-AUC: 0.942708
2026-01-08 16:00:36,478 - INFO: Validation ROC-AUC: 0.493938
2026-01-08 16:00:43,062 - INFO: Evaluating at iteration 31189
2026-01-08 16:00:43,540 - INFO: Loss: 0.160479
2026-01-08 16:00:43,540 - INFO: Training ROC-AUC: 0.980769
2026-01-08 16:00:43,540 - INFO: Validation ROC-AUC: 0.491503
2026-01-08 16:00:50,103 - INFO: Evaluating at iteration 31689
2026-01-08 16:00:50,577 - INFO: Loss: 0.259602
2026-01-08 16:00:50,577 - INFO: Training ROC-AUC: 0.911458
2026-01-08 16:00:50,577 - INFO: Validation ROC-AUC: 0.485951
2026-01-08 16:00:57,149 - INFO: Evaluating at iteration 32189
2026-01-08 16:00:57,609 - INFO: Loss: 0.354974
2026-01-08 16:00:57,610 - INFO: Training ROC-AUC: 0.880208
2026-01-08 16:00:57,610 - INFO: Validation ROC-AUC: 0.487363
2026-01-08 16:01:04,186 - INFO: Evaluating at iteration 32689
2026-01-08 16:01:04,646 - INFO: Loss: 0.229298
2026-01-08 16:01:04,646 - INFO: Training ROC-AUC: 0.888889
2026-01-08 16:01:04,646 - INFO: Validation ROC-AUC: 0.494339
2026-01-08 16:01:07,182 - INFO: Starting epoch 16
2026-01-08 16:01:07,196 - INFO: Evaluating at iteration 32881
2026-01-08 16:01:07,659 - INFO: Loss: 0.245166
2026-01-08 16:01:07,659 - INFO: Training ROC-AUC: 0.948718
2026-01-08 16:01:07,659 - INFO: Validation ROC-AUC: 0.489647
2026-01-08 16:01:14,248 - INFO: Evaluating at iteration 33381
2026-01-08 16:01:14,712 - INFO: Loss: 0.200795
2026-01-08 16:01:14,712 - INFO: Training ROC-AUC: 0.940741
2026-01-08 16:01:14,712 - INFO: Validation ROC-AUC: 0.488262
2026-01-08 16:01:21,261 - INFO: Evaluating at iteration 33881
2026-01-08 16:01:21,722 - INFO: Loss: 0.247222
2026-01-08 16:01:21,722 - INFO: Training ROC-AUC: 0.968182
2026-01-08 16:01:21,722 - INFO: Validation ROC-AUC: 0.493552
2026-01-08 16:01:28,295 - INFO: Evaluating at iteration 34381
2026-01-08 16:01:28,755 - INFO: Loss: 0.235212
2026-01-08 16:01:28,756 - INFO: Training ROC-AUC: 0.896296
2026-01-08 16:01:28,756 - INFO: Validation ROC-AUC: 0.488513
2026-01-08 16:01:35,339 - INFO: Evaluating at iteration 34881
2026-01-08 16:01:35,803 - INFO: Loss: 0.259350
2026-01-08 16:01:35,803 - INFO: Training ROC-AUC: 0.884615
2026-01-08 16:01:35,803 - INFO: Validation ROC-AUC: 0.491601
2026-01-08 16:01:38,338 - INFO: Starting epoch 17
2026-01-08 16:01:38,354 - INFO: Evaluating at iteration 35073
2026-01-08 16:01:38,814 - INFO: Loss: 0.165328
2026-01-08 16:01:38,814 - INFO: Training ROC-AUC: 0.955556
2026-01-08 16:01:38,814 - INFO: Validation ROC-AUC: 0.500876
2026-01-08 16:01:45,382 - INFO: Evaluating at iteration 35573
2026-01-08 16:01:45,849 - INFO: Loss: 0.292794
2026-01-08 16:01:45,849 - INFO: Training ROC-AUC: 0.781609
2026-01-08 16:01:45,849 - INFO: Validation ROC-AUC: 0.482542
2026-01-08 16:01:52,409 - INFO: Evaluating at iteration 36073
2026-01-08 16:01:52,876 - INFO: Loss: 0.477235
2026-01-08 16:01:52,876 - INFO: Training ROC-AUC: 0.939394
2026-01-08 16:01:52,876 - INFO: Validation ROC-AUC: 0.476459
2026-01-08 16:01:59,467 - INFO: Evaluating at iteration 36573
2026-01-08 16:01:59,931 - INFO: Loss: 0.179253
2026-01-08 16:01:59,931 - INFO: Training ROC-AUC: 0.955357
2026-01-08 16:01:59,931 - INFO: Validation ROC-AUC: 0.488155
2026-01-08 16:02:06,524 - INFO: Evaluating at iteration 37073
2026-01-08 16:02:06,987 - INFO: Loss: 0.118560
2026-01-08 16:02:06,987 - INFO: Training ROC-AUC: 0.966667
2026-01-08 16:02:06,987 - INFO: Validation ROC-AUC: 0.478743
2026-01-08 16:02:09,550 - INFO: Starting epoch 18
2026-01-08 16:02:09,565 - INFO: Evaluating at iteration 37265
2026-01-08 16:02:10,027 - INFO: Loss: 0.144821
2026-01-08 16:02:10,027 - INFO: Training ROC-AUC: 0.950000
2026-01-08 16:02:10,027 - INFO: Validation ROC-AUC: 0.494387
2026-01-08 16:02:16,631 - INFO: Evaluating at iteration 37765
2026-01-08 16:02:17,093 - INFO: Loss: 0.389967
2026-01-08 16:02:17,094 - INFO: Training ROC-AUC: 0.811594
2026-01-08 16:02:17,094 - INFO: Validation ROC-AUC: 0.487487
2026-01-08 16:02:23,702 - INFO: Evaluating at iteration 38265
2026-01-08 16:02:24,168 - INFO: Loss: 0.202731
2026-01-08 16:02:24,168 - INFO: Training ROC-AUC: 0.948148
2026-01-08 16:02:24,168 - INFO: Validation ROC-AUC: 0.493326
2026-01-08 16:02:30,754 - INFO: Evaluating at iteration 38765
2026-01-08 16:02:31,220 - INFO: Loss: 0.325429
2026-01-08 16:02:31,220 - INFO: Training ROC-AUC: 0.942029
2026-01-08 16:02:31,220 - INFO: Validation ROC-AUC: 0.482873
2026-01-08 16:02:37,831 - INFO: Evaluating at iteration 39265
2026-01-08 16:02:38,296 - INFO: Loss: 0.160678
2026-01-08 16:02:38,296 - INFO: Training ROC-AUC: 0.954023
2026-01-08 16:02:38,297 - INFO: Validation ROC-AUC: 0.478507
2026-01-08 16:02:40,826 - INFO: Starting epoch 19
2026-01-08 16:02:40,841 - INFO: Evaluating at iteration 39457
2026-01-08 16:02:41,307 - INFO: Loss: 0.149268
2026-01-08 16:02:41,307 - INFO: Training ROC-AUC: 0.946429
2026-01-08 16:02:41,307 - INFO: Validation ROC-AUC: 0.484941
2026-01-08 16:02:47,934 - INFO: Evaluating at iteration 39957
2026-01-08 16:02:48,397 - INFO: Loss: 0.223158
2026-01-08 16:02:48,397 - INFO: Training ROC-AUC: 0.931034
2026-01-08 16:02:48,397 - INFO: Validation ROC-AUC: 0.487309
2026-01-08 16:02:54,992 - INFO: Evaluating at iteration 40457
2026-01-08 16:02:55,458 - INFO: Loss: 0.263475
2026-01-08 16:02:55,458 - INFO: Training ROC-AUC: 0.948718
2026-01-08 16:02:55,458 - INFO: Validation ROC-AUC: 0.484695
2026-01-08 16:03:02,074 - INFO: Evaluating at iteration 40957
2026-01-08 16:03:02,538 - INFO: Loss: 0.214373
2026-01-08 16:03:02,538 - INFO: Training ROC-AUC: 0.885057
2026-01-08 16:03:02,538 - INFO: Validation ROC-AUC: 0.473709
2026-01-08 16:03:09,178 - INFO: Evaluating at iteration 41457
2026-01-08 16:03:09,644 - INFO: Loss: 0.190357
2026-01-08 16:03:09,644 - INFO: Training ROC-AUC: 0.974359
2026-01-08 16:03:09,645 - INFO: Validation ROC-AUC: 0.473277
2026-01-08 16:03:12,186 - INFO: Starting epoch 20
2026-01-08 16:03:12,200 - INFO: Evaluating at iteration 41649
2026-01-08 16:03:12,660 - INFO: Loss: 0.142883
2026-01-08 16:03:12,660 - INFO: Training ROC-AUC: 0.950000
2026-01-08 16:03:12,661 - INFO: Validation ROC-AUC: 0.478084
2026-01-08 16:03:19,349 - INFO: Evaluating at iteration 42149
2026-01-08 16:03:19,816 - INFO: Loss: 0.178571
2026-01-08 16:03:19,816 - INFO: Training ROC-AUC: 0.919643
2026-01-08 16:03:19,816 - INFO: Validation ROC-AUC: 0.485363
2026-01-08 16:03:26,420 - INFO: Evaluating at iteration 42649
2026-01-08 16:03:26,885 - INFO: Loss: 0.073451
2026-01-08 16:03:26,886 - INFO: Training ROC-AUC: 1.000000
2026-01-08 16:03:26,886 - INFO: Validation ROC-AUC: 0.485489
2026-01-08 16:03:33,541 - INFO: Evaluating at iteration 43149
2026-01-08 16:03:34,008 - INFO: Loss: 0.087057
2026-01-08 16:03:34,008 - INFO: Training ROC-AUC: 1.000000
2026-01-08 16:03:34,008 - INFO: Validation ROC-AUC: 0.489110
2026-01-08 16:03:40,646 - INFO: Evaluating at iteration 43649
2026-01-08 16:03:41,108 - INFO: Loss: 0.238111
2026-01-08 16:03:41,108 - INFO: Training ROC-AUC: 0.903704
2026-01-08 16:03:41,108 - INFO: Validation ROC-AUC: 0.491884
2026-01-08 16:03:43,670 - INFO: Starting epoch 21
2026-01-08 16:03:43,685 - INFO: Evaluating at iteration 43841
2026-01-08 16:03:44,147 - INFO: Loss: 0.217660
2026-01-08 16:03:44,147 - INFO: Training ROC-AUC: 0.948718
2026-01-08 16:03:44,147 - INFO: Validation ROC-AUC: 0.477315
2026-01-08 16:03:50,796 - INFO: Evaluating at iteration 44341
2026-01-08 16:03:51,257 - INFO: Loss: 0.271684
2026-01-08 16:03:51,257 - INFO: Training ROC-AUC: 0.923077
2026-01-08 16:03:51,257 - INFO: Validation ROC-AUC: 0.482093
2026-01-08 16:03:57,918 - INFO: Evaluating at iteration 44841
2026-01-08 16:03:58,380 - INFO: Loss: 0.115246
2026-01-08 16:03:58,380 - INFO: Training ROC-AUC: 1.000000
2026-01-08 16:03:58,380 - INFO: Validation ROC-AUC: 0.484728
2026-01-08 16:04:05,061 - INFO: Evaluating at iteration 45341
2026-01-08 16:04:05,523 - INFO: Loss: 0.143809
2026-01-08 16:04:05,523 - INFO: Training ROC-AUC: 0.919540
2026-01-08 16:04:05,523 - INFO: Validation ROC-AUC: 0.485125
2026-01-08 16:04:12,185 - INFO: Evaluating at iteration 45841
2026-01-08 16:04:12,646 - INFO: Loss: 0.151862
2026-01-08 16:04:12,646 - INFO: Training ROC-AUC: 1.000000
2026-01-08 16:04:12,646 - INFO: Validation ROC-AUC: 0.485837
2026-01-08 16:04:15,200 - INFO: Starting epoch 22
2026-01-08 16:04:15,214 - INFO: Evaluating at iteration 46033
2026-01-08 16:04:15,676 - INFO: Loss: 0.125215
2026-01-08 16:04:15,676 - INFO: Training ROC-AUC: 0.977778
2026-01-08 16:04:15,676 - INFO: Validation ROC-AUC: 0.487944
2026-01-08 16:04:22,400 - INFO: Evaluating at iteration 46533
2026-01-08 16:04:22,877 - INFO: Loss: 0.387436
2026-01-08 16:04:22,877 - INFO: Training ROC-AUC: 0.762963
2026-01-08 16:04:22,877 - INFO: Validation ROC-AUC: 0.484084
2026-01-08 16:04:29,567 - INFO: Evaluating at iteration 47033
2026-01-08 16:04:30,036 - INFO: Loss: 0.324508
2026-01-08 16:04:30,036 - INFO: Training ROC-AUC: 0.897436
2026-01-08 16:04:30,036 - INFO: Validation ROC-AUC: 0.480515
2026-01-08 16:04:36,778 - INFO: Evaluating at iteration 47533
2026-01-08 16:04:37,238 - INFO: Loss: 0.150908
2026-01-08 16:04:37,239 - INFO: Training ROC-AUC: 1.000000
2026-01-08 16:04:37,239 - INFO: Validation ROC-AUC: 0.484233
2026-01-08 16:04:43,969 - INFO: Evaluating at iteration 48033
2026-01-08 16:04:44,428 - INFO: Loss: 0.273453
2026-01-08 16:04:44,428 - INFO: Training ROC-AUC: 0.918519
2026-01-08 16:04:44,428 - INFO: Validation ROC-AUC: 0.487213
2026-01-08 16:04:47,024 - INFO: Starting epoch 23
2026-01-08 16:04:47,039 - INFO: Evaluating at iteration 48225
2026-01-08 16:04:47,503 - INFO: Loss: 0.209029
2026-01-08 16:04:47,503 - INFO: Training ROC-AUC: 0.948718
2026-01-08 16:04:47,503 - INFO: Validation ROC-AUC: 0.490560
2026-01-08 16:04:54,307 - INFO: Evaluating at iteration 48725
2026-01-08 16:04:54,774 - INFO: Loss: 0.121125
2026-01-08 16:04:54,774 - INFO: Training ROC-AUC: 1.000000
2026-01-08 16:04:54,774 - INFO: Validation ROC-AUC: 0.484668
2026-01-08 16:05:01,500 - INFO: Evaluating at iteration 49225
2026-01-08 16:05:01,965 - INFO: Loss: 0.146111
2026-01-08 16:05:01,965 - INFO: Training ROC-AUC: 0.977778
2026-01-08 16:05:01,965 - INFO: Validation ROC-AUC: 0.486654
2026-01-08 16:05:08,757 - INFO: Evaluating at iteration 49725
2026-01-08 16:05:09,222 - INFO: Loss: 0.141497
2026-01-08 16:05:09,222 - INFO: Training ROC-AUC: 0.982143
2026-01-08 16:05:09,222 - INFO: Validation ROC-AUC: 0.475076
2026-01-08 16:05:15,971 - INFO: Evaluating at iteration 50225
2026-01-08 16:05:16,434 - INFO: Loss: 0.293622
2026-01-08 16:05:16,434 - INFO: Training ROC-AUC: 0.839286
2026-01-08 16:05:16,434 - INFO: Validation ROC-AUC: 0.479289
2026-01-08 16:05:19,033 - INFO: Starting epoch 24
2026-01-08 16:05:19,049 - INFO: Evaluating at iteration 50417
2026-01-08 16:05:19,519 - INFO: Loss: 0.108947
2026-01-08 16:05:19,520 - INFO: Training ROC-AUC: 1.000000
2026-01-08 16:05:19,520 - INFO: Validation ROC-AUC: 0.474421
2026-01-08 16:05:26,349 - INFO: Evaluating at iteration 50917
2026-01-08 16:05:26,824 - INFO: Loss: 0.226020
2026-01-08 16:05:26,824 - INFO: Training ROC-AUC: 0.942308
2026-01-08 16:05:26,824 - INFO: Validation ROC-AUC: 0.470045
2026-01-08 16:05:33,605 - INFO: Evaluating at iteration 51417
2026-01-08 16:05:34,079 - INFO: Loss: 0.200341
2026-01-08 16:05:34,080 - INFO: Training ROC-AUC: 0.933333
2026-01-08 16:05:34,080 - INFO: Validation ROC-AUC: 0.474823
2026-01-08 16:05:40,924 - INFO: Evaluating at iteration 51917
2026-01-08 16:05:41,390 - INFO: Loss: 0.175932
2026-01-08 16:05:41,390 - INFO: Training ROC-AUC: 0.977143
2026-01-08 16:05:41,390 - INFO: Validation ROC-AUC: 0.486175
2026-01-08 16:05:48,195 - INFO: Evaluating at iteration 52417
2026-01-08 16:05:48,664 - INFO: Loss: 0.265442
2026-01-08 16:05:48,664 - INFO: Training ROC-AUC: 0.897436
2026-01-08 16:05:48,664 - INFO: Validation ROC-AUC: 0.484021
2026-01-08 16:05:51,264 - INFO: Starting epoch 25
2026-01-08 16:05:51,279 - INFO: Evaluating at iteration 52609
2026-01-08 16:05:51,743 - INFO: Loss: 0.134168
2026-01-08 16:05:51,743 - INFO: Training ROC-AUC: 0.974359
2026-01-08 16:05:51,744 - INFO: Validation ROC-AUC: 0.482962
2026-01-08 16:05:58,540 - INFO: Evaluating at iteration 53109
2026-01-08 16:05:59,005 - INFO: Loss: 0.200826
2026-01-08 16:05:59,005 - INFO: Training ROC-AUC: 0.948718
2026-01-08 16:05:59,005 - INFO: Validation ROC-AUC: 0.478059
2026-01-08 16:06:05,838 - INFO: Evaluating at iteration 53609
2026-01-08 16:06:06,302 - INFO: Loss: 0.265339
2026-01-08 16:06:06,302 - INFO: Training ROC-AUC: 0.942857
2026-01-08 16:06:06,302 - INFO: Validation ROC-AUC: 0.486376
2026-01-08 16:06:13,150 - INFO: Evaluating at iteration 54109
2026-01-08 16:06:13,609 - INFO: Loss: 0.071497
2026-01-08 16:06:13,609 - INFO: Training ROC-AUC: 1.000000
2026-01-08 16:06:13,609 - INFO: Validation ROC-AUC: 0.479963
2026-01-08 16:06:20,433 - INFO: Evaluating at iteration 54609
2026-01-08 16:06:20,895 - INFO: Loss: 0.251876
2026-01-08 16:06:20,895 - INFO: Training ROC-AUC: 0.925714
2026-01-08 16:06:20,895 - INFO: Validation ROC-AUC: 0.469876
2026-01-08 16:06:23,535 - INFO: Saving model to models/TCRStructMap_peptide_split_cdrs_peptide/model_5.pt
