2026-01-08 17:39:51,154 - INFO: Parameter: training_data='data/processed/sequences_random_split.h5'
2026-01-08 17:39:51,154 - INFO: Parameter: contact_maps=None
2026-01-08 17:39:51,154 - INFO: Parameter: output='models/TCRStructMap_random_split_sequence_only'
2026-01-08 17:39:51,154 - INFO: Parameter: seed=123
2026-01-08 17:39:51,154 - INFO: Parameter: features_to_include='all'
2026-01-08 17:39:51,154 - INFO: Parameter: cdr1_alpha_length=8
2026-01-08 17:39:51,154 - INFO: Parameter: cdr2_alpha_length=8
2026-01-08 17:39:51,154 - INFO: Parameter: cdr3_alpha_length=24
2026-01-08 17:39:51,154 - INFO: Parameter: cdr1_beta_length=8
2026-01-08 17:39:51,154 - INFO: Parameter: cdr2_beta_length=8
2026-01-08 17:39:51,154 - INFO: Parameter: cdr3_beta_length=24
2026-01-08 17:39:51,154 - INFO: Parameter: peptide_length=12
2026-01-08 17:39:51,154 - INFO: Parameter: mhc_pseudo_length=26
2026-01-08 17:39:51,154 - INFO: Parameter: batch_size=32
2026-01-08 17:39:51,154 - INFO: Parameter: num_epochs=25
2026-01-08 17:39:51,154 - INFO: Parameter: learning_rate=0.001
2026-01-08 17:39:51,154 - INFO: Parameter: drop_out_rate=0.2
2026-01-08 17:39:51,154 - INFO: Parameter: learn_contact_maps=False
2026-01-08 17:39:51,154 - INFO: Parameter: checkpoint_interval=1000
2026-01-08 17:39:51,154 - INFO: Parameter: eval_interval=500
2026-01-08 17:39:51,154 - INFO: Parameter: eval_batch_size=1000
2026-01-08 17:39:51,154 - INFO: Parameter: log_level='info'
2026-01-08 17:39:51,154 - INFO: Parameter: log_file='data/logs/train_TCRStructMap_random_split_sequence_only.log'
2026-01-08 17:39:51,154 - INFO: Setting random seed to 123
2026-01-08 17:39:51,155 - INFO: Loading training data from data/processed/sequences_random_split.h5
2026-01-08 17:39:51,793 - INFO: Creating models/TCRStructMap_random_split_sequence_only
2026-01-08 17:39:51,795 - INFO: Starting fold 1
2026-01-08 17:39:51,937 - INFO: Initialising model
2026-01-08 17:40:03,120 - INFO: Starting training
2026-01-08 17:40:03,120 - INFO: Starting epoch 1
2026-01-08 17:40:03,177 - INFO: Evaluating at iteration 1
2026-01-08 17:40:04,579 - INFO: Loss: 0.694537
2026-01-08 17:40:04,579 - INFO: Training ROC-AUC: 0.365385
2026-01-08 17:40:04,579 - INFO: Validation ROC-AUC: 0.535880
2026-01-08 17:40:16,773 - INFO: Evaluating at iteration 501
2026-01-08 17:40:18,164 - INFO: Loss: 0.487048
2026-01-08 17:40:18,164 - INFO: Training ROC-AUC: 0.362963
2026-01-08 17:40:18,164 - INFO: Validation ROC-AUC: 0.618126
2026-01-08 17:40:30,914 - INFO: Evaluating at iteration 1001
2026-01-08 17:40:32,298 - INFO: Loss: 0.490311
2026-01-08 17:40:32,298 - INFO: Training ROC-AUC: 0.518519
2026-01-08 17:40:32,298 - INFO: Validation ROC-AUC: 0.686262
2026-01-08 17:40:45,228 - INFO: Evaluating at iteration 1501
2026-01-08 17:40:46,563 - INFO: Loss: 0.475538
2026-01-08 17:40:46,563 - INFO: Training ROC-AUC: 0.748571
2026-01-08 17:40:46,563 - INFO: Validation ROC-AUC: 0.716659
2026-01-08 17:40:58,781 - INFO: Evaluating at iteration 2001
2026-01-08 17:41:00,139 - INFO: Loss: 0.416228
2026-01-08 17:41:00,167 - INFO: Training ROC-AUC: 0.666667
2026-01-08 17:41:00,172 - INFO: Validation ROC-AUC: 0.781384
2026-01-08 17:41:02,546 - INFO: Starting epoch 2
2026-01-08 17:41:02,587 - INFO: Evaluating at iteration 2095
2026-01-08 17:41:03,960 - INFO: Loss: 0.381155
2026-01-08 17:41:03,972 - INFO: Training ROC-AUC: 0.775641
2026-01-08 17:41:03,983 - INFO: Validation ROC-AUC: 0.787000
2026-01-08 17:41:16,388 - INFO: Evaluating at iteration 2595
2026-01-08 17:41:17,704 - INFO: Loss: 0.348125
2026-01-08 17:41:17,705 - INFO: Training ROC-AUC: 0.812500
2026-01-08 17:41:17,705 - INFO: Validation ROC-AUC: 0.806259
2026-01-08 17:41:30,310 - INFO: Evaluating at iteration 3095
2026-01-08 17:41:31,629 - INFO: Loss: 0.158715
2026-01-08 17:41:31,629 - INFO: Training ROC-AUC: 0.908046
2026-01-08 17:41:31,629 - INFO: Validation ROC-AUC: 0.816059
2026-01-08 17:41:44,029 - INFO: Evaluating at iteration 3595
2026-01-08 17:41:45,356 - INFO: Loss: 0.132167
2026-01-08 17:41:45,356 - INFO: Training ROC-AUC: 1.000000
2026-01-08 17:41:45,356 - INFO: Validation ROC-AUC: 0.832925
2026-01-08 17:41:57,450 - INFO: Evaluating at iteration 4095
2026-01-08 17:41:58,741 - INFO: Loss: 0.233802
2026-01-08 17:41:58,741 - INFO: Training ROC-AUC: 0.942308
2026-01-08 17:41:58,741 - INFO: Validation ROC-AUC: 0.848752
2026-01-08 17:42:01,012 - INFO: Starting epoch 3
2026-01-08 17:42:01,037 - INFO: Evaluating at iteration 4189
2026-01-08 17:42:02,353 - INFO: Loss: 0.439193
2026-01-08 17:42:02,354 - INFO: Training ROC-AUC: 0.696296
2026-01-08 17:42:02,354 - INFO: Validation ROC-AUC: 0.851694
2026-01-08 17:42:14,451 - INFO: Evaluating at iteration 4689
2026-01-08 17:42:15,770 - INFO: Loss: 0.355914
2026-01-08 17:42:15,770 - INFO: Training ROC-AUC: 0.851429
2026-01-08 17:42:15,770 - INFO: Validation ROC-AUC: 0.858815
2026-01-08 17:42:28,189 - INFO: Evaluating at iteration 5189
2026-01-08 17:42:29,504 - INFO: Loss: 0.156762
2026-01-08 17:42:29,505 - INFO: Training ROC-AUC: 1.000000
2026-01-08 17:42:29,505 - INFO: Validation ROC-AUC: 0.864408
2026-01-08 17:42:42,120 - INFO: Evaluating at iteration 5689
2026-01-08 17:42:43,422 - INFO: Loss: 0.134127
2026-01-08 17:42:43,422 - INFO: Training ROC-AUC: 1.000000
2026-01-08 17:42:43,422 - INFO: Validation ROC-AUC: 0.867583
2026-01-08 17:42:55,746 - INFO: Evaluating at iteration 6189
2026-01-08 17:42:57,061 - INFO: Loss: 0.225836
2026-01-08 17:42:57,061 - INFO: Training ROC-AUC: 0.733333
2026-01-08 17:42:57,061 - INFO: Validation ROC-AUC: 0.872759
2026-01-08 17:42:59,344 - INFO: Starting epoch 4
2026-01-08 17:42:59,369 - INFO: Evaluating at iteration 6283
2026-01-08 17:43:00,659 - INFO: Loss: 0.204511
2026-01-08 17:43:00,659 - INFO: Training ROC-AUC: 0.928571
2026-01-08 17:43:00,659 - INFO: Validation ROC-AUC: 0.867239
2026-01-08 17:43:13,223 - INFO: Evaluating at iteration 6783
2026-01-08 17:43:14,538 - INFO: Loss: 0.151121
2026-01-08 17:43:14,538 - INFO: Training ROC-AUC: 1.000000
2026-01-08 17:43:14,538 - INFO: Validation ROC-AUC: 0.875883
2026-01-08 17:43:27,044 - INFO: Evaluating at iteration 7283
2026-01-08 17:43:28,336 - INFO: Loss: 0.302652
2026-01-08 17:43:28,336 - INFO: Training ROC-AUC: 0.857143
2026-01-08 17:43:28,336 - INFO: Validation ROC-AUC: 0.876529
2026-01-08 17:43:41,027 - INFO: Evaluating at iteration 7783
2026-01-08 17:43:42,369 - INFO: Loss: 0.170118
2026-01-08 17:43:42,369 - INFO: Training ROC-AUC: 0.916667
2026-01-08 17:43:42,369 - INFO: Validation ROC-AUC: 0.880863
2026-01-08 17:43:55,035 - INFO: Evaluating at iteration 8283
2026-01-08 17:43:56,348 - INFO: Loss: 0.335581
2026-01-08 17:43:56,349 - INFO: Training ROC-AUC: 0.820513
2026-01-08 17:43:56,349 - INFO: Validation ROC-AUC: 0.881079
2026-01-08 17:43:58,688 - INFO: Starting epoch 5
2026-01-08 17:43:58,714 - INFO: Evaluating at iteration 8377
2026-01-08 17:44:00,016 - INFO: Loss: 0.577185
2026-01-08 17:44:00,016 - INFO: Training ROC-AUC: 0.583333
2026-01-08 17:44:00,016 - INFO: Validation ROC-AUC: 0.881714
2026-01-08 17:44:12,506 - INFO: Evaluating at iteration 8877
2026-01-08 17:44:13,823 - INFO: Loss: 0.114595
2026-01-08 17:44:13,823 - INFO: Training ROC-AUC: 1.000000
2026-01-08 17:44:13,823 - INFO: Validation ROC-AUC: 0.883857
2026-01-08 17:44:26,289 - INFO: Evaluating at iteration 9377
2026-01-08 17:44:27,594 - INFO: Loss: 0.297540
2026-01-08 17:44:27,594 - INFO: Training ROC-AUC: 0.822222
2026-01-08 17:44:27,594 - INFO: Validation ROC-AUC: 0.886123
2026-01-08 17:44:40,174 - INFO: Evaluating at iteration 9877
2026-01-08 17:44:41,503 - INFO: Loss: 0.263578
2026-01-08 17:44:41,504 - INFO: Training ROC-AUC: 0.911458
2026-01-08 17:44:41,504 - INFO: Validation ROC-AUC: 0.886680
2026-01-08 17:44:54,162 - INFO: Evaluating at iteration 10377
2026-01-08 17:44:55,491 - INFO: Loss: 0.280656
2026-01-08 17:44:55,492 - INFO: Training ROC-AUC: 0.897436
2026-01-08 17:44:55,492 - INFO: Validation ROC-AUC: 0.888567
2026-01-08 17:44:57,880 - INFO: Starting epoch 6
2026-01-08 17:44:57,906 - INFO: Evaluating at iteration 10471
2026-01-08 17:44:59,207 - INFO: Loss: 0.376678
2026-01-08 17:44:59,207 - INFO: Training ROC-AUC: 0.775641
2026-01-08 17:44:59,207 - INFO: Validation ROC-AUC: 0.888736
2026-01-08 17:45:12,038 - INFO: Evaluating at iteration 10971
2026-01-08 17:45:13,375 - INFO: Loss: 0.133350
2026-01-08 17:45:13,375 - INFO: Training ROC-AUC: 1.000000
2026-01-08 17:45:13,375 - INFO: Validation ROC-AUC: 0.889735
2026-01-08 17:45:26,337 - INFO: Evaluating at iteration 11471
2026-01-08 17:45:27,629 - INFO: Loss: 0.294379
2026-01-08 17:45:27,630 - INFO: Training ROC-AUC: 0.814103
2026-01-08 17:45:27,630 - INFO: Validation ROC-AUC: 0.889102
2026-01-08 17:45:40,178 - INFO: Evaluating at iteration 11971
2026-01-08 17:45:41,485 - INFO: Loss: 0.319194
2026-01-08 17:45:41,485 - INFO: Training ROC-AUC: 0.865385
2026-01-08 17:45:41,485 - INFO: Validation ROC-AUC: 0.891162
2026-01-08 17:45:53,973 - INFO: Evaluating at iteration 12471
2026-01-08 17:45:55,282 - INFO: Loss: 0.291782
2026-01-08 17:45:55,283 - INFO: Training ROC-AUC: 0.851852
2026-01-08 17:45:55,283 - INFO: Validation ROC-AUC: 0.892870
2026-01-08 17:45:57,640 - INFO: Starting epoch 7
2026-01-08 17:45:57,666 - INFO: Evaluating at iteration 12565
2026-01-08 17:45:58,958 - INFO: Loss: 0.107701
2026-01-08 17:45:58,958 - INFO: Training ROC-AUC: 0.977011
2026-01-08 17:45:58,958 - INFO: Validation ROC-AUC: 0.892188
2026-01-08 17:46:11,913 - INFO: Evaluating at iteration 13065
2026-01-08 17:46:13,264 - INFO: Loss: 0.150662
2026-01-08 17:46:13,264 - INFO: Training ROC-AUC: 0.977011
2026-01-08 17:46:13,264 - INFO: Validation ROC-AUC: 0.891364
2026-01-08 17:46:25,831 - INFO: Evaluating at iteration 13565
2026-01-08 17:46:27,155 - INFO: Loss: 0.192504
2026-01-08 17:46:27,155 - INFO: Training ROC-AUC: 0.916667
2026-01-08 17:46:27,155 - INFO: Validation ROC-AUC: 0.892542
2026-01-08 17:46:39,690 - INFO: Evaluating at iteration 14065
2026-01-08 17:46:40,999 - INFO: Loss: 0.197922
2026-01-08 17:46:40,999 - INFO: Training ROC-AUC: 0.919643
2026-01-08 17:46:40,999 - INFO: Validation ROC-AUC: 0.894114
2026-01-08 17:46:53,558 - INFO: Evaluating at iteration 14565
2026-01-08 17:46:54,869 - INFO: Loss: 0.393355
2026-01-08 17:46:54,869 - INFO: Training ROC-AUC: 0.890625
2026-01-08 17:46:54,869 - INFO: Validation ROC-AUC: 0.895759
2026-01-08 17:46:57,214 - INFO: Starting epoch 8
2026-01-08 17:46:57,239 - INFO: Evaluating at iteration 14659
2026-01-08 17:46:58,548 - INFO: Loss: 0.250772
2026-01-08 17:46:58,548 - INFO: Training ROC-AUC: 0.918519
2026-01-08 17:46:58,548 - INFO: Validation ROC-AUC: 0.895886
2026-01-08 17:47:10,988 - INFO: Evaluating at iteration 15159
2026-01-08 17:47:12,319 - INFO: Loss: 0.221644
2026-01-08 17:47:12,320 - INFO: Training ROC-AUC: 0.948718
2026-01-08 17:47:12,320 - INFO: Validation ROC-AUC: 0.896072
2026-01-08 17:47:24,960 - INFO: Evaluating at iteration 15659
2026-01-08 17:47:26,279 - INFO: Loss: 0.123732
2026-01-08 17:47:26,279 - INFO: Training ROC-AUC: 0.964286
2026-01-08 17:47:26,279 - INFO: Validation ROC-AUC: 0.895434
2026-01-08 17:47:38,644 - INFO: Evaluating at iteration 16159
2026-01-08 17:47:39,951 - INFO: Loss: 0.308039
2026-01-08 17:47:39,951 - INFO: Training ROC-AUC: 0.885714
2026-01-08 17:47:39,951 - INFO: Validation ROC-AUC: 0.896229
2026-01-08 17:47:52,810 - INFO: Evaluating at iteration 16659
2026-01-08 17:47:54,111 - INFO: Loss: 0.157911
2026-01-08 17:47:54,112 - INFO: Training ROC-AUC: 0.985507
2026-01-08 17:47:54,112 - INFO: Validation ROC-AUC: 0.898425
2026-01-08 17:47:56,582 - INFO: Starting epoch 9
2026-01-08 17:47:56,609 - INFO: Evaluating at iteration 16753
2026-01-08 17:47:57,958 - INFO: Loss: 0.113651
2026-01-08 17:47:57,958 - INFO: Training ROC-AUC: 1.000000
2026-01-08 17:47:57,958 - INFO: Validation ROC-AUC: 0.898107
2026-01-08 17:48:10,878 - INFO: Evaluating at iteration 17253
2026-01-08 17:48:12,184 - INFO: Loss: 0.245267
2026-01-08 17:48:12,184 - INFO: Training ROC-AUC: 0.923077
2026-01-08 17:48:12,184 - INFO: Validation ROC-AUC: 0.897380
2026-01-08 17:48:25,132 - INFO: Evaluating at iteration 17753
2026-01-08 17:48:26,453 - INFO: Loss: 0.390210
2026-01-08 17:48:26,453 - INFO: Training ROC-AUC: 0.878205
2026-01-08 17:48:26,453 - INFO: Validation ROC-AUC: 0.898764
2026-01-08 17:48:39,255 - INFO: Evaluating at iteration 18253
2026-01-08 17:48:40,564 - INFO: Loss: 0.233282
2026-01-08 17:48:40,564 - INFO: Training ROC-AUC: 0.948718
2026-01-08 17:48:40,564 - INFO: Validation ROC-AUC: 0.899575
2026-01-08 17:48:53,441 - INFO: Evaluating at iteration 18753
2026-01-08 17:48:54,755 - INFO: Loss: 0.186396
2026-01-08 17:48:54,755 - INFO: Training ROC-AUC: 0.955357
2026-01-08 17:48:54,755 - INFO: Validation ROC-AUC: 0.897255
2026-01-08 17:48:57,178 - INFO: Starting epoch 10
2026-01-08 17:48:57,205 - INFO: Evaluating at iteration 18847
2026-01-08 17:48:58,510 - INFO: Loss: 0.155420
2026-01-08 17:48:58,510 - INFO: Training ROC-AUC: 0.993590
2026-01-08 17:48:58,510 - INFO: Validation ROC-AUC: 0.897871
2026-01-08 17:49:11,430 - INFO: Evaluating at iteration 19347
2026-01-08 17:49:12,725 - INFO: Loss: 0.133771
2026-01-08 17:49:12,725 - INFO: Training ROC-AUC: 0.983333
2026-01-08 17:49:12,725 - INFO: Validation ROC-AUC: 0.899510
2026-01-08 17:49:25,529 - INFO: Evaluating at iteration 19847
2026-01-08 17:49:26,857 - INFO: Loss: 0.331463
2026-01-08 17:49:26,857 - INFO: Training ROC-AUC: 0.864583
2026-01-08 17:49:26,857 - INFO: Validation ROC-AUC: 0.898852
2026-01-08 17:49:39,544 - INFO: Evaluating at iteration 20347
2026-01-08 17:49:40,845 - INFO: Loss: 0.184639
2026-01-08 17:49:40,845 - INFO: Training ROC-AUC: 0.940741
2026-01-08 17:49:40,845 - INFO: Validation ROC-AUC: 0.899742
2026-01-08 17:49:53,371 - INFO: Evaluating at iteration 20847
2026-01-08 17:49:54,681 - INFO: Loss: 0.155759
2026-01-08 17:49:54,681 - INFO: Training ROC-AUC: 0.931034
2026-01-08 17:49:54,681 - INFO: Validation ROC-AUC: 0.899277
2026-01-08 17:49:57,020 - INFO: Starting epoch 11
2026-01-08 17:49:57,047 - INFO: Evaluating at iteration 20941
2026-01-08 17:49:58,355 - INFO: Loss: 0.097096
2026-01-08 17:49:58,355 - INFO: Training ROC-AUC: 0.988506
2026-01-08 17:49:58,355 - INFO: Validation ROC-AUC: 0.899814
2026-01-08 17:50:11,209 - INFO: Evaluating at iteration 21441
2026-01-08 17:50:12,521 - INFO: Loss: 0.149935
2026-01-08 17:50:12,521 - INFO: Training ROC-AUC: 1.000000
2026-01-08 17:50:12,521 - INFO: Validation ROC-AUC: 0.898939
2026-01-08 17:50:25,389 - INFO: Evaluating at iteration 21941
2026-01-08 17:50:26,700 - INFO: Loss: 0.267870
2026-01-08 17:50:26,700 - INFO: Training ROC-AUC: 0.839286
2026-01-08 17:50:26,700 - INFO: Validation ROC-AUC: 0.898197
2026-01-08 17:50:39,566 - INFO: Evaluating at iteration 22441
2026-01-08 17:50:40,899 - INFO: Loss: 0.118593
2026-01-08 17:50:40,899 - INFO: Training ROC-AUC: 0.950000
2026-01-08 17:50:40,899 - INFO: Validation ROC-AUC: 0.899492
2026-01-08 17:50:53,744 - INFO: Evaluating at iteration 22941
2026-01-08 17:50:55,046 - INFO: Loss: 0.349302
2026-01-08 17:50:55,046 - INFO: Training ROC-AUC: 0.921875
2026-01-08 17:50:55,046 - INFO: Validation ROC-AUC: 0.899976
2026-01-08 17:50:57,469 - INFO: Starting epoch 12
2026-01-08 17:50:57,495 - INFO: Evaluating at iteration 23035
2026-01-08 17:50:58,837 - INFO: Loss: 0.043560
2026-01-08 17:50:58,837 - INFO: Training ROC-AUC: 1.000000
2026-01-08 17:50:58,837 - INFO: Validation ROC-AUC: 0.901383
2026-01-08 17:51:11,577 - INFO: Evaluating at iteration 23535
2026-01-08 17:51:12,872 - INFO: Loss: 0.436652
2026-01-08 17:51:12,872 - INFO: Training ROC-AUC: 0.862857
2026-01-08 17:51:12,872 - INFO: Validation ROC-AUC: 0.900091
2026-01-08 17:51:25,878 - INFO: Evaluating at iteration 24035
2026-01-08 17:51:27,185 - INFO: Loss: 0.072392
2026-01-08 17:51:27,186 - INFO: Training ROC-AUC: 1.000000
2026-01-08 17:51:27,186 - INFO: Validation ROC-AUC: 0.900730
2026-01-08 17:51:40,000 - INFO: Evaluating at iteration 24535
2026-01-08 17:51:41,324 - INFO: Loss: 0.191301
2026-01-08 17:51:41,324 - INFO: Training ROC-AUC: 0.933333
2026-01-08 17:51:41,324 - INFO: Validation ROC-AUC: 0.901458
2026-01-08 17:51:54,241 - INFO: Evaluating at iteration 25035
2026-01-08 17:51:55,560 - INFO: Loss: 0.156326
2026-01-08 17:51:55,560 - INFO: Training ROC-AUC: 0.977143
2026-01-08 17:51:55,560 - INFO: Validation ROC-AUC: 0.901035
2026-01-08 17:51:57,997 - INFO: Starting epoch 13
2026-01-08 17:51:58,023 - INFO: Evaluating at iteration 25129
2026-01-08 17:51:59,338 - INFO: Loss: 0.110989
2026-01-08 17:51:59,338 - INFO: Training ROC-AUC: 0.993590
2026-01-08 17:51:59,338 - INFO: Validation ROC-AUC: 0.899702
2026-01-08 17:52:12,427 - INFO: Evaluating at iteration 25629
2026-01-08 17:52:13,721 - INFO: Loss: 0.293769
2026-01-08 17:52:13,721 - INFO: Training ROC-AUC: 0.935065
2026-01-08 17:52:13,721 - INFO: Validation ROC-AUC: 0.901883
2026-01-08 17:52:26,709 - INFO: Evaluating at iteration 26129
2026-01-08 17:52:28,014 - INFO: Loss: 0.264738
2026-01-08 17:52:28,014 - INFO: Training ROC-AUC: 0.951691
2026-01-08 17:52:28,015 - INFO: Validation ROC-AUC: 0.898745
2026-01-08 17:52:40,885 - INFO: Evaluating at iteration 26629
2026-01-08 17:52:42,205 - INFO: Loss: 0.154860
2026-01-08 17:52:42,205 - INFO: Training ROC-AUC: 0.965517
2026-01-08 17:52:42,205 - INFO: Validation ROC-AUC: 0.899720
2026-01-08 17:52:55,058 - INFO: Evaluating at iteration 27129
2026-01-08 17:52:56,376 - INFO: Loss: 0.260163
2026-01-08 17:52:56,376 - INFO: Training ROC-AUC: 0.966184
2026-01-08 17:52:56,376 - INFO: Validation ROC-AUC: 0.899902
2026-01-08 17:52:58,769 - INFO: Starting epoch 14
2026-01-08 17:52:58,795 - INFO: Evaluating at iteration 27223
2026-01-08 17:53:00,128 - INFO: Loss: 0.270981
2026-01-08 17:53:00,128 - INFO: Training ROC-AUC: 0.923077
2026-01-08 17:53:00,128 - INFO: Validation ROC-AUC: 0.900261
2026-01-08 17:53:13,059 - INFO: Evaluating at iteration 27723
2026-01-08 17:53:14,387 - INFO: Loss: 0.253786
2026-01-08 17:53:14,387 - INFO: Training ROC-AUC: 0.897436
2026-01-08 17:53:14,387 - INFO: Validation ROC-AUC: 0.900954
2026-01-08 17:53:27,247 - INFO: Evaluating at iteration 28223
2026-01-08 17:53:28,533 - INFO: Loss: 0.079918
2026-01-08 17:53:28,533 - INFO: Training ROC-AUC: 1.000000
2026-01-08 17:53:28,533 - INFO: Validation ROC-AUC: 0.900340
2026-01-08 17:53:41,118 - INFO: Evaluating at iteration 28723
2026-01-08 17:53:42,406 - INFO: Loss: 0.139023
2026-01-08 17:53:42,406 - INFO: Training ROC-AUC: 0.977778
2026-01-08 17:53:42,406 - INFO: Validation ROC-AUC: 0.900339
2026-01-08 17:53:55,016 - INFO: Evaluating at iteration 29223
2026-01-08 17:53:56,324 - INFO: Loss: 0.167014
2026-01-08 17:53:56,324 - INFO: Training ROC-AUC: 0.970370
2026-01-08 17:53:56,324 - INFO: Validation ROC-AUC: 0.898020
2026-01-08 17:53:58,777 - INFO: Starting epoch 15
2026-01-08 17:53:58,803 - INFO: Evaluating at iteration 29317
2026-01-08 17:54:00,101 - INFO: Loss: 0.185304
2026-01-08 17:54:00,102 - INFO: Training ROC-AUC: 0.940741
2026-01-08 17:54:00,102 - INFO: Validation ROC-AUC: 0.900239
2026-01-08 17:54:13,243 - INFO: Evaluating at iteration 29817
2026-01-08 17:54:14,578 - INFO: Loss: 0.093772
2026-01-08 17:54:14,578 - INFO: Training ROC-AUC: 1.000000
2026-01-08 17:54:14,578 - INFO: Validation ROC-AUC: 0.898440
2026-01-08 17:54:27,814 - INFO: Evaluating at iteration 30317
2026-01-08 17:54:29,132 - INFO: Loss: 0.019969
2026-01-08 17:54:29,132 - INFO: Training ROC-AUC: 1.000000
2026-01-08 17:54:29,132 - INFO: Validation ROC-AUC: 0.900028
2026-01-08 17:54:42,328 - INFO: Evaluating at iteration 30817
2026-01-08 17:54:43,640 - INFO: Loss: 0.146152
2026-01-08 17:54:43,641 - INFO: Training ROC-AUC: 0.982143
2026-01-08 17:54:43,641 - INFO: Validation ROC-AUC: 0.901400
2026-01-08 17:54:56,575 - INFO: Evaluating at iteration 31317
2026-01-08 17:54:57,881 - INFO: Loss: 0.228540
2026-01-08 17:54:57,881 - INFO: Training ROC-AUC: 0.919643
2026-01-08 17:54:57,881 - INFO: Validation ROC-AUC: 0.899332
2026-01-08 17:55:00,267 - INFO: Starting epoch 16
2026-01-08 17:55:00,292 - INFO: Evaluating at iteration 31411
2026-01-08 17:55:01,595 - INFO: Loss: 0.051235
2026-01-08 17:55:01,595 - INFO: Training ROC-AUC: 1.000000
2026-01-08 17:55:01,595 - INFO: Validation ROC-AUC: 0.901065
2026-01-08 17:55:14,717 - INFO: Evaluating at iteration 31911
2026-01-08 17:55:16,021 - INFO: Loss: 0.123461
2026-01-08 17:55:16,021 - INFO: Training ROC-AUC: 1.000000
2026-01-08 17:55:16,021 - INFO: Validation ROC-AUC: 0.901049
2026-01-08 17:55:29,392 - INFO: Evaluating at iteration 32411
2026-01-08 17:55:30,711 - INFO: Loss: 0.194871
2026-01-08 17:55:30,711 - INFO: Training ROC-AUC: 0.931034
2026-01-08 17:55:30,712 - INFO: Validation ROC-AUC: 0.901493
2026-01-08 17:55:44,110 - INFO: Evaluating at iteration 32911
2026-01-08 17:55:45,444 - INFO: Loss: 0.119522
2026-01-08 17:55:45,444 - INFO: Training ROC-AUC: 0.993590
2026-01-08 17:55:45,444 - INFO: Validation ROC-AUC: 0.900740
2026-01-08 17:55:58,719 - INFO: Evaluating at iteration 33411
2026-01-08 17:56:00,047 - INFO: Loss: 0.198868
2026-01-08 17:56:00,047 - INFO: Training ROC-AUC: 0.980769
2026-01-08 17:56:00,047 - INFO: Validation ROC-AUC: 0.900211
2026-01-08 17:56:02,570 - INFO: Starting epoch 17
2026-01-08 17:56:02,606 - INFO: Evaluating at iteration 33505
2026-01-08 17:56:03,923 - INFO: Loss: 0.127819
2026-01-08 17:56:03,924 - INFO: Training ROC-AUC: 0.980769
2026-01-08 17:56:03,924 - INFO: Validation ROC-AUC: 0.900379
2026-01-08 17:56:17,435 - INFO: Evaluating at iteration 34005
2026-01-08 17:56:18,768 - INFO: Loss: 0.197230
2026-01-08 17:56:18,768 - INFO: Training ROC-AUC: 0.977778
2026-01-08 17:56:18,768 - INFO: Validation ROC-AUC: 0.899719
2026-01-08 17:56:32,252 - INFO: Evaluating at iteration 34505
2026-01-08 17:56:33,586 - INFO: Loss: 0.201210
2026-01-08 17:56:33,586 - INFO: Training ROC-AUC: 0.977273
2026-01-08 17:56:33,586 - INFO: Validation ROC-AUC: 0.899084
2026-01-08 17:56:47,217 - INFO: Evaluating at iteration 35005
2026-01-08 17:56:48,517 - INFO: Loss: 0.234097
2026-01-08 17:56:48,517 - INFO: Training ROC-AUC: 0.935897
2026-01-08 17:56:48,517 - INFO: Validation ROC-AUC: 0.898674
2026-01-08 17:57:02,180 - INFO: Evaluating at iteration 35505
2026-01-08 17:57:03,504 - INFO: Loss: 0.074472
2026-01-08 17:57:03,504 - INFO: Training ROC-AUC: 1.000000
2026-01-08 17:57:03,504 - INFO: Validation ROC-AUC: 0.901767
2026-01-08 17:57:06,051 - INFO: Starting epoch 18
2026-01-08 17:57:06,079 - INFO: Evaluating at iteration 35599
2026-01-08 17:57:07,398 - INFO: Loss: 0.119544
2026-01-08 17:57:07,398 - INFO: Training ROC-AUC: 0.994286
2026-01-08 17:57:07,398 - INFO: Validation ROC-AUC: 0.901259
2026-01-08 17:57:21,090 - INFO: Evaluating at iteration 36099
2026-01-08 17:57:22,422 - INFO: Loss: 0.101868
2026-01-08 17:57:22,422 - INFO: Training ROC-AUC: 0.993590
2026-01-08 17:57:22,422 - INFO: Validation ROC-AUC: 0.899450
2026-01-08 17:57:36,119 - INFO: Evaluating at iteration 36599
2026-01-08 17:57:37,444 - INFO: Loss: 0.101130
2026-01-08 17:57:37,444 - INFO: Training ROC-AUC: 1.000000
2026-01-08 17:57:37,444 - INFO: Validation ROC-AUC: 0.899399
2026-01-08 17:57:51,188 - INFO: Evaluating at iteration 37099
2026-01-08 17:57:52,497 - INFO: Loss: 0.094108
2026-01-08 17:57:52,497 - INFO: Training ROC-AUC: 1.000000
2026-01-08 17:57:52,497 - INFO: Validation ROC-AUC: 0.899390
2026-01-08 17:58:06,110 - INFO: Evaluating at iteration 37599
2026-01-08 17:58:07,426 - INFO: Loss: 0.090106
2026-01-08 17:58:07,426 - INFO: Training ROC-AUC: 0.992593
2026-01-08 17:58:07,426 - INFO: Validation ROC-AUC: 0.899503
2026-01-08 17:58:09,958 - INFO: Starting epoch 19
2026-01-08 17:58:09,983 - INFO: Evaluating at iteration 37693
2026-01-08 17:58:11,283 - INFO: Loss: 0.071313
2026-01-08 17:58:11,283 - INFO: Training ROC-AUC: 1.000000
2026-01-08 17:58:11,283 - INFO: Validation ROC-AUC: 0.899350
2026-01-08 17:58:24,524 - INFO: Evaluating at iteration 38193
2026-01-08 17:58:25,839 - INFO: Loss: 0.111117
2026-01-08 17:58:25,839 - INFO: Training ROC-AUC: 0.994792
2026-01-08 17:58:25,839 - INFO: Validation ROC-AUC: 0.901204
2026-01-08 17:58:39,921 - INFO: Evaluating at iteration 38693
2026-01-08 17:58:41,231 - INFO: Loss: 0.294391
2026-01-08 17:58:41,231 - INFO: Training ROC-AUC: 0.946860
2026-01-08 17:58:41,231 - INFO: Validation ROC-AUC: 0.898774
2026-01-08 17:58:55,278 - INFO: Evaluating at iteration 39193
2026-01-08 17:58:56,603 - INFO: Loss: 0.082248
2026-01-08 17:58:56,604 - INFO: Training ROC-AUC: 1.000000
2026-01-08 17:58:56,604 - INFO: Validation ROC-AUC: 0.897938
2026-01-08 17:59:10,849 - INFO: Evaluating at iteration 39693
2026-01-08 17:59:12,171 - INFO: Loss: 0.133429
2026-01-08 17:59:12,172 - INFO: Training ROC-AUC: 0.962963
2026-01-08 17:59:12,172 - INFO: Validation ROC-AUC: 0.897922
2026-01-08 17:59:14,830 - INFO: Starting epoch 20
2026-01-08 17:59:14,857 - INFO: Evaluating at iteration 39787
2026-01-08 17:59:16,179 - INFO: Loss: 0.027960
2026-01-08 17:59:16,180 - INFO: Training ROC-AUC: 1.000000
2026-01-08 17:59:16,180 - INFO: Validation ROC-AUC: 0.897782
2026-01-08 17:59:30,731 - INFO: Evaluating at iteration 40287
2026-01-08 17:59:32,051 - INFO: Loss: 0.044351
2026-01-08 17:59:32,051 - INFO: Training ROC-AUC: 1.000000
2026-01-08 17:59:32,051 - INFO: Validation ROC-AUC: 0.898932
2026-01-08 17:59:46,211 - INFO: Evaluating at iteration 40787
2026-01-08 17:59:47,556 - INFO: Loss: 0.047620
2026-01-08 17:59:47,556 - INFO: Training ROC-AUC: 0.992593
2026-01-08 17:59:47,556 - INFO: Validation ROC-AUC: 0.898318
2026-01-08 18:00:01,619 - INFO: Evaluating at iteration 41287
2026-01-08 18:00:02,930 - INFO: Loss: 0.056593
2026-01-08 18:00:02,931 - INFO: Training ROC-AUC: 1.000000
2026-01-08 18:00:02,931 - INFO: Validation ROC-AUC: 0.899300
2026-01-08 18:00:16,644 - INFO: Evaluating at iteration 41787
2026-01-08 18:00:17,967 - INFO: Loss: 0.061352
2026-01-08 18:00:17,967 - INFO: Training ROC-AUC: 1.000000
2026-01-08 18:00:17,967 - INFO: Validation ROC-AUC: 0.898273
2026-01-08 18:00:20,558 - INFO: Starting epoch 21
2026-01-08 18:00:20,590 - INFO: Evaluating at iteration 41881
2026-01-08 18:00:21,920 - INFO: Loss: 0.007898
2026-01-08 18:00:21,920 - INFO: Training ROC-AUC: 1.000000
2026-01-08 18:00:21,920 - INFO: Validation ROC-AUC: 0.898029
2026-01-08 18:00:35,922 - INFO: Evaluating at iteration 42381
2026-01-08 18:00:37,225 - INFO: Loss: 0.017427
2026-01-08 18:00:37,225 - INFO: Training ROC-AUC: 1.000000
2026-01-08 18:00:37,225 - INFO: Validation ROC-AUC: 0.898860
2026-01-08 18:00:51,189 - INFO: Evaluating at iteration 42881
2026-01-08 18:00:52,506 - INFO: Loss: 0.041813
2026-01-08 18:00:52,506 - INFO: Training ROC-AUC: 1.000000
2026-01-08 18:00:52,507 - INFO: Validation ROC-AUC: 0.899575
2026-01-08 18:01:06,737 - INFO: Evaluating at iteration 43381
2026-01-08 18:01:08,068 - INFO: Loss: 0.042230
2026-01-08 18:01:08,068 - INFO: Training ROC-AUC: 1.000000
2026-01-08 18:01:08,068 - INFO: Validation ROC-AUC: 0.897695
2026-01-08 18:01:22,264 - INFO: Evaluating at iteration 43881
2026-01-08 18:01:23,590 - INFO: Loss: 0.047535
2026-01-08 18:01:23,590 - INFO: Training ROC-AUC: 1.000000
2026-01-08 18:01:23,590 - INFO: Validation ROC-AUC: 0.898974
2026-01-08 18:01:26,224 - INFO: Starting epoch 22
2026-01-08 18:01:26,250 - INFO: Evaluating at iteration 43975
2026-01-08 18:01:27,573 - INFO: Loss: 0.089125
2026-01-08 18:01:27,573 - INFO: Training ROC-AUC: 1.000000
2026-01-08 18:01:27,573 - INFO: Validation ROC-AUC: 0.897659
2026-01-08 18:01:41,603 - INFO: Evaluating at iteration 44475
2026-01-08 18:01:42,898 - INFO: Loss: 0.150402
2026-01-08 18:01:42,898 - INFO: Training ROC-AUC: 0.977143
2026-01-08 18:01:42,898 - INFO: Validation ROC-AUC: 0.897150
2026-01-08 18:01:56,740 - INFO: Evaluating at iteration 44975
2026-01-08 18:01:58,028 - INFO: Loss: 0.017817
2026-01-08 18:01:58,028 - INFO: Training ROC-AUC: 1.000000
2026-01-08 18:01:58,028 - INFO: Validation ROC-AUC: 0.898417
2026-01-08 18:02:12,558 - INFO: Evaluating at iteration 45475
2026-01-08 18:02:13,888 - INFO: Loss: 0.029822
2026-01-08 18:02:13,888 - INFO: Training ROC-AUC: 1.000000
2026-01-08 18:02:13,888 - INFO: Validation ROC-AUC: 0.899369
2026-01-08 18:02:28,034 - INFO: Evaluating at iteration 45975
2026-01-08 18:02:29,348 - INFO: Loss: 0.208321
2026-01-08 18:02:29,348 - INFO: Training ROC-AUC: 0.948718
2026-01-08 18:02:29,348 - INFO: Validation ROC-AUC: 0.897564
2026-01-08 18:02:31,985 - INFO: Starting epoch 23
2026-01-08 18:02:32,014 - INFO: Evaluating at iteration 46069
2026-01-08 18:02:33,333 - INFO: Loss: 0.022281
2026-01-08 18:02:33,333 - INFO: Training ROC-AUC: 1.000000
2026-01-08 18:02:33,333 - INFO: Validation ROC-AUC: 0.898069
2026-01-08 18:02:47,455 - INFO: Evaluating at iteration 46569
2026-01-08 18:02:48,764 - INFO: Loss: 0.038810
2026-01-08 18:02:48,764 - INFO: Training ROC-AUC: 1.000000
2026-01-08 18:02:48,764 - INFO: Validation ROC-AUC: 0.896397
2026-01-08 18:03:02,985 - INFO: Evaluating at iteration 47069
2026-01-08 18:03:04,301 - INFO: Loss: 0.008398
2026-01-08 18:03:04,301 - INFO: Training ROC-AUC: 1.000000
2026-01-08 18:03:04,301 - INFO: Validation ROC-AUC: 0.897358
2026-01-08 18:03:18,380 - INFO: Evaluating at iteration 47569
2026-01-08 18:03:19,717 - INFO: Loss: 0.145576
2026-01-08 18:03:19,717 - INFO: Training ROC-AUC: 0.977011
2026-01-08 18:03:19,717 - INFO: Validation ROC-AUC: 0.896003
2026-01-08 18:03:33,873 - INFO: Evaluating at iteration 48069
2026-01-08 18:03:35,200 - INFO: Loss: 0.002136
2026-01-08 18:03:35,200 - INFO: Training ROC-AUC: 1.000000
2026-01-08 18:03:35,200 - INFO: Validation ROC-AUC: 0.898079
2026-01-08 18:03:37,872 - INFO: Starting epoch 24
2026-01-08 18:03:37,898 - INFO: Evaluating at iteration 48163
2026-01-08 18:03:39,193 - INFO: Loss: 0.086232
2026-01-08 18:03:39,193 - INFO: Training ROC-AUC: 0.995169
2026-01-08 18:03:39,193 - INFO: Validation ROC-AUC: 0.898147
2026-01-08 18:03:53,260 - INFO: Evaluating at iteration 48663
2026-01-08 18:03:54,589 - INFO: Loss: 0.120458
2026-01-08 18:03:54,589 - INFO: Training ROC-AUC: 1.000000
2026-01-08 18:03:54,589 - INFO: Validation ROC-AUC: 0.898109
2026-01-08 18:04:08,551 - INFO: Evaluating at iteration 49163
2026-01-08 18:04:09,861 - INFO: Loss: 0.053837
2026-01-08 18:04:09,861 - INFO: Training ROC-AUC: 1.000000
2026-01-08 18:04:09,861 - INFO: Validation ROC-AUC: 0.895748
2026-01-08 18:04:23,856 - INFO: Evaluating at iteration 49663
2026-01-08 18:04:25,162 - INFO: Loss: 0.022392
2026-01-08 18:04:25,162 - INFO: Training ROC-AUC: 1.000000
2026-01-08 18:04:25,162 - INFO: Validation ROC-AUC: 0.897018
2026-01-08 18:04:39,169 - INFO: Evaluating at iteration 50163
2026-01-08 18:04:40,484 - INFO: Loss: 0.041366
2026-01-08 18:04:40,484 - INFO: Training ROC-AUC: 1.000000
2026-01-08 18:04:40,484 - INFO: Validation ROC-AUC: 0.896134
2026-01-08 18:04:43,088 - INFO: Starting epoch 25
2026-01-08 18:04:43,118 - INFO: Evaluating at iteration 50257
2026-01-08 18:04:44,448 - INFO: Loss: 0.006007
2026-01-08 18:04:44,448 - INFO: Training ROC-AUC: 1.000000
2026-01-08 18:04:44,448 - INFO: Validation ROC-AUC: 0.896422
2026-01-08 18:04:58,651 - INFO: Evaluating at iteration 50757
2026-01-08 18:04:59,991 - INFO: Loss: 0.008501
2026-01-08 18:04:59,991 - INFO: Training ROC-AUC: 1.000000
2026-01-08 18:04:59,991 - INFO: Validation ROC-AUC: 0.894966
2026-01-08 18:05:13,936 - INFO: Evaluating at iteration 51257
2026-01-08 18:05:15,251 - INFO: Loss: 0.031045
2026-01-08 18:05:15,251 - INFO: Training ROC-AUC: 1.000000
2026-01-08 18:05:15,251 - INFO: Validation ROC-AUC: 0.896252
2026-01-08 18:05:29,323 - INFO: Evaluating at iteration 51757
2026-01-08 18:05:30,630 - INFO: Loss: 0.012697
2026-01-08 18:05:30,631 - INFO: Training ROC-AUC: 1.000000
2026-01-08 18:05:30,631 - INFO: Validation ROC-AUC: 0.897732
2026-01-08 18:05:44,385 - INFO: Evaluating at iteration 52257
2026-01-08 18:05:45,680 - INFO: Loss: 0.008512
2026-01-08 18:05:45,680 - INFO: Training ROC-AUC: 1.000000
2026-01-08 18:05:45,680 - INFO: Validation ROC-AUC: 0.898373
2026-01-08 18:05:48,309 - INFO: Saving model to models/TCRStructMap_random_split_sequence_only/model_1.pt
2026-01-08 18:05:48,340 - INFO: Starting fold 2
2026-01-08 18:05:48,462 - INFO: Initialising model
2026-01-08 18:05:48,475 - INFO: Starting training
2026-01-08 18:05:48,475 - INFO: Starting epoch 1
2026-01-08 18:05:48,507 - INFO: Evaluating at iteration 1
2026-01-08 18:05:49,842 - INFO: Loss: 0.710678
2026-01-08 18:05:49,842 - INFO: Training ROC-AUC: 0.316667
2026-01-08 18:05:49,842 - INFO: Validation ROC-AUC: 0.496083
2026-01-08 18:06:01,931 - INFO: Evaluating at iteration 501
2026-01-08 18:06:03,271 - INFO: Loss: 0.525884
2026-01-08 18:06:03,271 - INFO: Training ROC-AUC: 0.531429
2026-01-08 18:06:03,271 - INFO: Validation ROC-AUC: 0.602017
2026-01-08 18:06:15,577 - INFO: Evaluating at iteration 1001
2026-01-08 18:06:16,901 - INFO: Loss: 0.539503
2026-01-08 18:06:16,902 - INFO: Training ROC-AUC: 0.588571
2026-01-08 18:06:16,902 - INFO: Validation ROC-AUC: 0.613466
2026-01-08 18:06:29,107 - INFO: Evaluating at iteration 1501
2026-01-08 18:06:30,404 - INFO: Loss: 0.283884
2026-01-08 18:06:30,404 - INFO: Training ROC-AUC: 0.837037
2026-01-08 18:06:30,404 - INFO: Validation ROC-AUC: 0.709534
2026-01-08 18:06:42,429 - INFO: Evaluating at iteration 2001
2026-01-08 18:06:43,752 - INFO: Loss: 0.368920
2026-01-08 18:06:43,752 - INFO: Training ROC-AUC: 0.705128
2026-01-08 18:06:43,752 - INFO: Validation ROC-AUC: 0.768107
2026-01-08 18:06:45,992 - INFO: Starting epoch 2
2026-01-08 18:06:46,020 - INFO: Evaluating at iteration 2095
2026-01-08 18:06:47,338 - INFO: Loss: 0.421337
2026-01-08 18:06:47,338 - INFO: Training ROC-AUC: 0.592593
2026-01-08 18:06:47,338 - INFO: Validation ROC-AUC: 0.779869
2026-01-08 18:06:59,371 - INFO: Evaluating at iteration 2595
2026-01-08 18:07:00,705 - INFO: Loss: 0.220958
2026-01-08 18:07:00,705 - INFO: Training ROC-AUC: 0.804598
2026-01-08 18:07:00,705 - INFO: Validation ROC-AUC: 0.801284
2026-01-08 18:07:12,697 - INFO: Evaluating at iteration 3095
2026-01-08 18:07:13,991 - INFO: Loss: 0.326943
2026-01-08 18:07:13,991 - INFO: Training ROC-AUC: 0.833333
2026-01-08 18:07:13,991 - INFO: Validation ROC-AUC: 0.810823
2026-01-08 18:07:25,994 - INFO: Evaluating at iteration 3595
2026-01-08 18:07:27,335 - INFO: Loss: 0.171854
2026-01-08 18:07:27,335 - INFO: Training ROC-AUC: 0.988506
2026-01-08 18:07:27,335 - INFO: Validation ROC-AUC: 0.834752
2026-01-08 18:07:39,371 - INFO: Evaluating at iteration 4095
2026-01-08 18:07:40,702 - INFO: Loss: 0.334879
2026-01-08 18:07:40,702 - INFO: Training ROC-AUC: 0.834286
2026-01-08 18:07:40,702 - INFO: Validation ROC-AUC: 0.845226
2026-01-08 18:07:43,002 - INFO: Starting epoch 3
2026-01-08 18:07:43,028 - INFO: Evaluating at iteration 4189
2026-01-08 18:07:44,351 - INFO: Loss: 0.348820
2026-01-08 18:07:44,351 - INFO: Training ROC-AUC: 0.930736
2026-01-08 18:07:44,351 - INFO: Validation ROC-AUC: 0.848583
2026-01-08 18:07:56,645 - INFO: Evaluating at iteration 4689
2026-01-08 18:07:57,962 - INFO: Loss: 0.348222
2026-01-08 18:07:57,962 - INFO: Training ROC-AUC: 0.788462
2026-01-08 18:07:57,962 - INFO: Validation ROC-AUC: 0.853034
2026-01-08 18:08:10,084 - INFO: Evaluating at iteration 5189
2026-01-08 18:08:11,380 - INFO: Loss: 0.310195
2026-01-08 18:08:11,381 - INFO: Training ROC-AUC: 0.826923
2026-01-08 18:08:11,381 - INFO: Validation ROC-AUC: 0.856919
2026-01-08 18:08:23,673 - INFO: Evaluating at iteration 5689
2026-01-08 18:08:25,015 - INFO: Loss: 0.190862
2026-01-08 18:08:25,015 - INFO: Training ROC-AUC: 0.783333
2026-01-08 18:08:25,015 - INFO: Validation ROC-AUC: 0.861058
2026-01-08 18:08:37,478 - INFO: Evaluating at iteration 6189
2026-01-08 18:08:38,837 - INFO: Loss: 0.227181
2026-01-08 18:08:38,837 - INFO: Training ROC-AUC: 0.982857
2026-01-08 18:08:38,837 - INFO: Validation ROC-AUC: 0.864649
2026-01-08 18:08:41,225 - INFO: Starting epoch 4
2026-01-08 18:08:41,252 - INFO: Evaluating at iteration 6283
2026-01-08 18:08:42,625 - INFO: Loss: 0.403834
2026-01-08 18:08:42,626 - INFO: Training ROC-AUC: 0.756410
2026-01-08 18:08:42,626 - INFO: Validation ROC-AUC: 0.863309
2026-01-08 18:08:55,200 - INFO: Evaluating at iteration 6783
2026-01-08 18:08:56,508 - INFO: Loss: 0.273929
2026-01-08 18:08:56,509 - INFO: Training ROC-AUC: 0.948148
2026-01-08 18:08:56,509 - INFO: Validation ROC-AUC: 0.870161
2026-01-08 18:09:09,043 - INFO: Evaluating at iteration 7283
2026-01-08 18:09:10,361 - INFO: Loss: 0.403249
2026-01-08 18:09:10,361 - INFO: Training ROC-AUC: 0.770370
2026-01-08 18:09:10,361 - INFO: Validation ROC-AUC: 0.871146
2026-01-08 18:09:22,930 - INFO: Evaluating at iteration 7783
2026-01-08 18:09:24,221 - INFO: Loss: 0.242302
2026-01-08 18:09:24,221 - INFO: Training ROC-AUC: 0.850575
2026-01-08 18:09:24,221 - INFO: Validation ROC-AUC: 0.873651
2026-01-08 18:09:36,556 - INFO: Evaluating at iteration 8283
2026-01-08 18:09:37,843 - INFO: Loss: 0.274976
2026-01-08 18:09:37,843 - INFO: Training ROC-AUC: 0.839286
2026-01-08 18:09:37,843 - INFO: Validation ROC-AUC: 0.875126
2026-01-08 18:09:40,214 - INFO: Starting epoch 5
2026-01-08 18:09:40,239 - INFO: Evaluating at iteration 8377
2026-01-08 18:09:41,521 - INFO: Loss: 0.268637
2026-01-08 18:09:41,521 - INFO: Training ROC-AUC: 0.925926
2026-01-08 18:09:41,521 - INFO: Validation ROC-AUC: 0.877692
2026-01-08 18:09:53,871 - INFO: Evaluating at iteration 8877
2026-01-08 18:09:55,156 - INFO: Loss: 0.227001
2026-01-08 18:09:55,156 - INFO: Training ROC-AUC: 0.942857
2026-01-08 18:09:55,156 - INFO: Validation ROC-AUC: 0.878300
2026-01-08 18:10:07,505 - INFO: Evaluating at iteration 9377
2026-01-08 18:10:08,828 - INFO: Loss: 0.345940
2026-01-08 18:10:08,828 - INFO: Training ROC-AUC: 0.834286
2026-01-08 18:10:08,828 - INFO: Validation ROC-AUC: 0.876795
2026-01-08 18:10:21,608 - INFO: Evaluating at iteration 9877
2026-01-08 18:10:22,957 - INFO: Loss: 0.192360
2026-01-08 18:10:22,957 - INFO: Training ROC-AUC: 0.970370
2026-01-08 18:10:22,957 - INFO: Validation ROC-AUC: 0.878233
2026-01-08 18:10:35,637 - INFO: Evaluating at iteration 10377
2026-01-08 18:10:36,949 - INFO: Loss: 0.305247
2026-01-08 18:10:36,949 - INFO: Training ROC-AUC: 0.947917
2026-01-08 18:10:36,949 - INFO: Validation ROC-AUC: 0.881866
2026-01-08 18:10:39,326 - INFO: Starting epoch 6
2026-01-08 18:10:39,353 - INFO: Evaluating at iteration 10471
2026-01-08 18:10:40,652 - INFO: Loss: 0.227946
2026-01-08 18:10:40,652 - INFO: Training ROC-AUC: 0.933333
2026-01-08 18:10:40,652 - INFO: Validation ROC-AUC: 0.884847
2026-01-08 18:10:53,448 - INFO: Evaluating at iteration 10971
2026-01-08 18:10:54,749 - INFO: Loss: 0.164148
2026-01-08 18:10:54,749 - INFO: Training ROC-AUC: 0.964286
2026-01-08 18:10:54,749 - INFO: Validation ROC-AUC: 0.881788
2026-01-08 18:11:07,497 - INFO: Evaluating at iteration 11471
2026-01-08 18:11:08,850 - INFO: Loss: 0.190380
2026-01-08 18:11:08,850 - INFO: Training ROC-AUC: 0.973958
2026-01-08 18:11:08,850 - INFO: Validation ROC-AUC: 0.885457
2026-01-08 18:11:21,488 - INFO: Evaluating at iteration 11971
2026-01-08 18:11:22,781 - INFO: Loss: 0.184935
2026-01-08 18:11:22,781 - INFO: Training ROC-AUC: 0.948148
2026-01-08 18:11:22,781 - INFO: Validation ROC-AUC: 0.886131
2026-01-08 18:11:35,506 - INFO: Evaluating at iteration 12471
2026-01-08 18:11:36,803 - INFO: Loss: 0.261901
2026-01-08 18:11:36,803 - INFO: Training ROC-AUC: 0.972727
2026-01-08 18:11:36,803 - INFO: Validation ROC-AUC: 0.887370
2026-01-08 18:11:39,152 - INFO: Starting epoch 7
2026-01-08 18:11:39,179 - INFO: Evaluating at iteration 12565
2026-01-08 18:11:40,486 - INFO: Loss: 0.120498
2026-01-08 18:11:40,486 - INFO: Training ROC-AUC: 0.977011
2026-01-08 18:11:40,486 - INFO: Validation ROC-AUC: 0.885229
2026-01-08 18:11:53,118 - INFO: Evaluating at iteration 13065
2026-01-08 18:11:54,424 - INFO: Loss: 0.343960
2026-01-08 18:11:54,425 - INFO: Training ROC-AUC: 0.891429
2026-01-08 18:11:54,425 - INFO: Validation ROC-AUC: 0.885761
2026-01-08 18:12:07,227 - INFO: Evaluating at iteration 13565
2026-01-08 18:12:08,554 - INFO: Loss: 0.083820
2026-01-08 18:12:08,554 - INFO: Training ROC-AUC: 1.000000
2026-01-08 18:12:08,554 - INFO: Validation ROC-AUC: 0.887274
2026-01-08 18:12:21,200 - INFO: Evaluating at iteration 14065
2026-01-08 18:12:22,508 - INFO: Loss: 0.288098
2026-01-08 18:12:22,508 - INFO: Training ROC-AUC: 0.936364
2026-01-08 18:12:22,508 - INFO: Validation ROC-AUC: 0.890403
2026-01-08 18:12:35,086 - INFO: Evaluating at iteration 14565
2026-01-08 18:12:36,382 - INFO: Loss: 0.127661
2026-01-08 18:12:36,382 - INFO: Training ROC-AUC: 0.992593
2026-01-08 18:12:36,382 - INFO: Validation ROC-AUC: 0.890635
2026-01-08 18:12:38,750 - INFO: Starting epoch 8
2026-01-08 18:12:38,777 - INFO: Evaluating at iteration 14659
2026-01-08 18:12:40,075 - INFO: Loss: 0.183276
2026-01-08 18:12:40,075 - INFO: Training ROC-AUC: 1.000000
2026-01-08 18:12:40,076 - INFO: Validation ROC-AUC: 0.890750
2026-01-08 18:12:52,856 - INFO: Evaluating at iteration 15159
2026-01-08 18:12:54,157 - INFO: Loss: 0.174316
2026-01-08 18:12:54,157 - INFO: Training ROC-AUC: 0.954023
2026-01-08 18:12:54,157 - INFO: Validation ROC-AUC: 0.888527
2026-01-08 18:13:06,857 - INFO: Evaluating at iteration 15659
2026-01-08 18:13:08,189 - INFO: Loss: 0.180826
2026-01-08 18:13:08,189 - INFO: Training ROC-AUC: 0.948148
2026-01-08 18:13:08,189 - INFO: Validation ROC-AUC: 0.890258
2026-01-08 18:13:20,871 - INFO: Evaluating at iteration 16159
2026-01-08 18:13:22,172 - INFO: Loss: 0.153938
2026-01-08 18:13:22,172 - INFO: Training ROC-AUC: 0.965517
2026-01-08 18:13:22,172 - INFO: Validation ROC-AUC: 0.892571
2026-01-08 18:13:34,693 - INFO: Evaluating at iteration 16659
2026-01-08 18:13:35,981 - INFO: Loss: 0.258323
2026-01-08 18:13:35,981 - INFO: Training ROC-AUC: 0.804598
2026-01-08 18:13:35,981 - INFO: Validation ROC-AUC: 0.893790
2026-01-08 18:13:38,358 - INFO: Starting epoch 9
2026-01-08 18:13:38,383 - INFO: Evaluating at iteration 16753
2026-01-08 18:13:39,663 - INFO: Loss: 0.223476
2026-01-08 18:13:39,663 - INFO: Training ROC-AUC: 0.977143
2026-01-08 18:13:39,663 - INFO: Validation ROC-AUC: 0.893363
2026-01-08 18:13:51,976 - INFO: Evaluating at iteration 17253
2026-01-08 18:13:53,258 - INFO: Loss: 0.268227
2026-01-08 18:13:53,258 - INFO: Training ROC-AUC: 0.948718
2026-01-08 18:13:53,258 - INFO: Validation ROC-AUC: 0.893799
2026-01-08 18:14:05,646 - INFO: Evaluating at iteration 17753
2026-01-08 18:14:06,925 - INFO: Loss: 0.143657
2026-01-08 18:14:06,925 - INFO: Training ROC-AUC: 0.987179
2026-01-08 18:14:06,925 - INFO: Validation ROC-AUC: 0.892088
2026-01-08 18:14:19,285 - INFO: Evaluating at iteration 18253
2026-01-08 18:14:20,576 - INFO: Loss: 0.252805
2026-01-08 18:14:20,576 - INFO: Training ROC-AUC: 0.897436
2026-01-08 18:14:20,576 - INFO: Validation ROC-AUC: 0.893876
2026-01-08 18:14:33,612 - INFO: Evaluating at iteration 18753
2026-01-08 18:14:34,915 - INFO: Loss: 0.204769
2026-01-08 18:14:34,915 - INFO: Training ROC-AUC: 0.928571
2026-01-08 18:14:34,915 - INFO: Validation ROC-AUC: 0.896484
2026-01-08 18:14:37,242 - INFO: Starting epoch 10
2026-01-08 18:14:37,269 - INFO: Evaluating at iteration 18847
2026-01-08 18:14:38,551 - INFO: Loss: 0.174202
2026-01-08 18:14:38,551 - INFO: Training ROC-AUC: 0.961538
2026-01-08 18:14:38,551 - INFO: Validation ROC-AUC: 0.896590
2026-01-08 18:14:52,385 - INFO: Evaluating at iteration 19347
2026-01-08 18:14:53,693 - INFO: Loss: 0.142660
2026-01-08 18:14:53,693 - INFO: Training ROC-AUC: 0.987179
2026-01-08 18:14:53,693 - INFO: Validation ROC-AUC: 0.894751
2026-01-08 18:15:06,060 - INFO: Evaluating at iteration 19847
2026-01-08 18:15:07,367 - INFO: Loss: 0.129292
2026-01-08 18:15:07,367 - INFO: Training ROC-AUC: 0.987179
2026-01-08 18:15:07,367 - INFO: Validation ROC-AUC: 0.892743
2026-01-08 18:15:19,596 - INFO: Evaluating at iteration 20347
2026-01-08 18:15:20,884 - INFO: Loss: 0.397327
2026-01-08 18:15:20,884 - INFO: Training ROC-AUC: 0.948052
2026-01-08 18:15:20,884 - INFO: Validation ROC-AUC: 0.894665
2026-01-08 18:15:33,279 - INFO: Evaluating at iteration 20847
2026-01-08 18:15:34,578 - INFO: Loss: 0.107872
2026-01-08 18:15:34,578 - INFO: Training ROC-AUC: 0.992593
2026-01-08 18:15:34,578 - INFO: Validation ROC-AUC: 0.896048
2026-01-08 18:15:36,886 - INFO: Starting epoch 11
2026-01-08 18:15:36,911 - INFO: Evaluating at iteration 20941
2026-01-08 18:15:38,183 - INFO: Loss: 0.231917
2026-01-08 18:15:38,183 - INFO: Training ROC-AUC: 1.000000
2026-01-08 18:15:38,183 - INFO: Validation ROC-AUC: 0.897351
2026-01-08 18:15:50,446 - INFO: Evaluating at iteration 21441
2026-01-08 18:15:51,719 - INFO: Loss: 0.149179
2026-01-08 18:15:51,719 - INFO: Training ROC-AUC: 0.982143
2026-01-08 18:15:51,719 - INFO: Validation ROC-AUC: 0.895857
2026-01-08 18:16:04,004 - INFO: Evaluating at iteration 21941
2026-01-08 18:16:05,323 - INFO: Loss: 0.244221
2026-01-08 18:16:05,323 - INFO: Training ROC-AUC: 0.923077
2026-01-08 18:16:05,323 - INFO: Validation ROC-AUC: 0.896317
2026-01-08 18:16:17,471 - INFO: Evaluating at iteration 22441
2026-01-08 18:16:18,749 - INFO: Loss: 0.128222
2026-01-08 18:16:18,749 - INFO: Training ROC-AUC: 0.954023
2026-01-08 18:16:18,749 - INFO: Validation ROC-AUC: 0.897774
2026-01-08 18:16:31,052 - INFO: Evaluating at iteration 22941
2026-01-08 18:16:32,320 - INFO: Loss: 0.188347
2026-01-08 18:16:32,320 - INFO: Training ROC-AUC: 0.964286
2026-01-08 18:16:32,320 - INFO: Validation ROC-AUC: 0.896937
2026-01-08 18:16:34,638 - INFO: Starting epoch 12
2026-01-08 18:16:34,665 - INFO: Evaluating at iteration 23035
2026-01-08 18:16:35,940 - INFO: Loss: 0.172536
2026-01-08 18:16:35,940 - INFO: Training ROC-AUC: 0.980769
2026-01-08 18:16:35,940 - INFO: Validation ROC-AUC: 0.898668
2026-01-08 18:16:48,199 - INFO: Evaluating at iteration 23535
2026-01-08 18:16:49,484 - INFO: Loss: 0.229649
2026-01-08 18:16:49,484 - INFO: Training ROC-AUC: 0.892857
2026-01-08 18:16:49,484 - INFO: Validation ROC-AUC: 0.898317
2026-01-08 18:17:01,794 - INFO: Evaluating at iteration 24035
2026-01-08 18:17:03,093 - INFO: Loss: 0.284407
2026-01-08 18:17:03,093 - INFO: Training ROC-AUC: 0.925714
2026-01-08 18:17:03,093 - INFO: Validation ROC-AUC: 0.897881
2026-01-08 18:17:15,463 - INFO: Evaluating at iteration 24535
2026-01-08 18:17:16,728 - INFO: Loss: 0.062134
2026-01-08 18:17:16,728 - INFO: Training ROC-AUC: 1.000000
2026-01-08 18:17:16,728 - INFO: Validation ROC-AUC: 0.898124
2026-01-08 18:17:29,213 - INFO: Evaluating at iteration 25035
2026-01-08 18:17:30,483 - INFO: Loss: 0.235376
2026-01-08 18:17:30,483 - INFO: Training ROC-AUC: 0.963542
2026-01-08 18:17:30,483 - INFO: Validation ROC-AUC: 0.897314
2026-01-08 18:17:32,771 - INFO: Starting epoch 13
2026-01-08 18:17:32,797 - INFO: Evaluating at iteration 25129
2026-01-08 18:17:34,088 - INFO: Loss: 0.053216
2026-01-08 18:17:34,088 - INFO: Training ROC-AUC: 1.000000
2026-01-08 18:17:34,088 - INFO: Validation ROC-AUC: 0.898454
2026-01-08 18:17:46,284 - INFO: Evaluating at iteration 25629
2026-01-08 18:17:47,555 - INFO: Loss: 0.358353
2026-01-08 18:17:47,555 - INFO: Training ROC-AUC: 0.871795
2026-01-08 18:17:47,555 - INFO: Validation ROC-AUC: 0.898540
2026-01-08 18:17:59,961 - INFO: Evaluating at iteration 26129
2026-01-08 18:18:01,274 - INFO: Loss: 0.281170
2026-01-08 18:18:01,274 - INFO: Training ROC-AUC: 0.946860
2026-01-08 18:18:01,274 - INFO: Validation ROC-AUC: 0.897413
2026-01-08 18:18:13,669 - INFO: Evaluating at iteration 26629
2026-01-08 18:18:14,945 - INFO: Loss: 0.255590
2026-01-08 18:18:14,946 - INFO: Training ROC-AUC: 0.903704
2026-01-08 18:18:14,946 - INFO: Validation ROC-AUC: 0.900046
2026-01-08 18:18:27,361 - INFO: Evaluating at iteration 27129
2026-01-08 18:18:28,633 - INFO: Loss: 0.150976
2026-01-08 18:18:28,634 - INFO: Training ROC-AUC: 0.971429
2026-01-08 18:18:28,634 - INFO: Validation ROC-AUC: 0.897566
2026-01-08 18:18:30,955 - INFO: Starting epoch 14
2026-01-08 18:18:30,981 - INFO: Evaluating at iteration 27223
2026-01-08 18:18:32,254 - INFO: Loss: 0.079140
2026-01-08 18:18:32,254 - INFO: Training ROC-AUC: 1.000000
2026-01-08 18:18:32,254 - INFO: Validation ROC-AUC: 0.898799
2026-01-08 18:18:44,645 - INFO: Evaluating at iteration 27723
2026-01-08 18:18:45,912 - INFO: Loss: 0.130166
2026-01-08 18:18:45,912 - INFO: Training ROC-AUC: 0.977778
2026-01-08 18:18:45,912 - INFO: Validation ROC-AUC: 0.899200
2026-01-08 18:18:58,506 - INFO: Evaluating at iteration 28223
2026-01-08 18:18:59,778 - INFO: Loss: 0.053978
2026-01-08 18:18:59,778 - INFO: Training ROC-AUC: 1.000000
2026-01-08 18:18:59,778 - INFO: Validation ROC-AUC: 0.898767
2026-01-08 18:19:12,137 - INFO: Evaluating at iteration 28723
2026-01-08 18:19:13,412 - INFO: Loss: 0.149840
2026-01-08 18:19:13,412 - INFO: Training ROC-AUC: 0.973214
2026-01-08 18:19:13,412 - INFO: Validation ROC-AUC: 0.897830
2026-01-08 18:19:25,913 - INFO: Evaluating at iteration 29223
2026-01-08 18:19:27,247 - INFO: Loss: 0.129943
2026-01-08 18:19:27,247 - INFO: Training ROC-AUC: 0.989583
2026-01-08 18:19:27,247 - INFO: Validation ROC-AUC: 0.899239
2026-01-08 18:19:29,657 - INFO: Starting epoch 15
2026-01-08 18:19:29,681 - INFO: Evaluating at iteration 29317
2026-01-08 18:19:30,954 - INFO: Loss: 0.073366
2026-01-08 18:19:30,954 - INFO: Training ROC-AUC: 1.000000
2026-01-08 18:19:30,954 - INFO: Validation ROC-AUC: 0.899098
2026-01-08 18:19:43,534 - INFO: Evaluating at iteration 29817
2026-01-08 18:19:44,809 - INFO: Loss: 0.119084
2026-01-08 18:19:44,809 - INFO: Training ROC-AUC: 1.000000
2026-01-08 18:19:44,809 - INFO: Validation ROC-AUC: 0.898447
2026-01-08 18:19:57,298 - INFO: Evaluating at iteration 30317
2026-01-08 18:19:58,721 - INFO: Loss: 0.398856
2026-01-08 18:19:58,721 - INFO: Training ROC-AUC: 0.858974
2026-01-08 18:19:58,721 - INFO: Validation ROC-AUC: 0.897974
2026-01-08 18:20:11,139 - INFO: Evaluating at iteration 30817
2026-01-08 18:20:12,420 - INFO: Loss: 0.145856
2026-01-08 18:20:12,420 - INFO: Training ROC-AUC: 0.977778
2026-01-08 18:20:12,420 - INFO: Validation ROC-AUC: 0.898386
2026-01-08 18:20:24,941 - INFO: Evaluating at iteration 31317
2026-01-08 18:20:26,213 - INFO: Loss: 0.147645
2026-01-08 18:20:26,213 - INFO: Training ROC-AUC: 0.980769
2026-01-08 18:20:26,213 - INFO: Validation ROC-AUC: 0.898564
2026-01-08 18:20:28,581 - INFO: Starting epoch 16
2026-01-08 18:20:28,623 - INFO: Evaluating at iteration 31411
2026-01-08 18:20:29,990 - INFO: Loss: 0.055377
2026-01-08 18:20:29,991 - INFO: Training ROC-AUC: 1.000000
2026-01-08 18:20:29,991 - INFO: Validation ROC-AUC: 0.898218
2026-01-08 18:20:42,676 - INFO: Evaluating at iteration 31911
2026-01-08 18:20:43,965 - INFO: Loss: 0.205674
2026-01-08 18:20:43,965 - INFO: Training ROC-AUC: 0.955128
2026-01-08 18:20:43,965 - INFO: Validation ROC-AUC: 0.899793
2026-01-08 18:20:56,354 - INFO: Evaluating at iteration 32411
2026-01-08 18:20:57,642 - INFO: Loss: 0.178239
2026-01-08 18:20:57,642 - INFO: Training ROC-AUC: 0.971429
2026-01-08 18:20:57,642 - INFO: Validation ROC-AUC: 0.897927
2026-01-08 18:21:10,444 - INFO: Evaluating at iteration 32911
2026-01-08 18:21:11,718 - INFO: Loss: 0.207551
2026-01-08 18:21:11,718 - INFO: Training ROC-AUC: 0.956522
2026-01-08 18:21:11,718 - INFO: Validation ROC-AUC: 0.898882
2026-01-08 18:21:24,239 - INFO: Evaluating at iteration 33411
2026-01-08 18:21:25,499 - INFO: Loss: 0.156757
2026-01-08 18:21:25,499 - INFO: Training ROC-AUC: 0.974359
2026-01-08 18:21:25,499 - INFO: Validation ROC-AUC: 0.899756
2026-01-08 18:21:27,823 - INFO: Starting epoch 17
2026-01-08 18:21:27,848 - INFO: Evaluating at iteration 33505
2026-01-08 18:21:29,122 - INFO: Loss: 0.093515
2026-01-08 18:21:29,122 - INFO: Training ROC-AUC: 1.000000
2026-01-08 18:21:29,123 - INFO: Validation ROC-AUC: 0.896657
2026-01-08 18:21:41,694 - INFO: Evaluating at iteration 34005
2026-01-08 18:21:42,968 - INFO: Loss: 0.039320
2026-01-08 18:21:42,971 - INFO: Training ROC-AUC: 1.000000
2026-01-08 18:21:42,971 - INFO: Validation ROC-AUC: 0.899356
2026-01-08 18:21:55,748 - INFO: Evaluating at iteration 34505
2026-01-08 18:21:57,042 - INFO: Loss: 0.053123
2026-01-08 18:21:57,042 - INFO: Training ROC-AUC: 1.000000
2026-01-08 18:21:57,042 - INFO: Validation ROC-AUC: 0.898789
2026-01-08 18:22:09,752 - INFO: Evaluating at iteration 35005
2026-01-08 18:22:11,024 - INFO: Loss: 0.212114
2026-01-08 18:22:11,024 - INFO: Training ROC-AUC: 0.925926
2026-01-08 18:22:11,025 - INFO: Validation ROC-AUC: 0.897901
2026-01-08 18:22:23,867 - INFO: Evaluating at iteration 35505
2026-01-08 18:22:25,136 - INFO: Loss: 0.093320
2026-01-08 18:22:25,137 - INFO: Training ROC-AUC: 0.991071
2026-01-08 18:22:25,137 - INFO: Validation ROC-AUC: 0.898317
2026-01-08 18:22:27,554 - INFO: Starting epoch 18
2026-01-08 18:22:27,584 - INFO: Evaluating at iteration 35599
2026-01-08 18:22:28,853 - INFO: Loss: 0.047670
2026-01-08 18:22:28,853 - INFO: Training ROC-AUC: 1.000000
2026-01-08 18:22:28,853 - INFO: Validation ROC-AUC: 0.898675
2026-01-08 18:22:41,630 - INFO: Evaluating at iteration 36099
2026-01-08 18:22:42,905 - INFO: Loss: 0.011257
2026-01-08 18:22:42,906 - INFO: Training ROC-AUC: 1.000000
2026-01-08 18:22:42,906 - INFO: Validation ROC-AUC: 0.895854
2026-01-08 18:22:55,671 - INFO: Evaluating at iteration 36599
2026-01-08 18:22:56,965 - INFO: Loss: 0.148385
2026-01-08 18:22:56,965 - INFO: Training ROC-AUC: 0.955357
2026-01-08 18:22:56,965 - INFO: Validation ROC-AUC: 0.897137
2026-01-08 18:23:10,167 - INFO: Evaluating at iteration 37099
2026-01-08 18:23:11,437 - INFO: Loss: 0.059030
2026-01-08 18:23:11,438 - INFO: Training ROC-AUC: 1.000000
2026-01-08 18:23:11,438 - INFO: Validation ROC-AUC: 0.898414
2026-01-08 18:23:24,363 - INFO: Evaluating at iteration 37599
2026-01-08 18:23:25,636 - INFO: Loss: 0.196396
2026-01-08 18:23:25,636 - INFO: Training ROC-AUC: 0.908046
2026-01-08 18:23:25,636 - INFO: Validation ROC-AUC: 0.899588
2026-01-08 18:23:28,075 - INFO: Starting epoch 19
2026-01-08 18:23:28,103 - INFO: Evaluating at iteration 37693
2026-01-08 18:23:29,376 - INFO: Loss: 0.096399
2026-01-08 18:23:29,376 - INFO: Training ROC-AUC: 0.977011
2026-01-08 18:23:29,376 - INFO: Validation ROC-AUC: 0.898417
2026-01-08 18:23:42,567 - INFO: Evaluating at iteration 38193
2026-01-08 18:23:43,856 - INFO: Loss: 0.051268
2026-01-08 18:23:43,857 - INFO: Training ROC-AUC: 1.000000
2026-01-08 18:23:43,857 - INFO: Validation ROC-AUC: 0.897889
2026-01-08 18:23:56,874 - INFO: Evaluating at iteration 38693
2026-01-08 18:23:58,160 - INFO: Loss: 0.274688
2026-01-08 18:23:58,160 - INFO: Training ROC-AUC: 0.883929
2026-01-08 18:23:58,160 - INFO: Validation ROC-AUC: 0.898861
2026-01-08 18:24:11,517 - INFO: Evaluating at iteration 39193
2026-01-08 18:24:12,796 - INFO: Loss: 0.104637
2026-01-08 18:24:12,796 - INFO: Training ROC-AUC: 0.994792
2026-01-08 18:24:12,796 - INFO: Validation ROC-AUC: 0.896542
2026-01-08 18:24:26,078 - INFO: Evaluating at iteration 39693
2026-01-08 18:24:27,347 - INFO: Loss: 0.121505
2026-01-08 18:24:27,347 - INFO: Training ROC-AUC: 1.000000
2026-01-08 18:24:27,347 - INFO: Validation ROC-AUC: 0.898956
2026-01-08 18:24:29,833 - INFO: Starting epoch 20
2026-01-08 18:24:29,861 - INFO: Evaluating at iteration 39787
2026-01-08 18:24:31,134 - INFO: Loss: 0.127136
2026-01-08 18:24:31,134 - INFO: Training ROC-AUC: 0.982143
2026-01-08 18:24:31,134 - INFO: Validation ROC-AUC: 0.897538
2026-01-08 18:24:44,588 - INFO: Evaluating at iteration 40287
2026-01-08 18:24:45,876 - INFO: Loss: 0.024898
2026-01-08 18:24:45,876 - INFO: Training ROC-AUC: 1.000000
2026-01-08 18:24:45,876 - INFO: Validation ROC-AUC: 0.897087
2026-01-08 18:24:59,388 - INFO: Evaluating at iteration 40787
2026-01-08 18:25:00,674 - INFO: Loss: 0.003823
2026-01-08 18:25:00,674 - INFO: Training ROC-AUC: 1.000000
2026-01-08 18:25:00,675 - INFO: Validation ROC-AUC: 0.897201
2026-01-08 18:25:14,172 - INFO: Evaluating at iteration 41287
2026-01-08 18:25:15,441 - INFO: Loss: 0.138049
2026-01-08 18:25:15,441 - INFO: Training ROC-AUC: 0.980769
2026-01-08 18:25:15,441 - INFO: Validation ROC-AUC: 0.897228
2026-01-08 18:25:28,658 - INFO: Evaluating at iteration 41787
2026-01-08 18:25:29,926 - INFO: Loss: 0.093260
2026-01-08 18:25:29,926 - INFO: Training ROC-AUC: 1.000000
2026-01-08 18:25:29,926 - INFO: Validation ROC-AUC: 0.896134
2026-01-08 18:25:32,445 - INFO: Starting epoch 21
2026-01-08 18:25:32,475 - INFO: Evaluating at iteration 41881
2026-01-08 18:25:33,749 - INFO: Loss: 0.024369
2026-01-08 18:25:33,749 - INFO: Training ROC-AUC: 1.000000
2026-01-08 18:25:33,749 - INFO: Validation ROC-AUC: 0.895835
2026-01-08 18:25:47,264 - INFO: Evaluating at iteration 42381
2026-01-08 18:25:48,543 - INFO: Loss: 0.213501
2026-01-08 18:25:48,543 - INFO: Training ROC-AUC: 0.940741
2026-01-08 18:25:48,543 - INFO: Validation ROC-AUC: 0.896445
2026-01-08 18:26:01,735 - INFO: Evaluating at iteration 42881
2026-01-08 18:26:03,025 - INFO: Loss: 0.039534
2026-01-08 18:26:03,025 - INFO: Training ROC-AUC: 1.000000
2026-01-08 18:26:03,025 - INFO: Validation ROC-AUC: 0.894901
2026-01-08 18:26:16,631 - INFO: Evaluating at iteration 43381
2026-01-08 18:26:17,892 - INFO: Loss: 0.012384
2026-01-08 18:26:17,893 - INFO: Training ROC-AUC: 1.000000
2026-01-08 18:26:17,893 - INFO: Validation ROC-AUC: 0.896358
2026-01-08 18:26:31,469 - INFO: Evaluating at iteration 43881
2026-01-08 18:26:32,745 - INFO: Loss: 0.167431
2026-01-08 18:26:32,745 - INFO: Training ROC-AUC: 0.984375
2026-01-08 18:26:32,745 - INFO: Validation ROC-AUC: 0.893373
2026-01-08 18:26:35,331 - INFO: Starting epoch 22
2026-01-08 18:26:35,355 - INFO: Evaluating at iteration 43975
2026-01-08 18:26:36,642 - INFO: Loss: 0.023726
2026-01-08 18:26:36,642 - INFO: Training ROC-AUC: 1.000000
2026-01-08 18:26:36,642 - INFO: Validation ROC-AUC: 0.896871
2026-01-08 18:26:50,544 - INFO: Evaluating at iteration 44475
2026-01-08 18:26:51,817 - INFO: Loss: 0.158966
2026-01-08 18:26:51,817 - INFO: Training ROC-AUC: 0.962963
2026-01-08 18:26:51,817 - INFO: Validation ROC-AUC: 0.895710
2026-01-08 18:27:05,190 - INFO: Evaluating at iteration 44975
2026-01-08 18:27:06,493 - INFO: Loss: 0.070900
2026-01-08 18:27:06,493 - INFO: Training ROC-AUC: 1.000000
2026-01-08 18:27:06,493 - INFO: Validation ROC-AUC: 0.894976
2026-01-08 18:27:20,133 - INFO: Evaluating at iteration 45475
2026-01-08 18:27:21,409 - INFO: Loss: 0.064036
2026-01-08 18:27:21,409 - INFO: Training ROC-AUC: 1.000000
2026-01-08 18:27:21,409 - INFO: Validation ROC-AUC: 0.894894
2026-01-08 18:27:34,710 - INFO: Evaluating at iteration 45975
2026-01-08 18:27:35,983 - INFO: Loss: 0.118645
2026-01-08 18:27:35,984 - INFO: Training ROC-AUC: 0.987013
2026-01-08 18:27:35,984 - INFO: Validation ROC-AUC: 0.897950
2026-01-08 18:27:38,483 - INFO: Starting epoch 23
2026-01-08 18:27:38,507 - INFO: Evaluating at iteration 46069
2026-01-08 18:27:39,899 - INFO: Loss: 0.022228
2026-01-08 18:27:39,899 - INFO: Training ROC-AUC: 1.000000
2026-01-08 18:27:39,899 - INFO: Validation ROC-AUC: 0.898096
2026-01-08 18:27:53,476 - INFO: Evaluating at iteration 46569
2026-01-08 18:27:54,746 - INFO: Loss: 0.081084
2026-01-08 18:27:54,746 - INFO: Training ROC-AUC: 1.000000
2026-01-08 18:27:54,746 - INFO: Validation ROC-AUC: 0.897088
2026-01-08 18:28:08,306 - INFO: Evaluating at iteration 47069
2026-01-08 18:28:09,674 - INFO: Loss: 0.048843
2026-01-08 18:28:09,674 - INFO: Training ROC-AUC: 1.000000
2026-01-08 18:28:09,674 - INFO: Validation ROC-AUC: 0.897886
2026-01-08 18:28:23,063 - INFO: Evaluating at iteration 47569
2026-01-08 18:28:24,343 - INFO: Loss: 0.076556
2026-01-08 18:28:24,344 - INFO: Training ROC-AUC: 1.000000
2026-01-08 18:28:24,344 - INFO: Validation ROC-AUC: 0.895770
2026-01-08 18:28:37,849 - INFO: Evaluating at iteration 48069
2026-01-08 18:28:39,114 - INFO: Loss: 0.087663
2026-01-08 18:28:39,115 - INFO: Training ROC-AUC: 1.000000
2026-01-08 18:28:39,115 - INFO: Validation ROC-AUC: 0.895452
2026-01-08 18:28:41,800 - INFO: Starting epoch 24
2026-01-08 18:28:41,827 - INFO: Evaluating at iteration 48163
2026-01-08 18:28:43,106 - INFO: Loss: 0.050061
2026-01-08 18:28:43,106 - INFO: Training ROC-AUC: 1.000000
2026-01-08 18:28:43,106 - INFO: Validation ROC-AUC: 0.894549
2026-01-08 18:28:56,694 - INFO: Evaluating at iteration 48663
2026-01-08 18:28:57,966 - INFO: Loss: 0.057179
2026-01-08 18:28:57,966 - INFO: Training ROC-AUC: 1.000000
2026-01-08 18:28:57,966 - INFO: Validation ROC-AUC: 0.896240
2026-01-08 18:29:11,715 - INFO: Evaluating at iteration 49163
2026-01-08 18:29:12,991 - INFO: Loss: 0.027067
2026-01-08 18:29:12,992 - INFO: Training ROC-AUC: 1.000000
2026-01-08 18:29:12,992 - INFO: Validation ROC-AUC: 0.896338
2026-01-08 18:29:26,457 - INFO: Evaluating at iteration 49663
2026-01-08 18:29:27,744 - INFO: Loss: 0.012148
2026-01-08 18:29:27,744 - INFO: Training ROC-AUC: 1.000000
2026-01-08 18:29:27,744 - INFO: Validation ROC-AUC: 0.896477
2026-01-08 18:29:41,156 - INFO: Evaluating at iteration 50163
2026-01-08 18:29:42,556 - INFO: Loss: 0.003667
2026-01-08 18:29:42,556 - INFO: Training ROC-AUC: 1.000000
2026-01-08 18:29:42,556 - INFO: Validation ROC-AUC: 0.896290
2026-01-08 18:29:45,033 - INFO: Starting epoch 25
2026-01-08 18:29:45,064 - INFO: Evaluating at iteration 50257
2026-01-08 18:29:46,330 - INFO: Loss: 0.076695
2026-01-08 18:29:46,330 - INFO: Training ROC-AUC: 1.000000
2026-01-08 18:29:46,330 - INFO: Validation ROC-AUC: 0.896220
2026-01-08 18:29:59,889 - INFO: Evaluating at iteration 50757
2026-01-08 18:30:01,164 - INFO: Loss: 0.007897
2026-01-08 18:30:01,164 - INFO: Training ROC-AUC: 1.000000
2026-01-08 18:30:01,164 - INFO: Validation ROC-AUC: 0.895081
2026-01-08 18:30:14,953 - INFO: Evaluating at iteration 51257
2026-01-08 18:30:16,239 - INFO: Loss: 0.015571
2026-01-08 18:30:16,239 - INFO: Training ROC-AUC: 1.000000
2026-01-08 18:30:16,239 - INFO: Validation ROC-AUC: 0.897617
2026-01-08 18:30:29,867 - INFO: Evaluating at iteration 51757
2026-01-08 18:30:31,158 - INFO: Loss: 0.038226
2026-01-08 18:30:31,158 - INFO: Training ROC-AUC: 1.000000
2026-01-08 18:30:31,158 - INFO: Validation ROC-AUC: 0.896164
2026-01-08 18:30:44,690 - INFO: Evaluating at iteration 52257
2026-01-08 18:30:45,967 - INFO: Loss: 0.165883
2026-01-08 18:30:45,968 - INFO: Training ROC-AUC: 0.984375
2026-01-08 18:30:45,968 - INFO: Validation ROC-AUC: 0.895262
2026-01-08 18:30:48,450 - INFO: Saving model to models/TCRStructMap_random_split_sequence_only/model_2.pt
2026-01-08 18:30:48,472 - INFO: Starting fold 3
2026-01-08 18:30:48,581 - INFO: Initialising model
2026-01-08 18:30:48,593 - INFO: Starting training
2026-01-08 18:30:48,594 - INFO: Starting epoch 1
2026-01-08 18:30:48,621 - INFO: Evaluating at iteration 1
2026-01-08 18:30:49,930 - INFO: Loss: 0.685647
2026-01-08 18:30:49,930 - INFO: Training ROC-AUC: 0.508571
2026-01-08 18:30:49,930 - INFO: Validation ROC-AUC: 0.509290
2026-01-08 18:31:01,702 - INFO: Evaluating at iteration 501
2026-01-08 18:31:02,989 - INFO: Loss: 0.426197
2026-01-08 18:31:02,989 - INFO: Training ROC-AUC: 0.608974
2026-01-08 18:31:02,989 - INFO: Validation ROC-AUC: 0.606628
2026-01-08 18:31:15,284 - INFO: Evaluating at iteration 1001
2026-01-08 18:31:16,562 - INFO: Loss: 0.204730
2026-01-08 18:31:16,562 - INFO: Training ROC-AUC: 0.129032
2026-01-08 18:31:16,562 - INFO: Validation ROC-AUC: 0.648068
2026-01-08 18:31:28,594 - INFO: Evaluating at iteration 1501
2026-01-08 18:31:29,863 - INFO: Loss: 0.230132
2026-01-08 18:31:29,863 - INFO: Training ROC-AUC: 0.600000
2026-01-08 18:31:29,863 - INFO: Validation ROC-AUC: 0.715402
2026-01-08 18:31:41,749 - INFO: Evaluating at iteration 2001
2026-01-08 18:31:43,019 - INFO: Loss: 0.398555
2026-01-08 18:31:43,019 - INFO: Training ROC-AUC: 0.666667
2026-01-08 18:31:43,019 - INFO: Validation ROC-AUC: 0.780999
2026-01-08 18:31:45,395 - INFO: Starting epoch 2
2026-01-08 18:31:45,422 - INFO: Evaluating at iteration 2095
2026-01-08 18:31:46,698 - INFO: Loss: 0.363215
2026-01-08 18:31:46,698 - INFO: Training ROC-AUC: 0.769231
2026-01-08 18:31:46,698 - INFO: Validation ROC-AUC: 0.779535
2026-01-08 18:31:58,643 - INFO: Evaluating at iteration 2595
2026-01-08 18:31:59,907 - INFO: Loss: 0.286513
2026-01-08 18:31:59,907 - INFO: Training ROC-AUC: 0.868571
2026-01-08 18:31:59,907 - INFO: Validation ROC-AUC: 0.794808
2026-01-08 18:32:11,865 - INFO: Evaluating at iteration 3095
2026-01-08 18:32:13,133 - INFO: Loss: 0.208730
2026-01-08 18:32:13,134 - INFO: Training ROC-AUC: 0.977011
2026-01-08 18:32:13,134 - INFO: Validation ROC-AUC: 0.811280
2026-01-08 18:32:25,212 - INFO: Evaluating at iteration 3595
2026-01-08 18:32:26,477 - INFO: Loss: 0.394509
2026-01-08 18:32:26,477 - INFO: Training ROC-AUC: 0.666667
2026-01-08 18:32:26,477 - INFO: Validation ROC-AUC: 0.837427
2026-01-08 18:32:38,454 - INFO: Evaluating at iteration 4095
2026-01-08 18:32:39,719 - INFO: Loss: 0.318001
2026-01-08 18:32:39,719 - INFO: Training ROC-AUC: 0.935897
2026-01-08 18:32:39,719 - INFO: Validation ROC-AUC: 0.842656
2026-01-08 18:32:41,955 - INFO: Starting epoch 3
2026-01-08 18:32:41,980 - INFO: Evaluating at iteration 4189
2026-01-08 18:32:43,252 - INFO: Loss: 0.354592
2026-01-08 18:32:43,252 - INFO: Training ROC-AUC: 0.788462
2026-01-08 18:32:43,252 - INFO: Validation ROC-AUC: 0.846365
2026-01-08 18:32:55,433 - INFO: Evaluating at iteration 4689
2026-01-08 18:32:56,702 - INFO: Loss: 0.256496
2026-01-08 18:32:56,702 - INFO: Training ROC-AUC: 0.933333
2026-01-08 18:32:56,702 - INFO: Validation ROC-AUC: 0.849942
2026-01-08 18:33:08,766 - INFO: Evaluating at iteration 5189
2026-01-08 18:33:10,103 - INFO: Loss: 0.216847
2026-01-08 18:33:10,103 - INFO: Training ROC-AUC: 0.931034
2026-01-08 18:33:10,103 - INFO: Validation ROC-AUC: 0.856713
2026-01-08 18:33:22,216 - INFO: Evaluating at iteration 5689
2026-01-08 18:33:23,513 - INFO: Loss: 0.281163
2026-01-08 18:33:23,513 - INFO: Training ROC-AUC: 0.935897
2026-01-08 18:33:23,514 - INFO: Validation ROC-AUC: 0.862898
2026-01-08 18:33:35,611 - INFO: Evaluating at iteration 6189
2026-01-08 18:33:36,882 - INFO: Loss: 0.196534
2026-01-08 18:33:36,882 - INFO: Training ROC-AUC: 0.935897
2026-01-08 18:33:36,882 - INFO: Validation ROC-AUC: 0.865803
2026-01-08 18:33:39,137 - INFO: Starting epoch 4
2026-01-08 18:33:39,163 - INFO: Evaluating at iteration 6283
2026-01-08 18:33:40,433 - INFO: Loss: 0.312984
2026-01-08 18:33:40,433 - INFO: Training ROC-AUC: 0.792593
2026-01-08 18:33:40,433 - INFO: Validation ROC-AUC: 0.868373
2026-01-08 18:33:52,657 - INFO: Evaluating at iteration 6783
2026-01-08 18:33:53,929 - INFO: Loss: 0.260095
2026-01-08 18:33:53,930 - INFO: Training ROC-AUC: 0.848214
2026-01-08 18:33:53,930 - INFO: Validation ROC-AUC: 0.870249
2026-01-08 18:34:06,014 - INFO: Evaluating at iteration 7283
2026-01-08 18:34:07,329 - INFO: Loss: 0.086805
2026-01-08 18:34:07,329 - INFO: Training ROC-AUC: nan
2026-01-08 18:34:07,329 - INFO: Validation ROC-AUC: 0.873127
2026-01-08 18:34:19,367 - INFO: Evaluating at iteration 7783
2026-01-08 18:34:20,740 - INFO: Loss: 0.205740
2026-01-08 18:34:20,740 - INFO: Training ROC-AUC: 0.918519
2026-01-08 18:34:20,740 - INFO: Validation ROC-AUC: 0.877490
2026-01-08 18:34:32,855 - INFO: Evaluating at iteration 8283
2026-01-08 18:34:34,154 - INFO: Loss: 0.282790
2026-01-08 18:34:34,154 - INFO: Training ROC-AUC: 0.911111
2026-01-08 18:34:34,154 - INFO: Validation ROC-AUC: 0.879481
2026-01-08 18:34:36,479 - INFO: Starting epoch 5
2026-01-08 18:34:36,504 - INFO: Evaluating at iteration 8377
2026-01-08 18:34:37,772 - INFO: Loss: 0.438206
2026-01-08 18:34:37,772 - INFO: Training ROC-AUC: 0.863636
2026-01-08 18:34:37,772 - INFO: Validation ROC-AUC: 0.878749
2026-01-08 18:34:50,020 - INFO: Evaluating at iteration 8877
2026-01-08 18:34:51,374 - INFO: Loss: 0.254752
2026-01-08 18:34:51,374 - INFO: Training ROC-AUC: 0.793103
2026-01-08 18:34:51,374 - INFO: Validation ROC-AUC: 0.879725
2026-01-08 18:35:03,489 - INFO: Evaluating at iteration 9377
2026-01-08 18:35:04,834 - INFO: Loss: 0.313169
2026-01-08 18:35:04,834 - INFO: Training ROC-AUC: 0.840000
2026-01-08 18:35:04,834 - INFO: Validation ROC-AUC: 0.884650
2026-01-08 18:35:17,284 - INFO: Evaluating at iteration 9877
2026-01-08 18:35:18,556 - INFO: Loss: 0.220996
2026-01-08 18:35:18,557 - INFO: Training ROC-AUC: 0.935897
2026-01-08 18:35:18,557 - INFO: Validation ROC-AUC: 0.884220
2026-01-08 18:35:31,055 - INFO: Evaluating at iteration 10377
2026-01-08 18:35:32,331 - INFO: Loss: 0.292798
2026-01-08 18:35:32,331 - INFO: Training ROC-AUC: 0.800000
2026-01-08 18:35:32,331 - INFO: Validation ROC-AUC: 0.886894
2026-01-08 18:35:34,670 - INFO: Starting epoch 6
2026-01-08 18:35:34,697 - INFO: Evaluating at iteration 10471
2026-01-08 18:35:35,971 - INFO: Loss: 0.272659
2026-01-08 18:35:35,971 - INFO: Training ROC-AUC: 0.803571
2026-01-08 18:35:35,971 - INFO: Validation ROC-AUC: 0.883720
2026-01-08 18:35:48,428 - INFO: Evaluating at iteration 10971
2026-01-08 18:35:49,744 - INFO: Loss: 0.180199
2026-01-08 18:35:49,744 - INFO: Training ROC-AUC: 0.988571
2026-01-08 18:35:49,744 - INFO: Validation ROC-AUC: 0.887290
2026-01-08 18:36:02,076 - INFO: Evaluating at iteration 11471
2026-01-08 18:36:03,357 - INFO: Loss: 0.246421
2026-01-08 18:36:03,357 - INFO: Training ROC-AUC: 0.911111
2026-01-08 18:36:03,357 - INFO: Validation ROC-AUC: 0.886459
2026-01-08 18:36:15,514 - INFO: Evaluating at iteration 11971
2026-01-08 18:36:16,831 - INFO: Loss: 0.225741
2026-01-08 18:36:16,831 - INFO: Training ROC-AUC: 0.942857
2026-01-08 18:36:16,831 - INFO: Validation ROC-AUC: 0.886342
2026-01-08 18:36:29,247 - INFO: Evaluating at iteration 12471
2026-01-08 18:36:30,536 - INFO: Loss: 0.381822
2026-01-08 18:36:30,536 - INFO: Training ROC-AUC: 0.740741
2026-01-08 18:36:30,536 - INFO: Validation ROC-AUC: 0.889477
2026-01-08 18:36:32,828 - INFO: Starting epoch 7
2026-01-08 18:36:32,854 - INFO: Evaluating at iteration 12565
2026-01-08 18:36:34,164 - INFO: Loss: 0.153790
2026-01-08 18:36:34,164 - INFO: Training ROC-AUC: 0.946429
2026-01-08 18:36:34,165 - INFO: Validation ROC-AUC: 0.890606
2026-01-08 18:36:46,217 - INFO: Evaluating at iteration 13065
2026-01-08 18:36:47,512 - INFO: Loss: 0.228194
2026-01-08 18:36:47,512 - INFO: Training ROC-AUC: 0.875000
2026-01-08 18:36:47,512 - INFO: Validation ROC-AUC: 0.889730
2026-01-08 18:36:59,694 - INFO: Evaluating at iteration 13565
2026-01-08 18:37:00,964 - INFO: Loss: 0.193422
2026-01-08 18:37:00,964 - INFO: Training ROC-AUC: 0.931034
2026-01-08 18:37:00,964 - INFO: Validation ROC-AUC: 0.890336
2026-01-08 18:37:12,958 - INFO: Evaluating at iteration 14065
2026-01-08 18:37:14,235 - INFO: Loss: 0.407615
2026-01-08 18:37:14,235 - INFO: Training ROC-AUC: 0.822917
2026-01-08 18:37:14,235 - INFO: Validation ROC-AUC: 0.891146
2026-01-08 18:37:26,400 - INFO: Evaluating at iteration 14565
2026-01-08 18:37:27,702 - INFO: Loss: 0.321644
2026-01-08 18:37:27,702 - INFO: Training ROC-AUC: 0.846154
2026-01-08 18:37:27,703 - INFO: Validation ROC-AUC: 0.891760
2026-01-08 18:37:29,932 - INFO: Starting epoch 8
2026-01-08 18:37:29,957 - INFO: Evaluating at iteration 14659
2026-01-08 18:37:31,244 - INFO: Loss: 0.196745
2026-01-08 18:37:31,244 - INFO: Training ROC-AUC: 0.937500
2026-01-08 18:37:31,244 - INFO: Validation ROC-AUC: 0.893896
2026-01-08 18:37:43,273 - INFO: Evaluating at iteration 15159
2026-01-08 18:37:44,540 - INFO: Loss: 0.123237
2026-01-08 18:37:44,541 - INFO: Training ROC-AUC: 1.000000
2026-01-08 18:37:44,541 - INFO: Validation ROC-AUC: 0.892983
2026-01-08 18:37:56,715 - INFO: Evaluating at iteration 15659
2026-01-08 18:37:57,984 - INFO: Loss: 0.127082
2026-01-08 18:37:57,984 - INFO: Training ROC-AUC: 1.000000
2026-01-08 18:37:57,984 - INFO: Validation ROC-AUC: 0.893776
2026-01-08 18:38:10,001 - INFO: Evaluating at iteration 16159
2026-01-08 18:38:11,276 - INFO: Loss: 0.232542
2026-01-08 18:38:11,276 - INFO: Training ROC-AUC: 0.923077
2026-01-08 18:38:11,276 - INFO: Validation ROC-AUC: 0.895789
2026-01-08 18:38:23,193 - INFO: Evaluating at iteration 16659
2026-01-08 18:38:24,463 - INFO: Loss: 0.179971
2026-01-08 18:38:24,463 - INFO: Training ROC-AUC: 0.987179
2026-01-08 18:38:24,463 - INFO: Validation ROC-AUC: 0.894853
2026-01-08 18:38:26,815 - INFO: Starting epoch 9
2026-01-08 18:38:26,840 - INFO: Evaluating at iteration 16753
2026-01-08 18:38:28,110 - INFO: Loss: 0.511842
2026-01-08 18:38:28,111 - INFO: Training ROC-AUC: 0.786458
2026-01-08 18:38:28,111 - INFO: Validation ROC-AUC: 0.895274
2026-01-08 18:38:40,154 - INFO: Evaluating at iteration 17253
2026-01-08 18:38:41,463 - INFO: Loss: 0.121093
2026-01-08 18:38:41,463 - INFO: Training ROC-AUC: 0.982143
2026-01-08 18:38:41,464 - INFO: Validation ROC-AUC: 0.890763
2026-01-08 18:38:53,548 - INFO: Evaluating at iteration 17753
2026-01-08 18:38:54,824 - INFO: Loss: 0.285342
2026-01-08 18:38:54,824 - INFO: Training ROC-AUC: 0.955128
2026-01-08 18:38:54,824 - INFO: Validation ROC-AUC: 0.896426
2026-01-08 18:39:06,930 - INFO: Evaluating at iteration 18253
2026-01-08 18:39:08,203 - INFO: Loss: 0.183552
2026-01-08 18:39:08,203 - INFO: Training ROC-AUC: 0.955556
2026-01-08 18:39:08,203 - INFO: Validation ROC-AUC: 0.895068
2026-01-08 18:39:20,143 - INFO: Evaluating at iteration 18753
2026-01-08 18:39:21,415 - INFO: Loss: 0.351692
2026-01-08 18:39:21,415 - INFO: Training ROC-AUC: 0.826923
2026-01-08 18:39:21,415 - INFO: Validation ROC-AUC: 0.896707
2026-01-08 18:39:23,780 - INFO: Starting epoch 10
2026-01-08 18:39:23,805 - INFO: Evaluating at iteration 18847
2026-01-08 18:39:25,076 - INFO: Loss: 0.242747
2026-01-08 18:39:25,076 - INFO: Training ROC-AUC: 0.942308
2026-01-08 18:39:25,076 - INFO: Validation ROC-AUC: 0.897276
2026-01-08 18:39:37,273 - INFO: Evaluating at iteration 19347
2026-01-08 18:39:38,584 - INFO: Loss: 0.330073
2026-01-08 18:39:38,584 - INFO: Training ROC-AUC: 0.821429
2026-01-08 18:39:38,584 - INFO: Validation ROC-AUC: 0.897087
2026-01-08 18:39:50,940 - INFO: Evaluating at iteration 19847
2026-01-08 18:39:52,221 - INFO: Loss: 0.178025
2026-01-08 18:39:52,221 - INFO: Training ROC-AUC: 0.955128
2026-01-08 18:39:52,221 - INFO: Validation ROC-AUC: 0.899626
2026-01-08 18:40:04,747 - INFO: Evaluating at iteration 20347
2026-01-08 18:40:06,017 - INFO: Loss: 0.227364
2026-01-08 18:40:06,017 - INFO: Training ROC-AUC: 0.942857
2026-01-08 18:40:06,018 - INFO: Validation ROC-AUC: 0.897636
2026-01-08 18:40:18,226 - INFO: Evaluating at iteration 20847
2026-01-08 18:40:19,525 - INFO: Loss: 0.192770
2026-01-08 18:40:19,525 - INFO: Training ROC-AUC: 0.967949
2026-01-08 18:40:19,525 - INFO: Validation ROC-AUC: 0.898708
2026-01-08 18:40:21,810 - INFO: Starting epoch 11
2026-01-08 18:40:21,836 - INFO: Evaluating at iteration 20941
2026-01-08 18:40:23,119 - INFO: Loss: 0.233159
2026-01-08 18:40:23,120 - INFO: Training ROC-AUC: 0.948718
2026-01-08 18:40:23,120 - INFO: Validation ROC-AUC: 0.897616
2026-01-08 18:40:35,270 - INFO: Evaluating at iteration 21441
2026-01-08 18:40:36,551 - INFO: Loss: 0.304238
2026-01-08 18:40:36,551 - INFO: Training ROC-AUC: 0.897436
2026-01-08 18:40:36,551 - INFO: Validation ROC-AUC: 0.895978
2026-01-08 18:40:48,609 - INFO: Evaluating at iteration 21941
2026-01-08 18:40:49,903 - INFO: Loss: 0.183179
2026-01-08 18:40:49,903 - INFO: Training ROC-AUC: 0.970370
2026-01-08 18:40:49,903 - INFO: Validation ROC-AUC: 0.896867
2026-01-08 18:41:02,098 - INFO: Evaluating at iteration 22441
2026-01-08 18:41:03,376 - INFO: Loss: 0.351322
2026-01-08 18:41:03,376 - INFO: Training ROC-AUC: 0.897436
2026-01-08 18:41:03,377 - INFO: Validation ROC-AUC: 0.898709
2026-01-08 18:41:15,785 - INFO: Evaluating at iteration 22941
2026-01-08 18:41:17,059 - INFO: Loss: 0.168006
2026-01-08 18:41:17,059 - INFO: Training ROC-AUC: 0.955128
2026-01-08 18:41:17,059 - INFO: Validation ROC-AUC: 0.898265
2026-01-08 18:41:19,359 - INFO: Starting epoch 12
2026-01-08 18:41:19,385 - INFO: Evaluating at iteration 23035
2026-01-08 18:41:20,692 - INFO: Loss: 0.154338
2026-01-08 18:41:20,692 - INFO: Training ROC-AUC: 0.988506
2026-01-08 18:41:20,692 - INFO: Validation ROC-AUC: 0.899303
2026-01-08 18:41:32,873 - INFO: Evaluating at iteration 23535
2026-01-08 18:41:34,205 - INFO: Loss: 0.206705
2026-01-08 18:41:34,205 - INFO: Training ROC-AUC: 0.965714
2026-01-08 18:41:34,205 - INFO: Validation ROC-AUC: 0.898587
2026-01-08 18:41:46,357 - INFO: Evaluating at iteration 24035
2026-01-08 18:41:47,624 - INFO: Loss: 0.356502
2026-01-08 18:41:47,624 - INFO: Training ROC-AUC: 0.844444
2026-01-08 18:41:47,624 - INFO: Validation ROC-AUC: 0.897278
2026-01-08 18:41:59,910 - INFO: Evaluating at iteration 24535
2026-01-08 18:42:01,188 - INFO: Loss: 0.143037
2026-01-08 18:42:01,188 - INFO: Training ROC-AUC: 1.000000
2026-01-08 18:42:01,188 - INFO: Validation ROC-AUC: 0.896928
2026-01-08 18:42:13,470 - INFO: Evaluating at iteration 25035
2026-01-08 18:42:14,736 - INFO: Loss: 0.367833
2026-01-08 18:42:14,737 - INFO: Training ROC-AUC: 0.781609
2026-01-08 18:42:14,737 - INFO: Validation ROC-AUC: 0.898408
2026-01-08 18:42:17,031 - INFO: Starting epoch 13
2026-01-08 18:42:17,056 - INFO: Evaluating at iteration 25129
2026-01-08 18:42:18,337 - INFO: Loss: 0.133124
2026-01-08 18:42:18,337 - INFO: Training ROC-AUC: 1.000000
2026-01-08 18:42:18,337 - INFO: Validation ROC-AUC: 0.897822
2026-01-08 18:42:30,609 - INFO: Evaluating at iteration 25629
2026-01-08 18:42:31,921 - INFO: Loss: 0.252069
2026-01-08 18:42:31,922 - INFO: Training ROC-AUC: 0.958333
2026-01-08 18:42:31,922 - INFO: Validation ROC-AUC: 0.896969
2026-01-08 18:42:44,167 - INFO: Evaluating at iteration 26129
2026-01-08 18:42:45,432 - INFO: Loss: 0.122129
2026-01-08 18:42:45,433 - INFO: Training ROC-AUC: 1.000000
2026-01-08 18:42:45,433 - INFO: Validation ROC-AUC: 0.897222
2026-01-08 18:42:57,855 - INFO: Evaluating at iteration 26629
2026-01-08 18:42:59,126 - INFO: Loss: 0.303912
2026-01-08 18:42:59,126 - INFO: Training ROC-AUC: 0.937198
2026-01-08 18:42:59,126 - INFO: Validation ROC-AUC: 0.899126
2026-01-08 18:43:11,717 - INFO: Evaluating at iteration 27129
2026-01-08 18:43:12,980 - INFO: Loss: 0.150492
2026-01-08 18:43:12,980 - INFO: Training ROC-AUC: 0.937500
2026-01-08 18:43:12,980 - INFO: Validation ROC-AUC: 0.899687
2026-01-08 18:43:15,326 - INFO: Starting epoch 14
2026-01-08 18:43:15,351 - INFO: Evaluating at iteration 27223
2026-01-08 18:43:16,624 - INFO: Loss: 0.160479
2026-01-08 18:43:16,624 - INFO: Training ROC-AUC: 0.955556
2026-01-08 18:43:16,624 - INFO: Validation ROC-AUC: 0.898267
2026-01-08 18:43:29,517 - INFO: Evaluating at iteration 27723
2026-01-08 18:43:30,788 - INFO: Loss: 0.162131
2026-01-08 18:43:30,788 - INFO: Training ROC-AUC: 0.974359
2026-01-08 18:43:30,788 - INFO: Validation ROC-AUC: 0.896938
2026-01-08 18:43:43,279 - INFO: Evaluating at iteration 28223
2026-01-08 18:43:44,546 - INFO: Loss: 0.165680
2026-01-08 18:43:44,546 - INFO: Training ROC-AUC: 0.977778
2026-01-08 18:43:44,546 - INFO: Validation ROC-AUC: 0.897635
2026-01-08 18:43:57,414 - INFO: Evaluating at iteration 28723
2026-01-08 18:43:58,688 - INFO: Loss: 0.142354
2026-01-08 18:43:58,688 - INFO: Training ROC-AUC: 0.994286
2026-01-08 18:43:58,688 - INFO: Validation ROC-AUC: 0.897996
2026-01-08 18:44:11,453 - INFO: Evaluating at iteration 29223
2026-01-08 18:44:12,751 - INFO: Loss: 0.310020
2026-01-08 18:44:12,751 - INFO: Training ROC-AUC: 0.979167
2026-01-08 18:44:12,751 - INFO: Validation ROC-AUC: 0.895854
2026-01-08 18:44:15,127 - INFO: Starting epoch 15
2026-01-08 18:44:15,153 - INFO: Evaluating at iteration 29317
2026-01-08 18:44:16,417 - INFO: Loss: 0.042804
2026-01-08 18:44:16,418 - INFO: Training ROC-AUC: 1.000000
2026-01-08 18:44:16,418 - INFO: Validation ROC-AUC: 0.899161
2026-01-08 18:44:29,204 - INFO: Evaluating at iteration 29817
2026-01-08 18:44:30,470 - INFO: Loss: 0.291662
2026-01-08 18:44:30,470 - INFO: Training ROC-AUC: 0.937500
2026-01-08 18:44:30,470 - INFO: Validation ROC-AUC: 0.897359
2026-01-08 18:44:43,306 - INFO: Evaluating at iteration 30317
2026-01-08 18:44:44,567 - INFO: Loss: 0.104337
2026-01-08 18:44:44,567 - INFO: Training ROC-AUC: 1.000000
2026-01-08 18:44:44,567 - INFO: Validation ROC-AUC: 0.899322
2026-01-08 18:44:57,453 - INFO: Evaluating at iteration 30817
2026-01-08 18:44:58,761 - INFO: Loss: 0.105681
2026-01-08 18:44:58,761 - INFO: Training ROC-AUC: 0.991071
2026-01-08 18:44:58,762 - INFO: Validation ROC-AUC: 0.897604
2026-01-08 18:45:11,528 - INFO: Evaluating at iteration 31317
2026-01-08 18:45:12,788 - INFO: Loss: 0.165635
2026-01-08 18:45:12,788 - INFO: Training ROC-AUC: 0.987179
2026-01-08 18:45:12,788 - INFO: Validation ROC-AUC: 0.898748
2026-01-08 18:45:15,225 - INFO: Starting epoch 16
2026-01-08 18:45:15,252 - INFO: Evaluating at iteration 31411
2026-01-08 18:45:16,542 - INFO: Loss: 0.101718
2026-01-08 18:45:16,542 - INFO: Training ROC-AUC: 0.991071
2026-01-08 18:45:16,542 - INFO: Validation ROC-AUC: 0.898358
2026-01-08 18:45:29,383 - INFO: Evaluating at iteration 31911
2026-01-08 18:45:30,652 - INFO: Loss: 0.138026
2026-01-08 18:45:30,652 - INFO: Training ROC-AUC: 0.964286
2026-01-08 18:45:30,652 - INFO: Validation ROC-AUC: 0.897953
2026-01-08 18:45:43,784 - INFO: Evaluating at iteration 32411
2026-01-08 18:45:45,058 - INFO: Loss: 0.127448
2026-01-08 18:45:45,059 - INFO: Training ROC-AUC: 0.964286
2026-01-08 18:45:45,059 - INFO: Validation ROC-AUC: 0.896587
2026-01-08 18:45:58,167 - INFO: Evaluating at iteration 32911
2026-01-08 18:45:59,469 - INFO: Loss: 0.113753
2026-01-08 18:45:59,469 - INFO: Training ROC-AUC: 1.000000
2026-01-08 18:45:59,469 - INFO: Validation ROC-AUC: 0.897374
2026-01-08 18:46:12,785 - INFO: Evaluating at iteration 33411
2026-01-08 18:46:14,056 - INFO: Loss: 0.089488
2026-01-08 18:46:14,056 - INFO: Training ROC-AUC: 1.000000
2026-01-08 18:46:14,056 - INFO: Validation ROC-AUC: 0.895210
2026-01-08 18:46:16,523 - INFO: Starting epoch 17
2026-01-08 18:46:16,549 - INFO: Evaluating at iteration 33505
2026-01-08 18:46:17,821 - INFO: Loss: 0.208978
2026-01-08 18:46:17,821 - INFO: Training ROC-AUC: 0.954286
2026-01-08 18:46:17,821 - INFO: Validation ROC-AUC: 0.893779
2026-01-08 18:46:31,027 - INFO: Evaluating at iteration 34005
2026-01-08 18:46:32,297 - INFO: Loss: 0.084706
2026-01-08 18:46:32,297 - INFO: Training ROC-AUC: 1.000000
2026-01-08 18:46:32,297 - INFO: Validation ROC-AUC: 0.896944
2026-01-08 18:46:45,542 - INFO: Evaluating at iteration 34505
2026-01-08 18:46:46,810 - INFO: Loss: 0.133310
2026-01-08 18:46:46,810 - INFO: Training ROC-AUC: 0.982857
2026-01-08 18:46:46,810 - INFO: Validation ROC-AUC: 0.896693
2026-01-08 18:47:00,242 - INFO: Evaluating at iteration 35005
2026-01-08 18:47:01,557 - INFO: Loss: 0.087273
2026-01-08 18:47:01,557 - INFO: Training ROC-AUC: 1.000000
2026-01-08 18:47:01,557 - INFO: Validation ROC-AUC: 0.897738
2026-01-08 18:47:14,908 - INFO: Evaluating at iteration 35505
2026-01-08 18:47:16,186 - INFO: Loss: 0.252927
2026-01-08 18:47:16,186 - INFO: Training ROC-AUC: 0.833333
2026-01-08 18:47:16,186 - INFO: Validation ROC-AUC: 0.896895
2026-01-08 18:47:18,708 - INFO: Starting epoch 18
2026-01-08 18:47:18,738 - INFO: Evaluating at iteration 35599
2026-01-08 18:47:20,038 - INFO: Loss: 0.078745
2026-01-08 18:47:20,038 - INFO: Training ROC-AUC: 0.988506
2026-01-08 18:47:20,038 - INFO: Validation ROC-AUC: 0.897676
2026-01-08 18:47:33,673 - INFO: Evaluating at iteration 36099
2026-01-08 18:47:34,970 - INFO: Loss: 0.282177
2026-01-08 18:47:34,970 - INFO: Training ROC-AUC: 0.942308
2026-01-08 18:47:34,970 - INFO: Validation ROC-AUC: 0.896469
2026-01-08 18:47:48,273 - INFO: Evaluating at iteration 36599
2026-01-08 18:47:49,602 - INFO: Loss: 0.157810
2026-01-08 18:47:49,602 - INFO: Training ROC-AUC: 0.965714
2026-01-08 18:47:49,602 - INFO: Validation ROC-AUC: 0.897205
2026-01-08 18:48:03,038 - INFO: Evaluating at iteration 37099
2026-01-08 18:48:04,368 - INFO: Loss: 0.028064
2026-01-08 18:48:04,368 - INFO: Training ROC-AUC: 1.000000
2026-01-08 18:48:04,368 - INFO: Validation ROC-AUC: 0.896825
2026-01-08 18:48:17,880 - INFO: Evaluating at iteration 37599
2026-01-08 18:48:19,176 - INFO: Loss: 0.254613
2026-01-08 18:48:19,176 - INFO: Training ROC-AUC: 0.816667
2026-01-08 18:48:19,176 - INFO: Validation ROC-AUC: 0.897881
2026-01-08 18:48:21,710 - INFO: Starting epoch 19
2026-01-08 18:48:21,737 - INFO: Evaluating at iteration 37693
2026-01-08 18:48:23,030 - INFO: Loss: 0.062105
2026-01-08 18:48:23,030 - INFO: Training ROC-AUC: 1.000000
2026-01-08 18:48:23,030 - INFO: Validation ROC-AUC: 0.896698
2026-01-08 18:48:36,305 - INFO: Evaluating at iteration 38193
2026-01-08 18:48:37,579 - INFO: Loss: 0.140370
2026-01-08 18:48:37,579 - INFO: Training ROC-AUC: 0.977143
2026-01-08 18:48:37,579 - INFO: Validation ROC-AUC: 0.896705
2026-01-08 18:48:51,117 - INFO: Evaluating at iteration 38693
2026-01-08 18:48:52,399 - INFO: Loss: 0.112653
2026-01-08 18:48:52,399 - INFO: Training ROC-AUC: 0.990909
2026-01-08 18:48:52,399 - INFO: Validation ROC-AUC: 0.898137
2026-01-08 18:49:05,841 - INFO: Evaluating at iteration 39193
2026-01-08 18:49:07,148 - INFO: Loss: 0.248227
2026-01-08 18:49:07,148 - INFO: Training ROC-AUC: 0.937143
2026-01-08 18:49:07,148 - INFO: Validation ROC-AUC: 0.896752
2026-01-08 18:49:20,698 - INFO: Evaluating at iteration 39693
2026-01-08 18:49:21,973 - INFO: Loss: 0.102516
2026-01-08 18:49:21,973 - INFO: Training ROC-AUC: 1.000000
2026-01-08 18:49:21,973 - INFO: Validation ROC-AUC: 0.897389
2026-01-08 18:49:24,516 - INFO: Starting epoch 20
2026-01-08 18:49:24,543 - INFO: Evaluating at iteration 39787
2026-01-08 18:49:25,815 - INFO: Loss: 0.063816
2026-01-08 18:49:25,815 - INFO: Training ROC-AUC: 1.000000
2026-01-08 18:49:25,815 - INFO: Validation ROC-AUC: 0.897252
2026-01-08 18:49:39,288 - INFO: Evaluating at iteration 40287
2026-01-08 18:49:40,559 - INFO: Loss: 0.134864
2026-01-08 18:49:40,559 - INFO: Training ROC-AUC: 0.987179
2026-01-08 18:49:40,559 - INFO: Validation ROC-AUC: 0.897092
2026-01-08 18:49:54,153 - INFO: Evaluating at iteration 40787
2026-01-08 18:49:55,430 - INFO: Loss: 0.053243
2026-01-08 18:49:55,430 - INFO: Training ROC-AUC: 1.000000
2026-01-08 18:49:55,430 - INFO: Validation ROC-AUC: 0.894943
2026-01-08 18:50:08,854 - INFO: Evaluating at iteration 41287
2026-01-08 18:50:10,120 - INFO: Loss: 0.067309
2026-01-08 18:50:10,120 - INFO: Training ROC-AUC: 1.000000
2026-01-08 18:50:10,120 - INFO: Validation ROC-AUC: 0.897349
2026-01-08 18:50:23,544 - INFO: Evaluating at iteration 41787
2026-01-08 18:50:24,805 - INFO: Loss: 0.138854
2026-01-08 18:50:24,805 - INFO: Training ROC-AUC: 0.985185
2026-01-08 18:50:24,805 - INFO: Validation ROC-AUC: 0.898092
2026-01-08 18:50:27,340 - INFO: Starting epoch 21
2026-01-08 18:50:27,368 - INFO: Evaluating at iteration 41881
2026-01-08 18:50:28,633 - INFO: Loss: 0.116994
2026-01-08 18:50:28,633 - INFO: Training ROC-AUC: 0.982857
2026-01-08 18:50:28,633 - INFO: Validation ROC-AUC: 0.897673
2026-01-08 18:50:41,984 - INFO: Evaluating at iteration 42381
2026-01-08 18:50:43,246 - INFO: Loss: 0.032678
2026-01-08 18:50:43,246 - INFO: Training ROC-AUC: 1.000000
2026-01-08 18:50:43,246 - INFO: Validation ROC-AUC: 0.896189
2026-01-08 18:50:56,618 - INFO: Evaluating at iteration 42881
2026-01-08 18:50:57,930 - INFO: Loss: 0.029397
2026-01-08 18:50:57,931 - INFO: Training ROC-AUC: 1.000000
2026-01-08 18:50:57,931 - INFO: Validation ROC-AUC: 0.896888
2026-01-08 18:51:11,289 - INFO: Evaluating at iteration 43381
2026-01-08 18:51:12,570 - INFO: Loss: 0.100082
2026-01-08 18:51:12,570 - INFO: Training ROC-AUC: 0.992593
2026-01-08 18:51:12,570 - INFO: Validation ROC-AUC: 0.896420
2026-01-08 18:51:25,741 - INFO: Evaluating at iteration 43881
2026-01-08 18:51:27,012 - INFO: Loss: 0.140365
2026-01-08 18:51:27,012 - INFO: Training ROC-AUC: 0.988506
2026-01-08 18:51:27,012 - INFO: Validation ROC-AUC: 0.895958
2026-01-08 18:51:29,453 - INFO: Starting epoch 22
2026-01-08 18:51:29,478 - INFO: Evaluating at iteration 43975
2026-01-08 18:51:30,747 - INFO: Loss: 0.024461
2026-01-08 18:51:30,747 - INFO: Training ROC-AUC: 1.000000
2026-01-08 18:51:30,747 - INFO: Validation ROC-AUC: 0.896711
2026-01-08 18:51:43,996 - INFO: Evaluating at iteration 44475
2026-01-08 18:51:45,281 - INFO: Loss: 0.168997
2026-01-08 18:51:45,281 - INFO: Training ROC-AUC: 0.984375
2026-01-08 18:51:45,281 - INFO: Validation ROC-AUC: 0.895309
2026-01-08 18:51:58,538 - INFO: Evaluating at iteration 44975
2026-01-08 18:51:59,833 - INFO: Loss: 0.022668
2026-01-08 18:51:59,833 - INFO: Training ROC-AUC: 1.000000
2026-01-08 18:51:59,833 - INFO: Validation ROC-AUC: 0.895737
2026-01-08 18:52:13,065 - INFO: Evaluating at iteration 45475
2026-01-08 18:52:14,349 - INFO: Loss: 0.105313
2026-01-08 18:52:14,349 - INFO: Training ROC-AUC: 0.994286
2026-01-08 18:52:14,349 - INFO: Validation ROC-AUC: 0.896760
2026-01-08 18:52:27,526 - INFO: Evaluating at iteration 45975
2026-01-08 18:52:28,796 - INFO: Loss: 0.052976
2026-01-08 18:52:28,796 - INFO: Training ROC-AUC: 1.000000
2026-01-08 18:52:28,796 - INFO: Validation ROC-AUC: 0.896974
2026-01-08 18:52:31,257 - INFO: Starting epoch 23
2026-01-08 18:52:31,286 - INFO: Evaluating at iteration 46069
2026-01-08 18:52:32,568 - INFO: Loss: 0.035882
2026-01-08 18:52:32,568 - INFO: Training ROC-AUC: 1.000000
2026-01-08 18:52:32,568 - INFO: Validation ROC-AUC: 0.896269
2026-01-08 18:52:46,146 - INFO: Evaluating at iteration 46569
2026-01-08 18:52:47,419 - INFO: Loss: 0.056923
2026-01-08 18:52:47,420 - INFO: Training ROC-AUC: 1.000000
2026-01-08 18:52:47,420 - INFO: Validation ROC-AUC: 0.897547
2026-01-08 18:53:00,565 - INFO: Evaluating at iteration 47069
2026-01-08 18:53:01,855 - INFO: Loss: 0.069760
2026-01-08 18:53:01,855 - INFO: Training ROC-AUC: 1.000000
2026-01-08 18:53:01,855 - INFO: Validation ROC-AUC: 0.896838
2026-01-08 18:53:14,877 - INFO: Evaluating at iteration 47569
2026-01-08 18:53:16,145 - INFO: Loss: 0.133039
2026-01-08 18:53:16,145 - INFO: Training ROC-AUC: 0.973214
2026-01-08 18:53:16,145 - INFO: Validation ROC-AUC: 0.895739
2026-01-08 18:53:29,296 - INFO: Evaluating at iteration 48069
2026-01-08 18:53:30,564 - INFO: Loss: 0.076149
2026-01-08 18:53:30,564 - INFO: Training ROC-AUC: 0.994286
2026-01-08 18:53:30,564 - INFO: Validation ROC-AUC: 0.898342
2026-01-08 18:53:33,057 - INFO: Starting epoch 24
2026-01-08 18:53:33,081 - INFO: Evaluating at iteration 48163
2026-01-08 18:53:34,384 - INFO: Loss: 0.021395
2026-01-08 18:53:34,384 - INFO: Training ROC-AUC: 1.000000
2026-01-08 18:53:34,384 - INFO: Validation ROC-AUC: 0.896213
2026-01-08 18:53:47,402 - INFO: Evaluating at iteration 48663
2026-01-08 18:53:48,668 - INFO: Loss: 0.041426
2026-01-08 18:53:48,668 - INFO: Training ROC-AUC: 1.000000
2026-01-08 18:53:48,668 - INFO: Validation ROC-AUC: 0.897891
2026-01-08 18:54:01,458 - INFO: Evaluating at iteration 49163
2026-01-08 18:54:02,773 - INFO: Loss: 0.064147
2026-01-08 18:54:02,773 - INFO: Training ROC-AUC: 1.000000
2026-01-08 18:54:02,773 - INFO: Validation ROC-AUC: 0.896787
2026-01-08 18:54:15,715 - INFO: Evaluating at iteration 49663
2026-01-08 18:54:17,041 - INFO: Loss: 0.036123
2026-01-08 18:54:17,041 - INFO: Training ROC-AUC: 1.000000
2026-01-08 18:54:17,041 - INFO: Validation ROC-AUC: 0.894668
2026-01-08 18:54:29,908 - INFO: Evaluating at iteration 50163
2026-01-08 18:54:31,186 - INFO: Loss: 0.102911
2026-01-08 18:54:31,186 - INFO: Training ROC-AUC: 0.993590
2026-01-08 18:54:31,186 - INFO: Validation ROC-AUC: 0.893487
2026-01-08 18:54:33,565 - INFO: Starting epoch 25
2026-01-08 18:54:33,588 - INFO: Evaluating at iteration 50257
2026-01-08 18:54:34,881 - INFO: Loss: 0.043298
2026-01-08 18:54:34,882 - INFO: Training ROC-AUC: 1.000000
2026-01-08 18:54:34,882 - INFO: Validation ROC-AUC: 0.895907
2026-01-08 18:54:47,849 - INFO: Evaluating at iteration 50757
2026-01-08 18:54:49,147 - INFO: Loss: 0.023523
2026-01-08 18:54:49,147 - INFO: Training ROC-AUC: 1.000000
2026-01-08 18:54:49,147 - INFO: Validation ROC-AUC: 0.896669
2026-01-08 18:55:02,169 - INFO: Evaluating at iteration 51257
2026-01-08 18:55:03,467 - INFO: Loss: 0.030749
2026-01-08 18:55:03,467 - INFO: Training ROC-AUC: 1.000000
2026-01-08 18:55:03,467 - INFO: Validation ROC-AUC: 0.896477
2026-01-08 18:55:16,566 - INFO: Evaluating at iteration 51757
2026-01-08 18:55:17,851 - INFO: Loss: 0.066064
2026-01-08 18:55:17,851 - INFO: Training ROC-AUC: 1.000000
2026-01-08 18:55:17,851 - INFO: Validation ROC-AUC: 0.897739
2026-01-08 18:55:30,595 - INFO: Evaluating at iteration 52257
2026-01-08 18:55:31,865 - INFO: Loss: 0.048417
2026-01-08 18:55:31,865 - INFO: Training ROC-AUC: 1.000000
2026-01-08 18:55:31,865 - INFO: Validation ROC-AUC: 0.897509
2026-01-08 18:55:34,293 - INFO: Saving model to models/TCRStructMap_random_split_sequence_only/model_3.pt
2026-01-08 18:55:34,319 - INFO: Starting fold 4
2026-01-08 18:55:34,427 - INFO: Initialising model
2026-01-08 18:55:34,439 - INFO: Starting training
2026-01-08 18:55:34,439 - INFO: Starting epoch 1
2026-01-08 18:55:34,466 - INFO: Evaluating at iteration 1
2026-01-08 18:55:35,745 - INFO: Loss: 0.685736
2026-01-08 18:55:35,745 - INFO: Training ROC-AUC: 0.589286
2026-01-08 18:55:35,745 - INFO: Validation ROC-AUC: 0.528251
2026-01-08 18:55:47,480 - INFO: Evaluating at iteration 501
2026-01-08 18:55:48,761 - INFO: Loss: 0.432389
2026-01-08 18:55:48,761 - INFO: Training ROC-AUC: 0.756410
2026-01-08 18:55:48,761 - INFO: Validation ROC-AUC: 0.612806
2026-01-08 18:56:00,859 - INFO: Evaluating at iteration 1001
2026-01-08 18:56:02,135 - INFO: Loss: 0.270533
2026-01-08 18:56:02,135 - INFO: Training ROC-AUC: 0.366667
2026-01-08 18:56:02,135 - INFO: Validation ROC-AUC: 0.660692
2026-01-08 18:56:14,259 - INFO: Evaluating at iteration 1501
2026-01-08 18:56:15,540 - INFO: Loss: 0.378678
2026-01-08 18:56:15,540 - INFO: Training ROC-AUC: 0.494253
2026-01-08 18:56:15,540 - INFO: Validation ROC-AUC: 0.696050
2026-01-08 18:56:27,740 - INFO: Evaluating at iteration 2001
2026-01-08 18:56:29,040 - INFO: Loss: 0.304484
2026-01-08 18:56:29,040 - INFO: Training ROC-AUC: 0.901786
2026-01-08 18:56:29,040 - INFO: Validation ROC-AUC: 0.696030
2026-01-08 18:56:31,306 - INFO: Starting epoch 2
2026-01-08 18:56:31,331 - INFO: Evaluating at iteration 2095
2026-01-08 18:56:32,608 - INFO: Loss: 0.209589
2026-01-08 18:56:32,608 - INFO: Training ROC-AUC: 0.838710
2026-01-08 18:56:32,608 - INFO: Validation ROC-AUC: 0.701352
2026-01-08 18:56:44,618 - INFO: Evaluating at iteration 2595
2026-01-08 18:56:45,886 - INFO: Loss: 0.421542
2026-01-08 18:56:45,886 - INFO: Training ROC-AUC: 0.548148
2026-01-08 18:56:45,886 - INFO: Validation ROC-AUC: 0.779660
2026-01-08 18:56:57,681 - INFO: Evaluating at iteration 3095
2026-01-08 18:56:58,953 - INFO: Loss: 0.301259
2026-01-08 18:56:58,953 - INFO: Training ROC-AUC: 0.935897
2026-01-08 18:56:58,953 - INFO: Validation ROC-AUC: 0.812482
2026-01-08 18:57:10,869 - INFO: Evaluating at iteration 3595
2026-01-08 18:57:12,129 - INFO: Loss: 0.485152
2026-01-08 18:57:12,129 - INFO: Training ROC-AUC: 0.723958
2026-01-08 18:57:12,129 - INFO: Validation ROC-AUC: 0.832767
2026-01-08 18:57:24,073 - INFO: Evaluating at iteration 4095
2026-01-08 18:57:25,383 - INFO: Loss: 0.314118
2026-01-08 18:57:25,383 - INFO: Training ROC-AUC: 0.814815
2026-01-08 18:57:25,383 - INFO: Validation ROC-AUC: 0.844770
2026-01-08 18:57:27,574 - INFO: Starting epoch 3
2026-01-08 18:57:27,599 - INFO: Evaluating at iteration 4189
2026-01-08 18:57:28,879 - INFO: Loss: 0.179821
2026-01-08 18:57:28,879 - INFO: Training ROC-AUC: 0.885057
2026-01-08 18:57:28,879 - INFO: Validation ROC-AUC: 0.848454
2026-01-08 18:57:40,828 - INFO: Evaluating at iteration 4689
2026-01-08 18:57:42,097 - INFO: Loss: 0.340919
2026-01-08 18:57:42,097 - INFO: Training ROC-AUC: 0.839744
2026-01-08 18:57:42,097 - INFO: Validation ROC-AUC: 0.856271
2026-01-08 18:57:54,014 - INFO: Evaluating at iteration 5189
2026-01-08 18:57:55,281 - INFO: Loss: 0.135323
2026-01-08 18:57:55,282 - INFO: Training ROC-AUC: 1.000000
2026-01-08 18:57:55,282 - INFO: Validation ROC-AUC: 0.863996
2026-01-08 18:58:07,448 - INFO: Evaluating at iteration 5689
2026-01-08 18:58:08,715 - INFO: Loss: 0.122810
2026-01-08 18:58:08,715 - INFO: Training ROC-AUC: 1.000000
2026-01-08 18:58:08,716 - INFO: Validation ROC-AUC: 0.868590
2026-01-08 18:58:20,837 - INFO: Evaluating at iteration 6189
2026-01-08 18:58:22,138 - INFO: Loss: 0.307517
2026-01-08 18:58:22,138 - INFO: Training ROC-AUC: 0.866667
2026-01-08 18:58:22,138 - INFO: Validation ROC-AUC: 0.872802
2026-01-08 18:58:24,401 - INFO: Starting epoch 4
2026-01-08 18:58:24,427 - INFO: Evaluating at iteration 6283
2026-01-08 18:58:25,716 - INFO: Loss: 0.215653
2026-01-08 18:58:25,717 - INFO: Training ROC-AUC: 0.910714
2026-01-08 18:58:25,717 - INFO: Validation ROC-AUC: 0.873928
2026-01-08 18:58:37,915 - INFO: Evaluating at iteration 6783
2026-01-08 18:58:39,191 - INFO: Loss: 0.227782
2026-01-08 18:58:39,191 - INFO: Training ROC-AUC: 0.916667
2026-01-08 18:58:39,191 - INFO: Validation ROC-AUC: 0.875363
2026-01-08 18:58:51,205 - INFO: Evaluating at iteration 7283
2026-01-08 18:58:52,476 - INFO: Loss: 0.192816
2026-01-08 18:58:52,476 - INFO: Training ROC-AUC: 0.964286
2026-01-08 18:58:52,476 - INFO: Validation ROC-AUC: 0.878573
2026-01-08 18:59:04,757 - INFO: Evaluating at iteration 7783
2026-01-08 18:59:06,047 - INFO: Loss: 0.200547
2026-01-08 18:59:06,047 - INFO: Training ROC-AUC: 0.935897
2026-01-08 18:59:06,047 - INFO: Validation ROC-AUC: 0.880282
2026-01-08 18:59:18,142 - INFO: Evaluating at iteration 8283
2026-01-08 18:59:19,440 - INFO: Loss: 0.268864
2026-01-08 18:59:19,440 - INFO: Training ROC-AUC: 0.816092
2026-01-08 18:59:19,440 - INFO: Validation ROC-AUC: 0.885262
2026-01-08 18:59:21,715 - INFO: Starting epoch 5
2026-01-08 18:59:21,740 - INFO: Evaluating at iteration 8377
2026-01-08 18:59:23,010 - INFO: Loss: 0.241382
2026-01-08 18:59:23,010 - INFO: Training ROC-AUC: 0.911111
2026-01-08 18:59:23,010 - INFO: Validation ROC-AUC: 0.884074
2026-01-08 18:59:35,365 - INFO: Evaluating at iteration 8877
2026-01-08 18:59:36,671 - INFO: Loss: 0.303991
2026-01-08 18:59:36,671 - INFO: Training ROC-AUC: 0.931429
2026-01-08 18:59:36,671 - INFO: Validation ROC-AUC: 0.884025
2026-01-08 18:59:48,878 - INFO: Evaluating at iteration 9377
2026-01-08 18:59:50,175 - INFO: Loss: 0.304836
2026-01-08 18:59:50,175 - INFO: Training ROC-AUC: 0.932292
2026-01-08 18:59:50,175 - INFO: Validation ROC-AUC: 0.884582
2026-01-08 19:00:02,446 - INFO: Evaluating at iteration 9877
2026-01-08 19:00:03,719 - INFO: Loss: 0.191483
2026-01-08 19:00:03,719 - INFO: Training ROC-AUC: 0.928571
2026-01-08 19:00:03,719 - INFO: Validation ROC-AUC: 0.888022
2026-01-08 19:00:15,962 - INFO: Evaluating at iteration 10377
2026-01-08 19:00:17,234 - INFO: Loss: 0.217671
2026-01-08 19:00:17,234 - INFO: Training ROC-AUC: 0.925926
2026-01-08 19:00:17,234 - INFO: Validation ROC-AUC: 0.890356
2026-01-08 19:00:19,556 - INFO: Starting epoch 6
2026-01-08 19:00:19,583 - INFO: Evaluating at iteration 10471
2026-01-08 19:00:20,854 - INFO: Loss: 0.142049
2026-01-08 19:00:20,854 - INFO: Training ROC-AUC: 0.933333
2026-01-08 19:00:20,854 - INFO: Validation ROC-AUC: 0.891187
2026-01-08 19:00:33,122 - INFO: Evaluating at iteration 10971
2026-01-08 19:00:34,413 - INFO: Loss: 0.298338
2026-01-08 19:00:34,413 - INFO: Training ROC-AUC: 0.884615
2026-01-08 19:00:34,414 - INFO: Validation ROC-AUC: 0.891727
2026-01-08 19:00:46,553 - INFO: Evaluating at iteration 11471
2026-01-08 19:00:47,844 - INFO: Loss: 0.210079
2026-01-08 19:00:47,844 - INFO: Training ROC-AUC: 0.892857
2026-01-08 19:00:47,844 - INFO: Validation ROC-AUC: 0.891884
2026-01-08 19:01:00,195 - INFO: Evaluating at iteration 11971
2026-01-08 19:01:01,463 - INFO: Loss: 0.314652
2026-01-08 19:01:01,463 - INFO: Training ROC-AUC: 0.927536
2026-01-08 19:01:01,463 - INFO: Validation ROC-AUC: 0.895205
2026-01-08 19:01:13,864 - INFO: Evaluating at iteration 12471
2026-01-08 19:01:15,139 - INFO: Loss: 0.182778
2026-01-08 19:01:15,139 - INFO: Training ROC-AUC: 1.000000
2026-01-08 19:01:15,139 - INFO: Validation ROC-AUC: 0.896165
2026-01-08 19:01:17,437 - INFO: Starting epoch 7
2026-01-08 19:01:17,463 - INFO: Evaluating at iteration 12565
2026-01-08 19:01:18,738 - INFO: Loss: 0.242729
2026-01-08 19:01:18,738 - INFO: Training ROC-AUC: 0.804598
2026-01-08 19:01:18,738 - INFO: Validation ROC-AUC: 0.896552
2026-01-08 19:01:31,005 - INFO: Evaluating at iteration 13065
2026-01-08 19:01:32,282 - INFO: Loss: 0.263665
2026-01-08 19:01:32,283 - INFO: Training ROC-AUC: 0.960000
2026-01-08 19:01:32,283 - INFO: Validation ROC-AUC: 0.897781
2026-01-08 19:01:44,464 - INFO: Evaluating at iteration 13565
2026-01-08 19:01:45,732 - INFO: Loss: 0.358944
2026-01-08 19:01:45,732 - INFO: Training ROC-AUC: 0.839744
2026-01-08 19:01:45,732 - INFO: Validation ROC-AUC: 0.894962
2026-01-08 19:01:57,976 - INFO: Evaluating at iteration 14065
2026-01-08 19:01:59,241 - INFO: Loss: 0.454401
2026-01-08 19:01:59,241 - INFO: Training ROC-AUC: 0.782857
2026-01-08 19:01:59,241 - INFO: Validation ROC-AUC: 0.896632
2026-01-08 19:02:11,701 - INFO: Evaluating at iteration 14565
2026-01-08 19:02:12,966 - INFO: Loss: 0.196975
2026-01-08 19:02:12,966 - INFO: Training ROC-AUC: 0.967949
2026-01-08 19:02:12,966 - INFO: Validation ROC-AUC: 0.895915
2026-01-08 19:02:15,255 - INFO: Starting epoch 8
2026-01-08 19:02:15,281 - INFO: Evaluating at iteration 14659
2026-01-08 19:02:16,547 - INFO: Loss: 0.165594
2026-01-08 19:02:16,547 - INFO: Training ROC-AUC: 0.964286
2026-01-08 19:02:16,547 - INFO: Validation ROC-AUC: 0.897334
2026-01-08 19:02:28,953 - INFO: Evaluating at iteration 15159
2026-01-08 19:02:30,236 - INFO: Loss: 0.242582
2026-01-08 19:02:30,236 - INFO: Training ROC-AUC: 0.955357
2026-01-08 19:02:30,236 - INFO: Validation ROC-AUC: 0.897071
2026-01-08 19:02:42,590 - INFO: Evaluating at iteration 15659
2026-01-08 19:02:43,859 - INFO: Loss: 0.221642
2026-01-08 19:02:43,859 - INFO: Training ROC-AUC: 0.928571
2026-01-08 19:02:43,859 - INFO: Validation ROC-AUC: 0.898326
2026-01-08 19:02:56,240 - INFO: Evaluating at iteration 16159
2026-01-08 19:02:57,503 - INFO: Loss: 0.405341
2026-01-08 19:02:57,503 - INFO: Training ROC-AUC: 0.917749
2026-01-08 19:02:57,503 - INFO: Validation ROC-AUC: 0.897529
2026-01-08 19:03:09,867 - INFO: Evaluating at iteration 16659
2026-01-08 19:03:11,135 - INFO: Loss: 0.294903
2026-01-08 19:03:11,135 - INFO: Training ROC-AUC: 0.892857
2026-01-08 19:03:11,136 - INFO: Validation ROC-AUC: 0.900551
2026-01-08 19:03:13,425 - INFO: Starting epoch 9
2026-01-08 19:03:13,450 - INFO: Evaluating at iteration 16753
2026-01-08 19:03:14,710 - INFO: Loss: 0.363409
2026-01-08 19:03:14,710 - INFO: Training ROC-AUC: 0.927536
2026-01-08 19:03:14,710 - INFO: Validation ROC-AUC: 0.899841
2026-01-08 19:03:26,926 - INFO: Evaluating at iteration 17253
2026-01-08 19:03:28,208 - INFO: Loss: 0.024208
2026-01-08 19:03:28,209 - INFO: Training ROC-AUC: 1.000000
2026-01-08 19:03:28,209 - INFO: Validation ROC-AUC: 0.898673
2026-01-08 19:03:40,514 - INFO: Evaluating at iteration 17753
2026-01-08 19:03:41,787 - INFO: Loss: 0.080878
2026-01-08 19:03:41,787 - INFO: Training ROC-AUC: 1.000000
2026-01-08 19:03:41,787 - INFO: Validation ROC-AUC: 0.899329
2026-01-08 19:03:54,071 - INFO: Evaluating at iteration 18253
2026-01-08 19:03:55,345 - INFO: Loss: 0.124812
2026-01-08 19:03:55,345 - INFO: Training ROC-AUC: 0.870968
2026-01-08 19:03:55,345 - INFO: Validation ROC-AUC: 0.900417
2026-01-08 19:04:07,679 - INFO: Evaluating at iteration 18753
2026-01-08 19:04:08,946 - INFO: Loss: 0.285130
2026-01-08 19:04:08,946 - INFO: Training ROC-AUC: 0.888889
2026-01-08 19:04:08,946 - INFO: Validation ROC-AUC: 0.902550
2026-01-08 19:04:11,255 - INFO: Starting epoch 10
2026-01-08 19:04:11,280 - INFO: Evaluating at iteration 18847
2026-01-08 19:04:12,544 - INFO: Loss: 0.176694
2026-01-08 19:04:12,544 - INFO: Training ROC-AUC: 0.923077
2026-01-08 19:04:12,544 - INFO: Validation ROC-AUC: 0.902176
2026-01-08 19:04:24,856 - INFO: Evaluating at iteration 19347
2026-01-08 19:04:26,124 - INFO: Loss: 0.361810
2026-01-08 19:04:26,124 - INFO: Training ROC-AUC: 0.921875
2026-01-08 19:04:26,124 - INFO: Validation ROC-AUC: 0.901970
2026-01-08 19:04:38,416 - INFO: Evaluating at iteration 19847
2026-01-08 19:04:39,684 - INFO: Loss: 0.138539
2026-01-08 19:04:39,684 - INFO: Training ROC-AUC: 0.980676
2026-01-08 19:04:39,684 - INFO: Validation ROC-AUC: 0.900440
2026-01-08 19:04:52,071 - INFO: Evaluating at iteration 20347
2026-01-08 19:04:53,340 - INFO: Loss: 0.378034
2026-01-08 19:04:53,340 - INFO: Training ROC-AUC: 0.828571
2026-01-08 19:04:53,340 - INFO: Validation ROC-AUC: 0.901725
2026-01-08 19:05:05,786 - INFO: Evaluating at iteration 20847
2026-01-08 19:05:07,062 - INFO: Loss: 0.198809
2026-01-08 19:05:07,062 - INFO: Training ROC-AUC: 0.973958
2026-01-08 19:05:07,062 - INFO: Validation ROC-AUC: 0.901705
2026-01-08 19:05:09,380 - INFO: Starting epoch 11
2026-01-08 19:05:09,406 - INFO: Evaluating at iteration 20941
2026-01-08 19:05:10,673 - INFO: Loss: 0.107697
2026-01-08 19:05:10,673 - INFO: Training ROC-AUC: 0.965517
2026-01-08 19:05:10,673 - INFO: Validation ROC-AUC: 0.900609
2026-01-08 19:05:23,103 - INFO: Evaluating at iteration 21441
2026-01-08 19:05:24,388 - INFO: Loss: 0.167461
2026-01-08 19:05:24,388 - INFO: Training ROC-AUC: 0.982857
2026-01-08 19:05:24,388 - INFO: Validation ROC-AUC: 0.899758
2026-01-08 19:05:36,741 - INFO: Evaluating at iteration 21941
2026-01-08 19:05:38,012 - INFO: Loss: 0.201947
2026-01-08 19:05:38,012 - INFO: Training ROC-AUC: 0.940741
2026-01-08 19:05:38,012 - INFO: Validation ROC-AUC: 0.900560
2026-01-08 19:05:50,462 - INFO: Evaluating at iteration 22441
2026-01-08 19:05:51,727 - INFO: Loss: 0.206027
2026-01-08 19:05:51,727 - INFO: Training ROC-AUC: 0.940741
2026-01-08 19:05:51,727 - INFO: Validation ROC-AUC: 0.902470
2026-01-08 19:06:04,088 - INFO: Evaluating at iteration 22941
2026-01-08 19:06:05,374 - INFO: Loss: 0.188903
2026-01-08 19:06:05,375 - INFO: Training ROC-AUC: 0.933333
2026-01-08 19:06:05,375 - INFO: Validation ROC-AUC: 0.902449
2026-01-08 19:06:07,690 - INFO: Starting epoch 12
2026-01-08 19:06:07,716 - INFO: Evaluating at iteration 23035
2026-01-08 19:06:08,983 - INFO: Loss: 0.110074
2026-01-08 19:06:08,983 - INFO: Training ROC-AUC: 1.000000
2026-01-08 19:06:08,983 - INFO: Validation ROC-AUC: 0.903136
2026-01-08 19:06:21,668 - INFO: Evaluating at iteration 23535
2026-01-08 19:06:22,964 - INFO: Loss: 0.244828
2026-01-08 19:06:22,965 - INFO: Training ROC-AUC: 0.948718
2026-01-08 19:06:22,965 - INFO: Validation ROC-AUC: 0.899701
2026-01-08 19:06:35,412 - INFO: Evaluating at iteration 24035
2026-01-08 19:06:36,683 - INFO: Loss: 0.118824
2026-01-08 19:06:36,683 - INFO: Training ROC-AUC: 0.989583
2026-01-08 19:06:36,683 - INFO: Validation ROC-AUC: 0.902119
2026-01-08 19:06:49,184 - INFO: Evaluating at iteration 24535
2026-01-08 19:06:50,466 - INFO: Loss: 0.313607
2026-01-08 19:06:50,466 - INFO: Training ROC-AUC: 0.878205
2026-01-08 19:06:50,467 - INFO: Validation ROC-AUC: 0.903234
2026-01-08 19:07:02,890 - INFO: Evaluating at iteration 25035
2026-01-08 19:07:04,194 - INFO: Loss: 0.223197
2026-01-08 19:07:04,194 - INFO: Training ROC-AUC: 0.948148
2026-01-08 19:07:04,194 - INFO: Validation ROC-AUC: 0.904955
2026-01-08 19:07:06,547 - INFO: Starting epoch 13
2026-01-08 19:07:06,573 - INFO: Evaluating at iteration 25129
2026-01-08 19:07:07,841 - INFO: Loss: 0.143927
2026-01-08 19:07:07,841 - INFO: Training ROC-AUC: 0.955128
2026-01-08 19:07:07,841 - INFO: Validation ROC-AUC: 0.904103
2026-01-08 19:07:20,203 - INFO: Evaluating at iteration 25629
2026-01-08 19:07:21,475 - INFO: Loss: 0.154716
2026-01-08 19:07:21,475 - INFO: Training ROC-AUC: 0.982857
2026-01-08 19:07:21,475 - INFO: Validation ROC-AUC: 0.903171
2026-01-08 19:07:33,926 - INFO: Evaluating at iteration 26129
2026-01-08 19:07:35,219 - INFO: Loss: 0.049347
2026-01-08 19:07:35,219 - INFO: Training ROC-AUC: 1.000000
2026-01-08 19:07:35,219 - INFO: Validation ROC-AUC: 0.902586
2026-01-08 19:07:47,719 - INFO: Evaluating at iteration 26629
2026-01-08 19:07:49,010 - INFO: Loss: 0.172212
2026-01-08 19:07:49,010 - INFO: Training ROC-AUC: 0.919643
2026-01-08 19:07:49,010 - INFO: Validation ROC-AUC: 0.904379
2026-01-08 19:08:01,556 - INFO: Evaluating at iteration 27129
2026-01-08 19:08:02,823 - INFO: Loss: 0.103467
2026-01-08 19:08:02,824 - INFO: Training ROC-AUC: 1.000000
2026-01-08 19:08:02,824 - INFO: Validation ROC-AUC: 0.903712
2026-01-08 19:08:05,240 - INFO: Starting epoch 14
2026-01-08 19:08:05,266 - INFO: Evaluating at iteration 27223
2026-01-08 19:08:06,538 - INFO: Loss: 0.107438
2026-01-08 19:08:06,538 - INFO: Training ROC-AUC: 0.982143
2026-01-08 19:08:06,538 - INFO: Validation ROC-AUC: 0.905183
2026-01-08 19:08:19,169 - INFO: Evaluating at iteration 27723
2026-01-08 19:08:20,446 - INFO: Loss: 0.151833
2026-01-08 19:08:20,446 - INFO: Training ROC-AUC: 0.987179
2026-01-08 19:08:20,446 - INFO: Validation ROC-AUC: 0.901133
2026-01-08 19:08:33,174 - INFO: Evaluating at iteration 28223
2026-01-08 19:08:34,473 - INFO: Loss: 0.202321
2026-01-08 19:08:34,473 - INFO: Training ROC-AUC: 0.965714
2026-01-08 19:08:34,473 - INFO: Validation ROC-AUC: 0.901976
2026-01-08 19:08:47,124 - INFO: Evaluating at iteration 28723
2026-01-08 19:08:48,404 - INFO: Loss: 0.209359
2026-01-08 19:08:48,404 - INFO: Training ROC-AUC: 0.967949
2026-01-08 19:08:48,404 - INFO: Validation ROC-AUC: 0.903164
2026-01-08 19:09:01,004 - INFO: Evaluating at iteration 29223
2026-01-08 19:09:02,295 - INFO: Loss: 0.307002
2026-01-08 19:09:02,295 - INFO: Training ROC-AUC: 0.925714
2026-01-08 19:09:02,295 - INFO: Validation ROC-AUC: 0.904424
2026-01-08 19:09:04,714 - INFO: Starting epoch 15
2026-01-08 19:09:04,739 - INFO: Evaluating at iteration 29317
2026-01-08 19:09:06,032 - INFO: Loss: 0.078183
2026-01-08 19:09:06,033 - INFO: Training ROC-AUC: 1.000000
2026-01-08 19:09:06,033 - INFO: Validation ROC-AUC: 0.902875
2026-01-08 19:09:18,977 - INFO: Evaluating at iteration 29817
2026-01-08 19:09:20,262 - INFO: Loss: 0.081857
2026-01-08 19:09:20,262 - INFO: Training ROC-AUC: 1.000000
2026-01-08 19:09:20,263 - INFO: Validation ROC-AUC: 0.903124
2026-01-08 19:09:33,150 - INFO: Evaluating at iteration 30317
2026-01-08 19:09:34,444 - INFO: Loss: 0.075749
2026-01-08 19:09:34,444 - INFO: Training ROC-AUC: 0.988506
2026-01-08 19:09:34,444 - INFO: Validation ROC-AUC: 0.902131
2026-01-08 19:09:47,417 - INFO: Evaluating at iteration 30817
2026-01-08 19:09:48,710 - INFO: Loss: 0.187332
2026-01-08 19:09:48,710 - INFO: Training ROC-AUC: 0.971429
2026-01-08 19:09:48,710 - INFO: Validation ROC-AUC: 0.901239
2026-01-08 19:10:01,834 - INFO: Evaluating at iteration 31317
2026-01-08 19:10:03,099 - INFO: Loss: 0.071663
2026-01-08 19:10:03,099 - INFO: Training ROC-AUC: 1.000000
2026-01-08 19:10:03,099 - INFO: Validation ROC-AUC: 0.902742
2026-01-08 19:10:05,579 - INFO: Starting epoch 16
2026-01-08 19:10:05,605 - INFO: Evaluating at iteration 31411
2026-01-08 19:10:06,873 - INFO: Loss: 0.175110
2026-01-08 19:10:06,873 - INFO: Training ROC-AUC: 0.968750
2026-01-08 19:10:06,873 - INFO: Validation ROC-AUC: 0.902228
2026-01-08 19:10:20,102 - INFO: Evaluating at iteration 31911
2026-01-08 19:10:21,370 - INFO: Loss: 0.162637
2026-01-08 19:10:21,370 - INFO: Training ROC-AUC: 0.942529
2026-01-08 19:10:21,370 - INFO: Validation ROC-AUC: 0.902765
2026-01-08 19:10:34,538 - INFO: Evaluating at iteration 32411
2026-01-08 19:10:35,813 - INFO: Loss: 0.188761
2026-01-08 19:10:35,813 - INFO: Training ROC-AUC: 0.948148
2026-01-08 19:10:35,813 - INFO: Validation ROC-AUC: 0.901974
2026-01-08 19:10:49,074 - INFO: Evaluating at iteration 32911
2026-01-08 19:10:50,369 - INFO: Loss: 0.186520
2026-01-08 19:10:50,369 - INFO: Training ROC-AUC: 0.968750
2026-01-08 19:10:50,369 - INFO: Validation ROC-AUC: 0.900717
2026-01-08 19:11:03,582 - INFO: Evaluating at iteration 33411
2026-01-08 19:11:04,893 - INFO: Loss: 0.183750
2026-01-08 19:11:04,893 - INFO: Training ROC-AUC: 0.955556
2026-01-08 19:11:04,893 - INFO: Validation ROC-AUC: 0.902428
2026-01-08 19:11:07,376 - INFO: Starting epoch 17
2026-01-08 19:11:07,400 - INFO: Evaluating at iteration 33505
2026-01-08 19:11:08,693 - INFO: Loss: 0.178122
2026-01-08 19:11:08,693 - INFO: Training ROC-AUC: 0.980769
2026-01-08 19:11:08,693 - INFO: Validation ROC-AUC: 0.902160
2026-01-08 19:11:22,016 - INFO: Evaluating at iteration 34005
2026-01-08 19:11:23,294 - INFO: Loss: 0.286686
2026-01-08 19:11:23,295 - INFO: Training ROC-AUC: 0.925714
2026-01-08 19:11:23,295 - INFO: Validation ROC-AUC: 0.900647
2026-01-08 19:11:36,724 - INFO: Evaluating at iteration 34505
2026-01-08 19:11:37,998 - INFO: Loss: 0.232316
2026-01-08 19:11:37,998 - INFO: Training ROC-AUC: 0.975845
2026-01-08 19:11:37,999 - INFO: Validation ROC-AUC: 0.900887
2026-01-08 19:11:51,509 - INFO: Evaluating at iteration 35005
2026-01-08 19:11:52,787 - INFO: Loss: 0.175077
2026-01-08 19:11:52,787 - INFO: Training ROC-AUC: 0.967949
2026-01-08 19:11:52,787 - INFO: Validation ROC-AUC: 0.900471
2026-01-08 19:12:06,259 - INFO: Evaluating at iteration 35505
2026-01-08 19:12:07,528 - INFO: Loss: 0.153722
2026-01-08 19:12:07,528 - INFO: Training ROC-AUC: 0.942529
2026-01-08 19:12:07,528 - INFO: Validation ROC-AUC: 0.901395
2026-01-08 19:12:09,994 - INFO: Starting epoch 18
2026-01-08 19:12:10,026 - INFO: Evaluating at iteration 35599
2026-01-08 19:12:11,294 - INFO: Loss: 0.075996
2026-01-08 19:12:11,294 - INFO: Training ROC-AUC: 1.000000
2026-01-08 19:12:11,294 - INFO: Validation ROC-AUC: 0.900841
2026-01-08 19:12:24,820 - INFO: Evaluating at iteration 36099
2026-01-08 19:12:26,084 - INFO: Loss: 0.106424
2026-01-08 19:12:26,084 - INFO: Training ROC-AUC: 0.988571
2026-01-08 19:12:26,084 - INFO: Validation ROC-AUC: 0.901572
2026-01-08 19:12:39,704 - INFO: Evaluating at iteration 36599
2026-01-08 19:12:40,980 - INFO: Loss: 0.050568
2026-01-08 19:12:40,980 - INFO: Training ROC-AUC: 1.000000
2026-01-08 19:12:40,980 - INFO: Validation ROC-AUC: 0.901220
2026-01-08 19:12:54,614 - INFO: Evaluating at iteration 37099
2026-01-08 19:12:55,899 - INFO: Loss: 0.066440
2026-01-08 19:12:55,900 - INFO: Training ROC-AUC: 1.000000
2026-01-08 19:12:55,900 - INFO: Validation ROC-AUC: 0.903048
2026-01-08 19:13:09,323 - INFO: Evaluating at iteration 37599
2026-01-08 19:13:10,585 - INFO: Loss: 0.194763
2026-01-08 19:13:10,585 - INFO: Training ROC-AUC: 0.967949
2026-01-08 19:13:10,585 - INFO: Validation ROC-AUC: 0.897838
2026-01-08 19:13:13,133 - INFO: Starting epoch 19
2026-01-08 19:13:13,158 - INFO: Evaluating at iteration 37693
2026-01-08 19:13:14,425 - INFO: Loss: 0.102749
2026-01-08 19:13:14,425 - INFO: Training ROC-AUC: 1.000000
2026-01-08 19:13:14,425 - INFO: Validation ROC-AUC: 0.900780
2026-01-08 19:13:28,030 - INFO: Evaluating at iteration 38193
2026-01-08 19:13:29,306 - INFO: Loss: 0.162732
2026-01-08 19:13:29,306 - INFO: Training ROC-AUC: 0.965517
2026-01-08 19:13:29,306 - INFO: Validation ROC-AUC: 0.899109
2026-01-08 19:13:42,888 - INFO: Evaluating at iteration 38693
2026-01-08 19:13:44,155 - INFO: Loss: 0.031746
2026-01-08 19:13:44,155 - INFO: Training ROC-AUC: 1.000000
2026-01-08 19:13:44,155 - INFO: Validation ROC-AUC: 0.897673
2026-01-08 19:13:57,788 - INFO: Evaluating at iteration 39193
2026-01-08 19:13:59,049 - INFO: Loss: 0.084455
2026-01-08 19:13:59,049 - INFO: Training ROC-AUC: 0.994286
2026-01-08 19:13:59,049 - INFO: Validation ROC-AUC: 0.901092
2026-01-08 19:14:12,565 - INFO: Evaluating at iteration 39693
2026-01-08 19:14:13,832 - INFO: Loss: 0.020368
2026-01-08 19:14:13,832 - INFO: Training ROC-AUC: 1.000000
2026-01-08 19:14:13,832 - INFO: Validation ROC-AUC: 0.901678
2026-01-08 19:14:16,377 - INFO: Starting epoch 20
2026-01-08 19:14:16,404 - INFO: Evaluating at iteration 39787
2026-01-08 19:14:17,656 - INFO: Loss: 0.055349
2026-01-08 19:14:17,656 - INFO: Training ROC-AUC: 1.000000
2026-01-08 19:14:17,656 - INFO: Validation ROC-AUC: 0.899781
2026-01-08 19:14:31,206 - INFO: Evaluating at iteration 40287
2026-01-08 19:14:32,478 - INFO: Loss: 0.027304
2026-01-08 19:14:32,478 - INFO: Training ROC-AUC: 1.000000
2026-01-08 19:14:32,478 - INFO: Validation ROC-AUC: 0.898895
2026-01-08 19:14:45,907 - INFO: Evaluating at iteration 40787
2026-01-08 19:14:47,177 - INFO: Loss: 0.049032
2026-01-08 19:14:47,177 - INFO: Training ROC-AUC: 1.000000
2026-01-08 19:14:47,177 - INFO: Validation ROC-AUC: 0.899830
2026-01-08 19:15:00,624 - INFO: Evaluating at iteration 41287
2026-01-08 19:15:01,900 - INFO: Loss: 0.034750
2026-01-08 19:15:01,900 - INFO: Training ROC-AUC: 1.000000
2026-01-08 19:15:01,900 - INFO: Validation ROC-AUC: 0.899325
2026-01-08 19:15:15,353 - INFO: Evaluating at iteration 41787
2026-01-08 19:15:16,618 - INFO: Loss: 0.090302
2026-01-08 19:15:16,618 - INFO: Training ROC-AUC: 1.000000
2026-01-08 19:15:16,618 - INFO: Validation ROC-AUC: 0.900031
2026-01-08 19:15:19,167 - INFO: Starting epoch 21
2026-01-08 19:15:19,202 - INFO: Evaluating at iteration 41881
2026-01-08 19:15:20,477 - INFO: Loss: 0.057309
2026-01-08 19:15:20,478 - INFO: Training ROC-AUC: 1.000000
2026-01-08 19:15:20,478 - INFO: Validation ROC-AUC: 0.899104
2026-01-08 19:15:33,848 - INFO: Evaluating at iteration 42381
2026-01-08 19:15:35,157 - INFO: Loss: 0.079486
2026-01-08 19:15:35,157 - INFO: Training ROC-AUC: 0.993590
2026-01-08 19:15:35,157 - INFO: Validation ROC-AUC: 0.897990
2026-01-08 19:15:48,637 - INFO: Evaluating at iteration 42881
2026-01-08 19:15:49,953 - INFO: Loss: 0.099715
2026-01-08 19:15:49,953 - INFO: Training ROC-AUC: 0.991071
2026-01-08 19:15:49,953 - INFO: Validation ROC-AUC: 0.900527
2026-01-08 19:16:03,324 - INFO: Evaluating at iteration 43381
2026-01-08 19:16:04,619 - INFO: Loss: 0.036124
2026-01-08 19:16:04,620 - INFO: Training ROC-AUC: 1.000000
2026-01-08 19:16:04,620 - INFO: Validation ROC-AUC: 0.898615
2026-01-08 19:16:18,213 - INFO: Evaluating at iteration 43881
2026-01-08 19:16:19,513 - INFO: Loss: 0.093540
2026-01-08 19:16:19,514 - INFO: Training ROC-AUC: 0.990909
2026-01-08 19:16:19,514 - INFO: Validation ROC-AUC: 0.898974
2026-01-08 19:16:22,032 - INFO: Starting epoch 22
2026-01-08 19:16:22,058 - INFO: Evaluating at iteration 43975
2026-01-08 19:16:23,327 - INFO: Loss: 0.090129
2026-01-08 19:16:23,327 - INFO: Training ROC-AUC: 1.000000
2026-01-08 19:16:23,327 - INFO: Validation ROC-AUC: 0.898679
2026-01-08 19:16:36,979 - INFO: Evaluating at iteration 44475
2026-01-08 19:16:38,248 - INFO: Loss: 0.081319
2026-01-08 19:16:38,248 - INFO: Training ROC-AUC: 0.994286
2026-01-08 19:16:38,248 - INFO: Validation ROC-AUC: 0.897828
2026-01-08 19:16:51,749 - INFO: Evaluating at iteration 44975
2026-01-08 19:16:53,022 - INFO: Loss: 0.070268
2026-01-08 19:16:53,022 - INFO: Training ROC-AUC: 1.000000
2026-01-08 19:16:53,022 - INFO: Validation ROC-AUC: 0.898153
2026-01-08 19:17:06,582 - INFO: Evaluating at iteration 45475
2026-01-08 19:17:07,844 - INFO: Loss: 0.062270
2026-01-08 19:17:07,844 - INFO: Training ROC-AUC: 1.000000
2026-01-08 19:17:07,844 - INFO: Validation ROC-AUC: 0.896832
2026-01-08 19:17:21,368 - INFO: Evaluating at iteration 45975
2026-01-08 19:17:22,632 - INFO: Loss: 0.051235
2026-01-08 19:17:22,632 - INFO: Training ROC-AUC: 1.000000
2026-01-08 19:17:22,632 - INFO: Validation ROC-AUC: 0.898398
2026-01-08 19:17:25,246 - INFO: Starting epoch 23
2026-01-08 19:17:25,278 - INFO: Evaluating at iteration 46069
2026-01-08 19:17:26,552 - INFO: Loss: 0.053484
2026-01-08 19:17:26,552 - INFO: Training ROC-AUC: 1.000000
2026-01-08 19:17:26,552 - INFO: Validation ROC-AUC: 0.898760
2026-01-08 19:17:40,362 - INFO: Evaluating at iteration 46569
2026-01-08 19:17:41,630 - INFO: Loss: 0.005363
2026-01-08 19:17:41,630 - INFO: Training ROC-AUC: 1.000000
2026-01-08 19:17:41,630 - INFO: Validation ROC-AUC: 0.898608
2026-01-08 19:17:55,012 - INFO: Evaluating at iteration 47069
2026-01-08 19:17:56,280 - INFO: Loss: 0.030590
2026-01-08 19:17:56,280 - INFO: Training ROC-AUC: 1.000000
2026-01-08 19:17:56,280 - INFO: Validation ROC-AUC: 0.896977
2026-01-08 19:18:09,802 - INFO: Evaluating at iteration 47569
2026-01-08 19:18:11,070 - INFO: Loss: 0.135059
2026-01-08 19:18:11,070 - INFO: Training ROC-AUC: 0.989583
2026-01-08 19:18:11,070 - INFO: Validation ROC-AUC: 0.898871
2026-01-08 19:18:24,502 - INFO: Evaluating at iteration 48069
2026-01-08 19:18:25,772 - INFO: Loss: 0.009173
2026-01-08 19:18:25,772 - INFO: Training ROC-AUC: 1.000000
2026-01-08 19:18:25,772 - INFO: Validation ROC-AUC: 0.896855
2026-01-08 19:18:28,309 - INFO: Starting epoch 24
2026-01-08 19:18:28,333 - INFO: Evaluating at iteration 48163
2026-01-08 19:18:29,601 - INFO: Loss: 0.028763
2026-01-08 19:18:29,601 - INFO: Training ROC-AUC: 1.000000
2026-01-08 19:18:29,601 - INFO: Validation ROC-AUC: 0.898915
2026-01-08 19:18:43,372 - INFO: Evaluating at iteration 48663
2026-01-08 19:18:44,636 - INFO: Loss: 0.012379
2026-01-08 19:18:44,636 - INFO: Training ROC-AUC: 1.000000
2026-01-08 19:18:44,636 - INFO: Validation ROC-AUC: 0.899408
2026-01-08 19:18:58,223 - INFO: Evaluating at iteration 49163
2026-01-08 19:18:59,495 - INFO: Loss: 0.018475
2026-01-08 19:18:59,495 - INFO: Training ROC-AUC: 1.000000
2026-01-08 19:18:59,495 - INFO: Validation ROC-AUC: 0.897439
2026-01-08 19:19:12,898 - INFO: Evaluating at iteration 49663
2026-01-08 19:19:14,173 - INFO: Loss: 0.073621
2026-01-08 19:19:14,173 - INFO: Training ROC-AUC: 0.992593
2026-01-08 19:19:14,173 - INFO: Validation ROC-AUC: 0.898298
2026-01-08 19:19:27,622 - INFO: Evaluating at iteration 50163
2026-01-08 19:19:28,889 - INFO: Loss: 0.071518
2026-01-08 19:19:28,889 - INFO: Training ROC-AUC: 1.000000
2026-01-08 19:19:28,889 - INFO: Validation ROC-AUC: 0.897537
2026-01-08 19:19:31,425 - INFO: Starting epoch 25
2026-01-08 19:19:31,448 - INFO: Evaluating at iteration 50257
2026-01-08 19:19:32,709 - INFO: Loss: 0.071112
2026-01-08 19:19:32,710 - INFO: Training ROC-AUC: 1.000000
2026-01-08 19:19:32,710 - INFO: Validation ROC-AUC: 0.897518
2026-01-08 19:19:46,371 - INFO: Evaluating at iteration 50757
2026-01-08 19:19:47,637 - INFO: Loss: 0.013098
2026-01-08 19:19:47,638 - INFO: Training ROC-AUC: 1.000000
2026-01-08 19:19:47,638 - INFO: Validation ROC-AUC: 0.897697
2026-01-08 19:20:01,108 - INFO: Evaluating at iteration 51257
2026-01-08 19:20:02,380 - INFO: Loss: 0.036681
2026-01-08 19:20:02,380 - INFO: Training ROC-AUC: 1.000000
2026-01-08 19:20:02,380 - INFO: Validation ROC-AUC: 0.896953
2026-01-08 19:20:15,803 - INFO: Evaluating at iteration 51757
2026-01-08 19:20:17,068 - INFO: Loss: 0.040180
2026-01-08 19:20:17,068 - INFO: Training ROC-AUC: 1.000000
2026-01-08 19:20:17,068 - INFO: Validation ROC-AUC: 0.898037
2026-01-08 19:20:30,341 - INFO: Evaluating at iteration 52257
2026-01-08 19:20:31,626 - INFO: Loss: 0.023177
2026-01-08 19:20:31,627 - INFO: Training ROC-AUC: 1.000000
2026-01-08 19:20:31,627 - INFO: Validation ROC-AUC: 0.898022
2026-01-08 19:20:34,171 - INFO: Saving model to models/TCRStructMap_random_split_sequence_only/model_4.pt
2026-01-08 19:20:34,213 - INFO: Starting fold 5
2026-01-08 19:20:34,325 - INFO: Initialising model
2026-01-08 19:20:34,337 - INFO: Starting training
2026-01-08 19:20:34,337 - INFO: Starting epoch 1
2026-01-08 19:20:34,363 - INFO: Evaluating at iteration 1
2026-01-08 19:20:35,644 - INFO: Loss: 0.702678
2026-01-08 19:20:35,644 - INFO: Training ROC-AUC: 0.337143
2026-01-08 19:20:35,644 - INFO: Validation ROC-AUC: 0.473309
2026-01-08 19:20:47,195 - INFO: Evaluating at iteration 501
2026-01-08 19:20:48,465 - INFO: Loss: 0.278520
2026-01-08 19:20:48,465 - INFO: Training ROC-AUC: 0.724138
2026-01-08 19:20:48,465 - INFO: Validation ROC-AUC: 0.618695
2026-01-08 19:21:00,902 - INFO: Evaluating at iteration 1001
2026-01-08 19:21:02,167 - INFO: Loss: 0.719143
2026-01-08 19:21:02,167 - INFO: Training ROC-AUC: 0.490909
2026-01-08 19:21:02,167 - INFO: Validation ROC-AUC: 0.649467
2026-01-08 19:21:14,244 - INFO: Evaluating at iteration 1501
2026-01-08 19:21:15,524 - INFO: Loss: 0.289641
2026-01-08 19:21:15,525 - INFO: Training ROC-AUC: 0.875000
2026-01-08 19:21:15,525 - INFO: Validation ROC-AUC: 0.706045
2026-01-08 19:21:27,309 - INFO: Evaluating at iteration 2001
2026-01-08 19:21:28,600 - INFO: Loss: 0.589014
2026-01-08 19:21:28,600 - INFO: Training ROC-AUC: 0.567708
2026-01-08 19:21:28,600 - INFO: Validation ROC-AUC: 0.715687
2026-01-08 19:21:30,778 - INFO: Starting epoch 2
2026-01-08 19:21:30,802 - INFO: Evaluating at iteration 2095
2026-01-08 19:21:32,070 - INFO: Loss: 0.435685
2026-01-08 19:21:32,071 - INFO: Training ROC-AUC: 0.801282
2026-01-08 19:21:32,071 - INFO: Validation ROC-AUC: 0.732203
2026-01-08 19:21:43,649 - INFO: Evaluating at iteration 2595
2026-01-08 19:21:44,915 - INFO: Loss: 0.441492
2026-01-08 19:21:44,915 - INFO: Training ROC-AUC: 0.788571
2026-01-08 19:21:44,915 - INFO: Validation ROC-AUC: 0.811367
2026-01-08 19:21:56,426 - INFO: Evaluating at iteration 3095
2026-01-08 19:21:57,694 - INFO: Loss: 0.186831
2026-01-08 19:21:57,695 - INFO: Training ROC-AUC: 1.000000
2026-01-08 19:21:57,695 - INFO: Validation ROC-AUC: 0.829744
2026-01-08 19:22:09,376 - INFO: Evaluating at iteration 3595
2026-01-08 19:22:10,640 - INFO: Loss: 0.547420
2026-01-08 19:22:10,640 - INFO: Training ROC-AUC: 0.722727
2026-01-08 19:22:10,640 - INFO: Validation ROC-AUC: 0.845368
2026-01-08 19:22:22,336 - INFO: Evaluating at iteration 4095
2026-01-08 19:22:23,609 - INFO: Loss: 0.409656
2026-01-08 19:22:23,609 - INFO: Training ROC-AUC: 0.913636
2026-01-08 19:22:23,609 - INFO: Validation ROC-AUC: 0.855400
2026-01-08 19:22:25,815 - INFO: Starting epoch 3
2026-01-08 19:22:25,839 - INFO: Evaluating at iteration 4189
2026-01-08 19:22:27,115 - INFO: Loss: 0.366420
2026-01-08 19:22:27,116 - INFO: Training ROC-AUC: 0.908213
2026-01-08 19:22:27,116 - INFO: Validation ROC-AUC: 0.858828
2026-01-08 19:22:38,929 - INFO: Evaluating at iteration 4689
2026-01-08 19:22:40,206 - INFO: Loss: 0.361848
2026-01-08 19:22:40,207 - INFO: Training ROC-AUC: 0.874286
2026-01-08 19:22:40,207 - INFO: Validation ROC-AUC: 0.862081
2026-01-08 19:22:51,982 - INFO: Evaluating at iteration 5189
2026-01-08 19:22:53,247 - INFO: Loss: 0.183965
2026-01-08 19:22:53,247 - INFO: Training ROC-AUC: 0.994286
2026-01-08 19:22:53,247 - INFO: Validation ROC-AUC: 0.863826
2026-01-08 19:23:05,131 - INFO: Evaluating at iteration 5689
2026-01-08 19:23:06,429 - INFO: Loss: 0.229304
2026-01-08 19:23:06,429 - INFO: Training ROC-AUC: 0.977778
2026-01-08 19:23:06,429 - INFO: Validation ROC-AUC: 0.869935
2026-01-08 19:23:18,175 - INFO: Evaluating at iteration 6189
2026-01-08 19:23:19,476 - INFO: Loss: 0.341416
2026-01-08 19:23:19,476 - INFO: Training ROC-AUC: 0.848958
2026-01-08 19:23:19,476 - INFO: Validation ROC-AUC: 0.873755
2026-01-08 19:23:21,680 - INFO: Starting epoch 4
2026-01-08 19:23:21,705 - INFO: Evaluating at iteration 6283
2026-01-08 19:23:22,969 - INFO: Loss: 0.219424
2026-01-08 19:23:22,974 - INFO: Training ROC-AUC: 0.991071
2026-01-08 19:23:22,974 - INFO: Validation ROC-AUC: 0.874576
2026-01-08 19:23:35,111 - INFO: Evaluating at iteration 6783
2026-01-08 19:23:36,388 - INFO: Loss: 0.161757
2026-01-08 19:23:36,388 - INFO: Training ROC-AUC: 0.977011
2026-01-08 19:23:36,388 - INFO: Validation ROC-AUC: 0.876695
2026-01-08 19:23:48,240 - INFO: Evaluating at iteration 7283
2026-01-08 19:23:49,551 - INFO: Loss: 0.298406
2026-01-08 19:23:49,551 - INFO: Training ROC-AUC: 0.891026
2026-01-08 19:23:49,551 - INFO: Validation ROC-AUC: 0.877777
2026-01-08 19:24:01,470 - INFO: Evaluating at iteration 7783
2026-01-08 19:24:02,736 - INFO: Loss: 0.322447
2026-01-08 19:24:02,736 - INFO: Training ROC-AUC: 0.829630
2026-01-08 19:24:02,737 - INFO: Validation ROC-AUC: 0.880145
2026-01-08 19:24:14,725 - INFO: Evaluating at iteration 8283
2026-01-08 19:24:15,992 - INFO: Loss: 0.275584
2026-01-08 19:24:15,992 - INFO: Training ROC-AUC: 0.903846
2026-01-08 19:24:15,992 - INFO: Validation ROC-AUC: 0.882769
2026-01-08 19:24:18,225 - INFO: Starting epoch 5
2026-01-08 19:24:18,250 - INFO: Evaluating at iteration 8377
2026-01-08 19:24:19,548 - INFO: Loss: 0.225578
2026-01-08 19:24:19,548 - INFO: Training ROC-AUC: 0.918519
2026-01-08 19:24:19,548 - INFO: Validation ROC-AUC: 0.883270
2026-01-08 19:24:31,380 - INFO: Evaluating at iteration 8877
2026-01-08 19:24:32,651 - INFO: Loss: 0.181105
2026-01-08 19:24:32,652 - INFO: Training ROC-AUC: 0.933333
2026-01-08 19:24:32,652 - INFO: Validation ROC-AUC: 0.884908
2026-01-08 19:24:44,621 - INFO: Evaluating at iteration 9377
2026-01-08 19:24:45,909 - INFO: Loss: 0.104115
2026-01-08 19:24:45,909 - INFO: Training ROC-AUC: 1.000000
2026-01-08 19:24:45,909 - INFO: Validation ROC-AUC: 0.884040
2026-01-08 19:24:57,910 - INFO: Evaluating at iteration 9877
2026-01-08 19:24:59,176 - INFO: Loss: 0.177723
2026-01-08 19:24:59,177 - INFO: Training ROC-AUC: 0.883333
2026-01-08 19:24:59,177 - INFO: Validation ROC-AUC: 0.886298
2026-01-08 19:25:11,253 - INFO: Evaluating at iteration 10377
2026-01-08 19:25:12,537 - INFO: Loss: 0.402332
2026-01-08 19:25:12,537 - INFO: Training ROC-AUC: 0.869565
2026-01-08 19:25:12,537 - INFO: Validation ROC-AUC: 0.888089
2026-01-08 19:25:14,869 - INFO: Starting epoch 6
2026-01-08 19:25:14,895 - INFO: Evaluating at iteration 10471
2026-01-08 19:25:16,168 - INFO: Loss: 0.187324
2026-01-08 19:25:16,168 - INFO: Training ROC-AUC: 0.955357
2026-01-08 19:25:16,168 - INFO: Validation ROC-AUC: 0.887973
2026-01-08 19:25:28,219 - INFO: Evaluating at iteration 10971
2026-01-08 19:25:29,488 - INFO: Loss: 0.259650
2026-01-08 19:25:29,489 - INFO: Training ROC-AUC: 0.612903
2026-01-08 19:25:29,489 - INFO: Validation ROC-AUC: 0.885823
2026-01-08 19:25:41,569 - INFO: Evaluating at iteration 11471
2026-01-08 19:25:42,856 - INFO: Loss: 0.236180
2026-01-08 19:25:42,856 - INFO: Training ROC-AUC: 0.937500
2026-01-08 19:25:42,856 - INFO: Validation ROC-AUC: 0.888416
2026-01-08 19:25:54,938 - INFO: Evaluating at iteration 11971
2026-01-08 19:25:56,202 - INFO: Loss: 0.354324
2026-01-08 19:25:56,202 - INFO: Training ROC-AUC: 0.854167
2026-01-08 19:25:56,202 - INFO: Validation ROC-AUC: 0.891377
2026-01-08 19:26:08,313 - INFO: Evaluating at iteration 12471
2026-01-08 19:26:09,581 - INFO: Loss: 0.199842
2026-01-08 19:26:09,581 - INFO: Training ROC-AUC: 0.988571
2026-01-08 19:26:09,581 - INFO: Validation ROC-AUC: 0.891722
2026-01-08 19:26:11,845 - INFO: Starting epoch 7
2026-01-08 19:26:11,870 - INFO: Evaluating at iteration 12565
2026-01-08 19:26:13,139 - INFO: Loss: 0.297234
2026-01-08 19:26:13,139 - INFO: Training ROC-AUC: 0.922705
2026-01-08 19:26:13,139 - INFO: Validation ROC-AUC: 0.891771
2026-01-08 19:26:25,321 - INFO: Evaluating at iteration 13065
2026-01-08 19:26:26,615 - INFO: Loss: 0.284093
2026-01-08 19:26:26,615 - INFO: Training ROC-AUC: 0.914286
2026-01-08 19:26:26,615 - INFO: Validation ROC-AUC: 0.892032
2026-01-08 19:26:38,715 - INFO: Evaluating at iteration 13565
2026-01-08 19:26:40,015 - INFO: Loss: 0.373495
2026-01-08 19:26:40,015 - INFO: Training ROC-AUC: 0.904545
2026-01-08 19:26:40,015 - INFO: Validation ROC-AUC: 0.892008
2026-01-08 19:26:52,125 - INFO: Evaluating at iteration 14065
2026-01-08 19:26:53,394 - INFO: Loss: 0.291274
2026-01-08 19:26:53,394 - INFO: Training ROC-AUC: 0.910256
2026-01-08 19:26:53,394 - INFO: Validation ROC-AUC: 0.892591
2026-01-08 19:27:05,465 - INFO: Evaluating at iteration 14565
2026-01-08 19:27:06,761 - INFO: Loss: 0.444685
2026-01-08 19:27:06,761 - INFO: Training ROC-AUC: 0.741071
2026-01-08 19:27:06,761 - INFO: Validation ROC-AUC: 0.894185
2026-01-08 19:27:08,996 - INFO: Starting epoch 8
2026-01-08 19:27:09,021 - INFO: Evaluating at iteration 14659
2026-01-08 19:27:10,288 - INFO: Loss: 0.131581
2026-01-08 19:27:10,288 - INFO: Training ROC-AUC: 0.965517
2026-01-08 19:27:10,288 - INFO: Validation ROC-AUC: 0.894370
2026-01-08 19:27:22,326 - INFO: Evaluating at iteration 15159
2026-01-08 19:27:23,590 - INFO: Loss: 0.355061
2026-01-08 19:27:23,590 - INFO: Training ROC-AUC: 0.875000
2026-01-08 19:27:23,590 - INFO: Validation ROC-AUC: 0.894439
2026-01-08 19:27:35,579 - INFO: Evaluating at iteration 15659
2026-01-08 19:27:36,849 - INFO: Loss: 0.338278
2026-01-08 19:27:36,849 - INFO: Training ROC-AUC: 0.814815
2026-01-08 19:27:36,849 - INFO: Validation ROC-AUC: 0.893126
2026-01-08 19:27:48,923 - INFO: Evaluating at iteration 16159
2026-01-08 19:27:50,214 - INFO: Loss: 0.121308
2026-01-08 19:27:50,215 - INFO: Training ROC-AUC: 1.000000
2026-01-08 19:27:50,215 - INFO: Validation ROC-AUC: 0.895015
2026-01-08 19:28:02,302 - INFO: Evaluating at iteration 16659
2026-01-08 19:28:03,568 - INFO: Loss: 0.109375
2026-01-08 19:28:03,568 - INFO: Training ROC-AUC: 0.992593
2026-01-08 19:28:03,568 - INFO: Validation ROC-AUC: 0.895837
2026-01-08 19:28:05,870 - INFO: Starting epoch 9
2026-01-08 19:28:05,896 - INFO: Evaluating at iteration 16753
2026-01-08 19:28:07,163 - INFO: Loss: 0.228392
2026-01-08 19:28:07,164 - INFO: Training ROC-AUC: 0.929487
2026-01-08 19:28:07,164 - INFO: Validation ROC-AUC: 0.895827
2026-01-08 19:28:19,371 - INFO: Evaluating at iteration 17253
2026-01-08 19:28:20,653 - INFO: Loss: 0.236896
2026-01-08 19:28:20,653 - INFO: Training ROC-AUC: 0.888889
2026-01-08 19:28:20,653 - INFO: Validation ROC-AUC: 0.896120
2026-01-08 19:28:32,803 - INFO: Evaluating at iteration 17753
2026-01-08 19:28:34,119 - INFO: Loss: 0.390273
2026-01-08 19:28:34,120 - INFO: Training ROC-AUC: 0.932367
2026-01-08 19:28:34,120 - INFO: Validation ROC-AUC: 0.897364
2026-01-08 19:28:46,245 - INFO: Evaluating at iteration 18253
2026-01-08 19:28:47,515 - INFO: Loss: 0.150679
2026-01-08 19:28:47,515 - INFO: Training ROC-AUC: 0.984375
2026-01-08 19:28:47,515 - INFO: Validation ROC-AUC: 0.897388
2026-01-08 19:28:59,629 - INFO: Evaluating at iteration 18753
2026-01-08 19:29:00,902 - INFO: Loss: 0.117328
2026-01-08 19:29:00,902 - INFO: Training ROC-AUC: 0.903226
2026-01-08 19:29:00,902 - INFO: Validation ROC-AUC: 0.897345
2026-01-08 19:29:03,137 - INFO: Starting epoch 10
2026-01-08 19:29:03,162 - INFO: Evaluating at iteration 18847
2026-01-08 19:29:04,464 - INFO: Loss: 0.276671
2026-01-08 19:29:04,464 - INFO: Training ROC-AUC: 0.920000
2026-01-08 19:29:04,464 - INFO: Validation ROC-AUC: 0.898594
2026-01-08 19:29:16,637 - INFO: Evaluating at iteration 19347
2026-01-08 19:29:17,911 - INFO: Loss: 0.199614
2026-01-08 19:29:17,911 - INFO: Training ROC-AUC: 0.919540
2026-01-08 19:29:17,911 - INFO: Validation ROC-AUC: 0.897458
2026-01-08 19:29:30,208 - INFO: Evaluating at iteration 19847
2026-01-08 19:29:31,492 - INFO: Loss: 0.251424
2026-01-08 19:29:31,492 - INFO: Training ROC-AUC: 0.946860
2026-01-08 19:29:31,492 - INFO: Validation ROC-AUC: 0.896742
2026-01-08 19:29:43,645 - INFO: Evaluating at iteration 20347
2026-01-08 19:29:44,918 - INFO: Loss: 0.258607
2026-01-08 19:29:44,918 - INFO: Training ROC-AUC: 0.883929
2026-01-08 19:29:44,918 - INFO: Validation ROC-AUC: 0.898853
2026-01-08 19:29:57,061 - INFO: Evaluating at iteration 20847
2026-01-08 19:29:58,330 - INFO: Loss: 0.417012
2026-01-08 19:29:58,330 - INFO: Training ROC-AUC: 0.769231
2026-01-08 19:29:58,330 - INFO: Validation ROC-AUC: 0.898142
2026-01-08 19:30:00,600 - INFO: Starting epoch 11
2026-01-08 19:30:00,625 - INFO: Evaluating at iteration 20941
2026-01-08 19:30:01,900 - INFO: Loss: 0.185079
2026-01-08 19:30:01,900 - INFO: Training ROC-AUC: 0.989583
2026-01-08 19:30:01,900 - INFO: Validation ROC-AUC: 0.898700
2026-01-08 19:30:13,993 - INFO: Evaluating at iteration 21441
2026-01-08 19:30:15,260 - INFO: Loss: 0.165073
2026-01-08 19:30:15,260 - INFO: Training ROC-AUC: 0.955357
2026-01-08 19:30:15,260 - INFO: Validation ROC-AUC: 0.897957
2026-01-08 19:30:27,439 - INFO: Evaluating at iteration 21941
2026-01-08 19:30:28,732 - INFO: Loss: 0.217867
2026-01-08 19:30:28,732 - INFO: Training ROC-AUC: 0.911111
2026-01-08 19:30:28,732 - INFO: Validation ROC-AUC: 0.896357
2026-01-08 19:30:40,872 - INFO: Evaluating at iteration 22441
2026-01-08 19:30:42,149 - INFO: Loss: 0.139195
2026-01-08 19:30:42,149 - INFO: Training ROC-AUC: 0.977778
2026-01-08 19:30:42,149 - INFO: Validation ROC-AUC: 0.899014
2026-01-08 19:30:54,066 - INFO: Evaluating at iteration 22941
2026-01-08 19:30:55,333 - INFO: Loss: 0.137819
2026-01-08 19:30:55,334 - INFO: Training ROC-AUC: 1.000000
2026-01-08 19:30:55,334 - INFO: Validation ROC-AUC: 0.899233
2026-01-08 19:30:57,618 - INFO: Starting epoch 12
2026-01-08 19:30:57,644 - INFO: Evaluating at iteration 23035
2026-01-08 19:30:58,903 - INFO: Loss: 0.138856
2026-01-08 19:30:58,903 - INFO: Training ROC-AUC: 0.984375
2026-01-08 19:30:58,903 - INFO: Validation ROC-AUC: 0.899771
2026-01-08 19:31:11,041 - INFO: Evaluating at iteration 23535
2026-01-08 19:31:12,312 - INFO: Loss: 0.299957
2026-01-08 19:31:12,312 - INFO: Training ROC-AUC: 0.937143
2026-01-08 19:31:12,312 - INFO: Validation ROC-AUC: 0.898538
2026-01-08 19:31:24,295 - INFO: Evaluating at iteration 24035
2026-01-08 19:31:25,556 - INFO: Loss: 0.144788
2026-01-08 19:31:25,556 - INFO: Training ROC-AUC: 1.000000
2026-01-08 19:31:25,556 - INFO: Validation ROC-AUC: 0.900291
2026-01-08 19:31:37,607 - INFO: Evaluating at iteration 24535
2026-01-08 19:31:38,877 - INFO: Loss: 0.078272
2026-01-08 19:31:38,878 - INFO: Training ROC-AUC: 0.992593
2026-01-08 19:31:38,878 - INFO: Validation ROC-AUC: 0.899545
2026-01-08 19:31:50,912 - INFO: Evaluating at iteration 25035
2026-01-08 19:31:52,198 - INFO: Loss: 0.183182
2026-01-08 19:31:52,198 - INFO: Training ROC-AUC: 0.977011
2026-01-08 19:31:52,198 - INFO: Validation ROC-AUC: 0.898148
2026-01-08 19:31:54,403 - INFO: Starting epoch 13
2026-01-08 19:31:54,427 - INFO: Evaluating at iteration 25129
2026-01-08 19:31:55,700 - INFO: Loss: 0.175421
2026-01-08 19:31:55,701 - INFO: Training ROC-AUC: 0.962963
2026-01-08 19:31:55,701 - INFO: Validation ROC-AUC: 0.898226
2026-01-08 19:32:07,574 - INFO: Evaluating at iteration 25629
2026-01-08 19:32:08,840 - INFO: Loss: 0.134359
2026-01-08 19:32:08,840 - INFO: Training ROC-AUC: 0.992593
2026-01-08 19:32:08,840 - INFO: Validation ROC-AUC: 0.897986
2026-01-08 19:32:20,795 - INFO: Evaluating at iteration 26129
2026-01-08 19:32:22,065 - INFO: Loss: 0.336102
2026-01-08 19:32:22,065 - INFO: Training ROC-AUC: 0.911458
2026-01-08 19:32:22,065 - INFO: Validation ROC-AUC: 0.898946
2026-01-08 19:32:34,099 - INFO: Evaluating at iteration 26629
2026-01-08 19:32:35,385 - INFO: Loss: 0.120989
2026-01-08 19:32:35,386 - INFO: Training ROC-AUC: 0.955556
2026-01-08 19:32:35,386 - INFO: Validation ROC-AUC: 0.899431
2026-01-08 19:32:47,349 - INFO: Evaluating at iteration 27129
2026-01-08 19:32:48,636 - INFO: Loss: 0.276512
2026-01-08 19:32:48,636 - INFO: Training ROC-AUC: 0.859259
2026-01-08 19:32:48,636 - INFO: Validation ROC-AUC: 0.899541
2026-01-08 19:32:50,904 - INFO: Starting epoch 14
2026-01-08 19:32:50,930 - INFO: Evaluating at iteration 27223
2026-01-08 19:32:52,203 - INFO: Loss: 0.087681
2026-01-08 19:32:52,203 - INFO: Training ROC-AUC: 1.000000
2026-01-08 19:32:52,203 - INFO: Validation ROC-AUC: 0.900927
2026-01-08 19:33:04,234 - INFO: Evaluating at iteration 27723
2026-01-08 19:33:05,527 - INFO: Loss: 0.042862
2026-01-08 19:33:05,527 - INFO: Training ROC-AUC: 1.000000
2026-01-08 19:33:05,527 - INFO: Validation ROC-AUC: 0.898424
2026-01-08 19:33:17,704 - INFO: Evaluating at iteration 28223
2026-01-08 19:33:18,999 - INFO: Loss: 0.092214
2026-01-08 19:33:18,999 - INFO: Training ROC-AUC: 1.000000
2026-01-08 19:33:18,999 - INFO: Validation ROC-AUC: 0.898440
2026-01-08 19:33:31,362 - INFO: Evaluating at iteration 28723
2026-01-08 19:33:32,628 - INFO: Loss: 0.086746
2026-01-08 19:33:32,628 - INFO: Training ROC-AUC: 1.000000
2026-01-08 19:33:32,628 - INFO: Validation ROC-AUC: 0.898681
2026-01-08 19:33:44,829 - INFO: Evaluating at iteration 29223
2026-01-08 19:33:46,097 - INFO: Loss: 0.197665
2026-01-08 19:33:46,097 - INFO: Training ROC-AUC: 0.955556
2026-01-08 19:33:46,098 - INFO: Validation ROC-AUC: 0.899475
2026-01-08 19:33:48,367 - INFO: Starting epoch 15
2026-01-08 19:33:48,391 - INFO: Evaluating at iteration 29317
2026-01-08 19:33:49,713 - INFO: Loss: 0.223130
2026-01-08 19:33:49,713 - INFO: Training ROC-AUC: 0.954286
2026-01-08 19:33:49,713 - INFO: Validation ROC-AUC: 0.899803
2026-01-08 19:34:01,766 - INFO: Evaluating at iteration 29817
2026-01-08 19:34:03,057 - INFO: Loss: 0.245412
2026-01-08 19:34:03,058 - INFO: Training ROC-AUC: 0.984375
2026-01-08 19:34:03,058 - INFO: Validation ROC-AUC: 0.896861
2026-01-08 19:34:15,361 - INFO: Evaluating at iteration 30317
2026-01-08 19:34:16,633 - INFO: Loss: 0.076414
2026-01-08 19:34:16,633 - INFO: Training ROC-AUC: 1.000000
2026-01-08 19:34:16,633 - INFO: Validation ROC-AUC: 0.896466
2026-01-08 19:34:28,950 - INFO: Evaluating at iteration 30817
2026-01-08 19:34:30,220 - INFO: Loss: 0.164327
2026-01-08 19:34:30,220 - INFO: Training ROC-AUC: 0.964286
2026-01-08 19:34:30,220 - INFO: Validation ROC-AUC: 0.899020
2026-01-08 19:34:42,618 - INFO: Evaluating at iteration 31317
2026-01-08 19:34:43,886 - INFO: Loss: 0.077128
2026-01-08 19:34:43,886 - INFO: Training ROC-AUC: 1.000000
2026-01-08 19:34:43,886 - INFO: Validation ROC-AUC: 0.900279
2026-01-08 19:34:46,218 - INFO: Starting epoch 16
2026-01-08 19:34:46,251 - INFO: Evaluating at iteration 31411
2026-01-08 19:34:47,517 - INFO: Loss: 0.047723
2026-01-08 19:34:47,517 - INFO: Training ROC-AUC: 1.000000
2026-01-08 19:34:47,517 - INFO: Validation ROC-AUC: 0.898182
2026-01-08 19:35:00,009 - INFO: Evaluating at iteration 31911
2026-01-08 19:35:01,299 - INFO: Loss: 0.078027
2026-01-08 19:35:01,299 - INFO: Training ROC-AUC: 1.000000
2026-01-08 19:35:01,299 - INFO: Validation ROC-AUC: 0.898550
2026-01-08 19:35:14,047 - INFO: Evaluating at iteration 32411
2026-01-08 19:35:15,318 - INFO: Loss: 0.145781
2026-01-08 19:35:15,319 - INFO: Training ROC-AUC: 0.973214
2026-01-08 19:35:15,319 - INFO: Validation ROC-AUC: 0.898570
2026-01-08 19:35:28,062 - INFO: Evaluating at iteration 32911
2026-01-08 19:35:29,331 - INFO: Loss: 0.114397
2026-01-08 19:35:29,331 - INFO: Training ROC-AUC: 0.994286
2026-01-08 19:35:29,332 - INFO: Validation ROC-AUC: 0.896296
2026-01-08 19:35:42,230 - INFO: Evaluating at iteration 33411
2026-01-08 19:35:43,493 - INFO: Loss: 0.224769
2026-01-08 19:35:43,493 - INFO: Training ROC-AUC: 0.850575
2026-01-08 19:35:43,493 - INFO: Validation ROC-AUC: 0.897844
2026-01-08 19:35:45,885 - INFO: Starting epoch 17
2026-01-08 19:35:45,912 - INFO: Evaluating at iteration 33505
2026-01-08 19:35:47,176 - INFO: Loss: 0.169745
2026-01-08 19:35:47,176 - INFO: Training ROC-AUC: 0.980676
2026-01-08 19:35:47,176 - INFO: Validation ROC-AUC: 0.898155
2026-01-08 19:35:59,929 - INFO: Evaluating at iteration 34005
2026-01-08 19:36:01,193 - INFO: Loss: 0.028191
2026-01-08 19:36:01,193 - INFO: Training ROC-AUC: 1.000000
2026-01-08 19:36:01,193 - INFO: Validation ROC-AUC: 0.898078
2026-01-08 19:36:14,249 - INFO: Evaluating at iteration 34505
2026-01-08 19:36:15,515 - INFO: Loss: 0.072442
2026-01-08 19:36:15,515 - INFO: Training ROC-AUC: 1.000000
2026-01-08 19:36:15,515 - INFO: Validation ROC-AUC: 0.898046
2026-01-08 19:36:28,733 - INFO: Evaluating at iteration 35005
2026-01-08 19:36:29,996 - INFO: Loss: 0.130735
2026-01-08 19:36:29,996 - INFO: Training ROC-AUC: 1.000000
2026-01-08 19:36:29,996 - INFO: Validation ROC-AUC: 0.897730
2026-01-08 19:36:43,128 - INFO: Evaluating at iteration 35505
2026-01-08 19:36:44,390 - INFO: Loss: 0.097533
2026-01-08 19:36:44,391 - INFO: Training ROC-AUC: 0.992593
2026-01-08 19:36:44,391 - INFO: Validation ROC-AUC: 0.898717
2026-01-08 19:36:46,929 - INFO: Starting epoch 18
2026-01-08 19:36:46,965 - INFO: Evaluating at iteration 35599
2026-01-08 19:36:48,227 - INFO: Loss: 0.108403
2026-01-08 19:36:48,227 - INFO: Training ROC-AUC: 0.994286
2026-01-08 19:36:48,227 - INFO: Validation ROC-AUC: 0.898838
2026-01-08 19:37:01,667 - INFO: Evaluating at iteration 36099
2026-01-08 19:37:02,931 - INFO: Loss: 0.072483
2026-01-08 19:37:02,931 - INFO: Training ROC-AUC: 1.000000
2026-01-08 19:37:02,931 - INFO: Validation ROC-AUC: 0.897829
2026-01-08 19:37:16,174 - INFO: Evaluating at iteration 36599
2026-01-08 19:37:17,446 - INFO: Loss: 0.104750
2026-01-08 19:37:17,446 - INFO: Training ROC-AUC: 0.994286
2026-01-08 19:37:17,446 - INFO: Validation ROC-AUC: 0.896930
2026-01-08 19:37:30,769 - INFO: Evaluating at iteration 37099
2026-01-08 19:37:32,051 - INFO: Loss: 0.076439
2026-01-08 19:37:32,051 - INFO: Training ROC-AUC: 1.000000
2026-01-08 19:37:32,051 - INFO: Validation ROC-AUC: 0.897440
2026-01-08 19:37:45,391 - INFO: Evaluating at iteration 37599
2026-01-08 19:37:46,655 - INFO: Loss: 0.185731
2026-01-08 19:37:46,655 - INFO: Training ROC-AUC: 0.971429
2026-01-08 19:37:46,655 - INFO: Validation ROC-AUC: 0.898070
2026-01-08 19:37:49,150 - INFO: Starting epoch 19
2026-01-08 19:37:49,187 - INFO: Evaluating at iteration 37693
2026-01-08 19:37:50,468 - INFO: Loss: 0.096447
2026-01-08 19:37:50,468 - INFO: Training ROC-AUC: 1.000000
2026-01-08 19:37:50,468 - INFO: Validation ROC-AUC: 0.898484
2026-01-08 19:38:03,911 - INFO: Evaluating at iteration 38193
2026-01-08 19:38:05,213 - INFO: Loss: 0.010746
2026-01-08 19:38:05,213 - INFO: Training ROC-AUC: 1.000000
2026-01-08 19:38:05,213 - INFO: Validation ROC-AUC: 0.897740
2026-01-08 19:38:18,652 - INFO: Evaluating at iteration 38693
2026-01-08 19:38:19,956 - INFO: Loss: 0.045096
2026-01-08 19:38:19,956 - INFO: Training ROC-AUC: 1.000000
2026-01-08 19:38:19,956 - INFO: Validation ROC-AUC: 0.895181
2026-01-08 19:38:33,342 - INFO: Evaluating at iteration 39193
2026-01-08 19:38:34,666 - INFO: Loss: 0.066372
2026-01-08 19:38:34,666 - INFO: Training ROC-AUC: 0.992593
2026-01-08 19:38:34,666 - INFO: Validation ROC-AUC: 0.897344
2026-01-08 19:38:48,194 - INFO: Evaluating at iteration 39693
2026-01-08 19:38:49,498 - INFO: Loss: 0.185248
2026-01-08 19:38:49,498 - INFO: Training ROC-AUC: 0.986364
2026-01-08 19:38:49,499 - INFO: Validation ROC-AUC: 0.897441
2026-01-08 19:38:52,050 - INFO: Starting epoch 20
2026-01-08 19:38:52,086 - INFO: Evaluating at iteration 39787
2026-01-08 19:38:53,351 - INFO: Loss: 0.034237
2026-01-08 19:38:53,351 - INFO: Training ROC-AUC: 1.000000
2026-01-08 19:38:53,351 - INFO: Validation ROC-AUC: 0.897470
2026-01-08 19:39:07,058 - INFO: Evaluating at iteration 40287
2026-01-08 19:39:08,328 - INFO: Loss: 0.095557
2026-01-08 19:39:08,328 - INFO: Training ROC-AUC: 1.000000
2026-01-08 19:39:08,328 - INFO: Validation ROC-AUC: 0.897247
2026-01-08 19:39:21,932 - INFO: Evaluating at iteration 40787
2026-01-08 19:39:23,211 - INFO: Loss: 0.079112
2026-01-08 19:39:23,211 - INFO: Training ROC-AUC: 0.994286
2026-01-08 19:39:23,211 - INFO: Validation ROC-AUC: 0.896647
2026-01-08 19:39:36,485 - INFO: Evaluating at iteration 41287
2026-01-08 19:39:37,772 - INFO: Loss: 0.012244
2026-01-08 19:39:37,772 - INFO: Training ROC-AUC: 1.000000
2026-01-08 19:39:37,772 - INFO: Validation ROC-AUC: 0.895785
2026-01-08 19:39:51,445 - INFO: Evaluating at iteration 41787
2026-01-08 19:39:52,719 - INFO: Loss: 0.047456
2026-01-08 19:39:52,719 - INFO: Training ROC-AUC: 1.000000
2026-01-08 19:39:52,719 - INFO: Validation ROC-AUC: 0.895976
2026-01-08 19:39:55,287 - INFO: Starting epoch 21
2026-01-08 19:39:55,315 - INFO: Evaluating at iteration 41881
2026-01-08 19:39:56,586 - INFO: Loss: 0.046367
2026-01-08 19:39:56,586 - INFO: Training ROC-AUC: 1.000000
2026-01-08 19:39:56,586 - INFO: Validation ROC-AUC: 0.896597
2026-01-08 19:40:10,213 - INFO: Evaluating at iteration 42381
2026-01-08 19:40:11,478 - INFO: Loss: 0.071150
2026-01-08 19:40:11,478 - INFO: Training ROC-AUC: 0.992593
2026-01-08 19:40:11,478 - INFO: Validation ROC-AUC: 0.895765
2026-01-08 19:40:25,222 - INFO: Evaluating at iteration 42881
2026-01-08 19:40:26,490 - INFO: Loss: 0.102137
2026-01-08 19:40:26,490 - INFO: Training ROC-AUC: 0.988571
2026-01-08 19:40:26,490 - INFO: Validation ROC-AUC: 0.896066
2026-01-08 19:40:40,027 - INFO: Evaluating at iteration 43381
2026-01-08 19:40:41,301 - INFO: Loss: 0.216909
2026-01-08 19:40:41,301 - INFO: Training ROC-AUC: 0.953125
2026-01-08 19:40:41,301 - INFO: Validation ROC-AUC: 0.895476
2026-01-08 19:40:54,880 - INFO: Evaluating at iteration 43881
2026-01-08 19:40:56,144 - INFO: Loss: 0.023163
2026-01-08 19:40:56,145 - INFO: Training ROC-AUC: 1.000000
2026-01-08 19:40:56,145 - INFO: Validation ROC-AUC: 0.895739
2026-01-08 19:40:58,714 - INFO: Starting epoch 22
2026-01-08 19:40:58,743 - INFO: Evaluating at iteration 43975
2026-01-08 19:40:59,996 - INFO: Loss: 0.046304
2026-01-08 19:40:59,996 - INFO: Training ROC-AUC: 1.000000
2026-01-08 19:40:59,996 - INFO: Validation ROC-AUC: 0.895739
2026-01-08 19:41:13,502 - INFO: Evaluating at iteration 44475
2026-01-08 19:41:14,768 - INFO: Loss: 0.025076
2026-01-08 19:41:14,768 - INFO: Training ROC-AUC: 1.000000
2026-01-08 19:41:14,768 - INFO: Validation ROC-AUC: 0.894979
2026-01-08 19:41:28,527 - INFO: Evaluating at iteration 44975
2026-01-08 19:41:29,790 - INFO: Loss: 0.078629
2026-01-08 19:41:29,790 - INFO: Training ROC-AUC: 1.000000
2026-01-08 19:41:29,790 - INFO: Validation ROC-AUC: 0.894937
2026-01-08 19:41:43,441 - INFO: Evaluating at iteration 45475
2026-01-08 19:41:44,709 - INFO: Loss: 0.089566
2026-01-08 19:41:44,710 - INFO: Training ROC-AUC: 0.995169
2026-01-08 19:41:44,710 - INFO: Validation ROC-AUC: 0.894224
2026-01-08 19:41:58,111 - INFO: Evaluating at iteration 45975
2026-01-08 19:41:59,380 - INFO: Loss: 0.129027
2026-01-08 19:41:59,380 - INFO: Training ROC-AUC: 1.000000
2026-01-08 19:41:59,380 - INFO: Validation ROC-AUC: 0.894961
2026-01-08 19:42:01,948 - INFO: Starting epoch 23
2026-01-08 19:42:01,976 - INFO: Evaluating at iteration 46069
2026-01-08 19:42:03,236 - INFO: Loss: 0.096068
2026-01-08 19:42:03,236 - INFO: Training ROC-AUC: 0.982143
2026-01-08 19:42:03,236 - INFO: Validation ROC-AUC: 0.894926
2026-01-08 19:42:16,728 - INFO: Evaluating at iteration 46569
2026-01-08 19:42:18,003 - INFO: Loss: 0.032945
2026-01-08 19:42:18,004 - INFO: Training ROC-AUC: 1.000000
2026-01-08 19:42:18,004 - INFO: Validation ROC-AUC: 0.894457
2026-01-08 19:42:31,436 - INFO: Evaluating at iteration 47069
2026-01-08 19:42:32,712 - INFO: Loss: 0.021087
2026-01-08 19:42:32,712 - INFO: Training ROC-AUC: 1.000000
2026-01-08 19:42:32,712 - INFO: Validation ROC-AUC: 0.895563
2026-01-08 19:42:46,306 - INFO: Evaluating at iteration 47569
2026-01-08 19:42:47,572 - INFO: Loss: 0.028378
2026-01-08 19:42:47,572 - INFO: Training ROC-AUC: 1.000000
2026-01-08 19:42:47,572 - INFO: Validation ROC-AUC: 0.894334
2026-01-08 19:43:01,224 - INFO: Evaluating at iteration 48069
2026-01-08 19:43:02,492 - INFO: Loss: 0.024061
2026-01-08 19:43:02,492 - INFO: Training ROC-AUC: 1.000000
2026-01-08 19:43:02,492 - INFO: Validation ROC-AUC: 0.894118
2026-01-08 19:43:05,117 - INFO: Starting epoch 24
2026-01-08 19:43:05,142 - INFO: Evaluating at iteration 48163
2026-01-08 19:43:06,435 - INFO: Loss: 0.022833
2026-01-08 19:43:06,435 - INFO: Training ROC-AUC: 1.000000
2026-01-08 19:43:06,435 - INFO: Validation ROC-AUC: 0.893616
2026-01-08 19:43:20,295 - INFO: Evaluating at iteration 48663
2026-01-08 19:43:21,567 - INFO: Loss: 0.003711
2026-01-08 19:43:21,567 - INFO: Training ROC-AUC: 1.000000
2026-01-08 19:43:21,567 - INFO: Validation ROC-AUC: 0.894801
2026-01-08 19:43:35,221 - INFO: Evaluating at iteration 49163
2026-01-08 19:43:36,486 - INFO: Loss: 0.027440
2026-01-08 19:43:36,486 - INFO: Training ROC-AUC: 1.000000
2026-01-08 19:43:36,486 - INFO: Validation ROC-AUC: 0.894757
2026-01-08 19:43:50,158 - INFO: Evaluating at iteration 49663
2026-01-08 19:43:51,427 - INFO: Loss: 0.059478
2026-01-08 19:43:51,427 - INFO: Training ROC-AUC: 1.000000
2026-01-08 19:43:51,427 - INFO: Validation ROC-AUC: 0.896198
2026-01-08 19:44:04,958 - INFO: Evaluating at iteration 50163
2026-01-08 19:44:06,232 - INFO: Loss: 0.013123
2026-01-08 19:44:06,232 - INFO: Training ROC-AUC: 1.000000
2026-01-08 19:44:06,232 - INFO: Validation ROC-AUC: 0.894637
2026-01-08 19:44:08,757 - INFO: Starting epoch 25
2026-01-08 19:44:08,786 - INFO: Evaluating at iteration 50257
2026-01-08 19:44:09,973 - INFO: Loss: 0.026362
2026-01-08 19:44:09,973 - INFO: Training ROC-AUC: 1.000000
2026-01-08 19:44:09,973 - INFO: Validation ROC-AUC: 0.894447
2026-01-08 19:44:22,500 - INFO: Evaluating at iteration 50757
2026-01-08 19:44:23,771 - INFO: Loss: 0.005293
2026-01-08 19:44:23,771 - INFO: Training ROC-AUC: 1.000000
2026-01-08 19:44:23,771 - INFO: Validation ROC-AUC: 0.895184
2026-01-08 19:44:36,355 - INFO: Evaluating at iteration 51257
2026-01-08 19:44:37,512 - INFO: Loss: 0.020985
2026-01-08 19:44:37,512 - INFO: Training ROC-AUC: 1.000000
2026-01-08 19:44:37,512 - INFO: Validation ROC-AUC: 0.895033
2026-01-08 19:44:50,121 - INFO: Evaluating at iteration 51757
2026-01-08 19:44:51,282 - INFO: Loss: 0.046683
2026-01-08 19:44:51,282 - INFO: Training ROC-AUC: 1.000000
2026-01-08 19:44:51,282 - INFO: Validation ROC-AUC: 0.894551
2026-01-08 19:45:03,946 - INFO: Evaluating at iteration 52257
2026-01-08 19:45:05,161 - INFO: Loss: 0.041455
2026-01-08 19:45:05,164 - INFO: Training ROC-AUC: 1.000000
2026-01-08 19:45:05,164 - INFO: Validation ROC-AUC: 0.895436
2026-01-08 19:45:07,469 - INFO: Saving model to models/TCRStructMap_random_split_sequence_only/model_5.pt
