2025-05-23 13:32:45,692 - INFO: Parameter: training_data='data/processed/sequences_pMHC_split.h5'
2025-05-23 13:32:45,693 - INFO: Parameter: contact_maps='data/processed/contact_maps.h5'
2025-05-23 13:32:45,693 - INFO: Parameter: output='models/TCRStructMap_pMHC_split_cdrs_mhc_pseudo'
2025-05-23 13:32:45,693 - INFO: Parameter: seed=123
2025-05-23 13:32:45,693 - INFO: Parameter: features_to_include=['cdr1_alpha', 'cdr2_alpha', 'cdr3_alpha', 'cdr1_beta', 'cdr2_beta', 'cdr3_beta', 'mhc_pseudo']
2025-05-23 13:32:45,693 - INFO: Parameter: cdr1_alpha_length=8
2025-05-23 13:32:45,693 - INFO: Parameter: cdr2_alpha_length=8
2025-05-23 13:32:45,693 - INFO: Parameter: cdr3_alpha_length=24
2025-05-23 13:32:45,693 - INFO: Parameter: cdr1_beta_length=8
2025-05-23 13:32:45,693 - INFO: Parameter: cdr2_beta_length=8
2025-05-23 13:32:45,693 - INFO: Parameter: cdr3_beta_length=24
2025-05-23 13:32:45,693 - INFO: Parameter: peptide_length=12
2025-05-23 13:32:45,693 - INFO: Parameter: mhc_pseudo_length=26
2025-05-23 13:32:45,693 - INFO: Parameter: batch_size=32
2025-05-23 13:32:45,693 - INFO: Parameter: num_epochs=25
2025-05-23 13:32:45,693 - INFO: Parameter: learning_rate=0.001
2025-05-23 13:32:45,693 - INFO: Parameter: drop_out_rate=0.2
2025-05-23 13:32:45,694 - INFO: Parameter: learn_contact_maps=False
2025-05-23 13:32:45,694 - INFO: Parameter: checkpoint_interval=1000
2025-05-23 13:32:45,694 - INFO: Parameter: eval_interval=500
2025-05-23 13:32:45,694 - INFO: Parameter: eval_batch_size=1000
2025-05-23 13:32:45,694 - INFO: Parameter: log_level='info'
2025-05-23 13:32:45,694 - INFO: Parameter: log_file='data/logs/train_TCRStructMap_pMHC_split_cdrs_mhc_pseudo.log'
2025-05-23 13:32:45,694 - INFO: Setting random seed to 123
2025-05-23 13:32:45,801 - INFO: Loading contact maps from data/processed/contact_maps.h5
2025-05-23 13:32:45,862 - INFO: Loading training data from data/processed/sequences_pMHC_split.h5
2025-05-23 13:32:49,481 - INFO: Creating models/TCRStructMap_pMHC_split_cdrs_mhc_pseudo
2025-05-23 13:32:49,482 - INFO: Starting fold 1
2025-05-23 13:32:49,493 - INFO: Initialising model
2025-05-23 13:33:10,609 - INFO: Starting training
2025-05-23 13:33:10,610 - INFO: Starting epoch 1
2025-05-23 13:33:10,975 - INFO: Evaluating at iteration 1
2025-05-23 13:33:11,066 - INFO: Loss: 0.691197
2025-05-23 13:33:11,066 - INFO: Training ROC-AUC: 0.696296
2025-05-23 13:33:11,066 - INFO: Validation ROC-AUC: 0.533718
2025-05-23 13:33:21,383 - INFO: Evaluating at iteration 501
2025-05-23 13:33:21,464 - INFO: Loss: 0.330918
2025-05-23 13:33:21,465 - INFO: Training ROC-AUC: 0.344828
2025-05-23 13:33:21,465 - INFO: Validation ROC-AUC: 0.426994
2025-05-23 13:33:32,081 - INFO: Evaluating at iteration 1001
2025-05-23 13:33:32,159 - INFO: Loss: 0.434342
2025-05-23 13:33:32,159 - INFO: Training ROC-AUC: 0.596154
2025-05-23 13:33:32,160 - INFO: Validation ROC-AUC: 0.439047
2025-05-23 13:33:42,609 - INFO: Evaluating at iteration 1501
2025-05-23 13:33:42,682 - INFO: Loss: 0.576087
2025-05-23 13:33:42,682 - INFO: Training ROC-AUC: 0.608696
2025-05-23 13:33:42,682 - INFO: Validation ROC-AUC: 0.490844
2025-05-23 13:33:53,039 - INFO: Evaluating at iteration 2001
2025-05-23 13:33:53,120 - INFO: Loss: 0.241581
2025-05-23 13:33:53,120 - INFO: Training ROC-AUC: 0.838710
2025-05-23 13:33:53,121 - INFO: Validation ROC-AUC: 0.544317
2025-05-23 13:34:03,578 - INFO: Evaluating at iteration 2501
2025-05-23 13:34:03,654 - INFO: Loss: 0.382761
2025-05-23 13:34:03,654 - INFO: Training ROC-AUC: 0.705128
2025-05-23 13:34:03,654 - INFO: Validation ROC-AUC: 0.598325
2025-05-23 13:34:05,408 - INFO: Starting epoch 2
2025-05-23 13:34:05,431 - INFO: Evaluating at iteration 2586
2025-05-23 13:34:05,506 - INFO: Loss: 0.209318
2025-05-23 13:34:05,506 - INFO: Training ROC-AUC: 0.896552
2025-05-23 13:34:05,506 - INFO: Validation ROC-AUC: 0.591631
2025-05-23 13:34:15,966 - INFO: Evaluating at iteration 3086
2025-05-23 13:34:16,043 - INFO: Loss: 0.444600
2025-05-23 13:34:16,043 - INFO: Training ROC-AUC: 0.628571
2025-05-23 13:34:16,043 - INFO: Validation ROC-AUC: 0.574136
2025-05-23 13:34:26,425 - INFO: Evaluating at iteration 3586
2025-05-23 13:34:26,500 - INFO: Loss: 0.375417
2025-05-23 13:34:26,500 - INFO: Training ROC-AUC: 0.674074
2025-05-23 13:34:26,500 - INFO: Validation ROC-AUC: 0.526083
2025-05-23 13:34:36,937 - INFO: Evaluating at iteration 4086
2025-05-23 13:34:37,016 - INFO: Loss: 0.386154
2025-05-23 13:34:37,016 - INFO: Training ROC-AUC: 0.673077
2025-05-23 13:34:37,016 - INFO: Validation ROC-AUC: 0.557711
2025-05-23 13:34:47,405 - INFO: Evaluating at iteration 4586
2025-05-23 13:34:47,477 - INFO: Loss: 0.342820
2025-05-23 13:34:47,477 - INFO: Training ROC-AUC: 0.866667
2025-05-23 13:34:47,477 - INFO: Validation ROC-AUC: 0.604078
2025-05-23 13:34:57,894 - INFO: Evaluating at iteration 5086
2025-05-23 13:34:57,969 - INFO: Loss: 0.311967
2025-05-23 13:34:57,969 - INFO: Training ROC-AUC: 0.785714
2025-05-23 13:34:57,969 - INFO: Validation ROC-AUC: 0.632042
2025-05-23 13:34:59,719 - INFO: Starting epoch 3
2025-05-23 13:34:59,741 - INFO: Evaluating at iteration 5171
2025-05-23 13:34:59,815 - INFO: Loss: 0.173997
2025-05-23 13:34:59,815 - INFO: Training ROC-AUC: 0.516129
2025-05-23 13:34:59,815 - INFO: Validation ROC-AUC: 0.638560
2025-05-23 13:35:10,259 - INFO: Evaluating at iteration 5671
2025-05-23 13:35:10,334 - INFO: Loss: 0.308302
2025-05-23 13:35:10,334 - INFO: Training ROC-AUC: 0.767857
2025-05-23 13:35:10,334 - INFO: Validation ROC-AUC: 0.616415
2025-05-23 13:35:20,798 - INFO: Evaluating at iteration 6171
2025-05-23 13:35:20,875 - INFO: Loss: 0.340009
2025-05-23 13:35:20,875 - INFO: Training ROC-AUC: 0.800000
2025-05-23 13:35:20,875 - INFO: Validation ROC-AUC: 0.602224
2025-05-23 13:35:31,387 - INFO: Evaluating at iteration 6671
2025-05-23 13:35:31,460 - INFO: Loss: 0.317799
2025-05-23 13:35:31,460 - INFO: Training ROC-AUC: 0.801282
2025-05-23 13:35:31,460 - INFO: Validation ROC-AUC: 0.547478
2025-05-23 13:35:41,962 - INFO: Evaluating at iteration 7171
2025-05-23 13:35:42,038 - INFO: Loss: 0.436614
2025-05-23 13:35:42,038 - INFO: Training ROC-AUC: 0.845411
2025-05-23 13:35:42,038 - INFO: Validation ROC-AUC: 0.619406
2025-05-23 13:35:52,555 - INFO: Evaluating at iteration 7671
2025-05-23 13:35:52,631 - INFO: Loss: 0.795121
2025-05-23 13:35:52,631 - INFO: Training ROC-AUC: 0.690196
2025-05-23 13:35:52,631 - INFO: Validation ROC-AUC: 0.638142
2025-05-23 13:35:54,401 - INFO: Starting epoch 4
2025-05-23 13:35:54,424 - INFO: Evaluating at iteration 7756
2025-05-23 13:35:54,500 - INFO: Loss: 0.391697
2025-05-23 13:35:54,500 - INFO: Training ROC-AUC: 0.833333
2025-05-23 13:35:54,500 - INFO: Validation ROC-AUC: 0.637221
2025-05-23 13:36:05,104 - INFO: Evaluating at iteration 8256
2025-05-23 13:36:05,181 - INFO: Loss: 0.269731
2025-05-23 13:36:05,182 - INFO: Training ROC-AUC: 0.701149
2025-05-23 13:36:05,182 - INFO: Validation ROC-AUC: 0.633923
2025-05-23 13:36:15,823 - INFO: Evaluating at iteration 8756
2025-05-23 13:36:15,898 - INFO: Loss: 0.290616
2025-05-23 13:36:15,898 - INFO: Training ROC-AUC: 0.919643
2025-05-23 13:36:15,899 - INFO: Validation ROC-AUC: 0.612620
2025-05-23 13:36:26,455 - INFO: Evaluating at iteration 9256
2025-05-23 13:36:26,530 - INFO: Loss: 0.205261
2025-05-23 13:36:26,531 - INFO: Training ROC-AUC: 0.783333
2025-05-23 13:36:26,531 - INFO: Validation ROC-AUC: 0.588758
2025-05-23 13:36:37,234 - INFO: Evaluating at iteration 9756
2025-05-23 13:36:37,310 - INFO: Loss: 0.259893
2025-05-23 13:36:37,310 - INFO: Training ROC-AUC: 0.964286
2025-05-23 13:36:37,310 - INFO: Validation ROC-AUC: 0.624225
2025-05-23 13:36:47,873 - INFO: Evaluating at iteration 10256
2025-05-23 13:36:47,949 - INFO: Loss: 0.484904
2025-05-23 13:36:47,949 - INFO: Training ROC-AUC: 0.845411
2025-05-23 13:36:47,949 - INFO: Validation ROC-AUC: 0.623220
2025-05-23 13:36:49,732 - INFO: Starting epoch 5
2025-05-23 13:36:49,754 - INFO: Evaluating at iteration 10341
2025-05-23 13:36:49,832 - INFO: Loss: 0.259389
2025-05-23 13:36:49,833 - INFO: Training ROC-AUC: 0.883929
2025-05-23 13:36:49,833 - INFO: Validation ROC-AUC: 0.600839
2025-05-23 13:37:00,359 - INFO: Evaluating at iteration 10841
2025-05-23 13:37:00,433 - INFO: Loss: 0.307232
2025-05-23 13:37:00,433 - INFO: Training ROC-AUC: 0.785714
2025-05-23 13:37:00,433 - INFO: Validation ROC-AUC: 0.620405
2025-05-23 13:37:10,981 - INFO: Evaluating at iteration 11341
2025-05-23 13:37:11,053 - INFO: Loss: 0.464074
2025-05-23 13:37:11,053 - INFO: Training ROC-AUC: 0.788462
2025-05-23 13:37:11,054 - INFO: Validation ROC-AUC: 0.582090
2025-05-23 13:37:21,679 - INFO: Evaluating at iteration 11841
2025-05-23 13:37:21,755 - INFO: Loss: 0.209253
2025-05-23 13:37:21,755 - INFO: Training ROC-AUC: 0.516129
2025-05-23 13:37:21,755 - INFO: Validation ROC-AUC: 0.599259
2025-05-23 13:37:32,414 - INFO: Evaluating at iteration 12341
2025-05-23 13:37:32,490 - INFO: Loss: 0.450054
2025-05-23 13:37:32,490 - INFO: Training ROC-AUC: 0.737143
2025-05-23 13:37:32,490 - INFO: Validation ROC-AUC: 0.590462
2025-05-23 13:37:43,145 - INFO: Evaluating at iteration 12841
2025-05-23 13:37:43,225 - INFO: Loss: 0.413222
2025-05-23 13:37:43,225 - INFO: Training ROC-AUC: 0.782051
2025-05-23 13:37:43,225 - INFO: Validation ROC-AUC: 0.545486
2025-05-23 13:37:45,002 - INFO: Starting epoch 6
2025-05-23 13:37:45,025 - INFO: Evaluating at iteration 12926
2025-05-23 13:37:45,099 - INFO: Loss: 0.389774
2025-05-23 13:37:45,099 - INFO: Training ROC-AUC: 0.895833
2025-05-23 13:37:45,099 - INFO: Validation ROC-AUC: 0.559363
2025-05-23 13:37:55,730 - INFO: Evaluating at iteration 13426
2025-05-23 13:37:55,805 - INFO: Loss: 0.179965
2025-05-23 13:37:55,805 - INFO: Training ROC-AUC: nan
2025-05-23 13:37:55,805 - INFO: Validation ROC-AUC: 0.551644
2025-05-23 13:38:06,362 - INFO: Evaluating at iteration 13926
2025-05-23 13:38:06,439 - INFO: Loss: 0.506772
2025-05-23 13:38:06,439 - INFO: Training ROC-AUC: 0.674286
2025-05-23 13:38:06,439 - INFO: Validation ROC-AUC: 0.589012
2025-05-23 13:38:17,006 - INFO: Evaluating at iteration 14426
2025-05-23 13:38:17,079 - INFO: Loss: 0.349653
2025-05-23 13:38:17,079 - INFO: Training ROC-AUC: 0.891429
2025-05-23 13:38:17,079 - INFO: Validation ROC-AUC: 0.582965
2025-05-23 13:38:27,608 - INFO: Evaluating at iteration 14926
2025-05-23 13:38:27,685 - INFO: Loss: 0.218952
2025-05-23 13:38:27,685 - INFO: Training ROC-AUC: 0.645161
2025-05-23 13:38:27,685 - INFO: Validation ROC-AUC: 0.556816
2025-05-23 13:38:38,236 - INFO: Evaluating at iteration 15426
2025-05-23 13:38:38,313 - INFO: Loss: 0.310651
2025-05-23 13:38:38,314 - INFO: Training ROC-AUC: 0.881481
2025-05-23 13:38:38,314 - INFO: Validation ROC-AUC: 0.563334
2025-05-23 13:38:40,078 - INFO: Starting epoch 7
2025-05-23 13:38:40,101 - INFO: Evaluating at iteration 15511
2025-05-23 13:38:40,174 - INFO: Loss: 0.310940
2025-05-23 13:38:40,174 - INFO: Training ROC-AUC: 0.884615
2025-05-23 13:38:40,174 - INFO: Validation ROC-AUC: 0.570269
2025-05-23 13:38:50,830 - INFO: Evaluating at iteration 16011
2025-05-23 13:38:50,905 - INFO: Loss: 0.266953
2025-05-23 13:38:50,905 - INFO: Training ROC-AUC: 0.821429
2025-05-23 13:38:50,905 - INFO: Validation ROC-AUC: 0.557064
2025-05-23 13:39:01,459 - INFO: Evaluating at iteration 16511
2025-05-23 13:39:01,534 - INFO: Loss: 0.503846
2025-05-23 13:39:01,534 - INFO: Training ROC-AUC: 0.656250
2025-05-23 13:39:01,534 - INFO: Validation ROC-AUC: 0.543553
2025-05-23 13:39:12,101 - INFO: Evaluating at iteration 17011
2025-05-23 13:39:12,176 - INFO: Loss: 0.468735
2025-05-23 13:39:12,177 - INFO: Training ROC-AUC: 0.848958
2025-05-23 13:39:12,177 - INFO: Validation ROC-AUC: 0.536891
2025-05-23 13:39:22,722 - INFO: Evaluating at iteration 17511
2025-05-23 13:39:22,796 - INFO: Loss: 0.213368
2025-05-23 13:39:22,796 - INFO: Training ROC-AUC: 0.741935
2025-05-23 13:39:22,796 - INFO: Validation ROC-AUC: 0.559866
2025-05-23 13:39:33,360 - INFO: Evaluating at iteration 18011
2025-05-23 13:39:33,436 - INFO: Loss: 0.322759
2025-05-23 13:39:33,437 - INFO: Training ROC-AUC: 0.878205
2025-05-23 13:39:33,437 - INFO: Validation ROC-AUC: 0.579125
2025-05-23 13:39:35,213 - INFO: Starting epoch 8
2025-05-23 13:39:35,236 - INFO: Evaluating at iteration 18096
2025-05-23 13:39:35,310 - INFO: Loss: 0.255400
2025-05-23 13:39:35,310 - INFO: Training ROC-AUC: 0.910714
2025-05-23 13:39:35,310 - INFO: Validation ROC-AUC: 0.571112
2025-05-23 13:39:45,973 - INFO: Evaluating at iteration 18596
2025-05-23 13:39:46,049 - INFO: Loss: 0.342517
2025-05-23 13:39:46,049 - INFO: Training ROC-AUC: 0.829630
2025-05-23 13:39:46,050 - INFO: Validation ROC-AUC: 0.585995
2025-05-23 13:39:56,684 - INFO: Evaluating at iteration 19096
2025-05-23 13:39:56,766 - INFO: Loss: 0.437794
2025-05-23 13:39:56,766 - INFO: Training ROC-AUC: 0.822917
2025-05-23 13:39:56,766 - INFO: Validation ROC-AUC: 0.553760
2025-05-23 13:40:07,325 - INFO: Evaluating at iteration 19596
2025-05-23 13:40:07,401 - INFO: Loss: 0.376110
2025-05-23 13:40:07,401 - INFO: Training ROC-AUC: 0.598214
2025-05-23 13:40:07,401 - INFO: Validation ROC-AUC: 0.564882
2025-05-23 13:40:17,960 - INFO: Evaluating at iteration 20096
2025-05-23 13:40:18,039 - INFO: Loss: 0.255328
2025-05-23 13:40:18,040 - INFO: Training ROC-AUC: 0.804598
2025-05-23 13:40:18,040 - INFO: Validation ROC-AUC: 0.536950
2025-05-23 13:40:28,606 - INFO: Evaluating at iteration 20596
2025-05-23 13:40:28,686 - INFO: Loss: 0.355053
2025-05-23 13:40:28,686 - INFO: Training ROC-AUC: 0.651786
2025-05-23 13:40:28,686 - INFO: Validation ROC-AUC: 0.560121
2025-05-23 13:40:30,465 - INFO: Starting epoch 9
2025-05-23 13:40:30,488 - INFO: Evaluating at iteration 20681
2025-05-23 13:40:30,561 - INFO: Loss: 0.169950
2025-05-23 13:40:30,561 - INFO: Training ROC-AUC: 0.950000
2025-05-23 13:40:30,561 - INFO: Validation ROC-AUC: 0.543742
2025-05-23 13:40:41,139 - INFO: Evaluating at iteration 21181
2025-05-23 13:40:41,213 - INFO: Loss: 0.234988
2025-05-23 13:40:41,213 - INFO: Training ROC-AUC: 0.933333
2025-05-23 13:40:41,213 - INFO: Validation ROC-AUC: 0.554531
2025-05-23 13:40:51,801 - INFO: Evaluating at iteration 21681
2025-05-23 13:40:51,875 - INFO: Loss: 0.333662
2025-05-23 13:40:51,875 - INFO: Training ROC-AUC: 0.777778
2025-05-23 13:40:51,875 - INFO: Validation ROC-AUC: 0.558658
2025-05-23 13:41:02,451 - INFO: Evaluating at iteration 22181
2025-05-23 13:41:02,524 - INFO: Loss: 0.170291
2025-05-23 13:41:02,524 - INFO: Training ROC-AUC: 1.000000
2025-05-23 13:41:02,524 - INFO: Validation ROC-AUC: 0.556777
2025-05-23 13:41:13,157 - INFO: Evaluating at iteration 22681
2025-05-23 13:41:13,235 - INFO: Loss: 0.215063
2025-05-23 13:41:13,236 - INFO: Training ROC-AUC: 0.908046
2025-05-23 13:41:13,236 - INFO: Validation ROC-AUC: 0.537982
2025-05-23 13:41:23,837 - INFO: Evaluating at iteration 23181
2025-05-23 13:41:23,911 - INFO: Loss: 0.352950
2025-05-23 13:41:23,911 - INFO: Training ROC-AUC: 0.914286
2025-05-23 13:41:23,911 - INFO: Validation ROC-AUC: 0.556790
2025-05-23 13:41:25,734 - INFO: Starting epoch 10
2025-05-23 13:41:25,757 - INFO: Evaluating at iteration 23266
2025-05-23 13:41:25,832 - INFO: Loss: 0.235283
2025-05-23 13:41:25,832 - INFO: Training ROC-AUC: 0.919643
2025-05-23 13:41:25,832 - INFO: Validation ROC-AUC: 0.557143
2025-05-23 13:41:36,445 - INFO: Evaluating at iteration 23766
2025-05-23 13:41:36,519 - INFO: Loss: 0.393267
2025-05-23 13:41:36,519 - INFO: Training ROC-AUC: 0.775641
2025-05-23 13:41:36,519 - INFO: Validation ROC-AUC: 0.552376
2025-05-23 13:41:47,136 - INFO: Evaluating at iteration 24266
2025-05-23 13:41:47,209 - INFO: Loss: 0.308360
2025-05-23 13:41:47,209 - INFO: Training ROC-AUC: 0.891026
2025-05-23 13:41:47,209 - INFO: Validation ROC-AUC: 0.513571
2025-05-23 13:41:57,847 - INFO: Evaluating at iteration 24766
2025-05-23 13:41:57,922 - INFO: Loss: 0.247335
2025-05-23 13:41:57,922 - INFO: Training ROC-AUC: 0.928571
2025-05-23 13:41:57,923 - INFO: Validation ROC-AUC: 0.547706
2025-05-23 13:42:08,509 - INFO: Evaluating at iteration 25266
2025-05-23 13:42:08,586 - INFO: Loss: 0.506021
2025-05-23 13:42:08,586 - INFO: Training ROC-AUC: 0.820833
2025-05-23 13:42:08,586 - INFO: Validation ROC-AUC: 0.563569
2025-05-23 13:42:19,326 - INFO: Evaluating at iteration 25766
2025-05-23 13:42:19,402 - INFO: Loss: 0.307914
2025-05-23 13:42:19,402 - INFO: Training ROC-AUC: 0.776786
2025-05-23 13:42:19,402 - INFO: Validation ROC-AUC: 0.554511
2025-05-23 13:42:21,231 - INFO: Starting epoch 11
2025-05-23 13:42:21,254 - INFO: Evaluating at iteration 25851
2025-05-23 13:42:21,328 - INFO: Loss: 0.406436
2025-05-23 13:42:21,328 - INFO: Training ROC-AUC: 0.562500
2025-05-23 13:42:21,328 - INFO: Validation ROC-AUC: 0.550919
2025-05-23 13:42:32,021 - INFO: Evaluating at iteration 26351
2025-05-23 13:42:32,097 - INFO: Loss: 0.457174
2025-05-23 13:42:32,097 - INFO: Training ROC-AUC: 0.811594
2025-05-23 13:42:32,097 - INFO: Validation ROC-AUC: 0.536565
2025-05-23 13:42:42,823 - INFO: Evaluating at iteration 26851
2025-05-23 13:42:42,900 - INFO: Loss: 0.206852
2025-05-23 13:42:42,900 - INFO: Training ROC-AUC: 0.839080
2025-05-23 13:42:42,901 - INFO: Validation ROC-AUC: 0.559461
2025-05-23 13:42:53,509 - INFO: Evaluating at iteration 27351
2025-05-23 13:42:53,582 - INFO: Loss: 0.277832
2025-05-23 13:42:53,583 - INFO: Training ROC-AUC: 0.918519
2025-05-23 13:42:53,583 - INFO: Validation ROC-AUC: 0.554629
2025-05-23 13:43:04,330 - INFO: Evaluating at iteration 27851
2025-05-23 13:43:04,409 - INFO: Loss: 0.336037
2025-05-23 13:43:04,409 - INFO: Training ROC-AUC: 0.829630
2025-05-23 13:43:04,409 - INFO: Validation ROC-AUC: 0.552807
2025-05-23 13:43:15,191 - INFO: Evaluating at iteration 28351
2025-05-23 13:43:15,264 - INFO: Loss: 0.210948
2025-05-23 13:43:15,264 - INFO: Training ROC-AUC: 0.954023
2025-05-23 13:43:15,264 - INFO: Validation ROC-AUC: 0.555589
2025-05-23 13:43:17,069 - INFO: Starting epoch 12
2025-05-23 13:43:17,092 - INFO: Evaluating at iteration 28436
2025-05-23 13:43:17,170 - INFO: Loss: 0.175453
2025-05-23 13:43:17,170 - INFO: Training ROC-AUC: 0.954023
2025-05-23 13:43:17,170 - INFO: Validation ROC-AUC: 0.551651
2025-05-23 13:43:27,911 - INFO: Evaluating at iteration 28936
2025-05-23 13:43:27,985 - INFO: Loss: 0.442471
2025-05-23 13:43:27,985 - INFO: Training ROC-AUC: 0.660256
2025-05-23 13:43:27,985 - INFO: Validation ROC-AUC: 0.545492
2025-05-23 13:43:38,822 - INFO: Evaluating at iteration 29436
2025-05-23 13:43:38,902 - INFO: Loss: 0.405719
2025-05-23 13:43:38,902 - INFO: Training ROC-AUC: 0.794286
2025-05-23 13:43:38,902 - INFO: Validation ROC-AUC: 0.552297
2025-05-23 13:43:49,803 - INFO: Evaluating at iteration 29936
2025-05-23 13:43:49,883 - INFO: Loss: 0.331707
2025-05-23 13:43:49,883 - INFO: Training ROC-AUC: 0.723214
2025-05-23 13:43:49,883 - INFO: Validation ROC-AUC: 0.545074
2025-05-23 13:44:00,502 - INFO: Evaluating at iteration 30436
2025-05-23 13:44:00,576 - INFO: Loss: 0.210882
2025-05-23 13:44:00,576 - INFO: Training ROC-AUC: 0.991071
2025-05-23 13:44:00,576 - INFO: Validation ROC-AUC: 0.526220
2025-05-23 13:44:11,264 - INFO: Evaluating at iteration 30936
2025-05-23 13:44:11,340 - INFO: Loss: 0.250504
2025-05-23 13:44:11,340 - INFO: Training ROC-AUC: 0.910714
2025-05-23 13:44:11,340 - INFO: Validation ROC-AUC: 0.550162
2025-05-23 13:44:13,184 - INFO: Starting epoch 13
2025-05-23 13:44:13,207 - INFO: Evaluating at iteration 31021
2025-05-23 13:44:13,282 - INFO: Loss: 0.205429
2025-05-23 13:44:13,282 - INFO: Training ROC-AUC: 0.954023
2025-05-23 13:44:13,282 - INFO: Validation ROC-AUC: 0.556385
2025-05-23 13:44:23,911 - INFO: Evaluating at iteration 31521
2025-05-23 13:44:23,985 - INFO: Loss: 0.356025
2025-05-23 13:44:23,985 - INFO: Training ROC-AUC: 0.732143
2025-05-23 13:44:23,985 - INFO: Validation ROC-AUC: 0.551585
2025-05-23 13:44:34,618 - INFO: Evaluating at iteration 32021
2025-05-23 13:44:34,690 - INFO: Loss: 0.246746
2025-05-23 13:44:34,690 - INFO: Training ROC-AUC: 0.883929
2025-05-23 13:44:34,690 - INFO: Validation ROC-AUC: 0.549502
2025-05-23 13:44:45,402 - INFO: Evaluating at iteration 32521
2025-05-23 13:44:45,482 - INFO: Loss: 0.270458
2025-05-23 13:44:45,482 - INFO: Training ROC-AUC: 0.974359
2025-05-23 13:44:45,482 - INFO: Validation ROC-AUC: 0.551089
2025-05-23 13:44:56,160 - INFO: Evaluating at iteration 33021
2025-05-23 13:44:56,233 - INFO: Loss: 0.434590
2025-05-23 13:44:56,233 - INFO: Training ROC-AUC: 0.765714
2025-05-23 13:44:56,233 - INFO: Validation ROC-AUC: 0.547967
2025-05-23 13:45:06,885 - INFO: Evaluating at iteration 33521
2025-05-23 13:45:06,963 - INFO: Loss: 0.353321
2025-05-23 13:45:06,963 - INFO: Training ROC-AUC: 0.785185
2025-05-23 13:45:06,963 - INFO: Validation ROC-AUC: 0.543860
2025-05-23 13:45:08,747 - INFO: Starting epoch 14
2025-05-23 13:45:08,769 - INFO: Evaluating at iteration 33606
2025-05-23 13:45:08,842 - INFO: Loss: 0.363585
2025-05-23 13:45:08,842 - INFO: Training ROC-AUC: 0.733333
2025-05-23 13:45:08,842 - INFO: Validation ROC-AUC: 0.548118
2025-05-23 13:45:19,540 - INFO: Evaluating at iteration 34106
2025-05-23 13:45:19,615 - INFO: Loss: 0.325563
2025-05-23 13:45:19,615 - INFO: Training ROC-AUC: 0.858974
2025-05-23 13:45:19,615 - INFO: Validation ROC-AUC: 0.538139
2025-05-23 13:45:30,282 - INFO: Evaluating at iteration 34606
2025-05-23 13:45:30,356 - INFO: Loss: 0.217923
2025-05-23 13:45:30,356 - INFO: Training ROC-AUC: 0.977778
2025-05-23 13:45:30,356 - INFO: Validation ROC-AUC: 0.532803
2025-05-23 13:45:41,001 - INFO: Evaluating at iteration 35106
2025-05-23 13:45:41,079 - INFO: Loss: 0.408422
2025-05-23 13:45:41,079 - INFO: Training ROC-AUC: 0.864583
2025-05-23 13:45:41,079 - INFO: Validation ROC-AUC: 0.561322
2025-05-23 13:45:51,826 - INFO: Evaluating at iteration 35606
2025-05-23 13:45:51,901 - INFO: Loss: 0.235000
2025-05-23 13:45:51,902 - INFO: Training ROC-AUC: 0.883929
2025-05-23 13:45:51,902 - INFO: Validation ROC-AUC: 0.530857
2025-05-23 13:46:02,695 - INFO: Evaluating at iteration 36106
2025-05-23 13:46:02,769 - INFO: Loss: 0.519988
2025-05-23 13:46:02,769 - INFO: Training ROC-AUC: 0.904762
2025-05-23 13:46:02,769 - INFO: Validation ROC-AUC: 0.536323
2025-05-23 13:46:04,570 - INFO: Starting epoch 15
2025-05-23 13:46:04,593 - INFO: Evaluating at iteration 36191
2025-05-23 13:46:04,665 - INFO: Loss: 0.379954
2025-05-23 13:46:04,665 - INFO: Training ROC-AUC: 0.750000
2025-05-23 13:46:04,665 - INFO: Validation ROC-AUC: 0.556647
2025-05-23 13:46:15,299 - INFO: Evaluating at iteration 36691
2025-05-23 13:46:15,372 - INFO: Loss: 0.299305
2025-05-23 13:46:15,372 - INFO: Training ROC-AUC: 0.897436
2025-05-23 13:46:15,372 - INFO: Validation ROC-AUC: 0.532065
2025-05-23 13:46:26,081 - INFO: Evaluating at iteration 37191
2025-05-23 13:46:26,157 - INFO: Loss: 0.281748
2025-05-23 13:46:26,157 - INFO: Training ROC-AUC: 0.903846
2025-05-23 13:46:26,157 - INFO: Validation ROC-AUC: 0.542736
2025-05-23 13:46:36,971 - INFO: Evaluating at iteration 37691
2025-05-23 13:46:37,046 - INFO: Loss: 0.402293
2025-05-23 13:46:37,046 - INFO: Training ROC-AUC: 0.740741
2025-05-23 13:46:37,046 - INFO: Validation ROC-AUC: 0.549998
2025-05-23 13:46:47,754 - INFO: Evaluating at iteration 38191
2025-05-23 13:46:47,828 - INFO: Loss: 0.352600
2025-05-23 13:46:47,828 - INFO: Training ROC-AUC: 0.916667
2025-05-23 13:46:47,828 - INFO: Validation ROC-AUC: 0.538106
2025-05-23 13:46:58,593 - INFO: Evaluating at iteration 38691
2025-05-23 13:46:58,665 - INFO: Loss: 0.424819
2025-05-23 13:46:58,665 - INFO: Training ROC-AUC: 0.854545
2025-05-23 13:46:58,665 - INFO: Validation ROC-AUC: 0.531843
2025-05-23 13:47:00,459 - INFO: Starting epoch 16
2025-05-23 13:47:00,482 - INFO: Evaluating at iteration 38776
2025-05-23 13:47:00,557 - INFO: Loss: 0.270617
2025-05-23 13:47:00,557 - INFO: Training ROC-AUC: 0.933333
2025-05-23 13:47:00,557 - INFO: Validation ROC-AUC: 0.518501
2025-05-23 13:47:11,359 - INFO: Evaluating at iteration 39276
2025-05-23 13:47:11,431 - INFO: Loss: 0.214543
2025-05-23 13:47:11,431 - INFO: Training ROC-AUC: 0.942529
2025-05-23 13:47:11,431 - INFO: Validation ROC-AUC: 0.541620
2025-05-23 13:47:22,270 - INFO: Evaluating at iteration 39776
2025-05-23 13:47:22,353 - INFO: Loss: 0.273679
2025-05-23 13:47:22,353 - INFO: Training ROC-AUC: 0.874074
2025-05-23 13:47:22,353 - INFO: Validation ROC-AUC: 0.554034
2025-05-23 13:47:33,248 - INFO: Evaluating at iteration 40276
2025-05-23 13:47:33,323 - INFO: Loss: 0.318959
2025-05-23 13:47:33,323 - INFO: Training ROC-AUC: 0.937500
2025-05-23 13:47:33,323 - INFO: Validation ROC-AUC: 0.531158
2025-05-23 13:47:44,223 - INFO: Evaluating at iteration 40776
2025-05-23 13:47:44,297 - INFO: Loss: 0.332485
2025-05-23 13:47:44,297 - INFO: Training ROC-AUC: 0.920000
2025-05-23 13:47:44,297 - INFO: Validation ROC-AUC: 0.538021
2025-05-23 13:47:55,238 - INFO: Evaluating at iteration 41276
2025-05-23 13:47:55,310 - INFO: Loss: 0.396805
2025-05-23 13:47:55,310 - INFO: Training ROC-AUC: 0.762821
2025-05-23 13:47:55,310 - INFO: Validation ROC-AUC: 0.521224
2025-05-23 13:47:57,157 - INFO: Starting epoch 17
2025-05-23 13:47:57,180 - INFO: Evaluating at iteration 41361
2025-05-23 13:47:57,254 - INFO: Loss: 0.428263
2025-05-23 13:47:57,254 - INFO: Training ROC-AUC: 0.826923
2025-05-23 13:47:57,254 - INFO: Validation ROC-AUC: 0.523758
2025-05-23 13:48:08,250 - INFO: Evaluating at iteration 41861
2025-05-23 13:48:08,323 - INFO: Loss: 0.148476
2025-05-23 13:48:08,323 - INFO: Training ROC-AUC: 0.964286
2025-05-23 13:48:08,323 - INFO: Validation ROC-AUC: 0.517156
2025-05-23 13:48:19,284 - INFO: Evaluating at iteration 42361
2025-05-23 13:48:19,362 - INFO: Loss: 0.477668
2025-05-23 13:48:19,363 - INFO: Training ROC-AUC: 0.781250
2025-05-23 13:48:19,363 - INFO: Validation ROC-AUC: 0.531334
2025-05-23 13:48:30,333 - INFO: Evaluating at iteration 42861
2025-05-23 13:48:30,407 - INFO: Loss: 0.447707
2025-05-23 13:48:30,407 - INFO: Training ROC-AUC: 0.777143
2025-05-23 13:48:30,407 - INFO: Validation ROC-AUC: 0.535494
2025-05-23 13:48:41,345 - INFO: Evaluating at iteration 43361
2025-05-23 13:48:41,421 - INFO: Loss: 0.348251
2025-05-23 13:48:41,421 - INFO: Training ROC-AUC: 0.839744
2025-05-23 13:48:41,421 - INFO: Validation ROC-AUC: 0.543311
2025-05-23 13:48:52,315 - INFO: Evaluating at iteration 43861
2025-05-23 13:48:52,388 - INFO: Loss: 0.344482
2025-05-23 13:48:52,388 - INFO: Training ROC-AUC: 0.756410
2025-05-23 13:48:52,389 - INFO: Validation ROC-AUC: 0.543076
2025-05-23 13:48:54,274 - INFO: Starting epoch 18
2025-05-23 13:48:54,299 - INFO: Evaluating at iteration 43946
2025-05-23 13:48:54,373 - INFO: Loss: 0.312799
2025-05-23 13:48:54,373 - INFO: Training ROC-AUC: 0.931429
2025-05-23 13:48:54,373 - INFO: Validation ROC-AUC: 0.541117
2025-05-23 13:49:05,358 - INFO: Evaluating at iteration 44446
2025-05-23 13:49:05,439 - INFO: Loss: 0.326163
2025-05-23 13:49:05,440 - INFO: Training ROC-AUC: 0.837037
2025-05-23 13:49:05,440 - INFO: Validation ROC-AUC: 0.531922
2025-05-23 13:49:16,430 - INFO: Evaluating at iteration 44946
2025-05-23 13:49:16,506 - INFO: Loss: 0.283989
2025-05-23 13:49:16,506 - INFO: Training ROC-AUC: 0.883929
2025-05-23 13:49:16,506 - INFO: Validation ROC-AUC: 0.540118
2025-05-23 13:49:27,585 - INFO: Evaluating at iteration 45446
2025-05-23 13:49:27,660 - INFO: Loss: 0.238552
2025-05-23 13:49:27,660 - INFO: Training ROC-AUC: 0.733333
2025-05-23 13:49:27,660 - INFO: Validation ROC-AUC: 0.543370
2025-05-23 13:49:38,787 - INFO: Evaluating at iteration 45946
2025-05-23 13:49:38,862 - INFO: Loss: 0.280494
2025-05-23 13:49:38,862 - INFO: Training ROC-AUC: 0.857143
2025-05-23 13:49:38,862 - INFO: Validation ROC-AUC: 0.521812
2025-05-23 13:49:49,901 - INFO: Evaluating at iteration 46446
2025-05-23 13:49:49,976 - INFO: Loss: 0.357167
2025-05-23 13:49:49,976 - INFO: Training ROC-AUC: 0.826923
2025-05-23 13:49:49,976 - INFO: Validation ROC-AUC: 0.536728
2025-05-23 13:49:51,863 - INFO: Starting epoch 19
2025-05-23 13:49:51,887 - INFO: Evaluating at iteration 46531
2025-05-23 13:49:51,963 - INFO: Loss: 0.297680
2025-05-23 13:49:51,963 - INFO: Training ROC-AUC: 0.919643
2025-05-23 13:49:51,963 - INFO: Validation ROC-AUC: 0.526136
2025-05-23 13:50:03,096 - INFO: Evaluating at iteration 47031
2025-05-23 13:50:03,172 - INFO: Loss: 0.352978
2025-05-23 13:50:03,172 - INFO: Training ROC-AUC: 0.932367
2025-05-23 13:50:03,172 - INFO: Validation ROC-AUC: 0.552931
2025-05-23 13:50:14,307 - INFO: Evaluating at iteration 47531
2025-05-23 13:50:14,380 - INFO: Loss: 0.304959
2025-05-23 13:50:14,380 - INFO: Training ROC-AUC: 0.948571
2025-05-23 13:50:14,380 - INFO: Validation ROC-AUC: 0.557920
2025-05-23 13:50:25,637 - INFO: Evaluating at iteration 48031
2025-05-23 13:50:25,712 - INFO: Loss: 0.277748
2025-05-23 13:50:25,712 - INFO: Training ROC-AUC: 0.918519
2025-05-23 13:50:25,712 - INFO: Validation ROC-AUC: 0.510501
2025-05-23 13:50:37,148 - INFO: Evaluating at iteration 48531
2025-05-23 13:50:37,222 - INFO: Loss: 0.299491
2025-05-23 13:50:37,222 - INFO: Training ROC-AUC: 0.903846
2025-05-23 13:50:37,222 - INFO: Validation ROC-AUC: 0.531301
2025-05-23 13:50:48,510 - INFO: Evaluating at iteration 49031
2025-05-23 13:50:48,590 - INFO: Loss: 0.231561
2025-05-23 13:50:48,590 - INFO: Training ROC-AUC: 0.948718
2025-05-23 13:50:48,590 - INFO: Validation ROC-AUC: 0.536793
2025-05-23 13:50:50,477 - INFO: Starting epoch 20
2025-05-23 13:50:50,506 - INFO: Evaluating at iteration 49116
2025-05-23 13:50:50,583 - INFO: Loss: 0.286716
2025-05-23 13:50:50,584 - INFO: Training ROC-AUC: 0.874074
2025-05-23 13:50:50,584 - INFO: Validation ROC-AUC: 0.544330
2025-05-23 13:51:01,814 - INFO: Evaluating at iteration 49616
2025-05-23 13:51:01,887 - INFO: Loss: 0.273866
2025-05-23 13:51:01,887 - INFO: Training ROC-AUC: 0.851852
2025-05-23 13:51:01,887 - INFO: Validation ROC-AUC: 0.522975
2025-05-23 13:51:13,250 - INFO: Evaluating at iteration 50116
2025-05-23 13:51:13,326 - INFO: Loss: 0.236894
2025-05-23 13:51:13,326 - INFO: Training ROC-AUC: 0.903846
2025-05-23 13:51:13,326 - INFO: Validation ROC-AUC: 0.527651
2025-05-23 13:51:26,847 - INFO: Evaluating at iteration 50616
2025-05-23 13:51:26,921 - INFO: Loss: 0.422177
2025-05-23 13:51:26,921 - INFO: Training ROC-AUC: 0.718519
2025-05-23 13:51:26,921 - INFO: Validation ROC-AUC: 0.521825
2025-05-23 13:51:38,254 - INFO: Evaluating at iteration 51116
2025-05-23 13:51:38,329 - INFO: Loss: 0.316565
2025-05-23 13:51:38,329 - INFO: Training ROC-AUC: 0.829630
2025-05-23 13:51:38,329 - INFO: Validation ROC-AUC: 0.531549
2025-05-23 13:51:49,724 - INFO: Evaluating at iteration 51616
2025-05-23 13:51:49,801 - INFO: Loss: 0.312430
2025-05-23 13:51:49,801 - INFO: Training ROC-AUC: 0.851852
2025-05-23 13:51:49,801 - INFO: Validation ROC-AUC: 0.517574
2025-05-23 13:51:51,696 - INFO: Starting epoch 21
2025-05-23 13:51:51,729 - INFO: Evaluating at iteration 51701
2025-05-23 13:51:51,801 - INFO: Loss: 0.398788
2025-05-23 13:51:51,802 - INFO: Training ROC-AUC: 0.792271
2025-05-23 13:51:51,802 - INFO: Validation ROC-AUC: 0.527442
2025-05-23 13:52:03,088 - INFO: Evaluating at iteration 52201
2025-05-23 13:52:03,160 - INFO: Loss: 0.207229
2025-05-23 13:52:03,160 - INFO: Training ROC-AUC: 0.850000
2025-05-23 13:52:03,161 - INFO: Validation ROC-AUC: 0.508712
2025-05-23 13:52:14,630 - INFO: Evaluating at iteration 52701
2025-05-23 13:52:14,704 - INFO: Loss: 0.270583
2025-05-23 13:52:14,704 - INFO: Training ROC-AUC: 0.830357
2025-05-23 13:52:14,704 - INFO: Validation ROC-AUC: 0.526860
2025-05-23 13:52:26,048 - INFO: Evaluating at iteration 53201
2025-05-23 13:52:26,123 - INFO: Loss: 0.398434
2025-05-23 13:52:26,123 - INFO: Training ROC-AUC: 0.794286
2025-05-23 13:52:26,123 - INFO: Validation ROC-AUC: 0.524522
2025-05-23 13:52:37,605 - INFO: Evaluating at iteration 53701
2025-05-23 13:52:37,680 - INFO: Loss: 0.272920
2025-05-23 13:52:37,680 - INFO: Training ROC-AUC: 0.891026
2025-05-23 13:52:37,680 - INFO: Validation ROC-AUC: 0.531922
2025-05-23 13:52:49,064 - INFO: Evaluating at iteration 54201
2025-05-23 13:52:49,139 - INFO: Loss: 0.240072
2025-05-23 13:52:49,139 - INFO: Training ROC-AUC: 0.925926
2025-05-23 13:52:49,139 - INFO: Validation ROC-AUC: 0.543579
2025-05-23 13:52:51,073 - INFO: Starting epoch 22
2025-05-23 13:52:51,096 - INFO: Evaluating at iteration 54286
2025-05-23 13:52:51,169 - INFO: Loss: 0.300070
2025-05-23 13:52:51,169 - INFO: Training ROC-AUC: 0.858974
2025-05-23 13:52:51,169 - INFO: Validation ROC-AUC: 0.540340
2025-05-23 13:53:02,638 - INFO: Evaluating at iteration 54786
2025-05-23 13:53:02,715 - INFO: Loss: 0.333414
2025-05-23 13:53:02,715 - INFO: Training ROC-AUC: 0.811429
2025-05-23 13:53:02,715 - INFO: Validation ROC-AUC: 0.528349
2025-05-23 13:53:14,264 - INFO: Evaluating at iteration 55286
2025-05-23 13:53:14,337 - INFO: Loss: 0.375243
2025-05-23 13:53:14,337 - INFO: Training ROC-AUC: 0.828571
2025-05-23 13:53:14,337 - INFO: Validation ROC-AUC: 0.533894
2025-05-23 13:53:25,856 - INFO: Evaluating at iteration 55786
2025-05-23 13:53:25,930 - INFO: Loss: 0.303521
2025-05-23 13:53:25,930 - INFO: Training ROC-AUC: 0.750000
2025-05-23 13:53:25,930 - INFO: Validation ROC-AUC: 0.514864
2025-05-23 13:53:37,423 - INFO: Evaluating at iteration 56286
2025-05-23 13:53:37,501 - INFO: Loss: 0.231508
2025-05-23 13:53:37,501 - INFO: Training ROC-AUC: 0.919643
2025-05-23 13:53:37,501 - INFO: Validation ROC-AUC: 0.544682
2025-05-23 13:53:48,963 - INFO: Evaluating at iteration 56786
2025-05-23 13:53:49,035 - INFO: Loss: 0.324939
2025-05-23 13:53:49,035 - INFO: Training ROC-AUC: 0.833333
2025-05-23 13:53:49,035 - INFO: Validation ROC-AUC: 0.514962
2025-05-23 13:53:50,973 - INFO: Starting epoch 23
2025-05-23 13:53:51,000 - INFO: Evaluating at iteration 56871
2025-05-23 13:53:51,071 - INFO: Loss: 0.206716
2025-05-23 13:53:51,072 - INFO: Training ROC-AUC: 0.908046
2025-05-23 13:53:51,072 - INFO: Validation ROC-AUC: 0.523171
2025-05-23 13:54:02,740 - INFO: Evaluating at iteration 57371
2025-05-23 13:54:02,816 - INFO: Loss: 0.535890
2025-05-23 13:54:02,816 - INFO: Training ROC-AUC: 0.838057
2025-05-23 13:54:02,816 - INFO: Validation ROC-AUC: 0.529185
2025-05-23 13:54:14,495 - INFO: Evaluating at iteration 57871
2025-05-23 13:54:14,570 - INFO: Loss: 0.228884
2025-05-23 13:54:14,570 - INFO: Training ROC-AUC: 0.700000
2025-05-23 13:54:14,570 - INFO: Validation ROC-AUC: 0.533822
2025-05-23 13:54:26,200 - INFO: Evaluating at iteration 58371
2025-05-23 13:54:26,278 - INFO: Loss: 0.179158
2025-05-23 13:54:26,279 - INFO: Training ROC-AUC: 0.942529
2025-05-23 13:54:26,279 - INFO: Validation ROC-AUC: 0.533848
2025-05-23 13:54:37,950 - INFO: Evaluating at iteration 58871
2025-05-23 13:54:38,024 - INFO: Loss: 0.318362
2025-05-23 13:54:38,024 - INFO: Training ROC-AUC: 0.857143
2025-05-23 13:54:38,024 - INFO: Validation ROC-AUC: 0.532797
2025-05-23 13:54:49,820 - INFO: Evaluating at iteration 59371
2025-05-23 13:54:49,896 - INFO: Loss: 0.305725
2025-05-23 13:54:49,896 - INFO: Training ROC-AUC: 0.897436
2025-05-23 13:54:49,896 - INFO: Validation ROC-AUC: 0.531386
2025-05-23 13:54:51,859 - INFO: Starting epoch 24
2025-05-23 13:54:51,883 - INFO: Evaluating at iteration 59456
2025-05-23 13:54:51,958 - INFO: Loss: 0.296530
2025-05-23 13:54:51,958 - INFO: Training ROC-AUC: 0.942529
2025-05-23 13:54:51,959 - INFO: Validation ROC-AUC: 0.542802
2025-05-23 13:55:03,634 - INFO: Evaluating at iteration 59956
2025-05-23 13:55:03,707 - INFO: Loss: 0.242024
2025-05-23 13:55:03,707 - INFO: Training ROC-AUC: 0.925926
2025-05-23 13:55:03,707 - INFO: Validation ROC-AUC: 0.536931
2025-05-23 13:55:15,478 - INFO: Evaluating at iteration 60456
2025-05-23 13:55:15,556 - INFO: Loss: 0.407290
2025-05-23 13:55:15,557 - INFO: Training ROC-AUC: 0.895455
2025-05-23 13:55:15,557 - INFO: Validation ROC-AUC: 0.539660
2025-05-23 13:55:27,403 - INFO: Evaluating at iteration 60956
2025-05-23 13:55:27,481 - INFO: Loss: 0.280160
2025-05-23 13:55:27,481 - INFO: Training ROC-AUC: 0.770115
2025-05-23 13:55:27,482 - INFO: Validation ROC-AUC: 0.523726
2025-05-23 13:55:39,272 - INFO: Evaluating at iteration 61456
2025-05-23 13:55:39,349 - INFO: Loss: 0.289207
2025-05-23 13:55:39,349 - INFO: Training ROC-AUC: 0.852564
2025-05-23 13:55:39,349 - INFO: Validation ROC-AUC: 0.526266
2025-05-23 13:55:51,280 - INFO: Evaluating at iteration 61956
2025-05-23 13:55:51,354 - INFO: Loss: 0.259497
2025-05-23 13:55:51,354 - INFO: Training ROC-AUC: 0.942308
2025-05-23 13:55:51,354 - INFO: Validation ROC-AUC: 0.537538
2025-05-23 13:55:53,398 - INFO: Starting epoch 25
2025-05-23 13:55:53,425 - INFO: Evaluating at iteration 62041
2025-05-23 13:55:53,499 - INFO: Loss: 0.262846
2025-05-23 13:55:53,499 - INFO: Training ROC-AUC: 0.923077
2025-05-23 13:55:53,499 - INFO: Validation ROC-AUC: 0.506322
2025-05-23 13:56:05,419 - INFO: Evaluating at iteration 62541
2025-05-23 13:56:05,494 - INFO: Loss: 0.261588
2025-05-23 13:56:05,494 - INFO: Training ROC-AUC: 0.850575
2025-05-23 13:56:05,494 - INFO: Validation ROC-AUC: 0.508790
2025-05-23 13:56:17,551 - INFO: Evaluating at iteration 63041
2025-05-23 13:56:17,632 - INFO: Loss: 0.306888
2025-05-23 13:56:17,632 - INFO: Training ROC-AUC: 0.891026
2025-05-23 13:56:17,632 - INFO: Validation ROC-AUC: 0.527651
2025-05-23 13:56:29,713 - INFO: Evaluating at iteration 63541
2025-05-23 13:56:29,790 - INFO: Loss: 0.314723
2025-05-23 13:56:29,790 - INFO: Training ROC-AUC: 0.902857
2025-05-23 13:56:29,790 - INFO: Validation ROC-AUC: 0.536696
2025-05-23 13:56:41,708 - INFO: Evaluating at iteration 64041
2025-05-23 13:56:41,781 - INFO: Loss: 0.252659
2025-05-23 13:56:41,781 - INFO: Training ROC-AUC: 0.937500
2025-05-23 13:56:41,781 - INFO: Validation ROC-AUC: 0.545838
2025-05-23 13:56:53,699 - INFO: Evaluating at iteration 64541
2025-05-23 13:56:53,774 - INFO: Loss: 0.354172
2025-05-23 13:56:53,774 - INFO: Training ROC-AUC: 0.792593
2025-05-23 13:56:53,774 - INFO: Validation ROC-AUC: 0.506204
2025-05-23 13:56:55,800 - INFO: Saving model to models/TCRStructMap_pMHC_split_cdrs_mhc_pseudo/model_1.pt
2025-05-23 13:56:55,820 - INFO: Starting fold 2
2025-05-23 13:56:55,841 - INFO: Initialising model
2025-05-23 13:56:55,852 - INFO: Starting training
2025-05-23 13:56:55,852 - INFO: Starting epoch 1
2025-05-23 13:56:55,881 - INFO: Evaluating at iteration 1
2025-05-23 13:56:56,063 - INFO: Loss: 0.707199
2025-05-23 13:56:56,063 - INFO: Training ROC-AUC: 0.440000
2025-05-23 13:56:56,063 - INFO: Validation ROC-AUC: 0.487344
2025-05-23 13:57:06,311 - INFO: Evaluating at iteration 501
2025-05-23 13:57:06,486 - INFO: Loss: 0.477266
2025-05-23 13:57:06,486 - INFO: Training ROC-AUC: 0.725714
2025-05-23 13:57:06,486 - INFO: Validation ROC-AUC: 0.521669
2025-05-23 13:57:16,825 - INFO: Evaluating at iteration 1001
2025-05-23 13:57:16,992 - INFO: Loss: 0.485280
2025-05-23 13:57:16,992 - INFO: Training ROC-AUC: 0.600000
2025-05-23 13:57:16,992 - INFO: Validation ROC-AUC: 0.497194
2025-05-23 13:57:27,314 - INFO: Evaluating at iteration 1501
2025-05-23 13:57:27,480 - INFO: Loss: 0.420345
2025-05-23 13:57:27,480 - INFO: Training ROC-AUC: 0.637037
2025-05-23 13:57:27,480 - INFO: Validation ROC-AUC: 0.455213
2025-05-23 13:57:37,761 - INFO: Evaluating at iteration 2001
2025-05-23 13:57:37,934 - INFO: Loss: 0.317789
2025-05-23 13:57:37,934 - INFO: Training ROC-AUC: 0.946429
2025-05-23 13:57:37,934 - INFO: Validation ROC-AUC: 0.430260
2025-05-23 13:57:48,192 - INFO: Evaluating at iteration 2501
2025-05-23 13:57:48,361 - INFO: Loss: 0.314775
2025-05-23 13:57:48,361 - INFO: Training ROC-AUC: 0.643678
2025-05-23 13:57:48,361 - INFO: Validation ROC-AUC: 0.466971
2025-05-23 13:57:49,108 - INFO: Starting epoch 2
2025-05-23 13:57:49,130 - INFO: Evaluating at iteration 2538
2025-05-23 13:57:49,296 - INFO: Loss: 0.291522
2025-05-23 13:57:49,296 - INFO: Training ROC-AUC: 0.858974
2025-05-23 13:57:49,296 - INFO: Validation ROC-AUC: 0.467063
2025-05-23 13:57:59,580 - INFO: Evaluating at iteration 3038
2025-05-23 13:57:59,750 - INFO: Loss: 0.448639
2025-05-23 13:57:59,750 - INFO: Training ROC-AUC: 0.660256
2025-05-23 13:57:59,750 - INFO: Validation ROC-AUC: 0.477310
2025-05-23 13:58:10,059 - INFO: Evaluating at iteration 3538
2025-05-23 13:58:10,224 - INFO: Loss: 0.284451
2025-05-23 13:58:10,225 - INFO: Training ROC-AUC: 0.540230
2025-05-23 13:58:10,225 - INFO: Validation ROC-AUC: 0.472115
2025-05-23 13:58:20,570 - INFO: Evaluating at iteration 4038
2025-05-23 13:58:20,735 - INFO: Loss: 0.287768
2025-05-23 13:58:20,735 - INFO: Training ROC-AUC: 0.785714
2025-05-23 13:58:20,735 - INFO: Validation ROC-AUC: 0.486667
2025-05-23 13:58:31,042 - INFO: Evaluating at iteration 4538
2025-05-23 13:58:31,210 - INFO: Loss: 0.162645
2025-05-23 13:58:31,211 - INFO: Training ROC-AUC: 0.935484
2025-05-23 13:58:31,211 - INFO: Validation ROC-AUC: 0.495056
2025-05-23 13:58:41,897 - INFO: Evaluating at iteration 5038
2025-05-23 13:58:42,072 - INFO: Loss: 0.331374
2025-05-23 13:58:42,072 - INFO: Training ROC-AUC: 0.563218
2025-05-23 13:58:42,072 - INFO: Validation ROC-AUC: 0.502789
2025-05-23 13:58:42,834 - INFO: Starting epoch 3
2025-05-23 13:58:42,857 - INFO: Evaluating at iteration 5075
2025-05-23 13:58:43,027 - INFO: Loss: 0.351695
2025-05-23 13:58:43,027 - INFO: Training ROC-AUC: 0.724359
2025-05-23 13:58:43,027 - INFO: Validation ROC-AUC: 0.508620
2025-05-23 13:58:53,423 - INFO: Evaluating at iteration 5575
2025-05-23 13:58:53,595 - INFO: Loss: 0.230535
2025-05-23 13:58:53,595 - INFO: Training ROC-AUC: 0.516129
2025-05-23 13:58:53,595 - INFO: Validation ROC-AUC: 0.516800
2025-05-23 13:59:03,940 - INFO: Evaluating at iteration 6075
2025-05-23 13:59:04,108 - INFO: Loss: 0.278075
2025-05-23 13:59:04,108 - INFO: Training ROC-AUC: 0.666667
2025-05-23 13:59:04,108 - INFO: Validation ROC-AUC: 0.531386
2025-05-23 13:59:14,495 - INFO: Evaluating at iteration 6575
2025-05-23 13:59:14,663 - INFO: Loss: 0.452764
2025-05-23 13:59:14,664 - INFO: Training ROC-AUC: 0.755208
2025-05-23 13:59:14,664 - INFO: Validation ROC-AUC: 0.563391
2025-05-23 13:59:25,010 - INFO: Evaluating at iteration 7075
2025-05-23 13:59:25,178 - INFO: Loss: 0.197364
2025-05-23 13:59:25,179 - INFO: Training ROC-AUC: 0.954023
2025-05-23 13:59:25,179 - INFO: Validation ROC-AUC: 0.552417
2025-05-23 13:59:35,552 - INFO: Evaluating at iteration 7575
2025-05-23 13:59:35,720 - INFO: Loss: 0.309902
2025-05-23 13:59:35,720 - INFO: Training ROC-AUC: 0.902857
2025-05-23 13:59:35,720 - INFO: Validation ROC-AUC: 0.545350
2025-05-23 13:59:36,477 - INFO: Starting epoch 4
2025-05-23 13:59:36,500 - INFO: Evaluating at iteration 7612
2025-05-23 13:59:36,671 - INFO: Loss: 0.421454
2025-05-23 13:59:36,671 - INFO: Training ROC-AUC: 0.811429
2025-05-23 13:59:36,671 - INFO: Validation ROC-AUC: 0.538827
2025-05-23 13:59:47,128 - INFO: Evaluating at iteration 8112
2025-05-23 13:59:47,301 - INFO: Loss: 0.311964
2025-05-23 13:59:47,301 - INFO: Training ROC-AUC: 0.857143
2025-05-23 13:59:47,301 - INFO: Validation ROC-AUC: 0.556674
2025-05-23 13:59:57,677 - INFO: Evaluating at iteration 8612
2025-05-23 13:59:57,845 - INFO: Loss: 0.277064
2025-05-23 13:59:57,845 - INFO: Training ROC-AUC: 0.793103
2025-05-23 13:59:57,845 - INFO: Validation ROC-AUC: 0.542733
2025-05-23 14:00:08,221 - INFO: Evaluating at iteration 9112
2025-05-23 14:00:08,390 - INFO: Loss: 0.523463
2025-05-23 14:00:08,390 - INFO: Training ROC-AUC: 0.718750
2025-05-23 14:00:08,390 - INFO: Validation ROC-AUC: 0.537076
2025-05-23 14:00:18,796 - INFO: Evaluating at iteration 9612
2025-05-23 14:00:18,967 - INFO: Loss: 0.329486
2025-05-23 14:00:18,967 - INFO: Training ROC-AUC: 0.807407
2025-05-23 14:00:18,967 - INFO: Validation ROC-AUC: 0.555315
2025-05-23 14:00:29,419 - INFO: Evaluating at iteration 10112
2025-05-23 14:00:29,584 - INFO: Loss: 0.424964
2025-05-23 14:00:29,585 - INFO: Training ROC-AUC: 0.777143
2025-05-23 14:00:29,585 - INFO: Validation ROC-AUC: 0.556563
2025-05-23 14:00:30,350 - INFO: Starting epoch 5
2025-05-23 14:00:30,373 - INFO: Evaluating at iteration 10149
2025-05-23 14:00:30,544 - INFO: Loss: 0.248305
2025-05-23 14:00:30,544 - INFO: Training ROC-AUC: 0.973214
2025-05-23 14:00:30,544 - INFO: Validation ROC-AUC: 0.557767
2025-05-23 14:00:40,993 - INFO: Evaluating at iteration 10649
2025-05-23 14:00:41,166 - INFO: Loss: 0.267671
2025-05-23 14:00:41,166 - INFO: Training ROC-AUC: 0.566667
2025-05-23 14:00:41,166 - INFO: Validation ROC-AUC: 0.541817
2025-05-23 14:00:51,615 - INFO: Evaluating at iteration 11149
2025-05-23 14:00:51,776 - INFO: Loss: 0.278921
2025-05-23 14:00:51,777 - INFO: Training ROC-AUC: 0.866071
2025-05-23 14:00:51,777 - INFO: Validation ROC-AUC: 0.546615
2025-05-23 14:01:02,232 - INFO: Evaluating at iteration 11649
2025-05-23 14:01:02,397 - INFO: Loss: 0.449905
2025-05-23 14:01:02,397 - INFO: Training ROC-AUC: 0.782857
2025-05-23 14:01:02,397 - INFO: Validation ROC-AUC: 0.561051
2025-05-23 14:01:12,817 - INFO: Evaluating at iteration 12149
2025-05-23 14:01:12,988 - INFO: Loss: 0.283079
2025-05-23 14:01:12,988 - INFO: Training ROC-AUC: 0.732143
2025-05-23 14:01:12,988 - INFO: Validation ROC-AUC: 0.556345
2025-05-23 14:01:23,412 - INFO: Evaluating at iteration 12649
2025-05-23 14:01:23,580 - INFO: Loss: 0.377584
2025-05-23 14:01:23,580 - INFO: Training ROC-AUC: 0.688889
2025-05-23 14:01:23,580 - INFO: Validation ROC-AUC: 0.553134
2025-05-23 14:01:24,340 - INFO: Starting epoch 6
2025-05-23 14:01:24,363 - INFO: Evaluating at iteration 12686
2025-05-23 14:01:24,538 - INFO: Loss: 0.240152
2025-05-23 14:01:24,538 - INFO: Training ROC-AUC: 0.833333
2025-05-23 14:01:24,538 - INFO: Validation ROC-AUC: 0.555810
2025-05-23 14:01:34,969 - INFO: Evaluating at iteration 13186
2025-05-23 14:01:35,138 - INFO: Loss: 0.302725
2025-05-23 14:01:35,138 - INFO: Training ROC-AUC: 0.891026
2025-05-23 14:01:35,138 - INFO: Validation ROC-AUC: 0.555301
2025-05-23 14:01:45,547 - INFO: Evaluating at iteration 13686
2025-05-23 14:01:45,716 - INFO: Loss: 0.261443
2025-05-23 14:01:45,716 - INFO: Training ROC-AUC: 0.804598
2025-05-23 14:01:45,716 - INFO: Validation ROC-AUC: 0.558816
2025-05-23 14:01:56,145 - INFO: Evaluating at iteration 14186
2025-05-23 14:01:56,313 - INFO: Loss: 0.395026
2025-05-23 14:01:56,313 - INFO: Training ROC-AUC: 0.851429
2025-05-23 14:01:56,313 - INFO: Validation ROC-AUC: 0.561057
2025-05-23 14:02:06,759 - INFO: Evaluating at iteration 14686
2025-05-23 14:02:06,922 - INFO: Loss: 0.428061
2025-05-23 14:02:06,923 - INFO: Training ROC-AUC: 0.705128
2025-05-23 14:02:06,923 - INFO: Validation ROC-AUC: 0.575023
2025-05-23 14:02:17,426 - INFO: Evaluating at iteration 15186
2025-05-23 14:02:17,597 - INFO: Loss: 0.437157
2025-05-23 14:02:17,597 - INFO: Training ROC-AUC: 0.791667
2025-05-23 14:02:17,597 - INFO: Validation ROC-AUC: 0.566940
2025-05-23 14:02:18,359 - INFO: Starting epoch 7
2025-05-23 14:02:18,382 - INFO: Evaluating at iteration 15223
2025-05-23 14:02:18,551 - INFO: Loss: 0.311481
2025-05-23 14:02:18,551 - INFO: Training ROC-AUC: 0.687500
2025-05-23 14:02:18,551 - INFO: Validation ROC-AUC: 0.560497
2025-05-23 14:02:29,036 - INFO: Evaluating at iteration 15723
2025-05-23 14:02:29,199 - INFO: Loss: 0.425965
2025-05-23 14:02:29,200 - INFO: Training ROC-AUC: 0.765625
2025-05-23 14:02:29,200 - INFO: Validation ROC-AUC: 0.552667
2025-05-23 14:02:39,679 - INFO: Evaluating at iteration 16223
2025-05-23 14:02:39,849 - INFO: Loss: 0.509378
2025-05-23 14:02:39,849 - INFO: Training ROC-AUC: 0.772947
2025-05-23 14:02:39,849 - INFO: Validation ROC-AUC: 0.582780
2025-05-23 14:02:50,411 - INFO: Evaluating at iteration 16723
2025-05-23 14:02:50,578 - INFO: Loss: 0.489235
2025-05-23 14:02:50,578 - INFO: Training ROC-AUC: 0.628571
2025-05-23 14:02:50,578 - INFO: Validation ROC-AUC: 0.556367
2025-05-23 14:03:01,073 - INFO: Evaluating at iteration 17223
2025-05-23 14:03:01,244 - INFO: Loss: 0.436430
2025-05-23 14:03:01,244 - INFO: Training ROC-AUC: 0.771429
2025-05-23 14:03:01,244 - INFO: Validation ROC-AUC: 0.560509
2025-05-23 14:03:11,737 - INFO: Evaluating at iteration 17723
2025-05-23 14:03:11,912 - INFO: Loss: 0.416898
2025-05-23 14:03:11,912 - INFO: Training ROC-AUC: 0.765714
2025-05-23 14:03:11,912 - INFO: Validation ROC-AUC: 0.565166
2025-05-23 14:03:12,686 - INFO: Starting epoch 8
2025-05-23 14:03:12,709 - INFO: Evaluating at iteration 17760
2025-05-23 14:03:12,878 - INFO: Loss: 0.347784
2025-05-23 14:03:12,878 - INFO: Training ROC-AUC: 0.871795
2025-05-23 14:03:12,878 - INFO: Validation ROC-AUC: 0.561214
2025-05-23 14:03:23,310 - INFO: Evaluating at iteration 18260
2025-05-23 14:03:23,477 - INFO: Loss: 0.340849
2025-05-23 14:03:23,477 - INFO: Training ROC-AUC: 0.968750
2025-05-23 14:03:23,477 - INFO: Validation ROC-AUC: 0.581081
2025-05-23 14:03:33,948 - INFO: Evaluating at iteration 18760
2025-05-23 14:03:34,115 - INFO: Loss: 0.318132
2025-05-23 14:03:34,115 - INFO: Training ROC-AUC: 0.714286
2025-05-23 14:03:34,115 - INFO: Validation ROC-AUC: 0.565228
2025-05-23 14:03:44,667 - INFO: Evaluating at iteration 19260
2025-05-23 14:03:44,835 - INFO: Loss: 0.429559
2025-05-23 14:03:44,835 - INFO: Training ROC-AUC: 0.717949
2025-05-23 14:03:44,835 - INFO: Validation ROC-AUC: 0.549507
2025-05-23 14:03:55,367 - INFO: Evaluating at iteration 19760
2025-05-23 14:03:55,535 - INFO: Loss: 0.324269
2025-05-23 14:03:55,535 - INFO: Training ROC-AUC: 0.898551
2025-05-23 14:03:55,535 - INFO: Validation ROC-AUC: 0.549292
2025-05-23 14:04:06,107 - INFO: Evaluating at iteration 20260
2025-05-23 14:04:06,281 - INFO: Loss: 0.344174
2025-05-23 14:04:06,281 - INFO: Training ROC-AUC: 0.770370
2025-05-23 14:04:06,281 - INFO: Validation ROC-AUC: 0.573661
2025-05-23 14:04:07,037 - INFO: Starting epoch 9
2025-05-23 14:04:07,059 - INFO: Evaluating at iteration 20297
2025-05-23 14:04:07,226 - INFO: Loss: 0.185934
2025-05-23 14:04:07,226 - INFO: Training ROC-AUC: 0.970370
2025-05-23 14:04:07,226 - INFO: Validation ROC-AUC: 0.569428
2025-05-23 14:04:17,779 - INFO: Evaluating at iteration 20797
2025-05-23 14:04:17,948 - INFO: Loss: 0.406164
2025-05-23 14:04:17,949 - INFO: Training ROC-AUC: 0.822917
2025-05-23 14:04:17,949 - INFO: Validation ROC-AUC: 0.568341
2025-05-23 14:04:28,462 - INFO: Evaluating at iteration 21297
2025-05-23 14:04:28,629 - INFO: Loss: 0.257374
2025-05-23 14:04:28,629 - INFO: Training ROC-AUC: 0.857143
2025-05-23 14:04:28,629 - INFO: Validation ROC-AUC: 0.587766
2025-05-23 14:04:39,196 - INFO: Evaluating at iteration 21797
2025-05-23 14:04:39,361 - INFO: Loss: 0.242496
2025-05-23 14:04:39,362 - INFO: Training ROC-AUC: 0.827586
2025-05-23 14:04:39,362 - INFO: Validation ROC-AUC: 0.542666
2025-05-23 14:04:49,976 - INFO: Evaluating at iteration 22297
2025-05-23 14:04:50,146 - INFO: Loss: 0.301739
2025-05-23 14:04:50,146 - INFO: Training ROC-AUC: 0.803571
2025-05-23 14:04:50,146 - INFO: Validation ROC-AUC: 0.552549
2025-05-23 14:05:00,809 - INFO: Evaluating at iteration 22797
2025-05-23 14:05:00,984 - INFO: Loss: 0.326536
2025-05-23 14:05:00,985 - INFO: Training ROC-AUC: 0.762963
2025-05-23 14:05:00,985 - INFO: Validation ROC-AUC: 0.559543
2025-05-23 14:05:01,760 - INFO: Starting epoch 10
2025-05-23 14:05:01,783 - INFO: Evaluating at iteration 22834
2025-05-23 14:05:01,953 - INFO: Loss: 0.260415
2025-05-23 14:05:01,953 - INFO: Training ROC-AUC: 0.583333
2025-05-23 14:05:01,953 - INFO: Validation ROC-AUC: 0.554791
2025-05-23 14:05:12,635 - INFO: Evaluating at iteration 23334
2025-05-23 14:05:12,805 - INFO: Loss: 0.407044
2025-05-23 14:05:12,806 - INFO: Training ROC-AUC: 0.685714
2025-05-23 14:05:12,806 - INFO: Validation ROC-AUC: 0.574266
2025-05-23 14:05:23,548 - INFO: Evaluating at iteration 23834
2025-05-23 14:05:23,723 - INFO: Loss: 0.233135
2025-05-23 14:05:23,723 - INFO: Training ROC-AUC: 0.940741
2025-05-23 14:05:23,723 - INFO: Validation ROC-AUC: 0.561477
2025-05-23 14:05:34,430 - INFO: Evaluating at iteration 24334
2025-05-23 14:05:34,595 - INFO: Loss: 0.345073
2025-05-23 14:05:34,595 - INFO: Training ROC-AUC: 0.857143
2025-05-23 14:05:34,595 - INFO: Validation ROC-AUC: 0.559898
2025-05-23 14:05:45,250 - INFO: Evaluating at iteration 24834
2025-05-23 14:05:45,420 - INFO: Loss: 0.376189
2025-05-23 14:05:45,420 - INFO: Training ROC-AUC: 0.931429
2025-05-23 14:05:45,420 - INFO: Validation ROC-AUC: 0.576285
2025-05-23 14:05:56,075 - INFO: Evaluating at iteration 25334
2025-05-23 14:05:56,247 - INFO: Loss: 0.294806
2025-05-23 14:05:56,247 - INFO: Training ROC-AUC: 0.874074
2025-05-23 14:05:56,247 - INFO: Validation ROC-AUC: 0.549108
2025-05-23 14:05:57,024 - INFO: Starting epoch 11
2025-05-23 14:05:57,047 - INFO: Evaluating at iteration 25371
2025-05-23 14:05:57,214 - INFO: Loss: 0.225978
2025-05-23 14:05:57,214 - INFO: Training ROC-AUC: 0.750000
2025-05-23 14:05:57,214 - INFO: Validation ROC-AUC: 0.558846
2025-05-23 14:06:07,870 - INFO: Evaluating at iteration 25871
2025-05-23 14:06:08,038 - INFO: Loss: 0.291236
2025-05-23 14:06:08,038 - INFO: Training ROC-AUC: 0.977778
2025-05-23 14:06:08,038 - INFO: Validation ROC-AUC: 0.559642
2025-05-23 14:06:18,712 - INFO: Evaluating at iteration 26371
2025-05-23 14:06:18,879 - INFO: Loss: 0.398301
2025-05-23 14:06:18,879 - INFO: Training ROC-AUC: 0.845714
2025-05-23 14:06:18,880 - INFO: Validation ROC-AUC: 0.567446
2025-05-23 14:06:29,568 - INFO: Evaluating at iteration 26871
2025-05-23 14:06:29,735 - INFO: Loss: 0.277043
2025-05-23 14:06:29,735 - INFO: Training ROC-AUC: 0.916667
2025-05-23 14:06:29,735 - INFO: Validation ROC-AUC: 0.564248
2025-05-23 14:06:40,404 - INFO: Evaluating at iteration 27371
2025-05-23 14:06:40,576 - INFO: Loss: 0.227470
2025-05-23 14:06:40,576 - INFO: Training ROC-AUC: 0.970370
2025-05-23 14:06:40,576 - INFO: Validation ROC-AUC: 0.573800
2025-05-23 14:06:51,256 - INFO: Evaluating at iteration 27871
2025-05-23 14:06:51,427 - INFO: Loss: 0.219882
2025-05-23 14:06:51,427 - INFO: Training ROC-AUC: 0.937500
2025-05-23 14:06:51,427 - INFO: Validation ROC-AUC: 0.587586
2025-05-23 14:06:52,199 - INFO: Starting epoch 12
2025-05-23 14:06:52,222 - INFO: Evaluating at iteration 27908
2025-05-23 14:06:52,387 - INFO: Loss: 0.490411
2025-05-23 14:06:52,387 - INFO: Training ROC-AUC: 0.777778
2025-05-23 14:06:52,387 - INFO: Validation ROC-AUC: 0.565707
2025-05-23 14:07:03,140 - INFO: Evaluating at iteration 28408
2025-05-23 14:07:03,307 - INFO: Loss: 0.429309
2025-05-23 14:07:03,307 - INFO: Training ROC-AUC: 0.666667
2025-05-23 14:07:03,307 - INFO: Validation ROC-AUC: 0.574719
2025-05-23 14:07:14,007 - INFO: Evaluating at iteration 28908
2025-05-23 14:07:14,175 - INFO: Loss: 0.428942
2025-05-23 14:07:14,175 - INFO: Training ROC-AUC: 0.705128
2025-05-23 14:07:14,175 - INFO: Validation ROC-AUC: 0.565562
2025-05-23 14:07:24,885 - INFO: Evaluating at iteration 29408
2025-05-23 14:07:25,051 - INFO: Loss: 0.314351
2025-05-23 14:07:25,051 - INFO: Training ROC-AUC: 0.851852
2025-05-23 14:07:25,051 - INFO: Validation ROC-AUC: 0.533621
2025-05-23 14:07:35,754 - INFO: Evaluating at iteration 29908
2025-05-23 14:07:35,926 - INFO: Loss: 0.459642
2025-05-23 14:07:35,927 - INFO: Training ROC-AUC: 0.822727
2025-05-23 14:07:35,927 - INFO: Validation ROC-AUC: 0.569984
2025-05-23 14:07:46,654 - INFO: Evaluating at iteration 30408
2025-05-23 14:07:46,817 - INFO: Loss: 0.410104
2025-05-23 14:07:46,818 - INFO: Training ROC-AUC: 0.737179
2025-05-23 14:07:46,818 - INFO: Validation ROC-AUC: 0.551823
2025-05-23 14:07:47,587 - INFO: Starting epoch 13
2025-05-23 14:07:47,611 - INFO: Evaluating at iteration 30445
2025-05-23 14:07:47,782 - INFO: Loss: 0.321332
2025-05-23 14:07:47,782 - INFO: Training ROC-AUC: 0.960000
2025-05-23 14:07:47,782 - INFO: Validation ROC-AUC: 0.561475
2025-05-23 14:07:58,502 - INFO: Evaluating at iteration 30945
2025-05-23 14:07:58,669 - INFO: Loss: 0.307318
2025-05-23 14:07:58,669 - INFO: Training ROC-AUC: 0.925714
2025-05-23 14:07:58,669 - INFO: Validation ROC-AUC: 0.561160
2025-05-23 14:08:09,380 - INFO: Evaluating at iteration 31445
2025-05-23 14:08:09,544 - INFO: Loss: 0.271944
2025-05-23 14:08:09,545 - INFO: Training ROC-AUC: 0.910714
2025-05-23 14:08:09,545 - INFO: Validation ROC-AUC: 0.541108
2025-05-23 14:08:20,270 - INFO: Evaluating at iteration 31945
2025-05-23 14:08:20,436 - INFO: Loss: 0.461234
2025-05-23 14:08:20,437 - INFO: Training ROC-AUC: 0.816425
2025-05-23 14:08:20,437 - INFO: Validation ROC-AUC: 0.550686
2025-05-23 14:08:31,146 - INFO: Evaluating at iteration 32445
2025-05-23 14:08:31,321 - INFO: Loss: 0.261082
2025-05-23 14:08:31,321 - INFO: Training ROC-AUC: 0.700000
2025-05-23 14:08:31,321 - INFO: Validation ROC-AUC: 0.548992
2025-05-23 14:08:42,041 - INFO: Evaluating at iteration 32945
2025-05-23 14:08:42,212 - INFO: Loss: 0.384580
2025-05-23 14:08:42,212 - INFO: Training ROC-AUC: 0.681481
2025-05-23 14:08:42,212 - INFO: Validation ROC-AUC: 0.562073
2025-05-23 14:08:43,008 - INFO: Starting epoch 14
2025-05-23 14:08:43,032 - INFO: Evaluating at iteration 32982
2025-05-23 14:08:43,195 - INFO: Loss: 0.228235
2025-05-23 14:08:43,195 - INFO: Training ROC-AUC: 0.940741
2025-05-23 14:08:43,195 - INFO: Validation ROC-AUC: 0.549624
2025-05-23 14:08:53,972 - INFO: Evaluating at iteration 33482
2025-05-23 14:08:54,135 - INFO: Loss: 0.440277
2025-05-23 14:08:54,135 - INFO: Training ROC-AUC: 0.742857
2025-05-23 14:08:54,135 - INFO: Validation ROC-AUC: 0.535459
2025-05-23 14:09:04,949 - INFO: Evaluating at iteration 33982
2025-05-23 14:09:05,122 - INFO: Loss: 0.346904
2025-05-23 14:09:05,122 - INFO: Training ROC-AUC: 0.758929
2025-05-23 14:09:05,122 - INFO: Validation ROC-AUC: 0.550974
2025-05-23 14:09:15,999 - INFO: Evaluating at iteration 34482
2025-05-23 14:09:16,166 - INFO: Loss: 0.223580
2025-05-23 14:09:16,166 - INFO: Training ROC-AUC: 0.908046
2025-05-23 14:09:16,166 - INFO: Validation ROC-AUC: 0.535845
2025-05-23 14:09:26,984 - INFO: Evaluating at iteration 34982
2025-05-23 14:09:27,158 - INFO: Loss: 0.433467
2025-05-23 14:09:27,158 - INFO: Training ROC-AUC: 0.743590
2025-05-23 14:09:27,158 - INFO: Validation ROC-AUC: 0.541610
2025-05-23 14:09:38,037 - INFO: Evaluating at iteration 35482
2025-05-23 14:09:38,202 - INFO: Loss: 0.424349
2025-05-23 14:09:38,202 - INFO: Training ROC-AUC: 0.756410
2025-05-23 14:09:38,202 - INFO: Validation ROC-AUC: 0.566376
2025-05-23 14:09:38,985 - INFO: Starting epoch 15
2025-05-23 14:09:39,008 - INFO: Evaluating at iteration 35519
2025-05-23 14:09:39,179 - INFO: Loss: 0.256210
2025-05-23 14:09:39,179 - INFO: Training ROC-AUC: 0.973214
2025-05-23 14:09:39,179 - INFO: Validation ROC-AUC: 0.566702
2025-05-23 14:09:50,046 - INFO: Evaluating at iteration 36019
2025-05-23 14:09:50,215 - INFO: Loss: 0.401834
2025-05-23 14:09:50,215 - INFO: Training ROC-AUC: 0.674074
2025-05-23 14:09:50,215 - INFO: Validation ROC-AUC: 0.598107
2025-05-23 14:10:01,090 - INFO: Evaluating at iteration 36519
2025-05-23 14:10:01,257 - INFO: Loss: 0.375942
2025-05-23 14:10:01,257 - INFO: Training ROC-AUC: 0.939394
2025-05-23 14:10:01,257 - INFO: Validation ROC-AUC: 0.556460
2025-05-23 14:10:12,097 - INFO: Evaluating at iteration 37019
2025-05-23 14:10:12,270 - INFO: Loss: 0.314061
2025-05-23 14:10:12,270 - INFO: Training ROC-AUC: 0.910256
2025-05-23 14:10:12,270 - INFO: Validation ROC-AUC: 0.585395
2025-05-23 14:10:23,069 - INFO: Evaluating at iteration 37519
2025-05-23 14:10:23,237 - INFO: Loss: 0.340733
2025-05-23 14:10:23,237 - INFO: Training ROC-AUC: 0.884615
2025-05-23 14:10:23,237 - INFO: Validation ROC-AUC: 0.554149
2025-05-23 14:10:34,124 - INFO: Evaluating at iteration 38019
2025-05-23 14:10:34,287 - INFO: Loss: 0.607909
2025-05-23 14:10:34,287 - INFO: Training ROC-AUC: 0.611429
2025-05-23 14:10:34,287 - INFO: Validation ROC-AUC: 0.548294
2025-05-23 14:10:35,069 - INFO: Starting epoch 16
2025-05-23 14:10:35,092 - INFO: Evaluating at iteration 38056
2025-05-23 14:10:35,257 - INFO: Loss: 0.282473
2025-05-23 14:10:35,257 - INFO: Training ROC-AUC: 0.848214
2025-05-23 14:10:35,257 - INFO: Validation ROC-AUC: 0.547044
2025-05-23 14:10:46,180 - INFO: Evaluating at iteration 38556
2025-05-23 14:10:46,350 - INFO: Loss: 0.299407
2025-05-23 14:10:46,351 - INFO: Training ROC-AUC: 0.859259
2025-05-23 14:10:46,351 - INFO: Validation ROC-AUC: 0.554526
2025-05-23 14:10:57,208 - INFO: Evaluating at iteration 39056
2025-05-23 14:10:57,377 - INFO: Loss: 0.350573
2025-05-23 14:10:57,378 - INFO: Training ROC-AUC: 0.777778
2025-05-23 14:10:57,378 - INFO: Validation ROC-AUC: 0.572430
2025-05-23 14:11:08,416 - INFO: Evaluating at iteration 39556
2025-05-23 14:11:08,595 - INFO: Loss: 0.302125
2025-05-23 14:11:08,595 - INFO: Training ROC-AUC: 0.923077
2025-05-23 14:11:08,595 - INFO: Validation ROC-AUC: 0.566943
2025-05-23 14:11:19,479 - INFO: Evaluating at iteration 40056
2025-05-23 14:11:19,648 - INFO: Loss: 0.392072
2025-05-23 14:11:19,648 - INFO: Training ROC-AUC: 0.769231
2025-05-23 14:11:19,648 - INFO: Validation ROC-AUC: 0.559587
2025-05-23 14:11:30,596 - INFO: Evaluating at iteration 40556
2025-05-23 14:11:30,760 - INFO: Loss: 0.201606
2025-05-23 14:11:30,760 - INFO: Training ROC-AUC: 0.937500
2025-05-23 14:11:30,760 - INFO: Validation ROC-AUC: 0.556143
2025-05-23 14:11:31,547 - INFO: Starting epoch 17
2025-05-23 14:11:31,570 - INFO: Evaluating at iteration 40593
2025-05-23 14:11:31,737 - INFO: Loss: 0.370447
2025-05-23 14:11:31,737 - INFO: Training ROC-AUC: 0.725926
2025-05-23 14:11:31,737 - INFO: Validation ROC-AUC: 0.537052
2025-05-23 14:11:42,652 - INFO: Evaluating at iteration 41093
2025-05-23 14:11:42,819 - INFO: Loss: 0.321189
2025-05-23 14:11:42,819 - INFO: Training ROC-AUC: 0.826923
2025-05-23 14:11:42,819 - INFO: Validation ROC-AUC: 0.537077
2025-05-23 14:11:53,825 - INFO: Evaluating at iteration 41593
2025-05-23 14:11:53,998 - INFO: Loss: 0.401522
2025-05-23 14:11:53,998 - INFO: Training ROC-AUC: 0.828125
2025-05-23 14:11:53,999 - INFO: Validation ROC-AUC: 0.548653
2025-05-23 14:12:05,051 - INFO: Evaluating at iteration 42093
2025-05-23 14:12:05,228 - INFO: Loss: 0.395789
2025-05-23 14:12:05,228 - INFO: Training ROC-AUC: 0.890625
2025-05-23 14:12:05,228 - INFO: Validation ROC-AUC: 0.555958
2025-05-23 14:12:16,166 - INFO: Evaluating at iteration 42593
2025-05-23 14:12:16,337 - INFO: Loss: 0.373872
2025-05-23 14:12:16,337 - INFO: Training ROC-AUC: 0.711111
2025-05-23 14:12:16,337 - INFO: Validation ROC-AUC: 0.570870
2025-05-23 14:12:27,330 - INFO: Evaluating at iteration 43093
2025-05-23 14:12:27,500 - INFO: Loss: 0.348999
2025-05-23 14:12:27,500 - INFO: Training ROC-AUC: 0.901042
2025-05-23 14:12:27,500 - INFO: Validation ROC-AUC: 0.559942
2025-05-23 14:12:28,303 - INFO: Starting epoch 18
2025-05-23 14:12:28,327 - INFO: Evaluating at iteration 43130
2025-05-23 14:12:28,490 - INFO: Loss: 0.373718
2025-05-23 14:12:28,490 - INFO: Training ROC-AUC: 0.843750
2025-05-23 14:12:28,490 - INFO: Validation ROC-AUC: 0.552993
2025-05-23 14:12:39,480 - INFO: Evaluating at iteration 43630
2025-05-23 14:12:39,649 - INFO: Loss: 0.290585
2025-05-23 14:12:39,650 - INFO: Training ROC-AUC: 0.767857
2025-05-23 14:12:39,650 - INFO: Validation ROC-AUC: 0.579653
2025-05-23 14:12:50,632 - INFO: Evaluating at iteration 44130
2025-05-23 14:12:50,808 - INFO: Loss: 0.331398
2025-05-23 14:12:50,808 - INFO: Training ROC-AUC: 0.837037
2025-05-23 14:12:50,808 - INFO: Validation ROC-AUC: 0.551540
2025-05-23 14:13:01,894 - INFO: Evaluating at iteration 44630
2025-05-23 14:13:02,063 - INFO: Loss: 0.274173
2025-05-23 14:13:02,063 - INFO: Training ROC-AUC: 0.875000
2025-05-23 14:13:02,063 - INFO: Validation ROC-AUC: 0.557851
2025-05-23 14:13:13,106 - INFO: Evaluating at iteration 45130
2025-05-23 14:13:13,274 - INFO: Loss: 0.592849
2025-05-23 14:13:13,274 - INFO: Training ROC-AUC: 0.777273
2025-05-23 14:13:13,274 - INFO: Validation ROC-AUC: 0.552461
2025-05-23 14:13:24,222 - INFO: Evaluating at iteration 45630
2025-05-23 14:13:24,386 - INFO: Loss: 0.301213
2025-05-23 14:13:24,386 - INFO: Training ROC-AUC: 0.839286
2025-05-23 14:13:24,386 - INFO: Validation ROC-AUC: 0.574214
2025-05-23 14:13:25,176 - INFO: Starting epoch 19
2025-05-23 14:13:25,200 - INFO: Evaluating at iteration 45667
2025-05-23 14:13:25,361 - INFO: Loss: 0.290400
2025-05-23 14:13:25,361 - INFO: Training ROC-AUC: 0.837037
2025-05-23 14:13:25,361 - INFO: Validation ROC-AUC: 0.566091
2025-05-23 14:13:36,331 - INFO: Evaluating at iteration 46167
2025-05-23 14:13:36,501 - INFO: Loss: 0.185074
2025-05-23 14:13:36,501 - INFO: Training ROC-AUC: 0.933333
2025-05-23 14:13:36,501 - INFO: Validation ROC-AUC: 0.580520
2025-05-23 14:13:47,904 - INFO: Evaluating at iteration 46667
2025-05-23 14:13:48,080 - INFO: Loss: 0.484449
2025-05-23 14:13:48,080 - INFO: Training ROC-AUC: 0.833333
2025-05-23 14:13:48,081 - INFO: Validation ROC-AUC: 0.580473
2025-05-23 14:13:59,116 - INFO: Evaluating at iteration 47167
2025-05-23 14:13:59,285 - INFO: Loss: 0.334751
2025-05-23 14:13:59,285 - INFO: Training ROC-AUC: 0.922705
2025-05-23 14:13:59,285 - INFO: Validation ROC-AUC: 0.575611
2025-05-23 14:14:10,319 - INFO: Evaluating at iteration 47667
2025-05-23 14:14:10,486 - INFO: Loss: 0.519574
2025-05-23 14:14:10,486 - INFO: Training ROC-AUC: 0.806763
2025-05-23 14:14:10,486 - INFO: Validation ROC-AUC: 0.553907
2025-05-23 14:14:21,529 - INFO: Evaluating at iteration 48167
2025-05-23 14:14:21,693 - INFO: Loss: 0.260792
2025-05-23 14:14:21,693 - INFO: Training ROC-AUC: 0.925926
2025-05-23 14:14:21,693 - INFO: Validation ROC-AUC: 0.538244
2025-05-23 14:14:22,491 - INFO: Starting epoch 20
2025-05-23 14:14:22,515 - INFO: Evaluating at iteration 48204
2025-05-23 14:14:22,680 - INFO: Loss: 0.221175
2025-05-23 14:14:22,681 - INFO: Training ROC-AUC: 0.970370
2025-05-23 14:14:22,681 - INFO: Validation ROC-AUC: 0.545217
2025-05-23 14:14:33,730 - INFO: Evaluating at iteration 48704
2025-05-23 14:14:33,903 - INFO: Loss: 0.325544
2025-05-23 14:14:33,903 - INFO: Training ROC-AUC: 0.891429
2025-05-23 14:14:33,903 - INFO: Validation ROC-AUC: 0.573407
2025-05-23 14:14:44,979 - INFO: Evaluating at iteration 49204
2025-05-23 14:14:45,149 - INFO: Loss: 0.518935
2025-05-23 14:14:45,150 - INFO: Training ROC-AUC: 0.772727
2025-05-23 14:14:45,150 - INFO: Validation ROC-AUC: 0.568169
2025-05-23 14:14:56,264 - INFO: Evaluating at iteration 49704
2025-05-23 14:14:56,433 - INFO: Loss: 0.219344
2025-05-23 14:14:56,433 - INFO: Training ROC-AUC: 0.933333
2025-05-23 14:14:56,433 - INFO: Validation ROC-AUC: 0.572412
2025-05-23 14:15:07,557 - INFO: Evaluating at iteration 50204
2025-05-23 14:15:07,722 - INFO: Loss: 0.160658
2025-05-23 14:15:07,722 - INFO: Training ROC-AUC: 0.965517
2025-05-23 14:15:07,722 - INFO: Validation ROC-AUC: 0.564234
2025-05-23 14:15:18,852 - INFO: Evaluating at iteration 50704
2025-05-23 14:15:19,017 - INFO: Loss: 0.338200
2025-05-23 14:15:19,017 - INFO: Training ROC-AUC: 0.868571
2025-05-23 14:15:19,017 - INFO: Validation ROC-AUC: 0.545789
2025-05-23 14:15:19,814 - INFO: Starting epoch 21
2025-05-23 14:15:19,841 - INFO: Evaluating at iteration 50741
2025-05-23 14:15:20,006 - INFO: Loss: 0.228928
2025-05-23 14:15:20,006 - INFO: Training ROC-AUC: 0.955357
2025-05-23 14:15:20,006 - INFO: Validation ROC-AUC: 0.552563
2025-05-23 14:15:31,247 - INFO: Evaluating at iteration 51241
2025-05-23 14:15:31,419 - INFO: Loss: 0.198885
2025-05-23 14:15:31,419 - INFO: Training ROC-AUC: 0.928571
2025-05-23 14:15:31,419 - INFO: Validation ROC-AUC: 0.561631
2025-05-23 14:15:42,564 - INFO: Evaluating at iteration 51741
2025-05-23 14:15:42,729 - INFO: Loss: 0.231973
2025-05-23 14:15:42,729 - INFO: Training ROC-AUC: 0.816092
2025-05-23 14:15:42,729 - INFO: Validation ROC-AUC: 0.548661
2025-05-23 14:15:53,991 - INFO: Evaluating at iteration 52241
2025-05-23 14:15:54,165 - INFO: Loss: 0.216891
2025-05-23 14:15:54,165 - INFO: Training ROC-AUC: 0.955357
2025-05-23 14:15:54,165 - INFO: Validation ROC-AUC: 0.563911
2025-05-23 14:16:05,404 - INFO: Evaluating at iteration 52741
2025-05-23 14:16:05,577 - INFO: Loss: 0.366059
2025-05-23 14:16:05,577 - INFO: Training ROC-AUC: 0.817143
2025-05-23 14:16:05,577 - INFO: Validation ROC-AUC: 0.568253
2025-05-23 14:16:16,778 - INFO: Evaluating at iteration 53241
2025-05-23 14:16:16,946 - INFO: Loss: 0.240255
2025-05-23 14:16:16,946 - INFO: Training ROC-AUC: 0.862069
2025-05-23 14:16:16,946 - INFO: Validation ROC-AUC: 0.555853
2025-05-23 14:16:17,755 - INFO: Starting epoch 22
2025-05-23 14:16:17,779 - INFO: Evaluating at iteration 53278
2025-05-23 14:16:17,957 - INFO: Loss: 0.200028
2025-05-23 14:16:17,957 - INFO: Training ROC-AUC: 0.919540
2025-05-23 14:16:17,957 - INFO: Validation ROC-AUC: 0.563631
2025-05-23 14:16:29,171 - INFO: Evaluating at iteration 53778
2025-05-23 14:16:29,339 - INFO: Loss: 0.263690
2025-05-23 14:16:29,339 - INFO: Training ROC-AUC: 0.937500
2025-05-23 14:16:29,339 - INFO: Validation ROC-AUC: 0.555128
2025-05-23 14:16:40,464 - INFO: Evaluating at iteration 54278
2025-05-23 14:16:40,629 - INFO: Loss: 0.257854
2025-05-23 14:16:40,629 - INFO: Training ROC-AUC: 0.794643
2025-05-23 14:16:40,629 - INFO: Validation ROC-AUC: 0.569761
2025-05-23 14:16:51,942 - INFO: Evaluating at iteration 54778
2025-05-23 14:16:52,114 - INFO: Loss: 0.195131
2025-05-23 14:16:52,114 - INFO: Training ROC-AUC: 0.942529
2025-05-23 14:16:52,114 - INFO: Validation ROC-AUC: 0.572126
2025-05-23 14:17:03,550 - INFO: Evaluating at iteration 55278
2025-05-23 14:17:03,723 - INFO: Loss: 0.278452
2025-05-23 14:17:03,723 - INFO: Training ROC-AUC: 0.866071
2025-05-23 14:17:03,723 - INFO: Validation ROC-AUC: 0.558782
2025-05-23 14:17:15,073 - INFO: Evaluating at iteration 55778
2025-05-23 14:17:15,246 - INFO: Loss: 0.374287
2025-05-23 14:17:15,246 - INFO: Training ROC-AUC: 0.826923
2025-05-23 14:17:15,246 - INFO: Validation ROC-AUC: 0.543125
2025-05-23 14:17:16,058 - INFO: Starting epoch 23
2025-05-23 14:17:16,081 - INFO: Evaluating at iteration 55815
2025-05-23 14:17:16,247 - INFO: Loss: 0.337383
2025-05-23 14:17:16,247 - INFO: Training ROC-AUC: 0.891429
2025-05-23 14:17:16,247 - INFO: Validation ROC-AUC: 0.543921
2025-05-23 14:17:27,515 - INFO: Evaluating at iteration 56315
2025-05-23 14:17:27,684 - INFO: Loss: 0.316815
2025-05-23 14:17:27,684 - INFO: Training ROC-AUC: 0.891026
2025-05-23 14:17:27,684 - INFO: Validation ROC-AUC: 0.562540
2025-05-23 14:17:38,952 - INFO: Evaluating at iteration 56815
2025-05-23 14:17:39,117 - INFO: Loss: 0.136732
2025-05-23 14:17:39,117 - INFO: Training ROC-AUC: 0.950000
2025-05-23 14:17:39,117 - INFO: Validation ROC-AUC: 0.559107
2025-05-23 14:17:50,351 - INFO: Evaluating at iteration 57315
2025-05-23 14:17:50,518 - INFO: Loss: 0.262375
2025-05-23 14:17:50,518 - INFO: Training ROC-AUC: 0.948718
2025-05-23 14:17:50,518 - INFO: Validation ROC-AUC: 0.549975
2025-05-23 14:18:01,748 - INFO: Evaluating at iteration 57815
2025-05-23 14:18:01,920 - INFO: Loss: 0.292433
2025-05-23 14:18:01,921 - INFO: Training ROC-AUC: 0.785714
2025-05-23 14:18:01,921 - INFO: Validation ROC-AUC: 0.545043
2025-05-23 14:18:13,221 - INFO: Evaluating at iteration 58315
2025-05-23 14:18:13,394 - INFO: Loss: 0.292068
2025-05-23 14:18:13,394 - INFO: Training ROC-AUC: 0.918519
2025-05-23 14:18:13,394 - INFO: Validation ROC-AUC: 0.540300
2025-05-23 14:18:14,205 - INFO: Starting epoch 24
2025-05-23 14:18:14,229 - INFO: Evaluating at iteration 58352
2025-05-23 14:18:14,398 - INFO: Loss: 0.285016
2025-05-23 14:18:14,398 - INFO: Training ROC-AUC: 0.874074
2025-05-23 14:18:14,398 - INFO: Validation ROC-AUC: 0.545296
2025-05-23 14:18:25,661 - INFO: Evaluating at iteration 58852
2025-05-23 14:18:25,825 - INFO: Loss: 0.155750
2025-05-23 14:18:25,825 - INFO: Training ROC-AUC: 0.988506
2025-05-23 14:18:25,825 - INFO: Validation ROC-AUC: 0.561672
2025-05-23 14:18:37,106 - INFO: Evaluating at iteration 59352
2025-05-23 14:18:37,273 - INFO: Loss: 0.228362
2025-05-23 14:18:37,273 - INFO: Training ROC-AUC: 0.919540
2025-05-23 14:18:37,273 - INFO: Validation ROC-AUC: 0.559305
2025-05-23 14:18:48,730 - INFO: Evaluating at iteration 59852
2025-05-23 14:18:48,904 - INFO: Loss: 0.274841
2025-05-23 14:18:48,904 - INFO: Training ROC-AUC: 0.903704
2025-05-23 14:18:48,904 - INFO: Validation ROC-AUC: 0.549353
2025-05-23 14:19:00,230 - INFO: Evaluating at iteration 60352
2025-05-23 14:19:00,400 - INFO: Loss: 0.298339
2025-05-23 14:19:00,401 - INFO: Training ROC-AUC: 0.859259
2025-05-23 14:19:00,401 - INFO: Validation ROC-AUC: 0.556632
2025-05-23 14:19:11,718 - INFO: Evaluating at iteration 60852
2025-05-23 14:19:11,890 - INFO: Loss: 0.329471
2025-05-23 14:19:11,890 - INFO: Training ROC-AUC: 0.829630
2025-05-23 14:19:11,890 - INFO: Validation ROC-AUC: 0.575655
2025-05-23 14:19:12,717 - INFO: Starting epoch 25
2025-05-23 14:19:12,741 - INFO: Evaluating at iteration 60889
2025-05-23 14:19:12,915 - INFO: Loss: 0.431638
2025-05-23 14:19:12,916 - INFO: Training ROC-AUC: 0.748571
2025-05-23 14:19:12,916 - INFO: Validation ROC-AUC: 0.569642
2025-05-23 14:19:24,208 - INFO: Evaluating at iteration 61389
2025-05-23 14:19:24,374 - INFO: Loss: 0.190748
2025-05-23 14:19:24,374 - INFO: Training ROC-AUC: 0.973214
2025-05-23 14:19:24,374 - INFO: Validation ROC-AUC: 0.561343
2025-05-23 14:19:35,685 - INFO: Evaluating at iteration 61889
2025-05-23 14:19:35,853 - INFO: Loss: 0.316727
2025-05-23 14:19:35,853 - INFO: Training ROC-AUC: 0.866667
2025-05-23 14:19:35,853 - INFO: Validation ROC-AUC: 0.538283
2025-05-23 14:19:47,241 - INFO: Evaluating at iteration 62389
2025-05-23 14:19:47,411 - INFO: Loss: 0.453554
2025-05-23 14:19:47,411 - INFO: Training ROC-AUC: 0.830918
2025-05-23 14:19:47,411 - INFO: Validation ROC-AUC: 0.563744
2025-05-23 14:19:58,737 - INFO: Evaluating at iteration 62889
2025-05-23 14:19:58,910 - INFO: Loss: 0.415635
2025-05-23 14:19:58,910 - INFO: Training ROC-AUC: 0.822917
2025-05-23 14:19:58,910 - INFO: Validation ROC-AUC: 0.548201
2025-05-23 14:20:10,234 - INFO: Evaluating at iteration 63389
2025-05-23 14:20:10,400 - INFO: Loss: 0.269783
2025-05-23 14:20:10,400 - INFO: Training ROC-AUC: 0.837037
2025-05-23 14:20:10,400 - INFO: Validation ROC-AUC: 0.553736
2025-05-23 14:20:11,224 - INFO: Saving model to models/TCRStructMap_pMHC_split_cdrs_mhc_pseudo/model_2.pt
2025-05-23 14:20:11,236 - INFO: Starting fold 3
2025-05-23 14:20:11,926 - INFO: Initialising model
2025-05-23 14:20:11,936 - INFO: Starting training
2025-05-23 14:20:11,937 - INFO: Starting epoch 1
2025-05-23 14:20:11,961 - INFO: Evaluating at iteration 1
2025-05-23 14:20:16,025 - INFO: Loss: 0.707257
2025-05-23 14:20:16,025 - INFO: Training ROC-AUC: 0.564103
2025-05-23 14:20:16,025 - INFO: Validation ROC-AUC: 0.475142
2025-05-23 14:20:25,463 - INFO: Starting epoch 2
2025-05-23 14:20:25,483 - INFO: Evaluating at iteration 457
2025-05-23 14:20:29,549 - INFO: Loss: 0.521853
2025-05-23 14:20:29,549 - INFO: Training ROC-AUC: 0.680000
2025-05-23 14:20:29,549 - INFO: Validation ROC-AUC: 0.429389
2025-05-23 14:20:39,053 - INFO: Starting epoch 3
2025-05-23 14:20:39,074 - INFO: Evaluating at iteration 913
2025-05-23 14:20:43,189 - INFO: Loss: 0.319306
2025-05-23 14:20:43,189 - INFO: Training ROC-AUC: 0.829630
2025-05-23 14:20:43,189 - INFO: Validation ROC-AUC: 0.420953
2025-05-23 14:20:52,758 - INFO: Starting epoch 4
2025-05-23 14:20:52,780 - INFO: Evaluating at iteration 1369
2025-05-23 14:20:56,796 - INFO: Loss: 0.225951
2025-05-23 14:20:56,796 - INFO: Training ROC-AUC: 0.966667
2025-05-23 14:20:56,796 - INFO: Validation ROC-AUC: 0.417917
2025-05-23 14:21:06,385 - INFO: Starting epoch 5
2025-05-23 14:21:06,407 - INFO: Evaluating at iteration 1825
2025-05-23 14:21:10,441 - INFO: Loss: 0.177639
2025-05-23 14:21:10,442 - INFO: Training ROC-AUC: 0.916667
2025-05-23 14:21:10,442 - INFO: Validation ROC-AUC: 0.415235
2025-05-23 14:21:20,050 - INFO: Starting epoch 6
2025-05-23 14:21:20,075 - INFO: Evaluating at iteration 2281
2025-05-23 14:21:24,080 - INFO: Loss: 0.244497
2025-05-23 14:21:24,080 - INFO: Training ROC-AUC: 0.666667
2025-05-23 14:21:24,080 - INFO: Validation ROC-AUC: 0.412033
2025-05-23 14:21:33,761 - INFO: Starting epoch 7
2025-05-23 14:21:33,783 - INFO: Evaluating at iteration 2737
2025-05-23 14:21:37,813 - INFO: Loss: 0.441401
2025-05-23 14:21:37,813 - INFO: Training ROC-AUC: 0.848958
2025-05-23 14:21:37,813 - INFO: Validation ROC-AUC: 0.410142
2025-05-23 14:21:47,481 - INFO: Starting epoch 8
2025-05-23 14:21:47,501 - INFO: Evaluating at iteration 3193
2025-05-23 14:21:51,514 - INFO: Loss: 0.328241
2025-05-23 14:21:51,514 - INFO: Training ROC-AUC: 0.878205
2025-05-23 14:21:51,514 - INFO: Validation ROC-AUC: 0.409560
2025-05-23 14:22:01,115 - INFO: Starting epoch 9
2025-05-23 14:22:01,136 - INFO: Evaluating at iteration 3649
2025-05-23 14:22:05,213 - INFO: Loss: 0.316020
2025-05-23 14:22:05,213 - INFO: Training ROC-AUC: 0.723214
2025-05-23 14:22:05,213 - INFO: Validation ROC-AUC: 0.406539
2025-05-23 14:22:14,893 - INFO: Starting epoch 10
2025-05-23 14:22:14,914 - INFO: Evaluating at iteration 4105
2025-05-23 14:22:18,881 - INFO: Loss: 0.444443
2025-05-23 14:22:18,881 - INFO: Training ROC-AUC: 0.750000
2025-05-23 14:22:18,881 - INFO: Validation ROC-AUC: 0.405525
2025-05-23 14:22:28,508 - INFO: Starting epoch 11
2025-05-23 14:22:28,530 - INFO: Evaluating at iteration 4561
2025-05-23 14:22:32,529 - INFO: Loss: 0.232342
2025-05-23 14:22:32,530 - INFO: Training ROC-AUC: 0.919643
2025-05-23 14:22:32,530 - INFO: Validation ROC-AUC: 0.404322
2025-05-23 14:22:42,170 - INFO: Starting epoch 12
2025-05-23 14:22:42,191 - INFO: Evaluating at iteration 5017
2025-05-23 14:22:46,215 - INFO: Loss: 0.352971
2025-05-23 14:22:46,215 - INFO: Training ROC-AUC: 0.880000
2025-05-23 14:22:46,215 - INFO: Validation ROC-AUC: 0.403991
2025-05-23 14:22:55,847 - INFO: Starting epoch 13
2025-05-23 14:22:55,869 - INFO: Evaluating at iteration 5473
2025-05-23 14:22:59,881 - INFO: Loss: 0.153717
2025-05-23 14:22:59,881 - INFO: Training ROC-AUC: 1.000000
2025-05-23 14:22:59,881 - INFO: Validation ROC-AUC: 0.403725
2025-05-23 14:23:09,539 - INFO: Starting epoch 14
2025-05-23 14:23:09,561 - INFO: Evaluating at iteration 5929
2025-05-23 14:23:13,637 - INFO: Loss: 0.372136
2025-05-23 14:23:13,637 - INFO: Training ROC-AUC: 0.880000
2025-05-23 14:23:13,637 - INFO: Validation ROC-AUC: 0.403070
2025-05-23 14:23:23,267 - INFO: Starting epoch 15
2025-05-23 14:23:23,289 - INFO: Evaluating at iteration 6385
2025-05-23 14:23:27,329 - INFO: Loss: 0.266853
2025-05-23 14:23:27,329 - INFO: Training ROC-AUC: 0.866071
2025-05-23 14:23:27,329 - INFO: Validation ROC-AUC: 0.404815
2025-05-23 14:23:36,996 - INFO: Starting epoch 16
2025-05-23 14:23:37,017 - INFO: Evaluating at iteration 6841
2025-05-23 14:23:41,034 - INFO: Loss: 0.345219
2025-05-23 14:23:41,034 - INFO: Training ROC-AUC: 0.822222
2025-05-23 14:23:41,034 - INFO: Validation ROC-AUC: 0.402214
2025-05-23 14:23:50,549 - INFO: Starting epoch 17
2025-05-23 14:23:50,570 - INFO: Evaluating at iteration 7297
2025-05-23 14:23:54,568 - INFO: Loss: 0.156143
2025-05-23 14:23:54,568 - INFO: Training ROC-AUC: 1.000000
2025-05-23 14:23:54,568 - INFO: Validation ROC-AUC: 0.405893
2025-05-23 14:24:04,081 - INFO: Starting epoch 18
2025-05-23 14:24:04,102 - INFO: Evaluating at iteration 7753
2025-05-23 14:24:08,149 - INFO: Loss: 0.347481
2025-05-23 14:24:08,149 - INFO: Training ROC-AUC: 0.913043
2025-05-23 14:24:08,149 - INFO: Validation ROC-AUC: 0.408057
2025-05-23 14:24:17,650 - INFO: Starting epoch 19
2025-05-23 14:24:17,670 - INFO: Evaluating at iteration 8209
2025-05-23 14:24:21,689 - INFO: Loss: 0.254027
2025-05-23 14:24:21,690 - INFO: Training ROC-AUC: 0.735632
2025-05-23 14:24:21,690 - INFO: Validation ROC-AUC: 0.406185
2025-05-23 14:24:31,230 - INFO: Starting epoch 20
2025-05-23 14:24:31,251 - INFO: Evaluating at iteration 8665
2025-05-23 14:24:35,290 - INFO: Loss: 0.100178
2025-05-23 14:24:35,290 - INFO: Training ROC-AUC: 1.000000
2025-05-23 14:24:35,290 - INFO: Validation ROC-AUC: 0.405053
2025-05-23 14:24:44,799 - INFO: Starting epoch 21
2025-05-23 14:24:44,820 - INFO: Evaluating at iteration 9121
2025-05-23 14:24:48,838 - INFO: Loss: 0.240801
2025-05-23 14:24:48,838 - INFO: Training ROC-AUC: 0.928571
2025-05-23 14:24:48,838 - INFO: Validation ROC-AUC: 0.406270
2025-05-23 14:24:58,391 - INFO: Starting epoch 22
2025-05-23 14:24:58,411 - INFO: Evaluating at iteration 9577
2025-05-23 14:25:02,425 - INFO: Loss: 0.229098
2025-05-23 14:25:02,426 - INFO: Training ROC-AUC: 0.919643
2025-05-23 14:25:02,426 - INFO: Validation ROC-AUC: 0.406013
2025-05-23 14:25:11,879 - INFO: Starting epoch 23
2025-05-23 14:25:11,901 - INFO: Evaluating at iteration 10033
2025-05-23 14:25:15,950 - INFO: Loss: 0.318745
2025-05-23 14:25:15,950 - INFO: Training ROC-AUC: 0.908571
2025-05-23 14:25:15,950 - INFO: Validation ROC-AUC: 0.407504
2025-05-23 14:25:25,482 - INFO: Starting epoch 24
2025-05-23 14:25:25,507 - INFO: Evaluating at iteration 10489
2025-05-23 14:25:29,537 - INFO: Loss: 0.283706
2025-05-23 14:25:29,537 - INFO: Training ROC-AUC: 0.830357
2025-05-23 14:25:29,537 - INFO: Validation ROC-AUC: 0.407684
2025-05-23 14:25:40,289 - INFO: Starting epoch 25
2025-05-23 14:25:40,310 - INFO: Evaluating at iteration 10945
2025-05-23 14:25:44,330 - INFO: Loss: 0.311199
2025-05-23 14:25:44,331 - INFO: Training ROC-AUC: 0.844444
2025-05-23 14:25:44,331 - INFO: Validation ROC-AUC: 0.407309
2025-05-23 14:25:53,824 - INFO: Saving model to models/TCRStructMap_pMHC_split_cdrs_mhc_pseudo/model_3.pt
2025-05-23 14:25:53,836 - INFO: Starting fold 4
2025-05-23 14:25:53,887 - INFO: Initialising model
2025-05-23 14:25:53,897 - INFO: Starting training
2025-05-23 14:25:53,898 - INFO: Starting epoch 1
2025-05-23 14:25:53,924 - INFO: Evaluating at iteration 1
2025-05-23 14:25:54,310 - INFO: Loss: 0.676019
2025-05-23 14:25:54,310 - INFO: Training ROC-AUC: 0.600000
2025-05-23 14:25:54,310 - INFO: Validation ROC-AUC: 0.536376
2025-05-23 14:26:04,483 - INFO: Evaluating at iteration 501
2025-05-23 14:26:04,873 - INFO: Loss: 0.601572
2025-05-23 14:26:04,873 - INFO: Training ROC-AUC: 0.604167
2025-05-23 14:26:04,873 - INFO: Validation ROC-AUC: 0.318033
2025-05-23 14:26:15,206 - INFO: Evaluating at iteration 1001
2025-05-23 14:26:15,606 - INFO: Loss: 0.465921
2025-05-23 14:26:15,606 - INFO: Training ROC-AUC: 0.673077
2025-05-23 14:26:15,606 - INFO: Validation ROC-AUC: 0.447626
2025-05-23 14:26:25,953 - INFO: Evaluating at iteration 1501
2025-05-23 14:26:26,345 - INFO: Loss: 0.394925
2025-05-23 14:26:26,345 - INFO: Training ROC-AUC: 0.685897
2025-05-23 14:26:26,345 - INFO: Validation ROC-AUC: 0.485100
2025-05-23 14:26:36,587 - INFO: Evaluating at iteration 2001
2025-05-23 14:26:36,961 - INFO: Loss: 0.309391
2025-05-23 14:26:36,961 - INFO: Training ROC-AUC: 0.923077
2025-05-23 14:26:36,961 - INFO: Validation ROC-AUC: 0.407958
2025-05-23 14:26:45,540 - INFO: Starting epoch 2
2025-05-23 14:26:45,562 - INFO: Evaluating at iteration 2419
2025-05-23 14:26:45,939 - INFO: Loss: 0.338890
2025-05-23 14:26:45,939 - INFO: Training ROC-AUC: 0.830357
2025-05-23 14:26:45,939 - INFO: Validation ROC-AUC: 0.421509
2025-05-23 14:26:56,122 - INFO: Evaluating at iteration 2919
2025-05-23 14:26:56,519 - INFO: Loss: 0.428360
2025-05-23 14:26:56,520 - INFO: Training ROC-AUC: 0.828125
2025-05-23 14:26:56,520 - INFO: Validation ROC-AUC: 0.409709
2025-05-23 14:27:06,722 - INFO: Evaluating at iteration 3419
2025-05-23 14:27:07,096 - INFO: Loss: 0.265902
2025-05-23 14:27:07,097 - INFO: Training ROC-AUC: 0.892857
2025-05-23 14:27:07,097 - INFO: Validation ROC-AUC: 0.441364
2025-05-23 14:27:17,372 - INFO: Evaluating at iteration 3919
2025-05-23 14:27:17,757 - INFO: Loss: 0.588255
2025-05-23 14:27:17,757 - INFO: Training ROC-AUC: 0.727273
2025-05-23 14:27:17,757 - INFO: Validation ROC-AUC: 0.557173
2025-05-23 14:27:27,990 - INFO: Evaluating at iteration 4419
2025-05-23 14:27:28,371 - INFO: Loss: 0.310840
2025-05-23 14:27:28,371 - INFO: Training ROC-AUC: 0.785714
2025-05-23 14:27:28,371 - INFO: Validation ROC-AUC: 0.590990
2025-05-23 14:27:36,964 - INFO: Starting epoch 3
2025-05-23 14:27:36,986 - INFO: Evaluating at iteration 4837
2025-05-23 14:27:37,367 - INFO: Loss: 0.299114
2025-05-23 14:27:37,367 - INFO: Training ROC-AUC: 0.947917
2025-05-23 14:27:37,367 - INFO: Validation ROC-AUC: 0.556188
2025-05-23 14:27:47,632 - INFO: Evaluating at iteration 5337
2025-05-23 14:27:48,009 - INFO: Loss: 0.210391
2025-05-23 14:27:48,009 - INFO: Training ROC-AUC: 0.977011
2025-05-23 14:27:48,009 - INFO: Validation ROC-AUC: 0.641771
2025-05-23 14:27:58,203 - INFO: Evaluating at iteration 5837
2025-05-23 14:27:58,573 - INFO: Loss: 0.303537
2025-05-23 14:27:58,573 - INFO: Training ROC-AUC: 0.844444
2025-05-23 14:27:58,573 - INFO: Validation ROC-AUC: 0.632216
2025-05-23 14:28:08,811 - INFO: Evaluating at iteration 6337
2025-05-23 14:28:09,222 - INFO: Loss: 0.373205
2025-05-23 14:28:09,222 - INFO: Training ROC-AUC: 0.733333
2025-05-23 14:28:09,222 - INFO: Validation ROC-AUC: 0.645488
2025-05-23 14:28:19,450 - INFO: Evaluating at iteration 6837
2025-05-23 14:28:19,825 - INFO: Loss: 0.347932
2025-05-23 14:28:19,825 - INFO: Training ROC-AUC: 0.852564
2025-05-23 14:28:19,825 - INFO: Validation ROC-AUC: 0.680514
2025-05-23 14:28:28,375 - INFO: Starting epoch 4
2025-05-23 14:28:28,398 - INFO: Evaluating at iteration 7255
2025-05-23 14:28:28,803 - INFO: Loss: 0.443326
2025-05-23 14:28:28,803 - INFO: Training ROC-AUC: 0.834286
2025-05-23 14:28:28,803 - INFO: Validation ROC-AUC: 0.625229
2025-05-23 14:28:39,028 - INFO: Evaluating at iteration 7755
2025-05-23 14:28:39,408 - INFO: Loss: 0.363166
2025-05-23 14:28:39,409 - INFO: Training ROC-AUC: 0.777778
2025-05-23 14:28:39,409 - INFO: Validation ROC-AUC: 0.612683
2025-05-23 14:28:49,683 - INFO: Evaluating at iteration 8255
2025-05-23 14:28:50,050 - INFO: Loss: 0.292367
2025-05-23 14:28:50,050 - INFO: Training ROC-AUC: 0.929487
2025-05-23 14:28:50,050 - INFO: Validation ROC-AUC: 0.675468
2025-05-23 14:29:00,284 - INFO: Evaluating at iteration 8755
2025-05-23 14:29:00,656 - INFO: Loss: 0.287931
2025-05-23 14:29:00,657 - INFO: Training ROC-AUC: 0.955128
2025-05-23 14:29:00,657 - INFO: Validation ROC-AUC: 0.635873
2025-05-23 14:29:11,011 - INFO: Evaluating at iteration 9255
2025-05-23 14:29:11,417 - INFO: Loss: 0.296787
2025-05-23 14:29:11,417 - INFO: Training ROC-AUC: 0.829630
2025-05-23 14:29:11,417 - INFO: Validation ROC-AUC: 0.637964
2025-05-23 14:29:20,349 - INFO: Starting epoch 5
2025-05-23 14:29:20,372 - INFO: Evaluating at iteration 9673
2025-05-23 14:29:20,771 - INFO: Loss: 0.340155
2025-05-23 14:29:20,771 - INFO: Training ROC-AUC: 0.650000
2025-05-23 14:29:20,771 - INFO: Validation ROC-AUC: 0.627552
2025-05-23 14:29:31,155 - INFO: Evaluating at iteration 10173
2025-05-23 14:29:31,528 - INFO: Loss: 0.335916
2025-05-23 14:29:31,528 - INFO: Training ROC-AUC: 0.616071
2025-05-23 14:29:31,528 - INFO: Validation ROC-AUC: 0.637820
2025-05-23 14:29:41,893 - INFO: Evaluating at iteration 10673
2025-05-23 14:29:42,273 - INFO: Loss: 0.231411
2025-05-23 14:29:42,273 - INFO: Training ROC-AUC: 0.700000
2025-05-23 14:29:42,273 - INFO: Validation ROC-AUC: 0.576285
2025-05-23 14:29:52,656 - INFO: Evaluating at iteration 11173
2025-05-23 14:29:53,065 - INFO: Loss: 0.391935
2025-05-23 14:29:53,065 - INFO: Training ROC-AUC: 0.775641
2025-05-23 14:29:53,065 - INFO: Validation ROC-AUC: 0.588809
2025-05-23 14:30:03,456 - INFO: Evaluating at iteration 11673
2025-05-23 14:30:03,832 - INFO: Loss: 0.445485
2025-05-23 14:30:03,832 - INFO: Training ROC-AUC: 0.679487
2025-05-23 14:30:03,832 - INFO: Validation ROC-AUC: 0.611805
2025-05-23 14:30:12,596 - INFO: Starting epoch 6
2025-05-23 14:30:12,619 - INFO: Evaluating at iteration 12091
2025-05-23 14:30:13,072 - INFO: Loss: 0.325331
2025-05-23 14:30:13,072 - INFO: Training ROC-AUC: 0.785714
2025-05-23 14:30:13,072 - INFO: Validation ROC-AUC: 0.605563
2025-05-23 14:30:23,345 - INFO: Evaluating at iteration 12591
2025-05-23 14:30:23,706 - INFO: Loss: 0.477073
2025-05-23 14:30:23,706 - INFO: Training ROC-AUC: 0.765625
2025-05-23 14:30:23,707 - INFO: Validation ROC-AUC: 0.610568
2025-05-23 14:30:33,648 - INFO: Evaluating at iteration 13091
2025-05-23 14:30:34,008 - INFO: Loss: 0.277562
2025-05-23 14:30:34,008 - INFO: Training ROC-AUC: 0.466667
2025-05-23 14:30:34,008 - INFO: Validation ROC-AUC: 0.583250
2025-05-23 14:30:43,945 - INFO: Evaluating at iteration 13591
2025-05-23 14:30:44,306 - INFO: Loss: 0.364625
2025-05-23 14:30:44,307 - INFO: Training ROC-AUC: 0.775641
2025-05-23 14:30:44,307 - INFO: Validation ROC-AUC: 0.591867
2025-05-23 14:30:54,208 - INFO: Evaluating at iteration 14091
2025-05-23 14:30:54,582 - INFO: Loss: 0.129304
2025-05-23 14:30:54,582 - INFO: Training ROC-AUC: 0.988506
2025-05-23 14:30:54,582 - INFO: Validation ROC-AUC: 0.594648
2025-05-23 14:31:02,863 - INFO: Starting epoch 7
2025-05-23 14:31:02,884 - INFO: Evaluating at iteration 14509
2025-05-23 14:31:03,257 - INFO: Loss: 0.322667
2025-05-23 14:31:03,258 - INFO: Training ROC-AUC: 0.961353
2025-05-23 14:31:03,258 - INFO: Validation ROC-AUC: 0.578178
2025-05-23 14:31:13,200 - INFO: Evaluating at iteration 15009
2025-05-23 14:31:13,585 - INFO: Loss: 0.383682
2025-05-23 14:31:13,585 - INFO: Training ROC-AUC: 0.807692
2025-05-23 14:31:13,585 - INFO: Validation ROC-AUC: 0.592360
2025-05-23 14:31:23,485 - INFO: Evaluating at iteration 15509
2025-05-23 14:31:23,855 - INFO: Loss: 0.246513
2025-05-23 14:31:23,855 - INFO: Training ROC-AUC: 0.758621
2025-05-23 14:31:23,855 - INFO: Validation ROC-AUC: 0.593727
2025-05-23 14:31:33,780 - INFO: Evaluating at iteration 16009
2025-05-23 14:31:34,141 - INFO: Loss: 0.455953
2025-05-23 14:31:34,142 - INFO: Training ROC-AUC: 0.826087
2025-05-23 14:31:34,142 - INFO: Validation ROC-AUC: 0.609012
2025-05-23 14:31:44,088 - INFO: Evaluating at iteration 16509
2025-05-23 14:31:44,448 - INFO: Loss: 0.319288
2025-05-23 14:31:44,448 - INFO: Training ROC-AUC: 0.891429
2025-05-23 14:31:44,448 - INFO: Validation ROC-AUC: 0.587870
2025-05-23 14:31:52,744 - INFO: Starting epoch 8
2025-05-23 14:31:52,765 - INFO: Evaluating at iteration 16927
2025-05-23 14:31:53,130 - INFO: Loss: 0.469749
2025-05-23 14:31:53,130 - INFO: Training ROC-AUC: 0.459259
2025-05-23 14:31:53,130 - INFO: Validation ROC-AUC: 0.570785
2025-05-23 14:32:03,108 - INFO: Evaluating at iteration 17427
2025-05-23 14:32:03,487 - INFO: Loss: 0.584890
2025-05-23 14:32:03,487 - INFO: Training ROC-AUC: 0.740909
2025-05-23 14:32:03,487 - INFO: Validation ROC-AUC: 0.638285
2025-05-23 14:32:13,444 - INFO: Evaluating at iteration 17927
2025-05-23 14:32:13,827 - INFO: Loss: 0.218584
2025-05-23 14:32:13,827 - INFO: Training ROC-AUC: 0.885057
2025-05-23 14:32:13,827 - INFO: Validation ROC-AUC: 0.550521
2025-05-23 14:32:23,769 - INFO: Evaluating at iteration 18427
2025-05-23 14:32:24,145 - INFO: Loss: 0.222600
2025-05-23 14:32:24,145 - INFO: Training ROC-AUC: 0.931034
2025-05-23 14:32:24,145 - INFO: Validation ROC-AUC: 0.589828
2025-05-23 14:32:34,059 - INFO: Evaluating at iteration 18927
2025-05-23 14:32:34,430 - INFO: Loss: 0.229510
2025-05-23 14:32:34,430 - INFO: Training ROC-AUC: 0.933333
2025-05-23 14:32:34,430 - INFO: Validation ROC-AUC: 0.593837
2025-05-23 14:32:42,743 - INFO: Starting epoch 9
2025-05-23 14:32:42,764 - INFO: Evaluating at iteration 19345
2025-05-23 14:32:43,149 - INFO: Loss: 0.320465
2025-05-23 14:32:43,149 - INFO: Training ROC-AUC: 0.871795
2025-05-23 14:32:43,149 - INFO: Validation ROC-AUC: 0.632932
2025-05-23 14:32:53,049 - INFO: Evaluating at iteration 19845
2025-05-23 14:32:53,412 - INFO: Loss: 0.285201
2025-05-23 14:32:53,412 - INFO: Training ROC-AUC: 0.857143
2025-05-23 14:32:53,412 - INFO: Validation ROC-AUC: 0.611278
2025-05-23 14:33:03,328 - INFO: Evaluating at iteration 20345
2025-05-23 14:33:03,694 - INFO: Loss: 0.197106
2025-05-23 14:33:03,694 - INFO: Training ROC-AUC: 0.908046
2025-05-23 14:33:03,694 - INFO: Validation ROC-AUC: 0.584667
2025-05-23 14:33:13,665 - INFO: Evaluating at iteration 20845
2025-05-23 14:33:14,028 - INFO: Loss: 0.266883
2025-05-23 14:33:14,028 - INFO: Training ROC-AUC: 0.896296
2025-05-23 14:33:14,028 - INFO: Validation ROC-AUC: 0.574286
2025-05-23 14:33:23,977 - INFO: Evaluating at iteration 21345
2025-05-23 14:33:24,361 - INFO: Loss: 0.463069
2025-05-23 14:33:24,362 - INFO: Training ROC-AUC: 0.807292
2025-05-23 14:33:24,362 - INFO: Validation ROC-AUC: 0.577861
2025-05-23 14:33:32,666 - INFO: Starting epoch 10
2025-05-23 14:33:32,687 - INFO: Evaluating at iteration 21763
2025-05-23 14:33:33,054 - INFO: Loss: 0.289402
2025-05-23 14:33:33,054 - INFO: Training ROC-AUC: 0.916667
2025-05-23 14:33:33,054 - INFO: Validation ROC-AUC: 0.585942
2025-05-23 14:33:42,940 - INFO: Evaluating at iteration 22263
2025-05-23 14:33:43,321 - INFO: Loss: 0.463279
2025-05-23 14:33:43,321 - INFO: Training ROC-AUC: 0.511111
2025-05-23 14:33:43,321 - INFO: Validation ROC-AUC: 0.590323
2025-05-23 14:33:53,184 - INFO: Evaluating at iteration 22763
2025-05-23 14:33:53,563 - INFO: Loss: 0.351583
2025-05-23 14:33:53,563 - INFO: Training ROC-AUC: 0.826923
2025-05-23 14:33:53,563 - INFO: Validation ROC-AUC: 0.550158
2025-05-23 14:34:03,504 - INFO: Evaluating at iteration 23263
2025-05-23 14:34:03,883 - INFO: Loss: 0.304720
2025-05-23 14:34:03,883 - INFO: Training ROC-AUC: 0.858974
2025-05-23 14:34:03,883 - INFO: Validation ROC-AUC: 0.552395
2025-05-23 14:34:13,747 - INFO: Evaluating at iteration 23763
2025-05-23 14:34:14,139 - INFO: Loss: 0.553854
2025-05-23 14:34:14,139 - INFO: Training ROC-AUC: 0.854545
2025-05-23 14:34:14,139 - INFO: Validation ROC-AUC: 0.614272
2025-05-23 14:34:22,504 - INFO: Starting epoch 11
2025-05-23 14:34:22,526 - INFO: Evaluating at iteration 24181
2025-05-23 14:34:22,890 - INFO: Loss: 0.351493
2025-05-23 14:34:22,890 - INFO: Training ROC-AUC: 0.846154
2025-05-23 14:34:22,890 - INFO: Validation ROC-AUC: 0.572488
2025-05-23 14:34:32,807 - INFO: Evaluating at iteration 24681
2025-05-23 14:34:33,175 - INFO: Loss: 0.349169
2025-05-23 14:34:33,176 - INFO: Training ROC-AUC: 0.811429
2025-05-23 14:34:33,176 - INFO: Validation ROC-AUC: 0.598333
2025-05-23 14:34:43,083 - INFO: Evaluating at iteration 25181
2025-05-23 14:34:43,449 - INFO: Loss: 0.417148
2025-05-23 14:34:43,449 - INFO: Training ROC-AUC: 0.760000
2025-05-23 14:34:43,449 - INFO: Validation ROC-AUC: 0.564977
2025-05-23 14:34:53,406 - INFO: Evaluating at iteration 25681
2025-05-23 14:34:53,782 - INFO: Loss: 0.275046
2025-05-23 14:34:53,782 - INFO: Training ROC-AUC: 0.875000
2025-05-23 14:34:53,782 - INFO: Validation ROC-AUC: 0.599366
2025-05-23 14:35:03,656 - INFO: Evaluating at iteration 26181
2025-05-23 14:35:04,033 - INFO: Loss: 0.371722
2025-05-23 14:35:04,034 - INFO: Training ROC-AUC: 0.807692
2025-05-23 14:35:04,034 - INFO: Validation ROC-AUC: 0.563442
2025-05-23 14:35:12,406 - INFO: Starting epoch 12
2025-05-23 14:35:12,427 - INFO: Evaluating at iteration 26599
2025-05-23 14:35:12,798 - INFO: Loss: 0.219016
2025-05-23 14:35:12,798 - INFO: Training ROC-AUC: 0.908046
2025-05-23 14:35:12,798 - INFO: Validation ROC-AUC: 0.585319
2025-05-23 14:35:22,690 - INFO: Evaluating at iteration 27099
2025-05-23 14:35:23,074 - INFO: Loss: 0.229791
2025-05-23 14:35:23,074 - INFO: Training ROC-AUC: 0.955556
2025-05-23 14:35:23,074 - INFO: Validation ROC-AUC: 0.533787
2025-05-23 14:35:33,043 - INFO: Evaluating at iteration 27599
2025-05-23 14:35:33,418 - INFO: Loss: 0.336656
2025-05-23 14:35:33,418 - INFO: Training ROC-AUC: 0.829630
2025-05-23 14:35:33,419 - INFO: Validation ROC-AUC: 0.590963
2025-05-23 14:35:43,400 - INFO: Evaluating at iteration 28099
2025-05-23 14:35:43,783 - INFO: Loss: 0.474044
2025-05-23 14:35:43,783 - INFO: Training ROC-AUC: 0.870130
2025-05-23 14:35:43,783 - INFO: Validation ROC-AUC: 0.606293
2025-05-23 14:35:53,677 - INFO: Evaluating at iteration 28599
2025-05-23 14:35:54,042 - INFO: Loss: 0.375360
2025-05-23 14:35:54,042 - INFO: Training ROC-AUC: 0.807692
2025-05-23 14:35:54,042 - INFO: Validation ROC-AUC: 0.567263
2025-05-23 14:36:02,407 - INFO: Starting epoch 13
2025-05-23 14:36:02,429 - INFO: Evaluating at iteration 29017
2025-05-23 14:36:02,818 - INFO: Loss: 0.393222
2025-05-23 14:36:02,818 - INFO: Training ROC-AUC: 0.786458
2025-05-23 14:36:02,818 - INFO: Validation ROC-AUC: 0.594915
2025-05-23 14:36:12,734 - INFO: Evaluating at iteration 29517
2025-05-23 14:36:13,100 - INFO: Loss: 0.387685
2025-05-23 14:36:13,100 - INFO: Training ROC-AUC: 0.756410
2025-05-23 14:36:13,100 - INFO: Validation ROC-AUC: 0.530073
2025-05-23 14:36:23,069 - INFO: Evaluating at iteration 30017
2025-05-23 14:36:23,431 - INFO: Loss: 0.391182
2025-05-23 14:36:23,431 - INFO: Training ROC-AUC: 0.770833
2025-05-23 14:36:23,431 - INFO: Validation ROC-AUC: 0.549171
2025-05-23 14:36:33,424 - INFO: Evaluating at iteration 30517
2025-05-23 14:36:33,795 - INFO: Loss: 0.251242
2025-05-23 14:36:33,795 - INFO: Training ROC-AUC: 0.650000
2025-05-23 14:36:33,795 - INFO: Validation ROC-AUC: 0.569483
2025-05-23 14:36:43,802 - INFO: Evaluating at iteration 31017
2025-05-23 14:36:44,165 - INFO: Loss: 0.283369
2025-05-23 14:36:44,165 - INFO: Training ROC-AUC: 0.767857
2025-05-23 14:36:44,165 - INFO: Validation ROC-AUC: 0.610537
2025-05-23 14:36:52,526 - INFO: Starting epoch 14
2025-05-23 14:36:52,547 - INFO: Evaluating at iteration 31435
2025-05-23 14:36:52,929 - INFO: Loss: 0.349962
2025-05-23 14:36:52,929 - INFO: Training ROC-AUC: 0.833333
2025-05-23 14:36:52,929 - INFO: Validation ROC-AUC: 0.574949
2025-05-23 14:37:02,865 - INFO: Evaluating at iteration 31935
2025-05-23 14:37:03,254 - INFO: Loss: 0.262898
2025-05-23 14:37:03,254 - INFO: Training ROC-AUC: 0.793103
2025-05-23 14:37:03,254 - INFO: Validation ROC-AUC: 0.594454
2025-05-23 14:37:13,255 - INFO: Evaluating at iteration 32435
2025-05-23 14:37:13,612 - INFO: Loss: 0.242090
2025-05-23 14:37:13,612 - INFO: Training ROC-AUC: 0.916667
2025-05-23 14:37:13,612 - INFO: Validation ROC-AUC: 0.614101
2025-05-23 14:37:23,478 - INFO: Evaluating at iteration 32935
2025-05-23 14:37:23,862 - INFO: Loss: 0.417070
2025-05-23 14:37:23,862 - INFO: Training ROC-AUC: 0.748571
2025-05-23 14:37:23,862 - INFO: Validation ROC-AUC: 0.570425
2025-05-23 14:37:33,839 - INFO: Evaluating at iteration 33435
2025-05-23 14:37:34,192 - INFO: Loss: 0.168120
2025-05-23 14:37:34,192 - INFO: Training ROC-AUC: 0.774194
2025-05-23 14:37:34,192 - INFO: Validation ROC-AUC: 0.586429
2025-05-23 14:37:42,574 - INFO: Starting epoch 15
2025-05-23 14:37:42,595 - INFO: Evaluating at iteration 33853
2025-05-23 14:37:42,962 - INFO: Loss: 0.261607
2025-05-23 14:37:42,962 - INFO: Training ROC-AUC: 0.942308
2025-05-23 14:37:42,962 - INFO: Validation ROC-AUC: 0.631812
2025-05-23 14:37:52,929 - INFO: Evaluating at iteration 34353
2025-05-23 14:37:53,288 - INFO: Loss: 0.238078
2025-05-23 14:37:53,288 - INFO: Training ROC-AUC: 0.918519
2025-05-23 14:37:53,288 - INFO: Validation ROC-AUC: 0.585941
2025-05-23 14:38:03,393 - INFO: Evaluating at iteration 34853
2025-05-23 14:38:03,772 - INFO: Loss: 0.217723
2025-05-23 14:38:03,772 - INFO: Training ROC-AUC: 0.800000
2025-05-23 14:38:03,773 - INFO: Validation ROC-AUC: 0.524823
2025-05-23 14:38:13,811 - INFO: Evaluating at iteration 35353
2025-05-23 14:38:14,200 - INFO: Loss: 0.406227
2025-05-23 14:38:14,200 - INFO: Training ROC-AUC: 0.859375
2025-05-23 14:38:14,200 - INFO: Validation ROC-AUC: 0.574169
2025-05-23 14:38:24,256 - INFO: Evaluating at iteration 35853
2025-05-23 14:38:24,621 - INFO: Loss: 0.417221
2025-05-23 14:38:24,621 - INFO: Training ROC-AUC: 0.903382
2025-05-23 14:38:24,622 - INFO: Validation ROC-AUC: 0.622505
2025-05-23 14:38:33,067 - INFO: Starting epoch 16
2025-05-23 14:38:33,090 - INFO: Evaluating at iteration 36271
2025-05-23 14:38:33,482 - INFO: Loss: 0.436394
2025-05-23 14:38:33,482 - INFO: Training ROC-AUC: 0.720000
2025-05-23 14:38:33,482 - INFO: Validation ROC-AUC: 0.575364
2025-05-23 14:38:43,552 - INFO: Evaluating at iteration 36771
2025-05-23 14:38:43,935 - INFO: Loss: 0.317477
2025-05-23 14:38:43,935 - INFO: Training ROC-AUC: 0.897436
2025-05-23 14:38:43,935 - INFO: Validation ROC-AUC: 0.547841
2025-05-23 14:38:54,049 - INFO: Evaluating at iteration 37271
2025-05-23 14:38:54,436 - INFO: Loss: 0.417931
2025-05-23 14:38:54,437 - INFO: Training ROC-AUC: 0.771429
2025-05-23 14:38:54,437 - INFO: Validation ROC-AUC: 0.551382
2025-05-23 14:39:04,466 - INFO: Evaluating at iteration 37771
2025-05-23 14:39:04,839 - INFO: Loss: 0.343290
2025-05-23 14:39:04,839 - INFO: Training ROC-AUC: 0.762821
2025-05-23 14:39:04,839 - INFO: Validation ROC-AUC: 0.575389
2025-05-23 14:39:14,935 - INFO: Evaluating at iteration 38271
2025-05-23 14:39:15,316 - INFO: Loss: 0.253449
2025-05-23 14:39:15,316 - INFO: Training ROC-AUC: 0.781609
2025-05-23 14:39:15,316 - INFO: Validation ROC-AUC: 0.586317
2025-05-23 14:39:23,764 - INFO: Starting epoch 17
2025-05-23 14:39:23,786 - INFO: Evaluating at iteration 38689
2025-05-23 14:39:24,162 - INFO: Loss: 0.708780
2025-05-23 14:39:24,162 - INFO: Training ROC-AUC: 0.462857
2025-05-23 14:39:24,162 - INFO: Validation ROC-AUC: 0.570194
2025-05-23 14:39:34,276 - INFO: Evaluating at iteration 39189
2025-05-23 14:39:34,647 - INFO: Loss: 0.244472
2025-05-23 14:39:34,647 - INFO: Training ROC-AUC: 0.892857
2025-05-23 14:39:34,647 - INFO: Validation ROC-AUC: 0.575380
2025-05-23 14:39:44,787 - INFO: Evaluating at iteration 39689
2025-05-23 14:39:45,162 - INFO: Loss: 0.363472
2025-05-23 14:39:45,162 - INFO: Training ROC-AUC: 0.880000
2025-05-23 14:39:45,162 - INFO: Validation ROC-AUC: 0.550552
2025-05-23 14:39:55,179 - INFO: Evaluating at iteration 40189
2025-05-23 14:39:55,563 - INFO: Loss: 0.302678
2025-05-23 14:39:55,563 - INFO: Training ROC-AUC: 0.803571
2025-05-23 14:39:55,563 - INFO: Validation ROC-AUC: 0.573175
2025-05-23 14:40:05,686 - INFO: Evaluating at iteration 40689
2025-05-23 14:40:06,039 - INFO: Loss: 0.158618
2025-05-23 14:40:06,039 - INFO: Training ROC-AUC: 1.000000
2025-05-23 14:40:06,039 - INFO: Validation ROC-AUC: 0.567546
2025-05-23 14:40:14,505 - INFO: Starting epoch 18
2025-05-23 14:40:14,527 - INFO: Evaluating at iteration 41107
2025-05-23 14:40:14,898 - INFO: Loss: 0.343019
2025-05-23 14:40:14,898 - INFO: Training ROC-AUC: 0.767857
2025-05-23 14:40:14,898 - INFO: Validation ROC-AUC: 0.590783
2025-05-23 14:40:25,067 - INFO: Evaluating at iteration 41607
2025-05-23 14:40:25,429 - INFO: Loss: 0.341692
2025-05-23 14:40:25,429 - INFO: Training ROC-AUC: 0.820513
2025-05-23 14:40:25,429 - INFO: Validation ROC-AUC: 0.573957
2025-05-23 14:40:35,639 - INFO: Evaluating at iteration 42107
2025-05-23 14:40:36,030 - INFO: Loss: 0.375676
2025-05-23 14:40:36,030 - INFO: Training ROC-AUC: 0.828571
2025-05-23 14:40:36,030 - INFO: Validation ROC-AUC: 0.592474
2025-05-23 14:40:46,227 - INFO: Evaluating at iteration 42607
2025-05-23 14:40:46,588 - INFO: Loss: 0.465597
2025-05-23 14:40:46,588 - INFO: Training ROC-AUC: 0.807292
2025-05-23 14:40:46,588 - INFO: Validation ROC-AUC: 0.552277
2025-05-23 14:40:56,839 - INFO: Evaluating at iteration 43107
2025-05-23 14:40:57,202 - INFO: Loss: 0.444477
2025-05-23 14:40:57,202 - INFO: Training ROC-AUC: 0.845411
2025-05-23 14:40:57,202 - INFO: Validation ROC-AUC: 0.551027
2025-05-23 14:41:05,682 - INFO: Starting epoch 19
2025-05-23 14:41:05,704 - INFO: Evaluating at iteration 43525
2025-05-23 14:41:06,069 - INFO: Loss: 0.365295
2025-05-23 14:41:06,069 - INFO: Training ROC-AUC: 0.762963
2025-05-23 14:41:06,069 - INFO: Validation ROC-AUC: 0.595419
2025-05-23 14:41:16,295 - INFO: Evaluating at iteration 44025
2025-05-23 14:41:16,680 - INFO: Loss: 0.319702
2025-05-23 14:41:16,681 - INFO: Training ROC-AUC: 0.785185
2025-05-23 14:41:16,681 - INFO: Validation ROC-AUC: 0.574987
2025-05-23 14:41:26,866 - INFO: Evaluating at iteration 44525
2025-05-23 14:41:27,257 - INFO: Loss: 0.380944
2025-05-23 14:41:27,257 - INFO: Training ROC-AUC: 0.703704
2025-05-23 14:41:27,257 - INFO: Validation ROC-AUC: 0.584228
2025-05-23 14:41:37,536 - INFO: Evaluating at iteration 45025
2025-05-23 14:41:37,914 - INFO: Loss: 0.376402
2025-05-23 14:41:37,914 - INFO: Training ROC-AUC: 0.771429
2025-05-23 14:41:37,914 - INFO: Validation ROC-AUC: 0.550411
2025-05-23 14:41:48,189 - INFO: Evaluating at iteration 45525
2025-05-23 14:41:48,552 - INFO: Loss: 0.204074
2025-05-23 14:41:48,552 - INFO: Training ROC-AUC: 1.000000
2025-05-23 14:41:48,552 - INFO: Validation ROC-AUC: 0.604814
2025-05-23 14:41:57,095 - INFO: Starting epoch 20
2025-05-23 14:41:57,118 - INFO: Evaluating at iteration 45943
2025-05-23 14:41:57,505 - INFO: Loss: 0.249020
2025-05-23 14:41:57,505 - INFO: Training ROC-AUC: 0.533333
2025-05-23 14:41:57,505 - INFO: Validation ROC-AUC: 0.535677
2025-05-23 14:42:07,756 - INFO: Evaluating at iteration 46443
2025-05-23 14:42:08,126 - INFO: Loss: 0.410193
2025-05-23 14:42:08,126 - INFO: Training ROC-AUC: 0.765714
2025-05-23 14:42:08,126 - INFO: Validation ROC-AUC: 0.552605
2025-05-23 14:42:18,408 - INFO: Evaluating at iteration 46943
2025-05-23 14:42:18,804 - INFO: Loss: 0.159656
2025-05-23 14:42:18,804 - INFO: Training ROC-AUC: 0.903226
2025-05-23 14:42:18,804 - INFO: Validation ROC-AUC: 0.540974
2025-05-23 14:42:29,182 - INFO: Evaluating at iteration 47443
2025-05-23 14:42:29,550 - INFO: Loss: 0.293596
2025-05-23 14:42:29,550 - INFO: Training ROC-AUC: 0.937143
2025-05-23 14:42:29,550 - INFO: Validation ROC-AUC: 0.573985
2025-05-23 14:42:39,856 - INFO: Evaluating at iteration 47943
2025-05-23 14:42:40,221 - INFO: Loss: 0.248676
2025-05-23 14:42:40,221 - INFO: Training ROC-AUC: 0.970370
2025-05-23 14:42:40,221 - INFO: Validation ROC-AUC: 0.580852
2025-05-23 14:42:48,924 - INFO: Starting epoch 21
2025-05-23 14:42:48,948 - INFO: Evaluating at iteration 48361
2025-05-23 14:42:49,331 - INFO: Loss: 0.304534
2025-05-23 14:42:49,331 - INFO: Training ROC-AUC: 0.776786
2025-05-23 14:42:49,331 - INFO: Validation ROC-AUC: 0.539948
2025-05-23 14:42:59,683 - INFO: Evaluating at iteration 48861
2025-05-23 14:43:00,065 - INFO: Loss: 0.349936
2025-05-23 14:43:00,065 - INFO: Training ROC-AUC: 0.878205
2025-05-23 14:43:00,065 - INFO: Validation ROC-AUC: 0.559814
2025-05-23 14:43:10,429 - INFO: Evaluating at iteration 49361
2025-05-23 14:43:10,809 - INFO: Loss: 0.242235
2025-05-23 14:43:10,809 - INFO: Training ROC-AUC: 0.866071
2025-05-23 14:43:10,809 - INFO: Validation ROC-AUC: 0.578506
2025-05-23 14:43:21,174 - INFO: Evaluating at iteration 49861
2025-05-23 14:43:21,563 - INFO: Loss: 0.279816
2025-05-23 14:43:21,564 - INFO: Training ROC-AUC: 0.794643
2025-05-23 14:43:21,564 - INFO: Validation ROC-AUC: 0.545581
2025-05-23 14:43:31,898 - INFO: Evaluating at iteration 50361
2025-05-23 14:43:32,283 - INFO: Loss: 0.526092
2025-05-23 14:43:32,283 - INFO: Training ROC-AUC: 0.671875
2025-05-23 14:43:32,283 - INFO: Validation ROC-AUC: 0.561619
2025-05-23 14:43:40,972 - INFO: Starting epoch 22
2025-05-23 14:43:40,994 - INFO: Evaluating at iteration 50779
2025-05-23 14:43:41,370 - INFO: Loss: 0.287260
2025-05-23 14:43:41,370 - INFO: Training ROC-AUC: 0.878205
2025-05-23 14:43:41,370 - INFO: Validation ROC-AUC: 0.559764
2025-05-23 14:43:51,766 - INFO: Evaluating at iteration 51279
2025-05-23 14:43:52,152 - INFO: Loss: 0.345439
2025-05-23 14:43:52,153 - INFO: Training ROC-AUC: 0.801282
2025-05-23 14:43:52,153 - INFO: Validation ROC-AUC: 0.542695
2025-05-23 14:44:02,609 - INFO: Evaluating at iteration 51779
2025-05-23 14:44:02,978 - INFO: Loss: 0.272257
2025-05-23 14:44:02,978 - INFO: Training ROC-AUC: 0.735632
2025-05-23 14:44:02,978 - INFO: Validation ROC-AUC: 0.554900
2025-05-23 14:44:13,392 - INFO: Evaluating at iteration 52279
2025-05-23 14:44:13,786 - INFO: Loss: 0.293347
2025-05-23 14:44:13,786 - INFO: Training ROC-AUC: 0.733333
2025-05-23 14:44:13,786 - INFO: Validation ROC-AUC: 0.545667
2025-05-23 14:44:24,231 - INFO: Evaluating at iteration 52779
2025-05-23 14:44:24,590 - INFO: Loss: 0.165666
2025-05-23 14:44:24,590 - INFO: Training ROC-AUC: 0.955357
2025-05-23 14:44:24,590 - INFO: Validation ROC-AUC: 0.520972
2025-05-23 14:44:33,400 - INFO: Starting epoch 23
2025-05-23 14:44:33,422 - INFO: Evaluating at iteration 53197
2025-05-23 14:44:33,789 - INFO: Loss: 0.260148
2025-05-23 14:44:33,789 - INFO: Training ROC-AUC: 0.903704
2025-05-23 14:44:33,789 - INFO: Validation ROC-AUC: 0.560660
2025-05-23 14:44:44,236 - INFO: Evaluating at iteration 53697
2025-05-23 14:44:44,596 - INFO: Loss: 0.347706
2025-05-23 14:44:44,596 - INFO: Training ROC-AUC: 0.777778
2025-05-23 14:44:44,596 - INFO: Validation ROC-AUC: 0.576421
2025-05-23 14:44:55,098 - INFO: Evaluating at iteration 54197
2025-05-23 14:44:55,484 - INFO: Loss: 0.483389
2025-05-23 14:44:55,484 - INFO: Training ROC-AUC: 0.845455
2025-05-23 14:44:55,484 - INFO: Validation ROC-AUC: 0.540470
2025-05-23 14:45:06,062 - INFO: Evaluating at iteration 54697
2025-05-23 14:45:06,460 - INFO: Loss: 0.411075
2025-05-23 14:45:06,460 - INFO: Training ROC-AUC: 0.770833
2025-05-23 14:45:06,460 - INFO: Validation ROC-AUC: 0.537776
2025-05-23 14:45:17,016 - INFO: Evaluating at iteration 55197
2025-05-23 14:45:17,384 - INFO: Loss: 0.210088
2025-05-23 14:45:17,384 - INFO: Training ROC-AUC: 0.946429
2025-05-23 14:45:17,384 - INFO: Validation ROC-AUC: 0.549452
2025-05-23 14:45:26,118 - INFO: Starting epoch 24
2025-05-23 14:45:26,140 - INFO: Evaluating at iteration 55615
2025-05-23 14:45:26,527 - INFO: Loss: 0.404160
2025-05-23 14:45:26,527 - INFO: Training ROC-AUC: 0.681481
2025-05-23 14:45:26,527 - INFO: Validation ROC-AUC: 0.552420
2025-05-23 14:45:37,036 - INFO: Evaluating at iteration 56115
2025-05-23 14:45:37,396 - INFO: Loss: 0.312709
2025-05-23 14:45:37,396 - INFO: Training ROC-AUC: 0.812500
2025-05-23 14:45:37,396 - INFO: Validation ROC-AUC: 0.565812
2025-05-23 14:45:47,859 - INFO: Evaluating at iteration 56615
2025-05-23 14:45:48,222 - INFO: Loss: 0.368088
2025-05-23 14:45:48,223 - INFO: Training ROC-AUC: 0.814103
2025-05-23 14:45:48,223 - INFO: Validation ROC-AUC: 0.554783
2025-05-23 14:45:58,766 - INFO: Evaluating at iteration 57115
2025-05-23 14:45:59,149 - INFO: Loss: 0.236048
2025-05-23 14:45:59,149 - INFO: Training ROC-AUC: 0.873563
2025-05-23 14:45:59,149 - INFO: Validation ROC-AUC: 0.558081
2025-05-23 14:46:09,869 - INFO: Evaluating at iteration 57615
2025-05-23 14:46:10,236 - INFO: Loss: 0.291139
2025-05-23 14:46:10,236 - INFO: Training ROC-AUC: 0.891026
2025-05-23 14:46:10,236 - INFO: Validation ROC-AUC: 0.554632
2025-05-23 14:46:19,164 - INFO: Starting epoch 25
2025-05-23 14:46:19,189 - INFO: Evaluating at iteration 58033
2025-05-23 14:46:19,549 - INFO: Loss: 0.384839
2025-05-23 14:46:19,549 - INFO: Training ROC-AUC: 0.820513
2025-05-23 14:46:19,550 - INFO: Validation ROC-AUC: 0.593015
2025-05-23 14:46:30,207 - INFO: Evaluating at iteration 58533
2025-05-23 14:46:30,568 - INFO: Loss: 0.289707
2025-05-23 14:46:30,568 - INFO: Training ROC-AUC: 0.812500
2025-05-23 14:46:30,568 - INFO: Validation ROC-AUC: 0.575543
2025-05-23 14:46:41,058 - INFO: Evaluating at iteration 59033
2025-05-23 14:46:41,429 - INFO: Loss: 0.346395
2025-05-23 14:46:41,429 - INFO: Training ROC-AUC: 0.865385
2025-05-23 14:46:41,429 - INFO: Validation ROC-AUC: 0.554653
2025-05-23 14:46:51,998 - INFO: Evaluating at iteration 59533
2025-05-23 14:46:52,354 - INFO: Loss: 0.313472
2025-05-23 14:46:52,354 - INFO: Training ROC-AUC: 0.829630
2025-05-23 14:46:52,354 - INFO: Validation ROC-AUC: 0.577540
2025-05-23 14:47:03,270 - INFO: Evaluating at iteration 60033
2025-05-23 14:47:03,628 - INFO: Loss: 0.319483
2025-05-23 14:47:03,628 - INFO: Training ROC-AUC: 0.902857
2025-05-23 14:47:03,628 - INFO: Validation ROC-AUC: 0.560564
2025-05-23 14:47:12,809 - INFO: Saving model to models/TCRStructMap_pMHC_split_cdrs_mhc_pseudo/model_4.pt
2025-05-23 14:47:12,820 - INFO: Starting fold 5
2025-05-23 14:47:12,850 - INFO: Initialising model
2025-05-23 14:47:12,860 - INFO: Starting training
2025-05-23 14:47:12,861 - INFO: Starting epoch 1
2025-05-23 14:47:12,885 - INFO: Evaluating at iteration 1
2025-05-23 14:47:13,148 - INFO: Loss: 0.677672
2025-05-23 14:47:13,148 - INFO: Training ROC-AUC: 0.586207
2025-05-23 14:47:13,148 - INFO: Validation ROC-AUC: 0.449145
2025-05-23 14:47:22,742 - INFO: Evaluating at iteration 501
2025-05-23 14:47:23,003 - INFO: Loss: 0.469370
2025-05-23 14:47:23,004 - INFO: Training ROC-AUC: 0.647436
2025-05-23 14:47:23,004 - INFO: Validation ROC-AUC: 0.419370
2025-05-23 14:47:32,787 - INFO: Evaluating at iteration 1001
2025-05-23 14:47:33,044 - INFO: Loss: 0.377465
2025-05-23 14:47:33,044 - INFO: Training ROC-AUC: 0.614815
2025-05-23 14:47:33,044 - INFO: Validation ROC-AUC: 0.397503
2025-05-23 14:47:42,868 - INFO: Evaluating at iteration 1501
2025-05-23 14:47:43,129 - INFO: Loss: 0.322345
2025-05-23 14:47:43,129 - INFO: Training ROC-AUC: 0.776786
2025-05-23 14:47:43,129 - INFO: Validation ROC-AUC: 0.574232
2025-05-23 14:47:52,948 - INFO: Evaluating at iteration 2001
2025-05-23 14:47:53,212 - INFO: Loss: 0.385927
2025-05-23 14:47:53,212 - INFO: Training ROC-AUC: 0.644444
2025-05-23 14:47:53,212 - INFO: Validation ROC-AUC: 0.546423
2025-05-23 14:48:02,505 - INFO: Starting epoch 2
2025-05-23 14:48:02,527 - INFO: Evaluating at iteration 2475
2025-05-23 14:48:02,798 - INFO: Loss: 0.307276
2025-05-23 14:48:02,798 - INFO: Training ROC-AUC: 0.632184
2025-05-23 14:48:02,798 - INFO: Validation ROC-AUC: 0.552347
2025-05-23 14:48:12,694 - INFO: Evaluating at iteration 2975
2025-05-23 14:48:12,957 - INFO: Loss: 0.312856
2025-05-23 14:48:12,957 - INFO: Training ROC-AUC: 0.750000
2025-05-23 14:48:12,957 - INFO: Validation ROC-AUC: 0.546280
2025-05-23 14:48:22,792 - INFO: Evaluating at iteration 3475
2025-05-23 14:48:23,053 - INFO: Loss: 0.453080
2025-05-23 14:48:23,053 - INFO: Training ROC-AUC: 0.859903
2025-05-23 14:48:23,053 - INFO: Validation ROC-AUC: 0.567644
2025-05-23 14:48:33,044 - INFO: Evaluating at iteration 3975
2025-05-23 14:48:33,304 - INFO: Loss: 0.451363
2025-05-23 14:48:33,305 - INFO: Training ROC-AUC: 0.705128
2025-05-23 14:48:33,305 - INFO: Validation ROC-AUC: 0.550707
2025-05-23 14:48:43,190 - INFO: Evaluating at iteration 4475
2025-05-23 14:48:43,448 - INFO: Loss: 0.385858
2025-05-23 14:48:43,448 - INFO: Training ROC-AUC: 0.571429
2025-05-23 14:48:43,448 - INFO: Validation ROC-AUC: 0.551539
2025-05-23 14:48:52,725 - INFO: Starting epoch 3
2025-05-23 14:48:52,745 - INFO: Evaluating at iteration 4949
2025-05-23 14:48:53,006 - INFO: Loss: 0.261960
2025-05-23 14:48:53,006 - INFO: Training ROC-AUC: 0.701149
2025-05-23 14:48:53,006 - INFO: Validation ROC-AUC: 0.559065
2025-05-23 14:49:02,816 - INFO: Evaluating at iteration 5449
2025-05-23 14:49:03,088 - INFO: Loss: 0.450020
2025-05-23 14:49:03,088 - INFO: Training ROC-AUC: 0.511111
2025-05-23 14:49:03,088 - INFO: Validation ROC-AUC: 0.555716
2025-05-23 14:49:12,985 - INFO: Evaluating at iteration 5949
2025-05-23 14:49:13,248 - INFO: Loss: 0.451802
2025-05-23 14:49:13,248 - INFO: Training ROC-AUC: 0.760417
2025-05-23 14:49:13,248 - INFO: Validation ROC-AUC: 0.543896
2025-05-23 14:49:23,108 - INFO: Evaluating at iteration 6449
2025-05-23 14:49:23,371 - INFO: Loss: 0.482161
2025-05-23 14:49:23,371 - INFO: Training ROC-AUC: 0.748792
2025-05-23 14:49:23,371 - INFO: Validation ROC-AUC: 0.561407
2025-05-23 14:49:33,181 - INFO: Evaluating at iteration 6949
2025-05-23 14:49:33,439 - INFO: Loss: 0.212523
2025-05-23 14:49:33,439 - INFO: Training ROC-AUC: 0.942529
2025-05-23 14:49:33,439 - INFO: Validation ROC-AUC: 0.577932
2025-05-23 14:49:42,813 - INFO: Starting epoch 4
2025-05-23 14:49:42,835 - INFO: Evaluating at iteration 7423
2025-05-23 14:49:43,095 - INFO: Loss: 0.334594
2025-05-23 14:49:43,095 - INFO: Training ROC-AUC: 0.891026
2025-05-23 14:49:43,095 - INFO: Validation ROC-AUC: 0.540455
2025-05-23 14:49:52,967 - INFO: Evaluating at iteration 7923
2025-05-23 14:49:53,228 - INFO: Loss: 0.504524
2025-05-23 14:49:53,228 - INFO: Training ROC-AUC: 0.782857
2025-05-23 14:49:53,228 - INFO: Validation ROC-AUC: 0.592536
2025-05-23 14:50:03,072 - INFO: Evaluating at iteration 8423
2025-05-23 14:50:03,343 - INFO: Loss: 0.365061
2025-05-23 14:50:03,343 - INFO: Training ROC-AUC: 0.756410
2025-05-23 14:50:03,343 - INFO: Validation ROC-AUC: 0.587668
2025-05-23 14:50:13,194 - INFO: Evaluating at iteration 8923
2025-05-23 14:50:13,459 - INFO: Loss: 0.393670
2025-05-23 14:50:13,459 - INFO: Training ROC-AUC: 0.845714
2025-05-23 14:50:13,459 - INFO: Validation ROC-AUC: 0.581630
2025-05-23 14:50:23,372 - INFO: Evaluating at iteration 9423
2025-05-23 14:50:23,634 - INFO: Loss: 0.254021
2025-05-23 14:50:23,634 - INFO: Training ROC-AUC: 0.816092
2025-05-23 14:50:23,634 - INFO: Validation ROC-AUC: 0.591091
2025-05-23 14:50:33,055 - INFO: Starting epoch 5
2025-05-23 14:50:33,076 - INFO: Evaluating at iteration 9897
2025-05-23 14:50:33,337 - INFO: Loss: 0.196600
2025-05-23 14:50:33,337 - INFO: Training ROC-AUC: 0.937500
2025-05-23 14:50:33,337 - INFO: Validation ROC-AUC: 0.559006
2025-05-23 14:50:43,239 - INFO: Evaluating at iteration 10397
2025-05-23 14:50:43,496 - INFO: Loss: 0.371862
2025-05-23 14:50:43,496 - INFO: Training ROC-AUC: 0.852564
2025-05-23 14:50:43,496 - INFO: Validation ROC-AUC: 0.568375
2025-05-23 14:50:53,369 - INFO: Evaluating at iteration 10897
2025-05-23 14:50:53,627 - INFO: Loss: 0.307949
2025-05-23 14:50:53,627 - INFO: Training ROC-AUC: 0.927083
2025-05-23 14:50:53,627 - INFO: Validation ROC-AUC: 0.570233
2025-05-23 14:51:03,549 - INFO: Evaluating at iteration 11397
2025-05-23 14:51:03,822 - INFO: Loss: 0.308899
2025-05-23 14:51:03,822 - INFO: Training ROC-AUC: 0.814815
2025-05-23 14:51:03,822 - INFO: Validation ROC-AUC: 0.617892
2025-05-23 14:51:13,685 - INFO: Evaluating at iteration 11897
2025-05-23 14:51:13,949 - INFO: Loss: 0.315599
2025-05-23 14:51:13,949 - INFO: Training ROC-AUC: 0.859259
2025-05-23 14:51:13,949 - INFO: Validation ROC-AUC: 0.600208
2025-05-23 14:51:23,322 - INFO: Starting epoch 6
2025-05-23 14:51:23,343 - INFO: Evaluating at iteration 12371
2025-05-23 14:51:23,599 - INFO: Loss: 0.203338
2025-05-23 14:51:23,600 - INFO: Training ROC-AUC: 0.965517
2025-05-23 14:51:23,600 - INFO: Validation ROC-AUC: 0.613534
2025-05-23 14:51:33,572 - INFO: Evaluating at iteration 12871
2025-05-23 14:51:33,830 - INFO: Loss: 0.296557
2025-05-23 14:51:33,831 - INFO: Training ROC-AUC: 0.884615
2025-05-23 14:51:33,831 - INFO: Validation ROC-AUC: 0.620381
2025-05-23 14:51:43,751 - INFO: Evaluating at iteration 13371
2025-05-23 14:51:44,006 - INFO: Loss: 0.425607
2025-05-23 14:51:44,006 - INFO: Training ROC-AUC: 0.666667
2025-05-23 14:51:44,006 - INFO: Validation ROC-AUC: 0.599984
2025-05-23 14:51:53,954 - INFO: Evaluating at iteration 13871
2025-05-23 14:51:54,216 - INFO: Loss: 0.456446
2025-05-23 14:51:54,216 - INFO: Training ROC-AUC: 0.807292
2025-05-23 14:51:54,216 - INFO: Validation ROC-AUC: 0.615104
2025-05-23 14:52:04,254 - INFO: Evaluating at iteration 14371
2025-05-23 14:52:04,532 - INFO: Loss: 0.272457
2025-05-23 14:52:04,532 - INFO: Training ROC-AUC: 0.866667
2025-05-23 14:52:04,532 - INFO: Validation ROC-AUC: 0.607997
2025-05-23 14:52:13,968 - INFO: Starting epoch 7
2025-05-23 14:52:13,989 - INFO: Evaluating at iteration 14845
2025-05-23 14:52:14,253 - INFO: Loss: 0.479498
2025-05-23 14:52:14,253 - INFO: Training ROC-AUC: 0.836364
2025-05-23 14:52:14,253 - INFO: Validation ROC-AUC: 0.604764
2025-05-23 14:52:24,211 - INFO: Evaluating at iteration 15345
2025-05-23 14:52:24,472 - INFO: Loss: 0.316289
2025-05-23 14:52:24,472 - INFO: Training ROC-AUC: 0.794643
2025-05-23 14:52:24,472 - INFO: Validation ROC-AUC: 0.630310
2025-05-23 14:52:34,494 - INFO: Evaluating at iteration 15845
2025-05-23 14:52:34,753 - INFO: Loss: 0.415063
2025-05-23 14:52:34,753 - INFO: Training ROC-AUC: 0.869565
2025-05-23 14:52:34,753 - INFO: Validation ROC-AUC: 0.627768
2025-05-23 14:52:44,771 - INFO: Evaluating at iteration 16345
2025-05-23 14:52:45,031 - INFO: Loss: 0.466144
2025-05-23 14:52:45,031 - INFO: Training ROC-AUC: 0.811594
2025-05-23 14:52:45,031 - INFO: Validation ROC-AUC: 0.607246
2025-05-23 14:52:54,990 - INFO: Evaluating at iteration 16845
2025-05-23 14:52:55,249 - INFO: Loss: 0.329599
2025-05-23 14:52:55,249 - INFO: Training ROC-AUC: 0.871795
2025-05-23 14:52:55,249 - INFO: Validation ROC-AUC: 0.633170
2025-05-23 14:53:04,739 - INFO: Starting epoch 8
2025-05-23 14:53:04,760 - INFO: Evaluating at iteration 17319
2025-05-23 14:53:05,034 - INFO: Loss: 0.467023
2025-05-23 14:53:05,034 - INFO: Training ROC-AUC: 0.826087
2025-05-23 14:53:05,034 - INFO: Validation ROC-AUC: 0.636318
2025-05-23 14:53:15,070 - INFO: Evaluating at iteration 17819
2025-05-23 14:53:15,336 - INFO: Loss: 0.461102
2025-05-23 14:53:15,336 - INFO: Training ROC-AUC: 0.685714
2025-05-23 14:53:15,336 - INFO: Validation ROC-AUC: 0.592828
2025-05-23 14:53:25,344 - INFO: Evaluating at iteration 18319
2025-05-23 14:53:25,603 - INFO: Loss: 0.382178
2025-05-23 14:53:25,603 - INFO: Training ROC-AUC: 0.718519
2025-05-23 14:53:25,603 - INFO: Validation ROC-AUC: 0.602447
2025-05-23 14:53:35,745 - INFO: Evaluating at iteration 18819
2025-05-23 14:53:36,004 - INFO: Loss: 0.440456
2025-05-23 14:53:36,004 - INFO: Training ROC-AUC: 0.796875
2025-05-23 14:53:36,004 - INFO: Validation ROC-AUC: 0.621279
2025-05-23 14:53:46,150 - INFO: Evaluating at iteration 19319
2025-05-23 14:53:46,407 - INFO: Loss: 0.236880
2025-05-23 14:53:46,407 - INFO: Training ROC-AUC: 0.896296
2025-05-23 14:53:46,407 - INFO: Validation ROC-AUC: 0.611586
2025-05-23 14:53:55,985 - INFO: Starting epoch 9
2025-05-23 14:53:56,007 - INFO: Evaluating at iteration 19793
2025-05-23 14:53:56,266 - INFO: Loss: 0.361826
2025-05-23 14:53:56,266 - INFO: Training ROC-AUC: 0.837037
2025-05-23 14:53:56,266 - INFO: Validation ROC-AUC: 0.630884
2025-05-23 14:54:06,387 - INFO: Evaluating at iteration 20293
2025-05-23 14:54:06,656 - INFO: Loss: 0.339185
2025-05-23 14:54:06,656 - INFO: Training ROC-AUC: 0.807407
2025-05-23 14:54:06,656 - INFO: Validation ROC-AUC: 0.611652
2025-05-23 14:54:16,793 - INFO: Evaluating at iteration 20793
2025-05-23 14:54:17,060 - INFO: Loss: 0.390854
2025-05-23 14:54:17,060 - INFO: Training ROC-AUC: 0.845714
2025-05-23 14:54:17,060 - INFO: Validation ROC-AUC: 0.598969
2025-05-23 14:54:27,223 - INFO: Evaluating at iteration 21293
2025-05-23 14:54:27,483 - INFO: Loss: 0.429933
2025-05-23 14:54:27,483 - INFO: Training ROC-AUC: 0.838542
2025-05-23 14:54:27,483 - INFO: Validation ROC-AUC: 0.620113
2025-05-23 14:54:37,628 - INFO: Evaluating at iteration 21793
2025-05-23 14:54:37,888 - INFO: Loss: 0.252767
2025-05-23 14:54:37,888 - INFO: Training ROC-AUC: 0.804598
2025-05-23 14:54:37,888 - INFO: Validation ROC-AUC: 0.585914
2025-05-23 14:54:47,549 - INFO: Starting epoch 10
2025-05-23 14:54:47,572 - INFO: Evaluating at iteration 22267
2025-05-23 14:54:47,830 - INFO: Loss: 0.417311
2025-05-23 14:54:47,830 - INFO: Training ROC-AUC: 0.760000
2025-05-23 14:54:47,830 - INFO: Validation ROC-AUC: 0.617965
2025-05-23 14:54:58,054 - INFO: Evaluating at iteration 22767
2025-05-23 14:54:58,309 - INFO: Loss: 0.380826
2025-05-23 14:54:58,309 - INFO: Training ROC-AUC: 0.598214
2025-05-23 14:54:58,309 - INFO: Validation ROC-AUC: 0.626699
2025-05-23 14:55:08,496 - INFO: Evaluating at iteration 23267
2025-05-23 14:55:08,775 - INFO: Loss: 0.269688
2025-05-23 14:55:08,776 - INFO: Training ROC-AUC: 0.888889
2025-05-23 14:55:08,776 - INFO: Validation ROC-AUC: 0.637833
2025-05-23 14:55:19,033 - INFO: Evaluating at iteration 23767
2025-05-23 14:55:19,299 - INFO: Loss: 0.373265
2025-05-23 14:55:19,299 - INFO: Training ROC-AUC: 0.769231
2025-05-23 14:55:19,299 - INFO: Validation ROC-AUC: 0.602279
2025-05-23 14:55:29,528 - INFO: Evaluating at iteration 24267
2025-05-23 14:55:29,785 - INFO: Loss: 0.392407
2025-05-23 14:55:29,785 - INFO: Training ROC-AUC: 0.794872
2025-05-23 14:55:29,785 - INFO: Validation ROC-AUC: 0.628037
2025-05-23 14:55:39,420 - INFO: Starting epoch 11
2025-05-23 14:55:39,442 - INFO: Evaluating at iteration 24741
2025-05-23 14:55:39,699 - INFO: Loss: 0.290737
2025-05-23 14:55:39,699 - INFO: Training ROC-AUC: 0.971429
2025-05-23 14:55:39,699 - INFO: Validation ROC-AUC: 0.635449
2025-05-23 14:55:49,828 - INFO: Evaluating at iteration 25241
2025-05-23 14:55:50,088 - INFO: Loss: 0.352758
2025-05-23 14:55:50,088 - INFO: Training ROC-AUC: 0.839744
2025-05-23 14:55:50,088 - INFO: Validation ROC-AUC: 0.596405
2025-05-23 14:56:00,237 - INFO: Evaluating at iteration 25741
2025-05-23 14:56:00,507 - INFO: Loss: 0.404366
2025-05-23 14:56:00,508 - INFO: Training ROC-AUC: 0.874074
2025-05-23 14:56:00,508 - INFO: Validation ROC-AUC: 0.606766
2025-05-23 14:56:10,621 - INFO: Evaluating at iteration 26241
2025-05-23 14:56:10,886 - INFO: Loss: 0.244967
2025-05-23 14:56:10,886 - INFO: Training ROC-AUC: 0.937500
2025-05-23 14:56:10,886 - INFO: Validation ROC-AUC: 0.593272
2025-05-23 14:56:20,949 - INFO: Evaluating at iteration 26741
2025-05-23 14:56:21,210 - INFO: Loss: 0.237998
2025-05-23 14:56:21,210 - INFO: Training ROC-AUC: 0.683333
2025-05-23 14:56:21,210 - INFO: Validation ROC-AUC: 0.626125
2025-05-23 14:56:30,786 - INFO: Starting epoch 12
2025-05-23 14:56:30,808 - INFO: Evaluating at iteration 27215
2025-05-23 14:56:31,066 - INFO: Loss: 0.250299
2025-05-23 14:56:31,066 - INFO: Training ROC-AUC: 0.901786
2025-05-23 14:56:31,066 - INFO: Validation ROC-AUC: 0.626164
2025-05-23 14:56:41,204 - INFO: Evaluating at iteration 27715
2025-05-23 14:56:41,462 - INFO: Loss: 0.222019
2025-05-23 14:56:41,462 - INFO: Training ROC-AUC: 0.839080
2025-05-23 14:56:41,462 - INFO: Validation ROC-AUC: 0.637107
2025-05-23 14:56:51,592 - INFO: Evaluating at iteration 28215
2025-05-23 14:56:51,854 - INFO: Loss: 0.369581
2025-05-23 14:56:51,854 - INFO: Training ROC-AUC: 0.748148
2025-05-23 14:56:51,854 - INFO: Validation ROC-AUC: 0.612498
2025-05-23 14:57:01,986 - INFO: Evaluating at iteration 28715
2025-05-23 14:57:02,259 - INFO: Loss: 0.177168
2025-05-23 14:57:02,259 - INFO: Training ROC-AUC: 0.977011
2025-05-23 14:57:02,259 - INFO: Validation ROC-AUC: 0.607624
2025-05-23 14:57:12,339 - INFO: Evaluating at iteration 29215
2025-05-23 14:57:12,605 - INFO: Loss: 0.350158
2025-05-23 14:57:12,605 - INFO: Training ROC-AUC: 0.851429
2025-05-23 14:57:12,605 - INFO: Validation ROC-AUC: 0.603931
2025-05-23 14:57:22,157 - INFO: Starting epoch 13
2025-05-23 14:57:22,180 - INFO: Evaluating at iteration 29689
2025-05-23 14:57:22,439 - INFO: Loss: 0.318553
2025-05-23 14:57:22,439 - INFO: Training ROC-AUC: 0.807407
2025-05-23 14:57:22,439 - INFO: Validation ROC-AUC: 0.627423
2025-05-23 14:57:32,588 - INFO: Evaluating at iteration 30189
2025-05-23 14:57:32,984 - INFO: Loss: 0.307586
2025-05-23 14:57:32,984 - INFO: Training ROC-AUC: 0.750000
2025-05-23 14:57:32,984 - INFO: Validation ROC-AUC: 0.627868
2025-05-23 14:57:43,205 - INFO: Evaluating at iteration 30689
2025-05-23 14:57:43,464 - INFO: Loss: 0.264830
2025-05-23 14:57:43,464 - INFO: Training ROC-AUC: 0.911111
2025-05-23 14:57:43,464 - INFO: Validation ROC-AUC: 0.614146
2025-05-23 14:57:53,630 - INFO: Evaluating at iteration 31189
2025-05-23 14:57:53,893 - INFO: Loss: 0.448555
2025-05-23 14:57:53,893 - INFO: Training ROC-AUC: 0.685897
2025-05-23 14:57:53,893 - INFO: Validation ROC-AUC: 0.612864
2025-05-23 14:58:04,105 - INFO: Evaluating at iteration 31689
2025-05-23 14:58:04,375 - INFO: Loss: 0.276368
2025-05-23 14:58:04,375 - INFO: Training ROC-AUC: 0.911111
2025-05-23 14:58:04,375 - INFO: Validation ROC-AUC: 0.613920
2025-05-23 14:58:14,051 - INFO: Starting epoch 14
2025-05-23 14:58:14,073 - INFO: Evaluating at iteration 32163
2025-05-23 14:58:14,335 - INFO: Loss: 0.225469
2025-05-23 14:58:14,335 - INFO: Training ROC-AUC: 0.967742
2025-05-23 14:58:14,335 - INFO: Validation ROC-AUC: 0.629063
2025-05-23 14:58:24,484 - INFO: Evaluating at iteration 32663
2025-05-23 14:58:24,741 - INFO: Loss: 0.308229
2025-05-23 14:58:24,741 - INFO: Training ROC-AUC: 0.839744
2025-05-23 14:58:24,741 - INFO: Validation ROC-AUC: 0.611062
2025-05-23 14:58:34,956 - INFO: Evaluating at iteration 33163
2025-05-23 14:58:35,214 - INFO: Loss: 0.308448
2025-05-23 14:58:35,214 - INFO: Training ROC-AUC: 0.897436
2025-05-23 14:58:35,214 - INFO: Validation ROC-AUC: 0.620973
2025-05-23 14:58:45,428 - INFO: Evaluating at iteration 33663
2025-05-23 14:58:45,686 - INFO: Loss: 0.205991
2025-05-23 14:58:45,687 - INFO: Training ROC-AUC: 0.954023
2025-05-23 14:58:45,687 - INFO: Validation ROC-AUC: 0.619630
2025-05-23 14:58:55,891 - INFO: Evaluating at iteration 34163
2025-05-23 14:58:56,148 - INFO: Loss: 0.262910
2025-05-23 14:58:56,148 - INFO: Training ROC-AUC: 0.910256
2025-05-23 14:58:56,148 - INFO: Validation ROC-AUC: 0.629960
2025-05-23 14:59:05,846 - INFO: Starting epoch 15
2025-05-23 14:59:05,868 - INFO: Evaluating at iteration 34637
2025-05-23 14:59:06,140 - INFO: Loss: 0.347098
2025-05-23 14:59:06,140 - INFO: Training ROC-AUC: 0.792593
2025-05-23 14:59:06,140 - INFO: Validation ROC-AUC: 0.636412
2025-05-23 14:59:16,382 - INFO: Evaluating at iteration 35137
2025-05-23 14:59:16,649 - INFO: Loss: 0.286818
2025-05-23 14:59:16,649 - INFO: Training ROC-AUC: 0.821429
2025-05-23 14:59:16,649 - INFO: Validation ROC-AUC: 0.628437
2025-05-23 14:59:26,876 - INFO: Evaluating at iteration 35637
2025-05-23 14:59:27,138 - INFO: Loss: 0.296096
2025-05-23 14:59:27,139 - INFO: Training ROC-AUC: 0.903704
2025-05-23 14:59:27,139 - INFO: Validation ROC-AUC: 0.602912
2025-05-23 14:59:37,354 - INFO: Evaluating at iteration 36137
2025-05-23 14:59:37,610 - INFO: Loss: 0.283100
2025-05-23 14:59:37,610 - INFO: Training ROC-AUC: 0.747126
2025-05-23 14:59:37,610 - INFO: Validation ROC-AUC: 0.619952
2025-05-23 14:59:48,004 - INFO: Evaluating at iteration 36637
2025-05-23 14:59:48,265 - INFO: Loss: 0.342238
2025-05-23 14:59:48,265 - INFO: Training ROC-AUC: 0.792593
2025-05-23 14:59:48,265 - INFO: Validation ROC-AUC: 0.621445
2025-05-23 14:59:57,956 - INFO: Starting epoch 16
2025-05-23 14:59:57,977 - INFO: Evaluating at iteration 37111
2025-05-23 14:59:58,236 - INFO: Loss: 0.281078
2025-05-23 14:59:58,236 - INFO: Training ROC-AUC: 0.866667
2025-05-23 14:59:58,236 - INFO: Validation ROC-AUC: 0.629960
2025-05-23 15:00:08,463 - INFO: Evaluating at iteration 37611
2025-05-23 15:00:08,736 - INFO: Loss: 0.238652
2025-05-23 15:00:08,736 - INFO: Training ROC-AUC: 0.931034
2025-05-23 15:00:08,736 - INFO: Validation ROC-AUC: 0.626863
2025-05-23 15:00:19,005 - INFO: Evaluating at iteration 38111
2025-05-23 15:00:19,262 - INFO: Loss: 0.331068
2025-05-23 15:00:19,262 - INFO: Training ROC-AUC: 0.891429
2025-05-23 15:00:19,262 - INFO: Validation ROC-AUC: 0.633848
2025-05-23 15:00:29,568 - INFO: Evaluating at iteration 38611
2025-05-23 15:00:29,828 - INFO: Loss: 0.285645
2025-05-23 15:00:29,828 - INFO: Training ROC-AUC: 0.896296
2025-05-23 15:00:29,828 - INFO: Validation ROC-AUC: 0.632690
2025-05-23 15:00:40,077 - INFO: Evaluating at iteration 39111
2025-05-23 15:00:40,333 - INFO: Loss: 0.449404
2025-05-23 15:00:40,333 - INFO: Training ROC-AUC: 0.896104
2025-05-23 15:00:40,333 - INFO: Validation ROC-AUC: 0.618024
2025-05-23 15:00:50,092 - INFO: Starting epoch 17
2025-05-23 15:00:50,114 - INFO: Evaluating at iteration 39585
2025-05-23 15:00:50,372 - INFO: Loss: 0.375978
2025-05-23 15:00:50,372 - INFO: Training ROC-AUC: 0.914286
2025-05-23 15:00:50,372 - INFO: Validation ROC-AUC: 0.624953
2025-05-23 15:01:00,641 - INFO: Evaluating at iteration 40085
2025-05-23 15:01:00,917 - INFO: Loss: 0.414364
2025-05-23 15:01:00,917 - INFO: Training ROC-AUC: 0.770833
2025-05-23 15:01:00,917 - INFO: Validation ROC-AUC: 0.615155
2025-05-23 15:01:11,159 - INFO: Evaluating at iteration 40585
2025-05-23 15:01:11,423 - INFO: Loss: 0.334227
2025-05-23 15:01:11,423 - INFO: Training ROC-AUC: 0.846154
2025-05-23 15:01:11,423 - INFO: Validation ROC-AUC: 0.640625
2025-05-23 15:01:21,773 - INFO: Evaluating at iteration 41085
2025-05-23 15:01:22,034 - INFO: Loss: 0.195696
2025-05-23 15:01:22,034 - INFO: Training ROC-AUC: 0.966667
2025-05-23 15:01:22,034 - INFO: Validation ROC-AUC: 0.640535
2025-05-23 15:01:32,318 - INFO: Evaluating at iteration 41585
2025-05-23 15:01:32,570 - INFO: Loss: 0.268595
2025-05-23 15:01:32,570 - INFO: Training ROC-AUC: 0.866071
2025-05-23 15:01:32,570 - INFO: Validation ROC-AUC: 0.615910
2025-05-23 15:01:42,378 - INFO: Starting epoch 18
2025-05-23 15:01:42,400 - INFO: Evaluating at iteration 42059
2025-05-23 15:01:42,658 - INFO: Loss: 0.353001
2025-05-23 15:01:42,658 - INFO: Training ROC-AUC: 0.888889
2025-05-23 15:01:42,658 - INFO: Validation ROC-AUC: 0.613197
2025-05-23 15:01:52,942 - INFO: Evaluating at iteration 42559
2025-05-23 15:01:53,199 - INFO: Loss: 0.303559
2025-05-23 15:01:53,199 - INFO: Training ROC-AUC: 0.954286
2025-05-23 15:01:53,200 - INFO: Validation ROC-AUC: 0.628962
2025-05-23 15:02:03,549 - INFO: Evaluating at iteration 43059
2025-05-23 15:02:03,818 - INFO: Loss: 0.197835
2025-05-23 15:02:03,818 - INFO: Training ROC-AUC: 0.977143
2025-05-23 15:02:03,818 - INFO: Validation ROC-AUC: 0.624997
2025-05-23 15:02:14,239 - INFO: Evaluating at iteration 43559
2025-05-23 15:02:14,504 - INFO: Loss: 0.283213
2025-05-23 15:02:14,504 - INFO: Training ROC-AUC: 0.903704
2025-05-23 15:02:14,505 - INFO: Validation ROC-AUC: 0.625397
2025-05-23 15:02:24,904 - INFO: Evaluating at iteration 44059
2025-05-23 15:02:25,165 - INFO: Loss: 0.235886
2025-05-23 15:02:25,165 - INFO: Training ROC-AUC: 0.935484
2025-05-23 15:02:25,165 - INFO: Validation ROC-AUC: 0.624913
2025-05-23 15:02:35,016 - INFO: Starting epoch 19
2025-05-23 15:02:35,038 - INFO: Evaluating at iteration 44533
2025-05-23 15:02:35,295 - INFO: Loss: 0.295118
2025-05-23 15:02:35,296 - INFO: Training ROC-AUC: 0.827586
2025-05-23 15:02:35,296 - INFO: Validation ROC-AUC: 0.624404
2025-05-23 15:02:45,699 - INFO: Evaluating at iteration 45033
2025-05-23 15:02:45,955 - INFO: Loss: 0.329900
2025-05-23 15:02:45,955 - INFO: Training ROC-AUC: 0.871795
2025-05-23 15:02:45,955 - INFO: Validation ROC-AUC: 0.616257
2025-05-23 15:02:56,327 - INFO: Evaluating at iteration 45533
2025-05-23 15:02:56,586 - INFO: Loss: 0.313100
2025-05-23 15:02:56,586 - INFO: Training ROC-AUC: 0.916667
2025-05-23 15:02:56,586 - INFO: Validation ROC-AUC: 0.615970
2025-05-23 15:03:07,089 - INFO: Evaluating at iteration 46033
2025-05-23 15:03:07,357 - INFO: Loss: 0.230276
2025-05-23 15:03:07,358 - INFO: Training ROC-AUC: 0.770115
2025-05-23 15:03:07,358 - INFO: Validation ROC-AUC: 0.636120
2025-05-23 15:03:17,843 - INFO: Evaluating at iteration 46533
2025-05-23 15:03:18,106 - INFO: Loss: 0.318362
2025-05-23 15:03:18,106 - INFO: Training ROC-AUC: 0.750000
2025-05-23 15:03:18,106 - INFO: Validation ROC-AUC: 0.631600
2025-05-23 15:03:28,011 - INFO: Starting epoch 20
2025-05-23 15:03:28,034 - INFO: Evaluating at iteration 47007
2025-05-23 15:03:28,291 - INFO: Loss: 0.257588
2025-05-23 15:03:28,291 - INFO: Training ROC-AUC: 0.903704
2025-05-23 15:03:28,291 - INFO: Validation ROC-AUC: 0.623579
2025-05-23 15:03:38,779 - INFO: Evaluating at iteration 47507
2025-05-23 15:03:39,038 - INFO: Loss: 0.183243
2025-05-23 15:03:39,038 - INFO: Training ROC-AUC: 0.988506
2025-05-23 15:03:39,038 - INFO: Validation ROC-AUC: 0.636314
2025-05-23 15:03:49,631 - INFO: Evaluating at iteration 48007
2025-05-23 15:03:49,892 - INFO: Loss: 0.217661
2025-05-23 15:03:49,892 - INFO: Training ROC-AUC: 0.910714
2025-05-23 15:03:49,892 - INFO: Validation ROC-AUC: 0.630137
2025-05-23 15:04:00,357 - INFO: Evaluating at iteration 48507
2025-05-23 15:04:00,616 - INFO: Loss: 0.264579
2025-05-23 15:04:00,617 - INFO: Training ROC-AUC: 0.701149
2025-05-23 15:04:00,617 - INFO: Validation ROC-AUC: 0.621072
2025-05-23 15:04:11,199 - INFO: Evaluating at iteration 49007
2025-05-23 15:04:11,474 - INFO: Loss: 0.369957
2025-05-23 15:04:11,474 - INFO: Training ROC-AUC: 0.840000
2025-05-23 15:04:11,474 - INFO: Validation ROC-AUC: 0.630315
2025-05-23 15:04:21,395 - INFO: Starting epoch 21
2025-05-23 15:04:21,417 - INFO: Evaluating at iteration 49481
2025-05-23 15:04:21,680 - INFO: Loss: 0.273671
2025-05-23 15:04:21,680 - INFO: Training ROC-AUC: 0.812500
2025-05-23 15:04:21,680 - INFO: Validation ROC-AUC: 0.632623
2025-05-23 15:04:32,328 - INFO: Evaluating at iteration 49981
2025-05-23 15:04:32,585 - INFO: Loss: 0.294232
2025-05-23 15:04:32,585 - INFO: Training ROC-AUC: 0.830357
2025-05-23 15:04:32,585 - INFO: Validation ROC-AUC: 0.627367
2025-05-23 15:04:43,255 - INFO: Evaluating at iteration 50481
2025-05-23 15:04:43,512 - INFO: Loss: 0.283893
2025-05-23 15:04:43,512 - INFO: Training ROC-AUC: 0.911111
2025-05-23 15:04:43,512 - INFO: Validation ROC-AUC: 0.634598
2025-05-23 15:04:54,167 - INFO: Evaluating at iteration 50981
2025-05-23 15:04:54,425 - INFO: Loss: 0.313388
2025-05-23 15:04:54,425 - INFO: Training ROC-AUC: 0.821429
2025-05-23 15:04:54,425 - INFO: Validation ROC-AUC: 0.614289
2025-05-23 15:05:05,138 - INFO: Evaluating at iteration 51481
2025-05-23 15:05:05,412 - INFO: Loss: 0.397856
2025-05-23 15:05:05,412 - INFO: Training ROC-AUC: 0.730769
2025-05-23 15:05:05,412 - INFO: Validation ROC-AUC: 0.616907
2025-05-23 15:05:15,551 - INFO: Starting epoch 22
2025-05-23 15:05:15,573 - INFO: Evaluating at iteration 51955
2025-05-23 15:05:15,840 - INFO: Loss: 0.342221
2025-05-23 15:05:15,840 - INFO: Training ROC-AUC: 0.942708
2025-05-23 15:05:15,840 - INFO: Validation ROC-AUC: 0.625997
2025-05-23 15:05:26,664 - INFO: Evaluating at iteration 52455
2025-05-23 15:05:26,927 - INFO: Loss: 0.220772
2025-05-23 15:05:26,928 - INFO: Training ROC-AUC: 0.896552
2025-05-23 15:05:26,928 - INFO: Validation ROC-AUC: 0.632061
2025-05-23 15:05:37,717 - INFO: Evaluating at iteration 52955
2025-05-23 15:05:37,976 - INFO: Loss: 0.279109
2025-05-23 15:05:37,976 - INFO: Training ROC-AUC: 0.937143
2025-05-23 15:05:37,976 - INFO: Validation ROC-AUC: 0.633451
2025-05-23 15:05:48,756 - INFO: Evaluating at iteration 53455
2025-05-23 15:05:49,015 - INFO: Loss: 0.294529
2025-05-23 15:05:49,015 - INFO: Training ROC-AUC: 0.878205
2025-05-23 15:05:49,016 - INFO: Validation ROC-AUC: 0.616272
2025-05-23 15:05:59,880 - INFO: Evaluating at iteration 53955
2025-05-23 15:06:00,137 - INFO: Loss: 0.431304
2025-05-23 15:06:00,137 - INFO: Training ROC-AUC: 0.879227
2025-05-23 15:06:00,137 - INFO: Validation ROC-AUC: 0.631358
2025-05-23 15:06:10,386 - INFO: Starting epoch 23
2025-05-23 15:06:10,410 - INFO: Evaluating at iteration 54429
2025-05-23 15:06:10,686 - INFO: Loss: 0.309875
2025-05-23 15:06:10,687 - INFO: Training ROC-AUC: 0.902857
2025-05-23 15:06:10,687 - INFO: Validation ROC-AUC: 0.625649
2025-05-23 15:06:21,723 - INFO: Evaluating at iteration 54929
2025-05-23 15:06:21,981 - INFO: Loss: 0.327686
2025-05-23 15:06:21,981 - INFO: Training ROC-AUC: 0.851852
2025-05-23 15:06:21,981 - INFO: Validation ROC-AUC: 0.620202
2025-05-23 15:06:32,992 - INFO: Evaluating at iteration 55429
2025-05-23 15:06:33,251 - INFO: Loss: 0.249993
2025-05-23 15:06:33,251 - INFO: Training ROC-AUC: 0.919643
2025-05-23 15:06:33,252 - INFO: Validation ROC-AUC: 0.616195
2025-05-23 15:06:44,296 - INFO: Evaluating at iteration 55929
2025-05-23 15:06:44,554 - INFO: Loss: 0.296753
2025-05-23 15:06:44,554 - INFO: Training ROC-AUC: 0.859259
2025-05-23 15:06:44,554 - INFO: Validation ROC-AUC: 0.643059
2025-05-23 15:06:55,568 - INFO: Evaluating at iteration 56429
2025-05-23 15:06:55,830 - INFO: Loss: 0.283195
2025-05-23 15:06:55,831 - INFO: Training ROC-AUC: 0.830357
2025-05-23 15:06:55,831 - INFO: Validation ROC-AUC: 0.623267
2025-05-23 15:07:06,109 - INFO: Starting epoch 24
2025-05-23 15:07:06,131 - INFO: Evaluating at iteration 56903
2025-05-23 15:07:06,405 - INFO: Loss: 0.300536
2025-05-23 15:07:06,405 - INFO: Training ROC-AUC: 0.770115
2025-05-23 15:07:06,405 - INFO: Validation ROC-AUC: 0.631193
2025-05-23 15:07:17,241 - INFO: Evaluating at iteration 57403
2025-05-23 15:07:17,507 - INFO: Loss: 0.381375
2025-05-23 15:07:17,507 - INFO: Training ROC-AUC: 0.811429
2025-05-23 15:07:17,507 - INFO: Validation ROC-AUC: 0.637073
2025-05-23 15:07:28,455 - INFO: Evaluating at iteration 57903
2025-05-23 15:07:28,711 - INFO: Loss: 0.348008
2025-05-23 15:07:28,711 - INFO: Training ROC-AUC: 0.839744
2025-05-23 15:07:28,711 - INFO: Validation ROC-AUC: 0.636145
2025-05-23 15:07:39,748 - INFO: Evaluating at iteration 58403
2025-05-23 15:07:40,005 - INFO: Loss: 0.219657
2025-05-23 15:07:40,005 - INFO: Training ROC-AUC: 0.962963
2025-05-23 15:07:40,005 - INFO: Validation ROC-AUC: 0.631325
2025-05-23 15:07:51,113 - INFO: Evaluating at iteration 58903
2025-05-23 15:07:51,371 - INFO: Loss: 0.348815
2025-05-23 15:07:51,372 - INFO: Training ROC-AUC: 0.777778
2025-05-23 15:07:51,372 - INFO: Validation ROC-AUC: 0.628021
2025-05-23 15:08:01,935 - INFO: Starting epoch 25
2025-05-23 15:08:01,962 - INFO: Evaluating at iteration 59377
2025-05-23 15:08:02,234 - INFO: Loss: 0.259563
2025-05-23 15:08:02,234 - INFO: Training ROC-AUC: 0.955128
2025-05-23 15:08:02,234 - INFO: Validation ROC-AUC: 0.619683
2025-05-23 15:08:13,408 - INFO: Evaluating at iteration 59877
2025-05-23 15:08:13,668 - INFO: Loss: 0.299214
2025-05-23 15:08:13,668 - INFO: Training ROC-AUC: 0.776786
2025-05-23 15:08:13,668 - INFO: Validation ROC-AUC: 0.636916
2025-05-23 15:08:24,687 - INFO: Evaluating at iteration 60377
2025-05-23 15:08:24,946 - INFO: Loss: 0.221936
2025-05-23 15:08:24,946 - INFO: Training ROC-AUC: 0.839080
2025-05-23 15:08:24,946 - INFO: Validation ROC-AUC: 0.640902
2025-05-23 15:08:36,192 - INFO: Evaluating at iteration 60877
2025-05-23 15:08:36,453 - INFO: Loss: 0.281400
2025-05-23 15:08:36,453 - INFO: Training ROC-AUC: 0.911111
2025-05-23 15:08:36,453 - INFO: Validation ROC-AUC: 0.614070
2025-05-23 15:08:47,735 - INFO: Evaluating at iteration 61377
2025-05-23 15:08:47,995 - INFO: Loss: 0.244819
2025-05-23 15:08:47,996 - INFO: Training ROC-AUC: 0.897436
2025-05-23 15:08:47,996 - INFO: Validation ROC-AUC: 0.617132
2025-05-23 15:08:58,769 - INFO: Saving model to models/TCRStructMap_pMHC_split_cdrs_mhc_pseudo/model_5.pt
