2026-01-12 15:48:06,410 - INFO: Parameter: training_data='data/processed/sequences_pMHC_split.h5'
2026-01-12 15:48:06,410 - INFO: Parameter: contact_maps='data/processed/contact_maps.h5'
2026-01-12 15:48:06,410 - INFO: Parameter: output='models/TCRStructMap_pMHC_split'
2026-01-12 15:48:06,410 - INFO: Parameter: seed=123
2026-01-12 15:48:06,410 - INFO: Parameter: features_to_include='all'
2026-01-12 15:48:06,411 - INFO: Parameter: cdr1_alpha_length=8
2026-01-12 15:48:06,411 - INFO: Parameter: cdr2_alpha_length=8
2026-01-12 15:48:06,411 - INFO: Parameter: cdr3_alpha_length=24
2026-01-12 15:48:06,411 - INFO: Parameter: cdr1_beta_length=8
2026-01-12 15:48:06,411 - INFO: Parameter: cdr2_beta_length=8
2026-01-12 15:48:06,411 - INFO: Parameter: cdr3_beta_length=24
2026-01-12 15:48:06,411 - INFO: Parameter: peptide_length=12
2026-01-12 15:48:06,411 - INFO: Parameter: mhc_pseudo_length=26
2026-01-12 15:48:06,411 - INFO: Parameter: batch_size=32
2026-01-12 15:48:06,411 - INFO: Parameter: num_epochs=25
2026-01-12 15:48:06,411 - INFO: Parameter: learning_rate=0.001
2026-01-12 15:48:06,411 - INFO: Parameter: drop_out_rate=0.2
2026-01-12 15:48:06,411 - INFO: Parameter: learn_contact_maps=False
2026-01-12 15:48:06,411 - INFO: Parameter: checkpoint_interval=1000
2026-01-12 15:48:06,411 - INFO: Parameter: eval_interval=500
2026-01-12 15:48:06,411 - INFO: Parameter: eval_batch_size=1000
2026-01-12 15:48:06,411 - INFO: Parameter: log_level='info'
2026-01-12 15:48:06,411 - INFO: Parameter: log_file='data/logs/train_TCRStructMap_pMHC_split.log'
2026-01-12 15:48:06,411 - INFO: Setting random seed to 123
2026-01-12 15:48:06,434 - INFO: Loading contact maps from data/processed/contact_maps.h5
2026-01-12 15:48:06,582 - INFO: Loading training data from data/processed/sequences_pMHC_split.h5
2026-01-12 15:48:10,918 - INFO: Creating models/TCRStructMap_pMHC_split
2026-01-12 15:48:10,921 - INFO: Starting fold 1
2026-01-12 15:48:10,933 - INFO: Initialising model
2026-01-12 15:48:22,093 - INFO: Starting training
2026-01-12 15:48:22,093 - INFO: Starting epoch 1
2026-01-12 15:48:22,276 - INFO: Evaluating at iteration 1
2026-01-12 15:48:22,399 - INFO: Loss: 0.697573
2026-01-12 15:48:22,399 - INFO: Training ROC-AUC: 0.525926
2026-01-12 15:48:22,399 - INFO: Validation ROC-AUC: 0.490531
2026-01-12 15:48:44,257 - INFO: Evaluating at iteration 501
2026-01-12 15:48:44,365 - INFO: Loss: 0.329107
2026-01-12 15:48:44,365 - INFO: Training ROC-AUC: 0.310345
2026-01-12 15:48:44,365 - INFO: Validation ROC-AUC: 0.491716
2026-01-12 15:49:07,156 - INFO: Evaluating at iteration 1001
2026-01-12 15:49:07,259 - INFO: Loss: 0.468918
2026-01-12 15:49:07,259 - INFO: Training ROC-AUC: 0.500000
2026-01-12 15:49:07,259 - INFO: Validation ROC-AUC: 0.509479
2026-01-12 15:49:29,944 - INFO: Evaluating at iteration 1501
2026-01-12 15:49:30,047 - INFO: Loss: 0.630704
2026-01-12 15:49:30,047 - INFO: Training ROC-AUC: 0.483092
2026-01-12 15:49:30,047 - INFO: Validation ROC-AUC: 0.503099
2026-01-12 15:49:52,795 - INFO: Evaluating at iteration 2001
2026-01-12 15:49:52,900 - INFO: Loss: 0.220998
2026-01-12 15:49:52,901 - INFO: Training ROC-AUC: 0.935484
2026-01-12 15:49:52,901 - INFO: Validation ROC-AUC: 0.554044
2026-01-12 15:50:15,715 - INFO: Evaluating at iteration 2501
2026-01-12 15:50:15,818 - INFO: Loss: 0.433892
2026-01-12 15:50:15,818 - INFO: Training ROC-AUC: 0.634615
2026-01-12 15:50:15,818 - INFO: Validation ROC-AUC: 0.498064
2026-01-12 15:50:19,697 - INFO: Starting epoch 2
2026-01-12 15:50:19,743 - INFO: Evaluating at iteration 2586
2026-01-12 15:50:19,844 - INFO: Loss: 0.329429
2026-01-12 15:50:19,845 - INFO: Training ROC-AUC: 0.471264
2026-01-12 15:50:19,845 - INFO: Validation ROC-AUC: 0.494367
2026-01-12 15:50:42,632 - INFO: Evaluating at iteration 3086
2026-01-12 15:50:42,734 - INFO: Loss: 0.459127
2026-01-12 15:50:42,734 - INFO: Training ROC-AUC: 0.737143
2026-01-12 15:50:42,734 - INFO: Validation ROC-AUC: 0.483853
2026-01-12 15:51:05,529 - INFO: Evaluating at iteration 3586
2026-01-12 15:51:05,633 - INFO: Loss: 0.455861
2026-01-12 15:51:05,633 - INFO: Training ROC-AUC: 0.592593
2026-01-12 15:51:05,633 - INFO: Validation ROC-AUC: 0.483448
2026-01-12 15:51:28,520 - INFO: Evaluating at iteration 4086
2026-01-12 15:51:28,625 - INFO: Loss: 0.404942
2026-01-12 15:51:28,625 - INFO: Training ROC-AUC: 0.724359
2026-01-12 15:51:28,625 - INFO: Validation ROC-AUC: 0.488555
2026-01-12 15:51:51,464 - INFO: Evaluating at iteration 4586
2026-01-12 15:51:51,566 - INFO: Loss: 0.316205
2026-01-12 15:51:51,566 - INFO: Training ROC-AUC: 0.807407
2026-01-12 15:51:51,566 - INFO: Validation ROC-AUC: 0.489920
2026-01-12 15:52:14,429 - INFO: Evaluating at iteration 5086
2026-01-12 15:52:14,530 - INFO: Loss: 0.327046
2026-01-12 15:52:14,531 - INFO: Training ROC-AUC: 0.794643
2026-01-12 15:52:14,531 - INFO: Validation ROC-AUC: 0.491873
2026-01-12 15:52:18,377 - INFO: Starting epoch 3
2026-01-12 15:52:18,424 - INFO: Evaluating at iteration 5171
2026-01-12 15:52:18,525 - INFO: Loss: 0.170366
2026-01-12 15:52:18,525 - INFO: Training ROC-AUC: 0.870968
2026-01-12 15:52:18,525 - INFO: Validation ROC-AUC: 0.490638
2026-01-12 15:52:41,427 - INFO: Evaluating at iteration 5671
2026-01-12 15:52:41,531 - INFO: Loss: 0.274766
2026-01-12 15:52:41,531 - INFO: Training ROC-AUC: 0.866071
2026-01-12 15:52:41,531 - INFO: Validation ROC-AUC: 0.490358
2026-01-12 15:53:04,340 - INFO: Evaluating at iteration 6171
2026-01-12 15:53:04,442 - INFO: Loss: 0.366985
2026-01-12 15:53:04,442 - INFO: Training ROC-AUC: 0.785185
2026-01-12 15:53:04,442 - INFO: Validation ROC-AUC: 0.495079
2026-01-12 15:53:29,365 - INFO: Evaluating at iteration 6671
2026-01-12 15:53:29,477 - INFO: Loss: 0.370583
2026-01-12 15:53:29,478 - INFO: Training ROC-AUC: 0.788462
2026-01-12 15:53:29,478 - INFO: Validation ROC-AUC: 0.498096
2026-01-12 15:53:54,556 - INFO: Evaluating at iteration 7171
2026-01-12 15:53:54,666 - INFO: Loss: 0.464179
2026-01-12 15:53:54,667 - INFO: Training ROC-AUC: 0.845411
2026-01-12 15:53:54,667 - INFO: Validation ROC-AUC: 0.493793
2026-01-12 15:54:19,733 - INFO: Evaluating at iteration 7671
2026-01-12 15:54:19,844 - INFO: Loss: 0.825630
2026-01-12 15:54:19,845 - INFO: Training ROC-AUC: 0.678431
2026-01-12 15:54:19,845 - INFO: Validation ROC-AUC: 0.499860
2026-01-12 15:54:24,064 - INFO: Starting epoch 4
2026-01-12 15:54:24,116 - INFO: Evaluating at iteration 7756
2026-01-12 15:54:24,229 - INFO: Loss: 0.430399
2026-01-12 15:54:24,230 - INFO: Training ROC-AUC: 0.782051
2026-01-12 15:54:24,230 - INFO: Validation ROC-AUC: 0.503321
2026-01-12 15:54:49,292 - INFO: Evaluating at iteration 8256
2026-01-12 15:54:49,404 - INFO: Loss: 0.271709
2026-01-12 15:54:49,404 - INFO: Training ROC-AUC: 0.620690
2026-01-12 15:54:49,405 - INFO: Validation ROC-AUC: 0.505352
2026-01-12 15:55:14,422 - INFO: Evaluating at iteration 8756
2026-01-12 15:55:14,535 - INFO: Loss: 0.232187
2026-01-12 15:55:14,535 - INFO: Training ROC-AUC: 0.946429
2026-01-12 15:55:14,535 - INFO: Validation ROC-AUC: 0.512372
2026-01-12 15:55:39,528 - INFO: Evaluating at iteration 9256
2026-01-12 15:55:39,673 - INFO: Loss: 0.188814
2026-01-12 15:55:39,675 - INFO: Training ROC-AUC: 0.783333
2026-01-12 15:55:39,677 - INFO: Validation ROC-AUC: 0.507850
2026-01-12 15:56:04,762 - INFO: Evaluating at iteration 9756
2026-01-12 15:56:04,889 - INFO: Loss: 0.223304
2026-01-12 15:56:04,895 - INFO: Training ROC-AUC: 0.955357
2026-01-12 15:56:05,118 - INFO: Validation ROC-AUC: 0.521541
2026-01-12 15:56:30,158 - INFO: Evaluating at iteration 10256
2026-01-12 15:56:30,307 - INFO: Loss: 0.368602
2026-01-12 15:56:30,310 - INFO: Training ROC-AUC: 0.893720
2026-01-12 15:56:30,323 - INFO: Validation ROC-AUC: 0.526276
2026-01-12 15:56:34,563 - INFO: Starting epoch 5
2026-01-12 15:56:34,624 - INFO: Evaluating at iteration 10341
2026-01-12 15:56:34,749 - INFO: Loss: 0.340806
2026-01-12 15:56:34,786 - INFO: Training ROC-AUC: 0.714286
2026-01-12 15:56:34,788 - INFO: Validation ROC-AUC: 0.528712
2026-01-12 15:56:59,896 - INFO: Evaluating at iteration 10841
2026-01-12 15:57:00,074 - INFO: Loss: 0.322554
2026-01-12 15:57:00,076 - INFO: Training ROC-AUC: 0.723214
2026-01-12 15:57:00,079 - INFO: Validation ROC-AUC: 0.531598
2026-01-12 15:57:25,091 - INFO: Evaluating at iteration 11341
2026-01-12 15:57:25,310 - INFO: Loss: 0.395931
2026-01-12 15:57:25,312 - INFO: Training ROC-AUC: 0.750000
2026-01-12 15:57:25,315 - INFO: Validation ROC-AUC: 0.528202
2026-01-12 15:57:50,331 - INFO: Evaluating at iteration 11841
2026-01-12 15:57:50,457 - INFO: Loss: 0.194919
2026-01-12 15:57:50,460 - INFO: Training ROC-AUC: 0.645161
2026-01-12 15:57:50,463 - INFO: Validation ROC-AUC: 0.537554
2026-01-12 15:58:15,397 - INFO: Evaluating at iteration 12341
2026-01-12 15:58:15,536 - INFO: Loss: 0.503831
2026-01-12 15:58:15,539 - INFO: Training ROC-AUC: 0.714286
2026-01-12 15:58:15,541 - INFO: Validation ROC-AUC: 0.543549
2026-01-12 15:58:40,634 - INFO: Evaluating at iteration 12841
2026-01-12 15:58:40,851 - INFO: Loss: 0.340328
2026-01-12 15:58:40,854 - INFO: Training ROC-AUC: 0.891026
2026-01-12 15:58:40,857 - INFO: Validation ROC-AUC: 0.535589
2026-01-12 15:58:45,088 - INFO: Starting epoch 6
2026-01-12 15:58:45,160 - INFO: Evaluating at iteration 12926
2026-01-12 15:58:45,276 - INFO: Loss: 0.431676
2026-01-12 15:58:45,278 - INFO: Training ROC-AUC: 0.848958
2026-01-12 15:58:45,281 - INFO: Validation ROC-AUC: 0.532526
2026-01-12 15:59:10,308 - INFO: Evaluating at iteration 13426
2026-01-12 15:59:10,438 - INFO: Loss: 0.151865
2026-01-12 15:59:10,438 - INFO: Training ROC-AUC: nan
2026-01-12 15:59:10,438 - INFO: Validation ROC-AUC: 0.538364
2026-01-12 15:59:35,460 - INFO: Evaluating at iteration 13926
2026-01-12 15:59:35,574 - INFO: Loss: 0.403341
2026-01-12 15:59:35,574 - INFO: Training ROC-AUC: 0.880000
2026-01-12 15:59:35,574 - INFO: Validation ROC-AUC: 0.543236
2026-01-12 16:00:00,516 - INFO: Evaluating at iteration 14426
2026-01-12 16:00:00,630 - INFO: Loss: 0.227616
2026-01-12 16:00:00,630 - INFO: Training ROC-AUC: 0.937143
2026-01-12 16:00:00,631 - INFO: Validation ROC-AUC: 0.545456
2026-01-12 16:00:25,622 - INFO: Evaluating at iteration 14926
2026-01-12 16:00:25,736 - INFO: Loss: 0.232423
2026-01-12 16:00:25,736 - INFO: Training ROC-AUC: 0.548387
2026-01-12 16:00:25,736 - INFO: Validation ROC-AUC: 0.548578
2026-01-12 16:00:50,775 - INFO: Evaluating at iteration 15426
2026-01-12 16:00:50,889 - INFO: Loss: 0.318641
2026-01-12 16:00:50,889 - INFO: Training ROC-AUC: 0.829630
2026-01-12 16:00:50,889 - INFO: Validation ROC-AUC: 0.551001
2026-01-12 16:00:55,103 - INFO: Starting epoch 7
2026-01-12 16:00:55,155 - INFO: Evaluating at iteration 15511
2026-01-12 16:00:55,267 - INFO: Loss: 0.381489
2026-01-12 16:00:55,267 - INFO: Training ROC-AUC: 0.807692
2026-01-12 16:00:55,267 - INFO: Validation ROC-AUC: 0.554390
2026-01-12 16:01:20,332 - INFO: Evaluating at iteration 16011
2026-01-12 16:01:20,446 - INFO: Loss: 0.245070
2026-01-12 16:01:20,446 - INFO: Training ROC-AUC: 0.839286
2026-01-12 16:01:20,446 - INFO: Validation ROC-AUC: 0.544842
2026-01-12 16:01:45,483 - INFO: Evaluating at iteration 16511
2026-01-12 16:01:45,595 - INFO: Loss: 0.452643
2026-01-12 16:01:45,595 - INFO: Training ROC-AUC: 0.770833
2026-01-12 16:01:45,595 - INFO: Validation ROC-AUC: 0.551909
2026-01-12 16:02:10,555 - INFO: Evaluating at iteration 17011
2026-01-12 16:02:10,670 - INFO: Loss: 0.429042
2026-01-12 16:02:10,671 - INFO: Training ROC-AUC: 0.807292
2026-01-12 16:02:10,671 - INFO: Validation ROC-AUC: 0.543458
2026-01-12 16:02:35,764 - INFO: Evaluating at iteration 17511
2026-01-12 16:02:35,877 - INFO: Loss: 0.193825
2026-01-12 16:02:35,877 - INFO: Training ROC-AUC: 0.806452
2026-01-12 16:02:35,878 - INFO: Validation ROC-AUC: 0.556062
2026-01-12 16:03:00,975 - INFO: Evaluating at iteration 18011
2026-01-12 16:03:01,089 - INFO: Loss: 0.310318
2026-01-12 16:03:01,089 - INFO: Training ROC-AUC: 0.929487
2026-01-12 16:03:01,089 - INFO: Validation ROC-AUC: 0.563239
2026-01-12 16:03:05,312 - INFO: Starting epoch 8
2026-01-12 16:03:05,363 - INFO: Evaluating at iteration 18096
2026-01-12 16:03:05,476 - INFO: Loss: 0.333913
2026-01-12 16:03:05,476 - INFO: Training ROC-AUC: 0.696429
2026-01-12 16:03:05,476 - INFO: Validation ROC-AUC: 0.567882
2026-01-12 16:03:30,492 - INFO: Evaluating at iteration 18596
2026-01-12 16:03:30,606 - INFO: Loss: 0.266166
2026-01-12 16:03:30,606 - INFO: Training ROC-AUC: 0.918519
2026-01-12 16:03:30,606 - INFO: Validation ROC-AUC: 0.564852
2026-01-12 16:03:55,629 - INFO: Evaluating at iteration 19096
2026-01-12 16:03:55,744 - INFO: Loss: 0.436614
2026-01-12 16:03:55,744 - INFO: Training ROC-AUC: 0.802083
2026-01-12 16:03:55,744 - INFO: Validation ROC-AUC: 0.566420
2026-01-12 16:04:20,800 - INFO: Evaluating at iteration 19596
2026-01-12 16:04:20,913 - INFO: Loss: 0.332886
2026-01-12 16:04:20,913 - INFO: Training ROC-AUC: 0.723214
2026-01-12 16:04:20,913 - INFO: Validation ROC-AUC: 0.559660
2026-01-12 16:04:45,971 - INFO: Evaluating at iteration 20096
2026-01-12 16:04:46,084 - INFO: Loss: 0.224140
2026-01-12 16:04:46,084 - INFO: Training ROC-AUC: 0.919540
2026-01-12 16:04:46,084 - INFO: Validation ROC-AUC: 0.554795
2026-01-12 16:05:11,185 - INFO: Evaluating at iteration 20596
2026-01-12 16:05:11,298 - INFO: Loss: 0.259775
2026-01-12 16:05:11,298 - INFO: Training ROC-AUC: 0.933036
2026-01-12 16:05:11,298 - INFO: Validation ROC-AUC: 0.554488
2026-01-12 16:05:15,524 - INFO: Starting epoch 9
2026-01-12 16:05:15,577 - INFO: Evaluating at iteration 20681
2026-01-12 16:05:15,690 - INFO: Loss: 0.127434
2026-01-12 16:05:15,690 - INFO: Training ROC-AUC: 0.933333
2026-01-12 16:05:15,690 - INFO: Validation ROC-AUC: 0.549727
2026-01-12 16:05:40,736 - INFO: Evaluating at iteration 21181
2026-01-12 16:05:40,855 - INFO: Loss: 0.235768
2026-01-12 16:05:40,855 - INFO: Training ROC-AUC: 0.948148
2026-01-12 16:05:40,855 - INFO: Validation ROC-AUC: 0.559647
2026-01-12 16:06:05,976 - INFO: Evaluating at iteration 21681
2026-01-12 16:06:06,088 - INFO: Loss: 0.268504
2026-01-12 16:06:06,088 - INFO: Training ROC-AUC: 0.881481
2026-01-12 16:06:06,088 - INFO: Validation ROC-AUC: 0.560287
2026-01-12 16:06:31,233 - INFO: Evaluating at iteration 22181
2026-01-12 16:06:31,444 - INFO: Loss: 0.108739
2026-01-12 16:06:31,447 - INFO: Training ROC-AUC: 1.000000
2026-01-12 16:06:31,449 - INFO: Validation ROC-AUC: 0.573172
2026-01-12 16:06:56,543 - INFO: Evaluating at iteration 22681
2026-01-12 16:06:56,666 - INFO: Loss: 0.158609
2026-01-12 16:06:56,667 - INFO: Training ROC-AUC: 0.977011
2026-01-12 16:06:56,667 - INFO: Validation ROC-AUC: 0.562593
2026-01-12 16:07:21,798 - INFO: Evaluating at iteration 23181
2026-01-12 16:07:21,908 - INFO: Loss: 0.294365
2026-01-12 16:07:21,908 - INFO: Training ROC-AUC: 0.908571
2026-01-12 16:07:21,908 - INFO: Validation ROC-AUC: 0.560718
2026-01-12 16:07:26,135 - INFO: Starting epoch 10
2026-01-12 16:07:26,186 - INFO: Evaluating at iteration 23266
2026-01-12 16:07:26,299 - INFO: Loss: 0.175748
2026-01-12 16:07:26,299 - INFO: Training ROC-AUC: 1.000000
2026-01-12 16:07:26,299 - INFO: Validation ROC-AUC: 0.557166
2026-01-12 16:07:51,476 - INFO: Evaluating at iteration 23766
2026-01-12 16:07:51,606 - INFO: Loss: 0.289662
2026-01-12 16:07:51,612 - INFO: Training ROC-AUC: 0.891026
2026-01-12 16:07:51,617 - INFO: Validation ROC-AUC: 0.575739
2026-01-12 16:08:16,756 - INFO: Evaluating at iteration 24266
2026-01-12 16:08:16,909 - INFO: Loss: 0.340780
2026-01-12 16:08:16,911 - INFO: Training ROC-AUC: 0.858974
2026-01-12 16:08:16,913 - INFO: Validation ROC-AUC: 0.573642
2026-01-12 16:08:42,007 - INFO: Evaluating at iteration 24766
2026-01-12 16:08:42,149 - INFO: Loss: 0.128032
2026-01-12 16:08:42,151 - INFO: Training ROC-AUC: 1.000000
2026-01-12 16:08:42,154 - INFO: Validation ROC-AUC: 0.555331
2026-01-12 16:09:07,333 - INFO: Evaluating at iteration 25266
2026-01-12 16:09:07,464 - INFO: Loss: 0.465234
2026-01-12 16:09:07,464 - INFO: Training ROC-AUC: 0.916667
2026-01-12 16:09:07,464 - INFO: Validation ROC-AUC: 0.565244
2026-01-12 16:09:32,607 - INFO: Evaluating at iteration 25766
2026-01-12 16:09:32,718 - INFO: Loss: 0.440996
2026-01-12 16:09:32,718 - INFO: Training ROC-AUC: 0.589286
2026-01-12 16:09:32,718 - INFO: Validation ROC-AUC: 0.562051
2026-01-12 16:09:36,968 - INFO: Starting epoch 11
2026-01-12 16:09:37,021 - INFO: Evaluating at iteration 25851
2026-01-12 16:09:37,133 - INFO: Loss: 0.281029
2026-01-12 16:09:37,133 - INFO: Training ROC-AUC: 0.875000
2026-01-12 16:09:37,133 - INFO: Validation ROC-AUC: 0.566100
2026-01-12 16:10:02,355 - INFO: Evaluating at iteration 26351
2026-01-12 16:10:02,466 - INFO: Loss: 0.363681
2026-01-12 16:10:02,466 - INFO: Training ROC-AUC: 0.884058
2026-01-12 16:10:02,466 - INFO: Validation ROC-AUC: 0.567484
2026-01-12 16:10:27,715 - INFO: Evaluating at iteration 26851
2026-01-12 16:10:27,831 - INFO: Loss: 0.157214
2026-01-12 16:10:27,831 - INFO: Training ROC-AUC: 0.908046
2026-01-12 16:10:27,831 - INFO: Validation ROC-AUC: 0.573342
2026-01-12 16:10:52,961 - INFO: Evaluating at iteration 27351
2026-01-12 16:10:53,075 - INFO: Loss: 0.351226
2026-01-12 16:10:53,075 - INFO: Training ROC-AUC: 0.822222
2026-01-12 16:10:53,075 - INFO: Validation ROC-AUC: 0.569417
2026-01-12 16:11:18,279 - INFO: Evaluating at iteration 27851
2026-01-12 16:11:18,394 - INFO: Loss: 0.314083
2026-01-12 16:11:18,395 - INFO: Training ROC-AUC: 0.777778
2026-01-12 16:11:18,395 - INFO: Validation ROC-AUC: 0.573832
2026-01-12 16:11:43,618 - INFO: Evaluating at iteration 28351
2026-01-12 16:11:43,732 - INFO: Loss: 0.221825
2026-01-12 16:11:43,732 - INFO: Training ROC-AUC: 0.839080
2026-01-12 16:11:43,733 - INFO: Validation ROC-AUC: 0.574093
2026-01-12 16:11:47,955 - INFO: Starting epoch 12
2026-01-12 16:11:48,006 - INFO: Evaluating at iteration 28436
2026-01-12 16:11:48,122 - INFO: Loss: 0.149927
2026-01-12 16:11:48,122 - INFO: Training ROC-AUC: 0.988506
2026-01-12 16:11:48,122 - INFO: Validation ROC-AUC: 0.576718
2026-01-12 16:12:13,372 - INFO: Evaluating at iteration 28936
2026-01-12 16:12:13,490 - INFO: Loss: 0.405422
2026-01-12 16:12:13,490 - INFO: Training ROC-AUC: 0.679487
2026-01-12 16:12:13,490 - INFO: Validation ROC-AUC: 0.571540
2026-01-12 16:12:38,702 - INFO: Evaluating at iteration 29436
2026-01-12 16:12:38,816 - INFO: Loss: 0.391910
2026-01-12 16:12:38,816 - INFO: Training ROC-AUC: 0.805714
2026-01-12 16:12:38,816 - INFO: Validation ROC-AUC: 0.567393
2026-01-12 16:13:04,133 - INFO: Evaluating at iteration 29936
2026-01-12 16:13:04,248 - INFO: Loss: 0.222199
2026-01-12 16:13:04,249 - INFO: Training ROC-AUC: 0.964286
2026-01-12 16:13:04,249 - INFO: Validation ROC-AUC: 0.566041
2026-01-12 16:13:29,519 - INFO: Evaluating at iteration 30436
2026-01-12 16:13:29,631 - INFO: Loss: 0.138222
2026-01-12 16:13:29,631 - INFO: Training ROC-AUC: 0.991071
2026-01-12 16:13:29,631 - INFO: Validation ROC-AUC: 0.562292
2026-01-12 16:13:54,950 - INFO: Evaluating at iteration 30936
2026-01-12 16:13:55,062 - INFO: Loss: 0.274722
2026-01-12 16:13:55,062 - INFO: Training ROC-AUC: 0.830357
2026-01-12 16:13:55,062 - INFO: Validation ROC-AUC: 0.579069
2026-01-12 16:13:59,298 - INFO: Starting epoch 13
2026-01-12 16:13:59,350 - INFO: Evaluating at iteration 31021
2026-01-12 16:13:59,462 - INFO: Loss: 0.149540
2026-01-12 16:13:59,462 - INFO: Training ROC-AUC: 0.908046
2026-01-12 16:13:59,462 - INFO: Validation ROC-AUC: 0.589512
2026-01-12 16:14:24,777 - INFO: Evaluating at iteration 31521
2026-01-12 16:14:24,890 - INFO: Loss: 0.298531
2026-01-12 16:14:24,891 - INFO: Training ROC-AUC: 0.785714
2026-01-12 16:14:24,891 - INFO: Validation ROC-AUC: 0.577326
2026-01-12 16:14:50,143 - INFO: Evaluating at iteration 32021
2026-01-12 16:14:50,260 - INFO: Loss: 0.276410
2026-01-12 16:14:50,260 - INFO: Training ROC-AUC: 0.821429
2026-01-12 16:14:50,260 - INFO: Validation ROC-AUC: 0.570834
2026-01-12 16:15:15,571 - INFO: Evaluating at iteration 32521
2026-01-12 16:15:15,685 - INFO: Loss: 0.181144
2026-01-12 16:15:15,685 - INFO: Training ROC-AUC: 0.993590
2026-01-12 16:15:15,685 - INFO: Validation ROC-AUC: 0.574668
2026-01-12 16:15:40,954 - INFO: Evaluating at iteration 33021
2026-01-12 16:15:41,067 - INFO: Loss: 0.362077
2026-01-12 16:15:41,067 - INFO: Training ROC-AUC: 0.840000
2026-01-12 16:15:41,067 - INFO: Validation ROC-AUC: 0.587984
2026-01-12 16:16:06,394 - INFO: Evaluating at iteration 33521
2026-01-12 16:16:06,506 - INFO: Loss: 0.273618
2026-01-12 16:16:06,506 - INFO: Training ROC-AUC: 0.874074
2026-01-12 16:16:06,507 - INFO: Validation ROC-AUC: 0.596127
2026-01-12 16:16:10,745 - INFO: Starting epoch 14
2026-01-12 16:16:10,796 - INFO: Evaluating at iteration 33606
2026-01-12 16:16:10,908 - INFO: Loss: 0.388984
2026-01-12 16:16:10,908 - INFO: Training ROC-AUC: 0.762963
2026-01-12 16:16:10,908 - INFO: Validation ROC-AUC: 0.586194
2026-01-12 16:16:36,288 - INFO: Evaluating at iteration 34106
2026-01-12 16:16:36,403 - INFO: Loss: 0.364560
2026-01-12 16:16:36,403 - INFO: Training ROC-AUC: 0.839744
2026-01-12 16:16:36,403 - INFO: Validation ROC-AUC: 0.581760
2026-01-12 16:17:01,672 - INFO: Evaluating at iteration 34606
2026-01-12 16:17:01,785 - INFO: Loss: 0.145798
2026-01-12 16:17:01,786 - INFO: Training ROC-AUC: 1.000000
2026-01-12 16:17:01,786 - INFO: Validation ROC-AUC: 0.574315
2026-01-12 16:17:27,160 - INFO: Evaluating at iteration 35106
2026-01-12 16:17:27,273 - INFO: Loss: 0.408791
2026-01-12 16:17:27,273 - INFO: Training ROC-AUC: 0.875000
2026-01-12 16:17:27,273 - INFO: Validation ROC-AUC: 0.579220
2026-01-12 16:17:52,599 - INFO: Evaluating at iteration 35606
2026-01-12 16:17:52,711 - INFO: Loss: 0.250596
2026-01-12 16:17:52,711 - INFO: Training ROC-AUC: 0.866071
2026-01-12 16:17:52,711 - INFO: Validation ROC-AUC: 0.580069
2026-01-12 16:18:18,086 - INFO: Evaluating at iteration 36106
2026-01-12 16:18:18,200 - INFO: Loss: 0.526505
2026-01-12 16:18:18,200 - INFO: Training ROC-AUC: 0.883117
2026-01-12 16:18:18,200 - INFO: Validation ROC-AUC: 0.580500
2026-01-12 16:18:22,458 - INFO: Starting epoch 15
2026-01-12 16:18:22,514 - INFO: Evaluating at iteration 36191
2026-01-12 16:18:22,627 - INFO: Loss: 0.317569
2026-01-12 16:18:22,627 - INFO: Training ROC-AUC: 0.858974
2026-01-12 16:18:22,627 - INFO: Validation ROC-AUC: 0.578371
2026-01-12 16:18:48,026 - INFO: Evaluating at iteration 36691
2026-01-12 16:18:48,140 - INFO: Loss: 0.318939
2026-01-12 16:18:48,141 - INFO: Training ROC-AUC: 0.878205
2026-01-12 16:18:48,141 - INFO: Validation ROC-AUC: 0.575484
2026-01-12 16:19:13,494 - INFO: Evaluating at iteration 37191
2026-01-12 16:19:13,609 - INFO: Loss: 0.219554
2026-01-12 16:19:13,609 - INFO: Training ROC-AUC: 0.910256
2026-01-12 16:19:13,609 - INFO: Validation ROC-AUC: 0.572826
2026-01-12 16:19:39,012 - INFO: Evaluating at iteration 37691
2026-01-12 16:19:39,127 - INFO: Loss: 0.326422
2026-01-12 16:19:39,127 - INFO: Training ROC-AUC: 0.874074
2026-01-12 16:19:39,127 - INFO: Validation ROC-AUC: 0.579749
2026-01-12 16:20:04,540 - INFO: Evaluating at iteration 38191
2026-01-12 16:20:04,655 - INFO: Loss: 0.315520
2026-01-12 16:20:04,655 - INFO: Training ROC-AUC: 0.895833
2026-01-12 16:20:04,655 - INFO: Validation ROC-AUC: 0.586410
2026-01-12 16:20:30,060 - INFO: Evaluating at iteration 38691
2026-01-12 16:20:30,176 - INFO: Loss: 0.402263
2026-01-12 16:20:30,176 - INFO: Training ROC-AUC: 0.904545
2026-01-12 16:20:30,176 - INFO: Validation ROC-AUC: 0.583882
2026-01-12 16:20:34,455 - INFO: Starting epoch 16
2026-01-12 16:20:34,507 - INFO: Evaluating at iteration 38776
2026-01-12 16:20:34,622 - INFO: Loss: 0.180428
2026-01-12 16:20:34,622 - INFO: Training ROC-AUC: 0.977778
2026-01-12 16:20:34,622 - INFO: Validation ROC-AUC: 0.589094
2026-01-12 16:21:00,070 - INFO: Evaluating at iteration 39276
2026-01-12 16:21:00,187 - INFO: Loss: 0.196529
2026-01-12 16:21:00,187 - INFO: Training ROC-AUC: 0.908046
2026-01-12 16:21:00,187 - INFO: Validation ROC-AUC: 0.598132
2026-01-12 16:21:25,667 - INFO: Evaluating at iteration 39776
2026-01-12 16:21:25,780 - INFO: Loss: 0.214633
2026-01-12 16:21:25,780 - INFO: Training ROC-AUC: 0.962963
2026-01-12 16:21:25,781 - INFO: Validation ROC-AUC: 0.599491
2026-01-12 16:21:51,254 - INFO: Evaluating at iteration 40276
2026-01-12 16:21:51,366 - INFO: Loss: 0.274600
2026-01-12 16:21:51,366 - INFO: Training ROC-AUC: 0.911458
2026-01-12 16:21:51,366 - INFO: Validation ROC-AUC: 0.584157
2026-01-12 16:22:16,867 - INFO: Evaluating at iteration 40776
2026-01-12 16:22:16,987 - INFO: Loss: 0.417675
2026-01-12 16:22:16,987 - INFO: Training ROC-AUC: 0.880000
2026-01-12 16:22:16,987 - INFO: Validation ROC-AUC: 0.585280
2026-01-12 16:22:42,511 - INFO: Evaluating at iteration 41276
2026-01-12 16:22:42,622 - INFO: Loss: 0.419969
2026-01-12 16:22:42,622 - INFO: Training ROC-AUC: 0.788462
2026-01-12 16:22:42,622 - INFO: Validation ROC-AUC: 0.582021
2026-01-12 16:22:46,919 - INFO: Starting epoch 17
2026-01-12 16:22:46,972 - INFO: Evaluating at iteration 41361
2026-01-12 16:22:47,085 - INFO: Loss: 0.260430
2026-01-12 16:22:47,086 - INFO: Training ROC-AUC: 0.884615
2026-01-12 16:22:47,086 - INFO: Validation ROC-AUC: 0.588056
2026-01-12 16:23:12,691 - INFO: Evaluating at iteration 41861
2026-01-12 16:23:12,805 - INFO: Loss: 0.119551
2026-01-12 16:23:12,805 - INFO: Training ROC-AUC: 1.000000
2026-01-12 16:23:12,805 - INFO: Validation ROC-AUC: 0.594736
2026-01-12 16:23:38,377 - INFO: Evaluating at iteration 42361
2026-01-12 16:23:38,492 - INFO: Loss: 0.383335
2026-01-12 16:23:38,492 - INFO: Training ROC-AUC: 0.880208
2026-01-12 16:23:38,492 - INFO: Validation ROC-AUC: 0.592333
2026-01-12 16:24:04,192 - INFO: Evaluating at iteration 42861
2026-01-12 16:24:04,308 - INFO: Loss: 0.453409
2026-01-12 16:24:04,308 - INFO: Training ROC-AUC: 0.845714
2026-01-12 16:24:04,308 - INFO: Validation ROC-AUC: 0.585913
2026-01-12 16:24:29,947 - INFO: Evaluating at iteration 43361
2026-01-12 16:24:30,060 - INFO: Loss: 0.264403
2026-01-12 16:24:30,060 - INFO: Training ROC-AUC: 0.942308
2026-01-12 16:24:30,060 - INFO: Validation ROC-AUC: 0.590602
2026-01-12 16:24:55,822 - INFO: Evaluating at iteration 43861
2026-01-12 16:24:55,936 - INFO: Loss: 0.259551
2026-01-12 16:24:55,936 - INFO: Training ROC-AUC: 0.942308
2026-01-12 16:24:55,936 - INFO: Validation ROC-AUC: 0.595598
2026-01-12 16:25:00,275 - INFO: Starting epoch 18
2026-01-12 16:25:00,327 - INFO: Evaluating at iteration 43946
2026-01-12 16:25:00,440 - INFO: Loss: 0.262695
2026-01-12 16:25:00,440 - INFO: Training ROC-AUC: 0.988571
2026-01-12 16:25:00,440 - INFO: Validation ROC-AUC: 0.594880
2026-01-12 16:25:26,229 - INFO: Evaluating at iteration 44446
2026-01-12 16:25:26,340 - INFO: Loss: 0.351310
2026-01-12 16:25:26,340 - INFO: Training ROC-AUC: 0.822222
2026-01-12 16:25:26,340 - INFO: Validation ROC-AUC: 0.594220
2026-01-12 16:25:52,150 - INFO: Evaluating at iteration 44946
2026-01-12 16:25:52,270 - INFO: Loss: 0.264742
2026-01-12 16:25:52,270 - INFO: Training ROC-AUC: 0.839286
2026-01-12 16:25:52,270 - INFO: Validation ROC-AUC: 0.599961
2026-01-12 16:26:18,237 - INFO: Evaluating at iteration 45446
2026-01-12 16:26:18,351 - INFO: Loss: 0.139251
2026-01-12 16:26:18,351 - INFO: Training ROC-AUC: 0.950000
2026-01-12 16:26:18,351 - INFO: Validation ROC-AUC: 0.590485
2026-01-12 16:26:44,401 - INFO: Evaluating at iteration 45946
2026-01-12 16:26:44,516 - INFO: Loss: 0.291265
2026-01-12 16:26:44,516 - INFO: Training ROC-AUC: 0.830357
2026-01-12 16:26:44,516 - INFO: Validation ROC-AUC: 0.596278
2026-01-12 16:27:10,583 - INFO: Evaluating at iteration 46446
2026-01-12 16:27:10,696 - INFO: Loss: 0.341826
2026-01-12 16:27:10,696 - INFO: Training ROC-AUC: 0.852564
2026-01-12 16:27:10,697 - INFO: Validation ROC-AUC: 0.596793
2026-01-12 16:27:15,094 - INFO: Starting epoch 19
2026-01-12 16:27:15,155 - INFO: Evaluating at iteration 46531
2026-01-12 16:27:15,269 - INFO: Loss: 0.222332
2026-01-12 16:27:15,269 - INFO: Training ROC-AUC: 0.883929
2026-01-12 16:27:15,269 - INFO: Validation ROC-AUC: 0.591543
2026-01-12 16:27:41,571 - INFO: Evaluating at iteration 47031
2026-01-12 16:27:41,686 - INFO: Loss: 0.409447
2026-01-12 16:27:41,686 - INFO: Training ROC-AUC: 0.869565
2026-01-12 16:27:41,686 - INFO: Validation ROC-AUC: 0.593704
2026-01-12 16:28:08,002 - INFO: Evaluating at iteration 47531
2026-01-12 16:28:08,116 - INFO: Loss: 0.262188
2026-01-12 16:28:08,116 - INFO: Training ROC-AUC: 0.920000
2026-01-12 16:28:08,116 - INFO: Validation ROC-AUC: 0.595762
2026-01-12 16:28:34,478 - INFO: Evaluating at iteration 48031
2026-01-12 16:28:34,594 - INFO: Loss: 0.175137
2026-01-12 16:28:34,594 - INFO: Training ROC-AUC: 1.000000
2026-01-12 16:28:34,594 - INFO: Validation ROC-AUC: 0.602253
2026-01-12 16:29:00,970 - INFO: Evaluating at iteration 48531
2026-01-12 16:29:01,083 - INFO: Loss: 0.227627
2026-01-12 16:29:01,083 - INFO: Training ROC-AUC: 0.987179
2026-01-12 16:29:01,083 - INFO: Validation ROC-AUC: 0.603958
2026-01-12 16:29:27,586 - INFO: Evaluating at iteration 49031
2026-01-12 16:29:27,704 - INFO: Loss: 0.278733
2026-01-12 16:29:27,704 - INFO: Training ROC-AUC: 0.884615
2026-01-12 16:29:27,704 - INFO: Validation ROC-AUC: 0.594116
2026-01-12 16:29:32,175 - INFO: Starting epoch 20
2026-01-12 16:29:32,229 - INFO: Evaluating at iteration 49116
2026-01-12 16:29:32,342 - INFO: Loss: 0.200060
2026-01-12 16:29:32,342 - INFO: Training ROC-AUC: 0.940741
2026-01-12 16:29:32,342 - INFO: Validation ROC-AUC: 0.600542
2026-01-12 16:29:58,816 - INFO: Evaluating at iteration 49616
2026-01-12 16:29:58,929 - INFO: Loss: 0.267940
2026-01-12 16:29:58,930 - INFO: Training ROC-AUC: 0.866667
2026-01-12 16:29:58,930 - INFO: Validation ROC-AUC: 0.608157
2026-01-12 16:30:25,499 - INFO: Evaluating at iteration 50116
2026-01-12 16:30:25,616 - INFO: Loss: 0.335199
2026-01-12 16:30:25,616 - INFO: Training ROC-AUC: 0.858974
2026-01-12 16:30:25,616 - INFO: Validation ROC-AUC: 0.604643
2026-01-12 16:30:52,204 - INFO: Evaluating at iteration 50616
2026-01-12 16:30:52,317 - INFO: Loss: 0.267177
2026-01-12 16:30:52,317 - INFO: Training ROC-AUC: 0.874074
2026-01-12 16:30:52,317 - INFO: Validation ROC-AUC: 0.590047
2026-01-12 16:31:18,907 - INFO: Evaluating at iteration 51116
2026-01-12 16:31:19,023 - INFO: Loss: 0.323575
2026-01-12 16:31:19,023 - INFO: Training ROC-AUC: 0.814815
2026-01-12 16:31:19,023 - INFO: Validation ROC-AUC: 0.595246
2026-01-12 16:31:45,575 - INFO: Evaluating at iteration 51616
2026-01-12 16:31:45,686 - INFO: Loss: 0.241607
2026-01-12 16:31:45,686 - INFO: Training ROC-AUC: 0.888889
2026-01-12 16:31:45,686 - INFO: Validation ROC-AUC: 0.593724
2026-01-12 16:31:50,156 - INFO: Starting epoch 21
2026-01-12 16:31:50,218 - INFO: Evaluating at iteration 51701
2026-01-12 16:31:50,331 - INFO: Loss: 0.399047
2026-01-12 16:31:50,331 - INFO: Training ROC-AUC: 0.884058
2026-01-12 16:31:50,331 - INFO: Validation ROC-AUC: 0.596519
2026-01-12 16:32:16,911 - INFO: Evaluating at iteration 52201
2026-01-12 16:32:17,026 - INFO: Loss: 0.222308
2026-01-12 16:32:17,027 - INFO: Training ROC-AUC: 0.816667
2026-01-12 16:32:17,027 - INFO: Validation ROC-AUC: 0.597146
2026-01-12 16:32:43,615 - INFO: Evaluating at iteration 52701
2026-01-12 16:32:43,727 - INFO: Loss: 0.343750
2026-01-12 16:32:43,727 - INFO: Training ROC-AUC: 0.767857
2026-01-12 16:32:43,727 - INFO: Validation ROC-AUC: 0.601476
2026-01-12 16:33:10,330 - INFO: Evaluating at iteration 53201
2026-01-12 16:33:10,444 - INFO: Loss: 0.408776
2026-01-12 16:33:10,444 - INFO: Training ROC-AUC: 0.885714
2026-01-12 16:33:10,444 - INFO: Validation ROC-AUC: 0.600705
2026-01-12 16:33:36,928 - INFO: Evaluating at iteration 53701
2026-01-12 16:33:37,042 - INFO: Loss: 0.200980
2026-01-12 16:33:37,042 - INFO: Training ROC-AUC: 0.961538
2026-01-12 16:33:37,042 - INFO: Validation ROC-AUC: 0.598178
2026-01-12 16:34:03,659 - INFO: Evaluating at iteration 54201
2026-01-12 16:34:03,776 - INFO: Loss: 0.247443
2026-01-12 16:34:03,776 - INFO: Training ROC-AUC: 0.948148
2026-01-12 16:34:03,776 - INFO: Validation ROC-AUC: 0.603592
2026-01-12 16:34:08,268 - INFO: Starting epoch 22
2026-01-12 16:34:08,323 - INFO: Evaluating at iteration 54286
2026-01-12 16:34:08,436 - INFO: Loss: 0.208094
2026-01-12 16:34:08,436 - INFO: Training ROC-AUC: 0.967949
2026-01-12 16:34:08,436 - INFO: Validation ROC-AUC: 0.598256
2026-01-12 16:34:35,060 - INFO: Evaluating at iteration 54786
2026-01-12 16:34:35,174 - INFO: Loss: 0.244391
2026-01-12 16:34:35,174 - INFO: Training ROC-AUC: 0.954286
2026-01-12 16:34:35,174 - INFO: Validation ROC-AUC: 0.604271
2026-01-12 16:35:01,781 - INFO: Evaluating at iteration 55286
2026-01-12 16:35:01,896 - INFO: Loss: 0.245475
2026-01-12 16:35:01,896 - INFO: Training ROC-AUC: 0.960000
2026-01-12 16:35:01,896 - INFO: Validation ROC-AUC: 0.604140
2026-01-12 16:35:28,545 - INFO: Evaluating at iteration 55786
2026-01-12 16:35:28,660 - INFO: Loss: 0.369376
2026-01-12 16:35:28,660 - INFO: Training ROC-AUC: 0.875000
2026-01-12 16:35:28,660 - INFO: Validation ROC-AUC: 0.607752
2026-01-12 16:35:55,277 - INFO: Evaluating at iteration 56286
2026-01-12 16:35:55,390 - INFO: Loss: 0.275510
2026-01-12 16:35:55,390 - INFO: Training ROC-AUC: 0.848214
2026-01-12 16:35:55,390 - INFO: Validation ROC-AUC: 0.602710
2026-01-12 16:36:22,058 - INFO: Evaluating at iteration 56786
2026-01-12 16:36:22,170 - INFO: Loss: 0.192584
2026-01-12 16:36:22,171 - INFO: Training ROC-AUC: 0.891026
2026-01-12 16:36:22,171 - INFO: Validation ROC-AUC: 0.599340
2026-01-12 16:36:26,660 - INFO: Starting epoch 23
2026-01-12 16:36:26,713 - INFO: Evaluating at iteration 56871
2026-01-12 16:36:26,826 - INFO: Loss: 0.211487
2026-01-12 16:36:26,826 - INFO: Training ROC-AUC: 0.850575
2026-01-12 16:36:26,826 - INFO: Validation ROC-AUC: 0.599256
2026-01-12 16:36:53,506 - INFO: Evaluating at iteration 57371
2026-01-12 16:36:53,617 - INFO: Loss: 0.471485
2026-01-12 16:36:53,617 - INFO: Training ROC-AUC: 0.906883
2026-01-12 16:36:53,618 - INFO: Validation ROC-AUC: 0.608555
2026-01-12 16:37:20,278 - INFO: Evaluating at iteration 57871
2026-01-12 16:37:20,391 - INFO: Loss: 0.163982
2026-01-12 16:37:20,391 - INFO: Training ROC-AUC: 0.866667
2026-01-12 16:37:20,391 - INFO: Validation ROC-AUC: 0.614544
2026-01-12 16:37:47,084 - INFO: Evaluating at iteration 58371
2026-01-12 16:37:47,197 - INFO: Loss: 0.147485
2026-01-12 16:37:47,197 - INFO: Training ROC-AUC: 0.977011
2026-01-12 16:37:47,197 - INFO: Validation ROC-AUC: 0.601985
2026-01-12 16:38:13,908 - INFO: Evaluating at iteration 58871
2026-01-12 16:38:14,020 - INFO: Loss: 0.233836
2026-01-12 16:38:14,020 - INFO: Training ROC-AUC: 0.971429
2026-01-12 16:38:14,020 - INFO: Validation ROC-AUC: 0.607373
2026-01-12 16:38:40,558 - INFO: Evaluating at iteration 59371
2026-01-12 16:38:40,671 - INFO: Loss: 0.284210
2026-01-12 16:38:40,671 - INFO: Training ROC-AUC: 0.929487
2026-01-12 16:38:40,671 - INFO: Validation ROC-AUC: 0.601600
2026-01-12 16:38:45,189 - INFO: Starting epoch 24
2026-01-12 16:38:45,244 - INFO: Evaluating at iteration 59456
2026-01-12 16:38:45,357 - INFO: Loss: 0.138620
2026-01-12 16:38:45,357 - INFO: Training ROC-AUC: 0.977011
2026-01-12 16:38:45,357 - INFO: Validation ROC-AUC: 0.600705
2026-01-12 16:39:12,122 - INFO: Evaluating at iteration 59956
2026-01-12 16:39:12,232 - INFO: Loss: 0.203086
2026-01-12 16:39:12,232 - INFO: Training ROC-AUC: 0.948148
2026-01-12 16:39:12,232 - INFO: Validation ROC-AUC: 0.606922
2026-01-12 16:39:38,939 - INFO: Evaluating at iteration 60456
2026-01-12 16:39:39,055 - INFO: Loss: 0.405894
2026-01-12 16:39:39,055 - INFO: Training ROC-AUC: 0.881818
2026-01-12 16:39:39,056 - INFO: Validation ROC-AUC: 0.598413
2026-01-12 16:40:05,843 - INFO: Evaluating at iteration 60956
2026-01-12 16:40:05,959 - INFO: Loss: 0.287307
2026-01-12 16:40:05,959 - INFO: Training ROC-AUC: 0.701149
2026-01-12 16:40:05,959 - INFO: Validation ROC-AUC: 0.601496
2026-01-12 16:40:32,797 - INFO: Evaluating at iteration 61456
2026-01-12 16:40:32,913 - INFO: Loss: 0.171446
2026-01-12 16:40:32,913 - INFO: Training ROC-AUC: 0.987179
2026-01-12 16:40:32,913 - INFO: Validation ROC-AUC: 0.599158
2026-01-12 16:40:59,765 - INFO: Evaluating at iteration 61956
2026-01-12 16:40:59,875 - INFO: Loss: 0.197671
2026-01-12 16:40:59,876 - INFO: Training ROC-AUC: 0.987179
2026-01-12 16:40:59,876 - INFO: Validation ROC-AUC: 0.605022
2026-01-12 16:41:04,406 - INFO: Starting epoch 25
2026-01-12 16:41:04,460 - INFO: Evaluating at iteration 62041
2026-01-12 16:41:04,574 - INFO: Loss: 0.216694
2026-01-12 16:41:04,574 - INFO: Training ROC-AUC: 0.974359
2026-01-12 16:41:04,574 - INFO: Validation ROC-AUC: 0.603069
2026-01-12 16:41:31,572 - INFO: Evaluating at iteration 62541
2026-01-12 16:41:31,687 - INFO: Loss: 0.235709
2026-01-12 16:41:31,687 - INFO: Training ROC-AUC: 0.850575
2026-01-12 16:41:31,687 - INFO: Validation ROC-AUC: 0.604127
2026-01-12 16:41:58,556 - INFO: Evaluating at iteration 63041
2026-01-12 16:41:58,670 - INFO: Loss: 0.224327
2026-01-12 16:41:58,671 - INFO: Training ROC-AUC: 0.910256
2026-01-12 16:41:58,671 - INFO: Validation ROC-AUC: 0.610913
2026-01-12 16:42:25,565 - INFO: Evaluating at iteration 63541
2026-01-12 16:42:25,679 - INFO: Loss: 0.278963
2026-01-12 16:42:25,679 - INFO: Training ROC-AUC: 0.920000
2026-01-12 16:42:25,679 - INFO: Validation ROC-AUC: 0.602031
2026-01-12 16:42:52,483 - INFO: Evaluating at iteration 64041
2026-01-12 16:42:52,597 - INFO: Loss: 0.258370
2026-01-12 16:42:52,598 - INFO: Training ROC-AUC: 0.785714
2026-01-12 16:42:52,598 - INFO: Validation ROC-AUC: 0.604761
2026-01-12 16:43:19,442 - INFO: Evaluating at iteration 64541
2026-01-12 16:43:19,560 - INFO: Loss: 0.198935
2026-01-12 16:43:19,560 - INFO: Training ROC-AUC: 0.955556
2026-01-12 16:43:19,560 - INFO: Validation ROC-AUC: 0.605022
2026-01-12 16:43:24,084 - INFO: Saving model to models/TCRStructMap_pMHC_split/model_1.pt
2026-01-12 16:43:24,114 - INFO: Starting fold 2
2026-01-12 16:43:24,130 - INFO: Initialising model
2026-01-12 16:43:24,152 - INFO: Starting training
2026-01-12 16:43:24,153 - INFO: Starting epoch 1
2026-01-12 16:43:24,219 - INFO: Evaluating at iteration 1
2026-01-12 16:43:24,482 - INFO: Loss: 0.702608
2026-01-12 16:43:24,482 - INFO: Training ROC-AUC: 0.560000
2026-01-12 16:43:24,482 - INFO: Validation ROC-AUC: 0.527171
2026-01-12 16:43:48,847 - INFO: Evaluating at iteration 501
2026-01-12 16:43:49,110 - INFO: Loss: 0.534642
2026-01-12 16:43:49,110 - INFO: Training ROC-AUC: 0.388571
2026-01-12 16:43:49,110 - INFO: Validation ROC-AUC: 0.528756
2026-01-12 16:44:14,427 - INFO: Evaluating at iteration 1001
2026-01-12 16:44:14,689 - INFO: Loss: 0.492202
2026-01-12 16:44:14,689 - INFO: Training ROC-AUC: 0.794286
2026-01-12 16:44:14,689 - INFO: Validation ROC-AUC: 0.511114
2026-01-12 16:44:40,061 - INFO: Evaluating at iteration 1501
2026-01-12 16:44:40,325 - INFO: Loss: 0.435802
2026-01-12 16:44:40,325 - INFO: Training ROC-AUC: 0.392593
2026-01-12 16:44:40,325 - INFO: Validation ROC-AUC: 0.489484
2026-01-12 16:45:05,671 - INFO: Evaluating at iteration 2001
2026-01-12 16:45:05,937 - INFO: Loss: 0.359466
2026-01-12 16:45:05,937 - INFO: Training ROC-AUC: 0.750000
2026-01-12 16:45:05,937 - INFO: Validation ROC-AUC: 0.483725
2026-01-12 16:45:31,314 - INFO: Evaluating at iteration 2501
2026-01-12 16:45:31,575 - INFO: Loss: 0.322504
2026-01-12 16:45:31,575 - INFO: Training ROC-AUC: 0.574713
2026-01-12 16:45:31,575 - INFO: Validation ROC-AUC: 0.485328
2026-01-12 16:45:33,392 - INFO: Starting epoch 2
2026-01-12 16:45:33,444 - INFO: Evaluating at iteration 2538
2026-01-12 16:45:33,705 - INFO: Loss: 0.453211
2026-01-12 16:45:33,705 - INFO: Training ROC-AUC: 0.583333
2026-01-12 16:45:33,706 - INFO: Validation ROC-AUC: 0.485663
2026-01-12 16:45:59,033 - INFO: Evaluating at iteration 3038
2026-01-12 16:45:59,305 - INFO: Loss: 0.477656
2026-01-12 16:45:59,305 - INFO: Training ROC-AUC: 0.538462
2026-01-12 16:45:59,305 - INFO: Validation ROC-AUC: 0.491852
2026-01-12 16:46:24,611 - INFO: Evaluating at iteration 3538
2026-01-12 16:46:24,874 - INFO: Loss: 0.318603
2026-01-12 16:46:24,874 - INFO: Training ROC-AUC: 0.528736
2026-01-12 16:46:24,874 - INFO: Validation ROC-AUC: 0.501822
2026-01-12 16:46:50,241 - INFO: Evaluating at iteration 4038
2026-01-12 16:46:50,505 - INFO: Loss: 0.318367
2026-01-12 16:46:50,506 - INFO: Training ROC-AUC: 0.776786
2026-01-12 16:46:50,506 - INFO: Validation ROC-AUC: 0.507408
2026-01-12 16:47:15,863 - INFO: Evaluating at iteration 4538
2026-01-12 16:47:16,139 - INFO: Loss: 0.177520
2026-01-12 16:47:16,139 - INFO: Training ROC-AUC: 0.903226
2026-01-12 16:47:16,139 - INFO: Validation ROC-AUC: 0.516663
2026-01-12 16:47:41,650 - INFO: Evaluating at iteration 5038
2026-01-12 16:47:41,915 - INFO: Loss: 0.274459
2026-01-12 16:47:41,915 - INFO: Training ROC-AUC: 0.804598
2026-01-12 16:47:41,915 - INFO: Validation ROC-AUC: 0.526112
2026-01-12 16:47:43,757 - INFO: Starting epoch 3
2026-01-12 16:47:43,810 - INFO: Evaluating at iteration 5075
2026-01-12 16:47:44,069 - INFO: Loss: 0.412849
2026-01-12 16:47:44,069 - INFO: Training ROC-AUC: 0.705128
2026-01-12 16:47:44,069 - INFO: Validation ROC-AUC: 0.526471
2026-01-12 16:48:09,481 - INFO: Evaluating at iteration 5575
2026-01-12 16:48:09,755 - INFO: Loss: 0.246166
2026-01-12 16:48:09,755 - INFO: Training ROC-AUC: 0.612903
2026-01-12 16:48:09,755 - INFO: Validation ROC-AUC: 0.535544
2026-01-12 16:48:35,125 - INFO: Evaluating at iteration 6075
2026-01-12 16:48:35,385 - INFO: Loss: 0.205469
2026-01-12 16:48:35,385 - INFO: Training ROC-AUC: 1.000000
2026-01-12 16:48:35,385 - INFO: Validation ROC-AUC: 0.530216
2026-01-12 16:49:00,733 - INFO: Evaluating at iteration 6575
2026-01-12 16:49:00,996 - INFO: Loss: 0.358142
2026-01-12 16:49:00,997 - INFO: Training ROC-AUC: 0.911458
2026-01-12 16:49:00,997 - INFO: Validation ROC-AUC: 0.539054
2026-01-12 16:49:26,213 - INFO: Evaluating at iteration 7075
2026-01-12 16:49:26,474 - INFO: Loss: 0.207608
2026-01-12 16:49:26,475 - INFO: Training ROC-AUC: 0.827586
2026-01-12 16:49:26,475 - INFO: Validation ROC-AUC: 0.550622
2026-01-12 16:49:51,690 - INFO: Evaluating at iteration 7575
2026-01-12 16:49:51,960 - INFO: Loss: 0.357992
2026-01-12 16:49:51,960 - INFO: Training ROC-AUC: 0.765714
2026-01-12 16:49:51,960 - INFO: Validation ROC-AUC: 0.558227
2026-01-12 16:49:53,782 - INFO: Starting epoch 4
2026-01-12 16:49:53,833 - INFO: Evaluating at iteration 7612
2026-01-12 16:49:54,097 - INFO: Loss: 0.275337
2026-01-12 16:49:54,097 - INFO: Training ROC-AUC: 0.954286
2026-01-12 16:49:54,097 - INFO: Validation ROC-AUC: 0.552837
2026-01-12 16:50:19,345 - INFO: Evaluating at iteration 8112
2026-01-12 16:50:19,608 - INFO: Loss: 0.300186
2026-01-12 16:50:19,608 - INFO: Training ROC-AUC: 0.758929
2026-01-12 16:50:19,609 - INFO: Validation ROC-AUC: 0.560574
2026-01-12 16:50:44,811 - INFO: Evaluating at iteration 8612
2026-01-12 16:50:45,074 - INFO: Loss: 0.258524
2026-01-12 16:50:45,074 - INFO: Training ROC-AUC: 0.816092
2026-01-12 16:50:45,074 - INFO: Validation ROC-AUC: 0.568922
2026-01-12 16:51:10,234 - INFO: Evaluating at iteration 9112
2026-01-12 16:51:10,506 - INFO: Loss: 0.554770
2026-01-12 16:51:10,506 - INFO: Training ROC-AUC: 0.651042
2026-01-12 16:51:10,506 - INFO: Validation ROC-AUC: 0.566750
2026-01-12 16:51:35,669 - INFO: Evaluating at iteration 9612
2026-01-12 16:51:35,929 - INFO: Loss: 0.276860
2026-01-12 16:51:35,930 - INFO: Training ROC-AUC: 0.859259
2026-01-12 16:51:35,930 - INFO: Validation ROC-AUC: 0.573197
2026-01-12 16:52:01,091 - INFO: Evaluating at iteration 10112
2026-01-12 16:52:01,365 - INFO: Loss: 0.275085
2026-01-12 16:52:01,365 - INFO: Training ROC-AUC: 0.920000
2026-01-12 16:52:01,365 - INFO: Validation ROC-AUC: 0.577116
2026-01-12 16:52:03,185 - INFO: Starting epoch 5
2026-01-12 16:52:03,237 - INFO: Evaluating at iteration 10149
2026-01-12 16:52:03,497 - INFO: Loss: 0.202186
2026-01-12 16:52:03,497 - INFO: Training ROC-AUC: 0.901786
2026-01-12 16:52:03,497 - INFO: Validation ROC-AUC: 0.576899
2026-01-12 16:52:28,636 - INFO: Evaluating at iteration 10649
2026-01-12 16:52:28,899 - INFO: Loss: 0.229922
2026-01-12 16:52:28,899 - INFO: Training ROC-AUC: 0.783333
2026-01-12 16:52:28,899 - INFO: Validation ROC-AUC: 0.565517
2026-01-12 16:52:54,056 - INFO: Evaluating at iteration 11149
2026-01-12 16:52:54,320 - INFO: Loss: 0.301415
2026-01-12 16:52:54,320 - INFO: Training ROC-AUC: 0.785714
2026-01-12 16:52:54,320 - INFO: Validation ROC-AUC: 0.583636
2026-01-12 16:53:19,467 - INFO: Evaluating at iteration 11649
2026-01-12 16:53:19,740 - INFO: Loss: 0.417799
2026-01-12 16:53:19,741 - INFO: Training ROC-AUC: 0.828571
2026-01-12 16:53:19,741 - INFO: Validation ROC-AUC: 0.578948
2026-01-12 16:53:44,848 - INFO: Evaluating at iteration 12149
2026-01-12 16:53:45,119 - INFO: Loss: 0.237819
2026-01-12 16:53:45,119 - INFO: Training ROC-AUC: 0.794643
2026-01-12 16:53:45,119 - INFO: Validation ROC-AUC: 0.583253
2026-01-12 16:54:10,301 - INFO: Evaluating at iteration 12649
2026-01-12 16:54:10,575 - INFO: Loss: 0.449924
2026-01-12 16:54:10,575 - INFO: Training ROC-AUC: 0.703704
2026-01-12 16:54:10,575 - INFO: Validation ROC-AUC: 0.589309
2026-01-12 16:54:12,388 - INFO: Starting epoch 6
2026-01-12 16:54:12,444 - INFO: Evaluating at iteration 12686
2026-01-12 16:54:12,707 - INFO: Loss: 0.202508
2026-01-12 16:54:12,708 - INFO: Training ROC-AUC: 0.816667
2026-01-12 16:54:12,708 - INFO: Validation ROC-AUC: 0.592303
2026-01-12 16:54:37,751 - INFO: Evaluating at iteration 13186
2026-01-12 16:54:38,014 - INFO: Loss: 0.358769
2026-01-12 16:54:38,014 - INFO: Training ROC-AUC: 0.826923
2026-01-12 16:54:38,014 - INFO: Validation ROC-AUC: 0.587903
2026-01-12 16:55:03,078 - INFO: Evaluating at iteration 13686
2026-01-12 16:55:03,354 - INFO: Loss: 0.283994
2026-01-12 16:55:03,354 - INFO: Training ROC-AUC: 0.862069
2026-01-12 16:55:03,354 - INFO: Validation ROC-AUC: 0.585425
2026-01-12 16:55:28,436 - INFO: Evaluating at iteration 14186
2026-01-12 16:55:28,699 - INFO: Loss: 0.293402
2026-01-12 16:55:28,699 - INFO: Training ROC-AUC: 0.874286
2026-01-12 16:55:28,700 - INFO: Validation ROC-AUC: 0.584947
2026-01-12 16:55:53,732 - INFO: Evaluating at iteration 14686
2026-01-12 16:55:53,995 - INFO: Loss: 0.441086
2026-01-12 16:55:53,996 - INFO: Training ROC-AUC: 0.705128
2026-01-12 16:55:53,996 - INFO: Validation ROC-AUC: 0.598234
2026-01-12 16:56:19,073 - INFO: Evaluating at iteration 15186
2026-01-12 16:56:19,345 - INFO: Loss: 0.467634
2026-01-12 16:56:19,345 - INFO: Training ROC-AUC: 0.750000
2026-01-12 16:56:19,345 - INFO: Validation ROC-AUC: 0.596951
2026-01-12 16:56:21,149 - INFO: Starting epoch 7
2026-01-12 16:56:21,200 - INFO: Evaluating at iteration 15223
2026-01-12 16:56:21,457 - INFO: Loss: 0.336798
2026-01-12 16:56:21,457 - INFO: Training ROC-AUC: 0.669643
2026-01-12 16:56:21,457 - INFO: Validation ROC-AUC: 0.596834
2026-01-12 16:56:46,532 - INFO: Evaluating at iteration 15723
2026-01-12 16:56:46,791 - INFO: Loss: 0.335665
2026-01-12 16:56:46,792 - INFO: Training ROC-AUC: 0.890625
2026-01-12 16:56:46,792 - INFO: Validation ROC-AUC: 0.598072
2026-01-12 16:57:11,853 - INFO: Evaluating at iteration 16223
2026-01-12 16:57:12,118 - INFO: Loss: 0.370788
2026-01-12 16:57:12,119 - INFO: Training ROC-AUC: 0.946860
2026-01-12 16:57:12,119 - INFO: Validation ROC-AUC: 0.598474
2026-01-12 16:57:37,149 - INFO: Evaluating at iteration 16723
2026-01-12 16:57:37,410 - INFO: Loss: 0.482214
2026-01-12 16:57:37,410 - INFO: Training ROC-AUC: 0.697143
2026-01-12 16:57:37,410 - INFO: Validation ROC-AUC: 0.595323
2026-01-12 16:58:02,353 - INFO: Evaluating at iteration 17223
2026-01-12 16:58:02,612 - INFO: Loss: 0.452415
2026-01-12 16:58:02,613 - INFO: Training ROC-AUC: 0.794286
2026-01-12 16:58:02,613 - INFO: Validation ROC-AUC: 0.602696
2026-01-12 16:58:27,640 - INFO: Evaluating at iteration 17723
2026-01-12 16:58:27,911 - INFO: Loss: 0.536994
2026-01-12 16:58:27,911 - INFO: Training ROC-AUC: 0.697143
2026-01-12 16:58:27,911 - INFO: Validation ROC-AUC: 0.600423
2026-01-12 16:58:29,706 - INFO: Starting epoch 8
2026-01-12 16:58:29,757 - INFO: Evaluating at iteration 17760
2026-01-12 16:58:30,020 - INFO: Loss: 0.388025
2026-01-12 16:58:30,020 - INFO: Training ROC-AUC: 0.820513
2026-01-12 16:58:30,020 - INFO: Validation ROC-AUC: 0.598859
2026-01-12 16:58:55,189 - INFO: Evaluating at iteration 18260
2026-01-12 16:58:55,453 - INFO: Loss: 0.398141
2026-01-12 16:58:55,453 - INFO: Training ROC-AUC: 0.817708
2026-01-12 16:58:55,453 - INFO: Validation ROC-AUC: 0.599591
2026-01-12 16:59:20,437 - INFO: Evaluating at iteration 18760
2026-01-12 16:59:20,707 - INFO: Loss: 0.338440
2026-01-12 16:59:20,707 - INFO: Training ROC-AUC: 0.714286
2026-01-12 16:59:20,707 - INFO: Validation ROC-AUC: 0.607578
2026-01-12 16:59:45,692 - INFO: Evaluating at iteration 19260
2026-01-12 16:59:45,958 - INFO: Loss: 0.308126
2026-01-12 16:59:45,958 - INFO: Training ROC-AUC: 0.858974
2026-01-12 16:59:45,958 - INFO: Validation ROC-AUC: 0.607792
2026-01-12 17:00:10,939 - INFO: Evaluating at iteration 19760
2026-01-12 17:00:11,203 - INFO: Loss: 0.251408
2026-01-12 17:00:11,203 - INFO: Training ROC-AUC: 0.942029
2026-01-12 17:00:11,203 - INFO: Validation ROC-AUC: 0.600043
2026-01-12 17:00:36,230 - INFO: Evaluating at iteration 20260
2026-01-12 17:00:36,488 - INFO: Loss: 0.384639
2026-01-12 17:00:36,488 - INFO: Training ROC-AUC: 0.770370
2026-01-12 17:00:36,488 - INFO: Validation ROC-AUC: 0.610695
2026-01-12 17:00:38,297 - INFO: Starting epoch 9
2026-01-12 17:00:38,348 - INFO: Evaluating at iteration 20297
2026-01-12 17:00:38,608 - INFO: Loss: 0.165605
2026-01-12 17:00:38,608 - INFO: Training ROC-AUC: 0.970370
2026-01-12 17:00:38,608 - INFO: Validation ROC-AUC: 0.608436
2026-01-12 17:01:03,704 - INFO: Evaluating at iteration 20797
2026-01-12 17:01:03,971 - INFO: Loss: 0.429184
2026-01-12 17:01:03,971 - INFO: Training ROC-AUC: 0.765625
2026-01-12 17:01:03,971 - INFO: Validation ROC-AUC: 0.605216
2026-01-12 17:01:29,079 - INFO: Evaluating at iteration 21297
2026-01-12 17:01:29,343 - INFO: Loss: 0.322707
2026-01-12 17:01:29,343 - INFO: Training ROC-AUC: 0.732143
2026-01-12 17:01:29,343 - INFO: Validation ROC-AUC: 0.611765
2026-01-12 17:01:54,352 - INFO: Evaluating at iteration 21797
2026-01-12 17:01:54,615 - INFO: Loss: 0.184046
2026-01-12 17:01:54,615 - INFO: Training ROC-AUC: 0.896552
2026-01-12 17:01:54,615 - INFO: Validation ROC-AUC: 0.612098
2026-01-12 17:02:19,649 - INFO: Evaluating at iteration 22297
2026-01-12 17:02:19,920 - INFO: Loss: 0.365289
2026-01-12 17:02:19,921 - INFO: Training ROC-AUC: 0.714286
2026-01-12 17:02:19,921 - INFO: Validation ROC-AUC: 0.615553
2026-01-12 17:02:44,913 - INFO: Evaluating at iteration 22797
2026-01-12 17:02:45,176 - INFO: Loss: 0.260825
2026-01-12 17:02:45,176 - INFO: Training ROC-AUC: 0.874074
2026-01-12 17:02:45,176 - INFO: Validation ROC-AUC: 0.610885
2026-01-12 17:02:46,987 - INFO: Starting epoch 10
2026-01-12 17:02:47,038 - INFO: Evaluating at iteration 22834
2026-01-12 17:02:47,298 - INFO: Loss: 0.261769
2026-01-12 17:02:47,299 - INFO: Training ROC-AUC: 0.700000
2026-01-12 17:02:47,299 - INFO: Validation ROC-AUC: 0.608590
2026-01-12 17:03:12,363 - INFO: Evaluating at iteration 23334
2026-01-12 17:03:12,626 - INFO: Loss: 0.402435
2026-01-12 17:03:12,627 - INFO: Training ROC-AUC: 0.828571
2026-01-12 17:03:12,627 - INFO: Validation ROC-AUC: 0.623158
2026-01-12 17:03:37,707 - INFO: Evaluating at iteration 23834
2026-01-12 17:03:37,978 - INFO: Loss: 0.181228
2026-01-12 17:03:37,978 - INFO: Training ROC-AUC: 0.962963
2026-01-12 17:03:37,978 - INFO: Validation ROC-AUC: 0.617746
2026-01-12 17:04:02,942 - INFO: Evaluating at iteration 24334
2026-01-12 17:04:03,206 - INFO: Loss: 0.306183
2026-01-12 17:04:03,206 - INFO: Training ROC-AUC: 0.880000
2026-01-12 17:04:03,206 - INFO: Validation ROC-AUC: 0.623921
2026-01-12 17:04:28,264 - INFO: Evaluating at iteration 24834
2026-01-12 17:04:28,533 - INFO: Loss: 0.306692
2026-01-12 17:04:28,533 - INFO: Training ROC-AUC: 0.885714
2026-01-12 17:04:28,533 - INFO: Validation ROC-AUC: 0.629205
2026-01-12 17:04:53,494 - INFO: Evaluating at iteration 25334
2026-01-12 17:04:53,756 - INFO: Loss: 0.197915
2026-01-12 17:04:53,756 - INFO: Training ROC-AUC: 0.896296
2026-01-12 17:04:53,756 - INFO: Validation ROC-AUC: 0.620506
2026-01-12 17:04:55,579 - INFO: Starting epoch 11
2026-01-12 17:04:55,631 - INFO: Evaluating at iteration 25371
2026-01-12 17:04:55,892 - INFO: Loss: 0.223265
2026-01-12 17:04:55,892 - INFO: Training ROC-AUC: 0.766667
2026-01-12 17:04:55,893 - INFO: Validation ROC-AUC: 0.620301
2026-01-12 17:05:20,936 - INFO: Evaluating at iteration 25871
2026-01-12 17:05:21,198 - INFO: Loss: 0.257639
2026-01-12 17:05:21,198 - INFO: Training ROC-AUC: 0.881481
2026-01-12 17:05:21,198 - INFO: Validation ROC-AUC: 0.625427
2026-01-12 17:05:46,284 - INFO: Evaluating at iteration 26371
2026-01-12 17:05:46,556 - INFO: Loss: 0.261348
2026-01-12 17:05:46,556 - INFO: Training ROC-AUC: 0.960000
2026-01-12 17:05:46,556 - INFO: Validation ROC-AUC: 0.618231
2026-01-12 17:06:11,657 - INFO: Evaluating at iteration 26871
2026-01-12 17:06:11,920 - INFO: Loss: 0.376675
2026-01-12 17:06:11,920 - INFO: Training ROC-AUC: 0.807692
2026-01-12 17:06:11,920 - INFO: Validation ROC-AUC: 0.632445
2026-01-12 17:06:37,014 - INFO: Evaluating at iteration 27371
2026-01-12 17:06:37,284 - INFO: Loss: 0.133237
2026-01-12 17:06:37,285 - INFO: Training ROC-AUC: 0.992593
2026-01-12 17:06:37,285 - INFO: Validation ROC-AUC: 0.629987
2026-01-12 17:07:02,419 - INFO: Evaluating at iteration 27871
2026-01-12 17:07:02,680 - INFO: Loss: 0.125407
2026-01-12 17:07:02,680 - INFO: Training ROC-AUC: 1.000000
2026-01-12 17:07:02,680 - INFO: Validation ROC-AUC: 0.636377
2026-01-12 17:07:04,503 - INFO: Starting epoch 12
2026-01-12 17:07:04,555 - INFO: Evaluating at iteration 27908
2026-01-12 17:07:04,817 - INFO: Loss: 0.462102
2026-01-12 17:07:04,817 - INFO: Training ROC-AUC: 0.792271
2026-01-12 17:07:04,817 - INFO: Validation ROC-AUC: 0.638917
2026-01-12 17:07:29,921 - INFO: Evaluating at iteration 28408
2026-01-12 17:07:30,190 - INFO: Loss: 0.401625
2026-01-12 17:07:30,190 - INFO: Training ROC-AUC: 0.748148
2026-01-12 17:07:30,190 - INFO: Validation ROC-AUC: 0.644178
2026-01-12 17:07:55,157 - INFO: Evaluating at iteration 28908
2026-01-12 17:07:55,419 - INFO: Loss: 0.448407
2026-01-12 17:07:55,419 - INFO: Training ROC-AUC: 0.692308
2026-01-12 17:07:55,419 - INFO: Validation ROC-AUC: 0.635987
2026-01-12 17:08:20,569 - INFO: Evaluating at iteration 29408
2026-01-12 17:08:20,830 - INFO: Loss: 0.259559
2026-01-12 17:08:20,830 - INFO: Training ROC-AUC: 0.896296
2026-01-12 17:08:20,830 - INFO: Validation ROC-AUC: 0.632162
2026-01-12 17:08:45,917 - INFO: Evaluating at iteration 29908
2026-01-12 17:08:46,189 - INFO: Loss: 0.497060
2026-01-12 17:08:46,189 - INFO: Training ROC-AUC: 0.800000
2026-01-12 17:08:46,189 - INFO: Validation ROC-AUC: 0.638148
2026-01-12 17:09:11,363 - INFO: Evaluating at iteration 30408
2026-01-12 17:09:11,627 - INFO: Loss: 0.398574
2026-01-12 17:09:11,627 - INFO: Training ROC-AUC: 0.807692
2026-01-12 17:09:11,627 - INFO: Validation ROC-AUC: 0.628134
2026-01-12 17:09:13,443 - INFO: Starting epoch 13
2026-01-12 17:09:13,496 - INFO: Evaluating at iteration 30445
2026-01-12 17:09:13,760 - INFO: Loss: 0.306615
2026-01-12 17:09:13,760 - INFO: Training ROC-AUC: 0.908571
2026-01-12 17:09:13,760 - INFO: Validation ROC-AUC: 0.634343
2026-01-12 17:09:38,926 - INFO: Evaluating at iteration 30945
2026-01-12 17:09:39,187 - INFO: Loss: 0.232688
2026-01-12 17:09:39,188 - INFO: Training ROC-AUC: 0.982857
2026-01-12 17:09:39,188 - INFO: Validation ROC-AUC: 0.633185
2026-01-12 17:10:04,345 - INFO: Evaluating at iteration 31445
2026-01-12 17:10:04,609 - INFO: Loss: 0.114191
2026-01-12 17:10:04,609 - INFO: Training ROC-AUC: 1.000000
2026-01-12 17:10:04,610 - INFO: Validation ROC-AUC: 0.635767
2026-01-12 17:10:29,844 - INFO: Evaluating at iteration 31945
2026-01-12 17:10:30,117 - INFO: Loss: 0.421445
2026-01-12 17:10:30,117 - INFO: Training ROC-AUC: 0.879227
2026-01-12 17:10:30,117 - INFO: Validation ROC-AUC: 0.644465
2026-01-12 17:10:55,299 - INFO: Evaluating at iteration 32445
2026-01-12 17:10:55,563 - INFO: Loss: 0.181350
2026-01-12 17:10:55,563 - INFO: Training ROC-AUC: 0.900000
2026-01-12 17:10:55,563 - INFO: Validation ROC-AUC: 0.639757
2026-01-12 17:11:20,708 - INFO: Evaluating at iteration 32945
2026-01-12 17:11:20,969 - INFO: Loss: 0.337537
2026-01-12 17:11:20,970 - INFO: Training ROC-AUC: 0.785185
2026-01-12 17:11:20,970 - INFO: Validation ROC-AUC: 0.641040
2026-01-12 17:11:22,779 - INFO: Starting epoch 14
2026-01-12 17:11:22,831 - INFO: Evaluating at iteration 32982
2026-01-12 17:11:23,090 - INFO: Loss: 0.137456
2026-01-12 17:11:23,090 - INFO: Training ROC-AUC: 1.000000
2026-01-12 17:11:23,090 - INFO: Validation ROC-AUC: 0.639634
2026-01-12 17:11:48,259 - INFO: Evaluating at iteration 33482
2026-01-12 17:11:48,529 - INFO: Loss: 0.367717
2026-01-12 17:11:48,529 - INFO: Training ROC-AUC: 0.828571
2026-01-12 17:11:48,529 - INFO: Validation ROC-AUC: 0.632297
2026-01-12 17:12:13,755 - INFO: Evaluating at iteration 33982
2026-01-12 17:12:14,017 - INFO: Loss: 0.229894
2026-01-12 17:12:14,018 - INFO: Training ROC-AUC: 0.928571
2026-01-12 17:12:14,018 - INFO: Validation ROC-AUC: 0.640766
2026-01-12 17:12:39,272 - INFO: Evaluating at iteration 34482
2026-01-12 17:12:39,543 - INFO: Loss: 0.201836
2026-01-12 17:12:39,543 - INFO: Training ROC-AUC: 0.931034
2026-01-12 17:12:39,543 - INFO: Validation ROC-AUC: 0.635128
2026-01-12 17:13:04,746 - INFO: Evaluating at iteration 34982
2026-01-12 17:13:05,007 - INFO: Loss: 0.251679
2026-01-12 17:13:05,007 - INFO: Training ROC-AUC: 0.923077
2026-01-12 17:13:05,007 - INFO: Validation ROC-AUC: 0.644091
2026-01-12 17:13:30,205 - INFO: Evaluating at iteration 35482
2026-01-12 17:13:30,468 - INFO: Loss: 0.296850
2026-01-12 17:13:30,468 - INFO: Training ROC-AUC: 0.839744
2026-01-12 17:13:30,468 - INFO: Validation ROC-AUC: 0.653074
2026-01-12 17:13:32,284 - INFO: Starting epoch 15
2026-01-12 17:13:32,336 - INFO: Evaluating at iteration 35519
2026-01-12 17:13:32,597 - INFO: Loss: 0.218928
2026-01-12 17:13:32,597 - INFO: Training ROC-AUC: 0.937500
2026-01-12 17:13:32,597 - INFO: Validation ROC-AUC: 0.655340
2026-01-12 17:13:57,845 - INFO: Evaluating at iteration 36019
2026-01-12 17:13:58,118 - INFO: Loss: 0.380449
2026-01-12 17:13:58,118 - INFO: Training ROC-AUC: 0.696296
2026-01-12 17:13:58,118 - INFO: Validation ROC-AUC: 0.644891
2026-01-12 17:14:23,376 - INFO: Evaluating at iteration 36519
2026-01-12 17:14:23,638 - INFO: Loss: 0.202394
2026-01-12 17:14:23,639 - INFO: Training ROC-AUC: 0.991342
2026-01-12 17:14:23,639 - INFO: Validation ROC-AUC: 0.642468
2026-01-12 17:14:48,889 - INFO: Evaluating at iteration 37019
2026-01-12 17:14:49,160 - INFO: Loss: 0.283296
2026-01-12 17:14:49,160 - INFO: Training ROC-AUC: 0.916667
2026-01-12 17:14:49,160 - INFO: Validation ROC-AUC: 0.649815
2026-01-12 17:15:14,426 - INFO: Evaluating at iteration 37519
2026-01-12 17:15:14,692 - INFO: Loss: 0.654413
2026-01-12 17:15:14,692 - INFO: Training ROC-AUC: 0.711538
2026-01-12 17:15:14,692 - INFO: Validation ROC-AUC: 0.644260
2026-01-12 17:15:39,968 - INFO: Evaluating at iteration 38019
2026-01-12 17:15:40,240 - INFO: Loss: 0.452963
2026-01-12 17:15:40,240 - INFO: Training ROC-AUC: 0.777143
2026-01-12 17:15:40,240 - INFO: Validation ROC-AUC: 0.649945
2026-01-12 17:15:42,063 - INFO: Starting epoch 16
2026-01-12 17:15:42,115 - INFO: Evaluating at iteration 38056
2026-01-12 17:15:42,377 - INFO: Loss: 0.223848
2026-01-12 17:15:42,377 - INFO: Training ROC-AUC: 0.883929
2026-01-12 17:15:42,377 - INFO: Validation ROC-AUC: 0.652187
2026-01-12 17:16:07,621 - INFO: Evaluating at iteration 38556
2026-01-12 17:16:07,881 - INFO: Loss: 0.346786
2026-01-12 17:16:07,881 - INFO: Training ROC-AUC: 0.837037
2026-01-12 17:16:07,881 - INFO: Validation ROC-AUC: 0.658901
2026-01-12 17:16:33,078 - INFO: Evaluating at iteration 39056
2026-01-12 17:16:33,340 - INFO: Loss: 0.279824
2026-01-12 17:16:33,340 - INFO: Training ROC-AUC: 0.866667
2026-01-12 17:16:33,340 - INFO: Validation ROC-AUC: 0.644905
2026-01-12 17:16:58,672 - INFO: Evaluating at iteration 39556
2026-01-12 17:16:58,944 - INFO: Loss: 0.183635
2026-01-12 17:16:58,945 - INFO: Training ROC-AUC: 0.993590
2026-01-12 17:16:58,945 - INFO: Validation ROC-AUC: 0.646423
2026-01-12 17:17:24,224 - INFO: Evaluating at iteration 40056
2026-01-12 17:17:24,486 - INFO: Loss: 0.301428
2026-01-12 17:17:24,486 - INFO: Training ROC-AUC: 0.871795
2026-01-12 17:17:24,486 - INFO: Validation ROC-AUC: 0.645755
2026-01-12 17:17:49,845 - INFO: Evaluating at iteration 40556
2026-01-12 17:17:50,117 - INFO: Loss: 0.142080
2026-01-12 17:17:50,117 - INFO: Training ROC-AUC: 0.964286
2026-01-12 17:17:50,117 - INFO: Validation ROC-AUC: 0.650477
2026-01-12 17:17:51,951 - INFO: Starting epoch 17
2026-01-12 17:17:52,003 - INFO: Evaluating at iteration 40593
2026-01-12 17:17:52,265 - INFO: Loss: 0.250000
2026-01-12 17:17:52,265 - INFO: Training ROC-AUC: 0.933333
2026-01-12 17:17:52,265 - INFO: Validation ROC-AUC: 0.647356
2026-01-12 17:18:17,618 - INFO: Evaluating at iteration 41093
2026-01-12 17:18:17,882 - INFO: Loss: 0.230010
2026-01-12 17:18:17,883 - INFO: Training ROC-AUC: 0.967949
2026-01-12 17:18:17,883 - INFO: Validation ROC-AUC: 0.645353
2026-01-12 17:18:43,246 - INFO: Evaluating at iteration 41593
2026-01-12 17:18:43,511 - INFO: Loss: 0.291041
2026-01-12 17:18:43,511 - INFO: Training ROC-AUC: 0.927083
2026-01-12 17:18:43,511 - INFO: Validation ROC-AUC: 0.656038
2026-01-12 17:19:08,875 - INFO: Evaluating at iteration 42093
2026-01-12 17:19:09,137 - INFO: Loss: 0.216824
2026-01-12 17:19:09,137 - INFO: Training ROC-AUC: 0.968750
2026-01-12 17:19:09,137 - INFO: Validation ROC-AUC: 0.646765
2026-01-12 17:19:34,535 - INFO: Evaluating at iteration 42593
2026-01-12 17:19:34,796 - INFO: Loss: 0.386448
2026-01-12 17:19:34,797 - INFO: Training ROC-AUC: 0.674074
2026-01-12 17:19:34,797 - INFO: Validation ROC-AUC: 0.647607
2026-01-12 17:20:00,317 - INFO: Evaluating at iteration 43093
2026-01-12 17:20:00,587 - INFO: Loss: 0.314776
2026-01-12 17:20:00,587 - INFO: Training ROC-AUC: 0.906250
2026-01-12 17:20:00,587 - INFO: Validation ROC-AUC: 0.655959
2026-01-12 17:20:02,435 - INFO: Starting epoch 18
2026-01-12 17:20:02,488 - INFO: Evaluating at iteration 43130
2026-01-12 17:20:02,748 - INFO: Loss: 0.334157
2026-01-12 17:20:02,748 - INFO: Training ROC-AUC: 0.916667
2026-01-12 17:20:02,748 - INFO: Validation ROC-AUC: 0.656893
2026-01-12 17:20:28,287 - INFO: Evaluating at iteration 43630
2026-01-12 17:20:28,550 - INFO: Loss: 0.219715
2026-01-12 17:20:28,550 - INFO: Training ROC-AUC: 0.928571
2026-01-12 17:20:28,550 - INFO: Validation ROC-AUC: 0.651843
2026-01-12 17:20:54,079 - INFO: Evaluating at iteration 44130
2026-01-12 17:20:54,349 - INFO: Loss: 0.223588
2026-01-12 17:20:54,349 - INFO: Training ROC-AUC: 0.896296
2026-01-12 17:20:54,349 - INFO: Validation ROC-AUC: 0.652460
2026-01-12 17:21:19,967 - INFO: Evaluating at iteration 44630
2026-01-12 17:21:20,230 - INFO: Loss: 0.365109
2026-01-12 17:21:20,230 - INFO: Training ROC-AUC: 0.696429
2026-01-12 17:21:20,230 - INFO: Validation ROC-AUC: 0.647145
2026-01-12 17:21:45,899 - INFO: Evaluating at iteration 45130
2026-01-12 17:21:46,162 - INFO: Loss: 0.450107
2026-01-12 17:21:46,162 - INFO: Training ROC-AUC: 0.795455
2026-01-12 17:21:46,162 - INFO: Validation ROC-AUC: 0.652085
2026-01-12 17:22:11,807 - INFO: Evaluating at iteration 45630
2026-01-12 17:22:12,069 - INFO: Loss: 0.151965
2026-01-12 17:22:12,069 - INFO: Training ROC-AUC: 0.955357
2026-01-12 17:22:12,069 - INFO: Validation ROC-AUC: 0.660971
2026-01-12 17:22:13,933 - INFO: Starting epoch 19
2026-01-12 17:22:13,986 - INFO: Evaluating at iteration 45667
2026-01-12 17:22:14,251 - INFO: Loss: 0.149317
2026-01-12 17:22:14,251 - INFO: Training ROC-AUC: 0.977778
2026-01-12 17:22:14,251 - INFO: Validation ROC-AUC: 0.659732
2026-01-12 17:22:39,982 - INFO: Evaluating at iteration 46167
2026-01-12 17:22:40,244 - INFO: Loss: 0.153831
2026-01-12 17:22:40,245 - INFO: Training ROC-AUC: 0.883333
2026-01-12 17:22:40,245 - INFO: Validation ROC-AUC: 0.663171
2026-01-12 17:23:06,022 - INFO: Evaluating at iteration 46667
2026-01-12 17:23:06,286 - INFO: Loss: 0.322609
2026-01-12 17:23:06,286 - INFO: Training ROC-AUC: 0.927083
2026-01-12 17:23:06,286 - INFO: Validation ROC-AUC: 0.647677
2026-01-12 17:23:32,168 - INFO: Evaluating at iteration 47167
2026-01-12 17:23:32,439 - INFO: Loss: 0.145002
2026-01-12 17:23:32,439 - INFO: Training ROC-AUC: 0.985507
2026-01-12 17:23:32,439 - INFO: Validation ROC-AUC: 0.645713
2026-01-12 17:23:58,349 - INFO: Evaluating at iteration 47667
2026-01-12 17:23:58,612 - INFO: Loss: 0.417837
2026-01-12 17:23:58,613 - INFO: Training ROC-AUC: 0.840580
2026-01-12 17:23:58,613 - INFO: Validation ROC-AUC: 0.649543
2026-01-12 17:24:24,534 - INFO: Evaluating at iteration 48167
2026-01-12 17:24:24,793 - INFO: Loss: 0.220458
2026-01-12 17:24:24,793 - INFO: Training ROC-AUC: 0.896296
2026-01-12 17:24:24,793 - INFO: Validation ROC-AUC: 0.651812
2026-01-12 17:24:26,669 - INFO: Starting epoch 20
2026-01-12 17:24:26,722 - INFO: Evaluating at iteration 48204
2026-01-12 17:24:26,983 - INFO: Loss: 0.261151
2026-01-12 17:24:26,983 - INFO: Training ROC-AUC: 0.896296
2026-01-12 17:24:26,983 - INFO: Validation ROC-AUC: 0.649939
2026-01-12 17:24:53,039 - INFO: Evaluating at iteration 48704
2026-01-12 17:24:53,316 - INFO: Loss: 0.256076
2026-01-12 17:24:53,316 - INFO: Training ROC-AUC: 0.925714
2026-01-12 17:24:53,316 - INFO: Validation ROC-AUC: 0.633120
2026-01-12 17:25:19,281 - INFO: Evaluating at iteration 49204
2026-01-12 17:25:19,545 - INFO: Loss: 0.490341
2026-01-12 17:25:19,545 - INFO: Training ROC-AUC: 0.800000
2026-01-12 17:25:19,545 - INFO: Validation ROC-AUC: 0.657600
2026-01-12 17:25:45,666 - INFO: Evaluating at iteration 49704
2026-01-12 17:25:45,927 - INFO: Loss: 0.225989
2026-01-12 17:25:45,928 - INFO: Training ROC-AUC: 0.911111
2026-01-12 17:25:45,928 - INFO: Validation ROC-AUC: 0.652201
2026-01-12 17:26:12,064 - INFO: Evaluating at iteration 50204
2026-01-12 17:26:12,326 - INFO: Loss: 0.150640
2026-01-12 17:26:12,326 - INFO: Training ROC-AUC: 0.988506
2026-01-12 17:26:12,326 - INFO: Validation ROC-AUC: 0.654638
2026-01-12 17:26:38,445 - INFO: Evaluating at iteration 50704
2026-01-12 17:26:38,715 - INFO: Loss: 0.210129
2026-01-12 17:26:38,715 - INFO: Training ROC-AUC: 0.960000
2026-01-12 17:26:38,715 - INFO: Validation ROC-AUC: 0.646584
2026-01-12 17:26:40,609 - INFO: Starting epoch 21
2026-01-12 17:26:40,663 - INFO: Evaluating at iteration 50741
2026-01-12 17:26:40,921 - INFO: Loss: 0.166432
2026-01-12 17:26:40,921 - INFO: Training ROC-AUC: 0.928571
2026-01-12 17:26:40,921 - INFO: Validation ROC-AUC: 0.648729
2026-01-12 17:27:07,137 - INFO: Evaluating at iteration 51241
2026-01-12 17:27:07,397 - INFO: Loss: 0.148565
2026-01-12 17:27:07,398 - INFO: Training ROC-AUC: 0.946429
2026-01-12 17:27:07,398 - INFO: Validation ROC-AUC: 0.652054
2026-01-12 17:27:33,599 - INFO: Evaluating at iteration 51741
2026-01-12 17:27:33,872 - INFO: Loss: 0.224884
2026-01-12 17:27:33,873 - INFO: Training ROC-AUC: 0.873563
2026-01-12 17:27:33,873 - INFO: Validation ROC-AUC: 0.664269
2026-01-12 17:28:00,079 - INFO: Evaluating at iteration 52241
2026-01-12 17:28:00,340 - INFO: Loss: 0.221782
2026-01-12 17:28:00,341 - INFO: Training ROC-AUC: 0.910714
2026-01-12 17:28:00,341 - INFO: Validation ROC-AUC: 0.653533
2026-01-12 17:28:26,615 - INFO: Evaluating at iteration 52741
2026-01-12 17:28:26,880 - INFO: Loss: 0.285230
2026-01-12 17:28:26,880 - INFO: Training ROC-AUC: 0.931429
2026-01-12 17:28:26,880 - INFO: Validation ROC-AUC: 0.645572
2026-01-12 17:28:53,250 - INFO: Evaluating at iteration 53241
2026-01-12 17:28:53,523 - INFO: Loss: 0.169451
2026-01-12 17:28:53,523 - INFO: Training ROC-AUC: 0.977011
2026-01-12 17:28:53,523 - INFO: Validation ROC-AUC: 0.645422
2026-01-12 17:28:55,424 - INFO: Starting epoch 22
2026-01-12 17:28:55,477 - INFO: Evaluating at iteration 53278
2026-01-12 17:28:55,738 - INFO: Loss: 0.174426
2026-01-12 17:28:55,738 - INFO: Training ROC-AUC: 0.977011
2026-01-12 17:28:55,738 - INFO: Validation ROC-AUC: 0.644050
2026-01-12 17:29:22,022 - INFO: Evaluating at iteration 53778
2026-01-12 17:29:22,287 - INFO: Loss: 0.208276
2026-01-12 17:29:22,287 - INFO: Training ROC-AUC: 0.927083
2026-01-12 17:29:22,287 - INFO: Validation ROC-AUC: 0.656064
2026-01-12 17:29:48,578 - INFO: Evaluating at iteration 54278
2026-01-12 17:29:48,899 - INFO: Loss: 0.308781
2026-01-12 17:29:48,960 - INFO: Training ROC-AUC: 0.767857
2026-01-12 17:29:48,962 - INFO: Validation ROC-AUC: 0.649322
2026-01-12 17:30:15,353 - INFO: Evaluating at iteration 54778
2026-01-12 17:30:15,640 - INFO: Loss: 0.194092
2026-01-12 17:30:15,643 - INFO: Training ROC-AUC: 0.827586
2026-01-12 17:30:15,645 - INFO: Validation ROC-AUC: 0.643779
2026-01-12 17:30:42,051 - INFO: Evaluating at iteration 55278
2026-01-12 17:30:42,351 - INFO: Loss: 0.179292
2026-01-12 17:30:42,355 - INFO: Training ROC-AUC: 0.982143
2026-01-12 17:30:42,358 - INFO: Validation ROC-AUC: 0.644367
2026-01-12 17:31:08,806 - INFO: Evaluating at iteration 55778
2026-01-12 17:31:09,186 - INFO: Loss: 0.260619
2026-01-12 17:31:09,188 - INFO: Training ROC-AUC: 0.942308
2026-01-12 17:31:09,191 - INFO: Validation ROC-AUC: 0.649744
2026-01-12 17:31:11,105 - INFO: Starting epoch 23
2026-01-12 17:31:11,163 - INFO: Evaluating at iteration 55815
2026-01-12 17:31:11,433 - INFO: Loss: 0.319600
2026-01-12 17:31:11,435 - INFO: Training ROC-AUC: 0.965714
2026-01-12 17:31:11,438 - INFO: Validation ROC-AUC: 0.646366
2026-01-12 17:31:37,901 - INFO: Evaluating at iteration 56315
2026-01-12 17:31:38,190 - INFO: Loss: 0.362769
2026-01-12 17:31:38,190 - INFO: Training ROC-AUC: 0.833333
2026-01-12 17:31:38,190 - INFO: Validation ROC-AUC: 0.653985
2026-01-12 17:32:04,668 - INFO: Evaluating at iteration 56815
2026-01-12 17:32:04,930 - INFO: Loss: 0.070335
2026-01-12 17:32:04,930 - INFO: Training ROC-AUC: 1.000000
2026-01-12 17:32:04,930 - INFO: Validation ROC-AUC: 0.652326
2026-01-12 17:32:31,428 - INFO: Evaluating at iteration 57315
2026-01-12 17:32:31,702 - INFO: Loss: 0.288317
2026-01-12 17:32:31,703 - INFO: Training ROC-AUC: 0.891026
2026-01-12 17:32:31,703 - INFO: Validation ROC-AUC: 0.656158
2026-01-12 17:32:58,172 - INFO: Evaluating at iteration 57815
2026-01-12 17:32:58,436 - INFO: Loss: 0.210392
2026-01-12 17:32:58,436 - INFO: Training ROC-AUC: 0.955357
2026-01-12 17:32:58,436 - INFO: Validation ROC-AUC: 0.652379
2026-01-12 17:33:24,884 - INFO: Evaluating at iteration 58315
2026-01-12 17:33:25,145 - INFO: Loss: 0.285429
2026-01-12 17:33:25,145 - INFO: Training ROC-AUC: 0.859259
2026-01-12 17:33:25,145 - INFO: Validation ROC-AUC: 0.644134
2026-01-12 17:33:27,061 - INFO: Starting epoch 24
2026-01-12 17:33:27,116 - INFO: Evaluating at iteration 58352
2026-01-12 17:33:27,385 - INFO: Loss: 0.116246
2026-01-12 17:33:27,385 - INFO: Training ROC-AUC: 1.000000
2026-01-12 17:33:27,385 - INFO: Validation ROC-AUC: 0.646850
2026-01-12 17:33:53,807 - INFO: Evaluating at iteration 58852
2026-01-12 17:33:54,066 - INFO: Loss: 0.149020
2026-01-12 17:33:54,066 - INFO: Training ROC-AUC: 1.000000
2026-01-12 17:33:54,066 - INFO: Validation ROC-AUC: 0.637224
2026-01-12 17:34:20,508 - INFO: Evaluating at iteration 59352
2026-01-12 17:34:20,773 - INFO: Loss: 0.193120
2026-01-12 17:34:20,773 - INFO: Training ROC-AUC: 0.908046
2026-01-12 17:34:20,773 - INFO: Validation ROC-AUC: 0.639660
2026-01-12 17:34:47,255 - INFO: Evaluating at iteration 59852
2026-01-12 17:34:47,528 - INFO: Loss: 0.166285
2026-01-12 17:34:47,528 - INFO: Training ROC-AUC: 0.970370
2026-01-12 17:34:47,528 - INFO: Validation ROC-AUC: 0.645455
2026-01-12 17:35:14,041 - INFO: Evaluating at iteration 60352
2026-01-12 17:35:14,303 - INFO: Loss: 0.272268
2026-01-12 17:35:14,303 - INFO: Training ROC-AUC: 0.874074
2026-01-12 17:35:14,303 - INFO: Validation ROC-AUC: 0.646748
2026-01-12 17:35:40,777 - INFO: Evaluating at iteration 60852
2026-01-12 17:35:41,049 - INFO: Loss: 0.275690
2026-01-12 17:35:41,049 - INFO: Training ROC-AUC: 0.925926
2026-01-12 17:35:41,049 - INFO: Validation ROC-AUC: 0.648929
2026-01-12 17:35:42,969 - INFO: Starting epoch 25
2026-01-12 17:35:43,024 - INFO: Evaluating at iteration 60889
2026-01-12 17:35:43,286 - INFO: Loss: 0.318679
2026-01-12 17:35:43,287 - INFO: Training ROC-AUC: 0.857143
2026-01-12 17:35:43,287 - INFO: Validation ROC-AUC: 0.650051
2026-01-12 17:36:09,816 - INFO: Evaluating at iteration 61389
2026-01-12 17:36:10,076 - INFO: Loss: 0.288346
2026-01-12 17:36:10,076 - INFO: Training ROC-AUC: 0.839286
2026-01-12 17:36:10,076 - INFO: Validation ROC-AUC: 0.646720
2026-01-12 17:36:36,638 - INFO: Evaluating at iteration 61889
2026-01-12 17:36:36,900 - INFO: Loss: 0.300924
2026-01-12 17:36:36,900 - INFO: Training ROC-AUC: 0.903704
2026-01-12 17:36:36,900 - INFO: Validation ROC-AUC: 0.645945
2026-01-12 17:37:03,430 - INFO: Evaluating at iteration 62389
2026-01-12 17:37:03,696 - INFO: Loss: 0.312267
2026-01-12 17:37:03,696 - INFO: Training ROC-AUC: 0.971014
2026-01-12 17:37:03,696 - INFO: Validation ROC-AUC: 0.656322
2026-01-12 17:37:30,211 - INFO: Evaluating at iteration 62889
2026-01-12 17:37:30,471 - INFO: Loss: 0.398894
2026-01-12 17:37:30,472 - INFO: Training ROC-AUC: 0.838542
2026-01-12 17:37:30,472 - INFO: Validation ROC-AUC: 0.647994
2026-01-12 17:37:57,040 - INFO: Evaluating at iteration 63389
2026-01-12 17:37:57,302 - INFO: Loss: 0.148068
2026-01-12 17:37:57,303 - INFO: Training ROC-AUC: 1.000000
2026-01-12 17:37:57,303 - INFO: Validation ROC-AUC: 0.647424
2026-01-12 17:37:59,221 - INFO: Saving model to models/TCRStructMap_pMHC_split/model_2.pt
2026-01-12 17:37:59,242 - INFO: Starting fold 3
2026-01-12 17:37:59,730 - INFO: Initialising model
2026-01-12 17:37:59,756 - INFO: Starting training
2026-01-12 17:37:59,756 - INFO: Starting epoch 1
2026-01-12 17:37:59,820 - INFO: Evaluating at iteration 1
2026-01-12 17:38:06,224 - INFO: Loss: 0.685293
2026-01-12 17:38:06,225 - INFO: Training ROC-AUC: 0.532051
2026-01-12 17:38:06,225 - INFO: Validation ROC-AUC: 0.449304
2026-01-12 17:38:28,376 - INFO: Starting epoch 2
2026-01-12 17:38:28,425 - INFO: Evaluating at iteration 457
2026-01-12 17:38:34,792 - INFO: Loss: 0.524655
2026-01-12 17:38:34,792 - INFO: Training ROC-AUC: 0.628571
2026-01-12 17:38:34,792 - INFO: Validation ROC-AUC: 0.446229
2026-01-12 17:38:57,652 - INFO: Starting epoch 3
2026-01-12 17:38:57,704 - INFO: Evaluating at iteration 913
2026-01-12 17:39:04,047 - INFO: Loss: 0.363647
2026-01-12 17:39:04,047 - INFO: Training ROC-AUC: 0.748148
2026-01-12 17:39:04,048 - INFO: Validation ROC-AUC: 0.442920
2026-01-12 17:39:26,992 - INFO: Starting epoch 4
2026-01-12 17:39:27,042 - INFO: Evaluating at iteration 1369
2026-01-12 17:39:33,363 - INFO: Loss: 0.249130
2026-01-12 17:39:33,363 - INFO: Training ROC-AUC: 0.833333
2026-01-12 17:39:33,363 - INFO: Validation ROC-AUC: 0.438241
2026-01-12 17:39:56,321 - INFO: Starting epoch 5
2026-01-12 17:39:56,376 - INFO: Evaluating at iteration 1825
2026-01-12 17:40:02,741 - INFO: Loss: 0.208505
2026-01-12 17:40:02,742 - INFO: Training ROC-AUC: 0.966667
2026-01-12 17:40:02,742 - INFO: Validation ROC-AUC: 0.435156
2026-01-12 17:40:25,644 - INFO: Starting epoch 6
2026-01-12 17:40:25,695 - INFO: Evaluating at iteration 2281
2026-01-12 17:40:32,067 - INFO: Loss: 0.231411
2026-01-12 17:40:32,067 - INFO: Training ROC-AUC: 0.783333
2026-01-12 17:40:32,067 - INFO: Validation ROC-AUC: 0.433650
2026-01-12 17:40:54,963 - INFO: Starting epoch 7
2026-01-12 17:40:55,014 - INFO: Evaluating at iteration 2737
2026-01-12 17:41:01,370 - INFO: Loss: 0.472769
2026-01-12 17:41:01,370 - INFO: Training ROC-AUC: 0.817708
2026-01-12 17:41:01,370 - INFO: Validation ROC-AUC: 0.432650
2026-01-12 17:41:24,450 - INFO: Starting epoch 8
2026-01-12 17:41:24,501 - INFO: Evaluating at iteration 3193
2026-01-12 17:41:30,893 - INFO: Loss: 0.327112
2026-01-12 17:41:30,893 - INFO: Training ROC-AUC: 0.878205
2026-01-12 17:41:30,893 - INFO: Validation ROC-AUC: 0.432173
2026-01-12 17:41:53,891 - INFO: Starting epoch 9
2026-01-12 17:41:53,942 - INFO: Evaluating at iteration 3649
2026-01-12 17:42:00,307 - INFO: Loss: 0.323170
2026-01-12 17:42:00,307 - INFO: Training ROC-AUC: 0.776786
2026-01-12 17:42:00,307 - INFO: Validation ROC-AUC: 0.431984
2026-01-12 17:42:23,381 - INFO: Starting epoch 10
2026-01-12 17:42:23,432 - INFO: Evaluating at iteration 4105
2026-01-12 17:42:29,852 - INFO: Loss: 0.433486
2026-01-12 17:42:29,852 - INFO: Training ROC-AUC: 0.730769
2026-01-12 17:42:29,852 - INFO: Validation ROC-AUC: 0.431413
2026-01-12 17:42:52,901 - INFO: Starting epoch 11
2026-01-12 17:42:52,951 - INFO: Evaluating at iteration 4561
2026-01-12 17:42:59,320 - INFO: Loss: 0.278022
2026-01-12 17:42:59,320 - INFO: Training ROC-AUC: 0.883929
2026-01-12 17:42:59,320 - INFO: Validation ROC-AUC: 0.431160
2026-01-12 17:43:22,363 - INFO: Starting epoch 12
2026-01-12 17:43:22,414 - INFO: Evaluating at iteration 5017
2026-01-12 17:43:28,792 - INFO: Loss: 0.330363
2026-01-12 17:43:28,792 - INFO: Training ROC-AUC: 0.937143
2026-01-12 17:43:28,792 - INFO: Validation ROC-AUC: 0.431414
2026-01-12 17:43:51,792 - INFO: Starting epoch 13
2026-01-12 17:43:51,844 - INFO: Evaluating at iteration 5473
2026-01-12 17:43:58,233 - INFO: Loss: 0.223097
2026-01-12 17:43:58,234 - INFO: Training ROC-AUC: 0.896552
2026-01-12 17:43:58,234 - INFO: Validation ROC-AUC: 0.431231
2026-01-12 17:44:21,252 - INFO: Starting epoch 14
2026-01-12 17:44:21,303 - INFO: Evaluating at iteration 5929
2026-01-12 17:44:27,636 - INFO: Loss: 0.458955
2026-01-12 17:44:27,637 - INFO: Training ROC-AUC: 0.760000
2026-01-12 17:44:27,637 - INFO: Validation ROC-AUC: 0.431245
2026-01-12 17:44:50,641 - INFO: Starting epoch 15
2026-01-12 17:44:50,692 - INFO: Evaluating at iteration 6385
2026-01-12 17:44:57,105 - INFO: Loss: 0.305854
2026-01-12 17:44:57,106 - INFO: Training ROC-AUC: 0.794643
2026-01-12 17:44:57,106 - INFO: Validation ROC-AUC: 0.431381
2026-01-12 17:45:20,119 - INFO: Starting epoch 16
2026-01-12 17:45:20,170 - INFO: Evaluating at iteration 6841
2026-01-12 17:45:26,569 - INFO: Loss: 0.387151
2026-01-12 17:45:26,569 - INFO: Training ROC-AUC: 0.755556
2026-01-12 17:45:26,569 - INFO: Validation ROC-AUC: 0.431371
2026-01-12 17:45:49,601 - INFO: Starting epoch 17
2026-01-12 17:45:49,651 - INFO: Evaluating at iteration 7297
2026-01-12 17:45:56,019 - INFO: Loss: 0.200668
2026-01-12 17:45:56,019 - INFO: Training ROC-AUC: 0.903226
2026-01-12 17:45:56,019 - INFO: Validation ROC-AUC: 0.431975
2026-01-12 17:46:19,111 - INFO: Starting epoch 18
2026-01-12 17:46:19,162 - INFO: Evaluating at iteration 7753
2026-01-12 17:46:25,542 - INFO: Loss: 0.455530
2026-01-12 17:46:25,542 - INFO: Training ROC-AUC: 0.869565
2026-01-12 17:46:25,542 - INFO: Validation ROC-AUC: 0.432215
2026-01-12 17:46:48,598 - INFO: Starting epoch 19
2026-01-12 17:46:48,649 - INFO: Evaluating at iteration 8209
2026-01-12 17:46:55,039 - INFO: Loss: 0.276641
2026-01-12 17:46:55,039 - INFO: Training ROC-AUC: 0.781609
2026-01-12 17:46:55,039 - INFO: Validation ROC-AUC: 0.431984
2026-01-12 17:47:18,117 - INFO: Starting epoch 20
2026-01-12 17:47:18,167 - INFO: Evaluating at iteration 8665
2026-01-12 17:47:24,516 - INFO: Loss: 0.156225
2026-01-12 17:47:24,517 - INFO: Training ROC-AUC: 0.935484
2026-01-12 17:47:24,517 - INFO: Validation ROC-AUC: 0.432008
2026-01-12 17:47:47,599 - INFO: Starting epoch 21
2026-01-12 17:47:47,650 - INFO: Evaluating at iteration 9121
2026-01-12 17:47:54,031 - INFO: Loss: 0.322006
2026-01-12 17:47:54,031 - INFO: Training ROC-AUC: 0.758929
2026-01-12 17:47:54,031 - INFO: Validation ROC-AUC: 0.433359
2026-01-12 17:48:17,054 - INFO: Starting epoch 22
2026-01-12 17:48:17,105 - INFO: Evaluating at iteration 9577
2026-01-12 17:48:23,462 - INFO: Loss: 0.340854
2026-01-12 17:48:23,462 - INFO: Training ROC-AUC: 0.732143
2026-01-12 17:48:23,462 - INFO: Validation ROC-AUC: 0.433595
2026-01-12 17:48:46,435 - INFO: Starting epoch 23
2026-01-12 17:48:46,488 - INFO: Evaluating at iteration 10033
2026-01-12 17:48:52,897 - INFO: Loss: 0.393750
2026-01-12 17:48:52,897 - INFO: Training ROC-AUC: 0.868571
2026-01-12 17:48:52,897 - INFO: Validation ROC-AUC: 0.434516
2026-01-12 17:49:15,941 - INFO: Starting epoch 24
2026-01-12 17:49:15,992 - INFO: Evaluating at iteration 10489
2026-01-12 17:49:22,373 - INFO: Loss: 0.365719
2026-01-12 17:49:22,373 - INFO: Training ROC-AUC: 0.750000
2026-01-12 17:49:22,373 - INFO: Validation ROC-AUC: 0.435385
2026-01-12 17:49:45,433 - INFO: Starting epoch 25
2026-01-12 17:49:45,488 - INFO: Evaluating at iteration 10945
2026-01-12 17:49:51,890 - INFO: Loss: 0.368934
2026-01-12 17:49:51,890 - INFO: Training ROC-AUC: 0.755556
2026-01-12 17:49:51,890 - INFO: Validation ROC-AUC: 0.435283
2026-01-12 17:50:14,968 - INFO: Saving model to models/TCRStructMap_pMHC_split/model_3.pt
2026-01-12 17:50:14,989 - INFO: Starting fold 4
2026-01-12 17:50:15,038 - INFO: Initialising model
2026-01-12 17:50:15,059 - INFO: Starting training
2026-01-12 17:50:15,060 - INFO: Starting epoch 1
2026-01-12 17:50:15,123 - INFO: Evaluating at iteration 1
2026-01-12 17:50:15,748 - INFO: Loss: 0.673939
2026-01-12 17:50:15,748 - INFO: Training ROC-AUC: 0.783333
2026-01-12 17:50:15,748 - INFO: Validation ROC-AUC: 0.460791
2026-01-12 17:50:40,067 - INFO: Evaluating at iteration 501
2026-01-12 17:50:40,671 - INFO: Loss: 0.590959
2026-01-12 17:50:40,671 - INFO: Training ROC-AUC: 0.671875
2026-01-12 17:50:40,671 - INFO: Validation ROC-AUC: 0.342455
2026-01-12 17:51:05,876 - INFO: Evaluating at iteration 1001
2026-01-12 17:51:06,518 - INFO: Loss: 0.475743
2026-01-12 17:51:06,518 - INFO: Training ROC-AUC: 0.653846
2026-01-12 17:51:06,518 - INFO: Validation ROC-AUC: 0.299985
2026-01-12 17:51:31,752 - INFO: Evaluating at iteration 1501
2026-01-12 17:51:32,376 - INFO: Loss: 0.448930
2026-01-12 17:51:32,376 - INFO: Training ROC-AUC: 0.538462
2026-01-12 17:51:32,376 - INFO: Validation ROC-AUC: 0.258163
2026-01-12 17:51:57,631 - INFO: Evaluating at iteration 2001
2026-01-12 17:51:58,252 - INFO: Loss: 0.424072
2026-01-12 17:51:58,253 - INFO: Training ROC-AUC: 0.807692
2026-01-12 17:51:58,253 - INFO: Validation ROC-AUC: 0.241805
2026-01-12 17:52:19,277 - INFO: Starting epoch 2
2026-01-12 17:52:19,329 - INFO: Evaluating at iteration 2419
2026-01-12 17:52:19,945 - INFO: Loss: 0.407764
2026-01-12 17:52:19,946 - INFO: Training ROC-AUC: 0.455357
2026-01-12 17:52:19,946 - INFO: Validation ROC-AUC: 0.251876
2026-01-12 17:52:45,233 - INFO: Evaluating at iteration 2919
2026-01-12 17:52:45,849 - INFO: Loss: 0.625917
2026-01-12 17:52:45,849 - INFO: Training ROC-AUC: 0.468750
2026-01-12 17:52:45,849 - INFO: Validation ROC-AUC: 0.550873
2026-01-12 17:53:11,123 - INFO: Evaluating at iteration 3419
2026-01-12 17:53:11,740 - INFO: Loss: 0.353118
2026-01-12 17:53:11,740 - INFO: Training ROC-AUC: 0.491071
2026-01-12 17:53:11,740 - INFO: Validation ROC-AUC: 0.577890
2026-01-12 17:53:37,020 - INFO: Evaluating at iteration 3919
2026-01-12 17:53:37,623 - INFO: Loss: 0.635395
2026-01-12 17:53:37,623 - INFO: Training ROC-AUC: 0.613636
2026-01-12 17:53:37,623 - INFO: Validation ROC-AUC: 0.561383
2026-01-12 17:54:02,976 - INFO: Evaluating at iteration 4419
2026-01-12 17:54:03,611 - INFO: Loss: 0.322419
2026-01-12 17:54:03,611 - INFO: Training ROC-AUC: 0.767857
2026-01-12 17:54:03,611 - INFO: Validation ROC-AUC: 0.565426
2026-01-12 17:54:24,764 - INFO: Starting epoch 3
2026-01-12 17:54:24,816 - INFO: Evaluating at iteration 4837
2026-01-12 17:54:25,430 - INFO: Loss: 0.516943
2026-01-12 17:54:25,430 - INFO: Training ROC-AUC: 0.661458
2026-01-12 17:54:25,430 - INFO: Validation ROC-AUC: 0.536403
2026-01-12 17:54:50,699 - INFO: Evaluating at iteration 5337
2026-01-12 17:54:51,314 - INFO: Loss: 0.223373
2026-01-12 17:54:51,314 - INFO: Training ROC-AUC: 0.816092
2026-01-12 17:54:51,315 - INFO: Validation ROC-AUC: 0.543537
2026-01-12 17:55:16,455 - INFO: Evaluating at iteration 5837
2026-01-12 17:55:17,059 - INFO: Loss: 0.472641
2026-01-12 17:55:17,059 - INFO: Training ROC-AUC: 0.607407
2026-01-12 17:55:17,059 - INFO: Validation ROC-AUC: 0.563797
2026-01-12 17:55:42,173 - INFO: Evaluating at iteration 6337
2026-01-12 17:55:42,806 - INFO: Loss: 0.275177
2026-01-12 17:55:42,806 - INFO: Training ROC-AUC: 0.940741
2026-01-12 17:55:42,806 - INFO: Validation ROC-AUC: 0.562248
2026-01-12 17:56:07,918 - INFO: Evaluating at iteration 6837
2026-01-12 17:56:08,549 - INFO: Loss: 0.391227
2026-01-12 17:56:08,549 - INFO: Training ROC-AUC: 0.730769
2026-01-12 17:56:08,549 - INFO: Validation ROC-AUC: 0.564706
2026-01-12 17:56:29,494 - INFO: Starting epoch 4
2026-01-12 17:56:29,546 - INFO: Evaluating at iteration 7255
2026-01-12 17:56:30,160 - INFO: Loss: 0.459249
2026-01-12 17:56:30,160 - INFO: Training ROC-AUC: 0.777143
2026-01-12 17:56:30,160 - INFO: Validation ROC-AUC: 0.575660
2026-01-12 17:56:55,263 - INFO: Evaluating at iteration 7755
2026-01-12 17:56:55,863 - INFO: Loss: 0.273541
2026-01-12 17:56:55,863 - INFO: Training ROC-AUC: 0.955556
2026-01-12 17:56:55,864 - INFO: Validation ROC-AUC: 0.579305
2026-01-12 17:57:20,920 - INFO: Evaluating at iteration 8255
2026-01-12 17:57:21,505 - INFO: Loss: 0.275236
2026-01-12 17:57:21,505 - INFO: Training ROC-AUC: 0.942308
2026-01-12 17:57:21,506 - INFO: Validation ROC-AUC: 0.599657
2026-01-12 17:57:46,580 - INFO: Evaluating at iteration 8755
2026-01-12 17:57:47,186 - INFO: Loss: 0.336243
2026-01-12 17:57:47,186 - INFO: Training ROC-AUC: 0.865385
2026-01-12 17:57:47,187 - INFO: Validation ROC-AUC: 0.591365
2026-01-12 17:58:12,220 - INFO: Evaluating at iteration 9255
2026-01-12 17:58:12,839 - INFO: Loss: 0.292621
2026-01-12 17:58:12,840 - INFO: Training ROC-AUC: 0.881481
2026-01-12 17:58:12,840 - INFO: Validation ROC-AUC: 0.599364
2026-01-12 17:58:33,756 - INFO: Starting epoch 5
2026-01-12 17:58:33,807 - INFO: Evaluating at iteration 9673
2026-01-12 17:58:34,427 - INFO: Loss: 0.299820
2026-01-12 17:58:34,427 - INFO: Training ROC-AUC: 0.833333
2026-01-12 17:58:34,427 - INFO: Validation ROC-AUC: 0.605204
2026-01-12 17:58:59,484 - INFO: Evaluating at iteration 10173
2026-01-12 17:59:00,113 - INFO: Loss: 0.340877
2026-01-12 17:59:00,113 - INFO: Training ROC-AUC: 0.767857
2026-01-12 17:59:00,114 - INFO: Validation ROC-AUC: 0.611352
2026-01-12 17:59:25,113 - INFO: Evaluating at iteration 10673
2026-01-12 17:59:25,721 - INFO: Loss: 0.218960
2026-01-12 17:59:25,722 - INFO: Training ROC-AUC: 0.733333
2026-01-12 17:59:25,722 - INFO: Validation ROC-AUC: 0.593141
2026-01-12 17:59:50,744 - INFO: Evaluating at iteration 11173
2026-01-12 17:59:51,368 - INFO: Loss: 0.418706
2026-01-12 17:59:51,368 - INFO: Training ROC-AUC: 0.737179
2026-01-12 17:59:51,368 - INFO: Validation ROC-AUC: 0.612835
2026-01-12 18:00:16,386 - INFO: Evaluating at iteration 11673
2026-01-12 18:00:16,992 - INFO: Loss: 0.560603
2026-01-12 18:00:16,992 - INFO: Training ROC-AUC: 0.519231
2026-01-12 18:00:16,992 - INFO: Validation ROC-AUC: 0.633327
2026-01-12 18:00:37,891 - INFO: Starting epoch 6
2026-01-12 18:00:37,943 - INFO: Evaluating at iteration 12091
2026-01-12 18:00:38,564 - INFO: Loss: 0.345314
2026-01-12 18:00:38,564 - INFO: Training ROC-AUC: 0.625000
2026-01-12 18:00:38,564 - INFO: Validation ROC-AUC: 0.634510
2026-01-12 18:01:03,606 - INFO: Evaluating at iteration 12591
2026-01-12 18:01:04,220 - INFO: Loss: 0.565114
2026-01-12 18:01:04,220 - INFO: Training ROC-AUC: 0.687500
2026-01-12 18:01:04,220 - INFO: Validation ROC-AUC: 0.637532
2026-01-12 18:01:29,248 - INFO: Evaluating at iteration 13091
2026-01-12 18:01:29,876 - INFO: Loss: 0.240219
2026-01-12 18:01:29,876 - INFO: Training ROC-AUC: 0.716667
2026-01-12 18:01:29,876 - INFO: Validation ROC-AUC: 0.635760
2026-01-12 18:01:54,933 - INFO: Evaluating at iteration 13591
2026-01-12 18:01:55,544 - INFO: Loss: 0.258002
2026-01-12 18:01:55,544 - INFO: Training ROC-AUC: 0.935897
2026-01-12 18:01:55,544 - INFO: Validation ROC-AUC: 0.641417
2026-01-12 18:02:20,528 - INFO: Evaluating at iteration 14091
2026-01-12 18:02:21,158 - INFO: Loss: 0.073175
2026-01-12 18:02:21,159 - INFO: Training ROC-AUC: 1.000000
2026-01-12 18:02:21,159 - INFO: Validation ROC-AUC: 0.636598
2026-01-12 18:02:42,078 - INFO: Starting epoch 7
2026-01-12 18:02:42,130 - INFO: Evaluating at iteration 14509
2026-01-12 18:02:42,751 - INFO: Loss: 0.231689
2026-01-12 18:02:42,751 - INFO: Training ROC-AUC: 0.951691
2026-01-12 18:02:42,751 - INFO: Validation ROC-AUC: 0.640499
2026-01-12 18:03:07,795 - INFO: Evaluating at iteration 15009
2026-01-12 18:03:08,418 - INFO: Loss: 0.378841
2026-01-12 18:03:08,418 - INFO: Training ROC-AUC: 0.814103
2026-01-12 18:03:08,418 - INFO: Validation ROC-AUC: 0.645928
2026-01-12 18:03:33,469 - INFO: Evaluating at iteration 15509
2026-01-12 18:03:34,072 - INFO: Loss: 0.222223
2026-01-12 18:03:34,072 - INFO: Training ROC-AUC: 0.885057
2026-01-12 18:03:34,072 - INFO: Validation ROC-AUC: 0.645948
2026-01-12 18:03:59,188 - INFO: Evaluating at iteration 16009
2026-01-12 18:03:59,821 - INFO: Loss: 0.336843
2026-01-12 18:03:59,822 - INFO: Training ROC-AUC: 0.869565
2026-01-12 18:03:59,822 - INFO: Validation ROC-AUC: 0.638792
2026-01-12 18:04:24,913 - INFO: Evaluating at iteration 16509
2026-01-12 18:04:25,514 - INFO: Loss: 0.337555
2026-01-12 18:04:25,514 - INFO: Training ROC-AUC: 0.880000
2026-01-12 18:04:25,514 - INFO: Validation ROC-AUC: 0.641886
2026-01-12 18:04:46,464 - INFO: Starting epoch 8
2026-01-12 18:04:46,516 - INFO: Evaluating at iteration 16927
2026-01-12 18:04:47,121 - INFO: Loss: 0.415371
2026-01-12 18:04:47,121 - INFO: Training ROC-AUC: 0.659259
2026-01-12 18:04:47,121 - INFO: Validation ROC-AUC: 0.645926
2026-01-12 18:05:12,203 - INFO: Evaluating at iteration 17427
2026-01-12 18:05:12,798 - INFO: Loss: 0.423910
2026-01-12 18:05:12,798 - INFO: Training ROC-AUC: 0.850000
2026-01-12 18:05:12,798 - INFO: Validation ROC-AUC: 0.644539
2026-01-12 18:05:37,797 - INFO: Evaluating at iteration 17927
2026-01-12 18:05:38,403 - INFO: Loss: 0.172827
2026-01-12 18:05:38,404 - INFO: Training ROC-AUC: 0.931034
2026-01-12 18:05:38,404 - INFO: Validation ROC-AUC: 0.646359
2026-01-12 18:06:03,400 - INFO: Evaluating at iteration 18427
2026-01-12 18:06:04,029 - INFO: Loss: 0.293910
2026-01-12 18:06:04,029 - INFO: Training ROC-AUC: 0.712644
2026-01-12 18:06:04,029 - INFO: Validation ROC-AUC: 0.653399
2026-01-12 18:06:29,075 - INFO: Evaluating at iteration 18927
2026-01-12 18:06:29,695 - INFO: Loss: 0.199327
2026-01-12 18:06:29,695 - INFO: Training ROC-AUC: 0.850000
2026-01-12 18:06:29,695 - INFO: Validation ROC-AUC: 0.653873
2026-01-12 18:06:50,609 - INFO: Starting epoch 9
2026-01-12 18:06:50,661 - INFO: Evaluating at iteration 19345
2026-01-12 18:06:51,263 - INFO: Loss: 0.427928
2026-01-12 18:06:51,264 - INFO: Training ROC-AUC: 0.775641
2026-01-12 18:06:51,264 - INFO: Validation ROC-AUC: 0.649814
2026-01-12 18:07:16,317 - INFO: Evaluating at iteration 19845
2026-01-12 18:07:16,942 - INFO: Loss: 0.221008
2026-01-12 18:07:16,942 - INFO: Training ROC-AUC: 0.910714
2026-01-12 18:07:16,942 - INFO: Validation ROC-AUC: 0.648128
2026-01-12 18:07:42,001 - INFO: Evaluating at iteration 20345
2026-01-12 18:07:42,603 - INFO: Loss: 0.201975
2026-01-12 18:07:42,603 - INFO: Training ROC-AUC: 0.827586
2026-01-12 18:07:42,603 - INFO: Validation ROC-AUC: 0.656534
2026-01-12 18:08:07,663 - INFO: Evaluating at iteration 20845
2026-01-12 18:08:08,295 - INFO: Loss: 0.185022
2026-01-12 18:08:08,295 - INFO: Training ROC-AUC: 0.970370
2026-01-12 18:08:08,295 - INFO: Validation ROC-AUC: 0.649205
2026-01-12 18:08:33,351 - INFO: Evaluating at iteration 21345
2026-01-12 18:08:33,956 - INFO: Loss: 0.336691
2026-01-12 18:08:33,956 - INFO: Training ROC-AUC: 0.937500
2026-01-12 18:08:33,956 - INFO: Validation ROC-AUC: 0.644446
2026-01-12 18:08:54,846 - INFO: Starting epoch 10
2026-01-12 18:08:54,897 - INFO: Evaluating at iteration 21763
2026-01-12 18:08:55,522 - INFO: Loss: 0.147744
2026-01-12 18:08:55,522 - INFO: Training ROC-AUC: 0.961538
2026-01-12 18:08:55,522 - INFO: Validation ROC-AUC: 0.650118
2026-01-12 18:09:20,659 - INFO: Evaluating at iteration 22263
2026-01-12 18:09:21,280 - INFO: Loss: 0.391331
2026-01-12 18:09:21,280 - INFO: Training ROC-AUC: 0.733333
2026-01-12 18:09:21,280 - INFO: Validation ROC-AUC: 0.648947
2026-01-12 18:09:46,376 - INFO: Evaluating at iteration 22763
2026-01-12 18:09:46,992 - INFO: Loss: 0.326327
2026-01-12 18:09:46,992 - INFO: Training ROC-AUC: 0.846154
2026-01-12 18:09:46,992 - INFO: Validation ROC-AUC: 0.647846
2026-01-12 18:10:12,111 - INFO: Evaluating at iteration 23263
2026-01-12 18:10:12,731 - INFO: Loss: 0.290224
2026-01-12 18:10:12,732 - INFO: Training ROC-AUC: 0.878205
2026-01-12 18:10:12,732 - INFO: Validation ROC-AUC: 0.652926
2026-01-12 18:10:37,884 - INFO: Evaluating at iteration 23763
2026-01-12 18:10:38,496 - INFO: Loss: 0.416459
2026-01-12 18:10:38,496 - INFO: Training ROC-AUC: 0.895455
2026-01-12 18:10:38,496 - INFO: Validation ROC-AUC: 0.654667
2026-01-12 18:10:59,433 - INFO: Starting epoch 11
2026-01-12 18:10:59,485 - INFO: Evaluating at iteration 24181
2026-01-12 18:11:00,079 - INFO: Loss: 0.229525
2026-01-12 18:11:00,080 - INFO: Training ROC-AUC: 0.967949
2026-01-12 18:11:00,080 - INFO: Validation ROC-AUC: 0.662360
2026-01-12 18:11:25,230 - INFO: Evaluating at iteration 24681
2026-01-12 18:11:25,868 - INFO: Loss: 0.238665
2026-01-12 18:11:25,868 - INFO: Training ROC-AUC: 0.914286
2026-01-12 18:11:25,869 - INFO: Validation ROC-AUC: 0.656195
2026-01-12 18:11:50,959 - INFO: Evaluating at iteration 25181
2026-01-12 18:11:51,552 - INFO: Loss: 0.230177
2026-01-12 18:11:51,553 - INFO: Training ROC-AUC: 0.948571
2026-01-12 18:11:51,553 - INFO: Validation ROC-AUC: 0.663374
2026-01-12 18:12:16,696 - INFO: Evaluating at iteration 25681
2026-01-12 18:12:17,287 - INFO: Loss: 0.319299
2026-01-12 18:12:17,287 - INFO: Training ROC-AUC: 0.767857
2026-01-12 18:12:17,287 - INFO: Validation ROC-AUC: 0.660911
2026-01-12 18:12:42,443 - INFO: Evaluating at iteration 26181
2026-01-12 18:12:43,041 - INFO: Loss: 0.313934
2026-01-12 18:12:43,041 - INFO: Training ROC-AUC: 0.955128
2026-01-12 18:12:43,041 - INFO: Validation ROC-AUC: 0.655769
2026-01-12 18:13:03,981 - INFO: Starting epoch 12
2026-01-12 18:13:04,033 - INFO: Evaluating at iteration 26599
2026-01-12 18:13:04,652 - INFO: Loss: 0.114548
2026-01-12 18:13:04,652 - INFO: Training ROC-AUC: 1.000000
2026-01-12 18:13:04,652 - INFO: Validation ROC-AUC: 0.649436
2026-01-12 18:13:29,810 - INFO: Evaluating at iteration 27099
2026-01-12 18:13:30,450 - INFO: Loss: 0.274577
2026-01-12 18:13:30,450 - INFO: Training ROC-AUC: 0.888889
2026-01-12 18:13:30,450 - INFO: Validation ROC-AUC: 0.647504
2026-01-12 18:13:55,572 - INFO: Evaluating at iteration 27599
2026-01-12 18:13:56,172 - INFO: Loss: 0.137213
2026-01-12 18:13:56,173 - INFO: Training ROC-AUC: 0.992593
2026-01-12 18:13:56,173 - INFO: Validation ROC-AUC: 0.641785
2026-01-12 18:14:21,411 - INFO: Evaluating at iteration 28099
2026-01-12 18:14:22,042 - INFO: Loss: 0.405305
2026-01-12 18:14:22,043 - INFO: Training ROC-AUC: 0.870130
2026-01-12 18:14:22,043 - INFO: Validation ROC-AUC: 0.660362
2026-01-12 18:14:47,196 - INFO: Evaluating at iteration 28599
2026-01-12 18:14:47,795 - INFO: Loss: 0.233466
2026-01-12 18:14:47,795 - INFO: Training ROC-AUC: 0.942308
2026-01-12 18:14:47,795 - INFO: Validation ROC-AUC: 0.653292
2026-01-12 18:15:08,772 - INFO: Starting epoch 13
2026-01-12 18:15:08,824 - INFO: Evaluating at iteration 29017
2026-01-12 18:15:09,426 - INFO: Loss: 0.491505
2026-01-12 18:15:09,426 - INFO: Training ROC-AUC: 0.802083
2026-01-12 18:15:09,426 - INFO: Validation ROC-AUC: 0.663103
2026-01-12 18:15:34,597 - INFO: Evaluating at iteration 29517
2026-01-12 18:15:35,208 - INFO: Loss: 0.346209
2026-01-12 18:15:35,209 - INFO: Training ROC-AUC: 0.839744
2026-01-12 18:15:35,209 - INFO: Validation ROC-AUC: 0.649029
2026-01-12 18:16:00,367 - INFO: Evaluating at iteration 30017
2026-01-12 18:16:00,995 - INFO: Loss: 0.449037
2026-01-12 18:16:00,995 - INFO: Training ROC-AUC: 0.802083
2026-01-12 18:16:00,995 - INFO: Validation ROC-AUC: 0.656253
2026-01-12 18:16:26,187 - INFO: Evaluating at iteration 30517
2026-01-12 18:16:26,789 - INFO: Loss: 0.245960
2026-01-12 18:16:26,789 - INFO: Training ROC-AUC: 0.650000
2026-01-12 18:16:26,789 - INFO: Validation ROC-AUC: 0.646599
2026-01-12 18:16:51,987 - INFO: Evaluating at iteration 31017
2026-01-12 18:16:52,625 - INFO: Loss: 0.230074
2026-01-12 18:16:52,626 - INFO: Training ROC-AUC: 0.919643
2026-01-12 18:16:52,626 - INFO: Validation ROC-AUC: 0.654185
2026-01-12 18:17:13,668 - INFO: Starting epoch 14
2026-01-12 18:17:13,720 - INFO: Evaluating at iteration 31435
2026-01-12 18:17:14,323 - INFO: Loss: 0.267201
2026-01-12 18:17:14,323 - INFO: Training ROC-AUC: 0.923077
2026-01-12 18:17:14,323 - INFO: Validation ROC-AUC: 0.664920
2026-01-12 18:17:39,552 - INFO: Evaluating at iteration 31935
2026-01-12 18:17:40,189 - INFO: Loss: 0.185409
2026-01-12 18:17:40,189 - INFO: Training ROC-AUC: 0.908046
2026-01-12 18:17:40,189 - INFO: Validation ROC-AUC: 0.663637
2026-01-12 18:18:05,353 - INFO: Evaluating at iteration 32435
2026-01-12 18:18:05,943 - INFO: Loss: 0.172242
2026-01-12 18:18:05,943 - INFO: Training ROC-AUC: 0.950000
2026-01-12 18:18:05,943 - INFO: Validation ROC-AUC: 0.662719
2026-01-12 18:18:31,172 - INFO: Evaluating at iteration 32935
2026-01-12 18:18:31,761 - INFO: Loss: 0.471598
2026-01-12 18:18:31,761 - INFO: Training ROC-AUC: 0.754286
2026-01-12 18:18:31,761 - INFO: Validation ROC-AUC: 0.652838
2026-01-12 18:18:56,947 - INFO: Evaluating at iteration 33435
2026-01-12 18:18:57,552 - INFO: Loss: 0.193881
2026-01-12 18:18:57,552 - INFO: Training ROC-AUC: 0.838710
2026-01-12 18:18:57,552 - INFO: Validation ROC-AUC: 0.653392
2026-01-12 18:19:18,631 - INFO: Starting epoch 15
2026-01-12 18:19:18,685 - INFO: Evaluating at iteration 33853
2026-01-12 18:19:19,317 - INFO: Loss: 0.155564
2026-01-12 18:19:19,317 - INFO: Training ROC-AUC: 0.987179
2026-01-12 18:19:19,317 - INFO: Validation ROC-AUC: 0.655657
2026-01-12 18:19:44,559 - INFO: Evaluating at iteration 34353
2026-01-12 18:19:45,156 - INFO: Loss: 0.252482
2026-01-12 18:19:45,156 - INFO: Training ROC-AUC: 0.874074
2026-01-12 18:19:45,156 - INFO: Validation ROC-AUC: 0.653087
2026-01-12 18:20:10,394 - INFO: Evaluating at iteration 34853
2026-01-12 18:20:10,980 - INFO: Loss: 0.138033
2026-01-12 18:20:10,980 - INFO: Training ROC-AUC: 1.000000
2026-01-12 18:20:10,980 - INFO: Validation ROC-AUC: 0.651976
2026-01-12 18:20:36,221 - INFO: Evaluating at iteration 35353
2026-01-12 18:20:36,831 - INFO: Loss: 0.286144
2026-01-12 18:20:36,832 - INFO: Training ROC-AUC: 0.932292
2026-01-12 18:20:36,832 - INFO: Validation ROC-AUC: 0.651486
2026-01-12 18:21:02,010 - INFO: Evaluating at iteration 35853
2026-01-12 18:21:02,623 - INFO: Loss: 0.325869
2026-01-12 18:21:02,623 - INFO: Training ROC-AUC: 0.942029
2026-01-12 18:21:02,623 - INFO: Validation ROC-AUC: 0.649734
2026-01-12 18:21:23,834 - INFO: Starting epoch 16
2026-01-12 18:21:23,887 - INFO: Evaluating at iteration 36271
2026-01-12 18:21:24,524 - INFO: Loss: 0.334114
2026-01-12 18:21:24,525 - INFO: Training ROC-AUC: 0.834286
2026-01-12 18:21:24,525 - INFO: Validation ROC-AUC: 0.653257
2026-01-12 18:21:50,115 - INFO: Evaluating at iteration 36771
2026-01-12 18:21:50,733 - INFO: Loss: 0.217751
2026-01-12 18:21:50,733 - INFO: Training ROC-AUC: 0.929487
2026-01-12 18:21:50,733 - INFO: Validation ROC-AUC: 0.659095
2026-01-12 18:22:16,214 - INFO: Evaluating at iteration 37271
2026-01-12 18:22:16,849 - INFO: Loss: 0.318621
2026-01-12 18:22:16,850 - INFO: Training ROC-AUC: 0.851429
2026-01-12 18:22:16,850 - INFO: Validation ROC-AUC: 0.659772
2026-01-12 18:22:42,443 - INFO: Evaluating at iteration 37771
2026-01-12 18:22:43,056 - INFO: Loss: 0.312420
2026-01-12 18:22:43,056 - INFO: Training ROC-AUC: 0.833333
2026-01-12 18:22:43,056 - INFO: Validation ROC-AUC: 0.651941
2026-01-12 18:23:08,574 - INFO: Evaluating at iteration 38271
2026-01-12 18:23:09,217 - INFO: Loss: 0.224814
2026-01-12 18:23:09,218 - INFO: Training ROC-AUC: 0.885057
2026-01-12 18:23:09,218 - INFO: Validation ROC-AUC: 0.660759
2026-01-12 18:23:30,555 - INFO: Starting epoch 17
2026-01-12 18:23:30,607 - INFO: Evaluating at iteration 38689
2026-01-12 18:23:31,242 - INFO: Loss: 0.481716
2026-01-12 18:23:31,242 - INFO: Training ROC-AUC: 0.828571
2026-01-12 18:23:31,242 - INFO: Validation ROC-AUC: 0.660859
2026-01-12 18:23:56,807 - INFO: Evaluating at iteration 39189
2026-01-12 18:23:57,441 - INFO: Loss: 0.168451
2026-01-12 18:23:57,441 - INFO: Training ROC-AUC: 0.946429
2026-01-12 18:23:57,441 - INFO: Validation ROC-AUC: 0.666979
2026-01-12 18:24:22,769 - INFO: Evaluating at iteration 39689
2026-01-12 18:24:23,366 - INFO: Loss: 0.242418
2026-01-12 18:24:23,366 - INFO: Training ROC-AUC: 0.942857
2026-01-12 18:24:23,367 - INFO: Validation ROC-AUC: 0.646406
2026-01-12 18:24:48,671 - INFO: Evaluating at iteration 40189
2026-01-12 18:24:49,270 - INFO: Loss: 0.234729
2026-01-12 18:24:49,271 - INFO: Training ROC-AUC: 0.910714
2026-01-12 18:24:49,271 - INFO: Validation ROC-AUC: 0.663054
2026-01-12 18:25:14,608 - INFO: Evaluating at iteration 40689
2026-01-12 18:25:15,213 - INFO: Loss: 0.199091
2026-01-12 18:25:15,213 - INFO: Training ROC-AUC: 0.838710
2026-01-12 18:25:15,213 - INFO: Validation ROC-AUC: 0.651296
2026-01-12 18:25:36,379 - INFO: Starting epoch 18
2026-01-12 18:25:36,431 - INFO: Evaluating at iteration 41107
2026-01-12 18:25:37,037 - INFO: Loss: 0.229567
2026-01-12 18:25:37,038 - INFO: Training ROC-AUC: 0.901786
2026-01-12 18:25:37,038 - INFO: Validation ROC-AUC: 0.645805
2026-01-12 18:26:02,374 - INFO: Evaluating at iteration 41607
2026-01-12 18:26:03,015 - INFO: Loss: 0.330341
2026-01-12 18:26:03,015 - INFO: Training ROC-AUC: 0.839744
2026-01-12 18:26:03,015 - INFO: Validation ROC-AUC: 0.650012
2026-01-12 18:26:28,429 - INFO: Evaluating at iteration 42107
2026-01-12 18:26:29,057 - INFO: Loss: 0.195456
2026-01-12 18:26:29,057 - INFO: Training ROC-AUC: 0.977143
2026-01-12 18:26:29,057 - INFO: Validation ROC-AUC: 0.655238
2026-01-12 18:26:54,496 - INFO: Evaluating at iteration 42607
2026-01-12 18:26:55,087 - INFO: Loss: 0.452411
2026-01-12 18:26:55,087 - INFO: Training ROC-AUC: 0.817708
2026-01-12 18:26:55,087 - INFO: Validation ROC-AUC: 0.660664
2026-01-12 18:27:20,510 - INFO: Evaluating at iteration 43107
2026-01-12 18:27:21,100 - INFO: Loss: 0.262181
2026-01-12 18:27:21,100 - INFO: Training ROC-AUC: 0.975845
2026-01-12 18:27:21,100 - INFO: Validation ROC-AUC: 0.660072
2026-01-12 18:27:42,357 - INFO: Starting epoch 19
2026-01-12 18:27:42,410 - INFO: Evaluating at iteration 43525
2026-01-12 18:27:43,011 - INFO: Loss: 0.326663
2026-01-12 18:27:43,011 - INFO: Training ROC-AUC: 0.903704
2026-01-12 18:27:43,011 - INFO: Validation ROC-AUC: 0.656587
2026-01-12 18:28:08,607 - INFO: Evaluating at iteration 44025
2026-01-12 18:28:09,223 - INFO: Loss: 0.321184
2026-01-12 18:28:09,223 - INFO: Training ROC-AUC: 0.859259
2026-01-12 18:28:09,223 - INFO: Validation ROC-AUC: 0.648638
2026-01-12 18:28:34,785 - INFO: Evaluating at iteration 44525
2026-01-12 18:28:35,400 - INFO: Loss: 0.287735
2026-01-12 18:28:35,400 - INFO: Training ROC-AUC: 0.822222
2026-01-12 18:28:35,400 - INFO: Validation ROC-AUC: 0.655585
2026-01-12 18:29:01,047 - INFO: Evaluating at iteration 45025
2026-01-12 18:29:01,658 - INFO: Loss: 0.238283
2026-01-12 18:29:01,658 - INFO: Training ROC-AUC: 0.920000
2026-01-12 18:29:01,658 - INFO: Validation ROC-AUC: 0.644421
2026-01-12 18:29:27,307 - INFO: Evaluating at iteration 45525
2026-01-12 18:29:27,935 - INFO: Loss: 0.158333
2026-01-12 18:29:27,935 - INFO: Training ROC-AUC: 0.992593
2026-01-12 18:29:27,935 - INFO: Validation ROC-AUC: 0.654954
2026-01-12 18:29:49,402 - INFO: Starting epoch 20
2026-01-12 18:29:49,455 - INFO: Evaluating at iteration 45943
2026-01-12 18:29:50,069 - INFO: Loss: 0.282603
2026-01-12 18:29:50,070 - INFO: Training ROC-AUC: 0.516667
2026-01-12 18:29:50,070 - INFO: Validation ROC-AUC: 0.668466
2026-01-12 18:30:15,790 - INFO: Evaluating at iteration 46443
2026-01-12 18:30:16,421 - INFO: Loss: 0.292812
2026-01-12 18:30:16,421 - INFO: Training ROC-AUC: 0.914286
2026-01-12 18:30:16,421 - INFO: Validation ROC-AUC: 0.656779
2026-01-12 18:30:42,257 - INFO: Evaluating at iteration 46943
2026-01-12 18:30:42,880 - INFO: Loss: 0.120043
2026-01-12 18:30:42,880 - INFO: Training ROC-AUC: 1.000000
2026-01-12 18:30:42,880 - INFO: Validation ROC-AUC: 0.654208
2026-01-12 18:31:08,746 - INFO: Evaluating at iteration 47443
2026-01-12 18:31:09,352 - INFO: Loss: 0.197670
2026-01-12 18:31:09,352 - INFO: Training ROC-AUC: 0.931429
2026-01-12 18:31:09,352 - INFO: Validation ROC-AUC: 0.656798
2026-01-12 18:31:35,189 - INFO: Evaluating at iteration 47943
2026-01-12 18:31:35,784 - INFO: Loss: 0.273594
2026-01-12 18:31:35,784 - INFO: Training ROC-AUC: 0.992593
2026-01-12 18:31:35,784 - INFO: Validation ROC-AUC: 0.658344
2026-01-12 18:31:57,424 - INFO: Starting epoch 21
2026-01-12 18:31:57,478 - INFO: Evaluating at iteration 48361
2026-01-12 18:31:58,088 - INFO: Loss: 0.203706
2026-01-12 18:31:58,088 - INFO: Training ROC-AUC: 0.946429
2026-01-12 18:31:58,088 - INFO: Validation ROC-AUC: 0.665738
2026-01-12 18:32:24,160 - INFO: Evaluating at iteration 48861
2026-01-12 18:32:24,755 - INFO: Loss: 0.205587
2026-01-12 18:32:24,755 - INFO: Training ROC-AUC: 0.961538
2026-01-12 18:32:24,755 - INFO: Validation ROC-AUC: 0.653482
2026-01-12 18:32:50,819 - INFO: Evaluating at iteration 49361
2026-01-12 18:32:51,442 - INFO: Loss: 0.217888
2026-01-12 18:32:51,442 - INFO: Training ROC-AUC: 0.857143
2026-01-12 18:32:51,442 - INFO: Validation ROC-AUC: 0.656238
2026-01-12 18:33:17,563 - INFO: Evaluating at iteration 49861
2026-01-12 18:33:18,192 - INFO: Loss: 0.233707
2026-01-12 18:33:18,192 - INFO: Training ROC-AUC: 0.875000
2026-01-12 18:33:18,192 - INFO: Validation ROC-AUC: 0.652850
2026-01-12 18:33:44,382 - INFO: Evaluating at iteration 50361
2026-01-12 18:33:45,014 - INFO: Loss: 0.312695
2026-01-12 18:33:45,014 - INFO: Training ROC-AUC: 0.942708
2026-01-12 18:33:45,014 - INFO: Validation ROC-AUC: 0.650817
2026-01-12 18:34:06,970 - INFO: Starting epoch 22
2026-01-12 18:34:07,024 - INFO: Evaluating at iteration 50779
2026-01-12 18:34:07,654 - INFO: Loss: 0.232003
2026-01-12 18:34:07,654 - INFO: Training ROC-AUC: 0.935897
2026-01-12 18:34:07,654 - INFO: Validation ROC-AUC: 0.647824
2026-01-12 18:34:33,941 - INFO: Evaluating at iteration 51279
2026-01-12 18:34:34,553 - INFO: Loss: 0.295244
2026-01-12 18:34:34,553 - INFO: Training ROC-AUC: 0.903846
2026-01-12 18:34:34,553 - INFO: Validation ROC-AUC: 0.650865
2026-01-12 18:35:02,825 - INFO: Evaluating at iteration 51779
2026-01-12 18:35:03,492 - INFO: Loss: 0.186914
2026-01-12 18:35:03,492 - INFO: Training ROC-AUC: 0.942529
2026-01-12 18:35:03,492 - INFO: Validation ROC-AUC: 0.647172
2026-01-12 18:35:31,488 - INFO: Evaluating at iteration 52279
2026-01-12 18:35:32,143 - INFO: Loss: 0.178340
2026-01-12 18:35:32,143 - INFO: Training ROC-AUC: 0.850000
2026-01-12 18:35:32,143 - INFO: Validation ROC-AUC: 0.648814
2026-01-12 18:36:00,278 - INFO: Evaluating at iteration 52779
2026-01-12 18:36:00,953 - INFO: Loss: 0.126143
2026-01-12 18:36:00,954 - INFO: Training ROC-AUC: 0.964286
2026-01-12 18:36:00,954 - INFO: Validation ROC-AUC: 0.648424
2026-01-12 18:36:24,252 - INFO: Starting epoch 23
2026-01-12 18:36:24,310 - INFO: Evaluating at iteration 53197
2026-01-12 18:36:24,939 - INFO: Loss: 0.133354
2026-01-12 18:36:24,939 - INFO: Training ROC-AUC: 0.970370
2026-01-12 18:36:24,939 - INFO: Validation ROC-AUC: 0.656883
2026-01-12 18:36:52,968 - INFO: Evaluating at iteration 53697
2026-01-12 18:36:53,607 - INFO: Loss: 0.376877
2026-01-12 18:36:53,607 - INFO: Training ROC-AUC: 0.725926
2026-01-12 18:36:53,607 - INFO: Validation ROC-AUC: 0.647708
2026-01-12 18:37:21,532 - INFO: Evaluating at iteration 54197
2026-01-12 18:37:22,202 - INFO: Loss: 0.426505
2026-01-12 18:37:22,202 - INFO: Training ROC-AUC: 0.859091
2026-01-12 18:37:22,202 - INFO: Validation ROC-AUC: 0.656401
2026-01-12 18:37:50,089 - INFO: Evaluating at iteration 54697
2026-01-12 18:37:50,714 - INFO: Loss: 0.310118
2026-01-12 18:37:50,714 - INFO: Training ROC-AUC: 0.921875
2026-01-12 18:37:50,714 - INFO: Validation ROC-AUC: 0.642549
2026-01-12 18:38:18,584 - INFO: Evaluating at iteration 55197
2026-01-12 18:38:19,254 - INFO: Loss: 0.190614
2026-01-12 18:38:19,254 - INFO: Training ROC-AUC: 0.964286
2026-01-12 18:38:19,254 - INFO: Validation ROC-AUC: 0.654137
2026-01-12 18:38:42,713 - INFO: Starting epoch 24
2026-01-12 18:38:42,772 - INFO: Evaluating at iteration 55615
2026-01-12 18:38:43,423 - INFO: Loss: 0.282000
2026-01-12 18:38:43,423 - INFO: Training ROC-AUC: 0.829630
2026-01-12 18:38:43,423 - INFO: Validation ROC-AUC: 0.645112
2026-01-12 18:39:11,431 - INFO: Evaluating at iteration 56115
2026-01-12 18:39:12,087 - INFO: Loss: 0.182943
2026-01-12 18:39:12,087 - INFO: Training ROC-AUC: 0.964286
2026-01-12 18:39:12,087 - INFO: Validation ROC-AUC: 0.648147
2026-01-12 18:39:40,222 - INFO: Evaluating at iteration 56615
2026-01-12 18:39:40,875 - INFO: Loss: 0.210781
2026-01-12 18:39:40,876 - INFO: Training ROC-AUC: 0.955128
2026-01-12 18:39:40,876 - INFO: Validation ROC-AUC: 0.653110
2026-01-12 18:40:09,078 - INFO: Evaluating at iteration 57115
2026-01-12 18:40:09,718 - INFO: Loss: 0.282849
2026-01-12 18:40:09,719 - INFO: Training ROC-AUC: 0.712644
2026-01-12 18:40:09,719 - INFO: Validation ROC-AUC: 0.661606
2026-01-12 18:40:37,914 - INFO: Evaluating at iteration 57615
2026-01-12 18:40:38,576 - INFO: Loss: 0.248938
2026-01-12 18:40:38,576 - INFO: Training ROC-AUC: 0.923077
2026-01-12 18:40:38,576 - INFO: Validation ROC-AUC: 0.642654
2026-01-12 18:41:02,138 - INFO: Starting epoch 25
2026-01-12 18:41:02,203 - INFO: Evaluating at iteration 58033
2026-01-12 18:41:02,864 - INFO: Loss: 0.269739
2026-01-12 18:41:02,865 - INFO: Training ROC-AUC: 0.846154
2026-01-12 18:41:02,865 - INFO: Validation ROC-AUC: 0.649638
2026-01-12 18:41:31,079 - INFO: Evaluating at iteration 58533
2026-01-12 18:41:31,726 - INFO: Loss: 0.168011
2026-01-12 18:41:31,726 - INFO: Training ROC-AUC: 0.991071
2026-01-12 18:41:31,726 - INFO: Validation ROC-AUC: 0.640849
2026-01-12 18:41:59,911 - INFO: Evaluating at iteration 59033
2026-01-12 18:42:00,577 - INFO: Loss: 0.278798
2026-01-12 18:42:00,577 - INFO: Training ROC-AUC: 0.923077
2026-01-12 18:42:00,577 - INFO: Validation ROC-AUC: 0.651165
2026-01-12 18:42:28,787 - INFO: Evaluating at iteration 59533
2026-01-12 18:42:29,409 - INFO: Loss: 0.204119
2026-01-12 18:42:29,409 - INFO: Training ROC-AUC: 0.918519
2026-01-12 18:42:29,409 - INFO: Validation ROC-AUC: 0.640134
2026-01-12 18:42:57,611 - INFO: Evaluating at iteration 60033
2026-01-12 18:42:58,262 - INFO: Loss: 0.184768
2026-01-12 18:42:58,262 - INFO: Training ROC-AUC: 0.954286
2026-01-12 18:42:58,263 - INFO: Validation ROC-AUC: 0.655614
2026-01-12 18:43:21,755 - INFO: Saving model to models/TCRStructMap_pMHC_split/model_4.pt
2026-01-12 18:43:21,777 - INFO: Starting fold 5
2026-01-12 18:43:21,800 - INFO: Initialising model
2026-01-12 18:43:21,823 - INFO: Starting training
2026-01-12 18:43:21,823 - INFO: Starting epoch 1
2026-01-12 18:43:21,880 - INFO: Evaluating at iteration 1
2026-01-12 18:43:22,333 - INFO: Loss: 0.696453
2026-01-12 18:43:22,333 - INFO: Training ROC-AUC: 0.471264
2026-01-12 18:43:22,333 - INFO: Validation ROC-AUC: 0.521693
2026-01-12 18:43:48,201 - INFO: Evaluating at iteration 501
2026-01-12 18:43:48,660 - INFO: Loss: 0.485651
2026-01-12 18:43:48,660 - INFO: Training ROC-AUC: 0.410256
2026-01-12 18:43:48,660 - INFO: Validation ROC-AUC: 0.507030
2026-01-12 18:44:15,588 - INFO: Evaluating at iteration 1001
2026-01-12 18:44:16,049 - INFO: Loss: 0.410865
2026-01-12 18:44:16,049 - INFO: Training ROC-AUC: 0.585185
2026-01-12 18:44:16,049 - INFO: Validation ROC-AUC: 0.506507
2026-01-12 18:44:42,905 - INFO: Evaluating at iteration 1501
2026-01-12 18:44:43,368 - INFO: Loss: 0.329661
2026-01-12 18:44:43,368 - INFO: Training ROC-AUC: 0.839286
2026-01-12 18:44:43,368 - INFO: Validation ROC-AUC: 0.505768
2026-01-12 18:45:10,106 - INFO: Evaluating at iteration 2001
2026-01-12 18:45:10,572 - INFO: Loss: 0.438675
2026-01-12 18:45:10,572 - INFO: Training ROC-AUC: 0.503704
2026-01-12 18:45:10,572 - INFO: Validation ROC-AUC: 0.488390
2026-01-12 18:45:36,023 - INFO: Starting epoch 2
2026-01-12 18:45:36,079 - INFO: Evaluating at iteration 2475
2026-01-12 18:45:36,531 - INFO: Loss: 0.328363
2026-01-12 18:45:36,531 - INFO: Training ROC-AUC: 0.459770
2026-01-12 18:45:36,531 - INFO: Validation ROC-AUC: 0.502564
2026-01-12 18:46:03,267 - INFO: Evaluating at iteration 2975
2026-01-12 18:46:03,753 - INFO: Loss: 0.336311
2026-01-12 18:46:03,753 - INFO: Training ROC-AUC: 0.741071
2026-01-12 18:46:03,753 - INFO: Validation ROC-AUC: 0.518367
2026-01-12 18:46:30,662 - INFO: Evaluating at iteration 3475
2026-01-12 18:46:31,115 - INFO: Loss: 0.573511
2026-01-12 18:46:31,116 - INFO: Training ROC-AUC: 0.632850
2026-01-12 18:46:31,116 - INFO: Validation ROC-AUC: 0.528212
2026-01-12 18:46:58,006 - INFO: Evaluating at iteration 3975
2026-01-12 18:46:58,489 - INFO: Loss: 0.425192
2026-01-12 18:46:58,489 - INFO: Training ROC-AUC: 0.743590
2026-01-12 18:46:58,489 - INFO: Validation ROC-AUC: 0.536691
2026-01-12 18:47:25,419 - INFO: Evaluating at iteration 4475
2026-01-12 18:47:25,869 - INFO: Loss: 0.389577
2026-01-12 18:47:25,869 - INFO: Training ROC-AUC: 0.500000
2026-01-12 18:47:25,869 - INFO: Validation ROC-AUC: 0.580580
2026-01-12 18:47:51,440 - INFO: Starting epoch 3
2026-01-12 18:47:51,496 - INFO: Evaluating at iteration 4949
2026-01-12 18:47:51,943 - INFO: Loss: 0.209649
2026-01-12 18:47:51,943 - INFO: Training ROC-AUC: 0.942529
2026-01-12 18:47:51,943 - INFO: Validation ROC-AUC: 0.627993
2026-01-12 18:48:18,877 - INFO: Evaluating at iteration 5449
2026-01-12 18:48:19,330 - INFO: Loss: 0.408339
2026-01-12 18:48:19,331 - INFO: Training ROC-AUC: 0.651852
2026-01-12 18:48:19,331 - INFO: Validation ROC-AUC: 0.641769
2026-01-12 18:48:46,265 - INFO: Evaluating at iteration 5949
2026-01-12 18:48:46,713 - INFO: Loss: 0.473487
2026-01-12 18:48:46,713 - INFO: Training ROC-AUC: 0.791667
2026-01-12 18:48:46,713 - INFO: Validation ROC-AUC: 0.645933
2026-01-12 18:49:13,718 - INFO: Evaluating at iteration 6449
2026-01-12 18:49:14,165 - INFO: Loss: 0.524639
2026-01-12 18:49:14,165 - INFO: Training ROC-AUC: 0.714976
2026-01-12 18:49:14,166 - INFO: Validation ROC-AUC: 0.647582
2026-01-12 18:49:41,098 - INFO: Evaluating at iteration 6949
2026-01-12 18:49:41,566 - INFO: Loss: 0.153873
2026-01-12 18:49:41,566 - INFO: Training ROC-AUC: 1.000000
2026-01-12 18:49:41,566 - INFO: Validation ROC-AUC: 0.647954
2026-01-12 18:50:07,081 - INFO: Starting epoch 4
2026-01-12 18:50:07,136 - INFO: Evaluating at iteration 7423
2026-01-12 18:50:07,602 - INFO: Loss: 0.316988
2026-01-12 18:50:07,602 - INFO: Training ROC-AUC: 0.903846
2026-01-12 18:50:07,602 - INFO: Validation ROC-AUC: 0.646189
2026-01-12 18:50:34,501 - INFO: Evaluating at iteration 7923
2026-01-12 18:50:34,949 - INFO: Loss: 0.380478
2026-01-12 18:50:34,949 - INFO: Training ROC-AUC: 0.788571
2026-01-12 18:50:34,949 - INFO: Validation ROC-AUC: 0.643919
2026-01-12 18:51:01,866 - INFO: Evaluating at iteration 8423
2026-01-12 18:51:02,352 - INFO: Loss: 0.246981
2026-01-12 18:51:02,352 - INFO: Training ROC-AUC: 0.916667
2026-01-12 18:51:02,352 - INFO: Validation ROC-AUC: 0.645323
2026-01-12 18:51:29,278 - INFO: Evaluating at iteration 8923
2026-01-12 18:51:29,731 - INFO: Loss: 0.249708
2026-01-12 18:51:29,732 - INFO: Training ROC-AUC: 0.971429
2026-01-12 18:51:29,732 - INFO: Validation ROC-AUC: 0.646125
2026-01-12 18:51:56,481 - INFO: Evaluating at iteration 9423
2026-01-12 18:51:56,961 - INFO: Loss: 0.150714
2026-01-12 18:51:56,962 - INFO: Training ROC-AUC: 0.965517
2026-01-12 18:51:56,962 - INFO: Validation ROC-AUC: 0.646880
2026-01-12 18:52:22,284 - INFO: Starting epoch 5
2026-01-12 18:52:22,340 - INFO: Evaluating at iteration 9897
2026-01-12 18:52:22,793 - INFO: Loss: 0.241389
2026-01-12 18:52:22,793 - INFO: Training ROC-AUC: 0.919643
2026-01-12 18:52:22,793 - INFO: Validation ROC-AUC: 0.649087
2026-01-12 18:52:49,503 - INFO: Evaluating at iteration 10397
2026-01-12 18:52:49,954 - INFO: Loss: 0.320472
2026-01-12 18:52:49,954 - INFO: Training ROC-AUC: 0.891026
2026-01-12 18:52:49,954 - INFO: Validation ROC-AUC: 0.645867
2026-01-12 18:53:16,677 - INFO: Evaluating at iteration 10897
2026-01-12 18:53:17,161 - INFO: Loss: 0.270132
2026-01-12 18:53:17,161 - INFO: Training ROC-AUC: 0.937500
2026-01-12 18:53:17,161 - INFO: Validation ROC-AUC: 0.646781
2026-01-12 18:53:43,874 - INFO: Evaluating at iteration 11397
2026-01-12 18:53:44,326 - INFO: Loss: 0.261563
2026-01-12 18:53:44,326 - INFO: Training ROC-AUC: 0.800000
2026-01-12 18:53:44,326 - INFO: Validation ROC-AUC: 0.646540
2026-01-12 18:54:10,887 - INFO: Evaluating at iteration 11897
2026-01-12 18:54:11,371 - INFO: Loss: 0.232162
2026-01-12 18:54:11,371 - INFO: Training ROC-AUC: 0.940741
2026-01-12 18:54:11,371 - INFO: Validation ROC-AUC: 0.647341
2026-01-12 18:54:36,487 - INFO: Starting epoch 6
2026-01-12 18:54:36,540 - INFO: Evaluating at iteration 12371
2026-01-12 18:54:36,990 - INFO: Loss: 0.172187
2026-01-12 18:54:36,990 - INFO: Training ROC-AUC: 0.942529
2026-01-12 18:54:36,990 - INFO: Validation ROC-AUC: 0.647096
2026-01-12 18:55:03,553 - INFO: Evaluating at iteration 12871
2026-01-12 18:55:04,040 - INFO: Loss: 0.292538
2026-01-12 18:55:04,040 - INFO: Training ROC-AUC: 0.916667
2026-01-12 18:55:04,041 - INFO: Validation ROC-AUC: 0.648525
2026-01-12 18:55:30,630 - INFO: Evaluating at iteration 13371
2026-01-12 18:55:31,079 - INFO: Loss: 0.303863
2026-01-12 18:55:31,079 - INFO: Training ROC-AUC: 0.916667
2026-01-12 18:55:31,079 - INFO: Validation ROC-AUC: 0.646418
2026-01-12 18:55:57,714 - INFO: Evaluating at iteration 13871
2026-01-12 18:55:58,199 - INFO: Loss: 0.454775
2026-01-12 18:55:58,199 - INFO: Training ROC-AUC: 0.812500
2026-01-12 18:55:58,199 - INFO: Validation ROC-AUC: 0.649205
2026-01-12 18:56:24,789 - INFO: Evaluating at iteration 14371
2026-01-12 18:56:25,240 - INFO: Loss: 0.290218
2026-01-12 18:56:25,240 - INFO: Training ROC-AUC: 0.859259
2026-01-12 18:56:25,240 - INFO: Validation ROC-AUC: 0.649826
2026-01-12 18:56:50,379 - INFO: Starting epoch 7
2026-01-12 18:56:50,434 - INFO: Evaluating at iteration 14845
2026-01-12 18:56:50,889 - INFO: Loss: 0.456361
2026-01-12 18:56:50,889 - INFO: Training ROC-AUC: 0.845455
2026-01-12 18:56:50,889 - INFO: Validation ROC-AUC: 0.644923
2026-01-12 18:57:17,414 - INFO: Evaluating at iteration 15345
2026-01-12 18:57:17,896 - INFO: Loss: 0.241965
2026-01-12 18:57:17,896 - INFO: Training ROC-AUC: 0.883929
2026-01-12 18:57:17,896 - INFO: Validation ROC-AUC: 0.646134
2026-01-12 18:57:44,474 - INFO: Evaluating at iteration 15845
2026-01-12 18:57:44,926 - INFO: Loss: 0.487242
2026-01-12 18:57:44,926 - INFO: Training ROC-AUC: 0.801932
2026-01-12 18:57:44,926 - INFO: Validation ROC-AUC: 0.647694
2026-01-12 18:58:11,482 - INFO: Evaluating at iteration 16345
2026-01-12 18:58:11,967 - INFO: Loss: 0.344981
2026-01-12 18:58:11,967 - INFO: Training ROC-AUC: 0.893720
2026-01-12 18:58:11,967 - INFO: Validation ROC-AUC: 0.646978
2026-01-12 18:58:38,439 - INFO: Evaluating at iteration 16845
2026-01-12 18:58:38,890 - INFO: Loss: 0.273478
2026-01-12 18:58:38,890 - INFO: Training ROC-AUC: 0.935897
2026-01-12 18:58:38,890 - INFO: Validation ROC-AUC: 0.646630
2026-01-12 18:59:03,966 - INFO: Starting epoch 8
2026-01-12 18:59:04,021 - INFO: Evaluating at iteration 17319
2026-01-12 18:59:04,500 - INFO: Loss: 0.480141
2026-01-12 18:59:04,500 - INFO: Training ROC-AUC: 0.826087
2026-01-12 18:59:04,500 - INFO: Validation ROC-AUC: 0.649395
2026-01-12 18:59:31,105 - INFO: Evaluating at iteration 17819
2026-01-12 18:59:31,553 - INFO: Loss: 0.378227
2026-01-12 18:59:31,553 - INFO: Training ROC-AUC: 0.805714
2026-01-12 18:59:31,553 - INFO: Validation ROC-AUC: 0.648141
2026-01-12 18:59:58,160 - INFO: Evaluating at iteration 18319
2026-01-12 18:59:58,608 - INFO: Loss: 0.247145
2026-01-12 18:59:58,608 - INFO: Training ROC-AUC: 0.940741
2026-01-12 18:59:58,609 - INFO: Validation ROC-AUC: 0.651249
2026-01-12 19:00:25,139 - INFO: Evaluating at iteration 18819
2026-01-12 19:00:25,589 - INFO: Loss: 0.586746
2026-01-12 19:00:25,589 - INFO: Training ROC-AUC: 0.734375
2026-01-12 19:00:25,589 - INFO: Validation ROC-AUC: 0.653493
2026-01-12 19:00:52,063 - INFO: Evaluating at iteration 19319
2026-01-12 19:00:52,549 - INFO: Loss: 0.169411
2026-01-12 19:00:52,550 - INFO: Training ROC-AUC: 1.000000
2026-01-12 19:00:52,550 - INFO: Validation ROC-AUC: 0.649003
2026-01-12 19:01:17,706 - INFO: Starting epoch 9
2026-01-12 19:01:17,761 - INFO: Evaluating at iteration 19793
2026-01-12 19:01:18,211 - INFO: Loss: 0.330674
2026-01-12 19:01:18,211 - INFO: Training ROC-AUC: 0.866667
2026-01-12 19:01:18,211 - INFO: Validation ROC-AUC: 0.646823
2026-01-12 19:01:44,834 - INFO: Evaluating at iteration 20293
2026-01-12 19:01:45,309 - INFO: Loss: 0.297863
2026-01-12 19:01:45,309 - INFO: Training ROC-AUC: 0.844444
2026-01-12 19:01:45,310 - INFO: Validation ROC-AUC: 0.647130
2026-01-12 19:02:12,018 - INFO: Evaluating at iteration 20793
2026-01-12 19:02:12,483 - INFO: Loss: 0.233263
2026-01-12 19:02:12,483 - INFO: Training ROC-AUC: 0.977143
2026-01-12 19:02:12,483 - INFO: Validation ROC-AUC: 0.649088
2026-01-12 19:02:39,026 - INFO: Evaluating at iteration 21293
2026-01-12 19:02:39,472 - INFO: Loss: 0.461403
2026-01-12 19:02:39,472 - INFO: Training ROC-AUC: 0.786458
2026-01-12 19:02:39,472 - INFO: Validation ROC-AUC: 0.649601
2026-01-12 19:03:06,099 - INFO: Evaluating at iteration 21793
2026-01-12 19:03:06,585 - INFO: Loss: 0.229855
2026-01-12 19:03:06,585 - INFO: Training ROC-AUC: 0.873563
2026-01-12 19:03:06,585 - INFO: Validation ROC-AUC: 0.646285
2026-01-12 19:03:31,828 - INFO: Starting epoch 10
2026-01-12 19:03:31,885 - INFO: Evaluating at iteration 22267
2026-01-12 19:03:32,335 - INFO: Loss: 0.473793
2026-01-12 19:03:32,335 - INFO: Training ROC-AUC: 0.725714
2026-01-12 19:03:32,335 - INFO: Validation ROC-AUC: 0.649490
2026-01-12 19:03:59,043 - INFO: Evaluating at iteration 22767
2026-01-12 19:03:59,528 - INFO: Loss: 0.361261
2026-01-12 19:03:59,528 - INFO: Training ROC-AUC: 0.678571
2026-01-12 19:03:59,528 - INFO: Validation ROC-AUC: 0.651847
2026-01-12 19:04:26,202 - INFO: Evaluating at iteration 23267
2026-01-12 19:04:26,649 - INFO: Loss: 0.211909
2026-01-12 19:04:26,649 - INFO: Training ROC-AUC: 0.985185
2026-01-12 19:04:26,649 - INFO: Validation ROC-AUC: 0.650184
2026-01-12 19:04:53,335 - INFO: Evaluating at iteration 23767
2026-01-12 19:04:53,789 - INFO: Loss: 0.329775
2026-01-12 19:04:53,789 - INFO: Training ROC-AUC: 0.852564
2026-01-12 19:04:53,789 - INFO: Validation ROC-AUC: 0.650267
2026-01-12 19:05:20,525 - INFO: Evaluating at iteration 24267
2026-01-12 19:05:20,974 - INFO: Loss: 0.288387
2026-01-12 19:05:20,974 - INFO: Training ROC-AUC: 0.884615
2026-01-12 19:05:20,974 - INFO: Validation ROC-AUC: 0.650579
2026-01-12 19:05:46,338 - INFO: Starting epoch 11
2026-01-12 19:05:46,391 - INFO: Evaluating at iteration 24741
2026-01-12 19:05:46,838 - INFO: Loss: 0.300769
2026-01-12 19:05:46,838 - INFO: Training ROC-AUC: 0.902857
2026-01-12 19:05:46,838 - INFO: Validation ROC-AUC: 0.650071
2026-01-12 19:06:12,642 - INFO: Evaluating at iteration 25241
2026-01-12 19:06:13,071 - INFO: Loss: 0.255189
2026-01-12 19:06:13,071 - INFO: Training ROC-AUC: 0.967949
2026-01-12 19:06:13,071 - INFO: Validation ROC-AUC: 0.651228
2026-01-12 19:06:38,492 - INFO: Evaluating at iteration 25741
2026-01-12 19:06:38,918 - INFO: Loss: 0.460816
2026-01-12 19:06:38,918 - INFO: Training ROC-AUC: 0.592593
2026-01-12 19:06:38,918 - INFO: Validation ROC-AUC: 0.650866
2026-01-12 19:07:04,202 - INFO: Evaluating at iteration 26241
2026-01-12 19:07:04,669 - INFO: Loss: 0.299456
2026-01-12 19:07:04,669 - INFO: Training ROC-AUC: 0.812500
2026-01-12 19:07:04,669 - INFO: Validation ROC-AUC: 0.653851
2026-01-12 19:07:29,856 - INFO: Evaluating at iteration 26741
2026-01-12 19:07:30,281 - INFO: Loss: 0.162661
2026-01-12 19:07:30,282 - INFO: Training ROC-AUC: 0.983333
2026-01-12 19:07:30,282 - INFO: Validation ROC-AUC: 0.653743
2026-01-12 19:07:54,159 - INFO: Starting epoch 12
2026-01-12 19:07:54,211 - INFO: Evaluating at iteration 27215
2026-01-12 19:07:54,651 - INFO: Loss: 0.208592
2026-01-12 19:07:54,651 - INFO: Training ROC-AUC: 0.964286
2026-01-12 19:07:54,651 - INFO: Validation ROC-AUC: 0.653225
2026-01-12 19:08:19,750 - INFO: Evaluating at iteration 27715
2026-01-12 19:08:20,190 - INFO: Loss: 0.233140
2026-01-12 19:08:20,190 - INFO: Training ROC-AUC: 0.896552
2026-01-12 19:08:20,190 - INFO: Validation ROC-AUC: 0.653844
2026-01-12 19:08:45,315 - INFO: Evaluating at iteration 28215
2026-01-12 19:08:45,740 - INFO: Loss: 0.333493
2026-01-12 19:08:45,740 - INFO: Training ROC-AUC: 0.822222
2026-01-12 19:08:45,740 - INFO: Validation ROC-AUC: 0.653215
2026-01-12 19:09:10,928 - INFO: Evaluating at iteration 28715
2026-01-12 19:09:11,383 - INFO: Loss: 0.135880
2026-01-12 19:09:11,383 - INFO: Training ROC-AUC: 1.000000
2026-01-12 19:09:11,383 - INFO: Validation ROC-AUC: 0.654608
2026-01-12 19:09:36,532 - INFO: Evaluating at iteration 29215
2026-01-12 19:09:36,957 - INFO: Loss: 0.295261
2026-01-12 19:09:36,957 - INFO: Training ROC-AUC: 0.937143
2026-01-12 19:09:36,957 - INFO: Validation ROC-AUC: 0.652634
2026-01-12 19:10:00,756 - INFO: Starting epoch 13
2026-01-12 19:10:00,808 - INFO: Evaluating at iteration 29689
2026-01-12 19:10:01,237 - INFO: Loss: 0.203618
2026-01-12 19:10:01,237 - INFO: Training ROC-AUC: 0.933333
2026-01-12 19:10:01,237 - INFO: Validation ROC-AUC: 0.652770
2026-01-12 19:10:28,245 - INFO: Evaluating at iteration 30189
2026-01-12 19:10:28,736 - INFO: Loss: 0.250981
2026-01-12 19:10:28,736 - INFO: Training ROC-AUC: 0.910714
2026-01-12 19:10:28,736 - INFO: Validation ROC-AUC: 0.653554
2026-01-12 19:10:55,966 - INFO: Evaluating at iteration 30689
2026-01-12 19:10:56,417 - INFO: Loss: 0.233881
2026-01-12 19:10:56,417 - INFO: Training ROC-AUC: 0.970370
2026-01-12 19:10:56,417 - INFO: Validation ROC-AUC: 0.653286
2026-01-12 19:11:23,106 - INFO: Evaluating at iteration 31189
2026-01-12 19:11:23,588 - INFO: Loss: 0.442562
2026-01-12 19:11:23,588 - INFO: Training ROC-AUC: 0.679487
2026-01-12 19:11:23,588 - INFO: Validation ROC-AUC: 0.654311
2026-01-12 19:11:50,483 - INFO: Evaluating at iteration 31689
2026-01-12 19:11:50,933 - INFO: Loss: 0.236261
2026-01-12 19:11:50,933 - INFO: Training ROC-AUC: 0.955556
2026-01-12 19:11:50,933 - INFO: Validation ROC-AUC: 0.654584
2026-01-12 19:12:16,309 - INFO: Starting epoch 14
2026-01-12 19:12:16,364 - INFO: Evaluating at iteration 32163
2026-01-12 19:12:16,819 - INFO: Loss: 0.309298
2026-01-12 19:12:16,820 - INFO: Training ROC-AUC: 0.870968
2026-01-12 19:12:16,820 - INFO: Validation ROC-AUC: 0.656242
2026-01-12 19:12:43,667 - INFO: Evaluating at iteration 32663
2026-01-12 19:12:44,155 - INFO: Loss: 0.295497
2026-01-12 19:12:44,155 - INFO: Training ROC-AUC: 0.929487
2026-01-12 19:12:44,155 - INFO: Validation ROC-AUC: 0.659282
2026-01-12 19:13:11,030 - INFO: Evaluating at iteration 33163
2026-01-12 19:13:11,478 - INFO: Loss: 0.258490
2026-01-12 19:13:11,478 - INFO: Training ROC-AUC: 0.942308
2026-01-12 19:13:11,478 - INFO: Validation ROC-AUC: 0.659379
2026-01-12 19:13:38,389 - INFO: Evaluating at iteration 33663
2026-01-12 19:13:38,873 - INFO: Loss: 0.176686
2026-01-12 19:13:38,873 - INFO: Training ROC-AUC: 0.954023
2026-01-12 19:13:38,873 - INFO: Validation ROC-AUC: 0.655906
2026-01-12 19:14:05,761 - INFO: Evaluating at iteration 34163
2026-01-12 19:14:06,210 - INFO: Loss: 0.296320
2026-01-12 19:14:06,210 - INFO: Training ROC-AUC: 0.865385
2026-01-12 19:14:06,210 - INFO: Validation ROC-AUC: 0.661659
2026-01-12 19:14:31,642 - INFO: Starting epoch 15
2026-01-12 19:14:31,698 - INFO: Evaluating at iteration 34637
2026-01-12 19:14:32,168 - INFO: Loss: 0.192508
2026-01-12 19:14:32,169 - INFO: Training ROC-AUC: 0.977778
2026-01-12 19:14:32,169 - INFO: Validation ROC-AUC: 0.659957
2026-01-12 19:14:59,009 - INFO: Evaluating at iteration 35137
2026-01-12 19:14:59,470 - INFO: Loss: 0.380668
2026-01-12 19:14:59,470 - INFO: Training ROC-AUC: 0.705357
2026-01-12 19:14:59,470 - INFO: Validation ROC-AUC: 0.660748
2026-01-12 19:15:26,382 - INFO: Evaluating at iteration 35637
2026-01-12 19:15:26,852 - INFO: Loss: 0.281705
2026-01-12 19:15:26,852 - INFO: Training ROC-AUC: 0.955556
2026-01-12 19:15:26,852 - INFO: Validation ROC-AUC: 0.658934
2026-01-12 19:15:53,846 - INFO: Evaluating at iteration 36137
2026-01-12 19:15:54,316 - INFO: Loss: 0.212899
2026-01-12 19:15:54,316 - INFO: Training ROC-AUC: 0.908046
2026-01-12 19:15:54,316 - INFO: Validation ROC-AUC: 0.659433
2026-01-12 19:16:21,200 - INFO: Evaluating at iteration 36637
2026-01-12 19:16:21,652 - INFO: Loss: 0.251965
2026-01-12 19:16:21,652 - INFO: Training ROC-AUC: 0.874074
2026-01-12 19:16:21,652 - INFO: Validation ROC-AUC: 0.659578
2026-01-12 19:16:47,202 - INFO: Starting epoch 16
2026-01-12 19:16:47,258 - INFO: Evaluating at iteration 37111
2026-01-12 19:16:47,740 - INFO: Loss: 0.270058
2026-01-12 19:16:47,740 - INFO: Training ROC-AUC: 0.911111
2026-01-12 19:16:47,740 - INFO: Validation ROC-AUC: 0.660065
2026-01-12 19:17:14,769 - INFO: Evaluating at iteration 37611
2026-01-12 19:17:15,216 - INFO: Loss: 0.205175
2026-01-12 19:17:15,216 - INFO: Training ROC-AUC: 0.873563
2026-01-12 19:17:15,216 - INFO: Validation ROC-AUC: 0.661394
2026-01-12 19:17:42,101 - INFO: Evaluating at iteration 38111
2026-01-12 19:17:42,580 - INFO: Loss: 0.290661
2026-01-12 19:17:42,580 - INFO: Training ROC-AUC: 0.897143
2026-01-12 19:17:42,580 - INFO: Validation ROC-AUC: 0.661264
2026-01-12 19:18:09,532 - INFO: Evaluating at iteration 38611
2026-01-12 19:18:09,980 - INFO: Loss: 0.269081
2026-01-12 19:18:09,980 - INFO: Training ROC-AUC: 0.888889
2026-01-12 19:18:09,980 - INFO: Validation ROC-AUC: 0.665071
2026-01-12 19:18:37,030 - INFO: Evaluating at iteration 39111
2026-01-12 19:18:37,482 - INFO: Loss: 0.417797
2026-01-12 19:18:37,482 - INFO: Training ROC-AUC: 0.891775
2026-01-12 19:18:37,482 - INFO: Validation ROC-AUC: 0.664855
2026-01-12 19:19:03,138 - INFO: Starting epoch 17
2026-01-12 19:19:03,194 - INFO: Evaluating at iteration 39585
2026-01-12 19:19:03,674 - INFO: Loss: 0.200340
2026-01-12 19:19:03,674 - INFO: Training ROC-AUC: 0.994286
2026-01-12 19:19:03,674 - INFO: Validation ROC-AUC: 0.663822
2026-01-12 19:19:30,811 - INFO: Evaluating at iteration 40085
2026-01-12 19:19:31,263 - INFO: Loss: 0.473926
2026-01-12 19:19:31,263 - INFO: Training ROC-AUC: 0.802083
2026-01-12 19:19:31,263 - INFO: Validation ROC-AUC: 0.663872
2026-01-12 19:19:58,456 - INFO: Evaluating at iteration 40585
2026-01-12 19:19:58,936 - INFO: Loss: 0.312954
2026-01-12 19:19:58,936 - INFO: Training ROC-AUC: 0.923077
2026-01-12 19:19:58,936 - INFO: Validation ROC-AUC: 0.662760
2026-01-12 19:20:26,123 - INFO: Evaluating at iteration 41085
2026-01-12 19:20:26,574 - INFO: Loss: 0.191898
2026-01-12 19:20:26,574 - INFO: Training ROC-AUC: 1.000000
2026-01-12 19:20:26,574 - INFO: Validation ROC-AUC: 0.663989
2026-01-12 19:20:53,644 - INFO: Evaluating at iteration 41585
2026-01-12 19:20:54,093 - INFO: Loss: 0.276902
2026-01-12 19:20:54,093 - INFO: Training ROC-AUC: 0.821429
2026-01-12 19:20:54,093 - INFO: Validation ROC-AUC: 0.663350
2026-01-12 19:21:19,910 - INFO: Starting epoch 18
2026-01-12 19:21:19,966 - INFO: Evaluating at iteration 42059
2026-01-12 19:21:20,447 - INFO: Loss: 0.231854
2026-01-12 19:21:20,448 - INFO: Training ROC-AUC: 0.946860
2026-01-12 19:21:20,448 - INFO: Validation ROC-AUC: 0.663995
2026-01-12 19:21:47,639 - INFO: Evaluating at iteration 42559
2026-01-12 19:21:48,093 - INFO: Loss: 0.281108
2026-01-12 19:21:48,094 - INFO: Training ROC-AUC: 0.908571
2026-01-12 19:21:48,094 - INFO: Validation ROC-AUC: 0.666785
2026-01-12 19:22:15,352 - INFO: Evaluating at iteration 43059
2026-01-12 19:22:15,836 - INFO: Loss: 0.159816
2026-01-12 19:22:15,836 - INFO: Training ROC-AUC: 0.977143
2026-01-12 19:22:15,836 - INFO: Validation ROC-AUC: 0.667090
2026-01-12 19:22:42,973 - INFO: Evaluating at iteration 43559
2026-01-12 19:22:43,424 - INFO: Loss: 0.262200
2026-01-12 19:22:43,424 - INFO: Training ROC-AUC: 0.874074
2026-01-12 19:22:43,424 - INFO: Validation ROC-AUC: 0.665667
2026-01-12 19:23:10,576 - INFO: Evaluating at iteration 44059
2026-01-12 19:23:11,021 - INFO: Loss: 0.123302
2026-01-12 19:23:11,021 - INFO: Training ROC-AUC: 1.000000
2026-01-12 19:23:11,021 - INFO: Validation ROC-AUC: 0.665928
2026-01-12 19:23:36,820 - INFO: Starting epoch 19
2026-01-12 19:23:36,878 - INFO: Evaluating at iteration 44533
2026-01-12 19:23:37,364 - INFO: Loss: 0.264181
2026-01-12 19:23:37,365 - INFO: Training ROC-AUC: 0.655172
2026-01-12 19:23:37,365 - INFO: Validation ROC-AUC: 0.664554
2026-01-12 19:24:04,722 - INFO: Evaluating at iteration 45033
2026-01-12 19:24:05,173 - INFO: Loss: 0.298115
2026-01-12 19:24:05,173 - INFO: Training ROC-AUC: 0.923077
2026-01-12 19:24:05,173 - INFO: Validation ROC-AUC: 0.665158
2026-01-12 19:24:32,535 - INFO: Evaluating at iteration 45533
2026-01-12 19:24:33,004 - INFO: Loss: 0.288814
2026-01-12 19:24:33,004 - INFO: Training ROC-AUC: 0.852564
2026-01-12 19:24:33,004 - INFO: Validation ROC-AUC: 0.663669
2026-01-12 19:25:00,463 - INFO: Evaluating at iteration 46033
2026-01-12 19:25:00,943 - INFO: Loss: 0.167785
2026-01-12 19:25:00,946 - INFO: Training ROC-AUC: 0.942529
2026-01-12 19:25:00,947 - INFO: Validation ROC-AUC: 0.664896
2026-01-12 19:25:28,484 - INFO: Evaluating at iteration 46533
2026-01-12 19:25:28,971 - INFO: Loss: 0.285607
2026-01-12 19:25:28,973 - INFO: Training ROC-AUC: 0.776786
2026-01-12 19:25:28,976 - INFO: Validation ROC-AUC: 0.663970
2026-01-12 19:25:55,008 - INFO: Starting epoch 20
2026-01-12 19:25:55,111 - INFO: Evaluating at iteration 47007
2026-01-12 19:25:55,580 - INFO: Loss: 0.292346
2026-01-12 19:25:55,584 - INFO: Training ROC-AUC: 0.903704
2026-01-12 19:25:55,586 - INFO: Validation ROC-AUC: 0.668567
2026-01-12 19:26:23,117 - INFO: Evaluating at iteration 47507
2026-01-12 19:26:23,603 - INFO: Loss: 0.111764
2026-01-12 19:26:23,604 - INFO: Training ROC-AUC: 1.000000
2026-01-12 19:26:23,604 - INFO: Validation ROC-AUC: 0.664397
2026-01-12 19:26:51,223 - INFO: Evaluating at iteration 48007
2026-01-12 19:26:51,709 - INFO: Loss: 0.226327
2026-01-12 19:26:51,709 - INFO: Training ROC-AUC: 0.910714
2026-01-12 19:26:51,709 - INFO: Validation ROC-AUC: 0.669575
2026-01-12 19:27:19,333 - INFO: Evaluating at iteration 48507
2026-01-12 19:27:19,784 - INFO: Loss: 0.256708
2026-01-12 19:27:19,784 - INFO: Training ROC-AUC: 0.816092
2026-01-12 19:27:19,784 - INFO: Validation ROC-AUC: 0.666988
2026-01-12 19:27:47,367 - INFO: Evaluating at iteration 49007
2026-01-12 19:27:47,854 - INFO: Loss: 0.313712
2026-01-12 19:27:47,854 - INFO: Training ROC-AUC: 0.931429
2026-01-12 19:27:47,854 - INFO: Validation ROC-AUC: 0.664666
2026-01-12 19:28:14,028 - INFO: Starting epoch 21
2026-01-12 19:28:14,085 - INFO: Evaluating at iteration 49481
2026-01-12 19:28:14,534 - INFO: Loss: 0.188659
2026-01-12 19:28:14,534 - INFO: Training ROC-AUC: 0.928571
2026-01-12 19:28:14,534 - INFO: Validation ROC-AUC: 0.669695
2026-01-12 19:28:42,193 - INFO: Evaluating at iteration 49981
2026-01-12 19:28:42,644 - INFO: Loss: 0.297740
2026-01-12 19:28:42,645 - INFO: Training ROC-AUC: 0.812500
2026-01-12 19:28:42,645 - INFO: Validation ROC-AUC: 0.670100
2026-01-12 19:29:10,338 - INFO: Evaluating at iteration 50481
2026-01-12 19:29:10,785 - INFO: Loss: 0.345958
2026-01-12 19:29:10,785 - INFO: Training ROC-AUC: 0.800000
2026-01-12 19:29:10,785 - INFO: Validation ROC-AUC: 0.667342
2026-01-12 19:29:38,545 - INFO: Evaluating at iteration 50981
2026-01-12 19:29:39,030 - INFO: Loss: 0.270772
2026-01-12 19:29:39,030 - INFO: Training ROC-AUC: 0.883929
2026-01-12 19:29:39,030 - INFO: Validation ROC-AUC: 0.664021
2026-01-12 19:30:06,702 - INFO: Evaluating at iteration 51481
2026-01-12 19:30:07,153 - INFO: Loss: 0.274823
2026-01-12 19:30:07,153 - INFO: Training ROC-AUC: 0.891026
2026-01-12 19:30:07,153 - INFO: Validation ROC-AUC: 0.663518
2026-01-12 19:30:33,407 - INFO: Starting epoch 22
2026-01-12 19:30:33,465 - INFO: Evaluating at iteration 51955
2026-01-12 19:30:33,937 - INFO: Loss: 0.174203
2026-01-12 19:30:33,937 - INFO: Training ROC-AUC: 0.989583
2026-01-12 19:30:33,937 - INFO: Validation ROC-AUC: 0.671633
2026-01-12 19:31:01,633 - INFO: Evaluating at iteration 52455
2026-01-12 19:31:02,099 - INFO: Loss: 0.318251
2026-01-12 19:31:02,099 - INFO: Training ROC-AUC: 0.735632
2026-01-12 19:31:02,099 - INFO: Validation ROC-AUC: 0.670614
2026-01-12 19:31:29,888 - INFO: Evaluating at iteration 52955
2026-01-12 19:31:30,359 - INFO: Loss: 0.176183
2026-01-12 19:31:30,359 - INFO: Training ROC-AUC: 0.988571
2026-01-12 19:31:30,359 - INFO: Validation ROC-AUC: 0.666145
2026-01-12 19:31:58,263 - INFO: Evaluating at iteration 53455
2026-01-12 19:31:58,726 - INFO: Loss: 0.217965
2026-01-12 19:31:58,726 - INFO: Training ROC-AUC: 0.961538
2026-01-12 19:31:58,726 - INFO: Validation ROC-AUC: 0.670299
2026-01-12 19:32:26,479 - INFO: Evaluating at iteration 53955
2026-01-12 19:32:26,928 - INFO: Loss: 0.324784
2026-01-12 19:32:26,928 - INFO: Training ROC-AUC: 0.908213
2026-01-12 19:32:26,928 - INFO: Validation ROC-AUC: 0.671217
2026-01-12 19:32:53,245 - INFO: Starting epoch 23
2026-01-12 19:32:53,303 - INFO: Evaluating at iteration 54429
2026-01-12 19:32:53,788 - INFO: Loss: 0.225621
2026-01-12 19:32:53,789 - INFO: Training ROC-AUC: 0.931429
2026-01-12 19:32:53,789 - INFO: Validation ROC-AUC: 0.667906
2026-01-12 19:33:21,642 - INFO: Evaluating at iteration 54929
2026-01-12 19:33:22,093 - INFO: Loss: 0.316663
2026-01-12 19:33:22,093 - INFO: Training ROC-AUC: 0.851852
2026-01-12 19:33:22,093 - INFO: Validation ROC-AUC: 0.669570
2026-01-12 19:33:49,836 - INFO: Evaluating at iteration 55429
2026-01-12 19:33:50,322 - INFO: Loss: 0.154757
2026-01-12 19:33:50,322 - INFO: Training ROC-AUC: 0.937500
2026-01-12 19:33:50,322 - INFO: Validation ROC-AUC: 0.667297
2026-01-12 19:34:18,168 - INFO: Evaluating at iteration 55929
2026-01-12 19:34:18,620 - INFO: Loss: 0.187055
2026-01-12 19:34:18,620 - INFO: Training ROC-AUC: 0.977778
2026-01-12 19:34:18,620 - INFO: Validation ROC-AUC: 0.668204
2026-01-12 19:34:46,444 - INFO: Evaluating at iteration 56429
2026-01-12 19:34:46,894 - INFO: Loss: 0.162113
2026-01-12 19:34:46,894 - INFO: Training ROC-AUC: 0.937500
2026-01-12 19:34:46,894 - INFO: Validation ROC-AUC: 0.670430
2026-01-12 19:35:13,300 - INFO: Starting epoch 24
2026-01-12 19:35:13,358 - INFO: Evaluating at iteration 56903
2026-01-12 19:35:13,808 - INFO: Loss: 0.177190
2026-01-12 19:35:13,808 - INFO: Training ROC-AUC: 0.977011
2026-01-12 19:35:13,808 - INFO: Validation ROC-AUC: 0.673069
2026-01-12 19:35:41,686 - INFO: Evaluating at iteration 57403
2026-01-12 19:35:42,136 - INFO: Loss: 0.240019
2026-01-12 19:35:42,136 - INFO: Training ROC-AUC: 0.931429
2026-01-12 19:35:42,136 - INFO: Validation ROC-AUC: 0.670498
2026-01-12 19:36:09,917 - INFO: Evaluating at iteration 57903
2026-01-12 19:36:10,368 - INFO: Loss: 0.414628
2026-01-12 19:36:10,368 - INFO: Training ROC-AUC: 0.839744
2026-01-12 19:36:10,368 - INFO: Validation ROC-AUC: 0.670877
2026-01-12 19:36:38,264 - INFO: Evaluating at iteration 58403
2026-01-12 19:36:38,748 - INFO: Loss: 0.275016
2026-01-12 19:36:38,748 - INFO: Training ROC-AUC: 0.903704
2026-01-12 19:36:38,748 - INFO: Validation ROC-AUC: 0.668830
2026-01-12 19:37:06,702 - INFO: Evaluating at iteration 58903
2026-01-12 19:37:07,153 - INFO: Loss: 0.239214
2026-01-12 19:37:07,154 - INFO: Training ROC-AUC: 0.948148
2026-01-12 19:37:07,154 - INFO: Validation ROC-AUC: 0.671779
2026-01-12 19:37:33,645 - INFO: Starting epoch 25
2026-01-12 19:37:33,704 - INFO: Evaluating at iteration 59377
2026-01-12 19:37:34,189 - INFO: Loss: 0.117770
2026-01-12 19:37:34,189 - INFO: Training ROC-AUC: 1.000000
2026-01-12 19:37:34,190 - INFO: Validation ROC-AUC: 0.672661
2026-01-12 19:38:02,116 - INFO: Evaluating at iteration 59877
2026-01-12 19:38:02,569 - INFO: Loss: 0.241500
2026-01-12 19:38:02,569 - INFO: Training ROC-AUC: 0.892857
2026-01-12 19:38:02,570 - INFO: Validation ROC-AUC: 0.673689
2026-01-12 19:38:30,536 - INFO: Evaluating at iteration 60377
2026-01-12 19:38:31,017 - INFO: Loss: 0.215560
2026-01-12 19:38:31,017 - INFO: Training ROC-AUC: 0.885057
2026-01-12 19:38:31,017 - INFO: Validation ROC-AUC: 0.673777
2026-01-12 19:38:59,126 - INFO: Evaluating at iteration 60877
2026-01-12 19:38:59,576 - INFO: Loss: 0.192588
2026-01-12 19:38:59,576 - INFO: Training ROC-AUC: 0.948148
2026-01-12 19:38:59,576 - INFO: Validation ROC-AUC: 0.670756
2026-01-12 19:39:27,636 - INFO: Evaluating at iteration 61377
2026-01-12 19:39:28,106 - INFO: Loss: 0.286483
2026-01-12 19:39:28,106 - INFO: Training ROC-AUC: 0.884615
2026-01-12 19:39:28,106 - INFO: Validation ROC-AUC: 0.674000
2026-01-12 19:39:54,593 - INFO: Saving model to models/TCRStructMap_pMHC_split/model_5.pt
