2026-07-27 18:40:57,333 - INFO: Parameter: seed=123
2026-07-27 18:40:57,333 - INFO: Parameter: training_data='data/processed/sequences_right_pad_blosum_random_split.h5'
2026-07-27 18:40:57,334 - INFO: Parameter: output='models/NetTCR_random_split'
2026-07-27 18:40:57,334 - INFO: Parameter: embedding_dim_size=20
2026-07-27 18:40:57,334 - INFO: Parameter: batch_size=32
2026-07-27 18:40:57,334 - INFO: Parameter: num_epochs=25
2026-07-27 18:40:57,334 - INFO: Parameter: learning_rate=0.001
2026-07-27 18:40:57,334 - INFO: Parameter: dropout_rate=0.6
2026-07-27 18:40:57,334 - INFO: Parameter: checkpoint_interval=1000
2026-07-27 18:40:57,334 - INFO: Parameter: eval_interval=500
2026-07-27 18:40:57,334 - INFO: Parameter: eval_batch_size=1000
2026-07-27 18:40:57,334 - INFO: Parameter: log_level='info'
2026-07-27 18:40:57,334 - INFO: Parameter: log_file='data/logs/train_NetTCR_random_split.log'
2026-07-27 18:40:57,334 - INFO: Setting random seed to 123
2026-07-27 18:40:57,426 - INFO: Loading training data from data/processed/sequences_right_pad_blosum_random_split.h5
2026-07-27 18:41:00,467 - INFO: Creating models/NetTCR_random_split
2026-07-27 18:41:00,469 - INFO: Starting fold 1
2026-07-27 18:41:00,471 - INFO: Initialising model
2026-07-27 18:41:30,506 - INFO: Starting training
2026-07-27 18:41:30,506 - INFO: Starting epoch 1
2026-07-27 18:41:31,624 - INFO: Evaluating at iteration 1
2026-07-27 18:41:33,411 - INFO: Loss: 0.876908
2026-07-27 18:41:33,412 - INFO: Training ROC-AUC: 0.538462
2026-07-27 18:41:33,412 - INFO: Validation ROC-AUC: 0.502227
2026-07-27 18:41:47,839 - INFO: Evaluating at iteration 501
2026-07-27 18:41:49,632 - INFO: Loss: 0.434279
2026-07-27 18:41:49,632 - INFO: Training ROC-AUC: 0.281481
2026-07-27 18:41:49,632 - INFO: Validation ROC-AUC: 0.505271
2026-07-27 18:42:04,000 - INFO: Evaluating at iteration 1001
2026-07-27 18:42:05,817 - INFO: Loss: 0.434148
2026-07-27 18:42:05,818 - INFO: Training ROC-AUC: 0.511111
2026-07-27 18:42:05,818 - INFO: Validation ROC-AUC: 0.505996
2026-07-27 18:42:20,299 - INFO: Evaluating at iteration 1501
2026-07-27 18:42:22,029 - INFO: Loss: 0.531042
2026-07-27 18:42:22,029 - INFO: Training ROC-AUC: 0.548571
2026-07-27 18:42:22,029 - INFO: Validation ROC-AUC: 0.501448
2026-07-27 18:42:36,525 - INFO: Evaluating at iteration 2001
2026-07-27 18:42:38,266 - INFO: Loss: 0.433880
2026-07-27 18:42:38,266 - INFO: Training ROC-AUC: 0.177778
2026-07-27 18:42:38,266 - INFO: Validation ROC-AUC: 0.501245
2026-07-27 18:42:40,949 - INFO: Starting epoch 2
2026-07-27 18:42:40,979 - INFO: Evaluating at iteration 2095
2026-07-27 18:42:42,682 - INFO: Loss: 0.484864
2026-07-27 18:42:42,682 - INFO: Training ROC-AUC: 0.519231
2026-07-27 18:42:42,682 - INFO: Validation ROC-AUC: 0.501572
2026-07-27 18:42:57,164 - INFO: Evaluating at iteration 2595
2026-07-27 18:42:58,920 - INFO: Loss: 0.578559
2026-07-27 18:42:58,920 - INFO: Training ROC-AUC: 0.588542
2026-07-27 18:42:58,920 - INFO: Validation ROC-AUC: 0.500252
2026-07-27 18:43:13,454 - INFO: Evaluating at iteration 3095
2026-07-27 18:43:15,187 - INFO: Loss: 0.342552
2026-07-27 18:43:15,187 - INFO: Training ROC-AUC: 0.586207
2026-07-27 18:43:15,187 - INFO: Validation ROC-AUC: 0.500340
2026-07-27 18:43:29,810 - INFO: Evaluating at iteration 3595
2026-07-27 18:43:31,509 - INFO: Loss: 0.331657
2026-07-27 18:43:31,509 - INFO: Training ROC-AUC: 0.390805
2026-07-27 18:43:31,509 - INFO: Validation ROC-AUC: 0.499467
2026-07-27 18:43:45,968 - INFO: Evaluating at iteration 4095
2026-07-27 18:43:47,695 - INFO: Loss: 0.484625
2026-07-27 18:43:47,695 - INFO: Training ROC-AUC: 0.621795
2026-07-27 18:43:47,695 - INFO: Validation ROC-AUC: 0.491570
2026-07-27 18:43:50,480 - INFO: Starting epoch 3
2026-07-27 18:43:50,511 - INFO: Evaluating at iteration 4189
2026-07-27 18:43:52,211 - INFO: Loss: 0.435708
2026-07-27 18:43:52,211 - INFO: Training ROC-AUC: 0.474074
2026-07-27 18:43:52,211 - INFO: Validation ROC-AUC: 0.491632
2026-07-27 18:44:06,824 - INFO: Evaluating at iteration 4689
2026-07-27 18:44:08,540 - INFO: Loss: 0.542808
2026-07-27 18:44:08,540 - INFO: Training ROC-AUC: 0.600000
2026-07-27 18:44:08,540 - INFO: Validation ROC-AUC: 0.489776
2026-07-27 18:44:22,976 - INFO: Evaluating at iteration 5189
2026-07-27 18:44:24,748 - INFO: Loss: 0.282824
2026-07-27 18:44:24,748 - INFO: Training ROC-AUC: 0.200000
2026-07-27 18:44:24,748 - INFO: Validation ROC-AUC: 0.474219
2026-07-27 18:44:39,068 - INFO: Evaluating at iteration 5689
2026-07-27 18:44:40,707 - INFO: Loss: 0.158730
2026-07-27 18:44:40,707 - INFO: Training ROC-AUC: 1.000000
2026-07-27 18:44:40,707 - INFO: Validation ROC-AUC: 0.539298
2026-07-27 18:44:55,067 - INFO: Evaluating at iteration 6189
2026-07-27 18:44:56,700 - INFO: Loss: 0.271792
2026-07-27 18:44:56,700 - INFO: Training ROC-AUC: 0.316667
2026-07-27 18:44:56,700 - INFO: Validation ROC-AUC: 0.542064
2026-07-27 18:44:59,403 - INFO: Starting epoch 4
2026-07-27 18:44:59,433 - INFO: Evaluating at iteration 6283
2026-07-27 18:45:01,066 - INFO: Loss: 0.332588
2026-07-27 18:45:01,066 - INFO: Training ROC-AUC: 0.705357
2026-07-27 18:45:01,066 - INFO: Validation ROC-AUC: 0.533293
2026-07-27 18:45:15,684 - INFO: Evaluating at iteration 6783
2026-07-27 18:45:17,314 - INFO: Loss: 0.265074
2026-07-27 18:45:17,314 - INFO: Training ROC-AUC: 0.666667
2026-07-27 18:45:17,314 - INFO: Validation ROC-AUC: 0.536955
2026-07-27 18:45:32,111 - INFO: Evaluating at iteration 7283
2026-07-27 18:45:33,719 - INFO: Loss: 0.470860
2026-07-27 18:45:33,719 - INFO: Training ROC-AUC: 0.671429
2026-07-27 18:45:33,719 - INFO: Validation ROC-AUC: 0.544284
2026-07-27 18:45:48,207 - INFO: Evaluating at iteration 7783
2026-07-27 18:45:49,863 - INFO: Loss: 0.272377
2026-07-27 18:45:49,863 - INFO: Training ROC-AUC: 0.516667
2026-07-27 18:45:49,863 - INFO: Validation ROC-AUC: 0.549296
2026-07-27 18:46:04,301 - INFO: Evaluating at iteration 8283
2026-07-27 18:46:05,938 - INFO: Loss: 0.476443
2026-07-27 18:46:05,938 - INFO: Training ROC-AUC: 0.503205
2026-07-27 18:46:05,938 - INFO: Validation ROC-AUC: 0.547254
2026-07-27 18:46:08,644 - INFO: Starting epoch 5
2026-07-27 18:46:08,673 - INFO: Evaluating at iteration 8377
2026-07-27 18:46:10,264 - INFO: Loss: 0.492979
2026-07-27 18:46:10,265 - INFO: Training ROC-AUC: 0.467949
2026-07-27 18:46:10,265 - INFO: Validation ROC-AUC: 0.554950
2026-07-27 18:46:24,783 - INFO: Evaluating at iteration 8877
2026-07-27 18:46:26,375 - INFO: Loss: 0.363419
2026-07-27 18:46:26,375 - INFO: Training ROC-AUC: 0.711429
2026-07-27 18:46:26,375 - INFO: Validation ROC-AUC: 0.554627
2026-07-27 18:46:40,871 - INFO: Evaluating at iteration 9377
2026-07-27 18:46:42,496 - INFO: Loss: 0.426018
2026-07-27 18:46:42,496 - INFO: Training ROC-AUC: 0.592593
2026-07-27 18:46:42,496 - INFO: Validation ROC-AUC: 0.548457
2026-07-27 18:46:57,169 - INFO: Evaluating at iteration 9877
2026-07-27 18:46:58,769 - INFO: Loss: 0.525144
2026-07-27 18:46:58,769 - INFO: Training ROC-AUC: 0.583333
2026-07-27 18:46:58,769 - INFO: Validation ROC-AUC: 0.553968
2026-07-27 18:47:13,391 - INFO: Evaluating at iteration 10377
2026-07-27 18:47:14,996 - INFO: Loss: 0.471172
2026-07-27 18:47:14,996 - INFO: Training ROC-AUC: 0.602564
2026-07-27 18:47:14,996 - INFO: Validation ROC-AUC: 0.545009
2026-07-27 18:47:17,701 - INFO: Starting epoch 6
2026-07-27 18:47:17,734 - INFO: Evaluating at iteration 10471
2026-07-27 18:47:19,390 - INFO: Loss: 0.474009
2026-07-27 18:47:19,390 - INFO: Training ROC-AUC: 0.608974
2026-07-27 18:47:19,390 - INFO: Validation ROC-AUC: 0.549767
2026-07-27 18:47:34,031 - INFO: Evaluating at iteration 10971
2026-07-27 18:47:35,723 - INFO: Loss: 0.258503
2026-07-27 18:47:35,723 - INFO: Training ROC-AUC: 0.650000
2026-07-27 18:47:35,723 - INFO: Validation ROC-AUC: 0.562669
2026-07-27 18:47:50,289 - INFO: Evaluating at iteration 11471
2026-07-27 18:47:51,910 - INFO: Loss: 0.415272
2026-07-27 18:47:51,910 - INFO: Training ROC-AUC: 0.663462
2026-07-27 18:47:51,910 - INFO: Validation ROC-AUC: 0.573333
2026-07-27 18:48:06,519 - INFO: Evaluating at iteration 11971
2026-07-27 18:48:08,132 - INFO: Loss: 0.431369
2026-07-27 18:48:08,132 - INFO: Training ROC-AUC: 0.602564
2026-07-27 18:48:08,132 - INFO: Validation ROC-AUC: 0.578905
2026-07-27 18:48:22,704 - INFO: Evaluating at iteration 12471
2026-07-27 18:48:24,299 - INFO: Loss: 0.364509
2026-07-27 18:48:24,299 - INFO: Training ROC-AUC: 0.644444
2026-07-27 18:48:24,299 - INFO: Validation ROC-AUC: 0.568897
2026-07-27 18:48:27,010 - INFO: Starting epoch 7
2026-07-27 18:48:27,040 - INFO: Evaluating at iteration 12565
2026-07-27 18:48:28,621 - INFO: Loss: 0.223074
2026-07-27 18:48:28,622 - INFO: Training ROC-AUC: 0.844828
2026-07-27 18:48:28,622 - INFO: Validation ROC-AUC: 0.574306
2026-07-27 18:48:43,243 - INFO: Evaluating at iteration 13065
2026-07-27 18:48:44,867 - INFO: Loss: 0.329287
2026-07-27 18:48:44,867 - INFO: Training ROC-AUC: 0.500000
2026-07-27 18:48:44,867 - INFO: Validation ROC-AUC: 0.571797
2026-07-27 18:48:59,486 - INFO: Evaluating at iteration 13565
2026-07-27 18:49:01,080 - INFO: Loss: 0.479486
2026-07-27 18:49:01,080 - INFO: Training ROC-AUC: 0.500000
2026-07-27 18:49:01,080 - INFO: Validation ROC-AUC: 0.577280
2026-07-27 18:49:15,873 - INFO: Evaluating at iteration 14065
2026-07-27 18:49:17,474 - INFO: Loss: 0.366396
2026-07-27 18:49:17,474 - INFO: Training ROC-AUC: 0.571429
2026-07-27 18:49:17,474 - INFO: Validation ROC-AUC: 0.586124
2026-07-27 18:49:32,139 - INFO: Evaluating at iteration 14565
2026-07-27 18:49:33,762 - INFO: Loss: 0.570029
2026-07-27 18:49:33,763 - INFO: Training ROC-AUC: 0.604167
2026-07-27 18:49:33,763 - INFO: Validation ROC-AUC: 0.574335
2026-07-27 18:49:36,594 - INFO: Starting epoch 8
2026-07-27 18:49:36,623 - INFO: Evaluating at iteration 14659
2026-07-27 18:49:38,214 - INFO: Loss: 0.373385
2026-07-27 18:49:38,214 - INFO: Training ROC-AUC: 0.548148
2026-07-27 18:49:38,214 - INFO: Validation ROC-AUC: 0.584423
2026-07-27 18:49:52,848 - INFO: Evaluating at iteration 15159
2026-07-27 18:49:54,424 - INFO: Loss: 0.420331
2026-07-27 18:49:54,424 - INFO: Training ROC-AUC: 0.599359
2026-07-27 18:49:54,424 - INFO: Validation ROC-AUC: 0.587224
2026-07-27 18:50:09,033 - INFO: Evaluating at iteration 15659
2026-07-27 18:50:10,650 - INFO: Loss: 0.255931
2026-07-27 18:50:10,650 - INFO: Training ROC-AUC: 0.776786
2026-07-27 18:50:10,650 - INFO: Validation ROC-AUC: 0.585953
2026-07-27 18:50:25,869 - INFO: Evaluating at iteration 16159
2026-07-27 18:50:27,508 - INFO: Loss: 0.531938
2026-07-27 18:50:27,508 - INFO: Training ROC-AUC: 0.480000
2026-07-27 18:50:27,508 - INFO: Validation ROC-AUC: 0.576948
2026-07-27 18:50:42,165 - INFO: Evaluating at iteration 16659
2026-07-27 18:50:43,749 - INFO: Loss: 0.460286
2026-07-27 18:50:43,750 - INFO: Training ROC-AUC: 0.710145
2026-07-27 18:50:43,750 - INFO: Validation ROC-AUC: 0.583359
2026-07-27 18:50:46,473 - INFO: Starting epoch 9
2026-07-27 18:50:46,503 - INFO: Evaluating at iteration 16753
2026-07-27 18:50:48,094 - INFO: Loss: 0.435721
2026-07-27 18:50:48,094 - INFO: Training ROC-AUC: 0.657143
2026-07-27 18:50:48,094 - INFO: Validation ROC-AUC: 0.587249
2026-07-27 18:51:02,797 - INFO: Evaluating at iteration 17253
2026-07-27 18:51:04,425 - INFO: Loss: 0.549891
2026-07-27 18:51:04,425 - INFO: Training ROC-AUC: 0.339744
2026-07-27 18:51:04,425 - INFO: Validation ROC-AUC: 0.584950
2026-07-27 18:51:19,191 - INFO: Evaluating at iteration 17753
2026-07-27 18:51:20,871 - INFO: Loss: 0.478046
2026-07-27 18:51:20,871 - INFO: Training ROC-AUC: 0.560897
2026-07-27 18:51:20,871 - INFO: Validation ROC-AUC: 0.584807
2026-07-27 18:51:35,670 - INFO: Evaluating at iteration 18253
2026-07-27 18:51:37,284 - INFO: Loss: 0.484440
2026-07-27 18:51:37,284 - INFO: Training ROC-AUC: 0.403846
2026-07-27 18:51:37,285 - INFO: Validation ROC-AUC: 0.584186
2026-07-27 18:51:52,175 - INFO: Evaluating at iteration 18753
2026-07-27 18:51:53,765 - INFO: Loss: 0.371692
2026-07-27 18:51:53,765 - INFO: Training ROC-AUC: 0.464286
2026-07-27 18:51:53,765 - INFO: Validation ROC-AUC: 0.587478
2026-07-27 18:51:56,508 - INFO: Starting epoch 10
2026-07-27 18:51:56,538 - INFO: Evaluating at iteration 18847
2026-07-27 18:51:58,151 - INFO: Loss: 0.481506
2026-07-27 18:51:58,151 - INFO: Training ROC-AUC: 0.516026
2026-07-27 18:51:58,151 - INFO: Validation ROC-AUC: 0.580976
2026-07-27 18:52:12,994 - INFO: Evaluating at iteration 19347
2026-07-27 18:52:14,589 - INFO: Loss: 0.260771
2026-07-27 18:52:14,589 - INFO: Training ROC-AUC: 0.550000
2026-07-27 18:52:14,589 - INFO: Validation ROC-AUC: 0.587808
2026-07-27 18:52:29,382 - INFO: Evaluating at iteration 19847
2026-07-27 18:52:31,007 - INFO: Loss: 0.549779
2026-07-27 18:52:31,007 - INFO: Training ROC-AUC: 0.531250
2026-07-27 18:52:31,007 - INFO: Validation ROC-AUC: 0.583160
2026-07-27 18:52:45,944 - INFO: Evaluating at iteration 20347
2026-07-27 18:52:47,571 - INFO: Loss: 0.526167
2026-07-27 18:52:47,571 - INFO: Training ROC-AUC: 0.555556
2026-07-27 18:52:47,571 - INFO: Validation ROC-AUC: 0.587840
2026-07-27 18:53:02,460 - INFO: Evaluating at iteration 20847
2026-07-27 18:53:04,054 - INFO: Loss: 0.320085
2026-07-27 18:53:04,054 - INFO: Training ROC-AUC: 0.551724
2026-07-27 18:53:04,054 - INFO: Validation ROC-AUC: 0.588488
2026-07-27 18:53:06,988 - INFO: Starting epoch 11
2026-07-27 18:53:07,019 - INFO: Evaluating at iteration 20941
2026-07-27 18:53:08,641 - INFO: Loss: 0.272204
2026-07-27 18:53:08,641 - INFO: Training ROC-AUC: 0.689655
2026-07-27 18:53:08,641 - INFO: Validation ROC-AUC: 0.587591
2026-07-27 18:53:23,598 - INFO: Evaluating at iteration 21441
2026-07-27 18:53:25,221 - INFO: Loss: 0.478190
2026-07-27 18:53:25,221 - INFO: Training ROC-AUC: 0.538462
2026-07-27 18:53:25,221 - INFO: Validation ROC-AUC: 0.585554
2026-07-27 18:53:40,178 - INFO: Evaluating at iteration 21941
2026-07-27 18:53:41,817 - INFO: Loss: 0.249391
2026-07-27 18:53:41,817 - INFO: Training ROC-AUC: 0.794643
2026-07-27 18:53:41,817 - INFO: Validation ROC-AUC: 0.587630
2026-07-27 18:53:56,865 - INFO: Evaluating at iteration 22441
2026-07-27 18:53:58,488 - INFO: Loss: 0.276658
2026-07-27 18:53:58,488 - INFO: Training ROC-AUC: 0.533333
2026-07-27 18:53:58,488 - INFO: Validation ROC-AUC: 0.588564
2026-07-27 18:54:13,571 - INFO: Evaluating at iteration 22941
2026-07-27 18:54:15,195 - INFO: Loss: 0.471997
2026-07-27 18:54:15,195 - INFO: Training ROC-AUC: 0.640625
2026-07-27 18:54:15,195 - INFO: Validation ROC-AUC: 0.586023
2026-07-27 18:54:17,983 - INFO: Starting epoch 12
2026-07-27 18:54:18,015 - INFO: Evaluating at iteration 23035
2026-07-27 18:54:19,764 - INFO: Loss: 0.180730
2026-07-27 18:54:19,764 - INFO: Training ROC-AUC: 1.000000
2026-07-27 18:54:19,765 - INFO: Validation ROC-AUC: 0.586903
2026-07-27 18:54:35,055 - INFO: Evaluating at iteration 23535
2026-07-27 18:54:36,675 - INFO: Loss: 0.532965
2026-07-27 18:54:36,676 - INFO: Training ROC-AUC: 0.580000
2026-07-27 18:54:36,676 - INFO: Validation ROC-AUC: 0.589678
2026-07-27 18:54:51,646 - INFO: Evaluating at iteration 24035
2026-07-27 18:54:53,289 - INFO: Loss: 0.157748
2026-07-27 18:54:53,289 - INFO: Training ROC-AUC: 1.000000
2026-07-27 18:54:53,289 - INFO: Validation ROC-AUC: 0.590671
2026-07-27 18:55:08,428 - INFO: Evaluating at iteration 24535
2026-07-27 18:55:10,018 - INFO: Loss: 0.376542
2026-07-27 18:55:10,018 - INFO: Training ROC-AUC: 0.562963
2026-07-27 18:55:10,018 - INFO: Validation ROC-AUC: 0.588320
2026-07-27 18:55:25,432 - INFO: Evaluating at iteration 25035
2026-07-27 18:55:27,010 - INFO: Loss: 0.483070
2026-07-27 18:55:27,011 - INFO: Training ROC-AUC: 0.557143
2026-07-27 18:55:27,011 - INFO: Validation ROC-AUC: 0.592969
2026-07-27 18:55:29,785 - INFO: Starting epoch 13
2026-07-27 18:55:29,816 - INFO: Evaluating at iteration 25129
2026-07-27 18:55:31,436 - INFO: Loss: 0.486548
2026-07-27 18:55:31,436 - INFO: Training ROC-AUC: 0.403846
2026-07-27 18:55:31,436 - INFO: Validation ROC-AUC: 0.588924
2026-07-27 18:55:46,441 - INFO: Evaluating at iteration 25629
2026-07-27 18:55:48,034 - INFO: Loss: 0.724935
2026-07-27 18:55:48,034 - INFO: Training ROC-AUC: 0.510823
2026-07-27 18:55:48,034 - INFO: Validation ROC-AUC: 0.587985
2026-07-27 18:56:03,072 - INFO: Evaluating at iteration 26129
2026-07-27 18:56:04,720 - INFO: Loss: 0.624488
2026-07-27 18:56:04,720 - INFO: Training ROC-AUC: 0.519324
2026-07-27 18:56:04,720 - INFO: Validation ROC-AUC: 0.589277
2026-07-27 18:56:19,806 - INFO: Evaluating at iteration 26629
2026-07-27 18:56:21,446 - INFO: Loss: 0.308383
2026-07-27 18:56:21,446 - INFO: Training ROC-AUC: 0.603448
2026-07-27 18:56:21,446 - INFO: Validation ROC-AUC: 0.588315
2026-07-27 18:56:36,540 - INFO: Evaluating at iteration 27129
2026-07-27 18:56:38,135 - INFO: Loss: 0.636811
2026-07-27 18:56:38,135 - INFO: Training ROC-AUC: 0.565217
2026-07-27 18:56:38,135 - INFO: Validation ROC-AUC: 0.589257
2026-07-27 18:56:40,956 - INFO: Starting epoch 14
2026-07-27 18:56:40,987 - INFO: Evaluating at iteration 27223
2026-07-27 18:56:42,558 - INFO: Loss: 0.466667
2026-07-27 18:56:42,558 - INFO: Training ROC-AUC: 0.634615
2026-07-27 18:56:42,558 - INFO: Validation ROC-AUC: 0.589398
2026-07-27 18:56:57,722 - INFO: Evaluating at iteration 27723
2026-07-27 18:56:59,297 - INFO: Loss: 0.484971
2026-07-27 18:56:59,297 - INFO: Training ROC-AUC: 0.538462
2026-07-27 18:56:59,297 - INFO: Validation ROC-AUC: 0.589013
2026-07-27 18:57:14,574 - INFO: Evaluating at iteration 28223
2026-07-27 18:57:16,158 - INFO: Loss: 0.530935
2026-07-27 18:57:16,159 - INFO: Training ROC-AUC: 0.520000
2026-07-27 18:57:16,159 - INFO: Validation ROC-AUC: 0.588886
2026-07-27 18:57:31,316 - INFO: Evaluating at iteration 28723
2026-07-27 18:57:32,961 - INFO: Loss: 0.402010
2026-07-27 18:57:32,961 - INFO: Training ROC-AUC: 0.629630
2026-07-27 18:57:32,961 - INFO: Validation ROC-AUC: 0.588628
2026-07-27 18:57:48,110 - INFO: Evaluating at iteration 29223
2026-07-27 18:57:49,750 - INFO: Loss: 0.380235
2026-07-27 18:57:49,751 - INFO: Training ROC-AUC: 0.629630
2026-07-27 18:57:49,751 - INFO: Validation ROC-AUC: 0.589071
2026-07-27 18:57:52,607 - INFO: Starting epoch 15
2026-07-27 18:57:52,638 - INFO: Evaluating at iteration 29317
2026-07-27 18:57:54,254 - INFO: Loss: 0.314096
2026-07-27 18:57:54,254 - INFO: Training ROC-AUC: 0.722222
2026-07-27 18:57:54,254 - INFO: Validation ROC-AUC: 0.589081
2026-07-27 18:58:09,401 - INFO: Evaluating at iteration 29817
2026-07-27 18:58:10,994 - INFO: Loss: 0.327716
2026-07-27 18:58:10,994 - INFO: Training ROC-AUC: 0.413793
2026-07-27 18:58:10,994 - INFO: Validation ROC-AUC: 0.590257
2026-07-27 18:58:26,228 - INFO: Evaluating at iteration 30317
2026-07-27 18:58:27,867 - INFO: Loss: 0.314401
2026-07-27 18:58:27,867 - INFO: Training ROC-AUC: 0.651786
2026-07-27 18:58:27,867 - INFO: Validation ROC-AUC: 0.589272
2026-07-27 18:58:43,060 - INFO: Evaluating at iteration 30817
2026-07-27 18:58:44,680 - INFO: Loss: 0.384014
2026-07-27 18:58:44,680 - INFO: Training ROC-AUC: 0.535714
2026-07-27 18:58:44,680 - INFO: Validation ROC-AUC: 0.589665
2026-07-27 18:58:59,925 - INFO: Evaluating at iteration 31317
2026-07-27 18:59:01,549 - INFO: Loss: 0.375801
2026-07-27 18:59:01,549 - INFO: Training ROC-AUC: 0.477679
2026-07-27 18:59:01,549 - INFO: Validation ROC-AUC: 0.590632
2026-07-27 18:59:04,385 - INFO: Starting epoch 16
2026-07-27 18:59:04,425 - INFO: Evaluating at iteration 31411
2026-07-27 18:59:06,110 - INFO: Loss: 0.278149
2026-07-27 18:59:06,110 - INFO: Training ROC-AUC: 0.550000
2026-07-27 18:59:06,110 - INFO: Validation ROC-AUC: 0.590802
2026-07-27 18:59:21,220 - INFO: Evaluating at iteration 31911
2026-07-27 18:59:22,803 - INFO: Loss: 0.560919
2026-07-27 18:59:22,803 - INFO: Training ROC-AUC: 0.497143
2026-07-27 18:59:22,803 - INFO: Validation ROC-AUC: 0.589719
2026-07-27 18:59:38,017 - INFO: Evaluating at iteration 32411
2026-07-27 18:59:39,601 - INFO: Loss: 0.276923
2026-07-27 18:59:39,601 - INFO: Training ROC-AUC: 0.701149
2026-07-27 18:59:39,601 - INFO: Validation ROC-AUC: 0.592758
2026-07-27 18:59:54,648 - INFO: Evaluating at iteration 32911
2026-07-27 18:59:56,225 - INFO: Loss: 0.413811
2026-07-27 18:59:56,225 - INFO: Training ROC-AUC: 0.599359
2026-07-27 18:59:56,225 - INFO: Validation ROC-AUC: 0.595407
2026-07-27 19:00:11,294 - INFO: Evaluating at iteration 33411
2026-07-27 19:00:12,908 - INFO: Loss: 0.432503
2026-07-27 19:00:12,908 - INFO: Training ROC-AUC: 0.647436
2026-07-27 19:00:12,908 - INFO: Validation ROC-AUC: 0.597277
2026-07-27 19:00:15,689 - INFO: Starting epoch 17
2026-07-27 19:00:15,719 - INFO: Evaluating at iteration 33505
2026-07-27 19:00:17,344 - INFO: Loss: 0.420028
2026-07-27 19:00:17,344 - INFO: Training ROC-AUC: 0.631410
2026-07-27 19:00:17,344 - INFO: Validation ROC-AUC: 0.599793
2026-07-27 19:00:32,377 - INFO: Evaluating at iteration 34005
2026-07-27 19:00:33,989 - INFO: Loss: 0.371161
2026-07-27 19:00:33,989 - INFO: Training ROC-AUC: 0.644444
2026-07-27 19:00:33,989 - INFO: Validation ROC-AUC: 0.597828
2026-07-27 19:00:49,079 - INFO: Evaluating at iteration 34505
2026-07-27 19:00:50,777 - INFO: Loss: 0.622853
2026-07-27 19:00:50,777 - INFO: Training ROC-AUC: 0.672727
2026-07-27 19:00:50,777 - INFO: Validation ROC-AUC: 0.597510
2026-07-27 19:01:05,944 - INFO: Evaluating at iteration 35005
2026-07-27 19:01:07,612 - INFO: Loss: 0.468040
2026-07-27 19:01:07,612 - INFO: Training ROC-AUC: 0.615385
2026-07-27 19:01:07,612 - INFO: Validation ROC-AUC: 0.594977
2026-07-27 19:01:23,028 - INFO: Evaluating at iteration 35505
2026-07-27 19:01:24,622 - INFO: Loss: 0.319320
2026-07-27 19:01:24,622 - INFO: Training ROC-AUC: 0.551724
2026-07-27 19:01:24,622 - INFO: Validation ROC-AUC: 0.599602
2026-07-27 19:01:27,433 - INFO: Starting epoch 18
2026-07-27 19:01:27,468 - INFO: Evaluating at iteration 35599
2026-07-27 19:01:29,076 - INFO: Loss: 0.467880
2026-07-27 19:01:29,076 - INFO: Training ROC-AUC: 0.588571
2026-07-27 19:01:29,076 - INFO: Validation ROC-AUC: 0.597583
2026-07-27 19:01:44,170 - INFO: Evaluating at iteration 36099
2026-07-27 19:01:45,779 - INFO: Loss: 0.465702
2026-07-27 19:01:45,780 - INFO: Training ROC-AUC: 0.596154
2026-07-27 19:01:45,780 - INFO: Validation ROC-AUC: 0.602576
2026-07-27 19:02:00,877 - INFO: Evaluating at iteration 36599
2026-07-27 19:02:02,444 - INFO: Loss: 0.329266
2026-07-27 19:02:02,444 - INFO: Training ROC-AUC: 0.611607
2026-07-27 19:02:02,444 - INFO: Validation ROC-AUC: 0.601394
2026-07-27 19:02:17,544 - INFO: Evaluating at iteration 37099
2026-07-27 19:02:19,115 - INFO: Loss: 0.582208
2026-07-27 19:02:19,115 - INFO: Training ROC-AUC: 0.497143
2026-07-27 19:02:19,115 - INFO: Validation ROC-AUC: 0.599986
2026-07-27 19:02:34,416 - INFO: Evaluating at iteration 37599
2026-07-27 19:02:36,066 - INFO: Loss: 0.357508
2026-07-27 19:02:36,066 - INFO: Training ROC-AUC: 0.674074
2026-07-27 19:02:36,066 - INFO: Validation ROC-AUC: 0.601337
2026-07-27 19:02:38,902 - INFO: Starting epoch 19
2026-07-27 19:02:38,933 - INFO: Evaluating at iteration 37693
2026-07-27 19:02:40,547 - INFO: Loss: 0.263042
2026-07-27 19:02:40,547 - INFO: Training ROC-AUC: 0.633333
2026-07-27 19:02:40,547 - INFO: Validation ROC-AUC: 0.601663
2026-07-27 19:02:55,713 - INFO: Evaluating at iteration 38193
2026-07-27 19:02:57,327 - INFO: Loss: 0.558343
2026-07-27 19:02:57,327 - INFO: Training ROC-AUC: 0.541667
2026-07-27 19:02:57,327 - INFO: Validation ROC-AUC: 0.600205
2026-07-27 19:03:12,512 - INFO: Evaluating at iteration 38693
2026-07-27 19:03:14,125 - INFO: Loss: 0.536853
2026-07-27 19:03:14,125 - INFO: Training ROC-AUC: 0.729469
2026-07-27 19:03:14,125 - INFO: Validation ROC-AUC: 0.605133
2026-07-27 19:03:29,322 - INFO: Evaluating at iteration 39193
2026-07-27 19:03:30,906 - INFO: Loss: 0.466390
2026-07-27 19:03:30,906 - INFO: Training ROC-AUC: 0.615385
2026-07-27 19:03:30,906 - INFO: Validation ROC-AUC: 0.599071
2026-07-27 19:03:46,051 - INFO: Evaluating at iteration 39693
2026-07-27 19:03:47,619 - INFO: Loss: 0.307094
2026-07-27 19:03:47,619 - INFO: Training ROC-AUC: 0.777778
2026-07-27 19:03:47,619 - INFO: Validation ROC-AUC: 0.604861
2026-07-27 19:03:50,538 - INFO: Starting epoch 20
2026-07-27 19:03:50,569 - INFO: Evaluating at iteration 39787
2026-07-27 19:03:52,139 - INFO: Loss: 0.274190
2026-07-27 19:03:52,139 - INFO: Training ROC-AUC: 0.616667
2026-07-27 19:03:52,139 - INFO: Validation ROC-AUC: 0.605141
2026-07-27 19:04:07,388 - INFO: Evaluating at iteration 40287
2026-07-27 19:04:08,989 - INFO: Loss: 0.418997
2026-07-27 19:04:08,989 - INFO: Training ROC-AUC: 0.574074
2026-07-27 19:04:08,989 - INFO: Validation ROC-AUC: 0.602909
2026-07-27 19:04:24,258 - INFO: Evaluating at iteration 40787
2026-07-27 19:04:25,873 - INFO: Loss: 0.398465
2026-07-27 19:04:25,873 - INFO: Training ROC-AUC: 0.629630
2026-07-27 19:04:25,873 - INFO: Validation ROC-AUC: 0.603102
2026-07-27 19:04:41,133 - INFO: Evaluating at iteration 41287
2026-07-27 19:04:42,717 - INFO: Loss: 0.227867
2026-07-27 19:04:42,718 - INFO: Training ROC-AUC: 0.548387
2026-07-27 19:04:42,718 - INFO: Validation ROC-AUC: 0.600838
2026-07-27 19:04:57,963 - INFO: Evaluating at iteration 41787
2026-07-27 19:04:59,556 - INFO: Loss: 0.401280
2026-07-27 19:04:59,556 - INFO: Training ROC-AUC: 0.585185
2026-07-27 19:04:59,556 - INFO: Validation ROC-AUC: 0.601382
2026-07-27 19:05:02,387 - INFO: Starting epoch 21
2026-07-27 19:05:02,417 - INFO: Evaluating at iteration 41881
2026-07-27 19:05:03,987 - INFO: Loss: 0.178015
2026-07-27 19:05:03,987 - INFO: Training ROC-AUC: 0.800000
2026-07-27 19:05:03,987 - INFO: Validation ROC-AUC: 0.601161
2026-07-27 19:05:19,337 - INFO: Evaluating at iteration 42381
2026-07-27 19:05:21,065 - INFO: Loss: 0.400020
2026-07-27 19:05:21,065 - INFO: Training ROC-AUC: 0.609375
2026-07-27 19:05:21,065 - INFO: Validation ROC-AUC: 0.606388
2026-07-27 19:05:36,682 - INFO: Evaluating at iteration 42881
2026-07-27 19:05:38,257 - INFO: Loss: 0.471001
2026-07-27 19:05:38,257 - INFO: Training ROC-AUC: 0.597143
2026-07-27 19:05:38,257 - INFO: Validation ROC-AUC: 0.606361
2026-07-27 19:05:53,537 - INFO: Evaluating at iteration 43381
2026-07-27 19:05:55,151 - INFO: Loss: 0.440556
2026-07-27 19:05:55,151 - INFO: Training ROC-AUC: 0.628205
2026-07-27 19:05:55,151 - INFO: Validation ROC-AUC: 0.609890
2026-07-27 19:06:10,390 - INFO: Evaluating at iteration 43881
2026-07-27 19:06:11,971 - INFO: Loss: 0.351410
2026-07-27 19:06:11,971 - INFO: Training ROC-AUC: 0.688889
2026-07-27 19:06:11,971 - INFO: Validation ROC-AUC: 0.607083
2026-07-27 19:06:14,816 - INFO: Starting epoch 22
2026-07-27 19:06:14,847 - INFO: Evaluating at iteration 43975
2026-07-27 19:06:16,457 - INFO: Loss: 0.610739
2026-07-27 19:06:16,457 - INFO: Training ROC-AUC: 0.631818
2026-07-27 19:06:16,457 - INFO: Validation ROC-AUC: 0.610905
2026-07-27 19:06:31,694 - INFO: Evaluating at iteration 44475
2026-07-27 19:06:33,312 - INFO: Loss: 0.519797
2026-07-27 19:06:33,312 - INFO: Training ROC-AUC: 0.482857
2026-07-27 19:06:33,312 - INFO: Validation ROC-AUC: 0.610993
2026-07-27 19:06:48,595 - INFO: Evaluating at iteration 44975
2026-07-27 19:06:50,291 - INFO: Loss: 0.342076
2026-07-27 19:06:50,291 - INFO: Training ROC-AUC: 0.620690
2026-07-27 19:06:50,292 - INFO: Validation ROC-AUC: 0.614892
2026-07-27 19:07:05,487 - INFO: Evaluating at iteration 45475
2026-07-27 19:07:07,166 - INFO: Loss: 0.506335
2026-07-27 19:07:07,167 - INFO: Training ROC-AUC: 0.713636
2026-07-27 19:07:07,167 - INFO: Validation ROC-AUC: 0.610133
2026-07-27 19:07:22,345 - INFO: Evaluating at iteration 45975
2026-07-27 19:07:23,959 - INFO: Loss: 0.457532
2026-07-27 19:07:23,959 - INFO: Training ROC-AUC: 0.557692
2026-07-27 19:07:23,959 - INFO: Validation ROC-AUC: 0.615114
2026-07-27 19:07:26,774 - INFO: Starting epoch 23
2026-07-27 19:07:26,805 - INFO: Evaluating at iteration 46069
2026-07-27 19:07:28,390 - INFO: Loss: 0.257656
2026-07-27 19:07:28,390 - INFO: Training ROC-AUC: 0.583333
2026-07-27 19:07:28,391 - INFO: Validation ROC-AUC: 0.611325
2026-07-27 19:07:43,668 - INFO: Evaluating at iteration 46569
2026-07-27 19:07:45,242 - INFO: Loss: 0.495549
2026-07-27 19:07:45,242 - INFO: Training ROC-AUC: 0.609375
2026-07-27 19:07:45,242 - INFO: Validation ROC-AUC: 0.615796
2026-07-27 19:08:00,473 - INFO: Evaluating at iteration 47069
2026-07-27 19:08:02,058 - INFO: Loss: 0.194412
2026-07-27 19:08:02,058 - INFO: Training ROC-AUC: 0.833333
2026-07-27 19:08:02,058 - INFO: Validation ROC-AUC: 0.616945
2026-07-27 19:08:17,903 - INFO: Evaluating at iteration 47569
2026-07-27 19:08:19,647 - INFO: Loss: 0.273362
2026-07-27 19:08:19,648 - INFO: Training ROC-AUC: 0.747126
2026-07-27 19:08:19,648 - INFO: Validation ROC-AUC: 0.620999
2026-07-27 19:08:35,615 - INFO: Evaluating at iteration 48069
2026-07-27 19:08:37,237 - INFO: Loss: 0.350417
2026-07-27 19:08:37,237 - INFO: Training ROC-AUC: 0.634615
2026-07-27 19:08:37,237 - INFO: Validation ROC-AUC: 0.621126
2026-07-27 19:08:40,067 - INFO: Starting epoch 24
2026-07-27 19:08:40,098 - INFO: Evaluating at iteration 48163
2026-07-27 19:08:41,685 - INFO: Loss: 0.577104
2026-07-27 19:08:41,685 - INFO: Training ROC-AUC: 0.560386
2026-07-27 19:08:41,685 - INFO: Validation ROC-AUC: 0.622009
2026-07-27 19:08:57,015 - INFO: Evaluating at iteration 48663
2026-07-27 19:08:58,582 - INFO: Loss: 0.400833
2026-07-27 19:08:58,582 - INFO: Training ROC-AUC: 0.514815
2026-07-27 19:08:58,582 - INFO: Validation ROC-AUC: 0.625062
2026-07-27 19:09:14,404 - INFO: Evaluating at iteration 49163
2026-07-27 19:09:15,967 - INFO: Loss: 0.346060
2026-07-27 19:09:15,968 - INFO: Training ROC-AUC: 0.517857
2026-07-27 19:09:15,968 - INFO: Validation ROC-AUC: 0.627548
2026-07-27 19:09:31,194 - INFO: Evaluating at iteration 49663
2026-07-27 19:09:32,807 - INFO: Loss: 0.307984
2026-07-27 19:09:32,807 - INFO: Training ROC-AUC: 0.745536
2026-07-27 19:09:32,807 - INFO: Validation ROC-AUC: 0.624222
2026-07-27 19:09:47,954 - INFO: Evaluating at iteration 50163
2026-07-27 19:09:49,595 - INFO: Loss: 0.631591
2026-07-27 19:09:49,596 - INFO: Training ROC-AUC: 0.550725
2026-07-27 19:09:49,596 - INFO: Validation ROC-AUC: 0.626958
2026-07-27 19:09:52,440 - INFO: Starting epoch 25
2026-07-27 19:09:52,471 - INFO: Evaluating at iteration 50257
2026-07-27 19:09:54,054 - INFO: Loss: 0.721960
2026-07-27 19:09:54,054 - INFO: Training ROC-AUC: 0.512077
2026-07-27 19:09:54,054 - INFO: Validation ROC-AUC: 0.630830
2026-07-27 19:10:09,560 - INFO: Evaluating at iteration 50757
2026-07-27 19:10:11,230 - INFO: Loss: 0.398550
2026-07-27 19:10:11,230 - INFO: Training ROC-AUC: 0.618519
2026-07-27 19:10:11,230 - INFO: Validation ROC-AUC: 0.628711
2026-07-27 19:10:26,642 - INFO: Evaluating at iteration 51257
2026-07-27 19:10:28,254 - INFO: Loss: 0.602883
2026-07-27 19:10:28,254 - INFO: Training ROC-AUC: 0.520833
2026-07-27 19:10:28,254 - INFO: Validation ROC-AUC: 0.627669
2026-07-27 19:10:43,501 - INFO: Evaluating at iteration 51757
2026-07-27 19:10:45,109 - INFO: Loss: 0.314182
2026-07-27 19:10:45,109 - INFO: Training ROC-AUC: 0.571429
2026-07-27 19:10:45,109 - INFO: Validation ROC-AUC: 0.630221
2026-07-27 19:11:00,354 - INFO: Evaluating at iteration 52257
2026-07-27 19:11:01,970 - INFO: Loss: 0.372370
2026-07-27 19:11:01,970 - INFO: Training ROC-AUC: 0.504464
2026-07-27 19:11:01,970 - INFO: Validation ROC-AUC: 0.632182
2026-07-27 19:11:04,872 - INFO: Saving model to models/NetTCR_random_split/model_1.pt
2026-07-27 19:11:04,882 - INFO: Starting fold 2
2026-07-27 19:11:04,883 - INFO: Initialising model
2026-07-27 19:11:04,890 - INFO: Starting training
2026-07-27 19:11:04,890 - INFO: Starting epoch 1
2026-07-27 19:11:04,921 - INFO: Evaluating at iteration 1
2026-07-27 19:11:06,715 - INFO: Loss: 0.576710
2026-07-27 19:11:06,715 - INFO: Training ROC-AUC: 0.366667
2026-07-27 19:11:06,715 - INFO: Validation ROC-AUC: 0.497887
2026-07-27 19:11:22,214 - INFO: Evaluating at iteration 501
2026-07-27 19:11:23,901 - INFO: Loss: 0.541185
2026-07-27 19:11:23,901 - INFO: Training ROC-AUC: 0.411429
2026-07-27 19:11:23,901 - INFO: Validation ROC-AUC: 0.499743
2026-07-27 19:11:38,315 - INFO: Evaluating at iteration 1001
2026-07-27 19:11:40,001 - INFO: Loss: 0.530290
2026-07-27 19:11:40,001 - INFO: Training ROC-AUC: 0.737143
2026-07-27 19:11:40,001 - INFO: Validation ROC-AUC: 0.491124
2026-07-27 19:11:54,510 - INFO: Evaluating at iteration 1501
2026-07-27 19:11:56,197 - INFO: Loss: 0.436074
2026-07-27 19:11:56,197 - INFO: Training ROC-AUC: 0.422222
2026-07-27 19:11:56,197 - INFO: Validation ROC-AUC: 0.489945
2026-07-27 19:12:10,692 - INFO: Evaluating at iteration 2001
2026-07-27 19:12:12,353 - INFO: Loss: 0.482554
2026-07-27 19:12:12,353 - INFO: Training ROC-AUC: 0.538462
2026-07-27 19:12:12,353 - INFO: Validation ROC-AUC: 0.490145
2026-07-27 19:12:15,051 - INFO: Starting epoch 2
2026-07-27 19:12:15,081 - INFO: Evaluating at iteration 2095
2026-07-27 19:12:16,754 - INFO: Loss: 0.433849
2026-07-27 19:12:16,754 - INFO: Training ROC-AUC: 0.385185
2026-07-27 19:12:16,754 - INFO: Validation ROC-AUC: 0.489746
2026-07-27 19:12:31,271 - INFO: Evaluating at iteration 2595
2026-07-27 19:12:32,932 - INFO: Loss: 0.332819
2026-07-27 19:12:32,932 - INFO: Training ROC-AUC: 0.448276
2026-07-27 19:12:32,932 - INFO: Validation ROC-AUC: 0.488918
2026-07-27 19:12:47,421 - INFO: Evaluating at iteration 3095
2026-07-27 19:12:49,066 - INFO: Loss: 0.483032
2026-07-27 19:12:49,066 - INFO: Training ROC-AUC: 0.544872
2026-07-27 19:12:49,066 - INFO: Validation ROC-AUC: 0.486830
2026-07-27 19:13:03,563 - INFO: Evaluating at iteration 3595
2026-07-27 19:13:05,326 - INFO: Loss: 0.333846
2026-07-27 19:13:05,326 - INFO: Training ROC-AUC: 0.459770
2026-07-27 19:13:05,326 - INFO: Validation ROC-AUC: 0.487579
2026-07-27 19:13:19,839 - INFO: Evaluating at iteration 4095
2026-07-27 19:13:21,561 - INFO: Loss: 0.532462
2026-07-27 19:13:21,561 - INFO: Training ROC-AUC: 0.451429
2026-07-27 19:13:21,561 - INFO: Validation ROC-AUC: 0.486442
2026-07-27 19:13:24,264 - INFO: Starting epoch 3
2026-07-27 19:13:24,294 - INFO: Evaluating at iteration 4189
2026-07-27 19:13:26,007 - INFO: Loss: 0.714963
2026-07-27 19:13:26,007 - INFO: Training ROC-AUC: 0.558442
2026-07-27 19:13:26,007 - INFO: Validation ROC-AUC: 0.484235
2026-07-27 19:13:40,597 - INFO: Evaluating at iteration 4689
2026-07-27 19:13:42,239 - INFO: Loss: 0.486636
2026-07-27 19:13:42,239 - INFO: Training ROC-AUC: 0.435897
2026-07-27 19:13:42,239 - INFO: Validation ROC-AUC: 0.482301
2026-07-27 19:13:56,815 - INFO: Evaluating at iteration 5189
2026-07-27 19:13:58,465 - INFO: Loss: 0.489998
2026-07-27 19:13:58,465 - INFO: Training ROC-AUC: 0.705128
2026-07-27 19:13:58,465 - INFO: Validation ROC-AUC: 0.541149
2026-07-27 19:14:12,930 - INFO: Evaluating at iteration 5689
2026-07-27 19:14:14,571 - INFO: Loss: 0.269573
2026-07-27 19:14:14,571 - INFO: Training ROC-AUC: 0.850000
2026-07-27 19:14:14,571 - INFO: Validation ROC-AUC: 0.662811
2026-07-27 19:14:29,175 - INFO: Evaluating at iteration 6189
2026-07-27 19:14:30,775 - INFO: Loss: 0.505410
2026-07-27 19:14:30,775 - INFO: Training ROC-AUC: 0.662857
2026-07-27 19:14:30,775 - INFO: Validation ROC-AUC: 0.748472
2026-07-27 19:14:33,476 - INFO: Starting epoch 4
2026-07-27 19:14:33,507 - INFO: Evaluating at iteration 6283
2026-07-27 19:14:35,245 - INFO: Loss: 0.434796
2026-07-27 19:14:35,245 - INFO: Training ROC-AUC: 0.692308
2026-07-27 19:14:35,245 - INFO: Validation ROC-AUC: 0.761907
2026-07-27 19:14:49,738 - INFO: Evaluating at iteration 6783
2026-07-27 19:14:51,382 - INFO: Loss: 0.405241
2026-07-27 19:14:51,383 - INFO: Training ROC-AUC: 0.600000
2026-07-27 19:14:51,383 - INFO: Validation ROC-AUC: 0.785629
2026-07-27 19:15:06,040 - INFO: Evaluating at iteration 7283
2026-07-27 19:15:07,688 - INFO: Loss: 0.513046
2026-07-27 19:15:07,688 - INFO: Training ROC-AUC: 0.437037
2026-07-27 19:15:07,688 - INFO: Validation ROC-AUC: 0.791264
2026-07-27 19:15:22,252 - INFO: Evaluating at iteration 7783
2026-07-27 19:15:23,894 - INFO: Loss: 0.329697
2026-07-27 19:15:23,894 - INFO: Training ROC-AUC: 0.551724
2026-07-27 19:15:23,894 - INFO: Validation ROC-AUC: 0.797023
2026-07-27 19:15:38,935 - INFO: Evaluating at iteration 8283
2026-07-27 19:15:40,567 - INFO: Loss: 0.386410
2026-07-27 19:15:40,567 - INFO: Training ROC-AUC: 0.696429
2026-07-27 19:15:40,567 - INFO: Validation ROC-AUC: 0.796935
2026-07-27 19:15:43,277 - INFO: Starting epoch 5
2026-07-27 19:15:43,307 - INFO: Evaluating at iteration 8377
2026-07-27 19:15:44,928 - INFO: Loss: 0.329509
2026-07-27 19:15:44,929 - INFO: Training ROC-AUC: 0.755556
2026-07-27 19:15:44,929 - INFO: Validation ROC-AUC: 0.800836
2026-07-27 19:15:59,505 - INFO: Evaluating at iteration 8877
2026-07-27 19:16:01,115 - INFO: Loss: 0.406303
2026-07-27 19:16:01,115 - INFO: Training ROC-AUC: 0.880000
2026-07-27 19:16:01,115 - INFO: Validation ROC-AUC: 0.800564
2026-07-27 19:16:15,663 - INFO: Evaluating at iteration 9377
2026-07-27 19:16:17,241 - INFO: Loss: 0.398717
2026-07-27 19:16:17,241 - INFO: Training ROC-AUC: 0.925714
2026-07-27 19:16:17,241 - INFO: Validation ROC-AUC: 0.805496
2026-07-27 19:16:31,794 - INFO: Evaluating at iteration 9877
2026-07-27 19:16:33,379 - INFO: Loss: 0.337171
2026-07-27 19:16:33,379 - INFO: Training ROC-AUC: 0.733333
2026-07-27 19:16:33,379 - INFO: Validation ROC-AUC: 0.811679
2026-07-27 19:16:47,914 - INFO: Evaluating at iteration 10377
2026-07-27 19:16:49,563 - INFO: Loss: 0.425391
2026-07-27 19:16:49,564 - INFO: Training ROC-AUC: 0.828125
2026-07-27 19:16:49,564 - INFO: Validation ROC-AUC: 0.812243
2026-07-27 19:16:52,289 - INFO: Starting epoch 6
2026-07-27 19:16:52,318 - INFO: Evaluating at iteration 10471
2026-07-27 19:16:53,896 - INFO: Loss: 0.364657
2026-07-27 19:16:53,897 - INFO: Training ROC-AUC: 0.814815
2026-07-27 19:16:53,897 - INFO: Validation ROC-AUC: 0.814208
2026-07-27 19:17:08,539 - INFO: Evaluating at iteration 10971
2026-07-27 19:17:10,118 - INFO: Loss: 0.261681
2026-07-27 19:17:10,118 - INFO: Training ROC-AUC: 0.750000
2026-07-27 19:17:10,118 - INFO: Validation ROC-AUC: 0.815568
2026-07-27 19:17:24,735 - INFO: Evaluating at iteration 11471
2026-07-27 19:17:26,299 - INFO: Loss: 0.434499
2026-07-27 19:17:26,300 - INFO: Training ROC-AUC: 0.817708
2026-07-27 19:17:26,300 - INFO: Validation ROC-AUC: 0.818253
2026-07-27 19:17:40,861 - INFO: Evaluating at iteration 11971
2026-07-27 19:17:42,463 - INFO: Loss: 0.290747
2026-07-27 19:17:42,463 - INFO: Training ROC-AUC: 0.970370
2026-07-27 19:17:42,463 - INFO: Validation ROC-AUC: 0.821467
2026-07-27 19:17:57,025 - INFO: Evaluating at iteration 12471
2026-07-27 19:17:58,628 - INFO: Loss: 0.493981
2026-07-27 19:17:58,628 - INFO: Training ROC-AUC: 0.886364
2026-07-27 19:17:58,628 - INFO: Validation ROC-AUC: 0.823355
2026-07-27 19:18:01,326 - INFO: Starting epoch 7
2026-07-27 19:18:01,356 - INFO: Evaluating at iteration 12565
2026-07-27 19:18:02,979 - INFO: Loss: 0.208358
2026-07-27 19:18:02,979 - INFO: Training ROC-AUC: 0.850575
2026-07-27 19:18:02,979 - INFO: Validation ROC-AUC: 0.821676
2026-07-27 19:18:17,520 - INFO: Evaluating at iteration 13065
2026-07-27 19:18:19,098 - INFO: Loss: 0.385226
2026-07-27 19:18:19,098 - INFO: Training ROC-AUC: 0.822857
2026-07-27 19:18:19,098 - INFO: Validation ROC-AUC: 0.827249
2026-07-27 19:18:33,632 - INFO: Evaluating at iteration 13565
2026-07-27 19:18:35,325 - INFO: Loss: 0.167420
2026-07-27 19:18:35,325 - INFO: Training ROC-AUC: 0.942529
2026-07-27 19:18:35,325 - INFO: Validation ROC-AUC: 0.823780
2026-07-27 19:18:49,862 - INFO: Evaluating at iteration 14065
2026-07-27 19:18:51,487 - INFO: Loss: 0.402431
2026-07-27 19:18:51,487 - INFO: Training ROC-AUC: 0.831818
2026-07-27 19:18:51,487 - INFO: Validation ROC-AUC: 0.829956
2026-07-27 19:19:06,171 - INFO: Evaluating at iteration 14565
2026-07-27 19:19:07,799 - INFO: Loss: 0.269751
2026-07-27 19:19:07,799 - INFO: Training ROC-AUC: 0.933333
2026-07-27 19:19:07,799 - INFO: Validation ROC-AUC: 0.835703
2026-07-27 19:19:10,503 - INFO: Starting epoch 8
2026-07-27 19:19:10,536 - INFO: Evaluating at iteration 14659
2026-07-27 19:19:12,160 - INFO: Loss: 0.219385
2026-07-27 19:19:12,160 - INFO: Training ROC-AUC: 0.750000
2026-07-27 19:19:12,160 - INFO: Validation ROC-AUC: 0.837740
2026-07-27 19:19:26,697 - INFO: Evaluating at iteration 15159
2026-07-27 19:19:28,298 - INFO: Loss: 0.213410
2026-07-27 19:19:28,299 - INFO: Training ROC-AUC: 0.873563
2026-07-27 19:19:28,299 - INFO: Validation ROC-AUC: 0.821304
2026-07-27 19:19:42,813 - INFO: Evaluating at iteration 15659
2026-07-27 19:19:44,411 - INFO: Loss: 0.338312
2026-07-27 19:19:44,411 - INFO: Training ROC-AUC: 0.762963
2026-07-27 19:19:44,411 - INFO: Validation ROC-AUC: 0.837723
2026-07-27 19:19:58,949 - INFO: Evaluating at iteration 16159
2026-07-27 19:20:00,548 - INFO: Loss: 0.256520
2026-07-27 19:20:00,549 - INFO: Training ROC-AUC: 0.839080
2026-07-27 19:20:00,549 - INFO: Validation ROC-AUC: 0.834423
2026-07-27 19:20:15,221 - INFO: Evaluating at iteration 16659
2026-07-27 19:20:16,866 - INFO: Loss: 0.248474
2026-07-27 19:20:16,866 - INFO: Training ROC-AUC: 0.908046
2026-07-27 19:20:16,866 - INFO: Validation ROC-AUC: 0.841579
2026-07-27 19:20:19,657 - INFO: Starting epoch 9
2026-07-27 19:20:19,695 - INFO: Evaluating at iteration 16753
2026-07-27 19:20:21,428 - INFO: Loss: 0.399040
2026-07-27 19:20:21,429 - INFO: Training ROC-AUC: 0.851429
2026-07-27 19:20:21,429 - INFO: Validation ROC-AUC: 0.844443
2026-07-27 19:20:36,042 - INFO: Evaluating at iteration 17253
2026-07-27 19:20:37,649 - INFO: Loss: 0.341165
2026-07-27 19:20:37,650 - INFO: Training ROC-AUC: 0.871795
2026-07-27 19:20:37,650 - INFO: Validation ROC-AUC: 0.846644
2026-07-27 19:20:52,211 - INFO: Evaluating at iteration 17753
2026-07-27 19:20:53,817 - INFO: Loss: 0.335603
2026-07-27 19:20:53,817 - INFO: Training ROC-AUC: 0.884615
2026-07-27 19:20:53,817 - INFO: Validation ROC-AUC: 0.843114
2026-07-27 19:21:08,513 - INFO: Evaluating at iteration 18253
2026-07-27 19:21:10,109 - INFO: Loss: 0.301046
2026-07-27 19:21:10,109 - INFO: Training ROC-AUC: 0.839744
2026-07-27 19:21:10,109 - INFO: Validation ROC-AUC: 0.850992
2026-07-27 19:21:25,159 - INFO: Evaluating at iteration 18753
2026-07-27 19:21:26,786 - INFO: Loss: 0.242463
2026-07-27 19:21:26,787 - INFO: Training ROC-AUC: 0.857143
2026-07-27 19:21:26,787 - INFO: Validation ROC-AUC: 0.847882
2026-07-27 19:21:29,502 - INFO: Starting epoch 10
2026-07-27 19:21:29,532 - INFO: Evaluating at iteration 18847
2026-07-27 19:21:31,133 - INFO: Loss: 0.303409
2026-07-27 19:21:31,133 - INFO: Training ROC-AUC: 0.878205
2026-07-27 19:21:31,133 - INFO: Validation ROC-AUC: 0.848417
2026-07-27 19:21:45,690 - INFO: Evaluating at iteration 19347
2026-07-27 19:21:47,289 - INFO: Loss: 0.406330
2026-07-27 19:21:47,289 - INFO: Training ROC-AUC: 0.788462
2026-07-27 19:21:47,289 - INFO: Validation ROC-AUC: 0.851277
2026-07-27 19:22:01,944 - INFO: Evaluating at iteration 19847
2026-07-27 19:22:03,539 - INFO: Loss: 0.279428
2026-07-27 19:22:03,539 - INFO: Training ROC-AUC: 0.839744
2026-07-27 19:22:03,539 - INFO: Validation ROC-AUC: 0.850586
2026-07-27 19:22:18,086 - INFO: Evaluating at iteration 20347
2026-07-27 19:22:19,714 - INFO: Loss: 0.505939
2026-07-27 19:22:19,714 - INFO: Training ROC-AUC: 0.883117
2026-07-27 19:22:19,714 - INFO: Validation ROC-AUC: 0.847894
2026-07-27 19:22:34,186 - INFO: Evaluating at iteration 20847
2026-07-27 19:22:35,882 - INFO: Loss: 0.234249
2026-07-27 19:22:35,882 - INFO: Training ROC-AUC: 0.977778
2026-07-27 19:22:35,882 - INFO: Validation ROC-AUC: 0.853421
2026-07-27 19:22:38,669 - INFO: Starting epoch 11
2026-07-27 19:22:38,699 - INFO: Evaluating at iteration 20941
2026-07-27 19:22:40,298 - INFO: Loss: 0.299498
2026-07-27 19:22:40,298 - INFO: Training ROC-AUC: 0.971429
2026-07-27 19:22:40,298 - INFO: Validation ROC-AUC: 0.853817
2026-07-27 19:22:54,876 - INFO: Evaluating at iteration 21441
2026-07-27 19:22:56,474 - INFO: Loss: 0.306960
2026-07-27 19:22:56,474 - INFO: Training ROC-AUC: 0.741071
2026-07-27 19:22:56,474 - INFO: Validation ROC-AUC: 0.852512
2026-07-27 19:23:11,104 - INFO: Evaluating at iteration 21941
2026-07-27 19:23:12,701 - INFO: Loss: 0.311675
2026-07-27 19:23:12,701 - INFO: Training ROC-AUC: 0.878205
2026-07-27 19:23:12,701 - INFO: Validation ROC-AUC: 0.850109
2026-07-27 19:23:27,254 - INFO: Evaluating at iteration 22441
2026-07-27 19:23:28,838 - INFO: Loss: 0.301554
2026-07-27 19:23:28,838 - INFO: Training ROC-AUC: 0.655172
2026-07-27 19:23:28,838 - INFO: Validation ROC-AUC: 0.853962
2026-07-27 19:23:43,365 - INFO: Evaluating at iteration 22941
2026-07-27 19:23:44,980 - INFO: Loss: 0.313945
2026-07-27 19:23:44,980 - INFO: Training ROC-AUC: 0.741071
2026-07-27 19:23:44,981 - INFO: Validation ROC-AUC: 0.852484
2026-07-27 19:23:47,693 - INFO: Starting epoch 12
2026-07-27 19:23:47,724 - INFO: Evaluating at iteration 23035
2026-07-27 19:23:49,410 - INFO: Loss: 0.425786
2026-07-27 19:23:49,410 - INFO: Training ROC-AUC: 0.724359
2026-07-27 19:23:49,410 - INFO: Validation ROC-AUC: 0.852641
2026-07-27 19:24:03,931 - INFO: Evaluating at iteration 23535
2026-07-27 19:24:05,571 - INFO: Loss: 0.294489
2026-07-27 19:24:05,572 - INFO: Training ROC-AUC: 0.839286
2026-07-27 19:24:05,572 - INFO: Validation ROC-AUC: 0.853829
2026-07-27 19:24:20,279 - INFO: Evaluating at iteration 24035
2026-07-27 19:24:21,855 - INFO: Loss: 0.380862
2026-07-27 19:24:21,855 - INFO: Training ROC-AUC: 0.840000
2026-07-27 19:24:21,856 - INFO: Validation ROC-AUC: 0.854509
2026-07-27 19:24:36,449 - INFO: Evaluating at iteration 24535
2026-07-27 19:24:38,070 - INFO: Loss: 0.220736
2026-07-27 19:24:38,070 - INFO: Training ROC-AUC: 0.709677
2026-07-27 19:24:38,070 - INFO: Validation ROC-AUC: 0.855338
2026-07-27 19:24:52,637 - INFO: Evaluating at iteration 25035
2026-07-27 19:24:54,236 - INFO: Loss: 0.385013
2026-07-27 19:24:54,236 - INFO: Training ROC-AUC: 0.932292
2026-07-27 19:24:54,236 - INFO: Validation ROC-AUC: 0.853462
2026-07-27 19:24:56,934 - INFO: Starting epoch 13
2026-07-27 19:24:56,964 - INFO: Evaluating at iteration 25129
2026-07-27 19:24:58,557 - INFO: Loss: 0.123603
2026-07-27 19:24:58,558 - INFO: Training ROC-AUC: 1.000000
2026-07-27 19:24:58,558 - INFO: Validation ROC-AUC: 0.855636
2026-07-27 19:25:13,212 - INFO: Evaluating at iteration 25629
2026-07-27 19:25:14,774 - INFO: Loss: 0.406578
2026-07-27 19:25:14,774 - INFO: Training ROC-AUC: 0.801282
2026-07-27 19:25:14,774 - INFO: Validation ROC-AUC: 0.853881
2026-07-27 19:25:29,695 - INFO: Evaluating at iteration 26129
2026-07-27 19:25:31,291 - INFO: Loss: 0.390743
2026-07-27 19:25:31,291 - INFO: Training ROC-AUC: 0.859903
2026-07-27 19:25:31,291 - INFO: Validation ROC-AUC: 0.855164
2026-07-27 19:25:45,845 - INFO: Evaluating at iteration 26629
2026-07-27 19:25:47,435 - INFO: Loss: 0.323437
2026-07-27 19:25:47,435 - INFO: Training ROC-AUC: 0.829630
2026-07-27 19:25:47,435 - INFO: Validation ROC-AUC: 0.852863
2026-07-27 19:26:02,002 - INFO: Evaluating at iteration 27129
2026-07-27 19:26:03,594 - INFO: Loss: 0.225956
2026-07-27 19:26:03,594 - INFO: Training ROC-AUC: 0.988571
2026-07-27 19:26:03,594 - INFO: Validation ROC-AUC: 0.859281
2026-07-27 19:26:06,412 - INFO: Starting epoch 14
2026-07-27 19:26:06,443 - INFO: Evaluating at iteration 27223
2026-07-27 19:26:08,034 - INFO: Loss: 0.208788
2026-07-27 19:26:08,035 - INFO: Training ROC-AUC: 0.908046
2026-07-27 19:26:08,035 - INFO: Validation ROC-AUC: 0.855488
2026-07-27 19:26:23,361 - INFO: Evaluating at iteration 27723
2026-07-27 19:26:24,951 - INFO: Loss: 0.365538
2026-07-27 19:26:24,952 - INFO: Training ROC-AUC: 0.792593
2026-07-27 19:26:24,952 - INFO: Validation ROC-AUC: 0.857431
2026-07-27 19:26:39,893 - INFO: Evaluating at iteration 28223
2026-07-27 19:26:41,491 - INFO: Loss: 0.147891
2026-07-27 19:26:41,492 - INFO: Training ROC-AUC: 1.000000
2026-07-27 19:26:41,492 - INFO: Validation ROC-AUC: 0.858256
2026-07-27 19:26:56,061 - INFO: Evaluating at iteration 28723
2026-07-27 19:26:57,675 - INFO: Loss: 0.260172
2026-07-27 19:26:57,675 - INFO: Training ROC-AUC: 0.919643
2026-07-27 19:26:57,675 - INFO: Validation ROC-AUC: 0.856901
2026-07-27 19:27:12,302 - INFO: Evaluating at iteration 29223
2026-07-27 19:27:13,866 - INFO: Loss: 0.309063
2026-07-27 19:27:13,866 - INFO: Training ROC-AUC: 0.906250
2026-07-27 19:27:13,866 - INFO: Validation ROC-AUC: 0.856660
2026-07-27 19:27:16,565 - INFO: Starting epoch 15
2026-07-27 19:27:16,594 - INFO: Evaluating at iteration 29317
2026-07-27 19:27:18,166 - INFO: Loss: 0.271411
2026-07-27 19:27:18,166 - INFO: Training ROC-AUC: 0.866071
2026-07-27 19:27:18,166 - INFO: Validation ROC-AUC: 0.856318
2026-07-27 19:27:32,767 - INFO: Evaluating at iteration 29817
2026-07-27 19:27:34,386 - INFO: Loss: 0.320046
2026-07-27 19:27:34,386 - INFO: Training ROC-AUC: 0.927083
2026-07-27 19:27:34,386 - INFO: Validation ROC-AUC: 0.858776
2026-07-27 19:27:48,899 - INFO: Evaluating at iteration 30317
2026-07-27 19:27:50,543 - INFO: Loss: 0.499750
2026-07-27 19:27:50,544 - INFO: Training ROC-AUC: 0.570513
2026-07-27 19:27:50,544 - INFO: Validation ROC-AUC: 0.857472
2026-07-27 19:28:05,084 - INFO: Evaluating at iteration 30817
2026-07-27 19:28:06,678 - INFO: Loss: 0.193934
2026-07-27 19:28:06,678 - INFO: Training ROC-AUC: 0.925926
2026-07-27 19:28:06,678 - INFO: Validation ROC-AUC: 0.857148
2026-07-27 19:28:21,210 - INFO: Evaluating at iteration 31317
2026-07-27 19:28:22,806 - INFO: Loss: 0.226450
2026-07-27 19:28:22,806 - INFO: Training ROC-AUC: 0.980769
2026-07-27 19:28:22,806 - INFO: Validation ROC-AUC: 0.858608
2026-07-27 19:28:25,502 - INFO: Starting epoch 16
2026-07-27 19:28:25,532 - INFO: Evaluating at iteration 31411
2026-07-27 19:28:27,233 - INFO: Loss: 0.255841
2026-07-27 19:28:27,233 - INFO: Training ROC-AUC: 0.875000
2026-07-27 19:28:27,233 - INFO: Validation ROC-AUC: 0.858283
2026-07-27 19:28:41,845 - INFO: Evaluating at iteration 31911
2026-07-27 19:28:43,405 - INFO: Loss: 0.371807
2026-07-27 19:28:43,405 - INFO: Training ROC-AUC: 0.801282
2026-07-27 19:28:43,405 - INFO: Validation ROC-AUC: 0.857968
2026-07-27 19:28:58,091 - INFO: Evaluating at iteration 32411
2026-07-27 19:28:59,687 - INFO: Loss: 0.380470
2026-07-27 19:28:59,687 - INFO: Training ROC-AUC: 0.805714
2026-07-27 19:28:59,687 - INFO: Validation ROC-AUC: 0.858398
2026-07-27 19:29:14,317 - INFO: Evaluating at iteration 32911
2026-07-27 19:29:15,913 - INFO: Loss: 0.440105
2026-07-27 19:29:15,913 - INFO: Training ROC-AUC: 0.830918
2026-07-27 19:29:15,913 - INFO: Validation ROC-AUC: 0.856941
2026-07-27 19:29:30,619 - INFO: Evaluating at iteration 33411
2026-07-27 19:29:32,238 - INFO: Loss: 0.339683
2026-07-27 19:29:32,238 - INFO: Training ROC-AUC: 0.775641
2026-07-27 19:29:32,238 - INFO: Validation ROC-AUC: 0.860439
2026-07-27 19:29:35,071 - INFO: Starting epoch 17
2026-07-27 19:29:35,105 - INFO: Evaluating at iteration 33505
2026-07-27 19:29:36,671 - INFO: Loss: 0.328283
2026-07-27 19:29:36,671 - INFO: Training ROC-AUC: 0.865385
2026-07-27 19:29:36,671 - INFO: Validation ROC-AUC: 0.858262
2026-07-27 19:29:51,284 - INFO: Evaluating at iteration 34005
2026-07-27 19:29:52,884 - INFO: Loss: 0.314636
2026-07-27 19:29:52,884 - INFO: Training ROC-AUC: 0.852564
2026-07-27 19:29:52,884 - INFO: Validation ROC-AUC: 0.863122
2026-07-27 19:30:07,517 - INFO: Evaluating at iteration 34505
2026-07-27 19:30:09,108 - INFO: Loss: 0.316237
2026-07-27 19:30:09,108 - INFO: Training ROC-AUC: 0.829630
2026-07-27 19:30:09,108 - INFO: Validation ROC-AUC: 0.858656
2026-07-27 19:30:23,735 - INFO: Evaluating at iteration 35005
2026-07-27 19:30:25,333 - INFO: Loss: 0.380486
2026-07-27 19:30:25,334 - INFO: Training ROC-AUC: 0.740741
2026-07-27 19:30:25,334 - INFO: Validation ROC-AUC: 0.862891
2026-07-27 19:30:39,934 - INFO: Evaluating at iteration 35505
2026-07-27 19:30:41,504 - INFO: Loss: 0.273905
2026-07-27 19:30:41,504 - INFO: Training ROC-AUC: 0.875000
2026-07-27 19:30:41,504 - INFO: Validation ROC-AUC: 0.859670
2026-07-27 19:30:44,236 - INFO: Starting epoch 18
2026-07-27 19:30:44,266 - INFO: Evaluating at iteration 35599
2026-07-27 19:30:45,854 - INFO: Loss: 0.257992
2026-07-27 19:30:45,854 - INFO: Training ROC-AUC: 0.919643
2026-07-27 19:30:45,854 - INFO: Validation ROC-AUC: 0.859866
2026-07-27 19:31:00,432 - INFO: Evaluating at iteration 36099
2026-07-27 19:31:02,020 - INFO: Loss: 0.330437
2026-07-27 19:31:02,021 - INFO: Training ROC-AUC: 0.873563
2026-07-27 19:31:02,021 - INFO: Validation ROC-AUC: 0.860555
2026-07-27 19:31:16,997 - INFO: Evaluating at iteration 36599
2026-07-27 19:31:18,593 - INFO: Loss: 0.279442
2026-07-27 19:31:18,593 - INFO: Training ROC-AUC: 0.857143
2026-07-27 19:31:18,593 - INFO: Validation ROC-AUC: 0.858825
2026-07-27 19:31:33,223 - INFO: Evaluating at iteration 37099
2026-07-27 19:31:34,869 - INFO: Loss: 0.246241
2026-07-27 19:31:34,870 - INFO: Training ROC-AUC: 0.967949
2026-07-27 19:31:34,870 - INFO: Validation ROC-AUC: 0.860021
2026-07-27 19:31:49,471 - INFO: Evaluating at iteration 37599
2026-07-27 19:31:51,102 - INFO: Loss: 0.289808
2026-07-27 19:31:51,102 - INFO: Training ROC-AUC: 0.873563
2026-07-27 19:31:51,102 - INFO: Validation ROC-AUC: 0.859366
2026-07-27 19:31:53,824 - INFO: Starting epoch 19
2026-07-27 19:31:53,854 - INFO: Evaluating at iteration 37693
2026-07-27 19:31:55,445 - INFO: Loss: 0.327213
2026-07-27 19:31:55,445 - INFO: Training ROC-AUC: 0.609195
2026-07-27 19:31:55,445 - INFO: Validation ROC-AUC: 0.859748
2026-07-27 19:32:10,099 - INFO: Evaluating at iteration 38193
2026-07-27 19:32:11,691 - INFO: Loss: 0.230866
2026-07-27 19:32:11,691 - INFO: Training ROC-AUC: 0.793103
2026-07-27 19:32:11,691 - INFO: Validation ROC-AUC: 0.862712
2026-07-27 19:32:26,430 - INFO: Evaluating at iteration 38693
2026-07-27 19:32:28,026 - INFO: Loss: 0.272953
2026-07-27 19:32:28,026 - INFO: Training ROC-AUC: 0.794643
2026-07-27 19:32:28,026 - INFO: Validation ROC-AUC: 0.862617
2026-07-27 19:32:42,709 - INFO: Evaluating at iteration 39193
2026-07-27 19:32:44,308 - INFO: Loss: 0.339079
2026-07-27 19:32:44,308 - INFO: Training ROC-AUC: 0.864583
2026-07-27 19:32:44,308 - INFO: Validation ROC-AUC: 0.861059
2026-07-27 19:32:58,961 - INFO: Evaluating at iteration 39693
2026-07-27 19:33:00,524 - INFO: Loss: 0.280595
2026-07-27 19:33:00,524 - INFO: Training ROC-AUC: 0.689655
2026-07-27 19:33:00,525 - INFO: Validation ROC-AUC: 0.863865
2026-07-27 19:33:03,256 - INFO: Starting epoch 20
2026-07-27 19:33:03,287 - INFO: Evaluating at iteration 39787
2026-07-27 19:33:04,948 - INFO: Loss: 0.178666
2026-07-27 19:33:04,948 - INFO: Training ROC-AUC: 0.919643
2026-07-27 19:33:04,948 - INFO: Validation ROC-AUC: 0.863786
2026-07-27 19:33:19,645 - INFO: Evaluating at iteration 40287
2026-07-27 19:33:21,253 - INFO: Loss: 0.328358
2026-07-27 19:33:21,253 - INFO: Training ROC-AUC: 0.845714
2026-07-27 19:33:21,253 - INFO: Validation ROC-AUC: 0.860858
2026-07-27 19:33:35,885 - INFO: Evaluating at iteration 40787
2026-07-27 19:33:37,447 - INFO: Loss: 0.260594
2026-07-27 19:33:37,448 - INFO: Training ROC-AUC: 0.942308
2026-07-27 19:33:37,448 - INFO: Validation ROC-AUC: 0.863484
2026-07-27 19:33:52,073 - INFO: Evaluating at iteration 41287
2026-07-27 19:33:53,664 - INFO: Loss: 0.309542
2026-07-27 19:33:53,665 - INFO: Training ROC-AUC: 0.833333
2026-07-27 19:33:53,665 - INFO: Validation ROC-AUC: 0.865350
2026-07-27 19:34:08,392 - INFO: Evaluating at iteration 41787
2026-07-27 19:34:09,986 - INFO: Loss: 0.382963
2026-07-27 19:34:09,987 - INFO: Training ROC-AUC: 0.864583
2026-07-27 19:34:09,987 - INFO: Validation ROC-AUC: 0.862553
2026-07-27 19:34:12,719 - INFO: Starting epoch 21
2026-07-27 19:34:12,750 - INFO: Evaluating at iteration 41881
2026-07-27 19:34:14,363 - INFO: Loss: 0.182757
2026-07-27 19:34:14,363 - INFO: Training ROC-AUC: 1.000000
2026-07-27 19:34:14,363 - INFO: Validation ROC-AUC: 0.861339
2026-07-27 19:34:29,022 - INFO: Evaluating at iteration 42381
2026-07-27 19:34:30,610 - INFO: Loss: 0.321122
2026-07-27 19:34:30,610 - INFO: Training ROC-AUC: 0.807407
2026-07-27 19:34:30,610 - INFO: Validation ROC-AUC: 0.862978
2026-07-27 19:34:45,239 - INFO: Evaluating at iteration 42881
2026-07-27 19:34:46,824 - INFO: Loss: 0.354308
2026-07-27 19:34:46,824 - INFO: Training ROC-AUC: 0.777778
2026-07-27 19:34:46,824 - INFO: Validation ROC-AUC: 0.864547
2026-07-27 19:35:01,471 - INFO: Evaluating at iteration 43381
2026-07-27 19:35:03,058 - INFO: Loss: 0.217804
2026-07-27 19:35:03,058 - INFO: Training ROC-AUC: 0.892857
2026-07-27 19:35:03,058 - INFO: Validation ROC-AUC: 0.860363
2026-07-27 19:35:17,772 - INFO: Evaluating at iteration 43881
2026-07-27 19:35:19,374 - INFO: Loss: 0.373256
2026-07-27 19:35:19,374 - INFO: Training ROC-AUC: 0.875000
2026-07-27 19:35:19,374 - INFO: Validation ROC-AUC: 0.864578
2026-07-27 19:35:22,305 - INFO: Starting epoch 22
2026-07-27 19:35:22,336 - INFO: Evaluating at iteration 43975
2026-07-27 19:35:23,927 - INFO: Loss: 0.386225
2026-07-27 19:35:23,927 - INFO: Training ROC-AUC: 0.822917
2026-07-27 19:35:23,927 - INFO: Validation ROC-AUC: 0.865283
2026-07-27 19:35:38,602 - INFO: Evaluating at iteration 44475
2026-07-27 19:35:40,192 - INFO: Loss: 0.362082
2026-07-27 19:35:40,192 - INFO: Training ROC-AUC: 0.777778
2026-07-27 19:35:40,192 - INFO: Validation ROC-AUC: 0.863878
2026-07-27 19:35:54,836 - INFO: Evaluating at iteration 44975
2026-07-27 19:35:56,398 - INFO: Loss: 0.154453
2026-07-27 19:35:56,398 - INFO: Training ROC-AUC: 0.993590
2026-07-27 19:35:56,398 - INFO: Validation ROC-AUC: 0.862729
2026-07-27 19:36:11,349 - INFO: Evaluating at iteration 45475
2026-07-27 19:36:12,915 - INFO: Loss: 0.401397
2026-07-27 19:36:12,916 - INFO: Training ROC-AUC: 0.875000
2026-07-27 19:36:12,916 - INFO: Validation ROC-AUC: 0.861276
2026-07-27 19:36:27,573 - INFO: Evaluating at iteration 45975
2026-07-27 19:36:29,178 - INFO: Loss: 0.492230
2026-07-27 19:36:29,179 - INFO: Training ROC-AUC: 0.900433
2026-07-27 19:36:29,179 - INFO: Validation ROC-AUC: 0.865152
2026-07-27 19:36:31,892 - INFO: Starting epoch 23
2026-07-27 19:36:31,922 - INFO: Evaluating at iteration 46069
2026-07-27 19:36:33,518 - INFO: Loss: 0.291123
2026-07-27 19:36:33,518 - INFO: Training ROC-AUC: 0.925926
2026-07-27 19:36:33,518 - INFO: Validation ROC-AUC: 0.864358
2026-07-27 19:36:48,212 - INFO: Evaluating at iteration 46569
2026-07-27 19:36:49,874 - INFO: Loss: 0.391270
2026-07-27 19:36:49,874 - INFO: Training ROC-AUC: 0.828571
2026-07-27 19:36:49,874 - INFO: Validation ROC-AUC: 0.864568
2026-07-27 19:37:04,473 - INFO: Evaluating at iteration 47069
2026-07-27 19:37:06,090 - INFO: Loss: 0.350933
2026-07-27 19:37:06,090 - INFO: Training ROC-AUC: 0.903382
2026-07-27 19:37:06,090 - INFO: Validation ROC-AUC: 0.865605
2026-07-27 19:37:20,787 - INFO: Evaluating at iteration 47569
2026-07-27 19:37:22,353 - INFO: Loss: 0.397291
2026-07-27 19:37:22,353 - INFO: Training ROC-AUC: 0.843750
2026-07-27 19:37:22,353 - INFO: Validation ROC-AUC: 0.864901
2026-07-27 19:37:37,129 - INFO: Evaluating at iteration 48069
2026-07-27 19:37:38,739 - INFO: Loss: 0.289695
2026-07-27 19:37:38,740 - INFO: Training ROC-AUC: 0.794643
2026-07-27 19:37:38,740 - INFO: Validation ROC-AUC: 0.868423
2026-07-27 19:37:41,454 - INFO: Starting epoch 24
2026-07-27 19:37:41,484 - INFO: Evaluating at iteration 48163
2026-07-27 19:37:43,072 - INFO: Loss: 0.217374
2026-07-27 19:37:43,072 - INFO: Training ROC-AUC: 0.839080
2026-07-27 19:37:43,072 - INFO: Validation ROC-AUC: 0.864254
2026-07-27 19:37:57,757 - INFO: Evaluating at iteration 48663
2026-07-27 19:37:59,344 - INFO: Loss: 0.494360
2026-07-27 19:37:59,344 - INFO: Training ROC-AUC: 0.845411
2026-07-27 19:37:59,344 - INFO: Validation ROC-AUC: 0.866496
2026-07-27 19:38:13,989 - INFO: Evaluating at iteration 49163
2026-07-27 19:38:15,575 - INFO: Loss: 0.084053
2026-07-27 19:38:15,575 - INFO: Training ROC-AUC: 1.000000
2026-07-27 19:38:15,575 - INFO: Validation ROC-AUC: 0.865133
2026-07-27 19:38:30,258 - INFO: Evaluating at iteration 49663
2026-07-27 19:38:31,819 - INFO: Loss: 0.231842
2026-07-27 19:38:31,819 - INFO: Training ROC-AUC: 0.948718
2026-07-27 19:38:31,819 - INFO: Validation ROC-AUC: 0.865786
2026-07-27 19:38:46,496 - INFO: Evaluating at iteration 50163
2026-07-27 19:38:48,079 - INFO: Loss: 0.223582
2026-07-27 19:38:48,079 - INFO: Training ROC-AUC: 0.866071
2026-07-27 19:38:48,079 - INFO: Validation ROC-AUC: 0.869581
2026-07-27 19:38:50,976 - INFO: Starting epoch 25
2026-07-27 19:38:51,007 - INFO: Evaluating at iteration 50257
2026-07-27 19:38:52,601 - INFO: Loss: 0.392175
2026-07-27 19:38:52,601 - INFO: Training ROC-AUC: 0.932367
2026-07-27 19:38:52,601 - INFO: Validation ROC-AUC: 0.865526
2026-07-27 19:39:07,344 - INFO: Evaluating at iteration 50757
2026-07-27 19:39:08,932 - INFO: Loss: 0.172560
2026-07-27 19:39:08,932 - INFO: Training ROC-AUC: 0.933333
2026-07-27 19:39:08,932 - INFO: Validation ROC-AUC: 0.866415
2026-07-27 19:39:23,685 - INFO: Evaluating at iteration 51257
2026-07-27 19:39:25,245 - INFO: Loss: 0.257011
2026-07-27 19:39:25,245 - INFO: Training ROC-AUC: 0.776786
2026-07-27 19:39:25,245 - INFO: Validation ROC-AUC: 0.869526
2026-07-27 19:39:39,921 - INFO: Evaluating at iteration 51757
2026-07-27 19:39:41,503 - INFO: Loss: 0.391635
2026-07-27 19:39:41,504 - INFO: Training ROC-AUC: 0.828571
2026-07-27 19:39:41,504 - INFO: Validation ROC-AUC: 0.868341
2026-07-27 19:39:56,164 - INFO: Evaluating at iteration 52257
2026-07-27 19:39:57,758 - INFO: Loss: 0.570940
2026-07-27 19:39:57,758 - INFO: Training ROC-AUC: 0.651042
2026-07-27 19:39:57,758 - INFO: Validation ROC-AUC: 0.871678
2026-07-27 19:40:00,484 - INFO: Saving model to models/NetTCR_random_split/model_2.pt
2026-07-27 19:40:00,494 - INFO: Starting fold 3
2026-07-27 19:40:00,495 - INFO: Initialising model
2026-07-27 19:40:00,501 - INFO: Starting training
2026-07-27 19:40:00,501 - INFO: Starting epoch 1
2026-07-27 19:40:00,533 - INFO: Evaluating at iteration 1
2026-07-27 19:40:02,261 - INFO: Loss: 0.702983
2026-07-27 19:40:02,262 - INFO: Training ROC-AUC: 0.462857
2026-07-27 19:40:02,262 - INFO: Validation ROC-AUC: 0.501626
2026-07-27 19:40:16,744 - INFO: Evaluating at iteration 501
2026-07-27 19:40:18,477 - INFO: Loss: 0.485058
2026-07-27 19:40:18,477 - INFO: Training ROC-AUC: 0.461538
2026-07-27 19:40:18,477 - INFO: Validation ROC-AUC: 0.496243
2026-07-27 19:40:33,239 - INFO: Evaluating at iteration 1001
2026-07-27 19:40:35,006 - INFO: Loss: 0.231040
2026-07-27 19:40:35,006 - INFO: Training ROC-AUC: 0.064516
2026-07-27 19:40:35,006 - INFO: Validation ROC-AUC: 0.495644
2026-07-27 19:40:49,452 - INFO: Evaluating at iteration 1501
2026-07-27 19:40:51,194 - INFO: Loss: 0.276532
2026-07-27 19:40:51,194 - INFO: Training ROC-AUC: 0.483333
2026-07-27 19:40:51,194 - INFO: Validation ROC-AUC: 0.496947
2026-07-27 19:41:05,642 - INFO: Evaluating at iteration 2001
2026-07-27 19:41:07,389 - INFO: Loss: 0.434237
2026-07-27 19:41:07,389 - INFO: Training ROC-AUC: 0.585185
2026-07-27 19:41:07,389 - INFO: Validation ROC-AUC: 0.499944
2026-07-27 19:41:10,334 - INFO: Starting epoch 2
2026-07-27 19:41:10,372 - INFO: Evaluating at iteration 2095
2026-07-27 19:41:12,194 - INFO: Loss: 0.485402
2026-07-27 19:41:12,195 - INFO: Training ROC-AUC: 0.679487
2026-07-27 19:41:12,195 - INFO: Validation ROC-AUC: 0.499384
2026-07-27 19:41:26,964 - INFO: Evaluating at iteration 2595
2026-07-27 19:41:28,673 - INFO: Loss: 0.533052
2026-07-27 19:41:28,673 - INFO: Training ROC-AUC: 0.577143
2026-07-27 19:41:28,673 - INFO: Validation ROC-AUC: 0.492719
2026-07-27 19:41:43,195 - INFO: Evaluating at iteration 3095
2026-07-27 19:41:44,923 - INFO: Loss: 0.327420
2026-07-27 19:41:44,923 - INFO: Training ROC-AUC: 0.770115
2026-07-27 19:41:44,923 - INFO: Validation ROC-AUC: 0.493142
2026-07-27 19:41:59,455 - INFO: Evaluating at iteration 3595
2026-07-27 19:42:01,155 - INFO: Loss: 0.436009
2026-07-27 19:42:01,155 - INFO: Training ROC-AUC: 0.503704
2026-07-27 19:42:01,155 - INFO: Validation ROC-AUC: 0.488426
2026-07-27 19:42:15,688 - INFO: Evaluating at iteration 4095
2026-07-27 19:42:17,388 - INFO: Loss: 0.487945
2026-07-27 19:42:17,388 - INFO: Training ROC-AUC: 0.474359
2026-07-27 19:42:17,388 - INFO: Validation ROC-AUC: 0.486686
2026-07-27 19:42:20,210 - INFO: Starting epoch 3
2026-07-27 19:42:20,240 - INFO: Evaluating at iteration 4189
2026-07-27 19:42:21,936 - INFO: Loss: 0.486204
2026-07-27 19:42:21,936 - INFO: Training ROC-AUC: 0.243590
2026-07-27 19:42:21,937 - INFO: Validation ROC-AUC: 0.486859
2026-07-27 19:42:36,466 - INFO: Evaluating at iteration 4689
2026-07-27 19:42:38,169 - INFO: Loss: 0.433696
2026-07-27 19:42:38,169 - INFO: Training ROC-AUC: 0.644444
2026-07-27 19:42:38,169 - INFO: Validation ROC-AUC: 0.483425
2026-07-27 19:42:52,712 - INFO: Evaluating at iteration 5189
2026-07-27 19:42:54,412 - INFO: Loss: 0.328103
2026-07-27 19:42:54,412 - INFO: Training ROC-AUC: 0.597701
2026-07-27 19:42:54,412 - INFO: Validation ROC-AUC: 0.481121
2026-07-27 19:43:09,054 - INFO: Evaluating at iteration 5689
2026-07-27 19:43:10,765 - INFO: Loss: 0.483890
2026-07-27 19:43:10,765 - INFO: Training ROC-AUC: 0.596154
2026-07-27 19:43:10,765 - INFO: Validation ROC-AUC: 0.500008
2026-07-27 19:43:25,220 - INFO: Evaluating at iteration 6189
2026-07-27 19:43:26,993 - INFO: Loss: 0.482954
2026-07-27 19:43:26,993 - INFO: Training ROC-AUC: 0.317308
2026-07-27 19:43:26,993 - INFO: Validation ROC-AUC: 0.491440
2026-07-27 19:43:29,683 - INFO: Starting epoch 4
2026-07-27 19:43:29,712 - INFO: Evaluating at iteration 6283
2026-07-27 19:43:31,390 - INFO: Loss: 0.433577
2026-07-27 19:43:31,390 - INFO: Training ROC-AUC: 0.674074
2026-07-27 19:43:31,390 - INFO: Validation ROC-AUC: 0.491809
2026-07-27 19:43:45,910 - INFO: Evaluating at iteration 6783
2026-07-27 19:43:47,574 - INFO: Loss: 0.379489
2026-07-27 19:43:47,574 - INFO: Training ROC-AUC: 0.517857
2026-07-27 19:43:47,574 - INFO: Validation ROC-AUC: 0.491596
2026-07-27 19:44:02,178 - INFO: Evaluating at iteration 7283
2026-07-27 19:44:03,881 - INFO: Loss: 0.192643
2026-07-27 19:44:03,881 - INFO: Training ROC-AUC: nan
2026-07-27 19:44:03,881 - INFO: Validation ROC-AUC: 0.489876
2026-07-27 19:44:18,460 - INFO: Evaluating at iteration 7783
2026-07-27 19:44:20,220 - INFO: Loss: 0.434263
2026-07-27 19:44:20,220 - INFO: Training ROC-AUC: 0.488889
2026-07-27 19:44:20,220 - INFO: Validation ROC-AUC: 0.489979
2026-07-27 19:44:34,858 - INFO: Evaluating at iteration 8283
2026-07-27 19:44:36,538 - INFO: Loss: 0.433533
2026-07-27 19:44:36,538 - INFO: Training ROC-AUC: 0.488889
2026-07-27 19:44:36,538 - INFO: Validation ROC-AUC: 0.487619
2026-07-27 19:44:39,240 - INFO: Starting epoch 5
2026-07-27 19:44:39,269 - INFO: Evaluating at iteration 8377
2026-07-27 19:44:40,927 - INFO: Loss: 0.702052
2026-07-27 19:44:40,927 - INFO: Training ROC-AUC: 0.586364
2026-07-27 19:44:40,927 - INFO: Validation ROC-AUC: 0.493175
2026-07-27 19:44:55,459 - INFO: Evaluating at iteration 8877
2026-07-27 19:44:57,117 - INFO: Loss: 0.324240
2026-07-27 19:44:57,118 - INFO: Training ROC-AUC: 0.505747
2026-07-27 19:44:57,118 - INFO: Validation ROC-AUC: 0.496737
2026-07-27 19:45:11,797 - INFO: Evaluating at iteration 9377
2026-07-27 19:45:13,451 - INFO: Loss: 0.536627
2026-07-27 19:45:13,452 - INFO: Training ROC-AUC: 0.508571
2026-07-27 19:45:13,452 - INFO: Validation ROC-AUC: 0.499758
2026-07-27 19:45:28,314 - INFO: Evaluating at iteration 9877
2026-07-27 19:45:30,053 - INFO: Loss: 0.485262
2026-07-27 19:45:30,053 - INFO: Training ROC-AUC: 0.490385
2026-07-27 19:45:30,053 - INFO: Validation ROC-AUC: 0.496181
2026-07-27 19:45:44,659 - INFO: Evaluating at iteration 10377
2026-07-27 19:45:46,313 - INFO: Loss: 0.434294
2026-07-27 19:45:46,313 - INFO: Training ROC-AUC: 0.555556
2026-07-27 19:45:46,313 - INFO: Validation ROC-AUC: 0.499371
2026-07-27 19:45:49,009 - INFO: Starting epoch 6
2026-07-27 19:45:49,146 - INFO: Evaluating at iteration 10471
2026-07-27 19:45:50,881 - INFO: Loss: 0.380397
2026-07-27 19:45:50,881 - INFO: Training ROC-AUC: 0.508929
2026-07-27 19:45:50,881 - INFO: Validation ROC-AUC: 0.498821
2026-07-27 19:46:05,419 - INFO: Evaluating at iteration 10971
2026-07-27 19:46:07,060 - INFO: Loss: 0.545658
2026-07-27 19:46:07,060 - INFO: Training ROC-AUC: 0.437143
2026-07-27 19:46:07,060 - INFO: Validation ROC-AUC: 0.507811
2026-07-27 19:46:21,622 - INFO: Evaluating at iteration 11471
2026-07-27 19:46:23,257 - INFO: Loss: 0.435264
2026-07-27 19:46:23,257 - INFO: Training ROC-AUC: 0.244444
2026-07-27 19:46:23,257 - INFO: Validation ROC-AUC: 0.499316
2026-07-27 19:46:37,857 - INFO: Evaluating at iteration 11971
2026-07-27 19:46:39,516 - INFO: Loss: 0.533144
2026-07-27 19:46:39,516 - INFO: Training ROC-AUC: 0.320000
2026-07-27 19:46:39,516 - INFO: Validation ROC-AUC: 0.500561
2026-07-27 19:46:54,142 - INFO: Evaluating at iteration 12471
2026-07-27 19:46:55,777 - INFO: Loss: 0.432884
2026-07-27 19:46:55,777 - INFO: Training ROC-AUC: 0.474074
2026-07-27 19:46:55,777 - INFO: Validation ROC-AUC: 0.504127
2026-07-27 19:46:58,482 - INFO: Starting epoch 7
2026-07-27 19:46:58,512 - INFO: Evaluating at iteration 12565
2026-07-27 19:47:00,143 - INFO: Loss: 0.382122
2026-07-27 19:47:00,143 - INFO: Training ROC-AUC: 0.272321
2026-07-27 19:47:00,143 - INFO: Validation ROC-AUC: 0.498470
2026-07-27 19:47:14,872 - INFO: Evaluating at iteration 13065
2026-07-27 19:47:16,507 - INFO: Loss: 0.382161
2026-07-27 19:47:16,507 - INFO: Training ROC-AUC: 0.669643
2026-07-27 19:47:16,507 - INFO: Validation ROC-AUC: 0.500000
2026-07-27 19:47:31,307 - INFO: Evaluating at iteration 13565
2026-07-27 19:47:32,945 - INFO: Loss: 0.328318
2026-07-27 19:47:32,945 - INFO: Training ROC-AUC: 0.396552
2026-07-27 19:47:32,945 - INFO: Validation ROC-AUC: 0.500000
2026-07-27 19:47:47,620 - INFO: Evaluating at iteration 14065
2026-07-27 19:47:49,295 - INFO: Loss: 0.591611
2026-07-27 19:47:49,295 - INFO: Training ROC-AUC: 0.455729
2026-07-27 19:47:49,295 - INFO: Validation ROC-AUC: 0.500072
2026-07-27 19:48:03,920 - INFO: Evaluating at iteration 14565
2026-07-27 19:48:05,638 - INFO: Loss: 0.484792
2026-07-27 19:48:05,638 - INFO: Training ROC-AUC: 0.583333
2026-07-27 19:48:05,638 - INFO: Validation ROC-AUC: 0.500000
2026-07-27 19:48:08,354 - INFO: Starting epoch 8
2026-07-27 19:48:08,384 - INFO: Evaluating at iteration 14659
2026-07-27 19:48:10,019 - INFO: Loss: 0.378570
2026-07-27 19:48:10,019 - INFO: Training ROC-AUC: 0.446429
2026-07-27 19:48:10,019 - INFO: Validation ROC-AUC: 0.501751
2026-07-27 19:48:24,674 - INFO: Evaluating at iteration 15159
2026-07-27 19:48:26,310 - INFO: Loss: 0.388375
2026-07-27 19:48:26,310 - INFO: Training ROC-AUC: 0.620536
2026-07-27 19:48:26,310 - INFO: Validation ROC-AUC: 0.500106
2026-07-27 19:48:40,964 - INFO: Evaluating at iteration 15659
2026-07-27 19:48:42,622 - INFO: Loss: 0.274713
2026-07-27 19:48:42,622 - INFO: Training ROC-AUC: 0.483333
2026-07-27 19:48:42,622 - INFO: Validation ROC-AUC: 0.499928
2026-07-27 19:48:57,295 - INFO: Evaluating at iteration 16159
2026-07-27 19:48:58,934 - INFO: Loss: 0.484081
2026-07-27 19:48:58,934 - INFO: Training ROC-AUC: 0.583333
2026-07-27 19:48:58,934 - INFO: Validation ROC-AUC: 0.500000
2026-07-27 19:49:13,827 - INFO: Evaluating at iteration 16659
2026-07-27 19:49:15,466 - INFO: Loss: 0.483421
2026-07-27 19:49:15,466 - INFO: Training ROC-AUC: 0.442308
2026-07-27 19:49:15,466 - INFO: Validation ROC-AUC: 0.500000
2026-07-27 19:49:18,206 - INFO: Starting epoch 9
2026-07-27 19:49:18,237 - INFO: Evaluating at iteration 16753
2026-07-27 19:49:19,938 - INFO: Loss: 0.603215
2026-07-27 19:49:19,939 - INFO: Training ROC-AUC: 0.500000
2026-07-27 19:49:19,939 - INFO: Validation ROC-AUC: 0.499928
2026-07-27 19:49:34,586 - INFO: Evaluating at iteration 17253
2026-07-27 19:49:36,250 - INFO: Loss: 0.380538
2026-07-27 19:49:36,250 - INFO: Training ROC-AUC: 0.482143
2026-07-27 19:49:36,250 - INFO: Validation ROC-AUC: 0.500000
2026-07-27 19:49:50,904 - INFO: Evaluating at iteration 17753
2026-07-27 19:49:52,572 - INFO: Loss: 0.483596
2026-07-27 19:49:52,572 - INFO: Training ROC-AUC: 0.442308
2026-07-27 19:49:52,572 - INFO: Validation ROC-AUC: 0.500072
2026-07-27 19:50:07,236 - INFO: Evaluating at iteration 18253
2026-07-27 19:50:08,875 - INFO: Loss: 0.433531
2026-07-27 19:50:08,875 - INFO: Training ROC-AUC: 0.544444
2026-07-27 19:50:08,875 - INFO: Validation ROC-AUC: 0.500072
2026-07-27 19:50:23,708 - INFO: Evaluating at iteration 18753
2026-07-27 19:50:25,348 - INFO: Loss: 0.483595
2026-07-27 19:50:25,348 - INFO: Training ROC-AUC: 0.500000
2026-07-27 19:50:25,348 - INFO: Validation ROC-AUC: 0.500072
2026-07-27 19:50:28,067 - INFO: Starting epoch 10
2026-07-27 19:50:28,097 - INFO: Evaluating at iteration 18847
2026-07-27 19:50:29,731 - INFO: Loss: 0.485411
2026-07-27 19:50:29,731 - INFO: Training ROC-AUC: 0.583333
2026-07-27 19:50:29,731 - INFO: Validation ROC-AUC: 0.498177
2026-07-27 19:50:44,443 - INFO: Evaluating at iteration 19347
2026-07-27 19:50:46,079 - INFO: Loss: 0.386395
2026-07-27 19:50:46,079 - INFO: Training ROC-AUC: 0.500000
2026-07-27 19:50:46,079 - INFO: Validation ROC-AUC: 0.500000
2026-07-27 19:51:00,734 - INFO: Evaluating at iteration 19847
2026-07-27 19:51:02,392 - INFO: Loss: 0.482586
2026-07-27 19:51:02,392 - INFO: Training ROC-AUC: 0.500000
2026-07-27 19:51:02,393 - INFO: Validation ROC-AUC: 0.500000
2026-07-27 19:51:17,598 - INFO: Evaluating at iteration 20347
2026-07-27 19:51:19,237 - INFO: Loss: 0.534609
2026-07-27 19:51:19,237 - INFO: Training ROC-AUC: 0.480000
2026-07-27 19:51:19,237 - INFO: Validation ROC-AUC: 0.499928
2026-07-27 19:51:33,883 - INFO: Evaluating at iteration 20847
2026-07-27 19:51:35,604 - INFO: Loss: 0.487060
2026-07-27 19:51:35,604 - INFO: Training ROC-AUC: 0.500000
2026-07-27 19:51:35,604 - INFO: Validation ROC-AUC: 0.500000
2026-07-27 19:51:38,330 - INFO: Starting epoch 11
2026-07-27 19:51:38,360 - INFO: Evaluating at iteration 20941
2026-07-27 19:51:39,992 - INFO: Loss: 0.485435
2026-07-27 19:51:39,992 - INFO: Training ROC-AUC: 0.480769
2026-07-27 19:51:39,992 - INFO: Validation ROC-AUC: 0.500072
2026-07-27 19:51:54,764 - INFO: Evaluating at iteration 21441
2026-07-27 19:51:56,393 - INFO: Loss: 0.489607
2026-07-27 19:51:56,393 - INFO: Training ROC-AUC: 0.500000
2026-07-27 19:51:56,393 - INFO: Validation ROC-AUC: 0.500000
2026-07-27 19:52:11,049 - INFO: Evaluating at iteration 21941
2026-07-27 19:52:12,700 - INFO: Loss: 0.435389
2026-07-27 19:52:12,700 - INFO: Training ROC-AUC: 0.407407
2026-07-27 19:52:12,700 - INFO: Validation ROC-AUC: 0.500000
2026-07-27 19:52:27,358 - INFO: Evaluating at iteration 22441
2026-07-27 19:52:28,978 - INFO: Loss: 0.484753
2026-07-27 19:52:28,978 - INFO: Training ROC-AUC: 0.541667
2026-07-27 19:52:28,978 - INFO: Validation ROC-AUC: 0.499928
2026-07-27 19:52:43,751 - INFO: Evaluating at iteration 22941
2026-07-27 19:52:45,373 - INFO: Loss: 0.487344
2026-07-27 19:52:45,373 - INFO: Training ROC-AUC: 0.500000
2026-07-27 19:52:45,373 - INFO: Validation ROC-AUC: 0.500000
2026-07-27 19:52:48,114 - INFO: Starting epoch 12
2026-07-27 19:52:48,144 - INFO: Evaluating at iteration 23035
2026-07-27 19:52:49,824 - INFO: Loss: 0.338781
2026-07-27 19:52:49,824 - INFO: Training ROC-AUC: 0.500000
2026-07-27 19:52:49,824 - INFO: Validation ROC-AUC: 0.500072
2026-07-27 19:53:04,506 - INFO: Evaluating at iteration 23535
2026-07-27 19:53:06,211 - INFO: Loss: 0.537106
2026-07-27 19:53:06,211 - INFO: Training ROC-AUC: 0.500000
2026-07-27 19:53:06,211 - INFO: Validation ROC-AUC: 0.499928
2026-07-27 19:53:20,906 - INFO: Evaluating at iteration 24035
2026-07-27 19:53:22,531 - INFO: Loss: 0.435690
2026-07-27 19:53:22,531 - INFO: Training ROC-AUC: 0.481481
2026-07-27 19:53:22,531 - INFO: Validation ROC-AUC: 0.498177
2026-07-27 19:53:37,227 - INFO: Evaluating at iteration 24535
2026-07-27 19:53:38,853 - INFO: Loss: 0.329068
2026-07-27 19:53:38,853 - INFO: Training ROC-AUC: 0.500000
2026-07-27 19:53:38,853 - INFO: Validation ROC-AUC: 0.500072
2026-07-27 19:53:53,647 - INFO: Evaluating at iteration 25035
2026-07-27 19:53:55,273 - INFO: Loss: 0.336998
2026-07-27 19:53:55,273 - INFO: Training ROC-AUC: 0.500000
2026-07-27 19:53:55,273 - INFO: Validation ROC-AUC: 0.500072
2026-07-27 19:53:57,996 - INFO: Starting epoch 13
2026-07-27 19:53:58,026 - INFO: Evaluating at iteration 25129
2026-07-27 19:53:59,667 - INFO: Loss: 0.434016
2026-07-27 19:53:59,668 - INFO: Training ROC-AUC: 0.481481
2026-07-27 19:53:59,668 - INFO: Validation ROC-AUC: 0.500000
2026-07-27 19:54:14,468 - INFO: Evaluating at iteration 25629
2026-07-27 19:54:16,117 - INFO: Loss: 0.582512
2026-07-27 19:54:16,118 - INFO: Training ROC-AUC: 0.500000
2026-07-27 19:54:16,118 - INFO: Validation ROC-AUC: 0.499928
2026-07-27 19:54:30,804 - INFO: Evaluating at iteration 26129
2026-07-27 19:54:32,432 - INFO: Loss: 0.388339
2026-07-27 19:54:32,432 - INFO: Training ROC-AUC: 0.500000
2026-07-27 19:54:32,432 - INFO: Validation ROC-AUC: 0.499928
2026-07-27 19:54:47,098 - INFO: Evaluating at iteration 26629
2026-07-27 19:54:48,725 - INFO: Loss: 0.640484
2026-07-27 19:54:48,726 - INFO: Training ROC-AUC: 0.500000
2026-07-27 19:54:48,726 - INFO: Validation ROC-AUC: 0.500000
2026-07-27 19:55:03,420 - INFO: Evaluating at iteration 27129
2026-07-27 19:55:05,127 - INFO: Loss: 0.390332
2026-07-27 19:55:05,127 - INFO: Training ROC-AUC: 0.500000
2026-07-27 19:55:05,127 - INFO: Validation ROC-AUC: 0.499928
2026-07-27 19:55:07,917 - INFO: Starting epoch 14
2026-07-27 19:55:07,947 - INFO: Evaluating at iteration 27223
2026-07-27 19:55:09,567 - INFO: Loss: 0.433362
2026-07-27 19:55:09,567 - INFO: Training ROC-AUC: 0.611111
2026-07-27 19:55:09,567 - INFO: Validation ROC-AUC: 0.500072
2026-07-27 19:55:24,208 - INFO: Evaluating at iteration 27723
2026-07-27 19:55:25,848 - INFO: Loss: 0.482882
2026-07-27 19:55:25,849 - INFO: Training ROC-AUC: 0.500000
2026-07-27 19:55:25,849 - INFO: Validation ROC-AUC: 0.500072
2026-07-27 19:55:40,465 - INFO: Evaluating at iteration 28223
2026-07-27 19:55:42,084 - INFO: Loss: 0.433672
2026-07-27 19:55:42,085 - INFO: Training ROC-AUC: 0.500000
2026-07-27 19:55:42,085 - INFO: Validation ROC-AUC: 0.500072
2026-07-27 19:55:56,734 - INFO: Evaluating at iteration 28723
2026-07-27 19:55:58,352 - INFO: Loss: 0.527995
2026-07-27 19:55:58,352 - INFO: Training ROC-AUC: 0.500000
2026-07-27 19:55:58,352 - INFO: Validation ROC-AUC: 0.500072
2026-07-27 19:56:13,357 - INFO: Evaluating at iteration 29223
2026-07-27 19:56:15,075 - INFO: Loss: 0.819294
2026-07-27 19:56:15,075 - INFO: Training ROC-AUC: 0.500000
2026-07-27 19:56:15,075 - INFO: Validation ROC-AUC: 0.500000
2026-07-27 19:56:17,792 - INFO: Starting epoch 15
2026-07-27 19:56:17,822 - INFO: Evaluating at iteration 29317
2026-07-27 19:56:19,504 - INFO: Loss: 0.287508
2026-07-27 19:56:19,504 - INFO: Training ROC-AUC: 0.500000
2026-07-27 19:56:19,504 - INFO: Validation ROC-AUC: 0.499928
2026-07-27 19:56:34,506 - INFO: Evaluating at iteration 29817
2026-07-27 19:56:36,149 - INFO: Loss: 0.599065
2026-07-27 19:56:36,149 - INFO: Training ROC-AUC: 0.500000
2026-07-27 19:56:36,149 - INFO: Validation ROC-AUC: 0.500072
2026-07-27 19:56:50,796 - INFO: Evaluating at iteration 30317
2026-07-27 19:56:52,436 - INFO: Loss: 0.342922
2026-07-27 19:56:52,436 - INFO: Training ROC-AUC: 0.465517
2026-07-27 19:56:52,436 - INFO: Validation ROC-AUC: 0.499928
2026-07-27 19:57:07,188 - INFO: Evaluating at iteration 30817
2026-07-27 19:57:08,801 - INFO: Loss: 0.381256
2026-07-27 19:57:08,801 - INFO: Training ROC-AUC: 0.500000
2026-07-27 19:57:08,801 - INFO: Validation ROC-AUC: 0.500000
2026-07-27 19:57:23,461 - INFO: Evaluating at iteration 31317
2026-07-27 19:57:25,078 - INFO: Loss: 0.484218
2026-07-27 19:57:25,078 - INFO: Training ROC-AUC: 0.500000
2026-07-27 19:57:25,078 - INFO: Validation ROC-AUC: 0.499928
2026-07-27 19:57:27,800 - INFO: Starting epoch 16
2026-07-27 19:57:27,832 - INFO: Evaluating at iteration 31411
2026-07-27 19:57:29,802 - INFO: Loss: 0.380607
2026-07-27 19:57:29,802 - INFO: Training ROC-AUC: 0.517857
2026-07-27 19:57:29,802 - INFO: Validation ROC-AUC: 0.500072
2026-07-27 19:57:44,483 - INFO: Evaluating at iteration 31911
2026-07-27 19:57:46,127 - INFO: Loss: 0.387013
2026-07-27 19:57:46,127 - INFO: Training ROC-AUC: 0.500000
2026-07-27 19:57:46,127 - INFO: Validation ROC-AUC: 0.500072
2026-07-27 19:58:00,786 - INFO: Evaluating at iteration 32411
2026-07-27 19:58:02,400 - INFO: Loss: 0.382075
2026-07-27 19:58:02,400 - INFO: Training ROC-AUC: 0.500000
2026-07-27 19:58:02,400 - INFO: Validation ROC-AUC: 0.500000
2026-07-27 19:58:17,072 - INFO: Evaluating at iteration 32911
2026-07-27 19:58:18,685 - INFO: Loss: 0.484383
2026-07-27 19:58:18,686 - INFO: Training ROC-AUC: 0.480769
2026-07-27 19:58:18,686 - INFO: Validation ROC-AUC: 0.499928
2026-07-27 19:58:33,459 - INFO: Evaluating at iteration 33411
2026-07-27 19:58:35,161 - INFO: Loss: 0.483769
2026-07-27 19:58:35,161 - INFO: Training ROC-AUC: 0.519231
2026-07-27 19:58:35,161 - INFO: Validation ROC-AUC: 0.500072
2026-07-27 19:58:37,921 - INFO: Starting epoch 17
2026-07-27 19:58:37,951 - INFO: Evaluating at iteration 33505
2026-07-27 19:58:39,557 - INFO: Loss: 0.543049
2026-07-27 19:58:39,557 - INFO: Training ROC-AUC: 0.520000
2026-07-27 19:58:39,557 - INFO: Validation ROC-AUC: 0.501751
2026-07-27 19:58:54,222 - INFO: Evaluating at iteration 34005
2026-07-27 19:58:55,863 - INFO: Loss: 0.339822
2026-07-27 19:58:55,864 - INFO: Training ROC-AUC: 0.500000
2026-07-27 19:58:55,864 - INFO: Validation ROC-AUC: 0.500000
2026-07-27 19:59:10,722 - INFO: Evaluating at iteration 34505
2026-07-27 19:59:12,349 - INFO: Loss: 0.537086
2026-07-27 19:59:12,349 - INFO: Training ROC-AUC: 0.520000
2026-07-27 19:59:12,349 - INFO: Validation ROC-AUC: 0.500000
2026-07-27 19:59:27,175 - INFO: Evaluating at iteration 35005
2026-07-27 19:59:28,788 - INFO: Loss: 0.434040
2026-07-27 19:59:28,789 - INFO: Training ROC-AUC: 0.537037
2026-07-27 19:59:28,789 - INFO: Validation ROC-AUC: 0.501823
2026-07-27 19:59:43,532 - INFO: Evaluating at iteration 35505
2026-07-27 19:59:45,142 - INFO: Loss: 0.289633
2026-07-27 19:59:45,142 - INFO: Training ROC-AUC: 0.466667
2026-07-27 19:59:45,142 - INFO: Validation ROC-AUC: 0.499928
2026-07-27 19:59:47,888 - INFO: Starting epoch 18
2026-07-27 19:59:47,919 - INFO: Evaluating at iteration 35599
2026-07-27 19:59:49,584 - INFO: Loss: 0.323613
2026-07-27 19:59:49,585 - INFO: Training ROC-AUC: 0.448276
2026-07-27 19:59:49,585 - INFO: Validation ROC-AUC: 0.501680
2026-07-27 20:00:04,383 - INFO: Evaluating at iteration 36099
2026-07-27 20:00:06,040 - INFO: Loss: 0.482986
2026-07-27 20:00:06,040 - INFO: Training ROC-AUC: 0.461538
2026-07-27 20:00:06,040 - INFO: Validation ROC-AUC: 0.500000
2026-07-27 20:00:20,837 - INFO: Evaluating at iteration 36599
2026-07-27 20:00:22,465 - INFO: Loss: 0.529302
2026-07-27 20:00:22,465 - INFO: Training ROC-AUC: 0.500000
2026-07-27 20:00:22,465 - INFO: Validation ROC-AUC: 0.499928
2026-07-27 20:00:37,224 - INFO: Evaluating at iteration 37099
2026-07-27 20:00:38,848 - INFO: Loss: 0.434947
2026-07-27 20:00:38,848 - INFO: Training ROC-AUC: 0.585185
2026-07-27 20:00:38,848 - INFO: Validation ROC-AUC: 0.500000
2026-07-27 20:00:53,641 - INFO: Evaluating at iteration 37599
2026-07-27 20:00:55,256 - INFO: Loss: 0.300555
2026-07-27 20:00:55,256 - INFO: Training ROC-AUC: 0.500000
2026-07-27 20:00:55,256 - INFO: Validation ROC-AUC: 0.500000
2026-07-27 20:00:58,011 - INFO: Starting epoch 19
2026-07-27 20:00:58,041 - INFO: Evaluating at iteration 37693
2026-07-27 20:00:59,646 - INFO: Loss: 0.331740
2026-07-27 20:00:59,646 - INFO: Training ROC-AUC: 0.500000
2026-07-27 20:00:59,647 - INFO: Validation ROC-AUC: 0.500000
2026-07-27 20:01:14,561 - INFO: Evaluating at iteration 38193
2026-07-27 20:01:16,204 - INFO: Loss: 0.547205
2026-07-27 20:01:16,204 - INFO: Training ROC-AUC: 0.617143
2026-07-27 20:01:16,204 - INFO: Validation ROC-AUC: 0.496215
2026-07-27 20:01:31,417 - INFO: Evaluating at iteration 38693
2026-07-27 20:01:33,029 - INFO: Loss: 0.681386
2026-07-27 20:01:33,029 - INFO: Training ROC-AUC: 0.500000
2026-07-27 20:01:33,029 - INFO: Validation ROC-AUC: 0.500000
2026-07-27 20:01:47,854 - INFO: Evaluating at iteration 39193
2026-07-27 20:01:49,513 - INFO: Loss: 0.527263
2026-07-27 20:01:49,513 - INFO: Training ROC-AUC: 0.500000
2026-07-27 20:01:49,513 - INFO: Validation ROC-AUC: 0.500000
2026-07-27 20:02:04,310 - INFO: Evaluating at iteration 39693
2026-07-27 20:02:05,975 - INFO: Loss: 0.486252
2026-07-27 20:02:05,975 - INFO: Training ROC-AUC: 0.500000
2026-07-27 20:02:05,975 - INFO: Validation ROC-AUC: 0.500000
2026-07-27 20:02:08,808 - INFO: Starting epoch 20
2026-07-27 20:02:08,838 - INFO: Evaluating at iteration 39787
2026-07-27 20:02:10,445 - INFO: Loss: 0.385809
2026-07-27 20:02:10,445 - INFO: Training ROC-AUC: 0.517857
2026-07-27 20:02:10,445 - INFO: Validation ROC-AUC: 0.499928
2026-07-27 20:02:25,438 - INFO: Evaluating at iteration 40287
2026-07-27 20:02:27,074 - INFO: Loss: 0.485224
2026-07-27 20:02:27,075 - INFO: Training ROC-AUC: 0.500000
2026-07-27 20:02:27,075 - INFO: Validation ROC-AUC: 0.500000
2026-07-27 20:02:41,955 - INFO: Evaluating at iteration 40787
2026-07-27 20:02:43,562 - INFO: Loss: 0.380574
2026-07-27 20:02:43,562 - INFO: Training ROC-AUC: 0.500000
2026-07-27 20:02:43,562 - INFO: Validation ROC-AUC: 0.500072
2026-07-27 20:02:58,419 - INFO: Evaluating at iteration 41287
2026-07-27 20:03:00,040 - INFO: Loss: 0.265983
2026-07-27 20:03:00,041 - INFO: Training ROC-AUC: 0.250000
2026-07-27 20:03:00,041 - INFO: Validation ROC-AUC: 0.500000
2026-07-27 20:03:14,985 - INFO: Evaluating at iteration 41787
2026-07-27 20:03:16,595 - INFO: Loss: 0.433863
2026-07-27 20:03:16,595 - INFO: Training ROC-AUC: 0.500000
2026-07-27 20:03:16,595 - INFO: Validation ROC-AUC: 0.500000
2026-07-27 20:03:19,413 - INFO: Starting epoch 21
2026-07-27 20:03:19,453 - INFO: Evaluating at iteration 41881
2026-07-27 20:03:21,093 - INFO: Loss: 0.526748
2026-07-27 20:03:21,093 - INFO: Training ROC-AUC: 0.520000
2026-07-27 20:03:21,093 - INFO: Validation ROC-AUC: 0.499928
2026-07-27 20:03:35,969 - INFO: Evaluating at iteration 42381
2026-07-27 20:03:37,600 - INFO: Loss: 0.378744
2026-07-27 20:03:37,600 - INFO: Training ROC-AUC: 0.500000
2026-07-27 20:03:37,600 - INFO: Validation ROC-AUC: 0.501823
2026-07-27 20:03:52,439 - INFO: Evaluating at iteration 42881
2026-07-27 20:03:54,053 - INFO: Loss: 0.386253
2026-07-27 20:03:54,053 - INFO: Training ROC-AUC: 0.500000
2026-07-27 20:03:54,053 - INFO: Validation ROC-AUC: 0.499928
2026-07-27 20:04:09,061 - INFO: Evaluating at iteration 43381
2026-07-27 20:04:10,681 - INFO: Loss: 0.434729
2026-07-27 20:04:10,681 - INFO: Training ROC-AUC: 0.500000
2026-07-27 20:04:10,681 - INFO: Validation ROC-AUC: 0.500000
2026-07-27 20:04:25,548 - INFO: Evaluating at iteration 43881
2026-07-27 20:04:27,161 - INFO: Loss: 0.326843
2026-07-27 20:04:27,161 - INFO: Training ROC-AUC: 0.505747
2026-07-27 20:04:27,161 - INFO: Validation ROC-AUC: 0.502577
2026-07-27 20:04:29,931 - INFO: Starting epoch 22
2026-07-27 20:04:29,962 - INFO: Evaluating at iteration 43975
2026-07-27 20:04:31,595 - INFO: Loss: 0.385423
2026-07-27 20:04:31,595 - INFO: Training ROC-AUC: 0.446429
2026-07-27 20:04:31,595 - INFO: Validation ROC-AUC: 0.499928
2026-07-27 20:04:46,493 - INFO: Evaluating at iteration 44475
2026-07-27 20:04:48,107 - INFO: Loss: 0.591838
2026-07-27 20:04:48,107 - INFO: Training ROC-AUC: 0.479167
2026-07-27 20:04:48,107 - INFO: Validation ROC-AUC: 0.500000
2026-07-27 20:05:03,034 - INFO: Evaluating at iteration 44975
2026-07-27 20:05:04,689 - INFO: Loss: 0.435806
2026-07-27 20:05:04,690 - INFO: Training ROC-AUC: 0.500000
2026-07-27 20:05:04,690 - INFO: Validation ROC-AUC: 0.500072
2026-07-27 20:05:19,734 - INFO: Evaluating at iteration 45475
2026-07-27 20:05:21,489 - INFO: Loss: 0.537697
2026-07-27 20:05:21,489 - INFO: Training ROC-AUC: 0.500000
2026-07-27 20:05:21,489 - INFO: Validation ROC-AUC: 0.500000
2026-07-27 20:05:36,407 - INFO: Evaluating at iteration 45975
2026-07-27 20:05:38,020 - INFO: Loss: 0.485446
2026-07-27 20:05:38,020 - INFO: Training ROC-AUC: 0.500000
2026-07-27 20:05:38,020 - INFO: Validation ROC-AUC: 0.498177
2026-07-27 20:05:40,796 - INFO: Starting epoch 23
2026-07-27 20:05:40,826 - INFO: Evaluating at iteration 46069
2026-07-27 20:05:42,455 - INFO: Loss: 0.330329
2026-07-27 20:05:42,455 - INFO: Training ROC-AUC: 0.500000
2026-07-27 20:05:42,455 - INFO: Validation ROC-AUC: 0.501823
2026-07-27 20:05:57,386 - INFO: Evaluating at iteration 46569
2026-07-27 20:05:59,000 - INFO: Loss: 0.433844
2026-07-27 20:05:59,000 - INFO: Training ROC-AUC: 0.481481
2026-07-27 20:05:59,000 - INFO: Validation ROC-AUC: 0.500072
2026-07-27 20:06:14,367 - INFO: Evaluating at iteration 47069
2026-07-27 20:06:15,981 - INFO: Loss: 0.648567
2026-07-27 20:06:15,981 - INFO: Training ROC-AUC: 0.500000
2026-07-27 20:06:15,981 - INFO: Validation ROC-AUC: 0.500000
2026-07-27 20:06:30,921 - INFO: Evaluating at iteration 47569
2026-07-27 20:06:32,536 - INFO: Loss: 0.383155
2026-07-27 20:06:32,537 - INFO: Training ROC-AUC: 0.500000
2026-07-27 20:06:32,537 - INFO: Validation ROC-AUC: 0.500000
2026-07-27 20:06:47,478 - INFO: Evaluating at iteration 48069
2026-07-27 20:06:49,194 - INFO: Loss: 0.533870
2026-07-27 20:06:49,194 - INFO: Training ROC-AUC: 0.480000
2026-07-27 20:06:49,194 - INFO: Validation ROC-AUC: 0.500072
2026-07-27 20:06:52,059 - INFO: Starting epoch 24
2026-07-27 20:06:52,089 - INFO: Evaluating at iteration 48163
2026-07-27 20:06:53,703 - INFO: Loss: 0.484024
2026-07-27 20:06:53,703 - INFO: Training ROC-AUC: 0.500000
2026-07-27 20:06:53,703 - INFO: Validation ROC-AUC: 0.499928
2026-07-27 20:07:08,721 - INFO: Evaluating at iteration 48663
2026-07-27 20:07:10,338 - INFO: Loss: 0.380185
2026-07-27 20:07:10,338 - INFO: Training ROC-AUC: 0.500000
2026-07-27 20:07:10,338 - INFO: Validation ROC-AUC: 0.501680
2026-07-27 20:07:25,276 - INFO: Evaluating at iteration 49163
2026-07-27 20:07:26,892 - INFO: Loss: 0.434983
2026-07-27 20:07:26,893 - INFO: Training ROC-AUC: 0.500000
2026-07-27 20:07:26,893 - INFO: Validation ROC-AUC: 0.499928
2026-07-27 20:07:41,969 - INFO: Evaluating at iteration 49663
2026-07-27 20:07:43,581 - INFO: Loss: 0.529190
2026-07-27 20:07:43,581 - INFO: Training ROC-AUC: 0.500000
2026-07-27 20:07:43,582 - INFO: Validation ROC-AUC: 0.500072
2026-07-27 20:07:58,546 - INFO: Evaluating at iteration 50163
2026-07-27 20:08:00,174 - INFO: Loss: 0.483798
2026-07-27 20:08:00,175 - INFO: Training ROC-AUC: 0.500000
2026-07-27 20:08:00,175 - INFO: Validation ROC-AUC: 0.500072
2026-07-27 20:08:02,952 - INFO: Starting epoch 25
2026-07-27 20:08:02,982 - INFO: Evaluating at iteration 50257
2026-07-27 20:08:04,655 - INFO: Loss: 0.629473
2026-07-27 20:08:04,655 - INFO: Training ROC-AUC: 0.500000
2026-07-27 20:08:04,655 - INFO: Validation ROC-AUC: 0.500000
2026-07-27 20:08:19,655 - INFO: Evaluating at iteration 50757
2026-07-27 20:08:21,298 - INFO: Loss: 0.483101
2026-07-27 20:08:21,298 - INFO: Training ROC-AUC: 0.500000
2026-07-27 20:08:21,298 - INFO: Validation ROC-AUC: 0.499928
2026-07-27 20:08:36,252 - INFO: Evaluating at iteration 51257
2026-07-27 20:08:37,862 - INFO: Loss: 0.234532
2026-07-27 20:08:37,862 - INFO: Training ROC-AUC: 0.532258
2026-07-27 20:08:37,862 - INFO: Validation ROC-AUC: 0.500072
2026-07-27 20:08:52,984 - INFO: Evaluating at iteration 51757
2026-07-27 20:08:54,620 - INFO: Loss: 0.333326
2026-07-27 20:08:54,620 - INFO: Training ROC-AUC: 0.517241
2026-07-27 20:08:54,620 - INFO: Validation ROC-AUC: 0.499928
2026-07-27 20:09:09,649 - INFO: Evaluating at iteration 52257
2026-07-27 20:09:11,303 - INFO: Loss: 0.482813
2026-07-27 20:09:11,303 - INFO: Training ROC-AUC: 0.538462
2026-07-27 20:09:11,303 - INFO: Validation ROC-AUC: 0.500000
2026-07-27 20:09:14,129 - INFO: Saving model to models/NetTCR_random_split/model_3.pt
2026-07-27 20:09:14,141 - INFO: Starting fold 4
2026-07-27 20:09:14,143 - INFO: Initialising model
2026-07-27 20:09:14,153 - INFO: Starting training
2026-07-27 20:09:14,153 - INFO: Starting epoch 1
2026-07-27 20:09:14,184 - INFO: Evaluating at iteration 1
2026-07-27 20:09:15,866 - INFO: Loss: 0.671466
2026-07-27 20:09:15,867 - INFO: Training ROC-AUC: 0.330357
2026-07-27 20:09:15,867 - INFO: Validation ROC-AUC: 0.500588
2026-07-27 20:09:30,216 - INFO: Evaluating at iteration 501
2026-07-27 20:09:31,900 - INFO: Loss: 0.489599
2026-07-27 20:09:31,901 - INFO: Training ROC-AUC: 0.378205
2026-07-27 20:09:31,901 - INFO: Validation ROC-AUC: 0.498039
2026-07-27 20:09:46,297 - INFO: Evaluating at iteration 1001
2026-07-27 20:09:47,980 - INFO: Loss: 0.286468
2026-07-27 20:09:47,981 - INFO: Training ROC-AUC: 0.466667
2026-07-27 20:09:47,981 - INFO: Validation ROC-AUC: 0.496869
2026-07-27 20:10:02,434 - INFO: Evaluating at iteration 1501
2026-07-27 20:10:04,129 - INFO: Loss: 0.344420
2026-07-27 20:10:04,129 - INFO: Training ROC-AUC: 0.367816
2026-07-27 20:10:04,129 - INFO: Validation ROC-AUC: 0.498935
2026-07-27 20:10:18,625 - INFO: Evaluating at iteration 2001
2026-07-27 20:10:20,472 - INFO: Loss: 0.383394
2026-07-27 20:10:20,472 - INFO: Training ROC-AUC: 0.437500
2026-07-27 20:10:20,472 - INFO: Validation ROC-AUC: 0.494520
2026-07-27 20:10:23,305 - INFO: Starting epoch 2
2026-07-27 20:10:23,335 - INFO: Evaluating at iteration 2095
2026-07-27 20:10:25,042 - INFO: Loss: 0.247428
2026-07-27 20:10:25,042 - INFO: Training ROC-AUC: 0.903226
2026-07-27 20:10:25,042 - INFO: Validation ROC-AUC: 0.494050
2026-07-27 20:10:39,448 - INFO: Evaluating at iteration 2595
2026-07-27 20:10:41,103 - INFO: Loss: 0.434236
2026-07-27 20:10:41,103 - INFO: Training ROC-AUC: 0.266667
2026-07-27 20:10:41,103 - INFO: Validation ROC-AUC: 0.491730
2026-07-27 20:10:55,460 - INFO: Evaluating at iteration 3095
2026-07-27 20:10:57,123 - INFO: Loss: 0.485231
2026-07-27 20:10:57,123 - INFO: Training ROC-AUC: 0.429487
2026-07-27 20:10:57,123 - INFO: Validation ROC-AUC: 0.481442
2026-07-27 20:11:11,925 - INFO: Evaluating at iteration 3595
2026-07-27 20:11:13,714 - INFO: Loss: 0.622210
2026-07-27 20:11:13,715 - INFO: Training ROC-AUC: 0.473958
2026-07-27 20:11:13,715 - INFO: Validation ROC-AUC: 0.458226
2026-07-27 20:11:28,170 - INFO: Evaluating at iteration 4095
2026-07-27 20:11:29,783 - INFO: Loss: 0.425515
2026-07-27 20:11:29,783 - INFO: Training ROC-AUC: 0.488889
2026-07-27 20:11:29,783 - INFO: Validation ROC-AUC: 0.563499
2026-07-27 20:11:32,444 - INFO: Starting epoch 3
2026-07-27 20:11:32,474 - INFO: Evaluating at iteration 4189
2026-07-27 20:11:34,084 - INFO: Loss: 0.319698
2026-07-27 20:11:34,084 - INFO: Training ROC-AUC: 0.609195
2026-07-27 20:11:34,084 - INFO: Validation ROC-AUC: 0.568391
2026-07-27 20:11:48,475 - INFO: Evaluating at iteration 4689
2026-07-27 20:11:50,166 - INFO: Loss: 0.445642
2026-07-27 20:11:50,166 - INFO: Training ROC-AUC: 0.346154
2026-07-27 20:11:50,166 - INFO: Validation ROC-AUC: 0.641264
2026-07-27 20:12:04,542 - INFO: Evaluating at iteration 5189
2026-07-27 20:12:06,174 - INFO: Loss: 0.424563
2026-07-27 20:12:06,174 - INFO: Training ROC-AUC: 0.762821
2026-07-27 20:12:06,174 - INFO: Validation ROC-AUC: 0.652397
2026-07-27 20:12:20,628 - INFO: Evaluating at iteration 5689
2026-07-27 20:12:22,244 - INFO: Loss: 0.425737
2026-07-27 20:12:22,244 - INFO: Training ROC-AUC: 0.570513
2026-07-27 20:12:22,244 - INFO: Validation ROC-AUC: 0.647971
2026-07-27 20:12:36,697 - INFO: Evaluating at iteration 6189
2026-07-27 20:12:38,296 - INFO: Loss: 0.433842
2026-07-27 20:12:38,296 - INFO: Training ROC-AUC: 0.459259
2026-07-27 20:12:38,296 - INFO: Validation ROC-AUC: 0.657019
2026-07-27 20:12:40,991 - INFO: Starting epoch 4
2026-07-27 20:12:41,021 - INFO: Evaluating at iteration 6283
2026-07-27 20:12:42,624 - INFO: Loss: 0.263365
2026-07-27 20:12:42,624 - INFO: Training ROC-AUC: 0.767857
2026-07-27 20:12:42,624 - INFO: Validation ROC-AUC: 0.643171
2026-07-27 20:12:57,104 - INFO: Evaluating at iteration 6783
2026-07-27 20:12:58,702 - INFO: Loss: 0.426758
2026-07-27 20:12:58,702 - INFO: Training ROC-AUC: 0.698718
2026-07-27 20:12:58,702 - INFO: Validation ROC-AUC: 0.668786
2026-07-27 20:13:13,218 - INFO: Evaluating at iteration 7283
2026-07-27 20:13:14,816 - INFO: Loss: 0.360423
2026-07-27 20:13:14,816 - INFO: Training ROC-AUC: 0.607143
2026-07-27 20:13:14,816 - INFO: Validation ROC-AUC: 0.679574
2026-07-27 20:13:29,416 - INFO: Evaluating at iteration 7783
2026-07-27 20:13:31,026 - INFO: Loss: 0.351833
2026-07-27 20:13:31,026 - INFO: Training ROC-AUC: 0.769231
2026-07-27 20:13:31,026 - INFO: Validation ROC-AUC: 0.708462
2026-07-27 20:13:45,519 - INFO: Evaluating at iteration 8283
2026-07-27 20:13:47,103 - INFO: Loss: 0.333933
2026-07-27 20:13:47,103 - INFO: Training ROC-AUC: 0.390805
2026-07-27 20:13:47,103 - INFO: Validation ROC-AUC: 0.737678
2026-07-27 20:13:49,884 - INFO: Starting epoch 5
2026-07-27 20:13:49,914 - INFO: Evaluating at iteration 8377
2026-07-27 20:13:51,526 - INFO: Loss: 0.383161
2026-07-27 20:13:51,526 - INFO: Training ROC-AUC: 0.807407
2026-07-27 20:13:51,526 - INFO: Validation ROC-AUC: 0.738458
2026-07-27 20:14:06,146 - INFO: Evaluating at iteration 8877
2026-07-27 20:14:07,747 - INFO: Loss: 0.501728
2026-07-27 20:14:07,747 - INFO: Training ROC-AUC: 0.771429
2026-07-27 20:14:07,747 - INFO: Validation ROC-AUC: 0.756372
2026-07-27 20:14:22,211 - INFO: Evaluating at iteration 9377
2026-07-27 20:14:23,846 - INFO: Loss: 0.508015
2026-07-27 20:14:23,846 - INFO: Training ROC-AUC: 0.854167
2026-07-27 20:14:23,846 - INFO: Validation ROC-AUC: 0.767189
2026-07-27 20:14:38,386 - INFO: Evaluating at iteration 9877
2026-07-27 20:14:39,994 - INFO: Loss: 0.332045
2026-07-27 20:14:39,994 - INFO: Training ROC-AUC: 0.705357
2026-07-27 20:14:39,994 - INFO: Validation ROC-AUC: 0.781262
2026-07-27 20:14:54,477 - INFO: Evaluating at iteration 10377
2026-07-27 20:14:56,073 - INFO: Loss: 0.293458
2026-07-27 20:14:56,073 - INFO: Training ROC-AUC: 0.822222
2026-07-27 20:14:56,073 - INFO: Validation ROC-AUC: 0.789319
2026-07-27 20:14:58,755 - INFO: Starting epoch 6
2026-07-27 20:14:58,785 - INFO: Evaluating at iteration 10471
2026-07-27 20:15:00,368 - INFO: Loss: 0.178689
2026-07-27 20:15:00,368 - INFO: Training ROC-AUC: 0.933333
2026-07-27 20:15:00,368 - INFO: Validation ROC-AUC: 0.789062
2026-07-27 20:15:15,011 - INFO: Evaluating at iteration 10971
2026-07-27 20:15:16,596 - INFO: Loss: 0.395286
2026-07-27 20:15:16,596 - INFO: Training ROC-AUC: 0.801282
2026-07-27 20:15:16,596 - INFO: Validation ROC-AUC: 0.790841
2026-07-27 20:15:31,056 - INFO: Evaluating at iteration 11471
2026-07-27 20:15:32,654 - INFO: Loss: 0.323438
2026-07-27 20:15:32,655 - INFO: Training ROC-AUC: 0.794643
2026-07-27 20:15:32,655 - INFO: Validation ROC-AUC: 0.790747
2026-07-27 20:15:47,118 - INFO: Evaluating at iteration 11971
2026-07-27 20:15:48,705 - INFO: Loss: 0.525468
2026-07-27 20:15:48,705 - INFO: Training ROC-AUC: 0.710145
2026-07-27 20:15:48,705 - INFO: Validation ROC-AUC: 0.790018
2026-07-27 20:16:03,147 - INFO: Evaluating at iteration 12471
2026-07-27 20:16:04,774 - INFO: Loss: 0.364467
2026-07-27 20:16:04,774 - INFO: Training ROC-AUC: 0.807692
2026-07-27 20:16:04,774 - INFO: Validation ROC-AUC: 0.792451
2026-07-27 20:16:07,500 - INFO: Starting epoch 7
2026-07-27 20:16:07,530 - INFO: Evaluating at iteration 12565
2026-07-27 20:16:09,105 - INFO: Loss: 0.269013
2026-07-27 20:16:09,105 - INFO: Training ROC-AUC: 0.724138
2026-07-27 20:16:09,105 - INFO: Validation ROC-AUC: 0.791209
2026-07-27 20:16:23,997 - INFO: Evaluating at iteration 13065
2026-07-27 20:16:25,577 - INFO: Loss: 0.402344
2026-07-27 20:16:25,577 - INFO: Training ROC-AUC: 0.857143
2026-07-27 20:16:25,577 - INFO: Validation ROC-AUC: 0.792456
2026-07-27 20:16:40,044 - INFO: Evaluating at iteration 13565
2026-07-27 20:16:41,644 - INFO: Loss: 0.405959
2026-07-27 20:16:41,644 - INFO: Training ROC-AUC: 0.839744
2026-07-27 20:16:41,644 - INFO: Validation ROC-AUC: 0.795665
2026-07-27 20:16:56,127 - INFO: Evaluating at iteration 14065
2026-07-27 20:16:57,704 - INFO: Loss: 0.484588
2026-07-27 20:16:57,705 - INFO: Training ROC-AUC: 0.748571
2026-07-27 20:16:57,705 - INFO: Validation ROC-AUC: 0.803798
2026-07-27 20:17:12,245 - INFO: Evaluating at iteration 14565
2026-07-27 20:17:13,815 - INFO: Loss: 0.291782
2026-07-27 20:17:13,815 - INFO: Training ROC-AUC: 0.801282
2026-07-27 20:17:13,815 - INFO: Validation ROC-AUC: 0.801429
2026-07-27 20:17:16,504 - INFO: Starting epoch 8
2026-07-27 20:17:16,534 - INFO: Evaluating at iteration 14659
2026-07-27 20:17:18,103 - INFO: Loss: 0.240210
2026-07-27 20:17:18,103 - INFO: Training ROC-AUC: 0.803571
2026-07-27 20:17:18,103 - INFO: Validation ROC-AUC: 0.803808
2026-07-27 20:17:32,694 - INFO: Evaluating at iteration 15159
2026-07-27 20:17:34,287 - INFO: Loss: 0.321921
2026-07-27 20:17:34,287 - INFO: Training ROC-AUC: 0.758929
2026-07-27 20:17:34,287 - INFO: Validation ROC-AUC: 0.806878
2026-07-27 20:17:48,723 - INFO: Evaluating at iteration 15659
2026-07-27 20:17:50,402 - INFO: Loss: 0.385430
2026-07-27 20:17:50,402 - INFO: Training ROC-AUC: 0.607143
2026-07-27 20:17:50,402 - INFO: Validation ROC-AUC: 0.810932
2026-07-27 20:18:04,828 - INFO: Evaluating at iteration 16159
2026-07-27 20:18:06,425 - INFO: Loss: 0.540711
2026-07-27 20:18:06,425 - INFO: Training ROC-AUC: 0.722944
2026-07-27 20:18:06,425 - INFO: Validation ROC-AUC: 0.807461
2026-07-27 20:18:20,865 - INFO: Evaluating at iteration 16659
2026-07-27 20:18:22,435 - INFO: Loss: 0.352138
2026-07-27 20:18:22,435 - INFO: Training ROC-AUC: 0.714286
2026-07-27 20:18:22,435 - INFO: Validation ROC-AUC: 0.809732
2026-07-27 20:18:25,118 - INFO: Starting epoch 9
2026-07-27 20:18:25,148 - INFO: Evaluating at iteration 16753
2026-07-27 20:18:26,722 - INFO: Loss: 0.512756
2026-07-27 20:18:26,722 - INFO: Training ROC-AUC: 0.874396
2026-07-27 20:18:26,722 - INFO: Validation ROC-AUC: 0.812066
2026-07-27 20:18:41,188 - INFO: Evaluating at iteration 17253
2026-07-27 20:18:42,755 - INFO: Loss: 0.134855
2026-07-27 20:18:42,755 - INFO: Training ROC-AUC: 1.000000
2026-07-27 20:18:42,755 - INFO: Validation ROC-AUC: 0.818906
2026-07-27 20:18:57,204 - INFO: Evaluating at iteration 17753
2026-07-27 20:18:58,770 - INFO: Loss: 0.196139
2026-07-27 20:18:58,770 - INFO: Training ROC-AUC: 0.677419
2026-07-27 20:18:58,770 - INFO: Validation ROC-AUC: 0.812423
2026-07-27 20:19:13,419 - INFO: Evaluating at iteration 18253
2026-07-27 20:19:15,004 - INFO: Loss: 0.170848
2026-07-27 20:19:15,005 - INFO: Training ROC-AUC: 1.000000
2026-07-27 20:19:15,005 - INFO: Validation ROC-AUC: 0.819069
2026-07-27 20:19:29,461 - INFO: Evaluating at iteration 18753
2026-07-27 20:19:31,031 - INFO: Loss: 0.372898
2026-07-27 20:19:31,032 - INFO: Training ROC-AUC: 0.659259
2026-07-27 20:19:31,032 - INFO: Validation ROC-AUC: 0.823480
2026-07-27 20:19:33,702 - INFO: Starting epoch 10
2026-07-27 20:19:33,731 - INFO: Evaluating at iteration 18847
2026-07-27 20:19:35,383 - INFO: Loss: 0.288353
2026-07-27 20:19:35,383 - INFO: Training ROC-AUC: 0.878205
2026-07-27 20:19:35,383 - INFO: Validation ROC-AUC: 0.823290
2026-07-27 20:19:49,822 - INFO: Evaluating at iteration 19347
2026-07-27 20:19:51,419 - INFO: Loss: 0.484131
2026-07-27 20:19:51,419 - INFO: Training ROC-AUC: 0.838542
2026-07-27 20:19:51,419 - INFO: Validation ROC-AUC: 0.820133
2026-07-27 20:20:05,967 - INFO: Evaluating at iteration 19847
2026-07-27 20:20:07,565 - INFO: Loss: 0.417279
2026-07-27 20:20:07,566 - INFO: Training ROC-AUC: 0.874396
2026-07-27 20:20:07,566 - INFO: Validation ROC-AUC: 0.826469
2026-07-27 20:20:22,483 - INFO: Evaluating at iteration 20347
2026-07-27 20:20:24,085 - INFO: Loss: 0.491679
2026-07-27 20:20:24,086 - INFO: Training ROC-AUC: 0.674286
2026-07-27 20:20:24,086 - INFO: Validation ROC-AUC: 0.824321
2026-07-27 20:20:38,602 - INFO: Evaluating at iteration 20847
2026-07-27 20:20:40,165 - INFO: Loss: 0.429248
2026-07-27 20:20:40,165 - INFO: Training ROC-AUC: 0.786458
2026-07-27 20:20:40,165 - INFO: Validation ROC-AUC: 0.820467
2026-07-27 20:20:42,848 - INFO: Starting epoch 11
2026-07-27 20:20:42,879 - INFO: Evaluating at iteration 20941
2026-07-27 20:20:44,442 - INFO: Loss: 0.225499
2026-07-27 20:20:44,442 - INFO: Training ROC-AUC: 0.908046
2026-07-27 20:20:44,442 - INFO: Validation ROC-AUC: 0.817689
2026-07-27 20:20:58,904 - INFO: Evaluating at iteration 21441
2026-07-27 20:21:00,470 - INFO: Loss: 0.378394
2026-07-27 20:21:00,470 - INFO: Training ROC-AUC: 0.794286
2026-07-27 20:21:00,470 - INFO: Validation ROC-AUC: 0.818986
2026-07-27 20:21:14,974 - INFO: Evaluating at iteration 21941
2026-07-27 20:21:16,537 - INFO: Loss: 0.357177
2026-07-27 20:21:16,537 - INFO: Training ROC-AUC: 0.785185
2026-07-27 20:21:16,537 - INFO: Validation ROC-AUC: 0.824588
2026-07-27 20:21:31,017 - INFO: Evaluating at iteration 22441
2026-07-27 20:21:32,581 - INFO: Loss: 0.333306
2026-07-27 20:21:32,581 - INFO: Training ROC-AUC: 0.859259
2026-07-27 20:21:32,581 - INFO: Validation ROC-AUC: 0.817082
2026-07-27 20:21:47,039 - INFO: Evaluating at iteration 22941
2026-07-27 20:21:48,712 - INFO: Loss: 0.366706
2026-07-27 20:21:48,712 - INFO: Training ROC-AUC: 0.755556
2026-07-27 20:21:48,712 - INFO: Validation ROC-AUC: 0.826131
2026-07-27 20:21:51,517 - INFO: Starting epoch 12
2026-07-27 20:21:51,547 - INFO: Evaluating at iteration 23035
2026-07-27 20:21:53,108 - INFO: Loss: 0.341317
2026-07-27 20:21:53,108 - INFO: Training ROC-AUC: 0.814815
2026-07-27 20:21:53,108 - INFO: Validation ROC-AUC: 0.824526
2026-07-27 20:22:07,631 - INFO: Evaluating at iteration 23535
2026-07-27 20:22:09,196 - INFO: Loss: 0.410911
2026-07-27 20:22:09,196 - INFO: Training ROC-AUC: 0.724359
2026-07-27 20:22:09,196 - INFO: Validation ROC-AUC: 0.825821
2026-07-27 20:22:23,651 - INFO: Evaluating at iteration 24035
2026-07-27 20:22:25,213 - INFO: Loss: 0.448098
2026-07-27 20:22:25,213 - INFO: Training ROC-AUC: 0.854167
2026-07-27 20:22:25,213 - INFO: Validation ROC-AUC: 0.830095
2026-07-27 20:22:39,795 - INFO: Evaluating at iteration 24535
2026-07-27 20:22:41,384 - INFO: Loss: 0.296215
2026-07-27 20:22:41,384 - INFO: Training ROC-AUC: 0.865385
2026-07-27 20:22:41,384 - INFO: Validation ROC-AUC: 0.828385
2026-07-27 20:22:55,886 - INFO: Evaluating at iteration 25035
2026-07-27 20:22:57,446 - INFO: Loss: 0.408842
2026-07-27 20:22:57,446 - INFO: Training ROC-AUC: 0.674074
2026-07-27 20:22:57,446 - INFO: Validation ROC-AUC: 0.833508
2026-07-27 20:23:00,146 - INFO: Starting epoch 13
2026-07-27 20:23:00,177 - INFO: Evaluating at iteration 25129
2026-07-27 20:23:01,732 - INFO: Loss: 0.283838
2026-07-27 20:23:01,732 - INFO: Training ROC-AUC: 0.871795
2026-07-27 20:23:01,732 - INFO: Validation ROC-AUC: 0.830896
2026-07-27 20:23:16,294 - INFO: Evaluating at iteration 25629
2026-07-27 20:23:17,857 - INFO: Loss: 0.424168
2026-07-27 20:23:17,857 - INFO: Training ROC-AUC: 0.782857
2026-07-27 20:23:17,858 - INFO: Validation ROC-AUC: 0.826648
2026-07-27 20:23:32,335 - INFO: Evaluating at iteration 26129
2026-07-27 20:23:33,895 - INFO: Loss: 0.387997
2026-07-27 20:23:33,895 - INFO: Training ROC-AUC: 0.801282
2026-07-27 20:23:33,895 - INFO: Validation ROC-AUC: 0.834862
2026-07-27 20:23:48,418 - INFO: Evaluating at iteration 26629
2026-07-27 20:23:50,092 - INFO: Loss: 0.301941
2026-07-27 20:23:50,092 - INFO: Training ROC-AUC: 0.741071
2026-07-27 20:23:50,092 - INFO: Validation ROC-AUC: 0.834791
2026-07-27 20:24:04,552 - INFO: Evaluating at iteration 27129
2026-07-27 20:24:06,135 - INFO: Loss: 0.296431
2026-07-27 20:24:06,135 - INFO: Training ROC-AUC: 0.716667
2026-07-27 20:24:06,135 - INFO: Validation ROC-AUC: 0.839029
2026-07-27 20:24:08,825 - INFO: Starting epoch 14
2026-07-27 20:24:08,855 - INFO: Evaluating at iteration 27223
2026-07-27 20:24:10,419 - INFO: Loss: 0.408891
2026-07-27 20:24:10,419 - INFO: Training ROC-AUC: 0.607143
2026-07-27 20:24:10,419 - INFO: Validation ROC-AUC: 0.832652
2026-07-27 20:24:25,041 - INFO: Evaluating at iteration 27723
2026-07-27 20:24:26,599 - INFO: Loss: 0.360564
2026-07-27 20:24:26,599 - INFO: Training ROC-AUC: 0.769231
2026-07-27 20:24:26,599 - INFO: Validation ROC-AUC: 0.834123
2026-07-27 20:24:41,115 - INFO: Evaluating at iteration 28223
2026-07-27 20:24:42,674 - INFO: Loss: 0.431966
2026-07-27 20:24:42,674 - INFO: Training ROC-AUC: 0.885714
2026-07-27 20:24:42,674 - INFO: Validation ROC-AUC: 0.836290
2026-07-27 20:24:57,194 - INFO: Evaluating at iteration 28723
2026-07-27 20:24:58,778 - INFO: Loss: 0.414071
2026-07-27 20:24:58,778 - INFO: Training ROC-AUC: 0.801282
2026-07-27 20:24:58,778 - INFO: Validation ROC-AUC: 0.836086
2026-07-27 20:25:13,373 - INFO: Evaluating at iteration 29223
2026-07-27 20:25:14,930 - INFO: Loss: 0.464620
2026-07-27 20:25:14,930 - INFO: Training ROC-AUC: 0.714286
2026-07-27 20:25:14,930 - INFO: Validation ROC-AUC: 0.838980
2026-07-27 20:25:17,619 - INFO: Starting epoch 15
2026-07-27 20:25:17,648 - INFO: Evaluating at iteration 29317
2026-07-27 20:25:19,208 - INFO: Loss: 0.325324
2026-07-27 20:25:19,209 - INFO: Training ROC-AUC: 0.918519
2026-07-27 20:25:19,209 - INFO: Validation ROC-AUC: 0.839131
2026-07-27 20:25:33,702 - INFO: Evaluating at iteration 29817
2026-07-27 20:25:35,344 - INFO: Loss: 0.333943
2026-07-27 20:25:35,344 - INFO: Training ROC-AUC: 0.862857
2026-07-27 20:25:35,344 - INFO: Validation ROC-AUC: 0.840142
2026-07-27 20:25:49,835 - INFO: Evaluating at iteration 30317
2026-07-27 20:25:51,448 - INFO: Loss: 0.195801
2026-07-27 20:25:51,449 - INFO: Training ROC-AUC: 0.862069
2026-07-27 20:25:51,449 - INFO: Validation ROC-AUC: 0.845043
2026-07-27 20:26:05,957 - INFO: Evaluating at iteration 30817
2026-07-27 20:26:07,525 - INFO: Loss: 0.304858
2026-07-27 20:26:07,525 - INFO: Training ROC-AUC: 0.937143
2026-07-27 20:26:07,525 - INFO: Validation ROC-AUC: 0.843392
2026-07-27 20:26:22,914 - INFO: Evaluating at iteration 31317
2026-07-27 20:26:24,478 - INFO: Loss: 0.357012
2026-07-27 20:26:24,478 - INFO: Training ROC-AUC: 0.792593
2026-07-27 20:26:24,478 - INFO: Validation ROC-AUC: 0.845076
2026-07-27 20:26:27,425 - INFO: Starting epoch 16
2026-07-27 20:26:27,455 - INFO: Evaluating at iteration 31411
2026-07-27 20:26:29,013 - INFO: Loss: 0.329740
2026-07-27 20:26:29,013 - INFO: Training ROC-AUC: 0.906250
2026-07-27 20:26:29,013 - INFO: Validation ROC-AUC: 0.840906
2026-07-27 20:26:43,541 - INFO: Evaluating at iteration 31911
2026-07-27 20:26:45,101 - INFO: Loss: 0.237261
2026-07-27 20:26:45,101 - INFO: Training ROC-AUC: 0.850575
2026-07-27 20:26:45,101 - INFO: Validation ROC-AUC: 0.844629
2026-07-27 20:26:59,656 - INFO: Evaluating at iteration 32411
2026-07-27 20:27:01,229 - INFO: Loss: 0.312014
2026-07-27 20:27:01,230 - INFO: Training ROC-AUC: 0.866667
2026-07-27 20:27:01,230 - INFO: Validation ROC-AUC: 0.843508
2026-07-27 20:27:15,840 - INFO: Evaluating at iteration 32911
2026-07-27 20:27:17,395 - INFO: Loss: 0.462053
2026-07-27 20:27:17,395 - INFO: Training ROC-AUC: 0.812500
2026-07-27 20:27:17,395 - INFO: Validation ROC-AUC: 0.843698
2026-07-27 20:27:31,948 - INFO: Evaluating at iteration 33411
2026-07-27 20:27:33,503 - INFO: Loss: 0.371734
2026-07-27 20:27:33,503 - INFO: Training ROC-AUC: 0.762963
2026-07-27 20:27:33,503 - INFO: Validation ROC-AUC: 0.846485
2026-07-27 20:27:36,304 - INFO: Starting epoch 17
2026-07-27 20:27:36,334 - INFO: Evaluating at iteration 33505
2026-07-27 20:27:37,891 - INFO: Loss: 0.398719
2026-07-27 20:27:37,891 - INFO: Training ROC-AUC: 0.737179
2026-07-27 20:27:37,891 - INFO: Validation ROC-AUC: 0.847589
2026-07-27 20:27:52,447 - INFO: Evaluating at iteration 34005
2026-07-27 20:27:54,004 - INFO: Loss: 0.353000
2026-07-27 20:27:54,004 - INFO: Training ROC-AUC: 0.880000
2026-07-27 20:27:54,004 - INFO: Validation ROC-AUC: 0.846875
2026-07-27 20:28:08,530 - INFO: Evaluating at iteration 34505
2026-07-27 20:28:10,086 - INFO: Loss: 0.485022
2026-07-27 20:28:10,086 - INFO: Training ROC-AUC: 0.777778
2026-07-27 20:28:10,086 - INFO: Validation ROC-AUC: 0.850106
2026-07-27 20:28:24,630 - INFO: Evaluating at iteration 35005
2026-07-27 20:28:26,250 - INFO: Loss: 0.372193
2026-07-27 20:28:26,250 - INFO: Training ROC-AUC: 0.801282
2026-07-27 20:28:26,250 - INFO: Validation ROC-AUC: 0.850600
2026-07-27 20:28:40,914 - INFO: Evaluating at iteration 35505
2026-07-27 20:28:42,481 - INFO: Loss: 0.220279
2026-07-27 20:28:42,481 - INFO: Training ROC-AUC: 0.839080
2026-07-27 20:28:42,481 - INFO: Validation ROC-AUC: 0.848581
2026-07-27 20:28:45,174 - INFO: Starting epoch 18
2026-07-27 20:28:45,205 - INFO: Evaluating at iteration 35599
2026-07-27 20:28:46,759 - INFO: Loss: 0.242244
2026-07-27 20:28:46,759 - INFO: Training ROC-AUC: 0.883333
2026-07-27 20:28:46,759 - INFO: Validation ROC-AUC: 0.852813
2026-07-27 20:29:01,427 - INFO: Evaluating at iteration 36099
2026-07-27 20:29:02,986 - INFO: Loss: 0.392992
2026-07-27 20:29:02,986 - INFO: Training ROC-AUC: 0.914286
2026-07-27 20:29:02,986 - INFO: Validation ROC-AUC: 0.853743
2026-07-27 20:29:17,693 - INFO: Evaluating at iteration 36599
2026-07-27 20:29:19,278 - INFO: Loss: 0.256453
2026-07-27 20:29:19,278 - INFO: Training ROC-AUC: 0.892857
2026-07-27 20:29:19,278 - INFO: Validation ROC-AUC: 0.854129
2026-07-27 20:29:34,040 - INFO: Evaluating at iteration 37099
2026-07-27 20:29:35,691 - INFO: Loss: 0.301361
2026-07-27 20:29:35,691 - INFO: Training ROC-AUC: 0.830357
2026-07-27 20:29:35,691 - INFO: Validation ROC-AUC: 0.853230
2026-07-27 20:29:50,315 - INFO: Evaluating at iteration 37599
2026-07-27 20:29:51,882 - INFO: Loss: 0.273165
2026-07-27 20:29:51,882 - INFO: Training ROC-AUC: 0.955128
2026-07-27 20:29:51,882 - INFO: Validation ROC-AUC: 0.854067
2026-07-27 20:29:54,626 - INFO: Starting epoch 19
2026-07-27 20:29:54,657 - INFO: Evaluating at iteration 37693
2026-07-27 20:29:56,215 - INFO: Loss: 0.241895
2026-07-27 20:29:56,215 - INFO: Training ROC-AUC: 0.883929
2026-07-27 20:29:56,215 - INFO: Validation ROC-AUC: 0.851543
2026-07-27 20:30:10,946 - INFO: Evaluating at iteration 38193
2026-07-27 20:30:12,507 - INFO: Loss: 0.323451
2026-07-27 20:30:12,507 - INFO: Training ROC-AUC: 0.586207
2026-07-27 20:30:12,507 - INFO: Validation ROC-AUC: 0.854083
2026-07-27 20:30:27,535 - INFO: Evaluating at iteration 38693
2026-07-27 20:30:29,093 - INFO: Loss: 0.234803
2026-07-27 20:30:29,093 - INFO: Training ROC-AUC: 0.948718
2026-07-27 20:30:29,093 - INFO: Validation ROC-AUC: 0.850660
2026-07-27 20:30:43,779 - INFO: Evaluating at iteration 39193
2026-07-27 20:30:45,337 - INFO: Loss: 0.331532
2026-07-27 20:30:45,337 - INFO: Training ROC-AUC: 0.891429
2026-07-27 20:30:45,337 - INFO: Validation ROC-AUC: 0.853204
2026-07-27 20:30:59,993 - INFO: Evaluating at iteration 39693
2026-07-27 20:31:01,549 - INFO: Loss: 0.245619
2026-07-27 20:31:01,549 - INFO: Training ROC-AUC: 0.747126
2026-07-27 20:31:01,549 - INFO: Validation ROC-AUC: 0.855896
2026-07-27 20:31:04,288 - INFO: Starting epoch 20
2026-07-27 20:31:04,327 - INFO: Evaluating at iteration 39787
2026-07-27 20:31:05,961 - INFO: Loss: 0.442414
2026-07-27 20:31:05,961 - INFO: Training ROC-AUC: 0.944444
2026-07-27 20:31:05,961 - INFO: Validation ROC-AUC: 0.852788
2026-07-27 20:31:20,701 - INFO: Evaluating at iteration 40287
2026-07-27 20:31:22,262 - INFO: Loss: 0.268611
2026-07-27 20:31:22,262 - INFO: Training ROC-AUC: 0.925926
2026-07-27 20:31:22,262 - INFO: Validation ROC-AUC: 0.854758
2026-07-27 20:31:36,958 - INFO: Evaluating at iteration 40787
2026-07-27 20:31:38,530 - INFO: Loss: 0.323439
2026-07-27 20:31:38,530 - INFO: Training ROC-AUC: 0.859259
2026-07-27 20:31:38,530 - INFO: Validation ROC-AUC: 0.856183
2026-07-27 20:31:53,219 - INFO: Evaluating at iteration 41287
2026-07-27 20:31:54,779 - INFO: Loss: 0.180827
2026-07-27 20:31:54,779 - INFO: Training ROC-AUC: 1.000000
2026-07-27 20:31:54,779 - INFO: Validation ROC-AUC: 0.855325
2026-07-27 20:32:09,461 - INFO: Evaluating at iteration 41787
2026-07-27 20:32:11,019 - INFO: Loss: 0.403831
2026-07-27 20:32:11,019 - INFO: Training ROC-AUC: 0.862857
2026-07-27 20:32:11,019 - INFO: Validation ROC-AUC: 0.858304
2026-07-27 20:32:13,755 - INFO: Starting epoch 21
2026-07-27 20:32:13,787 - INFO: Evaluating at iteration 41881
2026-07-27 20:32:15,343 - INFO: Loss: 0.374140
2026-07-27 20:32:15,343 - INFO: Training ROC-AUC: 0.845714
2026-07-27 20:32:15,343 - INFO: Validation ROC-AUC: 0.857186
2026-07-27 20:32:30,132 - INFO: Evaluating at iteration 42381
2026-07-27 20:32:31,688 - INFO: Loss: 0.315934
2026-07-27 20:32:31,688 - INFO: Training ROC-AUC: 0.891026
2026-07-27 20:32:31,688 - INFO: Validation ROC-AUC: 0.857133
2026-07-27 20:32:46,406 - INFO: Evaluating at iteration 42881
2026-07-27 20:32:47,990 - INFO: Loss: 0.297829
2026-07-27 20:32:47,990 - INFO: Training ROC-AUC: 0.821429
2026-07-27 20:32:47,990 - INFO: Validation ROC-AUC: 0.853532
2026-07-27 20:33:02,673 - INFO: Evaluating at iteration 43381
2026-07-27 20:33:04,231 - INFO: Loss: 0.268305
2026-07-27 20:33:04,232 - INFO: Training ROC-AUC: 0.919643
2026-07-27 20:33:04,232 - INFO: Validation ROC-AUC: 0.856165
2026-07-27 20:33:18,950 - INFO: Evaluating at iteration 43881
2026-07-27 20:33:20,585 - INFO: Loss: 0.444534
2026-07-27 20:33:20,585 - INFO: Training ROC-AUC: 0.859091
2026-07-27 20:33:20,586 - INFO: Validation ROC-AUC: 0.857029
2026-07-27 20:33:23,309 - INFO: Starting epoch 22
2026-07-27 20:33:23,342 - INFO: Evaluating at iteration 43975
2026-07-27 20:33:24,901 - INFO: Loss: 0.428936
2026-07-27 20:33:24,901 - INFO: Training ROC-AUC: 0.845714
2026-07-27 20:33:24,901 - INFO: Validation ROC-AUC: 0.855509
2026-07-27 20:33:39,558 - INFO: Evaluating at iteration 44475
2026-07-27 20:33:41,112 - INFO: Loss: 0.351158
2026-07-27 20:33:41,112 - INFO: Training ROC-AUC: 0.840000
2026-07-27 20:33:41,112 - INFO: Validation ROC-AUC: 0.855389
2026-07-27 20:33:55,832 - INFO: Evaluating at iteration 44975
2026-07-27 20:33:57,413 - INFO: Loss: 0.320035
2026-07-27 20:33:57,413 - INFO: Training ROC-AUC: 0.871795
2026-07-27 20:33:57,413 - INFO: Validation ROC-AUC: 0.855259
2026-07-27 20:34:12,210 - INFO: Evaluating at iteration 45475
2026-07-27 20:34:13,766 - INFO: Loss: 0.198535
2026-07-27 20:34:13,766 - INFO: Training ROC-AUC: 0.716667
2026-07-27 20:34:13,766 - INFO: Validation ROC-AUC: 0.856257
2026-07-27 20:34:28,454 - INFO: Evaluating at iteration 45975
2026-07-27 20:34:30,015 - INFO: Loss: 0.295407
2026-07-27 20:34:30,015 - INFO: Training ROC-AUC: 0.846154
2026-07-27 20:34:30,015 - INFO: Validation ROC-AUC: 0.856986
2026-07-27 20:34:32,730 - INFO: Starting epoch 23
2026-07-27 20:34:32,761 - INFO: Evaluating at iteration 46069
2026-07-27 20:34:34,331 - INFO: Loss: 0.227162
2026-07-27 20:34:34,331 - INFO: Training ROC-AUC: 0.967742
2026-07-27 20:34:34,331 - INFO: Validation ROC-AUC: 0.856273
2026-07-27 20:34:49,019 - INFO: Evaluating at iteration 46569
2026-07-27 20:34:50,673 - INFO: Loss: 0.177366
2026-07-27 20:34:50,673 - INFO: Training ROC-AUC: 0.933333
2026-07-27 20:34:50,673 - INFO: Validation ROC-AUC: 0.857308
2026-07-27 20:35:05,410 - INFO: Evaluating at iteration 47069
2026-07-27 20:35:07,034 - INFO: Loss: 0.327412
2026-07-27 20:35:07,034 - INFO: Training ROC-AUC: 0.851852
2026-07-27 20:35:07,034 - INFO: Validation ROC-AUC: 0.858004
2026-07-27 20:35:22,080 - INFO: Evaluating at iteration 47569
2026-07-27 20:35:23,704 - INFO: Loss: 0.387769
2026-07-27 20:35:23,705 - INFO: Training ROC-AUC: 0.911458
2026-07-27 20:35:23,705 - INFO: Validation ROC-AUC: 0.857807
2026-07-27 20:35:38,443 - INFO: Evaluating at iteration 48069
2026-07-27 20:35:39,996 - INFO: Loss: 0.330270
2026-07-27 20:35:39,996 - INFO: Training ROC-AUC: 0.839286
2026-07-27 20:35:39,996 - INFO: Validation ROC-AUC: 0.860300
2026-07-27 20:35:42,722 - INFO: Starting epoch 24
2026-07-27 20:35:42,753 - INFO: Evaluating at iteration 48163
2026-07-27 20:35:44,306 - INFO: Loss: 0.430674
2026-07-27 20:35:44,307 - INFO: Training ROC-AUC: 0.800000
2026-07-27 20:35:44,307 - INFO: Validation ROC-AUC: 0.859443
2026-07-27 20:35:59,001 - INFO: Evaluating at iteration 48663
2026-07-27 20:36:00,577 - INFO: Loss: 0.381271
2026-07-27 20:36:00,577 - INFO: Training ROC-AUC: 0.886364
2026-07-27 20:36:00,577 - INFO: Validation ROC-AUC: 0.858306
2026-07-27 20:36:15,282 - INFO: Evaluating at iteration 49163
2026-07-27 20:36:16,845 - INFO: Loss: 0.238382
2026-07-27 20:36:16,845 - INFO: Training ROC-AUC: 0.387097
2026-07-27 20:36:16,845 - INFO: Validation ROC-AUC: 0.857404
2026-07-27 20:36:31,550 - INFO: Evaluating at iteration 49663
2026-07-27 20:36:33,107 - INFO: Loss: 0.332875
2026-07-27 20:36:33,107 - INFO: Training ROC-AUC: 0.822222
2026-07-27 20:36:33,107 - INFO: Validation ROC-AUC: 0.861635
2026-07-27 20:36:47,826 - INFO: Evaluating at iteration 50163
2026-07-27 20:36:49,475 - INFO: Loss: 0.379575
2026-07-27 20:36:49,476 - INFO: Training ROC-AUC: 0.820513
2026-07-27 20:36:49,476 - INFO: Validation ROC-AUC: 0.860804
2026-07-27 20:36:52,253 - INFO: Starting epoch 25
2026-07-27 20:36:52,286 - INFO: Evaluating at iteration 50257
2026-07-27 20:36:53,839 - INFO: Loss: 0.321187
2026-07-27 20:36:53,839 - INFO: Training ROC-AUC: 0.874286
2026-07-27 20:36:53,839 - INFO: Validation ROC-AUC: 0.859539
2026-07-27 20:37:08,632 - INFO: Evaluating at iteration 50757
2026-07-27 20:37:10,211 - INFO: Loss: 0.284953
2026-07-27 20:37:10,212 - INFO: Training ROC-AUC: 0.830357
2026-07-27 20:37:10,212 - INFO: Validation ROC-AUC: 0.859128
2026-07-27 20:37:24,867 - INFO: Evaluating at iteration 51257
2026-07-27 20:37:26,417 - INFO: Loss: 0.313352
2026-07-27 20:37:26,417 - INFO: Training ROC-AUC: 0.858974
2026-07-27 20:37:26,417 - INFO: Validation ROC-AUC: 0.859805
2026-07-27 20:37:41,193 - INFO: Evaluating at iteration 51757
2026-07-27 20:37:42,747 - INFO: Loss: 0.233406
2026-07-27 20:37:42,747 - INFO: Training ROC-AUC: 0.933333
2026-07-27 20:37:42,747 - INFO: Validation ROC-AUC: 0.859465
2026-07-27 20:37:57,453 - INFO: Evaluating at iteration 52257
2026-07-27 20:37:59,011 - INFO: Loss: 0.444220
2026-07-27 20:37:59,011 - INFO: Training ROC-AUC: 0.698718
2026-07-27 20:37:59,011 - INFO: Validation ROC-AUC: 0.859511
2026-07-27 20:38:01,729 - INFO: Saving model to models/NetTCR_random_split/model_4.pt
2026-07-27 20:38:01,739 - INFO: Starting fold 5
2026-07-27 20:38:01,741 - INFO: Initialising model
2026-07-27 20:38:01,747 - INFO: Starting training
2026-07-27 20:38:01,747 - INFO: Starting epoch 1
2026-07-27 20:38:01,778 - INFO: Evaluating at iteration 1
2026-07-27 20:38:03,463 - INFO: Loss: 0.694893
2026-07-27 20:38:03,463 - INFO: Training ROC-AUC: 0.497143
2026-07-27 20:38:03,463 - INFO: Validation ROC-AUC: 0.500852
2026-07-27 20:38:17,753 - INFO: Evaluating at iteration 501
2026-07-27 20:38:19,466 - INFO: Loss: 0.338089
2026-07-27 20:38:19,466 - INFO: Training ROC-AUC: 0.275862
2026-07-27 20:38:19,466 - INFO: Validation ROC-AUC: 0.491575
2026-07-27 20:38:33,779 - INFO: Evaluating at iteration 1001
2026-07-27 20:38:35,551 - INFO: Loss: 0.682569
2026-07-27 20:38:35,551 - INFO: Training ROC-AUC: 0.531818
2026-07-27 20:38:35,551 - INFO: Validation ROC-AUC: 0.498618
2026-07-27 20:38:50,109 - INFO: Evaluating at iteration 1501
2026-07-27 20:38:51,782 - INFO: Loss: 0.381539
2026-07-27 20:38:51,782 - INFO: Training ROC-AUC: 0.696429
2026-07-27 20:38:51,782 - INFO: Validation ROC-AUC: 0.491492
2026-07-27 20:39:06,235 - INFO: Evaluating at iteration 2001
2026-07-27 20:39:07,937 - INFO: Loss: 0.574785
2026-07-27 20:39:07,937 - INFO: Training ROC-AUC: 0.385417
2026-07-27 20:39:07,937 - INFO: Validation ROC-AUC: 0.490236
2026-07-27 20:39:10,605 - INFO: Starting epoch 2
2026-07-27 20:39:10,637 - INFO: Evaluating at iteration 2095
2026-07-27 20:39:12,396 - INFO: Loss: 0.483092
2026-07-27 20:39:12,396 - INFO: Training ROC-AUC: 0.615385
2026-07-27 20:39:12,396 - INFO: Validation ROC-AUC: 0.490792
2026-07-27 20:39:26,829 - INFO: Evaluating at iteration 2595
2026-07-27 20:39:28,539 - INFO: Loss: 0.539144
2026-07-27 20:39:28,539 - INFO: Training ROC-AUC: 0.297143
2026-07-27 20:39:28,539 - INFO: Validation ROC-AUC: 0.492177
2026-07-27 20:39:42,922 - INFO: Evaluating at iteration 3095
2026-07-27 20:39:44,603 - INFO: Loss: 0.243448
2026-07-27 20:39:44,603 - INFO: Training ROC-AUC: 0.064516
2026-07-27 20:39:44,604 - INFO: Validation ROC-AUC: 0.490790
2026-07-27 20:39:59,005 - INFO: Evaluating at iteration 3595
2026-07-27 20:40:00,678 - INFO: Loss: 0.679370
2026-07-27 20:40:00,678 - INFO: Training ROC-AUC: 0.595455
2026-07-27 20:40:00,678 - INFO: Validation ROC-AUC: 0.492502
2026-07-27 20:40:15,037 - INFO: Evaluating at iteration 4095
2026-07-27 20:40:16,708 - INFO: Loss: 0.695194
2026-07-27 20:40:16,708 - INFO: Training ROC-AUC: 0.354545
2026-07-27 20:40:16,708 - INFO: Validation ROC-AUC: 0.492899
2026-07-27 20:40:19,554 - INFO: Starting epoch 3
2026-07-27 20:40:19,594 - INFO: Evaluating at iteration 4189
2026-07-27 20:40:21,343 - INFO: Loss: 0.635921
2026-07-27 20:40:21,344 - INFO: Training ROC-AUC: 0.560386
2026-07-27 20:40:21,344 - INFO: Validation ROC-AUC: 0.492425
2026-07-27 20:40:35,938 - INFO: Evaluating at iteration 4689
2026-07-27 20:40:37,591 - INFO: Loss: 0.535860
2026-07-27 20:40:37,591 - INFO: Training ROC-AUC: 0.417143
2026-07-27 20:40:37,591 - INFO: Validation ROC-AUC: 0.481100
2026-07-27 20:40:51,902 - INFO: Evaluating at iteration 5189
2026-07-27 20:40:53,534 - INFO: Loss: 0.534870
2026-07-27 20:40:53,534 - INFO: Training ROC-AUC: 0.331429
2026-07-27 20:40:53,534 - INFO: Validation ROC-AUC: 0.532731
2026-07-27 20:41:07,940 - INFO: Evaluating at iteration 5689
2026-07-27 20:41:09,558 - INFO: Loss: 0.440356
2026-07-27 20:41:09,558 - INFO: Training ROC-AUC: 0.377778
2026-07-27 20:41:09,558 - INFO: Validation ROC-AUC: 0.673970
2026-07-27 20:41:24,521 - INFO: Evaluating at iteration 6189
2026-07-27 20:41:26,124 - INFO: Loss: 0.584288
2026-07-27 20:41:26,124 - INFO: Training ROC-AUC: 0.531250
2026-07-27 20:41:26,124 - INFO: Validation ROC-AUC: 0.718337
2026-07-27 20:41:28,805 - INFO: Starting epoch 4
2026-07-27 20:41:28,835 - INFO: Evaluating at iteration 6283
2026-07-27 20:41:30,436 - INFO: Loss: 0.370536
2026-07-27 20:41:30,436 - INFO: Training ROC-AUC: 0.616071
2026-07-27 20:41:30,436 - INFO: Validation ROC-AUC: 0.737107
2026-07-27 20:41:44,835 - INFO: Evaluating at iteration 6783
2026-07-27 20:41:46,440 - INFO: Loss: 0.291658
2026-07-27 20:41:46,440 - INFO: Training ROC-AUC: 0.724138
2026-07-27 20:41:46,440 - INFO: Validation ROC-AUC: 0.751930
2026-07-27 20:42:00,876 - INFO: Evaluating at iteration 7283
2026-07-27 20:42:02,491 - INFO: Loss: 0.455356
2026-07-27 20:42:02,492 - INFO: Training ROC-AUC: 0.750000
2026-07-27 20:42:02,492 - INFO: Validation ROC-AUC: 0.773422
2026-07-27 20:42:16,897 - INFO: Evaluating at iteration 7783
2026-07-27 20:42:18,492 - INFO: Loss: 0.375545
2026-07-27 20:42:18,492 - INFO: Training ROC-AUC: 0.562963
2026-07-27 20:42:18,492 - INFO: Validation ROC-AUC: 0.786899
2026-07-27 20:42:32,887 - INFO: Evaluating at iteration 8283
2026-07-27 20:42:34,517 - INFO: Loss: 0.440264
2026-07-27 20:42:34,517 - INFO: Training ROC-AUC: 0.756410
2026-07-27 20:42:34,517 - INFO: Validation ROC-AUC: 0.789189
2026-07-27 20:42:37,234 - INFO: Starting epoch 5
2026-07-27 20:42:37,264 - INFO: Evaluating at iteration 8377
2026-07-27 20:42:38,855 - INFO: Loss: 0.325224
2026-07-27 20:42:38,855 - INFO: Training ROC-AUC: 0.859259
2026-07-27 20:42:38,855 - INFO: Validation ROC-AUC: 0.794303
2026-07-27 20:42:53,275 - INFO: Evaluating at iteration 8877
2026-07-27 20:42:54,860 - INFO: Loss: 0.274719
2026-07-27 20:42:54,860 - INFO: Training ROC-AUC: 0.583333
2026-07-27 20:42:54,860 - INFO: Validation ROC-AUC: 0.795053
2026-07-27 20:43:09,333 - INFO: Evaluating at iteration 9377
2026-07-27 20:43:10,948 - INFO: Loss: 0.240487
2026-07-27 20:43:10,948 - INFO: Training ROC-AUC: 0.800000
2026-07-27 20:43:10,948 - INFO: Validation ROC-AUC: 0.798168
2026-07-27 20:43:25,385 - INFO: Evaluating at iteration 9877
2026-07-27 20:43:27,063 - INFO: Loss: 0.221418
2026-07-27 20:43:27,063 - INFO: Training ROC-AUC: 0.733333
2026-07-27 20:43:27,063 - INFO: Validation ROC-AUC: 0.801327
2026-07-27 20:43:41,493 - INFO: Evaluating at iteration 10377
2026-07-27 20:43:43,073 - INFO: Loss: 0.571053
2026-07-27 20:43:43,073 - INFO: Training ROC-AUC: 0.743961
2026-07-27 20:43:43,073 - INFO: Validation ROC-AUC: 0.804447
2026-07-27 20:43:45,739 - INFO: Starting epoch 6
2026-07-27 20:43:45,769 - INFO: Evaluating at iteration 10471
2026-07-27 20:43:47,348 - INFO: Loss: 0.240536
2026-07-27 20:43:47,349 - INFO: Training ROC-AUC: 0.928571
2026-07-27 20:43:47,349 - INFO: Validation ROC-AUC: 0.808501
2026-07-27 20:44:01,843 - INFO: Evaluating at iteration 10971
2026-07-27 20:44:03,442 - INFO: Loss: 0.230344
2026-07-27 20:44:03,442 - INFO: Training ROC-AUC: 0.903226
2026-07-27 20:44:03,442 - INFO: Validation ROC-AUC: 0.800550
2026-07-27 20:44:17,844 - INFO: Evaluating at iteration 11471
2026-07-27 20:44:19,455 - INFO: Loss: 0.356777
2026-07-27 20:44:19,456 - INFO: Training ROC-AUC: 0.660714
2026-07-27 20:44:19,456 - INFO: Validation ROC-AUC: 0.816764
2026-07-27 20:44:33,902 - INFO: Evaluating at iteration 11971
2026-07-27 20:44:35,554 - INFO: Loss: 0.548761
2026-07-27 20:44:35,554 - INFO: Training ROC-AUC: 0.661458
2026-07-27 20:44:35,554 - INFO: Validation ROC-AUC: 0.818320
2026-07-27 20:44:49,917 - INFO: Evaluating at iteration 12471
2026-07-27 20:44:51,520 - INFO: Loss: 0.351170
2026-07-27 20:44:51,520 - INFO: Training ROC-AUC: 0.874286
2026-07-27 20:44:51,520 - INFO: Validation ROC-AUC: 0.819680
2026-07-27 20:44:54,188 - INFO: Starting epoch 7
2026-07-27 20:44:54,217 - INFO: Evaluating at iteration 12565
2026-07-27 20:44:55,796 - INFO: Loss: 0.493397
2026-07-27 20:44:55,796 - INFO: Training ROC-AUC: 0.734300
2026-07-27 20:44:55,796 - INFO: Validation ROC-AUC: 0.817721
2026-07-27 20:45:10,312 - INFO: Evaluating at iteration 13065
2026-07-27 20:45:11,893 - INFO: Loss: 0.443807
2026-07-27 20:45:11,893 - INFO: Training ROC-AUC: 0.834286
2026-07-27 20:45:11,893 - INFO: Validation ROC-AUC: 0.822156
2026-07-27 20:45:26,645 - INFO: Evaluating at iteration 13565
2026-07-27 20:45:28,246 - INFO: Loss: 0.534860
2026-07-27 20:45:28,246 - INFO: Training ROC-AUC: 0.818182
2026-07-27 20:45:28,246 - INFO: Validation ROC-AUC: 0.820668
2026-07-27 20:45:42,677 - INFO: Evaluating at iteration 14065
2026-07-27 20:45:44,248 - INFO: Loss: 0.383498
2026-07-27 20:45:44,248 - INFO: Training ROC-AUC: 0.794872
2026-07-27 20:45:44,248 - INFO: Validation ROC-AUC: 0.827944
2026-07-27 20:45:58,641 - INFO: Evaluating at iteration 14565
2026-07-27 20:46:00,214 - INFO: Loss: 0.363455
2026-07-27 20:46:00,214 - INFO: Training ROC-AUC: 0.669643
2026-07-27 20:46:00,214 - INFO: Validation ROC-AUC: 0.829414
2026-07-27 20:46:02,904 - INFO: Starting epoch 8
2026-07-27 20:46:02,934 - INFO: Evaluating at iteration 14659
2026-07-27 20:46:04,554 - INFO: Loss: 0.296741
2026-07-27 20:46:04,555 - INFO: Training ROC-AUC: 0.747126
2026-07-27 20:46:04,555 - INFO: Validation ROC-AUC: 0.823664
2026-07-27 20:46:18,902 - INFO: Evaluating at iteration 15159
2026-07-27 20:46:20,570 - INFO: Loss: 0.511040
2026-07-27 20:46:20,570 - INFO: Training ROC-AUC: 0.635417
2026-07-27 20:46:20,570 - INFO: Validation ROC-AUC: 0.830473
2026-07-27 20:46:34,937 - INFO: Evaluating at iteration 15659
2026-07-27 20:46:36,527 - INFO: Loss: 0.448217
2026-07-27 20:46:36,527 - INFO: Training ROC-AUC: 0.518519
2026-07-27 20:46:36,527 - INFO: Validation ROC-AUC: 0.832296
2026-07-27 20:46:50,920 - INFO: Evaluating at iteration 16159
2026-07-27 20:46:52,499 - INFO: Loss: 0.234576
2026-07-27 20:46:52,499 - INFO: Training ROC-AUC: 0.833333
2026-07-27 20:46:52,499 - INFO: Validation ROC-AUC: 0.839719
2026-07-27 20:47:06,961 - INFO: Evaluating at iteration 16659
2026-07-27 20:47:08,528 - INFO: Loss: 0.301903
2026-07-27 20:47:08,528 - INFO: Training ROC-AUC: 0.807407
2026-07-27 20:47:08,528 - INFO: Validation ROC-AUC: 0.840000
2026-07-27 20:47:11,192 - INFO: Starting epoch 9
2026-07-27 20:47:11,221 - INFO: Evaluating at iteration 16753
2026-07-27 20:47:12,795 - INFO: Loss: 0.378026
2026-07-27 20:47:12,795 - INFO: Training ROC-AUC: 0.801282
2026-07-27 20:47:12,795 - INFO: Validation ROC-AUC: 0.840675
2026-07-27 20:47:27,336 - INFO: Evaluating at iteration 17253
2026-07-27 20:47:28,903 - INFO: Loss: 0.467405
2026-07-27 20:47:28,903 - INFO: Training ROC-AUC: 0.659259
2026-07-27 20:47:28,904 - INFO: Validation ROC-AUC: 0.842514
2026-07-27 20:47:43,328 - INFO: Evaluating at iteration 17753
2026-07-27 20:47:44,921 - INFO: Loss: 0.519915
2026-07-27 20:47:44,921 - INFO: Training ROC-AUC: 0.787440
2026-07-27 20:47:44,921 - INFO: Validation ROC-AUC: 0.842284
2026-07-27 20:47:59,347 - INFO: Evaluating at iteration 18253
2026-07-27 20:48:00,915 - INFO: Loss: 0.370444
2026-07-27 20:48:00,915 - INFO: Training ROC-AUC: 0.906250
2026-07-27 20:48:00,916 - INFO: Validation ROC-AUC: 0.837652
2026-07-27 20:48:15,304 - INFO: Evaluating at iteration 18753
2026-07-27 20:48:16,871 - INFO: Loss: 0.207575
2026-07-27 20:48:16,871 - INFO: Training ROC-AUC: 0.709677
2026-07-27 20:48:16,871 - INFO: Validation ROC-AUC: 0.843165
2026-07-27 20:48:19,606 - INFO: Starting epoch 10
2026-07-27 20:48:19,636 - INFO: Evaluating at iteration 18847
2026-07-27 20:48:21,220 - INFO: Loss: 0.451930
2026-07-27 20:48:21,220 - INFO: Training ROC-AUC: 0.708571
2026-07-27 20:48:21,220 - INFO: Validation ROC-AUC: 0.846375
2026-07-27 20:48:35,626 - INFO: Evaluating at iteration 19347
2026-07-27 20:48:37,195 - INFO: Loss: 0.304394
2026-07-27 20:48:37,195 - INFO: Training ROC-AUC: 0.724138
2026-07-27 20:48:37,195 - INFO: Validation ROC-AUC: 0.845101
2026-07-27 20:48:51,590 - INFO: Evaluating at iteration 19847
2026-07-27 20:48:53,181 - INFO: Loss: 0.476303
2026-07-27 20:48:53,181 - INFO: Training ROC-AUC: 0.826087
2026-07-27 20:48:53,181 - INFO: Validation ROC-AUC: 0.846118
2026-07-27 20:49:07,834 - INFO: Evaluating at iteration 20347
2026-07-27 20:49:09,397 - INFO: Loss: 0.355358
2026-07-27 20:49:09,397 - INFO: Training ROC-AUC: 0.714286
2026-07-27 20:49:09,397 - INFO: Validation ROC-AUC: 0.842717
2026-07-27 20:49:23,805 - INFO: Evaluating at iteration 20847
2026-07-27 20:49:25,366 - INFO: Loss: 0.409512
2026-07-27 20:49:25,366 - INFO: Training ROC-AUC: 0.814103
2026-07-27 20:49:25,366 - INFO: Validation ROC-AUC: 0.847876
2026-07-27 20:49:28,038 - INFO: Starting epoch 11
2026-07-27 20:49:28,067 - INFO: Evaluating at iteration 20941
2026-07-27 20:49:29,627 - INFO: Loss: 0.460631
2026-07-27 20:49:29,627 - INFO: Training ROC-AUC: 0.703125
2026-07-27 20:49:29,627 - INFO: Validation ROC-AUC: 0.847811
2026-07-27 20:49:44,028 - INFO: Evaluating at iteration 21441
2026-07-27 20:49:45,613 - INFO: Loss: 0.230640
2026-07-27 20:49:45,614 - INFO: Training ROC-AUC: 0.901786
2026-07-27 20:49:45,614 - INFO: Validation ROC-AUC: 0.846064
2026-07-27 20:50:00,023 - INFO: Evaluating at iteration 21941
2026-07-27 20:50:01,587 - INFO: Loss: 0.364333
2026-07-27 20:50:01,587 - INFO: Training ROC-AUC: 0.755556
2026-07-27 20:50:01,587 - INFO: Validation ROC-AUC: 0.844790
2026-07-27 20:50:16,025 - INFO: Evaluating at iteration 22441
2026-07-27 20:50:17,639 - INFO: Loss: 0.443740
2026-07-27 20:50:17,639 - INFO: Training ROC-AUC: 0.585185
2026-07-27 20:50:17,639 - INFO: Validation ROC-AUC: 0.846305
2026-07-27 20:50:32,561 - INFO: Evaluating at iteration 22941
2026-07-27 20:50:34,124 - INFO: Loss: 0.428252
2026-07-27 20:50:34,124 - INFO: Training ROC-AUC: 0.838542
2026-07-27 20:50:34,124 - INFO: Validation ROC-AUC: 0.848855
2026-07-27 20:50:36,899 - INFO: Starting epoch 12
2026-07-27 20:50:36,929 - INFO: Evaluating at iteration 23035
2026-07-27 20:50:38,485 - INFO: Loss: 0.384662
2026-07-27 20:50:38,485 - INFO: Training ROC-AUC: 0.927083
2026-07-27 20:50:38,485 - INFO: Validation ROC-AUC: 0.847043
2026-07-27 20:50:52,929 - INFO: Evaluating at iteration 23535
2026-07-27 20:50:54,515 - INFO: Loss: 0.405589
2026-07-27 20:50:54,515 - INFO: Training ROC-AUC: 0.782857
2026-07-27 20:50:54,515 - INFO: Validation ROC-AUC: 0.848718
2026-07-27 20:51:09,021 - INFO: Evaluating at iteration 24035
2026-07-27 20:51:10,576 - INFO: Loss: 0.287986
2026-07-27 20:51:10,576 - INFO: Training ROC-AUC: 0.925714
2026-07-27 20:51:10,576 - INFO: Validation ROC-AUC: 0.848877
2026-07-27 20:51:25,095 - INFO: Evaluating at iteration 24535
2026-07-27 20:51:26,649 - INFO: Loss: 0.224098
2026-07-27 20:51:26,649 - INFO: Training ROC-AUC: 0.948148
2026-07-27 20:51:26,649 - INFO: Validation ROC-AUC: 0.847829
2026-07-27 20:51:41,099 - INFO: Evaluating at iteration 25035
2026-07-27 20:51:42,654 - INFO: Loss: 0.306599
2026-07-27 20:51:42,654 - INFO: Training ROC-AUC: 0.793103
2026-07-27 20:51:42,655 - INFO: Validation ROC-AUC: 0.847718
2026-07-27 20:51:45,348 - INFO: Starting epoch 13
2026-07-27 20:51:45,377 - INFO: Evaluating at iteration 25129
2026-07-27 20:51:46,933 - INFO: Loss: 0.339060
2026-07-27 20:51:46,933 - INFO: Training ROC-AUC: 0.859259
2026-07-27 20:51:46,933 - INFO: Validation ROC-AUC: 0.851907
2026-07-27 20:52:01,520 - INFO: Evaluating at iteration 25629
2026-07-27 20:52:03,096 - INFO: Loss: 0.354362
2026-07-27 20:52:03,096 - INFO: Training ROC-AUC: 0.755556
2026-07-27 20:52:03,096 - INFO: Validation ROC-AUC: 0.849831
2026-07-27 20:52:17,556 - INFO: Evaluating at iteration 26129
2026-07-27 20:52:19,113 - INFO: Loss: 0.525256
2026-07-27 20:52:19,113 - INFO: Training ROC-AUC: 0.776042
2026-07-27 20:52:19,114 - INFO: Validation ROC-AUC: 0.848931
2026-07-27 20:52:33,579 - INFO: Evaluating at iteration 26629
2026-07-27 20:52:35,210 - INFO: Loss: 0.304599
2026-07-27 20:52:35,210 - INFO: Training ROC-AUC: 0.814815
2026-07-27 20:52:35,210 - INFO: Validation ROC-AUC: 0.852791
2026-07-27 20:52:49,748 - INFO: Evaluating at iteration 27129
2026-07-27 20:52:51,328 - INFO: Loss: 0.302126
2026-07-27 20:52:51,328 - INFO: Training ROC-AUC: 0.822222
2026-07-27 20:52:51,328 - INFO: Validation ROC-AUC: 0.850970
2026-07-27 20:52:54,011 - INFO: Starting epoch 14
2026-07-27 20:52:54,041 - INFO: Evaluating at iteration 27223
2026-07-27 20:52:55,600 - INFO: Loss: 0.284988
2026-07-27 20:52:55,600 - INFO: Training ROC-AUC: 0.851852
2026-07-27 20:52:55,601 - INFO: Validation ROC-AUC: 0.852945
2026-07-27 20:53:10,170 - INFO: Evaluating at iteration 27723
2026-07-27 20:53:11,748 - INFO: Loss: 0.262342
2026-07-27 20:53:11,748 - INFO: Training ROC-AUC: 0.758621
2026-07-27 20:53:11,748 - INFO: Validation ROC-AUC: 0.850017
2026-07-27 20:53:26,218 - INFO: Evaluating at iteration 28223
2026-07-27 20:53:27,779 - INFO: Loss: 0.244208
2026-07-27 20:53:27,779 - INFO: Training ROC-AUC: 0.955357
2026-07-27 20:53:27,779 - INFO: Validation ROC-AUC: 0.856544
2026-07-27 20:53:42,238 - INFO: Evaluating at iteration 28723
2026-07-27 20:53:43,793 - INFO: Loss: 0.311010
2026-07-27 20:53:43,793 - INFO: Training ROC-AUC: 0.888889
2026-07-27 20:53:43,793 - INFO: Validation ROC-AUC: 0.852646
2026-07-27 20:53:58,422 - INFO: Evaluating at iteration 29223
2026-07-27 20:53:59,986 - INFO: Loss: 0.292616
2026-07-27 20:53:59,986 - INFO: Training ROC-AUC: 0.874074
2026-07-27 20:53:59,986 - INFO: Validation ROC-AUC: 0.855709
2026-07-27 20:54:02,677 - INFO: Starting epoch 15
2026-07-27 20:54:02,707 - INFO: Evaluating at iteration 29317
2026-07-27 20:54:04,274 - INFO: Loss: 0.357126
2026-07-27 20:54:04,274 - INFO: Training ROC-AUC: 0.828571
2026-07-27 20:54:04,274 - INFO: Validation ROC-AUC: 0.851248
2026-07-27 20:54:18,880 - INFO: Evaluating at iteration 29817
2026-07-27 20:54:20,515 - INFO: Loss: 0.432684
2026-07-27 20:54:20,515 - INFO: Training ROC-AUC: 0.890625
2026-07-27 20:54:20,515 - INFO: Validation ROC-AUC: 0.854973
2026-07-27 20:54:34,955 - INFO: Evaluating at iteration 30317
2026-07-27 20:54:36,555 - INFO: Loss: 0.336188
2026-07-27 20:54:36,555 - INFO: Training ROC-AUC: 0.865385
2026-07-27 20:54:36,555 - INFO: Validation ROC-AUC: 0.848860
2026-07-27 20:54:51,031 - INFO: Evaluating at iteration 30817
2026-07-27 20:54:52,596 - INFO: Loss: 0.342349
2026-07-27 20:54:52,596 - INFO: Training ROC-AUC: 0.816964
2026-07-27 20:54:52,596 - INFO: Validation ROC-AUC: 0.854534
2026-07-27 20:55:07,177 - INFO: Evaluating at iteration 31317
2026-07-27 20:55:08,738 - INFO: Loss: 0.259216
2026-07-27 20:55:08,738 - INFO: Training ROC-AUC: 0.733333
2026-07-27 20:55:08,738 - INFO: Validation ROC-AUC: 0.855154
2026-07-27 20:55:11,417 - INFO: Starting epoch 16
2026-07-27 20:55:11,447 - INFO: Evaluating at iteration 31411
2026-07-27 20:55:13,006 - INFO: Loss: 0.255183
2026-07-27 20:55:13,006 - INFO: Training ROC-AUC: 0.903846
2026-07-27 20:55:13,006 - INFO: Validation ROC-AUC: 0.855029
2026-07-27 20:55:27,537 - INFO: Evaluating at iteration 31911
2026-07-27 20:55:29,098 - INFO: Loss: 0.287137
2026-07-27 20:55:29,098 - INFO: Training ROC-AUC: 0.776786
2026-07-27 20:55:29,098 - INFO: Validation ROC-AUC: 0.854000
2026-07-27 20:55:43,577 - INFO: Evaluating at iteration 32411
2026-07-27 20:55:45,159 - INFO: Loss: 0.297732
2026-07-27 20:55:45,159 - INFO: Training ROC-AUC: 0.767857
2026-07-27 20:55:45,159 - INFO: Validation ROC-AUC: 0.856057
2026-07-27 20:55:59,662 - INFO: Evaluating at iteration 32911
2026-07-27 20:56:01,222 - INFO: Loss: 0.489350
2026-07-27 20:56:01,222 - INFO: Training ROC-AUC: 0.805714
2026-07-27 20:56:01,222 - INFO: Validation ROC-AUC: 0.852333
2026-07-27 20:56:16,807 - INFO: Evaluating at iteration 33411
2026-07-27 20:56:18,360 - INFO: Loss: 0.264474
2026-07-27 20:56:18,360 - INFO: Training ROC-AUC: 0.735632
2026-07-27 20:56:18,360 - INFO: Validation ROC-AUC: 0.854274
2026-07-27 20:56:21,150 - INFO: Starting epoch 17
2026-07-27 20:56:21,180 - INFO: Evaluating at iteration 33505
2026-07-27 20:56:22,733 - INFO: Loss: 0.468702
2026-07-27 20:56:22,733 - INFO: Training ROC-AUC: 0.763285
2026-07-27 20:56:22,733 - INFO: Validation ROC-AUC: 0.855612
2026-07-27 20:56:37,280 - INFO: Evaluating at iteration 34005
2026-07-27 20:56:38,863 - INFO: Loss: 0.209787
2026-07-27 20:56:38,863 - INFO: Training ROC-AUC: 0.931034
2026-07-27 20:56:38,863 - INFO: Validation ROC-AUC: 0.854329
2026-07-27 20:56:53,361 - INFO: Evaluating at iteration 34505
2026-07-27 20:56:54,917 - INFO: Loss: 0.181234
2026-07-27 20:56:54,921 - INFO: Training ROC-AUC: 0.962963
2026-07-27 20:56:54,921 - INFO: Validation ROC-AUC: 0.856143
2026-07-27 20:57:09,540 - INFO: Evaluating at iteration 35005
2026-07-27 20:57:11,095 - INFO: Loss: 0.421546
2026-07-27 20:57:11,096 - INFO: Training ROC-AUC: 0.737179
2026-07-27 20:57:11,096 - INFO: Validation ROC-AUC: 0.858538
2026-07-27 20:57:25,607 - INFO: Evaluating at iteration 35505
2026-07-27 20:57:27,163 - INFO: Loss: 0.399596
2026-07-27 20:57:27,163 - INFO: Training ROC-AUC: 0.822222
2026-07-27 20:57:27,163 - INFO: Validation ROC-AUC: 0.858988
2026-07-27 20:57:29,856 - INFO: Starting epoch 18
2026-07-27 20:57:29,886 - INFO: Evaluating at iteration 35599
2026-07-27 20:57:31,441 - INFO: Loss: 0.413782
2026-07-27 20:57:31,441 - INFO: Training ROC-AUC: 0.800000
2026-07-27 20:57:31,441 - INFO: Validation ROC-AUC: 0.857389
2026-07-27 20:57:45,977 - INFO: Evaluating at iteration 36099
2026-07-27 20:57:47,565 - INFO: Loss: 0.361724
2026-07-27 20:57:47,565 - INFO: Training ROC-AUC: 0.834286
2026-07-27 20:57:47,565 - INFO: Validation ROC-AUC: 0.854476
2026-07-27 20:58:02,098 - INFO: Evaluating at iteration 36599
2026-07-27 20:58:03,657 - INFO: Loss: 0.337626
2026-07-27 20:58:03,657 - INFO: Training ROC-AUC: 0.891429
2026-07-27 20:58:03,657 - INFO: Validation ROC-AUC: 0.852599
2026-07-27 20:58:18,216 - INFO: Evaluating at iteration 37099
2026-07-27 20:58:19,832 - INFO: Loss: 0.299662
2026-07-27 20:58:19,832 - INFO: Training ROC-AUC: 0.724138
2026-07-27 20:58:19,832 - INFO: Validation ROC-AUC: 0.852445
2026-07-27 20:58:34,500 - INFO: Evaluating at iteration 37599
2026-07-27 20:58:36,080 - INFO: Loss: 0.364886
2026-07-27 20:58:36,080 - INFO: Training ROC-AUC: 0.891429
2026-07-27 20:58:36,080 - INFO: Validation ROC-AUC: 0.855545
2026-07-27 20:58:38,801 - INFO: Starting epoch 19
2026-07-27 20:58:38,831 - INFO: Evaluating at iteration 37693
2026-07-27 20:58:40,394 - INFO: Loss: 0.249929
2026-07-27 20:58:40,394 - INFO: Training ROC-AUC: 0.911111
2026-07-27 20:58:40,394 - INFO: Validation ROC-AUC: 0.855923
2026-07-27 20:58:54,945 - INFO: Evaluating at iteration 38193
2026-07-27 20:58:56,612 - INFO: Loss: 0.216313
2026-07-27 20:58:56,612 - INFO: Training ROC-AUC: 0.883929
2026-07-27 20:58:56,612 - INFO: Validation ROC-AUC: 0.854788
2026-07-27 20:59:11,257 - INFO: Evaluating at iteration 38693
2026-07-27 20:59:12,817 - INFO: Loss: 0.252104
2026-07-27 20:59:12,817 - INFO: Training ROC-AUC: 0.850575
2026-07-27 20:59:12,817 - INFO: Validation ROC-AUC: 0.856359
2026-07-27 20:59:27,502 - INFO: Evaluating at iteration 39193
2026-07-27 20:59:29,066 - INFO: Loss: 0.315490
2026-07-27 20:59:29,066 - INFO: Training ROC-AUC: 0.785185
2026-07-27 20:59:29,066 - INFO: Validation ROC-AUC: 0.855813
2026-07-27 20:59:43,599 - INFO: Evaluating at iteration 39693
2026-07-27 20:59:45,151 - INFO: Loss: 0.391595
2026-07-27 20:59:45,151 - INFO: Training ROC-AUC: 0.922727
2026-07-27 20:59:45,151 - INFO: Validation ROC-AUC: 0.858516
2026-07-27 20:59:47,868 - INFO: Starting epoch 20
2026-07-27 20:59:47,899 - INFO: Evaluating at iteration 39787
2026-07-27 20:59:49,505 - INFO: Loss: 0.244094
2026-07-27 20:59:49,506 - INFO: Training ROC-AUC: 0.892857
2026-07-27 20:59:49,506 - INFO: Validation ROC-AUC: 0.857788
2026-07-27 21:00:04,035 - INFO: Evaluating at iteration 40287
2026-07-27 21:00:05,692 - INFO: Loss: 0.407078
2026-07-27 21:00:05,692 - INFO: Training ROC-AUC: 0.845411
2026-07-27 21:00:05,692 - INFO: Validation ROC-AUC: 0.856847
2026-07-27 21:00:20,269 - INFO: Evaluating at iteration 40787
2026-07-27 21:00:21,823 - INFO: Loss: 0.369351
2026-07-27 21:00:21,823 - INFO: Training ROC-AUC: 0.845714
2026-07-27 21:00:21,823 - INFO: Validation ROC-AUC: 0.857532
2026-07-27 21:00:36,381 - INFO: Evaluating at iteration 41287
2026-07-27 21:00:37,935 - INFO: Loss: 0.426563
2026-07-27 21:00:37,935 - INFO: Training ROC-AUC: 0.802083
2026-07-27 21:00:37,935 - INFO: Validation ROC-AUC: 0.857063
2026-07-27 21:00:52,525 - INFO: Evaluating at iteration 41787
2026-07-27 21:00:54,078 - INFO: Loss: 0.335421
2026-07-27 21:00:54,079 - INFO: Training ROC-AUC: 0.846154
2026-07-27 21:00:54,079 - INFO: Validation ROC-AUC: 0.858219
2026-07-27 21:00:56,775 - INFO: Starting epoch 21
2026-07-27 21:00:56,806 - INFO: Evaluating at iteration 41881
2026-07-27 21:00:58,361 - INFO: Loss: 0.275247
2026-07-27 21:00:58,361 - INFO: Training ROC-AUC: 0.883929
2026-07-27 21:00:58,361 - INFO: Validation ROC-AUC: 0.858650
2026-07-27 21:01:13,439 - INFO: Evaluating at iteration 42381
2026-07-27 21:01:14,991 - INFO: Loss: 0.319031
2026-07-27 21:01:14,991 - INFO: Training ROC-AUC: 0.851852
2026-07-27 21:01:14,991 - INFO: Validation ROC-AUC: 0.857325
2026-07-27 21:01:29,559 - INFO: Evaluating at iteration 42881
2026-07-27 21:01:31,135 - INFO: Loss: 0.306092
2026-07-27 21:01:31,136 - INFO: Training ROC-AUC: 0.931429
2026-07-27 21:01:31,136 - INFO: Validation ROC-AUC: 0.857657
2026-07-27 21:01:45,703 - INFO: Evaluating at iteration 43381
2026-07-27 21:01:47,258 - INFO: Loss: 0.498078
2026-07-27 21:01:47,258 - INFO: Training ROC-AUC: 0.697917
2026-07-27 21:01:47,258 - INFO: Validation ROC-AUC: 0.856371
2026-07-27 21:02:01,828 - INFO: Evaluating at iteration 43881
2026-07-27 21:02:03,380 - INFO: Loss: 0.159595
2026-07-27 21:02:03,380 - INFO: Training ROC-AUC: 1.000000
2026-07-27 21:02:03,380 - INFO: Validation ROC-AUC: 0.858563
2026-07-27 21:02:06,200 - INFO: Starting epoch 22
2026-07-27 21:02:06,231 - INFO: Evaluating at iteration 43975
2026-07-27 21:02:07,782 - INFO: Loss: 0.215134
2026-07-27 21:02:07,782 - INFO: Training ROC-AUC: 0.955556
2026-07-27 21:02:07,782 - INFO: Validation ROC-AUC: 0.861032
2026-07-27 21:02:22,448 - INFO: Evaluating at iteration 44475
2026-07-27 21:02:24,065 - INFO: Loss: 0.365549
2026-07-27 21:02:24,066 - INFO: Training ROC-AUC: 0.642857
2026-07-27 21:02:24,066 - INFO: Validation ROC-AUC: 0.858055
2026-07-27 21:02:38,682 - INFO: Evaluating at iteration 44975
2026-07-27 21:02:40,250 - INFO: Loss: 0.423400
2026-07-27 21:02:40,250 - INFO: Training ROC-AUC: 0.737179
2026-07-27 21:02:40,250 - INFO: Validation ROC-AUC: 0.858707
2026-07-27 21:02:54,818 - INFO: Evaluating at iteration 45475
2026-07-27 21:02:56,373 - INFO: Loss: 0.532553
2026-07-27 21:02:56,373 - INFO: Training ROC-AUC: 0.787440
2026-07-27 21:02:56,373 - INFO: Validation ROC-AUC: 0.858363
2026-07-27 21:03:11,066 - INFO: Evaluating at iteration 45975
2026-07-27 21:03:12,619 - INFO: Loss: 0.352864
2026-07-27 21:03:12,619 - INFO: Training ROC-AUC: 0.755556
2026-07-27 21:03:12,619 - INFO: Validation ROC-AUC: 0.860133
2026-07-27 21:03:15,321 - INFO: Starting epoch 23
2026-07-27 21:03:15,351 - INFO: Evaluating at iteration 46069
2026-07-27 21:03:16,902 - INFO: Loss: 0.246595
2026-07-27 21:03:16,902 - INFO: Training ROC-AUC: 0.901786
2026-07-27 21:03:16,902 - INFO: Validation ROC-AUC: 0.859018
2026-07-27 21:03:31,514 - INFO: Evaluating at iteration 46569
2026-07-27 21:03:33,073 - INFO: Loss: 0.442716
2026-07-27 21:03:33,073 - INFO: Training ROC-AUC: 0.826087
2026-07-27 21:03:33,073 - INFO: Validation ROC-AUC: 0.858130
2026-07-27 21:03:47,635 - INFO: Evaluating at iteration 47069
2026-07-27 21:03:49,208 - INFO: Loss: 0.255473
2026-07-27 21:03:49,208 - INFO: Training ROC-AUC: 0.827586
2026-07-27 21:03:49,208 - INFO: Validation ROC-AUC: 0.860674
2026-07-27 21:04:03,814 - INFO: Evaluating at iteration 47569
2026-07-27 21:04:05,491 - INFO: Loss: 0.352183
2026-07-27 21:04:05,491 - INFO: Training ROC-AUC: 0.800000
2026-07-27 21:04:05,492 - INFO: Validation ROC-AUC: 0.861140
2026-07-27 21:04:20,171 - INFO: Evaluating at iteration 48069
2026-07-27 21:04:21,729 - INFO: Loss: 0.217346
2026-07-27 21:04:21,730 - INFO: Training ROC-AUC: 0.946429
2026-07-27 21:04:21,730 - INFO: Validation ROC-AUC: 0.861208
2026-07-27 21:04:24,437 - INFO: Starting epoch 24
2026-07-27 21:04:24,467 - INFO: Evaluating at iteration 48163
2026-07-27 21:04:26,024 - INFO: Loss: 0.349060
2026-07-27 21:04:26,024 - INFO: Training ROC-AUC: 0.833333
2026-07-27 21:04:26,024 - INFO: Validation ROC-AUC: 0.861830
2026-07-27 21:04:40,630 - INFO: Evaluating at iteration 48663
2026-07-27 21:04:42,183 - INFO: Loss: 0.178330
2026-07-27 21:04:42,183 - INFO: Training ROC-AUC: 1.000000
2026-07-27 21:04:42,183 - INFO: Validation ROC-AUC: 0.860933
2026-07-27 21:04:56,771 - INFO: Evaluating at iteration 49163
2026-07-27 21:04:58,351 - INFO: Loss: 0.286990
2026-07-27 21:04:58,351 - INFO: Training ROC-AUC: 0.874074
2026-07-27 21:04:58,351 - INFO: Validation ROC-AUC: 0.863089
2026-07-27 21:05:13,082 - INFO: Evaluating at iteration 49663
2026-07-27 21:05:14,633 - INFO: Loss: 0.186389
2026-07-27 21:05:14,633 - INFO: Training ROC-AUC: 0.850000
2026-07-27 21:05:14,633 - INFO: Validation ROC-AUC: 0.861067
2026-07-27 21:05:29,396 - INFO: Evaluating at iteration 50163
2026-07-27 21:05:30,955 - INFO: Loss: 0.252941
2026-07-27 21:05:30,955 - INFO: Training ROC-AUC: 0.874074
2026-07-27 21:05:30,955 - INFO: Validation ROC-AUC: 0.860979
2026-07-27 21:05:33,666 - INFO: Starting epoch 25
2026-07-27 21:05:33,697 - INFO: Evaluating at iteration 50257
2026-07-27 21:05:35,335 - INFO: Loss: 0.219958
2026-07-27 21:05:35,335 - INFO: Training ROC-AUC: 0.885057
2026-07-27 21:05:35,335 - INFO: Validation ROC-AUC: 0.861295
2026-07-27 21:05:49,882 - INFO: Evaluating at iteration 50757
2026-07-27 21:05:51,452 - INFO: Loss: 0.172251
2026-07-27 21:05:51,452 - INFO: Training ROC-AUC: 0.916667
2026-07-27 21:05:51,452 - INFO: Validation ROC-AUC: 0.860246
2026-07-27 21:06:06,028 - INFO: Evaluating at iteration 51257
2026-07-27 21:06:07,605 - INFO: Loss: 0.257760
2026-07-27 21:06:07,605 - INFO: Training ROC-AUC: 0.933333
2026-07-27 21:06:07,605 - INFO: Validation ROC-AUC: 0.862702
2026-07-27 21:06:22,562 - INFO: Evaluating at iteration 51757
2026-07-27 21:06:24,116 - INFO: Loss: 0.334851
2026-07-27 21:06:24,116 - INFO: Training ROC-AUC: 0.880000
2026-07-27 21:06:24,116 - INFO: Validation ROC-AUC: 0.861487
2026-07-27 21:06:38,704 - INFO: Evaluating at iteration 52257
2026-07-27 21:06:40,258 - INFO: Loss: 0.191546
2026-07-27 21:06:40,258 - INFO: Training ROC-AUC: 0.970370
2026-07-27 21:06:40,258 - INFO: Validation ROC-AUC: 0.861594
2026-07-27 21:06:42,974 - INFO: Saving model to models/NetTCR_random_split/model_5.pt
