2025-05-23 22:40:54,234 - INFO: Parameter: seed=123
2025-05-23 22:40:54,234 - INFO: Parameter: training_data='data/processed/sequences_right_pad_blosum.h5'
2025-05-23 22:40:54,235 - INFO: Parameter: output='models/NetTCR'
2025-05-23 22:40:54,235 - INFO: Parameter: embedding_dim_size=20
2025-05-23 22:40:54,235 - INFO: Parameter: batch_size=32
2025-05-23 22:40:54,235 - INFO: Parameter: num_epochs=25
2025-05-23 22:40:54,235 - INFO: Parameter: learning_rate=0.001
2025-05-23 22:40:54,235 - INFO: Parameter: dropout_rate=0.6
2025-05-23 22:40:54,235 - INFO: Parameter: checkpoint_interval=1000
2025-05-23 22:40:54,235 - INFO: Parameter: eval_interval=500
2025-05-23 22:40:54,235 - INFO: Parameter: eval_batch_size=1000
2025-05-23 22:40:54,235 - INFO: Parameter: log_level='info'
2025-05-23 22:40:54,235 - INFO: Parameter: log_file='data/logs/train_NetTCR.log'
2025-05-23 22:40:54,235 - INFO: Setting random seed to 123
2025-05-23 22:40:54,322 - INFO: Loading training data from data/processed/sequences_right_pad_blosum.h5
2025-05-23 22:40:56,462 - INFO: Creating models/NetTCR
2025-05-23 22:40:56,464 - INFO: Starting fold 1
2025-05-23 22:40:56,465 - INFO: Initialising model
2025-05-23 22:41:17,060 - INFO: Starting training
2025-05-23 22:41:17,060 - INFO: Starting epoch 1
2025-05-23 22:41:17,259 - INFO: Evaluating at iteration 1
2025-05-23 22:41:17,422 - INFO: Loss: 0.898988
2025-05-23 22:41:17,422 - INFO: Training ROC-AUC: 0.303704
2025-05-23 22:41:17,423 - INFO: Validation ROC-AUC: 0.555030
2025-05-23 22:41:31,602 - INFO: Evaluating at iteration 501
2025-05-23 22:41:31,732 - INFO: Loss: 0.325780
2025-05-23 22:41:31,732 - INFO: Training ROC-AUC: 0.505747
2025-05-23 22:41:31,732 - INFO: Validation ROC-AUC: 0.472281
2025-05-23 22:41:45,786 - INFO: Evaluating at iteration 1001
2025-05-23 22:41:45,914 - INFO: Loss: 0.482815
2025-05-23 22:41:45,914 - INFO: Training ROC-AUC: 0.589744
2025-05-23 22:41:45,914 - INFO: Validation ROC-AUC: 0.450916
2025-05-23 22:41:59,997 - INFO: Evaluating at iteration 1501
2025-05-23 22:42:00,118 - INFO: Loss: 0.624078
2025-05-23 22:42:00,119 - INFO: Training ROC-AUC: 0.632850
2025-05-23 22:42:00,119 - INFO: Validation ROC-AUC: 0.402475
2025-05-23 22:42:14,185 - INFO: Evaluating at iteration 2001
2025-05-23 22:42:14,315 - INFO: Loss: 0.233606
2025-05-23 22:42:14,315 - INFO: Training ROC-AUC: 0.225806
2025-05-23 22:42:14,315 - INFO: Validation ROC-AUC: 0.383043
2025-05-23 22:42:28,501 - INFO: Evaluating at iteration 2501
2025-05-23 22:42:28,630 - INFO: Loss: 0.486480
2025-05-23 22:42:28,630 - INFO: Training ROC-AUC: 0.442308
2025-05-23 22:42:28,630 - INFO: Validation ROC-AUC: 0.391716
2025-05-23 22:42:30,988 - INFO: Starting epoch 2
2025-05-23 22:42:31,017 - INFO: Evaluating at iteration 2586
2025-05-23 22:42:31,133 - INFO: Loss: 0.331372
2025-05-23 22:42:31,133 - INFO: Training ROC-AUC: 0.390805
2025-05-23 22:42:31,133 - INFO: Validation ROC-AUC: 0.391798
2025-05-23 22:42:45,244 - INFO: Evaluating at iteration 3086
2025-05-23 22:42:45,361 - INFO: Loss: 0.534833
2025-05-23 22:42:45,361 - INFO: Training ROC-AUC: 0.731429
2025-05-23 22:42:45,361 - INFO: Validation ROC-AUC: 0.379242
2025-05-23 22:42:59,425 - INFO: Evaluating at iteration 3586
2025-05-23 22:42:59,554 - INFO: Loss: 0.433922
2025-05-23 22:42:59,554 - INFO: Training ROC-AUC: 0.555556
2025-05-23 22:42:59,554 - INFO: Validation ROC-AUC: 0.362655
2025-05-23 22:43:13,684 - INFO: Evaluating at iteration 4086
2025-05-23 22:43:13,802 - INFO: Loss: 0.484281
2025-05-23 22:43:13,803 - INFO: Training ROC-AUC: 0.371795
2025-05-23 22:43:13,803 - INFO: Validation ROC-AUC: 0.409234
2025-05-23 22:43:27,811 - INFO: Evaluating at iteration 4586
2025-05-23 22:43:27,928 - INFO: Loss: 0.433628
2025-05-23 22:43:27,928 - INFO: Training ROC-AUC: 0.400000
2025-05-23 22:43:27,928 - INFO: Validation ROC-AUC: 0.416173
2025-05-23 22:43:41,995 - INFO: Evaluating at iteration 5086
2025-05-23 22:43:42,124 - INFO: Loss: 0.379076
2025-05-23 22:43:42,125 - INFO: Training ROC-AUC: 0.562500
2025-05-23 22:43:42,125 - INFO: Validation ROC-AUC: 0.410808
2025-05-23 22:43:44,561 - INFO: Starting epoch 3
2025-05-23 22:43:44,591 - INFO: Evaluating at iteration 5171
2025-05-23 22:43:44,706 - INFO: Loss: 0.229233
2025-05-23 22:43:44,706 - INFO: Training ROC-AUC: 0.903226
2025-05-23 22:43:44,706 - INFO: Validation ROC-AUC: 0.410060
2025-05-23 22:43:58,770 - INFO: Evaluating at iteration 5671
2025-05-23 22:43:58,884 - INFO: Loss: 0.382763
2025-05-23 22:43:58,884 - INFO: Training ROC-AUC: 0.526786
2025-05-23 22:43:58,884 - INFO: Validation ROC-AUC: 0.408741
2025-05-23 22:44:12,939 - INFO: Evaluating at iteration 6171
2025-05-23 22:44:13,053 - INFO: Loss: 0.433816
2025-05-23 22:44:13,053 - INFO: Training ROC-AUC: 0.666667
2025-05-23 22:44:13,053 - INFO: Validation ROC-AUC: 0.427350
2025-05-23 22:44:27,154 - INFO: Evaluating at iteration 6671
2025-05-23 22:44:27,282 - INFO: Loss: 0.485590
2025-05-23 22:44:27,282 - INFO: Training ROC-AUC: 0.512821
2025-05-23 22:44:27,282 - INFO: Validation ROC-AUC: 0.422632
2025-05-23 22:44:41,324 - INFO: Evaluating at iteration 7171
2025-05-23 22:44:41,439 - INFO: Loss: 0.634093
2025-05-23 22:44:41,440 - INFO: Training ROC-AUC: 0.487923
2025-05-23 22:44:41,440 - INFO: Validation ROC-AUC: 0.407135
2025-05-23 22:44:55,512 - INFO: Evaluating at iteration 7671
2025-05-23 22:44:55,625 - INFO: Loss: 0.929021
2025-05-23 22:44:55,625 - INFO: Training ROC-AUC: 0.511765
2025-05-23 22:44:55,625 - INFO: Validation ROC-AUC: 0.426524
2025-05-23 22:44:58,012 - INFO: Starting epoch 4
2025-05-23 22:44:58,042 - INFO: Evaluating at iteration 7756
2025-05-23 22:44:58,155 - INFO: Loss: 0.482880
2025-05-23 22:44:58,155 - INFO: Training ROC-AUC: 0.455128
2025-05-23 22:44:58,155 - INFO: Validation ROC-AUC: 0.436669
2025-05-23 22:45:12,309 - INFO: Evaluating at iteration 8256
2025-05-23 22:45:12,422 - INFO: Loss: 0.325446
2025-05-23 22:45:12,422 - INFO: Training ROC-AUC: 0.505747
2025-05-23 22:45:12,422 - INFO: Validation ROC-AUC: 0.391628
2025-05-23 22:45:26,578 - INFO: Evaluating at iteration 8756
2025-05-23 22:45:26,706 - INFO: Loss: 0.385970
2025-05-23 22:45:26,706 - INFO: Training ROC-AUC: 0.477679
2025-05-23 22:45:26,706 - INFO: Validation ROC-AUC: 0.460212
2025-05-23 22:45:40,876 - INFO: Evaluating at iteration 9256
2025-05-23 22:45:40,990 - INFO: Loss: 0.280044
2025-05-23 22:45:40,990 - INFO: Training ROC-AUC: 0.558333
2025-05-23 22:45:40,990 - INFO: Validation ROC-AUC: 0.411256
2025-05-23 22:45:55,242 - INFO: Evaluating at iteration 9756
2025-05-23 22:45:55,354 - INFO: Loss: 0.390959
2025-05-23 22:45:55,354 - INFO: Training ROC-AUC: 0.553571
2025-05-23 22:45:55,354 - INFO: Validation ROC-AUC: 0.429022
2025-05-23 22:46:09,545 - INFO: Evaluating at iteration 10256
2025-05-23 22:46:09,658 - INFO: Loss: 0.620654
2025-05-23 22:46:09,658 - INFO: Training ROC-AUC: 0.603865
2025-05-23 22:46:09,658 - INFO: Validation ROC-AUC: 0.401845
2025-05-23 22:46:12,047 - INFO: Starting epoch 5
2025-05-23 22:46:12,077 - INFO: Evaluating at iteration 10341
2025-05-23 22:46:12,203 - INFO: Loss: 0.381904
2025-05-23 22:46:12,203 - INFO: Training ROC-AUC: 0.375000
2025-05-23 22:46:12,203 - INFO: Validation ROC-AUC: 0.429162
2025-05-23 22:46:26,409 - INFO: Evaluating at iteration 10841
2025-05-23 22:46:26,521 - INFO: Loss: 0.388671
2025-05-23 22:46:26,521 - INFO: Training ROC-AUC: 0.575893
2025-05-23 22:46:26,521 - INFO: Validation ROC-AUC: 0.387076
2025-05-23 22:46:40,671 - INFO: Evaluating at iteration 11341
2025-05-23 22:46:40,782 - INFO: Loss: 0.441218
2025-05-23 22:46:40,783 - INFO: Training ROC-AUC: 0.634615
2025-05-23 22:46:40,783 - INFO: Validation ROC-AUC: 0.432310
2025-05-23 22:46:54,972 - INFO: Evaluating at iteration 11841
2025-05-23 22:46:55,084 - INFO: Loss: 0.211991
2025-05-23 22:46:55,084 - INFO: Training ROC-AUC: 0.677419
2025-05-23 22:46:55,084 - INFO: Validation ROC-AUC: 0.414198
2025-05-23 22:47:09,277 - INFO: Evaluating at iteration 12341
2025-05-23 22:47:09,400 - INFO: Loss: 0.539258
2025-05-23 22:47:09,400 - INFO: Training ROC-AUC: 0.605714
2025-05-23 22:47:09,400 - INFO: Validation ROC-AUC: 0.603115
2025-05-23 22:47:23,581 - INFO: Evaluating at iteration 12841
2025-05-23 22:47:23,694 - INFO: Loss: 0.485188
2025-05-23 22:47:23,694 - INFO: Training ROC-AUC: 0.500000
2025-05-23 22:47:23,694 - INFO: Validation ROC-AUC: 0.591203
2025-05-23 22:47:26,070 - INFO: Starting epoch 6
2025-05-23 22:47:26,099 - INFO: Evaluating at iteration 12926
2025-05-23 22:47:26,209 - INFO: Loss: 0.582125
2025-05-23 22:47:26,209 - INFO: Training ROC-AUC: 0.539062
2025-05-23 22:47:26,209 - INFO: Validation ROC-AUC: 0.584052
2025-05-23 22:47:40,388 - INFO: Evaluating at iteration 13426
2025-05-23 22:47:40,525 - INFO: Loss: 0.181233
2025-05-23 22:47:40,526 - INFO: Training ROC-AUC: nan
2025-05-23 22:47:40,526 - INFO: Validation ROC-AUC: 0.507788
2025-05-23 22:47:54,710 - INFO: Evaluating at iteration 13926
2025-05-23 22:47:54,834 - INFO: Loss: 0.534348
2025-05-23 22:47:54,834 - INFO: Training ROC-AUC: 0.371429
2025-05-23 22:47:54,834 - INFO: Validation ROC-AUC: 0.598583
2025-05-23 22:48:09,026 - INFO: Evaluating at iteration 14426
2025-05-23 22:48:09,136 - INFO: Loss: 0.473791
2025-05-23 22:48:09,136 - INFO: Training ROC-AUC: 0.694286
2025-05-23 22:48:09,136 - INFO: Validation ROC-AUC: 0.577760
2025-05-23 22:48:23,328 - INFO: Evaluating at iteration 14926
2025-05-23 22:48:23,438 - INFO: Loss: 0.214947
2025-05-23 22:48:23,438 - INFO: Training ROC-AUC: 0.580645
2025-05-23 22:48:23,438 - INFO: Validation ROC-AUC: 0.557362
2025-05-23 22:48:37,639 - INFO: Evaluating at iteration 15426
2025-05-23 22:48:37,749 - INFO: Loss: 0.419860
2025-05-23 22:48:37,750 - INFO: Training ROC-AUC: 0.562963
2025-05-23 22:48:37,750 - INFO: Validation ROC-AUC: 0.579817
2025-05-23 22:48:40,134 - INFO: Starting epoch 7
2025-05-23 22:48:40,166 - INFO: Evaluating at iteration 15511
2025-05-23 22:48:40,277 - INFO: Loss: 0.474989
2025-05-23 22:48:40,277 - INFO: Training ROC-AUC: 0.596154
2025-05-23 22:48:40,277 - INFO: Validation ROC-AUC: 0.611840
2025-05-23 22:48:54,514 - INFO: Evaluating at iteration 16011
2025-05-23 22:48:54,636 - INFO: Loss: 0.381531
2025-05-23 22:48:54,636 - INFO: Training ROC-AUC: 0.589286
2025-05-23 22:48:54,636 - INFO: Validation ROC-AUC: 0.555987
2025-05-23 22:49:08,843 - INFO: Evaluating at iteration 16511
2025-05-23 22:49:08,953 - INFO: Loss: 0.514653
2025-05-23 22:49:08,953 - INFO: Training ROC-AUC: 0.640625
2025-05-23 22:49:08,953 - INFO: Validation ROC-AUC: 0.579543
2025-05-23 22:49:23,160 - INFO: Evaluating at iteration 17011
2025-05-23 22:49:23,269 - INFO: Loss: 0.493560
2025-05-23 22:49:23,269 - INFO: Training ROC-AUC: 0.786458
2025-05-23 22:49:23,269 - INFO: Validation ROC-AUC: 0.558469
2025-05-23 22:49:37,439 - INFO: Evaluating at iteration 17511
2025-05-23 22:49:37,561 - INFO: Loss: 0.230438
2025-05-23 22:49:37,561 - INFO: Training ROC-AUC: 0.709677
2025-05-23 22:49:37,561 - INFO: Validation ROC-AUC: 0.545600
2025-05-23 22:49:51,744 - INFO: Evaluating at iteration 18011
2025-05-23 22:49:51,854 - INFO: Loss: 0.370107
2025-05-23 22:49:51,854 - INFO: Training ROC-AUC: 0.730769
2025-05-23 22:49:51,854 - INFO: Validation ROC-AUC: 0.559951
2025-05-23 22:49:54,229 - INFO: Starting epoch 8
2025-05-23 22:49:54,259 - INFO: Evaluating at iteration 18096
2025-05-23 22:49:54,367 - INFO: Loss: 0.400240
2025-05-23 22:49:54,368 - INFO: Training ROC-AUC: 0.517857
2025-05-23 22:49:54,368 - INFO: Validation ROC-AUC: 0.553672
2025-05-23 22:50:08,568 - INFO: Evaluating at iteration 18596
2025-05-23 22:50:08,678 - INFO: Loss: 0.429684
2025-05-23 22:50:08,678 - INFO: Training ROC-AUC: 0.570370
2025-05-23 22:50:08,678 - INFO: Validation ROC-AUC: 0.535154
2025-05-23 22:50:23,231 - INFO: Evaluating at iteration 19096
2025-05-23 22:50:23,344 - INFO: Loss: 0.529136
2025-05-23 22:50:23,344 - INFO: Training ROC-AUC: 0.565104
2025-05-23 22:50:23,344 - INFO: Validation ROC-AUC: 0.537322
2025-05-23 22:50:37,558 - INFO: Evaluating at iteration 19596
2025-05-23 22:50:37,679 - INFO: Loss: 0.296618
2025-05-23 22:50:37,679 - INFO: Training ROC-AUC: 0.883929
2025-05-23 22:50:37,679 - INFO: Validation ROC-AUC: 0.536581
2025-05-23 22:50:51,855 - INFO: Evaluating at iteration 20096
2025-05-23 22:50:51,963 - INFO: Loss: 0.318711
2025-05-23 22:50:51,963 - INFO: Training ROC-AUC: 0.758621
2025-05-23 22:50:51,963 - INFO: Validation ROC-AUC: 0.553316
2025-05-23 22:51:06,166 - INFO: Evaluating at iteration 20596
2025-05-23 22:51:06,276 - INFO: Loss: 0.355393
2025-05-23 22:51:06,277 - INFO: Training ROC-AUC: 0.714286
2025-05-23 22:51:06,277 - INFO: Validation ROC-AUC: 0.574371
2025-05-23 22:51:08,652 - INFO: Starting epoch 9
2025-05-23 22:51:08,684 - INFO: Evaluating at iteration 20681
2025-05-23 22:51:08,793 - INFO: Loss: 0.162969
2025-05-23 22:51:08,793 - INFO: Training ROC-AUC: 0.983333
2025-05-23 22:51:08,793 - INFO: Validation ROC-AUC: 0.515246
2025-05-23 22:51:22,990 - INFO: Evaluating at iteration 21181
2025-05-23 22:51:23,111 - INFO: Loss: 0.291011
2025-05-23 22:51:23,111 - INFO: Training ROC-AUC: 0.851852
2025-05-23 22:51:23,111 - INFO: Validation ROC-AUC: 0.536856
2025-05-23 22:51:37,441 - INFO: Evaluating at iteration 21681
2025-05-23 22:51:37,555 - INFO: Loss: 0.364683
2025-05-23 22:51:37,555 - INFO: Training ROC-AUC: 0.770370
2025-05-23 22:51:37,555 - INFO: Validation ROC-AUC: 0.522537
2025-05-23 22:51:51,735 - INFO: Evaluating at iteration 22181
2025-05-23 22:51:51,843 - INFO: Loss: 0.257581
2025-05-23 22:51:51,843 - INFO: Training ROC-AUC: 0.873563
2025-05-23 22:51:51,843 - INFO: Validation ROC-AUC: 0.577430
2025-05-23 22:52:06,005 - INFO: Evaluating at iteration 22681
2025-05-23 22:52:06,114 - INFO: Loss: 0.240051
2025-05-23 22:52:06,114 - INFO: Training ROC-AUC: 0.862069
2025-05-23 22:52:06,114 - INFO: Validation ROC-AUC: 0.557669
2025-05-23 22:52:20,285 - INFO: Evaluating at iteration 23181
2025-05-23 22:52:20,405 - INFO: Loss: 0.441335
2025-05-23 22:52:20,405 - INFO: Training ROC-AUC: 0.805714
2025-05-23 22:52:20,405 - INFO: Validation ROC-AUC: 0.575073
2025-05-23 22:52:22,777 - INFO: Starting epoch 10
2025-05-23 22:52:22,807 - INFO: Evaluating at iteration 23266
2025-05-23 22:52:22,918 - INFO: Loss: 0.397301
2025-05-23 22:52:22,918 - INFO: Training ROC-AUC: 0.526786
2025-05-23 22:52:22,918 - INFO: Validation ROC-AUC: 0.583118
2025-05-23 22:52:37,081 - INFO: Evaluating at iteration 23766
2025-05-23 22:52:37,190 - INFO: Loss: 0.397745
2025-05-23 22:52:37,190 - INFO: Training ROC-AUC: 0.762821
2025-05-23 22:52:37,190 - INFO: Validation ROC-AUC: 0.570204
2025-05-23 22:52:51,370 - INFO: Evaluating at iteration 24266
2025-05-23 22:52:51,478 - INFO: Loss: 0.404718
2025-05-23 22:52:51,478 - INFO: Training ROC-AUC: 0.743590
2025-05-23 22:52:51,478 - INFO: Validation ROC-AUC: 0.563337
2025-05-23 22:53:05,714 - INFO: Evaluating at iteration 24766
2025-05-23 22:53:05,839 - INFO: Loss: 0.320649
2025-05-23 22:53:05,839 - INFO: Training ROC-AUC: 0.830357
2025-05-23 22:53:05,839 - INFO: Validation ROC-AUC: 0.567272
2025-05-23 22:53:20,330 - INFO: Evaluating at iteration 25266
2025-05-23 22:53:20,439 - INFO: Loss: 0.575342
2025-05-23 22:53:20,439 - INFO: Training ROC-AUC: 0.912500
2025-05-23 22:53:20,439 - INFO: Validation ROC-AUC: 0.574459
2025-05-23 22:53:34,623 - INFO: Evaluating at iteration 25766
2025-05-23 22:53:34,730 - INFO: Loss: 0.349689
2025-05-23 22:53:34,730 - INFO: Training ROC-AUC: 0.598214
2025-05-23 22:53:34,730 - INFO: Validation ROC-AUC: 0.575386
2025-05-23 22:53:37,107 - INFO: Starting epoch 11
2025-05-23 22:53:37,137 - INFO: Evaluating at iteration 25851
2025-05-23 22:53:37,244 - INFO: Loss: 0.319325
2025-05-23 22:53:37,244 - INFO: Training ROC-AUC: 0.732143
2025-05-23 22:53:37,244 - INFO: Validation ROC-AUC: 0.577352
2025-05-23 22:53:51,453 - INFO: Evaluating at iteration 26351
2025-05-23 22:53:51,567 - INFO: Loss: 0.616714
2025-05-23 22:53:51,567 - INFO: Training ROC-AUC: 0.724638
2025-05-23 22:53:51,567 - INFO: Validation ROC-AUC: 0.576797
2025-05-23 22:54:05,774 - INFO: Evaluating at iteration 26851
2025-05-23 22:54:05,895 - INFO: Loss: 0.244896
2025-05-23 22:54:05,895 - INFO: Training ROC-AUC: 0.827586
2025-05-23 22:54:05,895 - INFO: Validation ROC-AUC: 0.578674
2025-05-23 22:54:20,138 - INFO: Evaluating at iteration 27351
2025-05-23 22:54:20,246 - INFO: Loss: 0.388722
2025-05-23 22:54:20,246 - INFO: Training ROC-AUC: 0.685185
2025-05-23 22:54:20,246 - INFO: Validation ROC-AUC: 0.582318
2025-05-23 22:54:34,430 - INFO: Evaluating at iteration 27851
2025-05-23 22:54:34,537 - INFO: Loss: 0.400884
2025-05-23 22:54:34,537 - INFO: Training ROC-AUC: 0.622222
2025-05-23 22:54:34,538 - INFO: Validation ROC-AUC: 0.586847
2025-05-23 22:54:48,780 - INFO: Evaluating at iteration 28351
2025-05-23 22:54:48,901 - INFO: Loss: 0.307190
2025-05-23 22:54:48,901 - INFO: Training ROC-AUC: 0.758621
2025-05-23 22:54:48,901 - INFO: Validation ROC-AUC: 0.586723
2025-05-23 22:54:51,287 - INFO: Starting epoch 12
2025-05-23 22:54:51,316 - INFO: Evaluating at iteration 28436
2025-05-23 22:54:51,424 - INFO: Loss: 0.239135
2025-05-23 22:54:51,424 - INFO: Training ROC-AUC: 0.896552
2025-05-23 22:54:51,424 - INFO: Validation ROC-AUC: 0.585727
2025-05-23 22:55:05,673 - INFO: Evaluating at iteration 28936
2025-05-23 22:55:05,788 - INFO: Loss: 0.414286
2025-05-23 22:55:05,788 - INFO: Training ROC-AUC: 0.769231
2025-05-23 22:55:05,788 - INFO: Validation ROC-AUC: 0.573845
2025-05-23 22:55:20,351 - INFO: Evaluating at iteration 29436
2025-05-23 22:55:20,463 - INFO: Loss: 0.359950
2025-05-23 22:55:20,463 - INFO: Training ROC-AUC: 0.897143
2025-05-23 22:55:20,463 - INFO: Validation ROC-AUC: 0.558998
2025-05-23 22:55:34,835 - INFO: Evaluating at iteration 29936
2025-05-23 22:55:34,944 - INFO: Loss: 0.288999
2025-05-23 22:55:34,944 - INFO: Training ROC-AUC: 0.758929
2025-05-23 22:55:34,944 - INFO: Validation ROC-AUC: 0.567941
2025-05-23 22:55:49,177 - INFO: Evaluating at iteration 30436
2025-05-23 22:55:49,296 - INFO: Loss: 0.249673
2025-05-23 22:55:49,297 - INFO: Training ROC-AUC: 0.937500
2025-05-23 22:55:49,297 - INFO: Validation ROC-AUC: 0.574687
2025-05-23 22:56:03,538 - INFO: Evaluating at iteration 30936
2025-05-23 22:56:03,651 - INFO: Loss: 0.324912
2025-05-23 22:56:03,651 - INFO: Training ROC-AUC: 0.696429
2025-05-23 22:56:03,651 - INFO: Validation ROC-AUC: 0.556496
2025-05-23 22:56:06,037 - INFO: Starting epoch 13
2025-05-23 22:56:06,067 - INFO: Evaluating at iteration 31021
2025-05-23 22:56:06,174 - INFO: Loss: 0.274171
2025-05-23 22:56:06,174 - INFO: Training ROC-AUC: 0.885057
2025-05-23 22:56:06,174 - INFO: Validation ROC-AUC: 0.535713
2025-05-23 22:56:20,375 - INFO: Evaluating at iteration 31521
2025-05-23 22:56:20,483 - INFO: Loss: 0.349537
2025-05-23 22:56:20,484 - INFO: Training ROC-AUC: 0.821429
2025-05-23 22:56:20,484 - INFO: Validation ROC-AUC: 0.561456
2025-05-23 22:56:34,850 - INFO: Evaluating at iteration 32021
2025-05-23 22:56:34,971 - INFO: Loss: 0.290618
2025-05-23 22:56:34,972 - INFO: Training ROC-AUC: 0.910714
2025-05-23 22:56:34,972 - INFO: Validation ROC-AUC: 0.559399
2025-05-23 22:56:49,251 - INFO: Evaluating at iteration 32521
2025-05-23 22:56:49,359 - INFO: Loss: 0.309278
2025-05-23 22:56:49,359 - INFO: Training ROC-AUC: 0.983974
2025-05-23 22:56:49,359 - INFO: Validation ROC-AUC: 0.573120
2025-05-23 22:57:03,617 - INFO: Evaluating at iteration 33021
2025-05-23 22:57:03,728 - INFO: Loss: 0.379576
2025-05-23 22:57:03,728 - INFO: Training ROC-AUC: 0.897143
2025-05-23 22:57:03,728 - INFO: Validation ROC-AUC: 0.569623
2025-05-23 22:57:18,026 - INFO: Evaluating at iteration 33521
2025-05-23 22:57:18,135 - INFO: Loss: 0.391099
2025-05-23 22:57:18,135 - INFO: Training ROC-AUC: 0.785185
2025-05-23 22:57:18,135 - INFO: Validation ROC-AUC: 0.581179
2025-05-23 22:57:20,529 - INFO: Starting epoch 14
2025-05-23 22:57:20,558 - INFO: Evaluating at iteration 33606
2025-05-23 22:57:20,678 - INFO: Loss: 0.471836
2025-05-23 22:57:20,678 - INFO: Training ROC-AUC: 0.540741
2025-05-23 22:57:20,678 - INFO: Validation ROC-AUC: 0.583024
2025-05-23 22:57:35,008 - INFO: Evaluating at iteration 34106
2025-05-23 22:57:35,116 - INFO: Loss: 0.378665
2025-05-23 22:57:35,116 - INFO: Training ROC-AUC: 0.788462
2025-05-23 22:57:35,116 - INFO: Validation ROC-AUC: 0.585316
2025-05-23 22:57:49,394 - INFO: Evaluating at iteration 34606
2025-05-23 22:57:49,505 - INFO: Loss: 0.254671
2025-05-23 22:57:49,505 - INFO: Training ROC-AUC: 0.985185
2025-05-23 22:57:49,505 - INFO: Validation ROC-AUC: 0.564186
2025-05-23 22:58:03,821 - INFO: Evaluating at iteration 35106
2025-05-23 22:58:03,929 - INFO: Loss: 0.474090
2025-05-23 22:58:03,929 - INFO: Training ROC-AUC: 0.781250
2025-05-23 22:58:03,929 - INFO: Validation ROC-AUC: 0.561558
2025-05-23 22:58:18,203 - INFO: Evaluating at iteration 35606
2025-05-23 22:58:18,322 - INFO: Loss: 0.425445
2025-05-23 22:58:18,322 - INFO: Training ROC-AUC: 0.517857
2025-05-23 22:58:18,322 - INFO: Validation ROC-AUC: 0.568082
2025-05-23 22:58:32,593 - INFO: Evaluating at iteration 36106
2025-05-23 22:58:32,700 - INFO: Loss: 0.855882
2025-05-23 22:58:32,701 - INFO: Training ROC-AUC: 0.541126
2025-05-23 22:58:32,701 - INFO: Validation ROC-AUC: 0.556842
2025-05-23 22:58:35,100 - INFO: Starting epoch 15
2025-05-23 22:58:35,130 - INFO: Evaluating at iteration 36191
2025-05-23 22:58:35,237 - INFO: Loss: 0.315986
2025-05-23 22:58:35,238 - INFO: Training ROC-AUC: 0.801282
2025-05-23 22:58:35,238 - INFO: Validation ROC-AUC: 0.567275
2025-05-23 22:58:49,582 - INFO: Evaluating at iteration 36691
2025-05-23 22:58:49,689 - INFO: Loss: 0.316475
2025-05-23 22:58:49,689 - INFO: Training ROC-AUC: 0.852564
2025-05-23 22:58:49,689 - INFO: Validation ROC-AUC: 0.567742
2025-05-23 22:59:04,019 - INFO: Evaluating at iteration 37191
2025-05-23 22:59:04,141 - INFO: Loss: 0.275661
2025-05-23 22:59:04,141 - INFO: Training ROC-AUC: 0.955128
2025-05-23 22:59:04,141 - INFO: Validation ROC-AUC: 0.578544
2025-05-23 22:59:18,448 - INFO: Evaluating at iteration 37691
2025-05-23 22:59:18,556 - INFO: Loss: 0.429703
2025-05-23 22:59:18,556 - INFO: Training ROC-AUC: 0.622222
2025-05-23 22:59:18,556 - INFO: Validation ROC-AUC: 0.584696
2025-05-23 22:59:32,850 - INFO: Evaluating at iteration 38191
2025-05-23 22:59:32,957 - INFO: Loss: 0.405271
2025-05-23 22:59:32,957 - INFO: Training ROC-AUC: 0.906250
2025-05-23 22:59:32,957 - INFO: Validation ROC-AUC: 0.577623
2025-05-23 22:59:47,279 - INFO: Evaluating at iteration 38691
2025-05-23 22:59:47,391 - INFO: Loss: 0.526172
2025-05-23 22:59:47,391 - INFO: Training ROC-AUC: 0.877273
2025-05-23 22:59:47,391 - INFO: Validation ROC-AUC: 0.575125
2025-05-23 22:59:49,797 - INFO: Starting epoch 16
2025-05-23 22:59:49,828 - INFO: Evaluating at iteration 38776
2025-05-23 22:59:49,935 - INFO: Loss: 0.320833
2025-05-23 22:59:49,935 - INFO: Training ROC-AUC: 0.911111
2025-05-23 22:59:49,935 - INFO: Validation ROC-AUC: 0.567233
2025-05-23 23:00:04,271 - INFO: Evaluating at iteration 39276
2025-05-23 23:00:04,390 - INFO: Loss: 0.272971
2025-05-23 23:00:04,390 - INFO: Training ROC-AUC: 0.965517
2025-05-23 23:00:04,390 - INFO: Validation ROC-AUC: 0.585496
2025-05-23 23:00:18,803 - INFO: Evaluating at iteration 39776
2025-05-23 23:00:18,910 - INFO: Loss: 0.282851
2025-05-23 23:00:18,911 - INFO: Training ROC-AUC: 0.925926
2025-05-23 23:00:18,911 - INFO: Validation ROC-AUC: 0.579974
2025-05-23 23:00:33,279 - INFO: Evaluating at iteration 40276
2025-05-23 23:00:33,386 - INFO: Loss: 0.312565
2025-05-23 23:00:33,386 - INFO: Training ROC-AUC: 0.937500
2025-05-23 23:00:33,386 - INFO: Validation ROC-AUC: 0.589022
2025-05-23 23:00:47,772 - INFO: Evaluating at iteration 40776
2025-05-23 23:00:47,896 - INFO: Loss: 0.464586
2025-05-23 23:00:47,896 - INFO: Training ROC-AUC: 0.802857
2025-05-23 23:00:47,896 - INFO: Validation ROC-AUC: 0.574769
2025-05-23 23:01:02,236 - INFO: Evaluating at iteration 41276
2025-05-23 23:01:02,344 - INFO: Loss: 0.425904
2025-05-23 23:01:02,344 - INFO: Training ROC-AUC: 0.762821
2025-05-23 23:01:02,344 - INFO: Validation ROC-AUC: 0.559556
2025-05-23 23:01:04,746 - INFO: Starting epoch 17
2025-05-23 23:01:04,776 - INFO: Evaluating at iteration 41361
2025-05-23 23:01:04,884 - INFO: Loss: 0.299449
2025-05-23 23:01:04,884 - INFO: Training ROC-AUC: 0.929487
2025-05-23 23:01:04,884 - INFO: Validation ROC-AUC: 0.558132
2025-05-23 23:01:19,254 - INFO: Evaluating at iteration 41861
2025-05-23 23:01:19,361 - INFO: Loss: 0.258525
2025-05-23 23:01:19,362 - INFO: Training ROC-AUC: 0.964286
2025-05-23 23:01:19,362 - INFO: Validation ROC-AUC: 0.563363
2025-05-23 23:01:33,729 - INFO: Evaluating at iteration 42361
2025-05-23 23:01:33,837 - INFO: Loss: 0.451951
2025-05-23 23:01:33,838 - INFO: Training ROC-AUC: 0.744792
2025-05-23 23:01:33,838 - INFO: Validation ROC-AUC: 0.556725
2025-05-23 23:01:48,211 - INFO: Evaluating at iteration 42861
2025-05-23 23:01:48,335 - INFO: Loss: 0.506199
2025-05-23 23:01:48,335 - INFO: Training ROC-AUC: 0.682857
2025-05-23 23:01:48,335 - INFO: Validation ROC-AUC: 0.568235
2025-05-23 23:02:02,685 - INFO: Evaluating at iteration 43361
2025-05-23 23:02:02,792 - INFO: Loss: 0.290402
2025-05-23 23:02:02,793 - INFO: Training ROC-AUC: 0.916667
2025-05-23 23:02:02,793 - INFO: Validation ROC-AUC: 0.592715
2025-05-23 23:02:17,135 - INFO: Evaluating at iteration 43861
2025-05-23 23:02:17,242 - INFO: Loss: 0.327358
2025-05-23 23:02:17,242 - INFO: Training ROC-AUC: 0.820513
2025-05-23 23:02:17,242 - INFO: Validation ROC-AUC: 0.562047
2025-05-23 23:02:19,650 - INFO: Starting epoch 18
2025-05-23 23:02:19,680 - INFO: Evaluating at iteration 43946
2025-05-23 23:02:19,787 - INFO: Loss: 0.374316
2025-05-23 23:02:19,787 - INFO: Training ROC-AUC: 0.937143
2025-05-23 23:02:19,787 - INFO: Validation ROC-AUC: 0.578488
2025-05-23 23:02:34,148 - INFO: Evaluating at iteration 44446
2025-05-23 23:02:34,268 - INFO: Loss: 0.448264
2025-05-23 23:02:34,268 - INFO: Training ROC-AUC: 0.681481
2025-05-23 23:02:34,268 - INFO: Validation ROC-AUC: 0.588255
2025-05-23 23:02:48,606 - INFO: Evaluating at iteration 44946
2025-05-23 23:02:48,715 - INFO: Loss: 0.339111
2025-05-23 23:02:48,715 - INFO: Training ROC-AUC: 0.763393
2025-05-23 23:02:48,715 - INFO: Validation ROC-AUC: 0.576676
2025-05-23 23:03:03,055 - INFO: Evaluating at iteration 45446
2025-05-23 23:03:03,163 - INFO: Loss: 0.197442
2025-05-23 23:03:03,163 - INFO: Training ROC-AUC: 0.850000
2025-05-23 23:03:03,163 - INFO: Validation ROC-AUC: 0.585567
2025-05-23 23:03:17,523 - INFO: Evaluating at iteration 45946
2025-05-23 23:03:17,631 - INFO: Loss: 0.349479
2025-05-23 23:03:17,631 - INFO: Training ROC-AUC: 0.741071
2025-05-23 23:03:17,631 - INFO: Validation ROC-AUC: 0.618060
2025-05-23 23:03:31,998 - INFO: Evaluating at iteration 46446
2025-05-23 23:03:32,122 - INFO: Loss: 0.546420
2025-05-23 23:03:32,123 - INFO: Training ROC-AUC: 0.532051
2025-05-23 23:03:32,123 - INFO: Validation ROC-AUC: 0.606746
2025-05-23 23:03:34,527 - INFO: Starting epoch 19
2025-05-23 23:03:34,557 - INFO: Evaluating at iteration 46531
2025-05-23 23:03:34,665 - INFO: Loss: 0.272298
2025-05-23 23:03:34,665 - INFO: Training ROC-AUC: 0.857143
2025-05-23 23:03:34,665 - INFO: Validation ROC-AUC: 0.607941
2025-05-23 23:03:49,019 - INFO: Evaluating at iteration 47031
2025-05-23 23:03:49,127 - INFO: Loss: 0.467128
2025-05-23 23:03:49,127 - INFO: Training ROC-AUC: 0.859903
2025-05-23 23:03:49,127 - INFO: Validation ROC-AUC: 0.611066
2025-05-23 23:04:03,469 - INFO: Evaluating at iteration 47531
2025-05-23 23:04:03,578 - INFO: Loss: 0.313273
2025-05-23 23:04:03,578 - INFO: Training ROC-AUC: 0.880000
2025-05-23 23:04:03,578 - INFO: Validation ROC-AUC: 0.606106
2025-05-23 23:04:17,967 - INFO: Evaluating at iteration 48031
2025-05-23 23:04:18,086 - INFO: Loss: 0.253712
2025-05-23 23:04:18,086 - INFO: Training ROC-AUC: 0.925926
2025-05-23 23:04:18,086 - INFO: Validation ROC-AUC: 0.597166
2025-05-23 23:04:32,447 - INFO: Evaluating at iteration 48531
2025-05-23 23:04:32,555 - INFO: Loss: 0.365569
2025-05-23 23:04:32,555 - INFO: Training ROC-AUC: 0.871795
2025-05-23 23:04:32,555 - INFO: Validation ROC-AUC: 0.568960
2025-05-23 23:04:46,914 - INFO: Evaluating at iteration 49031
2025-05-23 23:04:47,021 - INFO: Loss: 0.252428
2025-05-23 23:04:47,021 - INFO: Training ROC-AUC: 0.910256
2025-05-23 23:04:47,021 - INFO: Validation ROC-AUC: 0.549760
2025-05-23 23:04:49,434 - INFO: Starting epoch 20
2025-05-23 23:04:49,464 - INFO: Evaluating at iteration 49116
2025-05-23 23:04:49,572 - INFO: Loss: 0.257432
2025-05-23 23:04:49,572 - INFO: Training ROC-AUC: 0.903704
2025-05-23 23:04:49,572 - INFO: Validation ROC-AUC: 0.607122
2025-05-23 23:05:03,972 - INFO: Evaluating at iteration 49616
2025-05-23 23:05:04,093 - INFO: Loss: 0.253572
2025-05-23 23:05:04,093 - INFO: Training ROC-AUC: 0.866667
2025-05-23 23:05:04,093 - INFO: Validation ROC-AUC: 0.589613
2025-05-23 23:05:18,499 - INFO: Evaluating at iteration 50116
2025-05-23 23:05:18,608 - INFO: Loss: 0.302008
2025-05-23 23:05:18,608 - INFO: Training ROC-AUC: 0.855769
2025-05-23 23:05:18,608 - INFO: Validation ROC-AUC: 0.636630
2025-05-23 23:05:33,340 - INFO: Evaluating at iteration 50616
2025-05-23 23:05:33,447 - INFO: Loss: 0.412566
2025-05-23 23:05:33,447 - INFO: Training ROC-AUC: 0.696296
2025-05-23 23:05:33,447 - INFO: Validation ROC-AUC: 0.594194
2025-05-23 23:05:47,828 - INFO: Evaluating at iteration 51116
2025-05-23 23:05:47,935 - INFO: Loss: 0.388630
2025-05-23 23:05:47,935 - INFO: Training ROC-AUC: 0.748148
2025-05-23 23:05:47,935 - INFO: Validation ROC-AUC: 0.560340
2025-05-23 23:06:02,321 - INFO: Evaluating at iteration 51616
2025-05-23 23:06:02,441 - INFO: Loss: 0.298402
2025-05-23 23:06:02,441 - INFO: Training ROC-AUC: 0.785185
2025-05-23 23:06:02,441 - INFO: Validation ROC-AUC: 0.576170
2025-05-23 23:06:04,849 - INFO: Starting epoch 21
2025-05-23 23:06:04,879 - INFO: Evaluating at iteration 51701
2025-05-23 23:06:04,987 - INFO: Loss: 0.347542
2025-05-23 23:06:04,987 - INFO: Training ROC-AUC: 0.922705
2025-05-23 23:06:04,987 - INFO: Validation ROC-AUC: 0.574452
2025-05-23 23:06:19,368 - INFO: Evaluating at iteration 52201
2025-05-23 23:06:19,478 - INFO: Loss: 0.190972
2025-05-23 23:06:19,478 - INFO: Training ROC-AUC: 0.933333
2025-05-23 23:06:19,478 - INFO: Validation ROC-AUC: 0.599115
2025-05-23 23:06:33,971 - INFO: Evaluating at iteration 52701
2025-05-23 23:06:34,078 - INFO: Loss: 0.323995
2025-05-23 23:06:34,079 - INFO: Training ROC-AUC: 0.758929
2025-05-23 23:06:34,079 - INFO: Validation ROC-AUC: 0.616904
2025-05-23 23:06:48,473 - INFO: Evaluating at iteration 53201
2025-05-23 23:06:48,594 - INFO: Loss: 0.391459
2025-05-23 23:06:48,594 - INFO: Training ROC-AUC: 0.902857
2025-05-23 23:06:48,594 - INFO: Validation ROC-AUC: 0.591768
2025-05-23 23:07:02,968 - INFO: Evaluating at iteration 53701
2025-05-23 23:07:03,078 - INFO: Loss: 0.342194
2025-05-23 23:07:03,078 - INFO: Training ROC-AUC: 0.782051
2025-05-23 23:07:03,078 - INFO: Validation ROC-AUC: 0.594632
2025-05-23 23:07:17,461 - INFO: Evaluating at iteration 54201
2025-05-23 23:07:17,568 - INFO: Loss: 0.330469
2025-05-23 23:07:17,568 - INFO: Training ROC-AUC: 0.866667
2025-05-23 23:07:17,568 - INFO: Validation ROC-AUC: 0.576023
2025-05-23 23:07:19,974 - INFO: Starting epoch 22
2025-05-23 23:07:20,004 - INFO: Evaluating at iteration 54286
2025-05-23 23:07:20,112 - INFO: Loss: 0.302080
2025-05-23 23:07:20,112 - INFO: Training ROC-AUC: 0.923077
2025-05-23 23:07:20,112 - INFO: Validation ROC-AUC: 0.578021
2025-05-23 23:07:34,463 - INFO: Evaluating at iteration 54786
2025-05-23 23:07:34,571 - INFO: Loss: 0.400050
2025-05-23 23:07:34,571 - INFO: Training ROC-AUC: 0.800000
2025-05-23 23:07:34,571 - INFO: Validation ROC-AUC: 0.603585
2025-05-23 23:07:48,908 - INFO: Evaluating at iteration 55286
2025-05-23 23:07:49,028 - INFO: Loss: 0.356502
2025-05-23 23:07:49,028 - INFO: Training ROC-AUC: 0.942857
2025-05-23 23:07:49,028 - INFO: Validation ROC-AUC: 0.615190
2025-05-23 23:08:03,409 - INFO: Evaluating at iteration 55786
2025-05-23 23:08:03,519 - INFO: Loss: 0.368638
2025-05-23 23:08:03,519 - INFO: Training ROC-AUC: 0.821429
2025-05-23 23:08:03,519 - INFO: Validation ROC-AUC: 0.577176
2025-05-23 23:08:17,869 - INFO: Evaluating at iteration 56286
2025-05-23 23:08:17,977 - INFO: Loss: 0.339587
2025-05-23 23:08:17,977 - INFO: Training ROC-AUC: 0.714286
2025-05-23 23:08:17,977 - INFO: Validation ROC-AUC: 0.610158
2025-05-23 23:08:32,321 - INFO: Evaluating at iteration 56786
2025-05-23 23:08:32,442 - INFO: Loss: 0.249047
2025-05-23 23:08:32,442 - INFO: Training ROC-AUC: 0.929487
2025-05-23 23:08:32,442 - INFO: Validation ROC-AUC: 0.617891
2025-05-23 23:08:34,849 - INFO: Starting epoch 23
2025-05-23 23:08:34,879 - INFO: Evaluating at iteration 56871
2025-05-23 23:08:34,986 - INFO: Loss: 0.218133
2025-05-23 23:08:34,986 - INFO: Training ROC-AUC: 0.793103
2025-05-23 23:08:34,986 - INFO: Validation ROC-AUC: 0.628660
2025-05-23 23:08:49,350 - INFO: Evaluating at iteration 57371
2025-05-23 23:08:49,458 - INFO: Loss: 0.728505
2025-05-23 23:08:49,459 - INFO: Training ROC-AUC: 0.716599
2025-05-23 23:08:49,459 - INFO: Validation ROC-AUC: 0.604973
2025-05-23 23:09:03,780 - INFO: Evaluating at iteration 57871
2025-05-23 23:09:03,887 - INFO: Loss: 0.207672
2025-05-23 23:09:03,887 - INFO: Training ROC-AUC: 0.966667
2025-05-23 23:09:03,887 - INFO: Validation ROC-AUC: 0.625466
2025-05-23 23:09:18,281 - INFO: Evaluating at iteration 58371
2025-05-23 23:09:18,390 - INFO: Loss: 0.215889
2025-05-23 23:09:18,390 - INFO: Training ROC-AUC: 0.908046
2025-05-23 23:09:18,390 - INFO: Validation ROC-AUC: 0.620549
2025-05-23 23:09:32,731 - INFO: Evaluating at iteration 58871
2025-05-23 23:09:32,850 - INFO: Loss: 0.401622
2025-05-23 23:09:32,850 - INFO: Training ROC-AUC: 0.777143
2025-05-23 23:09:32,850 - INFO: Validation ROC-AUC: 0.622459
2025-05-23 23:09:47,202 - INFO: Evaluating at iteration 59371
2025-05-23 23:09:47,313 - INFO: Loss: 0.301521
2025-05-23 23:09:47,313 - INFO: Training ROC-AUC: 0.897436
2025-05-23 23:09:47,313 - INFO: Validation ROC-AUC: 0.609218
2025-05-23 23:09:49,714 - INFO: Starting epoch 24
2025-05-23 23:09:49,745 - INFO: Evaluating at iteration 59456
2025-05-23 23:09:49,852 - INFO: Loss: 0.199812
2025-05-23 23:09:49,852 - INFO: Training ROC-AUC: 0.896552
2025-05-23 23:09:49,852 - INFO: Validation ROC-AUC: 0.613127
2025-05-23 23:10:04,203 - INFO: Evaluating at iteration 59956
2025-05-23 23:10:04,312 - INFO: Loss: 0.300661
2025-05-23 23:10:04,312 - INFO: Training ROC-AUC: 0.822222
2025-05-23 23:10:04,312 - INFO: Validation ROC-AUC: 0.626922
2025-05-23 23:10:18,714 - INFO: Evaluating at iteration 60456
2025-05-23 23:10:18,834 - INFO: Loss: 0.570728
2025-05-23 23:10:18,834 - INFO: Training ROC-AUC: 0.754545
2025-05-23 23:10:18,834 - INFO: Validation ROC-AUC: 0.610077
2025-05-23 23:10:33,203 - INFO: Evaluating at iteration 60956
2025-05-23 23:10:33,310 - INFO: Loss: 0.332635
2025-05-23 23:10:33,310 - INFO: Training ROC-AUC: 0.678161
2025-05-23 23:10:33,311 - INFO: Validation ROC-AUC: 0.607527
2025-05-23 23:10:47,646 - INFO: Evaluating at iteration 61456
2025-05-23 23:10:47,756 - INFO: Loss: 0.241177
2025-05-23 23:10:47,757 - INFO: Training ROC-AUC: 0.967949
2025-05-23 23:10:47,757 - INFO: Validation ROC-AUC: 0.613381
2025-05-23 23:11:02,121 - INFO: Evaluating at iteration 61956
2025-05-23 23:11:02,229 - INFO: Loss: 0.296007
2025-05-23 23:11:02,229 - INFO: Training ROC-AUC: 0.935897
2025-05-23 23:11:02,229 - INFO: Validation ROC-AUC: 0.607223
2025-05-23 23:11:04,641 - INFO: Starting epoch 25
2025-05-23 23:11:04,671 - INFO: Evaluating at iteration 62041
2025-05-23 23:11:04,791 - INFO: Loss: 0.412255
2025-05-23 23:11:04,791 - INFO: Training ROC-AUC: 0.814103
2025-05-23 23:11:04,791 - INFO: Validation ROC-AUC: 0.607817
2025-05-23 23:11:19,216 - INFO: Evaluating at iteration 62541
2025-05-23 23:11:19,326 - INFO: Loss: 0.255292
2025-05-23 23:11:19,326 - INFO: Training ROC-AUC: 0.816092
2025-05-23 23:11:19,326 - INFO: Validation ROC-AUC: 0.602181
2025-05-23 23:11:33,811 - INFO: Evaluating at iteration 63041
2025-05-23 23:11:33,918 - INFO: Loss: 0.318700
2025-05-23 23:11:33,919 - INFO: Training ROC-AUC: 0.814103
2025-05-23 23:11:33,919 - INFO: Validation ROC-AUC: 0.601718
2025-05-23 23:11:48,323 - INFO: Evaluating at iteration 63541
2025-05-23 23:11:48,431 - INFO: Loss: 0.431811
2025-05-23 23:11:48,431 - INFO: Training ROC-AUC: 0.742857
2025-05-23 23:11:48,431 - INFO: Validation ROC-AUC: 0.607922
2025-05-23 23:12:02,789 - INFO: Evaluating at iteration 64041
2025-05-23 23:12:02,908 - INFO: Loss: 0.271492
2025-05-23 23:12:02,909 - INFO: Training ROC-AUC: 0.785714
2025-05-23 23:12:02,909 - INFO: Validation ROC-AUC: 0.607350
2025-05-23 23:12:17,288 - INFO: Evaluating at iteration 64541
2025-05-23 23:12:17,395 - INFO: Loss: 0.325486
2025-05-23 23:12:17,395 - INFO: Training ROC-AUC: 0.866667
2025-05-23 23:12:17,396 - INFO: Validation ROC-AUC: 0.591944
2025-05-23 23:12:19,812 - INFO: Saving model to models/NetTCR/model_1.pt
2025-05-23 23:12:19,824 - INFO: Starting fold 2
2025-05-23 23:12:19,825 - INFO: Initialising model
2025-05-23 23:12:19,837 - INFO: Starting training
2025-05-23 23:12:19,837 - INFO: Starting epoch 1
2025-05-23 23:12:19,869 - INFO: Evaluating at iteration 1
2025-05-23 23:12:20,164 - INFO: Loss: 0.618604
2025-05-23 23:12:20,164 - INFO: Training ROC-AUC: 0.554286
2025-05-23 23:12:20,164 - INFO: Validation ROC-AUC: 0.527624
2025-05-23 23:12:34,259 - INFO: Evaluating at iteration 501
2025-05-23 23:12:34,521 - INFO: Loss: 0.535078
2025-05-23 23:12:34,521 - INFO: Training ROC-AUC: 0.422857
2025-05-23 23:12:34,521 - INFO: Validation ROC-AUC: 0.452223
2025-05-23 23:12:48,597 - INFO: Evaluating at iteration 1001
2025-05-23 23:12:48,878 - INFO: Loss: 0.526857
2025-05-23 23:12:48,878 - INFO: Training ROC-AUC: 0.588571
2025-05-23 23:12:48,878 - INFO: Validation ROC-AUC: 0.431995
2025-05-23 23:13:03,040 - INFO: Evaluating at iteration 1501
2025-05-23 23:13:03,300 - INFO: Loss: 0.434299
2025-05-23 23:13:03,300 - INFO: Training ROC-AUC: 0.525926
2025-05-23 23:13:03,300 - INFO: Validation ROC-AUC: 0.419879
2025-05-23 23:13:17,416 - INFO: Evaluating at iteration 2001
2025-05-23 23:13:17,669 - INFO: Loss: 0.368612
2025-05-23 23:13:17,669 - INFO: Training ROC-AUC: 0.821429
2025-05-23 23:13:17,669 - INFO: Validation ROC-AUC: 0.438415
2025-05-23 23:13:32,028 - INFO: Evaluating at iteration 2501
2025-05-23 23:13:32,278 - INFO: Loss: 0.323305
2025-05-23 23:13:32,278 - INFO: Training ROC-AUC: 0.413793
2025-05-23 23:13:32,278 - INFO: Validation ROC-AUC: 0.539636
2025-05-23 23:13:33,290 - INFO: Starting epoch 2
2025-05-23 23:13:33,320 - INFO: Evaluating at iteration 2538
2025-05-23 23:13:33,569 - INFO: Loss: 0.430379
2025-05-23 23:13:33,569 - INFO: Training ROC-AUC: 0.685897
2025-05-23 23:13:33,569 - INFO: Validation ROC-AUC: 0.547775
2025-05-23 23:13:47,674 - INFO: Evaluating at iteration 3038
2025-05-23 23:13:47,946 - INFO: Loss: 0.445291
2025-05-23 23:13:47,946 - INFO: Training ROC-AUC: 0.756410
2025-05-23 23:13:47,946 - INFO: Validation ROC-AUC: 0.543351
2025-05-23 23:14:02,057 - INFO: Evaluating at iteration 3538
2025-05-23 23:14:02,310 - INFO: Loss: 0.327098
2025-05-23 23:14:02,310 - INFO: Training ROC-AUC: 0.666667
2025-05-23 23:14:02,310 - INFO: Validation ROC-AUC: 0.567845
2025-05-23 23:14:16,415 - INFO: Evaluating at iteration 4038
2025-05-23 23:14:16,664 - INFO: Loss: 0.350852
2025-05-23 23:14:16,664 - INFO: Training ROC-AUC: 0.553571
2025-05-23 23:14:16,664 - INFO: Validation ROC-AUC: 0.573599
2025-05-23 23:14:30,785 - INFO: Evaluating at iteration 4538
2025-05-23 23:14:31,053 - INFO: Loss: 0.189513
2025-05-23 23:14:31,053 - INFO: Training ROC-AUC: 0.612903
2025-05-23 23:14:31,053 - INFO: Validation ROC-AUC: 0.573825
2025-05-23 23:14:45,217 - INFO: Evaluating at iteration 5038
2025-05-23 23:14:45,467 - INFO: Loss: 0.264164
2025-05-23 23:14:45,467 - INFO: Training ROC-AUC: 0.793103
2025-05-23 23:14:45,467 - INFO: Validation ROC-AUC: 0.562869
2025-05-23 23:14:46,482 - INFO: Starting epoch 3
2025-05-23 23:14:46,512 - INFO: Evaluating at iteration 5075
2025-05-23 23:14:46,760 - INFO: Loss: 0.446665
2025-05-23 23:14:46,761 - INFO: Training ROC-AUC: 0.666667
2025-05-23 23:14:46,761 - INFO: Validation ROC-AUC: 0.537658
2025-05-23 23:15:00,917 - INFO: Evaluating at iteration 5575
2025-05-23 23:15:01,163 - INFO: Loss: 0.218032
2025-05-23 23:15:01,163 - INFO: Training ROC-AUC: 0.645161
2025-05-23 23:15:01,163 - INFO: Validation ROC-AUC: 0.597908
2025-05-23 23:15:15,334 - INFO: Evaluating at iteration 6075
2025-05-23 23:15:15,580 - INFO: Loss: 0.272945
2025-05-23 23:15:15,581 - INFO: Training ROC-AUC: 0.583333
2025-05-23 23:15:15,581 - INFO: Validation ROC-AUC: 0.601787
2025-05-23 23:15:29,805 - INFO: Evaluating at iteration 6575
2025-05-23 23:15:30,074 - INFO: Loss: 0.455183
2025-05-23 23:15:30,075 - INFO: Training ROC-AUC: 0.817708
2025-05-23 23:15:30,075 - INFO: Validation ROC-AUC: 0.625734
2025-05-23 23:15:44,224 - INFO: Evaluating at iteration 7075
2025-05-23 23:15:44,474 - INFO: Loss: 0.260363
2025-05-23 23:15:44,474 - INFO: Training ROC-AUC: 0.804598
2025-05-23 23:15:44,474 - INFO: Validation ROC-AUC: 0.567666
2025-05-23 23:15:58,699 - INFO: Evaluating at iteration 7575
2025-05-23 23:15:58,944 - INFO: Loss: 0.473585
2025-05-23 23:15:58,944 - INFO: Training ROC-AUC: 0.725714
2025-05-23 23:15:58,944 - INFO: Validation ROC-AUC: 0.551981
2025-05-23 23:15:59,960 - INFO: Starting epoch 4
2025-05-23 23:15:59,990 - INFO: Evaluating at iteration 7612
2025-05-23 23:16:00,237 - INFO: Loss: 0.329620
2025-05-23 23:16:00,238 - INFO: Training ROC-AUC: 0.794286
2025-05-23 23:16:00,238 - INFO: Validation ROC-AUC: 0.590780
2025-05-23 23:16:14,424 - INFO: Evaluating at iteration 8112
2025-05-23 23:16:14,689 - INFO: Loss: 0.316549
2025-05-23 23:16:14,689 - INFO: Training ROC-AUC: 0.741071
2025-05-23 23:16:14,689 - INFO: Validation ROC-AUC: 0.612134
2025-05-23 23:16:28,815 - INFO: Evaluating at iteration 8612
2025-05-23 23:16:29,063 - INFO: Loss: 0.364839
2025-05-23 23:16:29,063 - INFO: Training ROC-AUC: 0.609195
2025-05-23 23:16:29,063 - INFO: Validation ROC-AUC: 0.639034
2025-05-23 23:16:43,175 - INFO: Evaluating at iteration 9112
2025-05-23 23:16:43,418 - INFO: Loss: 0.519455
2025-05-23 23:16:43,418 - INFO: Training ROC-AUC: 0.656250
2025-05-23 23:16:43,418 - INFO: Validation ROC-AUC: 0.637295
2025-05-23 23:16:57,504 - INFO: Evaluating at iteration 9612
2025-05-23 23:16:57,754 - INFO: Loss: 0.314795
2025-05-23 23:16:57,754 - INFO: Training ROC-AUC: 0.807407
2025-05-23 23:16:57,754 - INFO: Validation ROC-AUC: 0.625427
2025-05-23 23:17:11,874 - INFO: Evaluating at iteration 10112
2025-05-23 23:17:12,140 - INFO: Loss: 0.218866
2025-05-23 23:17:12,140 - INFO: Training ROC-AUC: 0.948571
2025-05-23 23:17:12,140 - INFO: Validation ROC-AUC: 0.645766
2025-05-23 23:17:13,159 - INFO: Starting epoch 5
2025-05-23 23:17:13,189 - INFO: Evaluating at iteration 10149
2025-05-23 23:17:13,438 - INFO: Loss: 0.222404
2025-05-23 23:17:13,438 - INFO: Training ROC-AUC: 0.794643
2025-05-23 23:17:13,438 - INFO: Validation ROC-AUC: 0.633687
2025-05-23 23:17:27,554 - INFO: Evaluating at iteration 10649
2025-05-23 23:17:27,798 - INFO: Loss: 0.228805
2025-05-23 23:17:27,798 - INFO: Training ROC-AUC: 0.783333
2025-05-23 23:17:27,798 - INFO: Validation ROC-AUC: 0.636782
2025-05-23 23:17:41,909 - INFO: Evaluating at iteration 11149
2025-05-23 23:17:42,159 - INFO: Loss: 0.369476
2025-05-23 23:17:42,159 - INFO: Training ROC-AUC: 0.687500
2025-05-23 23:17:42,159 - INFO: Validation ROC-AUC: 0.617636
2025-05-23 23:17:56,304 - INFO: Evaluating at iteration 11649
2025-05-23 23:17:56,568 - INFO: Loss: 0.493242
2025-05-23 23:17:56,568 - INFO: Training ROC-AUC: 0.611429
2025-05-23 23:17:56,568 - INFO: Validation ROC-AUC: 0.633581
2025-05-23 23:18:10,687 - INFO: Evaluating at iteration 12149
2025-05-23 23:18:10,936 - INFO: Loss: 0.292439
2025-05-23 23:18:10,936 - INFO: Training ROC-AUC: 0.776786
2025-05-23 23:18:10,936 - INFO: Validation ROC-AUC: 0.631200
2025-05-23 23:18:25,058 - INFO: Evaluating at iteration 12649
2025-05-23 23:18:25,301 - INFO: Loss: 0.373279
2025-05-23 23:18:25,301 - INFO: Training ROC-AUC: 0.792593
2025-05-23 23:18:25,301 - INFO: Validation ROC-AUC: 0.633158
2025-05-23 23:18:26,314 - INFO: Starting epoch 6
2025-05-23 23:18:26,349 - INFO: Evaluating at iteration 12686
2025-05-23 23:18:26,594 - INFO: Loss: 0.266602
2025-05-23 23:18:26,594 - INFO: Training ROC-AUC: 0.716667
2025-05-23 23:18:26,594 - INFO: Validation ROC-AUC: 0.628710
2025-05-23 23:18:40,739 - INFO: Evaluating at iteration 13186
2025-05-23 23:18:40,982 - INFO: Loss: 0.283554
2025-05-23 23:18:40,982 - INFO: Training ROC-AUC: 0.884615
2025-05-23 23:18:40,982 - INFO: Validation ROC-AUC: 0.612070
2025-05-23 23:18:55,126 - INFO: Evaluating at iteration 13686
2025-05-23 23:18:55,388 - INFO: Loss: 0.278868
2025-05-23 23:18:55,389 - INFO: Training ROC-AUC: 0.666667
2025-05-23 23:18:55,389 - INFO: Validation ROC-AUC: 0.655672
2025-05-23 23:19:09,635 - INFO: Evaluating at iteration 14186
2025-05-23 23:19:09,885 - INFO: Loss: 0.348914
2025-05-23 23:19:09,885 - INFO: Training ROC-AUC: 0.874286
2025-05-23 23:19:09,885 - INFO: Validation ROC-AUC: 0.640285
2025-05-23 23:19:24,024 - INFO: Evaluating at iteration 14686
2025-05-23 23:19:24,266 - INFO: Loss: 0.442308
2025-05-23 23:19:24,266 - INFO: Training ROC-AUC: 0.621795
2025-05-23 23:19:24,266 - INFO: Validation ROC-AUC: 0.640915
2025-05-23 23:19:38,432 - INFO: Evaluating at iteration 15186
2025-05-23 23:19:38,678 - INFO: Loss: 0.555450
2025-05-23 23:19:38,678 - INFO: Training ROC-AUC: 0.619792
2025-05-23 23:19:38,678 - INFO: Validation ROC-AUC: 0.657023
2025-05-23 23:19:39,703 - INFO: Starting epoch 7
2025-05-23 23:19:39,733 - INFO: Evaluating at iteration 15223
2025-05-23 23:19:39,995 - INFO: Loss: 0.284035
2025-05-23 23:19:39,996 - INFO: Training ROC-AUC: 0.812500
2025-05-23 23:19:39,996 - INFO: Validation ROC-AUC: 0.650263
2025-05-23 23:19:54,154 - INFO: Evaluating at iteration 15723
2025-05-23 23:19:54,400 - INFO: Loss: 0.414187
2025-05-23 23:19:54,401 - INFO: Training ROC-AUC: 0.854167
2025-05-23 23:19:54,401 - INFO: Validation ROC-AUC: 0.666666
2025-05-23 23:20:08,562 - INFO: Evaluating at iteration 16223
2025-05-23 23:20:08,804 - INFO: Loss: 0.449411
2025-05-23 23:20:08,804 - INFO: Training ROC-AUC: 0.874396
2025-05-23 23:20:08,804 - INFO: Validation ROC-AUC: 0.662513
2025-05-23 23:20:23,045 - INFO: Evaluating at iteration 16723
2025-05-23 23:20:23,299 - INFO: Loss: 0.522277
2025-05-23 23:20:23,299 - INFO: Training ROC-AUC: 0.811429
2025-05-23 23:20:23,299 - INFO: Validation ROC-AUC: 0.656848
2025-05-23 23:20:37,552 - INFO: Evaluating at iteration 17223
2025-05-23 23:20:37,810 - INFO: Loss: 0.471164
2025-05-23 23:20:37,810 - INFO: Training ROC-AUC: 0.697143
2025-05-23 23:20:37,810 - INFO: Validation ROC-AUC: 0.661154
2025-05-23 23:20:52,011 - INFO: Evaluating at iteration 17723
2025-05-23 23:20:52,257 - INFO: Loss: 0.437162
2025-05-23 23:20:52,258 - INFO: Training ROC-AUC: 0.805714
2025-05-23 23:20:52,258 - INFO: Validation ROC-AUC: 0.656303
2025-05-23 23:20:53,279 - INFO: Starting epoch 8
2025-05-23 23:20:53,310 - INFO: Evaluating at iteration 17760
2025-05-23 23:20:53,555 - INFO: Loss: 0.349621
2025-05-23 23:20:53,555 - INFO: Training ROC-AUC: 0.858974
2025-05-23 23:20:53,555 - INFO: Validation ROC-AUC: 0.657487
2025-05-23 23:21:07,736 - INFO: Evaluating at iteration 18260
2025-05-23 23:21:07,978 - INFO: Loss: 0.398502
2025-05-23 23:21:07,978 - INFO: Training ROC-AUC: 0.838542
2025-05-23 23:21:07,978 - INFO: Validation ROC-AUC: 0.672443
2025-05-23 23:21:22,401 - INFO: Evaluating at iteration 18760
2025-05-23 23:21:22,666 - INFO: Loss: 0.329646
2025-05-23 23:21:22,666 - INFO: Training ROC-AUC: 0.785714
2025-05-23 23:21:22,666 - INFO: Validation ROC-AUC: 0.662715
2025-05-23 23:21:37,000 - INFO: Evaluating at iteration 19260
2025-05-23 23:21:37,248 - INFO: Loss: 0.389932
2025-05-23 23:21:37,248 - INFO: Training ROC-AUC: 0.756410
2025-05-23 23:21:37,248 - INFO: Validation ROC-AUC: 0.668145
2025-05-23 23:21:51,460 - INFO: Evaluating at iteration 19760
2025-05-23 23:21:51,701 - INFO: Loss: 0.329599
2025-05-23 23:21:51,701 - INFO: Training ROC-AUC: 0.946860
2025-05-23 23:21:51,701 - INFO: Validation ROC-AUC: 0.677647
2025-05-23 23:22:05,926 - INFO: Evaluating at iteration 20260
2025-05-23 23:22:06,171 - INFO: Loss: 0.411958
2025-05-23 23:22:06,172 - INFO: Training ROC-AUC: 0.666667
2025-05-23 23:22:06,172 - INFO: Validation ROC-AUC: 0.703408
2025-05-23 23:22:07,191 - INFO: Starting epoch 9
2025-05-23 23:22:07,221 - INFO: Evaluating at iteration 20297
2025-05-23 23:22:07,463 - INFO: Loss: 0.339279
2025-05-23 23:22:07,463 - INFO: Training ROC-AUC: 0.844444
2025-05-23 23:22:07,463 - INFO: Validation ROC-AUC: 0.704772
2025-05-23 23:22:21,680 - INFO: Evaluating at iteration 20797
2025-05-23 23:22:21,938 - INFO: Loss: 0.433579
2025-05-23 23:22:21,938 - INFO: Training ROC-AUC: 0.802083
2025-05-23 23:22:21,938 - INFO: Validation ROC-AUC: 0.693654
2025-05-23 23:22:36,129 - INFO: Evaluating at iteration 21297
2025-05-23 23:22:36,381 - INFO: Loss: 0.282123
2025-05-23 23:22:36,381 - INFO: Training ROC-AUC: 0.812500
2025-05-23 23:22:36,381 - INFO: Validation ROC-AUC: 0.686647
2025-05-23 23:22:50,598 - INFO: Evaluating at iteration 21797
2025-05-23 23:22:50,839 - INFO: Loss: 0.198672
2025-05-23 23:22:50,839 - INFO: Training ROC-AUC: 0.885057
2025-05-23 23:22:50,839 - INFO: Validation ROC-AUC: 0.688813
2025-05-23 23:23:05,032 - INFO: Evaluating at iteration 22297
2025-05-23 23:23:05,277 - INFO: Loss: 0.330992
2025-05-23 23:23:05,277 - INFO: Training ROC-AUC: 0.758929
2025-05-23 23:23:05,278 - INFO: Validation ROC-AUC: 0.692892
2025-05-23 23:23:19,506 - INFO: Evaluating at iteration 22797
2025-05-23 23:23:19,772 - INFO: Loss: 0.297242
2025-05-23 23:23:19,772 - INFO: Training ROC-AUC: 0.837037
2025-05-23 23:23:19,772 - INFO: Validation ROC-AUC: 0.679235
2025-05-23 23:23:20,794 - INFO: Starting epoch 10
2025-05-23 23:23:20,824 - INFO: Evaluating at iteration 22834
2025-05-23 23:23:21,065 - INFO: Loss: 0.250559
2025-05-23 23:23:21,065 - INFO: Training ROC-AUC: 0.633333
2025-05-23 23:23:21,065 - INFO: Validation ROC-AUC: 0.679609
2025-05-23 23:23:35,318 - INFO: Evaluating at iteration 23334
2025-05-23 23:23:35,558 - INFO: Loss: 0.380239
2025-05-23 23:23:35,559 - INFO: Training ROC-AUC: 0.845714
2025-05-23 23:23:35,559 - INFO: Validation ROC-AUC: 0.696598
2025-05-23 23:23:49,773 - INFO: Evaluating at iteration 23834
2025-05-23 23:23:50,019 - INFO: Loss: 0.255081
2025-05-23 23:23:50,020 - INFO: Training ROC-AUC: 0.903704
2025-05-23 23:23:50,020 - INFO: Validation ROC-AUC: 0.690585
2025-05-23 23:24:04,269 - INFO: Evaluating at iteration 24334
2025-05-23 23:24:04,527 - INFO: Loss: 0.379868
2025-05-23 23:24:04,527 - INFO: Training ROC-AUC: 0.840000
2025-05-23 23:24:04,527 - INFO: Validation ROC-AUC: 0.699498
2025-05-23 23:24:18,733 - INFO: Evaluating at iteration 24834
2025-05-23 23:24:18,978 - INFO: Loss: 0.292405
2025-05-23 23:24:18,978 - INFO: Training ROC-AUC: 0.885714
2025-05-23 23:24:18,978 - INFO: Validation ROC-AUC: 0.700237
2025-05-23 23:24:33,207 - INFO: Evaluating at iteration 25334
2025-05-23 23:24:33,451 - INFO: Loss: 0.298055
2025-05-23 23:24:33,451 - INFO: Training ROC-AUC: 0.829630
2025-05-23 23:24:33,451 - INFO: Validation ROC-AUC: 0.688142
2025-05-23 23:24:34,479 - INFO: Starting epoch 11
2025-05-23 23:24:34,508 - INFO: Evaluating at iteration 25371
2025-05-23 23:24:34,749 - INFO: Loss: 0.227265
2025-05-23 23:24:34,750 - INFO: Training ROC-AUC: 0.650000
2025-05-23 23:24:34,750 - INFO: Validation ROC-AUC: 0.685273
2025-05-23 23:24:49,015 - INFO: Evaluating at iteration 25871
2025-05-23 23:24:49,276 - INFO: Loss: 0.233299
2025-05-23 23:24:49,276 - INFO: Training ROC-AUC: 0.940741
2025-05-23 23:24:49,277 - INFO: Validation ROC-AUC: 0.679806
2025-05-23 23:25:03,495 - INFO: Evaluating at iteration 26371
2025-05-23 23:25:03,741 - INFO: Loss: 0.395191
2025-05-23 23:25:03,742 - INFO: Training ROC-AUC: 0.811429
2025-05-23 23:25:03,742 - INFO: Validation ROC-AUC: 0.698232
2025-05-23 23:25:17,993 - INFO: Evaluating at iteration 26871
2025-05-23 23:25:18,233 - INFO: Loss: 0.425259
2025-05-23 23:25:18,233 - INFO: Training ROC-AUC: 0.750000
2025-05-23 23:25:18,233 - INFO: Validation ROC-AUC: 0.698774
2025-05-23 23:25:32,444 - INFO: Evaluating at iteration 27371
2025-05-23 23:25:32,689 - INFO: Loss: 0.188133
2025-05-23 23:25:32,689 - INFO: Training ROC-AUC: 0.970370
2025-05-23 23:25:32,689 - INFO: Validation ROC-AUC: 0.682605
2025-05-23 23:25:46,910 - INFO: Evaluating at iteration 27871
2025-05-23 23:25:47,167 - INFO: Loss: 0.240523
2025-05-23 23:25:47,167 - INFO: Training ROC-AUC: 0.821429
2025-05-23 23:25:47,167 - INFO: Validation ROC-AUC: 0.705600
2025-05-23 23:25:48,194 - INFO: Starting epoch 12
2025-05-23 23:25:48,223 - INFO: Evaluating at iteration 27908
2025-05-23 23:25:48,464 - INFO: Loss: 0.566653
2025-05-23 23:25:48,464 - INFO: Training ROC-AUC: 0.719807
2025-05-23 23:25:48,464 - INFO: Validation ROC-AUC: 0.705283
2025-05-23 23:26:02,685 - INFO: Evaluating at iteration 28408
2025-05-23 23:26:02,934 - INFO: Loss: 0.402891
2025-05-23 23:26:02,934 - INFO: Training ROC-AUC: 0.762963
2025-05-23 23:26:02,934 - INFO: Validation ROC-AUC: 0.698160
2025-05-23 23:26:17,177 - INFO: Evaluating at iteration 28908
2025-05-23 23:26:17,418 - INFO: Loss: 0.391785
2025-05-23 23:26:17,418 - INFO: Training ROC-AUC: 0.743590
2025-05-23 23:26:17,418 - INFO: Validation ROC-AUC: 0.705018
2025-05-23 23:26:31,785 - INFO: Evaluating at iteration 29408
2025-05-23 23:26:32,046 - INFO: Loss: 0.234384
2025-05-23 23:26:32,046 - INFO: Training ROC-AUC: 0.888889
2025-05-23 23:26:32,046 - INFO: Validation ROC-AUC: 0.696383
2025-05-23 23:26:46,301 - INFO: Evaluating at iteration 29908
2025-05-23 23:26:46,549 - INFO: Loss: 0.478393
2025-05-23 23:26:46,549 - INFO: Training ROC-AUC: 0.831818
2025-05-23 23:26:46,549 - INFO: Validation ROC-AUC: 0.699867
2025-05-23 23:27:00,813 - INFO: Evaluating at iteration 30408
2025-05-23 23:27:01,053 - INFO: Loss: 0.337106
2025-05-23 23:27:01,053 - INFO: Training ROC-AUC: 0.884615
2025-05-23 23:27:01,053 - INFO: Validation ROC-AUC: 0.703353
2025-05-23 23:27:02,075 - INFO: Starting epoch 13
2025-05-23 23:27:02,105 - INFO: Evaluating at iteration 30445
2025-05-23 23:27:02,346 - INFO: Loss: 0.339535
2025-05-23 23:27:02,346 - INFO: Training ROC-AUC: 0.851429
2025-05-23 23:27:02,346 - INFO: Validation ROC-AUC: 0.699805
2025-05-23 23:27:16,600 - INFO: Evaluating at iteration 30945
2025-05-23 23:27:16,843 - INFO: Loss: 0.302797
2025-05-23 23:27:16,843 - INFO: Training ROC-AUC: 0.920000
2025-05-23 23:27:16,843 - INFO: Validation ROC-AUC: 0.695002
2025-05-23 23:27:31,131 - INFO: Evaluating at iteration 31445
2025-05-23 23:27:31,388 - INFO: Loss: 0.206798
2025-05-23 23:27:31,388 - INFO: Training ROC-AUC: 0.973214
2025-05-23 23:27:31,388 - INFO: Validation ROC-AUC: 0.697192
2025-05-23 23:27:45,646 - INFO: Evaluating at iteration 31945
2025-05-23 23:27:45,894 - INFO: Loss: 0.296848
2025-05-23 23:27:45,894 - INFO: Training ROC-AUC: 0.985507
2025-05-23 23:27:45,895 - INFO: Validation ROC-AUC: 0.698792
2025-05-23 23:28:00,140 - INFO: Evaluating at iteration 32445
2025-05-23 23:28:00,382 - INFO: Loss: 0.212370
2025-05-23 23:28:00,382 - INFO: Training ROC-AUC: 0.916667
2025-05-23 23:28:00,382 - INFO: Validation ROC-AUC: 0.695215
2025-05-23 23:28:14,710 - INFO: Evaluating at iteration 32945
2025-05-23 23:28:14,966 - INFO: Loss: 0.363225
2025-05-23 23:28:14,966 - INFO: Training ROC-AUC: 0.777778
2025-05-23 23:28:14,966 - INFO: Validation ROC-AUC: 0.695960
2025-05-23 23:28:15,992 - INFO: Starting epoch 14
2025-05-23 23:28:16,022 - INFO: Evaluating at iteration 32982
2025-05-23 23:28:16,271 - INFO: Loss: 0.221240
2025-05-23 23:28:16,271 - INFO: Training ROC-AUC: 1.000000
2025-05-23 23:28:16,271 - INFO: Validation ROC-AUC: 0.698236
2025-05-23 23:28:30,559 - INFO: Evaluating at iteration 33482
2025-05-23 23:28:30,804 - INFO: Loss: 0.302582
2025-05-23 23:28:30,804 - INFO: Training ROC-AUC: 0.937143
2025-05-23 23:28:30,804 - INFO: Validation ROC-AUC: 0.697041
2025-05-23 23:28:45,127 - INFO: Evaluating at iteration 33982
2025-05-23 23:28:45,371 - INFO: Loss: 0.205494
2025-05-23 23:28:45,371 - INFO: Training ROC-AUC: 0.982143
2025-05-23 23:28:45,372 - INFO: Validation ROC-AUC: 0.701977
2025-05-23 23:28:59,675 - INFO: Evaluating at iteration 34482
2025-05-23 23:28:59,918 - INFO: Loss: 0.304512
2025-05-23 23:28:59,918 - INFO: Training ROC-AUC: 0.678161
2025-05-23 23:28:59,918 - INFO: Validation ROC-AUC: 0.685740
2025-05-23 23:29:14,553 - INFO: Evaluating at iteration 34982
2025-05-23 23:29:14,810 - INFO: Loss: 0.359515
2025-05-23 23:29:14,810 - INFO: Training ROC-AUC: 0.833333
2025-05-23 23:29:14,810 - INFO: Validation ROC-AUC: 0.690725
2025-05-23 23:29:29,118 - INFO: Evaluating at iteration 35482
2025-05-23 23:29:29,362 - INFO: Loss: 0.313749
2025-05-23 23:29:29,362 - INFO: Training ROC-AUC: 0.852564
2025-05-23 23:29:29,362 - INFO: Validation ROC-AUC: 0.696590
2025-05-23 23:29:30,390 - INFO: Starting epoch 15
2025-05-23 23:29:30,420 - INFO: Evaluating at iteration 35519
2025-05-23 23:29:30,665 - INFO: Loss: 0.310902
2025-05-23 23:29:30,665 - INFO: Training ROC-AUC: 0.857143
2025-05-23 23:29:30,665 - INFO: Validation ROC-AUC: 0.697815
2025-05-23 23:29:44,931 - INFO: Evaluating at iteration 36019
2025-05-23 23:29:45,171 - INFO: Loss: 0.377436
2025-05-23 23:29:45,171 - INFO: Training ROC-AUC: 0.800000
2025-05-23 23:29:45,171 - INFO: Validation ROC-AUC: 0.703236
2025-05-23 23:29:59,460 - INFO: Evaluating at iteration 36519
2025-05-23 23:29:59,717 - INFO: Loss: 0.375166
2025-05-23 23:29:59,717 - INFO: Training ROC-AUC: 0.874459
2025-05-23 23:29:59,717 - INFO: Validation ROC-AUC: 0.694756
2025-05-23 23:30:14,038 - INFO: Evaluating at iteration 37019
2025-05-23 23:30:14,283 - INFO: Loss: 0.298079
2025-05-23 23:30:14,283 - INFO: Training ROC-AUC: 0.871795
2025-05-23 23:30:14,283 - INFO: Validation ROC-AUC: 0.693503
2025-05-23 23:30:28,920 - INFO: Evaluating at iteration 37519
2025-05-23 23:30:29,163 - INFO: Loss: 0.375310
2025-05-23 23:30:29,163 - INFO: Training ROC-AUC: 0.807692
2025-05-23 23:30:29,163 - INFO: Validation ROC-AUC: 0.681588
2025-05-23 23:30:43,501 - INFO: Evaluating at iteration 38019
2025-05-23 23:30:43,744 - INFO: Loss: 0.438305
2025-05-23 23:30:43,744 - INFO: Training ROC-AUC: 0.811429
2025-05-23 23:30:43,744 - INFO: Validation ROC-AUC: 0.689687
2025-05-23 23:30:44,783 - INFO: Starting epoch 16
2025-05-23 23:30:44,813 - INFO: Evaluating at iteration 38056
2025-05-23 23:30:45,052 - INFO: Loss: 0.245797
2025-05-23 23:30:45,052 - INFO: Training ROC-AUC: 0.910714
2025-05-23 23:30:45,052 - INFO: Validation ROC-AUC: 0.682763
2025-05-23 23:30:59,520 - INFO: Evaluating at iteration 38556
2025-05-23 23:30:59,781 - INFO: Loss: 0.288411
2025-05-23 23:30:59,781 - INFO: Training ROC-AUC: 0.911111
2025-05-23 23:30:59,781 - INFO: Validation ROC-AUC: 0.692508
2025-05-23 23:31:14,161 - INFO: Evaluating at iteration 39056
2025-05-23 23:31:14,407 - INFO: Loss: 0.304041
2025-05-23 23:31:14,407 - INFO: Training ROC-AUC: 0.851852
2025-05-23 23:31:14,407 - INFO: Validation ROC-AUC: 0.681149
2025-05-23 23:31:28,808 - INFO: Evaluating at iteration 39556
2025-05-23 23:31:29,048 - INFO: Loss: 0.208513
2025-05-23 23:31:29,048 - INFO: Training ROC-AUC: 1.000000
2025-05-23 23:31:29,048 - INFO: Validation ROC-AUC: 0.683449
2025-05-23 23:31:43,416 - INFO: Evaluating at iteration 40056
2025-05-23 23:31:43,677 - INFO: Loss: 0.331425
2025-05-23 23:31:43,677 - INFO: Training ROC-AUC: 0.891026
2025-05-23 23:31:43,677 - INFO: Validation ROC-AUC: 0.683869
2025-05-23 23:31:58,062 - INFO: Evaluating at iteration 40556
2025-05-23 23:31:58,309 - INFO: Loss: 0.294490
2025-05-23 23:31:58,310 - INFO: Training ROC-AUC: 0.821429
2025-05-23 23:31:58,310 - INFO: Validation ROC-AUC: 0.693819
2025-05-23 23:31:59,349 - INFO: Starting epoch 17
2025-05-23 23:31:59,379 - INFO: Evaluating at iteration 40593
2025-05-23 23:31:59,619 - INFO: Loss: 0.275061
2025-05-23 23:31:59,619 - INFO: Training ROC-AUC: 0.888889
2025-05-23 23:31:59,619 - INFO: Validation ROC-AUC: 0.688768
2025-05-23 23:32:14,000 - INFO: Evaluating at iteration 41093
2025-05-23 23:32:14,241 - INFO: Loss: 0.372124
2025-05-23 23:32:14,241 - INFO: Training ROC-AUC: 0.762821
2025-05-23 23:32:14,241 - INFO: Validation ROC-AUC: 0.702543
2025-05-23 23:32:28,587 - INFO: Evaluating at iteration 41593
2025-05-23 23:32:28,829 - INFO: Loss: 0.313310
2025-05-23 23:32:28,829 - INFO: Training ROC-AUC: 0.942708
2025-05-23 23:32:28,829 - INFO: Validation ROC-AUC: 0.683024
2025-05-23 23:32:43,234 - INFO: Evaluating at iteration 42093
2025-05-23 23:32:43,495 - INFO: Loss: 0.327054
2025-05-23 23:32:43,495 - INFO: Training ROC-AUC: 0.916667
2025-05-23 23:32:43,495 - INFO: Validation ROC-AUC: 0.690860
2025-05-23 23:32:57,876 - INFO: Evaluating at iteration 42593
2025-05-23 23:32:58,116 - INFO: Loss: 0.367351
2025-05-23 23:32:58,116 - INFO: Training ROC-AUC: 0.688889
2025-05-23 23:32:58,116 - INFO: Validation ROC-AUC: 0.687133
2025-05-23 23:33:12,498 - INFO: Evaluating at iteration 43093
2025-05-23 23:33:12,741 - INFO: Loss: 0.254504
2025-05-23 23:33:12,741 - INFO: Training ROC-AUC: 0.947917
2025-05-23 23:33:12,741 - INFO: Validation ROC-AUC: 0.679198
2025-05-23 23:33:13,778 - INFO: Starting epoch 18
2025-05-23 23:33:13,808 - INFO: Evaluating at iteration 43130
2025-05-23 23:33:14,048 - INFO: Loss: 0.317384
2025-05-23 23:33:14,048 - INFO: Training ROC-AUC: 0.927083
2025-05-23 23:33:14,048 - INFO: Validation ROC-AUC: 0.684320
2025-05-23 23:33:28,457 - INFO: Evaluating at iteration 43630
2025-05-23 23:33:28,715 - INFO: Loss: 0.222116
2025-05-23 23:33:28,715 - INFO: Training ROC-AUC: 0.919643
2025-05-23 23:33:28,715 - INFO: Validation ROC-AUC: 0.671324
2025-05-23 23:33:43,084 - INFO: Evaluating at iteration 44130
2025-05-23 23:33:43,329 - INFO: Loss: 0.247650
2025-05-23 23:33:43,329 - INFO: Training ROC-AUC: 0.911111
2025-05-23 23:33:43,329 - INFO: Validation ROC-AUC: 0.667496
2025-05-23 23:33:57,757 - INFO: Evaluating at iteration 44630
2025-05-23 23:33:57,997 - INFO: Loss: 0.322080
2025-05-23 23:33:57,997 - INFO: Training ROC-AUC: 0.776786
2025-05-23 23:33:57,997 - INFO: Validation ROC-AUC: 0.671479
2025-05-23 23:34:12,388 - INFO: Evaluating at iteration 45130
2025-05-23 23:34:12,636 - INFO: Loss: 0.486660
2025-05-23 23:34:12,636 - INFO: Training ROC-AUC: 0.804545
2025-05-23 23:34:12,636 - INFO: Validation ROC-AUC: 0.678681
2025-05-23 23:34:27,051 - INFO: Evaluating at iteration 45630
2025-05-23 23:34:27,313 - INFO: Loss: 0.199970
2025-05-23 23:34:27,313 - INFO: Training ROC-AUC: 0.964286
2025-05-23 23:34:27,313 - INFO: Validation ROC-AUC: 0.668886
2025-05-23 23:34:28,363 - INFO: Starting epoch 19
2025-05-23 23:34:28,393 - INFO: Evaluating at iteration 45667
2025-05-23 23:34:28,635 - INFO: Loss: 0.263323
2025-05-23 23:34:28,636 - INFO: Training ROC-AUC: 0.911111
2025-05-23 23:34:28,636 - INFO: Validation ROC-AUC: 0.668204
2025-05-23 23:34:43,028 - INFO: Evaluating at iteration 46167
2025-05-23 23:34:43,270 - INFO: Loss: 0.173009
2025-05-23 23:34:43,270 - INFO: Training ROC-AUC: 0.900000
2025-05-23 23:34:43,270 - INFO: Validation ROC-AUC: 0.673968
2025-05-23 23:34:57,640 - INFO: Evaluating at iteration 46667
2025-05-23 23:34:57,880 - INFO: Loss: 0.370491
2025-05-23 23:34:57,880 - INFO: Training ROC-AUC: 0.885417
2025-05-23 23:34:57,880 - INFO: Validation ROC-AUC: 0.692461
2025-05-23 23:35:12,276 - INFO: Evaluating at iteration 47167
2025-05-23 23:35:12,542 - INFO: Loss: 0.307802
2025-05-23 23:35:12,542 - INFO: Training ROC-AUC: 0.922705
2025-05-23 23:35:12,542 - INFO: Validation ROC-AUC: 0.673225
2025-05-23 23:35:26,967 - INFO: Evaluating at iteration 47667
2025-05-23 23:35:27,212 - INFO: Loss: 0.487867
2025-05-23 23:35:27,212 - INFO: Training ROC-AUC: 0.768116
2025-05-23 23:35:27,212 - INFO: Validation ROC-AUC: 0.661769
2025-05-23 23:35:41,650 - INFO: Evaluating at iteration 48167
2025-05-23 23:35:41,899 - INFO: Loss: 0.281886
2025-05-23 23:35:41,900 - INFO: Training ROC-AUC: 0.874074
2025-05-23 23:35:41,900 - INFO: Validation ROC-AUC: 0.678977
2025-05-23 23:35:42,950 - INFO: Starting epoch 20
2025-05-23 23:35:42,980 - INFO: Evaluating at iteration 48204
2025-05-23 23:35:43,219 - INFO: Loss: 0.290388
2025-05-23 23:35:43,220 - INFO: Training ROC-AUC: 0.859259
2025-05-23 23:35:43,220 - INFO: Validation ROC-AUC: 0.678336
2025-05-23 23:35:57,668 - INFO: Evaluating at iteration 48704
2025-05-23 23:35:57,910 - INFO: Loss: 0.349296
2025-05-23 23:35:57,910 - INFO: Training ROC-AUC: 0.845714
2025-05-23 23:35:57,910 - INFO: Validation ROC-AUC: 0.671250
2025-05-23 23:36:12,728 - INFO: Evaluating at iteration 49204
2025-05-23 23:36:12,990 - INFO: Loss: 0.365184
2025-05-23 23:36:12,990 - INFO: Training ROC-AUC: 0.904545
2025-05-23 23:36:12,990 - INFO: Validation ROC-AUC: 0.689870
2025-05-23 23:36:27,402 - INFO: Evaluating at iteration 49704
2025-05-23 23:36:27,650 - INFO: Loss: 0.251233
2025-05-23 23:36:27,650 - INFO: Training ROC-AUC: 0.896296
2025-05-23 23:36:27,650 - INFO: Validation ROC-AUC: 0.674122
2025-05-23 23:36:42,250 - INFO: Evaluating at iteration 50204
2025-05-23 23:36:42,494 - INFO: Loss: 0.257322
2025-05-23 23:36:42,494 - INFO: Training ROC-AUC: 0.758621
2025-05-23 23:36:42,494 - INFO: Validation ROC-AUC: 0.674249
2025-05-23 23:36:56,912 - INFO: Evaluating at iteration 50704
2025-05-23 23:36:57,175 - INFO: Loss: 0.245809
2025-05-23 23:36:57,175 - INFO: Training ROC-AUC: 0.982857
2025-05-23 23:36:57,175 - INFO: Validation ROC-AUC: 0.677270
2025-05-23 23:36:58,226 - INFO: Starting epoch 21
2025-05-23 23:36:58,256 - INFO: Evaluating at iteration 50741
2025-05-23 23:36:58,498 - INFO: Loss: 0.142341
2025-05-23 23:36:58,498 - INFO: Training ROC-AUC: 0.955357
2025-05-23 23:36:58,499 - INFO: Validation ROC-AUC: 0.675917
2025-05-23 23:37:12,922 - INFO: Evaluating at iteration 51241
2025-05-23 23:37:13,168 - INFO: Loss: 0.228526
2025-05-23 23:37:13,168 - INFO: Training ROC-AUC: 0.866071
2025-05-23 23:37:13,168 - INFO: Validation ROC-AUC: 0.682090
2025-05-23 23:37:27,550 - INFO: Evaluating at iteration 51741
2025-05-23 23:37:27,791 - INFO: Loss: 0.283194
2025-05-23 23:37:27,791 - INFO: Training ROC-AUC: 0.758621
2025-05-23 23:37:27,791 - INFO: Validation ROC-AUC: 0.675652
2025-05-23 23:37:42,188 - INFO: Evaluating at iteration 52241
2025-05-23 23:37:42,447 - INFO: Loss: 0.287962
2025-05-23 23:37:42,447 - INFO: Training ROC-AUC: 0.830357
2025-05-23 23:37:42,447 - INFO: Validation ROC-AUC: 0.679442
2025-05-23 23:37:56,833 - INFO: Evaluating at iteration 52741
2025-05-23 23:37:57,082 - INFO: Loss: 0.314916
2025-05-23 23:37:57,082 - INFO: Training ROC-AUC: 0.914286
2025-05-23 23:37:57,082 - INFO: Validation ROC-AUC: 0.670732
2025-05-23 23:38:11,494 - INFO: Evaluating at iteration 53241
2025-05-23 23:38:11,741 - INFO: Loss: 0.214528
2025-05-23 23:38:11,742 - INFO: Training ROC-AUC: 0.885057
2025-05-23 23:38:11,742 - INFO: Validation ROC-AUC: 0.672333
2025-05-23 23:38:12,810 - INFO: Starting epoch 22
2025-05-23 23:38:12,839 - INFO: Evaluating at iteration 53278
2025-05-23 23:38:13,080 - INFO: Loss: 0.169155
2025-05-23 23:38:13,080 - INFO: Training ROC-AUC: 0.919540
2025-05-23 23:38:13,080 - INFO: Validation ROC-AUC: 0.675260
2025-05-23 23:38:27,514 - INFO: Evaluating at iteration 53778
2025-05-23 23:38:27,761 - INFO: Loss: 0.269252
2025-05-23 23:38:27,761 - INFO: Training ROC-AUC: 0.895833
2025-05-23 23:38:27,761 - INFO: Validation ROC-AUC: 0.671509
2025-05-23 23:38:42,172 - INFO: Evaluating at iteration 54278
2025-05-23 23:38:42,434 - INFO: Loss: 0.284609
2025-05-23 23:38:42,434 - INFO: Training ROC-AUC: 0.857143
2025-05-23 23:38:42,434 - INFO: Validation ROC-AUC: 0.670025
2025-05-23 23:38:56,869 - INFO: Evaluating at iteration 54778
2025-05-23 23:38:57,112 - INFO: Loss: 0.274198
2025-05-23 23:38:57,113 - INFO: Training ROC-AUC: 0.839080
2025-05-23 23:38:57,113 - INFO: Validation ROC-AUC: 0.664230
2025-05-23 23:39:11,554 - INFO: Evaluating at iteration 55278
2025-05-23 23:39:11,798 - INFO: Loss: 0.208709
2025-05-23 23:39:11,798 - INFO: Training ROC-AUC: 0.910714
2025-05-23 23:39:11,798 - INFO: Validation ROC-AUC: 0.683792
2025-05-23 23:39:26,232 - INFO: Evaluating at iteration 55778
2025-05-23 23:39:26,493 - INFO: Loss: 0.308676
2025-05-23 23:39:26,494 - INFO: Training ROC-AUC: 0.891026
2025-05-23 23:39:26,494 - INFO: Validation ROC-AUC: 0.686379
2025-05-23 23:39:27,560 - INFO: Starting epoch 23
2025-05-23 23:39:27,592 - INFO: Evaluating at iteration 55815
2025-05-23 23:39:27,831 - INFO: Loss: 0.318138
2025-05-23 23:39:27,831 - INFO: Training ROC-AUC: 0.954286
2025-05-23 23:39:27,831 - INFO: Validation ROC-AUC: 0.678605
2025-05-23 23:39:42,215 - INFO: Evaluating at iteration 56315
2025-05-23 23:39:42,466 - INFO: Loss: 0.390748
2025-05-23 23:39:42,467 - INFO: Training ROC-AUC: 0.858974
2025-05-23 23:39:42,467 - INFO: Validation ROC-AUC: 0.676307
2025-05-23 23:39:56,816 - INFO: Evaluating at iteration 56815
2025-05-23 23:39:57,059 - INFO: Loss: 0.090486
2025-05-23 23:39:57,059 - INFO: Training ROC-AUC: 1.000000
2025-05-23 23:39:57,059 - INFO: Validation ROC-AUC: 0.673533
2025-05-23 23:40:11,436 - INFO: Evaluating at iteration 57315
2025-05-23 23:40:11,686 - INFO: Loss: 0.248481
2025-05-23 23:40:11,686 - INFO: Training ROC-AUC: 0.891026
2025-05-23 23:40:11,686 - INFO: Validation ROC-AUC: 0.684142
2025-05-23 23:40:26,485 - INFO: Evaluating at iteration 57815
2025-05-23 23:40:26,753 - INFO: Loss: 0.241992
2025-05-23 23:40:26,753 - INFO: Training ROC-AUC: 0.857143
2025-05-23 23:40:26,753 - INFO: Validation ROC-AUC: 0.689585
2025-05-23 23:40:41,240 - INFO: Evaluating at iteration 58315
2025-05-23 23:40:41,486 - INFO: Loss: 0.304235
2025-05-23 23:40:41,486 - INFO: Training ROC-AUC: 0.844444
2025-05-23 23:40:41,486 - INFO: Validation ROC-AUC: 0.681308
2025-05-23 23:40:42,550 - INFO: Starting epoch 24
2025-05-23 23:40:42,580 - INFO: Evaluating at iteration 58352
2025-05-23 23:40:42,821 - INFO: Loss: 0.233969
2025-05-23 23:40:42,822 - INFO: Training ROC-AUC: 0.933333
2025-05-23 23:40:42,822 - INFO: Validation ROC-AUC: 0.679826
2025-05-23 23:40:57,254 - INFO: Evaluating at iteration 58852
2025-05-23 23:40:57,499 - INFO: Loss: 0.219401
2025-05-23 23:40:57,499 - INFO: Training ROC-AUC: 0.954023
2025-05-23 23:40:57,499 - INFO: Validation ROC-AUC: 0.685570
2025-05-23 23:41:11,935 - INFO: Evaluating at iteration 59352
2025-05-23 23:41:12,197 - INFO: Loss: 0.258459
2025-05-23 23:41:12,197 - INFO: Training ROC-AUC: 0.770115
2025-05-23 23:41:12,198 - INFO: Validation ROC-AUC: 0.691689
2025-05-23 23:41:26,751 - INFO: Evaluating at iteration 59852
2025-05-23 23:41:27,000 - INFO: Loss: 0.221394
2025-05-23 23:41:27,001 - INFO: Training ROC-AUC: 0.970370
2025-05-23 23:41:27,001 - INFO: Validation ROC-AUC: 0.672311
2025-05-23 23:41:41,437 - INFO: Evaluating at iteration 60352
2025-05-23 23:41:41,686 - INFO: Loss: 0.215461
2025-05-23 23:41:41,686 - INFO: Training ROC-AUC: 0.925926
2025-05-23 23:41:41,686 - INFO: Validation ROC-AUC: 0.683948
2025-05-23 23:41:56,095 - INFO: Evaluating at iteration 60852
2025-05-23 23:41:56,335 - INFO: Loss: 0.283270
2025-05-23 23:41:56,335 - INFO: Training ROC-AUC: 0.896296
2025-05-23 23:41:56,335 - INFO: Validation ROC-AUC: 0.679432
2025-05-23 23:41:57,405 - INFO: Starting epoch 25
2025-05-23 23:41:57,440 - INFO: Evaluating at iteration 60889
2025-05-23 23:41:57,687 - INFO: Loss: 0.478011
2025-05-23 23:41:57,688 - INFO: Training ROC-AUC: 0.754286
2025-05-23 23:41:57,688 - INFO: Validation ROC-AUC: 0.686158
2025-05-23 23:42:12,084 - INFO: Evaluating at iteration 61389
2025-05-23 23:42:12,345 - INFO: Loss: 0.228692
2025-05-23 23:42:12,345 - INFO: Training ROC-AUC: 0.928571
2025-05-23 23:42:12,345 - INFO: Validation ROC-AUC: 0.684812
2025-05-23 23:42:26,736 - INFO: Evaluating at iteration 61889
2025-05-23 23:42:26,999 - INFO: Loss: 0.309761
2025-05-23 23:42:26,999 - INFO: Training ROC-AUC: 0.859259
2025-05-23 23:42:26,999 - INFO: Validation ROC-AUC: 0.684370
2025-05-23 23:42:41,457 - INFO: Evaluating at iteration 62389
2025-05-23 23:42:41,703 - INFO: Loss: 0.361501
2025-05-23 23:42:41,703 - INFO: Training ROC-AUC: 0.927536
2025-05-23 23:42:41,703 - INFO: Validation ROC-AUC: 0.676564
2025-05-23 23:42:56,143 - INFO: Evaluating at iteration 62889
2025-05-23 23:42:56,399 - INFO: Loss: 0.412596
2025-05-23 23:42:56,399 - INFO: Training ROC-AUC: 0.859375
2025-05-23 23:42:56,399 - INFO: Validation ROC-AUC: 0.680165
2025-05-23 23:43:10,887 - INFO: Evaluating at iteration 63389
2025-05-23 23:43:11,143 - INFO: Loss: 0.281795
2025-05-23 23:43:11,143 - INFO: Training ROC-AUC: 0.888889
2025-05-23 23:43:11,143 - INFO: Validation ROC-AUC: 0.689083
2025-05-23 23:43:12,211 - INFO: Saving model to models/NetTCR/model_2.pt
2025-05-23 23:43:12,219 - INFO: Starting fold 3
2025-05-23 23:43:12,219 - INFO: Initialising model
2025-05-23 23:43:12,225 - INFO: Starting training
2025-05-23 23:43:12,225 - INFO: Starting epoch 1
2025-05-23 23:43:12,255 - INFO: Evaluating at iteration 1
2025-05-23 23:43:19,196 - INFO: Loss: 0.711071
2025-05-23 23:43:19,196 - INFO: Training ROC-AUC: 0.493590
2025-05-23 23:43:19,196 - INFO: Validation ROC-AUC: 0.502981
2025-05-23 23:43:31,999 - INFO: Starting epoch 2
2025-05-23 23:43:32,027 - INFO: Evaluating at iteration 457
2025-05-23 23:43:38,805 - INFO: Loss: 0.519909
2025-05-23 23:43:38,805 - INFO: Training ROC-AUC: 0.680000
2025-05-23 23:43:38,805 - INFO: Validation ROC-AUC: 0.438539
2025-05-23 23:43:51,690 - INFO: Starting epoch 3
2025-05-23 23:43:51,718 - INFO: Evaluating at iteration 913
2025-05-23 23:43:58,488 - INFO: Loss: 0.354250
2025-05-23 23:43:58,488 - INFO: Training ROC-AUC: 0.807407
2025-05-23 23:43:58,488 - INFO: Validation ROC-AUC: 0.435482
2025-05-23 23:44:11,225 - INFO: Starting epoch 4
2025-05-23 23:44:11,253 - INFO: Evaluating at iteration 1369
2025-05-23 23:44:17,973 - INFO: Loss: 0.234322
2025-05-23 23:44:17,973 - INFO: Training ROC-AUC: 0.783333
2025-05-23 23:44:17,973 - INFO: Validation ROC-AUC: 0.436305
2025-05-23 23:44:30,726 - INFO: Starting epoch 5
2025-05-23 23:44:30,755 - INFO: Evaluating at iteration 1825
2025-05-23 23:44:37,408 - INFO: Loss: 0.183374
2025-05-23 23:44:37,409 - INFO: Training ROC-AUC: 1.000000
2025-05-23 23:44:37,409 - INFO: Validation ROC-AUC: 0.435103
2025-05-23 23:44:50,204 - INFO: Starting epoch 6
2025-05-23 23:44:50,232 - INFO: Evaluating at iteration 2281
2025-05-23 23:44:56,932 - INFO: Loss: 0.250692
2025-05-23 23:44:56,932 - INFO: Training ROC-AUC: 0.550000
2025-05-23 23:44:56,932 - INFO: Validation ROC-AUC: 0.434380
2025-05-23 23:45:09,742 - INFO: Starting epoch 7
2025-05-23 23:45:09,770 - INFO: Evaluating at iteration 2737
2025-05-23 23:45:16,446 - INFO: Loss: 0.503490
2025-05-23 23:45:16,447 - INFO: Training ROC-AUC: 0.677083
2025-05-23 23:45:16,447 - INFO: Validation ROC-AUC: 0.432616
2025-05-23 23:45:29,285 - INFO: Starting epoch 8
2025-05-23 23:45:29,316 - INFO: Evaluating at iteration 3193
2025-05-23 23:45:36,128 - INFO: Loss: 0.347503
2025-05-23 23:45:36,128 - INFO: Training ROC-AUC: 0.801282
2025-05-23 23:45:36,129 - INFO: Validation ROC-AUC: 0.430729
2025-05-23 23:45:48,993 - INFO: Starting epoch 9
2025-05-23 23:45:49,022 - INFO: Evaluating at iteration 3649
2025-05-23 23:45:55,677 - INFO: Loss: 0.331005
2025-05-23 23:45:55,677 - INFO: Training ROC-AUC: 0.642857
2025-05-23 23:45:55,677 - INFO: Validation ROC-AUC: 0.430151
2025-05-23 23:46:08,494 - INFO: Starting epoch 10
2025-05-23 23:46:08,522 - INFO: Evaluating at iteration 4105
2025-05-23 23:46:15,335 - INFO: Loss: 0.417807
2025-05-23 23:46:15,336 - INFO: Training ROC-AUC: 0.756410
2025-05-23 23:46:15,336 - INFO: Validation ROC-AUC: 0.428967
2025-05-23 23:46:28,149 - INFO: Starting epoch 11
2025-05-23 23:46:28,177 - INFO: Evaluating at iteration 4561
2025-05-23 23:46:34,834 - INFO: Loss: 0.264808
2025-05-23 23:46:34,834 - INFO: Training ROC-AUC: 0.964286
2025-05-23 23:46:34,834 - INFO: Validation ROC-AUC: 0.427379
2025-05-23 23:46:47,630 - INFO: Starting epoch 12
2025-05-23 23:46:47,663 - INFO: Evaluating at iteration 5017
2025-05-23 23:46:54,270 - INFO: Loss: 0.341821
2025-05-23 23:46:54,270 - INFO: Training ROC-AUC: 0.920000
2025-05-23 23:46:54,270 - INFO: Validation ROC-AUC: 0.429938
2025-05-23 23:47:07,109 - INFO: Starting epoch 13
2025-05-23 23:47:07,137 - INFO: Evaluating at iteration 5473
2025-05-23 23:47:13,834 - INFO: Loss: 0.205115
2025-05-23 23:47:13,835 - INFO: Training ROC-AUC: 0.839080
2025-05-23 23:47:13,835 - INFO: Validation ROC-AUC: 0.427110
2025-05-23 23:47:26,899 - INFO: Starting epoch 14
2025-05-23 23:47:26,927 - INFO: Evaluating at iteration 5929
2025-05-23 23:47:33,555 - INFO: Loss: 0.476922
2025-05-23 23:47:33,555 - INFO: Training ROC-AUC: 0.742857
2025-05-23 23:47:33,555 - INFO: Validation ROC-AUC: 0.428154
2025-05-23 23:47:46,403 - INFO: Starting epoch 15
2025-05-23 23:47:46,432 - INFO: Evaluating at iteration 6385
2025-05-23 23:47:53,035 - INFO: Loss: 0.343356
2025-05-23 23:47:53,035 - INFO: Training ROC-AUC: 0.696429
2025-05-23 23:47:53,035 - INFO: Validation ROC-AUC: 0.427859
2025-05-23 23:48:05,837 - INFO: Starting epoch 16
2025-05-23 23:48:05,865 - INFO: Evaluating at iteration 6841
2025-05-23 23:48:12,512 - INFO: Loss: 0.380703
2025-05-23 23:48:12,512 - INFO: Training ROC-AUC: 0.792593
2025-05-23 23:48:12,512 - INFO: Validation ROC-AUC: 0.426841
2025-05-23 23:48:25,281 - INFO: Starting epoch 17
2025-05-23 23:48:25,309 - INFO: Evaluating at iteration 7297
2025-05-23 23:48:31,942 - INFO: Loss: 0.201951
2025-05-23 23:48:31,942 - INFO: Training ROC-AUC: 0.645161
2025-05-23 23:48:31,942 - INFO: Validation ROC-AUC: 0.426689
2025-05-23 23:48:44,752 - INFO: Starting epoch 18
2025-05-23 23:48:44,781 - INFO: Evaluating at iteration 7753
2025-05-23 23:48:51,367 - INFO: Loss: 0.401043
2025-05-23 23:48:51,367 - INFO: Training ROC-AUC: 0.884058
2025-05-23 23:48:51,367 - INFO: Validation ROC-AUC: 0.426529
2025-05-23 23:49:04,126 - INFO: Starting epoch 19
2025-05-23 23:49:04,155 - INFO: Evaluating at iteration 8209
2025-05-23 23:49:10,755 - INFO: Loss: 0.236669
2025-05-23 23:49:10,756 - INFO: Training ROC-AUC: 0.793103
2025-05-23 23:49:10,756 - INFO: Validation ROC-AUC: 0.427110
2025-05-23 23:49:23,529 - INFO: Starting epoch 20
2025-05-23 23:49:23,558 - INFO: Evaluating at iteration 8665
2025-05-23 23:49:30,143 - INFO: Loss: 0.148328
2025-05-23 23:49:30,143 - INFO: Training ROC-AUC: 0.935484
2025-05-23 23:49:30,143 - INFO: Validation ROC-AUC: 0.428383
2025-05-23 23:49:42,918 - INFO: Starting epoch 21
2025-05-23 23:49:42,946 - INFO: Evaluating at iteration 9121
2025-05-23 23:49:49,520 - INFO: Loss: 0.280667
2025-05-23 23:49:49,520 - INFO: Training ROC-AUC: 0.857143
2025-05-23 23:49:49,520 - INFO: Validation ROC-AUC: 0.427718
2025-05-23 23:50:02,288 - INFO: Starting epoch 22
2025-05-23 23:50:02,316 - INFO: Evaluating at iteration 9577
2025-05-23 23:50:08,871 - INFO: Loss: 0.303551
2025-05-23 23:50:08,871 - INFO: Training ROC-AUC: 0.758929
2025-05-23 23:50:08,871 - INFO: Validation ROC-AUC: 0.426505
2025-05-23 23:50:21,655 - INFO: Starting epoch 23
2025-05-23 23:50:21,684 - INFO: Evaluating at iteration 10033
2025-05-23 23:50:28,303 - INFO: Loss: 0.522994
2025-05-23 23:50:28,304 - INFO: Training ROC-AUC: 0.645714
2025-05-23 23:50:28,304 - INFO: Validation ROC-AUC: 0.424744
2025-05-23 23:50:41,125 - INFO: Starting epoch 24
2025-05-23 23:50:41,153 - INFO: Evaluating at iteration 10489
2025-05-23 23:50:47,739 - INFO: Loss: 0.311114
2025-05-23 23:50:47,739 - INFO: Training ROC-AUC: 0.785714
2025-05-23 23:50:47,739 - INFO: Validation ROC-AUC: 0.430283
2025-05-23 23:51:00,593 - INFO: Starting epoch 25
2025-05-23 23:51:00,622 - INFO: Evaluating at iteration 10945
2025-05-23 23:51:07,192 - INFO: Loss: 0.348210
2025-05-23 23:51:07,192 - INFO: Training ROC-AUC: 0.740741
2025-05-23 23:51:07,192 - INFO: Validation ROC-AUC: 0.427694
2025-05-23 23:51:20,463 - INFO: Saving model to models/NetTCR/model_3.pt
2025-05-23 23:51:20,472 - INFO: Starting fold 4
2025-05-23 23:51:20,473 - INFO: Initialising model
2025-05-23 23:51:20,478 - INFO: Starting training
2025-05-23 23:51:20,478 - INFO: Starting epoch 1
2025-05-23 23:51:20,509 - INFO: Evaluating at iteration 1
2025-05-23 23:51:21,174 - INFO: Loss: 0.709835
2025-05-23 23:51:21,174 - INFO: Training ROC-AUC: 0.283333
2025-05-23 23:51:21,174 - INFO: Validation ROC-AUC: 0.551563
2025-05-23 23:51:35,379 - INFO: Evaluating at iteration 501
2025-05-23 23:51:36,047 - INFO: Loss: 0.595538
2025-05-23 23:51:36,047 - INFO: Training ROC-AUC: 0.427083
2025-05-23 23:51:36,047 - INFO: Validation ROC-AUC: 0.328662
2025-05-23 23:51:50,158 - INFO: Evaluating at iteration 1001
2025-05-23 23:51:50,811 - INFO: Loss: 0.482569
2025-05-23 23:51:50,811 - INFO: Training ROC-AUC: 0.634615
2025-05-23 23:51:50,811 - INFO: Validation ROC-AUC: 0.270308
2025-05-23 23:52:04,964 - INFO: Evaluating at iteration 1501
2025-05-23 23:52:05,617 - INFO: Loss: 0.483015
2025-05-23 23:52:05,617 - INFO: Training ROC-AUC: 0.474359
2025-05-23 23:52:05,617 - INFO: Validation ROC-AUC: 0.249174
2025-05-23 23:52:19,714 - INFO: Evaluating at iteration 2001
2025-05-23 23:52:20,370 - INFO: Loss: 0.488433
2025-05-23 23:52:20,371 - INFO: Training ROC-AUC: 0.564103
2025-05-23 23:52:20,371 - INFO: Validation ROC-AUC: 0.258886
2025-05-23 23:52:32,110 - INFO: Starting epoch 2
2025-05-23 23:52:32,139 - INFO: Evaluating at iteration 2419
2025-05-23 23:52:32,775 - INFO: Loss: 0.442266
2025-05-23 23:52:32,775 - INFO: Training ROC-AUC: 0.544643
2025-05-23 23:52:32,775 - INFO: Validation ROC-AUC: 0.574282
2025-05-23 23:52:46,845 - INFO: Evaluating at iteration 2919
2025-05-23 23:52:47,474 - INFO: Loss: 0.567363
2025-05-23 23:52:47,474 - INFO: Training ROC-AUC: 0.661458
2025-05-23 23:52:47,474 - INFO: Validation ROC-AUC: 0.640099
2025-05-23 23:53:01,525 - INFO: Evaluating at iteration 3419
2025-05-23 23:53:02,156 - INFO: Loss: 0.393961
2025-05-23 23:53:02,156 - INFO: Training ROC-AUC: 0.473214
2025-05-23 23:53:02,156 - INFO: Validation ROC-AUC: 0.561131
2025-05-23 23:53:16,306 - INFO: Evaluating at iteration 3919
2025-05-23 23:53:16,949 - INFO: Loss: 0.641476
2025-05-23 23:53:16,949 - INFO: Training ROC-AUC: 0.509091
2025-05-23 23:53:16,949 - INFO: Validation ROC-AUC: 0.518695
2025-05-23 23:53:31,069 - INFO: Evaluating at iteration 4419
2025-05-23 23:53:31,695 - INFO: Loss: 0.346390
2025-05-23 23:53:31,695 - INFO: Training ROC-AUC: 0.714286
2025-05-23 23:53:31,695 - INFO: Validation ROC-AUC: 0.542670
2025-05-23 23:53:43,511 - INFO: Starting epoch 3
2025-05-23 23:53:43,541 - INFO: Evaluating at iteration 4837
2025-05-23 23:53:44,169 - INFO: Loss: 0.558748
2025-05-23 23:53:44,169 - INFO: Training ROC-AUC: 0.703125
2025-05-23 23:53:44,169 - INFO: Validation ROC-AUC: 0.604654
2025-05-23 23:53:58,325 - INFO: Evaluating at iteration 5337
2025-05-23 23:53:58,962 - INFO: Loss: 0.340691
2025-05-23 23:53:58,963 - INFO: Training ROC-AUC: 0.609195
2025-05-23 23:53:58,963 - INFO: Validation ROC-AUC: 0.571371
2025-05-23 23:54:13,108 - INFO: Evaluating at iteration 5837
2025-05-23 23:54:13,733 - INFO: Loss: 0.431499
2025-05-23 23:54:13,733 - INFO: Training ROC-AUC: 0.792593
2025-05-23 23:54:13,733 - INFO: Validation ROC-AUC: 0.561107
2025-05-23 23:54:27,896 - INFO: Evaluating at iteration 6337
2025-05-23 23:54:28,521 - INFO: Loss: 0.329273
2025-05-23 23:54:28,521 - INFO: Training ROC-AUC: 0.851852
2025-05-23 23:54:28,521 - INFO: Validation ROC-AUC: 0.564324
2025-05-23 23:54:42,661 - INFO: Evaluating at iteration 6837
2025-05-23 23:54:43,283 - INFO: Loss: 0.264267
2025-05-23 23:54:43,283 - INFO: Training ROC-AUC: 0.961538
2025-05-23 23:54:43,283 - INFO: Validation ROC-AUC: 0.575468
2025-05-23 23:54:55,088 - INFO: Starting epoch 4
2025-05-23 23:54:55,118 - INFO: Evaluating at iteration 7255
2025-05-23 23:54:55,751 - INFO: Loss: 0.410446
2025-05-23 23:54:55,751 - INFO: Training ROC-AUC: 0.828571
2025-05-23 23:54:55,751 - INFO: Validation ROC-AUC: 0.566973
2025-05-23 23:55:09,932 - INFO: Evaluating at iteration 7755
2025-05-23 23:55:10,556 - INFO: Loss: 0.324077
2025-05-23 23:55:10,557 - INFO: Training ROC-AUC: 0.851852
2025-05-23 23:55:10,557 - INFO: Validation ROC-AUC: 0.537939
2025-05-23 23:55:24,688 - INFO: Evaluating at iteration 8255
2025-05-23 23:55:25,305 - INFO: Loss: 0.318917
2025-05-23 23:55:25,305 - INFO: Training ROC-AUC: 0.935897
2025-05-23 23:55:25,305 - INFO: Validation ROC-AUC: 0.598389
2025-05-23 23:55:39,466 - INFO: Evaluating at iteration 8755
2025-05-23 23:55:40,099 - INFO: Loss: 0.287064
2025-05-23 23:55:40,099 - INFO: Training ROC-AUC: 0.935897
2025-05-23 23:55:40,099 - INFO: Validation ROC-AUC: 0.562007
2025-05-23 23:55:54,251 - INFO: Evaluating at iteration 9255
2025-05-23 23:55:54,872 - INFO: Loss: 0.324060
2025-05-23 23:55:54,873 - INFO: Training ROC-AUC: 0.866667
2025-05-23 23:55:54,873 - INFO: Validation ROC-AUC: 0.559619
2025-05-23 23:56:06,688 - INFO: Starting epoch 5
2025-05-23 23:56:06,717 - INFO: Evaluating at iteration 9673
2025-05-23 23:56:07,333 - INFO: Loss: 0.341659
2025-05-23 23:56:07,333 - INFO: Training ROC-AUC: 0.500000
2025-05-23 23:56:07,334 - INFO: Validation ROC-AUC: 0.585367
2025-05-23 23:56:21,715 - INFO: Evaluating at iteration 10173
2025-05-23 23:56:22,330 - INFO: Loss: 0.307133
2025-05-23 23:56:22,330 - INFO: Training ROC-AUC: 0.919643
2025-05-23 23:56:22,330 - INFO: Validation ROC-AUC: 0.573014
2025-05-23 23:56:36,602 - INFO: Evaluating at iteration 10673
2025-05-23 23:56:37,230 - INFO: Loss: 0.194611
2025-05-23 23:56:37,230 - INFO: Training ROC-AUC: 0.850000
2025-05-23 23:56:37,230 - INFO: Validation ROC-AUC: 0.540694
2025-05-23 23:56:51,409 - INFO: Evaluating at iteration 11173
2025-05-23 23:56:52,026 - INFO: Loss: 0.410814
2025-05-23 23:56:52,026 - INFO: Training ROC-AUC: 0.730769
2025-05-23 23:56:52,026 - INFO: Validation ROC-AUC: 0.572228
2025-05-23 23:57:06,234 - INFO: Evaluating at iteration 11673
2025-05-23 23:57:06,853 - INFO: Loss: 0.455173
2025-05-23 23:57:06,853 - INFO: Training ROC-AUC: 0.705128
2025-05-23 23:57:06,853 - INFO: Validation ROC-AUC: 0.582127
2025-05-23 23:57:18,693 - INFO: Starting epoch 6
2025-05-23 23:57:18,724 - INFO: Evaluating at iteration 12091
2025-05-23 23:57:19,340 - INFO: Loss: 0.319775
2025-05-23 23:57:19,340 - INFO: Training ROC-AUC: 0.830357
2025-05-23 23:57:19,340 - INFO: Validation ROC-AUC: 0.614123
2025-05-23 23:57:33,582 - INFO: Evaluating at iteration 12591
2025-05-23 23:57:34,210 - INFO: Loss: 0.496903
2025-05-23 23:57:34,210 - INFO: Training ROC-AUC: 0.750000
2025-05-23 23:57:34,210 - INFO: Validation ROC-AUC: 0.596127
2025-05-23 23:57:48,377 - INFO: Evaluating at iteration 13091
2025-05-23 23:57:48,995 - INFO: Loss: 0.234372
2025-05-23 23:57:48,995 - INFO: Training ROC-AUC: 0.783333
2025-05-23 23:57:48,995 - INFO: Validation ROC-AUC: 0.564778
2025-05-23 23:58:03,255 - INFO: Evaluating at iteration 13591
2025-05-23 23:58:03,872 - INFO: Loss: 0.325033
2025-05-23 23:58:03,872 - INFO: Training ROC-AUC: 0.826923
2025-05-23 23:58:03,872 - INFO: Validation ROC-AUC: 0.636856
2025-05-23 23:58:18,041 - INFO: Evaluating at iteration 14091
2025-05-23 23:58:18,666 - INFO: Loss: 0.104308
2025-05-23 23:58:18,666 - INFO: Training ROC-AUC: 1.000000
2025-05-23 23:58:18,666 - INFO: Validation ROC-AUC: 0.606776
2025-05-23 23:58:30,489 - INFO: Starting epoch 7
2025-05-23 23:58:30,519 - INFO: Evaluating at iteration 14509
2025-05-23 23:58:31,138 - INFO: Loss: 0.310062
2025-05-23 23:58:31,138 - INFO: Training ROC-AUC: 0.975845
2025-05-23 23:58:31,138 - INFO: Validation ROC-AUC: 0.580259
2025-05-23 23:58:45,353 - INFO: Evaluating at iteration 15009
2025-05-23 23:58:45,969 - INFO: Loss: 0.407881
2025-05-23 23:58:45,970 - INFO: Training ROC-AUC: 0.762821
2025-05-23 23:58:45,970 - INFO: Validation ROC-AUC: 0.604847
2025-05-23 23:59:00,132 - INFO: Evaluating at iteration 15509
2025-05-23 23:59:00,746 - INFO: Loss: 0.246258
2025-05-23 23:59:00,746 - INFO: Training ROC-AUC: 0.862069
2025-05-23 23:59:00,746 - INFO: Validation ROC-AUC: 0.584544
2025-05-23 23:59:14,950 - INFO: Evaluating at iteration 16009
2025-05-23 23:59:15,580 - INFO: Loss: 0.337128
2025-05-23 23:59:15,580 - INFO: Training ROC-AUC: 0.879227
2025-05-23 23:59:15,580 - INFO: Validation ROC-AUC: 0.567062
2025-05-23 23:59:29,745 - INFO: Evaluating at iteration 16509
2025-05-23 23:59:30,360 - INFO: Loss: 0.382651
2025-05-23 23:59:30,360 - INFO: Training ROC-AUC: 0.862857
2025-05-23 23:59:30,360 - INFO: Validation ROC-AUC: 0.616624
2025-05-23 23:59:42,179 - INFO: Starting epoch 8
2025-05-23 23:59:42,208 - INFO: Evaluating at iteration 16927
2025-05-23 23:59:42,828 - INFO: Loss: 0.441188
2025-05-23 23:59:42,828 - INFO: Training ROC-AUC: 0.555556
2025-05-23 23:59:42,828 - INFO: Validation ROC-AUC: 0.605667
2025-05-23 23:59:56,994 - INFO: Evaluating at iteration 17427
2025-05-23 23:59:57,637 - INFO: Loss: 0.463010
2025-05-23 23:59:57,637 - INFO: Training ROC-AUC: 0.836364
2025-05-23 23:59:57,637 - INFO: Validation ROC-AUC: 0.609440
2025-05-24 00:00:11,822 - INFO: Evaluating at iteration 17927
2025-05-24 00:00:12,446 - INFO: Loss: 0.176838
2025-05-24 00:00:12,446 - INFO: Training ROC-AUC: 0.919540
2025-05-24 00:00:12,446 - INFO: Validation ROC-AUC: 0.638500
2025-05-24 00:00:26,905 - INFO: Evaluating at iteration 18427
2025-05-24 00:00:27,530 - INFO: Loss: 0.352478
2025-05-24 00:00:27,530 - INFO: Training ROC-AUC: 0.505747
2025-05-24 00:00:27,530 - INFO: Validation ROC-AUC: 0.605728
2025-05-24 00:00:41,674 - INFO: Evaluating at iteration 18927
2025-05-24 00:00:42,301 - INFO: Loss: 0.224063
2025-05-24 00:00:42,301 - INFO: Training ROC-AUC: 0.900000
2025-05-24 00:00:42,301 - INFO: Validation ROC-AUC: 0.597815
2025-05-24 00:00:54,203 - INFO: Starting epoch 9
2025-05-24 00:00:54,233 - INFO: Evaluating at iteration 19345
2025-05-24 00:00:54,859 - INFO: Loss: 0.414793
2025-05-24 00:00:54,859 - INFO: Training ROC-AUC: 0.769231
2025-05-24 00:00:54,859 - INFO: Validation ROC-AUC: 0.596744
2025-05-24 00:01:09,099 - INFO: Evaluating at iteration 19845
2025-05-24 00:01:09,718 - INFO: Loss: 0.313202
2025-05-24 00:01:09,718 - INFO: Training ROC-AUC: 0.794643
2025-05-24 00:01:09,718 - INFO: Validation ROC-AUC: 0.594320
2025-05-24 00:01:23,902 - INFO: Evaluating at iteration 20345
2025-05-24 00:01:24,517 - INFO: Loss: 0.189249
2025-05-24 00:01:24,517 - INFO: Training ROC-AUC: 0.896552
2025-05-24 00:01:24,517 - INFO: Validation ROC-AUC: 0.606185
2025-05-24 00:01:38,723 - INFO: Evaluating at iteration 20845
2025-05-24 00:01:39,337 - INFO: Loss: 0.216519
2025-05-24 00:01:39,337 - INFO: Training ROC-AUC: 0.933333
2025-05-24 00:01:39,337 - INFO: Validation ROC-AUC: 0.629448
2025-05-24 00:01:53,540 - INFO: Evaluating at iteration 21345
2025-05-24 00:01:54,171 - INFO: Loss: 0.378006
2025-05-24 00:01:54,171 - INFO: Training ROC-AUC: 0.854167
2025-05-24 00:01:54,171 - INFO: Validation ROC-AUC: 0.620991
2025-05-24 00:02:06,027 - INFO: Starting epoch 10
2025-05-24 00:02:06,056 - INFO: Evaluating at iteration 21763
2025-05-24 00:02:06,667 - INFO: Loss: 0.196474
2025-05-24 00:02:06,668 - INFO: Training ROC-AUC: 0.942308
2025-05-24 00:02:06,668 - INFO: Validation ROC-AUC: 0.592687
2025-05-24 00:02:21,181 - INFO: Evaluating at iteration 22263
2025-05-24 00:02:21,794 - INFO: Loss: 0.410989
2025-05-24 00:02:21,794 - INFO: Training ROC-AUC: 0.696296
2025-05-24 00:02:21,794 - INFO: Validation ROC-AUC: 0.620335
2025-05-24 00:02:35,998 - INFO: Evaluating at iteration 22763
2025-05-24 00:02:36,621 - INFO: Loss: 0.346729
2025-05-24 00:02:36,621 - INFO: Training ROC-AUC: 0.846154
2025-05-24 00:02:36,621 - INFO: Validation ROC-AUC: 0.596299
2025-05-24 00:02:50,848 - INFO: Evaluating at iteration 23263
2025-05-24 00:02:51,460 - INFO: Loss: 0.334754
2025-05-24 00:02:51,460 - INFO: Training ROC-AUC: 0.884615
2025-05-24 00:02:51,460 - INFO: Validation ROC-AUC: 0.595647
2025-05-24 00:03:05,676 - INFO: Evaluating at iteration 23763
2025-05-24 00:03:06,294 - INFO: Loss: 0.515736
2025-05-24 00:03:06,294 - INFO: Training ROC-AUC: 0.759091
2025-05-24 00:03:06,294 - INFO: Validation ROC-AUC: 0.582485
2025-05-24 00:03:18,168 - INFO: Starting epoch 11
2025-05-24 00:03:18,198 - INFO: Evaluating at iteration 24181
2025-05-24 00:03:18,814 - INFO: Loss: 0.273341
2025-05-24 00:03:18,814 - INFO: Training ROC-AUC: 0.923077
2025-05-24 00:03:18,814 - INFO: Validation ROC-AUC: 0.579644
2025-05-24 00:03:33,041 - INFO: Evaluating at iteration 24681
2025-05-24 00:03:33,666 - INFO: Loss: 0.372378
2025-05-24 00:03:33,667 - INFO: Training ROC-AUC: 0.840000
2025-05-24 00:03:33,667 - INFO: Validation ROC-AUC: 0.616638
2025-05-24 00:03:47,876 - INFO: Evaluating at iteration 25181
2025-05-24 00:03:48,493 - INFO: Loss: 0.320532
2025-05-24 00:03:48,493 - INFO: Training ROC-AUC: 0.902857
2025-05-24 00:03:48,493 - INFO: Validation ROC-AUC: 0.630247
2025-05-24 00:04:02,732 - INFO: Evaluating at iteration 25681
2025-05-24 00:04:03,344 - INFO: Loss: 0.340314
2025-05-24 00:04:03,344 - INFO: Training ROC-AUC: 0.714286
2025-05-24 00:04:03,344 - INFO: Validation ROC-AUC: 0.595899
2025-05-24 00:04:17,574 - INFO: Evaluating at iteration 26181
2025-05-24 00:04:18,197 - INFO: Loss: 0.336640
2025-05-24 00:04:18,197 - INFO: Training ROC-AUC: 0.948718
2025-05-24 00:04:18,197 - INFO: Validation ROC-AUC: 0.588527
2025-05-24 00:04:30,299 - INFO: Starting epoch 12
2025-05-24 00:04:30,330 - INFO: Evaluating at iteration 26599
2025-05-24 00:04:30,956 - INFO: Loss: 0.138743
2025-05-24 00:04:30,956 - INFO: Training ROC-AUC: 0.988506
2025-05-24 00:04:30,956 - INFO: Validation ROC-AUC: 0.597371
2025-05-24 00:04:45,297 - INFO: Evaluating at iteration 27099
2025-05-24 00:04:45,908 - INFO: Loss: 0.267613
2025-05-24 00:04:45,908 - INFO: Training ROC-AUC: 0.940741
2025-05-24 00:04:45,908 - INFO: Validation ROC-AUC: 0.593609
2025-05-24 00:05:00,160 - INFO: Evaluating at iteration 27599
2025-05-24 00:05:00,776 - INFO: Loss: 0.187446
2025-05-24 00:05:00,777 - INFO: Training ROC-AUC: 0.985185
2025-05-24 00:05:00,777 - INFO: Validation ROC-AUC: 0.599029
2025-05-24 00:05:15,093 - INFO: Evaluating at iteration 28099
2025-05-24 00:05:15,718 - INFO: Loss: 0.420219
2025-05-24 00:05:15,718 - INFO: Training ROC-AUC: 0.896104
2025-05-24 00:05:15,718 - INFO: Validation ROC-AUC: 0.582336
2025-05-24 00:05:30,074 - INFO: Evaluating at iteration 28599
2025-05-24 00:05:30,697 - INFO: Loss: 0.327966
2025-05-24 00:05:30,697 - INFO: Training ROC-AUC: 0.878205
2025-05-24 00:05:30,697 - INFO: Validation ROC-AUC: 0.595436
2025-05-24 00:05:42,597 - INFO: Starting epoch 13
2025-05-24 00:05:42,627 - INFO: Evaluating at iteration 29017
2025-05-24 00:05:43,242 - INFO: Loss: 0.382291
2025-05-24 00:05:43,242 - INFO: Training ROC-AUC: 0.838542
2025-05-24 00:05:43,242 - INFO: Validation ROC-AUC: 0.589313
2025-05-24 00:05:57,481 - INFO: Evaluating at iteration 29517
2025-05-24 00:05:58,111 - INFO: Loss: 0.435667
2025-05-24 00:05:58,111 - INFO: Training ROC-AUC: 0.782051
2025-05-24 00:05:58,111 - INFO: Validation ROC-AUC: 0.592204
2025-05-24 00:06:12,352 - INFO: Evaluating at iteration 30017
2025-05-24 00:06:12,979 - INFO: Loss: 0.545233
2025-05-24 00:06:12,980 - INFO: Training ROC-AUC: 0.640625
2025-05-24 00:06:12,980 - INFO: Validation ROC-AUC: 0.594514
2025-05-24 00:06:27,335 - INFO: Evaluating at iteration 30517
2025-05-24 00:06:27,956 - INFO: Loss: 0.268915
2025-05-24 00:06:27,956 - INFO: Training ROC-AUC: 0.600000
2025-05-24 00:06:27,956 - INFO: Validation ROC-AUC: 0.601225
2025-05-24 00:06:42,362 - INFO: Evaluating at iteration 31017
2025-05-24 00:06:42,983 - INFO: Loss: 0.212779
2025-05-24 00:06:42,983 - INFO: Training ROC-AUC: 0.901786
2025-05-24 00:06:42,983 - INFO: Validation ROC-AUC: 0.608978
2025-05-24 00:06:54,862 - INFO: Starting epoch 14
2025-05-24 00:06:54,892 - INFO: Evaluating at iteration 31435
2025-05-24 00:06:55,518 - INFO: Loss: 0.371807
2025-05-24 00:06:55,518 - INFO: Training ROC-AUC: 0.807692
2025-05-24 00:06:55,518 - INFO: Validation ROC-AUC: 0.592327
2025-05-24 00:07:09,814 - INFO: Evaluating at iteration 31935
2025-05-24 00:07:10,428 - INFO: Loss: 0.244298
2025-05-24 00:07:10,428 - INFO: Training ROC-AUC: 0.839080
2025-05-24 00:07:10,428 - INFO: Validation ROC-AUC: 0.589412
2025-05-24 00:07:24,692 - INFO: Evaluating at iteration 32435
2025-05-24 00:07:25,305 - INFO: Loss: 0.182581
2025-05-24 00:07:25,305 - INFO: Training ROC-AUC: 0.866667
2025-05-24 00:07:25,305 - INFO: Validation ROC-AUC: 0.577700
2025-05-24 00:07:39,571 - INFO: Evaluating at iteration 32935
2025-05-24 00:07:40,185 - INFO: Loss: 0.457285
2025-05-24 00:07:40,185 - INFO: Training ROC-AUC: 0.691429
2025-05-24 00:07:40,185 - INFO: Validation ROC-AUC: 0.567013
2025-05-24 00:07:54,461 - INFO: Evaluating at iteration 33435
2025-05-24 00:07:55,085 - INFO: Loss: 0.193320
2025-05-24 00:07:55,085 - INFO: Training ROC-AUC: 0.903226
2025-05-24 00:07:55,085 - INFO: Validation ROC-AUC: 0.593247
2025-05-24 00:08:07,094 - INFO: Starting epoch 15
2025-05-24 00:08:07,124 - INFO: Evaluating at iteration 33853
2025-05-24 00:08:07,740 - INFO: Loss: 0.224767
2025-05-24 00:08:07,740 - INFO: Training ROC-AUC: 0.948718
2025-05-24 00:08:07,740 - INFO: Validation ROC-AUC: 0.592933
2025-05-24 00:08:22,041 - INFO: Evaluating at iteration 34353
2025-05-24 00:08:22,651 - INFO: Loss: 0.230675
2025-05-24 00:08:22,651 - INFO: Training ROC-AUC: 0.911111
2025-05-24 00:08:22,651 - INFO: Validation ROC-AUC: 0.574801
2025-05-24 00:08:36,935 - INFO: Evaluating at iteration 34853
2025-05-24 00:08:37,560 - INFO: Loss: 0.177840
2025-05-24 00:08:37,560 - INFO: Training ROC-AUC: 0.966667
2025-05-24 00:08:37,560 - INFO: Validation ROC-AUC: 0.581005
2025-05-24 00:08:51,842 - INFO: Evaluating at iteration 35353
2025-05-24 00:08:52,453 - INFO: Loss: 0.318181
2025-05-24 00:08:52,453 - INFO: Training ROC-AUC: 0.927083
2025-05-24 00:08:52,454 - INFO: Validation ROC-AUC: 0.576322
2025-05-24 00:09:06,771 - INFO: Evaluating at iteration 35853
2025-05-24 00:09:07,381 - INFO: Loss: 0.336495
2025-05-24 00:09:07,381 - INFO: Training ROC-AUC: 0.932367
2025-05-24 00:09:07,381 - INFO: Validation ROC-AUC: 0.575743
2025-05-24 00:09:19,360 - INFO: Starting epoch 16
2025-05-24 00:09:19,390 - INFO: Evaluating at iteration 36271
2025-05-24 00:09:20,003 - INFO: Loss: 0.419701
2025-05-24 00:09:20,003 - INFO: Training ROC-AUC: 0.754286
2025-05-24 00:09:20,003 - INFO: Validation ROC-AUC: 0.584305
2025-05-24 00:09:34,351 - INFO: Evaluating at iteration 36771
2025-05-24 00:09:34,976 - INFO: Loss: 0.351504
2025-05-24 00:09:34,976 - INFO: Training ROC-AUC: 0.775641
2025-05-24 00:09:34,976 - INFO: Validation ROC-AUC: 0.580386
2025-05-24 00:09:49,305 - INFO: Evaluating at iteration 37271
2025-05-24 00:09:49,916 - INFO: Loss: 0.347371
2025-05-24 00:09:49,916 - INFO: Training ROC-AUC: 0.897143
2025-05-24 00:09:49,916 - INFO: Validation ROC-AUC: 0.601759
2025-05-24 00:10:04,263 - INFO: Evaluating at iteration 37771
2025-05-24 00:10:04,874 - INFO: Loss: 0.341691
2025-05-24 00:10:04,875 - INFO: Training ROC-AUC: 0.839744
2025-05-24 00:10:04,875 - INFO: Validation ROC-AUC: 0.575207
2025-05-24 00:10:19,220 - INFO: Evaluating at iteration 38271
2025-05-24 00:10:19,845 - INFO: Loss: 0.214937
2025-05-24 00:10:19,845 - INFO: Training ROC-AUC: 0.885057
2025-05-24 00:10:19,845 - INFO: Validation ROC-AUC: 0.595794
2025-05-24 00:10:32,318 - INFO: Starting epoch 17
2025-05-24 00:10:32,348 - INFO: Evaluating at iteration 38689
2025-05-24 00:10:32,959 - INFO: Loss: 0.550043
2025-05-24 00:10:32,959 - INFO: Training ROC-AUC: 0.708571
2025-05-24 00:10:32,959 - INFO: Validation ROC-AUC: 0.567366
2025-05-24 00:10:47,336 - INFO: Evaluating at iteration 39189
2025-05-24 00:10:47,951 - INFO: Loss: 0.188467
2025-05-24 00:10:47,951 - INFO: Training ROC-AUC: 0.955357
2025-05-24 00:10:47,951 - INFO: Validation ROC-AUC: 0.578491
2025-05-24 00:11:02,326 - INFO: Evaluating at iteration 39689
2025-05-24 00:11:02,937 - INFO: Loss: 0.279430
2025-05-24 00:11:02,938 - INFO: Training ROC-AUC: 0.954286
2025-05-24 00:11:02,938 - INFO: Validation ROC-AUC: 0.553098
2025-05-24 00:11:17,389 - INFO: Evaluating at iteration 40189
2025-05-24 00:11:18,016 - INFO: Loss: 0.291243
2025-05-24 00:11:18,016 - INFO: Training ROC-AUC: 0.803571
2025-05-24 00:11:18,016 - INFO: Validation ROC-AUC: 0.575521
2025-05-24 00:11:32,524 - INFO: Evaluating at iteration 40689
2025-05-24 00:11:33,135 - INFO: Loss: 0.217710
2025-05-24 00:11:33,135 - INFO: Training ROC-AUC: 0.903226
2025-05-24 00:11:33,135 - INFO: Validation ROC-AUC: 0.582052
2025-05-24 00:11:45,168 - INFO: Starting epoch 18
2025-05-24 00:11:45,198 - INFO: Evaluating at iteration 41107
2025-05-24 00:11:45,807 - INFO: Loss: 0.195025
2025-05-24 00:11:45,808 - INFO: Training ROC-AUC: 0.883929
2025-05-24 00:11:45,808 - INFO: Validation ROC-AUC: 0.566884
2025-05-24 00:12:00,225 - INFO: Evaluating at iteration 41607
2025-05-24 00:12:00,847 - INFO: Loss: 0.361528
2025-05-24 00:12:00,847 - INFO: Training ROC-AUC: 0.814103
2025-05-24 00:12:00,847 - INFO: Validation ROC-AUC: 0.561968
2025-05-24 00:12:15,235 - INFO: Evaluating at iteration 42107
2025-05-24 00:12:15,847 - INFO: Loss: 0.318371
2025-05-24 00:12:15,847 - INFO: Training ROC-AUC: 0.897143
2025-05-24 00:12:15,847 - INFO: Validation ROC-AUC: 0.561713
2025-05-24 00:12:30,301 - INFO: Evaluating at iteration 42607
2025-05-24 00:12:30,911 - INFO: Loss: 0.513428
2025-05-24 00:12:30,911 - INFO: Training ROC-AUC: 0.708333
2025-05-24 00:12:30,911 - INFO: Validation ROC-AUC: 0.549042
2025-05-24 00:12:45,346 - INFO: Evaluating at iteration 43107
2025-05-24 00:12:45,955 - INFO: Loss: 0.447877
2025-05-24 00:12:45,955 - INFO: Training ROC-AUC: 0.855072
2025-05-24 00:12:45,955 - INFO: Validation ROC-AUC: 0.589903
2025-05-24 00:12:58,022 - INFO: Starting epoch 19
2025-05-24 00:12:58,052 - INFO: Evaluating at iteration 43525
2025-05-24 00:12:58,679 - INFO: Loss: 0.363318
2025-05-24 00:12:58,679 - INFO: Training ROC-AUC: 0.770370
2025-05-24 00:12:58,679 - INFO: Validation ROC-AUC: 0.564920
2025-05-24 00:13:13,203 - INFO: Evaluating at iteration 44025
2025-05-24 00:13:13,814 - INFO: Loss: 0.303202
2025-05-24 00:13:13,814 - INFO: Training ROC-AUC: 0.859259
2025-05-24 00:13:13,814 - INFO: Validation ROC-AUC: 0.561421
2025-05-24 00:13:28,237 - INFO: Evaluating at iteration 44525
2025-05-24 00:13:28,850 - INFO: Loss: 0.246794
2025-05-24 00:13:28,851 - INFO: Training ROC-AUC: 0.918519
2025-05-24 00:13:28,851 - INFO: Validation ROC-AUC: 0.571225
2025-05-24 00:13:43,348 - INFO: Evaluating at iteration 45025
2025-05-24 00:13:43,975 - INFO: Loss: 0.303119
2025-05-24 00:13:43,975 - INFO: Training ROC-AUC: 0.920000
2025-05-24 00:13:43,975 - INFO: Validation ROC-AUC: 0.547627
2025-05-24 00:13:58,382 - INFO: Evaluating at iteration 45525
2025-05-24 00:13:59,000 - INFO: Loss: 0.290766
2025-05-24 00:13:59,000 - INFO: Training ROC-AUC: 0.814815
2025-05-24 00:13:59,000 - INFO: Validation ROC-AUC: 0.560220
2025-05-24 00:14:11,389 - INFO: Starting epoch 20
2025-05-24 00:14:11,419 - INFO: Evaluating at iteration 45943
2025-05-24 00:14:12,049 - INFO: Loss: 0.251720
2025-05-24 00:14:12,049 - INFO: Training ROC-AUC: 0.700000
2025-05-24 00:14:12,049 - INFO: Validation ROC-AUC: 0.558609
2025-05-24 00:14:26,454 - INFO: Evaluating at iteration 46443
2025-05-24 00:14:27,081 - INFO: Loss: 0.432312
2025-05-24 00:14:27,081 - INFO: Training ROC-AUC: 0.777143
2025-05-24 00:14:27,081 - INFO: Validation ROC-AUC: 0.566697
2025-05-24 00:14:41,494 - INFO: Evaluating at iteration 46943
2025-05-24 00:14:42,133 - INFO: Loss: 0.192395
2025-05-24 00:14:42,133 - INFO: Training ROC-AUC: 0.548387
2025-05-24 00:14:42,133 - INFO: Validation ROC-AUC: 0.570512
2025-05-24 00:14:56,590 - INFO: Evaluating at iteration 47443
2025-05-24 00:14:57,217 - INFO: Loss: 0.213564
2025-05-24 00:14:57,217 - INFO: Training ROC-AUC: 0.954286
2025-05-24 00:14:57,217 - INFO: Validation ROC-AUC: 0.560561
2025-05-24 00:15:11,707 - INFO: Evaluating at iteration 47943
2025-05-24 00:15:12,324 - INFO: Loss: 0.313418
2025-05-24 00:15:12,324 - INFO: Training ROC-AUC: 0.851852
2025-05-24 00:15:12,324 - INFO: Validation ROC-AUC: 0.567905
2025-05-24 00:15:24,482 - INFO: Starting epoch 21
2025-05-24 00:15:24,512 - INFO: Evaluating at iteration 48361
2025-05-24 00:15:25,125 - INFO: Loss: 0.262592
2025-05-24 00:15:25,125 - INFO: Training ROC-AUC: 0.901786
2025-05-24 00:15:25,125 - INFO: Validation ROC-AUC: 0.563180
2025-05-24 00:15:39,565 - INFO: Evaluating at iteration 48861
2025-05-24 00:15:40,187 - INFO: Loss: 0.279257
2025-05-24 00:15:40,187 - INFO: Training ROC-AUC: 0.865385
2025-05-24 00:15:40,187 - INFO: Validation ROC-AUC: 0.569784
2025-05-24 00:15:54,679 - INFO: Evaluating at iteration 49361
2025-05-24 00:15:55,292 - INFO: Loss: 0.392769
2025-05-24 00:15:55,292 - INFO: Training ROC-AUC: 0.848214
2025-05-24 00:15:55,292 - INFO: Validation ROC-AUC: 0.571775
2025-05-24 00:16:09,763 - INFO: Evaluating at iteration 49861
2025-05-24 00:16:10,372 - INFO: Loss: 0.330926
2025-05-24 00:16:10,373 - INFO: Training ROC-AUC: 0.705357
2025-05-24 00:16:10,373 - INFO: Validation ROC-AUC: 0.567731
2025-05-24 00:16:24,816 - INFO: Evaluating at iteration 50361
2025-05-24 00:16:25,448 - INFO: Loss: 0.296891
2025-05-24 00:16:25,449 - INFO: Training ROC-AUC: 0.973958
2025-05-24 00:16:25,449 - INFO: Validation ROC-AUC: 0.579775
2025-05-24 00:16:37,516 - INFO: Starting epoch 22
2025-05-24 00:16:37,546 - INFO: Evaluating at iteration 50779
2025-05-24 00:16:38,156 - INFO: Loss: 0.258749
2025-05-24 00:16:38,156 - INFO: Training ROC-AUC: 0.929487
2025-05-24 00:16:38,156 - INFO: Validation ROC-AUC: 0.577694
2025-05-24 00:16:52,578 - INFO: Evaluating at iteration 51279
2025-05-24 00:16:53,186 - INFO: Loss: 0.357110
2025-05-24 00:16:53,186 - INFO: Training ROC-AUC: 0.839744
2025-05-24 00:16:53,186 - INFO: Validation ROC-AUC: 0.560055
2025-05-24 00:17:07,627 - INFO: Evaluating at iteration 51779
2025-05-24 00:17:08,239 - INFO: Loss: 0.233369
2025-05-24 00:17:08,239 - INFO: Training ROC-AUC: 0.919540
2025-05-24 00:17:08,239 - INFO: Validation ROC-AUC: 0.562640
2025-05-24 00:17:22,698 - INFO: Evaluating at iteration 52279
2025-05-24 00:17:23,314 - INFO: Loss: 0.171601
2025-05-24 00:17:23,315 - INFO: Training ROC-AUC: 0.850000
2025-05-24 00:17:23,315 - INFO: Validation ROC-AUC: 0.563916
2025-05-24 00:17:37,740 - INFO: Evaluating at iteration 52779
2025-05-24 00:17:38,347 - INFO: Loss: 0.332615
2025-05-24 00:17:38,347 - INFO: Training ROC-AUC: 0.741071
2025-05-24 00:17:38,347 - INFO: Validation ROC-AUC: 0.568295
2025-05-24 00:17:50,395 - INFO: Starting epoch 23
2025-05-24 00:17:50,425 - INFO: Evaluating at iteration 53197
2025-05-24 00:17:51,035 - INFO: Loss: 0.307091
2025-05-24 00:17:51,035 - INFO: Training ROC-AUC: 0.866667
2025-05-24 00:17:51,035 - INFO: Validation ROC-AUC: 0.565387
2025-05-24 00:18:05,858 - INFO: Evaluating at iteration 53697
2025-05-24 00:18:06,467 - INFO: Loss: 0.366927
2025-05-24 00:18:06,467 - INFO: Training ROC-AUC: 0.770370
2025-05-24 00:18:06,467 - INFO: Validation ROC-AUC: 0.552142
2025-05-24 00:18:20,913 - INFO: Evaluating at iteration 54197
2025-05-24 00:18:21,535 - INFO: Loss: 0.496971
2025-05-24 00:18:21,535 - INFO: Training ROC-AUC: 0.850000
2025-05-24 00:18:21,535 - INFO: Validation ROC-AUC: 0.564062
2025-05-24 00:18:35,995 - INFO: Evaluating at iteration 54697
2025-05-24 00:18:36,602 - INFO: Loss: 0.361978
2025-05-24 00:18:36,602 - INFO: Training ROC-AUC: 0.927083
2025-05-24 00:18:36,602 - INFO: Validation ROC-AUC: 0.570834
2025-05-24 00:18:51,021 - INFO: Evaluating at iteration 55197
2025-05-24 00:18:51,631 - INFO: Loss: 0.279269
2025-05-24 00:18:51,632 - INFO: Training ROC-AUC: 0.848214
2025-05-24 00:18:51,632 - INFO: Validation ROC-AUC: 0.566403
2025-05-24 00:19:03,676 - INFO: Starting epoch 24
2025-05-24 00:19:03,706 - INFO: Evaluating at iteration 55615
2025-05-24 00:19:04,330 - INFO: Loss: 0.325360
2025-05-24 00:19:04,330 - INFO: Training ROC-AUC: 0.777778
2025-05-24 00:19:04,330 - INFO: Validation ROC-AUC: 0.558685
2025-05-24 00:19:18,791 - INFO: Evaluating at iteration 56115
2025-05-24 00:19:19,399 - INFO: Loss: 0.227688
2025-05-24 00:19:19,399 - INFO: Training ROC-AUC: 0.964286
2025-05-24 00:19:19,399 - INFO: Validation ROC-AUC: 0.559500
2025-05-24 00:19:33,838 - INFO: Evaluating at iteration 56615
2025-05-24 00:19:34,449 - INFO: Loss: 0.284638
2025-05-24 00:19:34,449 - INFO: Training ROC-AUC: 0.923077
2025-05-24 00:19:34,449 - INFO: Validation ROC-AUC: 0.548962
2025-05-24 00:19:48,914 - INFO: Evaluating at iteration 57115
2025-05-24 00:19:49,524 - INFO: Loss: 0.365044
2025-05-24 00:19:49,524 - INFO: Training ROC-AUC: 0.563218
2025-05-24 00:19:49,524 - INFO: Validation ROC-AUC: 0.561586
2025-05-24 00:20:03,983 - INFO: Evaluating at iteration 57615
2025-05-24 00:20:04,607 - INFO: Loss: 0.309883
2025-05-24 00:20:04,607 - INFO: Training ROC-AUC: 0.903846
2025-05-24 00:20:04,607 - INFO: Validation ROC-AUC: 0.559635
2025-05-24 00:20:16,683 - INFO: Starting epoch 25
2025-05-24 00:20:16,712 - INFO: Evaluating at iteration 58033
2025-05-24 00:20:17,320 - INFO: Loss: 0.401026
2025-05-24 00:20:17,321 - INFO: Training ROC-AUC: 0.775641
2025-05-24 00:20:17,321 - INFO: Validation ROC-AUC: 0.562234
2025-05-24 00:20:32,216 - INFO: Evaluating at iteration 58533
2025-05-24 00:20:32,823 - INFO: Loss: 0.218289
2025-05-24 00:20:32,824 - INFO: Training ROC-AUC: 0.919643
2025-05-24 00:20:32,824 - INFO: Validation ROC-AUC: 0.559091
2025-05-24 00:20:47,308 - INFO: Evaluating at iteration 59033
2025-05-24 00:20:47,929 - INFO: Loss: 0.358098
2025-05-24 00:20:47,929 - INFO: Training ROC-AUC: 0.737179
2025-05-24 00:20:47,929 - INFO: Validation ROC-AUC: 0.564115
2025-05-24 00:21:02,402 - INFO: Evaluating at iteration 59533
2025-05-24 00:21:03,012 - INFO: Loss: 0.308822
2025-05-24 00:21:03,012 - INFO: Training ROC-AUC: 0.829630
2025-05-24 00:21:03,012 - INFO: Validation ROC-AUC: 0.583480
2025-05-24 00:21:17,489 - INFO: Evaluating at iteration 60033
2025-05-24 00:21:18,098 - INFO: Loss: 0.258749
2025-05-24 00:21:18,098 - INFO: Training ROC-AUC: 0.914286
2025-05-24 00:21:18,098 - INFO: Validation ROC-AUC: 0.579665
2025-05-24 00:21:30,326 - INFO: Saving model to models/NetTCR/model_4.pt
2025-05-24 00:21:30,334 - INFO: Starting fold 5
2025-05-24 00:21:30,335 - INFO: Initialising model
2025-05-24 00:21:30,341 - INFO: Starting training
2025-05-24 00:21:30,341 - INFO: Starting epoch 1
2025-05-24 00:21:30,377 - INFO: Evaluating at iteration 1
2025-05-24 00:21:30,866 - INFO: Loss: 0.758919
2025-05-24 00:21:30,866 - INFO: Training ROC-AUC: 0.517241
2025-05-24 00:21:30,866 - INFO: Validation ROC-AUC: 0.575405
2025-05-24 00:21:45,004 - INFO: Evaluating at iteration 501
2025-05-24 00:21:45,493 - INFO: Loss: 0.483427
2025-05-24 00:21:45,493 - INFO: Training ROC-AUC: 0.455128
2025-05-24 00:21:45,493 - INFO: Validation ROC-AUC: 0.447640
2025-05-24 00:21:59,608 - INFO: Evaluating at iteration 1001
2025-05-24 00:22:00,085 - INFO: Loss: 0.433793
2025-05-24 00:22:00,085 - INFO: Training ROC-AUC: 0.496296
2025-05-24 00:22:00,086 - INFO: Validation ROC-AUC: 0.440300
2025-05-24 00:22:14,267 - INFO: Evaluating at iteration 1501
2025-05-24 00:22:14,749 - INFO: Loss: 0.385332
2025-05-24 00:22:14,749 - INFO: Training ROC-AUC: 0.526786
2025-05-24 00:22:14,749 - INFO: Validation ROC-AUC: 0.421170
2025-05-24 00:22:28,903 - INFO: Evaluating at iteration 2001
2025-05-24 00:22:29,393 - INFO: Loss: 0.435160
2025-05-24 00:22:29,393 - INFO: Training ROC-AUC: 0.711111
2025-05-24 00:22:29,393 - INFO: Validation ROC-AUC: 0.411164
2025-05-24 00:22:42,769 - INFO: Starting epoch 2
2025-05-24 00:22:42,799 - INFO: Evaluating at iteration 2475
2025-05-24 00:22:43,265 - INFO: Loss: 0.342360
2025-05-24 00:22:43,265 - INFO: Training ROC-AUC: 0.862069
2025-05-24 00:22:43,265 - INFO: Validation ROC-AUC: 0.419174
2025-05-24 00:22:57,348 - INFO: Evaluating at iteration 2975
2025-05-24 00:22:57,822 - INFO: Loss: 0.393012
2025-05-24 00:22:57,823 - INFO: Training ROC-AUC: 0.205357
2025-05-24 00:22:57,823 - INFO: Validation ROC-AUC: 0.444758
2025-05-24 00:23:11,880 - INFO: Evaluating at iteration 3475
2025-05-24 00:23:12,342 - INFO: Loss: 0.628595
2025-05-24 00:23:12,343 - INFO: Training ROC-AUC: 0.473430
2025-05-24 00:23:12,343 - INFO: Validation ROC-AUC: 0.441126
2025-05-24 00:23:26,360 - INFO: Evaluating at iteration 3975
2025-05-24 00:23:26,842 - INFO: Loss: 0.539820
2025-05-24 00:23:26,842 - INFO: Training ROC-AUC: 0.500000
2025-05-24 00:23:26,842 - INFO: Validation ROC-AUC: 0.442689
2025-05-24 00:23:40,862 - INFO: Evaluating at iteration 4475
2025-05-24 00:23:41,324 - INFO: Loss: 0.385028
2025-05-24 00:23:41,324 - INFO: Training ROC-AUC: 0.446429
2025-05-24 00:23:41,324 - INFO: Validation ROC-AUC: 0.541837
2025-05-24 00:23:54,618 - INFO: Starting epoch 3
2025-05-24 00:23:54,649 - INFO: Evaluating at iteration 4949
2025-05-24 00:23:55,107 - INFO: Loss: 0.269618
2025-05-24 00:23:55,107 - INFO: Training ROC-AUC: 0.528736
2025-05-24 00:23:55,107 - INFO: Validation ROC-AUC: 0.542890
2025-05-24 00:24:09,189 - INFO: Evaluating at iteration 5449
2025-05-24 00:24:09,651 - INFO: Loss: 0.427813
2025-05-24 00:24:09,651 - INFO: Training ROC-AUC: 0.466667
2025-05-24 00:24:09,651 - INFO: Validation ROC-AUC: 0.626864
2025-05-24 00:24:23,788 - INFO: Evaluating at iteration 5949
2025-05-24 00:24:24,255 - INFO: Loss: 0.452743
2025-05-24 00:24:24,255 - INFO: Training ROC-AUC: 0.744792
2025-05-24 00:24:24,255 - INFO: Validation ROC-AUC: 0.642741
2025-05-24 00:24:38,396 - INFO: Evaluating at iteration 6449
2025-05-24 00:24:38,852 - INFO: Loss: 0.568973
2025-05-24 00:24:38,852 - INFO: Training ROC-AUC: 0.729469
2025-05-24 00:24:38,852 - INFO: Validation ROC-AUC: 0.641381
2025-05-24 00:24:52,985 - INFO: Evaluating at iteration 6949
2025-05-24 00:24:53,443 - INFO: Loss: 0.252053
2025-05-24 00:24:53,443 - INFO: Training ROC-AUC: 0.896552
2025-05-24 00:24:53,443 - INFO: Validation ROC-AUC: 0.636529
2025-05-24 00:25:06,857 - INFO: Starting epoch 4
2025-05-24 00:25:06,887 - INFO: Evaluating at iteration 7423
2025-05-24 00:25:07,343 - INFO: Loss: 0.334751
2025-05-24 00:25:07,343 - INFO: Training ROC-AUC: 0.884615
2025-05-24 00:25:07,343 - INFO: Validation ROC-AUC: 0.640608
2025-05-24 00:25:21,761 - INFO: Evaluating at iteration 7923
2025-05-24 00:25:22,226 - INFO: Loss: 0.507663
2025-05-24 00:25:22,226 - INFO: Training ROC-AUC: 0.651429
2025-05-24 00:25:22,227 - INFO: Validation ROC-AUC: 0.638932
2025-05-24 00:25:36,373 - INFO: Evaluating at iteration 8423
2025-05-24 00:25:36,827 - INFO: Loss: 0.312336
2025-05-24 00:25:36,827 - INFO: Training ROC-AUC: 0.884615
2025-05-24 00:25:36,827 - INFO: Validation ROC-AUC: 0.642111
2025-05-24 00:25:50,955 - INFO: Evaluating at iteration 8923
2025-05-24 00:25:51,406 - INFO: Loss: 0.435053
2025-05-24 00:25:51,406 - INFO: Training ROC-AUC: 0.794286
2025-05-24 00:25:51,406 - INFO: Validation ROC-AUC: 0.649026
2025-05-24 00:26:05,552 - INFO: Evaluating at iteration 9423
2025-05-24 00:26:06,014 - INFO: Loss: 0.232411
2025-05-24 00:26:06,015 - INFO: Training ROC-AUC: 0.977011
2025-05-24 00:26:06,015 - INFO: Validation ROC-AUC: 0.640533
2025-05-24 00:26:19,386 - INFO: Starting epoch 5
2025-05-24 00:26:19,416 - INFO: Evaluating at iteration 9897
2025-05-24 00:26:19,871 - INFO: Loss: 0.244080
2025-05-24 00:26:19,871 - INFO: Training ROC-AUC: 0.937500
2025-05-24 00:26:19,871 - INFO: Validation ROC-AUC: 0.643812
2025-05-24 00:26:34,179 - INFO: Evaluating at iteration 10397
2025-05-24 00:26:34,629 - INFO: Loss: 0.349115
2025-05-24 00:26:34,629 - INFO: Training ROC-AUC: 0.756410
2025-05-24 00:26:34,629 - INFO: Validation ROC-AUC: 0.612550
2025-05-24 00:26:48,773 - INFO: Evaluating at iteration 10897
2025-05-24 00:26:49,229 - INFO: Loss: 0.470551
2025-05-24 00:26:49,229 - INFO: Training ROC-AUC: 0.786458
2025-05-24 00:26:49,229 - INFO: Validation ROC-AUC: 0.645112
2025-05-24 00:27:03,388 - INFO: Evaluating at iteration 11397
2025-05-24 00:27:03,856 - INFO: Loss: 0.280196
2025-05-24 00:27:03,856 - INFO: Training ROC-AUC: 0.918519
2025-05-24 00:27:03,856 - INFO: Validation ROC-AUC: 0.650155
2025-05-24 00:27:18,009 - INFO: Evaluating at iteration 11897
2025-05-24 00:27:18,458 - INFO: Loss: 0.336313
2025-05-24 00:27:18,458 - INFO: Training ROC-AUC: 0.785185
2025-05-24 00:27:18,458 - INFO: Validation ROC-AUC: 0.643458
2025-05-24 00:27:31,996 - INFO: Starting epoch 6
2025-05-24 00:27:32,026 - INFO: Evaluating at iteration 12371
2025-05-24 00:27:32,472 - INFO: Loss: 0.157128
2025-05-24 00:27:32,472 - INFO: Training ROC-AUC: 1.000000
2025-05-24 00:27:32,472 - INFO: Validation ROC-AUC: 0.622017
2025-05-24 00:27:46,642 - INFO: Evaluating at iteration 12871
2025-05-24 00:27:47,102 - INFO: Loss: 0.346597
2025-05-24 00:27:47,102 - INFO: Training ROC-AUC: 0.801282
2025-05-24 00:27:47,102 - INFO: Validation ROC-AUC: 0.641278
2025-05-24 00:28:01,303 - INFO: Evaluating at iteration 13371
2025-05-24 00:28:01,753 - INFO: Loss: 0.398455
2025-05-24 00:28:01,753 - INFO: Training ROC-AUC: 0.724359
2025-05-24 00:28:01,753 - INFO: Validation ROC-AUC: 0.641536
2025-05-24 00:28:15,927 - INFO: Evaluating at iteration 13871
2025-05-24 00:28:16,384 - INFO: Loss: 0.414739
2025-05-24 00:28:16,384 - INFO: Training ROC-AUC: 0.848958
2025-05-24 00:28:16,384 - INFO: Validation ROC-AUC: 0.641608
2025-05-24 00:28:30,540 - INFO: Evaluating at iteration 14371
2025-05-24 00:28:30,991 - INFO: Loss: 0.299814
2025-05-24 00:28:30,991 - INFO: Training ROC-AUC: 0.888889
2025-05-24 00:28:30,991 - INFO: Validation ROC-AUC: 0.641457
2025-05-24 00:28:44,461 - INFO: Starting epoch 7
2025-05-24 00:28:44,491 - INFO: Evaluating at iteration 14845
2025-05-24 00:28:44,953 - INFO: Loss: 0.419467
2025-05-24 00:28:44,953 - INFO: Training ROC-AUC: 0.927273
2025-05-24 00:28:44,953 - INFO: Validation ROC-AUC: 0.641789
2025-05-24 00:28:59,146 - INFO: Evaluating at iteration 15345
2025-05-24 00:28:59,592 - INFO: Loss: 0.284855
2025-05-24 00:28:59,593 - INFO: Training ROC-AUC: 0.848214
2025-05-24 00:28:59,593 - INFO: Validation ROC-AUC: 0.646122
2025-05-24 00:29:13,771 - INFO: Evaluating at iteration 15845
2025-05-24 00:29:14,226 - INFO: Loss: 0.495222
2025-05-24 00:29:14,227 - INFO: Training ROC-AUC: 0.753623
2025-05-24 00:29:14,227 - INFO: Validation ROC-AUC: 0.647161
2025-05-24 00:29:28,427 - INFO: Evaluating at iteration 16345
2025-05-24 00:29:28,889 - INFO: Loss: 0.476030
2025-05-24 00:29:28,889 - INFO: Training ROC-AUC: 0.777778
2025-05-24 00:29:28,889 - INFO: Validation ROC-AUC: 0.654959
2025-05-24 00:29:43,065 - INFO: Evaluating at iteration 16845
2025-05-24 00:29:43,514 - INFO: Loss: 0.316786
2025-05-24 00:29:43,514 - INFO: Training ROC-AUC: 0.852564
2025-05-24 00:29:43,514 - INFO: Validation ROC-AUC: 0.651396
2025-05-24 00:29:56,943 - INFO: Starting epoch 8
2025-05-24 00:29:56,972 - INFO: Evaluating at iteration 17319
2025-05-24 00:29:57,420 - INFO: Loss: 0.484470
2025-05-24 00:29:57,420 - INFO: Training ROC-AUC: 0.806763
2025-05-24 00:29:57,420 - INFO: Validation ROC-AUC: 0.638984
2025-05-24 00:30:11,609 - INFO: Evaluating at iteration 17819
2025-05-24 00:30:12,066 - INFO: Loss: 0.448040
2025-05-24 00:30:12,066 - INFO: Training ROC-AUC: 0.731429
2025-05-24 00:30:12,067 - INFO: Validation ROC-AUC: 0.638118
2025-05-24 00:30:26,244 - INFO: Evaluating at iteration 18319
2025-05-24 00:30:26,712 - INFO: Loss: 0.377197
2025-05-24 00:30:26,712 - INFO: Training ROC-AUC: 0.666667
2025-05-24 00:30:26,712 - INFO: Validation ROC-AUC: 0.636616
2025-05-24 00:30:40,915 - INFO: Evaluating at iteration 18819
2025-05-24 00:30:41,363 - INFO: Loss: 0.658692
2025-05-24 00:30:41,363 - INFO: Training ROC-AUC: 0.656250
2025-05-24 00:30:41,363 - INFO: Validation ROC-AUC: 0.632235
2025-05-24 00:30:55,596 - INFO: Evaluating at iteration 19319
2025-05-24 00:30:56,043 - INFO: Loss: 0.234568
2025-05-24 00:30:56,043 - INFO: Training ROC-AUC: 0.918519
2025-05-24 00:30:56,043 - INFO: Validation ROC-AUC: 0.647655
2025-05-24 00:31:09,683 - INFO: Starting epoch 9
2025-05-24 00:31:09,713 - INFO: Evaluating at iteration 19793
2025-05-24 00:31:10,163 - INFO: Loss: 0.368235
2025-05-24 00:31:10,163 - INFO: Training ROC-AUC: 0.659259
2025-05-24 00:31:10,163 - INFO: Validation ROC-AUC: 0.638091
2025-05-24 00:31:24,492 - INFO: Evaluating at iteration 20293
2025-05-24 00:31:24,939 - INFO: Loss: 0.284183
2025-05-24 00:31:24,939 - INFO: Training ROC-AUC: 0.881481
2025-05-24 00:31:24,939 - INFO: Validation ROC-AUC: 0.643307
2025-05-24 00:31:39,154 - INFO: Evaluating at iteration 20793
2025-05-24 00:31:39,601 - INFO: Loss: 0.336951
2025-05-24 00:31:39,601 - INFO: Training ROC-AUC: 0.880000
2025-05-24 00:31:39,601 - INFO: Validation ROC-AUC: 0.637447
2025-05-24 00:31:53,820 - INFO: Evaluating at iteration 21293
2025-05-24 00:31:54,266 - INFO: Loss: 0.542656
2025-05-24 00:31:54,266 - INFO: Training ROC-AUC: 0.739583
2025-05-24 00:31:54,266 - INFO: Validation ROC-AUC: 0.641958
2025-05-24 00:32:08,461 - INFO: Evaluating at iteration 21793
2025-05-24 00:32:08,908 - INFO: Loss: 0.225004
2025-05-24 00:32:08,908 - INFO: Training ROC-AUC: 0.908046
2025-05-24 00:32:08,908 - INFO: Validation ROC-AUC: 0.647445
2025-05-24 00:32:22,361 - INFO: Starting epoch 10
2025-05-24 00:32:22,390 - INFO: Evaluating at iteration 22267
2025-05-24 00:32:22,845 - INFO: Loss: 0.478681
2025-05-24 00:32:22,845 - INFO: Training ROC-AUC: 0.600000
2025-05-24 00:32:22,845 - INFO: Validation ROC-AUC: 0.647993
2025-05-24 00:32:37,060 - INFO: Evaluating at iteration 22767
2025-05-24 00:32:37,484 - INFO: Loss: 0.320945
2025-05-24 00:32:37,484 - INFO: Training ROC-AUC: 0.883929
2025-05-24 00:32:37,484 - INFO: Validation ROC-AUC: 0.647519
2025-05-24 00:32:51,679 - INFO: Evaluating at iteration 23267
2025-05-24 00:32:52,106 - INFO: Loss: 0.237023
2025-05-24 00:32:52,106 - INFO: Training ROC-AUC: 0.844444
2025-05-24 00:32:52,106 - INFO: Validation ROC-AUC: 0.650018
2025-05-24 00:33:06,345 - INFO: Evaluating at iteration 23767
2025-05-24 00:33:06,802 - INFO: Loss: 0.400183
2025-05-24 00:33:06,802 - INFO: Training ROC-AUC: 0.717949
2025-05-24 00:33:06,802 - INFO: Validation ROC-AUC: 0.657726
2025-05-24 00:33:20,995 - INFO: Evaluating at iteration 24267
2025-05-24 00:33:21,443 - INFO: Loss: 0.389498
2025-05-24 00:33:21,443 - INFO: Training ROC-AUC: 0.762821
2025-05-24 00:33:21,443 - INFO: Validation ROC-AUC: 0.668801
2025-05-24 00:33:34,877 - INFO: Starting epoch 11
2025-05-24 00:33:34,907 - INFO: Evaluating at iteration 24741
2025-05-24 00:33:35,354 - INFO: Loss: 0.396148
2025-05-24 00:33:35,354 - INFO: Training ROC-AUC: 0.805714
2025-05-24 00:33:35,354 - INFO: Validation ROC-AUC: 0.665783
2025-05-24 00:33:49,552 - INFO: Evaluating at iteration 25241
2025-05-24 00:33:49,978 - INFO: Loss: 0.360221
2025-05-24 00:33:49,978 - INFO: Training ROC-AUC: 0.807692
2025-05-24 00:33:49,978 - INFO: Validation ROC-AUC: 0.662186
2025-05-24 00:34:04,179 - INFO: Evaluating at iteration 25741
2025-05-24 00:34:04,626 - INFO: Loss: 0.318832
2025-05-24 00:34:04,626 - INFO: Training ROC-AUC: 0.785185
2025-05-24 00:34:04,626 - INFO: Validation ROC-AUC: 0.672175
2025-05-24 00:34:18,838 - INFO: Evaluating at iteration 26241
2025-05-24 00:34:19,282 - INFO: Loss: 0.246323
2025-05-24 00:34:19,283 - INFO: Training ROC-AUC: 0.955357
2025-05-24 00:34:19,283 - INFO: Validation ROC-AUC: 0.669393
2025-05-24 00:34:33,488 - INFO: Evaluating at iteration 26741
2025-05-24 00:34:33,935 - INFO: Loss: 0.232878
2025-05-24 00:34:33,935 - INFO: Training ROC-AUC: 0.700000
2025-05-24 00:34:33,935 - INFO: Validation ROC-AUC: 0.668714
2025-05-24 00:34:47,389 - INFO: Starting epoch 12
2025-05-24 00:34:47,419 - INFO: Evaluating at iteration 27215
2025-05-24 00:34:47,867 - INFO: Loss: 0.314974
2025-05-24 00:34:47,867 - INFO: Training ROC-AUC: 0.741071
2025-05-24 00:34:47,867 - INFO: Validation ROC-AUC: 0.663254
2025-05-24 00:35:02,084 - INFO: Evaluating at iteration 27715
2025-05-24 00:35:02,541 - INFO: Loss: 0.232532
2025-05-24 00:35:02,541 - INFO: Training ROC-AUC: 0.850575
2025-05-24 00:35:02,541 - INFO: Validation ROC-AUC: 0.659281
2025-05-24 00:35:16,757 - INFO: Evaluating at iteration 28215
2025-05-24 00:35:17,204 - INFO: Loss: 0.295458
2025-05-24 00:35:17,204 - INFO: Training ROC-AUC: 0.874074
2025-05-24 00:35:17,204 - INFO: Validation ROC-AUC: 0.665798
2025-05-24 00:35:31,533 - INFO: Evaluating at iteration 28715
2025-05-24 00:35:31,983 - INFO: Loss: 0.190353
2025-05-24 00:35:31,983 - INFO: Training ROC-AUC: 0.862069
2025-05-24 00:35:31,983 - INFO: Validation ROC-AUC: 0.656668
2025-05-24 00:35:46,223 - INFO: Evaluating at iteration 29215
2025-05-24 00:35:46,678 - INFO: Loss: 0.396466
2025-05-24 00:35:46,678 - INFO: Training ROC-AUC: 0.794286
2025-05-24 00:35:46,678 - INFO: Validation ROC-AUC: 0.658799
2025-05-24 00:36:00,140 - INFO: Starting epoch 13
2025-05-24 00:36:00,170 - INFO: Evaluating at iteration 29689
2025-05-24 00:36:00,616 - INFO: Loss: 0.218847
2025-05-24 00:36:00,616 - INFO: Training ROC-AUC: 0.918519
2025-05-24 00:36:00,616 - INFO: Validation ROC-AUC: 0.671664
2025-05-24 00:36:14,978 - INFO: Evaluating at iteration 30189
2025-05-24 00:36:15,426 - INFO: Loss: 0.255399
2025-05-24 00:36:15,426 - INFO: Training ROC-AUC: 0.937500
2025-05-24 00:36:15,426 - INFO: Validation ROC-AUC: 0.655017
2025-05-24 00:36:29,726 - INFO: Evaluating at iteration 30689
2025-05-24 00:36:30,241 - INFO: Loss: 0.275082
2025-05-24 00:36:30,241 - INFO: Training ROC-AUC: 0.896296
2025-05-24 00:36:30,241 - INFO: Validation ROC-AUC: 0.661974
2025-05-24 00:36:44,532 - INFO: Evaluating at iteration 31189
2025-05-24 00:36:44,989 - INFO: Loss: 0.385223
2025-05-24 00:36:44,989 - INFO: Training ROC-AUC: 0.833333
2025-05-24 00:36:44,990 - INFO: Validation ROC-AUC: 0.664995
2025-05-24 00:36:59,218 - INFO: Evaluating at iteration 31689
2025-05-24 00:36:59,663 - INFO: Loss: 0.345407
2025-05-24 00:36:59,663 - INFO: Training ROC-AUC: 0.762963
2025-05-24 00:36:59,663 - INFO: Validation ROC-AUC: 0.675070
2025-05-24 00:37:13,171 - INFO: Starting epoch 14
2025-05-24 00:37:13,201 - INFO: Evaluating at iteration 32163
2025-05-24 00:37:13,643 - INFO: Loss: 0.264105
2025-05-24 00:37:13,643 - INFO: Training ROC-AUC: 0.806452
2025-05-24 00:37:13,643 - INFO: Validation ROC-AUC: 0.663858
2025-05-24 00:37:27,912 - INFO: Evaluating at iteration 32663
2025-05-24 00:37:28,353 - INFO: Loss: 0.346738
2025-05-24 00:37:28,353 - INFO: Training ROC-AUC: 0.865385
2025-05-24 00:37:28,353 - INFO: Validation ROC-AUC: 0.672081
2025-05-24 00:37:42,603 - INFO: Evaluating at iteration 33163
2025-05-24 00:37:43,033 - INFO: Loss: 0.337450
2025-05-24 00:37:43,033 - INFO: Training ROC-AUC: 0.839744
2025-05-24 00:37:43,033 - INFO: Validation ROC-AUC: 0.675535
2025-05-24 00:37:57,285 - INFO: Evaluating at iteration 33663
2025-05-24 00:37:57,717 - INFO: Loss: 0.265631
2025-05-24 00:37:57,717 - INFO: Training ROC-AUC: 0.689655
2025-05-24 00:37:57,717 - INFO: Validation ROC-AUC: 0.669724
2025-05-24 00:38:12,343 - INFO: Evaluating at iteration 34163
2025-05-24 00:38:12,795 - INFO: Loss: 0.354100
2025-05-24 00:38:12,795 - INFO: Training ROC-AUC: 0.807692
2025-05-24 00:38:12,795 - INFO: Validation ROC-AUC: 0.675570
2025-05-24 00:38:26,267 - INFO: Starting epoch 15
2025-05-24 00:38:26,296 - INFO: Evaluating at iteration 34637
2025-05-24 00:38:26,752 - INFO: Loss: 0.238654
2025-05-24 00:38:26,753 - INFO: Training ROC-AUC: 1.000000
2025-05-24 00:38:26,753 - INFO: Validation ROC-AUC: 0.660452
2025-05-24 00:38:41,033 - INFO: Evaluating at iteration 35137
2025-05-24 00:38:41,490 - INFO: Loss: 0.243119
2025-05-24 00:38:41,490 - INFO: Training ROC-AUC: 0.910714
2025-05-24 00:38:41,490 - INFO: Validation ROC-AUC: 0.663172
2025-05-24 00:38:55,781 - INFO: Evaluating at iteration 35637
2025-05-24 00:38:56,202 - INFO: Loss: 0.314221
2025-05-24 00:38:56,202 - INFO: Training ROC-AUC: 0.785185
2025-05-24 00:38:56,203 - INFO: Validation ROC-AUC: 0.665269
2025-05-24 00:39:10,527 - INFO: Evaluating at iteration 36137
2025-05-24 00:39:10,975 - INFO: Loss: 0.226839
2025-05-24 00:39:10,975 - INFO: Training ROC-AUC: 1.000000
2025-05-24 00:39:10,975 - INFO: Validation ROC-AUC: 0.668877
2025-05-24 00:39:25,288 - INFO: Evaluating at iteration 36637
2025-05-24 00:39:25,743 - INFO: Loss: 0.238786
2025-05-24 00:39:25,743 - INFO: Training ROC-AUC: 0.881481
2025-05-24 00:39:25,743 - INFO: Validation ROC-AUC: 0.665809
2025-05-24 00:39:39,335 - INFO: Starting epoch 16
2025-05-24 00:39:39,365 - INFO: Evaluating at iteration 37111
2025-05-24 00:39:39,809 - INFO: Loss: 0.345003
2025-05-24 00:39:39,809 - INFO: Training ROC-AUC: 0.770370
2025-05-24 00:39:39,809 - INFO: Validation ROC-AUC: 0.662788
2025-05-24 00:39:54,188 - INFO: Evaluating at iteration 37611
2025-05-24 00:39:54,633 - INFO: Loss: 0.205225
2025-05-24 00:39:54,633 - INFO: Training ROC-AUC: 0.908046
2025-05-24 00:39:54,633 - INFO: Validation ROC-AUC: 0.660192
2025-05-24 00:40:09,017 - INFO: Evaluating at iteration 38111
2025-05-24 00:40:09,466 - INFO: Loss: 0.304032
2025-05-24 00:40:09,466 - INFO: Training ROC-AUC: 0.868571
2025-05-24 00:40:09,466 - INFO: Validation ROC-AUC: 0.672202
2025-05-24 00:40:23,887 - INFO: Evaluating at iteration 38611
2025-05-24 00:40:24,342 - INFO: Loss: 0.335096
2025-05-24 00:40:24,342 - INFO: Training ROC-AUC: 0.822222
2025-05-24 00:40:24,343 - INFO: Validation ROC-AUC: 0.659251
2025-05-24 00:40:38,744 - INFO: Evaluating at iteration 39111
2025-05-24 00:40:39,189 - INFO: Loss: 0.508102
2025-05-24 00:40:39,189 - INFO: Training ROC-AUC: 0.831169
2025-05-24 00:40:39,189 - INFO: Validation ROC-AUC: 0.672936
2025-05-24 00:40:52,809 - INFO: Starting epoch 17
2025-05-24 00:40:52,839 - INFO: Evaluating at iteration 39585
2025-05-24 00:40:53,282 - INFO: Loss: 0.337189
2025-05-24 00:40:53,282 - INFO: Training ROC-AUC: 0.925714
2025-05-24 00:40:53,282 - INFO: Validation ROC-AUC: 0.666617
2025-05-24 00:41:07,714 - INFO: Evaluating at iteration 40085
2025-05-24 00:41:08,169 - INFO: Loss: 0.481354
2025-05-24 00:41:08,169 - INFO: Training ROC-AUC: 0.661458
2025-05-24 00:41:08,169 - INFO: Validation ROC-AUC: 0.671003
2025-05-24 00:41:22,568 - INFO: Evaluating at iteration 40585
2025-05-24 00:41:23,012 - INFO: Loss: 0.265486
2025-05-24 00:41:23,013 - INFO: Training ROC-AUC: 0.955128
2025-05-24 00:41:23,013 - INFO: Validation ROC-AUC: 0.662400
2025-05-24 00:41:37,569 - INFO: Evaluating at iteration 41085
2025-05-24 00:41:38,014 - INFO: Loss: 0.183882
2025-05-24 00:41:38,014 - INFO: Training ROC-AUC: 1.000000
2025-05-24 00:41:38,014 - INFO: Validation ROC-AUC: 0.665152
2025-05-24 00:41:52,443 - INFO: Evaluating at iteration 41585
2025-05-24 00:41:52,887 - INFO: Loss: 0.270159
2025-05-24 00:41:52,887 - INFO: Training ROC-AUC: 0.866071
2025-05-24 00:41:52,887 - INFO: Validation ROC-AUC: 0.668051
2025-05-24 00:42:06,548 - INFO: Starting epoch 18
2025-05-24 00:42:06,578 - INFO: Evaluating at iteration 42059
2025-05-24 00:42:07,034 - INFO: Loss: 0.341416
2025-05-24 00:42:07,034 - INFO: Training ROC-AUC: 0.922705
2025-05-24 00:42:07,034 - INFO: Validation ROC-AUC: 0.662163
2025-05-24 00:42:21,479 - INFO: Evaluating at iteration 42559
2025-05-24 00:42:21,927 - INFO: Loss: 0.328399
2025-05-24 00:42:21,927 - INFO: Training ROC-AUC: 0.851429
2025-05-24 00:42:21,927 - INFO: Validation ROC-AUC: 0.669607
2025-05-24 00:42:36,398 - INFO: Evaluating at iteration 43059
2025-05-24 00:42:36,842 - INFO: Loss: 0.337590
2025-05-24 00:42:36,843 - INFO: Training ROC-AUC: 0.868571
2025-05-24 00:42:36,843 - INFO: Validation ROC-AUC: 0.671394
2025-05-24 00:42:51,323 - INFO: Evaluating at iteration 43559
2025-05-24 00:42:51,782 - INFO: Loss: 0.281325
2025-05-24 00:42:51,782 - INFO: Training ROC-AUC: 0.837037
2025-05-24 00:42:51,782 - INFO: Validation ROC-AUC: 0.670815
2025-05-24 00:43:06,258 - INFO: Evaluating at iteration 44059
2025-05-24 00:43:06,702 - INFO: Loss: 0.148526
2025-05-24 00:43:06,702 - INFO: Training ROC-AUC: 1.000000
2025-05-24 00:43:06,702 - INFO: Validation ROC-AUC: 0.669969
2025-05-24 00:43:20,362 - INFO: Starting epoch 19
2025-05-24 00:43:20,392 - INFO: Evaluating at iteration 44533
2025-05-24 00:43:20,834 - INFO: Loss: 0.337579
2025-05-24 00:43:20,834 - INFO: Training ROC-AUC: 0.597701
2025-05-24 00:43:20,834 - INFO: Validation ROC-AUC: 0.669695
2025-05-24 00:43:35,270 - INFO: Evaluating at iteration 45033
2025-05-24 00:43:35,696 - INFO: Loss: 0.396623
2025-05-24 00:43:35,696 - INFO: Training ROC-AUC: 0.833333
2025-05-24 00:43:35,696 - INFO: Validation ROC-AUC: 0.670414
2025-05-24 00:43:50,160 - INFO: Evaluating at iteration 45533
2025-05-24 00:43:50,615 - INFO: Loss: 0.285882
2025-05-24 00:43:50,616 - INFO: Training ROC-AUC: 0.897436
2025-05-24 00:43:50,616 - INFO: Validation ROC-AUC: 0.673163
2025-05-24 00:44:05,067 - INFO: Evaluating at iteration 46033
2025-05-24 00:44:05,511 - INFO: Loss: 0.225180
2025-05-24 00:44:05,511 - INFO: Training ROC-AUC: 0.896552
2025-05-24 00:44:05,511 - INFO: Validation ROC-AUC: 0.667237
2025-05-24 00:44:19,942 - INFO: Evaluating at iteration 46533
2025-05-24 00:44:20,387 - INFO: Loss: 0.259252
2025-05-24 00:44:20,388 - INFO: Training ROC-AUC: 0.857143
2025-05-24 00:44:20,388 - INFO: Validation ROC-AUC: 0.672536
2025-05-24 00:44:34,048 - INFO: Starting epoch 20
2025-05-24 00:44:34,077 - INFO: Evaluating at iteration 47007
2025-05-24 00:44:34,529 - INFO: Loss: 0.268047
2025-05-24 00:44:34,529 - INFO: Training ROC-AUC: 0.844444
2025-05-24 00:44:34,529 - INFO: Validation ROC-AUC: 0.672852
2025-05-24 00:44:49,000 - INFO: Evaluating at iteration 47507
2025-05-24 00:44:49,445 - INFO: Loss: 0.270940
2025-05-24 00:44:49,445 - INFO: Training ROC-AUC: 0.839080
2025-05-24 00:44:49,445 - INFO: Validation ROC-AUC: 0.667001
2025-05-24 00:45:03,874 - INFO: Evaluating at iteration 48007
2025-05-24 00:45:04,319 - INFO: Loss: 0.331719
2025-05-24 00:45:04,319 - INFO: Training ROC-AUC: 0.669643
2025-05-24 00:45:04,319 - INFO: Validation ROC-AUC: 0.673089
2025-05-24 00:45:18,785 - INFO: Evaluating at iteration 48507
2025-05-24 00:45:19,209 - INFO: Loss: 0.279277
2025-05-24 00:45:19,209 - INFO: Training ROC-AUC: 0.701149
2025-05-24 00:45:19,209 - INFO: Validation ROC-AUC: 0.674296
2025-05-24 00:45:33,682 - INFO: Evaluating at iteration 49007
2025-05-24 00:45:34,127 - INFO: Loss: 0.374469
2025-05-24 00:45:34,127 - INFO: Training ROC-AUC: 0.891429
2025-05-24 00:45:34,127 - INFO: Validation ROC-AUC: 0.662835
2025-05-24 00:45:47,865 - INFO: Starting epoch 21
2025-05-24 00:45:47,895 - INFO: Evaluating at iteration 49481
2025-05-24 00:45:48,322 - INFO: Loss: 0.244347
2025-05-24 00:45:48,322 - INFO: Training ROC-AUC: 0.857143
2025-05-24 00:45:48,322 - INFO: Validation ROC-AUC: 0.663891
2025-05-24 00:46:02,779 - INFO: Evaluating at iteration 49981
2025-05-24 00:46:03,225 - INFO: Loss: 0.267246
2025-05-24 00:46:03,225 - INFO: Training ROC-AUC: 0.892857
2025-05-24 00:46:03,225 - INFO: Validation ROC-AUC: 0.670174
2025-05-24 00:46:17,689 - INFO: Evaluating at iteration 50481
2025-05-24 00:46:18,132 - INFO: Loss: 0.269051
2025-05-24 00:46:18,132 - INFO: Training ROC-AUC: 0.874074
2025-05-24 00:46:18,132 - INFO: Validation ROC-AUC: 0.665932
2025-05-24 00:46:32,625 - INFO: Evaluating at iteration 50981
2025-05-24 00:46:33,068 - INFO: Loss: 0.261008
2025-05-24 00:46:33,068 - INFO: Training ROC-AUC: 0.937500
2025-05-24 00:46:33,068 - INFO: Validation ROC-AUC: 0.666476
2025-05-24 00:46:47,510 - INFO: Evaluating at iteration 51481
2025-05-24 00:46:47,953 - INFO: Loss: 0.312276
2025-05-24 00:46:47,953 - INFO: Training ROC-AUC: 0.858974
2025-05-24 00:46:47,953 - INFO: Validation ROC-AUC: 0.671831
2025-05-24 00:47:01,620 - INFO: Starting epoch 22
2025-05-24 00:47:01,651 - INFO: Evaluating at iteration 51955
2025-05-24 00:47:02,095 - INFO: Loss: 0.308764
2025-05-24 00:47:02,095 - INFO: Training ROC-AUC: 0.947917
2025-05-24 00:47:02,095 - INFO: Validation ROC-AUC: 0.661695
2025-05-24 00:47:16,605 - INFO: Evaluating at iteration 52455
2025-05-24 00:47:17,050 - INFO: Loss: 0.209553
2025-05-24 00:47:17,050 - INFO: Training ROC-AUC: 0.862069
2025-05-24 00:47:17,050 - INFO: Validation ROC-AUC: 0.667233
2025-05-24 00:47:31,478 - INFO: Evaluating at iteration 52955
2025-05-24 00:47:31,937 - INFO: Loss: 0.333245
2025-05-24 00:47:31,937 - INFO: Training ROC-AUC: 0.925714
2025-05-24 00:47:31,937 - INFO: Validation ROC-AUC: 0.672663
2025-05-24 00:47:46,394 - INFO: Evaluating at iteration 53455
2025-05-24 00:47:46,842 - INFO: Loss: 0.231119
2025-05-24 00:47:46,842 - INFO: Training ROC-AUC: 0.955128
2025-05-24 00:47:46,842 - INFO: Validation ROC-AUC: 0.669685
2025-05-24 00:48:01,288 - INFO: Evaluating at iteration 53955
2025-05-24 00:48:01,731 - INFO: Loss: 0.460467
2025-05-24 00:48:01,732 - INFO: Training ROC-AUC: 0.816425
2025-05-24 00:48:01,732 - INFO: Validation ROC-AUC: 0.674997
2025-05-24 00:48:15,456 - INFO: Starting epoch 23
2025-05-24 00:48:15,486 - INFO: Evaluating at iteration 54429
2025-05-24 00:48:15,942 - INFO: Loss: 0.247096
2025-05-24 00:48:15,942 - INFO: Training ROC-AUC: 0.902857
2025-05-24 00:48:15,942 - INFO: Validation ROC-AUC: 0.670725
2025-05-24 00:48:30,432 - INFO: Evaluating at iteration 54929
2025-05-24 00:48:30,879 - INFO: Loss: 0.356497
2025-05-24 00:48:30,879 - INFO: Training ROC-AUC: 0.822222
2025-05-24 00:48:30,879 - INFO: Validation ROC-AUC: 0.662417
2025-05-24 00:48:45,346 - INFO: Evaluating at iteration 55429
2025-05-24 00:48:45,788 - INFO: Loss: 0.203408
2025-05-24 00:48:45,789 - INFO: Training ROC-AUC: 0.973214
2025-05-24 00:48:45,789 - INFO: Validation ROC-AUC: 0.666615
2025-05-24 00:49:00,263 - INFO: Evaluating at iteration 55929
2025-05-24 00:49:00,686 - INFO: Loss: 0.188540
2025-05-24 00:49:00,687 - INFO: Training ROC-AUC: 0.955556
2025-05-24 00:49:00,687 - INFO: Validation ROC-AUC: 0.672382
2025-05-24 00:49:15,229 - INFO: Evaluating at iteration 56429
2025-05-24 00:49:15,678 - INFO: Loss: 0.238241
2025-05-24 00:49:15,678 - INFO: Training ROC-AUC: 0.866071
2025-05-24 00:49:15,678 - INFO: Validation ROC-AUC: 0.675494
2025-05-24 00:49:29,376 - INFO: Starting epoch 24
2025-05-24 00:49:29,407 - INFO: Evaluating at iteration 56903
2025-05-24 00:49:29,851 - INFO: Loss: 0.199857
2025-05-24 00:49:29,851 - INFO: Training ROC-AUC: 0.873563
2025-05-24 00:49:29,851 - INFO: Validation ROC-AUC: 0.672156
2025-05-24 00:49:44,325 - INFO: Evaluating at iteration 57403
2025-05-24 00:49:44,767 - INFO: Loss: 0.473140
2025-05-24 00:49:44,768 - INFO: Training ROC-AUC: 0.731429
2025-05-24 00:49:44,768 - INFO: Validation ROC-AUC: 0.674623
2025-05-24 00:49:59,230 - INFO: Evaluating at iteration 57903
2025-05-24 00:49:59,672 - INFO: Loss: 0.444761
2025-05-24 00:49:59,673 - INFO: Training ROC-AUC: 0.788462
2025-05-24 00:49:59,673 - INFO: Validation ROC-AUC: 0.672435
2025-05-24 00:50:14,151 - INFO: Evaluating at iteration 58403
2025-05-24 00:50:14,593 - INFO: Loss: 0.382115
2025-05-24 00:50:14,593 - INFO: Training ROC-AUC: 0.800000
2025-05-24 00:50:14,593 - INFO: Validation ROC-AUC: 0.674967
2025-05-24 00:50:29,148 - INFO: Evaluating at iteration 58903
2025-05-24 00:50:29,598 - INFO: Loss: 0.308745
2025-05-24 00:50:29,598 - INFO: Training ROC-AUC: 0.874074
2025-05-24 00:50:29,598 - INFO: Validation ROC-AUC: 0.676648
2025-05-24 00:50:43,344 - INFO: Starting epoch 25
2025-05-24 00:50:43,374 - INFO: Evaluating at iteration 59377
2025-05-24 00:50:43,818 - INFO: Loss: 0.211939
2025-05-24 00:50:43,818 - INFO: Training ROC-AUC: 0.955128
2025-05-24 00:50:43,818 - INFO: Validation ROC-AUC: 0.675656
2025-05-24 00:50:58,309 - INFO: Evaluating at iteration 59877
2025-05-24 00:50:58,753 - INFO: Loss: 0.237889
2025-05-24 00:50:58,754 - INFO: Training ROC-AUC: 0.928571
2025-05-24 00:50:58,754 - INFO: Validation ROC-AUC: 0.674986
2025-05-24 00:51:13,295 - INFO: Evaluating at iteration 60377
2025-05-24 00:51:13,755 - INFO: Loss: 0.272505
2025-05-24 00:51:13,755 - INFO: Training ROC-AUC: 0.735632
2025-05-24 00:51:13,755 - INFO: Validation ROC-AUC: 0.667566
2025-05-24 00:51:28,521 - INFO: Evaluating at iteration 60877
2025-05-24 00:51:28,966 - INFO: Loss: 0.237743
2025-05-24 00:51:28,966 - INFO: Training ROC-AUC: 0.925926
2025-05-24 00:51:28,966 - INFO: Validation ROC-AUC: 0.676705
2025-05-24 00:51:43,565 - INFO: Evaluating at iteration 61377
2025-05-24 00:51:44,012 - INFO: Loss: 0.392128
2025-05-24 00:51:44,012 - INFO: Training ROC-AUC: 0.762821
2025-05-24 00:51:44,012 - INFO: Validation ROC-AUC: 0.667261
2025-05-24 00:51:57,703 - INFO: Saving model to models/NetTCR/model_5.pt
