2025-03-28 16:55:54,586 - INFO: Parameter: training_data='data/processed/sequences_tcr_levenshtein_split.h5'
2025-03-28 16:55:54,586 - INFO: Parameter: contact_maps=None
2025-03-28 16:55:54,586 - INFO: Parameter: output='models/TCRStructMap_tcr_levenshtein_split_sequence_only'
2025-03-28 16:55:54,586 - INFO: Parameter: seed=None
2025-03-28 16:55:54,586 - INFO: Parameter: cdr_1_length=8
2025-03-28 16:55:54,586 - INFO: Parameter: cdr_2_length=8
2025-03-28 16:55:54,586 - INFO: Parameter: cdr_3_length=24
2025-03-28 16:55:54,586 - INFO: Parameter: peptide_length=12
2025-03-28 16:55:54,586 - INFO: Parameter: mhc_pseudo_length=26
2025-03-28 16:55:54,586 - INFO: Parameter: batch_size=32
2025-03-28 16:55:54,586 - INFO: Parameter: num_epochs=25
2025-03-28 16:55:54,587 - INFO: Parameter: learning_rate=0.001
2025-03-28 16:55:54,587 - INFO: Parameter: drop_out_rate=0.2
2025-03-28 16:55:54,587 - INFO: Parameter: learn_contact_maps=False
2025-03-28 16:55:54,587 - INFO: Parameter: checkpoint_interval=1000
2025-03-28 16:55:54,587 - INFO: Parameter: eval_interval=500
2025-03-28 16:55:54,587 - INFO: Parameter: eval_batch_size=1000
2025-03-28 16:55:54,587 - INFO: Parameter: log_level='info'
2025-03-28 16:55:54,587 - INFO: Parameter: log_file='data/logs/train_tcr_struct_map_tcr_levenshtein_split_sequence_only.log'
2025-03-28 16:55:54,587 - INFO: Loading training data from data/processed/sequences_tcr_levenshtein_split.h5
2025-03-28 16:56:07,277 - INFO: Creating models/TCRStructMap_tcr_levenshtein_split_sequence_only
2025-03-28 16:56:07,280 - INFO: Starting fold 1
2025-03-28 16:56:07,281 - INFO: Initialising model
2025-03-28 16:56:08,589 - INFO: Starting training
2025-03-28 16:56:08,589 - INFO: Starting epoch 1
2025-03-28 16:56:08,629 - INFO: Evaluating at iteration 1
2025-03-28 16:56:09,985 - INFO: Loss: 0.683818
2025-03-28 16:56:09,985 - INFO: Training ROC-AUC: 0.437037
2025-03-28 16:56:09,986 - INFO: Validation ROC-AUC: 0.497592
2025-03-28 16:56:20,908 - INFO: Evaluating at iteration 501
2025-03-28 16:56:22,221 - INFO: Loss: 0.398306
2025-03-28 16:56:22,221 - INFO: Training ROC-AUC: 0.375000
2025-03-28 16:56:22,221 - INFO: Validation ROC-AUC: 0.558080
2025-03-28 16:56:33,235 - INFO: Evaluating at iteration 1001
2025-03-28 16:56:34,499 - INFO: Loss: 0.273057
2025-03-28 16:56:34,500 - INFO: Training ROC-AUC: 0.827586
2025-03-28 16:56:34,500 - INFO: Validation ROC-AUC: 0.703550
2025-03-28 16:56:45,396 - INFO: Evaluating at iteration 1501
2025-03-28 16:56:46,674 - INFO: Loss: 0.431221
2025-03-28 16:56:46,674 - INFO: Training ROC-AUC: 0.651852
2025-03-28 16:56:46,674 - INFO: Validation ROC-AUC: 0.727051
2025-03-28 16:56:57,736 - INFO: Evaluating at iteration 2001
2025-03-28 16:56:59,043 - INFO: Loss: 0.567730
2025-03-28 16:56:59,043 - INFO: Training ROC-AUC: 0.588542
2025-03-28 16:56:59,043 - INFO: Validation ROC-AUC: 0.762779
2025-03-28 16:57:01,175 - INFO: Starting epoch 2
2025-03-28 16:57:01,199 - INFO: Evaluating at iteration 2098
2025-03-28 16:57:02,479 - INFO: Loss: 0.318080
2025-03-28 16:57:02,479 - INFO: Training ROC-AUC: 0.350000
2025-03-28 16:57:02,479 - INFO: Validation ROC-AUC: 0.772328
2025-03-28 16:57:13,546 - INFO: Evaluating at iteration 2598
2025-03-28 16:57:14,834 - INFO: Loss: 0.296213
2025-03-28 16:57:14,834 - INFO: Training ROC-AUC: 0.800000
2025-03-28 16:57:14,834 - INFO: Validation ROC-AUC: 0.835268
2025-03-28 16:57:25,836 - INFO: Evaluating at iteration 3098
2025-03-28 16:57:27,073 - INFO: Loss: 0.208623
2025-03-28 16:57:27,073 - INFO: Training ROC-AUC: 0.645161
2025-03-28 16:57:27,073 - INFO: Validation ROC-AUC: 0.859517
2025-03-28 16:57:38,255 - INFO: Evaluating at iteration 3598
2025-03-28 16:57:39,536 - INFO: Loss: 0.368957
2025-03-28 16:57:39,536 - INFO: Training ROC-AUC: 0.770370
2025-03-28 16:57:39,536 - INFO: Validation ROC-AUC: 0.864361
2025-03-28 16:57:50,692 - INFO: Evaluating at iteration 4098
2025-03-28 16:57:51,974 - INFO: Loss: 0.138445
2025-03-28 16:57:51,974 - INFO: Training ROC-AUC: 0.982143
2025-03-28 16:57:51,974 - INFO: Validation ROC-AUC: 0.869330
2025-03-28 16:57:54,122 - INFO: Starting epoch 3
2025-03-28 16:57:54,145 - INFO: Evaluating at iteration 4195
2025-03-28 16:57:55,428 - INFO: Loss: 0.292715
2025-03-28 16:57:55,428 - INFO: Training ROC-AUC: 0.793103
2025-03-28 16:57:55,428 - INFO: Validation ROC-AUC: 0.870992
2025-03-28 16:58:06,562 - INFO: Evaluating at iteration 4695
2025-03-28 16:58:07,842 - INFO: Loss: 0.230821
2025-03-28 16:58:07,843 - INFO: Training ROC-AUC: 0.901786
2025-03-28 16:58:07,843 - INFO: Validation ROC-AUC: 0.874759
2025-03-28 16:58:19,043 - INFO: Evaluating at iteration 5195
2025-03-28 16:58:20,322 - INFO: Loss: 0.259445
2025-03-28 16:58:20,322 - INFO: Training ROC-AUC: 0.914286
2025-03-28 16:58:20,322 - INFO: Validation ROC-AUC: 0.877083
2025-03-28 16:58:31,713 - INFO: Evaluating at iteration 5695
2025-03-28 16:58:32,997 - INFO: Loss: 0.199779
2025-03-28 16:58:32,997 - INFO: Training ROC-AUC: 0.916667
2025-03-28 16:58:32,997 - INFO: Validation ROC-AUC: 0.880705
2025-03-28 16:58:44,331 - INFO: Evaluating at iteration 6195
2025-03-28 16:58:45,585 - INFO: Loss: 0.218307
2025-03-28 16:58:45,585 - INFO: Training ROC-AUC: 0.900000
2025-03-28 16:58:45,585 - INFO: Validation ROC-AUC: 0.885217
2025-03-28 16:58:47,769 - INFO: Starting epoch 4
2025-03-28 16:58:47,793 - INFO: Evaluating at iteration 6292
2025-03-28 16:58:49,070 - INFO: Loss: 0.413811
2025-03-28 16:58:49,070 - INFO: Training ROC-AUC: 0.833333
2025-03-28 16:58:49,070 - INFO: Validation ROC-AUC: 0.886112
2025-03-28 16:59:00,300 - INFO: Evaluating at iteration 6792
2025-03-28 16:59:01,523 - INFO: Loss: 0.195951
2025-03-28 16:59:01,523 - INFO: Training ROC-AUC: 0.948148
2025-03-28 16:59:01,523 - INFO: Validation ROC-AUC: 0.886135
2025-03-28 16:59:12,752 - INFO: Evaluating at iteration 7292
2025-03-28 16:59:14,062 - INFO: Loss: 0.334381
2025-03-28 16:59:14,062 - INFO: Training ROC-AUC: 0.767857
2025-03-28 16:59:14,062 - INFO: Validation ROC-AUC: 0.887366
2025-03-28 16:59:25,359 - INFO: Evaluating at iteration 7792
2025-03-28 16:59:26,613 - INFO: Loss: 0.243601
2025-03-28 16:59:26,613 - INFO: Training ROC-AUC: 0.857143
2025-03-28 16:59:26,613 - INFO: Validation ROC-AUC: 0.891731
2025-03-28 16:59:37,909 - INFO: Evaluating at iteration 8292
2025-03-28 16:59:39,189 - INFO: Loss: 0.185143
2025-03-28 16:59:39,189 - INFO: Training ROC-AUC: 1.000000
2025-03-28 16:59:39,189 - INFO: Validation ROC-AUC: 0.893579
2025-03-28 16:59:41,387 - INFO: Starting epoch 5
2025-03-28 16:59:41,410 - INFO: Evaluating at iteration 8389
2025-03-28 16:59:42,671 - INFO: Loss: 0.170127
2025-03-28 16:59:42,672 - INFO: Training ROC-AUC: 0.940741
2025-03-28 16:59:42,672 - INFO: Validation ROC-AUC: 0.893243
2025-03-28 16:59:54,015 - INFO: Evaluating at iteration 8889
2025-03-28 16:59:55,287 - INFO: Loss: 0.258355
2025-03-28 16:59:55,287 - INFO: Training ROC-AUC: 0.937143
2025-03-28 16:59:55,287 - INFO: Validation ROC-AUC: 0.894131
2025-03-28 17:00:06,579 - INFO: Evaluating at iteration 9389
2025-03-28 17:00:07,815 - INFO: Loss: 0.270301
2025-03-28 17:00:07,815 - INFO: Training ROC-AUC: 0.937500
2025-03-28 17:00:07,815 - INFO: Validation ROC-AUC: 0.896112
2025-03-28 17:00:19,104 - INFO: Evaluating at iteration 9889
2025-03-28 17:00:20,392 - INFO: Loss: 0.295109
2025-03-28 17:00:20,392 - INFO: Training ROC-AUC: 0.859259
2025-03-28 17:00:20,392 - INFO: Validation ROC-AUC: 0.898724
2025-03-28 17:00:31,642 - INFO: Evaluating at iteration 10389
2025-03-28 17:00:32,893 - INFO: Loss: 0.462058
2025-03-28 17:00:32,893 - INFO: Training ROC-AUC: 0.916667
2025-03-28 17:00:32,893 - INFO: Validation ROC-AUC: 0.898463
2025-03-28 17:00:35,085 - INFO: Starting epoch 6
2025-03-28 17:00:35,109 - INFO: Evaluating at iteration 10486
2025-03-28 17:00:36,379 - INFO: Loss: 0.454762
2025-03-28 17:00:36,379 - INFO: Training ROC-AUC: 0.765714
2025-03-28 17:00:36,379 - INFO: Validation ROC-AUC: 0.898448
2025-03-28 17:00:47,803 - INFO: Evaluating at iteration 10986
2025-03-28 17:00:49,071 - INFO: Loss: 0.177424
2025-03-28 17:00:49,071 - INFO: Training ROC-AUC: 0.977011
2025-03-28 17:00:49,071 - INFO: Validation ROC-AUC: 0.899093
2025-03-28 17:01:00,398 - INFO: Evaluating at iteration 11486
2025-03-28 17:01:01,668 - INFO: Loss: 0.415471
2025-03-28 17:01:01,668 - INFO: Training ROC-AUC: 0.737179
2025-03-28 17:01:01,668 - INFO: Validation ROC-AUC: 0.898968
2025-03-28 17:01:13,039 - INFO: Evaluating at iteration 11986
2025-03-28 17:01:14,334 - INFO: Loss: 0.068183
2025-03-28 17:01:14,334 - INFO: Training ROC-AUC: 1.000000
2025-03-28 17:01:14,334 - INFO: Validation ROC-AUC: 0.899753
2025-03-28 17:01:25,538 - INFO: Evaluating at iteration 12486
2025-03-28 17:01:26,774 - INFO: Loss: 0.127549
2025-03-28 17:01:26,775 - INFO: Training ROC-AUC: 0.870968
2025-03-28 17:01:26,775 - INFO: Validation ROC-AUC: 0.901161
2025-03-28 17:01:29,327 - INFO: Starting epoch 7
2025-03-28 17:01:29,351 - INFO: Evaluating at iteration 12583
2025-03-28 17:01:30,580 - INFO: Loss: 0.221213
2025-03-28 17:01:30,580 - INFO: Training ROC-AUC: 0.953125
2025-03-28 17:01:30,580 - INFO: Validation ROC-AUC: 0.899777
2025-03-28 17:01:42,154 - INFO: Evaluating at iteration 13083
2025-03-28 17:01:43,454 - INFO: Loss: 0.219887
2025-03-28 17:01:43,454 - INFO: Training ROC-AUC: 0.955357
2025-03-28 17:01:43,454 - INFO: Validation ROC-AUC: 0.902363
2025-03-28 17:01:54,778 - INFO: Evaluating at iteration 13583
2025-03-28 17:01:56,085 - INFO: Loss: 0.404248
2025-03-28 17:01:56,085 - INFO: Training ROC-AUC: 0.850000
2025-03-28 17:01:56,085 - INFO: Validation ROC-AUC: 0.903932
2025-03-28 17:02:07,480 - INFO: Evaluating at iteration 14083
2025-03-28 17:02:08,719 - INFO: Loss: 0.180197
2025-03-28 17:02:08,719 - INFO: Training ROC-AUC: 0.962963
2025-03-28 17:02:08,719 - INFO: Validation ROC-AUC: 0.901967
2025-03-28 17:02:20,176 - INFO: Evaluating at iteration 14583
2025-03-28 17:02:21,404 - INFO: Loss: 0.637828
2025-03-28 17:02:21,404 - INFO: Training ROC-AUC: 0.695652
2025-03-28 17:02:21,404 - INFO: Validation ROC-AUC: 0.904536
2025-03-28 17:02:23,601 - INFO: Starting epoch 8
2025-03-28 17:02:23,625 - INFO: Evaluating at iteration 14680
2025-03-28 17:02:24,890 - INFO: Loss: 0.219696
2025-03-28 17:02:24,890 - INFO: Training ROC-AUC: 0.948571
2025-03-28 17:02:24,890 - INFO: Validation ROC-AUC: 0.904876
2025-03-28 17:02:36,485 - INFO: Evaluating at iteration 15180
2025-03-28 17:02:37,715 - INFO: Loss: 0.316465
2025-03-28 17:02:37,715 - INFO: Training ROC-AUC: 0.897436
2025-03-28 17:02:37,715 - INFO: Validation ROC-AUC: 0.904955
2025-03-28 17:02:49,207 - INFO: Evaluating at iteration 15680
2025-03-28 17:02:50,485 - INFO: Loss: 0.201012
2025-03-28 17:02:50,486 - INFO: Training ROC-AUC: 0.964286
2025-03-28 17:02:50,486 - INFO: Validation ROC-AUC: 0.903123
2025-03-28 17:03:01,969 - INFO: Evaluating at iteration 16180
2025-03-28 17:03:03,232 - INFO: Loss: 0.393024
2025-03-28 17:03:03,232 - INFO: Training ROC-AUC: 0.921875
2025-03-28 17:03:03,232 - INFO: Validation ROC-AUC: 0.905040
2025-03-28 17:03:14,605 - INFO: Evaluating at iteration 16680
2025-03-28 17:03:15,879 - INFO: Loss: 0.194390
2025-03-28 17:03:15,880 - INFO: Training ROC-AUC: 0.946429
2025-03-28 17:03:15,880 - INFO: Validation ROC-AUC: 0.905341
2025-03-28 17:03:18,056 - INFO: Starting epoch 9
2025-03-28 17:03:18,080 - INFO: Evaluating at iteration 16777
2025-03-28 17:03:19,351 - INFO: Loss: 0.127009
2025-03-28 17:03:19,351 - INFO: Training ROC-AUC: 0.991071
2025-03-28 17:03:19,351 - INFO: Validation ROC-AUC: 0.905655
2025-03-28 17:03:30,681 - INFO: Evaluating at iteration 17277
2025-03-28 17:03:31,938 - INFO: Loss: 0.274681
2025-03-28 17:03:31,938 - INFO: Training ROC-AUC: 0.866667
2025-03-28 17:03:31,938 - INFO: Validation ROC-AUC: 0.905088
2025-03-28 17:03:43,303 - INFO: Evaluating at iteration 17777
2025-03-28 17:03:44,592 - INFO: Loss: 0.259575
2025-03-28 17:03:44,592 - INFO: Training ROC-AUC: 0.848214
2025-03-28 17:03:44,592 - INFO: Validation ROC-AUC: 0.906493
2025-03-28 17:03:55,937 - INFO: Evaluating at iteration 18277
2025-03-28 17:03:57,199 - INFO: Loss: 0.229753
2025-03-28 17:03:57,199 - INFO: Training ROC-AUC: 0.955556
2025-03-28 17:03:57,199 - INFO: Validation ROC-AUC: 0.906753
2025-03-28 17:04:08,511 - INFO: Evaluating at iteration 18777
2025-03-28 17:04:09,795 - INFO: Loss: 0.088139
2025-03-28 17:04:09,795 - INFO: Training ROC-AUC: 1.000000
2025-03-28 17:04:09,795 - INFO: Validation ROC-AUC: 0.907701
2025-03-28 17:04:11,987 - INFO: Starting epoch 10
2025-03-28 17:04:12,010 - INFO: Evaluating at iteration 18874
2025-03-28 17:04:13,317 - INFO: Loss: 0.205034
2025-03-28 17:04:13,317 - INFO: Training ROC-AUC: 0.866071
2025-03-28 17:04:13,317 - INFO: Validation ROC-AUC: 0.907185
2025-03-28 17:04:24,678 - INFO: Evaluating at iteration 19374
2025-03-28 17:04:25,941 - INFO: Loss: 0.082356
2025-03-28 17:04:25,941 - INFO: Training ROC-AUC: 1.000000
2025-03-28 17:04:25,941 - INFO: Validation ROC-AUC: 0.909320
2025-03-28 17:04:37,292 - INFO: Evaluating at iteration 19874
2025-03-28 17:04:38,624 - INFO: Loss: 0.182772
2025-03-28 17:04:38,624 - INFO: Training ROC-AUC: 0.948718
2025-03-28 17:04:38,624 - INFO: Validation ROC-AUC: 0.906867
2025-03-28 17:04:49,867 - INFO: Evaluating at iteration 20374
2025-03-28 17:04:51,115 - INFO: Loss: 0.129556
2025-03-28 17:04:51,115 - INFO: Training ROC-AUC: 0.973214
2025-03-28 17:04:51,115 - INFO: Validation ROC-AUC: 0.905238
2025-03-28 17:05:02,358 - INFO: Evaluating at iteration 20874
2025-03-28 17:05:03,643 - INFO: Loss: 0.278035
2025-03-28 17:05:03,643 - INFO: Training ROC-AUC: 0.866667
2025-03-28 17:05:03,644 - INFO: Validation ROC-AUC: 0.907989
2025-03-28 17:05:05,809 - INFO: Starting epoch 11
2025-03-28 17:05:05,832 - INFO: Evaluating at iteration 20971
2025-03-28 17:05:07,172 - INFO: Loss: 0.112554
2025-03-28 17:05:07,172 - INFO: Training ROC-AUC: 1.000000
2025-03-28 17:05:07,172 - INFO: Validation ROC-AUC: 0.907487
2025-03-28 17:05:18,406 - INFO: Evaluating at iteration 21471
2025-03-28 17:05:19,669 - INFO: Loss: 0.091274
2025-03-28 17:05:19,669 - INFO: Training ROC-AUC: 0.988506
2025-03-28 17:05:19,669 - INFO: Validation ROC-AUC: 0.907936
2025-03-28 17:05:30,965 - INFO: Evaluating at iteration 21971
2025-03-28 17:05:32,243 - INFO: Loss: 0.296649
2025-03-28 17:05:32,243 - INFO: Training ROC-AUC: 0.902857
2025-03-28 17:05:32,243 - INFO: Validation ROC-AUC: 0.907464
2025-03-28 17:05:43,570 - INFO: Evaluating at iteration 22471
2025-03-28 17:05:44,867 - INFO: Loss: 0.179325
2025-03-28 17:05:44,867 - INFO: Training ROC-AUC: 0.925926
2025-03-28 17:05:44,867 - INFO: Validation ROC-AUC: 0.907148
2025-03-28 17:05:56,047 - INFO: Evaluating at iteration 22971
2025-03-28 17:05:57,317 - INFO: Loss: 0.122677
2025-03-28 17:05:57,317 - INFO: Training ROC-AUC: 1.000000
2025-03-28 17:05:57,317 - INFO: Validation ROC-AUC: 0.907849
2025-03-28 17:05:59,491 - INFO: Starting epoch 12
2025-03-28 17:05:59,514 - INFO: Evaluating at iteration 23068
2025-03-28 17:06:00,771 - INFO: Loss: 0.271981
2025-03-28 17:06:00,771 - INFO: Training ROC-AUC: 0.884615
2025-03-28 17:06:00,772 - INFO: Validation ROC-AUC: 0.906917
2025-03-28 17:06:12,001 - INFO: Evaluating at iteration 23568
2025-03-28 17:06:13,282 - INFO: Loss: 0.081855
2025-03-28 17:06:13,282 - INFO: Training ROC-AUC: 1.000000
2025-03-28 17:06:13,282 - INFO: Validation ROC-AUC: 0.907207
2025-03-28 17:06:24,628 - INFO: Evaluating at iteration 24068
2025-03-28 17:06:25,868 - INFO: Loss: 0.140951
2025-03-28 17:06:25,868 - INFO: Training ROC-AUC: 0.989583
2025-03-28 17:06:25,868 - INFO: Validation ROC-AUC: 0.907356
2025-03-28 17:06:37,073 - INFO: Evaluating at iteration 24568
2025-03-28 17:06:38,360 - INFO: Loss: 0.136025
2025-03-28 17:06:38,360 - INFO: Training ROC-AUC: 0.974359
2025-03-28 17:06:38,360 - INFO: Validation ROC-AUC: 0.907820
2025-03-28 17:06:49,523 - INFO: Evaluating at iteration 25068
2025-03-28 17:06:50,776 - INFO: Loss: 0.216157
2025-03-28 17:06:50,776 - INFO: Training ROC-AUC: 0.963542
2025-03-28 17:06:50,777 - INFO: Validation ROC-AUC: 0.907396
2025-03-28 17:06:52,940 - INFO: Starting epoch 13
2025-03-28 17:06:52,963 - INFO: Evaluating at iteration 25165
2025-03-28 17:06:54,202 - INFO: Loss: 0.112304
2025-03-28 17:06:54,202 - INFO: Training ROC-AUC: 0.992593
2025-03-28 17:06:54,202 - INFO: Validation ROC-AUC: 0.908473
2025-03-28 17:07:05,461 - INFO: Evaluating at iteration 25665
2025-03-28 17:07:06,713 - INFO: Loss: 0.191882
2025-03-28 17:07:06,713 - INFO: Training ROC-AUC: 0.961538
2025-03-28 17:07:06,713 - INFO: Validation ROC-AUC: 0.906756
2025-03-28 17:07:18,039 - INFO: Evaluating at iteration 26165
2025-03-28 17:07:19,318 - INFO: Loss: 0.107356
2025-03-28 17:07:19,318 - INFO: Training ROC-AUC: 0.992593
2025-03-28 17:07:19,318 - INFO: Validation ROC-AUC: 0.909278
2025-03-28 17:07:30,660 - INFO: Evaluating at iteration 26665
2025-03-28 17:07:31,923 - INFO: Loss: 0.234438
2025-03-28 17:07:31,923 - INFO: Training ROC-AUC: 0.901786
2025-03-28 17:07:31,923 - INFO: Validation ROC-AUC: 0.908347
2025-03-28 17:07:43,236 - INFO: Evaluating at iteration 27165
2025-03-28 17:07:44,545 - INFO: Loss: 0.128786
2025-03-28 17:07:44,545 - INFO: Training ROC-AUC: 0.964286
2025-03-28 17:07:44,545 - INFO: Validation ROC-AUC: 0.908372
2025-03-28 17:07:46,721 - INFO: Starting epoch 14
2025-03-28 17:07:46,745 - INFO: Evaluating at iteration 27262
2025-03-28 17:07:48,030 - INFO: Loss: 0.137805
2025-03-28 17:07:48,030 - INFO: Training ROC-AUC: 0.992593
2025-03-28 17:07:48,030 - INFO: Validation ROC-AUC: 0.908121
2025-03-28 17:07:59,287 - INFO: Evaluating at iteration 27762
2025-03-28 17:08:00,543 - INFO: Loss: 0.178313
2025-03-28 17:08:00,543 - INFO: Training ROC-AUC: 0.955128
2025-03-28 17:08:00,543 - INFO: Validation ROC-AUC: 0.906818
2025-03-28 17:08:11,655 - INFO: Evaluating at iteration 28262
2025-03-28 17:08:12,956 - INFO: Loss: 0.186047
2025-03-28 17:08:12,956 - INFO: Training ROC-AUC: 0.971429
2025-03-28 17:08:12,956 - INFO: Validation ROC-AUC: 0.907095
2025-03-28 17:08:24,235 - INFO: Evaluating at iteration 28762
2025-03-28 17:08:25,514 - INFO: Loss: 0.167968
2025-03-28 17:08:25,514 - INFO: Training ROC-AUC: 0.982143
2025-03-28 17:08:25,514 - INFO: Validation ROC-AUC: 0.908742
2025-03-28 17:08:36,962 - INFO: Evaluating at iteration 29262
2025-03-28 17:08:38,297 - INFO: Loss: 0.155924
2025-03-28 17:08:38,298 - INFO: Training ROC-AUC: 0.985185
2025-03-28 17:08:38,298 - INFO: Validation ROC-AUC: 0.908037
2025-03-28 17:08:40,503 - INFO: Starting epoch 15
2025-03-28 17:08:40,527 - INFO: Evaluating at iteration 29359
2025-03-28 17:08:41,805 - INFO: Loss: 0.124624
2025-03-28 17:08:41,805 - INFO: Training ROC-AUC: 0.991071
2025-03-28 17:08:41,805 - INFO: Validation ROC-AUC: 0.906266
2025-03-28 17:08:53,162 - INFO: Evaluating at iteration 29859
2025-03-28 17:08:54,411 - INFO: Loss: 0.106707
2025-03-28 17:08:54,412 - INFO: Training ROC-AUC: 0.973214
2025-03-28 17:08:54,412 - INFO: Validation ROC-AUC: 0.907085
2025-03-28 17:09:05,877 - INFO: Evaluating at iteration 30359
2025-03-28 17:09:07,164 - INFO: Loss: 0.118847
2025-03-28 17:09:07,164 - INFO: Training ROC-AUC: 1.000000
2025-03-28 17:09:07,164 - INFO: Validation ROC-AUC: 0.906802
2025-03-28 17:09:18,827 - INFO: Evaluating at iteration 30859
2025-03-28 17:09:20,083 - INFO: Loss: 0.111368
2025-03-28 17:09:20,083 - INFO: Training ROC-AUC: 1.000000
2025-03-28 17:09:20,083 - INFO: Validation ROC-AUC: 0.905920
2025-03-28 17:09:31,767 - INFO: Evaluating at iteration 31359
2025-03-28 17:09:33,005 - INFO: Loss: 0.125260
2025-03-28 17:09:33,005 - INFO: Training ROC-AUC: 0.977778
2025-03-28 17:09:33,005 - INFO: Validation ROC-AUC: 0.905843
2025-03-28 17:09:35,244 - INFO: Starting epoch 16
2025-03-28 17:09:35,274 - INFO: Evaluating at iteration 31456
2025-03-28 17:09:36,495 - INFO: Loss: 0.115435
2025-03-28 17:09:36,495 - INFO: Training ROC-AUC: 1.000000
2025-03-28 17:09:36,495 - INFO: Validation ROC-AUC: 0.907663
2025-03-28 17:09:48,309 - INFO: Evaluating at iteration 31956
2025-03-28 17:09:49,587 - INFO: Loss: 0.090857
2025-03-28 17:09:49,587 - INFO: Training ROC-AUC: 0.966667
2025-03-28 17:09:49,587 - INFO: Validation ROC-AUC: 0.906173
2025-03-28 17:10:01,423 - INFO: Evaluating at iteration 32456
2025-03-28 17:10:02,701 - INFO: Loss: 0.057585
2025-03-28 17:10:02,701 - INFO: Training ROC-AUC: 1.000000
2025-03-28 17:10:02,701 - INFO: Validation ROC-AUC: 0.905211
2025-03-28 17:10:14,640 - INFO: Evaluating at iteration 32956
2025-03-28 17:10:15,923 - INFO: Loss: 0.198411
2025-03-28 17:10:15,923 - INFO: Training ROC-AUC: 0.968750
2025-03-28 17:10:15,923 - INFO: Validation ROC-AUC: 0.906017
2025-03-28 17:10:27,650 - INFO: Evaluating at iteration 33456
2025-03-28 17:10:28,975 - INFO: Loss: 0.140315
2025-03-28 17:10:28,975 - INFO: Training ROC-AUC: 0.916667
2025-03-28 17:10:28,975 - INFO: Validation ROC-AUC: 0.905136
2025-03-28 17:10:31,308 - INFO: Starting epoch 17
2025-03-28 17:10:31,333 - INFO: Evaluating at iteration 33553
2025-03-28 17:10:32,586 - INFO: Loss: 0.131038
2025-03-28 17:10:32,586 - INFO: Training ROC-AUC: 1.000000
2025-03-28 17:10:32,586 - INFO: Validation ROC-AUC: 0.906502
2025-03-28 17:10:44,446 - INFO: Evaluating at iteration 34053
2025-03-28 17:10:45,728 - INFO: Loss: 0.163817
2025-03-28 17:10:45,728 - INFO: Training ROC-AUC: 0.962963
2025-03-28 17:10:45,728 - INFO: Validation ROC-AUC: 0.904533
2025-03-28 17:10:57,949 - INFO: Evaluating at iteration 34553
2025-03-28 17:10:59,309 - INFO: Loss: 0.134641
2025-03-28 17:10:59,310 - INFO: Training ROC-AUC: 0.980769
2025-03-28 17:10:59,310 - INFO: Validation ROC-AUC: 0.906580
2025-03-28 17:11:11,747 - INFO: Evaluating at iteration 35053
2025-03-28 17:11:12,996 - INFO: Loss: 0.090786
2025-03-28 17:11:12,996 - INFO: Training ROC-AUC: 0.994792
2025-03-28 17:11:12,996 - INFO: Validation ROC-AUC: 0.906646
2025-03-28 17:11:25,401 - INFO: Evaluating at iteration 35553
2025-03-28 17:11:26,681 - INFO: Loss: 0.198005
2025-03-28 17:11:26,681 - INFO: Training ROC-AUC: 0.942308
2025-03-28 17:11:26,681 - INFO: Validation ROC-AUC: 0.906481
2025-03-28 17:11:29,146 - INFO: Starting epoch 18
2025-03-28 17:11:29,173 - INFO: Evaluating at iteration 35650
2025-03-28 17:11:30,447 - INFO: Loss: 0.124992
2025-03-28 17:11:30,447 - INFO: Training ROC-AUC: 0.994286
2025-03-28 17:11:30,447 - INFO: Validation ROC-AUC: 0.907528
2025-03-28 17:11:42,691 - INFO: Evaluating at iteration 36150
2025-03-28 17:11:43,967 - INFO: Loss: 0.235753
2025-03-28 17:11:43,967 - INFO: Training ROC-AUC: 0.971429
2025-03-28 17:11:43,967 - INFO: Validation ROC-AUC: 0.905174
2025-03-28 17:11:56,540 - INFO: Evaluating at iteration 36650
2025-03-28 17:11:57,829 - INFO: Loss: 0.052518
2025-03-28 17:11:57,829 - INFO: Training ROC-AUC: 1.000000
2025-03-28 17:11:57,829 - INFO: Validation ROC-AUC: 0.905228
2025-03-28 17:12:10,510 - INFO: Evaluating at iteration 37150
2025-03-28 17:12:11,766 - INFO: Loss: 0.016260
2025-03-28 17:12:11,767 - INFO: Training ROC-AUC: 1.000000
2025-03-28 17:12:11,767 - INFO: Validation ROC-AUC: 0.905777
2025-03-28 17:12:24,175 - INFO: Evaluating at iteration 37650
2025-03-28 17:12:25,436 - INFO: Loss: 0.117462
2025-03-28 17:12:25,436 - INFO: Training ROC-AUC: 0.987013
2025-03-28 17:12:25,436 - INFO: Validation ROC-AUC: 0.905844
2025-03-28 17:12:27,865 - INFO: Starting epoch 19
2025-03-28 17:12:27,892 - INFO: Evaluating at iteration 37747
2025-03-28 17:12:29,216 - INFO: Loss: 0.060273
2025-03-28 17:12:29,216 - INFO: Training ROC-AUC: 1.000000
2025-03-28 17:12:29,216 - INFO: Validation ROC-AUC: 0.905765
2025-03-28 17:12:41,805 - INFO: Evaluating at iteration 38247
2025-03-28 17:12:43,079 - INFO: Loss: 0.048105
2025-03-28 17:12:43,079 - INFO: Training ROC-AUC: 1.000000
2025-03-28 17:12:43,079 - INFO: Validation ROC-AUC: 0.905463
2025-03-28 17:12:55,733 - INFO: Evaluating at iteration 38747
2025-03-28 17:12:57,014 - INFO: Loss: 0.105345
2025-03-28 17:12:57,014 - INFO: Training ROC-AUC: 0.995169
2025-03-28 17:12:57,014 - INFO: Validation ROC-AUC: 0.905222
2025-03-28 17:13:09,679 - INFO: Evaluating at iteration 39247
2025-03-28 17:13:10,948 - INFO: Loss: 0.214981
2025-03-28 17:13:10,948 - INFO: Training ROC-AUC: 0.948718
2025-03-28 17:13:10,948 - INFO: Validation ROC-AUC: 0.903093
2025-03-28 17:13:23,641 - INFO: Evaluating at iteration 39747
2025-03-28 17:13:24,878 - INFO: Loss: 0.136558
2025-03-28 17:13:24,878 - INFO: Training ROC-AUC: 0.989583
2025-03-28 17:13:24,879 - INFO: Validation ROC-AUC: 0.904546
2025-03-28 17:13:27,256 - INFO: Starting epoch 20
2025-03-28 17:13:27,283 - INFO: Evaluating at iteration 39844
2025-03-28 17:13:28,547 - INFO: Loss: 0.104692
2025-03-28 17:13:28,547 - INFO: Training ROC-AUC: 0.991071
2025-03-28 17:13:28,547 - INFO: Validation ROC-AUC: 0.904004
2025-03-28 17:13:41,055 - INFO: Evaluating at iteration 40344
2025-03-28 17:13:42,335 - INFO: Loss: 0.072403
2025-03-28 17:13:42,335 - INFO: Training ROC-AUC: 1.000000
2025-03-28 17:13:42,335 - INFO: Validation ROC-AUC: 0.905085
2025-03-28 17:13:55,015 - INFO: Evaluating at iteration 40844
2025-03-28 17:13:56,277 - INFO: Loss: 0.050131
2025-03-28 17:13:56,277 - INFO: Training ROC-AUC: 1.000000
2025-03-28 17:13:56,277 - INFO: Validation ROC-AUC: 0.905749
2025-03-28 17:14:09,037 - INFO: Evaluating at iteration 41344
2025-03-28 17:14:10,316 - INFO: Loss: 0.077414
2025-03-28 17:14:10,316 - INFO: Training ROC-AUC: 1.000000
2025-03-28 17:14:10,316 - INFO: Validation ROC-AUC: 0.903491
2025-03-28 17:14:23,122 - INFO: Evaluating at iteration 41844
2025-03-28 17:14:24,382 - INFO: Loss: 0.135533
2025-03-28 17:14:24,383 - INFO: Training ROC-AUC: 1.000000
2025-03-28 17:14:24,383 - INFO: Validation ROC-AUC: 0.903073
2025-03-28 17:14:26,892 - INFO: Starting epoch 21
2025-03-28 17:14:26,920 - INFO: Evaluating at iteration 41941
2025-03-28 17:14:28,171 - INFO: Loss: 0.024357
2025-03-28 17:14:28,172 - INFO: Training ROC-AUC: 1.000000
2025-03-28 17:14:28,172 - INFO: Validation ROC-AUC: 0.902844
2025-03-28 17:14:41,118 - INFO: Evaluating at iteration 42441
2025-03-28 17:14:42,405 - INFO: Loss: 0.082308
2025-03-28 17:14:42,405 - INFO: Training ROC-AUC: 0.991071
2025-03-28 17:14:42,405 - INFO: Validation ROC-AUC: 0.904172
2025-03-28 17:14:55,257 - INFO: Evaluating at iteration 42941
2025-03-28 17:14:56,529 - INFO: Loss: 0.037418
2025-03-28 17:14:56,529 - INFO: Training ROC-AUC: 1.000000
2025-03-28 17:14:56,529 - INFO: Validation ROC-AUC: 0.904251
2025-03-28 17:15:09,394 - INFO: Evaluating at iteration 43441
2025-03-28 17:15:10,663 - INFO: Loss: 0.056849
2025-03-28 17:15:10,663 - INFO: Training ROC-AUC: 1.000000
2025-03-28 17:15:10,664 - INFO: Validation ROC-AUC: 0.902864
2025-03-28 17:15:23,602 - INFO: Evaluating at iteration 43941
2025-03-28 17:15:24,839 - INFO: Loss: 0.255603
2025-03-28 17:15:24,839 - INFO: Training ROC-AUC: 0.963636
2025-03-28 17:15:24,839 - INFO: Validation ROC-AUC: 0.902020
2025-03-28 17:15:27,344 - INFO: Starting epoch 22
2025-03-28 17:15:27,377 - INFO: Evaluating at iteration 44038
2025-03-28 17:15:28,668 - INFO: Loss: 0.016753
2025-03-28 17:15:28,668 - INFO: Training ROC-AUC: 1.000000
2025-03-28 17:15:28,668 - INFO: Validation ROC-AUC: 0.902336
2025-03-28 17:15:41,589 - INFO: Evaluating at iteration 44538
2025-03-28 17:15:42,828 - INFO: Loss: 0.048524
2025-03-28 17:15:42,828 - INFO: Training ROC-AUC: 1.000000
2025-03-28 17:15:42,829 - INFO: Validation ROC-AUC: 0.904165
2025-03-28 17:15:55,581 - INFO: Evaluating at iteration 45038
2025-03-28 17:15:56,866 - INFO: Loss: 0.068650
2025-03-28 17:15:56,867 - INFO: Training ROC-AUC: 1.000000
2025-03-28 17:15:56,867 - INFO: Validation ROC-AUC: 0.902429
2025-03-28 17:16:09,869 - INFO: Evaluating at iteration 45538
2025-03-28 17:16:11,154 - INFO: Loss: 0.031739
2025-03-28 17:16:11,155 - INFO: Training ROC-AUC: 1.000000
2025-03-28 17:16:11,155 - INFO: Validation ROC-AUC: 0.903463
2025-03-28 17:16:24,075 - INFO: Evaluating at iteration 46038
2025-03-28 17:16:25,330 - INFO: Loss: 0.006037
2025-03-28 17:16:25,331 - INFO: Training ROC-AUC: 1.000000
2025-03-28 17:16:25,331 - INFO: Validation ROC-AUC: 0.904146
2025-03-28 17:16:27,798 - INFO: Starting epoch 23
2025-03-28 17:16:27,825 - INFO: Evaluating at iteration 46135
2025-03-28 17:16:29,132 - INFO: Loss: 0.048143
2025-03-28 17:16:29,132 - INFO: Training ROC-AUC: 1.000000
2025-03-28 17:16:29,132 - INFO: Validation ROC-AUC: 0.902918
2025-03-28 17:16:42,042 - INFO: Evaluating at iteration 46635
2025-03-28 17:16:43,335 - INFO: Loss: 0.020302
2025-03-28 17:16:43,335 - INFO: Training ROC-AUC: 1.000000
2025-03-28 17:16:43,335 - INFO: Validation ROC-AUC: 0.904564
2025-03-28 17:16:56,077 - INFO: Evaluating at iteration 47135
2025-03-28 17:16:57,350 - INFO: Loss: 0.040788
2025-03-28 17:16:57,350 - INFO: Training ROC-AUC: 1.000000
2025-03-28 17:16:57,350 - INFO: Validation ROC-AUC: 0.902796
2025-03-28 17:17:10,317 - INFO: Evaluating at iteration 47635
2025-03-28 17:17:11,594 - INFO: Loss: 0.025155
2025-03-28 17:17:11,594 - INFO: Training ROC-AUC: 1.000000
2025-03-28 17:17:11,594 - INFO: Validation ROC-AUC: 0.903108
2025-03-28 17:17:24,563 - INFO: Evaluating at iteration 48135
2025-03-28 17:17:25,860 - INFO: Loss: 0.036850
2025-03-28 17:17:25,860 - INFO: Training ROC-AUC: 1.000000
2025-03-28 17:17:25,860 - INFO: Validation ROC-AUC: 0.903842
2025-03-28 17:17:28,440 - INFO: Starting epoch 24
2025-03-28 17:17:28,462 - INFO: Evaluating at iteration 48232
2025-03-28 17:17:29,741 - INFO: Loss: 0.023017
2025-03-28 17:17:29,741 - INFO: Training ROC-AUC: 1.000000
2025-03-28 17:17:29,741 - INFO: Validation ROC-AUC: 0.904501
2025-03-28 17:17:42,687 - INFO: Evaluating at iteration 48732
2025-03-28 17:17:43,990 - INFO: Loss: 0.068230
2025-03-28 17:17:43,990 - INFO: Training ROC-AUC: 1.000000
2025-03-28 17:17:43,990 - INFO: Validation ROC-AUC: 0.903826
2025-03-28 17:17:56,981 - INFO: Evaluating at iteration 49232
2025-03-28 17:17:58,277 - INFO: Loss: 0.013672
2025-03-28 17:17:58,277 - INFO: Training ROC-AUC: 1.000000
2025-03-28 17:17:58,277 - INFO: Validation ROC-AUC: 0.902941
2025-03-28 17:18:11,219 - INFO: Evaluating at iteration 49732
2025-03-28 17:18:12,463 - INFO: Loss: 0.000417
2025-03-28 17:18:12,463 - INFO: Training ROC-AUC: 1.000000
2025-03-28 17:18:12,463 - INFO: Validation ROC-AUC: 0.901925
2025-03-28 17:18:25,574 - INFO: Evaluating at iteration 50232
2025-03-28 17:18:26,825 - INFO: Loss: 0.028298
2025-03-28 17:18:26,825 - INFO: Training ROC-AUC: 1.000000
2025-03-28 17:18:26,826 - INFO: Validation ROC-AUC: 0.903226
2025-03-28 17:18:29,351 - INFO: Starting epoch 25
2025-03-28 17:18:29,376 - INFO: Evaluating at iteration 50329
2025-03-28 17:18:30,612 - INFO: Loss: 0.059961
2025-03-28 17:18:30,612 - INFO: Training ROC-AUC: 1.000000
2025-03-28 17:18:30,612 - INFO: Validation ROC-AUC: 0.903988
2025-03-28 17:18:43,686 - INFO: Evaluating at iteration 50829
2025-03-28 17:18:44,931 - INFO: Loss: 0.009782
2025-03-28 17:18:44,931 - INFO: Training ROC-AUC: 1.000000
2025-03-28 17:18:44,931 - INFO: Validation ROC-AUC: 0.903869
2025-03-28 17:18:58,047 - INFO: Evaluating at iteration 51329
2025-03-28 17:18:59,304 - INFO: Loss: 0.067105
2025-03-28 17:18:59,304 - INFO: Training ROC-AUC: 1.000000
2025-03-28 17:18:59,304 - INFO: Validation ROC-AUC: 0.903614
2025-03-28 17:19:12,243 - INFO: Evaluating at iteration 51829
2025-03-28 17:19:13,521 - INFO: Loss: 0.046241
2025-03-28 17:19:13,521 - INFO: Training ROC-AUC: 1.000000
2025-03-28 17:19:13,521 - INFO: Validation ROC-AUC: 0.903862
2025-03-28 17:19:26,571 - INFO: Evaluating at iteration 52329
2025-03-28 17:19:27,853 - INFO: Loss: 0.030587
2025-03-28 17:19:27,853 - INFO: Training ROC-AUC: 1.000000
2025-03-28 17:19:27,853 - INFO: Validation ROC-AUC: 0.903389
2025-03-28 17:19:30,371 - INFO: Saving model to models/TCRStructMap_tcr_levenshtein_split_sequence_only/model_1.pt
2025-03-28 17:19:30,396 - INFO: Starting fold 2
2025-03-28 17:19:30,398 - INFO: Initialising model
2025-03-28 17:19:30,414 - INFO: Starting training
2025-03-28 17:19:30,414 - INFO: Starting epoch 1
2025-03-28 17:19:30,439 - INFO: Evaluating at iteration 1
2025-03-28 17:19:31,710 - INFO: Loss: 0.689263
2025-03-28 17:19:31,710 - INFO: Training ROC-AUC: 0.577778
2025-03-28 17:19:31,710 - INFO: Validation ROC-AUC: 0.480215
2025-03-28 17:19:42,504 - INFO: Evaluating at iteration 501
2025-03-28 17:19:43,817 - INFO: Loss: 0.522296
2025-03-28 17:19:43,817 - INFO: Training ROC-AUC: 0.628571
2025-03-28 17:19:43,817 - INFO: Validation ROC-AUC: 0.595724
2025-03-28 17:19:54,647 - INFO: Evaluating at iteration 1001
2025-03-28 17:19:55,946 - INFO: Loss: 0.614606
2025-03-28 17:19:55,946 - INFO: Training ROC-AUC: 0.736364
2025-03-28 17:19:55,946 - INFO: Validation ROC-AUC: 0.605605
2025-03-28 17:20:06,873 - INFO: Evaluating at iteration 1501
2025-03-28 17:20:08,133 - INFO: Loss: 0.475447
2025-03-28 17:20:08,133 - INFO: Training ROC-AUC: 0.634615
2025-03-28 17:20:08,133 - INFO: Validation ROC-AUC: 0.675207
2025-03-28 17:20:18,891 - INFO: Evaluating at iteration 2001
2025-03-28 17:20:20,176 - INFO: Loss: 0.302338
2025-03-28 17:20:20,176 - INFO: Training ROC-AUC: 0.678571
2025-03-28 17:20:20,176 - INFO: Validation ROC-AUC: 0.727421
2025-03-28 17:20:22,005 - INFO: Starting epoch 2
2025-03-28 17:20:22,029 - INFO: Evaluating at iteration 2086
2025-03-28 17:20:23,312 - INFO: Loss: 0.523481
2025-03-28 17:20:23,312 - INFO: Training ROC-AUC: 0.634286
2025-03-28 17:20:23,312 - INFO: Validation ROC-AUC: 0.746655
2025-03-28 17:20:33,962 - INFO: Evaluating at iteration 2586
2025-03-28 17:20:35,222 - INFO: Loss: 0.282127
2025-03-28 17:20:35,222 - INFO: Training ROC-AUC: 0.935897
2025-03-28 17:20:35,222 - INFO: Validation ROC-AUC: 0.803674
2025-03-28 17:20:45,954 - INFO: Evaluating at iteration 3086
2025-03-28 17:20:47,219 - INFO: Loss: 0.238080
2025-03-28 17:20:47,219 - INFO: Training ROC-AUC: 0.827586
2025-03-28 17:20:47,219 - INFO: Validation ROC-AUC: 0.826260
2025-03-28 17:20:57,981 - INFO: Evaluating at iteration 3586
2025-03-28 17:20:59,304 - INFO: Loss: 0.324546
2025-03-28 17:20:59,304 - INFO: Training ROC-AUC: 0.931429
2025-03-28 17:20:59,304 - INFO: Validation ROC-AUC: 0.841410
2025-03-28 17:21:10,329 - INFO: Evaluating at iteration 4086
2025-03-28 17:21:11,621 - INFO: Loss: 0.517783
2025-03-28 17:21:11,622 - INFO: Training ROC-AUC: 0.651429
2025-03-28 17:21:11,622 - INFO: Validation ROC-AUC: 0.848021
2025-03-28 17:21:13,520 - INFO: Starting epoch 3
2025-03-28 17:21:13,543 - INFO: Evaluating at iteration 4171
2025-03-28 17:21:14,832 - INFO: Loss: 0.476716
2025-03-28 17:21:14,832 - INFO: Training ROC-AUC: 0.729167
2025-03-28 17:21:14,832 - INFO: Validation ROC-AUC: 0.849732
2025-03-28 17:21:25,750 - INFO: Evaluating at iteration 4671
2025-03-28 17:21:27,025 - INFO: Loss: 0.168894
2025-03-28 17:21:27,025 - INFO: Training ROC-AUC: 1.000000
2025-03-28 17:21:27,025 - INFO: Validation ROC-AUC: 0.852468
2025-03-28 17:21:37,963 - INFO: Evaluating at iteration 5171
2025-03-28 17:21:39,256 - INFO: Loss: 0.313712
2025-03-28 17:21:39,256 - INFO: Training ROC-AUC: 0.655172
2025-03-28 17:21:39,256 - INFO: Validation ROC-AUC: 0.855215
2025-03-28 17:21:50,364 - INFO: Evaluating at iteration 5671
2025-03-28 17:21:51,650 - INFO: Loss: 0.139960
2025-03-28 17:21:51,650 - INFO: Training ROC-AUC: 0.774194
2025-03-28 17:21:51,650 - INFO: Validation ROC-AUC: 0.863918
2025-03-28 17:22:02,717 - INFO: Evaluating at iteration 6171
2025-03-28 17:22:03,977 - INFO: Loss: 0.230045
2025-03-28 17:22:03,978 - INFO: Training ROC-AUC: 0.942857
2025-03-28 17:22:03,978 - INFO: Validation ROC-AUC: 0.866334
2025-03-28 17:22:05,849 - INFO: Starting epoch 4
2025-03-28 17:22:05,873 - INFO: Evaluating at iteration 6256
2025-03-28 17:22:07,146 - INFO: Loss: 0.249668
2025-03-28 17:22:07,146 - INFO: Training ROC-AUC: 0.937500
2025-03-28 17:22:07,146 - INFO: Validation ROC-AUC: 0.863830
2025-03-28 17:22:18,216 - INFO: Evaluating at iteration 6756
2025-03-28 17:22:19,479 - INFO: Loss: 0.380598
2025-03-28 17:22:19,479 - INFO: Training ROC-AUC: 0.755556
2025-03-28 17:22:19,479 - INFO: Validation ROC-AUC: 0.868165
2025-03-28 17:22:30,615 - INFO: Evaluating at iteration 7256
2025-03-28 17:22:31,900 - INFO: Loss: 0.234380
2025-03-28 17:22:31,900 - INFO: Training ROC-AUC: 0.857143
2025-03-28 17:22:31,900 - INFO: Validation ROC-AUC: 0.871267
2025-03-28 17:22:42,993 - INFO: Evaluating at iteration 7756
2025-03-28 17:22:44,312 - INFO: Loss: 0.364169
2025-03-28 17:22:44,312 - INFO: Training ROC-AUC: 0.755556
2025-03-28 17:22:44,312 - INFO: Validation ROC-AUC: 0.873387
2025-03-28 17:22:55,332 - INFO: Evaluating at iteration 8256
2025-03-28 17:22:56,614 - INFO: Loss: 0.288715
2025-03-28 17:22:56,614 - INFO: Training ROC-AUC: 0.948571
2025-03-28 17:22:56,614 - INFO: Validation ROC-AUC: 0.875513
2025-03-28 17:22:58,518 - INFO: Starting epoch 5
2025-03-28 17:22:58,541 - INFO: Evaluating at iteration 8341
2025-03-28 17:22:59,823 - INFO: Loss: 0.227614
2025-03-28 17:22:59,823 - INFO: Training ROC-AUC: 0.948718
2025-03-28 17:22:59,823 - INFO: Validation ROC-AUC: 0.875520
2025-03-28 17:23:10,873 - INFO: Evaluating at iteration 8841
2025-03-28 17:23:12,178 - INFO: Loss: 0.217539
2025-03-28 17:23:12,178 - INFO: Training ROC-AUC: 0.948148
2025-03-28 17:23:12,178 - INFO: Validation ROC-AUC: 0.877704
2025-03-28 17:23:23,251 - INFO: Evaluating at iteration 9341
2025-03-28 17:23:24,502 - INFO: Loss: 0.184940
2025-03-28 17:23:24,502 - INFO: Training ROC-AUC: 0.955556
2025-03-28 17:23:24,502 - INFO: Validation ROC-AUC: 0.880908
2025-03-28 17:23:35,620 - INFO: Evaluating at iteration 9841
2025-03-28 17:23:36,865 - INFO: Loss: 0.091682
2025-03-28 17:23:36,866 - INFO: Training ROC-AUC: 1.000000
2025-03-28 17:23:36,866 - INFO: Validation ROC-AUC: 0.882453
2025-03-28 17:23:48,049 - INFO: Evaluating at iteration 10341
2025-03-28 17:23:49,343 - INFO: Loss: 0.236179
2025-03-28 17:23:49,343 - INFO: Training ROC-AUC: 0.955128
2025-03-28 17:23:49,343 - INFO: Validation ROC-AUC: 0.881261
2025-03-28 17:23:51,212 - INFO: Starting epoch 6
2025-03-28 17:23:51,236 - INFO: Evaluating at iteration 10426
2025-03-28 17:23:52,506 - INFO: Loss: 0.115737
2025-03-28 17:23:52,506 - INFO: Training ROC-AUC: 0.935484
2025-03-28 17:23:52,506 - INFO: Validation ROC-AUC: 0.882435
2025-03-28 17:24:04,428 - INFO: Evaluating at iteration 10926
2025-03-28 17:24:05,710 - INFO: Loss: 0.350844
2025-03-28 17:24:05,710 - INFO: Training ROC-AUC: 0.794643
2025-03-28 17:24:05,710 - INFO: Validation ROC-AUC: 0.886857
2025-03-28 17:24:16,781 - INFO: Evaluating at iteration 11426
2025-03-28 17:24:18,044 - INFO: Loss: 0.236835
2025-03-28 17:24:18,044 - INFO: Training ROC-AUC: 0.874074
2025-03-28 17:24:18,044 - INFO: Validation ROC-AUC: 0.885035
2025-03-28 17:24:29,173 - INFO: Evaluating at iteration 11926
2025-03-28 17:24:30,443 - INFO: Loss: 0.354933
2025-03-28 17:24:30,443 - INFO: Training ROC-AUC: 0.884058
2025-03-28 17:24:30,443 - INFO: Validation ROC-AUC: 0.886765
2025-03-28 17:24:41,570 - INFO: Evaluating at iteration 12426
2025-03-28 17:24:42,860 - INFO: Loss: 0.154318
2025-03-28 17:24:42,861 - INFO: Training ROC-AUC: 0.977778
2025-03-28 17:24:42,861 - INFO: Validation ROC-AUC: 0.886972
2025-03-28 17:24:44,766 - INFO: Starting epoch 7
2025-03-28 17:24:44,790 - INFO: Evaluating at iteration 12511
2025-03-28 17:24:46,083 - INFO: Loss: 0.228303
2025-03-28 17:24:46,083 - INFO: Training ROC-AUC: 0.970370
2025-03-28 17:24:46,083 - INFO: Validation ROC-AUC: 0.886717
2025-03-28 17:24:57,193 - INFO: Evaluating at iteration 13011
2025-03-28 17:24:58,508 - INFO: Loss: 0.163989
2025-03-28 17:24:58,508 - INFO: Training ROC-AUC: 0.977011
2025-03-28 17:24:58,508 - INFO: Validation ROC-AUC: 0.888622
2025-03-28 17:25:09,616 - INFO: Evaluating at iteration 13511
2025-03-28 17:25:10,899 - INFO: Loss: 0.230149
2025-03-28 17:25:10,899 - INFO: Training ROC-AUC: 0.977778
2025-03-28 17:25:10,899 - INFO: Validation ROC-AUC: 0.889304
2025-03-28 17:25:22,024 - INFO: Evaluating at iteration 14011
2025-03-28 17:25:23,304 - INFO: Loss: 0.162428
2025-03-28 17:25:23,304 - INFO: Training ROC-AUC: 0.962963
2025-03-28 17:25:23,304 - INFO: Validation ROC-AUC: 0.890901
2025-03-28 17:25:34,429 - INFO: Evaluating at iteration 14511
2025-03-28 17:25:35,690 - INFO: Loss: 0.211518
2025-03-28 17:25:35,690 - INFO: Training ROC-AUC: 0.875000
2025-03-28 17:25:35,690 - INFO: Validation ROC-AUC: 0.890906
2025-03-28 17:25:37,578 - INFO: Starting epoch 8
2025-03-28 17:25:37,601 - INFO: Evaluating at iteration 14596
2025-03-28 17:25:38,879 - INFO: Loss: 0.224526
2025-03-28 17:25:38,879 - INFO: Training ROC-AUC: 0.919540
2025-03-28 17:25:38,879 - INFO: Validation ROC-AUC: 0.891748
2025-03-28 17:25:50,069 - INFO: Evaluating at iteration 15096
2025-03-28 17:25:51,342 - INFO: Loss: 0.192722
2025-03-28 17:25:51,342 - INFO: Training ROC-AUC: 0.963542
2025-03-28 17:25:51,342 - INFO: Validation ROC-AUC: 0.891493
2025-03-28 17:26:02,612 - INFO: Evaluating at iteration 15596
2025-03-28 17:26:03,874 - INFO: Loss: 0.279898
2025-03-28 17:26:03,875 - INFO: Training ROC-AUC: 0.918519
2025-03-28 17:26:03,875 - INFO: Validation ROC-AUC: 0.892201
2025-03-28 17:26:15,102 - INFO: Evaluating at iteration 16096
2025-03-28 17:26:16,367 - INFO: Loss: 0.191318
2025-03-28 17:26:16,367 - INFO: Training ROC-AUC: 0.948718
2025-03-28 17:26:16,367 - INFO: Validation ROC-AUC: 0.890619
2025-03-28 17:26:27,619 - INFO: Evaluating at iteration 16596
2025-03-28 17:26:28,927 - INFO: Loss: 0.153057
2025-03-28 17:26:28,927 - INFO: Training ROC-AUC: 0.916667
2025-03-28 17:26:28,927 - INFO: Validation ROC-AUC: 0.894156
2025-03-28 17:26:30,816 - INFO: Starting epoch 9
2025-03-28 17:26:30,840 - INFO: Evaluating at iteration 16681
2025-03-28 17:26:32,114 - INFO: Loss: 0.149008
2025-03-28 17:26:32,114 - INFO: Training ROC-AUC: 0.977778
2025-03-28 17:26:32,115 - INFO: Validation ROC-AUC: 0.892334
2025-03-28 17:26:43,345 - INFO: Evaluating at iteration 17181
2025-03-28 17:26:44,655 - INFO: Loss: 0.407513
2025-03-28 17:26:44,655 - INFO: Training ROC-AUC: 0.762963
2025-03-28 17:26:44,655 - INFO: Validation ROC-AUC: 0.893258
2025-03-28 17:26:55,718 - INFO: Evaluating at iteration 17681
2025-03-28 17:26:56,981 - INFO: Loss: 0.209510
2025-03-28 17:26:56,981 - INFO: Training ROC-AUC: 0.948571
2025-03-28 17:26:56,981 - INFO: Validation ROC-AUC: 0.894466
2025-03-28 17:27:08,250 - INFO: Evaluating at iteration 18181
2025-03-28 17:27:09,530 - INFO: Loss: 0.208102
2025-03-28 17:27:09,530 - INFO: Training ROC-AUC: 0.982857
2025-03-28 17:27:09,530 - INFO: Validation ROC-AUC: 0.892804
2025-03-28 17:27:20,686 - INFO: Evaluating at iteration 18681
2025-03-28 17:27:21,949 - INFO: Loss: 0.088329
2025-03-28 17:27:21,949 - INFO: Training ROC-AUC: 1.000000
2025-03-28 17:27:21,949 - INFO: Validation ROC-AUC: 0.896955
2025-03-28 17:27:23,836 - INFO: Starting epoch 10
2025-03-28 17:27:23,859 - INFO: Evaluating at iteration 18766
2025-03-28 17:27:25,118 - INFO: Loss: 0.239247
2025-03-28 17:27:25,119 - INFO: Training ROC-AUC: 0.970370
2025-03-28 17:27:25,119 - INFO: Validation ROC-AUC: 0.896014
2025-03-28 17:27:36,218 - INFO: Evaluating at iteration 19266
2025-03-28 17:27:37,481 - INFO: Loss: 0.205328
2025-03-28 17:27:37,481 - INFO: Training ROC-AUC: 0.946429
2025-03-28 17:27:37,481 - INFO: Validation ROC-AUC: 0.895929
2025-03-28 17:27:48,627 - INFO: Evaluating at iteration 19766
2025-03-28 17:27:49,908 - INFO: Loss: 0.100841
2025-03-28 17:27:49,908 - INFO: Training ROC-AUC: 0.983333
2025-03-28 17:27:49,908 - INFO: Validation ROC-AUC: 0.892775
2025-03-28 17:28:01,108 - INFO: Evaluating at iteration 20266
2025-03-28 17:28:02,369 - INFO: Loss: 0.401239
2025-03-28 17:28:02,369 - INFO: Training ROC-AUC: 0.740741
2025-03-28 17:28:02,369 - INFO: Validation ROC-AUC: 0.894601
2025-03-28 17:28:13,393 - INFO: Evaluating at iteration 20766
2025-03-28 17:28:14,665 - INFO: Loss: 0.192793
2025-03-28 17:28:14,665 - INFO: Training ROC-AUC: 0.908046
2025-03-28 17:28:14,665 - INFO: Validation ROC-AUC: 0.894342
2025-03-28 17:28:16,564 - INFO: Starting epoch 11
2025-03-28 17:28:16,587 - INFO: Evaluating at iteration 20851
2025-03-28 17:28:17,847 - INFO: Loss: 0.235023
2025-03-28 17:28:17,847 - INFO: Training ROC-AUC: 0.910714
2025-03-28 17:28:17,847 - INFO: Validation ROC-AUC: 0.895297
2025-03-28 17:28:29,069 - INFO: Evaluating at iteration 21351
2025-03-28 17:28:30,330 - INFO: Loss: 0.346873
2025-03-28 17:28:30,330 - INFO: Training ROC-AUC: 0.895833
2025-03-28 17:28:30,330 - INFO: Validation ROC-AUC: 0.895325
2025-03-28 17:28:41,434 - INFO: Evaluating at iteration 21851
2025-03-28 17:28:42,695 - INFO: Loss: 0.311360
2025-03-28 17:28:42,695 - INFO: Training ROC-AUC: 0.689655
2025-03-28 17:28:42,695 - INFO: Validation ROC-AUC: 0.893404
2025-03-28 17:28:53,730 - INFO: Evaluating at iteration 22351
2025-03-28 17:28:54,991 - INFO: Loss: 0.062021
2025-03-28 17:28:54,992 - INFO: Training ROC-AUC: 1.000000
2025-03-28 17:28:54,992 - INFO: Validation ROC-AUC: 0.895040
2025-03-28 17:29:06,061 - INFO: Evaluating at iteration 22851
2025-03-28 17:29:07,381 - INFO: Loss: 0.071635
2025-03-28 17:29:07,381 - INFO: Training ROC-AUC: 1.000000
2025-03-28 17:29:07,381 - INFO: Validation ROC-AUC: 0.893619
2025-03-28 17:29:09,241 - INFO: Starting epoch 12
2025-03-28 17:29:09,264 - INFO: Evaluating at iteration 22936
2025-03-28 17:29:10,529 - INFO: Loss: 0.198079
2025-03-28 17:29:10,529 - INFO: Training ROC-AUC: 0.967949
2025-03-28 17:29:10,529 - INFO: Validation ROC-AUC: 0.893802
2025-03-28 17:29:21,663 - INFO: Evaluating at iteration 23436
2025-03-28 17:29:22,947 - INFO: Loss: 0.113942
2025-03-28 17:29:22,947 - INFO: Training ROC-AUC: 0.994792
2025-03-28 17:29:22,947 - INFO: Validation ROC-AUC: 0.894218
2025-03-28 17:29:34,179 - INFO: Evaluating at iteration 23936
2025-03-28 17:29:35,464 - INFO: Loss: 0.167799
2025-03-28 17:29:35,465 - INFO: Training ROC-AUC: 0.970370
2025-03-28 17:29:35,465 - INFO: Validation ROC-AUC: 0.894767
2025-03-28 17:29:46,883 - INFO: Evaluating at iteration 24436
2025-03-28 17:29:48,186 - INFO: Loss: 0.043969
2025-03-28 17:29:48,186 - INFO: Training ROC-AUC: 1.000000
2025-03-28 17:29:48,186 - INFO: Validation ROC-AUC: 0.892234
2025-03-28 17:29:59,671 - INFO: Evaluating at iteration 24936
2025-03-28 17:30:00,942 - INFO: Loss: 0.264455
2025-03-28 17:30:00,943 - INFO: Training ROC-AUC: 0.942308
2025-03-28 17:30:00,943 - INFO: Validation ROC-AUC: 0.896258
2025-03-28 17:30:02,881 - INFO: Starting epoch 13
2025-03-28 17:30:02,904 - INFO: Evaluating at iteration 25021
2025-03-28 17:30:04,210 - INFO: Loss: 0.226496
2025-03-28 17:30:04,211 - INFO: Training ROC-AUC: 0.968750
2025-03-28 17:30:04,211 - INFO: Validation ROC-AUC: 0.894793
2025-03-28 17:30:15,667 - INFO: Evaluating at iteration 25521
2025-03-28 17:30:16,919 - INFO: Loss: 0.122647
2025-03-28 17:30:16,919 - INFO: Training ROC-AUC: 0.993590
2025-03-28 17:30:16,919 - INFO: Validation ROC-AUC: 0.893565
2025-03-28 17:30:28,491 - INFO: Evaluating at iteration 26021
2025-03-28 17:30:29,781 - INFO: Loss: 0.099828
2025-03-28 17:30:29,782 - INFO: Training ROC-AUC: 0.994286
2025-03-28 17:30:29,782 - INFO: Validation ROC-AUC: 0.892657
2025-03-28 17:30:41,406 - INFO: Evaluating at iteration 26521
2025-03-28 17:30:42,667 - INFO: Loss: 0.213723
2025-03-28 17:30:42,667 - INFO: Training ROC-AUC: 0.937500
2025-03-28 17:30:42,667 - INFO: Validation ROC-AUC: 0.895248
2025-03-28 17:30:54,364 - INFO: Evaluating at iteration 27021
2025-03-28 17:30:55,626 - INFO: Loss: 0.119785
2025-03-28 17:30:55,627 - INFO: Training ROC-AUC: 0.988506
2025-03-28 17:30:55,627 - INFO: Validation ROC-AUC: 0.896043
2025-03-28 17:30:57,642 - INFO: Starting epoch 14
2025-03-28 17:30:57,666 - INFO: Evaluating at iteration 27106
2025-03-28 17:30:58,980 - INFO: Loss: 0.200162
2025-03-28 17:30:58,980 - INFO: Training ROC-AUC: 0.955357
2025-03-28 17:30:58,980 - INFO: Validation ROC-AUC: 0.896261
2025-03-28 17:31:10,708 - INFO: Evaluating at iteration 27606
2025-03-28 17:31:11,986 - INFO: Loss: 0.119610
2025-03-28 17:31:11,986 - INFO: Training ROC-AUC: 0.987179
2025-03-28 17:31:11,986 - INFO: Validation ROC-AUC: 0.895441
2025-03-28 17:31:23,642 - INFO: Evaluating at iteration 28106
2025-03-28 17:31:24,921 - INFO: Loss: 0.167209
2025-03-28 17:31:24,921 - INFO: Training ROC-AUC: 0.961538
2025-03-28 17:31:24,921 - INFO: Validation ROC-AUC: 0.891719
2025-03-28 17:31:36,821 - INFO: Evaluating at iteration 28606
2025-03-28 17:31:38,087 - INFO: Loss: 0.205813
2025-03-28 17:31:38,088 - INFO: Training ROC-AUC: 0.980676
2025-03-28 17:31:38,088 - INFO: Validation ROC-AUC: 0.894296
2025-03-28 17:31:50,003 - INFO: Evaluating at iteration 29106
2025-03-28 17:31:51,265 - INFO: Loss: 0.192605
2025-03-28 17:31:51,265 - INFO: Training ROC-AUC: 0.977778
2025-03-28 17:31:51,265 - INFO: Validation ROC-AUC: 0.893634
2025-03-28 17:31:53,293 - INFO: Starting epoch 15
2025-03-28 17:31:53,318 - INFO: Evaluating at iteration 29191
2025-03-28 17:31:54,580 - INFO: Loss: 0.321359
2025-03-28 17:31:54,580 - INFO: Training ROC-AUC: 0.963542
2025-03-28 17:31:54,580 - INFO: Validation ROC-AUC: 0.895657
2025-03-28 17:32:06,613 - INFO: Evaluating at iteration 29691
2025-03-28 17:32:07,878 - INFO: Loss: 0.243477
2025-03-28 17:32:07,878 - INFO: Training ROC-AUC: 0.916667
2025-03-28 17:32:07,878 - INFO: Validation ROC-AUC: 0.894159
2025-03-28 17:32:19,874 - INFO: Evaluating at iteration 30191
2025-03-28 17:32:21,140 - INFO: Loss: 0.072754
2025-03-28 17:32:21,140 - INFO: Training ROC-AUC: 1.000000
2025-03-28 17:32:21,140 - INFO: Validation ROC-AUC: 0.895461
2025-03-28 17:32:33,267 - INFO: Evaluating at iteration 30691
2025-03-28 17:32:34,542 - INFO: Loss: 0.096318
2025-03-28 17:32:34,542 - INFO: Training ROC-AUC: 1.000000
2025-03-28 17:32:34,542 - INFO: Validation ROC-AUC: 0.893671
2025-03-28 17:32:46,563 - INFO: Evaluating at iteration 31191
2025-03-28 17:32:47,827 - INFO: Loss: 0.102255
2025-03-28 17:32:47,827 - INFO: Training ROC-AUC: 1.000000
2025-03-28 17:32:47,827 - INFO: Validation ROC-AUC: 0.894448
2025-03-28 17:32:49,863 - INFO: Starting epoch 16
2025-03-28 17:32:49,886 - INFO: Evaluating at iteration 31276
2025-03-28 17:32:51,151 - INFO: Loss: 0.052253
2025-03-28 17:32:51,151 - INFO: Training ROC-AUC: 1.000000
2025-03-28 17:32:51,151 - INFO: Validation ROC-AUC: 0.893340
2025-03-28 17:33:03,414 - INFO: Evaluating at iteration 31776
2025-03-28 17:33:04,698 - INFO: Loss: 0.092672
2025-03-28 17:33:04,698 - INFO: Training ROC-AUC: 0.987179
2025-03-28 17:33:04,698 - INFO: Validation ROC-AUC: 0.893910
2025-03-28 17:33:16,847 - INFO: Evaluating at iteration 32276
2025-03-28 17:33:18,107 - INFO: Loss: 0.148700
2025-03-28 17:33:18,107 - INFO: Training ROC-AUC: 0.960000
2025-03-28 17:33:18,107 - INFO: Validation ROC-AUC: 0.892869
2025-03-28 17:33:30,333 - INFO: Evaluating at iteration 32776
2025-03-28 17:33:31,593 - INFO: Loss: 0.203524
2025-03-28 17:33:31,593 - INFO: Training ROC-AUC: 0.935897
2025-03-28 17:33:31,593 - INFO: Validation ROC-AUC: 0.892493
2025-03-28 17:33:43,801 - INFO: Evaluating at iteration 33276
2025-03-28 17:33:45,093 - INFO: Loss: 0.182353
2025-03-28 17:33:45,093 - INFO: Training ROC-AUC: 0.987179
2025-03-28 17:33:45,093 - INFO: Validation ROC-AUC: 0.894039
2025-03-28 17:33:47,180 - INFO: Starting epoch 17
2025-03-28 17:33:47,206 - INFO: Evaluating at iteration 33361
2025-03-28 17:33:48,500 - INFO: Loss: 0.116050
2025-03-28 17:33:48,500 - INFO: Training ROC-AUC: 0.983333
2025-03-28 17:33:48,500 - INFO: Validation ROC-AUC: 0.894646
2025-03-28 17:34:00,678 - INFO: Evaluating at iteration 33861
2025-03-28 17:34:01,942 - INFO: Loss: 0.104888
2025-03-28 17:34:01,942 - INFO: Training ROC-AUC: 1.000000
2025-03-28 17:34:01,942 - INFO: Validation ROC-AUC: 0.891201
2025-03-28 17:34:14,157 - INFO: Evaluating at iteration 34361
2025-03-28 17:34:15,430 - INFO: Loss: 0.156253
2025-03-28 17:34:15,430 - INFO: Training ROC-AUC: 0.970370
2025-03-28 17:34:15,430 - INFO: Validation ROC-AUC: 0.892686
2025-03-28 17:34:27,964 - INFO: Evaluating at iteration 34861
2025-03-28 17:34:29,259 - INFO: Loss: 0.112138
2025-03-28 17:34:29,259 - INFO: Training ROC-AUC: 1.000000
2025-03-28 17:34:29,259 - INFO: Validation ROC-AUC: 0.892030
2025-03-28 17:34:41,450 - INFO: Evaluating at iteration 35361
2025-03-28 17:34:42,718 - INFO: Loss: 0.088517
2025-03-28 17:34:42,718 - INFO: Training ROC-AUC: 0.988506
2025-03-28 17:34:42,718 - INFO: Validation ROC-AUC: 0.894632
2025-03-28 17:34:44,926 - INFO: Starting epoch 18
2025-03-28 17:34:44,953 - INFO: Evaluating at iteration 35446
2025-03-28 17:34:46,202 - INFO: Loss: 0.114832
2025-03-28 17:34:46,202 - INFO: Training ROC-AUC: 0.989583
2025-03-28 17:34:46,202 - INFO: Validation ROC-AUC: 0.893084
2025-03-28 17:34:58,616 - INFO: Evaluating at iteration 35946
2025-03-28 17:34:59,906 - INFO: Loss: 0.025193
2025-03-28 17:34:59,906 - INFO: Training ROC-AUC: 1.000000
2025-03-28 17:34:59,906 - INFO: Validation ROC-AUC: 0.895135
2025-03-28 17:35:12,314 - INFO: Evaluating at iteration 36446
2025-03-28 17:35:13,641 - INFO: Loss: 0.195691
2025-03-28 17:35:13,641 - INFO: Training ROC-AUC: 0.973958
2025-03-28 17:35:13,641 - INFO: Validation ROC-AUC: 0.893453
2025-03-28 17:35:26,005 - INFO: Evaluating at iteration 36946
2025-03-28 17:35:27,278 - INFO: Loss: 0.056831
2025-03-28 17:35:27,278 - INFO: Training ROC-AUC: 1.000000
2025-03-28 17:35:27,278 - INFO: Validation ROC-AUC: 0.892562
2025-03-28 17:35:39,554 - INFO: Evaluating at iteration 37446
2025-03-28 17:35:40,840 - INFO: Loss: 0.072632
2025-03-28 17:35:40,840 - INFO: Training ROC-AUC: 1.000000
2025-03-28 17:35:40,840 - INFO: Validation ROC-AUC: 0.890400
2025-03-28 17:35:42,940 - INFO: Starting epoch 19
2025-03-28 17:35:42,963 - INFO: Evaluating at iteration 37531
2025-03-28 17:35:44,260 - INFO: Loss: 0.214857
2025-03-28 17:35:44,260 - INFO: Training ROC-AUC: 0.963542
2025-03-28 17:35:44,260 - INFO: Validation ROC-AUC: 0.891458
2025-03-28 17:35:56,566 - INFO: Evaluating at iteration 38031
2025-03-28 17:35:57,883 - INFO: Loss: 0.067102
2025-03-28 17:35:57,883 - INFO: Training ROC-AUC: 1.000000
2025-03-28 17:35:57,883 - INFO: Validation ROC-AUC: 0.892139
2025-03-28 17:36:10,064 - INFO: Evaluating at iteration 38531
2025-03-28 17:36:11,351 - INFO: Loss: 0.092749
2025-03-28 17:36:11,351 - INFO: Training ROC-AUC: 0.990338
2025-03-28 17:36:11,351 - INFO: Validation ROC-AUC: 0.891192
2025-03-28 17:36:23,743 - INFO: Evaluating at iteration 39031
2025-03-28 17:36:25,004 - INFO: Loss: 0.039461
2025-03-28 17:36:25,004 - INFO: Training ROC-AUC: 1.000000
2025-03-28 17:36:25,005 - INFO: Validation ROC-AUC: 0.892733
2025-03-28 17:36:37,557 - INFO: Evaluating at iteration 39531
2025-03-28 17:36:38,844 - INFO: Loss: 0.114915
2025-03-28 17:36:38,844 - INFO: Training ROC-AUC: 0.988571
2025-03-28 17:36:38,844 - INFO: Validation ROC-AUC: 0.889948
2025-03-28 17:36:41,040 - INFO: Starting epoch 20
2025-03-28 17:36:41,063 - INFO: Evaluating at iteration 39616
2025-03-28 17:36:42,327 - INFO: Loss: 0.106288
2025-03-28 17:36:42,327 - INFO: Training ROC-AUC: 0.982143
2025-03-28 17:36:42,327 - INFO: Validation ROC-AUC: 0.892066
2025-03-28 17:36:54,718 - INFO: Evaluating at iteration 40116
2025-03-28 17:36:56,001 - INFO: Loss: 0.111518
2025-03-28 17:36:56,001 - INFO: Training ROC-AUC: 1.000000
2025-03-28 17:36:56,001 - INFO: Validation ROC-AUC: 0.893644
2025-03-28 17:37:08,368 - INFO: Evaluating at iteration 40616
2025-03-28 17:37:09,642 - INFO: Loss: 0.048880
2025-03-28 17:37:09,642 - INFO: Training ROC-AUC: 1.000000
2025-03-28 17:37:09,642 - INFO: Validation ROC-AUC: 0.889525
2025-03-28 17:37:22,024 - INFO: Evaluating at iteration 41116
2025-03-28 17:37:23,308 - INFO: Loss: 0.081402
2025-03-28 17:37:23,308 - INFO: Training ROC-AUC: 1.000000
2025-03-28 17:37:23,308 - INFO: Validation ROC-AUC: 0.889809
2025-03-28 17:37:35,706 - INFO: Evaluating at iteration 41616
2025-03-28 17:37:36,968 - INFO: Loss: 0.102881
2025-03-28 17:37:36,968 - INFO: Training ROC-AUC: 0.985507
2025-03-28 17:37:36,968 - INFO: Validation ROC-AUC: 0.892120
2025-03-28 17:37:39,047 - INFO: Starting epoch 21
2025-03-28 17:37:39,069 - INFO: Evaluating at iteration 41701
2025-03-28 17:37:40,348 - INFO: Loss: 0.036775
2025-03-28 17:37:40,348 - INFO: Training ROC-AUC: 1.000000
2025-03-28 17:37:40,348 - INFO: Validation ROC-AUC: 0.891527
2025-03-28 17:37:52,892 - INFO: Evaluating at iteration 42201
2025-03-28 17:37:54,171 - INFO: Loss: 0.073869
2025-03-28 17:37:54,171 - INFO: Training ROC-AUC: 0.994286
2025-03-28 17:37:54,171 - INFO: Validation ROC-AUC: 0.891375
2025-03-28 17:38:06,587 - INFO: Evaluating at iteration 42701
2025-03-28 17:38:07,859 - INFO: Loss: 0.045754
2025-03-28 17:38:07,859 - INFO: Training ROC-AUC: 1.000000
2025-03-28 17:38:07,859 - INFO: Validation ROC-AUC: 0.888315
2025-03-28 17:38:20,469 - INFO: Evaluating at iteration 43201
2025-03-28 17:38:21,753 - INFO: Loss: 0.074133
2025-03-28 17:38:21,753 - INFO: Training ROC-AUC: 0.988506
2025-03-28 17:38:21,753 - INFO: Validation ROC-AUC: 0.890125
2025-03-28 17:38:34,107 - INFO: Evaluating at iteration 43701
2025-03-28 17:38:35,381 - INFO: Loss: 0.036783
2025-03-28 17:38:35,382 - INFO: Training ROC-AUC: 1.000000
2025-03-28 17:38:35,382 - INFO: Validation ROC-AUC: 0.888369
2025-03-28 17:38:37,494 - INFO: Starting epoch 22
2025-03-28 17:38:37,518 - INFO: Evaluating at iteration 43786
2025-03-28 17:38:38,824 - INFO: Loss: 0.086281
2025-03-28 17:38:38,824 - INFO: Training ROC-AUC: 0.994792
2025-03-28 17:38:38,824 - INFO: Validation ROC-AUC: 0.890212
2025-03-28 17:38:51,432 - INFO: Evaluating at iteration 44286
2025-03-28 17:38:52,703 - INFO: Loss: 0.040259
2025-03-28 17:38:52,703 - INFO: Training ROC-AUC: 1.000000
2025-03-28 17:38:52,703 - INFO: Validation ROC-AUC: 0.891508
2025-03-28 17:39:05,234 - INFO: Evaluating at iteration 44786
2025-03-28 17:39:06,519 - INFO: Loss: 0.055972
2025-03-28 17:39:06,519 - INFO: Training ROC-AUC: 1.000000
2025-03-28 17:39:06,519 - INFO: Validation ROC-AUC: 0.889707
2025-03-28 17:39:18,910 - INFO: Evaluating at iteration 45286
2025-03-28 17:39:20,188 - INFO: Loss: 0.073186
2025-03-28 17:39:20,188 - INFO: Training ROC-AUC: 0.991071
2025-03-28 17:39:20,188 - INFO: Validation ROC-AUC: 0.890612
2025-03-28 17:39:32,749 - INFO: Evaluating at iteration 45786
2025-03-28 17:39:34,013 - INFO: Loss: 0.008138
2025-03-28 17:39:34,013 - INFO: Training ROC-AUC: 1.000000
2025-03-28 17:39:34,013 - INFO: Validation ROC-AUC: 0.889365
2025-03-28 17:39:36,176 - INFO: Starting epoch 23
2025-03-28 17:39:36,202 - INFO: Evaluating at iteration 45871
2025-03-28 17:39:37,472 - INFO: Loss: 0.013317
2025-03-28 17:39:37,473 - INFO: Training ROC-AUC: 1.000000
2025-03-28 17:39:37,473 - INFO: Validation ROC-AUC: 0.890484
2025-03-28 17:39:49,962 - INFO: Evaluating at iteration 46371
2025-03-28 17:39:51,253 - INFO: Loss: 0.033118
2025-03-28 17:39:51,253 - INFO: Training ROC-AUC: 1.000000
2025-03-28 17:39:51,253 - INFO: Validation ROC-AUC: 0.891008
2025-03-28 17:40:03,906 - INFO: Evaluating at iteration 46871
2025-03-28 17:40:05,193 - INFO: Loss: 0.027603
2025-03-28 17:40:05,193 - INFO: Training ROC-AUC: 1.000000
2025-03-28 17:40:05,193 - INFO: Validation ROC-AUC: 0.890966
2025-03-28 17:40:17,756 - INFO: Evaluating at iteration 47371
2025-03-28 17:40:19,056 - INFO: Loss: 0.024956
2025-03-28 17:40:19,056 - INFO: Training ROC-AUC: 1.000000
2025-03-28 17:40:19,056 - INFO: Validation ROC-AUC: 0.890109
2025-03-28 17:40:31,418 - INFO: Evaluating at iteration 47871
2025-03-28 17:40:32,697 - INFO: Loss: 0.025923
2025-03-28 17:40:32,697 - INFO: Training ROC-AUC: 1.000000
2025-03-28 17:40:32,697 - INFO: Validation ROC-AUC: 0.891227
2025-03-28 17:40:34,788 - INFO: Starting epoch 24
2025-03-28 17:40:34,810 - INFO: Evaluating at iteration 47956
2025-03-28 17:40:36,075 - INFO: Loss: 0.017657
2025-03-28 17:40:36,075 - INFO: Training ROC-AUC: 1.000000
2025-03-28 17:40:36,076 - INFO: Validation ROC-AUC: 0.889191
2025-03-28 17:40:48,512 - INFO: Evaluating at iteration 48456
2025-03-28 17:40:49,787 - INFO: Loss: 0.009390
2025-03-28 17:40:49,787 - INFO: Training ROC-AUC: 1.000000
2025-03-28 17:40:49,787 - INFO: Validation ROC-AUC: 0.889949
2025-03-28 17:41:02,183 - INFO: Evaluating at iteration 48956
2025-03-28 17:41:03,437 - INFO: Loss: 0.144298
2025-03-28 17:41:03,437 - INFO: Training ROC-AUC: 0.991071
2025-03-28 17:41:03,437 - INFO: Validation ROC-AUC: 0.890522
2025-03-28 17:41:16,064 - INFO: Evaluating at iteration 49456
2025-03-28 17:41:17,349 - INFO: Loss: 0.011360
2025-03-28 17:41:17,349 - INFO: Training ROC-AUC: 1.000000
2025-03-28 17:41:17,349 - INFO: Validation ROC-AUC: 0.891114
2025-03-28 17:41:29,815 - INFO: Evaluating at iteration 49956
2025-03-28 17:41:31,079 - INFO: Loss: 0.067789
2025-03-28 17:41:31,080 - INFO: Training ROC-AUC: 1.000000
2025-03-28 17:41:31,080 - INFO: Validation ROC-AUC: 0.891419
2025-03-28 17:41:33,134 - INFO: Starting epoch 25
2025-03-28 17:41:33,156 - INFO: Evaluating at iteration 50041
2025-03-28 17:41:34,418 - INFO: Loss: 0.023964
2025-03-28 17:41:34,418 - INFO: Training ROC-AUC: 1.000000
2025-03-28 17:41:34,418 - INFO: Validation ROC-AUC: 0.890700
2025-03-28 17:41:46,886 - INFO: Evaluating at iteration 50541
2025-03-28 17:41:48,162 - INFO: Loss: 0.009690
2025-03-28 17:41:48,163 - INFO: Training ROC-AUC: 1.000000
2025-03-28 17:41:48,163 - INFO: Validation ROC-AUC: 0.891901
2025-03-28 17:42:00,518 - INFO: Evaluating at iteration 51041
2025-03-28 17:42:01,804 - INFO: Loss: 0.093250
2025-03-28 17:42:01,804 - INFO: Training ROC-AUC: 0.995455
2025-03-28 17:42:01,804 - INFO: Validation ROC-AUC: 0.890998
2025-03-28 17:42:14,103 - INFO: Evaluating at iteration 51541
2025-03-28 17:42:15,369 - INFO: Loss: 0.007240
2025-03-28 17:42:15,369 - INFO: Training ROC-AUC: 1.000000
2025-03-28 17:42:15,369 - INFO: Validation ROC-AUC: 0.889966
2025-03-28 17:42:27,599 - INFO: Evaluating at iteration 52041
2025-03-28 17:42:28,883 - INFO: Loss: 0.074473
2025-03-28 17:42:28,883 - INFO: Training ROC-AUC: 0.991071
2025-03-28 17:42:28,883 - INFO: Validation ROC-AUC: 0.888535
2025-03-28 17:42:30,983 - INFO: Saving model to models/TCRStructMap_tcr_levenshtein_split_sequence_only/model_2.pt
2025-03-28 17:42:30,999 - INFO: Starting fold 3
2025-03-28 17:42:31,000 - INFO: Initialising model
2025-03-28 17:42:31,012 - INFO: Starting training
2025-03-28 17:42:31,012 - INFO: Starting epoch 1
2025-03-28 17:42:31,036 - INFO: Evaluating at iteration 1
2025-03-28 17:42:32,283 - INFO: Loss: 0.690552
2025-03-28 17:42:32,283 - INFO: Training ROC-AUC: 0.473214
2025-03-28 17:42:32,283 - INFO: Validation ROC-AUC: 0.553611
2025-03-28 17:42:43,165 - INFO: Evaluating at iteration 501
2025-03-28 17:42:44,419 - INFO: Loss: 0.310768
2025-03-28 17:42:44,420 - INFO: Training ROC-AUC: 0.540230
2025-03-28 17:42:44,420 - INFO: Validation ROC-AUC: 0.566062
2025-03-28 17:42:55,359 - INFO: Evaluating at iteration 1001
2025-03-28 17:42:56,632 - INFO: Loss: 0.411077
2025-03-28 17:42:56,632 - INFO: Training ROC-AUC: 0.600000
2025-03-28 17:42:56,632 - INFO: Validation ROC-AUC: 0.660882
2025-03-28 17:43:07,543 - INFO: Evaluating at iteration 1501
2025-03-28 17:43:08,813 - INFO: Loss: 0.506716
2025-03-28 17:43:08,814 - INFO: Training ROC-AUC: 0.687500
2025-03-28 17:43:08,814 - INFO: Validation ROC-AUC: 0.682876
2025-03-28 17:43:19,563 - INFO: Evaluating at iteration 2001
2025-03-28 17:43:20,831 - INFO: Loss: 0.264481
2025-03-28 17:43:20,831 - INFO: Training ROC-AUC: 0.920000
2025-03-28 17:43:20,831 - INFO: Validation ROC-AUC: 0.766172
2025-03-28 17:43:22,846 - INFO: Starting epoch 2
2025-03-28 17:43:22,868 - INFO: Evaluating at iteration 2095
2025-03-28 17:43:24,140 - INFO: Loss: 0.242742
2025-03-28 17:43:24,140 - INFO: Training ROC-AUC: 0.862069
2025-03-28 17:43:24,140 - INFO: Validation ROC-AUC: 0.778660
2025-03-28 17:43:34,873 - INFO: Evaluating at iteration 2595
2025-03-28 17:43:36,139 - INFO: Loss: 0.332616
2025-03-28 17:43:36,139 - INFO: Training ROC-AUC: 0.971014
2025-03-28 17:43:36,139 - INFO: Validation ROC-AUC: 0.824181
2025-03-28 17:43:46,945 - INFO: Evaluating at iteration 3095
2025-03-28 17:43:48,212 - INFO: Loss: 0.200857
2025-03-28 17:43:48,212 - INFO: Training ROC-AUC: 0.483871
2025-03-28 17:43:48,212 - INFO: Validation ROC-AUC: 0.839299
2025-03-28 17:43:59,121 - INFO: Evaluating at iteration 3595
2025-03-28 17:44:00,385 - INFO: Loss: 0.310098
2025-03-28 17:44:00,386 - INFO: Training ROC-AUC: 0.643678
2025-03-28 17:44:00,386 - INFO: Validation ROC-AUC: 0.847103
2025-03-28 17:44:11,282 - INFO: Evaluating at iteration 4095
2025-03-28 17:44:12,554 - INFO: Loss: 0.183999
2025-03-28 17:44:12,554 - INFO: Training ROC-AUC: 0.965517
2025-03-28 17:44:12,554 - INFO: Validation ROC-AUC: 0.854658
2025-03-28 17:44:14,640 - INFO: Starting epoch 3
2025-03-28 17:44:14,663 - INFO: Evaluating at iteration 4189
2025-03-28 17:44:15,939 - INFO: Loss: 0.224113
2025-03-28 17:44:15,939 - INFO: Training ROC-AUC: 0.901786
2025-03-28 17:44:15,939 - INFO: Validation ROC-AUC: 0.854405
2025-03-28 17:44:26,788 - INFO: Evaluating at iteration 4689
2025-03-28 17:44:28,060 - INFO: Loss: 0.163355
2025-03-28 17:44:28,060 - INFO: Training ROC-AUC: 0.982143
2025-03-28 17:44:28,060 - INFO: Validation ROC-AUC: 0.859535
2025-03-28 17:44:38,939 - INFO: Evaluating at iteration 5189
2025-03-28 17:44:40,185 - INFO: Loss: 0.174007
2025-03-28 17:44:40,185 - INFO: Training ROC-AUC: 1.000000
2025-03-28 17:44:40,185 - INFO: Validation ROC-AUC: 0.862639
2025-03-28 17:44:51,102 - INFO: Evaluating at iteration 5689
2025-03-28 17:44:52,393 - INFO: Loss: 0.094736
2025-03-28 17:44:52,393 - INFO: Training ROC-AUC: 1.000000
2025-03-28 17:44:52,393 - INFO: Validation ROC-AUC: 0.867407
2025-03-28 17:45:03,416 - INFO: Evaluating at iteration 6189
2025-03-28 17:45:04,685 - INFO: Loss: 0.428548
2025-03-28 17:45:04,685 - INFO: Training ROC-AUC: 0.750000
2025-03-28 17:45:04,685 - INFO: Validation ROC-AUC: 0.865363
2025-03-28 17:45:06,754 - INFO: Starting epoch 4
2025-03-28 17:45:06,778 - INFO: Evaluating at iteration 6283
2025-03-28 17:45:08,055 - INFO: Loss: 0.345471
2025-03-28 17:45:08,055 - INFO: Training ROC-AUC: 0.884615
2025-03-28 17:45:08,055 - INFO: Validation ROC-AUC: 0.867376
2025-03-28 17:45:19,019 - INFO: Evaluating at iteration 6783
2025-03-28 17:45:20,265 - INFO: Loss: 0.223329
2025-03-28 17:45:20,265 - INFO: Training ROC-AUC: 0.918519
2025-03-28 17:45:20,265 - INFO: Validation ROC-AUC: 0.868304
2025-03-28 17:45:31,194 - INFO: Evaluating at iteration 7283
2025-03-28 17:45:32,445 - INFO: Loss: 0.304806
2025-03-28 17:45:32,445 - INFO: Training ROC-AUC: 0.822222
2025-03-28 17:45:32,445 - INFO: Validation ROC-AUC: 0.871518
2025-03-28 17:45:43,327 - INFO: Evaluating at iteration 7783
2025-03-28 17:45:44,610 - INFO: Loss: 0.280887
2025-03-28 17:45:44,610 - INFO: Training ROC-AUC: 0.865385
2025-03-28 17:45:44,610 - INFO: Validation ROC-AUC: 0.872088
2025-03-28 17:45:55,534 - INFO: Evaluating at iteration 8283
2025-03-28 17:45:56,846 - INFO: Loss: 0.127519
2025-03-28 17:45:56,846 - INFO: Training ROC-AUC: 0.991071
2025-03-28 17:45:56,846 - INFO: Validation ROC-AUC: 0.872259
2025-03-28 17:45:59,084 - INFO: Starting epoch 5
2025-03-28 17:45:59,112 - INFO: Evaluating at iteration 8377
2025-03-28 17:46:00,396 - INFO: Loss: 0.335071
2025-03-28 17:46:00,396 - INFO: Training ROC-AUC: 0.858974
2025-03-28 17:46:00,396 - INFO: Validation ROC-AUC: 0.872340
2025-03-28 17:46:11,365 - INFO: Evaluating at iteration 8877
2025-03-28 17:46:12,617 - INFO: Loss: 0.322129
2025-03-28 17:46:12,618 - INFO: Training ROC-AUC: 0.767857
2025-03-28 17:46:12,618 - INFO: Validation ROC-AUC: 0.874214
2025-03-28 17:46:23,607 - INFO: Evaluating at iteration 9377
2025-03-28 17:46:24,878 - INFO: Loss: 0.162978
2025-03-28 17:46:24,878 - INFO: Training ROC-AUC: 0.973214
2025-03-28 17:46:24,878 - INFO: Validation ROC-AUC: 0.877122
2025-03-28 17:46:35,875 - INFO: Evaluating at iteration 9877
2025-03-28 17:46:37,105 - INFO: Loss: 0.214447
2025-03-28 17:46:37,105 - INFO: Training ROC-AUC: 0.937500
2025-03-28 17:46:37,105 - INFO: Validation ROC-AUC: 0.876127
2025-03-28 17:46:48,023 - INFO: Evaluating at iteration 10377
2025-03-28 17:46:49,286 - INFO: Loss: 0.207589
2025-03-28 17:46:49,286 - INFO: Training ROC-AUC: 0.985185
2025-03-28 17:46:49,287 - INFO: Validation ROC-AUC: 0.878638
2025-03-28 17:46:51,347 - INFO: Starting epoch 6
2025-03-28 17:46:51,370 - INFO: Evaluating at iteration 10471
2025-03-28 17:46:52,617 - INFO: Loss: 0.210187
2025-03-28 17:46:52,617 - INFO: Training ROC-AUC: 0.962963
2025-03-28 17:46:52,617 - INFO: Validation ROC-AUC: 0.880177
2025-03-28 17:47:03,755 - INFO: Evaluating at iteration 10971
2025-03-28 17:47:05,028 - INFO: Loss: 0.271181
2025-03-28 17:47:05,028 - INFO: Training ROC-AUC: 0.954286
2025-03-28 17:47:05,028 - INFO: Validation ROC-AUC: 0.879661
2025-03-28 17:47:16,145 - INFO: Evaluating at iteration 11471
2025-03-28 17:47:17,411 - INFO: Loss: 0.159087
2025-03-28 17:47:17,411 - INFO: Training ROC-AUC: 0.963542
2025-03-28 17:47:17,411 - INFO: Validation ROC-AUC: 0.880304
2025-03-28 17:47:28,554 - INFO: Evaluating at iteration 11971
2025-03-28 17:47:29,837 - INFO: Loss: 0.308745
2025-03-28 17:47:29,837 - INFO: Training ROC-AUC: 0.947917
2025-03-28 17:47:29,837 - INFO: Validation ROC-AUC: 0.879356
2025-03-28 17:47:40,959 - INFO: Evaluating at iteration 12471
2025-03-28 17:47:42,239 - INFO: Loss: 0.121933
2025-03-28 17:47:42,239 - INFO: Training ROC-AUC: 0.982143
2025-03-28 17:47:42,239 - INFO: Validation ROC-AUC: 0.881239
2025-03-28 17:47:44,318 - INFO: Starting epoch 7
2025-03-28 17:47:44,341 - INFO: Evaluating at iteration 12565
2025-03-28 17:47:45,589 - INFO: Loss: 0.064640
2025-03-28 17:47:45,589 - INFO: Training ROC-AUC: 1.000000
2025-03-28 17:47:45,589 - INFO: Validation ROC-AUC: 0.883262
2025-03-28 17:47:56,656 - INFO: Evaluating at iteration 13065
2025-03-28 17:47:57,914 - INFO: Loss: 0.186869
2025-03-28 17:47:57,914 - INFO: Training ROC-AUC: 0.955357
2025-03-28 17:47:57,914 - INFO: Validation ROC-AUC: 0.882192
2025-03-28 17:48:08,992 - INFO: Evaluating at iteration 13565
2025-03-28 17:48:10,261 - INFO: Loss: 0.442042
2025-03-28 17:48:10,261 - INFO: Training ROC-AUC: 0.830918
2025-03-28 17:48:10,261 - INFO: Validation ROC-AUC: 0.882510
2025-03-28 17:48:21,362 - INFO: Evaluating at iteration 14065
2025-03-28 17:48:22,630 - INFO: Loss: 0.278032
2025-03-28 17:48:22,630 - INFO: Training ROC-AUC: 0.937500
2025-03-28 17:48:22,630 - INFO: Validation ROC-AUC: 0.885176
2025-03-28 17:48:33,770 - INFO: Evaluating at iteration 14565
2025-03-28 17:48:35,040 - INFO: Loss: 0.291358
2025-03-28 17:48:35,040 - INFO: Training ROC-AUC: 0.866667
2025-03-28 17:48:35,040 - INFO: Validation ROC-AUC: 0.884717
2025-03-28 17:48:37,139 - INFO: Starting epoch 8
2025-03-28 17:48:37,163 - INFO: Evaluating at iteration 14659
2025-03-28 17:48:38,427 - INFO: Loss: 0.519977
2025-03-28 17:48:38,427 - INFO: Training ROC-AUC: 0.828571
2025-03-28 17:48:38,427 - INFO: Validation ROC-AUC: 0.882088
2025-03-28 17:48:49,693 - INFO: Evaluating at iteration 15159
2025-03-28 17:48:50,957 - INFO: Loss: 0.126191
2025-03-28 17:48:50,957 - INFO: Training ROC-AUC: 1.000000
2025-03-28 17:48:50,957 - INFO: Validation ROC-AUC: 0.883356
2025-03-28 17:49:02,171 - INFO: Evaluating at iteration 15659
2025-03-28 17:49:03,435 - INFO: Loss: 0.214417
2025-03-28 17:49:03,435 - INFO: Training ROC-AUC: 0.933333
2025-03-28 17:49:03,435 - INFO: Validation ROC-AUC: 0.885364
2025-03-28 17:49:14,488 - INFO: Evaluating at iteration 16159
2025-03-28 17:49:15,734 - INFO: Loss: 0.148910
2025-03-28 17:49:15,735 - INFO: Training ROC-AUC: 0.948148
2025-03-28 17:49:15,735 - INFO: Validation ROC-AUC: 0.885725
2025-03-28 17:49:26,849 - INFO: Evaluating at iteration 16659
2025-03-28 17:49:28,105 - INFO: Loss: 0.238785
2025-03-28 17:49:28,105 - INFO: Training ROC-AUC: 0.875000
2025-03-28 17:49:28,105 - INFO: Validation ROC-AUC: 0.886809
2025-03-28 17:49:30,207 - INFO: Starting epoch 9
2025-03-28 17:49:30,231 - INFO: Evaluating at iteration 16753
2025-03-28 17:49:31,501 - INFO: Loss: 0.236962
2025-03-28 17:49:31,501 - INFO: Training ROC-AUC: 0.954286
2025-03-28 17:49:31,501 - INFO: Validation ROC-AUC: 0.888551
2025-03-28 17:49:42,646 - INFO: Evaluating at iteration 17253
2025-03-28 17:49:43,931 - INFO: Loss: 0.134828
2025-03-28 17:49:43,931 - INFO: Training ROC-AUC: 1.000000
2025-03-28 17:49:43,931 - INFO: Validation ROC-AUC: 0.884924
2025-03-28 17:49:54,994 - INFO: Evaluating at iteration 17753
2025-03-28 17:49:56,263 - INFO: Loss: 0.238705
2025-03-28 17:49:56,264 - INFO: Training ROC-AUC: 0.883929
2025-03-28 17:49:56,264 - INFO: Validation ROC-AUC: 0.884983
2025-03-28 17:50:07,503 - INFO: Evaluating at iteration 18253
2025-03-28 17:50:08,773 - INFO: Loss: 0.141503
2025-03-28 17:50:08,773 - INFO: Training ROC-AUC: 0.942529
2025-03-28 17:50:08,773 - INFO: Validation ROC-AUC: 0.886129
2025-03-28 17:50:19,822 - INFO: Evaluating at iteration 18753
2025-03-28 17:50:21,094 - INFO: Loss: 0.175316
2025-03-28 17:50:21,094 - INFO: Training ROC-AUC: 0.982857
2025-03-28 17:50:21,094 - INFO: Validation ROC-AUC: 0.886170
2025-03-28 17:50:23,177 - INFO: Starting epoch 10
2025-03-28 17:50:23,200 - INFO: Evaluating at iteration 18847
2025-03-28 17:50:24,459 - INFO: Loss: 0.126893
2025-03-28 17:50:24,459 - INFO: Training ROC-AUC: 0.977011
2025-03-28 17:50:24,459 - INFO: Validation ROC-AUC: 0.884931
2025-03-28 17:50:35,475 - INFO: Evaluating at iteration 19347
2025-03-28 17:50:36,718 - INFO: Loss: 0.132730
2025-03-28 17:50:36,718 - INFO: Training ROC-AUC: 0.983333
2025-03-28 17:50:36,718 - INFO: Validation ROC-AUC: 0.886777
2025-03-28 17:50:47,742 - INFO: Evaluating at iteration 19847
2025-03-28 17:50:49,004 - INFO: Loss: 0.215977
2025-03-28 17:50:49,004 - INFO: Training ROC-AUC: 0.946429
2025-03-28 17:50:49,004 - INFO: Validation ROC-AUC: 0.886308
2025-03-28 17:51:00,031 - INFO: Evaluating at iteration 20347
2025-03-28 17:51:01,291 - INFO: Loss: 0.056227
2025-03-28 17:51:01,291 - INFO: Training ROC-AUC: 1.000000
2025-03-28 17:51:01,291 - INFO: Validation ROC-AUC: 0.887391
2025-03-28 17:51:12,568 - INFO: Evaluating at iteration 20847
2025-03-28 17:51:13,856 - INFO: Loss: 0.294979
2025-03-28 17:51:13,856 - INFO: Training ROC-AUC: 0.837037
2025-03-28 17:51:13,856 - INFO: Validation ROC-AUC: 0.885980
2025-03-28 17:51:15,971 - INFO: Starting epoch 11
2025-03-28 17:51:15,995 - INFO: Evaluating at iteration 20941
2025-03-28 17:51:17,273 - INFO: Loss: 0.143379
2025-03-28 17:51:17,273 - INFO: Training ROC-AUC: 0.967949
2025-03-28 17:51:17,273 - INFO: Validation ROC-AUC: 0.884658
2025-03-28 17:51:28,565 - INFO: Evaluating at iteration 21441
2025-03-28 17:51:29,845 - INFO: Loss: 0.111608
2025-03-28 17:51:29,845 - INFO: Training ROC-AUC: 1.000000
2025-03-28 17:51:29,845 - INFO: Validation ROC-AUC: 0.886940
2025-03-28 17:51:40,882 - INFO: Evaluating at iteration 21941
2025-03-28 17:51:42,126 - INFO: Loss: 0.158513
2025-03-28 17:51:42,126 - INFO: Training ROC-AUC: 0.984375
2025-03-28 17:51:42,126 - INFO: Validation ROC-AUC: 0.886602
2025-03-28 17:51:53,303 - INFO: Evaluating at iteration 22441
2025-03-28 17:51:54,569 - INFO: Loss: 0.454265
2025-03-28 17:51:54,569 - INFO: Training ROC-AUC: 0.883117
2025-03-28 17:51:54,569 - INFO: Validation ROC-AUC: 0.886933
2025-03-28 17:52:05,827 - INFO: Evaluating at iteration 22941
2025-03-28 17:52:07,099 - INFO: Loss: 0.188199
2025-03-28 17:52:07,099 - INFO: Training ROC-AUC: 0.677419
2025-03-28 17:52:07,099 - INFO: Validation ROC-AUC: 0.888439
2025-03-28 17:52:09,235 - INFO: Starting epoch 12
2025-03-28 17:52:09,258 - INFO: Evaluating at iteration 23035
2025-03-28 17:52:10,522 - INFO: Loss: 0.228250
2025-03-28 17:52:10,522 - INFO: Training ROC-AUC: 0.873563
2025-03-28 17:52:10,522 - INFO: Validation ROC-AUC: 0.886341
2025-03-28 17:52:21,842 - INFO: Evaluating at iteration 23535
2025-03-28 17:52:23,089 - INFO: Loss: 0.176408
2025-03-28 17:52:23,094 - INFO: Training ROC-AUC: 0.940741
2025-03-28 17:52:23,094 - INFO: Validation ROC-AUC: 0.885877
2025-03-28 17:52:34,294 - INFO: Evaluating at iteration 24035
2025-03-28 17:52:35,555 - INFO: Loss: 0.284038
2025-03-28 17:52:35,555 - INFO: Training ROC-AUC: 0.956522
2025-03-28 17:52:35,555 - INFO: Validation ROC-AUC: 0.885461
2025-03-28 17:52:46,859 - INFO: Evaluating at iteration 24535
2025-03-28 17:52:48,104 - INFO: Loss: 0.191161
2025-03-28 17:52:48,104 - INFO: Training ROC-AUC: 0.973214
2025-03-28 17:52:48,104 - INFO: Validation ROC-AUC: 0.888507
2025-03-28 17:52:59,487 - INFO: Evaluating at iteration 25035
2025-03-28 17:53:00,714 - INFO: Loss: 0.091501
2025-03-28 17:53:00,714 - INFO: Training ROC-AUC: 1.000000
2025-03-28 17:53:00,714 - INFO: Validation ROC-AUC: 0.889106
2025-03-28 17:53:02,823 - INFO: Starting epoch 13
2025-03-28 17:53:02,846 - INFO: Evaluating at iteration 25129
2025-03-28 17:53:04,109 - INFO: Loss: 0.336634
2025-03-28 17:53:04,110 - INFO: Training ROC-AUC: 0.839744
2025-03-28 17:53:04,110 - INFO: Validation ROC-AUC: 0.886827
2025-03-28 17:53:15,558 - INFO: Evaluating at iteration 25629
2025-03-28 17:53:16,802 - INFO: Loss: 0.100371
2025-03-28 17:53:16,802 - INFO: Training ROC-AUC: 1.000000
2025-03-28 17:53:16,802 - INFO: Validation ROC-AUC: 0.887170
2025-03-28 17:53:28,086 - INFO: Evaluating at iteration 26129
2025-03-28 17:53:29,362 - INFO: Loss: 0.074831
2025-03-28 17:53:29,362 - INFO: Training ROC-AUC: 1.000000
2025-03-28 17:53:29,363 - INFO: Validation ROC-AUC: 0.889951
2025-03-28 17:53:40,735 - INFO: Evaluating at iteration 26629
2025-03-28 17:53:41,983 - INFO: Loss: 0.149317
2025-03-28 17:53:41,983 - INFO: Training ROC-AUC: 0.982857
2025-03-28 17:53:41,983 - INFO: Validation ROC-AUC: 0.888344
2025-03-28 17:53:53,323 - INFO: Evaluating at iteration 27129
2025-03-28 17:53:54,575 - INFO: Loss: 0.119128
2025-03-28 17:53:54,575 - INFO: Training ROC-AUC: 1.000000
2025-03-28 17:53:54,575 - INFO: Validation ROC-AUC: 0.885108
2025-03-28 17:53:56,697 - INFO: Starting epoch 14
2025-03-28 17:53:56,722 - INFO: Evaluating at iteration 27223
2025-03-28 17:53:58,013 - INFO: Loss: 0.111276
2025-03-28 17:53:58,013 - INFO: Training ROC-AUC: 0.988506
2025-03-28 17:53:58,013 - INFO: Validation ROC-AUC: 0.885671
2025-03-28 17:54:09,476 - INFO: Evaluating at iteration 27723
2025-03-28 17:54:10,745 - INFO: Loss: 0.158685
2025-03-28 17:54:10,745 - INFO: Training ROC-AUC: 0.984375
2025-03-28 17:54:10,746 - INFO: Validation ROC-AUC: 0.886103
2025-03-28 17:54:22,153 - INFO: Evaluating at iteration 28223
2025-03-28 17:54:23,399 - INFO: Loss: 0.199041
2025-03-28 17:54:23,399 - INFO: Training ROC-AUC: 0.962963
2025-03-28 17:54:23,399 - INFO: Validation ROC-AUC: 0.885059
2025-03-28 17:54:34,797 - INFO: Evaluating at iteration 28723
2025-03-28 17:54:36,063 - INFO: Loss: 0.201184
2025-03-28 17:54:36,063 - INFO: Training ROC-AUC: 0.971429
2025-03-28 17:54:36,063 - INFO: Validation ROC-AUC: 0.886672
2025-03-28 17:54:47,462 - INFO: Evaluating at iteration 29223
2025-03-28 17:54:48,706 - INFO: Loss: 0.365019
2025-03-28 17:54:48,706 - INFO: Training ROC-AUC: 0.885714
2025-03-28 17:54:48,706 - INFO: Validation ROC-AUC: 0.885062
2025-03-28 17:54:50,834 - INFO: Starting epoch 15
2025-03-28 17:54:50,857 - INFO: Evaluating at iteration 29317
2025-03-28 17:54:52,116 - INFO: Loss: 0.099204
2025-03-28 17:54:52,116 - INFO: Training ROC-AUC: 0.989583
2025-03-28 17:54:52,116 - INFO: Validation ROC-AUC: 0.885778
2025-03-28 17:55:03,585 - INFO: Evaluating at iteration 29817
2025-03-28 17:55:04,830 - INFO: Loss: 0.101005
2025-03-28 17:55:04,830 - INFO: Training ROC-AUC: 0.982143
2025-03-28 17:55:04,830 - INFO: Validation ROC-AUC: 0.887426
2025-03-28 17:55:16,504 - INFO: Evaluating at iteration 30317
2025-03-28 17:55:17,756 - INFO: Loss: 0.114552
2025-03-28 17:55:17,757 - INFO: Training ROC-AUC: 1.000000
2025-03-28 17:55:17,757 - INFO: Validation ROC-AUC: 0.887766
2025-03-28 17:55:29,615 - INFO: Evaluating at iteration 30817
2025-03-28 17:55:30,868 - INFO: Loss: 0.180737
2025-03-28 17:55:30,868 - INFO: Training ROC-AUC: 0.955556
2025-03-28 17:55:30,868 - INFO: Validation ROC-AUC: 0.886670
2025-03-28 17:55:42,475 - INFO: Evaluating at iteration 31317
2025-03-28 17:55:43,769 - INFO: Loss: 0.123905
2025-03-28 17:55:43,769 - INFO: Training ROC-AUC: 0.987179
2025-03-28 17:55:43,769 - INFO: Validation ROC-AUC: 0.884950
2025-03-28 17:55:46,003 - INFO: Starting epoch 16
2025-03-28 17:55:46,026 - INFO: Evaluating at iteration 31411
2025-03-28 17:55:47,273 - INFO: Loss: 0.147408
2025-03-28 17:55:47,273 - INFO: Training ROC-AUC: 0.995455
2025-03-28 17:55:47,273 - INFO: Validation ROC-AUC: 0.884072
2025-03-28 17:55:59,038 - INFO: Evaluating at iteration 31911
2025-03-28 17:56:00,301 - INFO: Loss: 0.105368
2025-03-28 17:56:00,301 - INFO: Training ROC-AUC: nan
2025-03-28 17:56:00,301 - INFO: Validation ROC-AUC: 0.884098
2025-03-28 17:56:12,102 - INFO: Evaluating at iteration 32411
2025-03-28 17:56:13,382 - INFO: Loss: 0.172440
2025-03-28 17:56:13,382 - INFO: Training ROC-AUC: 0.993590
2025-03-28 17:56:13,383 - INFO: Validation ROC-AUC: 0.886544
2025-03-28 17:56:25,433 - INFO: Evaluating at iteration 32911
2025-03-28 17:56:26,679 - INFO: Loss: 0.262775
2025-03-28 17:56:26,679 - INFO: Training ROC-AUC: 0.954286
2025-03-28 17:56:26,679 - INFO: Validation ROC-AUC: 0.885863
2025-03-28 17:56:38,509 - INFO: Evaluating at iteration 33411
2025-03-28 17:56:39,780 - INFO: Loss: 0.163342
2025-03-28 17:56:39,780 - INFO: Training ROC-AUC: 0.942529
2025-03-28 17:56:39,780 - INFO: Validation ROC-AUC: 0.883687
2025-03-28 17:56:42,015 - INFO: Starting epoch 17
2025-03-28 17:56:42,038 - INFO: Evaluating at iteration 33505
2025-03-28 17:56:43,346 - INFO: Loss: 0.018727
2025-03-28 17:56:43,346 - INFO: Training ROC-AUC: 1.000000
2025-03-28 17:56:43,346 - INFO: Validation ROC-AUC: 0.882679
2025-03-28 17:56:55,379 - INFO: Evaluating at iteration 34005
2025-03-28 17:56:56,625 - INFO: Loss: 0.093404
2025-03-28 17:56:56,625 - INFO: Training ROC-AUC: 1.000000
2025-03-28 17:56:56,625 - INFO: Validation ROC-AUC: 0.884743
2025-03-28 17:57:08,672 - INFO: Evaluating at iteration 34505
2025-03-28 17:57:09,994 - INFO: Loss: 0.118663
2025-03-28 17:57:09,994 - INFO: Training ROC-AUC: 0.977778
2025-03-28 17:57:09,994 - INFO: Validation ROC-AUC: 0.886101
2025-03-28 17:57:22,159 - INFO: Evaluating at iteration 35005
2025-03-28 17:57:23,394 - INFO: Loss: 0.068639
2025-03-28 17:57:23,394 - INFO: Training ROC-AUC: 1.000000
2025-03-28 17:57:23,394 - INFO: Validation ROC-AUC: 0.884988
2025-03-28 17:57:35,522 - INFO: Evaluating at iteration 35505
2025-03-28 17:57:36,757 - INFO: Loss: 0.090254
2025-03-28 17:57:36,757 - INFO: Training ROC-AUC: 1.000000
2025-03-28 17:57:36,757 - INFO: Validation ROC-AUC: 0.885632
2025-03-28 17:57:39,058 - INFO: Starting epoch 18
2025-03-28 17:57:39,082 - INFO: Evaluating at iteration 35599
2025-03-28 17:57:40,308 - INFO: Loss: 0.107307
2025-03-28 17:57:40,308 - INFO: Training ROC-AUC: 1.000000
2025-03-28 17:57:40,308 - INFO: Validation ROC-AUC: 0.883907
2025-03-28 17:57:52,613 - INFO: Evaluating at iteration 36099
2025-03-28 17:57:53,882 - INFO: Loss: 0.094723
2025-03-28 17:57:53,882 - INFO: Training ROC-AUC: 0.989583
2025-03-28 17:57:53,882 - INFO: Validation ROC-AUC: 0.885450
2025-03-28 17:58:06,067 - INFO: Evaluating at iteration 36599
2025-03-28 17:58:07,341 - INFO: Loss: 0.118590
2025-03-28 17:58:07,341 - INFO: Training ROC-AUC: 1.000000
2025-03-28 17:58:07,341 - INFO: Validation ROC-AUC: 0.885315
2025-03-28 17:58:19,699 - INFO: Evaluating at iteration 37099
2025-03-28 17:58:20,944 - INFO: Loss: 0.023294
2025-03-28 17:58:20,945 - INFO: Training ROC-AUC: 1.000000
2025-03-28 17:58:20,945 - INFO: Validation ROC-AUC: 0.883976
2025-03-28 17:58:33,268 - INFO: Evaluating at iteration 37599
2025-03-28 17:58:34,531 - INFO: Loss: 0.199237
2025-03-28 17:58:34,531 - INFO: Training ROC-AUC: 0.994286
2025-03-28 17:58:34,531 - INFO: Validation ROC-AUC: 0.886283
2025-03-28 17:58:36,858 - INFO: Starting epoch 19
2025-03-28 17:58:36,890 - INFO: Evaluating at iteration 37693
2025-03-28 17:58:38,132 - INFO: Loss: 0.049163
2025-03-28 17:58:38,132 - INFO: Training ROC-AUC: 1.000000
2025-03-28 17:58:38,132 - INFO: Validation ROC-AUC: 0.885342
2025-03-28 17:58:50,561 - INFO: Evaluating at iteration 38193
2025-03-28 17:58:51,813 - INFO: Loss: 0.101543
2025-03-28 17:58:51,813 - INFO: Training ROC-AUC: 0.992593
2025-03-28 17:58:51,813 - INFO: Validation ROC-AUC: 0.883279
2025-03-28 17:59:04,381 - INFO: Evaluating at iteration 38693
2025-03-28 17:59:05,655 - INFO: Loss: 0.056215
2025-03-28 17:59:05,655 - INFO: Training ROC-AUC: 0.992593
2025-03-28 17:59:05,655 - INFO: Validation ROC-AUC: 0.884742
2025-03-28 17:59:18,136 - INFO: Evaluating at iteration 39193
2025-03-28 17:59:19,413 - INFO: Loss: 0.127478
2025-03-28 17:59:19,414 - INFO: Training ROC-AUC: 0.964286
2025-03-28 17:59:19,414 - INFO: Validation ROC-AUC: 0.883640
2025-03-28 17:59:31,904 - INFO: Evaluating at iteration 39693
2025-03-28 17:59:33,148 - INFO: Loss: 0.061900
2025-03-28 17:59:33,148 - INFO: Training ROC-AUC: 1.000000
2025-03-28 17:59:33,148 - INFO: Validation ROC-AUC: 0.884667
2025-03-28 17:59:35,484 - INFO: Starting epoch 20
2025-03-28 17:59:35,507 - INFO: Evaluating at iteration 39787
2025-03-28 17:59:36,776 - INFO: Loss: 0.054127
2025-03-28 17:59:36,776 - INFO: Training ROC-AUC: 1.000000
2025-03-28 17:59:36,776 - INFO: Validation ROC-AUC: 0.884907
2025-03-28 17:59:49,257 - INFO: Evaluating at iteration 40287
2025-03-28 17:59:50,522 - INFO: Loss: 0.144760
2025-03-28 17:59:50,522 - INFO: Training ROC-AUC: 0.980769
2025-03-28 17:59:50,522 - INFO: Validation ROC-AUC: 0.883814
2025-03-28 18:00:03,068 - INFO: Evaluating at iteration 40787
2025-03-28 18:00:04,314 - INFO: Loss: 0.181136
2025-03-28 18:00:04,314 - INFO: Training ROC-AUC: 0.955556
2025-03-28 18:00:04,314 - INFO: Validation ROC-AUC: 0.882684
2025-03-28 18:00:17,056 - INFO: Evaluating at iteration 41287
2025-03-28 18:00:18,320 - INFO: Loss: 0.103819
2025-03-28 18:00:18,320 - INFO: Training ROC-AUC: 0.992593
2025-03-28 18:00:18,320 - INFO: Validation ROC-AUC: 0.883979
2025-03-28 18:00:30,788 - INFO: Evaluating at iteration 41787
2025-03-28 18:00:32,033 - INFO: Loss: 0.220553
2025-03-28 18:00:32,033 - INFO: Training ROC-AUC: 0.989583
2025-03-28 18:00:32,033 - INFO: Validation ROC-AUC: 0.884454
2025-03-28 18:00:34,398 - INFO: Starting epoch 21
2025-03-28 18:00:34,421 - INFO: Evaluating at iteration 41881
2025-03-28 18:00:35,671 - INFO: Loss: 0.061926
2025-03-28 18:00:35,671 - INFO: Training ROC-AUC: 1.000000
2025-03-28 18:00:35,671 - INFO: Validation ROC-AUC: 0.884653
2025-03-28 18:00:48,305 - INFO: Evaluating at iteration 42381
2025-03-28 18:00:49,579 - INFO: Loss: 0.094894
2025-03-28 18:00:49,579 - INFO: Training ROC-AUC: 0.993590
2025-03-28 18:00:49,579 - INFO: Validation ROC-AUC: 0.884654
2025-03-28 18:01:02,389 - INFO: Evaluating at iteration 42881
2025-03-28 18:01:03,658 - INFO: Loss: 0.160857
2025-03-28 18:01:03,658 - INFO: Training ROC-AUC: 0.970370
2025-03-28 18:01:03,658 - INFO: Validation ROC-AUC: 0.884283
2025-03-28 18:01:16,351 - INFO: Evaluating at iteration 43381
2025-03-28 18:01:17,623 - INFO: Loss: 0.086750
2025-03-28 18:01:17,623 - INFO: Training ROC-AUC: 1.000000
2025-03-28 18:01:17,623 - INFO: Validation ROC-AUC: 0.883833
2025-03-28 18:01:30,169 - INFO: Evaluating at iteration 43881
2025-03-28 18:01:31,437 - INFO: Loss: 0.044589
2025-03-28 18:01:31,438 - INFO: Training ROC-AUC: 1.000000
2025-03-28 18:01:31,438 - INFO: Validation ROC-AUC: 0.883326
2025-03-28 18:01:33,777 - INFO: Starting epoch 22
2025-03-28 18:01:33,799 - INFO: Evaluating at iteration 43975
2025-03-28 18:01:35,063 - INFO: Loss: 0.029354
2025-03-28 18:01:35,063 - INFO: Training ROC-AUC: 1.000000
2025-03-28 18:01:35,063 - INFO: Validation ROC-AUC: 0.882152
2025-03-28 18:01:47,590 - INFO: Evaluating at iteration 44475
2025-03-28 18:01:48,817 - INFO: Loss: 0.019840
2025-03-28 18:01:48,818 - INFO: Training ROC-AUC: 1.000000
2025-03-28 18:01:48,818 - INFO: Validation ROC-AUC: 0.884387
2025-03-28 18:02:01,305 - INFO: Evaluating at iteration 44975
2025-03-28 18:02:02,568 - INFO: Loss: 0.040027
2025-03-28 18:02:02,568 - INFO: Training ROC-AUC: 1.000000
2025-03-28 18:02:02,568 - INFO: Validation ROC-AUC: 0.884802
2025-03-28 18:02:15,179 - INFO: Evaluating at iteration 45475
2025-03-28 18:02:16,424 - INFO: Loss: 0.041020
2025-03-28 18:02:16,424 - INFO: Training ROC-AUC: 1.000000
2025-03-28 18:02:16,424 - INFO: Validation ROC-AUC: 0.885390
2025-03-28 18:02:29,021 - INFO: Evaluating at iteration 45975
2025-03-28 18:02:30,273 - INFO: Loss: 0.090911
2025-03-28 18:02:30,273 - INFO: Training ROC-AUC: 1.000000
2025-03-28 18:02:30,273 - INFO: Validation ROC-AUC: 0.882197
2025-03-28 18:02:32,660 - INFO: Starting epoch 23
2025-03-28 18:02:32,687 - INFO: Evaluating at iteration 46069
2025-03-28 18:02:33,933 - INFO: Loss: 0.021303
2025-03-28 18:02:33,934 - INFO: Training ROC-AUC: 1.000000
2025-03-28 18:02:33,934 - INFO: Validation ROC-AUC: 0.884366
2025-03-28 18:02:46,475 - INFO: Evaluating at iteration 46569
2025-03-28 18:02:47,766 - INFO: Loss: 0.092165
2025-03-28 18:02:47,767 - INFO: Training ROC-AUC: 1.000000
2025-03-28 18:02:47,767 - INFO: Validation ROC-AUC: 0.883631
2025-03-28 18:03:00,532 - INFO: Evaluating at iteration 47069
2025-03-28 18:03:01,787 - INFO: Loss: 0.038128
2025-03-28 18:03:01,787 - INFO: Training ROC-AUC: 1.000000
2025-03-28 18:03:01,788 - INFO: Validation ROC-AUC: 0.883979
2025-03-28 18:03:14,436 - INFO: Evaluating at iteration 47569
2025-03-28 18:03:15,704 - INFO: Loss: 0.096485
2025-03-28 18:03:15,705 - INFO: Training ROC-AUC: 0.994286
2025-03-28 18:03:15,705 - INFO: Validation ROC-AUC: 0.883575
2025-03-28 18:03:28,249 - INFO: Evaluating at iteration 48069
2025-03-28 18:03:29,534 - INFO: Loss: 0.064450
2025-03-28 18:03:29,534 - INFO: Training ROC-AUC: 1.000000
2025-03-28 18:03:29,534 - INFO: Validation ROC-AUC: 0.883799
2025-03-28 18:03:31,897 - INFO: Starting epoch 24
2025-03-28 18:03:31,924 - INFO: Evaluating at iteration 48163
2025-03-28 18:03:33,188 - INFO: Loss: 0.087892
2025-03-28 18:03:33,188 - INFO: Training ROC-AUC: 0.993590
2025-03-28 18:03:33,188 - INFO: Validation ROC-AUC: 0.884234
2025-03-28 18:03:45,742 - INFO: Evaluating at iteration 48663
2025-03-28 18:03:46,995 - INFO: Loss: 0.046083
2025-03-28 18:03:46,995 - INFO: Training ROC-AUC: 1.000000
2025-03-28 18:03:46,995 - INFO: Validation ROC-AUC: 0.883037
2025-03-28 18:03:59,406 - INFO: Evaluating at iteration 49163
2025-03-28 18:04:00,681 - INFO: Loss: 0.028998
2025-03-28 18:04:00,681 - INFO: Training ROC-AUC: 1.000000
2025-03-28 18:04:00,681 - INFO: Validation ROC-AUC: 0.883873
2025-03-28 18:04:13,396 - INFO: Evaluating at iteration 49663
2025-03-28 18:04:14,682 - INFO: Loss: 0.114534
2025-03-28 18:04:14,683 - INFO: Training ROC-AUC: 0.984375
2025-03-28 18:04:14,683 - INFO: Validation ROC-AUC: 0.885003
2025-03-28 18:04:27,247 - INFO: Evaluating at iteration 50163
2025-03-28 18:04:28,527 - INFO: Loss: 0.015282
2025-03-28 18:04:28,527 - INFO: Training ROC-AUC: 1.000000
2025-03-28 18:04:28,527 - INFO: Validation ROC-AUC: 0.883034
2025-03-28 18:04:30,903 - INFO: Starting epoch 25
2025-03-28 18:04:30,931 - INFO: Evaluating at iteration 50257
2025-03-28 18:04:32,171 - INFO: Loss: 0.020185
2025-03-28 18:04:32,171 - INFO: Training ROC-AUC: 1.000000
2025-03-28 18:04:32,171 - INFO: Validation ROC-AUC: 0.884045
2025-03-28 18:04:44,617 - INFO: Evaluating at iteration 50757
2025-03-28 18:04:45,882 - INFO: Loss: 0.079525
2025-03-28 18:04:45,883 - INFO: Training ROC-AUC: 1.000000
2025-03-28 18:04:45,883 - INFO: Validation ROC-AUC: 0.884114
2025-03-28 18:04:58,301 - INFO: Evaluating at iteration 51257
2025-03-28 18:04:59,570 - INFO: Loss: 0.053679
2025-03-28 18:04:59,570 - INFO: Training ROC-AUC: 1.000000
2025-03-28 18:04:59,570 - INFO: Validation ROC-AUC: 0.882440
2025-03-28 18:05:12,083 - INFO: Evaluating at iteration 51757
2025-03-28 18:05:13,363 - INFO: Loss: 0.034170
2025-03-28 18:05:13,363 - INFO: Training ROC-AUC: 1.000000
2025-03-28 18:05:13,363 - INFO: Validation ROC-AUC: 0.882458
2025-03-28 18:05:25,739 - INFO: Evaluating at iteration 52257
2025-03-28 18:05:27,014 - INFO: Loss: 0.018381
2025-03-28 18:05:27,014 - INFO: Training ROC-AUC: 1.000000
2025-03-28 18:05:27,014 - INFO: Validation ROC-AUC: 0.883291
2025-03-28 18:05:29,339 - INFO: Saving model to models/TCRStructMap_tcr_levenshtein_split_sequence_only/model_3.pt
2025-03-28 18:05:29,358 - INFO: Starting fold 4
2025-03-28 18:05:29,359 - INFO: Initialising model
2025-03-28 18:05:29,370 - INFO: Starting training
2025-03-28 18:05:29,370 - INFO: Starting epoch 1
2025-03-28 18:05:29,395 - INFO: Evaluating at iteration 1
2025-03-28 18:05:30,635 - INFO: Loss: 0.690203
2025-03-28 18:05:30,635 - INFO: Training ROC-AUC: 0.542857
2025-03-28 18:05:30,635 - INFO: Validation ROC-AUC: 0.492892
2025-03-28 18:05:41,423 - INFO: Evaluating at iteration 501
2025-03-28 18:05:42,678 - INFO: Loss: 0.402020
2025-03-28 18:05:42,678 - INFO: Training ROC-AUC: 0.725714
2025-03-28 18:05:42,678 - INFO: Validation ROC-AUC: 0.612468
2025-03-28 18:05:53,614 - INFO: Evaluating at iteration 1001
2025-03-28 18:05:54,848 - INFO: Loss: 0.272960
2025-03-28 18:05:54,849 - INFO: Training ROC-AUC: 0.741071
2025-03-28 18:05:54,849 - INFO: Validation ROC-AUC: 0.672575
2025-03-28 18:06:05,635 - INFO: Evaluating at iteration 1501
2025-03-28 18:06:06,880 - INFO: Loss: 0.418784
2025-03-28 18:06:06,880 - INFO: Training ROC-AUC: 0.666667
2025-03-28 18:06:06,880 - INFO: Validation ROC-AUC: 0.694769
2025-03-28 18:06:17,663 - INFO: Evaluating at iteration 2001
2025-03-28 18:06:18,973 - INFO: Loss: 0.369832
2025-03-28 18:06:18,973 - INFO: Training ROC-AUC: 0.724359
2025-03-28 18:06:18,973 - INFO: Validation ROC-AUC: 0.758220
2025-03-28 18:06:21,039 - INFO: Starting epoch 2
2025-03-28 18:06:21,062 - INFO: Evaluating at iteration 2098
2025-03-28 18:06:22,320 - INFO: Loss: 0.449864
2025-03-28 18:06:22,321 - INFO: Training ROC-AUC: 0.742857
2025-03-28 18:06:22,321 - INFO: Validation ROC-AUC: 0.761496
2025-03-28 18:06:33,170 - INFO: Evaluating at iteration 2598
2025-03-28 18:06:34,403 - INFO: Loss: 0.482190
2025-03-28 18:06:34,403 - INFO: Training ROC-AUC: 0.822917
2025-03-28 18:06:34,403 - INFO: Validation ROC-AUC: 0.779041
2025-03-28 18:06:45,310 - INFO: Evaluating at iteration 3098
2025-03-28 18:06:46,549 - INFO: Loss: 0.171639
2025-03-28 18:06:46,549 - INFO: Training ROC-AUC: 0.983333
2025-03-28 18:06:46,549 - INFO: Validation ROC-AUC: 0.797751
2025-03-28 18:06:57,443 - INFO: Evaluating at iteration 3598
2025-03-28 18:06:58,708 - INFO: Loss: 0.380035
2025-03-28 18:06:58,708 - INFO: Training ROC-AUC: 0.885714
2025-03-28 18:06:58,708 - INFO: Validation ROC-AUC: 0.811583
2025-03-28 18:07:09,721 - INFO: Evaluating at iteration 4098
2025-03-28 18:07:10,953 - INFO: Loss: 0.242719
2025-03-28 18:07:10,953 - INFO: Training ROC-AUC: 0.967742
2025-03-28 18:07:10,953 - INFO: Validation ROC-AUC: 0.823439
2025-03-28 18:07:13,074 - INFO: Starting epoch 3
2025-03-28 18:07:13,097 - INFO: Evaluating at iteration 4195
2025-03-28 18:07:14,344 - INFO: Loss: 0.284858
2025-03-28 18:07:14,344 - INFO: Training ROC-AUC: 0.866667
2025-03-28 18:07:14,344 - INFO: Validation ROC-AUC: 0.822596
2025-03-28 18:07:25,378 - INFO: Evaluating at iteration 4695
2025-03-28 18:07:26,624 - INFO: Loss: 0.432170
2025-03-28 18:07:26,625 - INFO: Training ROC-AUC: 0.756410
2025-03-28 18:07:26,625 - INFO: Validation ROC-AUC: 0.824024
2025-03-28 18:07:37,769 - INFO: Evaluating at iteration 5195
2025-03-28 18:07:39,003 - INFO: Loss: 0.363183
2025-03-28 18:07:39,003 - INFO: Training ROC-AUC: 0.735632
2025-03-28 18:07:39,003 - INFO: Validation ROC-AUC: 0.832903
2025-03-28 18:07:50,174 - INFO: Evaluating at iteration 5695
2025-03-28 18:07:51,408 - INFO: Loss: 0.300555
2025-03-28 18:07:51,409 - INFO: Training ROC-AUC: 0.925714
2025-03-28 18:07:51,409 - INFO: Validation ROC-AUC: 0.836036
2025-03-28 18:08:02,542 - INFO: Evaluating at iteration 6195
2025-03-28 18:08:03,791 - INFO: Loss: 0.225628
2025-03-28 18:08:03,791 - INFO: Training ROC-AUC: 0.937500
2025-03-28 18:08:03,792 - INFO: Validation ROC-AUC: 0.838026
2025-03-28 18:08:05,974 - INFO: Starting epoch 4
2025-03-28 18:08:05,999 - INFO: Evaluating at iteration 6292
2025-03-28 18:08:07,234 - INFO: Loss: 0.229345
2025-03-28 18:08:07,234 - INFO: Training ROC-AUC: 0.827586
2025-03-28 18:08:07,234 - INFO: Validation ROC-AUC: 0.839070
2025-03-28 18:08:18,408 - INFO: Evaluating at iteration 6792
2025-03-28 18:08:19,662 - INFO: Loss: 0.431677
2025-03-28 18:08:19,662 - INFO: Training ROC-AUC: 0.859903
2025-03-28 18:08:19,662 - INFO: Validation ROC-AUC: 0.842434
2025-03-28 18:08:30,961 - INFO: Evaluating at iteration 7292
2025-03-28 18:08:32,202 - INFO: Loss: 0.163336
2025-03-28 18:08:32,202 - INFO: Training ROC-AUC: 0.900000
2025-03-28 18:08:32,202 - INFO: Validation ROC-AUC: 0.846134
2025-03-28 18:08:43,453 - INFO: Evaluating at iteration 7792
2025-03-28 18:08:44,722 - INFO: Loss: 0.199941
2025-03-28 18:08:44,722 - INFO: Training ROC-AUC: 0.896552
2025-03-28 18:08:44,722 - INFO: Validation ROC-AUC: 0.845942
2025-03-28 18:08:55,933 - INFO: Evaluating at iteration 8292
2025-03-28 18:08:57,191 - INFO: Loss: 0.392311
2025-03-28 18:08:57,191 - INFO: Training ROC-AUC: 0.782051
2025-03-28 18:08:57,191 - INFO: Validation ROC-AUC: 0.849536
2025-03-28 18:08:59,417 - INFO: Starting epoch 5
2025-03-28 18:08:59,444 - INFO: Evaluating at iteration 8389
2025-03-28 18:09:00,706 - INFO: Loss: 0.164326
2025-03-28 18:09:00,706 - INFO: Training ROC-AUC: 0.935484
2025-03-28 18:09:00,706 - INFO: Validation ROC-AUC: 0.852068
2025-03-28 18:09:12,106 - INFO: Evaluating at iteration 8889
2025-03-28 18:09:13,364 - INFO: Loss: 0.291513
2025-03-28 18:09:13,364 - INFO: Training ROC-AUC: 0.917874
2025-03-28 18:09:13,365 - INFO: Validation ROC-AUC: 0.849636
2025-03-28 18:09:24,532 - INFO: Evaluating at iteration 9389
2025-03-28 18:09:25,793 - INFO: Loss: 0.149495
2025-03-28 18:09:25,793 - INFO: Training ROC-AUC: 1.000000
2025-03-28 18:09:25,793 - INFO: Validation ROC-AUC: 0.852565
2025-03-28 18:09:37,025 - INFO: Evaluating at iteration 9889
2025-03-28 18:09:38,289 - INFO: Loss: 0.253333
2025-03-28 18:09:38,289 - INFO: Training ROC-AUC: 0.888889
2025-03-28 18:09:38,289 - INFO: Validation ROC-AUC: 0.853794
2025-03-28 18:09:49,567 - INFO: Evaluating at iteration 10389
2025-03-28 18:09:50,804 - INFO: Loss: 0.243171
2025-03-28 18:09:50,804 - INFO: Training ROC-AUC: 0.896296
2025-03-28 18:09:50,805 - INFO: Validation ROC-AUC: 0.855086
2025-03-28 18:09:53,011 - INFO: Starting epoch 6
2025-03-28 18:09:53,035 - INFO: Evaluating at iteration 10486
2025-03-28 18:09:54,272 - INFO: Loss: 0.193994
2025-03-28 18:09:54,272 - INFO: Training ROC-AUC: 0.919540
2025-03-28 18:09:54,272 - INFO: Validation ROC-AUC: 0.857081
2025-03-28 18:10:05,725 - INFO: Evaluating at iteration 10986
2025-03-28 18:10:06,995 - INFO: Loss: 0.103504
2025-03-28 18:10:06,995 - INFO: Training ROC-AUC: 0.992593
2025-03-28 18:10:06,995 - INFO: Validation ROC-AUC: 0.856081
2025-03-28 18:10:18,288 - INFO: Evaluating at iteration 11486
2025-03-28 18:10:19,532 - INFO: Loss: 0.295581
2025-03-28 18:10:19,532 - INFO: Training ROC-AUC: 0.866071
2025-03-28 18:10:19,532 - INFO: Validation ROC-AUC: 0.856149
2025-03-28 18:10:30,815 - INFO: Evaluating at iteration 11986
2025-03-28 18:10:32,084 - INFO: Loss: 0.160351
2025-03-28 18:10:32,085 - INFO: Training ROC-AUC: 0.970370
2025-03-28 18:10:32,085 - INFO: Validation ROC-AUC: 0.856261
2025-03-28 18:10:43,264 - INFO: Evaluating at iteration 12486
2025-03-28 18:10:44,534 - INFO: Loss: 0.336417
2025-03-28 18:10:44,534 - INFO: Training ROC-AUC: 0.897143
2025-03-28 18:10:44,534 - INFO: Validation ROC-AUC: 0.860073
2025-03-28 18:10:46,678 - INFO: Starting epoch 7
2025-03-28 18:10:46,701 - INFO: Evaluating at iteration 12583
2025-03-28 18:10:47,936 - INFO: Loss: 0.236295
2025-03-28 18:10:47,936 - INFO: Training ROC-AUC: 0.827586
2025-03-28 18:10:47,936 - INFO: Validation ROC-AUC: 0.858680
2025-03-28 18:10:59,234 - INFO: Evaluating at iteration 13083
2025-03-28 18:11:00,475 - INFO: Loss: 0.132315
2025-03-28 18:11:00,475 - INFO: Training ROC-AUC: 0.982143
2025-03-28 18:11:00,475 - INFO: Validation ROC-AUC: 0.857592
2025-03-28 18:11:11,888 - INFO: Evaluating at iteration 13583
2025-03-28 18:11:13,149 - INFO: Loss: 0.323813
2025-03-28 18:11:13,150 - INFO: Training ROC-AUC: 0.911111
2025-03-28 18:11:13,150 - INFO: Validation ROC-AUC: 0.856509
2025-03-28 18:11:24,435 - INFO: Evaluating at iteration 14083
2025-03-28 18:11:25,671 - INFO: Loss: 0.194266
2025-03-28 18:11:25,672 - INFO: Training ROC-AUC: 0.973214
2025-03-28 18:11:25,672 - INFO: Validation ROC-AUC: 0.857555
2025-03-28 18:11:36,837 - INFO: Evaluating at iteration 14583
2025-03-28 18:11:38,069 - INFO: Loss: 0.285722
2025-03-28 18:11:38,069 - INFO: Training ROC-AUC: 0.896296
2025-03-28 18:11:38,069 - INFO: Validation ROC-AUC: 0.860251
2025-03-28 18:11:40,259 - INFO: Starting epoch 8
2025-03-28 18:11:40,283 - INFO: Evaluating at iteration 14680
2025-03-28 18:11:41,516 - INFO: Loss: 0.143299
2025-03-28 18:11:41,516 - INFO: Training ROC-AUC: 1.000000
2025-03-28 18:11:41,516 - INFO: Validation ROC-AUC: 0.860027
2025-03-28 18:11:52,739 - INFO: Evaluating at iteration 15180
2025-03-28 18:11:54,060 - INFO: Loss: 0.126962
2025-03-28 18:11:54,060 - INFO: Training ROC-AUC: 1.000000
2025-03-28 18:11:54,060 - INFO: Validation ROC-AUC: 0.857090
2025-03-28 18:12:05,358 - INFO: Evaluating at iteration 15680
2025-03-28 18:12:06,612 - INFO: Loss: 0.351116
2025-03-28 18:12:06,612 - INFO: Training ROC-AUC: 0.890625
2025-03-28 18:12:06,612 - INFO: Validation ROC-AUC: 0.859801
2025-03-28 18:12:17,745 - INFO: Evaluating at iteration 16180
2025-03-28 18:12:18,985 - INFO: Loss: 0.324002
2025-03-28 18:12:18,985 - INFO: Training ROC-AUC: 0.916667
2025-03-28 18:12:18,985 - INFO: Validation ROC-AUC: 0.859900
2025-03-28 18:12:30,167 - INFO: Evaluating at iteration 16680
2025-03-28 18:12:31,430 - INFO: Loss: 0.089711
2025-03-28 18:12:31,431 - INFO: Training ROC-AUC: 1.000000
2025-03-28 18:12:31,431 - INFO: Validation ROC-AUC: 0.863372
2025-03-28 18:12:33,607 - INFO: Starting epoch 9
2025-03-28 18:12:33,630 - INFO: Evaluating at iteration 16777
2025-03-28 18:12:34,867 - INFO: Loss: 0.249496
2025-03-28 18:12:34,867 - INFO: Training ROC-AUC: 0.901786
2025-03-28 18:12:34,867 - INFO: Validation ROC-AUC: 0.862411
2025-03-28 18:12:46,039 - INFO: Evaluating at iteration 17277
2025-03-28 18:12:47,294 - INFO: Loss: 0.162760
2025-03-28 18:12:47,294 - INFO: Training ROC-AUC: 0.964286
2025-03-28 18:12:47,294 - INFO: Validation ROC-AUC: 0.861421
2025-03-28 18:12:58,477 - INFO: Evaluating at iteration 17777
2025-03-28 18:12:59,723 - INFO: Loss: 0.201250
2025-03-28 18:12:59,724 - INFO: Training ROC-AUC: 0.965714
2025-03-28 18:12:59,724 - INFO: Validation ROC-AUC: 0.861352
2025-03-28 18:13:10,811 - INFO: Evaluating at iteration 18277
2025-03-28 18:13:12,095 - INFO: Loss: 0.181276
2025-03-28 18:13:12,095 - INFO: Training ROC-AUC: 0.973214
2025-03-28 18:13:12,095 - INFO: Validation ROC-AUC: 0.861550
2025-03-28 18:13:23,149 - INFO: Evaluating at iteration 18777
2025-03-28 18:13:24,366 - INFO: Loss: 0.241165
2025-03-28 18:13:24,367 - INFO: Training ROC-AUC: 0.821429
2025-03-28 18:13:24,367 - INFO: Validation ROC-AUC: 0.863045
2025-03-28 18:13:26,579 - INFO: Starting epoch 10
2025-03-28 18:13:26,602 - INFO: Evaluating at iteration 18874
2025-03-28 18:13:27,826 - INFO: Loss: 0.189546
2025-03-28 18:13:27,826 - INFO: Training ROC-AUC: 0.948148
2025-03-28 18:13:27,826 - INFO: Validation ROC-AUC: 0.862223
2025-03-28 18:13:38,959 - INFO: Evaluating at iteration 19374
2025-03-28 18:13:40,219 - INFO: Loss: 0.233827
2025-03-28 18:13:40,219 - INFO: Training ROC-AUC: 0.962963
2025-03-28 18:13:40,219 - INFO: Validation ROC-AUC: 0.861664
2025-03-28 18:13:51,264 - INFO: Evaluating at iteration 19874
2025-03-28 18:13:52,520 - INFO: Loss: 0.241612
2025-03-28 18:13:52,520 - INFO: Training ROC-AUC: 0.960000
2025-03-28 18:13:52,520 - INFO: Validation ROC-AUC: 0.860675
2025-03-28 18:14:03,598 - INFO: Evaluating at iteration 20374
2025-03-28 18:14:04,835 - INFO: Loss: 0.118692
2025-03-28 18:14:04,835 - INFO: Training ROC-AUC: 0.982143
2025-03-28 18:14:04,835 - INFO: Validation ROC-AUC: 0.863963
2025-03-28 18:14:15,782 - INFO: Evaluating at iteration 20874
2025-03-28 18:14:17,015 - INFO: Loss: 0.180141
2025-03-28 18:14:17,015 - INFO: Training ROC-AUC: 0.937500
2025-03-28 18:14:17,015 - INFO: Validation ROC-AUC: 0.864343
2025-03-28 18:14:19,118 - INFO: Starting epoch 11
2025-03-28 18:14:19,141 - INFO: Evaluating at iteration 20971
2025-03-28 18:14:20,382 - INFO: Loss: 0.115011
2025-03-28 18:14:20,382 - INFO: Training ROC-AUC: 0.987179
2025-03-28 18:14:20,382 - INFO: Validation ROC-AUC: 0.866709
2025-03-28 18:14:31,470 - INFO: Evaluating at iteration 21471
2025-03-28 18:14:32,710 - INFO: Loss: 0.118850
2025-03-28 18:14:32,710 - INFO: Training ROC-AUC: 0.954023
2025-03-28 18:14:32,710 - INFO: Validation ROC-AUC: 0.864458
2025-03-28 18:14:43,761 - INFO: Evaluating at iteration 21971
2025-03-28 18:14:45,022 - INFO: Loss: 0.198617
2025-03-28 18:14:45,022 - INFO: Training ROC-AUC: 0.973958
2025-03-28 18:14:45,022 - INFO: Validation ROC-AUC: 0.863391
2025-03-28 18:14:56,156 - INFO: Evaluating at iteration 22471
2025-03-28 18:14:57,418 - INFO: Loss: 0.171766
2025-03-28 18:14:57,418 - INFO: Training ROC-AUC: 0.900000
2025-03-28 18:14:57,418 - INFO: Validation ROC-AUC: 0.861415
2025-03-28 18:15:08,566 - INFO: Evaluating at iteration 22971
2025-03-28 18:15:09,855 - INFO: Loss: 0.313578
2025-03-28 18:15:09,855 - INFO: Training ROC-AUC: 0.884615
2025-03-28 18:15:09,855 - INFO: Validation ROC-AUC: 0.864987
2025-03-28 18:15:11,993 - INFO: Starting epoch 12
2025-03-28 18:15:12,016 - INFO: Evaluating at iteration 23068
2025-03-28 18:15:13,285 - INFO: Loss: 0.202974
2025-03-28 18:15:13,285 - INFO: Training ROC-AUC: 0.896552
2025-03-28 18:15:13,285 - INFO: Validation ROC-AUC: 0.863882
2025-03-28 18:15:24,364 - INFO: Evaluating at iteration 23568
2025-03-28 18:15:25,599 - INFO: Loss: 0.081680
2025-03-28 18:15:25,599 - INFO: Training ROC-AUC: 1.000000
2025-03-28 18:15:25,599 - INFO: Validation ROC-AUC: 0.862694
2025-03-28 18:15:36,734 - INFO: Evaluating at iteration 24068
2025-03-28 18:15:37,967 - INFO: Loss: 0.084561
2025-03-28 18:15:37,967 - INFO: Training ROC-AUC: 1.000000
2025-03-28 18:15:37,967 - INFO: Validation ROC-AUC: 0.860291
2025-03-28 18:15:49,202 - INFO: Evaluating at iteration 24568
2025-03-28 18:15:50,464 - INFO: Loss: 0.099919
2025-03-28 18:15:50,464 - INFO: Training ROC-AUC: 1.000000
2025-03-28 18:15:50,464 - INFO: Validation ROC-AUC: 0.860772
2025-03-28 18:16:01,579 - INFO: Evaluating at iteration 25068
2025-03-28 18:16:02,832 - INFO: Loss: 0.123154
2025-03-28 18:16:02,833 - INFO: Training ROC-AUC: 0.992593
2025-03-28 18:16:02,833 - INFO: Validation ROC-AUC: 0.863377
2025-03-28 18:16:04,994 - INFO: Starting epoch 13
2025-03-28 18:16:05,020 - INFO: Evaluating at iteration 25165
2025-03-28 18:16:06,260 - INFO: Loss: 0.128605
2025-03-28 18:16:06,261 - INFO: Training ROC-AUC: 0.973214
2025-03-28 18:16:06,261 - INFO: Validation ROC-AUC: 0.864728
2025-03-28 18:16:17,451 - INFO: Evaluating at iteration 25665
2025-03-28 18:16:18,706 - INFO: Loss: 0.111202
2025-03-28 18:16:18,706 - INFO: Training ROC-AUC: 0.991071
2025-03-28 18:16:18,706 - INFO: Validation ROC-AUC: 0.861650
2025-03-28 18:16:29,795 - INFO: Evaluating at iteration 26165
2025-03-28 18:16:31,038 - INFO: Loss: 0.262248
2025-03-28 18:16:31,038 - INFO: Training ROC-AUC: 0.932292
2025-03-28 18:16:31,038 - INFO: Validation ROC-AUC: 0.864325
2025-03-28 18:16:42,043 - INFO: Evaluating at iteration 26665
2025-03-28 18:16:43,282 - INFO: Loss: 0.074440
2025-03-28 18:16:43,282 - INFO: Training ROC-AUC: 1.000000
2025-03-28 18:16:43,282 - INFO: Validation ROC-AUC: 0.861983
2025-03-28 18:16:54,382 - INFO: Evaluating at iteration 27165
2025-03-28 18:16:55,655 - INFO: Loss: 0.172894
2025-03-28 18:16:55,655 - INFO: Training ROC-AUC: 0.965714
2025-03-28 18:16:55,655 - INFO: Validation ROC-AUC: 0.862662
2025-03-28 18:16:57,790 - INFO: Starting epoch 14
2025-03-28 18:16:57,812 - INFO: Evaluating at iteration 27262
2025-03-28 18:16:59,052 - INFO: Loss: 0.083335
2025-03-28 18:16:59,052 - INFO: Training ROC-AUC: 1.000000
2025-03-28 18:16:59,052 - INFO: Validation ROC-AUC: 0.862590
2025-03-28 18:17:10,129 - INFO: Evaluating at iteration 27762
2025-03-28 18:17:11,394 - INFO: Loss: 0.093722
2025-03-28 18:17:11,394 - INFO: Training ROC-AUC: 0.992593
2025-03-28 18:17:11,394 - INFO: Validation ROC-AUC: 0.861563
2025-03-28 18:17:22,578 - INFO: Evaluating at iteration 28262
2025-03-28 18:17:23,839 - INFO: Loss: 0.138684
2025-03-28 18:17:23,840 - INFO: Training ROC-AUC: 0.942529
2025-03-28 18:17:23,840 - INFO: Validation ROC-AUC: 0.863272
2025-03-28 18:17:35,081 - INFO: Evaluating at iteration 28762
2025-03-28 18:17:36,351 - INFO: Loss: 0.099907
2025-03-28 18:17:36,351 - INFO: Training ROC-AUC: 0.992593
2025-03-28 18:17:36,351 - INFO: Validation ROC-AUC: 0.862038
2025-03-28 18:17:47,568 - INFO: Evaluating at iteration 29262
2025-03-28 18:17:48,840 - INFO: Loss: 0.281040
2025-03-28 18:17:48,840 - INFO: Training ROC-AUC: 0.937500
2025-03-28 18:17:48,840 - INFO: Validation ROC-AUC: 0.862785
2025-03-28 18:17:51,001 - INFO: Starting epoch 15
2025-03-28 18:17:51,024 - INFO: Evaluating at iteration 29359
2025-03-28 18:17:52,281 - INFO: Loss: 0.076023
2025-03-28 18:17:52,281 - INFO: Training ROC-AUC: 1.000000
2025-03-28 18:17:52,281 - INFO: Validation ROC-AUC: 0.862473
2025-03-28 18:18:03,635 - INFO: Evaluating at iteration 29859
2025-03-28 18:18:04,876 - INFO: Loss: 0.115432
2025-03-28 18:18:04,876 - INFO: Training ROC-AUC: 0.955357
2025-03-28 18:18:04,876 - INFO: Validation ROC-AUC: 0.863107
2025-03-28 18:18:16,234 - INFO: Evaluating at iteration 30359
2025-03-28 18:18:17,488 - INFO: Loss: 0.120802
2025-03-28 18:18:17,489 - INFO: Training ROC-AUC: 0.965517
2025-03-28 18:18:17,489 - INFO: Validation ROC-AUC: 0.862159
2025-03-28 18:18:28,937 - INFO: Evaluating at iteration 30859
2025-03-28 18:18:30,173 - INFO: Loss: 0.172251
2025-03-28 18:18:30,174 - INFO: Training ROC-AUC: 0.961538
2025-03-28 18:18:30,174 - INFO: Validation ROC-AUC: 0.860319
2025-03-28 18:18:41,533 - INFO: Evaluating at iteration 31359
2025-03-28 18:18:42,819 - INFO: Loss: 0.289693
2025-03-28 18:18:42,819 - INFO: Training ROC-AUC: 0.911111
2025-03-28 18:18:42,819 - INFO: Validation ROC-AUC: 0.861796
2025-03-28 18:18:45,018 - INFO: Starting epoch 16
2025-03-28 18:18:45,040 - INFO: Evaluating at iteration 31456
2025-03-28 18:18:46,282 - INFO: Loss: 0.103588
2025-03-28 18:18:46,282 - INFO: Training ROC-AUC: 1.000000
2025-03-28 18:18:46,282 - INFO: Validation ROC-AUC: 0.859330
2025-03-28 18:18:57,591 - INFO: Evaluating at iteration 31956
2025-03-28 18:18:58,859 - INFO: Loss: 0.085890
2025-03-28 18:18:58,859 - INFO: Training ROC-AUC: 1.000000
2025-03-28 18:18:58,859 - INFO: Validation ROC-AUC: 0.861489
2025-03-28 18:19:10,321 - INFO: Evaluating at iteration 32456
2025-03-28 18:19:11,577 - INFO: Loss: 0.108041
2025-03-28 18:19:11,577 - INFO: Training ROC-AUC: 0.982857
2025-03-28 18:19:11,577 - INFO: Validation ROC-AUC: 0.862127
2025-03-28 18:19:23,154 - INFO: Evaluating at iteration 32956
2025-03-28 18:19:24,387 - INFO: Loss: 0.089471
2025-03-28 18:19:24,388 - INFO: Training ROC-AUC: 0.993590
2025-03-28 18:19:24,388 - INFO: Validation ROC-AUC: 0.860690
2025-03-28 18:19:35,945 - INFO: Evaluating at iteration 33456
2025-03-28 18:19:37,182 - INFO: Loss: 0.069656
2025-03-28 18:19:37,182 - INFO: Training ROC-AUC: 1.000000
2025-03-28 18:19:37,182 - INFO: Validation ROC-AUC: 0.860495
2025-03-28 18:19:39,464 - INFO: Starting epoch 17
2025-03-28 18:19:39,491 - INFO: Evaluating at iteration 33553
2025-03-28 18:19:40,727 - INFO: Loss: 0.109557
2025-03-28 18:19:40,727 - INFO: Training ROC-AUC: 0.982143
2025-03-28 18:19:40,727 - INFO: Validation ROC-AUC: 0.861624
2025-03-28 18:19:52,537 - INFO: Evaluating at iteration 34053
2025-03-28 18:19:53,789 - INFO: Loss: 0.109184
2025-03-28 18:19:53,789 - INFO: Training ROC-AUC: 0.985185
2025-03-28 18:19:53,789 - INFO: Validation ROC-AUC: 0.860254
2025-03-28 18:20:05,692 - INFO: Evaluating at iteration 34553
2025-03-28 18:20:06,947 - INFO: Loss: 0.069929
2025-03-28 18:20:06,947 - INFO: Training ROC-AUC: 1.000000
2025-03-28 18:20:06,947 - INFO: Validation ROC-AUC: 0.861139
2025-03-28 18:20:18,932 - INFO: Evaluating at iteration 35053
2025-03-28 18:20:20,199 - INFO: Loss: 0.044684
2025-03-28 18:20:20,199 - INFO: Training ROC-AUC: 1.000000
2025-03-28 18:20:20,199 - INFO: Validation ROC-AUC: 0.857835
2025-03-28 18:20:31,894 - INFO: Evaluating at iteration 35553
2025-03-28 18:20:33,152 - INFO: Loss: 0.159233
2025-03-28 18:20:33,152 - INFO: Training ROC-AUC: 0.980769
2025-03-28 18:20:33,153 - INFO: Validation ROC-AUC: 0.859616
2025-03-28 18:20:35,462 - INFO: Starting epoch 18
2025-03-28 18:20:35,484 - INFO: Evaluating at iteration 35650
2025-03-28 18:20:36,721 - INFO: Loss: 0.276261
2025-03-28 18:20:36,721 - INFO: Training ROC-AUC: 0.901786
2025-03-28 18:20:36,721 - INFO: Validation ROC-AUC: 0.859706
2025-03-28 18:20:48,561 - INFO: Evaluating at iteration 36150
2025-03-28 18:20:49,801 - INFO: Loss: 0.067564
2025-03-28 18:20:49,801 - INFO: Training ROC-AUC: 1.000000
2025-03-28 18:20:49,801 - INFO: Validation ROC-AUC: 0.860574
2025-03-28 18:21:01,729 - INFO: Evaluating at iteration 36650
2025-03-28 18:21:02,963 - INFO: Loss: 0.058722
2025-03-28 18:21:02,963 - INFO: Training ROC-AUC: 1.000000
2025-03-28 18:21:02,963 - INFO: Validation ROC-AUC: 0.861550
2025-03-28 18:21:14,993 - INFO: Evaluating at iteration 37150
2025-03-28 18:21:16,228 - INFO: Loss: 0.043150
2025-03-28 18:21:16,228 - INFO: Training ROC-AUC: 1.000000
2025-03-28 18:21:16,228 - INFO: Validation ROC-AUC: 0.859427
2025-03-28 18:21:28,317 - INFO: Evaluating at iteration 37650
2025-03-28 18:21:29,576 - INFO: Loss: 0.207799
2025-03-28 18:21:29,576 - INFO: Training ROC-AUC: 0.948718
2025-03-28 18:21:29,576 - INFO: Validation ROC-AUC: 0.861607
2025-03-28 18:21:31,906 - INFO: Starting epoch 19
2025-03-28 18:21:31,928 - INFO: Evaluating at iteration 37747
2025-03-28 18:21:33,165 - INFO: Loss: 0.077620
2025-03-28 18:21:33,165 - INFO: Training ROC-AUC: 1.000000
2025-03-28 18:21:33,165 - INFO: Validation ROC-AUC: 0.860380
2025-03-28 18:21:45,143 - INFO: Evaluating at iteration 38247
2025-03-28 18:21:46,374 - INFO: Loss: 0.116072
2025-03-28 18:21:46,375 - INFO: Training ROC-AUC: 0.988506
2025-03-28 18:21:46,375 - INFO: Validation ROC-AUC: 0.859941
2025-03-28 18:21:58,367 - INFO: Evaluating at iteration 38747
2025-03-28 18:21:59,616 - INFO: Loss: 0.064255
2025-03-28 18:21:59,616 - INFO: Training ROC-AUC: 1.000000
2025-03-28 18:21:59,616 - INFO: Validation ROC-AUC: 0.859045
2025-03-28 18:22:11,806 - INFO: Evaluating at iteration 39247
2025-03-28 18:22:13,046 - INFO: Loss: 0.073609
2025-03-28 18:22:13,046 - INFO: Training ROC-AUC: 0.983333
2025-03-28 18:22:13,046 - INFO: Validation ROC-AUC: 0.861522
2025-03-28 18:22:25,234 - INFO: Evaluating at iteration 39747
2025-03-28 18:22:26,467 - INFO: Loss: 0.136556
2025-03-28 18:22:26,467 - INFO: Training ROC-AUC: 0.977778
2025-03-28 18:22:26,467 - INFO: Validation ROC-AUC: 0.861337
2025-03-28 18:22:28,848 - INFO: Starting epoch 20
2025-03-28 18:22:28,875 - INFO: Evaluating at iteration 39844
2025-03-28 18:22:30,110 - INFO: Loss: 0.082197
2025-03-28 18:22:30,111 - INFO: Training ROC-AUC: 0.995455
2025-03-28 18:22:30,111 - INFO: Validation ROC-AUC: 0.862373
2025-03-28 18:22:42,259 - INFO: Evaluating at iteration 40344
2025-03-28 18:22:43,525 - INFO: Loss: 0.025262
2025-03-28 18:22:43,525 - INFO: Training ROC-AUC: 1.000000
2025-03-28 18:22:43,525 - INFO: Validation ROC-AUC: 0.860076
2025-03-28 18:22:55,801 - INFO: Evaluating at iteration 40844
2025-03-28 18:22:57,035 - INFO: Loss: 0.124188
2025-03-28 18:22:57,035 - INFO: Training ROC-AUC: 0.982857
2025-03-28 18:22:57,035 - INFO: Validation ROC-AUC: 0.863208
2025-03-28 18:23:09,145 - INFO: Evaluating at iteration 41344
2025-03-28 18:23:10,377 - INFO: Loss: 0.144939
2025-03-28 18:23:10,377 - INFO: Training ROC-AUC: 0.973214
2025-03-28 18:23:10,377 - INFO: Validation ROC-AUC: 0.858128
2025-03-28 18:23:22,668 - INFO: Evaluating at iteration 41844
2025-03-28 18:23:23,904 - INFO: Loss: 0.088540
2025-03-28 18:23:23,904 - INFO: Training ROC-AUC: 1.000000
2025-03-28 18:23:23,904 - INFO: Validation ROC-AUC: 0.859396
2025-03-28 18:23:26,272 - INFO: Starting epoch 21
2025-03-28 18:23:26,294 - INFO: Evaluating at iteration 41941
2025-03-28 18:23:27,526 - INFO: Loss: 0.109696
2025-03-28 18:23:27,526 - INFO: Training ROC-AUC: 0.995671
2025-03-28 18:23:27,526 - INFO: Validation ROC-AUC: 0.858995
2025-03-28 18:23:39,871 - INFO: Evaluating at iteration 42441
2025-03-28 18:23:41,109 - INFO: Loss: 0.111741
2025-03-28 18:23:41,109 - INFO: Training ROC-AUC: 0.987179
2025-03-28 18:23:41,109 - INFO: Validation ROC-AUC: 0.861353
2025-03-28 18:23:53,586 - INFO: Evaluating at iteration 42941
2025-03-28 18:23:54,819 - INFO: Loss: 0.023003
2025-03-28 18:23:54,819 - INFO: Training ROC-AUC: 1.000000
2025-03-28 18:23:54,819 - INFO: Validation ROC-AUC: 0.861575
2025-03-28 18:24:07,220 - INFO: Evaluating at iteration 43441
2025-03-28 18:24:08,455 - INFO: Loss: 0.037948
2025-03-28 18:24:08,456 - INFO: Training ROC-AUC: 1.000000
2025-03-28 18:24:08,456 - INFO: Validation ROC-AUC: 0.859370
2025-03-28 18:24:20,652 - INFO: Evaluating at iteration 43941
2025-03-28 18:24:21,887 - INFO: Loss: 0.028439
2025-03-28 18:24:21,887 - INFO: Training ROC-AUC: 1.000000
2025-03-28 18:24:21,887 - INFO: Validation ROC-AUC: 0.857361
2025-03-28 18:24:24,275 - INFO: Starting epoch 22
2025-03-28 18:24:24,297 - INFO: Evaluating at iteration 44038
2025-03-28 18:24:25,528 - INFO: Loss: 0.047980
2025-03-28 18:24:25,528 - INFO: Training ROC-AUC: 1.000000
2025-03-28 18:24:25,528 - INFO: Validation ROC-AUC: 0.859419
2025-03-28 18:24:37,841 - INFO: Evaluating at iteration 44538
2025-03-28 18:24:39,073 - INFO: Loss: 0.044464
2025-03-28 18:24:39,073 - INFO: Training ROC-AUC: 1.000000
2025-03-28 18:24:39,073 - INFO: Validation ROC-AUC: 0.858816
2025-03-28 18:24:51,428 - INFO: Evaluating at iteration 45038
2025-03-28 18:24:52,658 - INFO: Loss: 0.025520
2025-03-28 18:24:52,658 - INFO: Training ROC-AUC: 1.000000
2025-03-28 18:24:52,659 - INFO: Validation ROC-AUC: 0.859982
2025-03-28 18:25:04,938 - INFO: Evaluating at iteration 45538
2025-03-28 18:25:06,179 - INFO: Loss: 0.042430
2025-03-28 18:25:06,180 - INFO: Training ROC-AUC: 1.000000
2025-03-28 18:25:06,180 - INFO: Validation ROC-AUC: 0.861301
2025-03-28 18:25:18,539 - INFO: Evaluating at iteration 46038
2025-03-28 18:25:19,770 - INFO: Loss: 0.047204
2025-03-28 18:25:19,770 - INFO: Training ROC-AUC: 1.000000
2025-03-28 18:25:19,770 - INFO: Validation ROC-AUC: 0.860968
2025-03-28 18:25:22,159 - INFO: Starting epoch 23
2025-03-28 18:25:22,181 - INFO: Evaluating at iteration 46135
2025-03-28 18:25:23,415 - INFO: Loss: 0.071476
2025-03-28 18:25:23,415 - INFO: Training ROC-AUC: 1.000000
2025-03-28 18:25:23,415 - INFO: Validation ROC-AUC: 0.861131
2025-03-28 18:25:35,873 - INFO: Evaluating at iteration 46635
2025-03-28 18:25:37,106 - INFO: Loss: 0.028665
2025-03-28 18:25:37,106 - INFO: Training ROC-AUC: 1.000000
2025-03-28 18:25:37,106 - INFO: Validation ROC-AUC: 0.859544
2025-03-28 18:25:49,390 - INFO: Evaluating at iteration 47135
2025-03-28 18:25:50,623 - INFO: Loss: 0.052567
2025-03-28 18:25:50,623 - INFO: Training ROC-AUC: 1.000000
2025-03-28 18:25:50,623 - INFO: Validation ROC-AUC: 0.858014
2025-03-28 18:26:03,194 - INFO: Evaluating at iteration 47635
2025-03-28 18:26:04,428 - INFO: Loss: 0.131992
2025-03-28 18:26:04,428 - INFO: Training ROC-AUC: 0.985507
2025-03-28 18:26:04,428 - INFO: Validation ROC-AUC: 0.858368
2025-03-28 18:26:16,913 - INFO: Evaluating at iteration 48135
2025-03-28 18:26:18,147 - INFO: Loss: 0.005395
2025-03-28 18:26:18,147 - INFO: Training ROC-AUC: 1.000000
2025-03-28 18:26:18,147 - INFO: Validation ROC-AUC: 0.860272
2025-03-28 18:26:20,517 - INFO: Starting epoch 24
2025-03-28 18:26:20,538 - INFO: Evaluating at iteration 48232
2025-03-28 18:26:21,772 - INFO: Loss: 0.035202
2025-03-28 18:26:21,772 - INFO: Training ROC-AUC: 1.000000
2025-03-28 18:26:21,772 - INFO: Validation ROC-AUC: 0.862032
2025-03-28 18:26:34,199 - INFO: Evaluating at iteration 48732
2025-03-28 18:26:35,429 - INFO: Loss: 0.007476
2025-03-28 18:26:35,429 - INFO: Training ROC-AUC: 1.000000
2025-03-28 18:26:35,429 - INFO: Validation ROC-AUC: 0.858567
2025-03-28 18:26:47,689 - INFO: Evaluating at iteration 49232
2025-03-28 18:26:48,927 - INFO: Loss: 0.006827
2025-03-28 18:26:48,927 - INFO: Training ROC-AUC: 1.000000
2025-03-28 18:26:48,927 - INFO: Validation ROC-AUC: 0.860066
2025-03-28 18:27:01,150 - INFO: Evaluating at iteration 49732
2025-03-28 18:27:02,381 - INFO: Loss: 0.033879
2025-03-28 18:27:02,382 - INFO: Training ROC-AUC: 1.000000
2025-03-28 18:27:02,382 - INFO: Validation ROC-AUC: 0.859920
2025-03-28 18:27:14,863 - INFO: Evaluating at iteration 50232
2025-03-28 18:27:16,094 - INFO: Loss: 0.062847
2025-03-28 18:27:16,094 - INFO: Training ROC-AUC: 1.000000
2025-03-28 18:27:16,094 - INFO: Validation ROC-AUC: 0.859012
2025-03-28 18:27:18,539 - INFO: Starting epoch 25
2025-03-28 18:27:18,565 - INFO: Evaluating at iteration 50329
2025-03-28 18:27:19,809 - INFO: Loss: 0.037008
2025-03-28 18:27:19,809 - INFO: Training ROC-AUC: 1.000000
2025-03-28 18:27:19,810 - INFO: Validation ROC-AUC: 0.858316
2025-03-28 18:27:32,131 - INFO: Evaluating at iteration 50829
2025-03-28 18:27:33,364 - INFO: Loss: 0.153602
2025-03-28 18:27:33,364 - INFO: Training ROC-AUC: 1.000000
2025-03-28 18:27:33,364 - INFO: Validation ROC-AUC: 0.860229
2025-03-28 18:27:45,753 - INFO: Evaluating at iteration 51329
2025-03-28 18:27:46,988 - INFO: Loss: 0.055810
2025-03-28 18:27:46,988 - INFO: Training ROC-AUC: 1.000000
2025-03-28 18:27:46,988 - INFO: Validation ROC-AUC: 0.859409
2025-03-28 18:27:59,332 - INFO: Evaluating at iteration 51829
2025-03-28 18:28:00,566 - INFO: Loss: 0.019607
2025-03-28 18:28:00,567 - INFO: Training ROC-AUC: 1.000000
2025-03-28 18:28:00,567 - INFO: Validation ROC-AUC: 0.858277
2025-03-28 18:28:12,826 - INFO: Evaluating at iteration 52329
2025-03-28 18:28:14,076 - INFO: Loss: 0.008843
2025-03-28 18:28:14,076 - INFO: Training ROC-AUC: 1.000000
2025-03-28 18:28:14,076 - INFO: Validation ROC-AUC: 0.859710
2025-03-28 18:28:16,481 - INFO: Saving model to models/TCRStructMap_tcr_levenshtein_split_sequence_only/model_4.pt
2025-03-28 18:28:16,504 - INFO: Starting fold 5
2025-03-28 18:28:16,506 - INFO: Initialising model
2025-03-28 18:28:16,521 - INFO: Starting training
2025-03-28 18:28:16,521 - INFO: Starting epoch 1
2025-03-28 18:28:16,545 - INFO: Evaluating at iteration 1
2025-03-28 18:28:17,774 - INFO: Loss: 0.679651
2025-03-28 18:28:17,774 - INFO: Training ROC-AUC: 0.379310
2025-03-28 18:28:17,774 - INFO: Validation ROC-AUC: 0.543332
2025-03-28 18:28:28,499 - INFO: Evaluating at iteration 501
2025-03-28 18:28:29,737 - INFO: Loss: 0.279473
2025-03-28 18:28:29,737 - INFO: Training ROC-AUC: 0.533333
2025-03-28 18:28:29,737 - INFO: Validation ROC-AUC: 0.603483
2025-03-28 18:28:40,560 - INFO: Evaluating at iteration 1001
2025-03-28 18:28:41,789 - INFO: Loss: 0.442353
2025-03-28 18:28:41,789 - INFO: Training ROC-AUC: 0.628205
2025-03-28 18:28:41,789 - INFO: Validation ROC-AUC: 0.652841
2025-03-28 18:28:52,640 - INFO: Evaluating at iteration 1501
2025-03-28 18:28:53,871 - INFO: Loss: 0.370180
2025-03-28 18:28:53,872 - INFO: Training ROC-AUC: 0.553571
2025-03-28 18:28:53,872 - INFO: Validation ROC-AUC: 0.697597
2025-03-28 18:29:04,592 - INFO: Evaluating at iteration 2001
2025-03-28 18:29:05,822 - INFO: Loss: 0.225089
2025-03-28 18:29:05,823 - INFO: Training ROC-AUC: 0.839080
2025-03-28 18:29:05,823 - INFO: Validation ROC-AUC: 0.774085
2025-03-28 18:29:07,953 - INFO: Starting epoch 2
2025-03-28 18:29:07,975 - INFO: Evaluating at iteration 2098
2025-03-28 18:29:09,211 - INFO: Loss: 0.460357
2025-03-28 18:29:09,211 - INFO: Training ROC-AUC: 0.776042
2025-03-28 18:29:09,211 - INFO: Validation ROC-AUC: 0.774820
2025-03-28 18:29:20,016 - INFO: Evaluating at iteration 2598
2025-03-28 18:29:21,249 - INFO: Loss: 0.344986
2025-03-28 18:29:21,249 - INFO: Training ROC-AUC: 0.914286
2025-03-28 18:29:21,249 - INFO: Validation ROC-AUC: 0.789717
2025-03-28 18:29:31,910 - INFO: Evaluating at iteration 3098
2025-03-28 18:29:33,143 - INFO: Loss: 0.360117
2025-03-28 18:29:33,144 - INFO: Training ROC-AUC: 0.833333
2025-03-28 18:29:33,144 - INFO: Validation ROC-AUC: 0.799125
2025-03-28 18:29:44,076 - INFO: Evaluating at iteration 3598
2025-03-28 18:29:45,311 - INFO: Loss: 0.265421
2025-03-28 18:29:45,311 - INFO: Training ROC-AUC: 0.550000
2025-03-28 18:29:45,311 - INFO: Validation ROC-AUC: 0.817728
2025-03-28 18:29:56,136 - INFO: Evaluating at iteration 4098
2025-03-28 18:29:57,372 - INFO: Loss: 0.107947
2025-03-28 18:29:57,372 - INFO: Training ROC-AUC: 0.988506
2025-03-28 18:29:57,372 - INFO: Validation ROC-AUC: 0.832510
2025-03-28 18:29:59,515 - INFO: Starting epoch 3
2025-03-28 18:29:59,538 - INFO: Evaluating at iteration 4195
2025-03-28 18:30:00,771 - INFO: Loss: 0.288602
2025-03-28 18:30:00,771 - INFO: Training ROC-AUC: 0.897436
2025-03-28 18:30:00,771 - INFO: Validation ROC-AUC: 0.836805
2025-03-28 18:30:11,478 - INFO: Evaluating at iteration 4695
2025-03-28 18:30:12,710 - INFO: Loss: 0.467055
2025-03-28 18:30:12,710 - INFO: Training ROC-AUC: 0.651429
2025-03-28 18:30:12,710 - INFO: Validation ROC-AUC: 0.838481
2025-03-28 18:30:23,631 - INFO: Evaluating at iteration 5195
2025-03-28 18:30:24,865 - INFO: Loss: 0.401399
2025-03-28 18:30:24,865 - INFO: Training ROC-AUC: 0.895833
2025-03-28 18:30:24,865 - INFO: Validation ROC-AUC: 0.850895
2025-03-28 18:30:35,833 - INFO: Evaluating at iteration 5695
2025-03-28 18:30:37,064 - INFO: Loss: 0.259761
2025-03-28 18:30:37,065 - INFO: Training ROC-AUC: 0.793103
2025-03-28 18:30:37,065 - INFO: Validation ROC-AUC: 0.851836
2025-03-28 18:30:48,078 - INFO: Evaluating at iteration 6195
2025-03-28 18:30:49,309 - INFO: Loss: 0.265273
2025-03-28 18:30:49,309 - INFO: Training ROC-AUC: 0.804598
2025-03-28 18:30:49,309 - INFO: Validation ROC-AUC: 0.855024
2025-03-28 18:30:51,426 - INFO: Starting epoch 4
2025-03-28 18:30:51,449 - INFO: Evaluating at iteration 6292
2025-03-28 18:30:52,681 - INFO: Loss: 0.119507
2025-03-28 18:30:52,682 - INFO: Training ROC-AUC: 1.000000
2025-03-28 18:30:52,682 - INFO: Validation ROC-AUC: 0.856414
2025-03-28 18:31:03,767 - INFO: Evaluating at iteration 6792
2025-03-28 18:31:05,006 - INFO: Loss: 0.162044
2025-03-28 18:31:05,007 - INFO: Training ROC-AUC: 0.988506
2025-03-28 18:31:05,007 - INFO: Validation ROC-AUC: 0.858808
2025-03-28 18:31:16,138 - INFO: Evaluating at iteration 7292
2025-03-28 18:31:17,371 - INFO: Loss: 0.236612
2025-03-28 18:31:17,371 - INFO: Training ROC-AUC: 0.966184
2025-03-28 18:31:17,371 - INFO: Validation ROC-AUC: 0.862313
2025-03-28 18:31:28,490 - INFO: Evaluating at iteration 7792
2025-03-28 18:31:29,731 - INFO: Loss: 0.251674
2025-03-28 18:31:29,731 - INFO: Training ROC-AUC: 0.963542
2025-03-28 18:31:29,731 - INFO: Validation ROC-AUC: 0.865880
2025-03-28 18:31:40,804 - INFO: Evaluating at iteration 8292
2025-03-28 18:31:42,036 - INFO: Loss: 0.216865
2025-03-28 18:31:42,036 - INFO: Training ROC-AUC: 0.911111
2025-03-28 18:31:42,036 - INFO: Validation ROC-AUC: 0.867083
2025-03-28 18:31:44,189 - INFO: Starting epoch 5
2025-03-28 18:31:44,212 - INFO: Evaluating at iteration 8389
2025-03-28 18:31:45,445 - INFO: Loss: 0.204598
2025-03-28 18:31:45,445 - INFO: Training ROC-AUC: 0.850000
2025-03-28 18:31:45,445 - INFO: Validation ROC-AUC: 0.866224
2025-03-28 18:31:56,527 - INFO: Evaluating at iteration 8889
2025-03-28 18:31:57,760 - INFO: Loss: 0.204185
2025-03-28 18:31:57,760 - INFO: Training ROC-AUC: 0.962963
2025-03-28 18:31:57,760 - INFO: Validation ROC-AUC: 0.865962
2025-03-28 18:32:08,955 - INFO: Evaluating at iteration 9389
2025-03-28 18:32:10,186 - INFO: Loss: 0.224824
2025-03-28 18:32:10,186 - INFO: Training ROC-AUC: 0.883929
2025-03-28 18:32:10,186 - INFO: Validation ROC-AUC: 0.868669
2025-03-28 18:32:21,364 - INFO: Evaluating at iteration 9889
2025-03-28 18:32:22,595 - INFO: Loss: 0.174761
2025-03-28 18:32:22,595 - INFO: Training ROC-AUC: 0.896552
2025-03-28 18:32:22,595 - INFO: Validation ROC-AUC: 0.874599
2025-03-28 18:32:33,910 - INFO: Evaluating at iteration 10389
2025-03-28 18:32:35,145 - INFO: Loss: 0.157161
2025-03-28 18:32:35,146 - INFO: Training ROC-AUC: 0.964286
2025-03-28 18:32:35,146 - INFO: Validation ROC-AUC: 0.876968
2025-03-28 18:32:37,315 - INFO: Starting epoch 6
2025-03-28 18:32:37,338 - INFO: Evaluating at iteration 10486
2025-03-28 18:32:38,571 - INFO: Loss: 0.085530
2025-03-28 18:32:38,571 - INFO: Training ROC-AUC: 1.000000
2025-03-28 18:32:38,571 - INFO: Validation ROC-AUC: 0.876043
2025-03-28 18:32:49,833 - INFO: Evaluating at iteration 10986
2025-03-28 18:32:51,082 - INFO: Loss: 0.144496
2025-03-28 18:32:51,082 - INFO: Training ROC-AUC: 0.985185
2025-03-28 18:32:51,082 - INFO: Validation ROC-AUC: 0.875154
2025-03-28 18:33:02,184 - INFO: Evaluating at iteration 11486
2025-03-28 18:33:03,414 - INFO: Loss: 0.249068
2025-03-28 18:33:03,414 - INFO: Training ROC-AUC: 0.931429
2025-03-28 18:33:03,414 - INFO: Validation ROC-AUC: 0.878587
2025-03-28 18:33:14,638 - INFO: Evaluating at iteration 11986
2025-03-28 18:33:15,870 - INFO: Loss: 0.268759
2025-03-28 18:33:15,871 - INFO: Training ROC-AUC: 0.844444
2025-03-28 18:33:15,871 - INFO: Validation ROC-AUC: 0.875135
2025-03-28 18:33:26,954 - INFO: Evaluating at iteration 12486
2025-03-28 18:33:28,229 - INFO: Loss: 0.393790
2025-03-28 18:33:28,229 - INFO: Training ROC-AUC: 0.740741
2025-03-28 18:33:28,229 - INFO: Validation ROC-AUC: 0.879112
2025-03-28 18:33:30,377 - INFO: Starting epoch 7
2025-03-28 18:33:30,400 - INFO: Evaluating at iteration 12583
2025-03-28 18:33:31,630 - INFO: Loss: 0.171295
2025-03-28 18:33:31,631 - INFO: Training ROC-AUC: 0.961538
2025-03-28 18:33:31,631 - INFO: Validation ROC-AUC: 0.878451
2025-03-28 18:33:42,769 - INFO: Evaluating at iteration 13083
2025-03-28 18:33:44,053 - INFO: Loss: 0.117884
2025-03-28 18:33:44,053 - INFO: Training ROC-AUC: 0.967742
2025-03-28 18:33:44,053 - INFO: Validation ROC-AUC: 0.879240
2025-03-28 18:33:55,181 - INFO: Evaluating at iteration 13583
2025-03-28 18:33:56,411 - INFO: Loss: 0.417037
2025-03-28 18:33:56,411 - INFO: Training ROC-AUC: 0.762821
2025-03-28 18:33:56,411 - INFO: Validation ROC-AUC: 0.879602
2025-03-28 18:34:07,775 - INFO: Evaluating at iteration 14083
2025-03-28 18:34:09,005 - INFO: Loss: 0.291221
2025-03-28 18:34:09,005 - INFO: Training ROC-AUC: 0.884615
2025-03-28 18:34:09,005 - INFO: Validation ROC-AUC: 0.881390
2025-03-28 18:34:20,262 - INFO: Evaluating at iteration 14583
2025-03-28 18:34:21,496 - INFO: Loss: 0.310619
2025-03-28 18:34:21,496 - INFO: Training ROC-AUC: 0.896296
2025-03-28 18:34:21,496 - INFO: Validation ROC-AUC: 0.882320
2025-03-28 18:34:23,709 - INFO: Starting epoch 8
2025-03-28 18:34:23,733 - INFO: Evaluating at iteration 14680
2025-03-28 18:34:24,963 - INFO: Loss: 0.155512
2025-03-28 18:34:24,963 - INFO: Training ROC-AUC: 0.982143
2025-03-28 18:34:24,963 - INFO: Validation ROC-AUC: 0.881787
2025-03-28 18:34:36,403 - INFO: Evaluating at iteration 15180
2025-03-28 18:34:37,634 - INFO: Loss: 0.207972
2025-03-28 18:34:37,634 - INFO: Training ROC-AUC: 0.955128
2025-03-28 18:34:37,634 - INFO: Validation ROC-AUC: 0.882675
2025-03-28 18:34:48,704 - INFO: Evaluating at iteration 15680
2025-03-28 18:34:49,933 - INFO: Loss: 0.292712
2025-03-28 18:34:49,933 - INFO: Training ROC-AUC: 0.936364
2025-03-28 18:34:49,933 - INFO: Validation ROC-AUC: 0.882161
2025-03-28 18:35:00,999 - INFO: Evaluating at iteration 16180
2025-03-28 18:35:02,240 - INFO: Loss: 0.102160
2025-03-28 18:35:02,240 - INFO: Training ROC-AUC: 1.000000
2025-03-28 18:35:02,240 - INFO: Validation ROC-AUC: 0.884773
2025-03-28 18:35:13,379 - INFO: Evaluating at iteration 16680
2025-03-28 18:35:14,620 - INFO: Loss: 0.318488
2025-03-28 18:35:14,620 - INFO: Training ROC-AUC: 0.885714
2025-03-28 18:35:14,620 - INFO: Validation ROC-AUC: 0.884401
2025-03-28 18:35:16,763 - INFO: Starting epoch 9
2025-03-28 18:35:16,786 - INFO: Evaluating at iteration 16777
2025-03-28 18:35:18,018 - INFO: Loss: 0.126303
2025-03-28 18:35:18,018 - INFO: Training ROC-AUC: 0.970370
2025-03-28 18:35:18,018 - INFO: Validation ROC-AUC: 0.884968
2025-03-28 18:35:29,202 - INFO: Evaluating at iteration 17277
2025-03-28 18:35:30,436 - INFO: Loss: 0.220456
2025-03-28 18:35:30,436 - INFO: Training ROC-AUC: 0.948571
2025-03-28 18:35:30,436 - INFO: Validation ROC-AUC: 0.884131
2025-03-28 18:35:41,609 - INFO: Evaluating at iteration 17777
2025-03-28 18:35:42,839 - INFO: Loss: 0.191842
2025-03-28 18:35:42,839 - INFO: Training ROC-AUC: 0.885057
2025-03-28 18:35:42,839 - INFO: Validation ROC-AUC: 0.884461
2025-03-28 18:35:54,059 - INFO: Evaluating at iteration 18277
2025-03-28 18:35:55,288 - INFO: Loss: 0.294582
2025-03-28 18:35:55,288 - INFO: Training ROC-AUC: 0.858974
2025-03-28 18:35:55,288 - INFO: Validation ROC-AUC: 0.882334
2025-03-28 18:36:06,445 - INFO: Evaluating at iteration 18777
2025-03-28 18:36:07,675 - INFO: Loss: 0.273687
2025-03-28 18:36:07,675 - INFO: Training ROC-AUC: 0.931429
2025-03-28 18:36:07,675 - INFO: Validation ROC-AUC: 0.885546
2025-03-28 18:36:09,828 - INFO: Starting epoch 10
2025-03-28 18:36:09,852 - INFO: Evaluating at iteration 18874
2025-03-28 18:36:11,081 - INFO: Loss: 0.141577
2025-03-28 18:36:11,081 - INFO: Training ROC-AUC: 0.977778
2025-03-28 18:36:11,081 - INFO: Validation ROC-AUC: 0.884684
2025-03-28 18:36:22,417 - INFO: Evaluating at iteration 19374
2025-03-28 18:36:23,645 - INFO: Loss: 0.206163
2025-03-28 18:36:23,646 - INFO: Training ROC-AUC: 0.961538
2025-03-28 18:36:23,646 - INFO: Validation ROC-AUC: 0.885353
2025-03-28 18:36:34,873 - INFO: Evaluating at iteration 19874
2025-03-28 18:36:36,104 - INFO: Loss: 0.302705
2025-03-28 18:36:36,104 - INFO: Training ROC-AUC: 0.903846
2025-03-28 18:36:36,104 - INFO: Validation ROC-AUC: 0.883310
2025-03-28 18:36:47,382 - INFO: Evaluating at iteration 20374
2025-03-28 18:36:48,614 - INFO: Loss: 0.294546
2025-03-28 18:36:48,614 - INFO: Training ROC-AUC: 0.921875
2025-03-28 18:36:48,614 - INFO: Validation ROC-AUC: 0.883728
2025-03-28 18:36:59,768 - INFO: Evaluating at iteration 20874
2025-03-28 18:37:01,000 - INFO: Loss: 0.092136
2025-03-28 18:37:01,001 - INFO: Training ROC-AUC: 1.000000
2025-03-28 18:37:01,001 - INFO: Validation ROC-AUC: 0.886167
2025-03-28 18:37:03,160 - INFO: Starting epoch 11
2025-03-28 18:37:03,183 - INFO: Evaluating at iteration 20971
2025-03-28 18:37:04,414 - INFO: Loss: 0.316150
2025-03-28 18:37:04,415 - INFO: Training ROC-AUC: 0.871795
2025-03-28 18:37:04,415 - INFO: Validation ROC-AUC: 0.883749
2025-03-28 18:37:15,773 - INFO: Evaluating at iteration 21471
2025-03-28 18:37:17,005 - INFO: Loss: 0.129640
2025-03-28 18:37:17,005 - INFO: Training ROC-AUC: 1.000000
2025-03-28 18:37:17,005 - INFO: Validation ROC-AUC: 0.884439
2025-03-28 18:37:28,342 - INFO: Evaluating at iteration 21971
2025-03-28 18:37:29,576 - INFO: Loss: 0.144767
2025-03-28 18:37:29,576 - INFO: Training ROC-AUC: 0.982857
2025-03-28 18:37:29,576 - INFO: Validation ROC-AUC: 0.882211
2025-03-28 18:37:40,651 - INFO: Evaluating at iteration 22471
2025-03-28 18:37:41,877 - INFO: Loss: 0.197922
2025-03-28 18:37:41,878 - INFO: Training ROC-AUC: 0.962963
2025-03-28 18:37:41,878 - INFO: Validation ROC-AUC: 0.885548
2025-03-28 18:37:53,100 - INFO: Evaluating at iteration 22971
2025-03-28 18:37:54,365 - INFO: Loss: 0.180739
2025-03-28 18:37:54,365 - INFO: Training ROC-AUC: 0.937500
2025-03-28 18:37:54,365 - INFO: Validation ROC-AUC: 0.885094
2025-03-28 18:37:56,554 - INFO: Starting epoch 12
2025-03-28 18:37:56,578 - INFO: Evaluating at iteration 23068
2025-03-28 18:37:57,839 - INFO: Loss: 0.059262
2025-03-28 18:37:57,839 - INFO: Training ROC-AUC: 1.000000
2025-03-28 18:37:57,839 - INFO: Validation ROC-AUC: 0.885711
2025-03-28 18:38:09,224 - INFO: Evaluating at iteration 23568
2025-03-28 18:38:10,494 - INFO: Loss: 0.719514
2025-03-28 18:38:10,494 - INFO: Training ROC-AUC: 0.753623
2025-03-28 18:38:10,494 - INFO: Validation ROC-AUC: 0.883415
2025-03-28 18:38:21,753 - INFO: Evaluating at iteration 24068
2025-03-28 18:38:23,010 - INFO: Loss: 0.056376
2025-03-28 18:38:23,011 - INFO: Training ROC-AUC: 1.000000
2025-03-28 18:38:23,011 - INFO: Validation ROC-AUC: 0.884225
2025-03-28 18:38:34,330 - INFO: Evaluating at iteration 24568
2025-03-28 18:38:35,578 - INFO: Loss: 0.149489
2025-03-28 18:38:35,579 - INFO: Training ROC-AUC: 0.987179
2025-03-28 18:38:35,579 - INFO: Validation ROC-AUC: 0.883539
2025-03-28 18:38:47,003 - INFO: Evaluating at iteration 25068
2025-03-28 18:38:48,257 - INFO: Loss: 0.211392
2025-03-28 18:38:48,257 - INFO: Training ROC-AUC: 0.940741
2025-03-28 18:38:48,258 - INFO: Validation ROC-AUC: 0.884006
2025-03-28 18:38:50,457 - INFO: Starting epoch 13
2025-03-28 18:38:50,481 - INFO: Evaluating at iteration 25165
2025-03-28 18:38:51,721 - INFO: Loss: 0.229021
2025-03-28 18:38:51,721 - INFO: Training ROC-AUC: 0.940741
2025-03-28 18:38:51,721 - INFO: Validation ROC-AUC: 0.884067
2025-03-28 18:39:03,122 - INFO: Evaluating at iteration 25665
2025-03-28 18:39:04,385 - INFO: Loss: 0.267862
2025-03-28 18:39:04,385 - INFO: Training ROC-AUC: 0.927536
2025-03-28 18:39:04,385 - INFO: Validation ROC-AUC: 0.882483
2025-03-28 18:39:15,789 - INFO: Evaluating at iteration 26165
2025-03-28 18:39:17,022 - INFO: Loss: 0.129046
2025-03-28 18:39:17,022 - INFO: Training ROC-AUC: 0.991071
2025-03-28 18:39:17,022 - INFO: Validation ROC-AUC: 0.885119
2025-03-28 18:39:28,330 - INFO: Evaluating at iteration 26665
2025-03-28 18:39:29,610 - INFO: Loss: 0.140468
2025-03-28 18:39:29,611 - INFO: Training ROC-AUC: 0.977778
2025-03-28 18:39:29,611 - INFO: Validation ROC-AUC: 0.884448
2025-03-28 18:39:40,954 - INFO: Evaluating at iteration 27165
2025-03-28 18:39:42,206 - INFO: Loss: 0.273410
2025-03-28 18:39:42,206 - INFO: Training ROC-AUC: 0.929487
2025-03-28 18:39:42,206 - INFO: Validation ROC-AUC: 0.884316
2025-03-28 18:39:44,426 - INFO: Starting epoch 14
2025-03-28 18:39:44,449 - INFO: Evaluating at iteration 27262
2025-03-28 18:39:45,688 - INFO: Loss: 0.129741
2025-03-28 18:39:45,688 - INFO: Training ROC-AUC: 1.000000
2025-03-28 18:39:45,688 - INFO: Validation ROC-AUC: 0.883441
2025-03-28 18:39:57,050 - INFO: Evaluating at iteration 27762
2025-03-28 18:39:58,326 - INFO: Loss: 0.138140
2025-03-28 18:39:58,326 - INFO: Training ROC-AUC: 0.987179
2025-03-28 18:39:58,326 - INFO: Validation ROC-AUC: 0.883172
2025-03-28 18:40:09,805 - INFO: Evaluating at iteration 28262
2025-03-28 18:40:11,070 - INFO: Loss: 0.035519
2025-03-28 18:40:11,070 - INFO: Training ROC-AUC: 1.000000
2025-03-28 18:40:11,070 - INFO: Validation ROC-AUC: 0.883682
2025-03-28 18:40:22,639 - INFO: Evaluating at iteration 28762
2025-03-28 18:40:23,915 - INFO: Loss: 0.142069
2025-03-28 18:40:23,915 - INFO: Training ROC-AUC: 0.928571
2025-03-28 18:40:23,915 - INFO: Validation ROC-AUC: 0.883978
2025-03-28 18:40:35,428 - INFO: Evaluating at iteration 29262
2025-03-28 18:40:36,704 - INFO: Loss: 0.214638
2025-03-28 18:40:36,704 - INFO: Training ROC-AUC: 0.955556
2025-03-28 18:40:36,704 - INFO: Validation ROC-AUC: 0.885247
2025-03-28 18:40:38,861 - INFO: Starting epoch 15
2025-03-28 18:40:38,884 - INFO: Evaluating at iteration 29359
2025-03-28 18:40:40,144 - INFO: Loss: 0.115341
2025-03-28 18:40:40,144 - INFO: Training ROC-AUC: 0.993590
2025-03-28 18:40:40,144 - INFO: Validation ROC-AUC: 0.883446
2025-03-28 18:40:51,484 - INFO: Evaluating at iteration 29859
2025-03-28 18:40:52,759 - INFO: Loss: 0.138848
2025-03-28 18:40:52,759 - INFO: Training ROC-AUC: 0.994286
2025-03-28 18:40:52,759 - INFO: Validation ROC-AUC: 0.883940
2025-03-28 18:41:04,431 - INFO: Evaluating at iteration 30359
2025-03-28 18:41:05,685 - INFO: Loss: 0.222150
2025-03-28 18:41:05,685 - INFO: Training ROC-AUC: 0.963636
2025-03-28 18:41:05,685 - INFO: Validation ROC-AUC: 0.883898
2025-03-28 18:41:17,410 - INFO: Evaluating at iteration 30859
2025-03-28 18:41:18,687 - INFO: Loss: 0.182482
2025-03-28 18:41:18,687 - INFO: Training ROC-AUC: 0.974359
2025-03-28 18:41:18,687 - INFO: Validation ROC-AUC: 0.883370
2025-03-28 18:41:30,393 - INFO: Evaluating at iteration 31359
2025-03-28 18:41:31,654 - INFO: Loss: 0.155913
2025-03-28 18:41:31,654 - INFO: Training ROC-AUC: 0.967949
2025-03-28 18:41:31,654 - INFO: Validation ROC-AUC: 0.883231
2025-03-28 18:41:33,914 - INFO: Starting epoch 16
2025-03-28 18:41:33,938 - INFO: Evaluating at iteration 31456
2025-03-28 18:41:35,195 - INFO: Loss: 0.128564
2025-03-28 18:41:35,195 - INFO: Training ROC-AUC: 0.987179
2025-03-28 18:41:35,195 - INFO: Validation ROC-AUC: 0.883884
2025-03-28 18:41:46,872 - INFO: Evaluating at iteration 31956
2025-03-28 18:41:48,112 - INFO: Loss: 0.101127
2025-03-28 18:41:48,112 - INFO: Training ROC-AUC: 1.000000
2025-03-28 18:41:48,112 - INFO: Validation ROC-AUC: 0.883361
2025-03-28 18:41:59,977 - INFO: Evaluating at iteration 32456
2025-03-28 18:42:01,263 - INFO: Loss: 0.075936
2025-03-28 18:42:01,263 - INFO: Training ROC-AUC: 1.000000
2025-03-28 18:42:01,263 - INFO: Validation ROC-AUC: 0.884533
2025-03-28 18:42:13,283 - INFO: Evaluating at iteration 32956
2025-03-28 18:42:14,526 - INFO: Loss: 0.052799
2025-03-28 18:42:14,526 - INFO: Training ROC-AUC: 1.000000
2025-03-28 18:42:14,526 - INFO: Validation ROC-AUC: 0.882951
2025-03-28 18:42:26,590 - INFO: Evaluating at iteration 33456
2025-03-28 18:42:27,876 - INFO: Loss: 0.108474
2025-03-28 18:42:27,876 - INFO: Training ROC-AUC: 0.989583
2025-03-28 18:42:27,876 - INFO: Validation ROC-AUC: 0.884455
2025-03-28 18:42:30,239 - INFO: Starting epoch 17
2025-03-28 18:42:30,263 - INFO: Evaluating at iteration 33553
2025-03-28 18:42:31,520 - INFO: Loss: 0.058668
2025-03-28 18:42:31,520 - INFO: Training ROC-AUC: 1.000000
2025-03-28 18:42:31,520 - INFO: Validation ROC-AUC: 0.884488
2025-03-28 18:42:43,905 - INFO: Evaluating at iteration 34053
2025-03-28 18:42:45,163 - INFO: Loss: 0.113584
2025-03-28 18:42:45,163 - INFO: Training ROC-AUC: 0.988571
2025-03-28 18:42:45,163 - INFO: Validation ROC-AUC: 0.882218
2025-03-28 18:42:57,393 - INFO: Evaluating at iteration 34553
2025-03-28 18:42:58,683 - INFO: Loss: 0.118377
2025-03-28 18:42:58,683 - INFO: Training ROC-AUC: 0.993590
2025-03-28 18:42:58,683 - INFO: Validation ROC-AUC: 0.882728
2025-03-28 18:43:10,905 - INFO: Evaluating at iteration 35053
2025-03-28 18:43:12,165 - INFO: Loss: 0.128736
2025-03-28 18:43:12,166 - INFO: Training ROC-AUC: 0.991071
2025-03-28 18:43:12,166 - INFO: Validation ROC-AUC: 0.882084
2025-03-28 18:43:24,266 - INFO: Evaluating at iteration 35553
2025-03-28 18:43:25,524 - INFO: Loss: 0.070520
2025-03-28 18:43:25,525 - INFO: Training ROC-AUC: 1.000000
2025-03-28 18:43:25,525 - INFO: Validation ROC-AUC: 0.883191
2025-03-28 18:43:27,940 - INFO: Starting epoch 18
2025-03-28 18:43:27,970 - INFO: Evaluating at iteration 35650
2025-03-28 18:43:29,220 - INFO: Loss: 0.105003
2025-03-28 18:43:29,221 - INFO: Training ROC-AUC: 0.993590
2025-03-28 18:43:29,221 - INFO: Validation ROC-AUC: 0.882854
2025-03-28 18:43:41,455 - INFO: Evaluating at iteration 36150
2025-03-28 18:43:42,721 - INFO: Loss: 0.132969
2025-03-28 18:43:42,721 - INFO: Training ROC-AUC: 0.993590
2025-03-28 18:43:42,721 - INFO: Validation ROC-AUC: 0.881718
2025-03-28 18:43:55,100 - INFO: Evaluating at iteration 36650
2025-03-28 18:43:56,361 - INFO: Loss: 0.130208
2025-03-28 18:43:56,362 - INFO: Training ROC-AUC: 1.000000
2025-03-28 18:43:56,362 - INFO: Validation ROC-AUC: 0.883893
2025-03-28 18:44:08,581 - INFO: Evaluating at iteration 37150
2025-03-28 18:44:09,844 - INFO: Loss: 0.110185
2025-03-28 18:44:09,844 - INFO: Training ROC-AUC: 1.000000
2025-03-28 18:44:09,844 - INFO: Validation ROC-AUC: 0.881107
2025-03-28 18:44:22,462 - INFO: Evaluating at iteration 37650
2025-03-28 18:44:23,722 - INFO: Loss: 0.034871
2025-03-28 18:44:23,722 - INFO: Training ROC-AUC: 1.000000
2025-03-28 18:44:23,722 - INFO: Validation ROC-AUC: 0.881244
2025-03-28 18:44:26,173 - INFO: Starting epoch 19
2025-03-28 18:44:26,200 - INFO: Evaluating at iteration 37747
2025-03-28 18:44:27,446 - INFO: Loss: 0.053206
2025-03-28 18:44:27,446 - INFO: Training ROC-AUC: 1.000000
2025-03-28 18:44:27,446 - INFO: Validation ROC-AUC: 0.880777
2025-03-28 18:44:39,915 - INFO: Evaluating at iteration 38247
2025-03-28 18:44:41,206 - INFO: Loss: 0.064722
2025-03-28 18:44:41,207 - INFO: Training ROC-AUC: 1.000000
2025-03-28 18:44:41,207 - INFO: Validation ROC-AUC: 0.879018
2025-03-28 18:44:53,685 - INFO: Evaluating at iteration 38747
2025-03-28 18:44:54,934 - INFO: Loss: 0.077097
2025-03-28 18:44:54,934 - INFO: Training ROC-AUC: 1.000000
2025-03-28 18:44:54,934 - INFO: Validation ROC-AUC: 0.880864
2025-03-28 18:45:07,580 - INFO: Evaluating at iteration 39247
2025-03-28 18:45:08,818 - INFO: Loss: 0.081241
2025-03-28 18:45:08,818 - INFO: Training ROC-AUC: 1.000000
2025-03-28 18:45:08,818 - INFO: Validation ROC-AUC: 0.880087
2025-03-28 18:45:21,351 - INFO: Evaluating at iteration 39747
2025-03-28 18:45:22,594 - INFO: Loss: 0.021772
2025-03-28 18:45:22,594 - INFO: Training ROC-AUC: 1.000000
2025-03-28 18:45:22,594 - INFO: Validation ROC-AUC: 0.880316
2025-03-28 18:45:24,990 - INFO: Starting epoch 20
2025-03-28 18:45:25,018 - INFO: Evaluating at iteration 39844
2025-03-28 18:45:26,284 - INFO: Loss: 0.109146
2025-03-28 18:45:26,285 - INFO: Training ROC-AUC: 0.995169
2025-03-28 18:45:26,285 - INFO: Validation ROC-AUC: 0.882148
2025-03-28 18:45:38,725 - INFO: Evaluating at iteration 40344
2025-03-28 18:45:39,994 - INFO: Loss: 0.055432
2025-03-28 18:45:39,994 - INFO: Training ROC-AUC: 1.000000
2025-03-28 18:45:39,994 - INFO: Validation ROC-AUC: 0.882329
2025-03-28 18:45:52,771 - INFO: Evaluating at iteration 40844
2025-03-28 18:45:54,038 - INFO: Loss: 0.038777
2025-03-28 18:45:54,038 - INFO: Training ROC-AUC: 1.000000
2025-03-28 18:45:54,038 - INFO: Validation ROC-AUC: 0.883101
2025-03-28 18:46:06,856 - INFO: Evaluating at iteration 41344
2025-03-28 18:46:08,102 - INFO: Loss: 0.010379
2025-03-28 18:46:08,102 - INFO: Training ROC-AUC: 1.000000
2025-03-28 18:46:08,102 - INFO: Validation ROC-AUC: 0.881886
2025-03-28 18:46:20,611 - INFO: Evaluating at iteration 41844
2025-03-28 18:46:21,874 - INFO: Loss: 0.067240
2025-03-28 18:46:21,874 - INFO: Training ROC-AUC: 1.000000
2025-03-28 18:46:21,874 - INFO: Validation ROC-AUC: 0.880642
2025-03-28 18:46:24,382 - INFO: Starting epoch 21
2025-03-28 18:46:24,406 - INFO: Evaluating at iteration 41941
2025-03-28 18:46:25,668 - INFO: Loss: 0.054498
2025-03-28 18:46:25,668 - INFO: Training ROC-AUC: 1.000000
2025-03-28 18:46:25,668 - INFO: Validation ROC-AUC: 0.881058
2025-03-28 18:46:38,446 - INFO: Evaluating at iteration 42441
2025-03-28 18:46:39,721 - INFO: Loss: 0.088520
2025-03-28 18:46:39,721 - INFO: Training ROC-AUC: 1.000000
2025-03-28 18:46:39,721 - INFO: Validation ROC-AUC: 0.881466
2025-03-28 18:46:52,623 - INFO: Evaluating at iteration 42941
2025-03-28 18:46:53,876 - INFO: Loss: 0.236756
2025-03-28 18:46:53,876 - INFO: Training ROC-AUC: 0.965714
2025-03-28 18:46:53,876 - INFO: Validation ROC-AUC: 0.880387
2025-03-28 18:47:06,487 - INFO: Evaluating at iteration 43441
2025-03-28 18:47:07,782 - INFO: Loss: 0.063217
2025-03-28 18:47:07,782 - INFO: Training ROC-AUC: 1.000000
2025-03-28 18:47:07,782 - INFO: Validation ROC-AUC: 0.880447
2025-03-28 18:47:20,499 - INFO: Evaluating at iteration 43941
2025-03-28 18:47:21,764 - INFO: Loss: 0.102846
2025-03-28 18:47:21,764 - INFO: Training ROC-AUC: 1.000000
2025-03-28 18:47:21,764 - INFO: Validation ROC-AUC: 0.882023
2025-03-28 18:47:24,223 - INFO: Starting epoch 22
2025-03-28 18:47:24,253 - INFO: Evaluating at iteration 44038
2025-03-28 18:47:25,549 - INFO: Loss: 0.045326
2025-03-28 18:47:25,550 - INFO: Training ROC-AUC: 1.000000
2025-03-28 18:47:25,550 - INFO: Validation ROC-AUC: 0.881203
2025-03-28 18:47:38,295 - INFO: Evaluating at iteration 44538
2025-03-28 18:47:39,552 - INFO: Loss: 0.024367
2025-03-28 18:47:39,552 - INFO: Training ROC-AUC: 1.000000
2025-03-28 18:47:39,552 - INFO: Validation ROC-AUC: 0.881445
2025-03-28 18:47:52,380 - INFO: Evaluating at iteration 45038
2025-03-28 18:47:53,619 - INFO: Loss: 0.032164
2025-03-28 18:47:53,619 - INFO: Training ROC-AUC: 1.000000
2025-03-28 18:47:53,619 - INFO: Validation ROC-AUC: 0.881260
2025-03-28 18:48:06,253 - INFO: Evaluating at iteration 45538
2025-03-28 18:48:07,509 - INFO: Loss: 0.010902
2025-03-28 18:48:07,509 - INFO: Training ROC-AUC: 1.000000
2025-03-28 18:48:07,509 - INFO: Validation ROC-AUC: 0.881267
2025-03-28 18:48:20,104 - INFO: Evaluating at iteration 46038
2025-03-28 18:48:21,392 - INFO: Loss: 0.096841
2025-03-28 18:48:21,392 - INFO: Training ROC-AUC: 0.992593
2025-03-28 18:48:21,392 - INFO: Validation ROC-AUC: 0.881589
2025-03-28 18:48:23,905 - INFO: Starting epoch 23
2025-03-28 18:48:23,929 - INFO: Evaluating at iteration 46135
2025-03-28 18:48:25,164 - INFO: Loss: 0.035889
2025-03-28 18:48:25,164 - INFO: Training ROC-AUC: 1.000000
2025-03-28 18:48:25,164 - INFO: Validation ROC-AUC: 0.880616
2025-03-28 18:48:37,869 - INFO: Evaluating at iteration 46635
2025-03-28 18:48:39,130 - INFO: Loss: 0.058218
2025-03-28 18:48:39,130 - INFO: Training ROC-AUC: 1.000000
2025-03-28 18:48:39,130 - INFO: Validation ROC-AUC: 0.882275
2025-03-28 18:48:51,929 - INFO: Evaluating at iteration 47135
2025-03-28 18:48:53,207 - INFO: Loss: 0.119780
2025-03-28 18:48:53,207 - INFO: Training ROC-AUC: 1.000000
2025-03-28 18:48:53,207 - INFO: Validation ROC-AUC: 0.880455
2025-03-28 18:49:05,725 - INFO: Evaluating at iteration 47635
2025-03-28 18:49:07,030 - INFO: Loss: 0.042259
2025-03-28 18:49:07,030 - INFO: Training ROC-AUC: 1.000000
2025-03-28 18:49:07,030 - INFO: Validation ROC-AUC: 0.881007
2025-03-28 18:49:19,756 - INFO: Evaluating at iteration 48135
2025-03-28 18:49:21,057 - INFO: Loss: 0.023027
2025-03-28 18:49:21,057 - INFO: Training ROC-AUC: 1.000000
2025-03-28 18:49:21,057 - INFO: Validation ROC-AUC: 0.881759
2025-03-28 18:49:23,471 - INFO: Starting epoch 24
2025-03-28 18:49:23,503 - INFO: Evaluating at iteration 48232
2025-03-28 18:49:24,770 - INFO: Loss: 0.015824
2025-03-28 18:49:24,770 - INFO: Training ROC-AUC: 1.000000
2025-03-28 18:49:24,771 - INFO: Validation ROC-AUC: 0.881454
2025-03-28 18:49:37,475 - INFO: Evaluating at iteration 48732
2025-03-28 18:49:38,711 - INFO: Loss: 0.108137
2025-03-28 18:49:38,711 - INFO: Training ROC-AUC: 0.993590
2025-03-28 18:49:38,711 - INFO: Validation ROC-AUC: 0.881537
2025-03-28 18:49:51,228 - INFO: Evaluating at iteration 49232
2025-03-28 18:49:52,462 - INFO: Loss: 0.024385
2025-03-28 18:49:52,462 - INFO: Training ROC-AUC: 1.000000
2025-03-28 18:49:52,462 - INFO: Validation ROC-AUC: 0.881357
2025-03-28 18:50:04,867 - INFO: Evaluating at iteration 49732
2025-03-28 18:50:06,143 - INFO: Loss: 0.053452
2025-03-28 18:50:06,143 - INFO: Training ROC-AUC: 1.000000
2025-03-28 18:50:06,143 - INFO: Validation ROC-AUC: 0.880937
2025-03-28 18:50:18,870 - INFO: Evaluating at iteration 50232
2025-03-28 18:50:20,139 - INFO: Loss: 0.033752
2025-03-28 18:50:20,139 - INFO: Training ROC-AUC: 1.000000
2025-03-28 18:50:20,139 - INFO: Validation ROC-AUC: 0.880273
2025-03-28 18:50:22,559 - INFO: Starting epoch 25
2025-03-28 18:50:22,589 - INFO: Evaluating at iteration 50329
2025-03-28 18:50:23,870 - INFO: Loss: 0.017148
2025-03-28 18:50:23,870 - INFO: Training ROC-AUC: 1.000000
2025-03-28 18:50:23,870 - INFO: Validation ROC-AUC: 0.880195
2025-03-28 18:50:36,379 - INFO: Evaluating at iteration 50829
2025-03-28 18:50:37,622 - INFO: Loss: 0.009492
2025-03-28 18:50:37,622 - INFO: Training ROC-AUC: 1.000000
2025-03-28 18:50:37,622 - INFO: Validation ROC-AUC: 0.879736
2025-03-28 18:50:50,092 - INFO: Evaluating at iteration 51329
2025-03-28 18:50:51,361 - INFO: Loss: 0.029591
2025-03-28 18:50:51,362 - INFO: Training ROC-AUC: 1.000000
2025-03-28 18:50:51,362 - INFO: Validation ROC-AUC: 0.879448
2025-03-28 18:51:03,812 - INFO: Evaluating at iteration 51829
2025-03-28 18:51:05,076 - INFO: Loss: 0.054653
2025-03-28 18:51:05,076 - INFO: Training ROC-AUC: 1.000000
2025-03-28 18:51:05,076 - INFO: Validation ROC-AUC: 0.879386
2025-03-28 18:51:17,528 - INFO: Evaluating at iteration 52329
2025-03-28 18:51:18,863 - INFO: Loss: 0.034358
2025-03-28 18:51:18,863 - INFO: Training ROC-AUC: 1.000000
2025-03-28 18:51:18,863 - INFO: Validation ROC-AUC: 0.880270
2025-03-28 18:51:21,213 - INFO: Saving model to models/TCRStructMap_tcr_levenshtein_split_sequence_only/model_5.pt
