2026-01-08 15:02:31,714 - INFO: Parameter: training_data='data/processed/sequences_random_split.h5'
2026-01-08 15:02:31,714 - INFO: Parameter: contact_maps='data/processed/contact_maps.h5'
2026-01-08 15:02:31,714 - INFO: Parameter: output='models/TCRStructMap_random_split'
2026-01-08 15:02:31,715 - INFO: Parameter: seed=123
2026-01-08 15:02:31,715 - INFO: Parameter: features_to_include='all'
2026-01-08 15:02:31,715 - INFO: Parameter: cdr1_alpha_length=8
2026-01-08 15:02:31,715 - INFO: Parameter: cdr2_alpha_length=8
2026-01-08 15:02:31,715 - INFO: Parameter: cdr3_alpha_length=24
2026-01-08 15:02:31,715 - INFO: Parameter: cdr1_beta_length=8
2026-01-08 15:02:31,715 - INFO: Parameter: cdr2_beta_length=8
2026-01-08 15:02:31,715 - INFO: Parameter: cdr3_beta_length=24
2026-01-08 15:02:31,715 - INFO: Parameter: peptide_length=12
2026-01-08 15:02:31,715 - INFO: Parameter: mhc_pseudo_length=26
2026-01-08 15:02:31,715 - INFO: Parameter: batch_size=32
2026-01-08 15:02:31,715 - INFO: Parameter: num_epochs=25
2026-01-08 15:02:31,715 - INFO: Parameter: learning_rate=0.001
2026-01-08 15:02:31,715 - INFO: Parameter: drop_out_rate=0.2
2026-01-08 15:02:31,715 - INFO: Parameter: learn_contact_maps=False
2026-01-08 15:02:31,715 - INFO: Parameter: checkpoint_interval=1000
2026-01-08 15:02:31,715 - INFO: Parameter: eval_interval=500
2026-01-08 15:02:31,715 - INFO: Parameter: eval_batch_size=1000
2026-01-08 15:02:31,715 - INFO: Parameter: log_level='info'
2026-01-08 15:02:31,716 - INFO: Parameter: log_file='data/logs/train_TCRStructMap_random_split.log'
2026-01-08 15:02:31,716 - INFO: Setting random seed to 123
2026-01-08 15:02:31,785 - INFO: Loading contact maps from data/processed/contact_maps.h5
2026-01-08 15:02:31,800 - INFO: Loading training data from data/processed/sequences_random_split.h5
2026-01-08 15:02:35,987 - INFO: Creating models/TCRStructMap_random_split
2026-01-08 15:02:35,989 - INFO: Starting fold 1
2026-01-08 15:02:36,153 - INFO: Initialising model
2026-01-08 15:02:57,319 - INFO: Starting training
2026-01-08 15:02:57,319 - INFO: Starting epoch 1
2026-01-08 15:02:57,451 - INFO: Evaluating at iteration 1
2026-01-08 15:02:59,005 - INFO: Loss: 0.694534
2026-01-08 15:02:59,006 - INFO: Training ROC-AUC: 0.365385
2026-01-08 15:02:59,006 - INFO: Validation ROC-AUC: 0.495494
2026-01-08 15:03:14,486 - INFO: Evaluating at iteration 501
2026-01-08 15:03:16,013 - INFO: Loss: 0.478660
2026-01-08 15:03:16,013 - INFO: Training ROC-AUC: 0.311111
2026-01-08 15:03:16,013 - INFO: Validation ROC-AUC: 0.602999
2026-01-08 15:03:31,702 - INFO: Evaluating at iteration 1001
2026-01-08 15:03:33,180 - INFO: Loss: 0.451096
2026-01-08 15:03:33,180 - INFO: Training ROC-AUC: 0.377778
2026-01-08 15:03:33,180 - INFO: Validation ROC-AUC: 0.621581
2026-01-08 15:03:48,832 - INFO: Evaluating at iteration 1501
2026-01-08 15:03:50,348 - INFO: Loss: 0.461204
2026-01-08 15:03:50,349 - INFO: Training ROC-AUC: 0.782857
2026-01-08 15:03:50,349 - INFO: Validation ROC-AUC: 0.728648
2026-01-08 15:04:05,954 - INFO: Evaluating at iteration 2001
2026-01-08 15:04:07,480 - INFO: Loss: 0.417018
2026-01-08 15:04:07,480 - INFO: Training ROC-AUC: 0.600000
2026-01-08 15:04:07,480 - INFO: Validation ROC-AUC: 0.782455
2026-01-08 15:04:10,456 - INFO: Starting epoch 2
2026-01-08 15:04:10,491 - INFO: Evaluating at iteration 2095
2026-01-08 15:04:11,994 - INFO: Loss: 0.380495
2026-01-08 15:04:11,994 - INFO: Training ROC-AUC: 0.775641
2026-01-08 15:04:11,994 - INFO: Validation ROC-AUC: 0.785582
2026-01-08 15:04:27,943 - INFO: Evaluating at iteration 2595
2026-01-08 15:04:29,470 - INFO: Loss: 0.324449
2026-01-08 15:04:29,470 - INFO: Training ROC-AUC: 0.854167
2026-01-08 15:04:29,470 - INFO: Validation ROC-AUC: 0.799757
2026-01-08 15:04:45,387 - INFO: Evaluating at iteration 3095
2026-01-08 15:04:46,882 - INFO: Loss: 0.170311
2026-01-08 15:04:46,882 - INFO: Training ROC-AUC: 0.908046
2026-01-08 15:04:46,883 - INFO: Validation ROC-AUC: 0.810304
2026-01-08 15:05:02,952 - INFO: Evaluating at iteration 3595
2026-01-08 15:05:04,501 - INFO: Loss: 0.119292
2026-01-08 15:05:04,501 - INFO: Training ROC-AUC: 1.000000
2026-01-08 15:05:04,501 - INFO: Validation ROC-AUC: 0.830563
2026-01-08 15:05:20,588 - INFO: Evaluating at iteration 4095
2026-01-08 15:05:22,131 - INFO: Loss: 0.273559
2026-01-08 15:05:22,131 - INFO: Training ROC-AUC: 0.903846
2026-01-08 15:05:22,131 - INFO: Validation ROC-AUC: 0.841060
2026-01-08 15:05:25,122 - INFO: Starting epoch 3
2026-01-08 15:05:25,155 - INFO: Evaluating at iteration 4189
2026-01-08 15:05:26,674 - INFO: Loss: 0.429410
2026-01-08 15:05:26,674 - INFO: Training ROC-AUC: 0.696296
2026-01-08 15:05:26,674 - INFO: Validation ROC-AUC: 0.839520
2026-01-08 15:05:42,695 - INFO: Evaluating at iteration 4689
2026-01-08 15:05:44,200 - INFO: Loss: 0.403602
2026-01-08 15:05:44,200 - INFO: Training ROC-AUC: 0.857143
2026-01-08 15:05:44,200 - INFO: Validation ROC-AUC: 0.846930
2026-01-08 15:06:00,228 - INFO: Evaluating at iteration 5189
2026-01-08 15:06:01,742 - INFO: Loss: 0.158121
2026-01-08 15:06:01,742 - INFO: Training ROC-AUC: 1.000000
2026-01-08 15:06:01,742 - INFO: Validation ROC-AUC: 0.852035
2026-01-08 15:06:17,925 - INFO: Evaluating at iteration 5689
2026-01-08 15:06:19,463 - INFO: Loss: 0.099184
2026-01-08 15:06:19,463 - INFO: Training ROC-AUC: 1.000000
2026-01-08 15:06:19,463 - INFO: Validation ROC-AUC: 0.856823
2026-01-08 15:06:35,549 - INFO: Evaluating at iteration 6189
2026-01-08 15:06:37,082 - INFO: Loss: 0.177489
2026-01-08 15:06:37,082 - INFO: Training ROC-AUC: 0.900000
2026-01-08 15:06:37,082 - INFO: Validation ROC-AUC: 0.861487
2026-01-08 15:06:40,093 - INFO: Starting epoch 4
2026-01-08 15:06:40,127 - INFO: Evaluating at iteration 6283
2026-01-08 15:06:41,654 - INFO: Loss: 0.240454
2026-01-08 15:06:41,654 - INFO: Training ROC-AUC: 0.857143
2026-01-08 15:06:41,654 - INFO: Validation ROC-AUC: 0.859051
2026-01-08 15:06:57,739 - INFO: Evaluating at iteration 6783
2026-01-08 15:06:59,276 - INFO: Loss: 0.164924
2026-01-08 15:06:59,276 - INFO: Training ROC-AUC: 1.000000
2026-01-08 15:06:59,276 - INFO: Validation ROC-AUC: 0.862339
2026-01-08 15:07:15,402 - INFO: Evaluating at iteration 7283
2026-01-08 15:07:16,932 - INFO: Loss: 0.322534
2026-01-08 15:07:16,933 - INFO: Training ROC-AUC: 0.862857
2026-01-08 15:07:16,933 - INFO: Validation ROC-AUC: 0.863403
2026-01-08 15:07:33,062 - INFO: Evaluating at iteration 7783
2026-01-08 15:07:34,602 - INFO: Loss: 0.155437
2026-01-08 15:07:34,602 - INFO: Training ROC-AUC: 0.983333
2026-01-08 15:07:34,602 - INFO: Validation ROC-AUC: 0.868472
2026-01-08 15:07:50,737 - INFO: Evaluating at iteration 8283
2026-01-08 15:07:52,275 - INFO: Loss: 0.350466
2026-01-08 15:07:52,275 - INFO: Training ROC-AUC: 0.814103
2026-01-08 15:07:52,275 - INFO: Validation ROC-AUC: 0.872051
2026-01-08 15:07:55,295 - INFO: Starting epoch 5
2026-01-08 15:07:55,329 - INFO: Evaluating at iteration 8377
2026-01-08 15:07:56,877 - INFO: Loss: 0.549160
2026-01-08 15:07:56,877 - INFO: Training ROC-AUC: 0.525641
2026-01-08 15:07:56,877 - INFO: Validation ROC-AUC: 0.873131
2026-01-08 15:08:13,001 - INFO: Evaluating at iteration 8877
2026-01-08 15:08:14,522 - INFO: Loss: 0.125741
2026-01-08 15:08:14,522 - INFO: Training ROC-AUC: 1.000000
2026-01-08 15:08:14,522 - INFO: Validation ROC-AUC: 0.872254
2026-01-08 15:08:30,609 - INFO: Evaluating at iteration 9377
2026-01-08 15:08:32,137 - INFO: Loss: 0.307365
2026-01-08 15:08:32,137 - INFO: Training ROC-AUC: 0.822222
2026-01-08 15:08:32,137 - INFO: Validation ROC-AUC: 0.875868
2026-01-08 15:08:48,286 - INFO: Evaluating at iteration 9877
2026-01-08 15:08:49,835 - INFO: Loss: 0.281480
2026-01-08 15:08:49,835 - INFO: Training ROC-AUC: 0.895833
2026-01-08 15:08:49,835 - INFO: Validation ROC-AUC: 0.876932
2026-01-08 15:09:06,038 - INFO: Evaluating at iteration 10377
2026-01-08 15:09:07,573 - INFO: Loss: 0.336931
2026-01-08 15:09:07,573 - INFO: Training ROC-AUC: 0.852564
2026-01-08 15:09:07,573 - INFO: Validation ROC-AUC: 0.877838
2026-01-08 15:09:10,595 - INFO: Starting epoch 6
2026-01-08 15:09:10,628 - INFO: Evaluating at iteration 10471
2026-01-08 15:09:12,143 - INFO: Loss: 0.320032
2026-01-08 15:09:12,143 - INFO: Training ROC-AUC: 0.858974
2026-01-08 15:09:12,143 - INFO: Validation ROC-AUC: 0.877215
2026-01-08 15:09:27,989 - INFO: Evaluating at iteration 10971
2026-01-08 15:09:29,486 - INFO: Loss: 0.171379
2026-01-08 15:09:29,486 - INFO: Training ROC-AUC: 0.900000
2026-01-08 15:09:29,486 - INFO: Validation ROC-AUC: 0.880263
2026-01-08 15:09:45,189 - INFO: Evaluating at iteration 11471
2026-01-08 15:09:46,682 - INFO: Loss: 0.311906
2026-01-08 15:09:46,682 - INFO: Training ROC-AUC: 0.833333
2026-01-08 15:09:46,682 - INFO: Validation ROC-AUC: 0.880366
2026-01-08 15:10:02,420 - INFO: Evaluating at iteration 11971
2026-01-08 15:10:03,957 - INFO: Loss: 0.318755
2026-01-08 15:10:03,958 - INFO: Training ROC-AUC: 0.878205
2026-01-08 15:10:03,958 - INFO: Validation ROC-AUC: 0.883806
2026-01-08 15:10:19,831 - INFO: Evaluating at iteration 12471
2026-01-08 15:10:21,366 - INFO: Loss: 0.277045
2026-01-08 15:10:21,366 - INFO: Training ROC-AUC: 0.896296
2026-01-08 15:10:21,366 - INFO: Validation ROC-AUC: 0.882158
2026-01-08 15:10:24,370 - INFO: Starting epoch 7
2026-01-08 15:10:24,403 - INFO: Evaluating at iteration 12565
2026-01-08 15:10:25,903 - INFO: Loss: 0.166387
2026-01-08 15:10:25,903 - INFO: Training ROC-AUC: 0.896552
2026-01-08 15:10:25,903 - INFO: Validation ROC-AUC: 0.881839
2026-01-08 15:10:42,026 - INFO: Evaluating at iteration 13065
2026-01-08 15:10:43,646 - INFO: Loss: 0.180712
2026-01-08 15:10:43,647 - INFO: Training ROC-AUC: 0.954023
2026-01-08 15:10:43,647 - INFO: Validation ROC-AUC: 0.881886
2026-01-08 15:10:59,887 - INFO: Evaluating at iteration 13565
2026-01-08 15:11:01,347 - INFO: Loss: 0.209788
2026-01-08 15:11:01,348 - INFO: Training ROC-AUC: 0.910256
2026-01-08 15:11:01,348 - INFO: Validation ROC-AUC: 0.882672
2026-01-08 15:11:17,090 - INFO: Evaluating at iteration 14065
2026-01-08 15:11:18,570 - INFO: Loss: 0.172662
2026-01-08 15:11:18,570 - INFO: Training ROC-AUC: 0.919643
2026-01-08 15:11:18,570 - INFO: Validation ROC-AUC: 0.883750
2026-01-08 15:11:34,196 - INFO: Evaluating at iteration 14565
2026-01-08 15:11:35,679 - INFO: Loss: 0.406443
2026-01-08 15:11:35,680 - INFO: Training ROC-AUC: 0.864583
2026-01-08 15:11:35,680 - INFO: Validation ROC-AUC: 0.883561
2026-01-08 15:11:38,604 - INFO: Starting epoch 8
2026-01-08 15:11:38,636 - INFO: Evaluating at iteration 14659
2026-01-08 15:11:40,124 - INFO: Loss: 0.213312
2026-01-08 15:11:40,124 - INFO: Training ROC-AUC: 0.940741
2026-01-08 15:11:40,124 - INFO: Validation ROC-AUC: 0.884998
2026-01-08 15:11:55,891 - INFO: Evaluating at iteration 15159
2026-01-08 15:11:57,357 - INFO: Loss: 0.297401
2026-01-08 15:11:57,357 - INFO: Training ROC-AUC: 0.884615
2026-01-08 15:11:57,357 - INFO: Validation ROC-AUC: 0.885066
2026-01-08 15:12:13,108 - INFO: Evaluating at iteration 15659
2026-01-08 15:12:14,590 - INFO: Loss: 0.118161
2026-01-08 15:12:14,590 - INFO: Training ROC-AUC: 0.973214
2026-01-08 15:12:14,590 - INFO: Validation ROC-AUC: 0.886555
2026-01-08 15:12:30,246 - INFO: Evaluating at iteration 16159
2026-01-08 15:12:31,728 - INFO: Loss: 0.349614
2026-01-08 15:12:31,728 - INFO: Training ROC-AUC: 0.880000
2026-01-08 15:12:31,728 - INFO: Validation ROC-AUC: 0.887969
2026-01-08 15:12:47,496 - INFO: Evaluating at iteration 16659
2026-01-08 15:12:49,005 - INFO: Loss: 0.195106
2026-01-08 15:12:49,005 - INFO: Training ROC-AUC: 0.951691
2026-01-08 15:12:49,005 - INFO: Validation ROC-AUC: 0.887982
2026-01-08 15:12:51,921 - INFO: Starting epoch 9
2026-01-08 15:12:51,953 - INFO: Evaluating at iteration 16753
2026-01-08 15:12:53,440 - INFO: Loss: 0.135499
2026-01-08 15:12:53,440 - INFO: Training ROC-AUC: 1.000000
2026-01-08 15:12:53,440 - INFO: Validation ROC-AUC: 0.887719
2026-01-08 15:13:09,047 - INFO: Evaluating at iteration 17253
2026-01-08 15:13:10,518 - INFO: Loss: 0.267588
2026-01-08 15:13:10,518 - INFO: Training ROC-AUC: 0.878205
2026-01-08 15:13:10,518 - INFO: Validation ROC-AUC: 0.888341
2026-01-08 15:13:26,191 - INFO: Evaluating at iteration 17753
2026-01-08 15:13:27,698 - INFO: Loss: 0.447602
2026-01-08 15:13:27,698 - INFO: Training ROC-AUC: 0.730769
2026-01-08 15:13:27,698 - INFO: Validation ROC-AUC: 0.889219
2026-01-08 15:13:43,331 - INFO: Evaluating at iteration 18253
2026-01-08 15:13:44,830 - INFO: Loss: 0.343344
2026-01-08 15:13:44,830 - INFO: Training ROC-AUC: 0.858974
2026-01-08 15:13:44,830 - INFO: Validation ROC-AUC: 0.888718
2026-01-08 15:14:00,470 - INFO: Evaluating at iteration 18753
2026-01-08 15:14:01,977 - INFO: Loss: 0.233967
2026-01-08 15:14:01,977 - INFO: Training ROC-AUC: 0.973214
2026-01-08 15:14:01,977 - INFO: Validation ROC-AUC: 0.888525
2026-01-08 15:14:04,912 - INFO: Starting epoch 10
2026-01-08 15:14:04,945 - INFO: Evaluating at iteration 18847
2026-01-08 15:14:06,438 - INFO: Loss: 0.183072
2026-01-08 15:14:06,438 - INFO: Training ROC-AUC: 0.974359
2026-01-08 15:14:06,438 - INFO: Validation ROC-AUC: 0.888854
2026-01-08 15:14:22,101 - INFO: Evaluating at iteration 19347
2026-01-08 15:14:23,565 - INFO: Loss: 0.180852
2026-01-08 15:14:23,565 - INFO: Training ROC-AUC: 0.783333
2026-01-08 15:14:23,565 - INFO: Validation ROC-AUC: 0.888786
2026-01-08 15:14:39,179 - INFO: Evaluating at iteration 19847
2026-01-08 15:14:40,670 - INFO: Loss: 0.331648
2026-01-08 15:14:40,670 - INFO: Training ROC-AUC: 0.895833
2026-01-08 15:14:40,670 - INFO: Validation ROC-AUC: 0.887839
2026-01-08 15:14:56,329 - INFO: Evaluating at iteration 20347
2026-01-08 15:14:57,811 - INFO: Loss: 0.155993
2026-01-08 15:14:57,811 - INFO: Training ROC-AUC: 0.992593
2026-01-08 15:14:57,811 - INFO: Validation ROC-AUC: 0.890530
2026-01-08 15:15:13,396 - INFO: Evaluating at iteration 20847
2026-01-08 15:15:14,878 - INFO: Loss: 0.177193
2026-01-08 15:15:14,878 - INFO: Training ROC-AUC: 0.931034
2026-01-08 15:15:14,878 - INFO: Validation ROC-AUC: 0.890453
2026-01-08 15:15:17,849 - INFO: Starting epoch 11
2026-01-08 15:15:17,881 - INFO: Evaluating at iteration 20941
2026-01-08 15:15:19,369 - INFO: Loss: 0.125114
2026-01-08 15:15:19,369 - INFO: Training ROC-AUC: 0.988506
2026-01-08 15:15:19,369 - INFO: Validation ROC-AUC: 0.891410
2026-01-08 15:15:35,111 - INFO: Evaluating at iteration 21441
2026-01-08 15:15:36,616 - INFO: Loss: 0.168972
2026-01-08 15:15:36,616 - INFO: Training ROC-AUC: 1.000000
2026-01-08 15:15:36,616 - INFO: Validation ROC-AUC: 0.889183
2026-01-08 15:15:52,376 - INFO: Evaluating at iteration 21941
2026-01-08 15:15:53,861 - INFO: Loss: 0.223198
2026-01-08 15:15:53,861 - INFO: Training ROC-AUC: 0.839286
2026-01-08 15:15:53,861 - INFO: Validation ROC-AUC: 0.889832
2026-01-08 15:16:09,698 - INFO: Evaluating at iteration 22441
2026-01-08 15:16:11,174 - INFO: Loss: 0.115484
2026-01-08 15:16:11,175 - INFO: Training ROC-AUC: 0.983333
2026-01-08 15:16:11,175 - INFO: Validation ROC-AUC: 0.890085
2026-01-08 15:16:27,016 - INFO: Evaluating at iteration 22941
2026-01-08 15:16:28,518 - INFO: Loss: 0.354179
2026-01-08 15:16:28,519 - INFO: Training ROC-AUC: 0.880208
2026-01-08 15:16:28,519 - INFO: Validation ROC-AUC: 0.891236
2026-01-08 15:16:31,489 - INFO: Starting epoch 12
2026-01-08 15:16:31,523 - INFO: Evaluating at iteration 23035
2026-01-08 15:16:33,012 - INFO: Loss: 0.052076
2026-01-08 15:16:33,013 - INFO: Training ROC-AUC: 1.000000
2026-01-08 15:16:33,013 - INFO: Validation ROC-AUC: 0.891518
2026-01-08 15:16:48,834 - INFO: Evaluating at iteration 23535
2026-01-08 15:16:50,343 - INFO: Loss: 0.357001
2026-01-08 15:16:50,343 - INFO: Training ROC-AUC: 0.897143
2026-01-08 15:16:50,343 - INFO: Validation ROC-AUC: 0.890317
2026-01-08 15:17:06,079 - INFO: Evaluating at iteration 24035
2026-01-08 15:17:07,588 - INFO: Loss: 0.125073
2026-01-08 15:17:07,588 - INFO: Training ROC-AUC: 1.000000
2026-01-08 15:17:07,588 - INFO: Validation ROC-AUC: 0.891231
2026-01-08 15:17:23,512 - INFO: Evaluating at iteration 24535
2026-01-08 15:17:24,976 - INFO: Loss: 0.120919
2026-01-08 15:17:24,976 - INFO: Training ROC-AUC: 1.000000
2026-01-08 15:17:24,976 - INFO: Validation ROC-AUC: 0.890841
2026-01-08 15:17:40,849 - INFO: Evaluating at iteration 25035
2026-01-08 15:17:42,359 - INFO: Loss: 0.262879
2026-01-08 15:17:42,359 - INFO: Training ROC-AUC: 0.902857
2026-01-08 15:17:42,359 - INFO: Validation ROC-AUC: 0.891887
2026-01-08 15:17:45,337 - INFO: Starting epoch 13
2026-01-08 15:17:45,370 - INFO: Evaluating at iteration 25129
2026-01-08 15:17:46,868 - INFO: Loss: 0.139914
2026-01-08 15:17:46,868 - INFO: Training ROC-AUC: 1.000000
2026-01-08 15:17:46,868 - INFO: Validation ROC-AUC: 0.890640
2026-01-08 15:18:02,753 - INFO: Evaluating at iteration 25629
2026-01-08 15:18:04,249 - INFO: Loss: 0.352008
2026-01-08 15:18:04,249 - INFO: Training ROC-AUC: 0.913420
2026-01-08 15:18:04,249 - INFO: Validation ROC-AUC: 0.890461
2026-01-08 15:18:20,162 - INFO: Evaluating at iteration 26129
2026-01-08 15:18:21,817 - INFO: Loss: 0.446113
2026-01-08 15:18:21,817 - INFO: Training ROC-AUC: 0.869565
2026-01-08 15:18:21,817 - INFO: Validation ROC-AUC: 0.890531
2026-01-08 15:18:37,616 - INFO: Evaluating at iteration 26629
2026-01-08 15:18:39,087 - INFO: Loss: 0.173605
2026-01-08 15:18:39,087 - INFO: Training ROC-AUC: 0.977011
2026-01-08 15:18:39,087 - INFO: Validation ROC-AUC: 0.892239
2026-01-08 15:18:54,982 - INFO: Evaluating at iteration 27129
2026-01-08 15:18:56,470 - INFO: Loss: 0.348062
2026-01-08 15:18:56,471 - INFO: Training ROC-AUC: 0.942029
2026-01-08 15:18:56,471 - INFO: Validation ROC-AUC: 0.892904
2026-01-08 15:18:59,445 - INFO: Starting epoch 14
2026-01-08 15:18:59,478 - INFO: Evaluating at iteration 27223
2026-01-08 15:19:00,961 - INFO: Loss: 0.288874
2026-01-08 15:19:00,961 - INFO: Training ROC-AUC: 0.858974
2026-01-08 15:19:00,961 - INFO: Validation ROC-AUC: 0.893423
2026-01-08 15:19:16,836 - INFO: Evaluating at iteration 27723
2026-01-08 15:19:18,344 - INFO: Loss: 0.172929
2026-01-08 15:19:18,344 - INFO: Training ROC-AUC: 0.967949
2026-01-08 15:19:18,345 - INFO: Validation ROC-AUC: 0.891904
2026-01-08 15:19:34,190 - INFO: Evaluating at iteration 28223
2026-01-08 15:19:35,680 - INFO: Loss: 0.276217
2026-01-08 15:19:35,680 - INFO: Training ROC-AUC: 0.914286
2026-01-08 15:19:35,680 - INFO: Validation ROC-AUC: 0.894064
2026-01-08 15:19:51,626 - INFO: Evaluating at iteration 28723
2026-01-08 15:19:53,189 - INFO: Loss: 0.229254
2026-01-08 15:19:53,189 - INFO: Training ROC-AUC: 0.881481
2026-01-08 15:19:53,189 - INFO: Validation ROC-AUC: 0.892611
2026-01-08 15:20:09,016 - INFO: Evaluating at iteration 29223
2026-01-08 15:20:10,501 - INFO: Loss: 0.218783
2026-01-08 15:20:10,501 - INFO: Training ROC-AUC: 0.940741
2026-01-08 15:20:10,501 - INFO: Validation ROC-AUC: 0.891928
2026-01-08 15:20:13,473 - INFO: Starting epoch 15
2026-01-08 15:20:13,505 - INFO: Evaluating at iteration 29317
2026-01-08 15:20:15,000 - INFO: Loss: 0.264521
2026-01-08 15:20:15,000 - INFO: Training ROC-AUC: 0.837037
2026-01-08 15:20:15,000 - INFO: Validation ROC-AUC: 0.892574
2026-01-08 15:20:30,985 - INFO: Evaluating at iteration 29817
2026-01-08 15:20:32,464 - INFO: Loss: 0.162200
2026-01-08 15:20:32,464 - INFO: Training ROC-AUC: 0.965517
2026-01-08 15:20:32,464 - INFO: Validation ROC-AUC: 0.890804
2026-01-08 15:20:48,324 - INFO: Evaluating at iteration 30317
2026-01-08 15:20:49,802 - INFO: Loss: 0.038474
2026-01-08 15:20:49,802 - INFO: Training ROC-AUC: 1.000000
2026-01-08 15:20:49,803 - INFO: Validation ROC-AUC: 0.891024
2026-01-08 15:21:05,759 - INFO: Evaluating at iteration 30817
2026-01-08 15:21:07,250 - INFO: Loss: 0.123034
2026-01-08 15:21:07,250 - INFO: Training ROC-AUC: 0.982143
2026-01-08 15:21:07,250 - INFO: Validation ROC-AUC: 0.892370
2026-01-08 15:21:23,222 - INFO: Evaluating at iteration 31317
2026-01-08 15:21:24,696 - INFO: Loss: 0.206455
2026-01-08 15:21:24,696 - INFO: Training ROC-AUC: 0.892857
2026-01-08 15:21:24,696 - INFO: Validation ROC-AUC: 0.892655
2026-01-08 15:21:27,713 - INFO: Starting epoch 16
2026-01-08 15:21:27,745 - INFO: Evaluating at iteration 31411
2026-01-08 15:21:29,228 - INFO: Loss: 0.095526
2026-01-08 15:21:29,228 - INFO: Training ROC-AUC: 1.000000
2026-01-08 15:21:29,228 - INFO: Validation ROC-AUC: 0.893135
2026-01-08 15:21:45,159 - INFO: Evaluating at iteration 31911
2026-01-08 15:21:46,633 - INFO: Loss: 0.272837
2026-01-08 15:21:46,633 - INFO: Training ROC-AUC: 0.931429
2026-01-08 15:21:46,633 - INFO: Validation ROC-AUC: 0.892259
2026-01-08 15:22:02,603 - INFO: Evaluating at iteration 32411
2026-01-08 15:22:04,084 - INFO: Loss: 0.165551
2026-01-08 15:22:04,084 - INFO: Training ROC-AUC: 0.919540
2026-01-08 15:22:04,084 - INFO: Validation ROC-AUC: 0.893198
2026-01-08 15:22:20,059 - INFO: Evaluating at iteration 32911
2026-01-08 15:22:21,546 - INFO: Loss: 0.198254
2026-01-08 15:22:21,546 - INFO: Training ROC-AUC: 0.948718
2026-01-08 15:22:21,546 - INFO: Validation ROC-AUC: 0.892542
2026-01-08 15:22:37,702 - INFO: Evaluating at iteration 33411
2026-01-08 15:22:39,202 - INFO: Loss: 0.311448
2026-01-08 15:22:39,203 - INFO: Training ROC-AUC: 0.910256
2026-01-08 15:22:39,203 - INFO: Validation ROC-AUC: 0.893027
2026-01-08 15:22:42,195 - INFO: Starting epoch 17
2026-01-08 15:22:42,229 - INFO: Evaluating at iteration 33505
2026-01-08 15:22:43,708 - INFO: Loss: 0.156829
2026-01-08 15:22:43,708 - INFO: Training ROC-AUC: 0.974359
2026-01-08 15:22:43,708 - INFO: Validation ROC-AUC: 0.893492
2026-01-08 15:22:59,931 - INFO: Evaluating at iteration 34005
2026-01-08 15:23:01,414 - INFO: Loss: 0.256805
2026-01-08 15:23:01,414 - INFO: Training ROC-AUC: 0.925926
2026-01-08 15:23:01,414 - INFO: Validation ROC-AUC: 0.892893
2026-01-08 15:23:17,522 - INFO: Evaluating at iteration 34505
2026-01-08 15:23:19,013 - INFO: Loss: 0.296031
2026-01-08 15:23:19,013 - INFO: Training ROC-AUC: 0.968182
2026-01-08 15:23:19,014 - INFO: Validation ROC-AUC: 0.892881
2026-01-08 15:23:35,172 - INFO: Evaluating at iteration 35005
2026-01-08 15:23:36,666 - INFO: Loss: 0.289204
2026-01-08 15:23:36,667 - INFO: Training ROC-AUC: 0.897436
2026-01-08 15:23:36,667 - INFO: Validation ROC-AUC: 0.892343
2026-01-08 15:23:52,773 - INFO: Evaluating at iteration 35505
2026-01-08 15:23:54,274 - INFO: Loss: 0.196453
2026-01-08 15:23:54,274 - INFO: Training ROC-AUC: 0.908046
2026-01-08 15:23:54,275 - INFO: Validation ROC-AUC: 0.893435
2026-01-08 15:23:57,260 - INFO: Starting epoch 18
2026-01-08 15:23:57,294 - INFO: Evaluating at iteration 35599
2026-01-08 15:23:58,844 - INFO: Loss: 0.302113
2026-01-08 15:23:58,844 - INFO: Training ROC-AUC: 0.891429
2026-01-08 15:23:58,844 - INFO: Validation ROC-AUC: 0.893383
2026-01-08 15:24:14,877 - INFO: Evaluating at iteration 36099
2026-01-08 15:24:16,366 - INFO: Loss: 0.115266
2026-01-08 15:24:16,366 - INFO: Training ROC-AUC: 0.993590
2026-01-08 15:24:16,366 - INFO: Validation ROC-AUC: 0.891959
2026-01-08 15:24:32,518 - INFO: Evaluating at iteration 36599
2026-01-08 15:24:33,984 - INFO: Loss: 0.195450
2026-01-08 15:24:33,984 - INFO: Training ROC-AUC: 0.955357
2026-01-08 15:24:33,984 - INFO: Validation ROC-AUC: 0.892940
2026-01-08 15:24:50,137 - INFO: Evaluating at iteration 37099
2026-01-08 15:24:51,633 - INFO: Loss: 0.258567
2026-01-08 15:24:51,633 - INFO: Training ROC-AUC: 0.954286
2026-01-08 15:24:51,633 - INFO: Validation ROC-AUC: 0.891033
2026-01-08 15:25:08,018 - INFO: Evaluating at iteration 37599
2026-01-08 15:25:09,498 - INFO: Loss: 0.186288
2026-01-08 15:25:09,498 - INFO: Training ROC-AUC: 0.933333
2026-01-08 15:25:09,498 - INFO: Validation ROC-AUC: 0.894225
2026-01-08 15:25:12,528 - INFO: Starting epoch 19
2026-01-08 15:25:12,561 - INFO: Evaluating at iteration 37693
2026-01-08 15:25:14,027 - INFO: Loss: 0.117883
2026-01-08 15:25:14,027 - INFO: Training ROC-AUC: 0.933333
2026-01-08 15:25:14,027 - INFO: Validation ROC-AUC: 0.893871
2026-01-08 15:25:30,435 - INFO: Evaluating at iteration 38193
2026-01-08 15:25:31,951 - INFO: Loss: 0.203953
2026-01-08 15:25:31,951 - INFO: Training ROC-AUC: 0.973958
2026-01-08 15:25:31,951 - INFO: Validation ROC-AUC: 0.893650
2026-01-08 15:25:48,182 - INFO: Evaluating at iteration 38693
2026-01-08 15:25:49,686 - INFO: Loss: 0.396493
2026-01-08 15:25:49,686 - INFO: Training ROC-AUC: 0.850242
2026-01-08 15:25:49,686 - INFO: Validation ROC-AUC: 0.893261
2026-01-08 15:26:05,904 - INFO: Evaluating at iteration 39193
2026-01-08 15:26:07,393 - INFO: Loss: 0.174210
2026-01-08 15:26:07,393 - INFO: Training ROC-AUC: 0.993590
2026-01-08 15:26:07,393 - INFO: Validation ROC-AUC: 0.892901
2026-01-08 15:26:23,637 - INFO: Evaluating at iteration 39693
2026-01-08 15:26:25,127 - INFO: Loss: 0.213975
2026-01-08 15:26:25,127 - INFO: Training ROC-AUC: 0.933333
2026-01-08 15:26:25,127 - INFO: Validation ROC-AUC: 0.889671
2026-01-08 15:26:28,164 - INFO: Starting epoch 20
2026-01-08 15:26:28,197 - INFO: Evaluating at iteration 39787
2026-01-08 15:26:29,667 - INFO: Loss: 0.088844
2026-01-08 15:26:29,667 - INFO: Training ROC-AUC: 1.000000
2026-01-08 15:26:29,667 - INFO: Validation ROC-AUC: 0.891188
2026-01-08 15:26:46,044 - INFO: Evaluating at iteration 40287
2026-01-08 15:26:47,541 - INFO: Loss: 0.191443
2026-01-08 15:26:47,541 - INFO: Training ROC-AUC: 0.955556
2026-01-08 15:26:47,541 - INFO: Validation ROC-AUC: 0.892780
2026-01-08 15:27:04,071 - INFO: Evaluating at iteration 40787
2026-01-08 15:27:05,542 - INFO: Loss: 0.099445
2026-01-08 15:27:05,542 - INFO: Training ROC-AUC: 0.977778
2026-01-08 15:27:05,542 - INFO: Validation ROC-AUC: 0.891756
2026-01-08 15:27:22,094 - INFO: Evaluating at iteration 41287
2026-01-08 15:27:23,563 - INFO: Loss: 0.122102
2026-01-08 15:27:23,563 - INFO: Training ROC-AUC: 0.935484
2026-01-08 15:27:23,563 - INFO: Validation ROC-AUC: 0.893890
2026-01-08 15:27:40,131 - INFO: Evaluating at iteration 41787
2026-01-08 15:27:41,586 - INFO: Loss: 0.120854
2026-01-08 15:27:41,586 - INFO: Training ROC-AUC: 0.992593
2026-01-08 15:27:41,586 - INFO: Validation ROC-AUC: 0.892550
2026-01-08 15:27:44,674 - INFO: Starting epoch 21
2026-01-08 15:27:44,712 - INFO: Evaluating at iteration 41881
2026-01-08 15:27:46,204 - INFO: Loss: 0.064460
2026-01-08 15:27:46,205 - INFO: Training ROC-AUC: 1.000000
2026-01-08 15:27:46,205 - INFO: Validation ROC-AUC: 0.892673
2026-01-08 15:28:02,949 - INFO: Evaluating at iteration 42381
2026-01-08 15:28:04,440 - INFO: Loss: 0.140603
2026-01-08 15:28:04,441 - INFO: Training ROC-AUC: 0.984375
2026-01-08 15:28:04,441 - INFO: Validation ROC-AUC: 0.893718
2026-01-08 15:28:21,249 - INFO: Evaluating at iteration 42881
2026-01-08 15:28:22,739 - INFO: Loss: 0.158740
2026-01-08 15:28:22,739 - INFO: Training ROC-AUC: 1.000000
2026-01-08 15:28:22,740 - INFO: Validation ROC-AUC: 0.892794
2026-01-08 15:28:39,541 - INFO: Evaluating at iteration 43381
2026-01-08 15:28:41,040 - INFO: Loss: 0.169298
2026-01-08 15:28:41,040 - INFO: Training ROC-AUC: 0.967949
2026-01-08 15:28:41,040 - INFO: Validation ROC-AUC: 0.890718
2026-01-08 15:28:57,834 - INFO: Evaluating at iteration 43881
2026-01-08 15:28:59,327 - INFO: Loss: 0.096876
2026-01-08 15:28:59,327 - INFO: Training ROC-AUC: 1.000000
2026-01-08 15:28:59,327 - INFO: Validation ROC-AUC: 0.891398
2026-01-08 15:29:02,460 - INFO: Starting epoch 22
2026-01-08 15:29:02,494 - INFO: Evaluating at iteration 43975
2026-01-08 15:29:03,952 - INFO: Loss: 0.286161
2026-01-08 15:29:03,953 - INFO: Training ROC-AUC: 0.986364
2026-01-08 15:29:03,953 - INFO: Validation ROC-AUC: 0.890010
2026-01-08 15:29:20,838 - INFO: Evaluating at iteration 44475
2026-01-08 15:29:22,339 - INFO: Loss: 0.313128
2026-01-08 15:29:22,339 - INFO: Training ROC-AUC: 0.925714
2026-01-08 15:29:22,339 - INFO: Validation ROC-AUC: 0.891634
2026-01-08 15:29:39,301 - INFO: Evaluating at iteration 44975
2026-01-08 15:29:40,796 - INFO: Loss: 0.083560
2026-01-08 15:29:40,796 - INFO: Training ROC-AUC: 1.000000
2026-01-08 15:29:40,796 - INFO: Validation ROC-AUC: 0.891717
2026-01-08 15:29:57,746 - INFO: Evaluating at iteration 45475
2026-01-08 15:29:59,214 - INFO: Loss: 0.171920
2026-01-08 15:29:59,214 - INFO: Training ROC-AUC: 0.981818
2026-01-08 15:29:59,214 - INFO: Validation ROC-AUC: 0.892823
2026-01-08 15:30:16,299 - INFO: Evaluating at iteration 45975
2026-01-08 15:30:17,821 - INFO: Loss: 0.308943
2026-01-08 15:30:17,821 - INFO: Training ROC-AUC: 0.916667
2026-01-08 15:30:17,821 - INFO: Validation ROC-AUC: 0.892387
2026-01-08 15:30:21,062 - INFO: Starting epoch 23
2026-01-08 15:30:21,095 - INFO: Evaluating at iteration 46069
2026-01-08 15:30:22,600 - INFO: Loss: 0.031193
2026-01-08 15:30:22,600 - INFO: Training ROC-AUC: 1.000000
2026-01-08 15:30:22,600 - INFO: Validation ROC-AUC: 0.892565
2026-01-08 15:30:39,696 - INFO: Evaluating at iteration 46569
2026-01-08 15:30:41,216 - INFO: Loss: 0.342989
2026-01-08 15:30:41,216 - INFO: Training ROC-AUC: 0.911458
2026-01-08 15:30:41,217 - INFO: Validation ROC-AUC: 0.893079
2026-01-08 15:30:58,407 - INFO: Evaluating at iteration 47069
2026-01-08 15:30:59,888 - INFO: Loss: 0.083845
2026-01-08 15:30:59,889 - INFO: Training ROC-AUC: 1.000000
2026-01-08 15:30:59,889 - INFO: Validation ROC-AUC: 0.890282
2026-01-08 15:31:17,145 - INFO: Evaluating at iteration 47569
2026-01-08 15:31:18,641 - INFO: Loss: 0.079082
2026-01-08 15:31:18,641 - INFO: Training ROC-AUC: 0.988506
2026-01-08 15:31:18,641 - INFO: Validation ROC-AUC: 0.891521
2026-01-08 15:31:36,224 - INFO: Evaluating at iteration 48069
2026-01-08 15:31:37,716 - INFO: Loss: 0.081297
2026-01-08 15:31:37,716 - INFO: Training ROC-AUC: 0.993590
2026-01-08 15:31:37,716 - INFO: Validation ROC-AUC: 0.891205
2026-01-08 15:31:41,077 - INFO: Starting epoch 24
2026-01-08 15:31:41,122 - INFO: Evaluating at iteration 48163
2026-01-08 15:31:42,604 - INFO: Loss: 0.237329
2026-01-08 15:31:42,605 - INFO: Training ROC-AUC: 0.951691
2026-01-08 15:31:42,605 - INFO: Validation ROC-AUC: 0.892305
2026-01-08 15:31:59,889 - INFO: Evaluating at iteration 48663
2026-01-08 15:32:01,343 - INFO: Loss: 0.220733
2026-01-08 15:32:01,344 - INFO: Training ROC-AUC: 0.940741
2026-01-08 15:32:01,344 - INFO: Validation ROC-AUC: 0.890747
2026-01-08 15:32:18,966 - INFO: Evaluating at iteration 49163
2026-01-08 15:32:20,465 - INFO: Loss: 0.262674
2026-01-08 15:32:20,465 - INFO: Training ROC-AUC: 0.866071
2026-01-08 15:32:20,465 - INFO: Validation ROC-AUC: 0.890569
2026-01-08 15:32:38,029 - INFO: Evaluating at iteration 49663
2026-01-08 15:32:39,532 - INFO: Loss: 0.078745
2026-01-08 15:32:39,532 - INFO: Training ROC-AUC: 1.000000
2026-01-08 15:32:39,532 - INFO: Validation ROC-AUC: 0.891458
2026-01-08 15:32:56,978 - INFO: Evaluating at iteration 50163
2026-01-08 15:32:58,464 - INFO: Loss: 0.227963
2026-01-08 15:32:58,464 - INFO: Training ROC-AUC: 0.966184
2026-01-08 15:32:58,464 - INFO: Validation ROC-AUC: 0.891285
2026-01-08 15:33:01,738 - INFO: Starting epoch 25
2026-01-08 15:33:01,771 - INFO: Evaluating at iteration 50257
2026-01-08 15:33:03,255 - INFO: Loss: 0.078550
2026-01-08 15:33:03,255 - INFO: Training ROC-AUC: 1.000000
2026-01-08 15:33:03,255 - INFO: Validation ROC-AUC: 0.891965
2026-01-08 15:33:20,904 - INFO: Evaluating at iteration 50757
2026-01-08 15:33:22,401 - INFO: Loss: 0.107120
2026-01-08 15:33:22,401 - INFO: Training ROC-AUC: 1.000000
2026-01-08 15:33:22,401 - INFO: Validation ROC-AUC: 0.890799
2026-01-08 15:33:40,127 - INFO: Evaluating at iteration 51257
2026-01-08 15:33:41,620 - INFO: Loss: 0.113034
2026-01-08 15:33:41,620 - INFO: Training ROC-AUC: 1.000000
2026-01-08 15:33:41,620 - INFO: Validation ROC-AUC: 0.890442
2026-01-08 15:33:59,318 - INFO: Evaluating at iteration 51757
2026-01-08 15:34:00,807 - INFO: Loss: 0.093163
2026-01-08 15:34:00,807 - INFO: Training ROC-AUC: 0.982143
2026-01-08 15:34:00,807 - INFO: Validation ROC-AUC: 0.892568
2026-01-08 15:34:18,295 - INFO: Evaluating at iteration 52257
2026-01-08 15:34:19,777 - INFO: Loss: 0.099139
2026-01-08 15:34:19,777 - INFO: Training ROC-AUC: 1.000000
2026-01-08 15:34:19,777 - INFO: Validation ROC-AUC: 0.892480
2026-01-08 15:34:23,068 - INFO: Saving model to models/TCRStructMap_random_split/model_1.pt
2026-01-08 15:34:23,092 - INFO: Starting fold 2
2026-01-08 15:34:23,227 - INFO: Initialising model
2026-01-08 15:34:23,240 - INFO: Starting training
2026-01-08 15:34:23,240 - INFO: Starting epoch 1
2026-01-08 15:34:23,282 - INFO: Evaluating at iteration 1
2026-01-08 15:34:24,765 - INFO: Loss: 0.710680
2026-01-08 15:34:24,765 - INFO: Training ROC-AUC: 0.316667
2026-01-08 15:34:24,765 - INFO: Validation ROC-AUC: 0.494273
2026-01-08 15:34:39,886 - INFO: Evaluating at iteration 501
2026-01-08 15:34:41,345 - INFO: Loss: 0.532942
2026-01-08 15:34:41,345 - INFO: Training ROC-AUC: 0.525714
2026-01-08 15:34:41,345 - INFO: Validation ROC-AUC: 0.591688
2026-01-08 15:34:56,930 - INFO: Evaluating at iteration 1001
2026-01-08 15:34:58,388 - INFO: Loss: 0.532041
2026-01-08 15:34:58,388 - INFO: Training ROC-AUC: 0.588571
2026-01-08 15:34:58,388 - INFO: Validation ROC-AUC: 0.591210
2026-01-08 15:35:13,925 - INFO: Evaluating at iteration 1501
2026-01-08 15:35:15,458 - INFO: Loss: 0.339656
2026-01-08 15:35:15,459 - INFO: Training ROC-AUC: 0.844444
2026-01-08 15:35:15,459 - INFO: Validation ROC-AUC: 0.637709
2026-01-08 15:35:30,828 - INFO: Evaluating at iteration 2001
2026-01-08 15:35:32,327 - INFO: Loss: 0.337727
2026-01-08 15:35:32,327 - INFO: Training ROC-AUC: 0.826923
2026-01-08 15:35:32,327 - INFO: Validation ROC-AUC: 0.782276
2026-01-08 15:35:35,201 - INFO: Starting epoch 2
2026-01-08 15:35:35,232 - INFO: Evaluating at iteration 2095
2026-01-08 15:35:36,726 - INFO: Loss: 0.411420
2026-01-08 15:35:36,726 - INFO: Training ROC-AUC: 0.651852
2026-01-08 15:35:36,726 - INFO: Validation ROC-AUC: 0.787548
2026-01-08 15:35:52,085 - INFO: Evaluating at iteration 2595
2026-01-08 15:35:53,561 - INFO: Loss: 0.239310
2026-01-08 15:35:53,561 - INFO: Training ROC-AUC: 0.873563
2026-01-08 15:35:53,561 - INFO: Validation ROC-AUC: 0.812311
2026-01-08 15:36:08,813 - INFO: Evaluating at iteration 3095
2026-01-08 15:36:10,277 - INFO: Loss: 0.325774
2026-01-08 15:36:10,278 - INFO: Training ROC-AUC: 0.807692
2026-01-08 15:36:10,278 - INFO: Validation ROC-AUC: 0.827447
2026-01-08 15:36:25,720 - INFO: Evaluating at iteration 3595
2026-01-08 15:36:27,210 - INFO: Loss: 0.165374
2026-01-08 15:36:27,210 - INFO: Training ROC-AUC: 0.977011
2026-01-08 15:36:27,210 - INFO: Validation ROC-AUC: 0.836739
2026-01-08 15:36:42,609 - INFO: Evaluating at iteration 4095
2026-01-08 15:36:44,102 - INFO: Loss: 0.307006
2026-01-08 15:36:44,102 - INFO: Training ROC-AUC: 0.891429
2026-01-08 15:36:44,102 - INFO: Validation ROC-AUC: 0.840091
2026-01-08 15:36:47,028 - INFO: Starting epoch 3
2026-01-08 15:36:47,074 - INFO: Evaluating at iteration 4189
2026-01-08 15:36:48,552 - INFO: Loss: 0.367102
2026-01-08 15:36:48,552 - INFO: Training ROC-AUC: 0.952381
2026-01-08 15:36:48,552 - INFO: Validation ROC-AUC: 0.841609
2026-01-08 15:37:03,920 - INFO: Evaluating at iteration 4689
2026-01-08 15:37:05,392 - INFO: Loss: 0.362999
2026-01-08 15:37:05,393 - INFO: Training ROC-AUC: 0.814103
2026-01-08 15:37:05,393 - INFO: Validation ROC-AUC: 0.842554
2026-01-08 15:37:20,874 - INFO: Evaluating at iteration 5189
2026-01-08 15:37:22,357 - INFO: Loss: 0.283654
2026-01-08 15:37:22,357 - INFO: Training ROC-AUC: 0.884615
2026-01-08 15:37:22,357 - INFO: Validation ROC-AUC: 0.848244
2026-01-08 15:37:37,768 - INFO: Evaluating at iteration 5689
2026-01-08 15:37:39,248 - INFO: Loss: 0.186716
2026-01-08 15:37:39,248 - INFO: Training ROC-AUC: 0.850000
2026-01-08 15:37:39,248 - INFO: Validation ROC-AUC: 0.852380
2026-01-08 15:37:54,729 - INFO: Evaluating at iteration 6189
2026-01-08 15:37:56,240 - INFO: Loss: 0.260083
2026-01-08 15:37:56,240 - INFO: Training ROC-AUC: 0.942857
2026-01-08 15:37:56,240 - INFO: Validation ROC-AUC: 0.855284
2026-01-08 15:37:59,124 - INFO: Starting epoch 4
2026-01-08 15:37:59,156 - INFO: Evaluating at iteration 6283
2026-01-08 15:38:00,608 - INFO: Loss: 0.411475
2026-01-08 15:38:00,608 - INFO: Training ROC-AUC: 0.717949
2026-01-08 15:38:00,608 - INFO: Validation ROC-AUC: 0.857707
2026-01-08 15:38:16,092 - INFO: Evaluating at iteration 6783
2026-01-08 15:38:17,543 - INFO: Loss: 0.313759
2026-01-08 15:38:17,543 - INFO: Training ROC-AUC: 0.896296
2026-01-08 15:38:17,543 - INFO: Validation ROC-AUC: 0.860793
2026-01-08 15:38:33,074 - INFO: Evaluating at iteration 7283
2026-01-08 15:38:34,568 - INFO: Loss: 0.392389
2026-01-08 15:38:34,568 - INFO: Training ROC-AUC: 0.800000
2026-01-08 15:38:34,568 - INFO: Validation ROC-AUC: 0.862813
2026-01-08 15:38:50,154 - INFO: Evaluating at iteration 7783
2026-01-08 15:38:51,657 - INFO: Loss: 0.224820
2026-01-08 15:38:51,657 - INFO: Training ROC-AUC: 0.862069
2026-01-08 15:38:51,657 - INFO: Validation ROC-AUC: 0.866277
2026-01-08 15:39:07,221 - INFO: Evaluating at iteration 8283
2026-01-08 15:39:08,726 - INFO: Loss: 0.303407
2026-01-08 15:39:08,726 - INFO: Training ROC-AUC: 0.821429
2026-01-08 15:39:08,726 - INFO: Validation ROC-AUC: 0.868320
2026-01-08 15:39:11,645 - INFO: Starting epoch 5
2026-01-08 15:39:11,678 - INFO: Evaluating at iteration 8377
2026-01-08 15:39:13,157 - INFO: Loss: 0.245529
2026-01-08 15:39:13,157 - INFO: Training ROC-AUC: 0.955556
2026-01-08 15:39:13,158 - INFO: Validation ROC-AUC: 0.868423
2026-01-08 15:39:28,756 - INFO: Evaluating at iteration 8877
2026-01-08 15:39:30,242 - INFO: Loss: 0.246263
2026-01-08 15:39:30,242 - INFO: Training ROC-AUC: 0.920000
2026-01-08 15:39:30,242 - INFO: Validation ROC-AUC: 0.868754
2026-01-08 15:39:45,852 - INFO: Evaluating at iteration 9377
2026-01-08 15:39:47,341 - INFO: Loss: 0.237168
2026-01-08 15:39:47,341 - INFO: Training ROC-AUC: 0.960000
2026-01-08 15:39:47,341 - INFO: Validation ROC-AUC: 0.869698
2026-01-08 15:40:02,944 - INFO: Evaluating at iteration 9877
2026-01-08 15:40:04,422 - INFO: Loss: 0.177941
2026-01-08 15:40:04,422 - INFO: Training ROC-AUC: 1.000000
2026-01-08 15:40:04,422 - INFO: Validation ROC-AUC: 0.872117
2026-01-08 15:40:20,049 - INFO: Evaluating at iteration 10377
2026-01-08 15:40:21,540 - INFO: Loss: 0.317312
2026-01-08 15:40:21,540 - INFO: Training ROC-AUC: 0.932292
2026-01-08 15:40:21,540 - INFO: Validation ROC-AUC: 0.875752
2026-01-08 15:40:24,489 - INFO: Starting epoch 6
2026-01-08 15:40:24,521 - INFO: Evaluating at iteration 10471
2026-01-08 15:40:25,996 - INFO: Loss: 0.267031
2026-01-08 15:40:25,996 - INFO: Training ROC-AUC: 0.911111
2026-01-08 15:40:25,996 - INFO: Validation ROC-AUC: 0.876488
2026-01-08 15:40:41,649 - INFO: Evaluating at iteration 10971
2026-01-08 15:40:43,098 - INFO: Loss: 0.216770
2026-01-08 15:40:43,098 - INFO: Training ROC-AUC: 0.866071
2026-01-08 15:40:43,098 - INFO: Validation ROC-AUC: 0.872292
2026-01-08 15:40:58,770 - INFO: Evaluating at iteration 11471
2026-01-08 15:41:00,249 - INFO: Loss: 0.329697
2026-01-08 15:41:00,249 - INFO: Training ROC-AUC: 0.890625
2026-01-08 15:41:00,249 - INFO: Validation ROC-AUC: 0.875908
2026-01-08 15:41:16,059 - INFO: Evaluating at iteration 11971
2026-01-08 15:41:17,526 - INFO: Loss: 0.223398
2026-01-08 15:41:17,526 - INFO: Training ROC-AUC: 0.962963
2026-01-08 15:41:17,526 - INFO: Validation ROC-AUC: 0.878311
2026-01-08 15:41:33,355 - INFO: Evaluating at iteration 12471
2026-01-08 15:41:34,872 - INFO: Loss: 0.308095
2026-01-08 15:41:34,872 - INFO: Training ROC-AUC: 0.954545
2026-01-08 15:41:34,872 - INFO: Validation ROC-AUC: 0.880805
2026-01-08 15:41:37,855 - INFO: Starting epoch 7
2026-01-08 15:41:37,887 - INFO: Evaluating at iteration 12565
2026-01-08 15:41:39,385 - INFO: Loss: 0.126095
2026-01-08 15:41:39,385 - INFO: Training ROC-AUC: 0.965517
2026-01-08 15:41:39,385 - INFO: Validation ROC-AUC: 0.879927
2026-01-08 15:41:55,170 - INFO: Evaluating at iteration 13065
2026-01-08 15:41:56,657 - INFO: Loss: 0.325916
2026-01-08 15:41:56,657 - INFO: Training ROC-AUC: 0.857143
2026-01-08 15:41:56,657 - INFO: Validation ROC-AUC: 0.878774
2026-01-08 15:42:12,436 - INFO: Evaluating at iteration 13565
2026-01-08 15:42:13,945 - INFO: Loss: 0.093255
2026-01-08 15:42:13,945 - INFO: Training ROC-AUC: 0.988506
2026-01-08 15:42:13,946 - INFO: Validation ROC-AUC: 0.878779
2026-01-08 15:42:29,736 - INFO: Evaluating at iteration 14065
2026-01-08 15:42:31,223 - INFO: Loss: 0.268838
2026-01-08 15:42:31,223 - INFO: Training ROC-AUC: 0.918182
2026-01-08 15:42:31,223 - INFO: Validation ROC-AUC: 0.879549
2026-01-08 15:42:47,057 - INFO: Evaluating at iteration 14565
2026-01-08 15:42:48,549 - INFO: Loss: 0.110547
2026-01-08 15:42:48,549 - INFO: Training ROC-AUC: 1.000000
2026-01-08 15:42:48,549 - INFO: Validation ROC-AUC: 0.883420
2026-01-08 15:42:51,533 - INFO: Starting epoch 8
2026-01-08 15:42:51,566 - INFO: Evaluating at iteration 14659
2026-01-08 15:42:53,055 - INFO: Loss: 0.119945
2026-01-08 15:42:53,055 - INFO: Training ROC-AUC: 1.000000
2026-01-08 15:42:53,055 - INFO: Validation ROC-AUC: 0.882346
2026-01-08 15:43:08,897 - INFO: Evaluating at iteration 15159
2026-01-08 15:43:10,382 - INFO: Loss: 0.182428
2026-01-08 15:43:10,382 - INFO: Training ROC-AUC: 0.931034
2026-01-08 15:43:10,382 - INFO: Validation ROC-AUC: 0.880241
2026-01-08 15:43:26,157 - INFO: Evaluating at iteration 15659
2026-01-08 15:43:27,644 - INFO: Loss: 0.158624
2026-01-08 15:43:27,645 - INFO: Training ROC-AUC: 0.992593
2026-01-08 15:43:27,645 - INFO: Validation ROC-AUC: 0.881737
2026-01-08 15:43:43,444 - INFO: Evaluating at iteration 16159
2026-01-08 15:43:44,894 - INFO: Loss: 0.153184
2026-01-08 15:43:44,894 - INFO: Training ROC-AUC: 1.000000
2026-01-08 15:43:44,894 - INFO: Validation ROC-AUC: 0.883483
2026-01-08 15:44:00,678 - INFO: Evaluating at iteration 16659
2026-01-08 15:44:02,129 - INFO: Loss: 0.250308
2026-01-08 15:44:02,129 - INFO: Training ROC-AUC: 0.758621
2026-01-08 15:44:02,129 - INFO: Validation ROC-AUC: 0.885085
2026-01-08 15:44:05,090 - INFO: Starting epoch 9
2026-01-08 15:44:05,123 - INFO: Evaluating at iteration 16753
2026-01-08 15:44:06,576 - INFO: Loss: 0.236162
2026-01-08 15:44:06,576 - INFO: Training ROC-AUC: 0.954286
2026-01-08 15:44:06,576 - INFO: Validation ROC-AUC: 0.885363
2026-01-08 15:44:22,428 - INFO: Evaluating at iteration 17253
2026-01-08 15:44:23,910 - INFO: Loss: 0.176830
2026-01-08 15:44:23,910 - INFO: Training ROC-AUC: 0.987179
2026-01-08 15:44:23,910 - INFO: Validation ROC-AUC: 0.885413
2026-01-08 15:44:39,768 - INFO: Evaluating at iteration 17753
2026-01-08 15:44:41,288 - INFO: Loss: 0.150206
2026-01-08 15:44:41,289 - INFO: Training ROC-AUC: 1.000000
2026-01-08 15:44:41,289 - INFO: Validation ROC-AUC: 0.884172
2026-01-08 15:44:57,133 - INFO: Evaluating at iteration 18253
2026-01-08 15:44:58,591 - INFO: Loss: 0.232923
2026-01-08 15:44:58,591 - INFO: Training ROC-AUC: 0.910256
2026-01-08 15:44:58,591 - INFO: Validation ROC-AUC: 0.886721
2026-01-08 15:45:14,463 - INFO: Evaluating at iteration 18753
2026-01-08 15:45:15,987 - INFO: Loss: 0.155063
2026-01-08 15:45:15,987 - INFO: Training ROC-AUC: 0.982143
2026-01-08 15:45:15,987 - INFO: Validation ROC-AUC: 0.886862
2026-01-08 15:45:18,961 - INFO: Starting epoch 10
2026-01-08 15:45:18,995 - INFO: Evaluating at iteration 18847
2026-01-08 15:45:20,494 - INFO: Loss: 0.234537
2026-01-08 15:45:20,494 - INFO: Training ROC-AUC: 0.910256
2026-01-08 15:45:20,494 - INFO: Validation ROC-AUC: 0.887320
2026-01-08 15:45:36,405 - INFO: Evaluating at iteration 19347
2026-01-08 15:45:37,899 - INFO: Loss: 0.175505
2026-01-08 15:45:37,899 - INFO: Training ROC-AUC: 0.993590
2026-01-08 15:45:37,899 - INFO: Validation ROC-AUC: 0.885416
2026-01-08 15:45:53,820 - INFO: Evaluating at iteration 19847
2026-01-08 15:45:55,301 - INFO: Loss: 0.159317
2026-01-08 15:45:55,301 - INFO: Training ROC-AUC: 0.987179
2026-01-08 15:45:55,301 - INFO: Validation ROC-AUC: 0.884901
2026-01-08 15:46:11,322 - INFO: Evaluating at iteration 20347
2026-01-08 15:46:12,831 - INFO: Loss: 0.314057
2026-01-08 15:46:12,831 - INFO: Training ROC-AUC: 0.943723
2026-01-08 15:46:12,831 - INFO: Validation ROC-AUC: 0.886769
2026-01-08 15:46:28,784 - INFO: Evaluating at iteration 20847
2026-01-08 15:46:30,237 - INFO: Loss: 0.145834
2026-01-08 15:46:30,237 - INFO: Training ROC-AUC: 0.977778
2026-01-08 15:46:30,237 - INFO: Validation ROC-AUC: 0.888996
2026-01-08 15:46:33,215 - INFO: Starting epoch 11
2026-01-08 15:46:33,248 - INFO: Evaluating at iteration 20941
2026-01-08 15:46:34,718 - INFO: Loss: 0.261955
2026-01-08 15:46:34,718 - INFO: Training ROC-AUC: 0.971429
2026-01-08 15:46:34,718 - INFO: Validation ROC-AUC: 0.887021
2026-01-08 15:46:50,660 - INFO: Evaluating at iteration 21441
2026-01-08 15:46:52,141 - INFO: Loss: 0.228961
2026-01-08 15:46:52,141 - INFO: Training ROC-AUC: 0.919643
2026-01-08 15:46:52,141 - INFO: Validation ROC-AUC: 0.887009
2026-01-08 15:47:08,046 - INFO: Evaluating at iteration 21941
2026-01-08 15:47:09,528 - INFO: Loss: 0.243686
2026-01-08 15:47:09,528 - INFO: Training ROC-AUC: 0.935897
2026-01-08 15:47:09,528 - INFO: Validation ROC-AUC: 0.887617
2026-01-08 15:47:25,414 - INFO: Evaluating at iteration 22441
2026-01-08 15:47:26,890 - INFO: Loss: 0.111121
2026-01-08 15:47:26,890 - INFO: Training ROC-AUC: 1.000000
2026-01-08 15:47:26,890 - INFO: Validation ROC-AUC: 0.889194
2026-01-08 15:47:42,794 - INFO: Evaluating at iteration 22941
2026-01-08 15:47:44,278 - INFO: Loss: 0.244386
2026-01-08 15:47:44,278 - INFO: Training ROC-AUC: 0.928571
2026-01-08 15:47:44,278 - INFO: Validation ROC-AUC: 0.888671
2026-01-08 15:47:47,254 - INFO: Starting epoch 12
2026-01-08 15:47:47,287 - INFO: Evaluating at iteration 23035
2026-01-08 15:47:48,769 - INFO: Loss: 0.172084
2026-01-08 15:47:48,769 - INFO: Training ROC-AUC: 0.980769
2026-01-08 15:47:48,769 - INFO: Validation ROC-AUC: 0.889120
2026-01-08 15:48:04,636 - INFO: Evaluating at iteration 23535
2026-01-08 15:48:06,091 - INFO: Loss: 0.168930
2026-01-08 15:48:06,091 - INFO: Training ROC-AUC: 0.982143
2026-01-08 15:48:06,091 - INFO: Validation ROC-AUC: 0.888314
2026-01-08 15:48:21,975 - INFO: Evaluating at iteration 24035
2026-01-08 15:48:23,469 - INFO: Loss: 0.336457
2026-01-08 15:48:23,469 - INFO: Training ROC-AUC: 0.885714
2026-01-08 15:48:23,469 - INFO: Validation ROC-AUC: 0.886993
2026-01-08 15:48:39,447 - INFO: Evaluating at iteration 24535
2026-01-08 15:48:40,929 - INFO: Loss: 0.070134
2026-01-08 15:48:40,929 - INFO: Training ROC-AUC: 1.000000
2026-01-08 15:48:40,929 - INFO: Validation ROC-AUC: 0.889372
2026-01-08 15:48:56,882 - INFO: Evaluating at iteration 25035
2026-01-08 15:48:58,364 - INFO: Loss: 0.282369
2026-01-08 15:48:58,365 - INFO: Training ROC-AUC: 0.947917
2026-01-08 15:48:58,365 - INFO: Validation ROC-AUC: 0.890177
2026-01-08 15:49:01,342 - INFO: Starting epoch 13
2026-01-08 15:49:01,379 - INFO: Evaluating at iteration 25129
2026-01-08 15:49:02,870 - INFO: Loss: 0.062707
2026-01-08 15:49:02,870 - INFO: Training ROC-AUC: 1.000000
2026-01-08 15:49:02,870 - INFO: Validation ROC-AUC: 0.890215
2026-01-08 15:49:18,940 - INFO: Evaluating at iteration 25629
2026-01-08 15:49:20,402 - INFO: Loss: 0.351200
2026-01-08 15:49:20,402 - INFO: Training ROC-AUC: 0.852564
2026-01-08 15:49:20,402 - INFO: Validation ROC-AUC: 0.890438
2026-01-08 15:49:36,307 - INFO: Evaluating at iteration 26129
2026-01-08 15:49:37,787 - INFO: Loss: 0.296608
2026-01-08 15:49:37,787 - INFO: Training ROC-AUC: 0.932367
2026-01-08 15:49:37,787 - INFO: Validation ROC-AUC: 0.888394
2026-01-08 15:49:53,643 - INFO: Evaluating at iteration 26629
2026-01-08 15:49:55,098 - INFO: Loss: 0.235151
2026-01-08 15:49:55,098 - INFO: Training ROC-AUC: 0.925926
2026-01-08 15:49:55,098 - INFO: Validation ROC-AUC: 0.890587
2026-01-08 15:50:10,977 - INFO: Evaluating at iteration 27129
2026-01-08 15:50:12,463 - INFO: Loss: 0.293752
2026-01-08 15:50:12,463 - INFO: Training ROC-AUC: 0.920000
2026-01-08 15:50:12,463 - INFO: Validation ROC-AUC: 0.889147
2026-01-08 15:50:15,435 - INFO: Starting epoch 14
2026-01-08 15:50:15,468 - INFO: Evaluating at iteration 27223
2026-01-08 15:50:16,916 - INFO: Loss: 0.101030
2026-01-08 15:50:16,916 - INFO: Training ROC-AUC: 1.000000
2026-01-08 15:50:16,916 - INFO: Validation ROC-AUC: 0.889613
2026-01-08 15:50:32,827 - INFO: Evaluating at iteration 27723
2026-01-08 15:50:34,348 - INFO: Loss: 0.138884
2026-01-08 15:50:34,349 - INFO: Training ROC-AUC: 0.985185
2026-01-08 15:50:34,349 - INFO: Validation ROC-AUC: 0.890580
2026-01-08 15:50:50,306 - INFO: Evaluating at iteration 28223
2026-01-08 15:50:51,756 - INFO: Loss: 0.065474
2026-01-08 15:50:51,756 - INFO: Training ROC-AUC: 1.000000
2026-01-08 15:50:51,756 - INFO: Validation ROC-AUC: 0.889937
2026-01-08 15:51:07,736 - INFO: Evaluating at iteration 28723
2026-01-08 15:51:09,215 - INFO: Loss: 0.212480
2026-01-08 15:51:09,215 - INFO: Training ROC-AUC: 0.901786
2026-01-08 15:51:09,215 - INFO: Validation ROC-AUC: 0.890235
2026-01-08 15:51:25,207 - INFO: Evaluating at iteration 29223
2026-01-08 15:51:26,697 - INFO: Loss: 0.152493
2026-01-08 15:51:26,697 - INFO: Training ROC-AUC: 0.994792
2026-01-08 15:51:26,697 - INFO: Validation ROC-AUC: 0.889708
2026-01-08 15:51:29,659 - INFO: Starting epoch 15
2026-01-08 15:51:29,692 - INFO: Evaluating at iteration 29317
2026-01-08 15:51:31,185 - INFO: Loss: 0.139590
2026-01-08 15:51:31,185 - INFO: Training ROC-AUC: 0.991071
2026-01-08 15:51:31,185 - INFO: Validation ROC-AUC: 0.890061
2026-01-08 15:51:47,078 - INFO: Evaluating at iteration 29817
2026-01-08 15:51:48,533 - INFO: Loss: 0.247780
2026-01-08 15:51:48,533 - INFO: Training ROC-AUC: 0.953125
2026-01-08 15:51:48,533 - INFO: Validation ROC-AUC: 0.888625
2026-01-08 15:52:04,515 - INFO: Evaluating at iteration 30317
2026-01-08 15:52:05,996 - INFO: Loss: 0.433437
2026-01-08 15:52:05,997 - INFO: Training ROC-AUC: 0.769231
2026-01-08 15:52:05,997 - INFO: Validation ROC-AUC: 0.888282
2026-01-08 15:52:21,968 - INFO: Evaluating at iteration 30817
2026-01-08 15:52:23,455 - INFO: Loss: 0.112717
2026-01-08 15:52:23,456 - INFO: Training ROC-AUC: 0.992593
2026-01-08 15:52:23,456 - INFO: Validation ROC-AUC: 0.889356
2026-01-08 15:52:39,383 - INFO: Evaluating at iteration 31317
2026-01-08 15:52:40,881 - INFO: Loss: 0.192742
2026-01-08 15:52:40,881 - INFO: Training ROC-AUC: 0.955128
2026-01-08 15:52:40,881 - INFO: Validation ROC-AUC: 0.891876
2026-01-08 15:52:43,861 - INFO: Starting epoch 16
2026-01-08 15:52:43,894 - INFO: Evaluating at iteration 31411
2026-01-08 15:52:45,346 - INFO: Loss: 0.109002
2026-01-08 15:52:45,346 - INFO: Training ROC-AUC: 0.991071
2026-01-08 15:52:45,346 - INFO: Validation ROC-AUC: 0.891236
2026-01-08 15:53:01,395 - INFO: Evaluating at iteration 31911
2026-01-08 15:53:02,886 - INFO: Loss: 0.313510
2026-01-08 15:53:02,886 - INFO: Training ROC-AUC: 0.910256
2026-01-08 15:53:02,886 - INFO: Validation ROC-AUC: 0.891616
2026-01-08 15:53:18,849 - INFO: Evaluating at iteration 32411
2026-01-08 15:53:20,322 - INFO: Loss: 0.219329
2026-01-08 15:53:20,322 - INFO: Training ROC-AUC: 0.954286
2026-01-08 15:53:20,322 - INFO: Validation ROC-AUC: 0.891303
2026-01-08 15:53:36,329 - INFO: Evaluating at iteration 32911
2026-01-08 15:53:37,800 - INFO: Loss: 0.178819
2026-01-08 15:53:37,800 - INFO: Training ROC-AUC: 0.990338
2026-01-08 15:53:37,800 - INFO: Validation ROC-AUC: 0.888340
2026-01-08 15:53:53,769 - INFO: Evaluating at iteration 33411
2026-01-08 15:53:55,223 - INFO: Loss: 0.303224
2026-01-08 15:53:55,223 - INFO: Training ROC-AUC: 0.878205
2026-01-08 15:53:55,223 - INFO: Validation ROC-AUC: 0.890235
2026-01-08 15:53:58,214 - INFO: Starting epoch 17
2026-01-08 15:53:58,248 - INFO: Evaluating at iteration 33505
2026-01-08 15:53:59,725 - INFO: Loss: 0.174902
2026-01-08 15:53:59,726 - INFO: Training ROC-AUC: 0.974359
2026-01-08 15:53:59,726 - INFO: Validation ROC-AUC: 0.888742
2026-01-08 15:54:15,704 - INFO: Evaluating at iteration 34005
2026-01-08 15:54:17,166 - INFO: Loss: 0.109937
2026-01-08 15:54:17,166 - INFO: Training ROC-AUC: 1.000000
2026-01-08 15:54:17,166 - INFO: Validation ROC-AUC: 0.891248
2026-01-08 15:54:33,201 - INFO: Evaluating at iteration 34505
2026-01-08 15:54:34,666 - INFO: Loss: 0.110773
2026-01-08 15:54:34,667 - INFO: Training ROC-AUC: 0.992593
2026-01-08 15:54:34,667 - INFO: Validation ROC-AUC: 0.890245
2026-01-08 15:54:50,722 - INFO: Evaluating at iteration 35005
2026-01-08 15:54:52,171 - INFO: Loss: 0.247581
2026-01-08 15:54:52,172 - INFO: Training ROC-AUC: 0.925926
2026-01-08 15:54:52,172 - INFO: Validation ROC-AUC: 0.890541
2026-01-08 15:55:08,260 - INFO: Evaluating at iteration 35505
2026-01-08 15:55:09,747 - INFO: Loss: 0.156761
2026-01-08 15:55:09,747 - INFO: Training ROC-AUC: 0.964286
2026-01-08 15:55:09,747 - INFO: Validation ROC-AUC: 0.891799
2026-01-08 15:55:12,752 - INFO: Starting epoch 18
2026-01-08 15:55:12,785 - INFO: Evaluating at iteration 35599
2026-01-08 15:55:14,238 - INFO: Loss: 0.143803
2026-01-08 15:55:14,238 - INFO: Training ROC-AUC: 0.955357
2026-01-08 15:55:14,238 - INFO: Validation ROC-AUC: 0.892023
2026-01-08 15:55:30,292 - INFO: Evaluating at iteration 36099
2026-01-08 15:55:31,748 - INFO: Loss: 0.078167
2026-01-08 15:55:31,748 - INFO: Training ROC-AUC: 1.000000
2026-01-08 15:55:31,748 - INFO: Validation ROC-AUC: 0.890131
2026-01-08 15:55:47,818 - INFO: Evaluating at iteration 36599
2026-01-08 15:55:49,322 - INFO: Loss: 0.227719
2026-01-08 15:55:49,322 - INFO: Training ROC-AUC: 0.928571
2026-01-08 15:55:49,322 - INFO: Validation ROC-AUC: 0.890824
2026-01-08 15:56:05,412 - INFO: Evaluating at iteration 37099
2026-01-08 15:56:06,950 - INFO: Loss: 0.206372
2026-01-08 15:56:06,950 - INFO: Training ROC-AUC: 0.955128
2026-01-08 15:56:06,950 - INFO: Validation ROC-AUC: 0.890755
2026-01-08 15:56:23,091 - INFO: Evaluating at iteration 37599
2026-01-08 15:56:24,585 - INFO: Loss: 0.325751
2026-01-08 15:56:24,585 - INFO: Training ROC-AUC: 0.735632
2026-01-08 15:56:24,585 - INFO: Validation ROC-AUC: 0.892481
2026-01-08 15:56:27,651 - INFO: Starting epoch 19
2026-01-08 15:56:27,685 - INFO: Evaluating at iteration 37693
2026-01-08 15:56:29,178 - INFO: Loss: 0.140269
2026-01-08 15:56:29,178 - INFO: Training ROC-AUC: 0.954023
2026-01-08 15:56:29,178 - INFO: Validation ROC-AUC: 0.892944
2026-01-08 15:56:45,395 - INFO: Evaluating at iteration 38193
2026-01-08 15:56:46,868 - INFO: Loss: 0.081847
2026-01-08 15:56:46,868 - INFO: Training ROC-AUC: 1.000000
2026-01-08 15:56:46,868 - INFO: Validation ROC-AUC: 0.891935
2026-01-08 15:57:03,095 - INFO: Evaluating at iteration 38693
2026-01-08 15:57:04,624 - INFO: Loss: 0.165530
2026-01-08 15:57:04,624 - INFO: Training ROC-AUC: 0.982143
2026-01-08 15:57:04,624 - INFO: Validation ROC-AUC: 0.891243
2026-01-08 15:57:20,993 - INFO: Evaluating at iteration 39193
2026-01-08 15:57:22,505 - INFO: Loss: 0.149721
2026-01-08 15:57:22,505 - INFO: Training ROC-AUC: 1.000000
2026-01-08 15:57:22,505 - INFO: Validation ROC-AUC: 0.889869
2026-01-08 15:57:39,057 - INFO: Evaluating at iteration 39693
2026-01-08 15:57:40,550 - INFO: Loss: 0.282764
2026-01-08 15:57:40,550 - INFO: Training ROC-AUC: 0.758621
2026-01-08 15:57:40,550 - INFO: Validation ROC-AUC: 0.893058
2026-01-08 15:57:43,675 - INFO: Starting epoch 20
2026-01-08 15:57:43,709 - INFO: Evaluating at iteration 39787
2026-01-08 15:57:45,216 - INFO: Loss: 0.115075
2026-01-08 15:57:45,216 - INFO: Training ROC-AUC: 0.964286
2026-01-08 15:57:45,216 - INFO: Validation ROC-AUC: 0.892755
2026-01-08 15:58:01,811 - INFO: Evaluating at iteration 40287
2026-01-08 15:58:03,346 - INFO: Loss: 0.175942
2026-01-08 15:58:03,347 - INFO: Training ROC-AUC: 0.988571
2026-01-08 15:58:03,347 - INFO: Validation ROC-AUC: 0.889748
2026-01-08 15:58:20,128 - INFO: Evaluating at iteration 40787
2026-01-08 15:58:21,626 - INFO: Loss: 0.096007
2026-01-08 15:58:21,626 - INFO: Training ROC-AUC: 1.000000
2026-01-08 15:58:21,626 - INFO: Validation ROC-AUC: 0.890324
2026-01-08 15:58:38,716 - INFO: Evaluating at iteration 41287
2026-01-08 15:58:40,251 - INFO: Loss: 0.184663
2026-01-08 15:58:40,251 - INFO: Training ROC-AUC: 0.955128
2026-01-08 15:58:40,251 - INFO: Validation ROC-AUC: 0.890827
2026-01-08 15:58:57,519 - INFO: Evaluating at iteration 41787
2026-01-08 15:58:59,010 - INFO: Loss: 0.248638
2026-01-08 15:58:59,010 - INFO: Training ROC-AUC: 0.953125
2026-01-08 15:58:59,010 - INFO: Validation ROC-AUC: 0.892005
2026-01-08 15:59:02,212 - INFO: Starting epoch 21
2026-01-08 15:59:02,255 - INFO: Evaluating at iteration 41881
2026-01-08 15:59:03,712 - INFO: Loss: 0.092919
2026-01-08 15:59:03,712 - INFO: Training ROC-AUC: 1.000000
2026-01-08 15:59:03,712 - INFO: Validation ROC-AUC: 0.891724
2026-01-08 15:59:20,540 - INFO: Evaluating at iteration 42381
2026-01-08 15:59:22,040 - INFO: Loss: 0.198965
2026-01-08 15:59:22,040 - INFO: Training ROC-AUC: 0.911111
2026-01-08 15:59:22,040 - INFO: Validation ROC-AUC: 0.890865
2026-01-08 15:59:38,789 - INFO: Evaluating at iteration 42881
2026-01-08 15:59:40,300 - INFO: Loss: 0.213313
2026-01-08 15:59:40,301 - INFO: Training ROC-AUC: 0.933333
2026-01-08 15:59:40,301 - INFO: Validation ROC-AUC: 0.889558
2026-01-08 15:59:57,139 - INFO: Evaluating at iteration 43381
2026-01-08 15:59:58,626 - INFO: Loss: 0.141013
2026-01-08 15:59:58,626 - INFO: Training ROC-AUC: 0.973214
2026-01-08 15:59:58,626 - INFO: Validation ROC-AUC: 0.891324
2026-01-08 16:00:15,603 - INFO: Evaluating at iteration 43881
2026-01-08 16:00:17,096 - INFO: Loss: 0.299072
2026-01-08 16:00:17,096 - INFO: Training ROC-AUC: 0.927083
2026-01-08 16:00:17,096 - INFO: Validation ROC-AUC: 0.891031
2026-01-08 16:00:20,275 - INFO: Starting epoch 22
2026-01-08 16:00:20,310 - INFO: Evaluating at iteration 43975
2026-01-08 16:00:21,804 - INFO: Loss: 0.313469
2026-01-08 16:00:21,805 - INFO: Training ROC-AUC: 0.906250
2026-01-08 16:00:21,805 - INFO: Validation ROC-AUC: 0.892120
2026-01-08 16:00:38,867 - INFO: Evaluating at iteration 44475
2026-01-08 16:00:40,345 - INFO: Loss: 0.301602
2026-01-08 16:00:40,345 - INFO: Training ROC-AUC: 0.874074
2026-01-08 16:00:40,345 - INFO: Validation ROC-AUC: 0.891325
2026-01-08 16:00:57,375 - INFO: Evaluating at iteration 44975
2026-01-08 16:00:58,838 - INFO: Loss: 0.078310
2026-01-08 16:00:58,838 - INFO: Training ROC-AUC: 1.000000
2026-01-08 16:00:58,838 - INFO: Validation ROC-AUC: 0.890741
2026-01-08 16:01:15,981 - INFO: Evaluating at iteration 45475
2026-01-08 16:01:17,491 - INFO: Loss: 0.184149
2026-01-08 16:01:17,491 - INFO: Training ROC-AUC: 0.958333
2026-01-08 16:01:17,491 - INFO: Validation ROC-AUC: 0.891222
2026-01-08 16:01:34,559 - INFO: Evaluating at iteration 45975
2026-01-08 16:01:36,027 - INFO: Loss: 0.232904
2026-01-08 16:01:36,027 - INFO: Training ROC-AUC: 0.961039
2026-01-08 16:01:36,027 - INFO: Validation ROC-AUC: 0.890335
2026-01-08 16:01:39,228 - INFO: Starting epoch 23
2026-01-08 16:01:39,262 - INFO: Evaluating at iteration 46069
2026-01-08 16:01:40,754 - INFO: Loss: 0.169134
2026-01-08 16:01:40,755 - INFO: Training ROC-AUC: 0.948148
2026-01-08 16:01:40,755 - INFO: Validation ROC-AUC: 0.891224
2026-01-08 16:01:57,809 - INFO: Evaluating at iteration 46569
2026-01-08 16:01:59,307 - INFO: Loss: 0.165890
2026-01-08 16:01:59,307 - INFO: Training ROC-AUC: 0.977143
2026-01-08 16:01:59,307 - INFO: Validation ROC-AUC: 0.889608
2026-01-08 16:02:16,392 - INFO: Evaluating at iteration 47069
2026-01-08 16:02:17,846 - INFO: Loss: 0.183394
2026-01-08 16:02:17,846 - INFO: Training ROC-AUC: 0.985507
2026-01-08 16:02:17,846 - INFO: Validation ROC-AUC: 0.890618
2026-01-08 16:02:35,040 - INFO: Evaluating at iteration 47569
2026-01-08 16:02:36,532 - INFO: Loss: 0.128243
2026-01-08 16:02:36,532 - INFO: Training ROC-AUC: 0.984375
2026-01-08 16:02:36,532 - INFO: Validation ROC-AUC: 0.891145
2026-01-08 16:02:53,690 - INFO: Evaluating at iteration 48069
2026-01-08 16:02:55,161 - INFO: Loss: 0.252594
2026-01-08 16:02:55,162 - INFO: Training ROC-AUC: 0.901786
2026-01-08 16:02:55,162 - INFO: Validation ROC-AUC: 0.890856
2026-01-08 16:02:58,422 - INFO: Starting epoch 24
2026-01-08 16:02:58,459 - INFO: Evaluating at iteration 48163
2026-01-08 16:02:59,950 - INFO: Loss: 0.110263
2026-01-08 16:02:59,950 - INFO: Training ROC-AUC: 0.977011
2026-01-08 16:02:59,950 - INFO: Validation ROC-AUC: 0.890562
2026-01-08 16:03:17,184 - INFO: Evaluating at iteration 48663
2026-01-08 16:03:18,681 - INFO: Loss: 0.320895
2026-01-08 16:03:18,681 - INFO: Training ROC-AUC: 0.951691
2026-01-08 16:03:18,681 - INFO: Validation ROC-AUC: 0.889725
2026-01-08 16:03:36,042 - INFO: Evaluating at iteration 49163
2026-01-08 16:03:37,539 - INFO: Loss: 0.034804
2026-01-08 16:03:37,539 - INFO: Training ROC-AUC: 1.000000
2026-01-08 16:03:37,539 - INFO: Validation ROC-AUC: 0.890449
2026-01-08 16:03:54,919 - INFO: Evaluating at iteration 49663
2026-01-08 16:03:56,382 - INFO: Loss: 0.162948
2026-01-08 16:03:56,383 - INFO: Training ROC-AUC: 0.974359
2026-01-08 16:03:56,383 - INFO: Validation ROC-AUC: 0.890488
2026-01-08 16:04:13,734 - INFO: Evaluating at iteration 50163
2026-01-08 16:04:15,221 - INFO: Loss: 0.091693
2026-01-08 16:04:15,221 - INFO: Training ROC-AUC: 1.000000
2026-01-08 16:04:15,221 - INFO: Validation ROC-AUC: 0.891399
2026-01-08 16:04:18,456 - INFO: Starting epoch 25
2026-01-08 16:04:18,495 - INFO: Evaluating at iteration 50257
2026-01-08 16:04:20,000 - INFO: Loss: 0.253830
2026-01-08 16:04:20,000 - INFO: Training ROC-AUC: 1.000000
2026-01-08 16:04:20,000 - INFO: Validation ROC-AUC: 0.891052
2026-01-08 16:04:37,463 - INFO: Evaluating at iteration 50757
2026-01-08 16:04:38,936 - INFO: Loss: 0.078876
2026-01-08 16:04:38,936 - INFO: Training ROC-AUC: 0.983333
2026-01-08 16:04:38,936 - INFO: Validation ROC-AUC: 0.891633
2026-01-08 16:04:56,345 - INFO: Evaluating at iteration 51257
2026-01-08 16:04:57,852 - INFO: Loss: 0.142395
2026-01-08 16:04:57,852 - INFO: Training ROC-AUC: 0.982143
2026-01-08 16:04:57,852 - INFO: Validation ROC-AUC: 0.890040
2026-01-08 16:05:15,254 - INFO: Evaluating at iteration 51757
2026-01-08 16:05:16,750 - INFO: Loss: 0.164483
2026-01-08 16:05:16,750 - INFO: Training ROC-AUC: 1.000000
2026-01-08 16:05:16,750 - INFO: Validation ROC-AUC: 0.890784
2026-01-08 16:05:34,082 - INFO: Evaluating at iteration 52257
2026-01-08 16:05:35,571 - INFO: Loss: 0.349086
2026-01-08 16:05:35,572 - INFO: Training ROC-AUC: 0.937500
2026-01-08 16:05:35,572 - INFO: Validation ROC-AUC: 0.890565
2026-01-08 16:05:38,849 - INFO: Saving model to models/TCRStructMap_random_split/model_2.pt
2026-01-08 16:05:38,866 - INFO: Starting fold 3
2026-01-08 16:05:39,007 - INFO: Initialising model
2026-01-08 16:05:39,020 - INFO: Starting training
2026-01-08 16:05:39,020 - INFO: Starting epoch 1
2026-01-08 16:05:39,055 - INFO: Evaluating at iteration 1
2026-01-08 16:05:40,544 - INFO: Loss: 0.685650
2026-01-08 16:05:40,544 - INFO: Training ROC-AUC: 0.508571
2026-01-08 16:05:40,544 - INFO: Validation ROC-AUC: 0.510746
2026-01-08 16:05:55,858 - INFO: Evaluating at iteration 501
2026-01-08 16:05:57,328 - INFO: Loss: 0.441288
2026-01-08 16:05:57,328 - INFO: Training ROC-AUC: 0.641026
2026-01-08 16:05:57,328 - INFO: Validation ROC-AUC: 0.602792
2026-01-08 16:06:12,821 - INFO: Evaluating at iteration 1001
2026-01-08 16:06:14,276 - INFO: Loss: 0.212571
2026-01-08 16:06:14,276 - INFO: Training ROC-AUC: 0.096774
2026-01-08 16:06:14,276 - INFO: Validation ROC-AUC: 0.633114
2026-01-08 16:06:30,029 - INFO: Evaluating at iteration 1501
2026-01-08 16:06:31,465 - INFO: Loss: 0.232768
2026-01-08 16:06:31,465 - INFO: Training ROC-AUC: 0.800000
2026-01-08 16:06:31,465 - INFO: Validation ROC-AUC: 0.687746
2026-01-08 16:06:46,827 - INFO: Evaluating at iteration 2001
2026-01-08 16:06:48,273 - INFO: Loss: 0.391643
2026-01-08 16:06:48,273 - INFO: Training ROC-AUC: 0.740741
2026-01-08 16:06:48,273 - INFO: Validation ROC-AUC: 0.740997
2026-01-08 16:06:51,159 - INFO: Starting epoch 2
2026-01-08 16:06:51,192 - INFO: Evaluating at iteration 2095
2026-01-08 16:06:52,631 - INFO: Loss: 0.360209
2026-01-08 16:06:52,631 - INFO: Training ROC-AUC: 0.858974
2026-01-08 16:06:52,631 - INFO: Validation ROC-AUC: 0.753140
2026-01-08 16:07:07,963 - INFO: Evaluating at iteration 2595
2026-01-08 16:07:09,402 - INFO: Loss: 0.292238
2026-01-08 16:07:09,402 - INFO: Training ROC-AUC: 0.891429
2026-01-08 16:07:09,402 - INFO: Validation ROC-AUC: 0.785567
2026-01-08 16:07:24,616 - INFO: Evaluating at iteration 3095
2026-01-08 16:07:26,051 - INFO: Loss: 0.209968
2026-01-08 16:07:26,051 - INFO: Training ROC-AUC: 0.988506
2026-01-08 16:07:26,051 - INFO: Validation ROC-AUC: 0.794146
2026-01-08 16:07:41,266 - INFO: Evaluating at iteration 3595
2026-01-08 16:07:42,717 - INFO: Loss: 0.404773
2026-01-08 16:07:42,717 - INFO: Training ROC-AUC: 0.622222
2026-01-08 16:07:42,718 - INFO: Validation ROC-AUC: 0.811118
2026-01-08 16:07:57,772 - INFO: Evaluating at iteration 4095
2026-01-08 16:07:59,214 - INFO: Loss: 0.317831
2026-01-08 16:07:59,214 - INFO: Training ROC-AUC: 0.935897
2026-01-08 16:07:59,214 - INFO: Validation ROC-AUC: 0.824980
2026-01-08 16:08:02,037 - INFO: Starting epoch 3
2026-01-08 16:08:02,069 - INFO: Evaluating at iteration 4189
2026-01-08 16:08:03,501 - INFO: Loss: 0.319135
2026-01-08 16:08:03,501 - INFO: Training ROC-AUC: 0.910256
2026-01-08 16:08:03,501 - INFO: Validation ROC-AUC: 0.829653
2026-01-08 16:08:18,775 - INFO: Evaluating at iteration 4689
2026-01-08 16:08:20,217 - INFO: Loss: 0.299989
2026-01-08 16:08:20,217 - INFO: Training ROC-AUC: 0.881481
2026-01-08 16:08:20,217 - INFO: Validation ROC-AUC: 0.837263
2026-01-08 16:08:35,892 - INFO: Evaluating at iteration 5189
2026-01-08 16:08:37,334 - INFO: Loss: 0.218859
2026-01-08 16:08:37,334 - INFO: Training ROC-AUC: 0.942529
2026-01-08 16:08:37,334 - INFO: Validation ROC-AUC: 0.843578
2026-01-08 16:08:52,829 - INFO: Evaluating at iteration 5689
2026-01-08 16:08:54,301 - INFO: Loss: 0.284673
2026-01-08 16:08:54,301 - INFO: Training ROC-AUC: 0.923077
2026-01-08 16:08:54,301 - INFO: Validation ROC-AUC: 0.848791
2026-01-08 16:09:09,793 - INFO: Evaluating at iteration 6189
2026-01-08 16:09:11,233 - INFO: Loss: 0.225711
2026-01-08 16:09:11,233 - INFO: Training ROC-AUC: 0.903846
2026-01-08 16:09:11,233 - INFO: Validation ROC-AUC: 0.849103
2026-01-08 16:09:14,064 - INFO: Starting epoch 4
2026-01-08 16:09:14,095 - INFO: Evaluating at iteration 6283
2026-01-08 16:09:15,525 - INFO: Loss: 0.284707
2026-01-08 16:09:15,525 - INFO: Training ROC-AUC: 0.903704
2026-01-08 16:09:15,525 - INFO: Validation ROC-AUC: 0.851926
2026-01-08 16:09:30,711 - INFO: Evaluating at iteration 6783
2026-01-08 16:09:32,141 - INFO: Loss: 0.267459
2026-01-08 16:09:32,141 - INFO: Training ROC-AUC: 0.812500
2026-01-08 16:09:32,141 - INFO: Validation ROC-AUC: 0.855373
2026-01-08 16:09:47,507 - INFO: Evaluating at iteration 7283
2026-01-08 16:09:48,972 - INFO: Loss: 0.096118
2026-01-08 16:09:48,972 - INFO: Training ROC-AUC: nan
2026-01-08 16:09:48,972 - INFO: Validation ROC-AUC: 0.857562
2026-01-08 16:10:04,580 - INFO: Evaluating at iteration 7783
2026-01-08 16:10:06,050 - INFO: Loss: 0.209989
2026-01-08 16:10:06,050 - INFO: Training ROC-AUC: 0.955556
2026-01-08 16:10:06,050 - INFO: Validation ROC-AUC: 0.860838
2026-01-08 16:10:21,680 - INFO: Evaluating at iteration 8283
2026-01-08 16:10:23,141 - INFO: Loss: 0.303879
2026-01-08 16:10:23,141 - INFO: Training ROC-AUC: 0.911111
2026-01-08 16:10:23,141 - INFO: Validation ROC-AUC: 0.860382
2026-01-08 16:10:26,111 - INFO: Starting epoch 5
2026-01-08 16:10:26,144 - INFO: Evaluating at iteration 8377
2026-01-08 16:10:27,595 - INFO: Loss: 0.578951
2026-01-08 16:10:27,595 - INFO: Training ROC-AUC: 0.772727
2026-01-08 16:10:27,595 - INFO: Validation ROC-AUC: 0.860979
2026-01-08 16:10:43,053 - INFO: Evaluating at iteration 8877
2026-01-08 16:10:44,479 - INFO: Loss: 0.269555
2026-01-08 16:10:44,480 - INFO: Training ROC-AUC: 0.758621
2026-01-08 16:10:44,480 - INFO: Validation ROC-AUC: 0.863994
2026-01-08 16:10:59,669 - INFO: Evaluating at iteration 9377
2026-01-08 16:11:01,128 - INFO: Loss: 0.308375
2026-01-08 16:11:01,128 - INFO: Training ROC-AUC: 0.868571
2026-01-08 16:11:01,128 - INFO: Validation ROC-AUC: 0.868027
2026-01-08 16:11:16,251 - INFO: Evaluating at iteration 9877
2026-01-08 16:11:17,680 - INFO: Loss: 0.236477
2026-01-08 16:11:17,680 - INFO: Training ROC-AUC: 0.903846
2026-01-08 16:11:17,680 - INFO: Validation ROC-AUC: 0.866783
2026-01-08 16:11:32,840 - INFO: Evaluating at iteration 10377
2026-01-08 16:11:34,297 - INFO: Loss: 0.365176
2026-01-08 16:11:34,297 - INFO: Training ROC-AUC: 0.733333
2026-01-08 16:11:34,297 - INFO: Validation ROC-AUC: 0.870185
2026-01-08 16:11:37,202 - INFO: Starting epoch 6
2026-01-08 16:11:37,234 - INFO: Evaluating at iteration 10471
2026-01-08 16:11:38,682 - INFO: Loss: 0.271657
2026-01-08 16:11:38,682 - INFO: Training ROC-AUC: 0.830357
2026-01-08 16:11:38,682 - INFO: Validation ROC-AUC: 0.866687
2026-01-08 16:11:54,003 - INFO: Evaluating at iteration 10971
2026-01-08 16:11:55,453 - INFO: Loss: 0.191710
2026-01-08 16:11:55,453 - INFO: Training ROC-AUC: 0.988571
2026-01-08 16:11:55,453 - INFO: Validation ROC-AUC: 0.868677
2026-01-08 16:12:10,668 - INFO: Evaluating at iteration 11471
2026-01-08 16:12:12,119 - INFO: Loss: 0.216715
2026-01-08 16:12:12,119 - INFO: Training ROC-AUC: 0.948148
2026-01-08 16:12:12,119 - INFO: Validation ROC-AUC: 0.871131
2026-01-08 16:12:27,696 - INFO: Evaluating at iteration 11971
2026-01-08 16:12:29,149 - INFO: Loss: 0.209884
2026-01-08 16:12:29,149 - INFO: Training ROC-AUC: 1.000000
2026-01-08 16:12:29,149 - INFO: Validation ROC-AUC: 0.870798
2026-01-08 16:12:44,692 - INFO: Evaluating at iteration 12471
2026-01-08 16:12:46,138 - INFO: Loss: 0.335912
2026-01-08 16:12:46,139 - INFO: Training ROC-AUC: 0.740741
2026-01-08 16:12:46,139 - INFO: Validation ROC-AUC: 0.874269
2026-01-08 16:12:49,053 - INFO: Starting epoch 7
2026-01-08 16:12:49,084 - INFO: Evaluating at iteration 12565
2026-01-08 16:12:50,515 - INFO: Loss: 0.142146
2026-01-08 16:12:50,515 - INFO: Training ROC-AUC: 0.982143
2026-01-08 16:12:50,515 - INFO: Validation ROC-AUC: 0.872671
2026-01-08 16:13:05,732 - INFO: Evaluating at iteration 13065
2026-01-08 16:13:07,161 - INFO: Loss: 0.277120
2026-01-08 16:13:07,162 - INFO: Training ROC-AUC: 0.857143
2026-01-08 16:13:07,162 - INFO: Validation ROC-AUC: 0.874356
2026-01-08 16:13:22,315 - INFO: Evaluating at iteration 13565
2026-01-08 16:13:23,745 - INFO: Loss: 0.204324
2026-01-08 16:13:23,745 - INFO: Training ROC-AUC: 0.908046
2026-01-08 16:13:23,745 - INFO: Validation ROC-AUC: 0.875513
2026-01-08 16:13:39,276 - INFO: Evaluating at iteration 14065
2026-01-08 16:13:40,726 - INFO: Loss: 0.468640
2026-01-08 16:13:40,726 - INFO: Training ROC-AUC: 0.786458
2026-01-08 16:13:40,726 - INFO: Validation ROC-AUC: 0.877770
2026-01-08 16:13:56,231 - INFO: Evaluating at iteration 14565
2026-01-08 16:13:57,669 - INFO: Loss: 0.347320
2026-01-08 16:13:57,669 - INFO: Training ROC-AUC: 0.814103
2026-01-08 16:13:57,669 - INFO: Validation ROC-AUC: 0.877569
2026-01-08 16:14:00,513 - INFO: Starting epoch 8
2026-01-08 16:14:00,544 - INFO: Evaluating at iteration 14659
2026-01-08 16:14:01,988 - INFO: Loss: 0.271832
2026-01-08 16:14:01,989 - INFO: Training ROC-AUC: 0.812500
2026-01-08 16:14:01,989 - INFO: Validation ROC-AUC: 0.879538
2026-01-08 16:14:17,262 - INFO: Evaluating at iteration 15159
2026-01-08 16:14:18,726 - INFO: Loss: 0.157210
2026-01-08 16:14:18,726 - INFO: Training ROC-AUC: 0.991071
2026-01-08 16:14:18,726 - INFO: Validation ROC-AUC: 0.878396
2026-01-08 16:14:34,297 - INFO: Evaluating at iteration 15659
2026-01-08 16:14:35,753 - INFO: Loss: 0.145233
2026-01-08 16:14:35,753 - INFO: Training ROC-AUC: 0.883333
2026-01-08 16:14:35,753 - INFO: Validation ROC-AUC: 0.880427
2026-01-08 16:14:51,073 - INFO: Evaluating at iteration 16159
2026-01-08 16:14:52,544 - INFO: Loss: 0.278205
2026-01-08 16:14:52,544 - INFO: Training ROC-AUC: 0.884615
2026-01-08 16:14:52,544 - INFO: Validation ROC-AUC: 0.881024
2026-01-08 16:15:07,893 - INFO: Evaluating at iteration 16659
2026-01-08 16:15:09,345 - INFO: Loss: 0.251826
2026-01-08 16:15:09,350 - INFO: Training ROC-AUC: 0.916667
2026-01-08 16:15:09,356 - INFO: Validation ROC-AUC: 0.882692
2026-01-08 16:15:12,357 - INFO: Starting epoch 9
2026-01-08 16:15:12,393 - INFO: Evaluating at iteration 16753
2026-01-08 16:15:13,850 - INFO: Loss: 0.532126
2026-01-08 16:15:13,856 - INFO: Training ROC-AUC: 0.786458
2026-01-08 16:15:13,862 - INFO: Validation ROC-AUC: 0.883056
2026-01-08 16:15:29,429 - INFO: Evaluating at iteration 17253
2026-01-08 16:15:30,865 - INFO: Loss: 0.224485
2026-01-08 16:15:30,869 - INFO: Training ROC-AUC: 0.910714
2026-01-08 16:15:30,873 - INFO: Validation ROC-AUC: 0.880775
2026-01-08 16:15:46,459 - INFO: Evaluating at iteration 17753
2026-01-08 16:15:47,897 - INFO: Loss: 0.254956
2026-01-08 16:15:47,902 - INFO: Training ROC-AUC: 0.961538
2026-01-08 16:15:47,906 - INFO: Validation ROC-AUC: 0.884209
2026-01-08 16:16:03,609 - INFO: Evaluating at iteration 18253
2026-01-08 16:16:05,107 - INFO: Loss: 0.236087
2026-01-08 16:16:05,112 - INFO: Training ROC-AUC: 0.933333
2026-01-08 16:16:05,116 - INFO: Validation ROC-AUC: 0.882781
2026-01-08 16:16:20,930 - INFO: Evaluating at iteration 18753
2026-01-08 16:16:22,389 - INFO: Loss: 0.402692
2026-01-08 16:16:22,397 - INFO: Training ROC-AUC: 0.788462
2026-01-08 16:16:22,407 - INFO: Validation ROC-AUC: 0.882319
2026-01-08 16:16:25,410 - INFO: Starting epoch 10
2026-01-08 16:16:25,446 - INFO: Evaluating at iteration 18847
2026-01-08 16:16:26,896 - INFO: Loss: 0.309189
2026-01-08 16:16:26,901 - INFO: Training ROC-AUC: 0.923077
2026-01-08 16:16:26,904 - INFO: Validation ROC-AUC: 0.883378
2026-01-08 16:16:42,307 - INFO: Evaluating at iteration 19347
2026-01-08 16:16:43,764 - INFO: Loss: 0.249641
2026-01-08 16:16:43,767 - INFO: Training ROC-AUC: 0.910714
2026-01-08 16:16:43,770 - INFO: Validation ROC-AUC: 0.881971
2026-01-08 16:16:59,220 - INFO: Evaluating at iteration 19847
2026-01-08 16:17:00,695 - INFO: Loss: 0.231102
2026-01-08 16:17:00,699 - INFO: Training ROC-AUC: 0.923077
2026-01-08 16:17:00,703 - INFO: Validation ROC-AUC: 0.886504
2026-01-08 16:17:16,371 - INFO: Evaluating at iteration 20347
2026-01-08 16:17:17,854 - INFO: Loss: 0.249685
2026-01-08 16:17:17,860 - INFO: Training ROC-AUC: 0.920000
2026-01-08 16:17:17,863 - INFO: Validation ROC-AUC: 0.885123
2026-01-08 16:17:33,164 - INFO: Evaluating at iteration 20847
2026-01-08 16:17:34,602 - INFO: Loss: 0.226778
2026-01-08 16:17:34,607 - INFO: Training ROC-AUC: 0.942308
2026-01-08 16:17:34,610 - INFO: Validation ROC-AUC: 0.886428
2026-01-08 16:17:37,499 - INFO: Starting epoch 11
2026-01-08 16:17:37,536 - INFO: Evaluating at iteration 20941
2026-01-08 16:17:38,976 - INFO: Loss: 0.207954
2026-01-08 16:17:38,980 - INFO: Training ROC-AUC: 0.967949
2026-01-08 16:17:38,987 - INFO: Validation ROC-AUC: 0.885070
2026-01-08 16:17:54,697 - INFO: Evaluating at iteration 21441
2026-01-08 16:17:56,151 - INFO: Loss: 0.345247
2026-01-08 16:17:56,155 - INFO: Training ROC-AUC: 0.858974
2026-01-08 16:17:56,158 - INFO: Validation ROC-AUC: 0.881769
2026-01-08 16:18:11,932 - INFO: Evaluating at iteration 21941
2026-01-08 16:18:13,387 - INFO: Loss: 0.161357
2026-01-08 16:18:13,391 - INFO: Training ROC-AUC: 0.977778
2026-01-08 16:18:13,395 - INFO: Validation ROC-AUC: 0.885284
2026-01-08 16:18:29,270 - INFO: Evaluating at iteration 22441
2026-01-08 16:18:30,725 - INFO: Loss: 0.367895
2026-01-08 16:18:30,729 - INFO: Training ROC-AUC: 0.891026
2026-01-08 16:18:30,732 - INFO: Validation ROC-AUC: 0.885469
2026-01-08 16:18:46,466 - INFO: Evaluating at iteration 22941
2026-01-08 16:18:47,932 - INFO: Loss: 0.247961
2026-01-08 16:18:47,935 - INFO: Training ROC-AUC: 0.916667
2026-01-08 16:18:47,939 - INFO: Validation ROC-AUC: 0.885914
2026-01-08 16:18:50,851 - INFO: Starting epoch 12
2026-01-08 16:18:50,890 - INFO: Evaluating at iteration 23035
2026-01-08 16:18:52,337 - INFO: Loss: 0.145176
2026-01-08 16:18:52,342 - INFO: Training ROC-AUC: 1.000000
2026-01-08 16:18:52,347 - INFO: Validation ROC-AUC: 0.887930
2026-01-08 16:19:07,744 - INFO: Evaluating at iteration 23535
2026-01-08 16:19:09,179 - INFO: Loss: 0.293404
2026-01-08 16:19:09,184 - INFO: Training ROC-AUC: 0.925714
2026-01-08 16:19:09,191 - INFO: Validation ROC-AUC: 0.886710
2026-01-08 16:19:24,633 - INFO: Evaluating at iteration 24035
2026-01-08 16:19:26,069 - INFO: Loss: 0.305535
2026-01-08 16:19:26,074 - INFO: Training ROC-AUC: 0.896296
2026-01-08 16:19:26,079 - INFO: Validation ROC-AUC: 0.887144
2026-01-08 16:19:41,686 - INFO: Evaluating at iteration 24535
2026-01-08 16:19:43,137 - INFO: Loss: 0.097425
2026-01-08 16:19:43,142 - INFO: Training ROC-AUC: 1.000000
2026-01-08 16:19:43,146 - INFO: Validation ROC-AUC: 0.886802
2026-01-08 16:19:58,957 - INFO: Evaluating at iteration 25035
2026-01-08 16:20:00,419 - INFO: Loss: 0.367336
2026-01-08 16:20:00,423 - INFO: Training ROC-AUC: 0.678161
2026-01-08 16:20:00,426 - INFO: Validation ROC-AUC: 0.887467
2026-01-08 16:20:03,380 - INFO: Starting epoch 13
2026-01-08 16:20:03,418 - INFO: Evaluating at iteration 25129
2026-01-08 16:20:04,876 - INFO: Loss: 0.244522
2026-01-08 16:20:04,882 - INFO: Training ROC-AUC: 0.918519
2026-01-08 16:20:04,887 - INFO: Validation ROC-AUC: 0.887001
2026-01-08 16:20:20,485 - INFO: Evaluating at iteration 25629
2026-01-08 16:20:21,935 - INFO: Loss: 0.339045
2026-01-08 16:20:21,939 - INFO: Training ROC-AUC: 0.854167
2026-01-08 16:20:21,942 - INFO: Validation ROC-AUC: 0.887774
2026-01-08 16:20:37,600 - INFO: Evaluating at iteration 26129
2026-01-08 16:20:39,034 - INFO: Loss: 0.256435
2026-01-08 16:20:39,038 - INFO: Training ROC-AUC: 0.892857
2026-01-08 16:20:39,041 - INFO: Validation ROC-AUC: 0.887380
2026-01-08 16:20:54,567 - INFO: Evaluating at iteration 26629
2026-01-08 16:20:56,026 - INFO: Loss: 0.286304
2026-01-08 16:20:56,033 - INFO: Training ROC-AUC: 0.903382
2026-01-08 16:20:56,036 - INFO: Validation ROC-AUC: 0.888540
2026-01-08 16:21:11,576 - INFO: Evaluating at iteration 27129
2026-01-08 16:21:13,025 - INFO: Loss: 0.212401
2026-01-08 16:21:13,034 - INFO: Training ROC-AUC: 0.883929
2026-01-08 16:21:13,037 - INFO: Validation ROC-AUC: 0.889040
2026-01-08 16:21:16,019 - INFO: Starting epoch 14
2026-01-08 16:21:16,057 - INFO: Evaluating at iteration 27223
2026-01-08 16:21:17,543 - INFO: Loss: 0.171488
2026-01-08 16:21:17,551 - INFO: Training ROC-AUC: 0.940741
2026-01-08 16:21:17,558 - INFO: Validation ROC-AUC: 0.887473
2026-01-08 16:21:33,320 - INFO: Evaluating at iteration 27723
2026-01-08 16:21:34,768 - INFO: Loss: 0.276781
2026-01-08 16:21:34,777 - INFO: Training ROC-AUC: 0.891026
2026-01-08 16:21:34,784 - INFO: Validation ROC-AUC: 0.887546
2026-01-08 16:21:50,421 - INFO: Evaluating at iteration 28223
2026-01-08 16:21:51,890 - INFO: Loss: 0.191420
2026-01-08 16:21:51,894 - INFO: Training ROC-AUC: 0.962963
2026-01-08 16:21:51,897 - INFO: Validation ROC-AUC: 0.888455
2026-01-08 16:22:07,499 - INFO: Evaluating at iteration 28723
2026-01-08 16:22:08,947 - INFO: Loss: 0.262185
2026-01-08 16:22:08,951 - INFO: Training ROC-AUC: 0.971429
2026-01-08 16:22:08,955 - INFO: Validation ROC-AUC: 0.890327
2026-01-08 16:22:24,548 - INFO: Evaluating at iteration 29223
2026-01-08 16:22:25,985 - INFO: Loss: 0.459404
2026-01-08 16:22:25,989 - INFO: Training ROC-AUC: 0.945833
2026-01-08 16:22:25,993 - INFO: Validation ROC-AUC: 0.886385
2026-01-08 16:22:28,893 - INFO: Starting epoch 15
2026-01-08 16:22:28,928 - INFO: Evaluating at iteration 29317
2026-01-08 16:22:30,363 - INFO: Loss: 0.131163
2026-01-08 16:22:30,368 - INFO: Training ROC-AUC: 0.933333
2026-01-08 16:22:30,371 - INFO: Validation ROC-AUC: 0.888638
2026-01-08 16:22:46,072 - INFO: Evaluating at iteration 29817
2026-01-08 16:22:47,517 - INFO: Loss: 0.390766
2026-01-08 16:22:47,521 - INFO: Training ROC-AUC: 0.911458
2026-01-08 16:22:47,524 - INFO: Validation ROC-AUC: 0.887376
2026-01-08 16:23:03,253 - INFO: Evaluating at iteration 30317
2026-01-08 16:23:04,691 - INFO: Loss: 0.182327
2026-01-08 16:23:04,695 - INFO: Training ROC-AUC: 0.977011
2026-01-08 16:23:04,698 - INFO: Validation ROC-AUC: 0.889602
2026-01-08 16:23:20,350 - INFO: Evaluating at iteration 30817
2026-01-08 16:23:21,795 - INFO: Loss: 0.166049
2026-01-08 16:23:21,799 - INFO: Training ROC-AUC: 0.955357
2026-01-08 16:23:21,802 - INFO: Validation ROC-AUC: 0.887842
2026-01-08 16:23:37,335 - INFO: Evaluating at iteration 31317
2026-01-08 16:23:38,774 - INFO: Loss: 0.253864
2026-01-08 16:23:38,778 - INFO: Training ROC-AUC: 0.942308
2026-01-08 16:23:38,781 - INFO: Validation ROC-AUC: 0.891123
2026-01-08 16:23:41,740 - INFO: Starting epoch 16
2026-01-08 16:23:41,784 - INFO: Evaluating at iteration 31411
2026-01-08 16:23:43,225 - INFO: Loss: 0.168314
2026-01-08 16:23:43,229 - INFO: Training ROC-AUC: 0.982143
2026-01-08 16:23:43,233 - INFO: Validation ROC-AUC: 0.891778
2026-01-08 16:23:58,896 - INFO: Evaluating at iteration 31911
2026-01-08 16:24:00,352 - INFO: Loss: 0.283956
2026-01-08 16:24:00,356 - INFO: Training ROC-AUC: 0.848214
2026-01-08 16:24:00,359 - INFO: Validation ROC-AUC: 0.889584
2026-01-08 16:24:15,909 - INFO: Evaluating at iteration 32411
2026-01-08 16:24:17,352 - INFO: Loss: 0.109931
2026-01-08 16:24:17,362 - INFO: Training ROC-AUC: 1.000000
2026-01-08 16:24:17,370 - INFO: Validation ROC-AUC: 0.889712
2026-01-08 16:24:33,167 - INFO: Evaluating at iteration 32911
2026-01-08 16:24:34,624 - INFO: Loss: 0.327755
2026-01-08 16:24:34,638 - INFO: Training ROC-AUC: 0.884615
2026-01-08 16:24:34,651 - INFO: Validation ROC-AUC: 0.889843
2026-01-08 16:24:50,521 - INFO: Evaluating at iteration 33411
2026-01-08 16:24:51,959 - INFO: Loss: 0.215242
2026-01-08 16:24:51,963 - INFO: Training ROC-AUC: 0.935897
2026-01-08 16:24:51,966 - INFO: Validation ROC-AUC: 0.889611
2026-01-08 16:24:54,944 - INFO: Starting epoch 17
2026-01-08 16:24:54,984 - INFO: Evaluating at iteration 33505
2026-01-08 16:24:56,429 - INFO: Loss: 0.333173
2026-01-08 16:24:56,433 - INFO: Training ROC-AUC: 0.902857
2026-01-08 16:24:56,436 - INFO: Validation ROC-AUC: 0.887847
2026-01-08 16:25:12,290 - INFO: Evaluating at iteration 34005
2026-01-08 16:25:13,756 - INFO: Loss: 0.098417
2026-01-08 16:25:13,761 - INFO: Training ROC-AUC: 1.000000
2026-01-08 16:25:13,764 - INFO: Validation ROC-AUC: 0.888444
2026-01-08 16:25:29,631 - INFO: Evaluating at iteration 34505
2026-01-08 16:25:31,067 - INFO: Loss: 0.197884
2026-01-08 16:25:31,075 - INFO: Training ROC-AUC: 0.954286
2026-01-08 16:25:31,083 - INFO: Validation ROC-AUC: 0.889896
2026-01-08 16:25:46,993 - INFO: Evaluating at iteration 35005
2026-01-08 16:25:48,435 - INFO: Loss: 0.306976
2026-01-08 16:25:48,439 - INFO: Training ROC-AUC: 0.881481
2026-01-08 16:25:48,443 - INFO: Validation ROC-AUC: 0.890661
2026-01-08 16:26:04,471 - INFO: Evaluating at iteration 35505
2026-01-08 16:26:05,934 - INFO: Loss: 0.117097
2026-01-08 16:26:05,938 - INFO: Training ROC-AUC: 0.966667
2026-01-08 16:26:05,941 - INFO: Validation ROC-AUC: 0.887577
2026-01-08 16:26:08,920 - INFO: Starting epoch 18
2026-01-08 16:26:08,958 - INFO: Evaluating at iteration 35599
2026-01-08 16:26:10,396 - INFO: Loss: 0.127944
2026-01-08 16:26:10,400 - INFO: Training ROC-AUC: 0.965517
2026-01-08 16:26:10,404 - INFO: Validation ROC-AUC: 0.889875
2026-01-08 16:26:26,404 - INFO: Evaluating at iteration 36099
2026-01-08 16:26:27,843 - INFO: Loss: 0.341337
2026-01-08 16:26:27,847 - INFO: Training ROC-AUC: 0.884615
2026-01-08 16:26:27,850 - INFO: Validation ROC-AUC: 0.888775
2026-01-08 16:26:43,764 - INFO: Evaluating at iteration 36599
2026-01-08 16:26:45,198 - INFO: Loss: 0.215149
2026-01-08 16:26:45,208 - INFO: Training ROC-AUC: 0.965714
2026-01-08 16:26:45,217 - INFO: Validation ROC-AUC: 0.891411
2026-01-08 16:27:01,266 - INFO: Evaluating at iteration 37099
2026-01-08 16:27:02,710 - INFO: Loss: 0.152024
2026-01-08 16:27:02,713 - INFO: Training ROC-AUC: 1.000000
2026-01-08 16:27:02,716 - INFO: Validation ROC-AUC: 0.891513
2026-01-08 16:27:18,649 - INFO: Evaluating at iteration 37599
2026-01-08 16:27:20,113 - INFO: Loss: 0.212709
2026-01-08 16:27:20,116 - INFO: Training ROC-AUC: 0.866667
2026-01-08 16:27:20,120 - INFO: Validation ROC-AUC: 0.891410
2026-01-08 16:27:23,127 - INFO: Starting epoch 19
2026-01-08 16:27:23,164 - INFO: Evaluating at iteration 37693
2026-01-08 16:27:24,606 - INFO: Loss: 0.103669
2026-01-08 16:27:24,610 - INFO: Training ROC-AUC: 1.000000
2026-01-08 16:27:24,613 - INFO: Validation ROC-AUC: 0.891466
2026-01-08 16:27:40,668 - INFO: Evaluating at iteration 38193
2026-01-08 16:27:42,106 - INFO: Loss: 0.134848
2026-01-08 16:27:42,110 - INFO: Training ROC-AUC: 0.977143
2026-01-08 16:27:42,113 - INFO: Validation ROC-AUC: 0.889464
2026-01-08 16:27:58,040 - INFO: Evaluating at iteration 38693
2026-01-08 16:27:59,483 - INFO: Loss: 0.223461
2026-01-08 16:27:59,491 - INFO: Training ROC-AUC: 0.977273
2026-01-08 16:27:59,498 - INFO: Validation ROC-AUC: 0.891304
2026-01-08 16:28:15,784 - INFO: Evaluating at iteration 39193
2026-01-08 16:28:17,272 - INFO: Loss: 0.461752
2026-01-08 16:28:17,276 - INFO: Training ROC-AUC: 0.845714
2026-01-08 16:28:17,280 - INFO: Validation ROC-AUC: 0.891560
2026-01-08 16:28:33,315 - INFO: Evaluating at iteration 39693
2026-01-08 16:28:34,757 - INFO: Loss: 0.240626
2026-01-08 16:28:34,762 - INFO: Training ROC-AUC: 0.878205
2026-01-08 16:28:34,767 - INFO: Validation ROC-AUC: 0.890979
2026-01-08 16:28:37,871 - INFO: Starting epoch 20
2026-01-08 16:28:37,910 - INFO: Evaluating at iteration 39787
2026-01-08 16:28:39,349 - INFO: Loss: 0.184187
2026-01-08 16:28:39,359 - INFO: Training ROC-AUC: 0.928571
2026-01-08 16:28:39,370 - INFO: Validation ROC-AUC: 0.889696
2026-01-08 16:28:55,632 - INFO: Evaluating at iteration 40287
2026-01-08 16:28:57,086 - INFO: Loss: 0.214504
2026-01-08 16:28:57,090 - INFO: Training ROC-AUC: 0.961538
2026-01-08 16:28:57,094 - INFO: Validation ROC-AUC: 0.891083
2026-01-08 16:29:13,493 - INFO: Evaluating at iteration 40787
2026-01-08 16:29:14,950 - INFO: Loss: 0.114467
2026-01-08 16:29:14,954 - INFO: Training ROC-AUC: 0.964286
2026-01-08 16:29:14,957 - INFO: Validation ROC-AUC: 0.889093
2026-01-08 16:29:31,122 - INFO: Evaluating at iteration 41287
2026-01-08 16:29:32,581 - INFO: Loss: 0.116005
2026-01-08 16:29:32,584 - INFO: Training ROC-AUC: 1.000000
2026-01-08 16:29:32,587 - INFO: Validation ROC-AUC: 0.890203
2026-01-08 16:29:48,605 - INFO: Evaluating at iteration 41787
2026-01-08 16:29:50,041 - INFO: Loss: 0.242698
2026-01-08 16:29:50,044 - INFO: Training ROC-AUC: 0.911111
2026-01-08 16:29:50,048 - INFO: Validation ROC-AUC: 0.890512
2026-01-08 16:29:53,090 - INFO: Starting epoch 21
2026-01-08 16:29:53,129 - INFO: Evaluating at iteration 41881
2026-01-08 16:29:54,565 - INFO: Loss: 0.254726
2026-01-08 16:29:54,569 - INFO: Training ROC-AUC: 0.925714
2026-01-08 16:29:54,572 - INFO: Validation ROC-AUC: 0.891029
2026-01-08 16:30:11,212 - INFO: Evaluating at iteration 42381
2026-01-08 16:30:12,674 - INFO: Loss: 0.139089
2026-01-08 16:30:12,690 - INFO: Training ROC-AUC: 1.000000
2026-01-08 16:30:12,697 - INFO: Validation ROC-AUC: 0.890796
2026-01-08 16:30:29,269 - INFO: Evaluating at iteration 42881
2026-01-08 16:30:30,749 - INFO: Loss: 0.088421
2026-01-08 16:30:30,753 - INFO: Training ROC-AUC: 0.991071
2026-01-08 16:30:30,756 - INFO: Validation ROC-AUC: 0.892256
2026-01-08 16:30:47,315 - INFO: Evaluating at iteration 43381
2026-01-08 16:30:48,771 - INFO: Loss: 0.140521
2026-01-08 16:30:48,776 - INFO: Training ROC-AUC: 0.985185
2026-01-08 16:30:48,780 - INFO: Validation ROC-AUC: 0.890724
2026-01-08 16:31:05,280 - INFO: Evaluating at iteration 43881
2026-01-08 16:31:06,720 - INFO: Loss: 0.129220
2026-01-08 16:31:06,728 - INFO: Training ROC-AUC: 0.977011
2026-01-08 16:31:06,734 - INFO: Validation ROC-AUC: 0.888990
2026-01-08 16:31:09,802 - INFO: Starting epoch 22
2026-01-08 16:31:09,848 - INFO: Evaluating at iteration 43975
2026-01-08 16:31:11,291 - INFO: Loss: 0.162652
2026-01-08 16:31:11,295 - INFO: Training ROC-AUC: 0.919643
2026-01-08 16:31:11,298 - INFO: Validation ROC-AUC: 0.891306
2026-01-08 16:31:27,668 - INFO: Evaluating at iteration 44475
2026-01-08 16:31:29,115 - INFO: Loss: 0.412522
2026-01-08 16:31:29,125 - INFO: Training ROC-AUC: 0.921875
2026-01-08 16:31:29,132 - INFO: Validation ROC-AUC: 0.890273
2026-01-08 16:31:45,584 - INFO: Evaluating at iteration 44975
2026-01-08 16:31:47,041 - INFO: Loss: 0.135180
2026-01-08 16:31:47,048 - INFO: Training ROC-AUC: 0.977778
2026-01-08 16:31:47,052 - INFO: Validation ROC-AUC: 0.889254
2026-01-08 16:32:03,879 - INFO: Evaluating at iteration 45475
2026-01-08 16:32:05,316 - INFO: Loss: 0.219473
2026-01-08 16:32:05,320 - INFO: Training ROC-AUC: 0.960000
2026-01-08 16:32:05,323 - INFO: Validation ROC-AUC: 0.890817
2026-01-08 16:32:21,696 - INFO: Evaluating at iteration 45975
2026-01-08 16:32:23,149 - INFO: Loss: 0.199705
2026-01-08 16:32:23,153 - INFO: Training ROC-AUC: 0.948718
2026-01-08 16:32:23,158 - INFO: Validation ROC-AUC: 0.891738
2026-01-08 16:32:26,240 - INFO: Starting epoch 23
2026-01-08 16:32:26,280 - INFO: Evaluating at iteration 46069
2026-01-08 16:32:27,760 - INFO: Loss: 0.122899
2026-01-08 16:32:27,764 - INFO: Training ROC-AUC: 0.977011
2026-01-08 16:32:27,770 - INFO: Validation ROC-AUC: 0.891767
2026-01-08 16:32:44,583 - INFO: Evaluating at iteration 46569
2026-01-08 16:32:46,064 - INFO: Loss: 0.167951
2026-01-08 16:32:46,084 - INFO: Training ROC-AUC: 0.962963
2026-01-08 16:32:46,092 - INFO: Validation ROC-AUC: 0.892607
2026-01-08 16:33:02,833 - INFO: Evaluating at iteration 47069
2026-01-08 16:33:04,280 - INFO: Loss: 0.198779
2026-01-08 16:33:04,288 - INFO: Training ROC-AUC: 1.000000
2026-01-08 16:33:04,294 - INFO: Validation ROC-AUC: 0.891571
2026-01-08 16:33:20,906 - INFO: Evaluating at iteration 47569
2026-01-08 16:33:22,346 - INFO: Loss: 0.205590
2026-01-08 16:33:22,351 - INFO: Training ROC-AUC: 0.928571
2026-01-08 16:33:22,354 - INFO: Validation ROC-AUC: 0.889442
2026-01-08 16:33:39,194 - INFO: Evaluating at iteration 48069
2026-01-08 16:33:40,669 - INFO: Loss: 0.246247
2026-01-08 16:33:40,673 - INFO: Training ROC-AUC: 0.902857
2026-01-08 16:33:40,676 - INFO: Validation ROC-AUC: 0.891518
2026-01-08 16:33:43,859 - INFO: Starting epoch 24
2026-01-08 16:33:43,901 - INFO: Evaluating at iteration 48163
2026-01-08 16:33:45,360 - INFO: Loss: 0.109600
2026-01-08 16:33:45,369 - INFO: Training ROC-AUC: 0.993590
2026-01-08 16:33:45,373 - INFO: Validation ROC-AUC: 0.889748
2026-01-08 16:34:02,190 - INFO: Evaluating at iteration 48663
2026-01-08 16:34:03,627 - INFO: Loss: 0.096625
2026-01-08 16:34:03,636 - INFO: Training ROC-AUC: 0.982143
2026-01-08 16:34:03,643 - INFO: Validation ROC-AUC: 0.891824
2026-01-08 16:34:20,340 - INFO: Evaluating at iteration 49163
2026-01-08 16:34:21,818 - INFO: Loss: 0.215882
2026-01-08 16:34:21,822 - INFO: Training ROC-AUC: 0.918519
2026-01-08 16:34:21,825 - INFO: Validation ROC-AUC: 0.889929
2026-01-08 16:34:39,251 - INFO: Evaluating at iteration 49663
2026-01-08 16:34:40,742 - INFO: Loss: 0.085576
2026-01-08 16:34:40,746 - INFO: Training ROC-AUC: 1.000000
2026-01-08 16:34:40,749 - INFO: Validation ROC-AUC: 0.889389
2026-01-08 16:34:57,916 - INFO: Evaluating at iteration 50163
2026-01-08 16:34:59,359 - INFO: Loss: 0.201805
2026-01-08 16:34:59,363 - INFO: Training ROC-AUC: 0.942308
2026-01-08 16:34:59,367 - INFO: Validation ROC-AUC: 0.889037
2026-01-08 16:35:02,563 - INFO: Starting epoch 25
2026-01-08 16:35:02,600 - INFO: Evaluating at iteration 50257
2026-01-08 16:35:04,040 - INFO: Loss: 0.209733
2026-01-08 16:35:04,045 - INFO: Training ROC-AUC: 0.946860
2026-01-08 16:35:04,049 - INFO: Validation ROC-AUC: 0.891321
2026-01-08 16:35:21,321 - INFO: Evaluating at iteration 50757
2026-01-08 16:35:22,785 - INFO: Loss: 0.152117
2026-01-08 16:35:22,816 - INFO: Training ROC-AUC: 0.967949
2026-01-08 16:35:22,820 - INFO: Validation ROC-AUC: 0.890540
2026-01-08 16:35:40,064 - INFO: Evaluating at iteration 51257
2026-01-08 16:35:41,521 - INFO: Loss: 0.083561
2026-01-08 16:35:41,525 - INFO: Training ROC-AUC: 1.000000
2026-01-08 16:35:41,529 - INFO: Validation ROC-AUC: 0.890971
2026-01-08 16:35:58,974 - INFO: Evaluating at iteration 51757
2026-01-08 16:36:00,458 - INFO: Loss: 0.156960
2026-01-08 16:36:00,462 - INFO: Training ROC-AUC: 0.954023
2026-01-08 16:36:00,465 - INFO: Validation ROC-AUC: 0.891714
2026-01-08 16:36:17,856 - INFO: Evaluating at iteration 52257
2026-01-08 16:36:19,320 - INFO: Loss: 0.345447
2026-01-08 16:36:19,324 - INFO: Training ROC-AUC: 0.891026
2026-01-08 16:36:19,327 - INFO: Validation ROC-AUC: 0.891360
2026-01-08 16:36:22,603 - INFO: Saving model to models/TCRStructMap_random_split/model_3.pt
2026-01-08 16:36:22,625 - INFO: Starting fold 4
2026-01-08 16:36:22,746 - INFO: Initialising model
2026-01-08 16:36:22,761 - INFO: Starting training
2026-01-08 16:36:22,765 - INFO: Starting epoch 1
2026-01-08 16:36:22,802 - INFO: Evaluating at iteration 1
2026-01-08 16:36:24,241 - INFO: Loss: 0.685732
2026-01-08 16:36:24,245 - INFO: Training ROC-AUC: 0.589286
2026-01-08 16:36:24,248 - INFO: Validation ROC-AUC: 0.509465
2026-01-08 16:36:38,954 - INFO: Evaluating at iteration 501
2026-01-08 16:36:40,402 - INFO: Loss: 0.438919
2026-01-08 16:36:40,406 - INFO: Training ROC-AUC: 0.782051
2026-01-08 16:36:40,409 - INFO: Validation ROC-AUC: 0.611726
2026-01-08 16:36:55,597 - INFO: Evaluating at iteration 1001
2026-01-08 16:36:57,076 - INFO: Loss: 0.282108
2026-01-08 16:36:57,080 - INFO: Training ROC-AUC: 0.316667
2026-01-08 16:36:57,083 - INFO: Validation ROC-AUC: 0.648578
2026-01-08 16:37:12,523 - INFO: Evaluating at iteration 1501
2026-01-08 16:37:13,976 - INFO: Loss: 0.343126
2026-01-08 16:37:13,980 - INFO: Training ROC-AUC: 0.528736
2026-01-08 16:37:13,983 - INFO: Validation ROC-AUC: 0.749451
2026-01-08 16:37:28,898 - INFO: Evaluating at iteration 2001
2026-01-08 16:37:30,334 - INFO: Loss: 0.304111
2026-01-08 16:37:30,338 - INFO: Training ROC-AUC: 0.821429
2026-01-08 16:37:30,344 - INFO: Validation ROC-AUC: 0.789105
2026-01-08 16:37:33,157 - INFO: Starting epoch 2
2026-01-08 16:37:33,193 - INFO: Evaluating at iteration 2095
2026-01-08 16:37:34,632 - INFO: Loss: 0.209784
2026-01-08 16:37:34,639 - INFO: Training ROC-AUC: 0.870968
2026-01-08 16:37:34,642 - INFO: Validation ROC-AUC: 0.786223
2026-01-08 16:37:49,963 - INFO: Evaluating at iteration 2595
2026-01-08 16:37:51,445 - INFO: Loss: 0.409872
2026-01-08 16:37:51,449 - INFO: Training ROC-AUC: 0.600000
2026-01-08 16:37:51,452 - INFO: Validation ROC-AUC: 0.795036
2026-01-08 16:38:06,816 - INFO: Evaluating at iteration 3095
2026-01-08 16:38:08,274 - INFO: Loss: 0.309579
2026-01-08 16:38:08,278 - INFO: Training ROC-AUC: 0.794872
2026-01-08 16:38:08,282 - INFO: Validation ROC-AUC: 0.802964
2026-01-08 16:38:23,659 - INFO: Evaluating at iteration 3595
2026-01-08 16:38:25,108 - INFO: Loss: 0.498884
2026-01-08 16:38:25,112 - INFO: Training ROC-AUC: 0.723958
2026-01-08 16:38:25,115 - INFO: Validation ROC-AUC: 0.818018
2026-01-08 16:38:40,178 - INFO: Evaluating at iteration 4095
2026-01-08 16:38:41,623 - INFO: Loss: 0.350686
2026-01-08 16:38:41,627 - INFO: Training ROC-AUC: 0.740741
2026-01-08 16:38:41,630 - INFO: Validation ROC-AUC: 0.828917
2026-01-08 16:38:44,461 - INFO: Starting epoch 3
2026-01-08 16:38:44,497 - INFO: Evaluating at iteration 4189
2026-01-08 16:38:45,927 - INFO: Loss: 0.173254
2026-01-08 16:38:45,931 - INFO: Training ROC-AUC: 0.896552
2026-01-08 16:38:45,934 - INFO: Validation ROC-AUC: 0.832354
2026-01-08 16:39:00,969 - INFO: Evaluating at iteration 4689
2026-01-08 16:39:02,460 - INFO: Loss: 0.400813
2026-01-08 16:39:02,465 - INFO: Training ROC-AUC: 0.743590
2026-01-08 16:39:02,468 - INFO: Validation ROC-AUC: 0.840934
2026-01-08 16:39:17,474 - INFO: Evaluating at iteration 5189
2026-01-08 16:39:18,918 - INFO: Loss: 0.171122
2026-01-08 16:39:18,922 - INFO: Training ROC-AUC: 0.961538
2026-01-08 16:39:18,926 - INFO: Validation ROC-AUC: 0.845421
2026-01-08 16:39:34,237 - INFO: Evaluating at iteration 5689
2026-01-08 16:39:35,713 - INFO: Loss: 0.148795
2026-01-08 16:39:35,719 - INFO: Training ROC-AUC: 0.974359
2026-01-08 16:39:35,725 - INFO: Validation ROC-AUC: 0.850701
2026-01-08 16:39:51,135 - INFO: Evaluating at iteration 6189
2026-01-08 16:39:52,584 - INFO: Loss: 0.328542
2026-01-08 16:39:52,589 - INFO: Training ROC-AUC: 0.844444
2026-01-08 16:39:52,593 - INFO: Validation ROC-AUC: 0.855391
2026-01-08 16:39:55,490 - INFO: Starting epoch 4
2026-01-08 16:39:55,530 - INFO: Evaluating at iteration 6283
2026-01-08 16:39:56,994 - INFO: Loss: 0.231129
2026-01-08 16:39:57,000 - INFO: Training ROC-AUC: 0.910714
2026-01-08 16:39:57,012 - INFO: Validation ROC-AUC: 0.855392
2026-01-08 16:40:12,314 - INFO: Evaluating at iteration 6783
2026-01-08 16:40:13,766 - INFO: Loss: 0.265563
2026-01-08 16:40:13,773 - INFO: Training ROC-AUC: 0.878205
2026-01-08 16:40:13,776 - INFO: Validation ROC-AUC: 0.857520
2026-01-08 16:40:28,935 - INFO: Evaluating at iteration 7283
2026-01-08 16:40:30,364 - INFO: Loss: 0.162337
2026-01-08 16:40:30,368 - INFO: Training ROC-AUC: 0.991071
2026-01-08 16:40:30,371 - INFO: Validation ROC-AUC: 0.861193
2026-01-08 16:40:45,586 - INFO: Evaluating at iteration 7783
2026-01-08 16:40:47,040 - INFO: Loss: 0.189857
2026-01-08 16:40:47,044 - INFO: Training ROC-AUC: 0.948718
2026-01-08 16:40:47,049 - INFO: Validation ROC-AUC: 0.863897
2026-01-08 16:41:02,504 - INFO: Evaluating at iteration 8283
2026-01-08 16:41:03,978 - INFO: Loss: 0.361852
2026-01-08 16:41:03,982 - INFO: Training ROC-AUC: 0.632184
2026-01-08 16:41:03,985 - INFO: Validation ROC-AUC: 0.866444
2026-01-08 16:41:06,844 - INFO: Starting epoch 5
2026-01-08 16:41:06,881 - INFO: Evaluating at iteration 8377
2026-01-08 16:41:08,317 - INFO: Loss: 0.271475
2026-01-08 16:41:08,321 - INFO: Training ROC-AUC: 0.881481
2026-01-08 16:41:08,325 - INFO: Validation ROC-AUC: 0.865975
2026-01-08 16:41:23,576 - INFO: Evaluating at iteration 8877
2026-01-08 16:41:25,008 - INFO: Loss: 0.325835
2026-01-08 16:41:25,012 - INFO: Training ROC-AUC: 0.931429
2026-01-08 16:41:25,015 - INFO: Validation ROC-AUC: 0.866329
2026-01-08 16:41:40,222 - INFO: Evaluating at iteration 9377
2026-01-08 16:41:41,660 - INFO: Loss: 0.337712
2026-01-08 16:41:41,665 - INFO: Training ROC-AUC: 0.906250
2026-01-08 16:41:41,668 - INFO: Validation ROC-AUC: 0.869599
2026-01-08 16:41:56,849 - INFO: Evaluating at iteration 9877
2026-01-08 16:41:58,277 - INFO: Loss: 0.199931
2026-01-08 16:41:58,282 - INFO: Training ROC-AUC: 0.919643
2026-01-08 16:41:58,286 - INFO: Validation ROC-AUC: 0.874158
2026-01-08 16:42:13,611 - INFO: Evaluating at iteration 10377
2026-01-08 16:42:15,073 - INFO: Loss: 0.231068
2026-01-08 16:42:15,078 - INFO: Training ROC-AUC: 0.970370
2026-01-08 16:42:15,081 - INFO: Validation ROC-AUC: 0.875074
2026-01-08 16:42:17,946 - INFO: Starting epoch 6
2026-01-08 16:42:17,983 - INFO: Evaluating at iteration 10471
2026-01-08 16:42:19,418 - INFO: Loss: 0.132451
2026-01-08 16:42:19,422 - INFO: Training ROC-AUC: 0.966667
2026-01-08 16:42:19,426 - INFO: Validation ROC-AUC: 0.876837
2026-01-08 16:42:34,761 - INFO: Evaluating at iteration 10971
2026-01-08 16:42:36,226 - INFO: Loss: 0.314089
2026-01-08 16:42:36,230 - INFO: Training ROC-AUC: 0.775641
2026-01-08 16:42:36,233 - INFO: Validation ROC-AUC: 0.876747
2026-01-08 16:42:51,924 - INFO: Evaluating at iteration 11471
2026-01-08 16:42:53,399 - INFO: Loss: 0.219058
2026-01-08 16:42:53,403 - INFO: Training ROC-AUC: 0.910714
2026-01-08 16:42:53,406 - INFO: Validation ROC-AUC: 0.877620
2026-01-08 16:43:09,002 - INFO: Evaluating at iteration 11971
2026-01-08 16:43:10,472 - INFO: Loss: 0.368488
2026-01-08 16:43:10,477 - INFO: Training ROC-AUC: 0.879227
2026-01-08 16:43:10,480 - INFO: Validation ROC-AUC: 0.881554
2026-01-08 16:43:26,177 - INFO: Evaluating at iteration 12471
2026-01-08 16:43:27,644 - INFO: Loss: 0.192519
2026-01-08 16:43:27,648 - INFO: Training ROC-AUC: 0.955128
2026-01-08 16:43:27,653 - INFO: Validation ROC-AUC: 0.884380
2026-01-08 16:43:30,578 - INFO: Starting epoch 7
2026-01-08 16:43:30,615 - INFO: Evaluating at iteration 12565
2026-01-08 16:43:32,063 - INFO: Loss: 0.261351
2026-01-08 16:43:32,066 - INFO: Training ROC-AUC: 0.781609
2026-01-08 16:43:32,069 - INFO: Validation ROC-AUC: 0.884118
2026-01-08 16:43:47,734 - INFO: Evaluating at iteration 13065
2026-01-08 16:43:49,188 - INFO: Loss: 0.335004
2026-01-08 16:43:49,193 - INFO: Training ROC-AUC: 0.902857
2026-01-08 16:43:49,198 - INFO: Validation ROC-AUC: 0.885386
2026-01-08 16:44:04,825 - INFO: Evaluating at iteration 13565
2026-01-08 16:44:06,298 - INFO: Loss: 0.382603
2026-01-08 16:44:06,315 - INFO: Training ROC-AUC: 0.846154
2026-01-08 16:44:06,326 - INFO: Validation ROC-AUC: 0.885773
2026-01-08 16:44:22,056 - INFO: Evaluating at iteration 14065
2026-01-08 16:44:23,529 - INFO: Loss: 0.430285
2026-01-08 16:44:23,535 - INFO: Training ROC-AUC: 0.788571
2026-01-08 16:44:23,539 - INFO: Validation ROC-AUC: 0.885293
2026-01-08 16:44:39,063 - INFO: Evaluating at iteration 14565
2026-01-08 16:44:40,472 - INFO: Loss: 0.225556
2026-01-08 16:44:40,476 - INFO: Training ROC-AUC: 0.916667
2026-01-08 16:44:40,480 - INFO: Validation ROC-AUC: 0.886150
2026-01-08 16:44:43,193 - INFO: Starting epoch 8
2026-01-08 16:44:43,227 - INFO: Evaluating at iteration 14659
2026-01-08 16:44:44,571 - INFO: Loss: 0.186519
2026-01-08 16:44:44,575 - INFO: Training ROC-AUC: 0.937500
2026-01-08 16:44:44,578 - INFO: Validation ROC-AUC: 0.887660
2026-01-08 16:44:59,489 - INFO: Evaluating at iteration 15159
2026-01-08 16:45:00,924 - INFO: Loss: 0.228592
2026-01-08 16:45:00,928 - INFO: Training ROC-AUC: 0.892857
2026-01-08 16:45:00,932 - INFO: Validation ROC-AUC: 0.889044
2026-01-08 16:45:15,680 - INFO: Evaluating at iteration 15659
2026-01-08 16:45:17,031 - INFO: Loss: 0.260802
2026-01-08 16:45:17,035 - INFO: Training ROC-AUC: 0.892857
2026-01-08 16:45:17,039 - INFO: Validation ROC-AUC: 0.890081
2026-01-08 16:45:31,527 - INFO: Evaluating at iteration 16159
2026-01-08 16:45:32,843 - INFO: Loss: 0.403296
2026-01-08 16:45:32,846 - INFO: Training ROC-AUC: 0.878788
2026-01-08 16:45:32,849 - INFO: Validation ROC-AUC: 0.890713
2026-01-08 16:45:47,186 - INFO: Evaluating at iteration 16659
2026-01-08 16:45:48,495 - INFO: Loss: 0.257957
2026-01-08 16:45:48,499 - INFO: Training ROC-AUC: 0.866071
2026-01-08 16:45:48,502 - INFO: Validation ROC-AUC: 0.891588
2026-01-08 16:45:51,236 - INFO: Starting epoch 9
2026-01-08 16:45:51,269 - INFO: Evaluating at iteration 16753
2026-01-08 16:45:52,577 - INFO: Loss: 0.382557
2026-01-08 16:45:52,581 - INFO: Training ROC-AUC: 0.917874
2026-01-08 16:45:52,584 - INFO: Validation ROC-AUC: 0.892247
2026-01-08 16:46:07,024 - INFO: Evaluating at iteration 17253
2026-01-08 16:46:08,331 - INFO: Loss: 0.017411
2026-01-08 16:46:08,338 - INFO: Training ROC-AUC: 1.000000
2026-01-08 16:46:08,345 - INFO: Validation ROC-AUC: 0.890213
2026-01-08 16:46:22,850 - INFO: Evaluating at iteration 17753
2026-01-08 16:46:24,162 - INFO: Loss: 0.105320
2026-01-08 16:46:24,167 - INFO: Training ROC-AUC: 1.000000
2026-01-08 16:46:24,170 - INFO: Validation ROC-AUC: 0.890007
2026-01-08 16:46:38,548 - INFO: Evaluating at iteration 18253
2026-01-08 16:46:39,893 - INFO: Loss: 0.161105
2026-01-08 16:46:39,897 - INFO: Training ROC-AUC: 0.741935
2026-01-08 16:46:39,901 - INFO: Validation ROC-AUC: 0.892203
2026-01-08 16:46:54,263 - INFO: Evaluating at iteration 18753
2026-01-08 16:46:55,567 - INFO: Loss: 0.375457
2026-01-08 16:46:55,570 - INFO: Training ROC-AUC: 0.859259
2026-01-08 16:46:55,574 - INFO: Validation ROC-AUC: 0.894378
2026-01-08 16:46:58,249 - INFO: Starting epoch 10
2026-01-08 16:46:58,286 - INFO: Evaluating at iteration 18847
2026-01-08 16:46:59,588 - INFO: Loss: 0.194252
2026-01-08 16:46:59,603 - INFO: Training ROC-AUC: 0.948718
2026-01-08 16:46:59,607 - INFO: Validation ROC-AUC: 0.892604
2026-01-08 16:47:13,926 - INFO: Evaluating at iteration 19347
2026-01-08 16:47:15,242 - INFO: Loss: 0.419724
2026-01-08 16:47:15,254 - INFO: Training ROC-AUC: 0.906250
2026-01-08 16:47:15,265 - INFO: Validation ROC-AUC: 0.892517
2026-01-08 16:47:29,636 - INFO: Evaluating at iteration 19847
2026-01-08 16:47:30,954 - INFO: Loss: 0.199313
2026-01-08 16:47:30,957 - INFO: Training ROC-AUC: 0.966184
2026-01-08 16:47:30,961 - INFO: Validation ROC-AUC: 0.892595
2026-01-08 16:47:45,325 - INFO: Evaluating at iteration 20347
2026-01-08 16:47:46,649 - INFO: Loss: 0.373410
2026-01-08 16:47:46,653 - INFO: Training ROC-AUC: 0.874286
2026-01-08 16:47:46,655 - INFO: Validation ROC-AUC: 0.893360
2026-01-08 16:48:00,992 - INFO: Evaluating at iteration 20847
2026-01-08 16:48:02,292 - INFO: Loss: 0.156100
2026-01-08 16:48:02,305 - INFO: Training ROC-AUC: 0.984375
2026-01-08 16:48:02,317 - INFO: Validation ROC-AUC: 0.893812
2026-01-08 16:48:05,043 - INFO: Starting epoch 11
2026-01-08 16:48:05,077 - INFO: Evaluating at iteration 20941
2026-01-08 16:48:06,376 - INFO: Loss: 0.129134
2026-01-08 16:48:06,381 - INFO: Training ROC-AUC: 0.931034
2026-01-08 16:48:06,385 - INFO: Validation ROC-AUC: 0.893424
2026-01-08 16:48:20,773 - INFO: Evaluating at iteration 21441
2026-01-08 16:48:22,076 - INFO: Loss: 0.250744
2026-01-08 16:48:22,090 - INFO: Training ROC-AUC: 0.931429
2026-01-08 16:48:22,093 - INFO: Validation ROC-AUC: 0.891760
2026-01-08 16:48:36,265 - INFO: Evaluating at iteration 21941
2026-01-08 16:48:37,575 - INFO: Loss: 0.237573
2026-01-08 16:48:37,579 - INFO: Training ROC-AUC: 0.888889
2026-01-08 16:48:37,583 - INFO: Validation ROC-AUC: 0.893982
2026-01-08 16:48:51,644 - INFO: Evaluating at iteration 22441
2026-01-08 16:48:52,942 - INFO: Loss: 0.315818
2026-01-08 16:48:52,947 - INFO: Training ROC-AUC: 0.844444
2026-01-08 16:48:52,951 - INFO: Validation ROC-AUC: 0.895720
2026-01-08 16:49:06,995 - INFO: Evaluating at iteration 22941
2026-01-08 16:49:08,289 - INFO: Loss: 0.136539
2026-01-08 16:49:08,294 - INFO: Training ROC-AUC: 0.992593
2026-01-08 16:49:08,297 - INFO: Validation ROC-AUC: 0.895364
2026-01-08 16:49:10,924 - INFO: Starting epoch 12
2026-01-08 16:49:10,962 - INFO: Evaluating at iteration 23035
2026-01-08 16:49:12,267 - INFO: Loss: 0.182747
2026-01-08 16:49:12,271 - INFO: Training ROC-AUC: 0.977778
2026-01-08 16:49:12,276 - INFO: Validation ROC-AUC: 0.895910
2026-01-08 16:49:26,768 - INFO: Evaluating at iteration 23535
2026-01-08 16:49:28,073 - INFO: Loss: 0.223920
2026-01-08 16:49:28,077 - INFO: Training ROC-AUC: 0.980769
2026-01-08 16:49:28,081 - INFO: Validation ROC-AUC: 0.892875
2026-01-08 16:49:42,571 - INFO: Evaluating at iteration 24035
2026-01-08 16:49:43,889 - INFO: Loss: 0.137534
2026-01-08 16:49:43,892 - INFO: Training ROC-AUC: 0.984375
2026-01-08 16:49:43,896 - INFO: Validation ROC-AUC: 0.894913
2026-01-08 16:49:58,424 - INFO: Evaluating at iteration 24535
2026-01-08 16:49:59,730 - INFO: Loss: 0.244921
2026-01-08 16:49:59,735 - INFO: Training ROC-AUC: 0.910256
2026-01-08 16:49:59,738 - INFO: Validation ROC-AUC: 0.895589
2026-01-08 16:50:13,853 - INFO: Evaluating at iteration 25035
2026-01-08 16:50:15,155 - INFO: Loss: 0.262375
2026-01-08 16:50:15,159 - INFO: Training ROC-AUC: 0.911111
2026-01-08 16:50:15,163 - INFO: Validation ROC-AUC: 0.895784
2026-01-08 16:50:17,855 - INFO: Starting epoch 13
2026-01-08 16:50:17,889 - INFO: Evaluating at iteration 25129
2026-01-08 16:50:19,206 - INFO: Loss: 0.173958
2026-01-08 16:50:19,211 - INFO: Training ROC-AUC: 0.961538
2026-01-08 16:50:19,215 - INFO: Validation ROC-AUC: 0.896988
2026-01-08 16:50:33,636 - INFO: Evaluating at iteration 25629
2026-01-08 16:50:34,987 - INFO: Loss: 0.185392
2026-01-08 16:50:34,991 - INFO: Training ROC-AUC: 0.971429
2026-01-08 16:50:34,994 - INFO: Validation ROC-AUC: 0.896615
2026-01-08 16:50:49,399 - INFO: Evaluating at iteration 26129
2026-01-08 16:50:50,760 - INFO: Loss: 0.082172
2026-01-08 16:50:50,764 - INFO: Training ROC-AUC: 1.000000
2026-01-08 16:50:50,768 - INFO: Validation ROC-AUC: 0.894296
2026-01-08 16:51:05,231 - INFO: Evaluating at iteration 26629
2026-01-08 16:51:06,593 - INFO: Loss: 0.147458
2026-01-08 16:51:06,596 - INFO: Training ROC-AUC: 0.973214
2026-01-08 16:51:06,599 - INFO: Validation ROC-AUC: 0.896116
2026-01-08 16:51:21,370 - INFO: Evaluating at iteration 27129
2026-01-08 16:51:22,711 - INFO: Loss: 0.127453
2026-01-08 16:51:22,714 - INFO: Training ROC-AUC: 1.000000
2026-01-08 16:51:22,717 - INFO: Validation ROC-AUC: 0.897420
2026-01-08 16:51:25,450 - INFO: Starting epoch 14
2026-01-08 16:51:25,487 - INFO: Evaluating at iteration 27223
2026-01-08 16:51:26,802 - INFO: Loss: 0.132417
2026-01-08 16:51:26,806 - INFO: Training ROC-AUC: 0.991071
2026-01-08 16:51:26,809 - INFO: Validation ROC-AUC: 0.898258
2026-01-08 16:51:41,389 - INFO: Evaluating at iteration 27723
2026-01-08 16:51:42,720 - INFO: Loss: 0.164165
2026-01-08 16:51:42,726 - INFO: Training ROC-AUC: 0.987179
2026-01-08 16:51:42,731 - INFO: Validation ROC-AUC: 0.894048
2026-01-08 16:51:57,292 - INFO: Evaluating at iteration 28223
2026-01-08 16:51:58,616 - INFO: Loss: 0.249669
2026-01-08 16:51:58,621 - INFO: Training ROC-AUC: 0.954286
2026-01-08 16:51:58,624 - INFO: Validation ROC-AUC: 0.896944
2026-01-08 16:52:13,210 - INFO: Evaluating at iteration 28723
2026-01-08 16:52:14,548 - INFO: Loss: 0.238189
2026-01-08 16:52:14,552 - INFO: Training ROC-AUC: 0.955128
2026-01-08 16:52:14,555 - INFO: Validation ROC-AUC: 0.897217
2026-01-08 16:52:29,199 - INFO: Evaluating at iteration 29223
2026-01-08 16:52:30,639 - INFO: Loss: 0.373816
2026-01-08 16:52:30,639 - INFO: Training ROC-AUC: 0.862857
2026-01-08 16:52:30,639 - INFO: Validation ROC-AUC: 0.896348
2026-01-08 16:52:33,371 - INFO: Starting epoch 15
2026-01-08 16:52:33,402 - INFO: Evaluating at iteration 29317
2026-01-08 16:52:34,759 - INFO: Loss: 0.155766
2026-01-08 16:52:34,759 - INFO: Training ROC-AUC: 0.970370
2026-01-08 16:52:34,759 - INFO: Validation ROC-AUC: 0.897283
2026-01-08 16:52:49,409 - INFO: Evaluating at iteration 29817
2026-01-08 16:52:50,731 - INFO: Loss: 0.161648
2026-01-08 16:52:50,731 - INFO: Training ROC-AUC: 1.000000
2026-01-08 16:52:50,731 - INFO: Validation ROC-AUC: 0.896579
2026-01-08 16:53:05,211 - INFO: Evaluating at iteration 30317
2026-01-08 16:53:06,524 - INFO: Loss: 0.140425
2026-01-08 16:53:06,524 - INFO: Training ROC-AUC: 0.919540
2026-01-08 16:53:06,524 - INFO: Validation ROC-AUC: 0.897007
2026-01-08 16:53:20,748 - INFO: Evaluating at iteration 30817
2026-01-08 16:53:22,049 - INFO: Loss: 0.188260
2026-01-08 16:53:22,049 - INFO: Training ROC-AUC: 0.965714
2026-01-08 16:53:22,049 - INFO: Validation ROC-AUC: 0.896474
2026-01-08 16:53:36,451 - INFO: Evaluating at iteration 31317
2026-01-08 16:53:37,757 - INFO: Loss: 0.159378
2026-01-08 16:53:37,757 - INFO: Training ROC-AUC: 0.970370
2026-01-08 16:53:37,757 - INFO: Validation ROC-AUC: 0.894978
2026-01-08 16:53:40,518 - INFO: Starting epoch 16
2026-01-08 16:53:40,552 - INFO: Evaluating at iteration 31411
2026-01-08 16:53:41,863 - INFO: Loss: 0.172727
2026-01-08 16:53:41,863 - INFO: Training ROC-AUC: 0.973958
2026-01-08 16:53:41,863 - INFO: Validation ROC-AUC: 0.897521
2026-01-08 16:53:56,611 - INFO: Evaluating at iteration 31911
2026-01-08 16:53:57,916 - INFO: Loss: 0.171430
2026-01-08 16:53:57,916 - INFO: Training ROC-AUC: 0.896552
2026-01-08 16:53:57,916 - INFO: Validation ROC-AUC: 0.896504
2026-01-08 16:54:12,542 - INFO: Evaluating at iteration 32411
2026-01-08 16:54:13,847 - INFO: Loss: 0.222580
2026-01-08 16:54:13,847 - INFO: Training ROC-AUC: 0.918519
2026-01-08 16:54:13,847 - INFO: Validation ROC-AUC: 0.895241
2026-01-08 16:54:28,663 - INFO: Evaluating at iteration 32911
2026-01-08 16:54:29,969 - INFO: Loss: 0.160794
2026-01-08 16:54:29,969 - INFO: Training ROC-AUC: 0.989583
2026-01-08 16:54:29,969 - INFO: Validation ROC-AUC: 0.895658
2026-01-08 16:54:44,672 - INFO: Evaluating at iteration 33411
2026-01-08 16:54:45,978 - INFO: Loss: 0.145676
2026-01-08 16:54:45,978 - INFO: Training ROC-AUC: 1.000000
2026-01-08 16:54:45,978 - INFO: Validation ROC-AUC: 0.898274
2026-01-08 16:54:48,763 - INFO: Starting epoch 17
2026-01-08 16:54:48,795 - INFO: Evaluating at iteration 33505
2026-01-08 16:54:50,142 - INFO: Loss: 0.225635
2026-01-08 16:54:50,142 - INFO: Training ROC-AUC: 0.955128
2026-01-08 16:54:50,142 - INFO: Validation ROC-AUC: 0.897155
2026-01-08 16:55:04,487 - INFO: Evaluating at iteration 34005
2026-01-08 16:55:05,814 - INFO: Loss: 0.235264
2026-01-08 16:55:05,814 - INFO: Training ROC-AUC: 0.954286
2026-01-08 16:55:05,814 - INFO: Validation ROC-AUC: 0.896336
2026-01-08 16:55:20,347 - INFO: Evaluating at iteration 34505
2026-01-08 16:55:21,652 - INFO: Loss: 0.441565
2026-01-08 16:55:21,652 - INFO: Training ROC-AUC: 0.884058
2026-01-08 16:55:21,652 - INFO: Validation ROC-AUC: 0.895496
2026-01-08 16:55:36,281 - INFO: Evaluating at iteration 35005
2026-01-08 16:55:37,588 - INFO: Loss: 0.244267
2026-01-08 16:55:37,588 - INFO: Training ROC-AUC: 0.903846
2026-01-08 16:55:37,588 - INFO: Validation ROC-AUC: 0.896260
2026-01-08 16:55:52,246 - INFO: Evaluating at iteration 35505
2026-01-08 16:55:53,556 - INFO: Loss: 0.151505
2026-01-08 16:55:53,556 - INFO: Training ROC-AUC: 0.931034
2026-01-08 16:55:53,556 - INFO: Validation ROC-AUC: 0.896174
2026-01-08 16:55:56,298 - INFO: Starting epoch 18
2026-01-08 16:55:56,329 - INFO: Evaluating at iteration 35599
2026-01-08 16:55:57,640 - INFO: Loss: 0.138936
2026-01-08 16:55:57,640 - INFO: Training ROC-AUC: 0.916667
2026-01-08 16:55:57,641 - INFO: Validation ROC-AUC: 0.896635
2026-01-08 16:56:12,335 - INFO: Evaluating at iteration 36099
2026-01-08 16:56:13,644 - INFO: Loss: 0.252192
2026-01-08 16:56:13,644 - INFO: Training ROC-AUC: 0.942857
2026-01-08 16:56:13,644 - INFO: Validation ROC-AUC: 0.898698
2026-01-08 16:56:28,552 - INFO: Evaluating at iteration 36599
2026-01-08 16:56:29,874 - INFO: Loss: 0.110779
2026-01-08 16:56:29,874 - INFO: Training ROC-AUC: 1.000000
2026-01-08 16:56:29,874 - INFO: Validation ROC-AUC: 0.896385
2026-01-08 16:56:44,281 - INFO: Evaluating at iteration 37099
2026-01-08 16:56:45,561 - INFO: Loss: 0.196404
2026-01-08 16:56:45,562 - INFO: Training ROC-AUC: 0.928571
2026-01-08 16:56:45,562 - INFO: Validation ROC-AUC: 0.897018
2026-01-08 16:57:00,260 - INFO: Evaluating at iteration 37599
2026-01-08 16:57:01,608 - INFO: Loss: 0.187962
2026-01-08 16:57:01,608 - INFO: Training ROC-AUC: 0.980769
2026-01-08 16:57:01,609 - INFO: Validation ROC-AUC: 0.893865
2026-01-08 16:57:04,422 - INFO: Starting epoch 19
2026-01-08 16:57:04,453 - INFO: Evaluating at iteration 37693
2026-01-08 16:57:05,805 - INFO: Loss: 0.171692
2026-01-08 16:57:05,805 - INFO: Training ROC-AUC: 0.937500
2026-01-08 16:57:05,806 - INFO: Validation ROC-AUC: 0.896777
2026-01-08 16:57:20,544 - INFO: Evaluating at iteration 38193
2026-01-08 16:57:21,820 - INFO: Loss: 0.271986
2026-01-08 16:57:21,820 - INFO: Training ROC-AUC: 0.793103
2026-01-08 16:57:21,820 - INFO: Validation ROC-AUC: 0.895537
2026-01-08 16:57:36,416 - INFO: Evaluating at iteration 38693
2026-01-08 16:57:37,714 - INFO: Loss: 0.099843
2026-01-08 16:57:37,714 - INFO: Training ROC-AUC: 0.993590
2026-01-08 16:57:37,714 - INFO: Validation ROC-AUC: 0.895286
2026-01-08 16:57:52,422 - INFO: Evaluating at iteration 39193
2026-01-08 16:57:53,717 - INFO: Loss: 0.150629
2026-01-08 16:57:53,717 - INFO: Training ROC-AUC: 0.982857
2026-01-08 16:57:53,717 - INFO: Validation ROC-AUC: 0.895726
2026-01-08 16:58:08,501 - INFO: Evaluating at iteration 39693
2026-01-08 16:58:09,826 - INFO: Loss: 0.109904
2026-01-08 16:58:09,826 - INFO: Training ROC-AUC: 0.988506
2026-01-08 16:58:09,826 - INFO: Validation ROC-AUC: 0.895749
2026-01-08 16:58:12,583 - INFO: Starting epoch 20
2026-01-08 16:58:12,614 - INFO: Evaluating at iteration 39787
2026-01-08 16:58:13,920 - INFO: Loss: 0.138051
2026-01-08 16:58:13,920 - INFO: Training ROC-AUC: 1.000000
2026-01-08 16:58:13,920 - INFO: Validation ROC-AUC: 0.894901
2026-01-08 16:58:28,650 - INFO: Evaluating at iteration 40287
2026-01-08 16:58:29,950 - INFO: Loss: 0.134173
2026-01-08 16:58:29,950 - INFO: Training ROC-AUC: 1.000000
2026-01-08 16:58:29,950 - INFO: Validation ROC-AUC: 0.896212
2026-01-08 16:58:44,697 - INFO: Evaluating at iteration 40787
2026-01-08 16:58:45,994 - INFO: Loss: 0.310596
2026-01-08 16:58:45,994 - INFO: Training ROC-AUC: 0.866667
2026-01-08 16:58:45,994 - INFO: Validation ROC-AUC: 0.896267
2026-01-08 16:59:00,756 - INFO: Evaluating at iteration 41287
2026-01-08 16:59:02,056 - INFO: Loss: 0.088119
2026-01-08 16:59:02,056 - INFO: Training ROC-AUC: 1.000000
2026-01-08 16:59:02,056 - INFO: Validation ROC-AUC: 0.895266
2026-01-08 16:59:16,614 - INFO: Evaluating at iteration 41787
2026-01-08 16:59:17,923 - INFO: Loss: 0.206359
2026-01-08 16:59:17,923 - INFO: Training ROC-AUC: 0.977143
2026-01-08 16:59:17,923 - INFO: Validation ROC-AUC: 0.896032
2026-01-08 16:59:20,667 - INFO: Starting epoch 21
2026-01-08 16:59:20,697 - INFO: Evaluating at iteration 41881
2026-01-08 16:59:21,977 - INFO: Loss: 0.184091
2026-01-08 16:59:21,978 - INFO: Training ROC-AUC: 0.994286
2026-01-08 16:59:21,978 - INFO: Validation ROC-AUC: 0.895896
2026-01-08 16:59:36,715 - INFO: Evaluating at iteration 42381
2026-01-08 16:59:38,016 - INFO: Loss: 0.147681
2026-01-08 16:59:38,016 - INFO: Training ROC-AUC: 0.974359
2026-01-08 16:59:38,016 - INFO: Validation ROC-AUC: 0.894873
2026-01-08 16:59:52,874 - INFO: Evaluating at iteration 42881
2026-01-08 16:59:54,177 - INFO: Loss: 0.210805
2026-01-08 16:59:54,177 - INFO: Training ROC-AUC: 0.910714
2026-01-08 16:59:54,177 - INFO: Validation ROC-AUC: 0.896311
2026-01-08 17:00:09,153 - INFO: Evaluating at iteration 43381
2026-01-08 17:00:10,478 - INFO: Loss: 0.138291
2026-01-08 17:00:10,479 - INFO: Training ROC-AUC: 1.000000
2026-01-08 17:00:10,479 - INFO: Validation ROC-AUC: 0.895315
2026-01-08 17:00:25,453 - INFO: Evaluating at iteration 43881
2026-01-08 17:00:26,762 - INFO: Loss: 0.181838
2026-01-08 17:00:26,762 - INFO: Training ROC-AUC: 0.990909
2026-01-08 17:00:26,762 - INFO: Validation ROC-AUC: 0.896316
2026-01-08 17:00:29,577 - INFO: Starting epoch 22
2026-01-08 17:00:29,608 - INFO: Evaluating at iteration 43975
2026-01-08 17:00:30,912 - INFO: Loss: 0.214100
2026-01-08 17:00:30,912 - INFO: Training ROC-AUC: 0.977143
2026-01-08 17:00:30,912 - INFO: Validation ROC-AUC: 0.896743
2026-01-08 17:00:45,677 - INFO: Evaluating at iteration 44475
2026-01-08 17:00:46,963 - INFO: Loss: 0.283879
2026-01-08 17:00:46,963 - INFO: Training ROC-AUC: 0.891429
2026-01-08 17:00:46,963 - INFO: Validation ROC-AUC: 0.892794
2026-01-08 17:01:01,807 - INFO: Evaluating at iteration 44975
2026-01-08 17:01:03,107 - INFO: Loss: 0.076766
2026-01-08 17:01:03,107 - INFO: Training ROC-AUC: 1.000000
2026-01-08 17:01:03,107 - INFO: Validation ROC-AUC: 0.895865
2026-01-08 17:01:18,279 - INFO: Evaluating at iteration 45475
2026-01-08 17:01:19,674 - INFO: Loss: 0.109803
2026-01-08 17:01:19,674 - INFO: Training ROC-AUC: 1.000000
2026-01-08 17:01:19,674 - INFO: Validation ROC-AUC: 0.895773
2026-01-08 17:01:34,942 - INFO: Evaluating at iteration 45975
2026-01-08 17:01:36,266 - INFO: Loss: 0.127456
2026-01-08 17:01:36,266 - INFO: Training ROC-AUC: 1.000000
2026-01-08 17:01:36,266 - INFO: Validation ROC-AUC: 0.895516
2026-01-08 17:01:39,088 - INFO: Starting epoch 23
2026-01-08 17:01:39,118 - INFO: Evaluating at iteration 46069
2026-01-08 17:01:40,423 - INFO: Loss: 0.138762
2026-01-08 17:01:40,423 - INFO: Training ROC-AUC: 1.000000
2026-01-08 17:01:40,424 - INFO: Validation ROC-AUC: 0.896316
2026-01-08 17:01:55,549 - INFO: Evaluating at iteration 46569
2026-01-08 17:01:56,850 - INFO: Loss: 0.058967
2026-01-08 17:01:56,850 - INFO: Training ROC-AUC: 1.000000
2026-01-08 17:01:56,851 - INFO: Validation ROC-AUC: 0.893617
2026-01-08 17:02:11,893 - INFO: Evaluating at iteration 47069
2026-01-08 17:02:13,200 - INFO: Loss: 0.147135
2026-01-08 17:02:13,200 - INFO: Training ROC-AUC: 0.985185
2026-01-08 17:02:13,200 - INFO: Validation ROC-AUC: 0.894021
2026-01-08 17:02:28,348 - INFO: Evaluating at iteration 47569
2026-01-08 17:02:29,682 - INFO: Loss: 0.259812
2026-01-08 17:02:29,682 - INFO: Training ROC-AUC: 0.937500
2026-01-08 17:02:29,682 - INFO: Validation ROC-AUC: 0.895594
2026-01-08 17:02:44,891 - INFO: Evaluating at iteration 48069
2026-01-08 17:02:46,200 - INFO: Loss: 0.077748
2026-01-08 17:02:46,200 - INFO: Training ROC-AUC: 0.991071
2026-01-08 17:02:46,200 - INFO: Validation ROC-AUC: 0.894338
2026-01-08 17:02:49,079 - INFO: Starting epoch 24
2026-01-08 17:02:49,112 - INFO: Evaluating at iteration 48163
2026-01-08 17:02:50,441 - INFO: Loss: 0.151893
2026-01-08 17:02:50,441 - INFO: Training ROC-AUC: 0.977143
2026-01-08 17:02:50,441 - INFO: Validation ROC-AUC: 0.895283
2026-01-08 17:03:05,710 - INFO: Evaluating at iteration 48663
2026-01-08 17:03:07,025 - INFO: Loss: 0.110088
2026-01-08 17:03:07,025 - INFO: Training ROC-AUC: 0.995455
2026-01-08 17:03:07,025 - INFO: Validation ROC-AUC: 0.895880
2026-01-08 17:03:22,490 - INFO: Evaluating at iteration 49163
2026-01-08 17:03:23,861 - INFO: Loss: 0.081109
2026-01-08 17:03:23,862 - INFO: Training ROC-AUC: 1.000000
2026-01-08 17:03:23,862 - INFO: Validation ROC-AUC: 0.894803
2026-01-08 17:03:39,443 - INFO: Evaluating at iteration 49663
2026-01-08 17:03:40,748 - INFO: Loss: 0.172652
2026-01-08 17:03:40,748 - INFO: Training ROC-AUC: 0.977778
2026-01-08 17:03:40,748 - INFO: Validation ROC-AUC: 0.893431
2026-01-08 17:03:56,246 - INFO: Evaluating at iteration 50163
2026-01-08 17:03:57,558 - INFO: Loss: 0.342419
2026-01-08 17:03:57,558 - INFO: Training ROC-AUC: 0.846154
2026-01-08 17:03:57,558 - INFO: Validation ROC-AUC: 0.894216
2026-01-08 17:04:00,443 - INFO: Starting epoch 25
2026-01-08 17:04:00,473 - INFO: Evaluating at iteration 50257
2026-01-08 17:04:01,780 - INFO: Loss: 0.152710
2026-01-08 17:04:01,780 - INFO: Training ROC-AUC: 0.971429
2026-01-08 17:04:01,780 - INFO: Validation ROC-AUC: 0.894695
2026-01-08 17:04:17,169 - INFO: Evaluating at iteration 50757
2026-01-08 17:04:18,450 - INFO: Loss: 0.091555
2026-01-08 17:04:18,450 - INFO: Training ROC-AUC: 1.000000
2026-01-08 17:04:18,450 - INFO: Validation ROC-AUC: 0.894067
2026-01-08 17:04:33,666 - INFO: Evaluating at iteration 51257
2026-01-08 17:04:35,018 - INFO: Loss: 0.185102
2026-01-08 17:04:35,018 - INFO: Training ROC-AUC: 0.948718
2026-01-08 17:04:35,018 - INFO: Validation ROC-AUC: 0.893440
2026-01-08 17:04:50,232 - INFO: Evaluating at iteration 51757
2026-01-08 17:04:51,520 - INFO: Loss: 0.120788
2026-01-08 17:04:51,520 - INFO: Training ROC-AUC: 0.992593
2026-01-08 17:04:51,520 - INFO: Validation ROC-AUC: 0.895261
2026-01-08 17:05:07,160 - INFO: Evaluating at iteration 52257
2026-01-08 17:05:08,460 - INFO: Loss: 0.268283
2026-01-08 17:05:08,460 - INFO: Training ROC-AUC: 0.929487
2026-01-08 17:05:08,460 - INFO: Validation ROC-AUC: 0.893842
2026-01-08 17:05:11,367 - INFO: Saving model to models/TCRStructMap_random_split/model_4.pt
2026-01-08 17:05:11,385 - INFO: Starting fold 5
2026-01-08 17:05:11,504 - INFO: Initialising model
2026-01-08 17:05:11,516 - INFO: Starting training
2026-01-08 17:05:11,516 - INFO: Starting epoch 1
2026-01-08 17:05:11,546 - INFO: Evaluating at iteration 1
2026-01-08 17:05:12,844 - INFO: Loss: 0.702675
2026-01-08 17:05:12,844 - INFO: Training ROC-AUC: 0.337143
2026-01-08 17:05:12,844 - INFO: Validation ROC-AUC: 0.517680
2026-01-08 17:05:26,530 - INFO: Evaluating at iteration 501
2026-01-08 17:05:27,828 - INFO: Loss: 0.298706
2026-01-08 17:05:27,828 - INFO: Training ROC-AUC: 0.712644
2026-01-08 17:05:27,828 - INFO: Validation ROC-AUC: 0.601668
2026-01-08 17:05:41,999 - INFO: Evaluating at iteration 1001
2026-01-08 17:05:43,320 - INFO: Loss: 0.710471
2026-01-08 17:05:43,320 - INFO: Training ROC-AUC: 0.536364
2026-01-08 17:05:43,320 - INFO: Validation ROC-AUC: 0.592611
2026-01-08 17:05:57,465 - INFO: Evaluating at iteration 1501
2026-01-08 17:05:58,765 - INFO: Loss: 0.378499
2026-01-08 17:05:58,765 - INFO: Training ROC-AUC: 0.562500
2026-01-08 17:05:58,765 - INFO: Validation ROC-AUC: 0.636194
2026-01-08 17:06:12,938 - INFO: Evaluating at iteration 2001
2026-01-08 17:06:14,243 - INFO: Loss: 0.500048
2026-01-08 17:06:14,244 - INFO: Training ROC-AUC: 0.765625
2026-01-08 17:06:14,244 - INFO: Validation ROC-AUC: 0.764956
2026-01-08 17:06:16,849 - INFO: Starting epoch 2
2026-01-08 17:06:16,879 - INFO: Evaluating at iteration 2095
2026-01-08 17:06:18,183 - INFO: Loss: 0.436761
2026-01-08 17:06:18,183 - INFO: Training ROC-AUC: 0.750000
2026-01-08 17:06:18,183 - INFO: Validation ROC-AUC: 0.776893
2026-01-08 17:06:32,115 - INFO: Evaluating at iteration 2595
2026-01-08 17:06:33,435 - INFO: Loss: 0.449870
2026-01-08 17:06:33,435 - INFO: Training ROC-AUC: 0.748571
2026-01-08 17:06:33,435 - INFO: Validation ROC-AUC: 0.791931
2026-01-08 17:06:47,380 - INFO: Evaluating at iteration 3095
2026-01-08 17:06:48,702 - INFO: Loss: 0.172552
2026-01-08 17:06:48,702 - INFO: Training ROC-AUC: 1.000000
2026-01-08 17:06:48,702 - INFO: Validation ROC-AUC: 0.800280
2026-01-08 17:07:02,708 - INFO: Evaluating at iteration 3595
2026-01-08 17:07:04,035 - INFO: Loss: 0.514049
2026-01-08 17:07:04,035 - INFO: Training ROC-AUC: 0.768182
2026-01-08 17:07:04,035 - INFO: Validation ROC-AUC: 0.820512
2026-01-08 17:07:18,015 - INFO: Evaluating at iteration 4095
2026-01-08 17:07:19,365 - INFO: Loss: 0.415109
2026-01-08 17:07:19,365 - INFO: Training ROC-AUC: 0.895455
2026-01-08 17:07:19,365 - INFO: Validation ROC-AUC: 0.833594
2026-01-08 17:07:21,996 - INFO: Starting epoch 3
2026-01-08 17:07:22,025 - INFO: Evaluating at iteration 4189
2026-01-08 17:07:23,332 - INFO: Loss: 0.407523
2026-01-08 17:07:23,332 - INFO: Training ROC-AUC: 0.888889
2026-01-08 17:07:23,333 - INFO: Validation ROC-AUC: 0.834488
2026-01-08 17:07:37,255 - INFO: Evaluating at iteration 4689
2026-01-08 17:07:38,554 - INFO: Loss: 0.368724
2026-01-08 17:07:38,554 - INFO: Training ROC-AUC: 0.851429
2026-01-08 17:07:38,554 - INFO: Validation ROC-AUC: 0.842394
2026-01-08 17:07:52,466 - INFO: Evaluating at iteration 5189
2026-01-08 17:07:53,792 - INFO: Loss: 0.235782
2026-01-08 17:07:53,792 - INFO: Training ROC-AUC: 0.960000
2026-01-08 17:07:53,792 - INFO: Validation ROC-AUC: 0.842729
2026-01-08 17:08:07,678 - INFO: Evaluating at iteration 5689
2026-01-08 17:08:08,988 - INFO: Loss: 0.281015
2026-01-08 17:08:08,989 - INFO: Training ROC-AUC: 0.911111
2026-01-08 17:08:08,989 - INFO: Validation ROC-AUC: 0.850048
2026-01-08 17:08:22,687 - INFO: Evaluating at iteration 6189
2026-01-08 17:08:23,970 - INFO: Loss: 0.328857
2026-01-08 17:08:23,970 - INFO: Training ROC-AUC: 0.895833
2026-01-08 17:08:23,970 - INFO: Validation ROC-AUC: 0.850090
2026-01-08 17:08:26,521 - INFO: Starting epoch 4
2026-01-08 17:08:26,549 - INFO: Evaluating at iteration 6283
2026-01-08 17:08:27,827 - INFO: Loss: 0.261170
2026-01-08 17:08:27,827 - INFO: Training ROC-AUC: 0.973214
2026-01-08 17:08:27,827 - INFO: Validation ROC-AUC: 0.850903
2026-01-08 17:08:41,441 - INFO: Evaluating at iteration 6783
2026-01-08 17:08:42,731 - INFO: Loss: 0.170689
2026-01-08 17:08:42,731 - INFO: Training ROC-AUC: 0.977011
2026-01-08 17:08:42,731 - INFO: Validation ROC-AUC: 0.852960
2026-01-08 17:08:56,423 - INFO: Evaluating at iteration 7283
2026-01-08 17:08:57,729 - INFO: Loss: 0.299025
2026-01-08 17:08:57,729 - INFO: Training ROC-AUC: 0.884615
2026-01-08 17:08:57,729 - INFO: Validation ROC-AUC: 0.853805
2026-01-08 17:09:11,365 - INFO: Evaluating at iteration 7783
2026-01-08 17:09:12,651 - INFO: Loss: 0.308795
2026-01-08 17:09:12,651 - INFO: Training ROC-AUC: 0.792593
2026-01-08 17:09:12,651 - INFO: Validation ROC-AUC: 0.856269
2026-01-08 17:09:26,328 - INFO: Evaluating at iteration 8283
2026-01-08 17:09:27,619 - INFO: Loss: 0.283931
2026-01-08 17:09:27,619 - INFO: Training ROC-AUC: 0.891026
2026-01-08 17:09:27,619 - INFO: Validation ROC-AUC: 0.860346
2026-01-08 17:09:30,181 - INFO: Starting epoch 5
2026-01-08 17:09:30,211 - INFO: Evaluating at iteration 8377
2026-01-08 17:09:31,496 - INFO: Loss: 0.252068
2026-01-08 17:09:31,497 - INFO: Training ROC-AUC: 0.851852
2026-01-08 17:09:31,497 - INFO: Validation ROC-AUC: 0.860726
2026-01-08 17:09:45,250 - INFO: Evaluating at iteration 8877
2026-01-08 17:09:46,554 - INFO: Loss: 0.188821
2026-01-08 17:09:46,554 - INFO: Training ROC-AUC: 0.933333
2026-01-08 17:09:46,554 - INFO: Validation ROC-AUC: 0.864040
2026-01-08 17:10:00,303 - INFO: Evaluating at iteration 9377
2026-01-08 17:10:01,613 - INFO: Loss: 0.168647
2026-01-08 17:10:01,614 - INFO: Training ROC-AUC: 0.966667
2026-01-08 17:10:01,614 - INFO: Validation ROC-AUC: 0.862577
2026-01-08 17:10:15,359 - INFO: Evaluating at iteration 9877
2026-01-08 17:10:16,654 - INFO: Loss: 0.197344
2026-01-08 17:10:16,654 - INFO: Training ROC-AUC: 0.783333
2026-01-08 17:10:16,654 - INFO: Validation ROC-AUC: 0.862554
2026-01-08 17:10:30,454 - INFO: Evaluating at iteration 10377
2026-01-08 17:10:31,742 - INFO: Loss: 0.383817
2026-01-08 17:10:31,742 - INFO: Training ROC-AUC: 0.908213
2026-01-08 17:10:31,743 - INFO: Validation ROC-AUC: 0.865507
2026-01-08 17:10:34,321 - INFO: Starting epoch 6
2026-01-08 17:10:34,350 - INFO: Evaluating at iteration 10471
2026-01-08 17:10:35,647 - INFO: Loss: 0.225917
2026-01-08 17:10:35,647 - INFO: Training ROC-AUC: 0.910714
2026-01-08 17:10:35,647 - INFO: Validation ROC-AUC: 0.866310
2026-01-08 17:10:49,410 - INFO: Evaluating at iteration 10971
2026-01-08 17:10:50,708 - INFO: Loss: 0.251155
2026-01-08 17:10:50,708 - INFO: Training ROC-AUC: 0.516129
2026-01-08 17:10:50,708 - INFO: Validation ROC-AUC: 0.865681
2026-01-08 17:11:04,392 - INFO: Evaluating at iteration 11471
2026-01-08 17:11:05,722 - INFO: Loss: 0.244632
2026-01-08 17:11:05,722 - INFO: Training ROC-AUC: 0.955357
2026-01-08 17:11:05,722 - INFO: Validation ROC-AUC: 0.867823
2026-01-08 17:11:19,479 - INFO: Evaluating at iteration 11971
2026-01-08 17:11:20,774 - INFO: Loss: 0.401193
2026-01-08 17:11:20,774 - INFO: Training ROC-AUC: 0.859375
2026-01-08 17:11:20,774 - INFO: Validation ROC-AUC: 0.873650
2026-01-08 17:11:34,446 - INFO: Evaluating at iteration 12471
2026-01-08 17:11:35,751 - INFO: Loss: 0.302796
2026-01-08 17:11:35,751 - INFO: Training ROC-AUC: 0.965714
2026-01-08 17:11:35,751 - INFO: Validation ROC-AUC: 0.873813
2026-01-08 17:11:38,390 - INFO: Starting epoch 7
2026-01-08 17:11:38,419 - INFO: Evaluating at iteration 12565
2026-01-08 17:11:39,710 - INFO: Loss: 0.309946
2026-01-08 17:11:39,710 - INFO: Training ROC-AUC: 0.951691
2026-01-08 17:11:39,710 - INFO: Validation ROC-AUC: 0.874010
2026-01-08 17:11:53,461 - INFO: Evaluating at iteration 13065
2026-01-08 17:11:54,771 - INFO: Loss: 0.307943
2026-01-08 17:11:54,772 - INFO: Training ROC-AUC: 0.920000
2026-01-08 17:11:54,772 - INFO: Validation ROC-AUC: 0.875298
2026-01-08 17:12:08,610 - INFO: Evaluating at iteration 13565
2026-01-08 17:12:09,911 - INFO: Loss: 0.395928
2026-01-08 17:12:09,911 - INFO: Training ROC-AUC: 0.881818
2026-01-08 17:12:09,911 - INFO: Validation ROC-AUC: 0.876124
2026-01-08 17:12:23,682 - INFO: Evaluating at iteration 14065
2026-01-08 17:12:24,968 - INFO: Loss: 0.364344
2026-01-08 17:12:24,968 - INFO: Training ROC-AUC: 0.833333
2026-01-08 17:12:24,968 - INFO: Validation ROC-AUC: 0.876108
2026-01-08 17:12:38,772 - INFO: Evaluating at iteration 14565
2026-01-08 17:12:40,063 - INFO: Loss: 0.459807
2026-01-08 17:12:40,064 - INFO: Training ROC-AUC: 0.741071
2026-01-08 17:12:40,064 - INFO: Validation ROC-AUC: 0.878728
2026-01-08 17:12:42,641 - INFO: Starting epoch 8
2026-01-08 17:12:42,670 - INFO: Evaluating at iteration 14659
2026-01-08 17:12:43,969 - INFO: Loss: 0.132051
2026-01-08 17:12:43,969 - INFO: Training ROC-AUC: 0.965517
2026-01-08 17:12:43,969 - INFO: Validation ROC-AUC: 0.876805
2026-01-08 17:12:57,879 - INFO: Evaluating at iteration 15159
2026-01-08 17:12:59,182 - INFO: Loss: 0.463284
2026-01-08 17:12:59,182 - INFO: Training ROC-AUC: 0.812500
2026-01-08 17:12:59,182 - INFO: Validation ROC-AUC: 0.879103
2026-01-08 17:13:13,044 - INFO: Evaluating at iteration 15659
2026-01-08 17:13:14,342 - INFO: Loss: 0.404832
2026-01-08 17:13:14,343 - INFO: Training ROC-AUC: 0.703704
2026-01-08 17:13:14,343 - INFO: Validation ROC-AUC: 0.879934
2026-01-08 17:13:28,185 - INFO: Evaluating at iteration 16159
2026-01-08 17:13:29,470 - INFO: Loss: 0.116980
2026-01-08 17:13:29,470 - INFO: Training ROC-AUC: 1.000000
2026-01-08 17:13:29,470 - INFO: Validation ROC-AUC: 0.880266
2026-01-08 17:13:43,305 - INFO: Evaluating at iteration 16659
2026-01-08 17:13:44,606 - INFO: Loss: 0.133299
2026-01-08 17:13:44,606 - INFO: Training ROC-AUC: 1.000000
2026-01-08 17:13:44,606 - INFO: Validation ROC-AUC: 0.882376
2026-01-08 17:13:47,213 - INFO: Starting epoch 9
2026-01-08 17:13:47,242 - INFO: Evaluating at iteration 16753
2026-01-08 17:13:48,531 - INFO: Loss: 0.229249
2026-01-08 17:13:48,531 - INFO: Training ROC-AUC: 0.942308
2026-01-08 17:13:48,531 - INFO: Validation ROC-AUC: 0.882348
2026-01-08 17:14:02,403 - INFO: Evaluating at iteration 17253
2026-01-08 17:14:03,690 - INFO: Loss: 0.279810
2026-01-08 17:14:03,690 - INFO: Training ROC-AUC: 0.844444
2026-01-08 17:14:03,690 - INFO: Validation ROC-AUC: 0.883596
2026-01-08 17:14:17,678 - INFO: Evaluating at iteration 17753
2026-01-08 17:14:19,003 - INFO: Loss: 0.433383
2026-01-08 17:14:19,003 - INFO: Training ROC-AUC: 0.893720
2026-01-08 17:14:19,003 - INFO: Validation ROC-AUC: 0.883087
2026-01-08 17:14:32,894 - INFO: Evaluating at iteration 18253
2026-01-08 17:14:34,211 - INFO: Loss: 0.229656
2026-01-08 17:14:34,211 - INFO: Training ROC-AUC: 0.958333
2026-01-08 17:14:34,211 - INFO: Validation ROC-AUC: 0.884460
2026-01-08 17:14:48,094 - INFO: Evaluating at iteration 18753
2026-01-08 17:14:49,408 - INFO: Loss: 0.112215
2026-01-08 17:14:49,408 - INFO: Training ROC-AUC: 0.935484
2026-01-08 17:14:49,408 - INFO: Validation ROC-AUC: 0.883921
2026-01-08 17:14:52,013 - INFO: Starting epoch 10
2026-01-08 17:14:52,044 - INFO: Evaluating at iteration 18847
2026-01-08 17:14:53,336 - INFO: Loss: 0.379454
2026-01-08 17:14:53,336 - INFO: Training ROC-AUC: 0.840000
2026-01-08 17:14:53,336 - INFO: Validation ROC-AUC: 0.886581
2026-01-08 17:15:07,328 - INFO: Evaluating at iteration 19347
2026-01-08 17:15:08,667 - INFO: Loss: 0.152010
2026-01-08 17:15:08,672 - INFO: Training ROC-AUC: 0.977011
2026-01-08 17:15:08,679 - INFO: Validation ROC-AUC: 0.884539
2026-01-08 17:15:22,724 - INFO: Evaluating at iteration 19847
2026-01-08 17:15:24,050 - INFO: Loss: 0.295841
2026-01-08 17:15:24,054 - INFO: Training ROC-AUC: 0.937198
2026-01-08 17:15:24,057 - INFO: Validation ROC-AUC: 0.884792
2026-01-08 17:15:38,320 - INFO: Evaluating at iteration 20347
2026-01-08 17:15:39,681 - INFO: Loss: 0.247880
2026-01-08 17:15:39,686 - INFO: Training ROC-AUC: 0.875000
2026-01-08 17:15:39,689 - INFO: Validation ROC-AUC: 0.887902
2026-01-08 17:15:53,733 - INFO: Evaluating at iteration 20847
2026-01-08 17:15:55,062 - INFO: Loss: 0.346619
2026-01-08 17:15:55,065 - INFO: Training ROC-AUC: 0.833333
2026-01-08 17:15:55,069 - INFO: Validation ROC-AUC: 0.887878
2026-01-08 17:15:57,690 - INFO: Starting epoch 11
2026-01-08 17:15:57,723 - INFO: Evaluating at iteration 20941
2026-01-08 17:15:59,022 - INFO: Loss: 0.295312
2026-01-08 17:15:59,025 - INFO: Training ROC-AUC: 0.921875
2026-01-08 17:15:59,032 - INFO: Validation ROC-AUC: 0.888235
2026-01-08 17:16:13,211 - INFO: Evaluating at iteration 21441
2026-01-08 17:16:14,532 - INFO: Loss: 0.245275
2026-01-08 17:16:14,536 - INFO: Training ROC-AUC: 0.875000
2026-01-08 17:16:14,539 - INFO: Validation ROC-AUC: 0.887700
2026-01-08 17:16:28,702 - INFO: Evaluating at iteration 21941
2026-01-08 17:16:30,008 - INFO: Loss: 0.259970
2026-01-08 17:16:30,020 - INFO: Training ROC-AUC: 0.881481
2026-01-08 17:16:30,031 - INFO: Validation ROC-AUC: 0.888738
2026-01-08 17:16:44,249 - INFO: Evaluating at iteration 22441
2026-01-08 17:16:45,550 - INFO: Loss: 0.142905
2026-01-08 17:16:45,553 - INFO: Training ROC-AUC: 0.977778
2026-01-08 17:16:45,556 - INFO: Validation ROC-AUC: 0.889857
2026-01-08 17:16:59,473 - INFO: Evaluating at iteration 22941
2026-01-08 17:17:00,770 - INFO: Loss: 0.150117
2026-01-08 17:17:00,774 - INFO: Training ROC-AUC: 1.000000
2026-01-08 17:17:00,781 - INFO: Validation ROC-AUC: 0.890100
2026-01-08 17:17:03,400 - INFO: Starting epoch 12
2026-01-08 17:17:03,462 - INFO: Evaluating at iteration 23035
2026-01-08 17:17:04,785 - INFO: Loss: 0.199261
2026-01-08 17:17:04,789 - INFO: Training ROC-AUC: 0.968750
2026-01-08 17:17:04,792 - INFO: Validation ROC-AUC: 0.890751
2026-01-08 17:17:18,944 - INFO: Evaluating at iteration 23535
2026-01-08 17:17:20,285 - INFO: Loss: 0.273206
2026-01-08 17:17:20,290 - INFO: Training ROC-AUC: 0.925714
2026-01-08 17:17:20,294 - INFO: Validation ROC-AUC: 0.890739
2026-01-08 17:17:34,456 - INFO: Evaluating at iteration 24035
2026-01-08 17:17:35,774 - INFO: Loss: 0.159164
2026-01-08 17:17:35,778 - INFO: Training ROC-AUC: 0.982857
2026-01-08 17:17:35,782 - INFO: Validation ROC-AUC: 0.890499
2026-01-08 17:17:49,951 - INFO: Evaluating at iteration 24535
2026-01-08 17:17:51,258 - INFO: Loss: 0.119129
2026-01-08 17:17:51,263 - INFO: Training ROC-AUC: 0.970370
2026-01-08 17:17:51,267 - INFO: Validation ROC-AUC: 0.890874
2026-01-08 17:18:05,449 - INFO: Evaluating at iteration 25035
2026-01-08 17:18:06,750 - INFO: Loss: 0.237902
2026-01-08 17:18:06,753 - INFO: Training ROC-AUC: 0.908046
2026-01-08 17:18:06,756 - INFO: Validation ROC-AUC: 0.891246
2026-01-08 17:18:09,391 - INFO: Starting epoch 13
2026-01-08 17:18:09,423 - INFO: Evaluating at iteration 25129
2026-01-08 17:18:10,706 - INFO: Loss: 0.193120
2026-01-08 17:18:10,710 - INFO: Training ROC-AUC: 0.962963
2026-01-08 17:18:10,712 - INFO: Validation ROC-AUC: 0.890415
2026-01-08 17:18:24,722 - INFO: Evaluating at iteration 25629
2026-01-08 17:18:26,032 - INFO: Loss: 0.213996
2026-01-08 17:18:26,036 - INFO: Training ROC-AUC: 0.940741
2026-01-08 17:18:26,040 - INFO: Validation ROC-AUC: 0.889952
2026-01-08 17:18:39,975 - INFO: Evaluating at iteration 26129
2026-01-08 17:18:41,284 - INFO: Loss: 0.359846
2026-01-08 17:18:41,288 - INFO: Training ROC-AUC: 0.901042
2026-01-08 17:18:41,292 - INFO: Validation ROC-AUC: 0.890989
2026-01-08 17:18:55,389 - INFO: Evaluating at iteration 26629
2026-01-08 17:18:56,720 - INFO: Loss: 0.184679
2026-01-08 17:18:56,724 - INFO: Training ROC-AUC: 0.918519
2026-01-08 17:18:56,727 - INFO: Validation ROC-AUC: 0.893354
2026-01-08 17:19:10,947 - INFO: Evaluating at iteration 27129
2026-01-08 17:19:12,237 - INFO: Loss: 0.275260
2026-01-08 17:19:12,242 - INFO: Training ROC-AUC: 0.859259
2026-01-08 17:19:12,246 - INFO: Validation ROC-AUC: 0.893116
2026-01-08 17:19:14,868 - INFO: Starting epoch 14
2026-01-08 17:19:14,948 - INFO: Evaluating at iteration 27223
2026-01-08 17:19:16,236 - INFO: Loss: 0.104492
2026-01-08 17:19:16,240 - INFO: Training ROC-AUC: 1.000000
2026-01-08 17:19:16,243 - INFO: Validation ROC-AUC: 0.893903
2026-01-08 17:19:30,431 - INFO: Evaluating at iteration 27723
2026-01-08 17:19:31,729 - INFO: Loss: 0.111998
2026-01-08 17:19:31,740 - INFO: Training ROC-AUC: 1.000000
2026-01-08 17:19:31,751 - INFO: Validation ROC-AUC: 0.892149
2026-01-08 17:19:46,098 - INFO: Evaluating at iteration 28223
2026-01-08 17:19:47,434 - INFO: Loss: 0.095098
2026-01-08 17:19:47,437 - INFO: Training ROC-AUC: 1.000000
2026-01-08 17:19:47,440 - INFO: Validation ROC-AUC: 0.891562
2026-01-08 17:20:01,601 - INFO: Evaluating at iteration 28723
2026-01-08 17:20:02,890 - INFO: Loss: 0.150642
2026-01-08 17:20:02,896 - INFO: Training ROC-AUC: 0.962963
2026-01-08 17:20:02,900 - INFO: Validation ROC-AUC: 0.892668
2026-01-08 17:20:16,829 - INFO: Evaluating at iteration 29223
2026-01-08 17:20:18,116 - INFO: Loss: 0.154387
2026-01-08 17:20:18,126 - INFO: Training ROC-AUC: 0.955556
2026-01-08 17:20:18,135 - INFO: Validation ROC-AUC: 0.892765
2026-01-08 17:20:20,798 - INFO: Starting epoch 15
2026-01-08 17:20:20,831 - INFO: Evaluating at iteration 29317
2026-01-08 17:20:22,116 - INFO: Loss: 0.343793
2026-01-08 17:20:22,120 - INFO: Training ROC-AUC: 0.914286
2026-01-08 17:20:22,123 - INFO: Validation ROC-AUC: 0.893254
2026-01-08 17:20:36,333 - INFO: Evaluating at iteration 29817
2026-01-08 17:20:37,658 - INFO: Loss: 0.475224
2026-01-08 17:20:37,663 - INFO: Training ROC-AUC: 0.843750
2026-01-08 17:20:37,667 - INFO: Validation ROC-AUC: 0.892181
2026-01-08 17:20:51,843 - INFO: Evaluating at iteration 30317
2026-01-08 17:20:53,155 - INFO: Loss: 0.260942
2026-01-08 17:20:53,158 - INFO: Training ROC-AUC: 0.916667
2026-01-08 17:20:53,161 - INFO: Validation ROC-AUC: 0.892102
2026-01-08 17:21:07,137 - INFO: Evaluating at iteration 30817
2026-01-08 17:21:08,483 - INFO: Loss: 0.202330
2026-01-08 17:21:08,491 - INFO: Training ROC-AUC: 0.910714
2026-01-08 17:21:08,498 - INFO: Validation ROC-AUC: 0.891632
2026-01-08 17:21:22,906 - INFO: Evaluating at iteration 31317
2026-01-08 17:21:24,207 - INFO: Loss: 0.121999
2026-01-08 17:21:24,215 - INFO: Training ROC-AUC: 1.000000
2026-01-08 17:21:24,222 - INFO: Validation ROC-AUC: 0.894659
2026-01-08 17:21:26,938 - INFO: Starting epoch 16
2026-01-08 17:21:26,973 - INFO: Evaluating at iteration 31411
2026-01-08 17:21:28,282 - INFO: Loss: 0.160001
2026-01-08 17:21:28,286 - INFO: Training ROC-AUC: 0.967949
2026-01-08 17:21:28,289 - INFO: Validation ROC-AUC: 0.892957
2026-01-08 17:21:42,373 - INFO: Evaluating at iteration 31911
2026-01-08 17:21:43,688 - INFO: Loss: 0.180554
2026-01-08 17:21:43,693 - INFO: Training ROC-AUC: 0.910714
2026-01-08 17:21:43,697 - INFO: Validation ROC-AUC: 0.893230
2026-01-08 17:21:57,816 - INFO: Evaluating at iteration 32411
2026-01-08 17:21:59,119 - INFO: Loss: 0.216403
2026-01-08 17:21:59,123 - INFO: Training ROC-AUC: 0.892857
2026-01-08 17:21:59,127 - INFO: Validation ROC-AUC: 0.892563
2026-01-08 17:22:13,475 - INFO: Evaluating at iteration 32911
2026-01-08 17:22:14,759 - INFO: Loss: 0.205302
2026-01-08 17:22:14,764 - INFO: Training ROC-AUC: 0.971429
2026-01-08 17:22:14,768 - INFO: Validation ROC-AUC: 0.892252
2026-01-08 17:22:29,117 - INFO: Evaluating at iteration 33411
2026-01-08 17:22:30,404 - INFO: Loss: 0.210583
2026-01-08 17:22:30,410 - INFO: Training ROC-AUC: 0.873563
2026-01-08 17:22:30,416 - INFO: Validation ROC-AUC: 0.893476
2026-01-08 17:22:33,086 - INFO: Starting epoch 17
2026-01-08 17:22:33,121 - INFO: Evaluating at iteration 33505
2026-01-08 17:22:34,439 - INFO: Loss: 0.386383
2026-01-08 17:22:34,450 - INFO: Training ROC-AUC: 0.884058
2026-01-08 17:22:34,462 - INFO: Validation ROC-AUC: 0.893777
2026-01-08 17:22:48,910 - INFO: Evaluating at iteration 34005
2026-01-08 17:22:50,346 - INFO: Loss: 0.068229
2026-01-08 17:22:50,350 - INFO: Training ROC-AUC: 1.000000
2026-01-08 17:22:50,353 - INFO: Validation ROC-AUC: 0.893721
2026-01-08 17:23:04,557 - INFO: Evaluating at iteration 34505
2026-01-08 17:23:05,895 - INFO: Loss: 0.126959
2026-01-08 17:23:05,899 - INFO: Training ROC-AUC: 0.977778
2026-01-08 17:23:05,902 - INFO: Validation ROC-AUC: 0.892403
2026-01-08 17:23:19,980 - INFO: Evaluating at iteration 35005
2026-01-08 17:23:21,277 - INFO: Loss: 0.375142
2026-01-08 17:23:21,288 - INFO: Training ROC-AUC: 0.878205
2026-01-08 17:23:21,297 - INFO: Validation ROC-AUC: 0.893633
2026-01-08 17:23:35,788 - INFO: Evaluating at iteration 35505
2026-01-08 17:23:37,098 - INFO: Loss: 0.261770
2026-01-08 17:23:37,103 - INFO: Training ROC-AUC: 0.896296
2026-01-08 17:23:37,106 - INFO: Validation ROC-AUC: 0.894437
2026-01-08 17:23:39,846 - INFO: Starting epoch 18
2026-01-08 17:23:39,883 - INFO: Evaluating at iteration 35599
2026-01-08 17:23:41,192 - INFO: Loss: 0.271613
2026-01-08 17:23:41,196 - INFO: Training ROC-AUC: 0.960000
2026-01-08 17:23:41,200 - INFO: Validation ROC-AUC: 0.893024
2026-01-08 17:23:55,448 - INFO: Evaluating at iteration 36099
2026-01-08 17:23:56,762 - INFO: Loss: 0.118302
2026-01-08 17:23:56,767 - INFO: Training ROC-AUC: 1.000000
2026-01-08 17:23:56,770 - INFO: Validation ROC-AUC: 0.893431
2026-01-08 17:24:10,999 - INFO: Evaluating at iteration 36599
2026-01-08 17:24:12,314 - INFO: Loss: 0.231808
2026-01-08 17:24:12,323 - INFO: Training ROC-AUC: 0.954286
2026-01-08 17:24:12,333 - INFO: Validation ROC-AUC: 0.892526
2026-01-08 17:24:27,115 - INFO: Evaluating at iteration 37099
2026-01-08 17:24:28,423 - INFO: Loss: 0.130160
2026-01-08 17:24:28,427 - INFO: Training ROC-AUC: 1.000000
2026-01-08 17:24:28,432 - INFO: Validation ROC-AUC: 0.893623
2026-01-08 17:24:42,924 - INFO: Evaluating at iteration 37599
2026-01-08 17:24:44,210 - INFO: Loss: 0.219593
2026-01-08 17:24:44,218 - INFO: Training ROC-AUC: 0.954286
2026-01-08 17:24:44,225 - INFO: Validation ROC-AUC: 0.893951
2026-01-08 17:24:46,886 - INFO: Starting epoch 19
2026-01-08 17:24:46,920 - INFO: Evaluating at iteration 37693
2026-01-08 17:24:48,271 - INFO: Loss: 0.150681
2026-01-08 17:24:48,276 - INFO: Training ROC-AUC: 0.970370
2026-01-08 17:24:48,279 - INFO: Validation ROC-AUC: 0.893499
2026-01-08 17:25:02,537 - INFO: Evaluating at iteration 38193
2026-01-08 17:25:03,870 - INFO: Loss: 0.141162
2026-01-08 17:25:03,883 - INFO: Training ROC-AUC: 0.973214
2026-01-08 17:25:03,897 - INFO: Validation ROC-AUC: 0.893590
2026-01-08 17:25:18,169 - INFO: Evaluating at iteration 38693
2026-01-08 17:25:19,493 - INFO: Loss: 0.157412
2026-01-08 17:25:19,496 - INFO: Training ROC-AUC: 0.942529
2026-01-08 17:25:19,499 - INFO: Validation ROC-AUC: 0.893232
2026-01-08 17:25:33,850 - INFO: Evaluating at iteration 39193
2026-01-08 17:25:35,171 - INFO: Loss: 0.201004
2026-01-08 17:25:35,182 - INFO: Training ROC-AUC: 0.918519
2026-01-08 17:25:35,191 - INFO: Validation ROC-AUC: 0.894627
2026-01-08 17:25:49,860 - INFO: Evaluating at iteration 39693
2026-01-08 17:25:51,162 - INFO: Loss: 0.322691
2026-01-08 17:25:51,166 - INFO: Training ROC-AUC: 0.931818
2026-01-08 17:25:51,170 - INFO: Validation ROC-AUC: 0.893895
2026-01-08 17:25:53,907 - INFO: Starting epoch 20
2026-01-08 17:25:53,941 - INFO: Evaluating at iteration 39787
2026-01-08 17:25:55,241 - INFO: Loss: 0.088399
2026-01-08 17:25:55,245 - INFO: Training ROC-AUC: 1.000000
2026-01-08 17:25:55,248 - INFO: Validation ROC-AUC: 0.895133
2026-01-08 17:26:10,121 - INFO: Evaluating at iteration 40287
2026-01-08 17:26:11,457 - INFO: Loss: 0.286627
2026-01-08 17:26:11,461 - INFO: Training ROC-AUC: 0.951691
2026-01-08 17:26:11,463 - INFO: Validation ROC-AUC: 0.894897
2026-01-08 17:26:26,212 - INFO: Evaluating at iteration 40787
2026-01-08 17:26:27,497 - INFO: Loss: 0.250489
2026-01-08 17:26:27,501 - INFO: Training ROC-AUC: 0.931429
2026-01-08 17:26:27,504 - INFO: Validation ROC-AUC: 0.892890
2026-01-08 17:26:42,075 - INFO: Evaluating at iteration 41287
2026-01-08 17:26:43,363 - INFO: Loss: 0.143687
2026-01-08 17:26:43,367 - INFO: Training ROC-AUC: 0.984375
2026-01-08 17:26:43,371 - INFO: Validation ROC-AUC: 0.893312
2026-01-08 17:26:58,132 - INFO: Evaluating at iteration 41787
2026-01-08 17:26:59,452 - INFO: Loss: 0.181364
2026-01-08 17:26:59,459 - INFO: Training ROC-AUC: 0.967949
2026-01-08 17:26:59,464 - INFO: Validation ROC-AUC: 0.892982
2026-01-08 17:27:02,265 - INFO: Starting epoch 21
2026-01-08 17:27:02,300 - INFO: Evaluating at iteration 41881
2026-01-08 17:27:03,630 - INFO: Loss: 0.061244
2026-01-08 17:27:03,644 - INFO: Training ROC-AUC: 1.000000
2026-01-08 17:27:03,656 - INFO: Validation ROC-AUC: 0.894314
2026-01-08 17:27:18,543 - INFO: Evaluating at iteration 42381
2026-01-08 17:27:19,854 - INFO: Loss: 0.224474
2026-01-08 17:27:19,858 - INFO: Training ROC-AUC: 0.903704
2026-01-08 17:27:19,861 - INFO: Validation ROC-AUC: 0.894902
2026-01-08 17:27:34,745 - INFO: Evaluating at iteration 42881
2026-01-08 17:27:36,040 - INFO: Loss: 0.261363
2026-01-08 17:27:36,045 - INFO: Training ROC-AUC: 0.942857
2026-01-08 17:27:36,050 - INFO: Validation ROC-AUC: 0.894354
2026-01-08 17:27:51,051 - INFO: Evaluating at iteration 43381
2026-01-08 17:27:52,352 - INFO: Loss: 0.274324
2026-01-08 17:27:52,356 - INFO: Training ROC-AUC: 0.932292
2026-01-08 17:27:52,359 - INFO: Validation ROC-AUC: 0.893961
2026-01-08 17:28:07,533 - INFO: Evaluating at iteration 43881
2026-01-08 17:28:08,852 - INFO: Loss: 0.103830
2026-01-08 17:28:08,856 - INFO: Training ROC-AUC: 0.988506
2026-01-08 17:28:08,859 - INFO: Validation ROC-AUC: 0.892420
2026-01-08 17:28:11,707 - INFO: Starting epoch 22
2026-01-08 17:28:11,750 - INFO: Evaluating at iteration 43975
2026-01-08 17:28:13,049 - INFO: Loss: 0.237858
2026-01-08 17:28:13,062 - INFO: Training ROC-AUC: 0.970370
2026-01-08 17:28:13,073 - INFO: Validation ROC-AUC: 0.894722
2026-01-08 17:28:28,354 - INFO: Evaluating at iteration 44475
2026-01-08 17:28:29,646 - INFO: Loss: 0.218590
2026-01-08 17:28:29,652 - INFO: Training ROC-AUC: 0.910714
2026-01-08 17:28:29,660 - INFO: Validation ROC-AUC: 0.892834
2026-01-08 17:28:44,897 - INFO: Evaluating at iteration 44975
2026-01-08 17:28:46,190 - INFO: Loss: 0.168649
2026-01-08 17:28:46,194 - INFO: Training ROC-AUC: 0.987179
2026-01-08 17:28:46,197 - INFO: Validation ROC-AUC: 0.893381
2026-01-08 17:29:01,350 - INFO: Evaluating at iteration 45475
2026-01-08 17:29:02,648 - INFO: Loss: 0.266867
2026-01-08 17:29:02,651 - INFO: Training ROC-AUC: 0.937198
2026-01-08 17:29:02,655 - INFO: Validation ROC-AUC: 0.894242
2026-01-08 17:29:17,928 - INFO: Evaluating at iteration 45975
2026-01-08 17:29:19,264 - INFO: Loss: 0.169644
2026-01-08 17:29:19,268 - INFO: Training ROC-AUC: 0.970370
2026-01-08 17:29:19,271 - INFO: Validation ROC-AUC: 0.893165
2026-01-08 17:29:22,112 - INFO: Starting epoch 23
2026-01-08 17:29:22,146 - INFO: Evaluating at iteration 46069
2026-01-08 17:29:23,447 - INFO: Loss: 0.183252
2026-01-08 17:29:23,456 - INFO: Training ROC-AUC: 0.946429
2026-01-08 17:29:23,463 - INFO: Validation ROC-AUC: 0.894112
2026-01-08 17:29:38,794 - INFO: Evaluating at iteration 46569
2026-01-08 17:29:40,092 - INFO: Loss: 0.142880
2026-01-08 17:29:40,095 - INFO: Training ROC-AUC: 0.990338
2026-01-08 17:29:40,099 - INFO: Validation ROC-AUC: 0.893977
2026-01-08 17:29:55,644 - INFO: Evaluating at iteration 47069
2026-01-08 17:29:56,939 - INFO: Loss: 0.155796
2026-01-08 17:29:56,943 - INFO: Training ROC-AUC: 0.942529
2026-01-08 17:29:56,946 - INFO: Validation ROC-AUC: 0.892604
2026-01-08 17:30:12,237 - INFO: Evaluating at iteration 47569
2026-01-08 17:30:13,538 - INFO: Loss: 0.103878
2026-01-08 17:30:13,542 - INFO: Training ROC-AUC: 0.985185
2026-01-08 17:30:13,545 - INFO: Validation ROC-AUC: 0.894145
2026-01-08 17:30:29,060 - INFO: Evaluating at iteration 48069
2026-01-08 17:30:30,359 - INFO: Loss: 0.260810
2026-01-08 17:30:30,363 - INFO: Training ROC-AUC: 0.892857
2026-01-08 17:30:30,366 - INFO: Validation ROC-AUC: 0.893352
2026-01-08 17:30:33,259 - INFO: Starting epoch 24
2026-01-08 17:30:33,293 - INFO: Evaluating at iteration 48163
2026-01-08 17:30:34,611 - INFO: Loss: 0.201805
2026-01-08 17:30:34,615 - INFO: Training ROC-AUC: 0.929487
2026-01-08 17:30:34,618 - INFO: Validation ROC-AUC: 0.892715
2026-01-08 17:30:50,090 - INFO: Evaluating at iteration 48663
2026-01-08 17:30:51,379 - INFO: Loss: 0.099497
2026-01-08 17:30:51,387 - INFO: Training ROC-AUC: 1.000000
2026-01-08 17:30:51,394 - INFO: Validation ROC-AUC: 0.893345
2026-01-08 17:31:06,831 - INFO: Evaluating at iteration 49163
2026-01-08 17:31:08,274 - INFO: Loss: 0.269339
2026-01-08 17:31:08,274 - INFO: Training ROC-AUC: 0.881481
2026-01-08 17:31:08,275 - INFO: Validation ROC-AUC: 0.892641
2026-01-08 17:31:23,935 - INFO: Evaluating at iteration 49663
2026-01-08 17:31:25,243 - INFO: Loss: 0.186085
2026-01-08 17:31:25,243 - INFO: Training ROC-AUC: 0.900000
2026-01-08 17:31:25,243 - INFO: Validation ROC-AUC: 0.894709
2026-01-08 17:31:41,238 - INFO: Evaluating at iteration 50163
2026-01-08 17:31:42,547 - INFO: Loss: 0.130109
2026-01-08 17:31:42,547 - INFO: Training ROC-AUC: 0.985185
2026-01-08 17:31:42,547 - INFO: Validation ROC-AUC: 0.894178
2026-01-08 17:31:45,460 - INFO: Starting epoch 25
2026-01-08 17:31:45,490 - INFO: Evaluating at iteration 50257
2026-01-08 17:31:46,781 - INFO: Loss: 0.117023
2026-01-08 17:31:46,781 - INFO: Training ROC-AUC: 0.988506
2026-01-08 17:31:46,781 - INFO: Validation ROC-AUC: 0.893914
2026-01-08 17:32:02,249 - INFO: Evaluating at iteration 50757
2026-01-08 17:32:03,443 - INFO: Loss: 0.090855
2026-01-08 17:32:03,443 - INFO: Training ROC-AUC: 0.983333
2026-01-08 17:32:03,443 - INFO: Validation ROC-AUC: 0.891686
2026-01-08 17:32:18,050 - INFO: Evaluating at iteration 51257
2026-01-08 17:32:19,305 - INFO: Loss: 0.181813
2026-01-08 17:32:19,305 - INFO: Training ROC-AUC: 0.948148
2026-01-08 17:32:19,305 - INFO: Validation ROC-AUC: 0.889628
2026-01-08 17:32:34,111 - INFO: Evaluating at iteration 51757
2026-01-08 17:32:35,344 - INFO: Loss: 0.205819
2026-01-08 17:32:35,344 - INFO: Training ROC-AUC: 0.965714
2026-01-08 17:32:35,344 - INFO: Validation ROC-AUC: 0.893746
2026-01-08 17:32:50,321 - INFO: Evaluating at iteration 52257
2026-01-08 17:32:51,517 - INFO: Loss: 0.190240
2026-01-08 17:32:51,517 - INFO: Training ROC-AUC: 0.925926
2026-01-08 17:32:51,517 - INFO: Validation ROC-AUC: 0.893656
2026-01-08 17:32:54,327 - INFO: Saving model to models/TCRStructMap_random_split/model_5.pt
