2025-04-01 12:45:49,650 - INFO: Parameter: training_data='data/processed/sequences.h5'
2025-04-01 12:45:49,651 - INFO: Parameter: contact_maps='data/processed/contact_maps.h5'
2025-04-01 12:45:49,651 - INFO: Parameter: output='models/TCRStructMap_cdrs_mhc_pseudo'
2025-04-01 12:45:49,651 - INFO: Parameter: seed=123
2025-04-01 12:45:49,651 - INFO: Parameter: features_to_include=['cdr1_alpha', 'cdr2_alpha', 'cdr3_alpha', 'cdr1_beta', 'cdr2_beta', 'cdr3_beta', 'mhc_pseudo']
2025-04-01 12:45:49,651 - INFO: Parameter: cdr1_alpha_length=8
2025-04-01 12:45:49,651 - INFO: Parameter: cdr2_alpha_length=8
2025-04-01 12:45:49,651 - INFO: Parameter: cdr3_alpha_length=24
2025-04-01 12:45:49,651 - INFO: Parameter: cdr1_beta_length=8
2025-04-01 12:45:49,651 - INFO: Parameter: cdr2_beta_length=8
2025-04-01 12:45:49,651 - INFO: Parameter: cdr3_beta_length=24
2025-04-01 12:45:49,651 - INFO: Parameter: peptide_length=12
2025-04-01 12:45:49,651 - INFO: Parameter: mhc_pseudo_length=26
2025-04-01 12:45:49,652 - INFO: Parameter: batch_size=32
2025-04-01 12:45:49,652 - INFO: Parameter: num_epochs=25
2025-04-01 12:45:49,652 - INFO: Parameter: learning_rate=0.001
2025-04-01 12:45:49,652 - INFO: Parameter: drop_out_rate=0.2
2025-04-01 12:45:49,652 - INFO: Parameter: learn_contact_maps=False
2025-04-01 12:45:49,652 - INFO: Parameter: checkpoint_interval=1000
2025-04-01 12:45:49,652 - INFO: Parameter: eval_interval=500
2025-04-01 12:45:49,652 - INFO: Parameter: eval_batch_size=1000
2025-04-01 12:45:49,652 - INFO: Parameter: log_level='info'
2025-04-01 12:45:49,652 - INFO: Parameter: log_file='data/logs/train_TCRStructMap_cdrs_mhc_pseudo.log'
2025-04-01 12:45:49,652 - INFO: Setting random seed to 123
2025-04-01 12:45:49,728 - INFO: Loading contact maps from data/processed/contact_maps.h5
2025-04-01 12:45:49,846 - INFO: Loading training data from data/processed/sequences.h5
2025-04-01 12:45:54,366 - INFO: Creating models/TCRStructMap_cdrs_mhc_pseudo
2025-04-01 12:45:54,371 - INFO: Starting fold 1
2025-04-01 12:45:54,385 - INFO: Initialising model
2025-04-01 12:46:22,174 - INFO: Starting training
2025-04-01 12:46:22,175 - INFO: Starting epoch 1
2025-04-01 12:46:23,069 - INFO: Evaluating at iteration 1
2025-04-01 12:46:23,185 - INFO: Loss: 0.691197
2025-04-01 12:46:23,185 - INFO: Training ROC-AUC: 0.696296
2025-04-01 12:46:23,185 - INFO: Validation ROC-AUC: 0.533718
2025-04-01 12:46:32,219 - INFO: Evaluating at iteration 501
2025-04-01 12:46:32,282 - INFO: Loss: 0.330918
2025-04-01 12:46:32,282 - INFO: Training ROC-AUC: 0.344828
2025-04-01 12:46:32,282 - INFO: Validation ROC-AUC: 0.426994
2025-04-01 12:46:41,353 - INFO: Evaluating at iteration 1001
2025-04-01 12:46:41,413 - INFO: Loss: 0.434342
2025-04-01 12:46:41,413 - INFO: Training ROC-AUC: 0.596154
2025-04-01 12:46:41,414 - INFO: Validation ROC-AUC: 0.439047
2025-04-01 12:46:50,541 - INFO: Evaluating at iteration 1501
2025-04-01 12:46:50,600 - INFO: Loss: 0.576087
2025-04-01 12:46:50,600 - INFO: Training ROC-AUC: 0.608696
2025-04-01 12:46:50,600 - INFO: Validation ROC-AUC: 0.490844
2025-04-01 12:46:59,637 - INFO: Evaluating at iteration 2001
2025-04-01 12:46:59,700 - INFO: Loss: 0.241581
2025-04-01 12:46:59,703 - INFO: Training ROC-AUC: 0.838710
2025-04-01 12:46:59,706 - INFO: Validation ROC-AUC: 0.544317
2025-04-01 12:47:08,749 - INFO: Evaluating at iteration 2501
2025-04-01 12:47:08,836 - INFO: Loss: 0.382761
2025-04-01 12:47:08,839 - INFO: Training ROC-AUC: 0.705128
2025-04-01 12:47:08,842 - INFO: Validation ROC-AUC: 0.598325
2025-04-01 12:47:10,376 - INFO: Starting epoch 2
2025-04-01 12:47:10,400 - INFO: Evaluating at iteration 2586
2025-04-01 12:47:10,460 - INFO: Loss: 0.209318
2025-04-01 12:47:10,463 - INFO: Training ROC-AUC: 0.896552
2025-04-01 12:47:10,466 - INFO: Validation ROC-AUC: 0.591631
2025-04-01 12:47:19,495 - INFO: Evaluating at iteration 3086
2025-04-01 12:47:19,572 - INFO: Loss: 0.444600
2025-04-01 12:47:19,575 - INFO: Training ROC-AUC: 0.628571
2025-04-01 12:47:19,578 - INFO: Validation ROC-AUC: 0.574136
2025-04-01 12:47:28,628 - INFO: Evaluating at iteration 3586
2025-04-01 12:47:28,702 - INFO: Loss: 0.375417
2025-04-01 12:47:28,705 - INFO: Training ROC-AUC: 0.674074
2025-04-01 12:47:28,708 - INFO: Validation ROC-AUC: 0.526083
2025-04-01 12:47:37,833 - INFO: Evaluating at iteration 4086
2025-04-01 12:47:37,906 - INFO: Loss: 0.386154
2025-04-01 12:47:37,909 - INFO: Training ROC-AUC: 0.673077
2025-04-01 12:47:37,912 - INFO: Validation ROC-AUC: 0.557711
2025-04-01 12:47:46,963 - INFO: Evaluating at iteration 4586
2025-04-01 12:47:47,046 - INFO: Loss: 0.342820
2025-04-01 12:47:47,049 - INFO: Training ROC-AUC: 0.866667
2025-04-01 12:47:47,052 - INFO: Validation ROC-AUC: 0.604078
2025-04-01 12:47:56,050 - INFO: Evaluating at iteration 5086
2025-04-01 12:47:56,135 - INFO: Loss: 0.311967
2025-04-01 12:47:56,143 - INFO: Training ROC-AUC: 0.785714
2025-04-01 12:47:56,149 - INFO: Validation ROC-AUC: 0.632042
2025-04-01 12:47:57,691 - INFO: Starting epoch 3
2025-04-01 12:47:57,730 - INFO: Evaluating at iteration 5171
2025-04-01 12:47:57,791 - INFO: Loss: 0.173997
2025-04-01 12:47:57,794 - INFO: Training ROC-AUC: 0.516129
2025-04-01 12:47:57,800 - INFO: Validation ROC-AUC: 0.638560
2025-04-01 12:48:06,859 - INFO: Evaluating at iteration 5671
2025-04-01 12:48:06,930 - INFO: Loss: 0.308302
2025-04-01 12:48:06,933 - INFO: Training ROC-AUC: 0.767857
2025-04-01 12:48:06,936 - INFO: Validation ROC-AUC: 0.616415
2025-04-01 12:48:16,009 - INFO: Evaluating at iteration 6171
2025-04-01 12:48:16,101 - INFO: Loss: 0.340009
2025-04-01 12:48:16,104 - INFO: Training ROC-AUC: 0.800000
2025-04-01 12:48:16,107 - INFO: Validation ROC-AUC: 0.602224
2025-04-01 12:48:25,190 - INFO: Evaluating at iteration 6671
2025-04-01 12:48:25,274 - INFO: Loss: 0.317799
2025-04-01 12:48:25,277 - INFO: Training ROC-AUC: 0.801282
2025-04-01 12:48:25,279 - INFO: Validation ROC-AUC: 0.547478
2025-04-01 12:48:34,396 - INFO: Evaluating at iteration 7171
2025-04-01 12:48:34,470 - INFO: Loss: 0.436614
2025-04-01 12:48:34,473 - INFO: Training ROC-AUC: 0.845411
2025-04-01 12:48:34,475 - INFO: Validation ROC-AUC: 0.619406
2025-04-01 12:48:43,701 - INFO: Evaluating at iteration 7671
2025-04-01 12:48:43,789 - INFO: Loss: 0.795121
2025-04-01 12:48:43,793 - INFO: Training ROC-AUC: 0.690196
2025-04-01 12:48:43,796 - INFO: Validation ROC-AUC: 0.638142
2025-04-01 12:48:45,336 - INFO: Starting epoch 4
2025-04-01 12:48:45,361 - INFO: Evaluating at iteration 7756
2025-04-01 12:48:45,422 - INFO: Loss: 0.391697
2025-04-01 12:48:45,426 - INFO: Training ROC-AUC: 0.833333
2025-04-01 12:48:45,429 - INFO: Validation ROC-AUC: 0.637221
2025-04-01 12:48:54,512 - INFO: Evaluating at iteration 8256
2025-04-01 12:48:54,610 - INFO: Loss: 0.269731
2025-04-01 12:48:54,612 - INFO: Training ROC-AUC: 0.701149
2025-04-01 12:48:54,615 - INFO: Validation ROC-AUC: 0.633923
2025-04-01 12:49:03,757 - INFO: Evaluating at iteration 8756
2025-04-01 12:49:03,826 - INFO: Loss: 0.290616
2025-04-01 12:49:03,832 - INFO: Training ROC-AUC: 0.919643
2025-04-01 12:49:03,838 - INFO: Validation ROC-AUC: 0.612620
2025-04-01 12:49:13,049 - INFO: Evaluating at iteration 9256
2025-04-01 12:49:13,128 - INFO: Loss: 0.205261
2025-04-01 12:49:13,131 - INFO: Training ROC-AUC: 0.783333
2025-04-01 12:49:13,134 - INFO: Validation ROC-AUC: 0.588758
2025-04-01 12:49:22,395 - INFO: Evaluating at iteration 9756
2025-04-01 12:49:22,480 - INFO: Loss: 0.259893
2025-04-01 12:49:22,483 - INFO: Training ROC-AUC: 0.964286
2025-04-01 12:49:22,486 - INFO: Validation ROC-AUC: 0.624225
2025-04-01 12:49:31,711 - INFO: Evaluating at iteration 10256
2025-04-01 12:49:31,794 - INFO: Loss: 0.484904
2025-04-01 12:49:31,797 - INFO: Training ROC-AUC: 0.845411
2025-04-01 12:49:31,800 - INFO: Validation ROC-AUC: 0.623220
2025-04-01 12:49:33,342 - INFO: Starting epoch 5
2025-04-01 12:49:33,367 - INFO: Evaluating at iteration 10341
2025-04-01 12:49:33,430 - INFO: Loss: 0.259389
2025-04-01 12:49:33,433 - INFO: Training ROC-AUC: 0.883929
2025-04-01 12:49:33,436 - INFO: Validation ROC-AUC: 0.600839
2025-04-01 12:49:42,682 - INFO: Evaluating at iteration 10841
2025-04-01 12:49:42,762 - INFO: Loss: 0.307232
2025-04-01 12:49:42,767 - INFO: Training ROC-AUC: 0.785714
2025-04-01 12:49:42,772 - INFO: Validation ROC-AUC: 0.620405
2025-04-01 12:49:51,977 - INFO: Evaluating at iteration 11341
2025-04-01 12:49:52,039 - INFO: Loss: 0.464074
2025-04-01 12:49:52,042 - INFO: Training ROC-AUC: 0.788462
2025-04-01 12:49:52,044 - INFO: Validation ROC-AUC: 0.582090
2025-04-01 12:50:01,276 - INFO: Evaluating at iteration 11841
2025-04-01 12:50:01,359 - INFO: Loss: 0.209253
2025-04-01 12:50:01,365 - INFO: Training ROC-AUC: 0.516129
2025-04-01 12:50:01,368 - INFO: Validation ROC-AUC: 0.599259
2025-04-01 12:50:10,514 - INFO: Evaluating at iteration 12341
2025-04-01 12:50:10,587 - INFO: Loss: 0.450054
2025-04-01 12:50:10,590 - INFO: Training ROC-AUC: 0.737143
2025-04-01 12:50:10,593 - INFO: Validation ROC-AUC: 0.590462
2025-04-01 12:50:19,851 - INFO: Evaluating at iteration 12841
2025-04-01 12:50:19,927 - INFO: Loss: 0.413222
2025-04-01 12:50:19,930 - INFO: Training ROC-AUC: 0.782051
2025-04-01 12:50:19,933 - INFO: Validation ROC-AUC: 0.545486
2025-04-01 12:50:21,475 - INFO: Starting epoch 6
2025-04-01 12:50:21,499 - INFO: Evaluating at iteration 12926
2025-04-01 12:50:21,561 - INFO: Loss: 0.389774
2025-04-01 12:50:21,564 - INFO: Training ROC-AUC: 0.895833
2025-04-01 12:50:21,567 - INFO: Validation ROC-AUC: 0.559363
2025-04-01 12:50:30,770 - INFO: Evaluating at iteration 13426
2025-04-01 12:50:30,857 - INFO: Loss: 0.179965
2025-04-01 12:50:30,862 - INFO: Training ROC-AUC: nan
2025-04-01 12:50:30,866 - INFO: Validation ROC-AUC: 0.551644
2025-04-01 12:50:39,985 - INFO: Evaluating at iteration 13926
2025-04-01 12:50:40,050 - INFO: Loss: 0.506772
2025-04-01 12:50:40,053 - INFO: Training ROC-AUC: 0.674286
2025-04-01 12:50:40,057 - INFO: Validation ROC-AUC: 0.589012
2025-04-01 12:50:49,255 - INFO: Evaluating at iteration 14426
2025-04-01 12:50:49,332 - INFO: Loss: 0.349653
2025-04-01 12:50:49,336 - INFO: Training ROC-AUC: 0.891429
2025-04-01 12:50:49,339 - INFO: Validation ROC-AUC: 0.582965
2025-04-01 12:50:58,509 - INFO: Evaluating at iteration 14926
2025-04-01 12:50:58,587 - INFO: Loss: 0.218952
2025-04-01 12:50:58,590 - INFO: Training ROC-AUC: 0.645161
2025-04-01 12:50:58,594 - INFO: Validation ROC-AUC: 0.556816
2025-04-01 12:51:07,778 - INFO: Evaluating at iteration 15426
2025-04-01 12:51:07,859 - INFO: Loss: 0.310651
2025-04-01 12:51:07,862 - INFO: Training ROC-AUC: 0.881481
2025-04-01 12:51:07,865 - INFO: Validation ROC-AUC: 0.563334
2025-04-01 12:51:09,409 - INFO: Starting epoch 7
2025-04-01 12:51:09,440 - INFO: Evaluating at iteration 15511
2025-04-01 12:51:09,505 - INFO: Loss: 0.310940
2025-04-01 12:51:09,549 - INFO: Training ROC-AUC: 0.884615
2025-04-01 12:51:09,552 - INFO: Validation ROC-AUC: 0.570269
2025-04-01 12:51:18,878 - INFO: Evaluating at iteration 16011
2025-04-01 12:51:18,955 - INFO: Loss: 0.266953
2025-04-01 12:51:18,958 - INFO: Training ROC-AUC: 0.821429
2025-04-01 12:51:18,961 - INFO: Validation ROC-AUC: 0.557064
2025-04-01 12:51:28,148 - INFO: Evaluating at iteration 16511
2025-04-01 12:51:28,240 - INFO: Loss: 0.503846
2025-04-01 12:51:28,240 - INFO: Training ROC-AUC: 0.656250
2025-04-01 12:51:28,241 - INFO: Validation ROC-AUC: 0.543553
2025-04-01 12:51:37,427 - INFO: Evaluating at iteration 17011
2025-04-01 12:51:37,486 - INFO: Loss: 0.468735
2025-04-01 12:51:37,486 - INFO: Training ROC-AUC: 0.848958
2025-04-01 12:51:37,486 - INFO: Validation ROC-AUC: 0.536891
2025-04-01 12:51:46,723 - INFO: Evaluating at iteration 17511
2025-04-01 12:51:46,780 - INFO: Loss: 0.213368
2025-04-01 12:51:46,781 - INFO: Training ROC-AUC: 0.741935
2025-04-01 12:51:46,781 - INFO: Validation ROC-AUC: 0.559866
2025-04-01 12:51:55,989 - INFO: Evaluating at iteration 18011
2025-04-01 12:51:56,047 - INFO: Loss: 0.322759
2025-04-01 12:51:56,047 - INFO: Training ROC-AUC: 0.878205
2025-04-01 12:51:56,047 - INFO: Validation ROC-AUC: 0.579125
2025-04-01 12:51:57,589 - INFO: Starting epoch 8
2025-04-01 12:51:57,609 - INFO: Evaluating at iteration 18096
2025-04-01 12:51:57,669 - INFO: Loss: 0.255400
2025-04-01 12:51:57,669 - INFO: Training ROC-AUC: 0.910714
2025-04-01 12:51:57,669 - INFO: Validation ROC-AUC: 0.571112
2025-04-01 12:52:06,917 - INFO: Evaluating at iteration 18596
2025-04-01 12:52:06,974 - INFO: Loss: 0.342517
2025-04-01 12:52:06,975 - INFO: Training ROC-AUC: 0.829630
2025-04-01 12:52:06,975 - INFO: Validation ROC-AUC: 0.585995
2025-04-01 12:52:16,179 - INFO: Evaluating at iteration 19096
2025-04-01 12:52:16,236 - INFO: Loss: 0.437794
2025-04-01 12:52:16,236 - INFO: Training ROC-AUC: 0.822917
2025-04-01 12:52:16,236 - INFO: Validation ROC-AUC: 0.553760
2025-04-01 12:52:25,404 - INFO: Evaluating at iteration 19596
2025-04-01 12:52:25,462 - INFO: Loss: 0.376110
2025-04-01 12:52:25,462 - INFO: Training ROC-AUC: 0.598214
2025-04-01 12:52:25,462 - INFO: Validation ROC-AUC: 0.564882
2025-04-01 12:52:34,650 - INFO: Evaluating at iteration 20096
2025-04-01 12:52:34,708 - INFO: Loss: 0.255328
2025-04-01 12:52:34,709 - INFO: Training ROC-AUC: 0.804598
2025-04-01 12:52:34,709 - INFO: Validation ROC-AUC: 0.536950
2025-04-01 12:52:43,938 - INFO: Evaluating at iteration 20596
2025-04-01 12:52:43,997 - INFO: Loss: 0.355053
2025-04-01 12:52:43,997 - INFO: Training ROC-AUC: 0.651786
2025-04-01 12:52:43,997 - INFO: Validation ROC-AUC: 0.560121
2025-04-01 12:52:45,531 - INFO: Starting epoch 9
2025-04-01 12:52:45,551 - INFO: Evaluating at iteration 20681
2025-04-01 12:52:45,608 - INFO: Loss: 0.169950
2025-04-01 12:52:45,608 - INFO: Training ROC-AUC: 0.950000
2025-04-01 12:52:45,608 - INFO: Validation ROC-AUC: 0.543742
2025-04-01 12:52:54,859 - INFO: Evaluating at iteration 21181
2025-04-01 12:52:54,919 - INFO: Loss: 0.234988
2025-04-01 12:52:54,919 - INFO: Training ROC-AUC: 0.933333
2025-04-01 12:52:54,919 - INFO: Validation ROC-AUC: 0.554531
2025-04-01 12:53:04,113 - INFO: Evaluating at iteration 21681
2025-04-01 12:53:04,170 - INFO: Loss: 0.333662
2025-04-01 12:53:04,171 - INFO: Training ROC-AUC: 0.777778
2025-04-01 12:53:04,171 - INFO: Validation ROC-AUC: 0.558658
2025-04-01 12:53:13,371 - INFO: Evaluating at iteration 22181
2025-04-01 12:53:13,429 - INFO: Loss: 0.170291
2025-04-01 12:53:13,429 - INFO: Training ROC-AUC: 1.000000
2025-04-01 12:53:13,429 - INFO: Validation ROC-AUC: 0.556777
2025-04-01 12:53:22,619 - INFO: Evaluating at iteration 22681
2025-04-01 12:53:22,676 - INFO: Loss: 0.215063
2025-04-01 12:53:22,676 - INFO: Training ROC-AUC: 0.908046
2025-04-01 12:53:22,676 - INFO: Validation ROC-AUC: 0.537982
2025-04-01 12:53:31,894 - INFO: Evaluating at iteration 23181
2025-04-01 12:53:31,951 - INFO: Loss: 0.352950
2025-04-01 12:53:31,952 - INFO: Training ROC-AUC: 0.914286
2025-04-01 12:53:31,952 - INFO: Validation ROC-AUC: 0.556790
2025-04-01 12:53:33,494 - INFO: Starting epoch 10
2025-04-01 12:53:33,522 - INFO: Evaluating at iteration 23266
2025-04-01 12:53:33,580 - INFO: Loss: 0.235283
2025-04-01 12:53:33,580 - INFO: Training ROC-AUC: 0.919643
2025-04-01 12:53:33,580 - INFO: Validation ROC-AUC: 0.557143
2025-04-01 12:53:42,850 - INFO: Evaluating at iteration 23766
2025-04-01 12:53:42,909 - INFO: Loss: 0.393267
2025-04-01 12:53:42,909 - INFO: Training ROC-AUC: 0.775641
2025-04-01 12:53:42,909 - INFO: Validation ROC-AUC: 0.552376
2025-04-01 12:53:52,126 - INFO: Evaluating at iteration 24266
2025-04-01 12:53:52,184 - INFO: Loss: 0.308360
2025-04-01 12:53:52,184 - INFO: Training ROC-AUC: 0.891026
2025-04-01 12:53:52,184 - INFO: Validation ROC-AUC: 0.513571
2025-04-01 12:54:01,399 - INFO: Evaluating at iteration 24766
2025-04-01 12:54:01,458 - INFO: Loss: 0.247335
2025-04-01 12:54:01,459 - INFO: Training ROC-AUC: 0.928571
2025-04-01 12:54:01,459 - INFO: Validation ROC-AUC: 0.547706
2025-04-01 12:54:10,617 - INFO: Evaluating at iteration 25266
2025-04-01 12:54:10,675 - INFO: Loss: 0.506021
2025-04-01 12:54:10,675 - INFO: Training ROC-AUC: 0.820833
2025-04-01 12:54:10,675 - INFO: Validation ROC-AUC: 0.563569
2025-04-01 12:54:19,950 - INFO: Evaluating at iteration 25766
2025-04-01 12:54:20,007 - INFO: Loss: 0.307914
2025-04-01 12:54:20,007 - INFO: Training ROC-AUC: 0.776786
2025-04-01 12:54:20,007 - INFO: Validation ROC-AUC: 0.554511
2025-04-01 12:54:21,560 - INFO: Starting epoch 11
2025-04-01 12:54:21,580 - INFO: Evaluating at iteration 25851
2025-04-01 12:54:21,639 - INFO: Loss: 0.406436
2025-04-01 12:54:21,639 - INFO: Training ROC-AUC: 0.562500
2025-04-01 12:54:21,639 - INFO: Validation ROC-AUC: 0.550919
2025-04-01 12:54:30,901 - INFO: Evaluating at iteration 26351
2025-04-01 12:54:30,960 - INFO: Loss: 0.457174
2025-04-01 12:54:30,960 - INFO: Training ROC-AUC: 0.811594
2025-04-01 12:54:30,960 - INFO: Validation ROC-AUC: 0.536565
2025-04-01 12:54:40,220 - INFO: Evaluating at iteration 26851
2025-04-01 12:54:40,277 - INFO: Loss: 0.206852
2025-04-01 12:54:40,277 - INFO: Training ROC-AUC: 0.839080
2025-04-01 12:54:40,277 - INFO: Validation ROC-AUC: 0.559461
2025-04-01 12:54:49,517 - INFO: Evaluating at iteration 27351
2025-04-01 12:54:49,575 - INFO: Loss: 0.277832
2025-04-01 12:54:49,575 - INFO: Training ROC-AUC: 0.918519
2025-04-01 12:54:49,575 - INFO: Validation ROC-AUC: 0.554629
2025-04-01 12:54:58,868 - INFO: Evaluating at iteration 27851
2025-04-01 12:54:58,929 - INFO: Loss: 0.336037
2025-04-01 12:54:58,929 - INFO: Training ROC-AUC: 0.829630
2025-04-01 12:54:58,929 - INFO: Validation ROC-AUC: 0.552807
2025-04-01 12:55:08,262 - INFO: Evaluating at iteration 28351
2025-04-01 12:55:08,319 - INFO: Loss: 0.210948
2025-04-01 12:55:08,319 - INFO: Training ROC-AUC: 0.954023
2025-04-01 12:55:08,319 - INFO: Validation ROC-AUC: 0.555589
2025-04-01 12:55:09,874 - INFO: Starting epoch 12
2025-04-01 12:55:09,894 - INFO: Evaluating at iteration 28436
2025-04-01 12:55:09,953 - INFO: Loss: 0.175453
2025-04-01 12:55:09,953 - INFO: Training ROC-AUC: 0.954023
2025-04-01 12:55:09,953 - INFO: Validation ROC-AUC: 0.551651
2025-04-01 12:55:19,202 - INFO: Evaluating at iteration 28936
2025-04-01 12:55:19,259 - INFO: Loss: 0.442471
2025-04-01 12:55:19,259 - INFO: Training ROC-AUC: 0.660256
2025-04-01 12:55:19,259 - INFO: Validation ROC-AUC: 0.545492
2025-04-01 12:55:28,520 - INFO: Evaluating at iteration 29436
2025-04-01 12:55:28,579 - INFO: Loss: 0.405719
2025-04-01 12:55:28,579 - INFO: Training ROC-AUC: 0.794286
2025-04-01 12:55:28,579 - INFO: Validation ROC-AUC: 0.552297
2025-04-01 12:55:37,819 - INFO: Evaluating at iteration 29936
2025-04-01 12:55:37,877 - INFO: Loss: 0.331707
2025-04-01 12:55:37,877 - INFO: Training ROC-AUC: 0.723214
2025-04-01 12:55:37,877 - INFO: Validation ROC-AUC: 0.545074
2025-04-01 12:55:47,116 - INFO: Evaluating at iteration 30436
2025-04-01 12:55:47,175 - INFO: Loss: 0.210882
2025-04-01 12:55:47,175 - INFO: Training ROC-AUC: 0.991071
2025-04-01 12:55:47,175 - INFO: Validation ROC-AUC: 0.526220
2025-04-01 12:55:56,460 - INFO: Evaluating at iteration 30936
2025-04-01 12:55:56,518 - INFO: Loss: 0.250504
2025-04-01 12:55:56,518 - INFO: Training ROC-AUC: 0.910714
2025-04-01 12:55:56,518 - INFO: Validation ROC-AUC: 0.550162
2025-04-01 12:55:58,139 - INFO: Starting epoch 13
2025-04-01 12:55:58,160 - INFO: Evaluating at iteration 31021
2025-04-01 12:55:58,221 - INFO: Loss: 0.205429
2025-04-01 12:55:58,221 - INFO: Training ROC-AUC: 0.954023
2025-04-01 12:55:58,221 - INFO: Validation ROC-AUC: 0.556385
2025-04-01 12:56:07,696 - INFO: Evaluating at iteration 31521
2025-04-01 12:56:07,755 - INFO: Loss: 0.356025
2025-04-01 12:56:07,755 - INFO: Training ROC-AUC: 0.732143
2025-04-01 12:56:07,755 - INFO: Validation ROC-AUC: 0.551585
2025-04-01 12:56:17,055 - INFO: Evaluating at iteration 32021
2025-04-01 12:56:17,113 - INFO: Loss: 0.246746
2025-04-01 12:56:17,113 - INFO: Training ROC-AUC: 0.883929
2025-04-01 12:56:17,113 - INFO: Validation ROC-AUC: 0.549502
2025-04-01 12:56:26,395 - INFO: Evaluating at iteration 32521
2025-04-01 12:56:26,453 - INFO: Loss: 0.270458
2025-04-01 12:56:26,453 - INFO: Training ROC-AUC: 0.974359
2025-04-01 12:56:26,453 - INFO: Validation ROC-AUC: 0.551089
2025-04-01 12:56:35,722 - INFO: Evaluating at iteration 33021
2025-04-01 12:56:35,780 - INFO: Loss: 0.434590
2025-04-01 12:56:35,780 - INFO: Training ROC-AUC: 0.765714
2025-04-01 12:56:35,780 - INFO: Validation ROC-AUC: 0.547967
2025-04-01 12:56:45,131 - INFO: Evaluating at iteration 33521
2025-04-01 12:56:45,190 - INFO: Loss: 0.353321
2025-04-01 12:56:45,190 - INFO: Training ROC-AUC: 0.785185
2025-04-01 12:56:45,190 - INFO: Validation ROC-AUC: 0.543860
2025-04-01 12:56:46,742 - INFO: Starting epoch 14
2025-04-01 12:56:46,765 - INFO: Evaluating at iteration 33606
2025-04-01 12:56:46,825 - INFO: Loss: 0.363585
2025-04-01 12:56:46,825 - INFO: Training ROC-AUC: 0.733333
2025-04-01 12:56:46,825 - INFO: Validation ROC-AUC: 0.548118
2025-04-01 12:56:56,158 - INFO: Evaluating at iteration 34106
2025-04-01 12:56:56,217 - INFO: Loss: 0.325563
2025-04-01 12:56:56,217 - INFO: Training ROC-AUC: 0.858974
2025-04-01 12:56:56,217 - INFO: Validation ROC-AUC: 0.538139
2025-04-01 12:57:05,492 - INFO: Evaluating at iteration 34606
2025-04-01 12:57:05,550 - INFO: Loss: 0.217923
2025-04-01 12:57:05,550 - INFO: Training ROC-AUC: 0.977778
2025-04-01 12:57:05,550 - INFO: Validation ROC-AUC: 0.532803
2025-04-01 12:57:14,861 - INFO: Evaluating at iteration 35106
2025-04-01 12:57:14,919 - INFO: Loss: 0.408422
2025-04-01 12:57:14,919 - INFO: Training ROC-AUC: 0.864583
2025-04-01 12:57:14,919 - INFO: Validation ROC-AUC: 0.561322
2025-04-01 12:57:24,178 - INFO: Evaluating at iteration 35606
2025-04-01 12:57:24,235 - INFO: Loss: 0.235000
2025-04-01 12:57:24,236 - INFO: Training ROC-AUC: 0.883929
2025-04-01 12:57:24,236 - INFO: Validation ROC-AUC: 0.530857
2025-04-01 12:57:33,595 - INFO: Evaluating at iteration 36106
2025-04-01 12:57:33,653 - INFO: Loss: 0.519988
2025-04-01 12:57:33,653 - INFO: Training ROC-AUC: 0.904762
2025-04-01 12:57:33,653 - INFO: Validation ROC-AUC: 0.536323
2025-04-01 12:57:35,215 - INFO: Starting epoch 15
2025-04-01 12:57:35,235 - INFO: Evaluating at iteration 36191
2025-04-01 12:57:35,293 - INFO: Loss: 0.379954
2025-04-01 12:57:35,293 - INFO: Training ROC-AUC: 0.750000
2025-04-01 12:57:35,293 - INFO: Validation ROC-AUC: 0.556647
2025-04-01 12:57:44,659 - INFO: Evaluating at iteration 36691
2025-04-01 12:57:44,720 - INFO: Loss: 0.299305
2025-04-01 12:57:44,721 - INFO: Training ROC-AUC: 0.897436
2025-04-01 12:57:44,721 - INFO: Validation ROC-AUC: 0.532065
2025-04-01 12:57:54,082 - INFO: Evaluating at iteration 37191
2025-04-01 12:57:54,139 - INFO: Loss: 0.281748
2025-04-01 12:57:54,139 - INFO: Training ROC-AUC: 0.903846
2025-04-01 12:57:54,139 - INFO: Validation ROC-AUC: 0.542736
2025-04-01 12:58:03,589 - INFO: Evaluating at iteration 37691
2025-04-01 12:58:03,647 - INFO: Loss: 0.402293
2025-04-01 12:58:03,647 - INFO: Training ROC-AUC: 0.740741
2025-04-01 12:58:03,647 - INFO: Validation ROC-AUC: 0.549998
2025-04-01 12:58:13,056 - INFO: Evaluating at iteration 38191
2025-04-01 12:58:13,118 - INFO: Loss: 0.352600
2025-04-01 12:58:13,119 - INFO: Training ROC-AUC: 0.916667
2025-04-01 12:58:13,119 - INFO: Validation ROC-AUC: 0.538106
2025-04-01 12:58:22,507 - INFO: Evaluating at iteration 38691
2025-04-01 12:58:22,568 - INFO: Loss: 0.424819
2025-04-01 12:58:22,568 - INFO: Training ROC-AUC: 0.854545
2025-04-01 12:58:22,569 - INFO: Validation ROC-AUC: 0.531843
2025-04-01 12:58:24,144 - INFO: Starting epoch 16
2025-04-01 12:58:24,164 - INFO: Evaluating at iteration 38776
2025-04-01 12:58:24,223 - INFO: Loss: 0.270617
2025-04-01 12:58:24,223 - INFO: Training ROC-AUC: 0.933333
2025-04-01 12:58:24,223 - INFO: Validation ROC-AUC: 0.518501
2025-04-01 12:58:33,662 - INFO: Evaluating at iteration 39276
2025-04-01 12:58:33,720 - INFO: Loss: 0.214543
2025-04-01 12:58:33,720 - INFO: Training ROC-AUC: 0.942529
2025-04-01 12:58:33,720 - INFO: Validation ROC-AUC: 0.541620
2025-04-01 12:58:43,141 - INFO: Evaluating at iteration 39776
2025-04-01 12:58:43,201 - INFO: Loss: 0.273679
2025-04-01 12:58:43,201 - INFO: Training ROC-AUC: 0.874074
2025-04-01 12:58:43,201 - INFO: Validation ROC-AUC: 0.554034
2025-04-01 12:58:52,746 - INFO: Evaluating at iteration 40276
2025-04-01 12:58:52,808 - INFO: Loss: 0.318959
2025-04-01 12:58:52,808 - INFO: Training ROC-AUC: 0.937500
2025-04-01 12:58:52,808 - INFO: Validation ROC-AUC: 0.531158
2025-04-01 12:59:02,338 - INFO: Evaluating at iteration 40776
2025-04-01 12:59:02,396 - INFO: Loss: 0.332485
2025-04-01 12:59:02,396 - INFO: Training ROC-AUC: 0.920000
2025-04-01 12:59:02,396 - INFO: Validation ROC-AUC: 0.538021
2025-04-01 12:59:11,963 - INFO: Evaluating at iteration 41276
2025-04-01 12:59:12,021 - INFO: Loss: 0.396805
2025-04-01 12:59:12,021 - INFO: Training ROC-AUC: 0.762821
2025-04-01 12:59:12,021 - INFO: Validation ROC-AUC: 0.521224
2025-04-01 12:59:13,639 - INFO: Starting epoch 17
2025-04-01 12:59:13,659 - INFO: Evaluating at iteration 41361
2025-04-01 12:59:13,717 - INFO: Loss: 0.428263
2025-04-01 12:59:13,718 - INFO: Training ROC-AUC: 0.826923
2025-04-01 12:59:13,718 - INFO: Validation ROC-AUC: 0.523758
2025-04-01 12:59:23,354 - INFO: Evaluating at iteration 41861
2025-04-01 12:59:23,412 - INFO: Loss: 0.148476
2025-04-01 12:59:23,412 - INFO: Training ROC-AUC: 0.964286
2025-04-01 12:59:23,412 - INFO: Validation ROC-AUC: 0.517156
2025-04-01 12:59:33,122 - INFO: Evaluating at iteration 42361
2025-04-01 12:59:33,181 - INFO: Loss: 0.477668
2025-04-01 12:59:33,182 - INFO: Training ROC-AUC: 0.781250
2025-04-01 12:59:33,182 - INFO: Validation ROC-AUC: 0.531334
2025-04-01 12:59:42,771 - INFO: Evaluating at iteration 42861
2025-04-01 12:59:42,830 - INFO: Loss: 0.447707
2025-04-01 12:59:42,831 - INFO: Training ROC-AUC: 0.777143
2025-04-01 12:59:42,831 - INFO: Validation ROC-AUC: 0.535494
2025-04-01 12:59:52,486 - INFO: Evaluating at iteration 43361
2025-04-01 12:59:52,543 - INFO: Loss: 0.348251
2025-04-01 12:59:52,543 - INFO: Training ROC-AUC: 0.839744
2025-04-01 12:59:52,543 - INFO: Validation ROC-AUC: 0.543311
2025-04-01 13:00:02,145 - INFO: Evaluating at iteration 43861
2025-04-01 13:00:02,204 - INFO: Loss: 0.344482
2025-04-01 13:00:02,204 - INFO: Training ROC-AUC: 0.756410
2025-04-01 13:00:02,205 - INFO: Validation ROC-AUC: 0.543076
2025-04-01 13:00:03,836 - INFO: Starting epoch 18
2025-04-01 13:00:03,857 - INFO: Evaluating at iteration 43946
2025-04-01 13:00:03,916 - INFO: Loss: 0.312799
2025-04-01 13:00:03,916 - INFO: Training ROC-AUC: 0.931429
2025-04-01 13:00:03,916 - INFO: Validation ROC-AUC: 0.541117
2025-04-01 13:00:13,515 - INFO: Evaluating at iteration 44446
2025-04-01 13:00:13,575 - INFO: Loss: 0.326163
2025-04-01 13:00:13,575 - INFO: Training ROC-AUC: 0.837037
2025-04-01 13:00:13,575 - INFO: Validation ROC-AUC: 0.531922
2025-04-01 13:00:23,200 - INFO: Evaluating at iteration 44946
2025-04-01 13:00:23,258 - INFO: Loss: 0.283989
2025-04-01 13:00:23,258 - INFO: Training ROC-AUC: 0.883929
2025-04-01 13:00:23,258 - INFO: Validation ROC-AUC: 0.540118
2025-04-01 13:00:32,864 - INFO: Evaluating at iteration 45446
2025-04-01 13:00:32,922 - INFO: Loss: 0.238552
2025-04-01 13:00:32,922 - INFO: Training ROC-AUC: 0.733333
2025-04-01 13:00:32,922 - INFO: Validation ROC-AUC: 0.543370
2025-04-01 13:00:42,512 - INFO: Evaluating at iteration 45946
2025-04-01 13:00:42,570 - INFO: Loss: 0.280494
2025-04-01 13:00:42,570 - INFO: Training ROC-AUC: 0.857143
2025-04-01 13:00:42,570 - INFO: Validation ROC-AUC: 0.521812
2025-04-01 13:00:52,218 - INFO: Evaluating at iteration 46446
2025-04-01 13:00:52,276 - INFO: Loss: 0.357167
2025-04-01 13:00:52,276 - INFO: Training ROC-AUC: 0.826923
2025-04-01 13:00:52,276 - INFO: Validation ROC-AUC: 0.536728
2025-04-01 13:00:53,900 - INFO: Starting epoch 19
2025-04-01 13:00:53,920 - INFO: Evaluating at iteration 46531
2025-04-01 13:00:53,978 - INFO: Loss: 0.297680
2025-04-01 13:00:53,978 - INFO: Training ROC-AUC: 0.919643
2025-04-01 13:00:53,978 - INFO: Validation ROC-AUC: 0.526136
2025-04-01 13:01:03,675 - INFO: Evaluating at iteration 47031
2025-04-01 13:01:03,732 - INFO: Loss: 0.352978
2025-04-01 13:01:03,732 - INFO: Training ROC-AUC: 0.932367
2025-04-01 13:01:03,732 - INFO: Validation ROC-AUC: 0.552931
2025-04-01 13:01:13,572 - INFO: Evaluating at iteration 47531
2025-04-01 13:01:13,649 - INFO: Loss: 0.304959
2025-04-01 13:01:13,649 - INFO: Training ROC-AUC: 0.948571
2025-04-01 13:01:13,649 - INFO: Validation ROC-AUC: 0.557920
2025-04-01 13:01:23,463 - INFO: Evaluating at iteration 48031
2025-04-01 13:01:23,520 - INFO: Loss: 0.277748
2025-04-01 13:01:23,520 - INFO: Training ROC-AUC: 0.918519
2025-04-01 13:01:23,520 - INFO: Validation ROC-AUC: 0.510501
2025-04-01 13:01:33,433 - INFO: Evaluating at iteration 48531
2025-04-01 13:01:33,491 - INFO: Loss: 0.299491
2025-04-01 13:01:33,491 - INFO: Training ROC-AUC: 0.903846
2025-04-01 13:01:33,492 - INFO: Validation ROC-AUC: 0.531301
2025-04-01 13:01:43,368 - INFO: Evaluating at iteration 49031
2025-04-01 13:01:43,427 - INFO: Loss: 0.231561
2025-04-01 13:01:43,427 - INFO: Training ROC-AUC: 0.948718
2025-04-01 13:01:43,427 - INFO: Validation ROC-AUC: 0.536793
2025-04-01 13:01:45,055 - INFO: Starting epoch 20
2025-04-01 13:01:45,075 - INFO: Evaluating at iteration 49116
2025-04-01 13:01:45,135 - INFO: Loss: 0.286716
2025-04-01 13:01:45,135 - INFO: Training ROC-AUC: 0.874074
2025-04-01 13:01:45,135 - INFO: Validation ROC-AUC: 0.544330
2025-04-01 13:01:54,931 - INFO: Evaluating at iteration 49616
2025-04-01 13:01:54,989 - INFO: Loss: 0.273866
2025-04-01 13:01:54,989 - INFO: Training ROC-AUC: 0.851852
2025-04-01 13:01:54,989 - INFO: Validation ROC-AUC: 0.522975
2025-04-01 13:02:04,845 - INFO: Evaluating at iteration 50116
2025-04-01 13:02:04,903 - INFO: Loss: 0.236894
2025-04-01 13:02:04,903 - INFO: Training ROC-AUC: 0.903846
2025-04-01 13:02:04,903 - INFO: Validation ROC-AUC: 0.527651
2025-04-01 13:02:14,848 - INFO: Evaluating at iteration 50616
2025-04-01 13:02:14,906 - INFO: Loss: 0.422177
2025-04-01 13:02:14,906 - INFO: Training ROC-AUC: 0.718519
2025-04-01 13:02:14,906 - INFO: Validation ROC-AUC: 0.521825
2025-04-01 13:02:24,762 - INFO: Evaluating at iteration 51116
2025-04-01 13:02:24,825 - INFO: Loss: 0.316565
2025-04-01 13:02:24,825 - INFO: Training ROC-AUC: 0.829630
2025-04-01 13:02:24,825 - INFO: Validation ROC-AUC: 0.531549
2025-04-01 13:02:34,785 - INFO: Evaluating at iteration 51616
2025-04-01 13:02:34,843 - INFO: Loss: 0.312430
2025-04-01 13:02:34,843 - INFO: Training ROC-AUC: 0.851852
2025-04-01 13:02:34,844 - INFO: Validation ROC-AUC: 0.517574
2025-04-01 13:02:36,499 - INFO: Starting epoch 21
2025-04-01 13:02:36,529 - INFO: Evaluating at iteration 51701
2025-04-01 13:02:36,587 - INFO: Loss: 0.398788
2025-04-01 13:02:36,587 - INFO: Training ROC-AUC: 0.792271
2025-04-01 13:02:36,587 - INFO: Validation ROC-AUC: 0.527442
2025-04-01 13:02:46,545 - INFO: Evaluating at iteration 52201
2025-04-01 13:02:46,603 - INFO: Loss: 0.207229
2025-04-01 13:02:46,604 - INFO: Training ROC-AUC: 0.850000
2025-04-01 13:02:46,604 - INFO: Validation ROC-AUC: 0.508712
2025-04-01 13:02:56,604 - INFO: Evaluating at iteration 52701
2025-04-01 13:02:56,667 - INFO: Loss: 0.270583
2025-04-01 13:02:56,667 - INFO: Training ROC-AUC: 0.830357
2025-04-01 13:02:56,667 - INFO: Validation ROC-AUC: 0.526860
2025-04-01 13:03:06,690 - INFO: Evaluating at iteration 53201
2025-04-01 13:03:06,750 - INFO: Loss: 0.398434
2025-04-01 13:03:06,750 - INFO: Training ROC-AUC: 0.794286
2025-04-01 13:03:06,750 - INFO: Validation ROC-AUC: 0.524522
2025-04-01 13:03:16,881 - INFO: Evaluating at iteration 53701
2025-04-01 13:03:16,938 - INFO: Loss: 0.272920
2025-04-01 13:03:16,939 - INFO: Training ROC-AUC: 0.891026
2025-04-01 13:03:16,939 - INFO: Validation ROC-AUC: 0.531922
2025-04-01 13:03:26,834 - INFO: Evaluating at iteration 54201
2025-04-01 13:03:26,891 - INFO: Loss: 0.240072
2025-04-01 13:03:26,891 - INFO: Training ROC-AUC: 0.925926
2025-04-01 13:03:26,891 - INFO: Validation ROC-AUC: 0.543579
2025-04-01 13:03:28,614 - INFO: Starting epoch 22
2025-04-01 13:03:28,634 - INFO: Evaluating at iteration 54286
2025-04-01 13:03:28,692 - INFO: Loss: 0.300070
2025-04-01 13:03:28,692 - INFO: Training ROC-AUC: 0.858974
2025-04-01 13:03:28,692 - INFO: Validation ROC-AUC: 0.540340
2025-04-01 13:03:38,791 - INFO: Evaluating at iteration 54786
2025-04-01 13:03:38,849 - INFO: Loss: 0.333414
2025-04-01 13:03:38,849 - INFO: Training ROC-AUC: 0.811429
2025-04-01 13:03:38,849 - INFO: Validation ROC-AUC: 0.528349
2025-04-01 13:03:49,005 - INFO: Evaluating at iteration 55286
2025-04-01 13:03:49,063 - INFO: Loss: 0.375243
2025-04-01 13:03:49,063 - INFO: Training ROC-AUC: 0.828571
2025-04-01 13:03:49,063 - INFO: Validation ROC-AUC: 0.533894
2025-04-01 13:03:59,095 - INFO: Evaluating at iteration 55786
2025-04-01 13:03:59,152 - INFO: Loss: 0.303521
2025-04-01 13:03:59,152 - INFO: Training ROC-AUC: 0.750000
2025-04-01 13:03:59,152 - INFO: Validation ROC-AUC: 0.514864
2025-04-01 13:04:09,195 - INFO: Evaluating at iteration 56286
2025-04-01 13:04:09,255 - INFO: Loss: 0.231508
2025-04-01 13:04:09,255 - INFO: Training ROC-AUC: 0.919643
2025-04-01 13:04:09,255 - INFO: Validation ROC-AUC: 0.544682
2025-04-01 13:04:19,380 - INFO: Evaluating at iteration 56786
2025-04-01 13:04:19,438 - INFO: Loss: 0.324939
2025-04-01 13:04:19,438 - INFO: Training ROC-AUC: 0.833333
2025-04-01 13:04:19,438 - INFO: Validation ROC-AUC: 0.514962
2025-04-01 13:04:21,172 - INFO: Starting epoch 23
2025-04-01 13:04:21,195 - INFO: Evaluating at iteration 56871
2025-04-01 13:04:21,253 - INFO: Loss: 0.206716
2025-04-01 13:04:21,253 - INFO: Training ROC-AUC: 0.908046
2025-04-01 13:04:21,253 - INFO: Validation ROC-AUC: 0.523171
2025-04-01 13:04:31,538 - INFO: Evaluating at iteration 57371
2025-04-01 13:04:31,598 - INFO: Loss: 0.535890
2025-04-01 13:04:31,598 - INFO: Training ROC-AUC: 0.838057
2025-04-01 13:04:31,598 - INFO: Validation ROC-AUC: 0.529185
2025-04-01 13:04:41,872 - INFO: Evaluating at iteration 57871
2025-04-01 13:04:41,930 - INFO: Loss: 0.228884
2025-04-01 13:04:41,930 - INFO: Training ROC-AUC: 0.700000
2025-04-01 13:04:41,930 - INFO: Validation ROC-AUC: 0.533822
2025-04-01 13:04:52,133 - INFO: Evaluating at iteration 58371
2025-04-01 13:04:52,191 - INFO: Loss: 0.179158
2025-04-01 13:04:52,191 - INFO: Training ROC-AUC: 0.942529
2025-04-01 13:04:52,191 - INFO: Validation ROC-AUC: 0.533848
2025-04-01 13:05:02,463 - INFO: Evaluating at iteration 58871
2025-04-01 13:05:02,521 - INFO: Loss: 0.318362
2025-04-01 13:05:02,521 - INFO: Training ROC-AUC: 0.857143
2025-04-01 13:05:02,521 - INFO: Validation ROC-AUC: 0.532797
2025-04-01 13:05:12,880 - INFO: Evaluating at iteration 59371
2025-04-01 13:05:12,940 - INFO: Loss: 0.305725
2025-04-01 13:05:12,940 - INFO: Training ROC-AUC: 0.897436
2025-04-01 13:05:12,940 - INFO: Validation ROC-AUC: 0.531386
2025-04-01 13:05:14,685 - INFO: Starting epoch 24
2025-04-01 13:05:14,706 - INFO: Evaluating at iteration 59456
2025-04-01 13:05:14,765 - INFO: Loss: 0.296530
2025-04-01 13:05:14,766 - INFO: Training ROC-AUC: 0.942529
2025-04-01 13:05:14,766 - INFO: Validation ROC-AUC: 0.542802
2025-04-01 13:05:25,020 - INFO: Evaluating at iteration 59956
2025-04-01 13:05:25,077 - INFO: Loss: 0.242024
2025-04-01 13:05:25,077 - INFO: Training ROC-AUC: 0.925926
2025-04-01 13:05:25,078 - INFO: Validation ROC-AUC: 0.536931
2025-04-01 13:05:35,356 - INFO: Evaluating at iteration 60456
2025-04-01 13:05:35,414 - INFO: Loss: 0.407290
2025-04-01 13:05:35,414 - INFO: Training ROC-AUC: 0.895455
2025-04-01 13:05:35,414 - INFO: Validation ROC-AUC: 0.539660
2025-04-01 13:05:45,763 - INFO: Evaluating at iteration 60956
2025-04-01 13:05:45,821 - INFO: Loss: 0.280160
2025-04-01 13:05:45,821 - INFO: Training ROC-AUC: 0.770115
2025-04-01 13:05:45,821 - INFO: Validation ROC-AUC: 0.523726
2025-04-01 13:05:56,229 - INFO: Evaluating at iteration 61456
2025-04-01 13:05:56,289 - INFO: Loss: 0.289207
2025-04-01 13:05:56,289 - INFO: Training ROC-AUC: 0.852564
2025-04-01 13:05:56,289 - INFO: Validation ROC-AUC: 0.526266
2025-04-01 13:06:06,956 - INFO: Evaluating at iteration 61956
2025-04-01 13:06:07,014 - INFO: Loss: 0.259497
2025-04-01 13:06:07,014 - INFO: Training ROC-AUC: 0.942308
2025-04-01 13:06:07,014 - INFO: Validation ROC-AUC: 0.537538
2025-04-01 13:06:08,811 - INFO: Starting epoch 25
2025-04-01 13:06:08,832 - INFO: Evaluating at iteration 62041
2025-04-01 13:06:08,889 - INFO: Loss: 0.262846
2025-04-01 13:06:08,889 - INFO: Training ROC-AUC: 0.923077
2025-04-01 13:06:08,889 - INFO: Validation ROC-AUC: 0.506322
2025-04-01 13:06:19,460 - INFO: Evaluating at iteration 62541
2025-04-01 13:06:19,518 - INFO: Loss: 0.261588
2025-04-01 13:06:19,518 - INFO: Training ROC-AUC: 0.850575
2025-04-01 13:06:19,518 - INFO: Validation ROC-AUC: 0.508790
2025-04-01 13:06:30,019 - INFO: Evaluating at iteration 63041
2025-04-01 13:06:30,076 - INFO: Loss: 0.306888
2025-04-01 13:06:30,076 - INFO: Training ROC-AUC: 0.891026
2025-04-01 13:06:30,076 - INFO: Validation ROC-AUC: 0.527651
2025-04-01 13:06:40,573 - INFO: Evaluating at iteration 63541
2025-04-01 13:06:40,633 - INFO: Loss: 0.314723
2025-04-01 13:06:40,633 - INFO: Training ROC-AUC: 0.902857
2025-04-01 13:06:40,633 - INFO: Validation ROC-AUC: 0.536696
2025-04-01 13:06:51,098 - INFO: Evaluating at iteration 64041
2025-04-01 13:06:51,155 - INFO: Loss: 0.252659
2025-04-01 13:06:51,155 - INFO: Training ROC-AUC: 0.937500
2025-04-01 13:06:51,155 - INFO: Validation ROC-AUC: 0.545838
2025-04-01 13:07:01,649 - INFO: Evaluating at iteration 64541
2025-04-01 13:07:01,707 - INFO: Loss: 0.354172
2025-04-01 13:07:01,707 - INFO: Training ROC-AUC: 0.792593
2025-04-01 13:07:01,707 - INFO: Validation ROC-AUC: 0.506204
2025-04-01 13:07:03,518 - INFO: Saving model to models/TCRStructMap_cdrs_mhc_pseudo/model_1.pt
2025-04-01 13:07:03,533 - INFO: Starting fold 2
2025-04-01 13:07:03,550 - INFO: Initialising model
2025-04-01 13:07:03,559 - INFO: Starting training
2025-04-01 13:07:03,559 - INFO: Starting epoch 1
2025-04-01 13:07:03,580 - INFO: Evaluating at iteration 1
2025-04-01 13:07:03,733 - INFO: Loss: 0.707199
2025-04-01 13:07:03,733 - INFO: Training ROC-AUC: 0.440000
2025-04-01 13:07:03,733 - INFO: Validation ROC-AUC: 0.487344
2025-04-01 13:07:12,671 - INFO: Evaluating at iteration 501
2025-04-01 13:07:12,815 - INFO: Loss: 0.477266
2025-04-01 13:07:12,815 - INFO: Training ROC-AUC: 0.725714
2025-04-01 13:07:12,815 - INFO: Validation ROC-AUC: 0.521669
2025-04-01 13:07:21,938 - INFO: Evaluating at iteration 1001
2025-04-01 13:07:22,086 - INFO: Loss: 0.485280
2025-04-01 13:07:22,086 - INFO: Training ROC-AUC: 0.600000
2025-04-01 13:07:22,086 - INFO: Validation ROC-AUC: 0.497194
2025-04-01 13:07:31,214 - INFO: Evaluating at iteration 1501
2025-04-01 13:07:31,356 - INFO: Loss: 0.420345
2025-04-01 13:07:31,356 - INFO: Training ROC-AUC: 0.637037
2025-04-01 13:07:31,356 - INFO: Validation ROC-AUC: 0.455213
2025-04-01 13:07:40,493 - INFO: Evaluating at iteration 2001
2025-04-01 13:07:40,638 - INFO: Loss: 0.317789
2025-04-01 13:07:40,638 - INFO: Training ROC-AUC: 0.946429
2025-04-01 13:07:40,638 - INFO: Validation ROC-AUC: 0.430260
2025-04-01 13:07:49,699 - INFO: Evaluating at iteration 2501
2025-04-01 13:07:49,844 - INFO: Loss: 0.314775
2025-04-01 13:07:49,844 - INFO: Training ROC-AUC: 0.643678
2025-04-01 13:07:49,844 - INFO: Validation ROC-AUC: 0.466971
2025-04-01 13:07:50,497 - INFO: Starting epoch 2
2025-04-01 13:07:50,516 - INFO: Evaluating at iteration 2538
2025-04-01 13:07:50,666 - INFO: Loss: 0.291522
2025-04-01 13:07:50,666 - INFO: Training ROC-AUC: 0.858974
2025-04-01 13:07:50,666 - INFO: Validation ROC-AUC: 0.467063
2025-04-01 13:07:59,782 - INFO: Evaluating at iteration 3038
2025-04-01 13:07:59,927 - INFO: Loss: 0.448639
2025-04-01 13:07:59,927 - INFO: Training ROC-AUC: 0.660256
2025-04-01 13:07:59,927 - INFO: Validation ROC-AUC: 0.477310
2025-04-01 13:08:08,957 - INFO: Evaluating at iteration 3538
2025-04-01 13:08:09,101 - INFO: Loss: 0.284451
2025-04-01 13:08:09,101 - INFO: Training ROC-AUC: 0.540230
2025-04-01 13:08:09,101 - INFO: Validation ROC-AUC: 0.472115
2025-04-01 13:08:18,212 - INFO: Evaluating at iteration 4038
2025-04-01 13:08:18,360 - INFO: Loss: 0.287768
2025-04-01 13:08:18,360 - INFO: Training ROC-AUC: 0.785714
2025-04-01 13:08:18,360 - INFO: Validation ROC-AUC: 0.486667
2025-04-01 13:08:27,468 - INFO: Evaluating at iteration 4538
2025-04-01 13:08:27,612 - INFO: Loss: 0.162645
2025-04-01 13:08:27,612 - INFO: Training ROC-AUC: 0.935484
2025-04-01 13:08:27,612 - INFO: Validation ROC-AUC: 0.495056
2025-04-01 13:08:36,789 - INFO: Evaluating at iteration 5038
2025-04-01 13:08:36,929 - INFO: Loss: 0.331374
2025-04-01 13:08:36,930 - INFO: Training ROC-AUC: 0.563218
2025-04-01 13:08:36,930 - INFO: Validation ROC-AUC: 0.502789
2025-04-01 13:08:37,604 - INFO: Starting epoch 3
2025-04-01 13:08:37,624 - INFO: Evaluating at iteration 5075
2025-04-01 13:08:37,772 - INFO: Loss: 0.351695
2025-04-01 13:08:37,772 - INFO: Training ROC-AUC: 0.724359
2025-04-01 13:08:37,772 - INFO: Validation ROC-AUC: 0.508620
2025-04-01 13:08:46,912 - INFO: Evaluating at iteration 5575
2025-04-01 13:08:47,056 - INFO: Loss: 0.230535
2025-04-01 13:08:47,056 - INFO: Training ROC-AUC: 0.516129
2025-04-01 13:08:47,056 - INFO: Validation ROC-AUC: 0.516800
2025-04-01 13:08:56,167 - INFO: Evaluating at iteration 6075
2025-04-01 13:08:56,316 - INFO: Loss: 0.278075
2025-04-01 13:08:56,316 - INFO: Training ROC-AUC: 0.666667
2025-04-01 13:08:56,316 - INFO: Validation ROC-AUC: 0.531386
2025-04-01 13:09:05,479 - INFO: Evaluating at iteration 6575
2025-04-01 13:09:05,625 - INFO: Loss: 0.452764
2025-04-01 13:09:05,625 - INFO: Training ROC-AUC: 0.755208
2025-04-01 13:09:05,625 - INFO: Validation ROC-AUC: 0.563391
2025-04-01 13:09:14,811 - INFO: Evaluating at iteration 7075
2025-04-01 13:09:14,956 - INFO: Loss: 0.197364
2025-04-01 13:09:14,956 - INFO: Training ROC-AUC: 0.954023
2025-04-01 13:09:14,956 - INFO: Validation ROC-AUC: 0.552417
2025-04-01 13:09:24,047 - INFO: Evaluating at iteration 7575
2025-04-01 13:09:24,189 - INFO: Loss: 0.309902
2025-04-01 13:09:24,189 - INFO: Training ROC-AUC: 0.902857
2025-04-01 13:09:24,189 - INFO: Validation ROC-AUC: 0.545350
2025-04-01 13:09:24,859 - INFO: Starting epoch 4
2025-04-01 13:09:24,879 - INFO: Evaluating at iteration 7612
2025-04-01 13:09:25,025 - INFO: Loss: 0.421454
2025-04-01 13:09:25,025 - INFO: Training ROC-AUC: 0.811429
2025-04-01 13:09:25,025 - INFO: Validation ROC-AUC: 0.538827
2025-04-01 13:09:34,173 - INFO: Evaluating at iteration 8112
2025-04-01 13:09:34,317 - INFO: Loss: 0.311964
2025-04-01 13:09:34,317 - INFO: Training ROC-AUC: 0.857143
2025-04-01 13:09:34,318 - INFO: Validation ROC-AUC: 0.556674
2025-04-01 13:09:43,484 - INFO: Evaluating at iteration 8612
2025-04-01 13:09:43,628 - INFO: Loss: 0.277064
2025-04-01 13:09:43,628 - INFO: Training ROC-AUC: 0.793103
2025-04-01 13:09:43,628 - INFO: Validation ROC-AUC: 0.542733
2025-04-01 13:09:52,734 - INFO: Evaluating at iteration 9112
2025-04-01 13:09:52,882 - INFO: Loss: 0.523463
2025-04-01 13:09:52,882 - INFO: Training ROC-AUC: 0.718750
2025-04-01 13:09:52,882 - INFO: Validation ROC-AUC: 0.537076
2025-04-01 13:10:02,107 - INFO: Evaluating at iteration 9612
2025-04-01 13:10:02,255 - INFO: Loss: 0.329486
2025-04-01 13:10:02,255 - INFO: Training ROC-AUC: 0.807407
2025-04-01 13:10:02,255 - INFO: Validation ROC-AUC: 0.555315
2025-04-01 13:10:11,421 - INFO: Evaluating at iteration 10112
2025-04-01 13:10:11,566 - INFO: Loss: 0.424964
2025-04-01 13:10:11,566 - INFO: Training ROC-AUC: 0.777143
2025-04-01 13:10:11,566 - INFO: Validation ROC-AUC: 0.556563
2025-04-01 13:10:12,228 - INFO: Starting epoch 5
2025-04-01 13:10:12,248 - INFO: Evaluating at iteration 10149
2025-04-01 13:10:12,395 - INFO: Loss: 0.248305
2025-04-01 13:10:12,395 - INFO: Training ROC-AUC: 0.973214
2025-04-01 13:10:12,395 - INFO: Validation ROC-AUC: 0.557767
2025-04-01 13:10:21,692 - INFO: Evaluating at iteration 10649
2025-04-01 13:10:21,839 - INFO: Loss: 0.267671
2025-04-01 13:10:21,839 - INFO: Training ROC-AUC: 0.566667
2025-04-01 13:10:21,839 - INFO: Validation ROC-AUC: 0.541817
2025-04-01 13:10:31,038 - INFO: Evaluating at iteration 11149
2025-04-01 13:10:31,184 - INFO: Loss: 0.278921
2025-04-01 13:10:31,184 - INFO: Training ROC-AUC: 0.866071
2025-04-01 13:10:31,184 - INFO: Validation ROC-AUC: 0.546615
2025-04-01 13:10:40,323 - INFO: Evaluating at iteration 11649
2025-04-01 13:10:40,467 - INFO: Loss: 0.449905
2025-04-01 13:10:40,467 - INFO: Training ROC-AUC: 0.782857
2025-04-01 13:10:40,467 - INFO: Validation ROC-AUC: 0.561051
2025-04-01 13:10:49,678 - INFO: Evaluating at iteration 12149
2025-04-01 13:10:49,825 - INFO: Loss: 0.283079
2025-04-01 13:10:49,825 - INFO: Training ROC-AUC: 0.732143
2025-04-01 13:10:49,825 - INFO: Validation ROC-AUC: 0.556345
2025-04-01 13:10:59,099 - INFO: Evaluating at iteration 12649
2025-04-01 13:10:59,243 - INFO: Loss: 0.377584
2025-04-01 13:10:59,243 - INFO: Training ROC-AUC: 0.688889
2025-04-01 13:10:59,243 - INFO: Validation ROC-AUC: 0.553134
2025-04-01 13:10:59,908 - INFO: Starting epoch 6
2025-04-01 13:10:59,927 - INFO: Evaluating at iteration 12686
2025-04-01 13:11:00,075 - INFO: Loss: 0.240152
2025-04-01 13:11:00,075 - INFO: Training ROC-AUC: 0.833333
2025-04-01 13:11:00,075 - INFO: Validation ROC-AUC: 0.555810
2025-04-01 13:11:09,323 - INFO: Evaluating at iteration 13186
2025-04-01 13:11:09,466 - INFO: Loss: 0.302725
2025-04-01 13:11:09,467 - INFO: Training ROC-AUC: 0.891026
2025-04-01 13:11:09,467 - INFO: Validation ROC-AUC: 0.555301
2025-04-01 13:11:18,702 - INFO: Evaluating at iteration 13686
2025-04-01 13:11:18,849 - INFO: Loss: 0.261443
2025-04-01 13:11:18,849 - INFO: Training ROC-AUC: 0.804598
2025-04-01 13:11:18,849 - INFO: Validation ROC-AUC: 0.558816
2025-04-01 13:11:28,187 - INFO: Evaluating at iteration 14186
2025-04-01 13:11:28,337 - INFO: Loss: 0.395026
2025-04-01 13:11:28,338 - INFO: Training ROC-AUC: 0.851429
2025-04-01 13:11:28,338 - INFO: Validation ROC-AUC: 0.561057
2025-04-01 13:11:37,541 - INFO: Evaluating at iteration 14686
2025-04-01 13:11:37,685 - INFO: Loss: 0.428061
2025-04-01 13:11:37,686 - INFO: Training ROC-AUC: 0.705128
2025-04-01 13:11:37,686 - INFO: Validation ROC-AUC: 0.575023
2025-04-01 13:11:46,948 - INFO: Evaluating at iteration 15186
2025-04-01 13:11:47,094 - INFO: Loss: 0.437157
2025-04-01 13:11:47,094 - INFO: Training ROC-AUC: 0.791667
2025-04-01 13:11:47,094 - INFO: Validation ROC-AUC: 0.566940
2025-04-01 13:11:47,753 - INFO: Starting epoch 7
2025-04-01 13:11:47,773 - INFO: Evaluating at iteration 15223
2025-04-01 13:11:47,917 - INFO: Loss: 0.311481
2025-04-01 13:11:47,917 - INFO: Training ROC-AUC: 0.687500
2025-04-01 13:11:47,917 - INFO: Validation ROC-AUC: 0.560497
2025-04-01 13:11:57,173 - INFO: Evaluating at iteration 15723
2025-04-01 13:11:57,317 - INFO: Loss: 0.425965
2025-04-01 13:11:57,318 - INFO: Training ROC-AUC: 0.765625
2025-04-01 13:11:57,318 - INFO: Validation ROC-AUC: 0.552667
2025-04-01 13:12:06,606 - INFO: Evaluating at iteration 16223
2025-04-01 13:12:06,749 - INFO: Loss: 0.509378
2025-04-01 13:12:06,749 - INFO: Training ROC-AUC: 0.772947
2025-04-01 13:12:06,750 - INFO: Validation ROC-AUC: 0.582780
2025-04-01 13:12:16,045 - INFO: Evaluating at iteration 16723
2025-04-01 13:12:16,190 - INFO: Loss: 0.489235
2025-04-01 13:12:16,190 - INFO: Training ROC-AUC: 0.628571
2025-04-01 13:12:16,190 - INFO: Validation ROC-AUC: 0.556367
2025-04-01 13:12:25,418 - INFO: Evaluating at iteration 17223
2025-04-01 13:12:25,565 - INFO: Loss: 0.436430
2025-04-01 13:12:25,565 - INFO: Training ROC-AUC: 0.771429
2025-04-01 13:12:25,565 - INFO: Validation ROC-AUC: 0.560509
2025-04-01 13:12:34,831 - INFO: Evaluating at iteration 17723
2025-04-01 13:12:34,975 - INFO: Loss: 0.416898
2025-04-01 13:12:34,975 - INFO: Training ROC-AUC: 0.765714
2025-04-01 13:12:34,975 - INFO: Validation ROC-AUC: 0.565166
2025-04-01 13:12:35,643 - INFO: Starting epoch 8
2025-04-01 13:12:35,663 - INFO: Evaluating at iteration 17760
2025-04-01 13:12:35,810 - INFO: Loss: 0.347784
2025-04-01 13:12:35,810 - INFO: Training ROC-AUC: 0.871795
2025-04-01 13:12:35,810 - INFO: Validation ROC-AUC: 0.561214
2025-04-01 13:12:45,123 - INFO: Evaluating at iteration 18260
2025-04-01 13:12:45,270 - INFO: Loss: 0.340849
2025-04-01 13:12:45,270 - INFO: Training ROC-AUC: 0.968750
2025-04-01 13:12:45,270 - INFO: Validation ROC-AUC: 0.581081
2025-04-01 13:12:54,515 - INFO: Evaluating at iteration 18760
2025-04-01 13:12:54,662 - INFO: Loss: 0.318132
2025-04-01 13:12:54,662 - INFO: Training ROC-AUC: 0.714286
2025-04-01 13:12:54,662 - INFO: Validation ROC-AUC: 0.565228
2025-04-01 13:13:04,000 - INFO: Evaluating at iteration 19260
2025-04-01 13:13:04,135 - INFO: Loss: 0.429559
2025-04-01 13:13:04,136 - INFO: Training ROC-AUC: 0.717949
2025-04-01 13:13:04,136 - INFO: Validation ROC-AUC: 0.549507
2025-04-01 13:13:13,398 - INFO: Evaluating at iteration 19760
2025-04-01 13:13:13,532 - INFO: Loss: 0.324269
2025-04-01 13:13:13,532 - INFO: Training ROC-AUC: 0.898551
2025-04-01 13:13:13,532 - INFO: Validation ROC-AUC: 0.549292
2025-04-01 13:13:22,812 - INFO: Evaluating at iteration 20260
2025-04-01 13:13:22,945 - INFO: Loss: 0.344174
2025-04-01 13:13:22,945 - INFO: Training ROC-AUC: 0.770370
2025-04-01 13:13:22,945 - INFO: Validation ROC-AUC: 0.573661
2025-04-01 13:13:23,605 - INFO: Starting epoch 9
2025-04-01 13:13:23,625 - INFO: Evaluating at iteration 20297
2025-04-01 13:13:23,760 - INFO: Loss: 0.185934
2025-04-01 13:13:23,760 - INFO: Training ROC-AUC: 0.970370
2025-04-01 13:13:23,760 - INFO: Validation ROC-AUC: 0.569428
2025-04-01 13:13:33,076 - INFO: Evaluating at iteration 20797
2025-04-01 13:13:33,212 - INFO: Loss: 0.406164
2025-04-01 13:13:33,212 - INFO: Training ROC-AUC: 0.822917
2025-04-01 13:13:33,212 - INFO: Validation ROC-AUC: 0.568341
2025-04-01 13:13:42,428 - INFO: Evaluating at iteration 21297
2025-04-01 13:13:42,560 - INFO: Loss: 0.257374
2025-04-01 13:13:42,560 - INFO: Training ROC-AUC: 0.857143
2025-04-01 13:13:42,560 - INFO: Validation ROC-AUC: 0.587766
2025-04-01 13:13:51,922 - INFO: Evaluating at iteration 21797
2025-04-01 13:13:52,055 - INFO: Loss: 0.242496
2025-04-01 13:13:52,056 - INFO: Training ROC-AUC: 0.827586
2025-04-01 13:13:52,056 - INFO: Validation ROC-AUC: 0.542666
2025-04-01 13:14:01,413 - INFO: Evaluating at iteration 22297
2025-04-01 13:14:01,547 - INFO: Loss: 0.301739
2025-04-01 13:14:01,547 - INFO: Training ROC-AUC: 0.803571
2025-04-01 13:14:01,547 - INFO: Validation ROC-AUC: 0.552549
2025-04-01 13:14:10,847 - INFO: Evaluating at iteration 22797
2025-04-01 13:14:10,980 - INFO: Loss: 0.326536
2025-04-01 13:14:10,980 - INFO: Training ROC-AUC: 0.762963
2025-04-01 13:14:10,980 - INFO: Validation ROC-AUC: 0.559543
2025-04-01 13:14:11,650 - INFO: Starting epoch 10
2025-04-01 13:14:11,670 - INFO: Evaluating at iteration 22834
2025-04-01 13:14:11,802 - INFO: Loss: 0.260415
2025-04-01 13:14:11,802 - INFO: Training ROC-AUC: 0.583333
2025-04-01 13:14:11,803 - INFO: Validation ROC-AUC: 0.554791
2025-04-01 13:14:21,216 - INFO: Evaluating at iteration 23334
2025-04-01 13:14:21,351 - INFO: Loss: 0.407044
2025-04-01 13:14:21,351 - INFO: Training ROC-AUC: 0.685714
2025-04-01 13:14:21,351 - INFO: Validation ROC-AUC: 0.574266
2025-04-01 13:14:30,739 - INFO: Evaluating at iteration 23834
2025-04-01 13:14:30,873 - INFO: Loss: 0.233135
2025-04-01 13:14:30,873 - INFO: Training ROC-AUC: 0.940741
2025-04-01 13:14:30,873 - INFO: Validation ROC-AUC: 0.561477
2025-04-01 13:14:40,214 - INFO: Evaluating at iteration 24334
2025-04-01 13:14:40,348 - INFO: Loss: 0.345073
2025-04-01 13:14:40,348 - INFO: Training ROC-AUC: 0.857143
2025-04-01 13:14:40,348 - INFO: Validation ROC-AUC: 0.559898
2025-04-01 13:14:49,724 - INFO: Evaluating at iteration 24834
2025-04-01 13:14:49,860 - INFO: Loss: 0.376189
2025-04-01 13:14:49,860 - INFO: Training ROC-AUC: 0.931429
2025-04-01 13:14:49,860 - INFO: Validation ROC-AUC: 0.576285
2025-04-01 13:14:59,286 - INFO: Evaluating at iteration 25334
2025-04-01 13:14:59,420 - INFO: Loss: 0.294806
2025-04-01 13:14:59,420 - INFO: Training ROC-AUC: 0.874074
2025-04-01 13:14:59,421 - INFO: Validation ROC-AUC: 0.549108
2025-04-01 13:15:00,089 - INFO: Starting epoch 11
2025-04-01 13:15:00,110 - INFO: Evaluating at iteration 25371
2025-04-01 13:15:00,244 - INFO: Loss: 0.225978
2025-04-01 13:15:00,244 - INFO: Training ROC-AUC: 0.750000
2025-04-01 13:15:00,244 - INFO: Validation ROC-AUC: 0.558846
2025-04-01 13:15:09,640 - INFO: Evaluating at iteration 25871
2025-04-01 13:15:09,776 - INFO: Loss: 0.291236
2025-04-01 13:15:09,776 - INFO: Training ROC-AUC: 0.977778
2025-04-01 13:15:09,776 - INFO: Validation ROC-AUC: 0.559642
2025-04-01 13:15:19,165 - INFO: Evaluating at iteration 26371
2025-04-01 13:15:19,297 - INFO: Loss: 0.398301
2025-04-01 13:15:19,298 - INFO: Training ROC-AUC: 0.845714
2025-04-01 13:15:19,298 - INFO: Validation ROC-AUC: 0.567446
2025-04-01 13:15:28,654 - INFO: Evaluating at iteration 26871
2025-04-01 13:15:28,793 - INFO: Loss: 0.277043
2025-04-01 13:15:28,793 - INFO: Training ROC-AUC: 0.916667
2025-04-01 13:15:28,793 - INFO: Validation ROC-AUC: 0.564248
2025-04-01 13:15:38,149 - INFO: Evaluating at iteration 27371
2025-04-01 13:15:38,282 - INFO: Loss: 0.227470
2025-04-01 13:15:38,282 - INFO: Training ROC-AUC: 0.970370
2025-04-01 13:15:38,282 - INFO: Validation ROC-AUC: 0.573800
2025-04-01 13:15:47,721 - INFO: Evaluating at iteration 27871
2025-04-01 13:15:47,855 - INFO: Loss: 0.219882
2025-04-01 13:15:47,856 - INFO: Training ROC-AUC: 0.937500
2025-04-01 13:15:47,856 - INFO: Validation ROC-AUC: 0.587586
2025-04-01 13:15:48,531 - INFO: Starting epoch 12
2025-04-01 13:15:48,551 - INFO: Evaluating at iteration 27908
2025-04-01 13:15:48,683 - INFO: Loss: 0.490411
2025-04-01 13:15:48,683 - INFO: Training ROC-AUC: 0.777778
2025-04-01 13:15:48,683 - INFO: Validation ROC-AUC: 0.565707
2025-04-01 13:15:58,166 - INFO: Evaluating at iteration 28408
2025-04-01 13:15:58,307 - INFO: Loss: 0.429309
2025-04-01 13:15:58,307 - INFO: Training ROC-AUC: 0.666667
2025-04-01 13:15:58,307 - INFO: Validation ROC-AUC: 0.574719
2025-04-01 13:16:07,729 - INFO: Evaluating at iteration 28908
2025-04-01 13:16:07,874 - INFO: Loss: 0.428942
2025-04-01 13:16:07,875 - INFO: Training ROC-AUC: 0.705128
2025-04-01 13:16:07,875 - INFO: Validation ROC-AUC: 0.565562
2025-04-01 13:16:17,269 - INFO: Evaluating at iteration 29408
2025-04-01 13:16:17,402 - INFO: Loss: 0.314351
2025-04-01 13:16:17,402 - INFO: Training ROC-AUC: 0.851852
2025-04-01 13:16:17,402 - INFO: Validation ROC-AUC: 0.533621
2025-04-01 13:16:26,760 - INFO: Evaluating at iteration 29908
2025-04-01 13:16:26,904 - INFO: Loss: 0.459642
2025-04-01 13:16:26,904 - INFO: Training ROC-AUC: 0.822727
2025-04-01 13:16:26,904 - INFO: Validation ROC-AUC: 0.569984
2025-04-01 13:16:36,318 - INFO: Evaluating at iteration 30408
2025-04-01 13:16:36,463 - INFO: Loss: 0.410104
2025-04-01 13:16:36,464 - INFO: Training ROC-AUC: 0.737179
2025-04-01 13:16:36,464 - INFO: Validation ROC-AUC: 0.551823
2025-04-01 13:16:37,133 - INFO: Starting epoch 13
2025-04-01 13:16:37,153 - INFO: Evaluating at iteration 30445
2025-04-01 13:16:37,297 - INFO: Loss: 0.321332
2025-04-01 13:16:37,297 - INFO: Training ROC-AUC: 0.960000
2025-04-01 13:16:37,297 - INFO: Validation ROC-AUC: 0.561475
2025-04-01 13:16:46,707 - INFO: Evaluating at iteration 30945
2025-04-01 13:16:46,854 - INFO: Loss: 0.307318
2025-04-01 13:16:46,854 - INFO: Training ROC-AUC: 0.925714
2025-04-01 13:16:46,854 - INFO: Validation ROC-AUC: 0.561160
2025-04-01 13:16:56,261 - INFO: Evaluating at iteration 31445
2025-04-01 13:16:56,409 - INFO: Loss: 0.271944
2025-04-01 13:16:56,409 - INFO: Training ROC-AUC: 0.910714
2025-04-01 13:16:56,409 - INFO: Validation ROC-AUC: 0.541108
2025-04-01 13:17:05,832 - INFO: Evaluating at iteration 31945
2025-04-01 13:17:05,977 - INFO: Loss: 0.461234
2025-04-01 13:17:05,977 - INFO: Training ROC-AUC: 0.816425
2025-04-01 13:17:05,977 - INFO: Validation ROC-AUC: 0.550686
2025-04-01 13:17:15,413 - INFO: Evaluating at iteration 32445
2025-04-01 13:17:15,561 - INFO: Loss: 0.261082
2025-04-01 13:17:15,561 - INFO: Training ROC-AUC: 0.700000
2025-04-01 13:17:15,561 - INFO: Validation ROC-AUC: 0.548992
2025-04-01 13:17:25,056 - INFO: Evaluating at iteration 32945
2025-04-01 13:17:25,205 - INFO: Loss: 0.384580
2025-04-01 13:17:25,205 - INFO: Training ROC-AUC: 0.681481
2025-04-01 13:17:25,205 - INFO: Validation ROC-AUC: 0.562073
2025-04-01 13:17:25,888 - INFO: Starting epoch 14
2025-04-01 13:17:25,908 - INFO: Evaluating at iteration 32982
2025-04-01 13:17:26,052 - INFO: Loss: 0.228235
2025-04-01 13:17:26,052 - INFO: Training ROC-AUC: 0.940741
2025-04-01 13:17:26,052 - INFO: Validation ROC-AUC: 0.549624
2025-04-01 13:17:35,518 - INFO: Evaluating at iteration 33482
2025-04-01 13:17:35,664 - INFO: Loss: 0.440277
2025-04-01 13:17:35,664 - INFO: Training ROC-AUC: 0.742857
2025-04-01 13:17:35,664 - INFO: Validation ROC-AUC: 0.535459
2025-04-01 13:17:45,124 - INFO: Evaluating at iteration 33982
2025-04-01 13:17:45,268 - INFO: Loss: 0.346904
2025-04-01 13:17:45,268 - INFO: Training ROC-AUC: 0.758929
2025-04-01 13:17:45,268 - INFO: Validation ROC-AUC: 0.550974
2025-04-01 13:17:54,714 - INFO: Evaluating at iteration 34482
2025-04-01 13:17:54,859 - INFO: Loss: 0.223580
2025-04-01 13:17:54,859 - INFO: Training ROC-AUC: 0.908046
2025-04-01 13:17:54,859 - INFO: Validation ROC-AUC: 0.535845
2025-04-01 13:18:04,289 - INFO: Evaluating at iteration 34982
2025-04-01 13:18:04,434 - INFO: Loss: 0.433467
2025-04-01 13:18:04,434 - INFO: Training ROC-AUC: 0.743590
2025-04-01 13:18:04,434 - INFO: Validation ROC-AUC: 0.541610
2025-04-01 13:18:13,934 - INFO: Evaluating at iteration 35482
2025-04-01 13:18:14,081 - INFO: Loss: 0.424349
2025-04-01 13:18:14,081 - INFO: Training ROC-AUC: 0.756410
2025-04-01 13:18:14,081 - INFO: Validation ROC-AUC: 0.566376
2025-04-01 13:18:14,762 - INFO: Starting epoch 15
2025-04-01 13:18:14,783 - INFO: Evaluating at iteration 35519
2025-04-01 13:18:14,928 - INFO: Loss: 0.256210
2025-04-01 13:18:14,928 - INFO: Training ROC-AUC: 0.973214
2025-04-01 13:18:14,928 - INFO: Validation ROC-AUC: 0.566702
2025-04-01 13:18:24,412 - INFO: Evaluating at iteration 36019
2025-04-01 13:18:24,560 - INFO: Loss: 0.401834
2025-04-01 13:18:24,560 - INFO: Training ROC-AUC: 0.674074
2025-04-01 13:18:24,560 - INFO: Validation ROC-AUC: 0.598107
2025-04-01 13:18:34,098 - INFO: Evaluating at iteration 36519
2025-04-01 13:18:34,245 - INFO: Loss: 0.375942
2025-04-01 13:18:34,245 - INFO: Training ROC-AUC: 0.939394
2025-04-01 13:18:34,245 - INFO: Validation ROC-AUC: 0.556460
2025-04-01 13:18:43,773 - INFO: Evaluating at iteration 37019
2025-04-01 13:18:43,921 - INFO: Loss: 0.314061
2025-04-01 13:18:43,921 - INFO: Training ROC-AUC: 0.910256
2025-04-01 13:18:43,921 - INFO: Validation ROC-AUC: 0.585395
2025-04-01 13:18:53,416 - INFO: Evaluating at iteration 37519
2025-04-01 13:18:53,561 - INFO: Loss: 0.340733
2025-04-01 13:18:53,561 - INFO: Training ROC-AUC: 0.884615
2025-04-01 13:18:53,561 - INFO: Validation ROC-AUC: 0.554149
2025-04-01 13:19:03,051 - INFO: Evaluating at iteration 38019
2025-04-01 13:19:03,195 - INFO: Loss: 0.607909
2025-04-01 13:19:03,195 - INFO: Training ROC-AUC: 0.611429
2025-04-01 13:19:03,195 - INFO: Validation ROC-AUC: 0.548294
2025-04-01 13:19:03,876 - INFO: Starting epoch 16
2025-04-01 13:19:03,896 - INFO: Evaluating at iteration 38056
2025-04-01 13:19:04,029 - INFO: Loss: 0.282473
2025-04-01 13:19:04,029 - INFO: Training ROC-AUC: 0.848214
2025-04-01 13:19:04,029 - INFO: Validation ROC-AUC: 0.547044
2025-04-01 13:19:13,616 - INFO: Evaluating at iteration 38556
2025-04-01 13:19:13,766 - INFO: Loss: 0.299407
2025-04-01 13:19:13,766 - INFO: Training ROC-AUC: 0.859259
2025-04-01 13:19:13,766 - INFO: Validation ROC-AUC: 0.554526
2025-04-01 13:19:23,340 - INFO: Evaluating at iteration 39056
2025-04-01 13:19:23,486 - INFO: Loss: 0.350573
2025-04-01 13:19:23,487 - INFO: Training ROC-AUC: 0.777778
2025-04-01 13:19:23,487 - INFO: Validation ROC-AUC: 0.572430
2025-04-01 13:19:33,025 - INFO: Evaluating at iteration 39556
2025-04-01 13:19:33,168 - INFO: Loss: 0.302125
2025-04-01 13:19:33,169 - INFO: Training ROC-AUC: 0.923077
2025-04-01 13:19:33,169 - INFO: Validation ROC-AUC: 0.566943
2025-04-01 13:19:42,684 - INFO: Evaluating at iteration 40056
2025-04-01 13:19:42,824 - INFO: Loss: 0.392072
2025-04-01 13:19:42,824 - INFO: Training ROC-AUC: 0.769231
2025-04-01 13:19:42,824 - INFO: Validation ROC-AUC: 0.559587
2025-04-01 13:19:52,466 - INFO: Evaluating at iteration 40556
2025-04-01 13:19:52,602 - INFO: Loss: 0.201606
2025-04-01 13:19:52,602 - INFO: Training ROC-AUC: 0.937500
2025-04-01 13:19:52,602 - INFO: Validation ROC-AUC: 0.556143
2025-04-01 13:19:53,307 - INFO: Starting epoch 17
2025-04-01 13:19:53,328 - INFO: Evaluating at iteration 40593
2025-04-01 13:19:53,476 - INFO: Loss: 0.370447
2025-04-01 13:19:53,476 - INFO: Training ROC-AUC: 0.725926
2025-04-01 13:19:53,476 - INFO: Validation ROC-AUC: 0.537052
2025-04-01 13:20:03,085 - INFO: Evaluating at iteration 41093
2025-04-01 13:20:03,229 - INFO: Loss: 0.321189
2025-04-01 13:20:03,230 - INFO: Training ROC-AUC: 0.826923
2025-04-01 13:20:03,230 - INFO: Validation ROC-AUC: 0.537077
2025-04-01 13:20:12,834 - INFO: Evaluating at iteration 41593
2025-04-01 13:20:12,996 - INFO: Loss: 0.401522
2025-04-01 13:20:12,996 - INFO: Training ROC-AUC: 0.828125
2025-04-01 13:20:12,996 - INFO: Validation ROC-AUC: 0.548653
2025-04-01 13:20:22,684 - INFO: Evaluating at iteration 42093
2025-04-01 13:20:22,844 - INFO: Loss: 0.395789
2025-04-01 13:20:22,844 - INFO: Training ROC-AUC: 0.890625
2025-04-01 13:20:22,844 - INFO: Validation ROC-AUC: 0.555958
2025-04-01 13:20:32,485 - INFO: Evaluating at iteration 42593
2025-04-01 13:20:32,618 - INFO: Loss: 0.373872
2025-04-01 13:20:32,618 - INFO: Training ROC-AUC: 0.711111
2025-04-01 13:20:32,618 - INFO: Validation ROC-AUC: 0.570870
2025-04-01 13:20:42,288 - INFO: Evaluating at iteration 43093
2025-04-01 13:20:42,421 - INFO: Loss: 0.348999
2025-04-01 13:20:42,421 - INFO: Training ROC-AUC: 0.901042
2025-04-01 13:20:42,421 - INFO: Validation ROC-AUC: 0.559942
2025-04-01 13:20:43,133 - INFO: Starting epoch 18
2025-04-01 13:20:43,158 - INFO: Evaluating at iteration 43130
2025-04-01 13:20:43,294 - INFO: Loss: 0.373718
2025-04-01 13:20:43,294 - INFO: Training ROC-AUC: 0.843750
2025-04-01 13:20:43,294 - INFO: Validation ROC-AUC: 0.552993
2025-04-01 13:20:52,894 - INFO: Evaluating at iteration 43630
2025-04-01 13:20:53,026 - INFO: Loss: 0.290585
2025-04-01 13:20:53,026 - INFO: Training ROC-AUC: 0.767857
2025-04-01 13:20:53,026 - INFO: Validation ROC-AUC: 0.579653
2025-04-01 13:21:02,651 - INFO: Evaluating at iteration 44130
2025-04-01 13:21:02,784 - INFO: Loss: 0.331398
2025-04-01 13:21:02,784 - INFO: Training ROC-AUC: 0.837037
2025-04-01 13:21:02,784 - INFO: Validation ROC-AUC: 0.551540
2025-04-01 13:21:12,480 - INFO: Evaluating at iteration 44630
2025-04-01 13:21:12,614 - INFO: Loss: 0.274173
2025-04-01 13:21:12,614 - INFO: Training ROC-AUC: 0.875000
2025-04-01 13:21:12,614 - INFO: Validation ROC-AUC: 0.557851
2025-04-01 13:21:22,285 - INFO: Evaluating at iteration 45130
2025-04-01 13:21:22,417 - INFO: Loss: 0.592849
2025-04-01 13:21:22,417 - INFO: Training ROC-AUC: 0.777273
2025-04-01 13:21:22,417 - INFO: Validation ROC-AUC: 0.552461
2025-04-01 13:21:32,060 - INFO: Evaluating at iteration 45630
2025-04-01 13:21:32,192 - INFO: Loss: 0.301213
2025-04-01 13:21:32,192 - INFO: Training ROC-AUC: 0.839286
2025-04-01 13:21:32,192 - INFO: Validation ROC-AUC: 0.574214
2025-04-01 13:21:32,881 - INFO: Starting epoch 19
2025-04-01 13:21:32,902 - INFO: Evaluating at iteration 45667
2025-04-01 13:21:33,035 - INFO: Loss: 0.290400
2025-04-01 13:21:33,035 - INFO: Training ROC-AUC: 0.837037
2025-04-01 13:21:33,035 - INFO: Validation ROC-AUC: 0.566091
2025-04-01 13:21:42,716 - INFO: Evaluating at iteration 46167
2025-04-01 13:21:42,854 - INFO: Loss: 0.185074
2025-04-01 13:21:42,854 - INFO: Training ROC-AUC: 0.933333
2025-04-01 13:21:42,854 - INFO: Validation ROC-AUC: 0.580520
2025-04-01 13:21:52,492 - INFO: Evaluating at iteration 46667
2025-04-01 13:21:52,626 - INFO: Loss: 0.484449
2025-04-01 13:21:52,626 - INFO: Training ROC-AUC: 0.833333
2025-04-01 13:21:52,626 - INFO: Validation ROC-AUC: 0.580473
2025-04-01 13:22:02,313 - INFO: Evaluating at iteration 47167
2025-04-01 13:22:02,457 - INFO: Loss: 0.334751
2025-04-01 13:22:02,458 - INFO: Training ROC-AUC: 0.922705
2025-04-01 13:22:02,458 - INFO: Validation ROC-AUC: 0.575611
2025-04-01 13:22:12,090 - INFO: Evaluating at iteration 47667
2025-04-01 13:22:12,238 - INFO: Loss: 0.519574
2025-04-01 13:22:12,238 - INFO: Training ROC-AUC: 0.806763
2025-04-01 13:22:12,238 - INFO: Validation ROC-AUC: 0.553907
2025-04-01 13:22:21,918 - INFO: Evaluating at iteration 48167
2025-04-01 13:22:22,068 - INFO: Loss: 0.260792
2025-04-01 13:22:22,068 - INFO: Training ROC-AUC: 0.925926
2025-04-01 13:22:22,068 - INFO: Validation ROC-AUC: 0.538244
2025-04-01 13:22:22,760 - INFO: Starting epoch 20
2025-04-01 13:22:22,781 - INFO: Evaluating at iteration 48204
2025-04-01 13:22:22,925 - INFO: Loss: 0.221175
2025-04-01 13:22:22,925 - INFO: Training ROC-AUC: 0.970370
2025-04-01 13:22:22,925 - INFO: Validation ROC-AUC: 0.545217
2025-04-01 13:22:32,611 - INFO: Evaluating at iteration 48704
2025-04-01 13:22:32,756 - INFO: Loss: 0.325544
2025-04-01 13:22:32,757 - INFO: Training ROC-AUC: 0.891429
2025-04-01 13:22:32,757 - INFO: Validation ROC-AUC: 0.573407
2025-04-01 13:22:42,454 - INFO: Evaluating at iteration 49204
2025-04-01 13:22:42,597 - INFO: Loss: 0.518935
2025-04-01 13:22:42,597 - INFO: Training ROC-AUC: 0.772727
2025-04-01 13:22:42,597 - INFO: Validation ROC-AUC: 0.568169
2025-04-01 13:22:52,472 - INFO: Evaluating at iteration 49704
2025-04-01 13:22:52,616 - INFO: Loss: 0.219344
2025-04-01 13:22:52,616 - INFO: Training ROC-AUC: 0.933333
2025-04-01 13:22:52,616 - INFO: Validation ROC-AUC: 0.572412
2025-04-01 13:23:02,378 - INFO: Evaluating at iteration 50204
2025-04-01 13:23:02,527 - INFO: Loss: 0.160658
2025-04-01 13:23:02,527 - INFO: Training ROC-AUC: 0.965517
2025-04-01 13:23:02,527 - INFO: Validation ROC-AUC: 0.564234
2025-04-01 13:23:12,335 - INFO: Evaluating at iteration 50704
2025-04-01 13:23:12,482 - INFO: Loss: 0.338200
2025-04-01 13:23:12,482 - INFO: Training ROC-AUC: 0.868571
2025-04-01 13:23:12,482 - INFO: Validation ROC-AUC: 0.545789
2025-04-01 13:23:13,213 - INFO: Starting epoch 21
2025-04-01 13:23:13,234 - INFO: Evaluating at iteration 50741
2025-04-01 13:23:13,382 - INFO: Loss: 0.228928
2025-04-01 13:23:13,383 - INFO: Training ROC-AUC: 0.955357
2025-04-01 13:23:13,383 - INFO: Validation ROC-AUC: 0.552563
2025-04-01 13:23:23,140 - INFO: Evaluating at iteration 51241
2025-04-01 13:23:23,286 - INFO: Loss: 0.198885
2025-04-01 13:23:23,286 - INFO: Training ROC-AUC: 0.928571
2025-04-01 13:23:23,286 - INFO: Validation ROC-AUC: 0.561631
2025-04-01 13:23:33,059 - INFO: Evaluating at iteration 51741
2025-04-01 13:23:33,204 - INFO: Loss: 0.231973
2025-04-01 13:23:33,204 - INFO: Training ROC-AUC: 0.816092
2025-04-01 13:23:33,204 - INFO: Validation ROC-AUC: 0.548661
2025-04-01 13:23:43,014 - INFO: Evaluating at iteration 52241
2025-04-01 13:23:43,167 - INFO: Loss: 0.216891
2025-04-01 13:23:43,167 - INFO: Training ROC-AUC: 0.955357
2025-04-01 13:23:43,167 - INFO: Validation ROC-AUC: 0.563911
2025-04-01 13:23:52,925 - INFO: Evaluating at iteration 52741
2025-04-01 13:23:53,070 - INFO: Loss: 0.366059
2025-04-01 13:23:53,070 - INFO: Training ROC-AUC: 0.817143
2025-04-01 13:23:53,070 - INFO: Validation ROC-AUC: 0.568253
2025-04-01 13:24:02,913 - INFO: Evaluating at iteration 53241
2025-04-01 13:24:03,057 - INFO: Loss: 0.240255
2025-04-01 13:24:03,057 - INFO: Training ROC-AUC: 0.862069
2025-04-01 13:24:03,057 - INFO: Validation ROC-AUC: 0.555853
2025-04-01 13:24:03,763 - INFO: Starting epoch 22
2025-04-01 13:24:03,784 - INFO: Evaluating at iteration 53278
2025-04-01 13:24:03,934 - INFO: Loss: 0.200028
2025-04-01 13:24:03,934 - INFO: Training ROC-AUC: 0.919540
2025-04-01 13:24:03,934 - INFO: Validation ROC-AUC: 0.563631
2025-04-01 13:24:13,909 - INFO: Evaluating at iteration 53778
2025-04-01 13:24:14,057 - INFO: Loss: 0.263690
2025-04-01 13:24:14,057 - INFO: Training ROC-AUC: 0.937500
2025-04-01 13:24:14,057 - INFO: Validation ROC-AUC: 0.555128
2025-04-01 13:24:23,879 - INFO: Evaluating at iteration 54278
2025-04-01 13:24:24,029 - INFO: Loss: 0.257854
2025-04-01 13:24:24,029 - INFO: Training ROC-AUC: 0.794643
2025-04-01 13:24:24,029 - INFO: Validation ROC-AUC: 0.569761
2025-04-01 13:24:33,906 - INFO: Evaluating at iteration 54778
2025-04-01 13:24:34,041 - INFO: Loss: 0.195131
2025-04-01 13:24:34,041 - INFO: Training ROC-AUC: 0.942529
2025-04-01 13:24:34,041 - INFO: Validation ROC-AUC: 0.572126
2025-04-01 13:24:43,884 - INFO: Evaluating at iteration 55278
2025-04-01 13:24:44,018 - INFO: Loss: 0.278452
2025-04-01 13:24:44,018 - INFO: Training ROC-AUC: 0.866071
2025-04-01 13:24:44,018 - INFO: Validation ROC-AUC: 0.558782
2025-04-01 13:24:53,878 - INFO: Evaluating at iteration 55778
2025-04-01 13:24:54,023 - INFO: Loss: 0.374287
2025-04-01 13:24:54,023 - INFO: Training ROC-AUC: 0.826923
2025-04-01 13:24:54,024 - INFO: Validation ROC-AUC: 0.543125
2025-04-01 13:24:54,744 - INFO: Starting epoch 23
2025-04-01 13:24:54,765 - INFO: Evaluating at iteration 55815
2025-04-01 13:24:54,911 - INFO: Loss: 0.337383
2025-04-01 13:24:54,911 - INFO: Training ROC-AUC: 0.891429
2025-04-01 13:24:54,911 - INFO: Validation ROC-AUC: 0.543921
2025-04-01 13:25:04,847 - INFO: Evaluating at iteration 56315
2025-04-01 13:25:04,993 - INFO: Loss: 0.316815
2025-04-01 13:25:04,993 - INFO: Training ROC-AUC: 0.891026
2025-04-01 13:25:04,993 - INFO: Validation ROC-AUC: 0.562540
2025-04-01 13:25:15,004 - INFO: Evaluating at iteration 56815
2025-04-01 13:25:15,152 - INFO: Loss: 0.136732
2025-04-01 13:25:15,152 - INFO: Training ROC-AUC: 0.950000
2025-04-01 13:25:15,152 - INFO: Validation ROC-AUC: 0.559107
2025-04-01 13:25:25,095 - INFO: Evaluating at iteration 57315
2025-04-01 13:25:25,238 - INFO: Loss: 0.262375
2025-04-01 13:25:25,239 - INFO: Training ROC-AUC: 0.948718
2025-04-01 13:25:25,239 - INFO: Validation ROC-AUC: 0.549975
2025-04-01 13:25:35,147 - INFO: Evaluating at iteration 57815
2025-04-01 13:25:35,292 - INFO: Loss: 0.292433
2025-04-01 13:25:35,293 - INFO: Training ROC-AUC: 0.785714
2025-04-01 13:25:35,293 - INFO: Validation ROC-AUC: 0.545043
2025-04-01 13:25:45,220 - INFO: Evaluating at iteration 58315
2025-04-01 13:25:45,364 - INFO: Loss: 0.292068
2025-04-01 13:25:45,364 - INFO: Training ROC-AUC: 0.918519
2025-04-01 13:25:45,364 - INFO: Validation ROC-AUC: 0.540300
2025-04-01 13:25:46,086 - INFO: Starting epoch 24
2025-04-01 13:25:46,107 - INFO: Evaluating at iteration 58352
2025-04-01 13:25:46,253 - INFO: Loss: 0.285016
2025-04-01 13:25:46,253 - INFO: Training ROC-AUC: 0.874074
2025-04-01 13:25:46,253 - INFO: Validation ROC-AUC: 0.545296
2025-04-01 13:25:56,168 - INFO: Evaluating at iteration 58852
2025-04-01 13:25:56,314 - INFO: Loss: 0.155750
2025-04-01 13:25:56,314 - INFO: Training ROC-AUC: 0.988506
2025-04-01 13:25:56,314 - INFO: Validation ROC-AUC: 0.561672
2025-04-01 13:26:06,314 - INFO: Evaluating at iteration 59352
2025-04-01 13:26:06,446 - INFO: Loss: 0.228362
2025-04-01 13:26:06,446 - INFO: Training ROC-AUC: 0.919540
2025-04-01 13:26:06,446 - INFO: Validation ROC-AUC: 0.559305
2025-04-01 13:26:16,437 - INFO: Evaluating at iteration 59852
2025-04-01 13:26:16,569 - INFO: Loss: 0.274841
2025-04-01 13:26:16,569 - INFO: Training ROC-AUC: 0.903704
2025-04-01 13:26:16,569 - INFO: Validation ROC-AUC: 0.549353
2025-04-01 13:26:26,512 - INFO: Evaluating at iteration 60352
2025-04-01 13:26:26,656 - INFO: Loss: 0.298339
2025-04-01 13:26:26,657 - INFO: Training ROC-AUC: 0.859259
2025-04-01 13:26:26,657 - INFO: Validation ROC-AUC: 0.556632
2025-04-01 13:26:36,652 - INFO: Evaluating at iteration 60852
2025-04-01 13:26:36,798 - INFO: Loss: 0.329471
2025-04-01 13:26:36,798 - INFO: Training ROC-AUC: 0.829630
2025-04-01 13:26:36,798 - INFO: Validation ROC-AUC: 0.575655
2025-04-01 13:26:37,516 - INFO: Starting epoch 25
2025-04-01 13:26:37,537 - INFO: Evaluating at iteration 60889
2025-04-01 13:26:37,684 - INFO: Loss: 0.431638
2025-04-01 13:26:37,684 - INFO: Training ROC-AUC: 0.748571
2025-04-01 13:26:37,684 - INFO: Validation ROC-AUC: 0.569642
2025-04-01 13:26:47,723 - INFO: Evaluating at iteration 61389
2025-04-01 13:26:47,871 - INFO: Loss: 0.190748
2025-04-01 13:26:47,871 - INFO: Training ROC-AUC: 0.973214
2025-04-01 13:26:47,871 - INFO: Validation ROC-AUC: 0.561343
2025-04-01 13:26:57,860 - INFO: Evaluating at iteration 61889
2025-04-01 13:26:58,015 - INFO: Loss: 0.316727
2025-04-01 13:26:58,016 - INFO: Training ROC-AUC: 0.866667
2025-04-01 13:26:58,016 - INFO: Validation ROC-AUC: 0.538283
2025-04-01 13:27:08,092 - INFO: Evaluating at iteration 62389
2025-04-01 13:27:08,242 - INFO: Loss: 0.453554
2025-04-01 13:27:08,242 - INFO: Training ROC-AUC: 0.830918
2025-04-01 13:27:08,242 - INFO: Validation ROC-AUC: 0.563744
2025-04-01 13:27:18,211 - INFO: Evaluating at iteration 62889
2025-04-01 13:27:18,357 - INFO: Loss: 0.415635
2025-04-01 13:27:18,357 - INFO: Training ROC-AUC: 0.822917
2025-04-01 13:27:18,357 - INFO: Validation ROC-AUC: 0.548201
2025-04-01 13:27:28,351 - INFO: Evaluating at iteration 63389
2025-04-01 13:27:28,499 - INFO: Loss: 0.269783
2025-04-01 13:27:28,499 - INFO: Training ROC-AUC: 0.837037
2025-04-01 13:27:28,500 - INFO: Validation ROC-AUC: 0.553736
2025-04-01 13:27:29,232 - INFO: Saving model to models/TCRStructMap_cdrs_mhc_pseudo/model_2.pt
2025-04-01 13:27:29,243 - INFO: Starting fold 3
2025-04-01 13:27:29,877 - INFO: Initialising model
2025-04-01 13:27:29,885 - INFO: Starting training
2025-04-01 13:27:29,885 - INFO: Starting epoch 1
2025-04-01 13:27:29,904 - INFO: Evaluating at iteration 1
2025-04-01 13:27:33,509 - INFO: Loss: 0.707257
2025-04-01 13:27:33,509 - INFO: Training ROC-AUC: 0.564103
2025-04-01 13:27:33,509 - INFO: Validation ROC-AUC: 0.474859
2025-04-01 13:27:41,598 - INFO: Starting epoch 2
2025-04-01 13:27:41,616 - INFO: Evaluating at iteration 457
2025-04-01 13:27:45,150 - INFO: Loss: 0.450772
2025-04-01 13:27:45,151 - INFO: Training ROC-AUC: 0.800000
2025-04-01 13:27:45,151 - INFO: Validation ROC-AUC: 0.430026
2025-04-01 13:27:53,480 - INFO: Starting epoch 3
2025-04-01 13:27:53,499 - INFO: Evaluating at iteration 913
2025-04-01 13:27:57,024 - INFO: Loss: 0.280286
2025-04-01 13:27:57,024 - INFO: Training ROC-AUC: 0.948148
2025-04-01 13:27:57,024 - INFO: Validation ROC-AUC: 0.421825
2025-04-01 13:28:05,439 - INFO: Starting epoch 4
2025-04-01 13:28:05,458 - INFO: Evaluating at iteration 1369
2025-04-01 13:28:09,034 - INFO: Loss: 0.193707
2025-04-01 13:28:09,034 - INFO: Training ROC-AUC: 1.000000
2025-04-01 13:28:09,034 - INFO: Validation ROC-AUC: 0.418721
2025-04-01 13:28:17,536 - INFO: Starting epoch 5
2025-04-01 13:28:17,554 - INFO: Evaluating at iteration 1825
2025-04-01 13:28:21,099 - INFO: Loss: 0.192228
2025-04-01 13:28:21,099 - INFO: Training ROC-AUC: 0.850000
2025-04-01 13:28:21,099 - INFO: Validation ROC-AUC: 0.415749
2025-04-01 13:28:29,558 - INFO: Starting epoch 6
2025-04-01 13:28:29,576 - INFO: Evaluating at iteration 2281
2025-04-01 13:28:33,122 - INFO: Loss: 0.238102
2025-04-01 13:28:33,122 - INFO: Training ROC-AUC: 0.716667
2025-04-01 13:28:33,122 - INFO: Validation ROC-AUC: 0.413242
2025-04-01 13:28:41,559 - INFO: Starting epoch 7
2025-04-01 13:28:41,578 - INFO: Evaluating at iteration 2737
2025-04-01 13:28:45,156 - INFO: Loss: 0.433039
2025-04-01 13:28:45,156 - INFO: Training ROC-AUC: 0.812500
2025-04-01 13:28:45,156 - INFO: Validation ROC-AUC: 0.409853
2025-04-01 13:28:53,623 - INFO: Starting epoch 8
2025-04-01 13:28:53,642 - INFO: Evaluating at iteration 3193
2025-04-01 13:28:57,179 - INFO: Loss: 0.331192
2025-04-01 13:28:57,179 - INFO: Training ROC-AUC: 0.858974
2025-04-01 13:28:57,179 - INFO: Validation ROC-AUC: 0.408486
2025-04-01 13:29:05,646 - INFO: Starting epoch 9
2025-04-01 13:29:05,665 - INFO: Evaluating at iteration 3649
2025-04-01 13:29:09,201 - INFO: Loss: 0.312329
2025-04-01 13:29:09,201 - INFO: Training ROC-AUC: 0.758929
2025-04-01 13:29:09,201 - INFO: Validation ROC-AUC: 0.409049
2025-04-01 13:29:17,646 - INFO: Starting epoch 10
2025-04-01 13:29:17,665 - INFO: Evaluating at iteration 4105
2025-04-01 13:29:21,190 - INFO: Loss: 0.451727
2025-04-01 13:29:21,190 - INFO: Training ROC-AUC: 0.724359
2025-04-01 13:29:21,190 - INFO: Validation ROC-AUC: 0.407387
2025-04-01 13:29:29,671 - INFO: Starting epoch 11
2025-04-01 13:29:29,690 - INFO: Evaluating at iteration 4561
2025-04-01 13:29:33,235 - INFO: Loss: 0.302324
2025-04-01 13:29:33,236 - INFO: Training ROC-AUC: 0.750000
2025-04-01 13:29:33,236 - INFO: Validation ROC-AUC: 0.406571
2025-04-01 13:29:41,661 - INFO: Starting epoch 12
2025-04-01 13:29:41,680 - INFO: Evaluating at iteration 5017
2025-04-01 13:29:45,237 - INFO: Loss: 0.389342
2025-04-01 13:29:45,237 - INFO: Training ROC-AUC: 0.828571
2025-04-01 13:29:45,237 - INFO: Validation ROC-AUC: 0.406797
2025-04-01 13:29:53,668 - INFO: Starting epoch 13
2025-04-01 13:29:53,686 - INFO: Evaluating at iteration 5473
2025-04-01 13:29:57,193 - INFO: Loss: 0.182334
2025-04-01 13:29:57,193 - INFO: Training ROC-AUC: 0.919540
2025-04-01 13:29:57,193 - INFO: Validation ROC-AUC: 0.403575
2025-04-01 13:30:05,621 - INFO: Starting epoch 14
2025-04-01 13:30:05,640 - INFO: Evaluating at iteration 5929
2025-04-01 13:30:09,157 - INFO: Loss: 0.324536
2025-04-01 13:30:09,157 - INFO: Training ROC-AUC: 0.920000
2025-04-01 13:30:09,157 - INFO: Validation ROC-AUC: 0.404253
2025-04-01 13:30:17,544 - INFO: Starting epoch 15
2025-04-01 13:30:17,563 - INFO: Evaluating at iteration 6385
2025-04-01 13:30:21,171 - INFO: Loss: 0.298914
2025-04-01 13:30:21,171 - INFO: Training ROC-AUC: 0.785714
2025-04-01 13:30:21,171 - INFO: Validation ROC-AUC: 0.407534
2025-04-01 13:30:29,568 - INFO: Starting epoch 16
2025-04-01 13:30:29,587 - INFO: Evaluating at iteration 6841
2025-04-01 13:30:33,156 - INFO: Loss: 0.263469
2025-04-01 13:30:33,156 - INFO: Training ROC-AUC: 0.985185
2025-04-01 13:30:33,156 - INFO: Validation ROC-AUC: 0.405720
2025-04-01 13:30:41,510 - INFO: Starting epoch 17
2025-04-01 13:30:41,528 - INFO: Evaluating at iteration 7297
2025-04-01 13:30:45,053 - INFO: Loss: 0.163019
2025-04-01 13:30:45,053 - INFO: Training ROC-AUC: 1.000000
2025-04-01 13:30:45,053 - INFO: Validation ROC-AUC: 0.407639
2025-04-01 13:30:53,412 - INFO: Starting epoch 18
2025-04-01 13:30:53,430 - INFO: Evaluating at iteration 7753
2025-04-01 13:30:56,948 - INFO: Loss: 0.383718
2025-04-01 13:30:56,948 - INFO: Training ROC-AUC: 0.855072
2025-04-01 13:30:56,948 - INFO: Validation ROC-AUC: 0.410478
2025-04-01 13:31:05,263 - INFO: Starting epoch 19
2025-04-01 13:31:05,282 - INFO: Evaluating at iteration 8209
2025-04-01 13:31:08,809 - INFO: Loss: 0.195352
2025-04-01 13:31:08,809 - INFO: Training ROC-AUC: 0.919540
2025-04-01 13:31:08,809 - INFO: Validation ROC-AUC: 0.408931
2025-04-01 13:31:17,226 - INFO: Starting epoch 20
2025-04-01 13:31:17,245 - INFO: Evaluating at iteration 8665
2025-04-01 13:31:20,767 - INFO: Loss: 0.085954
2025-04-01 13:31:20,767 - INFO: Training ROC-AUC: 1.000000
2025-04-01 13:31:20,767 - INFO: Validation ROC-AUC: 0.408783
2025-04-01 13:31:29,058 - INFO: Starting epoch 21
2025-04-01 13:31:29,076 - INFO: Evaluating at iteration 9121
2025-04-01 13:31:32,642 - INFO: Loss: 0.232325
2025-04-01 13:31:32,642 - INFO: Training ROC-AUC: 0.937500
2025-04-01 13:31:32,642 - INFO: Validation ROC-AUC: 0.408031
2025-04-01 13:31:40,950 - INFO: Starting epoch 22
2025-04-01 13:31:40,969 - INFO: Evaluating at iteration 9577
2025-04-01 13:31:44,514 - INFO: Loss: 0.170858
2025-04-01 13:31:44,515 - INFO: Training ROC-AUC: 0.973214
2025-04-01 13:31:44,515 - INFO: Validation ROC-AUC: 0.411441
2025-04-01 13:31:52,779 - INFO: Starting epoch 23
2025-04-01 13:31:52,798 - INFO: Evaluating at iteration 10033
2025-04-01 13:31:56,369 - INFO: Loss: 0.368315
2025-04-01 13:31:56,369 - INFO: Training ROC-AUC: 0.880000
2025-04-01 13:31:56,369 - INFO: Validation ROC-AUC: 0.412520
2025-04-01 13:32:04,649 - INFO: Starting epoch 24
2025-04-01 13:32:04,667 - INFO: Evaluating at iteration 10489
2025-04-01 13:32:08,211 - INFO: Loss: 0.198402
2025-04-01 13:32:08,211 - INFO: Training ROC-AUC: 0.964286
2025-04-01 13:32:08,211 - INFO: Validation ROC-AUC: 0.412250
2025-04-01 13:32:16,466 - INFO: Starting epoch 25
2025-04-01 13:32:16,484 - INFO: Evaluating at iteration 10945
2025-04-01 13:32:19,998 - INFO: Loss: 0.233478
2025-04-01 13:32:19,998 - INFO: Training ROC-AUC: 0.970370
2025-04-01 13:32:19,998 - INFO: Validation ROC-AUC: 0.411822
2025-04-01 13:32:28,299 - INFO: Saving model to models/TCRStructMap_cdrs_mhc_pseudo/model_3.pt
2025-04-01 13:32:28,310 - INFO: Starting fold 4
2025-04-01 13:32:28,354 - INFO: Initialising model
2025-04-01 13:32:28,362 - INFO: Starting training
2025-04-01 13:32:28,362 - INFO: Starting epoch 1
2025-04-01 13:32:28,382 - INFO: Evaluating at iteration 1
2025-04-01 13:32:28,727 - INFO: Loss: 0.676019
2025-04-01 13:32:28,727 - INFO: Training ROC-AUC: 0.600000
2025-04-01 13:32:28,728 - INFO: Validation ROC-AUC: 0.536376
2025-04-01 13:32:37,641 - INFO: Evaluating at iteration 501
2025-04-01 13:32:37,983 - INFO: Loss: 0.601572
2025-04-01 13:32:37,983 - INFO: Training ROC-AUC: 0.604167
2025-04-01 13:32:37,983 - INFO: Validation ROC-AUC: 0.318033
2025-04-01 13:32:46,996 - INFO: Evaluating at iteration 1001
2025-04-01 13:32:47,346 - INFO: Loss: 0.465921
2025-04-01 13:32:47,346 - INFO: Training ROC-AUC: 0.673077
2025-04-01 13:32:47,346 - INFO: Validation ROC-AUC: 0.447626
2025-04-01 13:32:56,386 - INFO: Evaluating at iteration 1501
2025-04-01 13:32:56,740 - INFO: Loss: 0.394925
2025-04-01 13:32:56,740 - INFO: Training ROC-AUC: 0.685897
2025-04-01 13:32:56,740 - INFO: Validation ROC-AUC: 0.485100
2025-04-01 13:33:05,759 - INFO: Evaluating at iteration 2001
2025-04-01 13:33:06,112 - INFO: Loss: 0.309391
2025-04-01 13:33:06,112 - INFO: Training ROC-AUC: 0.923077
2025-04-01 13:33:06,112 - INFO: Validation ROC-AUC: 0.407958
2025-04-01 13:33:13,652 - INFO: Starting epoch 2
2025-04-01 13:33:13,671 - INFO: Evaluating at iteration 2419
2025-04-01 13:33:14,001 - INFO: Loss: 0.338890
2025-04-01 13:33:14,001 - INFO: Training ROC-AUC: 0.830357
2025-04-01 13:33:14,001 - INFO: Validation ROC-AUC: 0.421509
2025-04-01 13:33:22,939 - INFO: Evaluating at iteration 2919
2025-04-01 13:33:23,267 - INFO: Loss: 0.428360
2025-04-01 13:33:23,267 - INFO: Training ROC-AUC: 0.828125
2025-04-01 13:33:23,267 - INFO: Validation ROC-AUC: 0.409709
2025-04-01 13:33:32,315 - INFO: Evaluating at iteration 3419
2025-04-01 13:33:32,648 - INFO: Loss: 0.265902
2025-04-01 13:33:32,648 - INFO: Training ROC-AUC: 0.892857
2025-04-01 13:33:32,648 - INFO: Validation ROC-AUC: 0.441364
2025-04-01 13:33:41,627 - INFO: Evaluating at iteration 3919
2025-04-01 13:33:41,981 - INFO: Loss: 0.588255
2025-04-01 13:33:41,981 - INFO: Training ROC-AUC: 0.727273
2025-04-01 13:33:41,981 - INFO: Validation ROC-AUC: 0.557173
2025-04-01 13:33:50,979 - INFO: Evaluating at iteration 4419
2025-04-01 13:33:51,321 - INFO: Loss: 0.310840
2025-04-01 13:33:51,321 - INFO: Training ROC-AUC: 0.785714
2025-04-01 13:33:51,321 - INFO: Validation ROC-AUC: 0.590990
2025-04-01 13:33:58,803 - INFO: Starting epoch 3
2025-04-01 13:33:58,824 - INFO: Evaluating at iteration 4837
2025-04-01 13:33:59,172 - INFO: Loss: 0.299114
2025-04-01 13:33:59,172 - INFO: Training ROC-AUC: 0.947917
2025-04-01 13:33:59,172 - INFO: Validation ROC-AUC: 0.556188
2025-04-01 13:34:08,137 - INFO: Evaluating at iteration 5337
2025-04-01 13:34:08,465 - INFO: Loss: 0.210391
2025-04-01 13:34:08,465 - INFO: Training ROC-AUC: 0.977011
2025-04-01 13:34:08,465 - INFO: Validation ROC-AUC: 0.641771
2025-04-01 13:34:17,441 - INFO: Evaluating at iteration 5837
2025-04-01 13:34:17,768 - INFO: Loss: 0.303537
2025-04-01 13:34:17,768 - INFO: Training ROC-AUC: 0.844444
2025-04-01 13:34:17,768 - INFO: Validation ROC-AUC: 0.632216
2025-04-01 13:34:26,837 - INFO: Evaluating at iteration 6337
2025-04-01 13:34:27,175 - INFO: Loss: 0.373205
2025-04-01 13:34:27,176 - INFO: Training ROC-AUC: 0.733333
2025-04-01 13:34:27,176 - INFO: Validation ROC-AUC: 0.645488
2025-04-01 13:34:36,128 - INFO: Evaluating at iteration 6837
2025-04-01 13:34:36,482 - INFO: Loss: 0.347932
2025-04-01 13:34:36,482 - INFO: Training ROC-AUC: 0.852564
2025-04-01 13:34:36,482 - INFO: Validation ROC-AUC: 0.680514
2025-04-01 13:34:43,953 - INFO: Starting epoch 4
2025-04-01 13:34:43,972 - INFO: Evaluating at iteration 7255
2025-04-01 13:34:44,316 - INFO: Loss: 0.443326
2025-04-01 13:34:44,316 - INFO: Training ROC-AUC: 0.834286
2025-04-01 13:34:44,316 - INFO: Validation ROC-AUC: 0.625229
2025-04-01 13:34:53,241 - INFO: Evaluating at iteration 7755
2025-04-01 13:34:53,575 - INFO: Loss: 0.363166
2025-04-01 13:34:53,575 - INFO: Training ROC-AUC: 0.777778
2025-04-01 13:34:53,575 - INFO: Validation ROC-AUC: 0.612683
2025-04-01 13:35:02,549 - INFO: Evaluating at iteration 8255
2025-04-01 13:35:02,876 - INFO: Loss: 0.292367
2025-04-01 13:35:02,876 - INFO: Training ROC-AUC: 0.929487
2025-04-01 13:35:02,876 - INFO: Validation ROC-AUC: 0.675468
2025-04-01 13:35:11,888 - INFO: Evaluating at iteration 8755
2025-04-01 13:35:12,236 - INFO: Loss: 0.287931
2025-04-01 13:35:12,236 - INFO: Training ROC-AUC: 0.955128
2025-04-01 13:35:12,236 - INFO: Validation ROC-AUC: 0.635873
2025-04-01 13:35:21,405 - INFO: Evaluating at iteration 9255
2025-04-01 13:35:21,744 - INFO: Loss: 0.296787
2025-04-01 13:35:21,745 - INFO: Training ROC-AUC: 0.829630
2025-04-01 13:35:21,745 - INFO: Validation ROC-AUC: 0.637964
2025-04-01 13:35:29,274 - INFO: Starting epoch 5
2025-04-01 13:35:29,295 - INFO: Evaluating at iteration 9673
2025-04-01 13:35:29,637 - INFO: Loss: 0.340155
2025-04-01 13:35:29,637 - INFO: Training ROC-AUC: 0.650000
2025-04-01 13:35:29,637 - INFO: Validation ROC-AUC: 0.627552
2025-04-01 13:35:38,753 - INFO: Evaluating at iteration 10173
2025-04-01 13:35:39,100 - INFO: Loss: 0.335916
2025-04-01 13:35:39,100 - INFO: Training ROC-AUC: 0.616071
2025-04-01 13:35:39,100 - INFO: Validation ROC-AUC: 0.637820
2025-04-01 13:35:48,218 - INFO: Evaluating at iteration 10673
2025-04-01 13:35:48,561 - INFO: Loss: 0.231411
2025-04-01 13:35:48,561 - INFO: Training ROC-AUC: 0.700000
2025-04-01 13:35:48,561 - INFO: Validation ROC-AUC: 0.576285
2025-04-01 13:35:57,629 - INFO: Evaluating at iteration 11173
2025-04-01 13:35:57,990 - INFO: Loss: 0.391935
2025-04-01 13:35:57,990 - INFO: Training ROC-AUC: 0.775641
2025-04-01 13:35:57,990 - INFO: Validation ROC-AUC: 0.588809
2025-04-01 13:36:06,898 - INFO: Evaluating at iteration 11673
2025-04-01 13:36:07,241 - INFO: Loss: 0.445485
2025-04-01 13:36:07,242 - INFO: Training ROC-AUC: 0.679487
2025-04-01 13:36:07,242 - INFO: Validation ROC-AUC: 0.611805
2025-04-01 13:36:14,520 - INFO: Starting epoch 6
2025-04-01 13:36:14,539 - INFO: Evaluating at iteration 12091
2025-04-01 13:36:14,862 - INFO: Loss: 0.325331
2025-04-01 13:36:14,863 - INFO: Training ROC-AUC: 0.785714
2025-04-01 13:36:14,863 - INFO: Validation ROC-AUC: 0.605563
2025-04-01 13:36:23,562 - INFO: Evaluating at iteration 12591
2025-04-01 13:36:23,882 - INFO: Loss: 0.477073
2025-04-01 13:36:23,882 - INFO: Training ROC-AUC: 0.765625
2025-04-01 13:36:23,882 - INFO: Validation ROC-AUC: 0.610568
2025-04-01 13:36:32,502 - INFO: Evaluating at iteration 13091
2025-04-01 13:36:32,826 - INFO: Loss: 0.277562
2025-04-01 13:36:32,827 - INFO: Training ROC-AUC: 0.466667
2025-04-01 13:36:32,827 - INFO: Validation ROC-AUC: 0.583250
2025-04-01 13:36:41,472 - INFO: Evaluating at iteration 13591
2025-04-01 13:36:41,809 - INFO: Loss: 0.364625
2025-04-01 13:36:41,810 - INFO: Training ROC-AUC: 0.775641
2025-04-01 13:36:41,810 - INFO: Validation ROC-AUC: 0.591867
2025-04-01 13:36:50,445 - INFO: Evaluating at iteration 14091
2025-04-01 13:36:50,764 - INFO: Loss: 0.129304
2025-04-01 13:36:50,764 - INFO: Training ROC-AUC: 0.988506
2025-04-01 13:36:50,764 - INFO: Validation ROC-AUC: 0.594648
2025-04-01 13:36:57,979 - INFO: Starting epoch 7
2025-04-01 13:36:57,998 - INFO: Evaluating at iteration 14509
2025-04-01 13:36:58,356 - INFO: Loss: 0.322667
2025-04-01 13:36:58,356 - INFO: Training ROC-AUC: 0.961353
2025-04-01 13:36:58,356 - INFO: Validation ROC-AUC: 0.578178
2025-04-01 13:37:07,042 - INFO: Evaluating at iteration 15009
2025-04-01 13:37:07,379 - INFO: Loss: 0.383682
2025-04-01 13:37:07,379 - INFO: Training ROC-AUC: 0.807692
2025-04-01 13:37:07,379 - INFO: Validation ROC-AUC: 0.592360
2025-04-01 13:37:16,084 - INFO: Evaluating at iteration 15509
2025-04-01 13:37:16,417 - INFO: Loss: 0.246513
2025-04-01 13:37:16,417 - INFO: Training ROC-AUC: 0.758621
2025-04-01 13:37:16,417 - INFO: Validation ROC-AUC: 0.593727
2025-04-01 13:37:25,075 - INFO: Evaluating at iteration 16009
2025-04-01 13:37:25,411 - INFO: Loss: 0.455953
2025-04-01 13:37:25,411 - INFO: Training ROC-AUC: 0.826087
2025-04-01 13:37:25,411 - INFO: Validation ROC-AUC: 0.609012
2025-04-01 13:37:34,061 - INFO: Evaluating at iteration 16509
2025-04-01 13:37:34,380 - INFO: Loss: 0.319288
2025-04-01 13:37:34,380 - INFO: Training ROC-AUC: 0.891429
2025-04-01 13:37:34,380 - INFO: Validation ROC-AUC: 0.587870
2025-04-01 13:37:41,613 - INFO: Starting epoch 8
2025-04-01 13:37:41,632 - INFO: Evaluating at iteration 16927
2025-04-01 13:37:41,968 - INFO: Loss: 0.469749
2025-04-01 13:37:41,968 - INFO: Training ROC-AUC: 0.459259
2025-04-01 13:37:41,968 - INFO: Validation ROC-AUC: 0.570785
2025-04-01 13:37:50,659 - INFO: Evaluating at iteration 17427
2025-04-01 13:37:50,991 - INFO: Loss: 0.584890
2025-04-01 13:37:50,991 - INFO: Training ROC-AUC: 0.740909
2025-04-01 13:37:50,991 - INFO: Validation ROC-AUC: 0.638285
2025-04-01 13:37:59,735 - INFO: Evaluating at iteration 17927
2025-04-01 13:38:00,063 - INFO: Loss: 0.218584
2025-04-01 13:38:00,063 - INFO: Training ROC-AUC: 0.885057
2025-04-01 13:38:00,063 - INFO: Validation ROC-AUC: 0.550521
2025-04-01 13:38:08,730 - INFO: Evaluating at iteration 18427
2025-04-01 13:38:09,047 - INFO: Loss: 0.222600
2025-04-01 13:38:09,047 - INFO: Training ROC-AUC: 0.931034
2025-04-01 13:38:09,047 - INFO: Validation ROC-AUC: 0.589828
2025-04-01 13:38:17,688 - INFO: Evaluating at iteration 18927
2025-04-01 13:38:18,006 - INFO: Loss: 0.229510
2025-04-01 13:38:18,006 - INFO: Training ROC-AUC: 0.933333
2025-04-01 13:38:18,006 - INFO: Validation ROC-AUC: 0.593837
2025-04-01 13:38:25,217 - INFO: Starting epoch 9
2025-04-01 13:38:25,235 - INFO: Evaluating at iteration 19345
2025-04-01 13:38:25,555 - INFO: Loss: 0.320465
2025-04-01 13:38:25,555 - INFO: Training ROC-AUC: 0.871795
2025-04-01 13:38:25,555 - INFO: Validation ROC-AUC: 0.632932
2025-04-01 13:38:34,237 - INFO: Evaluating at iteration 19845
2025-04-01 13:38:34,581 - INFO: Loss: 0.285201
2025-04-01 13:38:34,581 - INFO: Training ROC-AUC: 0.857143
2025-04-01 13:38:34,581 - INFO: Validation ROC-AUC: 0.611278
2025-04-01 13:38:43,311 - INFO: Evaluating at iteration 20345
2025-04-01 13:38:43,629 - INFO: Loss: 0.197106
2025-04-01 13:38:43,630 - INFO: Training ROC-AUC: 0.908046
2025-04-01 13:38:43,630 - INFO: Validation ROC-AUC: 0.584667
2025-04-01 13:38:52,304 - INFO: Evaluating at iteration 20845
2025-04-01 13:38:52,627 - INFO: Loss: 0.266883
2025-04-01 13:38:52,628 - INFO: Training ROC-AUC: 0.896296
2025-04-01 13:38:52,628 - INFO: Validation ROC-AUC: 0.574286
2025-04-01 13:39:01,347 - INFO: Evaluating at iteration 21345
2025-04-01 13:39:01,692 - INFO: Loss: 0.463069
2025-04-01 13:39:01,692 - INFO: Training ROC-AUC: 0.807292
2025-04-01 13:39:01,692 - INFO: Validation ROC-AUC: 0.577861
2025-04-01 13:39:08,953 - INFO: Starting epoch 10
2025-04-01 13:39:08,971 - INFO: Evaluating at iteration 21763
2025-04-01 13:39:09,295 - INFO: Loss: 0.289402
2025-04-01 13:39:09,296 - INFO: Training ROC-AUC: 0.916667
2025-04-01 13:39:09,296 - INFO: Validation ROC-AUC: 0.585942
2025-04-01 13:39:17,974 - INFO: Evaluating at iteration 22263
2025-04-01 13:39:18,299 - INFO: Loss: 0.463279
2025-04-01 13:39:18,299 - INFO: Training ROC-AUC: 0.511111
2025-04-01 13:39:18,299 - INFO: Validation ROC-AUC: 0.590323
2025-04-01 13:39:26,906 - INFO: Evaluating at iteration 22763
2025-04-01 13:39:27,241 - INFO: Loss: 0.351583
2025-04-01 13:39:27,241 - INFO: Training ROC-AUC: 0.826923
2025-04-01 13:39:27,241 - INFO: Validation ROC-AUC: 0.550158
2025-04-01 13:39:35,917 - INFO: Evaluating at iteration 23263
2025-04-01 13:39:36,246 - INFO: Loss: 0.304720
2025-04-01 13:39:36,246 - INFO: Training ROC-AUC: 0.858974
2025-04-01 13:39:36,246 - INFO: Validation ROC-AUC: 0.552395
2025-04-01 13:39:44,935 - INFO: Evaluating at iteration 23763
2025-04-01 13:39:45,272 - INFO: Loss: 0.553854
2025-04-01 13:39:45,272 - INFO: Training ROC-AUC: 0.854545
2025-04-01 13:39:45,272 - INFO: Validation ROC-AUC: 0.614272
2025-04-01 13:39:52,578 - INFO: Starting epoch 11
2025-04-01 13:39:52,596 - INFO: Evaluating at iteration 24181
2025-04-01 13:39:52,934 - INFO: Loss: 0.351493
2025-04-01 13:39:52,934 - INFO: Training ROC-AUC: 0.846154
2025-04-01 13:39:52,934 - INFO: Validation ROC-AUC: 0.572488
2025-04-01 13:40:01,673 - INFO: Evaluating at iteration 24681
2025-04-01 13:40:02,006 - INFO: Loss: 0.349169
2025-04-01 13:40:02,006 - INFO: Training ROC-AUC: 0.811429
2025-04-01 13:40:02,006 - INFO: Validation ROC-AUC: 0.598333
2025-04-01 13:40:10,636 - INFO: Evaluating at iteration 25181
2025-04-01 13:40:10,972 - INFO: Loss: 0.417148
2025-04-01 13:40:10,972 - INFO: Training ROC-AUC: 0.760000
2025-04-01 13:40:10,972 - INFO: Validation ROC-AUC: 0.564977
2025-04-01 13:40:19,690 - INFO: Evaluating at iteration 25681
2025-04-01 13:40:20,026 - INFO: Loss: 0.275046
2025-04-01 13:40:20,026 - INFO: Training ROC-AUC: 0.875000
2025-04-01 13:40:20,026 - INFO: Validation ROC-AUC: 0.599366
2025-04-01 13:40:28,731 - INFO: Evaluating at iteration 26181
2025-04-01 13:40:29,060 - INFO: Loss: 0.371722
2025-04-01 13:40:29,060 - INFO: Training ROC-AUC: 0.807692
2025-04-01 13:40:29,060 - INFO: Validation ROC-AUC: 0.563442
2025-04-01 13:40:36,324 - INFO: Starting epoch 12
2025-04-01 13:40:36,342 - INFO: Evaluating at iteration 26599
2025-04-01 13:40:36,681 - INFO: Loss: 0.219016
2025-04-01 13:40:36,681 - INFO: Training ROC-AUC: 0.908046
2025-04-01 13:40:36,681 - INFO: Validation ROC-AUC: 0.585319
2025-04-01 13:40:45,403 - INFO: Evaluating at iteration 27099
2025-04-01 13:40:45,738 - INFO: Loss: 0.229791
2025-04-01 13:40:45,739 - INFO: Training ROC-AUC: 0.955556
2025-04-01 13:40:45,739 - INFO: Validation ROC-AUC: 0.533787
2025-04-01 13:40:54,400 - INFO: Evaluating at iteration 27599
2025-04-01 13:40:54,740 - INFO: Loss: 0.336656
2025-04-01 13:40:54,740 - INFO: Training ROC-AUC: 0.829630
2025-04-01 13:40:54,740 - INFO: Validation ROC-AUC: 0.590963
2025-04-01 13:41:03,526 - INFO: Evaluating at iteration 28099
2025-04-01 13:41:03,857 - INFO: Loss: 0.474044
2025-04-01 13:41:03,858 - INFO: Training ROC-AUC: 0.870130
2025-04-01 13:41:03,858 - INFO: Validation ROC-AUC: 0.606293
2025-04-01 13:41:12,612 - INFO: Evaluating at iteration 28599
2025-04-01 13:41:12,968 - INFO: Loss: 0.375360
2025-04-01 13:41:12,968 - INFO: Training ROC-AUC: 0.807692
2025-04-01 13:41:12,968 - INFO: Validation ROC-AUC: 0.567263
2025-04-01 13:41:20,268 - INFO: Starting epoch 13
2025-04-01 13:41:20,287 - INFO: Evaluating at iteration 29017
2025-04-01 13:41:20,625 - INFO: Loss: 0.393222
2025-04-01 13:41:20,625 - INFO: Training ROC-AUC: 0.786458
2025-04-01 13:41:20,625 - INFO: Validation ROC-AUC: 0.594915
2025-04-01 13:41:29,346 - INFO: Evaluating at iteration 29517
2025-04-01 13:41:29,689 - INFO: Loss: 0.387685
2025-04-01 13:41:29,689 - INFO: Training ROC-AUC: 0.756410
2025-04-01 13:41:29,689 - INFO: Validation ROC-AUC: 0.530073
2025-04-01 13:41:38,357 - INFO: Evaluating at iteration 30017
2025-04-01 13:41:38,675 - INFO: Loss: 0.391182
2025-04-01 13:41:38,675 - INFO: Training ROC-AUC: 0.770833
2025-04-01 13:41:38,675 - INFO: Validation ROC-AUC: 0.549171
2025-04-01 13:41:47,423 - INFO: Evaluating at iteration 30517
2025-04-01 13:41:47,766 - INFO: Loss: 0.251242
2025-04-01 13:41:47,766 - INFO: Training ROC-AUC: 0.650000
2025-04-01 13:41:47,766 - INFO: Validation ROC-AUC: 0.569483
2025-04-01 13:41:56,526 - INFO: Evaluating at iteration 31017
2025-04-01 13:41:56,848 - INFO: Loss: 0.283369
2025-04-01 13:41:56,848 - INFO: Training ROC-AUC: 0.767857
2025-04-01 13:41:56,848 - INFO: Validation ROC-AUC: 0.610537
2025-04-01 13:42:04,155 - INFO: Starting epoch 14
2025-04-01 13:42:04,174 - INFO: Evaluating at iteration 31435
2025-04-01 13:42:04,498 - INFO: Loss: 0.349962
2025-04-01 13:42:04,498 - INFO: Training ROC-AUC: 0.833333
2025-04-01 13:42:04,498 - INFO: Validation ROC-AUC: 0.574949
2025-04-01 13:42:13,259 - INFO: Evaluating at iteration 31935
2025-04-01 13:42:13,589 - INFO: Loss: 0.262898
2025-04-01 13:42:13,589 - INFO: Training ROC-AUC: 0.793103
2025-04-01 13:42:13,589 - INFO: Validation ROC-AUC: 0.594454
2025-04-01 13:42:22,285 - INFO: Evaluating at iteration 32435
2025-04-01 13:42:22,620 - INFO: Loss: 0.242090
2025-04-01 13:42:22,620 - INFO: Training ROC-AUC: 0.916667
2025-04-01 13:42:22,620 - INFO: Validation ROC-AUC: 0.614101
2025-04-01 13:42:31,347 - INFO: Evaluating at iteration 32935
2025-04-01 13:42:31,688 - INFO: Loss: 0.417070
2025-04-01 13:42:31,689 - INFO: Training ROC-AUC: 0.748571
2025-04-01 13:42:31,689 - INFO: Validation ROC-AUC: 0.570425
2025-04-01 13:42:40,402 - INFO: Evaluating at iteration 33435
2025-04-01 13:42:40,745 - INFO: Loss: 0.168120
2025-04-01 13:42:40,745 - INFO: Training ROC-AUC: 0.774194
2025-04-01 13:42:40,745 - INFO: Validation ROC-AUC: 0.586429
2025-04-01 13:42:48,069 - INFO: Starting epoch 15
2025-04-01 13:42:48,088 - INFO: Evaluating at iteration 33853
2025-04-01 13:42:48,408 - INFO: Loss: 0.261607
2025-04-01 13:42:48,408 - INFO: Training ROC-AUC: 0.942308
2025-04-01 13:42:48,408 - INFO: Validation ROC-AUC: 0.631812
2025-04-01 13:42:57,159 - INFO: Evaluating at iteration 34353
2025-04-01 13:42:57,495 - INFO: Loss: 0.238078
2025-04-01 13:42:57,495 - INFO: Training ROC-AUC: 0.918519
2025-04-01 13:42:57,495 - INFO: Validation ROC-AUC: 0.585941
2025-04-01 13:43:06,264 - INFO: Evaluating at iteration 34853
2025-04-01 13:43:06,583 - INFO: Loss: 0.217723
2025-04-01 13:43:06,583 - INFO: Training ROC-AUC: 0.800000
2025-04-01 13:43:06,583 - INFO: Validation ROC-AUC: 0.524823
2025-04-01 13:43:15,398 - INFO: Evaluating at iteration 35353
2025-04-01 13:43:15,717 - INFO: Loss: 0.406227
2025-04-01 13:43:15,717 - INFO: Training ROC-AUC: 0.859375
2025-04-01 13:43:15,717 - INFO: Validation ROC-AUC: 0.574169
2025-04-01 13:43:24,518 - INFO: Evaluating at iteration 35853
2025-04-01 13:43:24,839 - INFO: Loss: 0.417221
2025-04-01 13:43:24,839 - INFO: Training ROC-AUC: 0.903382
2025-04-01 13:43:24,839 - INFO: Validation ROC-AUC: 0.622505
2025-04-01 13:43:32,232 - INFO: Starting epoch 16
2025-04-01 13:43:32,251 - INFO: Evaluating at iteration 36271
2025-04-01 13:43:32,594 - INFO: Loss: 0.436394
2025-04-01 13:43:32,594 - INFO: Training ROC-AUC: 0.720000
2025-04-01 13:43:32,594 - INFO: Validation ROC-AUC: 0.575364
2025-04-01 13:43:41,402 - INFO: Evaluating at iteration 36771
2025-04-01 13:43:41,742 - INFO: Loss: 0.317477
2025-04-01 13:43:41,742 - INFO: Training ROC-AUC: 0.897436
2025-04-01 13:43:41,742 - INFO: Validation ROC-AUC: 0.547841
2025-04-01 13:43:50,557 - INFO: Evaluating at iteration 37271
2025-04-01 13:43:50,897 - INFO: Loss: 0.417931
2025-04-01 13:43:50,897 - INFO: Training ROC-AUC: 0.771429
2025-04-01 13:43:50,897 - INFO: Validation ROC-AUC: 0.551382
2025-04-01 13:43:59,754 - INFO: Evaluating at iteration 37771
2025-04-01 13:44:00,081 - INFO: Loss: 0.343290
2025-04-01 13:44:00,081 - INFO: Training ROC-AUC: 0.762821
2025-04-01 13:44:00,081 - INFO: Validation ROC-AUC: 0.575389
2025-04-01 13:44:08,906 - INFO: Evaluating at iteration 38271
2025-04-01 13:44:09,231 - INFO: Loss: 0.253449
2025-04-01 13:44:09,231 - INFO: Training ROC-AUC: 0.781609
2025-04-01 13:44:09,231 - INFO: Validation ROC-AUC: 0.586317
2025-04-01 13:44:16,637 - INFO: Starting epoch 17
2025-04-01 13:44:16,656 - INFO: Evaluating at iteration 38689
2025-04-01 13:44:16,994 - INFO: Loss: 0.708780
2025-04-01 13:44:16,994 - INFO: Training ROC-AUC: 0.462857
2025-04-01 13:44:16,994 - INFO: Validation ROC-AUC: 0.570194
2025-04-01 13:44:25,888 - INFO: Evaluating at iteration 39189
2025-04-01 13:44:26,220 - INFO: Loss: 0.244472
2025-04-01 13:44:26,220 - INFO: Training ROC-AUC: 0.892857
2025-04-01 13:44:26,220 - INFO: Validation ROC-AUC: 0.575380
2025-04-01 13:44:35,092 - INFO: Evaluating at iteration 39689
2025-04-01 13:44:35,420 - INFO: Loss: 0.363472
2025-04-01 13:44:35,420 - INFO: Training ROC-AUC: 0.880000
2025-04-01 13:44:35,420 - INFO: Validation ROC-AUC: 0.550552
2025-04-01 13:44:44,291 - INFO: Evaluating at iteration 40189
2025-04-01 13:44:44,631 - INFO: Loss: 0.302678
2025-04-01 13:44:44,631 - INFO: Training ROC-AUC: 0.803571
2025-04-01 13:44:44,631 - INFO: Validation ROC-AUC: 0.573175
2025-04-01 13:44:53,462 - INFO: Evaluating at iteration 40689
2025-04-01 13:44:53,783 - INFO: Loss: 0.158618
2025-04-01 13:44:53,784 - INFO: Training ROC-AUC: 1.000000
2025-04-01 13:44:53,784 - INFO: Validation ROC-AUC: 0.567546
2025-04-01 13:45:01,201 - INFO: Starting epoch 18
2025-04-01 13:45:01,220 - INFO: Evaluating at iteration 41107
2025-04-01 13:45:01,557 - INFO: Loss: 0.343019
2025-04-01 13:45:01,557 - INFO: Training ROC-AUC: 0.767857
2025-04-01 13:45:01,557 - INFO: Validation ROC-AUC: 0.590783
2025-04-01 13:45:10,481 - INFO: Evaluating at iteration 41607
2025-04-01 13:45:10,800 - INFO: Loss: 0.341692
2025-04-01 13:45:10,801 - INFO: Training ROC-AUC: 0.820513
2025-04-01 13:45:10,801 - INFO: Validation ROC-AUC: 0.573957
2025-04-01 13:45:19,712 - INFO: Evaluating at iteration 42107
2025-04-01 13:45:20,056 - INFO: Loss: 0.375676
2025-04-01 13:45:20,056 - INFO: Training ROC-AUC: 0.828571
2025-04-01 13:45:20,056 - INFO: Validation ROC-AUC: 0.592474
2025-04-01 13:45:28,955 - INFO: Evaluating at iteration 42607
2025-04-01 13:45:29,295 - INFO: Loss: 0.465597
2025-04-01 13:45:29,296 - INFO: Training ROC-AUC: 0.807292
2025-04-01 13:45:29,296 - INFO: Validation ROC-AUC: 0.552277
2025-04-01 13:45:38,189 - INFO: Evaluating at iteration 43107
2025-04-01 13:45:38,526 - INFO: Loss: 0.444477
2025-04-01 13:45:38,526 - INFO: Training ROC-AUC: 0.845411
2025-04-01 13:45:38,526 - INFO: Validation ROC-AUC: 0.551027
2025-04-01 13:45:45,975 - INFO: Starting epoch 19
2025-04-01 13:45:45,994 - INFO: Evaluating at iteration 43525
2025-04-01 13:45:46,334 - INFO: Loss: 0.365295
2025-04-01 13:45:46,334 - INFO: Training ROC-AUC: 0.762963
2025-04-01 13:45:46,334 - INFO: Validation ROC-AUC: 0.595419
2025-04-01 13:45:55,214 - INFO: Evaluating at iteration 44025
2025-04-01 13:45:55,542 - INFO: Loss: 0.319702
2025-04-01 13:45:55,542 - INFO: Training ROC-AUC: 0.785185
2025-04-01 13:45:55,542 - INFO: Validation ROC-AUC: 0.574987
2025-04-01 13:46:04,462 - INFO: Evaluating at iteration 44525
2025-04-01 13:46:04,805 - INFO: Loss: 0.380944
2025-04-01 13:46:04,805 - INFO: Training ROC-AUC: 0.703704
2025-04-01 13:46:04,805 - INFO: Validation ROC-AUC: 0.584228
2025-04-01 13:46:13,794 - INFO: Evaluating at iteration 45025
2025-04-01 13:46:14,136 - INFO: Loss: 0.376402
2025-04-01 13:46:14,136 - INFO: Training ROC-AUC: 0.771429
2025-04-01 13:46:14,136 - INFO: Validation ROC-AUC: 0.550411
2025-04-01 13:46:23,111 - INFO: Evaluating at iteration 45525
2025-04-01 13:46:23,448 - INFO: Loss: 0.204074
2025-04-01 13:46:23,448 - INFO: Training ROC-AUC: 1.000000
2025-04-01 13:46:23,448 - INFO: Validation ROC-AUC: 0.604814
2025-04-01 13:46:30,924 - INFO: Starting epoch 20
2025-04-01 13:46:30,943 - INFO: Evaluating at iteration 45943
2025-04-01 13:46:31,266 - INFO: Loss: 0.249020
2025-04-01 13:46:31,266 - INFO: Training ROC-AUC: 0.533333
2025-04-01 13:46:31,266 - INFO: Validation ROC-AUC: 0.535677
2025-04-01 13:46:40,310 - INFO: Evaluating at iteration 46443
2025-04-01 13:46:40,648 - INFO: Loss: 0.410193
2025-04-01 13:46:40,648 - INFO: Training ROC-AUC: 0.765714
2025-04-01 13:46:40,648 - INFO: Validation ROC-AUC: 0.552605
2025-04-01 13:46:49,677 - INFO: Evaluating at iteration 46943
2025-04-01 13:46:49,999 - INFO: Loss: 0.159656
2025-04-01 13:46:49,999 - INFO: Training ROC-AUC: 0.903226
2025-04-01 13:46:49,999 - INFO: Validation ROC-AUC: 0.540974
2025-04-01 13:46:59,047 - INFO: Evaluating at iteration 47443
2025-04-01 13:46:59,384 - INFO: Loss: 0.293596
2025-04-01 13:46:59,384 - INFO: Training ROC-AUC: 0.937143
2025-04-01 13:46:59,384 - INFO: Validation ROC-AUC: 0.573985
2025-04-01 13:47:08,437 - INFO: Evaluating at iteration 47943
2025-04-01 13:47:08,755 - INFO: Loss: 0.248676
2025-04-01 13:47:08,755 - INFO: Training ROC-AUC: 0.970370
2025-04-01 13:47:08,755 - INFO: Validation ROC-AUC: 0.580852
2025-04-01 13:47:16,321 - INFO: Starting epoch 21
2025-04-01 13:47:16,342 - INFO: Evaluating at iteration 48361
2025-04-01 13:47:16,669 - INFO: Loss: 0.304534
2025-04-01 13:47:16,669 - INFO: Training ROC-AUC: 0.776786
2025-04-01 13:47:16,669 - INFO: Validation ROC-AUC: 0.539948
2025-04-01 13:47:25,769 - INFO: Evaluating at iteration 48861
2025-04-01 13:47:26,093 - INFO: Loss: 0.349936
2025-04-01 13:47:26,093 - INFO: Training ROC-AUC: 0.878205
2025-04-01 13:47:26,093 - INFO: Validation ROC-AUC: 0.559814
2025-04-01 13:47:35,119 - INFO: Evaluating at iteration 49361
2025-04-01 13:47:35,461 - INFO: Loss: 0.242235
2025-04-01 13:47:35,462 - INFO: Training ROC-AUC: 0.866071
2025-04-01 13:47:35,462 - INFO: Validation ROC-AUC: 0.578506
2025-04-01 13:47:44,539 - INFO: Evaluating at iteration 49861
2025-04-01 13:47:44,864 - INFO: Loss: 0.279816
2025-04-01 13:47:44,864 - INFO: Training ROC-AUC: 0.794643
2025-04-01 13:47:44,864 - INFO: Validation ROC-AUC: 0.545581
2025-04-01 13:47:53,950 - INFO: Evaluating at iteration 50361
2025-04-01 13:47:54,299 - INFO: Loss: 0.526092
2025-04-01 13:47:54,299 - INFO: Training ROC-AUC: 0.671875
2025-04-01 13:47:54,299 - INFO: Validation ROC-AUC: 0.561619
2025-04-01 13:48:01,851 - INFO: Starting epoch 22
2025-04-01 13:48:01,870 - INFO: Evaluating at iteration 50779
2025-04-01 13:48:02,191 - INFO: Loss: 0.287260
2025-04-01 13:48:02,191 - INFO: Training ROC-AUC: 0.878205
2025-04-01 13:48:02,191 - INFO: Validation ROC-AUC: 0.559764
2025-04-01 13:48:11,316 - INFO: Evaluating at iteration 51279
2025-04-01 13:48:11,656 - INFO: Loss: 0.345439
2025-04-01 13:48:11,656 - INFO: Training ROC-AUC: 0.801282
2025-04-01 13:48:11,656 - INFO: Validation ROC-AUC: 0.542695
2025-04-01 13:48:20,751 - INFO: Evaluating at iteration 51779
2025-04-01 13:48:21,090 - INFO: Loss: 0.272257
2025-04-01 13:48:21,090 - INFO: Training ROC-AUC: 0.735632
2025-04-01 13:48:21,090 - INFO: Validation ROC-AUC: 0.554900
2025-04-01 13:48:30,266 - INFO: Evaluating at iteration 52279
2025-04-01 13:48:30,584 - INFO: Loss: 0.293347
2025-04-01 13:48:30,584 - INFO: Training ROC-AUC: 0.733333
2025-04-01 13:48:30,584 - INFO: Validation ROC-AUC: 0.545667
2025-04-01 13:48:39,742 - INFO: Evaluating at iteration 52779
2025-04-01 13:48:40,072 - INFO: Loss: 0.165666
2025-04-01 13:48:40,072 - INFO: Training ROC-AUC: 0.955357
2025-04-01 13:48:40,072 - INFO: Validation ROC-AUC: 0.520972
2025-04-01 13:48:47,787 - INFO: Starting epoch 23
2025-04-01 13:48:47,806 - INFO: Evaluating at iteration 53197
2025-04-01 13:48:48,126 - INFO: Loss: 0.260148
2025-04-01 13:48:48,126 - INFO: Training ROC-AUC: 0.903704
2025-04-01 13:48:48,126 - INFO: Validation ROC-AUC: 0.560660
2025-04-01 13:48:57,236 - INFO: Evaluating at iteration 53697
2025-04-01 13:48:57,575 - INFO: Loss: 0.347706
2025-04-01 13:48:57,575 - INFO: Training ROC-AUC: 0.777778
2025-04-01 13:48:57,575 - INFO: Validation ROC-AUC: 0.576421
2025-04-01 13:49:06,759 - INFO: Evaluating at iteration 54197
2025-04-01 13:49:07,086 - INFO: Loss: 0.483389
2025-04-01 13:49:07,087 - INFO: Training ROC-AUC: 0.845455
2025-04-01 13:49:07,087 - INFO: Validation ROC-AUC: 0.540470
2025-04-01 13:49:16,370 - INFO: Evaluating at iteration 54697
2025-04-01 13:49:16,694 - INFO: Loss: 0.411075
2025-04-01 13:49:16,694 - INFO: Training ROC-AUC: 0.770833
2025-04-01 13:49:16,694 - INFO: Validation ROC-AUC: 0.537776
2025-04-01 13:49:25,941 - INFO: Evaluating at iteration 55197
2025-04-01 13:49:26,259 - INFO: Loss: 0.210088
2025-04-01 13:49:26,259 - INFO: Training ROC-AUC: 0.946429
2025-04-01 13:49:26,259 - INFO: Validation ROC-AUC: 0.549452
2025-04-01 13:49:33,951 - INFO: Starting epoch 24
2025-04-01 13:49:33,971 - INFO: Evaluating at iteration 55615
2025-04-01 13:49:34,293 - INFO: Loss: 0.404160
2025-04-01 13:49:34,293 - INFO: Training ROC-AUC: 0.681481
2025-04-01 13:49:34,293 - INFO: Validation ROC-AUC: 0.552420
2025-04-01 13:49:43,484 - INFO: Evaluating at iteration 56115
2025-04-01 13:49:43,824 - INFO: Loss: 0.312709
2025-04-01 13:49:43,824 - INFO: Training ROC-AUC: 0.812500
2025-04-01 13:49:43,824 - INFO: Validation ROC-AUC: 0.565812
2025-04-01 13:49:52,984 - INFO: Evaluating at iteration 56615
2025-04-01 13:49:53,317 - INFO: Loss: 0.368088
2025-04-01 13:49:53,317 - INFO: Training ROC-AUC: 0.814103
2025-04-01 13:49:53,317 - INFO: Validation ROC-AUC: 0.554783
2025-04-01 13:50:02,549 - INFO: Evaluating at iteration 57115
2025-04-01 13:50:02,883 - INFO: Loss: 0.236048
2025-04-01 13:50:02,884 - INFO: Training ROC-AUC: 0.873563
2025-04-01 13:50:02,884 - INFO: Validation ROC-AUC: 0.558081
2025-04-01 13:50:12,248 - INFO: Evaluating at iteration 57615
2025-04-01 13:50:12,566 - INFO: Loss: 0.291139
2025-04-01 13:50:12,566 - INFO: Training ROC-AUC: 0.891026
2025-04-01 13:50:12,566 - INFO: Validation ROC-AUC: 0.554632
2025-04-01 13:50:20,452 - INFO: Starting epoch 25
2025-04-01 13:50:20,474 - INFO: Evaluating at iteration 58033
2025-04-01 13:50:20,817 - INFO: Loss: 0.384839
2025-04-01 13:50:20,817 - INFO: Training ROC-AUC: 0.820513
2025-04-01 13:50:20,818 - INFO: Validation ROC-AUC: 0.593015
2025-04-01 13:50:30,145 - INFO: Evaluating at iteration 58533
2025-04-01 13:50:30,476 - INFO: Loss: 0.289707
2025-04-01 13:50:30,476 - INFO: Training ROC-AUC: 0.812500
2025-04-01 13:50:30,476 - INFO: Validation ROC-AUC: 0.575543
2025-04-01 13:50:39,643 - INFO: Evaluating at iteration 59033
2025-04-01 13:50:39,985 - INFO: Loss: 0.346395
2025-04-01 13:50:39,985 - INFO: Training ROC-AUC: 0.865385
2025-04-01 13:50:39,985 - INFO: Validation ROC-AUC: 0.554653
2025-04-01 13:50:49,258 - INFO: Evaluating at iteration 59533
2025-04-01 13:50:49,605 - INFO: Loss: 0.313472
2025-04-01 13:50:49,605 - INFO: Training ROC-AUC: 0.829630
2025-04-01 13:50:49,605 - INFO: Validation ROC-AUC: 0.577540
2025-04-01 13:50:59,157 - INFO: Evaluating at iteration 60033
2025-04-01 13:50:59,498 - INFO: Loss: 0.319483
2025-04-01 13:50:59,499 - INFO: Training ROC-AUC: 0.902857
2025-04-01 13:50:59,499 - INFO: Validation ROC-AUC: 0.560564
2025-04-01 13:51:07,577 - INFO: Saving model to models/TCRStructMap_cdrs_mhc_pseudo/model_4.pt
2025-04-01 13:51:07,589 - INFO: Starting fold 5
2025-04-01 13:51:07,621 - INFO: Initialising model
2025-04-01 13:51:07,631 - INFO: Starting training
2025-04-01 13:51:07,631 - INFO: Starting epoch 1
2025-04-01 13:51:07,650 - INFO: Evaluating at iteration 1
2025-04-01 13:51:07,880 - INFO: Loss: 0.677672
2025-04-01 13:51:07,880 - INFO: Training ROC-AUC: 0.586207
2025-04-01 13:51:07,880 - INFO: Validation ROC-AUC: 0.446746
2025-04-01 13:51:16,388 - INFO: Evaluating at iteration 501
2025-04-01 13:51:16,622 - INFO: Loss: 0.471799
2025-04-01 13:51:16,623 - INFO: Training ROC-AUC: 0.570513
2025-04-01 13:51:16,623 - INFO: Validation ROC-AUC: 0.385280
2025-04-01 13:51:25,298 - INFO: Evaluating at iteration 1001
2025-04-01 13:51:25,525 - INFO: Loss: 0.379734
2025-04-01 13:51:25,526 - INFO: Training ROC-AUC: 0.570370
2025-04-01 13:51:25,526 - INFO: Validation ROC-AUC: 0.401075
2025-04-01 13:51:34,218 - INFO: Evaluating at iteration 1501
2025-04-01 13:51:34,448 - INFO: Loss: 0.382492
2025-04-01 13:51:34,448 - INFO: Training ROC-AUC: 0.589286
2025-04-01 13:51:34,449 - INFO: Validation ROC-AUC: 0.589559
2025-04-01 13:51:43,091 - INFO: Evaluating at iteration 2001
2025-04-01 13:51:43,325 - INFO: Loss: 0.356776
2025-04-01 13:51:43,325 - INFO: Training ROC-AUC: 0.762963
2025-04-01 13:51:43,325 - INFO: Validation ROC-AUC: 0.556200
2025-04-01 13:51:51,483 - INFO: Starting epoch 2
2025-04-01 13:51:51,501 - INFO: Evaluating at iteration 2475
2025-04-01 13:51:51,729 - INFO: Loss: 0.273207
2025-04-01 13:51:51,729 - INFO: Training ROC-AUC: 0.816092
2025-04-01 13:51:51,729 - INFO: Validation ROC-AUC: 0.552728
2025-04-01 13:52:00,379 - INFO: Evaluating at iteration 2975
2025-04-01 13:52:00,608 - INFO: Loss: 0.455563
2025-04-01 13:52:00,608 - INFO: Training ROC-AUC: 0.464286
2025-04-01 13:52:00,608 - INFO: Validation ROC-AUC: 0.562167
2025-04-01 13:52:09,187 - INFO: Evaluating at iteration 3475
2025-04-01 13:52:09,416 - INFO: Loss: 0.383241
2025-04-01 13:52:09,416 - INFO: Training ROC-AUC: 0.840580
2025-04-01 13:52:09,416 - INFO: Validation ROC-AUC: 0.550906
2025-04-01 13:52:18,079 - INFO: Evaluating at iteration 3975
2025-04-01 13:52:18,308 - INFO: Loss: 0.451947
2025-04-01 13:52:18,308 - INFO: Training ROC-AUC: 0.705128
2025-04-01 13:52:18,308 - INFO: Validation ROC-AUC: 0.567193
2025-04-01 13:52:26,913 - INFO: Evaluating at iteration 4475
2025-04-01 13:52:27,142 - INFO: Loss: 0.349361
2025-04-01 13:52:27,142 - INFO: Training ROC-AUC: 0.660714
2025-04-01 13:52:27,142 - INFO: Validation ROC-AUC: 0.558394
2025-04-01 13:52:35,315 - INFO: Starting epoch 3
2025-04-01 13:52:35,334 - INFO: Evaluating at iteration 4949
2025-04-01 13:52:35,562 - INFO: Loss: 0.223222
2025-04-01 13:52:35,562 - INFO: Training ROC-AUC: 0.712644
2025-04-01 13:52:35,562 - INFO: Validation ROC-AUC: 0.552869
2025-04-01 13:52:44,201 - INFO: Evaluating at iteration 5449
2025-04-01 13:52:44,431 - INFO: Loss: 0.375642
2025-04-01 13:52:44,431 - INFO: Training ROC-AUC: 0.755556
2025-04-01 13:52:44,431 - INFO: Validation ROC-AUC: 0.561122
2025-04-01 13:52:52,998 - INFO: Evaluating at iteration 5949
2025-04-01 13:52:53,226 - INFO: Loss: 0.517718
2025-04-01 13:52:53,226 - INFO: Training ROC-AUC: 0.645833
2025-04-01 13:52:53,226 - INFO: Validation ROC-AUC: 0.552595
2025-04-01 13:53:01,920 - INFO: Evaluating at iteration 6449
2025-04-01 13:53:02,148 - INFO: Loss: 0.479806
2025-04-01 13:53:02,149 - INFO: Training ROC-AUC: 0.835749
2025-04-01 13:53:02,149 - INFO: Validation ROC-AUC: 0.541378
2025-04-01 13:53:10,813 - INFO: Evaluating at iteration 6949
2025-04-01 13:53:11,040 - INFO: Loss: 0.182120
2025-04-01 13:53:11,040 - INFO: Training ROC-AUC: 0.954023
2025-04-01 13:53:11,040 - INFO: Validation ROC-AUC: 0.587535
2025-04-01 13:53:19,245 - INFO: Starting epoch 4
2025-04-01 13:53:19,264 - INFO: Evaluating at iteration 7423
2025-04-01 13:53:19,493 - INFO: Loss: 0.308031
2025-04-01 13:53:19,493 - INFO: Training ROC-AUC: 0.891026
2025-04-01 13:53:19,493 - INFO: Validation ROC-AUC: 0.545544
2025-04-01 13:53:28,119 - INFO: Evaluating at iteration 7923
2025-04-01 13:53:28,354 - INFO: Loss: 0.395212
2025-04-01 13:53:28,354 - INFO: Training ROC-AUC: 0.845714
2025-04-01 13:53:28,354 - INFO: Validation ROC-AUC: 0.618291
2025-04-01 13:53:36,956 - INFO: Evaluating at iteration 8423
2025-04-01 13:53:37,188 - INFO: Loss: 0.323695
2025-04-01 13:53:37,188 - INFO: Training ROC-AUC: 0.871795
2025-04-01 13:53:37,188 - INFO: Validation ROC-AUC: 0.565695
2025-04-01 13:53:45,916 - INFO: Evaluating at iteration 8923
2025-04-01 13:53:46,145 - INFO: Loss: 0.360692
2025-04-01 13:53:46,145 - INFO: Training ROC-AUC: 0.851429
2025-04-01 13:53:46,145 - INFO: Validation ROC-AUC: 0.600273
2025-04-01 13:53:54,771 - INFO: Evaluating at iteration 9423
2025-04-01 13:53:55,000 - INFO: Loss: 0.276854
2025-04-01 13:53:55,000 - INFO: Training ROC-AUC: 0.666667
2025-04-01 13:53:55,000 - INFO: Validation ROC-AUC: 0.597779
2025-04-01 13:54:03,246 - INFO: Starting epoch 5
2025-04-01 13:54:03,265 - INFO: Evaluating at iteration 9897
2025-04-01 13:54:03,494 - INFO: Loss: 0.233309
2025-04-01 13:54:03,494 - INFO: Training ROC-AUC: 0.883929
2025-04-01 13:54:03,494 - INFO: Validation ROC-AUC: 0.576825
2025-04-01 13:54:12,136 - INFO: Evaluating at iteration 10397
2025-04-01 13:54:12,364 - INFO: Loss: 0.357178
2025-04-01 13:54:12,365 - INFO: Training ROC-AUC: 0.858974
2025-04-01 13:54:12,365 - INFO: Validation ROC-AUC: 0.567650
2025-04-01 13:54:21,031 - INFO: Evaluating at iteration 10897
2025-04-01 13:54:21,261 - INFO: Loss: 0.320218
2025-04-01 13:54:21,261 - INFO: Training ROC-AUC: 0.895833
2025-04-01 13:54:21,261 - INFO: Validation ROC-AUC: 0.583918
2025-04-01 13:54:29,938 - INFO: Evaluating at iteration 11397
2025-04-01 13:54:30,177 - INFO: Loss: 0.300607
2025-04-01 13:54:30,177 - INFO: Training ROC-AUC: 0.896296
2025-04-01 13:54:30,177 - INFO: Validation ROC-AUC: 0.590211
2025-04-01 13:54:38,817 - INFO: Evaluating at iteration 11897
2025-04-01 13:54:39,044 - INFO: Loss: 0.322178
2025-04-01 13:54:39,044 - INFO: Training ROC-AUC: 0.837037
2025-04-01 13:54:39,044 - INFO: Validation ROC-AUC: 0.562223
2025-04-01 13:54:47,304 - INFO: Starting epoch 6
2025-04-01 13:54:47,326 - INFO: Evaluating at iteration 12371
2025-04-01 13:54:47,555 - INFO: Loss: 0.259243
2025-04-01 13:54:47,555 - INFO: Training ROC-AUC: 0.793103
2025-04-01 13:54:47,555 - INFO: Validation ROC-AUC: 0.601234
2025-04-01 13:54:56,205 - INFO: Evaluating at iteration 12871
2025-04-01 13:54:56,436 - INFO: Loss: 0.310385
2025-04-01 13:54:56,436 - INFO: Training ROC-AUC: 0.852564
2025-04-01 13:54:56,436 - INFO: Validation ROC-AUC: 0.631219
2025-04-01 13:55:05,130 - INFO: Evaluating at iteration 13371
2025-04-01 13:55:05,359 - INFO: Loss: 0.379794
2025-04-01 13:55:05,359 - INFO: Training ROC-AUC: 0.788462
2025-04-01 13:55:05,359 - INFO: Validation ROC-AUC: 0.624470
2025-04-01 13:55:14,137 - INFO: Evaluating at iteration 13871
2025-04-01 13:55:14,366 - INFO: Loss: 0.431202
2025-04-01 13:55:14,366 - INFO: Training ROC-AUC: 0.869792
2025-04-01 13:55:14,366 - INFO: Validation ROC-AUC: 0.606576
2025-04-01 13:55:23,061 - INFO: Evaluating at iteration 14371
2025-04-01 13:55:23,290 - INFO: Loss: 0.288243
2025-04-01 13:55:23,291 - INFO: Training ROC-AUC: 0.866667
2025-04-01 13:55:23,291 - INFO: Validation ROC-AUC: 0.624001
2025-04-01 13:55:31,566 - INFO: Starting epoch 7
2025-04-01 13:55:31,585 - INFO: Evaluating at iteration 14845
2025-04-01 13:55:31,814 - INFO: Loss: 0.469645
2025-04-01 13:55:31,814 - INFO: Training ROC-AUC: 0.790909
2025-04-01 13:55:31,814 - INFO: Validation ROC-AUC: 0.600757
2025-04-01 13:55:40,546 - INFO: Evaluating at iteration 15345
2025-04-01 13:55:40,775 - INFO: Loss: 0.322861
2025-04-01 13:55:40,775 - INFO: Training ROC-AUC: 0.812500
2025-04-01 13:55:40,775 - INFO: Validation ROC-AUC: 0.615040
2025-04-01 13:55:49,578 - INFO: Evaluating at iteration 15845
2025-04-01 13:55:49,809 - INFO: Loss: 0.416773
2025-04-01 13:55:49,809 - INFO: Training ROC-AUC: 0.869565
2025-04-01 13:55:49,809 - INFO: Validation ROC-AUC: 0.632847
2025-04-01 13:55:58,605 - INFO: Evaluating at iteration 16345
2025-04-01 13:55:58,837 - INFO: Loss: 0.494834
2025-04-01 13:55:58,837 - INFO: Training ROC-AUC: 0.806763
2025-04-01 13:55:58,838 - INFO: Validation ROC-AUC: 0.610183
2025-04-01 13:56:07,524 - INFO: Evaluating at iteration 16845
2025-04-01 13:56:07,758 - INFO: Loss: 0.304448
2025-04-01 13:56:07,758 - INFO: Training ROC-AUC: 0.884615
2025-04-01 13:56:07,758 - INFO: Validation ROC-AUC: 0.645117
2025-04-01 13:56:16,103 - INFO: Starting epoch 8
2025-04-01 13:56:16,121 - INFO: Evaluating at iteration 17319
2025-04-01 13:56:16,351 - INFO: Loss: 0.458111
2025-04-01 13:56:16,351 - INFO: Training ROC-AUC: 0.830918
2025-04-01 13:56:16,351 - INFO: Validation ROC-AUC: 0.655367
2025-04-01 13:56:25,140 - INFO: Evaluating at iteration 17819
2025-04-01 13:56:25,369 - INFO: Loss: 0.460932
2025-04-01 13:56:25,369 - INFO: Training ROC-AUC: 0.708571
2025-04-01 13:56:25,369 - INFO: Validation ROC-AUC: 0.601050
2025-04-01 13:56:34,176 - INFO: Evaluating at iteration 18319
2025-04-01 13:56:34,405 - INFO: Loss: 0.407335
2025-04-01 13:56:34,405 - INFO: Training ROC-AUC: 0.674074
2025-04-01 13:56:34,405 - INFO: Validation ROC-AUC: 0.599673
2025-04-01 13:56:43,247 - INFO: Evaluating at iteration 18819
2025-04-01 13:56:43,476 - INFO: Loss: 0.453383
2025-04-01 13:56:43,476 - INFO: Training ROC-AUC: 0.786458
2025-04-01 13:56:43,476 - INFO: Validation ROC-AUC: 0.631150
2025-04-01 13:56:52,256 - INFO: Evaluating at iteration 19319
2025-04-01 13:56:52,484 - INFO: Loss: 0.370970
2025-04-01 13:56:52,484 - INFO: Training ROC-AUC: 0.770370
2025-04-01 13:56:52,484 - INFO: Validation ROC-AUC: 0.607536
2025-04-01 13:57:00,910 - INFO: Starting epoch 9
2025-04-01 13:57:00,929 - INFO: Evaluating at iteration 19793
2025-04-01 13:57:01,157 - INFO: Loss: 0.355057
2025-04-01 13:57:01,157 - INFO: Training ROC-AUC: 0.814815
2025-04-01 13:57:01,157 - INFO: Validation ROC-AUC: 0.645320
2025-04-01 13:57:10,079 - INFO: Evaluating at iteration 20293
2025-04-01 13:57:10,307 - INFO: Loss: 0.264465
2025-04-01 13:57:10,307 - INFO: Training ROC-AUC: 0.911111
2025-04-01 13:57:10,307 - INFO: Validation ROC-AUC: 0.629209
2025-04-01 13:57:19,170 - INFO: Evaluating at iteration 20793
2025-04-01 13:57:19,398 - INFO: Loss: 0.334380
2025-04-01 13:57:19,398 - INFO: Training ROC-AUC: 0.891429
2025-04-01 13:57:19,398 - INFO: Validation ROC-AUC: 0.637844
2025-04-01 13:57:28,274 - INFO: Evaluating at iteration 21293
2025-04-01 13:57:28,504 - INFO: Loss: 0.378515
2025-04-01 13:57:28,504 - INFO: Training ROC-AUC: 0.916667
2025-04-01 13:57:28,504 - INFO: Validation ROC-AUC: 0.622696
2025-04-01 13:57:37,344 - INFO: Evaluating at iteration 21793
2025-04-01 13:57:37,572 - INFO: Loss: 0.257658
2025-04-01 13:57:37,572 - INFO: Training ROC-AUC: 0.735632
2025-04-01 13:57:37,572 - INFO: Validation ROC-AUC: 0.613128
2025-04-01 13:57:46,088 - INFO: Starting epoch 10
2025-04-01 13:57:46,107 - INFO: Evaluating at iteration 22267
2025-04-01 13:57:46,335 - INFO: Loss: 0.409225
2025-04-01 13:57:46,335 - INFO: Training ROC-AUC: 0.845714
2025-04-01 13:57:46,335 - INFO: Validation ROC-AUC: 0.624642
2025-04-01 13:57:55,221 - INFO: Evaluating at iteration 22767
2025-04-01 13:57:55,449 - INFO: Loss: 0.310052
2025-04-01 13:57:55,449 - INFO: Training ROC-AUC: 0.883929
2025-04-01 13:57:55,449 - INFO: Validation ROC-AUC: 0.641980
2025-04-01 13:58:04,324 - INFO: Evaluating at iteration 23267
2025-04-01 13:58:04,553 - INFO: Loss: 0.296336
2025-04-01 13:58:04,553 - INFO: Training ROC-AUC: 0.807407
2025-04-01 13:58:04,553 - INFO: Validation ROC-AUC: 0.623807
2025-04-01 13:58:13,474 - INFO: Evaluating at iteration 23767
2025-04-01 13:58:13,703 - INFO: Loss: 0.353250
2025-04-01 13:58:13,703 - INFO: Training ROC-AUC: 0.839744
2025-04-01 13:58:13,703 - INFO: Validation ROC-AUC: 0.605642
2025-04-01 13:58:22,589 - INFO: Evaluating at iteration 24267
2025-04-01 13:58:22,818 - INFO: Loss: 0.389335
2025-04-01 13:58:22,818 - INFO: Training ROC-AUC: 0.814103
2025-04-01 13:58:22,818 - INFO: Validation ROC-AUC: 0.621450
2025-04-01 13:58:31,242 - INFO: Starting epoch 11
2025-04-01 13:58:31,261 - INFO: Evaluating at iteration 24741
2025-04-01 13:58:31,489 - INFO: Loss: 0.327302
2025-04-01 13:58:31,489 - INFO: Training ROC-AUC: 0.937143
2025-04-01 13:58:31,489 - INFO: Validation ROC-AUC: 0.629492
2025-04-01 13:58:40,422 - INFO: Evaluating at iteration 25241
2025-04-01 13:58:40,650 - INFO: Loss: 0.349093
2025-04-01 13:58:40,650 - INFO: Training ROC-AUC: 0.833333
2025-04-01 13:58:40,650 - INFO: Validation ROC-AUC: 0.648104
2025-04-01 13:58:49,571 - INFO: Evaluating at iteration 25741
2025-04-01 13:58:49,800 - INFO: Loss: 0.420069
2025-04-01 13:58:49,800 - INFO: Training ROC-AUC: 0.792593
2025-04-01 13:58:49,800 - INFO: Validation ROC-AUC: 0.612112
2025-04-01 13:58:58,770 - INFO: Evaluating at iteration 26241
2025-04-01 13:58:58,999 - INFO: Loss: 0.266918
2025-04-01 13:58:58,999 - INFO: Training ROC-AUC: 0.803571
2025-04-01 13:58:58,999 - INFO: Validation ROC-AUC: 0.611360
2025-04-01 13:59:07,920 - INFO: Evaluating at iteration 26741
2025-04-01 13:59:08,148 - INFO: Loss: 0.209023
2025-04-01 13:59:08,148 - INFO: Training ROC-AUC: 0.916667
2025-04-01 13:59:08,148 - INFO: Validation ROC-AUC: 0.621577
2025-04-01 13:59:16,616 - INFO: Starting epoch 12
2025-04-01 13:59:16,635 - INFO: Evaluating at iteration 27215
2025-04-01 13:59:16,863 - INFO: Loss: 0.287044
2025-04-01 13:59:16,864 - INFO: Training ROC-AUC: 0.848214
2025-04-01 13:59:16,864 - INFO: Validation ROC-AUC: 0.608449
2025-04-01 13:59:25,807 - INFO: Evaluating at iteration 27715
2025-04-01 13:59:26,035 - INFO: Loss: 0.231305
2025-04-01 13:59:26,035 - INFO: Training ROC-AUC: 0.954023
2025-04-01 13:59:26,035 - INFO: Validation ROC-AUC: 0.628120
2025-04-01 13:59:34,965 - INFO: Evaluating at iteration 28215
2025-04-01 13:59:35,195 - INFO: Loss: 0.320740
2025-04-01 13:59:35,196 - INFO: Training ROC-AUC: 0.859259
2025-04-01 13:59:35,196 - INFO: Validation ROC-AUC: 0.623210
2025-04-01 13:59:44,130 - INFO: Evaluating at iteration 28715
2025-04-01 13:59:44,357 - INFO: Loss: 0.166324
2025-04-01 13:59:44,357 - INFO: Training ROC-AUC: 0.977011
2025-04-01 13:59:44,357 - INFO: Validation ROC-AUC: 0.621262
2025-04-01 13:59:53,276 - INFO: Evaluating at iteration 29215
2025-04-01 13:59:53,505 - INFO: Loss: 0.365848
2025-04-01 13:59:53,505 - INFO: Training ROC-AUC: 0.851429
2025-04-01 13:59:53,505 - INFO: Validation ROC-AUC: 0.610928
2025-04-01 14:00:01,950 - INFO: Starting epoch 13
2025-04-01 14:00:01,969 - INFO: Evaluating at iteration 29689
2025-04-01 14:00:02,197 - INFO: Loss: 0.344282
2025-04-01 14:00:02,197 - INFO: Training ROC-AUC: 0.688889
2025-04-01 14:00:02,197 - INFO: Validation ROC-AUC: 0.622923
2025-04-01 14:00:11,152 - INFO: Evaluating at iteration 30189
2025-04-01 14:00:11,381 - INFO: Loss: 0.275762
2025-04-01 14:00:11,381 - INFO: Training ROC-AUC: 0.821429
2025-04-01 14:00:11,381 - INFO: Validation ROC-AUC: 0.609410
2025-04-01 14:00:20,539 - INFO: Evaluating at iteration 30689
2025-04-01 14:00:20,788 - INFO: Loss: 0.293582
2025-04-01 14:00:20,788 - INFO: Training ROC-AUC: 0.874074
2025-04-01 14:00:20,788 - INFO: Validation ROC-AUC: 0.606493
2025-04-01 14:00:29,772 - INFO: Evaluating at iteration 31189
2025-04-01 14:00:30,000 - INFO: Loss: 0.412781
2025-04-01 14:00:30,000 - INFO: Training ROC-AUC: 0.737179
2025-04-01 14:00:30,000 - INFO: Validation ROC-AUC: 0.600831
2025-04-01 14:00:38,961 - INFO: Evaluating at iteration 31689
2025-04-01 14:00:39,190 - INFO: Loss: 0.283401
2025-04-01 14:00:39,190 - INFO: Training ROC-AUC: 0.874074
2025-04-01 14:00:39,190 - INFO: Validation ROC-AUC: 0.616071
2025-04-01 14:00:47,739 - INFO: Starting epoch 14
2025-04-01 14:00:47,758 - INFO: Evaluating at iteration 32163
2025-04-01 14:00:47,985 - INFO: Loss: 0.211567
2025-04-01 14:00:47,986 - INFO: Training ROC-AUC: 0.903226
2025-04-01 14:00:47,986 - INFO: Validation ROC-AUC: 0.620674
2025-04-01 14:00:56,989 - INFO: Evaluating at iteration 32663
2025-04-01 14:00:57,218 - INFO: Loss: 0.268042
2025-04-01 14:00:57,218 - INFO: Training ROC-AUC: 0.974359
2025-04-01 14:00:57,218 - INFO: Validation ROC-AUC: 0.622953
2025-04-01 14:01:06,207 - INFO: Evaluating at iteration 33163
2025-04-01 14:01:06,435 - INFO: Loss: 0.303999
2025-04-01 14:01:06,435 - INFO: Training ROC-AUC: 0.878205
2025-04-01 14:01:06,435 - INFO: Validation ROC-AUC: 0.602883
2025-04-01 14:01:15,499 - INFO: Evaluating at iteration 33663
2025-04-01 14:01:15,728 - INFO: Loss: 0.229387
2025-04-01 14:01:15,728 - INFO: Training ROC-AUC: 0.850575
2025-04-01 14:01:15,728 - INFO: Validation ROC-AUC: 0.608746
2025-04-01 14:01:24,690 - INFO: Evaluating at iteration 34163
2025-04-01 14:01:24,919 - INFO: Loss: 0.247444
2025-04-01 14:01:24,919 - INFO: Training ROC-AUC: 0.923077
2025-04-01 14:01:24,919 - INFO: Validation ROC-AUC: 0.618273
2025-04-01 14:01:33,451 - INFO: Starting epoch 15
2025-04-01 14:01:33,470 - INFO: Evaluating at iteration 34637
2025-04-01 14:01:33,699 - INFO: Loss: 0.337645
2025-04-01 14:01:33,699 - INFO: Training ROC-AUC: 0.822222
2025-04-01 14:01:33,699 - INFO: Validation ROC-AUC: 0.625918
2025-04-01 14:01:42,739 - INFO: Evaluating at iteration 35137
2025-04-01 14:01:42,972 - INFO: Loss: 0.291207
2025-04-01 14:01:42,972 - INFO: Training ROC-AUC: 0.785714
2025-04-01 14:01:42,972 - INFO: Validation ROC-AUC: 0.630466
2025-04-01 14:01:51,992 - INFO: Evaluating at iteration 35637
2025-04-01 14:01:52,220 - INFO: Loss: 0.309614
2025-04-01 14:01:52,220 - INFO: Training ROC-AUC: 0.896296
2025-04-01 14:01:52,220 - INFO: Validation ROC-AUC: 0.612129
2025-04-01 14:02:01,305 - INFO: Evaluating at iteration 36137
2025-04-01 14:02:01,534 - INFO: Loss: 0.263985
2025-04-01 14:02:01,534 - INFO: Training ROC-AUC: 0.839080
2025-04-01 14:02:01,534 - INFO: Validation ROC-AUC: 0.590370
2025-04-01 14:02:10,576 - INFO: Evaluating at iteration 36637
2025-04-01 14:02:10,805 - INFO: Loss: 0.345387
2025-04-01 14:02:10,805 - INFO: Training ROC-AUC: 0.800000
2025-04-01 14:02:10,805 - INFO: Validation ROC-AUC: 0.621786
2025-04-01 14:02:19,373 - INFO: Starting epoch 16
2025-04-01 14:02:19,392 - INFO: Evaluating at iteration 37111
2025-04-01 14:02:19,622 - INFO: Loss: 0.293934
2025-04-01 14:02:19,622 - INFO: Training ROC-AUC: 0.896296
2025-04-01 14:02:19,622 - INFO: Validation ROC-AUC: 0.623125
2025-04-01 14:02:28,723 - INFO: Evaluating at iteration 37611
2025-04-01 14:02:28,954 - INFO: Loss: 0.217103
2025-04-01 14:02:28,954 - INFO: Training ROC-AUC: 0.942529
2025-04-01 14:02:28,954 - INFO: Validation ROC-AUC: 0.631817
2025-04-01 14:02:38,060 - INFO: Evaluating at iteration 38111
2025-04-01 14:02:38,288 - INFO: Loss: 0.331192
2025-04-01 14:02:38,289 - INFO: Training ROC-AUC: 0.862857
2025-04-01 14:02:38,289 - INFO: Validation ROC-AUC: 0.620868
2025-04-01 14:02:47,433 - INFO: Evaluating at iteration 38611
2025-04-01 14:02:47,662 - INFO: Loss: 0.243189
2025-04-01 14:02:47,662 - INFO: Training ROC-AUC: 0.948148
2025-04-01 14:02:47,662 - INFO: Validation ROC-AUC: 0.610923
2025-04-01 14:02:56,786 - INFO: Evaluating at iteration 39111
2025-04-01 14:02:57,017 - INFO: Loss: 0.475978
2025-04-01 14:02:57,017 - INFO: Training ROC-AUC: 0.891775
2025-04-01 14:02:57,017 - INFO: Validation ROC-AUC: 0.610652
2025-04-01 14:03:05,680 - INFO: Starting epoch 17
2025-04-01 14:03:05,700 - INFO: Evaluating at iteration 39585
2025-04-01 14:03:05,929 - INFO: Loss: 0.410513
2025-04-01 14:03:05,929 - INFO: Training ROC-AUC: 0.828571
2025-04-01 14:03:05,929 - INFO: Validation ROC-AUC: 0.614865
2025-04-01 14:03:15,177 - INFO: Evaluating at iteration 40085
2025-04-01 14:03:15,406 - INFO: Loss: 0.353096
2025-04-01 14:03:15,406 - INFO: Training ROC-AUC: 0.864583
2025-04-01 14:03:15,406 - INFO: Validation ROC-AUC: 0.621342
2025-04-01 14:03:24,631 - INFO: Evaluating at iteration 40585
2025-04-01 14:03:24,858 - INFO: Loss: 0.371546
2025-04-01 14:03:24,858 - INFO: Training ROC-AUC: 0.769231
2025-04-01 14:03:24,858 - INFO: Validation ROC-AUC: 0.616999
2025-04-01 14:03:34,230 - INFO: Evaluating at iteration 41085
2025-04-01 14:03:34,459 - INFO: Loss: 0.215257
2025-04-01 14:03:34,459 - INFO: Training ROC-AUC: 0.966667
2025-04-01 14:03:34,459 - INFO: Validation ROC-AUC: 0.623533
2025-04-01 14:03:43,864 - INFO: Evaluating at iteration 41585
2025-04-01 14:03:44,096 - INFO: Loss: 0.303374
2025-04-01 14:03:44,096 - INFO: Training ROC-AUC: 0.803571
2025-04-01 14:03:44,096 - INFO: Validation ROC-AUC: 0.639092
2025-04-01 14:03:52,873 - INFO: Starting epoch 18
2025-04-01 14:03:52,892 - INFO: Evaluating at iteration 42059
2025-04-01 14:03:53,120 - INFO: Loss: 0.310888
2025-04-01 14:03:53,120 - INFO: Training ROC-AUC: 0.942029
2025-04-01 14:03:53,120 - INFO: Validation ROC-AUC: 0.612904
2025-04-01 14:04:02,442 - INFO: Evaluating at iteration 42559
2025-04-01 14:04:02,671 - INFO: Loss: 0.345131
2025-04-01 14:04:02,671 - INFO: Training ROC-AUC: 0.960000
2025-04-01 14:04:02,671 - INFO: Validation ROC-AUC: 0.614531
2025-04-01 14:04:12,041 - INFO: Evaluating at iteration 43059
2025-04-01 14:04:12,270 - INFO: Loss: 0.204347
2025-04-01 14:04:12,270 - INFO: Training ROC-AUC: 0.942857
2025-04-01 14:04:12,270 - INFO: Validation ROC-AUC: 0.621240
2025-04-01 14:04:21,787 - INFO: Evaluating at iteration 43559
2025-04-01 14:04:22,015 - INFO: Loss: 0.327374
2025-04-01 14:04:22,015 - INFO: Training ROC-AUC: 0.888889
2025-04-01 14:04:22,015 - INFO: Validation ROC-AUC: 0.627624
2025-04-01 14:04:31,459 - INFO: Evaluating at iteration 44059
2025-04-01 14:04:31,687 - INFO: Loss: 0.184600
2025-04-01 14:04:31,688 - INFO: Training ROC-AUC: 0.967742
2025-04-01 14:04:31,688 - INFO: Validation ROC-AUC: 0.622630
2025-04-01 14:04:40,642 - INFO: Starting epoch 19
2025-04-01 14:04:40,662 - INFO: Evaluating at iteration 44533
2025-04-01 14:04:40,890 - INFO: Loss: 0.219128
2025-04-01 14:04:40,890 - INFO: Training ROC-AUC: 0.954023
2025-04-01 14:04:40,890 - INFO: Validation ROC-AUC: 0.627838
2025-04-01 14:04:50,289 - INFO: Evaluating at iteration 45033
2025-04-01 14:04:50,519 - INFO: Loss: 0.358735
2025-04-01 14:04:50,520 - INFO: Training ROC-AUC: 0.846154
2025-04-01 14:04:50,520 - INFO: Validation ROC-AUC: 0.635900
2025-04-01 14:04:59,965 - INFO: Evaluating at iteration 45533
2025-04-01 14:05:00,193 - INFO: Loss: 0.340564
2025-04-01 14:05:00,193 - INFO: Training ROC-AUC: 0.852564
2025-04-01 14:05:00,193 - INFO: Validation ROC-AUC: 0.611404
2025-04-01 14:05:09,774 - INFO: Evaluating at iteration 46033
2025-04-01 14:05:10,002 - INFO: Loss: 0.122946
2025-04-01 14:05:10,002 - INFO: Training ROC-AUC: 1.000000
2025-04-01 14:05:10,002 - INFO: Validation ROC-AUC: 0.618332
2025-04-01 14:05:19,564 - INFO: Evaluating at iteration 46533
2025-04-01 14:05:19,793 - INFO: Loss: 0.364155
2025-04-01 14:05:19,793 - INFO: Training ROC-AUC: 0.705357
2025-04-01 14:05:19,793 - INFO: Validation ROC-AUC: 0.629712
2025-04-01 14:05:28,843 - INFO: Starting epoch 20
2025-04-01 14:05:28,868 - INFO: Evaluating at iteration 47007
2025-04-01 14:05:29,097 - INFO: Loss: 0.259835
2025-04-01 14:05:29,097 - INFO: Training ROC-AUC: 0.911111
2025-04-01 14:05:29,097 - INFO: Validation ROC-AUC: 0.616845
2025-04-01 14:05:38,547 - INFO: Evaluating at iteration 47507
2025-04-01 14:05:38,775 - INFO: Loss: 0.209374
2025-04-01 14:05:38,776 - INFO: Training ROC-AUC: 0.954023
2025-04-01 14:05:38,776 - INFO: Validation ROC-AUC: 0.625600
2025-04-01 14:05:48,284 - INFO: Evaluating at iteration 48007
2025-04-01 14:05:48,515 - INFO: Loss: 0.152915
2025-04-01 14:05:48,515 - INFO: Training ROC-AUC: 0.991071
2025-04-01 14:05:48,515 - INFO: Validation ROC-AUC: 0.620999
2025-04-01 14:05:57,913 - INFO: Evaluating at iteration 48507
2025-04-01 14:05:58,159 - INFO: Loss: 0.225602
2025-04-01 14:05:58,159 - INFO: Training ROC-AUC: 0.965517
2025-04-01 14:05:58,159 - INFO: Validation ROC-AUC: 0.606749
2025-04-01 14:06:07,655 - INFO: Evaluating at iteration 49007
2025-04-01 14:06:07,884 - INFO: Loss: 0.358282
2025-04-01 14:06:07,884 - INFO: Training ROC-AUC: 0.891429
2025-04-01 14:06:07,884 - INFO: Validation ROC-AUC: 0.618642
2025-04-01 14:06:16,779 - INFO: Starting epoch 21
2025-04-01 14:06:16,799 - INFO: Evaluating at iteration 49481
2025-04-01 14:06:17,028 - INFO: Loss: 0.263676
2025-04-01 14:06:17,028 - INFO: Training ROC-AUC: 0.883929
2025-04-01 14:06:17,028 - INFO: Validation ROC-AUC: 0.633261
2025-04-01 14:06:26,587 - INFO: Evaluating at iteration 49981
2025-04-01 14:06:26,814 - INFO: Loss: 0.264655
2025-04-01 14:06:26,814 - INFO: Training ROC-AUC: 0.928571
2025-04-01 14:06:26,815 - INFO: Validation ROC-AUC: 0.615440
2025-04-01 14:06:36,398 - INFO: Evaluating at iteration 50481
2025-04-01 14:06:36,629 - INFO: Loss: 0.324828
2025-04-01 14:06:36,629 - INFO: Training ROC-AUC: 0.859259
2025-04-01 14:06:36,629 - INFO: Validation ROC-AUC: 0.627593
2025-04-01 14:06:46,148 - INFO: Evaluating at iteration 50981
2025-04-01 14:06:46,377 - INFO: Loss: 0.237593
2025-04-01 14:06:46,377 - INFO: Training ROC-AUC: 0.866071
2025-04-01 14:06:46,378 - INFO: Validation ROC-AUC: 0.615345
2025-04-01 14:06:55,891 - INFO: Evaluating at iteration 51481
2025-04-01 14:06:56,121 - INFO: Loss: 0.416793
2025-04-01 14:06:56,121 - INFO: Training ROC-AUC: 0.737179
2025-04-01 14:06:56,121 - INFO: Validation ROC-AUC: 0.612010
2025-04-01 14:07:05,129 - INFO: Starting epoch 22
2025-04-01 14:07:05,148 - INFO: Evaluating at iteration 51955
2025-04-01 14:07:05,376 - INFO: Loss: 0.301614
2025-04-01 14:07:05,376 - INFO: Training ROC-AUC: 0.968750
2025-04-01 14:07:05,376 - INFO: Validation ROC-AUC: 0.625563
2025-04-01 14:07:14,953 - INFO: Evaluating at iteration 52455
2025-04-01 14:07:15,181 - INFO: Loss: 0.210317
2025-04-01 14:07:15,181 - INFO: Training ROC-AUC: 0.896552
2025-04-01 14:07:15,181 - INFO: Validation ROC-AUC: 0.628145
2025-04-01 14:07:24,721 - INFO: Evaluating at iteration 52955
2025-04-01 14:07:24,951 - INFO: Loss: 0.233620
2025-04-01 14:07:24,951 - INFO: Training ROC-AUC: 0.971429
2025-04-01 14:07:24,951 - INFO: Validation ROC-AUC: 0.628417
2025-04-01 14:07:34,561 - INFO: Evaluating at iteration 53455
2025-04-01 14:07:34,789 - INFO: Loss: 0.339621
2025-04-01 14:07:34,790 - INFO: Training ROC-AUC: 0.858974
2025-04-01 14:07:34,790 - INFO: Validation ROC-AUC: 0.616207
2025-04-01 14:07:44,468 - INFO: Evaluating at iteration 53955
2025-04-01 14:07:44,698 - INFO: Loss: 0.380650
2025-04-01 14:07:44,698 - INFO: Training ROC-AUC: 0.908213
2025-04-01 14:07:44,698 - INFO: Validation ROC-AUC: 0.622959
2025-04-01 14:07:53,769 - INFO: Starting epoch 23
2025-04-01 14:07:53,790 - INFO: Evaluating at iteration 54429
2025-04-01 14:07:54,019 - INFO: Loss: 0.300508
2025-04-01 14:07:54,019 - INFO: Training ROC-AUC: 0.908571
2025-04-01 14:07:54,019 - INFO: Validation ROC-AUC: 0.620205
2025-04-01 14:08:03,769 - INFO: Evaluating at iteration 54929
2025-04-01 14:08:03,998 - INFO: Loss: 0.337772
2025-04-01 14:08:03,999 - INFO: Training ROC-AUC: 0.800000
2025-04-01 14:08:03,999 - INFO: Validation ROC-AUC: 0.610861
2025-04-01 14:08:13,682 - INFO: Evaluating at iteration 55429
2025-04-01 14:08:13,915 - INFO: Loss: 0.243586
2025-04-01 14:08:13,915 - INFO: Training ROC-AUC: 0.937500
2025-04-01 14:08:13,915 - INFO: Validation ROC-AUC: 0.616303
2025-04-01 14:08:23,647 - INFO: Evaluating at iteration 55929
2025-04-01 14:08:23,876 - INFO: Loss: 0.338522
2025-04-01 14:08:23,877 - INFO: Training ROC-AUC: 0.762963
2025-04-01 14:08:23,877 - INFO: Validation ROC-AUC: 0.634620
2025-04-01 14:08:33,601 - INFO: Evaluating at iteration 56429
2025-04-01 14:08:33,831 - INFO: Loss: 0.310464
2025-04-01 14:08:33,831 - INFO: Training ROC-AUC: 0.830357
2025-04-01 14:08:33,831 - INFO: Validation ROC-AUC: 0.620924
2025-04-01 14:08:43,134 - INFO: Starting epoch 24
2025-04-01 14:08:43,155 - INFO: Evaluating at iteration 56903
2025-04-01 14:08:43,385 - INFO: Loss: 0.306817
2025-04-01 14:08:43,385 - INFO: Training ROC-AUC: 0.781609
2025-04-01 14:08:43,385 - INFO: Validation ROC-AUC: 0.626418
2025-04-01 14:08:53,183 - INFO: Evaluating at iteration 57403
2025-04-01 14:08:53,411 - INFO: Loss: 0.361660
2025-04-01 14:08:53,411 - INFO: Training ROC-AUC: 0.845714
2025-04-01 14:08:53,411 - INFO: Validation ROC-AUC: 0.615396
2025-04-01 14:09:03,189 - INFO: Evaluating at iteration 57903
2025-04-01 14:09:03,417 - INFO: Loss: 0.368354
2025-04-01 14:09:03,417 - INFO: Training ROC-AUC: 0.807692
2025-04-01 14:09:03,417 - INFO: Validation ROC-AUC: 0.622194
2025-04-01 14:09:13,202 - INFO: Evaluating at iteration 58403
2025-04-01 14:09:13,431 - INFO: Loss: 0.164911
2025-04-01 14:09:13,432 - INFO: Training ROC-AUC: 0.977778
2025-04-01 14:09:13,432 - INFO: Validation ROC-AUC: 0.616368
2025-04-01 14:09:23,109 - INFO: Evaluating at iteration 58903
2025-04-01 14:09:23,341 - INFO: Loss: 0.291365
2025-04-01 14:09:23,342 - INFO: Training ROC-AUC: 0.851852
2025-04-01 14:09:23,342 - INFO: Validation ROC-AUC: 0.624879
2025-04-01 14:09:32,673 - INFO: Starting epoch 25
2025-04-01 14:09:32,696 - INFO: Evaluating at iteration 59377
2025-04-01 14:09:32,935 - INFO: Loss: 0.270688
2025-04-01 14:09:32,935 - INFO: Training ROC-AUC: 0.935897
2025-04-01 14:09:32,935 - INFO: Validation ROC-AUC: 0.612832
2025-04-01 14:09:42,734 - INFO: Evaluating at iteration 59877
2025-04-01 14:09:42,972 - INFO: Loss: 0.285516
2025-04-01 14:09:42,972 - INFO: Training ROC-AUC: 0.794643
2025-04-01 14:09:42,972 - INFO: Validation ROC-AUC: 0.622961
2025-04-01 14:09:52,763 - INFO: Evaluating at iteration 60377
2025-04-01 14:09:52,992 - INFO: Loss: 0.228946
2025-04-01 14:09:52,992 - INFO: Training ROC-AUC: 0.827586
2025-04-01 14:09:52,992 - INFO: Validation ROC-AUC: 0.625699
2025-04-01 14:10:02,844 - INFO: Evaluating at iteration 60877
2025-04-01 14:10:03,072 - INFO: Loss: 0.229445
2025-04-01 14:10:03,072 - INFO: Training ROC-AUC: 0.955556
2025-04-01 14:10:03,072 - INFO: Validation ROC-AUC: 0.614780
2025-04-01 14:10:12,879 - INFO: Evaluating at iteration 61377
2025-04-01 14:10:13,126 - INFO: Loss: 0.342160
2025-04-01 14:10:13,126 - INFO: Training ROC-AUC: 0.801282
2025-04-01 14:10:13,126 - INFO: Validation ROC-AUC: 0.613907
2025-04-01 14:10:22,365 - INFO: Saving model to models/TCRStructMap_cdrs_mhc_pseudo/model_5.pt
