2026-01-08 15:02:31,715 - INFO: Parameter: training_data='data/processed/sequences_peptide_split.h5'
2026-01-08 15:02:31,715 - INFO: Parameter: contact_maps='data/processed/contact_maps.h5'
2026-01-08 15:02:31,716 - INFO: Parameter: output='models/TCRStructMap_peptide_split'
2026-01-08 15:02:31,716 - INFO: Parameter: seed=123
2026-01-08 15:02:31,716 - INFO: Parameter: features_to_include='all'
2026-01-08 15:02:31,716 - INFO: Parameter: cdr1_alpha_length=8
2026-01-08 15:02:31,716 - INFO: Parameter: cdr2_alpha_length=8
2026-01-08 15:02:31,716 - INFO: Parameter: cdr3_alpha_length=24
2026-01-08 15:02:31,716 - INFO: Parameter: cdr1_beta_length=8
2026-01-08 15:02:31,716 - INFO: Parameter: cdr2_beta_length=8
2026-01-08 15:02:31,716 - INFO: Parameter: cdr3_beta_length=24
2026-01-08 15:02:31,716 - INFO: Parameter: peptide_length=12
2026-01-08 15:02:31,716 - INFO: Parameter: mhc_pseudo_length=26
2026-01-08 15:02:31,716 - INFO: Parameter: batch_size=32
2026-01-08 15:02:31,716 - INFO: Parameter: num_epochs=25
2026-01-08 15:02:31,716 - INFO: Parameter: learning_rate=0.001
2026-01-08 15:02:31,717 - INFO: Parameter: drop_out_rate=0.2
2026-01-08 15:02:31,717 - INFO: Parameter: learn_contact_maps=False
2026-01-08 15:02:31,717 - INFO: Parameter: checkpoint_interval=1000
2026-01-08 15:02:31,717 - INFO: Parameter: eval_interval=500
2026-01-08 15:02:31,717 - INFO: Parameter: eval_batch_size=1000
2026-01-08 15:02:31,717 - INFO: Parameter: log_level='info'
2026-01-08 15:02:31,717 - INFO: Parameter: log_file='data/logs/train_TCRStructMap_peptide_split.log'
2026-01-08 15:02:31,717 - INFO: Setting random seed to 123
2026-01-08 15:02:31,785 - INFO: Loading contact maps from data/processed/contact_maps.h5
2026-01-08 15:02:31,795 - INFO: Loading training data from data/processed/sequences_peptide_split.h5
2026-01-08 15:02:36,733 - INFO: Creating models/TCRStructMap_peptide_split
2026-01-08 15:02:36,736 - INFO: Starting fold 1
2026-01-08 15:02:36,895 - INFO: Initialising model
2026-01-08 15:02:57,319 - INFO: Starting training
2026-01-08 15:02:57,320 - INFO: Starting epoch 1
2026-01-08 15:02:57,450 - INFO: Evaluating at iteration 1
2026-01-08 15:02:59,257 - INFO: Loss: 0.694562
2026-01-08 15:02:59,260 - INFO: Training ROC-AUC: 0.747126
2026-01-08 15:02:59,260 - INFO: Validation ROC-AUC: 0.541310
2026-01-08 15:03:14,679 - INFO: Evaluating at iteration 501
2026-01-08 15:03:16,451 - INFO: Loss: 0.463190
2026-01-08 15:03:16,452 - INFO: Training ROC-AUC: 0.698718
2026-01-08 15:03:16,452 - INFO: Validation ROC-AUC: 0.530961
2026-01-08 15:03:32,320 - INFO: Evaluating at iteration 1001
2026-01-08 15:03:34,077 - INFO: Loss: 0.245086
2026-01-08 15:03:34,077 - INFO: Training ROC-AUC: 0.839080
2026-01-08 15:03:34,077 - INFO: Validation ROC-AUC: 0.631853
2026-01-08 15:03:49,545 - INFO: Evaluating at iteration 1501
2026-01-08 15:03:51,295 - INFO: Loss: 0.459505
2026-01-08 15:03:51,295 - INFO: Training ROC-AUC: 0.845455
2026-01-08 15:03:51,295 - INFO: Validation ROC-AUC: 0.726148
2026-01-08 15:04:07,266 - INFO: Starting epoch 2
2026-01-08 15:04:07,309 - INFO: Evaluating at iteration 2001
2026-01-08 15:04:09,108 - INFO: Loss: 0.322310
2026-01-08 15:04:09,108 - INFO: Training ROC-AUC: 0.868571
2026-01-08 15:04:09,108 - INFO: Validation ROC-AUC: 0.730667
2026-01-08 15:04:25,502 - INFO: Evaluating at iteration 2501
2026-01-08 15:04:27,293 - INFO: Loss: 0.373474
2026-01-08 15:04:27,293 - INFO: Training ROC-AUC: 0.805714
2026-01-08 15:04:27,293 - INFO: Validation ROC-AUC: 0.742287
2026-01-08 15:04:43,575 - INFO: Evaluating at iteration 3001
2026-01-08 15:04:45,358 - INFO: Loss: 0.267972
2026-01-08 15:04:45,359 - INFO: Training ROC-AUC: 0.830357
2026-01-08 15:04:45,359 - INFO: Validation ROC-AUC: 0.772584
2026-01-08 15:05:01,600 - INFO: Evaluating at iteration 3501
2026-01-08 15:05:03,394 - INFO: Loss: 0.226899
2026-01-08 15:05:03,394 - INFO: Training ROC-AUC: 0.911111
2026-01-08 15:05:03,395 - INFO: Validation ROC-AUC: 0.771357
2026-01-08 15:05:19,700 - INFO: Starting epoch 3
2026-01-08 15:05:19,734 - INFO: Evaluating at iteration 4001
2026-01-08 15:05:21,525 - INFO: Loss: 0.343573
2026-01-08 15:05:21,525 - INFO: Training ROC-AUC: 0.740741
2026-01-08 15:05:21,525 - INFO: Validation ROC-AUC: 0.812352
2026-01-08 15:05:37,807 - INFO: Evaluating at iteration 4501
2026-01-08 15:05:39,581 - INFO: Loss: 0.386135
2026-01-08 15:05:39,581 - INFO: Training ROC-AUC: 0.714286
2026-01-08 15:05:39,581 - INFO: Validation ROC-AUC: 0.790454
2026-01-08 15:05:55,884 - INFO: Evaluating at iteration 5001
2026-01-08 15:05:57,672 - INFO: Loss: 0.269201
2026-01-08 15:05:57,672 - INFO: Training ROC-AUC: 0.781609
2026-01-08 15:05:57,672 - INFO: Validation ROC-AUC: 0.786810
2026-01-08 15:06:14,094 - INFO: Evaluating at iteration 5501
2026-01-08 15:06:15,905 - INFO: Loss: 0.265313
2026-01-08 15:06:15,905 - INFO: Training ROC-AUC: 0.837037
2026-01-08 15:06:15,905 - INFO: Validation ROC-AUC: 0.785738
2026-01-08 15:06:32,154 - INFO: Starting epoch 4
2026-01-08 15:06:32,187 - INFO: Evaluating at iteration 6001
2026-01-08 15:06:33,968 - INFO: Loss: 0.229162
2026-01-08 15:06:33,968 - INFO: Training ROC-AUC: 1.000000
2026-01-08 15:06:33,968 - INFO: Validation ROC-AUC: 0.804366
2026-01-08 15:06:50,266 - INFO: Evaluating at iteration 6501
2026-01-08 15:06:52,049 - INFO: Loss: 0.227360
2026-01-08 15:06:52,049 - INFO: Training ROC-AUC: 0.857143
2026-01-08 15:06:52,049 - INFO: Validation ROC-AUC: 0.799282
2026-01-08 15:07:08,311 - INFO: Evaluating at iteration 7001
2026-01-08 15:07:10,127 - INFO: Loss: 0.267640
2026-01-08 15:07:10,127 - INFO: Training ROC-AUC: 0.933333
2026-01-08 15:07:10,127 - INFO: Validation ROC-AUC: 0.800373
2026-01-08 15:07:26,487 - INFO: Evaluating at iteration 7501
2026-01-08 15:07:28,245 - INFO: Loss: 0.400969
2026-01-08 15:07:28,245 - INFO: Training ROC-AUC: 0.782051
2026-01-08 15:07:28,245 - INFO: Validation ROC-AUC: 0.810038
2026-01-08 15:07:44,540 - INFO: Starting epoch 5
2026-01-08 15:07:44,573 - INFO: Evaluating at iteration 8001
2026-01-08 15:07:46,367 - INFO: Loss: 0.127805
2026-01-08 15:07:46,368 - INFO: Training ROC-AUC: 1.000000
2026-01-08 15:07:46,368 - INFO: Validation ROC-AUC: 0.808847
2026-01-08 15:08:02,807 - INFO: Evaluating at iteration 8501
2026-01-08 15:08:04,615 - INFO: Loss: 0.335155
2026-01-08 15:08:04,615 - INFO: Training ROC-AUC: 0.942708
2026-01-08 15:08:04,615 - INFO: Validation ROC-AUC: 0.808362
2026-01-08 15:08:20,909 - INFO: Evaluating at iteration 9001
2026-01-08 15:08:22,702 - INFO: Loss: 0.443648
2026-01-08 15:08:22,702 - INFO: Training ROC-AUC: 0.743590
2026-01-08 15:08:22,702 - INFO: Validation ROC-AUC: 0.805208
2026-01-08 15:08:39,072 - INFO: Evaluating at iteration 9501
2026-01-08 15:08:40,834 - INFO: Loss: 0.159197
2026-01-08 15:08:40,835 - INFO: Training ROC-AUC: 0.965517
2026-01-08 15:08:40,835 - INFO: Validation ROC-AUC: 0.821107
2026-01-08 15:08:57,125 - INFO: Starting epoch 6
2026-01-08 15:08:57,159 - INFO: Evaluating at iteration 10001
2026-01-08 15:08:58,940 - INFO: Loss: 0.358926
2026-01-08 15:08:58,940 - INFO: Training ROC-AUC: 0.927083
2026-01-08 15:08:58,940 - INFO: Validation ROC-AUC: 0.805556
2026-01-08 15:09:15,383 - INFO: Evaluating at iteration 10501
2026-01-08 15:09:17,150 - INFO: Loss: 0.389837
2026-01-08 15:09:17,150 - INFO: Training ROC-AUC: 0.885417
2026-01-08 15:09:17,150 - INFO: Validation ROC-AUC: 0.808779
2026-01-08 15:09:32,990 - INFO: Evaluating at iteration 11001
2026-01-08 15:09:34,751 - INFO: Loss: 0.202829
2026-01-08 15:09:34,751 - INFO: Training ROC-AUC: 0.839080
2026-01-08 15:09:34,751 - INFO: Validation ROC-AUC: 0.802961
2026-01-08 15:09:50,624 - INFO: Evaluating at iteration 11501
2026-01-08 15:09:52,393 - INFO: Loss: 0.193861
2026-01-08 15:09:52,393 - INFO: Training ROC-AUC: 0.965517
2026-01-08 15:09:52,393 - INFO: Validation ROC-AUC: 0.810379
2026-01-08 15:10:08,211 - INFO: Starting epoch 7
2026-01-08 15:10:08,244 - INFO: Evaluating at iteration 12001
2026-01-08 15:10:09,999 - INFO: Loss: 0.203301
2026-01-08 15:10:09,999 - INFO: Training ROC-AUC: 0.954023
2026-01-08 15:10:09,999 - INFO: Validation ROC-AUC: 0.806855
2026-01-08 15:10:26,146 - INFO: Evaluating at iteration 12501
2026-01-08 15:10:27,911 - INFO: Loss: 0.343486
2026-01-08 15:10:27,911 - INFO: Training ROC-AUC: 0.880000
2026-01-08 15:10:27,912 - INFO: Validation ROC-AUC: 0.799299
2026-01-08 15:10:44,391 - INFO: Evaluating at iteration 13001
2026-01-08 15:10:46,254 - INFO: Loss: 0.286318
2026-01-08 15:10:46,254 - INFO: Training ROC-AUC: 0.785714
2026-01-08 15:10:46,254 - INFO: Validation ROC-AUC: 0.810529
2026-01-08 15:11:02,307 - INFO: Evaluating at iteration 13501
2026-01-08 15:11:04,027 - INFO: Loss: 0.265165
2026-01-08 15:11:04,027 - INFO: Training ROC-AUC: 0.923077
2026-01-08 15:11:04,027 - INFO: Validation ROC-AUC: 0.805297
2026-01-08 15:11:19,807 - INFO: Starting epoch 8
2026-01-08 15:11:19,840 - INFO: Evaluating at iteration 14001
2026-01-08 15:11:21,578 - INFO: Loss: 0.204775
2026-01-08 15:11:21,578 - INFO: Training ROC-AUC: 0.937500
2026-01-08 15:11:21,578 - INFO: Validation ROC-AUC: 0.814196
2026-01-08 15:11:37,219 - INFO: Evaluating at iteration 14501
2026-01-08 15:11:38,958 - INFO: Loss: 0.189879
2026-01-08 15:11:38,958 - INFO: Training ROC-AUC: 0.937500
2026-01-08 15:11:38,958 - INFO: Validation ROC-AUC: 0.805659
2026-01-08 15:11:54,838 - INFO: Evaluating at iteration 15001
2026-01-08 15:11:56,564 - INFO: Loss: 0.114449
2026-01-08 15:11:56,564 - INFO: Training ROC-AUC: 0.966667
2026-01-08 15:11:56,564 - INFO: Validation ROC-AUC: 0.808392
2026-01-08 15:12:12,463 - INFO: Evaluating at iteration 15501
2026-01-08 15:12:14,204 - INFO: Loss: 0.147635
2026-01-08 15:12:14,205 - INFO: Training ROC-AUC: 0.933333
2026-01-08 15:12:14,205 - INFO: Validation ROC-AUC: 0.806780
2026-01-08 15:12:30,056 - INFO: Starting epoch 9
2026-01-08 15:12:30,089 - INFO: Evaluating at iteration 16001
2026-01-08 15:12:31,807 - INFO: Loss: 0.442590
2026-01-08 15:12:31,807 - INFO: Training ROC-AUC: 0.983333
2026-01-08 15:12:31,807 - INFO: Validation ROC-AUC: 0.797524
2026-01-08 15:12:47,800 - INFO: Evaluating at iteration 16501
2026-01-08 15:12:49,551 - INFO: Loss: 0.273538
2026-01-08 15:12:49,551 - INFO: Training ROC-AUC: 0.896296
2026-01-08 15:12:49,551 - INFO: Validation ROC-AUC: 0.799432
2026-01-08 15:13:05,380 - INFO: Evaluating at iteration 17001
2026-01-08 15:13:07,124 - INFO: Loss: 0.188916
2026-01-08 15:13:07,125 - INFO: Training ROC-AUC: 0.991071
2026-01-08 15:13:07,125 - INFO: Validation ROC-AUC: 0.801975
2026-01-08 15:13:23,083 - INFO: Evaluating at iteration 17501
2026-01-08 15:13:24,831 - INFO: Loss: 0.229713
2026-01-08 15:13:24,832 - INFO: Training ROC-AUC: 0.974359
2026-01-08 15:13:24,832 - INFO: Validation ROC-AUC: 0.799191
2026-01-08 15:13:40,630 - INFO: Starting epoch 10
2026-01-08 15:13:40,662 - INFO: Evaluating at iteration 18001
2026-01-08 15:13:42,394 - INFO: Loss: 0.234339
2026-01-08 15:13:42,395 - INFO: Training ROC-AUC: 0.935897
2026-01-08 15:13:42,395 - INFO: Validation ROC-AUC: 0.803127
2026-01-08 15:13:58,390 - INFO: Evaluating at iteration 18501
2026-01-08 15:14:00,152 - INFO: Loss: 0.251930
2026-01-08 15:14:00,152 - INFO: Training ROC-AUC: 0.916667
2026-01-08 15:14:00,152 - INFO: Validation ROC-AUC: 0.795395
2026-01-08 15:14:16,082 - INFO: Evaluating at iteration 19001
2026-01-08 15:14:17,831 - INFO: Loss: 0.259865
2026-01-08 15:14:17,831 - INFO: Training ROC-AUC: 0.948571
2026-01-08 15:14:17,831 - INFO: Validation ROC-AUC: 0.808873
2026-01-08 15:14:33,795 - INFO: Evaluating at iteration 19501
2026-01-08 15:14:35,530 - INFO: Loss: 0.392082
2026-01-08 15:14:35,530 - INFO: Training ROC-AUC: 0.874286
2026-01-08 15:14:35,530 - INFO: Validation ROC-AUC: 0.805491
2026-01-08 15:14:51,512 - INFO: Starting epoch 11
2026-01-08 15:14:51,545 - INFO: Evaluating at iteration 20001
2026-01-08 15:14:53,298 - INFO: Loss: 0.239054
2026-01-08 15:14:53,298 - INFO: Training ROC-AUC: 0.875000
2026-01-08 15:14:53,298 - INFO: Validation ROC-AUC: 0.810670
2026-01-08 15:15:09,277 - INFO: Evaluating at iteration 20501
2026-01-08 15:15:11,008 - INFO: Loss: 0.280679
2026-01-08 15:15:11,008 - INFO: Training ROC-AUC: 0.937500
2026-01-08 15:15:11,008 - INFO: Validation ROC-AUC: 0.799141
2026-01-08 15:15:26,964 - INFO: Evaluating at iteration 21001
2026-01-08 15:15:28,718 - INFO: Loss: 0.511040
2026-01-08 15:15:28,718 - INFO: Training ROC-AUC: 0.880000
2026-01-08 15:15:28,718 - INFO: Validation ROC-AUC: 0.806113
2026-01-08 15:15:44,674 - INFO: Evaluating at iteration 21501
2026-01-08 15:15:46,397 - INFO: Loss: 0.192897
2026-01-08 15:15:46,398 - INFO: Training ROC-AUC: 0.955357
2026-01-08 15:15:46,398 - INFO: Validation ROC-AUC: 0.801572
2026-01-08 15:16:02,443 - INFO: Starting epoch 12
2026-01-08 15:16:02,476 - INFO: Evaluating at iteration 22001
2026-01-08 15:16:04,216 - INFO: Loss: 0.205073
2026-01-08 15:16:04,216 - INFO: Training ROC-AUC: 0.946429
2026-01-08 15:16:04,217 - INFO: Validation ROC-AUC: 0.804292
2026-01-08 15:16:20,400 - INFO: Evaluating at iteration 22501
2026-01-08 15:16:22,173 - INFO: Loss: 0.104319
2026-01-08 15:16:22,173 - INFO: Training ROC-AUC: 0.988506
2026-01-08 15:16:22,173 - INFO: Validation ROC-AUC: 0.796896
2026-01-08 15:16:38,185 - INFO: Evaluating at iteration 23001
2026-01-08 15:16:39,926 - INFO: Loss: 0.318655
2026-01-08 15:16:39,927 - INFO: Training ROC-AUC: 0.851852
2026-01-08 15:16:39,927 - INFO: Validation ROC-AUC: 0.798412
2026-01-08 15:16:55,947 - INFO: Evaluating at iteration 23501
2026-01-08 15:16:57,685 - INFO: Loss: 0.119560
2026-01-08 15:16:57,685 - INFO: Training ROC-AUC: 1.000000
2026-01-08 15:16:57,685 - INFO: Validation ROC-AUC: 0.800450
2026-01-08 15:17:13,689 - INFO: Starting epoch 13
2026-01-08 15:17:13,722 - INFO: Evaluating at iteration 24001
2026-01-08 15:17:15,477 - INFO: Loss: 0.143586
2026-01-08 15:17:15,478 - INFO: Training ROC-AUC: 1.000000
2026-01-08 15:17:15,478 - INFO: Validation ROC-AUC: 0.798663
2026-01-08 15:17:31,542 - INFO: Evaluating at iteration 24501
2026-01-08 15:17:33,292 - INFO: Loss: 0.289980
2026-01-08 15:17:33,292 - INFO: Training ROC-AUC: 0.903846
2026-01-08 15:17:33,292 - INFO: Validation ROC-AUC: 0.805709
2026-01-08 15:17:49,348 - INFO: Evaluating at iteration 25001
2026-01-08 15:17:51,124 - INFO: Loss: 0.211355
2026-01-08 15:17:51,124 - INFO: Training ROC-AUC: 0.980769
2026-01-08 15:17:51,124 - INFO: Validation ROC-AUC: 0.804071
2026-01-08 15:18:07,170 - INFO: Evaluating at iteration 25501
2026-01-08 15:18:08,917 - INFO: Loss: 0.349737
2026-01-08 15:18:08,918 - INFO: Training ROC-AUC: 0.820513
2026-01-08 15:18:08,918 - INFO: Validation ROC-AUC: 0.799459
2026-01-08 15:18:25,189 - INFO: Starting epoch 14
2026-01-08 15:18:25,223 - INFO: Evaluating at iteration 26001
2026-01-08 15:18:26,946 - INFO: Loss: 0.071990
2026-01-08 15:18:26,947 - INFO: Training ROC-AUC: 1.000000
2026-01-08 15:18:26,947 - INFO: Validation ROC-AUC: 0.791507
2026-01-08 15:18:42,955 - INFO: Evaluating at iteration 26501
2026-01-08 15:18:44,671 - INFO: Loss: 0.090871
2026-01-08 15:18:44,671 - INFO: Training ROC-AUC: 1.000000
2026-01-08 15:18:44,671 - INFO: Validation ROC-AUC: 0.794880
2026-01-08 15:19:00,812 - INFO: Evaluating at iteration 27001
2026-01-08 15:19:02,555 - INFO: Loss: 0.077955
2026-01-08 15:19:02,555 - INFO: Training ROC-AUC: 0.993590
2026-01-08 15:19:02,555 - INFO: Validation ROC-AUC: 0.797638
2026-01-08 15:19:18,636 - INFO: Evaluating at iteration 27501
2026-01-08 15:19:20,362 - INFO: Loss: 0.102219
2026-01-08 15:19:20,362 - INFO: Training ROC-AUC: 1.000000
2026-01-08 15:19:20,362 - INFO: Validation ROC-AUC: 0.799303
2026-01-08 15:19:36,364 - INFO: Starting epoch 15
2026-01-08 15:19:36,398 - INFO: Evaluating at iteration 28001
2026-01-08 15:19:38,124 - INFO: Loss: 0.204666
2026-01-08 15:19:38,124 - INFO: Training ROC-AUC: 0.848214
2026-01-08 15:19:38,124 - INFO: Validation ROC-AUC: 0.789405
2026-01-08 15:19:54,190 - INFO: Evaluating at iteration 28501
2026-01-08 15:19:55,914 - INFO: Loss: 0.181314
2026-01-08 15:19:55,915 - INFO: Training ROC-AUC: 0.955556
2026-01-08 15:19:55,915 - INFO: Validation ROC-AUC: 0.794589
2026-01-08 15:20:11,978 - INFO: Evaluating at iteration 29001
2026-01-08 15:20:13,722 - INFO: Loss: 0.237570
2026-01-08 15:20:13,723 - INFO: Training ROC-AUC: 0.925926
2026-01-08 15:20:13,723 - INFO: Validation ROC-AUC: 0.799687
2026-01-08 15:20:29,877 - INFO: Evaluating at iteration 29501
2026-01-08 15:20:31,599 - INFO: Loss: 0.230891
2026-01-08 15:20:31,600 - INFO: Training ROC-AUC: 0.830357
2026-01-08 15:20:31,600 - INFO: Validation ROC-AUC: 0.801973
2026-01-08 15:20:47,633 - INFO: Starting epoch 16
2026-01-08 15:20:47,667 - INFO: Evaluating at iteration 30001
2026-01-08 15:20:49,398 - INFO: Loss: 0.191568
2026-01-08 15:20:49,398 - INFO: Training ROC-AUC: 0.982857
2026-01-08 15:20:49,398 - INFO: Validation ROC-AUC: 0.797597
2026-01-08 15:21:05,424 - INFO: Evaluating at iteration 30501
2026-01-08 15:21:07,133 - INFO: Loss: 0.208040
2026-01-08 15:21:07,133 - INFO: Training ROC-AUC: 0.967949
2026-01-08 15:21:07,133 - INFO: Validation ROC-AUC: 0.795660
2026-01-08 15:21:23,170 - INFO: Evaluating at iteration 31001
2026-01-08 15:21:24,937 - INFO: Loss: 0.161119
2026-01-08 15:21:24,937 - INFO: Training ROC-AUC: 0.973214
2026-01-08 15:21:24,938 - INFO: Validation ROC-AUC: 0.796573
2026-01-08 15:21:40,983 - INFO: Evaluating at iteration 31501
2026-01-08 15:21:42,704 - INFO: Loss: 0.109102
2026-01-08 15:21:42,704 - INFO: Training ROC-AUC: 0.991071
2026-01-08 15:21:42,704 - INFO: Validation ROC-AUC: 0.794248
2026-01-08 15:21:58,752 - INFO: Starting epoch 17
2026-01-08 15:21:58,785 - INFO: Evaluating at iteration 32001
2026-01-08 15:22:00,505 - INFO: Loss: 0.270109
2026-01-08 15:22:00,505 - INFO: Training ROC-AUC: 0.803571
2026-01-08 15:22:00,506 - INFO: Validation ROC-AUC: 0.792009
2026-01-08 15:22:16,562 - INFO: Evaluating at iteration 32501
2026-01-08 15:22:18,283 - INFO: Loss: 0.253771
2026-01-08 15:22:18,284 - INFO: Training ROC-AUC: 0.935897
2026-01-08 15:22:18,284 - INFO: Validation ROC-AUC: 0.797685
2026-01-08 15:22:34,408 - INFO: Evaluating at iteration 33001
2026-01-08 15:22:36,165 - INFO: Loss: 0.377741
2026-01-08 15:22:36,165 - INFO: Training ROC-AUC: 0.840000
2026-01-08 15:22:36,165 - INFO: Validation ROC-AUC: 0.801775
2026-01-08 15:22:52,390 - INFO: Evaluating at iteration 33501
2026-01-08 15:22:54,113 - INFO: Loss: 0.210857
2026-01-08 15:22:54,113 - INFO: Training ROC-AUC: 0.896296
2026-01-08 15:22:54,113 - INFO: Validation ROC-AUC: 0.795210
2026-01-08 15:23:10,265 - INFO: Starting epoch 18
2026-01-08 15:23:10,298 - INFO: Evaluating at iteration 34001
2026-01-08 15:23:12,013 - INFO: Loss: 0.137260
2026-01-08 15:23:12,013 - INFO: Training ROC-AUC: 0.990909
2026-01-08 15:23:12,013 - INFO: Validation ROC-AUC: 0.792725
2026-01-08 15:23:28,292 - INFO: Evaluating at iteration 34501
2026-01-08 15:23:30,037 - INFO: Loss: 0.166091
2026-01-08 15:23:30,037 - INFO: Training ROC-AUC: 0.987179
2026-01-08 15:23:30,037 - INFO: Validation ROC-AUC: 0.799794
2026-01-08 15:23:46,210 - INFO: Evaluating at iteration 35001
2026-01-08 15:23:47,933 - INFO: Loss: 0.279643
2026-01-08 15:23:47,933 - INFO: Training ROC-AUC: 0.878205
2026-01-08 15:23:47,933 - INFO: Validation ROC-AUC: 0.792347
2026-01-08 15:24:04,161 - INFO: Evaluating at iteration 35501
2026-01-08 15:24:05,888 - INFO: Loss: 0.164398
2026-01-08 15:24:05,888 - INFO: Training ROC-AUC: 0.974359
2026-01-08 15:24:05,888 - INFO: Validation ROC-AUC: 0.797117
2026-01-08 15:24:22,064 - INFO: Starting epoch 19
2026-01-08 15:24:22,097 - INFO: Evaluating at iteration 36001
2026-01-08 15:24:23,832 - INFO: Loss: 0.399425
2026-01-08 15:24:23,832 - INFO: Training ROC-AUC: 0.897143
2026-01-08 15:24:23,832 - INFO: Validation ROC-AUC: 0.801594
2026-01-08 15:24:40,318 - INFO: Evaluating at iteration 36501
2026-01-08 15:24:42,042 - INFO: Loss: 0.180565
2026-01-08 15:24:42,042 - INFO: Training ROC-AUC: 0.964286
2026-01-08 15:24:42,043 - INFO: Validation ROC-AUC: 0.801957
2026-01-08 15:24:58,370 - INFO: Evaluating at iteration 37001
2026-01-08 15:25:00,172 - INFO: Loss: 0.052420
2026-01-08 15:25:00,172 - INFO: Training ROC-AUC: 1.000000
2026-01-08 15:25:00,172 - INFO: Validation ROC-AUC: 0.806860
2026-01-08 15:25:16,400 - INFO: Evaluating at iteration 37501
2026-01-08 15:25:18,156 - INFO: Loss: 0.324429
2026-01-08 15:25:18,156 - INFO: Training ROC-AUC: 0.946860
2026-01-08 15:25:18,157 - INFO: Validation ROC-AUC: 0.798462
2026-01-08 15:25:34,606 - INFO: Starting epoch 20
2026-01-08 15:25:34,640 - INFO: Evaluating at iteration 38001
2026-01-08 15:25:36,356 - INFO: Loss: 0.239042
2026-01-08 15:25:36,356 - INFO: Training ROC-AUC: 0.972727
2026-01-08 15:25:36,356 - INFO: Validation ROC-AUC: 0.802627
2026-01-08 15:25:52,685 - INFO: Evaluating at iteration 38501
2026-01-08 15:25:54,416 - INFO: Loss: 0.226970
2026-01-08 15:25:54,416 - INFO: Training ROC-AUC: 0.911111
2026-01-08 15:25:54,416 - INFO: Validation ROC-AUC: 0.801863
2026-01-08 15:26:10,879 - INFO: Evaluating at iteration 39001
2026-01-08 15:26:12,606 - INFO: Loss: 0.126675
2026-01-08 15:26:12,606 - INFO: Training ROC-AUC: 0.982143
2026-01-08 15:26:12,606 - INFO: Validation ROC-AUC: 0.796885
2026-01-08 15:26:28,864 - INFO: Evaluating at iteration 39501
2026-01-08 15:26:30,583 - INFO: Loss: 0.137379
2026-01-08 15:26:30,583 - INFO: Training ROC-AUC: 0.966667
2026-01-08 15:26:30,583 - INFO: Validation ROC-AUC: 0.800820
2026-01-08 15:26:46,964 - INFO: Starting epoch 21
2026-01-08 15:26:46,997 - INFO: Evaluating at iteration 40001
2026-01-08 15:26:48,731 - INFO: Loss: 0.129120
2026-01-08 15:26:48,731 - INFO: Training ROC-AUC: 0.992593
2026-01-08 15:26:48,731 - INFO: Validation ROC-AUC: 0.789010
2026-01-08 15:27:05,234 - INFO: Evaluating at iteration 40501
2026-01-08 15:27:06,943 - INFO: Loss: 0.345411
2026-01-08 15:27:06,943 - INFO: Training ROC-AUC: 0.844444
2026-01-08 15:27:06,943 - INFO: Validation ROC-AUC: 0.799781
2026-01-08 15:27:23,252 - INFO: Evaluating at iteration 41001
2026-01-08 15:27:24,976 - INFO: Loss: 0.208892
2026-01-08 15:27:24,976 - INFO: Training ROC-AUC: 0.929487
2026-01-08 15:27:24,976 - INFO: Validation ROC-AUC: 0.805228
2026-01-08 15:27:41,461 - INFO: Evaluating at iteration 41501
2026-01-08 15:27:43,192 - INFO: Loss: 0.238194
2026-01-08 15:27:43,192 - INFO: Training ROC-AUC: 0.885057
2026-01-08 15:27:43,192 - INFO: Validation ROC-AUC: 0.798429
2026-01-08 15:27:59,510 - INFO: Starting epoch 22
2026-01-08 15:27:59,547 - INFO: Evaluating at iteration 42001
2026-01-08 15:28:01,268 - INFO: Loss: 0.109918
2026-01-08 15:28:01,268 - INFO: Training ROC-AUC: 1.000000
2026-01-08 15:28:01,268 - INFO: Validation ROC-AUC: 0.802464
2026-01-08 15:28:17,678 - INFO: Evaluating at iteration 42501
2026-01-08 15:28:19,406 - INFO: Loss: 0.179476
2026-01-08 15:28:19,406 - INFO: Training ROC-AUC: 0.985185
2026-01-08 15:28:19,406 - INFO: Validation ROC-AUC: 0.798117
2026-01-08 15:28:35,829 - INFO: Evaluating at iteration 43001
2026-01-08 15:28:37,540 - INFO: Loss: 0.291843
2026-01-08 15:28:37,540 - INFO: Training ROC-AUC: 0.793103
2026-01-08 15:28:37,540 - INFO: Validation ROC-AUC: 0.801307
2026-01-08 15:28:53,921 - INFO: Evaluating at iteration 43501
2026-01-08 15:28:55,650 - INFO: Loss: 0.222286
2026-01-08 15:28:55,650 - INFO: Training ROC-AUC: 0.961538
2026-01-08 15:28:55,650 - INFO: Validation ROC-AUC: 0.794760
2026-01-08 15:29:12,152 - INFO: Starting epoch 23
2026-01-08 15:29:12,185 - INFO: Evaluating at iteration 44001
2026-01-08 15:29:13,940 - INFO: Loss: 0.241328
2026-01-08 15:29:13,940 - INFO: Training ROC-AUC: 1.000000
2026-01-08 15:29:13,940 - INFO: Validation ROC-AUC: 0.796831
2026-01-08 15:29:30,441 - INFO: Evaluating at iteration 44501
2026-01-08 15:29:32,203 - INFO: Loss: 0.205747
2026-01-08 15:29:32,204 - INFO: Training ROC-AUC: 0.908046
2026-01-08 15:29:32,204 - INFO: Validation ROC-AUC: 0.792588
2026-01-08 15:29:48,802 - INFO: Evaluating at iteration 45001
2026-01-08 15:29:50,538 - INFO: Loss: 0.132622
2026-01-08 15:29:50,539 - INFO: Training ROC-AUC: 0.982143
2026-01-08 15:29:50,539 - INFO: Validation ROC-AUC: 0.796144
2026-01-08 15:30:07,034 - INFO: Evaluating at iteration 45501
2026-01-08 15:30:08,789 - INFO: Loss: 0.306347
2026-01-08 15:30:08,789 - INFO: Training ROC-AUC: 0.937143
2026-01-08 15:30:08,789 - INFO: Validation ROC-AUC: 0.791882
2026-01-08 15:30:25,332 - INFO: Starting epoch 24
2026-01-08 15:30:25,366 - INFO: Evaluating at iteration 46001
2026-01-08 15:30:27,097 - INFO: Loss: 0.165606
2026-01-08 15:30:27,097 - INFO: Training ROC-AUC: 0.977143
2026-01-08 15:30:27,097 - INFO: Validation ROC-AUC: 0.797458
2026-01-08 15:30:43,655 - INFO: Evaluating at iteration 46501
2026-01-08 15:30:45,388 - INFO: Loss: 0.239141
2026-01-08 15:30:45,388 - INFO: Training ROC-AUC: 1.000000
2026-01-08 15:30:45,388 - INFO: Validation ROC-AUC: 0.797977
2026-01-08 15:31:01,772 - INFO: Evaluating at iteration 47001
2026-01-08 15:31:03,505 - INFO: Loss: 0.186451
2026-01-08 15:31:03,505 - INFO: Training ROC-AUC: 0.946429
2026-01-08 15:31:03,505 - INFO: Validation ROC-AUC: 0.802489
2026-01-08 15:31:20,049 - INFO: Evaluating at iteration 47501
2026-01-08 15:31:21,817 - INFO: Loss: 0.175430
2026-01-08 15:31:21,817 - INFO: Training ROC-AUC: 0.980769
2026-01-08 15:31:21,817 - INFO: Validation ROC-AUC: 0.799425
2026-01-08 15:31:38,232 - INFO: Starting epoch 25
2026-01-08 15:31:38,266 - INFO: Evaluating at iteration 48001
2026-01-08 15:31:40,041 - INFO: Loss: 0.228604
2026-01-08 15:31:40,042 - INFO: Training ROC-AUC: 0.911111
2026-01-08 15:31:40,042 - INFO: Validation ROC-AUC: 0.806131
2026-01-08 15:31:56,444 - INFO: Evaluating at iteration 48501
2026-01-08 15:31:58,173 - INFO: Loss: 0.287824
2026-01-08 15:31:58,174 - INFO: Training ROC-AUC: 0.932367
2026-01-08 15:31:58,174 - INFO: Validation ROC-AUC: 0.803527
2026-01-08 15:32:14,619 - INFO: Evaluating at iteration 49001
2026-01-08 15:32:16,331 - INFO: Loss: 0.325141
2026-01-08 15:32:16,331 - INFO: Training ROC-AUC: 0.966184
2026-01-08 15:32:16,331 - INFO: Validation ROC-AUC: 0.794824
2026-01-08 15:32:32,690 - INFO: Evaluating at iteration 49501
2026-01-08 15:32:34,408 - INFO: Loss: 0.132527
2026-01-08 15:32:34,408 - INFO: Training ROC-AUC: 0.970370
2026-01-08 15:32:34,408 - INFO: Validation ROC-AUC: 0.798693
2026-01-08 15:32:50,927 - INFO: Saving model to models/TCRStructMap_peptide_split/model_1.pt
2026-01-08 15:32:50,944 - INFO: Starting fold 2
2026-01-08 15:32:51,053 - INFO: Initialising model
2026-01-08 15:32:51,066 - INFO: Starting training
2026-01-08 15:32:51,067 - INFO: Starting epoch 1
2026-01-08 15:32:51,101 - INFO: Evaluating at iteration 1
2026-01-08 15:32:52,406 - INFO: Loss: 0.700642
2026-01-08 15:32:52,406 - INFO: Training ROC-AUC: 0.348148
2026-01-08 15:32:52,406 - INFO: Validation ROC-AUC: 0.490159
2026-01-08 15:33:07,481 - INFO: Evaluating at iteration 501
2026-01-08 15:33:08,817 - INFO: Loss: 0.430195
2026-01-08 15:33:08,818 - INFO: Training ROC-AUC: 0.533333
2026-01-08 15:33:08,818 - INFO: Validation ROC-AUC: 0.363476
2026-01-08 15:33:24,526 - INFO: Evaluating at iteration 1001
2026-01-08 15:33:25,827 - INFO: Loss: 0.322936
2026-01-08 15:33:25,827 - INFO: Training ROC-AUC: 0.750000
2026-01-08 15:33:25,827 - INFO: Validation ROC-AUC: 0.401339
2026-01-08 15:33:41,572 - INFO: Evaluating at iteration 1501
2026-01-08 15:33:42,934 - INFO: Loss: 0.454639
2026-01-08 15:33:42,935 - INFO: Training ROC-AUC: 0.698718
2026-01-08 15:33:42,935 - INFO: Validation ROC-AUC: 0.459093
2026-01-08 15:33:58,631 - INFO: Evaluating at iteration 2001
2026-01-08 15:33:59,955 - INFO: Loss: 0.222764
2026-01-08 15:33:59,955 - INFO: Training ROC-AUC: 0.683333
2026-01-08 15:33:59,955 - INFO: Validation ROC-AUC: 0.513536
2026-01-08 15:34:04,701 - INFO: Starting epoch 2
2026-01-08 15:34:04,735 - INFO: Evaluating at iteration 2154
2026-01-08 15:34:06,037 - INFO: Loss: 0.202341
2026-01-08 15:34:06,037 - INFO: Training ROC-AUC: 0.925926
2026-01-08 15:34:06,038 - INFO: Validation ROC-AUC: 0.545345
2026-01-08 15:34:21,616 - INFO: Evaluating at iteration 2654
2026-01-08 15:34:22,933 - INFO: Loss: 0.446253
2026-01-08 15:34:22,933 - INFO: Training ROC-AUC: 0.737143
2026-01-08 15:34:22,933 - INFO: Validation ROC-AUC: 0.585389
2026-01-08 15:34:38,408 - INFO: Evaluating at iteration 3154
2026-01-08 15:34:39,695 - INFO: Loss: 0.316732
2026-01-08 15:34:39,695 - INFO: Training ROC-AUC: 0.910256
2026-01-08 15:34:39,696 - INFO: Validation ROC-AUC: 0.598898
2026-01-08 15:34:55,223 - INFO: Evaluating at iteration 3654
2026-01-08 15:34:56,556 - INFO: Loss: 0.203988
2026-01-08 15:34:56,556 - INFO: Training ROC-AUC: 0.928571
2026-01-08 15:34:56,556 - INFO: Validation ROC-AUC: 0.602985
2026-01-08 15:35:11,968 - INFO: Evaluating at iteration 4154
2026-01-08 15:35:13,332 - INFO: Loss: 0.265961
2026-01-08 15:35:13,333 - INFO: Training ROC-AUC: 0.803571
2026-01-08 15:35:13,333 - INFO: Validation ROC-AUC: 0.616949
2026-01-08 15:35:18,071 - INFO: Starting epoch 3
2026-01-08 15:35:18,103 - INFO: Evaluating at iteration 4307
2026-01-08 15:35:19,441 - INFO: Loss: 0.449515
2026-01-08 15:35:19,441 - INFO: Training ROC-AUC: 0.685897
2026-01-08 15:35:19,441 - INFO: Validation ROC-AUC: 0.621122
2026-01-08 15:35:34,819 - INFO: Evaluating at iteration 4807
2026-01-08 15:35:36,115 - INFO: Loss: 0.565349
2026-01-08 15:35:36,115 - INFO: Training ROC-AUC: 0.782609
2026-01-08 15:35:36,115 - INFO: Validation ROC-AUC: 0.616221
2026-01-08 15:35:51,536 - INFO: Evaluating at iteration 5307
2026-01-08 15:35:52,875 - INFO: Loss: 0.176889
2026-01-08 15:35:52,875 - INFO: Training ROC-AUC: 0.883333
2026-01-08 15:35:52,875 - INFO: Validation ROC-AUC: 0.621893
2026-01-08 15:36:08,345 - INFO: Evaluating at iteration 5807
2026-01-08 15:36:09,693 - INFO: Loss: 0.269913
2026-01-08 15:36:09,693 - INFO: Training ROC-AUC: 0.940741
2026-01-08 15:36:09,693 - INFO: Validation ROC-AUC: 0.628552
2026-01-08 15:36:25,235 - INFO: Evaluating at iteration 6307
2026-01-08 15:36:26,545 - INFO: Loss: 0.098286
2026-01-08 15:36:26,545 - INFO: Training ROC-AUC: 0.988506
2026-01-08 15:36:26,545 - INFO: Validation ROC-AUC: 0.644315
2026-01-08 15:36:31,257 - INFO: Starting epoch 4
2026-01-08 15:36:31,290 - INFO: Evaluating at iteration 6460
2026-01-08 15:36:32,632 - INFO: Loss: 0.156813
2026-01-08 15:36:32,632 - INFO: Training ROC-AUC: 0.983333
2026-01-08 15:36:32,632 - INFO: Validation ROC-AUC: 0.632720
2026-01-08 15:36:48,169 - INFO: Evaluating at iteration 6960
2026-01-08 15:36:49,464 - INFO: Loss: 0.259136
2026-01-08 15:36:49,464 - INFO: Training ROC-AUC: 0.931429
2026-01-08 15:36:49,464 - INFO: Validation ROC-AUC: 0.643611
2026-01-08 15:37:04,947 - INFO: Evaluating at iteration 7460
2026-01-08 15:37:06,293 - INFO: Loss: 0.176735
2026-01-08 15:37:06,293 - INFO: Training ROC-AUC: 1.000000
2026-01-08 15:37:06,293 - INFO: Validation ROC-AUC: 0.633677
2026-01-08 15:37:21,891 - INFO: Evaluating at iteration 7960
2026-01-08 15:37:23,201 - INFO: Loss: 0.196180
2026-01-08 15:37:23,201 - INFO: Training ROC-AUC: 0.928571
2026-01-08 15:37:23,201 - INFO: Validation ROC-AUC: 0.639802
2026-01-08 15:37:38,684 - INFO: Evaluating at iteration 8460
2026-01-08 15:37:39,979 - INFO: Loss: 0.243816
2026-01-08 15:37:39,979 - INFO: Training ROC-AUC: 0.920000
2026-01-08 15:37:39,979 - INFO: Validation ROC-AUC: 0.642870
2026-01-08 15:37:44,738 - INFO: Starting epoch 5
2026-01-08 15:37:44,770 - INFO: Evaluating at iteration 8613
2026-01-08 15:37:46,058 - INFO: Loss: 0.375204
2026-01-08 15:37:46,058 - INFO: Training ROC-AUC: 0.900000
2026-01-08 15:37:46,058 - INFO: Validation ROC-AUC: 0.636862
2026-01-08 15:38:01,529 - INFO: Evaluating at iteration 9113
2026-01-08 15:38:02,812 - INFO: Loss: 0.200202
2026-01-08 15:38:02,812 - INFO: Training ROC-AUC: 0.931034
2026-01-08 15:38:02,812 - INFO: Validation ROC-AUC: 0.637642
2026-01-08 15:38:18,278 - INFO: Evaluating at iteration 9613
2026-01-08 15:38:19,583 - INFO: Loss: 0.213501
2026-01-08 15:38:19,584 - INFO: Training ROC-AUC: 0.973214
2026-01-08 15:38:19,584 - INFO: Validation ROC-AUC: 0.634501
2026-01-08 15:38:35,056 - INFO: Evaluating at iteration 10113
2026-01-08 15:38:36,340 - INFO: Loss: 0.188375
2026-01-08 15:38:36,340 - INFO: Training ROC-AUC: 0.985185
2026-01-08 15:38:36,341 - INFO: Validation ROC-AUC: 0.647418
2026-01-08 15:38:51,818 - INFO: Evaluating at iteration 10613
2026-01-08 15:38:53,099 - INFO: Loss: 0.316230
2026-01-08 15:38:53,099 - INFO: Training ROC-AUC: 0.830357
2026-01-08 15:38:53,100 - INFO: Validation ROC-AUC: 0.645978
2026-01-08 15:38:57,820 - INFO: Starting epoch 6
2026-01-08 15:38:57,853 - INFO: Evaluating at iteration 10766
2026-01-08 15:38:59,138 - INFO: Loss: 0.168126
2026-01-08 15:38:59,138 - INFO: Training ROC-AUC: 0.987179
2026-01-08 15:38:59,138 - INFO: Validation ROC-AUC: 0.647540
2026-01-08 15:39:14,627 - INFO: Evaluating at iteration 11266
2026-01-08 15:39:15,913 - INFO: Loss: 0.167629
2026-01-08 15:39:15,913 - INFO: Training ROC-AUC: 0.987179
2026-01-08 15:39:15,913 - INFO: Validation ROC-AUC: 0.646057
2026-01-08 15:39:31,386 - INFO: Evaluating at iteration 11766
2026-01-08 15:39:32,691 - INFO: Loss: 0.132468
2026-01-08 15:39:32,691 - INFO: Training ROC-AUC: 0.966667
2026-01-08 15:39:32,691 - INFO: Validation ROC-AUC: 0.644854
2026-01-08 15:39:48,201 - INFO: Evaluating at iteration 12266
2026-01-08 15:39:49,503 - INFO: Loss: 0.294425
2026-01-08 15:39:49,503 - INFO: Training ROC-AUC: 0.937500
2026-01-08 15:39:49,503 - INFO: Validation ROC-AUC: 0.643683
2026-01-08 15:40:05,010 - INFO: Evaluating at iteration 12766
2026-01-08 15:40:06,295 - INFO: Loss: 0.188394
2026-01-08 15:40:06,295 - INFO: Training ROC-AUC: 0.948148
2026-01-08 15:40:06,295 - INFO: Validation ROC-AUC: 0.645608
2026-01-08 15:40:11,021 - INFO: Starting epoch 7
2026-01-08 15:40:11,054 - INFO: Evaluating at iteration 12919
2026-01-08 15:40:12,335 - INFO: Loss: 0.191053
2026-01-08 15:40:12,335 - INFO: Training ROC-AUC: 0.964286
2026-01-08 15:40:12,335 - INFO: Validation ROC-AUC: 0.641832
2026-01-08 15:40:27,894 - INFO: Evaluating at iteration 13419
2026-01-08 15:40:29,182 - INFO: Loss: 0.203054
2026-01-08 15:40:29,182 - INFO: Training ROC-AUC: 0.766667
2026-01-08 15:40:29,182 - INFO: Validation ROC-AUC: 0.644950
2026-01-08 15:40:44,769 - INFO: Evaluating at iteration 13919
2026-01-08 15:40:46,092 - INFO: Loss: 0.315931
2026-01-08 15:40:46,092 - INFO: Training ROC-AUC: 0.937198
2026-01-08 15:40:46,092 - INFO: Validation ROC-AUC: 0.642976
2026-01-08 15:41:01,649 - INFO: Evaluating at iteration 14419
2026-01-08 15:41:02,929 - INFO: Loss: 0.182848
2026-01-08 15:41:02,930 - INFO: Training ROC-AUC: 0.937500
2026-01-08 15:41:02,930 - INFO: Validation ROC-AUC: 0.643923
2026-01-08 15:41:18,542 - INFO: Evaluating at iteration 14919
2026-01-08 15:41:19,851 - INFO: Loss: 0.207141
2026-01-08 15:41:19,851 - INFO: Training ROC-AUC: 0.850575
2026-01-08 15:41:19,851 - INFO: Validation ROC-AUC: 0.645456
2026-01-08 15:41:24,641 - INFO: Starting epoch 8
2026-01-08 15:41:24,674 - INFO: Evaluating at iteration 15072
2026-01-08 15:41:25,985 - INFO: Loss: 0.269364
2026-01-08 15:41:25,985 - INFO: Training ROC-AUC: 0.923077
2026-01-08 15:41:25,985 - INFO: Validation ROC-AUC: 0.642992
2026-01-08 15:41:41,714 - INFO: Evaluating at iteration 15572
2026-01-08 15:41:43,041 - INFO: Loss: 0.334502
2026-01-08 15:41:43,041 - INFO: Training ROC-AUC: 0.909091
2026-01-08 15:41:43,041 - INFO: Validation ROC-AUC: 0.642870
2026-01-08 15:41:58,656 - INFO: Evaluating at iteration 16072
2026-01-08 15:41:59,946 - INFO: Loss: 0.174311
2026-01-08 15:41:59,946 - INFO: Training ROC-AUC: 0.908046
2026-01-08 15:41:59,946 - INFO: Validation ROC-AUC: 0.637548
2026-01-08 15:42:15,650 - INFO: Evaluating at iteration 16572
2026-01-08 15:42:16,933 - INFO: Loss: 0.272310
2026-01-08 15:42:16,933 - INFO: Training ROC-AUC: 0.955128
2026-01-08 15:42:16,933 - INFO: Validation ROC-AUC: 0.635932
2026-01-08 15:42:32,623 - INFO: Evaluating at iteration 17072
2026-01-08 15:42:33,916 - INFO: Loss: 0.149184
2026-01-08 15:42:33,916 - INFO: Training ROC-AUC: 0.866667
2026-01-08 15:42:33,916 - INFO: Validation ROC-AUC: 0.644341
2026-01-08 15:42:38,739 - INFO: Starting epoch 9
2026-01-08 15:42:38,772 - INFO: Evaluating at iteration 17225
2026-01-08 15:42:40,055 - INFO: Loss: 0.189334
2026-01-08 15:42:40,055 - INFO: Training ROC-AUC: 0.958333
2026-01-08 15:42:40,055 - INFO: Validation ROC-AUC: 0.643245
2026-01-08 15:42:55,759 - INFO: Evaluating at iteration 17725
2026-01-08 15:42:57,093 - INFO: Loss: 0.162789
2026-01-08 15:42:57,093 - INFO: Training ROC-AUC: 0.977778
2026-01-08 15:42:57,093 - INFO: Validation ROC-AUC: 0.643072
2026-01-08 15:43:12,758 - INFO: Evaluating at iteration 18225
2026-01-08 15:43:14,041 - INFO: Loss: 0.094611
2026-01-08 15:43:14,041 - INFO: Training ROC-AUC: 0.990338
2026-01-08 15:43:14,041 - INFO: Validation ROC-AUC: 0.644172
2026-01-08 15:43:29,709 - INFO: Evaluating at iteration 18725
2026-01-08 15:43:30,990 - INFO: Loss: 0.343447
2026-01-08 15:43:30,990 - INFO: Training ROC-AUC: 0.767857
2026-01-08 15:43:30,990 - INFO: Validation ROC-AUC: 0.638285
2026-01-08 15:43:46,678 - INFO: Evaluating at iteration 19225
2026-01-08 15:43:47,980 - INFO: Loss: 0.287403
2026-01-08 15:43:47,981 - INFO: Training ROC-AUC: 0.922705
2026-01-08 15:43:47,981 - INFO: Validation ROC-AUC: 0.645931
2026-01-08 15:43:52,797 - INFO: Starting epoch 10
2026-01-08 15:43:52,830 - INFO: Evaluating at iteration 19378
2026-01-08 15:43:54,129 - INFO: Loss: 0.117365
2026-01-08 15:43:54,129 - INFO: Training ROC-AUC: 1.000000
2026-01-08 15:43:54,129 - INFO: Validation ROC-AUC: 0.645619
2026-01-08 15:44:09,805 - INFO: Evaluating at iteration 19878
2026-01-08 15:44:11,094 - INFO: Loss: 0.213974
2026-01-08 15:44:11,094 - INFO: Training ROC-AUC: 0.989583
2026-01-08 15:44:11,094 - INFO: Validation ROC-AUC: 0.646862
2026-01-08 15:44:26,731 - INFO: Evaluating at iteration 20378
2026-01-08 15:44:28,018 - INFO: Loss: 0.181150
2026-01-08 15:44:28,018 - INFO: Training ROC-AUC: 0.896552
2026-01-08 15:44:28,018 - INFO: Validation ROC-AUC: 0.643383
2026-01-08 15:44:43,664 - INFO: Evaluating at iteration 20878
2026-01-08 15:44:44,965 - INFO: Loss: 0.529855
2026-01-08 15:44:44,965 - INFO: Training ROC-AUC: 0.895455
2026-01-08 15:44:44,965 - INFO: Validation ROC-AUC: 0.636092
2026-01-08 15:45:00,666 - INFO: Evaluating at iteration 21378
2026-01-08 15:45:01,993 - INFO: Loss: 0.162373
2026-01-08 15:45:01,994 - INFO: Training ROC-AUC: 0.866667
2026-01-08 15:45:01,994 - INFO: Validation ROC-AUC: 0.640095
2026-01-08 15:45:06,839 - INFO: Starting epoch 11
2026-01-08 15:45:06,872 - INFO: Evaluating at iteration 21531
2026-01-08 15:45:08,161 - INFO: Loss: 0.178382
2026-01-08 15:45:08,161 - INFO: Training ROC-AUC: 0.977778
2026-01-08 15:45:08,161 - INFO: Validation ROC-AUC: 0.647624
2026-01-08 15:45:23,977 - INFO: Evaluating at iteration 22031
2026-01-08 15:45:25,264 - INFO: Loss: 0.201673
2026-01-08 15:45:25,264 - INFO: Training ROC-AUC: 0.974359
2026-01-08 15:45:25,264 - INFO: Validation ROC-AUC: 0.642044
2026-01-08 15:45:41,018 - INFO: Evaluating at iteration 22531
2026-01-08 15:45:42,304 - INFO: Loss: 0.062840
2026-01-08 15:45:42,304 - INFO: Training ROC-AUC: 1.000000
2026-01-08 15:45:42,304 - INFO: Validation ROC-AUC: 0.639381
2026-01-08 15:45:58,104 - INFO: Evaluating at iteration 23031
2026-01-08 15:45:59,431 - INFO: Loss: 0.248224
2026-01-08 15:45:59,431 - INFO: Training ROC-AUC: 0.973958
2026-01-08 15:45:59,431 - INFO: Validation ROC-AUC: 0.633518
2026-01-08 15:46:15,289 - INFO: Evaluating at iteration 23531
2026-01-08 15:46:16,574 - INFO: Loss: 0.332976
2026-01-08 15:46:16,574 - INFO: Training ROC-AUC: 0.904545
2026-01-08 15:46:16,574 - INFO: Validation ROC-AUC: 0.641754
2026-01-08 15:46:21,455 - INFO: Starting epoch 12
2026-01-08 15:46:21,488 - INFO: Evaluating at iteration 23684
2026-01-08 15:46:22,775 - INFO: Loss: 0.141572
2026-01-08 15:46:22,775 - INFO: Training ROC-AUC: 0.980769
2026-01-08 15:46:22,775 - INFO: Validation ROC-AUC: 0.643988
2026-01-08 15:46:38,569 - INFO: Evaluating at iteration 24184
2026-01-08 15:46:39,853 - INFO: Loss: 0.315418
2026-01-08 15:46:39,853 - INFO: Training ROC-AUC: 0.885417
2026-01-08 15:46:39,853 - INFO: Validation ROC-AUC: 0.636375
2026-01-08 15:46:55,688 - INFO: Evaluating at iteration 24684
2026-01-08 15:46:57,016 - INFO: Loss: 0.386747
2026-01-08 15:46:57,016 - INFO: Training ROC-AUC: 0.922705
2026-01-08 15:46:57,016 - INFO: Validation ROC-AUC: 0.643532
2026-01-08 15:47:12,773 - INFO: Evaluating at iteration 25184
2026-01-08 15:47:14,058 - INFO: Loss: 0.213805
2026-01-08 15:47:14,058 - INFO: Training ROC-AUC: 0.931034
2026-01-08 15:47:14,058 - INFO: Validation ROC-AUC: 0.638075
2026-01-08 15:47:29,770 - INFO: Evaluating at iteration 25684
2026-01-08 15:47:31,054 - INFO: Loss: 0.114284
2026-01-08 15:47:31,054 - INFO: Training ROC-AUC: 1.000000
2026-01-08 15:47:31,054 - INFO: Validation ROC-AUC: 0.640887
2026-01-08 15:47:35,866 - INFO: Starting epoch 13
2026-01-08 15:47:35,899 - INFO: Evaluating at iteration 25837
2026-01-08 15:47:37,190 - INFO: Loss: 0.184982
2026-01-08 15:47:37,190 - INFO: Training ROC-AUC: 0.980769
2026-01-08 15:47:37,190 - INFO: Validation ROC-AUC: 0.642892
2026-01-08 15:47:52,883 - INFO: Evaluating at iteration 26337
2026-01-08 15:47:54,164 - INFO: Loss: 0.200231
2026-01-08 15:47:54,164 - INFO: Training ROC-AUC: 0.896552
2026-01-08 15:47:54,164 - INFO: Validation ROC-AUC: 0.644794
2026-01-08 15:48:09,904 - INFO: Evaluating at iteration 26837
2026-01-08 15:48:11,185 - INFO: Loss: 0.193832
2026-01-08 15:48:11,185 - INFO: Training ROC-AUC: 0.974359
2026-01-08 15:48:11,185 - INFO: Validation ROC-AUC: 0.641402
2026-01-08 15:48:26,931 - INFO: Evaluating at iteration 27337
2026-01-08 15:48:28,220 - INFO: Loss: 0.199655
2026-01-08 15:48:28,220 - INFO: Training ROC-AUC: 1.000000
2026-01-08 15:48:28,220 - INFO: Validation ROC-AUC: 0.643664
2026-01-08 15:48:43,913 - INFO: Evaluating at iteration 27837
2026-01-08 15:48:45,236 - INFO: Loss: 0.263902
2026-01-08 15:48:45,236 - INFO: Training ROC-AUC: 0.902857
2026-01-08 15:48:45,236 - INFO: Validation ROC-AUC: 0.642094
2026-01-08 15:48:50,085 - INFO: Starting epoch 14
2026-01-08 15:48:50,119 - INFO: Evaluating at iteration 27990
2026-01-08 15:48:51,405 - INFO: Loss: 0.108459
2026-01-08 15:48:51,405 - INFO: Training ROC-AUC: 1.000000
2026-01-08 15:48:51,405 - INFO: Validation ROC-AUC: 0.645226
2026-01-08 15:49:07,210 - INFO: Evaluating at iteration 28490
2026-01-08 15:49:08,492 - INFO: Loss: 0.285845
2026-01-08 15:49:08,492 - INFO: Training ROC-AUC: 0.851852
2026-01-08 15:49:08,493 - INFO: Validation ROC-AUC: 0.645887
2026-01-08 15:49:24,295 - INFO: Evaluating at iteration 28990
2026-01-08 15:49:25,578 - INFO: Loss: 0.170990
2026-01-08 15:49:25,578 - INFO: Training ROC-AUC: 0.933333
2026-01-08 15:49:25,578 - INFO: Validation ROC-AUC: 0.640670
2026-01-08 15:49:41,440 - INFO: Evaluating at iteration 29490
2026-01-08 15:49:42,769 - INFO: Loss: 0.084469
2026-01-08 15:49:42,769 - INFO: Training ROC-AUC: 1.000000
2026-01-08 15:49:42,769 - INFO: Validation ROC-AUC: 0.635838
2026-01-08 15:49:58,489 - INFO: Evaluating at iteration 29990
2026-01-08 15:49:59,773 - INFO: Loss: 0.150956
2026-01-08 15:49:59,773 - INFO: Training ROC-AUC: 0.954286
2026-01-08 15:49:59,773 - INFO: Validation ROC-AUC: 0.641391
2026-01-08 15:50:04,586 - INFO: Starting epoch 15
2026-01-08 15:50:04,619 - INFO: Evaluating at iteration 30143
2026-01-08 15:50:05,911 - INFO: Loss: 0.149921
2026-01-08 15:50:05,912 - INFO: Training ROC-AUC: 0.928571
2026-01-08 15:50:05,912 - INFO: Validation ROC-AUC: 0.640105
2026-01-08 15:50:21,672 - INFO: Evaluating at iteration 30643
2026-01-08 15:50:22,957 - INFO: Loss: 0.297796
2026-01-08 15:50:22,957 - INFO: Training ROC-AUC: 0.866667
2026-01-08 15:50:22,957 - INFO: Validation ROC-AUC: 0.640578
2026-01-08 15:50:38,852 - INFO: Evaluating at iteration 31143
2026-01-08 15:50:40,133 - INFO: Loss: 0.279308
2026-01-08 15:50:40,133 - INFO: Training ROC-AUC: 0.758621
2026-01-08 15:50:40,134 - INFO: Validation ROC-AUC: 0.638708
2026-01-08 15:50:56,006 - INFO: Evaluating at iteration 31643
2026-01-08 15:50:57,294 - INFO: Loss: 0.083465
2026-01-08 15:50:57,294 - INFO: Training ROC-AUC: 1.000000
2026-01-08 15:50:57,294 - INFO: Validation ROC-AUC: 0.643680
2026-01-08 15:51:13,233 - INFO: Evaluating at iteration 32143
2026-01-08 15:51:14,524 - INFO: Loss: 0.336372
2026-01-08 15:51:14,524 - INFO: Training ROC-AUC: 0.931818
2026-01-08 15:51:14,524 - INFO: Validation ROC-AUC: 0.643155
2026-01-08 15:51:19,404 - INFO: Starting epoch 16
2026-01-08 15:51:19,436 - INFO: Evaluating at iteration 32296
2026-01-08 15:51:20,751 - INFO: Loss: 0.148671
2026-01-08 15:51:20,751 - INFO: Training ROC-AUC: 0.965517
2026-01-08 15:51:20,751 - INFO: Validation ROC-AUC: 0.644938
2026-01-08 15:51:36,742 - INFO: Evaluating at iteration 32796
2026-01-08 15:51:38,051 - INFO: Loss: 0.172730
2026-01-08 15:51:38,051 - INFO: Training ROC-AUC: 0.900000
2026-01-08 15:51:38,051 - INFO: Validation ROC-AUC: 0.645508
2026-01-08 15:51:53,933 - INFO: Evaluating at iteration 33296
2026-01-08 15:51:55,223 - INFO: Loss: 0.083669
2026-01-08 15:51:55,224 - INFO: Training ROC-AUC: 1.000000
2026-01-08 15:51:55,224 - INFO: Validation ROC-AUC: 0.641666
2026-01-08 15:52:11,183 - INFO: Evaluating at iteration 33796
2026-01-08 15:52:12,468 - INFO: Loss: 0.188102
2026-01-08 15:52:12,468 - INFO: Training ROC-AUC: 0.979167
2026-01-08 15:52:12,469 - INFO: Validation ROC-AUC: 0.646596
2026-01-08 15:52:28,448 - INFO: Evaluating at iteration 34296
2026-01-08 15:52:29,736 - INFO: Loss: 0.126101
2026-01-08 15:52:29,737 - INFO: Training ROC-AUC: 0.977143
2026-01-08 15:52:29,737 - INFO: Validation ROC-AUC: 0.642715
2026-01-08 15:52:34,643 - INFO: Starting epoch 17
2026-01-08 15:52:34,678 - INFO: Evaluating at iteration 34449
2026-01-08 15:52:35,985 - INFO: Loss: 0.207262
2026-01-08 15:52:35,985 - INFO: Training ROC-AUC: 0.980676
2026-01-08 15:52:35,985 - INFO: Validation ROC-AUC: 0.643007
2026-01-08 15:52:52,201 - INFO: Evaluating at iteration 34949
2026-01-08 15:52:53,510 - INFO: Loss: 0.196056
2026-01-08 15:52:53,510 - INFO: Training ROC-AUC: 0.967949
2026-01-08 15:52:53,510 - INFO: Validation ROC-AUC: 0.641456
2026-01-08 15:53:09,516 - INFO: Evaluating at iteration 35449
2026-01-08 15:53:10,796 - INFO: Loss: 0.151950
2026-01-08 15:53:10,796 - INFO: Training ROC-AUC: 0.816667
2026-01-08 15:53:10,797 - INFO: Validation ROC-AUC: 0.640476
2026-01-08 15:53:26,997 - INFO: Evaluating at iteration 35949
2026-01-08 15:53:28,281 - INFO: Loss: 0.179215
2026-01-08 15:53:28,281 - INFO: Training ROC-AUC: 0.977778
2026-01-08 15:53:28,281 - INFO: Validation ROC-AUC: 0.640463
2026-01-08 15:53:44,569 - INFO: Evaluating at iteration 36449
2026-01-08 15:53:45,897 - INFO: Loss: 0.078254
2026-01-08 15:53:45,897 - INFO: Training ROC-AUC: 1.000000
2026-01-08 15:53:45,897 - INFO: Validation ROC-AUC: 0.644416
2026-01-08 15:53:50,877 - INFO: Starting epoch 18
2026-01-08 15:53:50,910 - INFO: Evaluating at iteration 36602
2026-01-08 15:53:52,199 - INFO: Loss: 0.157175
2026-01-08 15:53:52,200 - INFO: Training ROC-AUC: 0.989583
2026-01-08 15:53:52,200 - INFO: Validation ROC-AUC: 0.643009
2026-01-08 15:54:08,512 - INFO: Evaluating at iteration 37102
2026-01-08 15:54:09,793 - INFO: Loss: 0.132535
2026-01-08 15:54:09,793 - INFO: Training ROC-AUC: 0.985185
2026-01-08 15:54:09,793 - INFO: Validation ROC-AUC: 0.638945
2026-01-08 15:54:26,218 - INFO: Evaluating at iteration 37602
2026-01-08 15:54:27,503 - INFO: Loss: 0.147719
2026-01-08 15:54:27,503 - INFO: Training ROC-AUC: 0.990338
2026-01-08 15:54:27,503 - INFO: Validation ROC-AUC: 0.638978
2026-01-08 15:54:44,053 - INFO: Evaluating at iteration 38102
2026-01-08 15:54:45,337 - INFO: Loss: 0.240981
2026-01-08 15:54:45,337 - INFO: Training ROC-AUC: 0.923077
2026-01-08 15:54:45,337 - INFO: Validation ROC-AUC: 0.640663
2026-01-08 15:55:01,855 - INFO: Evaluating at iteration 38602
2026-01-08 15:55:03,188 - INFO: Loss: 0.188502
2026-01-08 15:55:03,189 - INFO: Training ROC-AUC: 0.955556
2026-01-08 15:55:03,189 - INFO: Validation ROC-AUC: 0.645028
2026-01-08 15:55:08,279 - INFO: Starting epoch 19
2026-01-08 15:55:08,312 - INFO: Evaluating at iteration 38755
2026-01-08 15:55:09,598 - INFO: Loss: 0.141014
2026-01-08 15:55:09,599 - INFO: Training ROC-AUC: 0.990338
2026-01-08 15:55:09,599 - INFO: Validation ROC-AUC: 0.638803
2026-01-08 15:55:26,111 - INFO: Evaluating at iteration 39255
2026-01-08 15:55:27,395 - INFO: Loss: 0.161738
2026-01-08 15:55:27,395 - INFO: Training ROC-AUC: 0.933333
2026-01-08 15:55:27,395 - INFO: Validation ROC-AUC: 0.640843
2026-01-08 15:55:44,007 - INFO: Evaluating at iteration 39755
2026-01-08 15:55:45,290 - INFO: Loss: 0.200867
2026-01-08 15:55:45,290 - INFO: Training ROC-AUC: 0.961538
2026-01-08 15:55:45,290 - INFO: Validation ROC-AUC: 0.642560
2026-01-08 15:56:01,778 - INFO: Evaluating at iteration 40255
2026-01-08 15:56:03,103 - INFO: Loss: 0.203889
2026-01-08 15:56:03,103 - INFO: Training ROC-AUC: 0.961538
2026-01-08 15:56:03,104 - INFO: Validation ROC-AUC: 0.641201
2026-01-08 15:56:19,754 - INFO: Evaluating at iteration 40755
2026-01-08 15:56:21,045 - INFO: Loss: 0.177853
2026-01-08 15:56:21,045 - INFO: Training ROC-AUC: 0.962963
2026-01-08 15:56:21,045 - INFO: Validation ROC-AUC: 0.638539
2026-01-08 15:56:26,151 - INFO: Starting epoch 20
2026-01-08 15:56:26,188 - INFO: Evaluating at iteration 40908
2026-01-08 15:56:27,487 - INFO: Loss: 0.143175
2026-01-08 15:56:27,488 - INFO: Training ROC-AUC: 0.979167
2026-01-08 15:56:27,488 - INFO: Validation ROC-AUC: 0.642639
2026-01-08 15:56:44,259 - INFO: Evaluating at iteration 41408
2026-01-08 15:56:45,540 - INFO: Loss: 0.171238
2026-01-08 15:56:45,540 - INFO: Training ROC-AUC: 0.992593
2026-01-08 15:56:45,540 - INFO: Validation ROC-AUC: 0.646243
2026-01-08 15:57:02,248 - INFO: Evaluating at iteration 41908
2026-01-08 15:57:03,574 - INFO: Loss: 0.120202
2026-01-08 15:57:03,574 - INFO: Training ROC-AUC: 0.994286
2026-01-08 15:57:03,574 - INFO: Validation ROC-AUC: 0.641899
2026-01-08 15:57:20,516 - INFO: Evaluating at iteration 42408
2026-01-08 15:57:21,850 - INFO: Loss: 0.252378
2026-01-08 15:57:21,850 - INFO: Training ROC-AUC: 0.954286
2026-01-08 15:57:21,850 - INFO: Validation ROC-AUC: 0.636142
2026-01-08 15:57:39,384 - INFO: Evaluating at iteration 42908
2026-01-08 15:57:40,679 - INFO: Loss: 0.158892
2026-01-08 15:57:40,679 - INFO: Training ROC-AUC: 0.946429
2026-01-08 15:57:40,679 - INFO: Validation ROC-AUC: 0.639936
2026-01-08 15:57:46,030 - INFO: Starting epoch 21
2026-01-08 15:57:46,065 - INFO: Evaluating at iteration 43061
2026-01-08 15:57:47,364 - INFO: Loss: 0.364608
2026-01-08 15:57:47,364 - INFO: Training ROC-AUC: 0.846154
2026-01-08 15:57:47,364 - INFO: Validation ROC-AUC: 0.642150
2026-01-08 15:58:05,048 - INFO: Evaluating at iteration 43561
2026-01-08 15:58:06,424 - INFO: Loss: 0.250810
2026-01-08 15:58:06,424 - INFO: Training ROC-AUC: 0.910714
2026-01-08 15:58:06,424 - INFO: Validation ROC-AUC: 0.638980
2026-01-08 15:58:24,095 - INFO: Evaluating at iteration 44061
2026-01-08 15:58:25,383 - INFO: Loss: 0.136335
2026-01-08 15:58:25,383 - INFO: Training ROC-AUC: 0.987179
2026-01-08 15:58:25,383 - INFO: Validation ROC-AUC: 0.643058
2026-01-08 15:58:43,616 - INFO: Evaluating at iteration 44561
2026-01-08 15:58:44,975 - INFO: Loss: 0.168127
2026-01-08 15:58:44,975 - INFO: Training ROC-AUC: 0.970370
2026-01-08 15:58:44,975 - INFO: Validation ROC-AUC: 0.644515
2026-01-08 15:59:02,906 - INFO: Evaluating at iteration 45061
2026-01-08 15:59:04,199 - INFO: Loss: 0.140171
2026-01-08 15:59:04,199 - INFO: Training ROC-AUC: 0.970370
2026-01-08 15:59:04,199 - INFO: Validation ROC-AUC: 0.641995
2026-01-08 15:59:09,380 - INFO: Starting epoch 22
2026-01-08 15:59:09,413 - INFO: Evaluating at iteration 45214
2026-01-08 15:59:10,713 - INFO: Loss: 0.163428
2026-01-08 15:59:10,713 - INFO: Training ROC-AUC: 0.973214
2026-01-08 15:59:10,713 - INFO: Validation ROC-AUC: 0.641194
2026-01-08 15:59:27,958 - INFO: Evaluating at iteration 45714
2026-01-08 15:59:29,261 - INFO: Loss: 0.080804
2026-01-08 15:59:29,261 - INFO: Training ROC-AUC: 1.000000
2026-01-08 15:59:29,261 - INFO: Validation ROC-AUC: 0.642192
2026-01-08 15:59:46,579 - INFO: Evaluating at iteration 46214
2026-01-08 15:59:47,896 - INFO: Loss: 0.080467
2026-01-08 15:59:47,896 - INFO: Training ROC-AUC: 1.000000
2026-01-08 15:59:47,896 - INFO: Validation ROC-AUC: 0.640277
2026-01-08 16:00:05,569 - INFO: Evaluating at iteration 46714
2026-01-08 16:00:06,864 - INFO: Loss: 0.032381
2026-01-08 16:00:06,865 - INFO: Training ROC-AUC: 1.000000
2026-01-08 16:00:06,865 - INFO: Validation ROC-AUC: 0.636068
2026-01-08 16:00:24,503 - INFO: Evaluating at iteration 47214
2026-01-08 16:00:25,796 - INFO: Loss: 0.219958
2026-01-08 16:00:25,796 - INFO: Training ROC-AUC: 0.948718
2026-01-08 16:00:25,796 - INFO: Validation ROC-AUC: 0.639078
2026-01-08 16:00:31,154 - INFO: Starting epoch 23
2026-01-08 16:00:31,195 - INFO: Evaluating at iteration 47367
2026-01-08 16:00:32,486 - INFO: Loss: 0.076722
2026-01-08 16:00:32,487 - INFO: Training ROC-AUC: 1.000000
2026-01-08 16:00:32,487 - INFO: Validation ROC-AUC: 0.639280
2026-01-08 16:00:50,176 - INFO: Evaluating at iteration 47867
2026-01-08 16:00:51,506 - INFO: Loss: 0.197606
2026-01-08 16:00:51,506 - INFO: Training ROC-AUC: 0.948148
2026-01-08 16:00:51,506 - INFO: Validation ROC-AUC: 0.643595
2026-01-08 16:01:09,480 - INFO: Evaluating at iteration 48367
2026-01-08 16:01:10,774 - INFO: Loss: 0.167843
2026-01-08 16:01:10,774 - INFO: Training ROC-AUC: 0.955128
2026-01-08 16:01:10,774 - INFO: Validation ROC-AUC: 0.642622
2026-01-08 16:01:28,633 - INFO: Evaluating at iteration 48867
2026-01-08 16:01:29,920 - INFO: Loss: 0.159983
2026-01-08 16:01:29,920 - INFO: Training ROC-AUC: 0.971429
2026-01-08 16:01:29,920 - INFO: Validation ROC-AUC: 0.642674
2026-01-08 16:01:47,771 - INFO: Evaluating at iteration 49367
2026-01-08 16:01:49,064 - INFO: Loss: 0.177188
2026-01-08 16:01:49,064 - INFO: Training ROC-AUC: 0.946429
2026-01-08 16:01:49,064 - INFO: Validation ROC-AUC: 0.636433
2026-01-08 16:01:54,500 - INFO: Starting epoch 24
2026-01-08 16:01:54,533 - INFO: Evaluating at iteration 49520
2026-01-08 16:01:55,818 - INFO: Loss: 0.121994
2026-01-08 16:01:55,818 - INFO: Training ROC-AUC: 0.988571
2026-01-08 16:01:55,818 - INFO: Validation ROC-AUC: 0.637522
2026-01-08 16:02:13,792 - INFO: Evaluating at iteration 50020
2026-01-08 16:02:15,081 - INFO: Loss: 0.190068
2026-01-08 16:02:15,082 - INFO: Training ROC-AUC: 0.948718
2026-01-08 16:02:15,082 - INFO: Validation ROC-AUC: 0.639938
2026-01-08 16:02:32,905 - INFO: Evaluating at iteration 50520
2026-01-08 16:02:34,199 - INFO: Loss: 0.129416
2026-01-08 16:02:34,199 - INFO: Training ROC-AUC: 1.000000
2026-01-08 16:02:34,200 - INFO: Validation ROC-AUC: 0.639642
2026-01-08 16:02:52,211 - INFO: Evaluating at iteration 51020
2026-01-08 16:02:53,519 - INFO: Loss: 0.076218
2026-01-08 16:02:53,520 - INFO: Training ROC-AUC: 1.000000
2026-01-08 16:02:53,520 - INFO: Validation ROC-AUC: 0.640493
2026-01-08 16:03:11,440 - INFO: Evaluating at iteration 51520
2026-01-08 16:03:12,747 - INFO: Loss: 0.263769
2026-01-08 16:03:12,747 - INFO: Training ROC-AUC: 0.866667
2026-01-08 16:03:12,747 - INFO: Validation ROC-AUC: 0.638485
2026-01-08 16:03:18,300 - INFO: Starting epoch 25
2026-01-08 16:03:18,339 - INFO: Evaluating at iteration 51673
2026-01-08 16:03:19,637 - INFO: Loss: 0.110446
2026-01-08 16:03:19,637 - INFO: Training ROC-AUC: 1.000000
2026-01-08 16:03:19,637 - INFO: Validation ROC-AUC: 0.647961
2026-01-08 16:03:37,957 - INFO: Evaluating at iteration 52173
2026-01-08 16:03:39,244 - INFO: Loss: 0.062306
2026-01-08 16:03:39,244 - INFO: Training ROC-AUC: 1.000000
2026-01-08 16:03:39,244 - INFO: Validation ROC-AUC: 0.640895
2026-01-08 16:03:57,266 - INFO: Evaluating at iteration 52673
2026-01-08 16:03:58,600 - INFO: Loss: 0.087605
2026-01-08 16:03:58,600 - INFO: Training ROC-AUC: 1.000000
2026-01-08 16:03:58,600 - INFO: Validation ROC-AUC: 0.645077
2026-01-08 16:04:16,554 - INFO: Evaluating at iteration 53173
2026-01-08 16:04:17,844 - INFO: Loss: 0.087621
2026-01-08 16:04:17,845 - INFO: Training ROC-AUC: 1.000000
2026-01-08 16:04:17,845 - INFO: Validation ROC-AUC: 0.639736
2026-01-08 16:04:35,900 - INFO: Evaluating at iteration 53673
2026-01-08 16:04:37,185 - INFO: Loss: 0.132125
2026-01-08 16:04:37,185 - INFO: Training ROC-AUC: 0.916667
2026-01-08 16:04:37,185 - INFO: Validation ROC-AUC: 0.640967
2026-01-08 16:04:42,673 - INFO: Saving model to models/TCRStructMap_peptide_split/model_2.pt
2026-01-08 16:04:42,692 - INFO: Starting fold 3
2026-01-08 16:04:42,859 - INFO: Initialising model
2026-01-08 16:04:42,871 - INFO: Starting training
2026-01-08 16:04:42,872 - INFO: Starting epoch 1
2026-01-08 16:04:42,905 - INFO: Evaluating at iteration 1
2026-01-08 16:04:44,841 - INFO: Loss: 0.698012
2026-01-08 16:04:44,841 - INFO: Training ROC-AUC: 0.390625
2026-01-08 16:04:44,841 - INFO: Validation ROC-AUC: 0.467361
2026-01-08 16:04:59,906 - INFO: Evaluating at iteration 501
2026-01-08 16:05:01,845 - INFO: Loss: 0.220368
2026-01-08 16:05:01,845 - INFO: Training ROC-AUC: 0.873563
2026-01-08 16:05:01,845 - INFO: Validation ROC-AUC: 0.264832
2026-01-08 16:05:17,451 - INFO: Evaluating at iteration 1001
2026-01-08 16:05:19,394 - INFO: Loss: 0.276785
2026-01-08 16:05:19,395 - INFO: Training ROC-AUC: 0.942529
2026-01-08 16:05:19,395 - INFO: Validation ROC-AUC: 0.268679
2026-01-08 16:05:34,970 - INFO: Evaluating at iteration 1501
2026-01-08 16:05:36,909 - INFO: Loss: 0.209547
2026-01-08 16:05:36,909 - INFO: Training ROC-AUC: 0.862069
2026-01-08 16:05:36,910 - INFO: Validation ROC-AUC: 0.353271
2026-01-08 16:05:49,811 - INFO: Starting epoch 2
2026-01-08 16:05:49,843 - INFO: Evaluating at iteration 1920
2026-01-08 16:05:51,787 - INFO: Loss: 0.166721
2026-01-08 16:05:51,787 - INFO: Training ROC-AUC: 0.870968
2026-01-08 16:05:51,787 - INFO: Validation ROC-AUC: 0.406551
2026-01-08 16:06:07,156 - INFO: Evaluating at iteration 2420
2026-01-08 16:06:09,139 - INFO: Loss: 0.371061
2026-01-08 16:06:09,139 - INFO: Training ROC-AUC: 0.833333
2026-01-08 16:06:09,139 - INFO: Validation ROC-AUC: 0.425958
2026-01-08 16:06:24,523 - INFO: Evaluating at iteration 2920
2026-01-08 16:06:26,466 - INFO: Loss: 0.335702
2026-01-08 16:06:26,467 - INFO: Training ROC-AUC: 0.769231
2026-01-08 16:06:26,467 - INFO: Validation ROC-AUC: 0.446239
2026-01-08 16:06:41,550 - INFO: Evaluating at iteration 3420
2026-01-08 16:06:43,467 - INFO: Loss: 0.269944
2026-01-08 16:06:43,467 - INFO: Training ROC-AUC: 0.829630
2026-01-08 16:06:43,467 - INFO: Validation ROC-AUC: 0.455968
2026-01-08 16:06:56,109 - INFO: Starting epoch 3
2026-01-08 16:06:56,141 - INFO: Evaluating at iteration 3839
2026-01-08 16:06:58,086 - INFO: Loss: 0.426959
2026-01-08 16:06:58,086 - INFO: Training ROC-AUC: 0.817143
2026-01-08 16:06:58,086 - INFO: Validation ROC-AUC: 0.470427
2026-01-08 16:07:13,128 - INFO: Evaluating at iteration 4339
2026-01-08 16:07:15,042 - INFO: Loss: 0.169249
2026-01-08 16:07:15,042 - INFO: Training ROC-AUC: 1.000000
2026-01-08 16:07:15,042 - INFO: Validation ROC-AUC: 0.482941
2026-01-08 16:07:30,105 - INFO: Evaluating at iteration 4839
2026-01-08 16:07:32,013 - INFO: Loss: 0.410403
2026-01-08 16:07:32,013 - INFO: Training ROC-AUC: 0.781250
2026-01-08 16:07:32,013 - INFO: Validation ROC-AUC: 0.486758
2026-01-08 16:07:47,087 - INFO: Evaluating at iteration 5339
2026-01-08 16:07:48,991 - INFO: Loss: 0.416498
2026-01-08 16:07:48,991 - INFO: Training ROC-AUC: 0.940909
2026-01-08 16:07:48,991 - INFO: Validation ROC-AUC: 0.490066
2026-01-08 16:08:01,603 - INFO: Starting epoch 4
2026-01-08 16:08:01,634 - INFO: Evaluating at iteration 5758
2026-01-08 16:08:03,536 - INFO: Loss: 0.260617
2026-01-08 16:08:03,536 - INFO: Training ROC-AUC: 0.920000
2026-01-08 16:08:03,536 - INFO: Validation ROC-AUC: 0.497354
2026-01-08 16:08:18,945 - INFO: Evaluating at iteration 6258
2026-01-08 16:08:20,870 - INFO: Loss: 0.245157
2026-01-08 16:08:20,871 - INFO: Training ROC-AUC: 0.850575
2026-01-08 16:08:20,871 - INFO: Validation ROC-AUC: 0.502435
2026-01-08 16:08:36,686 - INFO: Evaluating at iteration 6758
2026-01-08 16:08:38,604 - INFO: Loss: 0.200804
2026-01-08 16:08:38,604 - INFO: Training ROC-AUC: 0.816667
2026-01-08 16:08:38,604 - INFO: Validation ROC-AUC: 0.507765
2026-01-08 16:08:53,980 - INFO: Evaluating at iteration 7258
2026-01-08 16:08:55,919 - INFO: Loss: 0.134813
2026-01-08 16:08:55,919 - INFO: Training ROC-AUC: 0.967742
2026-01-08 16:08:55,919 - INFO: Validation ROC-AUC: 0.517300
2026-01-08 16:09:08,798 - INFO: Starting epoch 5
2026-01-08 16:09:08,831 - INFO: Evaluating at iteration 7677
2026-01-08 16:09:10,773 - INFO: Loss: 0.461481
2026-01-08 16:09:10,773 - INFO: Training ROC-AUC: 0.845455
2026-01-08 16:09:10,773 - INFO: Validation ROC-AUC: 0.506341
2026-01-08 16:09:25,810 - INFO: Evaluating at iteration 8177
2026-01-08 16:09:27,718 - INFO: Loss: 0.231084
2026-01-08 16:09:27,718 - INFO: Training ROC-AUC: 0.955128
2026-01-08 16:09:27,718 - INFO: Validation ROC-AUC: 0.522250
2026-01-08 16:09:42,775 - INFO: Evaluating at iteration 8677
2026-01-08 16:09:44,706 - INFO: Loss: 0.320505
2026-01-08 16:09:44,707 - INFO: Training ROC-AUC: 0.735632
2026-01-08 16:09:44,707 - INFO: Validation ROC-AUC: 0.524026
2026-01-08 16:10:00,116 - INFO: Evaluating at iteration 9177
2026-01-08 16:10:02,063 - INFO: Loss: 0.321937
2026-01-08 16:10:02,063 - INFO: Training ROC-AUC: 0.880208
2026-01-08 16:10:02,063 - INFO: Validation ROC-AUC: 0.518487
2026-01-08 16:10:14,913 - INFO: Starting epoch 6
2026-01-08 16:10:14,946 - INFO: Evaluating at iteration 9596
2026-01-08 16:10:16,880 - INFO: Loss: 0.291521
2026-01-08 16:10:16,880 - INFO: Training ROC-AUC: 0.910256
2026-01-08 16:10:16,880 - INFO: Validation ROC-AUC: 0.527034
2026-01-08 16:10:32,378 - INFO: Evaluating at iteration 10096
2026-01-08 16:10:34,323 - INFO: Loss: 0.271343
2026-01-08 16:10:34,324 - INFO: Training ROC-AUC: 0.910256
2026-01-08 16:10:34,324 - INFO: Validation ROC-AUC: 0.527609
2026-01-08 16:10:49,635 - INFO: Evaluating at iteration 10596
2026-01-08 16:10:51,545 - INFO: Loss: 0.121337
2026-01-08 16:10:51,545 - INFO: Training ROC-AUC: 0.870968
2026-01-08 16:10:51,545 - INFO: Validation ROC-AUC: 0.534212
2026-01-08 16:11:06,683 - INFO: Evaluating at iteration 11096
2026-01-08 16:11:08,588 - INFO: Loss: 0.281024
2026-01-08 16:11:08,588 - INFO: Training ROC-AUC: 0.857143
2026-01-08 16:11:08,588 - INFO: Validation ROC-AUC: 0.543840
2026-01-08 16:11:21,159 - INFO: Starting epoch 7
2026-01-08 16:11:21,190 - INFO: Evaluating at iteration 11515
2026-01-08 16:11:23,099 - INFO: Loss: 0.216354
2026-01-08 16:11:23,099 - INFO: Training ROC-AUC: 0.827586
2026-01-08 16:11:23,099 - INFO: Validation ROC-AUC: 0.536098
2026-01-08 16:11:38,411 - INFO: Evaluating at iteration 12015
2026-01-08 16:11:40,353 - INFO: Loss: 0.253614
2026-01-08 16:11:40,353 - INFO: Training ROC-AUC: 0.908046
2026-01-08 16:11:40,353 - INFO: Validation ROC-AUC: 0.532268
2026-01-08 16:11:55,651 - INFO: Evaluating at iteration 12515
2026-01-08 16:11:57,582 - INFO: Loss: 0.227831
2026-01-08 16:11:57,582 - INFO: Training ROC-AUC: 0.925926
2026-01-08 16:11:57,582 - INFO: Validation ROC-AUC: 0.562036
2026-01-08 16:12:12,957 - INFO: Evaluating at iteration 13015
2026-01-08 16:12:14,902 - INFO: Loss: 0.131118
2026-01-08 16:12:14,902 - INFO: Training ROC-AUC: 1.000000
2026-01-08 16:12:14,902 - INFO: Validation ROC-AUC: 0.543836
2026-01-08 16:12:27,918 - INFO: Starting epoch 8
2026-01-08 16:12:27,951 - INFO: Evaluating at iteration 13434
2026-01-08 16:12:29,881 - INFO: Loss: 0.181325
2026-01-08 16:12:29,881 - INFO: Training ROC-AUC: 0.987179
2026-01-08 16:12:29,881 - INFO: Validation ROC-AUC: 0.542088
2026-01-08 16:12:45,520 - INFO: Evaluating at iteration 13934
2026-01-08 16:12:47,452 - INFO: Loss: 0.363726
2026-01-08 16:12:47,452 - INFO: Training ROC-AUC: 0.891429
2026-01-08 16:12:47,452 - INFO: Validation ROC-AUC: 0.541549
2026-01-08 16:13:02,790 - INFO: Evaluating at iteration 14434
2026-01-08 16:13:04,725 - INFO: Loss: 0.260996
2026-01-08 16:13:04,725 - INFO: Training ROC-AUC: 0.910256
2026-01-08 16:13:04,725 - INFO: Validation ROC-AUC: 0.557781
2026-01-08 16:13:20,009 - INFO: Evaluating at iteration 14934
2026-01-08 16:13:21,918 - INFO: Loss: 0.147269
2026-01-08 16:13:21,918 - INFO: Training ROC-AUC: 0.993590
2026-01-08 16:13:21,918 - INFO: Validation ROC-AUC: 0.552214
2026-01-08 16:13:34,892 - INFO: Starting epoch 9
2026-01-08 16:13:34,925 - INFO: Evaluating at iteration 15353
2026-01-08 16:13:36,855 - INFO: Loss: 0.144338
2026-01-08 16:13:36,855 - INFO: Training ROC-AUC: 0.935484
2026-01-08 16:13:36,855 - INFO: Validation ROC-AUC: 0.564791
2026-01-08 16:13:52,543 - INFO: Evaluating at iteration 15853
2026-01-08 16:13:54,449 - INFO: Loss: 0.263226
2026-01-08 16:13:54,449 - INFO: Training ROC-AUC: 0.859259
2026-01-08 16:13:54,449 - INFO: Validation ROC-AUC: 0.565860
2026-01-08 16:14:09,796 - INFO: Evaluating at iteration 16353
2026-01-08 16:14:11,700 - INFO: Loss: 0.285953
2026-01-08 16:14:11,700 - INFO: Training ROC-AUC: 0.982684
2026-01-08 16:14:11,700 - INFO: Validation ROC-AUC: 0.596972
2026-01-08 16:14:27,283 - INFO: Evaluating at iteration 16853
2026-01-08 16:14:29,219 - INFO: Loss: 0.270397
2026-01-08 16:14:29,219 - INFO: Training ROC-AUC: 0.903704
2026-01-08 16:14:29,219 - INFO: Validation ROC-AUC: 0.593439
2026-01-08 16:14:42,288 - INFO: Starting epoch 10
2026-01-08 16:14:42,321 - INFO: Evaluating at iteration 17272
2026-01-08 16:14:44,224 - INFO: Loss: 0.324678
2026-01-08 16:14:44,224 - INFO: Training ROC-AUC: 0.951691
2026-01-08 16:14:44,224 - INFO: Validation ROC-AUC: 0.560893
2026-01-08 16:14:59,633 - INFO: Evaluating at iteration 17772
2026-01-08 16:15:01,538 - INFO: Loss: 0.236038
2026-01-08 16:15:01,539 - INFO: Training ROC-AUC: 0.933333
2026-01-08 16:15:01,539 - INFO: Validation ROC-AUC: 0.585907
2026-01-08 16:15:17,278 - INFO: Evaluating at iteration 18272
2026-01-08 16:15:19,237 - INFO: Loss: 0.331713
2026-01-08 16:15:19,237 - INFO: Training ROC-AUC: 0.901042
2026-01-08 16:15:19,237 - INFO: Validation ROC-AUC: 0.581926
2026-01-08 16:15:34,805 - INFO: Evaluating at iteration 18772
2026-01-08 16:15:36,737 - INFO: Loss: 0.122667
2026-01-08 16:15:36,737 - INFO: Training ROC-AUC: 1.000000
2026-01-08 16:15:36,737 - INFO: Validation ROC-AUC: 0.588778
2026-01-08 16:15:49,846 - INFO: Starting epoch 11
2026-01-08 16:15:49,878 - INFO: Evaluating at iteration 19191
2026-01-08 16:15:51,786 - INFO: Loss: 0.380942
2026-01-08 16:15:51,786 - INFO: Training ROC-AUC: 0.796875
2026-01-08 16:15:51,786 - INFO: Validation ROC-AUC: 0.565987
2026-01-08 16:16:07,561 - INFO: Evaluating at iteration 19691
2026-01-08 16:16:09,526 - INFO: Loss: 0.125276
2026-01-08 16:16:09,529 - INFO: Training ROC-AUC: 1.000000
2026-01-08 16:16:09,529 - INFO: Validation ROC-AUC: 0.606454
2026-01-08 16:16:25,201 - INFO: Evaluating at iteration 20191
2026-01-08 16:16:27,111 - INFO: Loss: 0.239862
2026-01-08 16:16:27,111 - INFO: Training ROC-AUC: 1.000000
2026-01-08 16:16:27,111 - INFO: Validation ROC-AUC: 0.607891
2026-01-08 16:16:42,620 - INFO: Evaluating at iteration 20691
2026-01-08 16:16:44,534 - INFO: Loss: 0.193992
2026-01-08 16:16:44,534 - INFO: Training ROC-AUC: 0.948571
2026-01-08 16:16:44,535 - INFO: Validation ROC-AUC: 0.581536
2026-01-08 16:16:57,579 - INFO: Starting epoch 12
2026-01-08 16:16:57,611 - INFO: Evaluating at iteration 21110
2026-01-08 16:16:59,542 - INFO: Loss: 0.209222
2026-01-08 16:16:59,543 - INFO: Training ROC-AUC: 0.955556
2026-01-08 16:16:59,543 - INFO: Validation ROC-AUC: 0.611852
2026-01-08 16:17:15,324 - INFO: Evaluating at iteration 21610
2026-01-08 16:17:17,251 - INFO: Loss: 0.178750
2026-01-08 16:17:17,251 - INFO: Training ROC-AUC: 0.964286
2026-01-08 16:17:17,251 - INFO: Validation ROC-AUC: 0.574497
2026-01-08 16:17:32,683 - INFO: Evaluating at iteration 22110
2026-01-08 16:17:34,587 - INFO: Loss: 0.152109
2026-01-08 16:17:34,587 - INFO: Training ROC-AUC: 0.993590
2026-01-08 16:17:34,587 - INFO: Validation ROC-AUC: 0.604949
2026-01-08 16:17:50,270 - INFO: Evaluating at iteration 22610
2026-01-08 16:17:52,202 - INFO: Loss: 0.177180
2026-01-08 16:17:52,202 - INFO: Training ROC-AUC: 0.931034
2026-01-08 16:17:52,202 - INFO: Validation ROC-AUC: 0.588038
2026-01-08 16:18:05,330 - INFO: Starting epoch 13
2026-01-08 16:18:05,363 - INFO: Evaluating at iteration 23029
2026-01-08 16:18:07,287 - INFO: Loss: 0.101080
2026-01-08 16:18:07,287 - INFO: Training ROC-AUC: 0.954023
2026-01-08 16:18:07,287 - INFO: Validation ROC-AUC: 0.592073
2026-01-08 16:18:23,061 - INFO: Evaluating at iteration 23529
2026-01-08 16:18:25,014 - INFO: Loss: 0.213086
2026-01-08 16:18:25,014 - INFO: Training ROC-AUC: 0.954286
2026-01-08 16:18:25,015 - INFO: Validation ROC-AUC: 0.605869
2026-01-08 16:18:40,823 - INFO: Evaluating at iteration 24029
2026-01-08 16:18:42,741 - INFO: Loss: 0.164764
2026-01-08 16:18:42,741 - INFO: Training ROC-AUC: 0.964286
2026-01-08 16:18:42,741 - INFO: Validation ROC-AUC: 0.623224
2026-01-08 16:18:58,198 - INFO: Evaluating at iteration 24529
2026-01-08 16:19:00,099 - INFO: Loss: 0.222531
2026-01-08 16:19:00,099 - INFO: Training ROC-AUC: 0.892857
2026-01-08 16:19:00,099 - INFO: Validation ROC-AUC: 0.631557
2026-01-08 16:19:13,062 - INFO: Starting epoch 14
2026-01-08 16:19:13,094 - INFO: Evaluating at iteration 24948
2026-01-08 16:19:15,014 - INFO: Loss: 0.130431
2026-01-08 16:19:15,014 - INFO: Training ROC-AUC: 0.993590
2026-01-08 16:19:15,014 - INFO: Validation ROC-AUC: 0.580489
2026-01-08 16:19:30,480 - INFO: Evaluating at iteration 25448
2026-01-08 16:19:32,390 - INFO: Loss: 0.320507
2026-01-08 16:19:32,390 - INFO: Training ROC-AUC: 0.871795
2026-01-08 16:19:32,390 - INFO: Validation ROC-AUC: 0.592852
2026-01-08 16:19:48,034 - INFO: Evaluating at iteration 25948
2026-01-08 16:19:49,963 - INFO: Loss: 0.261787
2026-01-08 16:19:49,963 - INFO: Training ROC-AUC: 0.896296
2026-01-08 16:19:49,963 - INFO: Validation ROC-AUC: 0.604312
2026-01-08 16:20:05,770 - INFO: Evaluating at iteration 26448
2026-01-08 16:20:07,701 - INFO: Loss: 0.258608
2026-01-08 16:20:07,701 - INFO: Training ROC-AUC: 0.955128
2026-01-08 16:20:07,701 - INFO: Validation ROC-AUC: 0.626276
2026-01-08 16:20:20,899 - INFO: Starting epoch 15
2026-01-08 16:20:20,932 - INFO: Evaluating at iteration 26867
2026-01-08 16:20:22,860 - INFO: Loss: 0.326653
2026-01-08 16:20:22,860 - INFO: Training ROC-AUC: 0.931429
2026-01-08 16:20:22,860 - INFO: Validation ROC-AUC: 0.610383
2026-01-08 16:20:38,592 - INFO: Evaluating at iteration 27367
2026-01-08 16:20:40,490 - INFO: Loss: 0.138461
2026-01-08 16:20:40,490 - INFO: Training ROC-AUC: 1.000000
2026-01-08 16:20:40,490 - INFO: Validation ROC-AUC: 0.616096
2026-01-08 16:20:56,050 - INFO: Evaluating at iteration 27867
2026-01-08 16:20:57,949 - INFO: Loss: 0.045539
2026-01-08 16:20:57,949 - INFO: Training ROC-AUC: 1.000000
2026-01-08 16:20:57,949 - INFO: Validation ROC-AUC: 0.625740
2026-01-08 16:21:13,585 - INFO: Evaluating at iteration 28367
2026-01-08 16:21:15,552 - INFO: Loss: 0.240615
2026-01-08 16:21:15,553 - INFO: Training ROC-AUC: 0.961039
2026-01-08 16:21:15,553 - INFO: Validation ROC-AUC: 0.601444
2026-01-08 16:21:28,812 - INFO: Starting epoch 16
2026-01-08 16:21:28,844 - INFO: Evaluating at iteration 28786
2026-01-08 16:21:30,757 - INFO: Loss: 0.094666
2026-01-08 16:21:30,758 - INFO: Training ROC-AUC: 1.000000
2026-01-08 16:21:30,758 - INFO: Validation ROC-AUC: 0.616757
2026-01-08 16:21:46,382 - INFO: Evaluating at iteration 29286
2026-01-08 16:21:48,288 - INFO: Loss: 0.197678
2026-01-08 16:21:48,288 - INFO: Training ROC-AUC: 0.964286
2026-01-08 16:21:48,288 - INFO: Validation ROC-AUC: 0.620048
2026-01-08 16:22:04,090 - INFO: Evaluating at iteration 29786
2026-01-08 16:22:05,999 - INFO: Loss: 0.172432
2026-01-08 16:22:06,000 - INFO: Training ROC-AUC: 0.961538
2026-01-08 16:22:06,000 - INFO: Validation ROC-AUC: 0.633060
2026-01-08 16:22:21,843 - INFO: Evaluating at iteration 30286
2026-01-08 16:22:23,763 - INFO: Loss: 0.075179
2026-01-08 16:22:23,763 - INFO: Training ROC-AUC: 1.000000
2026-01-08 16:22:23,763 - INFO: Validation ROC-AUC: 0.625207
2026-01-08 16:22:37,001 - INFO: Starting epoch 17
2026-01-08 16:22:37,034 - INFO: Evaluating at iteration 30705
2026-01-08 16:22:38,951 - INFO: Loss: 0.213820
2026-01-08 16:22:38,951 - INFO: Training ROC-AUC: 0.989583
2026-01-08 16:22:38,951 - INFO: Validation ROC-AUC: 0.645636
2026-01-08 16:22:54,769 - INFO: Evaluating at iteration 31205
2026-01-08 16:22:56,673 - INFO: Loss: 0.154943
2026-01-08 16:22:56,673 - INFO: Training ROC-AUC: 0.933333
2026-01-08 16:22:56,673 - INFO: Validation ROC-AUC: 0.605857
2026-01-08 16:23:12,747 - INFO: Evaluating at iteration 31705
2026-01-08 16:23:14,652 - INFO: Loss: 0.307262
2026-01-08 16:23:14,653 - INFO: Training ROC-AUC: 0.857143
2026-01-08 16:23:14,653 - INFO: Validation ROC-AUC: 0.637692
2026-01-08 16:23:30,662 - INFO: Evaluating at iteration 32205
2026-01-08 16:23:32,564 - INFO: Loss: 0.220846
2026-01-08 16:23:32,564 - INFO: Training ROC-AUC: 0.966184
2026-01-08 16:23:32,564 - INFO: Validation ROC-AUC: 0.641688
2026-01-08 16:23:45,841 - INFO: Starting epoch 18
2026-01-08 16:23:45,873 - INFO: Evaluating at iteration 32624
2026-01-08 16:23:47,775 - INFO: Loss: 0.163725
2026-01-08 16:23:47,775 - INFO: Training ROC-AUC: 0.977143
2026-01-08 16:23:47,775 - INFO: Validation ROC-AUC: 0.629739
2026-01-08 16:24:03,812 - INFO: Evaluating at iteration 33124
2026-01-08 16:24:05,718 - INFO: Loss: 0.255015
2026-01-08 16:24:05,718 - INFO: Training ROC-AUC: 0.903704
2026-01-08 16:24:05,718 - INFO: Validation ROC-AUC: 0.645666
2026-01-08 16:24:21,900 - INFO: Evaluating at iteration 33624
2026-01-08 16:24:23,813 - INFO: Loss: 0.234462
2026-01-08 16:24:23,814 - INFO: Training ROC-AUC: 0.935897
2026-01-08 16:24:23,814 - INFO: Validation ROC-AUC: 0.676572
2026-01-08 16:24:40,065 - INFO: Evaluating at iteration 34124
2026-01-08 16:24:41,987 - INFO: Loss: 0.252486
2026-01-08 16:24:41,987 - INFO: Training ROC-AUC: 0.948718
2026-01-08 16:24:41,987 - INFO: Validation ROC-AUC: 0.656630
2026-01-08 16:24:55,707 - INFO: Starting epoch 19
2026-01-08 16:24:55,740 - INFO: Evaluating at iteration 34543
2026-01-08 16:24:57,646 - INFO: Loss: 0.116809
2026-01-08 16:24:57,647 - INFO: Training ROC-AUC: 0.985185
2026-01-08 16:24:57,647 - INFO: Validation ROC-AUC: 0.665686
2026-01-08 16:25:14,375 - INFO: Evaluating at iteration 35043
2026-01-08 16:25:16,284 - INFO: Loss: 0.263555
2026-01-08 16:25:16,284 - INFO: Training ROC-AUC: 0.968750
2026-01-08 16:25:16,284 - INFO: Validation ROC-AUC: 0.656577
2026-01-08 16:25:32,643 - INFO: Evaluating at iteration 35543
2026-01-08 16:25:34,582 - INFO: Loss: 0.143453
2026-01-08 16:25:34,582 - INFO: Training ROC-AUC: 0.964286
2026-01-08 16:25:34,582 - INFO: Validation ROC-AUC: 0.662741
2026-01-08 16:25:51,115 - INFO: Evaluating at iteration 36043
2026-01-08 16:25:53,023 - INFO: Loss: 0.265741
2026-01-08 16:25:53,023 - INFO: Training ROC-AUC: 0.866667
2026-01-08 16:25:53,023 - INFO: Validation ROC-AUC: 0.620796
2026-01-08 16:26:06,979 - INFO: Starting epoch 20
2026-01-08 16:26:07,014 - INFO: Evaluating at iteration 36462
2026-01-08 16:26:08,918 - INFO: Loss: 0.139417
2026-01-08 16:26:08,918 - INFO: Training ROC-AUC: 0.970370
2026-01-08 16:26:08,918 - INFO: Validation ROC-AUC: 0.638432
2026-01-08 16:26:25,720 - INFO: Evaluating at iteration 36962
2026-01-08 16:26:27,628 - INFO: Loss: 0.167638
2026-01-08 16:26:27,628 - INFO: Training ROC-AUC: 0.967949
2026-01-08 16:26:27,628 - INFO: Validation ROC-AUC: 0.642194
2026-01-08 16:26:44,440 - INFO: Evaluating at iteration 37462
2026-01-08 16:26:46,338 - INFO: Loss: 0.198406
2026-01-08 16:26:46,338 - INFO: Training ROC-AUC: 0.967949
2026-01-08 16:26:46,338 - INFO: Validation ROC-AUC: 0.644992
2026-01-08 16:27:03,206 - INFO: Evaluating at iteration 37962
2026-01-08 16:27:05,114 - INFO: Loss: 0.252766
2026-01-08 16:27:05,114 - INFO: Training ROC-AUC: 0.892857
2026-01-08 16:27:05,115 - INFO: Validation ROC-AUC: 0.652903
2026-01-08 16:27:19,157 - INFO: Starting epoch 21
2026-01-08 16:27:19,189 - INFO: Evaluating at iteration 38381
2026-01-08 16:27:21,094 - INFO: Loss: 0.154140
2026-01-08 16:27:21,094 - INFO: Training ROC-AUC: 1.000000
2026-01-08 16:27:21,094 - INFO: Validation ROC-AUC: 0.660563
2026-01-08 16:27:38,125 - INFO: Evaluating at iteration 38881
2026-01-08 16:27:40,052 - INFO: Loss: 0.241364
2026-01-08 16:27:40,052 - INFO: Training ROC-AUC: 0.888889
2026-01-08 16:27:40,052 - INFO: Validation ROC-AUC: 0.638129
2026-01-08 16:27:57,213 - INFO: Evaluating at iteration 39381
2026-01-08 16:27:59,117 - INFO: Loss: 0.138464
2026-01-08 16:27:59,118 - INFO: Training ROC-AUC: 0.977143
2026-01-08 16:27:59,118 - INFO: Validation ROC-AUC: 0.651467
2026-01-08 16:28:16,470 - INFO: Evaluating at iteration 39881
2026-01-08 16:28:18,384 - INFO: Loss: 0.118547
2026-01-08 16:28:18,384 - INFO: Training ROC-AUC: 1.000000
2026-01-08 16:28:18,384 - INFO: Validation ROC-AUC: 0.673298
2026-01-08 16:28:32,903 - INFO: Starting epoch 22
2026-01-08 16:28:32,942 - INFO: Evaluating at iteration 40300
2026-01-08 16:28:34,880 - INFO: Loss: 0.203188
2026-01-08 16:28:34,880 - INFO: Training ROC-AUC: 0.948148
2026-01-08 16:28:34,880 - INFO: Validation ROC-AUC: 0.649803
2026-01-08 16:28:52,722 - INFO: Evaluating at iteration 40800
2026-01-08 16:28:54,681 - INFO: Loss: 0.190513
2026-01-08 16:28:54,681 - INFO: Training ROC-AUC: 0.955556
2026-01-08 16:28:54,681 - INFO: Validation ROC-AUC: 0.640168
2026-01-08 16:29:12,396 - INFO: Evaluating at iteration 41300
2026-01-08 16:29:14,330 - INFO: Loss: 0.110045
2026-01-08 16:29:14,330 - INFO: Training ROC-AUC: 1.000000
2026-01-08 16:29:14,330 - INFO: Validation ROC-AUC: 0.663074
2026-01-08 16:29:32,281 - INFO: Evaluating at iteration 41800
2026-01-08 16:29:34,186 - INFO: Loss: 0.181496
2026-01-08 16:29:34,186 - INFO: Training ROC-AUC: 0.948148
2026-01-08 16:29:34,186 - INFO: Validation ROC-AUC: 0.652408
2026-01-08 16:29:49,197 - INFO: Starting epoch 23
2026-01-08 16:29:49,230 - INFO: Evaluating at iteration 42219
2026-01-08 16:29:51,132 - INFO: Loss: 0.179749
2026-01-08 16:29:51,132 - INFO: Training ROC-AUC: 0.984375
2026-01-08 16:29:51,132 - INFO: Validation ROC-AUC: 0.649379
2026-01-08 16:30:09,436 - INFO: Evaluating at iteration 42719
2026-01-08 16:30:11,361 - INFO: Loss: 0.050104
2026-01-08 16:30:11,361 - INFO: Training ROC-AUC: nan
2026-01-08 16:30:11,361 - INFO: Validation ROC-AUC: 0.681411
2026-01-08 16:30:30,057 - INFO: Evaluating at iteration 43219
2026-01-08 16:30:31,997 - INFO: Loss: 0.156581
2026-01-08 16:30:31,997 - INFO: Training ROC-AUC: 0.977143
2026-01-08 16:30:31,997 - INFO: Validation ROC-AUC: 0.621869
2026-01-08 16:30:50,929 - INFO: Evaluating at iteration 43719
2026-01-08 16:30:52,856 - INFO: Loss: 0.163104
2026-01-08 16:30:52,856 - INFO: Training ROC-AUC: 0.988571
2026-01-08 16:30:52,856 - INFO: Validation ROC-AUC: 0.639595
2026-01-08 16:31:08,360 - INFO: Starting epoch 24
2026-01-08 16:31:08,396 - INFO: Evaluating at iteration 44138
2026-01-08 16:31:10,317 - INFO: Loss: 0.155250
2026-01-08 16:31:10,317 - INFO: Training ROC-AUC: 1.000000
2026-01-08 16:31:10,317 - INFO: Validation ROC-AUC: 0.645427
2026-01-08 16:31:29,114 - INFO: Evaluating at iteration 44638
2026-01-08 16:31:31,037 - INFO: Loss: 0.142783
2026-01-08 16:31:31,038 - INFO: Training ROC-AUC: 0.965517
2026-01-08 16:31:31,038 - INFO: Validation ROC-AUC: 0.639732
2026-01-08 16:31:49,775 - INFO: Evaluating at iteration 45138
2026-01-08 16:31:51,703 - INFO: Loss: 0.093138
2026-01-08 16:31:51,704 - INFO: Training ROC-AUC: 1.000000
2026-01-08 16:31:51,704 - INFO: Validation ROC-AUC: 0.632251
2026-01-08 16:32:10,595 - INFO: Evaluating at iteration 45638
2026-01-08 16:32:12,507 - INFO: Loss: 0.094001
2026-01-08 16:32:12,507 - INFO: Training ROC-AUC: 0.988506
2026-01-08 16:32:12,507 - INFO: Validation ROC-AUC: 0.651298
2026-01-08 16:32:28,155 - INFO: Starting epoch 25
2026-01-08 16:32:28,195 - INFO: Evaluating at iteration 46057
2026-01-08 16:32:30,126 - INFO: Loss: 0.098422
2026-01-08 16:32:30,126 - INFO: Training ROC-AUC: 1.000000
2026-01-08 16:32:30,126 - INFO: Validation ROC-AUC: 0.660428
2026-01-08 16:32:49,273 - INFO: Evaluating at iteration 46557
2026-01-08 16:32:51,213 - INFO: Loss: 0.155343
2026-01-08 16:32:51,213 - INFO: Training ROC-AUC: 0.994286
2026-01-08 16:32:51,213 - INFO: Validation ROC-AUC: 0.656663
2026-01-08 16:33:10,044 - INFO: Evaluating at iteration 47057
2026-01-08 16:33:11,951 - INFO: Loss: 0.085737
2026-01-08 16:33:11,952 - INFO: Training ROC-AUC: 1.000000
2026-01-08 16:33:11,952 - INFO: Validation ROC-AUC: 0.639821
2026-01-08 16:33:30,671 - INFO: Evaluating at iteration 47557
2026-01-08 16:33:32,638 - INFO: Loss: 0.071093
2026-01-08 16:33:32,638 - INFO: Training ROC-AUC: 1.000000
2026-01-08 16:33:32,638 - INFO: Validation ROC-AUC: 0.658101
2026-01-08 16:33:48,726 - INFO: Saving model to models/TCRStructMap_peptide_split/model_3.pt
2026-01-08 16:33:48,753 - INFO: Starting fold 4
2026-01-08 16:33:48,841 - INFO: Initialising model
2026-01-08 16:33:48,854 - INFO: Starting training
2026-01-08 16:33:48,854 - INFO: Starting epoch 1
2026-01-08 16:33:48,888 - INFO: Evaluating at iteration 1
2026-01-08 16:33:50,036 - INFO: Loss: 0.684767
2026-01-08 16:33:50,036 - INFO: Training ROC-AUC: 0.629630
2026-01-08 16:33:50,036 - INFO: Validation ROC-AUC: 0.537686
2026-01-08 16:34:04,876 - INFO: Evaluating at iteration 501
2026-01-08 16:34:06,009 - INFO: Loss: 0.495553
2026-01-08 16:34:06,009 - INFO: Training ROC-AUC: 0.512821
2026-01-08 16:34:06,010 - INFO: Validation ROC-AUC: 0.409071
2026-01-08 16:34:21,322 - INFO: Evaluating at iteration 1001
2026-01-08 16:34:22,493 - INFO: Loss: 0.361740
2026-01-08 16:34:22,493 - INFO: Training ROC-AUC: 0.669643
2026-01-08 16:34:22,493 - INFO: Validation ROC-AUC: 0.408160
2026-01-08 16:34:37,880 - INFO: Evaluating at iteration 1501
2026-01-08 16:34:39,036 - INFO: Loss: 0.384689
2026-01-08 16:34:39,036 - INFO: Training ROC-AUC: 0.807692
2026-01-08 16:34:39,036 - INFO: Validation ROC-AUC: 0.569531
2026-01-08 16:34:53,958 - INFO: Evaluating at iteration 2001
2026-01-08 16:34:55,088 - INFO: Loss: 0.441866
2026-01-08 16:34:55,088 - INFO: Training ROC-AUC: 0.725714
2026-01-08 16:34:55,088 - INFO: Validation ROC-AUC: 0.592186
2026-01-08 16:35:01,163 - INFO: Starting epoch 2
2026-01-08 16:35:01,195 - INFO: Evaluating at iteration 2206
2026-01-08 16:35:02,320 - INFO: Loss: 0.247398
2026-01-08 16:35:02,320 - INFO: Training ROC-AUC: 0.781609
2026-01-08 16:35:02,320 - INFO: Validation ROC-AUC: 0.594402
2026-01-08 16:35:17,348 - INFO: Evaluating at iteration 2706
2026-01-08 16:35:18,512 - INFO: Loss: 0.490325
2026-01-08 16:35:18,512 - INFO: Training ROC-AUC: 0.776042
2026-01-08 16:35:18,512 - INFO: Validation ROC-AUC: 0.608175
2026-01-08 16:35:33,760 - INFO: Evaluating at iteration 3206
2026-01-08 16:35:34,896 - INFO: Loss: 0.333224
2026-01-08 16:35:34,896 - INFO: Training ROC-AUC: 0.776786
2026-01-08 16:35:34,896 - INFO: Validation ROC-AUC: 0.619062
2026-01-08 16:35:50,042 - INFO: Evaluating at iteration 3706
2026-01-08 16:35:51,190 - INFO: Loss: 0.221171
2026-01-08 16:35:51,191 - INFO: Training ROC-AUC: 0.960000
2026-01-08 16:35:51,191 - INFO: Validation ROC-AUC: 0.624016
2026-01-08 16:36:06,305 - INFO: Evaluating at iteration 4206
2026-01-08 16:36:07,461 - INFO: Loss: 0.347984
2026-01-08 16:36:07,462 - INFO: Training ROC-AUC: 0.908571
2026-01-08 16:36:07,462 - INFO: Validation ROC-AUC: 0.640410
2026-01-08 16:36:13,786 - INFO: Starting epoch 3
2026-01-08 16:36:13,818 - INFO: Evaluating at iteration 4411
2026-01-08 16:36:14,960 - INFO: Loss: 0.360512
2026-01-08 16:36:14,960 - INFO: Training ROC-AUC: 0.864583
2026-01-08 16:36:14,960 - INFO: Validation ROC-AUC: 0.645529
2026-01-08 16:36:30,184 - INFO: Evaluating at iteration 4911
2026-01-08 16:36:31,321 - INFO: Loss: 0.198743
2026-01-08 16:36:31,321 - INFO: Training ROC-AUC: 0.932292
2026-01-08 16:36:31,321 - INFO: Validation ROC-AUC: 0.641995
2026-01-08 16:36:46,388 - INFO: Evaluating at iteration 5411
2026-01-08 16:36:47,531 - INFO: Loss: 0.259660
2026-01-08 16:36:47,531 - INFO: Training ROC-AUC: 0.829630
2026-01-08 16:36:47,531 - INFO: Validation ROC-AUC: 0.660538
2026-01-08 16:37:02,832 - INFO: Evaluating at iteration 5911
2026-01-08 16:37:03,980 - INFO: Loss: 0.421811
2026-01-08 16:37:03,980 - INFO: Training ROC-AUC: 0.732143
2026-01-08 16:37:03,980 - INFO: Validation ROC-AUC: 0.655105
2026-01-08 16:37:19,317 - INFO: Evaluating at iteration 6411
2026-01-08 16:37:20,448 - INFO: Loss: 0.308502
2026-01-08 16:37:20,448 - INFO: Training ROC-AUC: 0.846154
2026-01-08 16:37:20,448 - INFO: Validation ROC-AUC: 0.671501
2026-01-08 16:37:26,610 - INFO: Starting epoch 4
2026-01-08 16:37:26,642 - INFO: Evaluating at iteration 6616
2026-01-08 16:37:27,770 - INFO: Loss: 0.127052
2026-01-08 16:37:27,770 - INFO: Training ROC-AUC: 0.966667
2026-01-08 16:37:27,770 - INFO: Validation ROC-AUC: 0.676102
2026-01-08 16:37:43,083 - INFO: Evaluating at iteration 7116
2026-01-08 16:37:44,256 - INFO: Loss: 0.247127
2026-01-08 16:37:44,257 - INFO: Training ROC-AUC: 0.816092
2026-01-08 16:37:44,257 - INFO: Validation ROC-AUC: 0.651872
2026-01-08 16:37:59,696 - INFO: Evaluating at iteration 7616
2026-01-08 16:38:00,839 - INFO: Loss: 0.183145
2026-01-08 16:38:00,839 - INFO: Training ROC-AUC: 0.982143
2026-01-08 16:38:00,839 - INFO: Validation ROC-AUC: 0.653808
2026-01-08 16:38:16,195 - INFO: Evaluating at iteration 8116
2026-01-08 16:38:17,340 - INFO: Loss: 0.231596
2026-01-08 16:38:17,341 - INFO: Training ROC-AUC: 0.901786
2026-01-08 16:38:17,341 - INFO: Validation ROC-AUC: 0.666477
2026-01-08 16:38:32,669 - INFO: Evaluating at iteration 8616
2026-01-08 16:38:33,804 - INFO: Loss: 0.194864
2026-01-08 16:38:33,804 - INFO: Training ROC-AUC: 0.911111
2026-01-08 16:38:33,804 - INFO: Validation ROC-AUC: 0.677335
2026-01-08 16:38:39,987 - INFO: Starting epoch 5
2026-01-08 16:38:40,019 - INFO: Evaluating at iteration 8821
2026-01-08 16:38:41,153 - INFO: Loss: 0.211475
2026-01-08 16:38:41,153 - INFO: Training ROC-AUC: 0.940741
2026-01-08 16:38:41,153 - INFO: Validation ROC-AUC: 0.679773
2026-01-08 16:38:56,232 - INFO: Evaluating at iteration 9321
2026-01-08 16:38:57,358 - INFO: Loss: 0.340014
2026-01-08 16:38:57,358 - INFO: Training ROC-AUC: 0.822222
2026-01-08 16:38:57,358 - INFO: Validation ROC-AUC: 0.666513
2026-01-08 16:39:12,440 - INFO: Evaluating at iteration 9821
2026-01-08 16:39:13,564 - INFO: Loss: 0.347631
2026-01-08 16:39:13,565 - INFO: Training ROC-AUC: 0.814103
2026-01-08 16:39:13,565 - INFO: Validation ROC-AUC: 0.677041
2026-01-08 16:39:28,764 - INFO: Evaluating at iteration 10321
2026-01-08 16:39:29,904 - INFO: Loss: 0.226569
2026-01-08 16:39:29,904 - INFO: Training ROC-AUC: 0.954023
2026-01-08 16:39:29,904 - INFO: Validation ROC-AUC: 0.683188
2026-01-08 16:39:45,399 - INFO: Evaluating at iteration 10821
2026-01-08 16:39:46,549 - INFO: Loss: 0.310455
2026-01-08 16:39:46,549 - INFO: Training ROC-AUC: 0.902857
2026-01-08 16:39:46,549 - INFO: Validation ROC-AUC: 0.671698
2026-01-08 16:39:52,864 - INFO: Starting epoch 6
2026-01-08 16:39:52,897 - INFO: Evaluating at iteration 11026
2026-01-08 16:39:54,061 - INFO: Loss: 0.200557
2026-01-08 16:39:54,061 - INFO: Training ROC-AUC: 0.950000
2026-01-08 16:39:54,061 - INFO: Validation ROC-AUC: 0.669432
2026-01-08 16:40:09,484 - INFO: Evaluating at iteration 11526
2026-01-08 16:40:10,609 - INFO: Loss: 0.109912
2026-01-08 16:40:10,609 - INFO: Training ROC-AUC: 0.988506
2026-01-08 16:40:10,609 - INFO: Validation ROC-AUC: 0.679640
2026-01-08 16:40:25,715 - INFO: Evaluating at iteration 12026
2026-01-08 16:40:26,843 - INFO: Loss: 0.187501
2026-01-08 16:40:26,843 - INFO: Training ROC-AUC: 0.774194
2026-01-08 16:40:26,843 - INFO: Validation ROC-AUC: 0.682112
2026-01-08 16:40:42,036 - INFO: Evaluating at iteration 12526
2026-01-08 16:40:43,176 - INFO: Loss: 0.308140
2026-01-08 16:40:43,176 - INFO: Training ROC-AUC: 0.968182
2026-01-08 16:40:43,176 - INFO: Validation ROC-AUC: 0.677988
2026-01-08 16:40:58,610 - INFO: Evaluating at iteration 13026
2026-01-08 16:40:59,758 - INFO: Loss: 0.293054
2026-01-08 16:40:59,758 - INFO: Training ROC-AUC: 0.916667
2026-01-08 16:40:59,758 - INFO: Validation ROC-AUC: 0.672988
2026-01-08 16:41:06,025 - INFO: Starting epoch 7
2026-01-08 16:41:06,057 - INFO: Evaluating at iteration 13231
2026-01-08 16:41:07,186 - INFO: Loss: 0.339428
2026-01-08 16:41:07,187 - INFO: Training ROC-AUC: 0.875000
2026-01-08 16:41:07,187 - INFO: Validation ROC-AUC: 0.661169
2026-01-08 16:41:22,468 - INFO: Evaluating at iteration 13731
2026-01-08 16:41:23,593 - INFO: Loss: 0.282505
2026-01-08 16:41:23,593 - INFO: Training ROC-AUC: 0.859259
2026-01-08 16:41:23,593 - INFO: Validation ROC-AUC: 0.676329
2026-01-08 16:41:38,799 - INFO: Evaluating at iteration 14231
2026-01-08 16:41:39,923 - INFO: Loss: 0.303864
2026-01-08 16:41:39,923 - INFO: Training ROC-AUC: 0.908213
2026-01-08 16:41:39,923 - INFO: Validation ROC-AUC: 0.672821
2026-01-08 16:41:55,249 - INFO: Evaluating at iteration 14731
2026-01-08 16:41:56,405 - INFO: Loss: 0.146491
2026-01-08 16:41:56,405 - INFO: Training ROC-AUC: 1.000000
2026-01-08 16:41:56,405 - INFO: Validation ROC-AUC: 0.660229
2026-01-08 16:42:11,682 - INFO: Evaluating at iteration 15231
2026-01-08 16:42:12,810 - INFO: Loss: 0.298673
2026-01-08 16:42:12,810 - INFO: Training ROC-AUC: 0.910256
2026-01-08 16:42:12,810 - INFO: Validation ROC-AUC: 0.670269
2026-01-08 16:42:19,070 - INFO: Starting epoch 8
2026-01-08 16:42:19,102 - INFO: Evaluating at iteration 15436
2026-01-08 16:42:20,225 - INFO: Loss: 0.190884
2026-01-08 16:42:20,225 - INFO: Training ROC-AUC: 0.946429
2026-01-08 16:42:20,225 - INFO: Validation ROC-AUC: 0.655813
2026-01-08 16:42:35,696 - INFO: Evaluating at iteration 15936
2026-01-08 16:42:36,849 - INFO: Loss: 0.222190
2026-01-08 16:42:36,849 - INFO: Training ROC-AUC: 0.916667
2026-01-08 16:42:36,849 - INFO: Validation ROC-AUC: 0.664735
2026-01-08 16:42:52,663 - INFO: Evaluating at iteration 16436
2026-01-08 16:42:53,845 - INFO: Loss: 0.262690
2026-01-08 16:42:53,845 - INFO: Training ROC-AUC: 0.955128
2026-01-08 16:42:53,845 - INFO: Validation ROC-AUC: 0.671819
2026-01-08 16:43:09,499 - INFO: Evaluating at iteration 16936
2026-01-08 16:43:10,635 - INFO: Loss: 0.180354
2026-01-08 16:43:10,635 - INFO: Training ROC-AUC: 0.985185
2026-01-08 16:43:10,635 - INFO: Validation ROC-AUC: 0.653741
2026-01-08 16:43:26,387 - INFO: Evaluating at iteration 17436
2026-01-08 16:43:27,523 - INFO: Loss: 0.336790
2026-01-08 16:43:27,523 - INFO: Training ROC-AUC: 0.758929
2026-01-08 16:43:27,523 - INFO: Validation ROC-AUC: 0.642104
2026-01-08 16:43:33,922 - INFO: Starting epoch 9
2026-01-08 16:43:33,956 - INFO: Evaluating at iteration 17641
2026-01-08 16:43:35,107 - INFO: Loss: 0.417257
2026-01-08 16:43:35,108 - INFO: Training ROC-AUC: 0.800000
2026-01-08 16:43:35,108 - INFO: Validation ROC-AUC: 0.663770
2026-01-08 16:43:50,838 - INFO: Evaluating at iteration 18141
2026-01-08 16:43:52,008 - INFO: Loss: 0.354527
2026-01-08 16:43:52,008 - INFO: Training ROC-AUC: 0.902857
2026-01-08 16:43:52,008 - INFO: Validation ROC-AUC: 0.658307
2026-01-08 16:44:07,684 - INFO: Evaluating at iteration 18641
2026-01-08 16:44:08,828 - INFO: Loss: 0.146754
2026-01-08 16:44:08,828 - INFO: Training ROC-AUC: 0.992593
2026-01-08 16:44:08,828 - INFO: Validation ROC-AUC: 0.660018
2026-01-08 16:44:24,585 - INFO: Evaluating at iteration 19141
2026-01-08 16:44:25,724 - INFO: Loss: 0.252144
2026-01-08 16:44:25,724 - INFO: Training ROC-AUC: 0.916667
2026-01-08 16:44:25,724 - INFO: Validation ROC-AUC: 0.658133
2026-01-08 16:44:41,143 - INFO: Evaluating at iteration 19641
2026-01-08 16:44:42,189 - INFO: Loss: 0.252072
2026-01-08 16:44:42,190 - INFO: Training ROC-AUC: 0.931429
2026-01-08 16:44:42,190 - INFO: Validation ROC-AUC: 0.652812
2026-01-08 16:44:48,186 - INFO: Starting epoch 10
2026-01-08 16:44:48,216 - INFO: Evaluating at iteration 19846
2026-01-08 16:44:49,319 - INFO: Loss: 0.254843
2026-01-08 16:44:49,319 - INFO: Training ROC-AUC: 0.883929
2026-01-08 16:44:49,319 - INFO: Validation ROC-AUC: 0.656937
2026-01-08 16:45:04,468 - INFO: Evaluating at iteration 20346
2026-01-08 16:45:05,605 - INFO: Loss: 0.148480
2026-01-08 16:45:05,605 - INFO: Training ROC-AUC: 1.000000
2026-01-08 16:45:05,605 - INFO: Validation ROC-AUC: 0.663577
2026-01-08 16:45:20,156 - INFO: Evaluating at iteration 20846
2026-01-08 16:45:21,232 - INFO: Loss: 0.183499
2026-01-08 16:45:21,232 - INFO: Training ROC-AUC: 0.968750
2026-01-08 16:45:21,232 - INFO: Validation ROC-AUC: 0.655750
2026-01-08 16:45:35,701 - INFO: Evaluating at iteration 21346
2026-01-08 16:45:36,731 - INFO: Loss: 0.170708
2026-01-08 16:45:36,731 - INFO: Training ROC-AUC: 0.948148
2026-01-08 16:45:36,731 - INFO: Validation ROC-AUC: 0.655946
2026-01-08 16:45:51,122 - INFO: Evaluating at iteration 21846
2026-01-08 16:45:52,152 - INFO: Loss: 0.232708
2026-01-08 16:45:52,152 - INFO: Training ROC-AUC: 0.954286
2026-01-08 16:45:52,152 - INFO: Validation ROC-AUC: 0.652714
2026-01-08 16:45:58,037 - INFO: Starting epoch 11
2026-01-08 16:45:58,067 - INFO: Evaluating at iteration 22051
2026-01-08 16:45:59,109 - INFO: Loss: 0.229437
2026-01-08 16:45:59,109 - INFO: Training ROC-AUC: 0.862069
2026-01-08 16:45:59,109 - INFO: Validation ROC-AUC: 0.648390
2026-01-08 16:46:13,575 - INFO: Evaluating at iteration 22551
2026-01-08 16:46:14,617 - INFO: Loss: 0.111443
2026-01-08 16:46:14,617 - INFO: Training ROC-AUC: 0.933333
2026-01-08 16:46:14,617 - INFO: Validation ROC-AUC: 0.648319
2026-01-08 16:46:29,093 - INFO: Evaluating at iteration 23051
2026-01-08 16:46:30,127 - INFO: Loss: 0.229183
2026-01-08 16:46:30,127 - INFO: Training ROC-AUC: 0.896552
2026-01-08 16:46:30,127 - INFO: Validation ROC-AUC: 0.648602
2026-01-08 16:46:44,569 - INFO: Evaluating at iteration 23551
2026-01-08 16:46:45,600 - INFO: Loss: 0.397048
2026-01-08 16:46:45,600 - INFO: Training ROC-AUC: 0.916667
2026-01-08 16:46:45,600 - INFO: Validation ROC-AUC: 0.663025
2026-01-08 16:46:59,991 - INFO: Evaluating at iteration 24051
2026-01-08 16:47:01,062 - INFO: Loss: 0.232604
2026-01-08 16:47:01,062 - INFO: Training ROC-AUC: 0.929487
2026-01-08 16:47:01,062 - INFO: Validation ROC-AUC: 0.651581
2026-01-08 16:47:07,003 - INFO: Starting epoch 12
2026-01-08 16:47:07,033 - INFO: Evaluating at iteration 24256
2026-01-08 16:47:08,059 - INFO: Loss: 0.281430
2026-01-08 16:47:08,059 - INFO: Training ROC-AUC: 0.952381
2026-01-08 16:47:08,059 - INFO: Validation ROC-AUC: 0.649879
2026-01-08 16:47:22,414 - INFO: Evaluating at iteration 24756
2026-01-08 16:47:23,438 - INFO: Loss: 0.202068
2026-01-08 16:47:23,438 - INFO: Training ROC-AUC: 0.942857
2026-01-08 16:47:23,438 - INFO: Validation ROC-AUC: 0.643009
2026-01-08 16:47:37,809 - INFO: Evaluating at iteration 25256
2026-01-08 16:47:38,830 - INFO: Loss: 0.173659
2026-01-08 16:47:38,830 - INFO: Training ROC-AUC: 0.973214
2026-01-08 16:47:38,830 - INFO: Validation ROC-AUC: 0.643830
2026-01-08 16:47:53,146 - INFO: Evaluating at iteration 25756
2026-01-08 16:47:54,173 - INFO: Loss: 0.278846
2026-01-08 16:47:54,173 - INFO: Training ROC-AUC: 0.803571
2026-01-08 16:47:54,173 - INFO: Validation ROC-AUC: 0.650320
2026-01-08 16:48:08,477 - INFO: Evaluating at iteration 26256
2026-01-08 16:48:09,520 - INFO: Loss: 0.170733
2026-01-08 16:48:09,520 - INFO: Training ROC-AUC: 0.948148
2026-01-08 16:48:09,520 - INFO: Validation ROC-AUC: 0.643436
2026-01-08 16:48:15,412 - INFO: Starting epoch 13
2026-01-08 16:48:15,443 - INFO: Evaluating at iteration 26461
2026-01-08 16:48:16,467 - INFO: Loss: 0.223719
2026-01-08 16:48:16,467 - INFO: Training ROC-AUC: 0.953125
2026-01-08 16:48:16,467 - INFO: Validation ROC-AUC: 0.648648
2026-01-08 16:48:30,707 - INFO: Evaluating at iteration 26961
2026-01-08 16:48:31,719 - INFO: Loss: 0.321244
2026-01-08 16:48:31,720 - INFO: Training ROC-AUC: 0.954286
2026-01-08 16:48:31,720 - INFO: Validation ROC-AUC: 0.639268
2026-01-08 16:48:45,755 - INFO: Evaluating at iteration 27461
2026-01-08 16:48:46,767 - INFO: Loss: 0.209594
2026-01-08 16:48:46,768 - INFO: Training ROC-AUC: 0.940741
2026-01-08 16:48:46,768 - INFO: Validation ROC-AUC: 0.644259
2026-01-08 16:49:00,893 - INFO: Evaluating at iteration 27961
2026-01-08 16:49:01,933 - INFO: Loss: 0.189867
2026-01-08 16:49:01,933 - INFO: Training ROC-AUC: 0.985185
2026-01-08 16:49:01,933 - INFO: Validation ROC-AUC: 0.643341
2026-01-08 16:49:16,138 - INFO: Evaluating at iteration 28461
2026-01-08 16:49:17,167 - INFO: Loss: 0.178812
2026-01-08 16:49:17,168 - INFO: Training ROC-AUC: 0.910714
2026-01-08 16:49:17,168 - INFO: Validation ROC-AUC: 0.659642
2026-01-08 16:49:23,068 - INFO: Starting epoch 14
2026-01-08 16:49:23,098 - INFO: Evaluating at iteration 28666
2026-01-08 16:49:24,131 - INFO: Loss: 0.198054
2026-01-08 16:49:24,131 - INFO: Training ROC-AUC: 0.960000
2026-01-08 16:49:24,131 - INFO: Validation ROC-AUC: 0.648621
2026-01-08 16:49:38,490 - INFO: Evaluating at iteration 29166
2026-01-08 16:49:39,514 - INFO: Loss: 0.220776
2026-01-08 16:49:39,514 - INFO: Training ROC-AUC: 0.981818
2026-01-08 16:49:39,514 - INFO: Validation ROC-AUC: 0.658128
2026-01-08 16:49:53,968 - INFO: Evaluating at iteration 29666
2026-01-08 16:49:55,019 - INFO: Loss: 0.179066
2026-01-08 16:49:55,019 - INFO: Training ROC-AUC: 0.980769
2026-01-08 16:49:55,019 - INFO: Validation ROC-AUC: 0.653786
2026-01-08 16:50:09,244 - INFO: Evaluating at iteration 30166
2026-01-08 16:50:10,283 - INFO: Loss: 0.259362
2026-01-08 16:50:10,283 - INFO: Training ROC-AUC: 0.903704
2026-01-08 16:50:10,283 - INFO: Validation ROC-AUC: 0.656973
2026-01-08 16:50:24,540 - INFO: Evaluating at iteration 30666
2026-01-08 16:50:25,563 - INFO: Loss: 0.125261
2026-01-08 16:50:25,563 - INFO: Training ROC-AUC: 0.988571
2026-01-08 16:50:25,563 - INFO: Validation ROC-AUC: 0.646689
2026-01-08 16:50:31,446 - INFO: Starting epoch 15
2026-01-08 16:50:31,477 - INFO: Evaluating at iteration 30871
2026-01-08 16:50:32,499 - INFO: Loss: 0.149302
2026-01-08 16:50:32,499 - INFO: Training ROC-AUC: 0.954023
2026-01-08 16:50:32,499 - INFO: Validation ROC-AUC: 0.638101
2026-01-08 16:50:46,936 - INFO: Evaluating at iteration 31371
2026-01-08 16:50:47,959 - INFO: Loss: 0.139079
2026-01-08 16:50:47,960 - INFO: Training ROC-AUC: 0.965517
2026-01-08 16:50:47,960 - INFO: Validation ROC-AUC: 0.649248
2026-01-08 16:51:02,383 - INFO: Evaluating at iteration 31871
2026-01-08 16:51:03,435 - INFO: Loss: 0.076053
2026-01-08 16:51:03,435 - INFO: Training ROC-AUC: 1.000000
2026-01-08 16:51:03,435 - INFO: Validation ROC-AUC: 0.657909
2026-01-08 16:51:18,130 - INFO: Evaluating at iteration 32371
2026-01-08 16:51:19,212 - INFO: Loss: 0.236267
2026-01-08 16:51:19,213 - INFO: Training ROC-AUC: 0.874074
2026-01-08 16:51:19,213 - INFO: Validation ROC-AUC: 0.651302
2026-01-08 16:51:33,789 - INFO: Evaluating at iteration 32871
2026-01-08 16:51:34,849 - INFO: Loss: 0.110431
2026-01-08 16:51:34,849 - INFO: Training ROC-AUC: 0.992593
2026-01-08 16:51:34,849 - INFO: Validation ROC-AUC: 0.641418
2026-01-08 16:51:40,841 - INFO: Starting epoch 16
2026-01-08 16:51:40,871 - INFO: Evaluating at iteration 33076
2026-01-08 16:51:41,902 - INFO: Loss: 0.158683
2026-01-08 16:51:41,902 - INFO: Training ROC-AUC: 0.964286
2026-01-08 16:51:41,903 - INFO: Validation ROC-AUC: 0.642977
2026-01-08 16:51:56,413 - INFO: Evaluating at iteration 33576
2026-01-08 16:51:57,447 - INFO: Loss: 0.361588
2026-01-08 16:51:57,447 - INFO: Training ROC-AUC: 0.848958
2026-01-08 16:51:57,447 - INFO: Validation ROC-AUC: 0.641685
2026-01-08 16:52:11,980 - INFO: Evaluating at iteration 34076
2026-01-08 16:52:13,021 - INFO: Loss: 0.175296
2026-01-08 16:52:13,021 - INFO: Training ROC-AUC: 0.942529
2026-01-08 16:52:13,021 - INFO: Validation ROC-AUC: 0.643562
2026-01-08 16:52:27,553 - INFO: Evaluating at iteration 34576
2026-01-08 16:52:28,606 - INFO: Loss: 0.328756
2026-01-08 16:52:28,606 - INFO: Training ROC-AUC: 0.954545
2026-01-08 16:52:28,606 - INFO: Validation ROC-AUC: 0.647834
2026-01-08 16:52:43,148 - INFO: Evaluating at iteration 35076
2026-01-08 16:52:44,178 - INFO: Loss: 0.110051
2026-01-08 16:52:44,178 - INFO: Training ROC-AUC: 0.966667
2026-01-08 16:52:44,178 - INFO: Validation ROC-AUC: 0.653366
2026-01-08 16:52:50,116 - INFO: Starting epoch 17
2026-01-08 16:52:50,147 - INFO: Evaluating at iteration 35281
2026-01-08 16:52:51,178 - INFO: Loss: 0.250494
2026-01-08 16:52:51,179 - INFO: Training ROC-AUC: 0.937143
2026-01-08 16:52:51,179 - INFO: Validation ROC-AUC: 0.641671
2026-01-08 16:53:05,618 - INFO: Evaluating at iteration 35781
2026-01-08 16:53:06,653 - INFO: Loss: 0.134774
2026-01-08 16:53:06,654 - INFO: Training ROC-AUC: 0.988571
2026-01-08 16:53:06,654 - INFO: Validation ROC-AUC: 0.646293
2026-01-08 16:53:20,862 - INFO: Evaluating at iteration 36281
2026-01-08 16:53:21,903 - INFO: Loss: 0.205997
2026-01-08 16:53:21,903 - INFO: Training ROC-AUC: 0.971429
2026-01-08 16:53:21,903 - INFO: Validation ROC-AUC: 0.645025
2026-01-08 16:53:36,308 - INFO: Evaluating at iteration 36781
2026-01-08 16:53:37,340 - INFO: Loss: 0.145396
2026-01-08 16:53:37,341 - INFO: Training ROC-AUC: 0.977778
2026-01-08 16:53:37,341 - INFO: Validation ROC-AUC: 0.654838
2026-01-08 16:53:51,957 - INFO: Evaluating at iteration 37281
2026-01-08 16:53:52,987 - INFO: Loss: 0.247116
2026-01-08 16:53:52,987 - INFO: Training ROC-AUC: 0.920000
2026-01-08 16:53:52,987 - INFO: Validation ROC-AUC: 0.642227
2026-01-08 16:53:58,941 - INFO: Starting epoch 18
2026-01-08 16:53:58,972 - INFO: Evaluating at iteration 37486
2026-01-08 16:54:00,006 - INFO: Loss: 0.067525
2026-01-08 16:54:00,006 - INFO: Training ROC-AUC: 1.000000
2026-01-08 16:54:00,006 - INFO: Validation ROC-AUC: 0.636146
2026-01-08 16:54:14,716 - INFO: Evaluating at iteration 37986
2026-01-08 16:54:15,778 - INFO: Loss: 0.132464
2026-01-08 16:54:15,778 - INFO: Training ROC-AUC: 0.980676
2026-01-08 16:54:15,778 - INFO: Validation ROC-AUC: 0.641851
2026-01-08 16:54:30,457 - INFO: Evaluating at iteration 38486
2026-01-08 16:54:31,492 - INFO: Loss: 0.188650
2026-01-08 16:54:31,492 - INFO: Training ROC-AUC: 0.950000
2026-01-08 16:54:31,492 - INFO: Validation ROC-AUC: 0.655404
2026-01-08 16:54:46,301 - INFO: Evaluating at iteration 38986
2026-01-08 16:54:47,326 - INFO: Loss: 0.055419
2026-01-08 16:54:47,327 - INFO: Training ROC-AUC: 1.000000
2026-01-08 16:54:47,327 - INFO: Validation ROC-AUC: 0.646408
2026-01-08 16:55:01,902 - INFO: Evaluating at iteration 39486
2026-01-08 16:55:02,918 - INFO: Loss: 0.059969
2026-01-08 16:55:02,918 - INFO: Training ROC-AUC: 1.000000
2026-01-08 16:55:02,918 - INFO: Validation ROC-AUC: 0.642572
2026-01-08 16:55:08,748 - INFO: Starting epoch 19
2026-01-08 16:55:08,777 - INFO: Evaluating at iteration 39691
2026-01-08 16:55:09,788 - INFO: Loss: 0.082321
2026-01-08 16:55:09,788 - INFO: Training ROC-AUC: 1.000000
2026-01-08 16:55:09,788 - INFO: Validation ROC-AUC: 0.643664
2026-01-08 16:55:24,589 - INFO: Evaluating at iteration 40191
2026-01-08 16:55:25,629 - INFO: Loss: 0.305377
2026-01-08 16:55:25,629 - INFO: Training ROC-AUC: 0.897436
2026-01-08 16:55:25,629 - INFO: Validation ROC-AUC: 0.647383
2026-01-08 16:55:40,316 - INFO: Evaluating at iteration 40691
2026-01-08 16:55:41,357 - INFO: Loss: 0.386421
2026-01-08 16:55:41,357 - INFO: Training ROC-AUC: 0.948052
2026-01-08 16:55:41,357 - INFO: Validation ROC-AUC: 0.654372
2026-01-08 16:55:56,059 - INFO: Evaluating at iteration 41191
2026-01-08 16:55:57,083 - INFO: Loss: 0.092107
2026-01-08 16:55:57,083 - INFO: Training ROC-AUC: 1.000000
2026-01-08 16:55:57,083 - INFO: Validation ROC-AUC: 0.648044
2026-01-08 16:56:11,757 - INFO: Evaluating at iteration 41691
2026-01-08 16:56:12,790 - INFO: Loss: 0.089422
2026-01-08 16:56:12,790 - INFO: Training ROC-AUC: 0.985185
2026-01-08 16:56:12,790 - INFO: Validation ROC-AUC: 0.649465
2026-01-08 16:56:18,871 - INFO: Starting epoch 20
2026-01-08 16:56:18,904 - INFO: Evaluating at iteration 41896
2026-01-08 16:56:19,985 - INFO: Loss: 0.545287
2026-01-08 16:56:19,986 - INFO: Training ROC-AUC: 0.737179
2026-01-08 16:56:19,986 - INFO: Validation ROC-AUC: 0.636126
2026-01-08 16:56:35,061 - INFO: Evaluating at iteration 42396
2026-01-08 16:56:36,104 - INFO: Loss: 0.144076
2026-01-08 16:56:36,104 - INFO: Training ROC-AUC: 0.948148
2026-01-08 16:56:36,104 - INFO: Validation ROC-AUC: 0.640223
2026-01-08 16:56:50,576 - INFO: Evaluating at iteration 42896
2026-01-08 16:56:51,586 - INFO: Loss: 0.189040
2026-01-08 16:56:51,586 - INFO: Training ROC-AUC: 0.977143
2026-01-08 16:56:51,586 - INFO: Validation ROC-AUC: 0.646386
2026-01-08 16:57:06,769 - INFO: Evaluating at iteration 43396
2026-01-08 16:57:07,811 - INFO: Loss: 0.083654
2026-01-08 16:57:07,811 - INFO: Training ROC-AUC: 1.000000
2026-01-08 16:57:07,811 - INFO: Validation ROC-AUC: 0.645485
2026-01-08 16:57:22,663 - INFO: Evaluating at iteration 43896
2026-01-08 16:57:23,674 - INFO: Loss: 0.190688
2026-01-08 16:57:23,675 - INFO: Training ROC-AUC: 0.977273
2026-01-08 16:57:23,675 - INFO: Validation ROC-AUC: 0.646613
2026-01-08 16:57:29,780 - INFO: Starting epoch 21
2026-01-08 16:57:29,810 - INFO: Evaluating at iteration 44101
2026-01-08 16:57:30,836 - INFO: Loss: 0.133241
2026-01-08 16:57:30,836 - INFO: Training ROC-AUC: 0.988571
2026-01-08 16:57:30,836 - INFO: Validation ROC-AUC: 0.639526
2026-01-08 16:57:45,898 - INFO: Evaluating at iteration 44601
2026-01-08 16:57:46,958 - INFO: Loss: 0.120723
2026-01-08 16:57:46,958 - INFO: Training ROC-AUC: 0.987179
2026-01-08 16:57:46,958 - INFO: Validation ROC-AUC: 0.643357
2026-01-08 16:58:02,113 - INFO: Evaluating at iteration 45101
2026-01-08 16:58:03,145 - INFO: Loss: 0.138227
2026-01-08 16:58:03,145 - INFO: Training ROC-AUC: 0.971429
2026-01-08 16:58:03,145 - INFO: Validation ROC-AUC: 0.645138
2026-01-08 16:58:18,337 - INFO: Evaluating at iteration 45601
2026-01-08 16:58:19,379 - INFO: Loss: 0.428730
2026-01-08 16:58:19,379 - INFO: Training ROC-AUC: 0.959514
2026-01-08 16:58:19,379 - INFO: Validation ROC-AUC: 0.644219
2026-01-08 16:58:34,764 - INFO: Evaluating at iteration 46101
2026-01-08 16:58:35,790 - INFO: Loss: 0.130012
2026-01-08 16:58:35,790 - INFO: Training ROC-AUC: 1.000000
2026-01-08 16:58:35,790 - INFO: Validation ROC-AUC: 0.644383
2026-01-08 16:58:42,068 - INFO: Starting epoch 22
2026-01-08 16:58:42,100 - INFO: Evaluating at iteration 46306
2026-01-08 16:58:43,133 - INFO: Loss: 0.126290
2026-01-08 16:58:43,133 - INFO: Training ROC-AUC: 0.988506
2026-01-08 16:58:43,133 - INFO: Validation ROC-AUC: 0.638141
2026-01-08 16:58:58,540 - INFO: Evaluating at iteration 46806
2026-01-08 16:58:59,583 - INFO: Loss: 0.065681
2026-01-08 16:58:59,583 - INFO: Training ROC-AUC: 1.000000
2026-01-08 16:58:59,583 - INFO: Validation ROC-AUC: 0.644956
2026-01-08 16:59:14,856 - INFO: Evaluating at iteration 47306
2026-01-08 16:59:15,867 - INFO: Loss: 0.233731
2026-01-08 16:59:15,867 - INFO: Training ROC-AUC: 0.942857
2026-01-08 16:59:15,867 - INFO: Validation ROC-AUC: 0.643041
2026-01-08 16:59:31,099 - INFO: Evaluating at iteration 47806
2026-01-08 16:59:32,118 - INFO: Loss: 0.182460
2026-01-08 16:59:32,118 - INFO: Training ROC-AUC: 0.982857
2026-01-08 16:59:32,118 - INFO: Validation ROC-AUC: 0.637714
2026-01-08 16:59:47,503 - INFO: Evaluating at iteration 48306
2026-01-08 16:59:48,566 - INFO: Loss: 0.245245
2026-01-08 16:59:48,567 - INFO: Training ROC-AUC: 0.901786
2026-01-08 16:59:48,567 - INFO: Validation ROC-AUC: 0.640555
2026-01-08 16:59:54,875 - INFO: Starting epoch 23
2026-01-08 16:59:54,905 - INFO: Evaluating at iteration 48511
2026-01-08 16:59:55,933 - INFO: Loss: 0.404779
2026-01-08 16:59:55,933 - INFO: Training ROC-AUC: 0.930736
2026-01-08 16:59:55,933 - INFO: Validation ROC-AUC: 0.635720
2026-01-08 17:00:11,632 - INFO: Evaluating at iteration 49011
2026-01-08 17:00:12,659 - INFO: Loss: 0.172561
2026-01-08 17:00:12,660 - INFO: Training ROC-AUC: 0.955556
2026-01-08 17:00:12,660 - INFO: Validation ROC-AUC: 0.642412
2026-01-08 17:00:28,454 - INFO: Evaluating at iteration 49511
2026-01-08 17:00:29,481 - INFO: Loss: 0.152489
2026-01-08 17:00:29,482 - INFO: Training ROC-AUC: 0.987179
2026-01-08 17:00:29,482 - INFO: Validation ROC-AUC: 0.644663
2026-01-08 17:00:44,692 - INFO: Evaluating at iteration 50011
2026-01-08 17:00:45,700 - INFO: Loss: 0.091306
2026-01-08 17:00:45,701 - INFO: Training ROC-AUC: 1.000000
2026-01-08 17:00:45,701 - INFO: Validation ROC-AUC: 0.643921
2026-01-08 17:01:01,051 - INFO: Evaluating at iteration 50511
2026-01-08 17:01:02,106 - INFO: Loss: 0.120253
2026-01-08 17:01:02,106 - INFO: Training ROC-AUC: 0.950000
2026-01-08 17:01:02,106 - INFO: Validation ROC-AUC: 0.639806
2026-01-08 17:01:08,499 - INFO: Starting epoch 24
2026-01-08 17:01:08,530 - INFO: Evaluating at iteration 50716
2026-01-08 17:01:09,590 - INFO: Loss: 0.155008
2026-01-08 17:01:09,590 - INFO: Training ROC-AUC: 0.982143
2026-01-08 17:01:09,590 - INFO: Validation ROC-AUC: 0.641246
2026-01-08 17:01:25,505 - INFO: Evaluating at iteration 51216
2026-01-08 17:01:26,536 - INFO: Loss: 0.194407
2026-01-08 17:01:26,536 - INFO: Training ROC-AUC: 0.980769
2026-01-08 17:01:26,536 - INFO: Validation ROC-AUC: 0.641600
2026-01-08 17:01:42,410 - INFO: Evaluating at iteration 51716
2026-01-08 17:01:43,437 - INFO: Loss: 0.235722
2026-01-08 17:01:43,438 - INFO: Training ROC-AUC: 0.948718
2026-01-08 17:01:43,438 - INFO: Validation ROC-AUC: 0.638451
2026-01-08 17:01:59,410 - INFO: Evaluating at iteration 52216
2026-01-08 17:02:00,474 - INFO: Loss: 0.204727
2026-01-08 17:02:00,474 - INFO: Training ROC-AUC: 0.955128
2026-01-08 17:02:00,474 - INFO: Validation ROC-AUC: 0.639727
2026-01-08 17:02:16,669 - INFO: Evaluating at iteration 52716
2026-01-08 17:02:17,699 - INFO: Loss: 0.065789
2026-01-08 17:02:17,699 - INFO: Training ROC-AUC: 1.000000
2026-01-08 17:02:17,699 - INFO: Validation ROC-AUC: 0.648657
2026-01-08 17:02:24,391 - INFO: Starting epoch 25
2026-01-08 17:02:24,428 - INFO: Evaluating at iteration 52921
2026-01-08 17:02:25,455 - INFO: Loss: 0.166899
2026-01-08 17:02:25,456 - INFO: Training ROC-AUC: 0.974359
2026-01-08 17:02:25,456 - INFO: Validation ROC-AUC: 0.642227
2026-01-08 17:02:41,608 - INFO: Evaluating at iteration 53421
2026-01-08 17:02:42,643 - INFO: Loss: 0.049303
2026-01-08 17:02:42,643 - INFO: Training ROC-AUC: 1.000000
2026-01-08 17:02:42,643 - INFO: Validation ROC-AUC: 0.638919
2026-01-08 17:02:58,815 - INFO: Evaluating at iteration 53921
2026-01-08 17:02:59,843 - INFO: Loss: 0.144448
2026-01-08 17:02:59,843 - INFO: Training ROC-AUC: 0.977778
2026-01-08 17:02:59,843 - INFO: Validation ROC-AUC: 0.644171
2026-01-08 17:03:16,102 - INFO: Evaluating at iteration 54421
2026-01-08 17:03:17,155 - INFO: Loss: 0.128822
2026-01-08 17:03:17,155 - INFO: Training ROC-AUC: 0.987179
2026-01-08 17:03:17,155 - INFO: Validation ROC-AUC: 0.642603
2026-01-08 17:03:33,368 - INFO: Evaluating at iteration 54921
2026-01-08 17:03:34,445 - INFO: Loss: 0.091074
2026-01-08 17:03:34,445 - INFO: Training ROC-AUC: 0.992593
2026-01-08 17:03:34,445 - INFO: Validation ROC-AUC: 0.639492
2026-01-08 17:03:41,099 - INFO: Saving model to models/TCRStructMap_peptide_split/model_4.pt
2026-01-08 17:03:41,120 - INFO: Starting fold 5
2026-01-08 17:03:41,207 - INFO: Initialising model
2026-01-08 17:03:41,219 - INFO: Starting training
2026-01-08 17:03:41,219 - INFO: Starting epoch 1
2026-01-08 17:03:41,249 - INFO: Evaluating at iteration 1
2026-01-08 17:03:42,308 - INFO: Loss: 0.690933
2026-01-08 17:03:42,308 - INFO: Training ROC-AUC: 0.494792
2026-01-08 17:03:42,308 - INFO: Validation ROC-AUC: 0.553181
2026-01-08 17:03:55,868 - INFO: Evaluating at iteration 501
2026-01-08 17:03:56,932 - INFO: Loss: 0.477024
2026-01-08 17:03:56,932 - INFO: Training ROC-AUC: 0.615385
2026-01-08 17:03:56,932 - INFO: Validation ROC-AUC: 0.565029
2026-01-08 17:04:10,841 - INFO: Evaluating at iteration 1001
2026-01-08 17:04:11,895 - INFO: Loss: 0.288656
2026-01-08 17:04:11,895 - INFO: Training ROC-AUC: 0.896552
2026-01-08 17:04:11,895 - INFO: Validation ROC-AUC: 0.560532
2026-01-08 17:04:25,427 - INFO: Evaluating at iteration 1501
2026-01-08 17:04:26,479 - INFO: Loss: 0.372496
2026-01-08 17:04:26,480 - INFO: Training ROC-AUC: 0.597701
2026-01-08 17:04:26,480 - INFO: Validation ROC-AUC: 0.564530
2026-01-08 17:04:39,964 - INFO: Evaluating at iteration 2001
2026-01-08 17:04:41,006 - INFO: Loss: 0.351461
2026-01-08 17:04:41,006 - INFO: Training ROC-AUC: 0.669643
2026-01-08 17:04:41,006 - INFO: Validation ROC-AUC: 0.672103
2026-01-08 17:04:46,137 - INFO: Starting epoch 2
2026-01-08 17:04:46,165 - INFO: Evaluating at iteration 2193
2026-01-08 17:04:47,210 - INFO: Loss: 0.429091
2026-01-08 17:04:47,210 - INFO: Training ROC-AUC: 0.748571
2026-01-08 17:04:47,210 - INFO: Validation ROC-AUC: 0.695496
2026-01-08 17:05:00,905 - INFO: Evaluating at iteration 2693
2026-01-08 17:05:01,957 - INFO: Loss: 0.297238
2026-01-08 17:05:01,958 - INFO: Training ROC-AUC: 0.741071
2026-01-08 17:05:01,958 - INFO: Validation ROC-AUC: 0.704691
2026-01-08 17:05:15,845 - INFO: Evaluating at iteration 3193
2026-01-08 17:05:16,955 - INFO: Loss: 0.342447
2026-01-08 17:05:16,956 - INFO: Training ROC-AUC: 0.875000
2026-01-08 17:05:16,956 - INFO: Validation ROC-AUC: 0.725302
2026-01-08 17:05:30,970 - INFO: Evaluating at iteration 3693
2026-01-08 17:05:32,024 - INFO: Loss: 0.341292
2026-01-08 17:05:32,024 - INFO: Training ROC-AUC: 0.718519
2026-01-08 17:05:32,024 - INFO: Validation ROC-AUC: 0.743397
2026-01-08 17:05:45,999 - INFO: Evaluating at iteration 4193
2026-01-08 17:05:47,052 - INFO: Loss: 0.175746
2026-01-08 17:05:47,052 - INFO: Training ROC-AUC: 0.885057
2026-01-08 17:05:47,052 - INFO: Validation ROC-AUC: 0.730224
2026-01-08 17:05:52,440 - INFO: Starting epoch 3
2026-01-08 17:05:52,469 - INFO: Evaluating at iteration 4385
2026-01-08 17:05:53,525 - INFO: Loss: 0.345037
2026-01-08 17:05:53,525 - INFO: Training ROC-AUC: 0.748148
2026-01-08 17:05:53,525 - INFO: Validation ROC-AUC: 0.752414
2026-01-08 17:06:07,609 - INFO: Evaluating at iteration 4885
2026-01-08 17:06:08,703 - INFO: Loss: 0.234222
2026-01-08 17:06:08,703 - INFO: Training ROC-AUC: 0.931429
2026-01-08 17:06:08,703 - INFO: Validation ROC-AUC: 0.758777
2026-01-08 17:06:22,937 - INFO: Evaluating at iteration 5385
2026-01-08 17:06:24,004 - INFO: Loss: 0.179686
2026-01-08 17:06:24,005 - INFO: Training ROC-AUC: 0.677419
2026-01-08 17:06:24,005 - INFO: Validation ROC-AUC: 0.747151
2026-01-08 17:06:38,212 - INFO: Evaluating at iteration 5885
2026-01-08 17:06:39,288 - INFO: Loss: 0.265449
2026-01-08 17:06:39,289 - INFO: Training ROC-AUC: 0.982143
2026-01-08 17:06:39,289 - INFO: Validation ROC-AUC: 0.736310
2026-01-08 17:06:53,388 - INFO: Evaluating at iteration 6385
2026-01-08 17:06:54,446 - INFO: Loss: 0.209338
2026-01-08 17:06:54,446 - INFO: Training ROC-AUC: 0.918519
2026-01-08 17:06:54,446 - INFO: Validation ROC-AUC: 0.755781
2026-01-08 17:06:59,859 - INFO: Starting epoch 4
2026-01-08 17:06:59,890 - INFO: Evaluating at iteration 6577
2026-01-08 17:07:00,950 - INFO: Loss: 0.373640
2026-01-08 17:07:00,950 - INFO: Training ROC-AUC: 0.840000
2026-01-08 17:07:00,950 - INFO: Validation ROC-AUC: 0.765051
2026-01-08 17:07:15,179 - INFO: Evaluating at iteration 7077
2026-01-08 17:07:16,235 - INFO: Loss: 0.223832
2026-01-08 17:07:16,235 - INFO: Training ROC-AUC: 0.980769
2026-01-08 17:07:16,235 - INFO: Validation ROC-AUC: 0.776431
2026-01-08 17:07:30,400 - INFO: Evaluating at iteration 7577
2026-01-08 17:07:31,484 - INFO: Loss: 0.219720
2026-01-08 17:07:31,485 - INFO: Training ROC-AUC: 0.903846
2026-01-08 17:07:31,485 - INFO: Validation ROC-AUC: 0.779344
2026-01-08 17:07:45,589 - INFO: Evaluating at iteration 8077
2026-01-08 17:07:46,646 - INFO: Loss: 0.200604
2026-01-08 17:07:46,647 - INFO: Training ROC-AUC: 0.964286
2026-01-08 17:07:46,647 - INFO: Validation ROC-AUC: 0.774163
2026-01-08 17:08:00,787 - INFO: Evaluating at iteration 8577
2026-01-08 17:08:01,844 - INFO: Loss: 0.211780
2026-01-08 17:08:01,844 - INFO: Training ROC-AUC: 0.733333
2026-01-08 17:08:01,844 - INFO: Validation ROC-AUC: 0.772652
2026-01-08 17:08:07,264 - INFO: Starting epoch 5
2026-01-08 17:08:07,294 - INFO: Evaluating at iteration 8769
2026-01-08 17:08:08,356 - INFO: Loss: 0.287519
2026-01-08 17:08:08,356 - INFO: Training ROC-AUC: 0.929487
2026-01-08 17:08:08,356 - INFO: Validation ROC-AUC: 0.776372
2026-01-08 17:08:22,243 - INFO: Evaluating at iteration 9269
2026-01-08 17:08:23,287 - INFO: Loss: 0.277959
2026-01-08 17:08:23,288 - INFO: Training ROC-AUC: 0.839286
2026-01-08 17:08:23,288 - INFO: Validation ROC-AUC: 0.768303
2026-01-08 17:08:37,060 - INFO: Evaluating at iteration 9769
2026-01-08 17:08:38,097 - INFO: Loss: 0.292174
2026-01-08 17:08:38,097 - INFO: Training ROC-AUC: 0.885714
2026-01-08 17:08:38,097 - INFO: Validation ROC-AUC: 0.770188
2026-01-08 17:08:52,005 - INFO: Evaluating at iteration 10269
2026-01-08 17:08:53,078 - INFO: Loss: 0.229488
2026-01-08 17:08:53,078 - INFO: Training ROC-AUC: 0.948718
2026-01-08 17:08:53,078 - INFO: Validation ROC-AUC: 0.773800
2026-01-08 17:09:06,864 - INFO: Evaluating at iteration 10769
2026-01-08 17:09:07,917 - INFO: Loss: 0.370040
2026-01-08 17:09:07,917 - INFO: Training ROC-AUC: 0.852564
2026-01-08 17:09:07,917 - INFO: Validation ROC-AUC: 0.768728
2026-01-08 17:09:13,240 - INFO: Starting epoch 6
2026-01-08 17:09:13,269 - INFO: Evaluating at iteration 10961
2026-01-08 17:09:14,312 - INFO: Loss: 0.195774
2026-01-08 17:09:14,312 - INFO: Training ROC-AUC: 0.982143
2026-01-08 17:09:14,312 - INFO: Validation ROC-AUC: 0.765054
2026-01-08 17:09:28,214 - INFO: Evaluating at iteration 11461
2026-01-08 17:09:29,262 - INFO: Loss: 0.277779
2026-01-08 17:09:29,262 - INFO: Training ROC-AUC: 0.940741
2026-01-08 17:09:29,262 - INFO: Validation ROC-AUC: 0.755804
2026-01-08 17:09:43,143 - INFO: Evaluating at iteration 11961
2026-01-08 17:09:44,189 - INFO: Loss: 0.218474
2026-01-08 17:09:44,189 - INFO: Training ROC-AUC: 0.948148
2026-01-08 17:09:44,189 - INFO: Validation ROC-AUC: 0.770336
2026-01-08 17:09:58,165 - INFO: Evaluating at iteration 12461
2026-01-08 17:09:59,268 - INFO: Loss: 0.216764
2026-01-08 17:09:59,269 - INFO: Training ROC-AUC: 0.955556
2026-01-08 17:09:59,269 - INFO: Validation ROC-AUC: 0.773574
2026-01-08 17:10:13,292 - INFO: Evaluating at iteration 12961
2026-01-08 17:10:14,345 - INFO: Loss: 0.312271
2026-01-08 17:10:14,345 - INFO: Training ROC-AUC: 0.880208
2026-01-08 17:10:14,345 - INFO: Validation ROC-AUC: 0.778288
2026-01-08 17:10:19,708 - INFO: Starting epoch 7
2026-01-08 17:10:19,737 - INFO: Evaluating at iteration 13153
2026-01-08 17:10:20,783 - INFO: Loss: 0.142265
2026-01-08 17:10:20,784 - INFO: Training ROC-AUC: 0.988506
2026-01-08 17:10:20,784 - INFO: Validation ROC-AUC: 0.772441
2026-01-08 17:10:34,910 - INFO: Evaluating at iteration 13653
2026-01-08 17:10:35,960 - INFO: Loss: 0.221207
2026-01-08 17:10:35,960 - INFO: Training ROC-AUC: 0.982857
2026-01-08 17:10:35,960 - INFO: Validation ROC-AUC: 0.771964
2026-01-08 17:10:50,031 - INFO: Evaluating at iteration 14153
2026-01-08 17:10:51,095 - INFO: Loss: 0.217774
2026-01-08 17:10:51,095 - INFO: Training ROC-AUC: 0.897436
2026-01-08 17:10:51,095 - INFO: Validation ROC-AUC: 0.769384
2026-01-08 17:11:05,168 - INFO: Evaluating at iteration 14653
2026-01-08 17:11:06,258 - INFO: Loss: 0.159460
2026-01-08 17:11:06,258 - INFO: Training ROC-AUC: 0.833333
2026-01-08 17:11:06,258 - INFO: Validation ROC-AUC: 0.757812
2026-01-08 17:11:20,195 - INFO: Evaluating at iteration 15153
2026-01-08 17:11:21,242 - INFO: Loss: 0.203127
2026-01-08 17:11:21,242 - INFO: Training ROC-AUC: 0.896552
2026-01-08 17:11:21,242 - INFO: Validation ROC-AUC: 0.777640
2026-01-08 17:11:26,615 - INFO: Starting epoch 8
2026-01-08 17:11:26,645 - INFO: Evaluating at iteration 15345
2026-01-08 17:11:27,693 - INFO: Loss: 0.342148
2026-01-08 17:11:27,693 - INFO: Training ROC-AUC: 0.794872
2026-01-08 17:11:27,693 - INFO: Validation ROC-AUC: 0.777138
2026-01-08 17:11:41,768 - INFO: Evaluating at iteration 15845
2026-01-08 17:11:42,812 - INFO: Loss: 0.171404
2026-01-08 17:11:42,813 - INFO: Training ROC-AUC: 1.000000
2026-01-08 17:11:42,813 - INFO: Validation ROC-AUC: 0.767834
2026-01-08 17:11:56,872 - INFO: Evaluating at iteration 16345
2026-01-08 17:11:57,922 - INFO: Loss: 0.288555
2026-01-08 17:11:57,922 - INFO: Training ROC-AUC: 0.951691
2026-01-08 17:11:57,922 - INFO: Validation ROC-AUC: 0.762912
2026-01-08 17:12:12,028 - INFO: Evaluating at iteration 16845
2026-01-08 17:12:13,110 - INFO: Loss: 0.336267
2026-01-08 17:12:13,110 - INFO: Training ROC-AUC: 0.858974
2026-01-08 17:12:13,110 - INFO: Validation ROC-AUC: 0.761792
2026-01-08 17:12:27,117 - INFO: Evaluating at iteration 17345
2026-01-08 17:12:28,166 - INFO: Loss: 0.209341
2026-01-08 17:12:28,166 - INFO: Training ROC-AUC: 0.873563
2026-01-08 17:12:28,166 - INFO: Validation ROC-AUC: 0.785130
2026-01-08 17:12:33,539 - INFO: Starting epoch 9
2026-01-08 17:12:33,568 - INFO: Evaluating at iteration 17537
2026-01-08 17:12:34,656 - INFO: Loss: 0.151223
2026-01-08 17:12:34,657 - INFO: Training ROC-AUC: 0.838710
2026-01-08 17:12:34,657 - INFO: Validation ROC-AUC: 0.759834
2026-01-08 17:12:48,715 - INFO: Evaluating at iteration 18037
2026-01-08 17:12:49,804 - INFO: Loss: 0.234375
2026-01-08 17:12:49,804 - INFO: Training ROC-AUC: 0.916667
2026-01-08 17:12:49,804 - INFO: Validation ROC-AUC: 0.772419
2026-01-08 17:13:03,874 - INFO: Evaluating at iteration 18537
2026-01-08 17:13:04,956 - INFO: Loss: 0.227344
2026-01-08 17:13:04,956 - INFO: Training ROC-AUC: 0.908046
2026-01-08 17:13:04,956 - INFO: Validation ROC-AUC: 0.769839
2026-01-08 17:13:19,117 - INFO: Evaluating at iteration 19037
2026-01-08 17:13:20,200 - INFO: Loss: 0.183101
2026-01-08 17:13:20,200 - INFO: Training ROC-AUC: 0.916667
2026-01-08 17:13:20,200 - INFO: Validation ROC-AUC: 0.747958
2026-01-08 17:13:34,291 - INFO: Evaluating at iteration 19537
2026-01-08 17:13:35,351 - INFO: Loss: 0.317896
2026-01-08 17:13:35,351 - INFO: Training ROC-AUC: 0.963636
2026-01-08 17:13:35,351 - INFO: Validation ROC-AUC: 0.767486
2026-01-08 17:13:40,748 - INFO: Starting epoch 10
2026-01-08 17:13:40,779 - INFO: Evaluating at iteration 19729
2026-01-08 17:13:41,825 - INFO: Loss: 0.378254
2026-01-08 17:13:41,825 - INFO: Training ROC-AUC: 0.897143
2026-01-08 17:13:41,825 - INFO: Validation ROC-AUC: 0.759466
2026-01-08 17:13:55,983 - INFO: Evaluating at iteration 20229
2026-01-08 17:13:57,031 - INFO: Loss: 0.059056
2026-01-08 17:13:57,032 - INFO: Training ROC-AUC: 1.000000
2026-01-08 17:13:57,032 - INFO: Validation ROC-AUC: 0.765786
2026-01-08 17:14:11,127 - INFO: Evaluating at iteration 20729
2026-01-08 17:14:12,173 - INFO: Loss: 0.168017
2026-01-08 17:14:12,173 - INFO: Training ROC-AUC: 0.977778
2026-01-08 17:14:12,173 - INFO: Validation ROC-AUC: 0.775361
2026-01-08 17:14:26,308 - INFO: Evaluating at iteration 21229
2026-01-08 17:14:27,383 - INFO: Loss: 0.151719
2026-01-08 17:14:27,383 - INFO: Training ROC-AUC: 0.982143
2026-01-08 17:14:27,383 - INFO: Validation ROC-AUC: 0.767905
2026-01-08 17:14:41,471 - INFO: Evaluating at iteration 21729
2026-01-08 17:14:42,519 - INFO: Loss: 0.251066
2026-01-08 17:14:42,519 - INFO: Training ROC-AUC: 0.844444
2026-01-08 17:14:42,519 - INFO: Validation ROC-AUC: 0.764345
2026-01-08 17:14:47,948 - INFO: Starting epoch 11
2026-01-08 17:14:47,979 - INFO: Evaluating at iteration 21921
2026-01-08 17:14:49,039 - INFO: Loss: 0.220837
2026-01-08 17:14:49,039 - INFO: Training ROC-AUC: 0.942857
2026-01-08 17:14:49,039 - INFO: Validation ROC-AUC: 0.758556
2026-01-08 17:15:03,288 - INFO: Evaluating at iteration 22421
2026-01-08 17:15:04,367 - INFO: Loss: 0.368372
2026-01-08 17:15:04,367 - INFO: Training ROC-AUC: 0.785185
2026-01-08 17:15:04,367 - INFO: Validation ROC-AUC: 0.778215
2026-01-08 17:15:18,612 - INFO: Evaluating at iteration 22921
2026-01-08 17:15:19,716 - INFO: Loss: 0.175418
2026-01-08 17:15:19,717 - INFO: Training ROC-AUC: 0.946429
2026-01-08 17:15:19,717 - INFO: Validation ROC-AUC: 0.777738
2026-01-08 17:15:34,062 - INFO: Evaluating at iteration 23421
2026-01-08 17:15:35,184 - INFO: Loss: 0.408880
2026-01-08 17:15:35,184 - INFO: Training ROC-AUC: 0.723214
2026-01-08 17:15:35,184 - INFO: Validation ROC-AUC: 0.766662
2026-01-08 17:15:49,699 - INFO: Evaluating at iteration 23921
2026-01-08 17:15:50,744 - INFO: Loss: 0.156592
2026-01-08 17:15:50,744 - INFO: Training ROC-AUC: 0.994286
2026-01-08 17:15:50,744 - INFO: Validation ROC-AUC: 0.761824
2026-01-08 17:15:56,160 - INFO: Starting epoch 12
2026-01-08 17:15:56,189 - INFO: Evaluating at iteration 24113
2026-01-08 17:15:57,238 - INFO: Loss: 0.243497
2026-01-08 17:15:57,238 - INFO: Training ROC-AUC: 0.910714
2026-01-08 17:15:57,238 - INFO: Validation ROC-AUC: 0.773466
2026-01-08 17:16:11,623 - INFO: Evaluating at iteration 24613
2026-01-08 17:16:12,665 - INFO: Loss: 0.156013
2026-01-08 17:16:12,665 - INFO: Training ROC-AUC: 0.962963
2026-01-08 17:16:12,665 - INFO: Validation ROC-AUC: 0.762512
2026-01-08 17:16:26,930 - INFO: Evaluating at iteration 25113
2026-01-08 17:16:28,016 - INFO: Loss: 0.188913
2026-01-08 17:16:28,016 - INFO: Training ROC-AUC: 0.800000
2026-01-08 17:16:28,016 - INFO: Validation ROC-AUC: 0.764273
2026-01-08 17:16:42,372 - INFO: Evaluating at iteration 25613
2026-01-08 17:16:43,413 - INFO: Loss: 0.261438
2026-01-08 17:16:43,414 - INFO: Training ROC-AUC: 0.903704
2026-01-08 17:16:43,414 - INFO: Validation ROC-AUC: 0.752786
2026-01-08 17:16:57,522 - INFO: Evaluating at iteration 26113
2026-01-08 17:16:58,570 - INFO: Loss: 0.246293
2026-01-08 17:16:58,570 - INFO: Training ROC-AUC: 0.827586
2026-01-08 17:16:58,570 - INFO: Validation ROC-AUC: 0.770444
2026-01-08 17:17:03,974 - INFO: Starting epoch 13
2026-01-08 17:17:04,006 - INFO: Evaluating at iteration 26305
2026-01-08 17:17:05,066 - INFO: Loss: 0.218863
2026-01-08 17:17:05,066 - INFO: Training ROC-AUC: 0.911111
2026-01-08 17:17:05,066 - INFO: Validation ROC-AUC: 0.756332
2026-01-08 17:17:19,328 - INFO: Evaluating at iteration 26805
2026-01-08 17:17:20,402 - INFO: Loss: 0.260440
2026-01-08 17:17:20,403 - INFO: Training ROC-AUC: 0.908571
2026-01-08 17:17:20,403 - INFO: Validation ROC-AUC: 0.757282
2026-01-08 17:17:34,747 - INFO: Evaluating at iteration 27305
2026-01-08 17:17:35,824 - INFO: Loss: 0.117609
2026-01-08 17:17:35,824 - INFO: Training ROC-AUC: 1.000000
2026-01-08 17:17:35,824 - INFO: Validation ROC-AUC: 0.774951
2026-01-08 17:17:50,124 - INFO: Evaluating at iteration 27805
2026-01-08 17:17:51,178 - INFO: Loss: 0.276162
2026-01-08 17:17:51,178 - INFO: Training ROC-AUC: 0.881481
2026-01-08 17:17:51,178 - INFO: Validation ROC-AUC: 0.771218
2026-01-08 17:18:05,511 - INFO: Evaluating at iteration 28305
2026-01-08 17:18:06,563 - INFO: Loss: 0.151137
2026-01-08 17:18:06,563 - INFO: Training ROC-AUC: 0.977778
2026-01-08 17:18:06,563 - INFO: Validation ROC-AUC: 0.762782
2026-01-08 17:18:12,002 - INFO: Starting epoch 14
2026-01-08 17:18:12,031 - INFO: Evaluating at iteration 28497
2026-01-08 17:18:13,077 - INFO: Loss: 0.267791
2026-01-08 17:18:13,077 - INFO: Training ROC-AUC: 0.865385
2026-01-08 17:18:13,077 - INFO: Validation ROC-AUC: 0.759143
2026-01-08 17:18:27,161 - INFO: Evaluating at iteration 28997
2026-01-08 17:18:28,232 - INFO: Loss: 0.183901
2026-01-08 17:18:28,233 - INFO: Training ROC-AUC: 0.870968
2026-01-08 17:18:28,233 - INFO: Validation ROC-AUC: 0.762477
2026-01-08 17:18:42,379 - INFO: Evaluating at iteration 29497
2026-01-08 17:18:43,430 - INFO: Loss: 0.199769
2026-01-08 17:18:43,430 - INFO: Training ROC-AUC: 0.987179
2026-01-08 17:18:43,430 - INFO: Validation ROC-AUC: 0.760260
2026-01-08 17:18:57,878 - INFO: Evaluating at iteration 29997
2026-01-08 17:18:58,932 - INFO: Loss: 0.194150
2026-01-08 17:18:58,932 - INFO: Training ROC-AUC: 0.979167
2026-01-08 17:18:58,932 - INFO: Validation ROC-AUC: 0.765759
2026-01-08 17:19:13,237 - INFO: Evaluating at iteration 30497
2026-01-08 17:19:14,294 - INFO: Loss: 0.235606
2026-01-08 17:19:14,294 - INFO: Training ROC-AUC: 0.947917
2026-01-08 17:19:14,294 - INFO: Validation ROC-AUC: 0.770283
2026-01-08 17:19:19,737 - INFO: Starting epoch 15
2026-01-08 17:19:19,767 - INFO: Evaluating at iteration 30689
2026-01-08 17:19:20,828 - INFO: Loss: 0.272275
2026-01-08 17:19:20,828 - INFO: Training ROC-AUC: 0.937500
2026-01-08 17:19:20,828 - INFO: Validation ROC-AUC: 0.758055
2026-01-08 17:19:35,331 - INFO: Evaluating at iteration 31189
2026-01-08 17:19:36,391 - INFO: Loss: 0.209614
2026-01-08 17:19:36,391 - INFO: Training ROC-AUC: 0.923077
2026-01-08 17:19:36,391 - INFO: Validation ROC-AUC: 0.767802
2026-01-08 17:19:50,747 - INFO: Evaluating at iteration 31689
2026-01-08 17:19:51,808 - INFO: Loss: 0.308324
2026-01-08 17:19:51,808 - INFO: Training ROC-AUC: 0.921875
2026-01-08 17:19:51,808 - INFO: Validation ROC-AUC: 0.768983
2026-01-08 17:20:06,021 - INFO: Evaluating at iteration 32189
2026-01-08 17:20:07,083 - INFO: Loss: 0.250925
2026-01-08 17:20:07,084 - INFO: Training ROC-AUC: 0.942708
2026-01-08 17:20:07,084 - INFO: Validation ROC-AUC: 0.778700
2026-01-08 17:20:21,229 - INFO: Evaluating at iteration 32689
2026-01-08 17:20:22,286 - INFO: Loss: 0.256178
2026-01-08 17:20:22,286 - INFO: Training ROC-AUC: 0.918519
2026-01-08 17:20:22,286 - INFO: Validation ROC-AUC: 0.747874
2026-01-08 17:20:27,667 - INFO: Starting epoch 16
2026-01-08 17:20:27,696 - INFO: Evaluating at iteration 32881
2026-01-08 17:20:28,742 - INFO: Loss: 0.275412
2026-01-08 17:20:28,742 - INFO: Training ROC-AUC: 0.910256
2026-01-08 17:20:28,742 - INFO: Validation ROC-AUC: 0.763488
2026-01-08 17:20:43,202 - INFO: Evaluating at iteration 33381
2026-01-08 17:20:44,255 - INFO: Loss: 0.259650
2026-01-08 17:20:44,255 - INFO: Training ROC-AUC: 0.911111
2026-01-08 17:20:44,255 - INFO: Validation ROC-AUC: 0.758092
2026-01-08 17:20:58,469 - INFO: Evaluating at iteration 33881
2026-01-08 17:20:59,510 - INFO: Loss: 0.260804
2026-01-08 17:20:59,510 - INFO: Training ROC-AUC: 0.950000
2026-01-08 17:20:59,510 - INFO: Validation ROC-AUC: 0.778730
2026-01-08 17:21:13,925 - INFO: Evaluating at iteration 34381
2026-01-08 17:21:15,010 - INFO: Loss: 0.226174
2026-01-08 17:21:15,011 - INFO: Training ROC-AUC: 0.918519
2026-01-08 17:21:15,011 - INFO: Validation ROC-AUC: 0.757345
2026-01-08 17:21:29,459 - INFO: Evaluating at iteration 34881
2026-01-08 17:21:30,515 - INFO: Loss: 0.296653
2026-01-08 17:21:30,515 - INFO: Training ROC-AUC: 0.878205
2026-01-08 17:21:30,515 - INFO: Validation ROC-AUC: 0.757735
2026-01-08 17:21:35,929 - INFO: Starting epoch 17
2026-01-08 17:21:35,959 - INFO: Evaluating at iteration 35073
2026-01-08 17:21:37,010 - INFO: Loss: 0.129758
2026-01-08 17:21:37,010 - INFO: Training ROC-AUC: 0.985185
2026-01-08 17:21:37,010 - INFO: Validation ROC-AUC: 0.772803
2026-01-08 17:21:51,155 - INFO: Evaluating at iteration 35573
2026-01-08 17:21:52,201 - INFO: Loss: 0.349280
2026-01-08 17:21:52,201 - INFO: Training ROC-AUC: 0.701149
2026-01-08 17:21:52,201 - INFO: Validation ROC-AUC: 0.767635
2026-01-08 17:22:06,667 - INFO: Evaluating at iteration 36073
2026-01-08 17:22:07,719 - INFO: Loss: 0.279386
2026-01-08 17:22:07,719 - INFO: Training ROC-AUC: 0.974026
2026-01-08 17:22:07,719 - INFO: Validation ROC-AUC: 0.755006
2026-01-08 17:22:22,002 - INFO: Evaluating at iteration 36573
2026-01-08 17:22:23,085 - INFO: Loss: 0.177565
2026-01-08 17:22:23,085 - INFO: Training ROC-AUC: 0.964286
2026-01-08 17:22:23,085 - INFO: Validation ROC-AUC: 0.759799
2026-01-08 17:22:37,501 - INFO: Evaluating at iteration 37073
2026-01-08 17:22:38,555 - INFO: Loss: 0.124723
2026-01-08 17:22:38,556 - INFO: Training ROC-AUC: 0.933333
2026-01-08 17:22:38,556 - INFO: Validation ROC-AUC: 0.764514
2026-01-08 17:22:44,117 - INFO: Starting epoch 18
2026-01-08 17:22:44,147 - INFO: Evaluating at iteration 37265
2026-01-08 17:22:45,199 - INFO: Loss: 0.177546
2026-01-08 17:22:45,200 - INFO: Training ROC-AUC: 0.983333
2026-01-08 17:22:45,200 - INFO: Validation ROC-AUC: 0.763979
2026-01-08 17:22:59,569 - INFO: Evaluating at iteration 37765
2026-01-08 17:23:00,612 - INFO: Loss: 0.383128
2026-01-08 17:23:00,612 - INFO: Training ROC-AUC: 0.874396
2026-01-08 17:23:00,612 - INFO: Validation ROC-AUC: 0.759822
2026-01-08 17:23:14,833 - INFO: Evaluating at iteration 38265
2026-01-08 17:23:15,903 - INFO: Loss: 0.194349
2026-01-08 17:23:15,903 - INFO: Training ROC-AUC: 0.962963
2026-01-08 17:23:15,903 - INFO: Validation ROC-AUC: 0.747956
2026-01-08 17:23:30,415 - INFO: Evaluating at iteration 38765
2026-01-08 17:23:31,477 - INFO: Loss: 0.238715
2026-01-08 17:23:31,477 - INFO: Training ROC-AUC: 0.961353
2026-01-08 17:23:31,477 - INFO: Validation ROC-AUC: 0.761424
2026-01-08 17:23:45,993 - INFO: Evaluating at iteration 39265
2026-01-08 17:23:47,036 - INFO: Loss: 0.099081
2026-01-08 17:23:47,036 - INFO: Training ROC-AUC: 1.000000
2026-01-08 17:23:47,036 - INFO: Validation ROC-AUC: 0.756265
2026-01-08 17:23:52,502 - INFO: Starting epoch 19
2026-01-08 17:23:52,532 - INFO: Evaluating at iteration 39457
2026-01-08 17:23:53,571 - INFO: Loss: 0.142230
2026-01-08 17:23:53,571 - INFO: Training ROC-AUC: 0.982143
2026-01-08 17:23:53,571 - INFO: Validation ROC-AUC: 0.766925
2026-01-08 17:24:07,914 - INFO: Evaluating at iteration 39957
2026-01-08 17:24:08,980 - INFO: Loss: 0.213738
2026-01-08 17:24:08,980 - INFO: Training ROC-AUC: 0.885057
2026-01-08 17:24:08,980 - INFO: Validation ROC-AUC: 0.758034
2026-01-08 17:24:23,441 - INFO: Evaluating at iteration 40457
2026-01-08 17:24:24,514 - INFO: Loss: 0.302020
2026-01-08 17:24:24,514 - INFO: Training ROC-AUC: 0.929487
2026-01-08 17:24:24,514 - INFO: Validation ROC-AUC: 0.754325
2026-01-08 17:24:39,076 - INFO: Evaluating at iteration 40957
2026-01-08 17:24:40,132 - INFO: Loss: 0.182215
2026-01-08 17:24:40,132 - INFO: Training ROC-AUC: 0.896552
2026-01-08 17:24:40,132 - INFO: Validation ROC-AUC: 0.762359
2026-01-08 17:24:54,435 - INFO: Evaluating at iteration 41457
2026-01-08 17:24:55,479 - INFO: Loss: 0.205169
2026-01-08 17:24:55,479 - INFO: Training ROC-AUC: 0.961538
2026-01-08 17:24:55,479 - INFO: Validation ROC-AUC: 0.757621
2026-01-08 17:25:00,967 - INFO: Starting epoch 20
2026-01-08 17:25:00,997 - INFO: Evaluating at iteration 41649
2026-01-08 17:25:02,040 - INFO: Loss: 0.198667
2026-01-08 17:25:02,040 - INFO: Training ROC-AUC: 0.866667
2026-01-08 17:25:02,040 - INFO: Validation ROC-AUC: 0.767460
2026-01-08 17:25:16,362 - INFO: Evaluating at iteration 42149
2026-01-08 17:25:17,430 - INFO: Loss: 0.127226
2026-01-08 17:25:17,430 - INFO: Training ROC-AUC: 0.964286
2026-01-08 17:25:17,430 - INFO: Validation ROC-AUC: 0.756999
2026-01-08 17:25:31,817 - INFO: Evaluating at iteration 42649
2026-01-08 17:25:32,874 - INFO: Loss: 0.081767
2026-01-08 17:25:32,874 - INFO: Training ROC-AUC: 1.000000
2026-01-08 17:25:32,874 - INFO: Validation ROC-AUC: 0.760192
2026-01-08 17:25:47,428 - INFO: Evaluating at iteration 43149
2026-01-08 17:25:48,529 - INFO: Loss: 0.095075
2026-01-08 17:25:48,529 - INFO: Training ROC-AUC: 1.000000
2026-01-08 17:25:48,529 - INFO: Validation ROC-AUC: 0.765078
2026-01-08 17:26:03,183 - INFO: Evaluating at iteration 43649
2026-01-08 17:26:04,261 - INFO: Loss: 0.310036
2026-01-08 17:26:04,261 - INFO: Training ROC-AUC: 0.874074
2026-01-08 17:26:04,261 - INFO: Validation ROC-AUC: 0.768630
2026-01-08 17:26:09,898 - INFO: Starting epoch 21
2026-01-08 17:26:09,929 - INFO: Evaluating at iteration 43841
2026-01-08 17:26:10,987 - INFO: Loss: 0.137927
2026-01-08 17:26:10,988 - INFO: Training ROC-AUC: 1.000000
2026-01-08 17:26:10,988 - INFO: Validation ROC-AUC: 0.756946
2026-01-08 17:26:25,608 - INFO: Evaluating at iteration 44341
2026-01-08 17:26:26,675 - INFO: Loss: 0.247428
2026-01-08 17:26:26,676 - INFO: Training ROC-AUC: 0.948718
2026-01-08 17:26:26,676 - INFO: Validation ROC-AUC: 0.757986
2026-01-08 17:26:41,028 - INFO: Evaluating at iteration 44841
2026-01-08 17:26:42,067 - INFO: Loss: 0.095354
2026-01-08 17:26:42,067 - INFO: Training ROC-AUC: 1.000000
2026-01-08 17:26:42,067 - INFO: Validation ROC-AUC: 0.759410
2026-01-08 17:26:56,461 - INFO: Evaluating at iteration 45341
2026-01-08 17:26:57,516 - INFO: Loss: 0.139931
2026-01-08 17:26:57,516 - INFO: Training ROC-AUC: 0.919540
2026-01-08 17:26:57,516 - INFO: Validation ROC-AUC: 0.768328
2026-01-08 17:27:12,141 - INFO: Evaluating at iteration 45841
2026-01-08 17:27:13,183 - INFO: Loss: 0.192822
2026-01-08 17:27:13,184 - INFO: Training ROC-AUC: 0.958333
2026-01-08 17:27:13,184 - INFO: Validation ROC-AUC: 0.761808
2026-01-08 17:27:18,693 - INFO: Starting epoch 22
2026-01-08 17:27:18,723 - INFO: Evaluating at iteration 46033
2026-01-08 17:27:19,797 - INFO: Loss: 0.082080
2026-01-08 17:27:19,797 - INFO: Training ROC-AUC: 1.000000
2026-01-08 17:27:19,797 - INFO: Validation ROC-AUC: 0.766130
2026-01-08 17:27:34,282 - INFO: Evaluating at iteration 46533
2026-01-08 17:27:35,354 - INFO: Loss: 0.416884
2026-01-08 17:27:35,354 - INFO: Training ROC-AUC: 0.770370
2026-01-08 17:27:35,354 - INFO: Validation ROC-AUC: 0.765517
2026-01-08 17:27:49,875 - INFO: Evaluating at iteration 47033
2026-01-08 17:27:50,926 - INFO: Loss: 0.325365
2026-01-08 17:27:50,926 - INFO: Training ROC-AUC: 0.891026
2026-01-08 17:27:50,926 - INFO: Validation ROC-AUC: 0.757194
2026-01-08 17:28:05,489 - INFO: Evaluating at iteration 47533
2026-01-08 17:28:06,535 - INFO: Loss: 0.264038
2026-01-08 17:28:06,536 - INFO: Training ROC-AUC: 0.888889
2026-01-08 17:28:06,536 - INFO: Validation ROC-AUC: 0.766108
2026-01-08 17:28:21,045 - INFO: Evaluating at iteration 48033
2026-01-08 17:28:22,092 - INFO: Loss: 0.323561
2026-01-08 17:28:22,092 - INFO: Training ROC-AUC: 0.866667
2026-01-08 17:28:22,092 - INFO: Validation ROC-AUC: 0.767201
2026-01-08 17:28:27,593 - INFO: Starting epoch 23
2026-01-08 17:28:27,623 - INFO: Evaluating at iteration 48225
2026-01-08 17:28:28,672 - INFO: Loss: 0.191835
2026-01-08 17:28:28,672 - INFO: Training ROC-AUC: 0.974359
2026-01-08 17:28:28,672 - INFO: Validation ROC-AUC: 0.758504
2026-01-08 17:28:43,175 - INFO: Evaluating at iteration 48725
2026-01-08 17:28:44,253 - INFO: Loss: 0.160593
2026-01-08 17:28:44,253 - INFO: Training ROC-AUC: 0.928571
2026-01-08 17:28:44,253 - INFO: Validation ROC-AUC: 0.751674
2026-01-08 17:28:58,750 - INFO: Evaluating at iteration 49225
2026-01-08 17:28:59,806 - INFO: Loss: 0.134536
2026-01-08 17:28:59,806 - INFO: Training ROC-AUC: 1.000000
2026-01-08 17:28:59,806 - INFO: Validation ROC-AUC: 0.760911
2026-01-08 17:29:14,407 - INFO: Evaluating at iteration 49725
2026-01-08 17:29:15,454 - INFO: Loss: 0.163047
2026-01-08 17:29:15,454 - INFO: Training ROC-AUC: 0.964286
2026-01-08 17:29:15,454 - INFO: Validation ROC-AUC: 0.756278
2026-01-08 17:29:29,965 - INFO: Evaluating at iteration 50225
2026-01-08 17:29:31,006 - INFO: Loss: 0.176807
2026-01-08 17:29:31,006 - INFO: Training ROC-AUC: 0.946429
2026-01-08 17:29:31,006 - INFO: Validation ROC-AUC: 0.758658
2026-01-08 17:29:36,588 - INFO: Starting epoch 24
2026-01-08 17:29:36,617 - INFO: Evaluating at iteration 50417
2026-01-08 17:29:37,666 - INFO: Loss: 0.099570
2026-01-08 17:29:37,666 - INFO: Training ROC-AUC: 1.000000
2026-01-08 17:29:37,666 - INFO: Validation ROC-AUC: 0.765182
2026-01-08 17:29:52,262 - INFO: Evaluating at iteration 50917
2026-01-08 17:29:53,376 - INFO: Loss: 0.195623
2026-01-08 17:29:53,376 - INFO: Training ROC-AUC: 0.955128
2026-01-08 17:29:53,376 - INFO: Validation ROC-AUC: 0.762315
2026-01-08 17:30:07,977 - INFO: Evaluating at iteration 51417
2026-01-08 17:30:09,020 - INFO: Loss: 0.163648
2026-01-08 17:30:09,020 - INFO: Training ROC-AUC: 0.962963
2026-01-08 17:30:09,020 - INFO: Validation ROC-AUC: 0.758104
2026-01-08 17:30:23,629 - INFO: Evaluating at iteration 51917
2026-01-08 17:30:24,696 - INFO: Loss: 0.186587
2026-01-08 17:30:24,696 - INFO: Training ROC-AUC: 1.000000
2026-01-08 17:30:24,696 - INFO: Validation ROC-AUC: 0.759412
2026-01-08 17:30:39,176 - INFO: Evaluating at iteration 52417
2026-01-08 17:30:40,223 - INFO: Loss: 0.354676
2026-01-08 17:30:40,223 - INFO: Training ROC-AUC: 0.897436
2026-01-08 17:30:40,223 - INFO: Validation ROC-AUC: 0.756221
2026-01-08 17:30:45,774 - INFO: Starting epoch 25
2026-01-08 17:30:45,805 - INFO: Evaluating at iteration 52609
2026-01-08 17:30:46,852 - INFO: Loss: 0.141672
2026-01-08 17:30:46,852 - INFO: Training ROC-AUC: 0.967949
2026-01-08 17:30:46,852 - INFO: Validation ROC-AUC: 0.757665
2026-01-08 17:31:01,424 - INFO: Evaluating at iteration 53109
2026-01-08 17:31:02,469 - INFO: Loss: 0.116657
2026-01-08 17:31:02,469 - INFO: Training ROC-AUC: 0.987179
2026-01-08 17:31:02,469 - INFO: Validation ROC-AUC: 0.750209
2026-01-08 17:31:17,150 - INFO: Evaluating at iteration 53609
2026-01-08 17:31:18,200 - INFO: Loss: 0.209187
2026-01-08 17:31:18,200 - INFO: Training ROC-AUC: 0.965714
2026-01-08 17:31:18,200 - INFO: Validation ROC-AUC: 0.761984
2026-01-08 17:31:32,900 - INFO: Evaluating at iteration 54109
2026-01-08 17:31:33,989 - INFO: Loss: 0.055916
2026-01-08 17:31:33,989 - INFO: Training ROC-AUC: 1.000000
2026-01-08 17:31:33,989 - INFO: Validation ROC-AUC: 0.765744
2026-01-08 17:31:48,734 - INFO: Evaluating at iteration 54609
2026-01-08 17:31:49,806 - INFO: Loss: 0.256018
2026-01-08 17:31:49,806 - INFO: Training ROC-AUC: 0.948571
2026-01-08 17:31:49,807 - INFO: Validation ROC-AUC: 0.763637
2026-01-08 17:31:55,372 - INFO: Saving model to models/TCRStructMap_peptide_split/model_5.pt
