2026-06-30 14:37:48,855 - INFO: Parameter: training_data='data/processed/sequences_pMHC_split.h5'
2026-06-30 14:37:48,856 - INFO: Parameter: contact_maps='data/processed/contact_maps.h5'
2026-06-30 14:37:48,856 - INFO: Parameter: output='models/TCRStructMap_pMHC_split_cdrs_peptide'
2026-06-30 14:37:48,856 - INFO: Parameter: seed=123
2026-06-30 14:37:48,856 - INFO: Parameter: features_to_include=['cdr1_alpha', 'cdr2_alpha', 'cdr3_alpha', 'cdr1_beta', 'cdr2_beta', 'cdr3_beta', 'peptide']
2026-06-30 14:37:48,856 - INFO: Parameter: cdr1_alpha_length=8
2026-06-30 14:37:48,856 - INFO: Parameter: cdr2_alpha_length=8
2026-06-30 14:37:48,856 - INFO: Parameter: cdr3_alpha_length=24
2026-06-30 14:37:48,857 - INFO: Parameter: cdr1_beta_length=8
2026-06-30 14:37:48,857 - INFO: Parameter: cdr2_beta_length=8
2026-06-30 14:37:48,857 - INFO: Parameter: cdr3_beta_length=24
2026-06-30 14:37:48,857 - INFO: Parameter: peptide_length=12
2026-06-30 14:37:48,857 - INFO: Parameter: mhc_pseudo_length=26
2026-06-30 14:37:48,857 - INFO: Parameter: batch_size=32
2026-06-30 14:37:48,857 - INFO: Parameter: num_epochs=25
2026-06-30 14:37:48,857 - INFO: Parameter: learning_rate=0.001
2026-06-30 14:37:48,857 - INFO: Parameter: drop_out_rate=0.2
2026-06-30 14:37:48,857 - INFO: Parameter: learn_contact_maps=False
2026-06-30 14:37:48,857 - INFO: Parameter: checkpoint_interval=1000
2026-06-30 14:37:48,857 - INFO: Parameter: eval_interval=500
2026-06-30 14:37:48,858 - INFO: Parameter: eval_batch_size=1000
2026-06-30 14:37:48,858 - INFO: Parameter: log_level='info'
2026-06-30 14:37:48,858 - INFO: Parameter: log_file='data/logs/train_TCRStructMap_pMHC_split_cdrs_peptide.log'
2026-06-30 14:37:48,858 - INFO: Setting random seed to 123
2026-06-30 14:37:48,930 - INFO: Loading contact maps from data/processed/contact_maps.h5
2026-06-30 14:37:49,014 - INFO: Loading training data from data/processed/sequences_pMHC_split.h5
2026-06-30 14:37:53,917 - INFO: Creating models/TCRStructMap_pMHC_split_cdrs_peptide
2026-06-30 14:37:53,919 - INFO: Starting fold 1
2026-06-30 14:37:53,929 - INFO: Initialising model
2026-06-30 14:38:18,021 - INFO: Starting training
2026-06-30 14:38:18,021 - INFO: Starting epoch 1
2026-06-30 14:38:18,315 - INFO: Evaluating at iteration 1
2026-06-30 14:38:18,370 - INFO: Loss: 0.686285
2026-06-30 14:38:18,371 - INFO: Training ROC-AUC: 0.562963
2026-06-30 14:38:18,371 - INFO: Validation ROC-AUC: 0.531327
2026-06-30 14:38:30,139 - INFO: Evaluating at iteration 501
2026-06-30 14:38:30,191 - INFO: Loss: 0.332076
2026-06-30 14:38:30,191 - INFO: Training ROC-AUC: 0.172414
2026-06-30 14:38:30,191 - INFO: Validation ROC-AUC: 0.508042
2026-06-30 14:38:42,157 - INFO: Evaluating at iteration 1001
2026-06-30 14:38:42,206 - INFO: Loss: 0.486614
2026-06-30 14:38:42,206 - INFO: Training ROC-AUC: 0.435897
2026-06-30 14:38:42,206 - INFO: Validation ROC-AUC: 0.530527
2026-06-30 14:38:54,210 - INFO: Evaluating at iteration 1501
2026-06-30 14:38:54,252 - INFO: Loss: 0.614041
2026-06-30 14:38:54,252 - INFO: Training ROC-AUC: 0.714976
2026-06-30 14:38:54,252 - INFO: Validation ROC-AUC: 0.571546
2026-06-30 14:39:06,332 - INFO: Evaluating at iteration 2001
2026-06-30 14:39:06,381 - INFO: Loss: 0.213232
2026-06-30 14:39:06,381 - INFO: Training ROC-AUC: 0.806452
2026-06-30 14:39:06,381 - INFO: Validation ROC-AUC: 0.561104
2026-06-30 14:39:18,118 - INFO: Evaluating at iteration 2501
2026-06-30 14:39:18,159 - INFO: Loss: 0.447608
2026-06-30 14:39:18,159 - INFO: Training ROC-AUC: 0.717949
2026-06-30 14:39:18,159 - INFO: Validation ROC-AUC: 0.525597
2026-06-30 14:39:20,186 - INFO: Starting epoch 2
2026-06-30 14:39:20,211 - INFO: Evaluating at iteration 2586
2026-06-30 14:39:20,252 - INFO: Loss: 0.276238
2026-06-30 14:39:20,252 - INFO: Training ROC-AUC: 0.908046
2026-06-30 14:39:20,252 - INFO: Validation ROC-AUC: 0.517296
2026-06-30 14:39:32,006 - INFO: Evaluating at iteration 3086
2026-06-30 14:39:32,049 - INFO: Loss: 0.474160
2026-06-30 14:39:32,049 - INFO: Training ROC-AUC: 0.748571
2026-06-30 14:39:32,049 - INFO: Validation ROC-AUC: 0.484578
2026-06-30 14:39:44,064 - INFO: Evaluating at iteration 3586
2026-06-30 14:39:44,115 - INFO: Loss: 0.446258
2026-06-30 14:39:44,115 - INFO: Training ROC-AUC: 0.540741
2026-06-30 14:39:44,115 - INFO: Validation ROC-AUC: 0.470792
2026-06-30 14:39:56,012 - INFO: Evaluating at iteration 4086
2026-06-30 14:39:56,054 - INFO: Loss: 0.452155
2026-06-30 14:39:56,055 - INFO: Training ROC-AUC: 0.717949
2026-06-30 14:39:56,055 - INFO: Validation ROC-AUC: 0.452134
2026-06-30 14:40:08,024 - INFO: Evaluating at iteration 4586
2026-06-30 14:40:08,066 - INFO: Loss: 0.329600
2026-06-30 14:40:08,066 - INFO: Training ROC-AUC: 0.770370
2026-06-30 14:40:08,067 - INFO: Validation ROC-AUC: 0.438694
2026-06-30 14:40:20,467 - INFO: Evaluating at iteration 5086
2026-06-30 14:40:20,508 - INFO: Loss: 0.288552
2026-06-30 14:40:20,508 - INFO: Training ROC-AUC: 0.839286
2026-06-30 14:40:20,508 - INFO: Validation ROC-AUC: 0.427736
2026-06-30 14:40:22,476 - INFO: Starting epoch 3
2026-06-30 14:40:22,501 - INFO: Evaluating at iteration 5171
2026-06-30 14:40:22,541 - INFO: Loss: 0.178858
2026-06-30 14:40:22,541 - INFO: Training ROC-AUC: 0.838710
2026-06-30 14:40:22,541 - INFO: Validation ROC-AUC: 0.427298
2026-06-30 14:40:34,381 - INFO: Evaluating at iteration 5671
2026-06-30 14:40:34,422 - INFO: Loss: 0.309182
2026-06-30 14:40:34,422 - INFO: Training ROC-AUC: 0.830357
2026-06-30 14:40:34,422 - INFO: Validation ROC-AUC: 0.427037
2026-06-30 14:40:46,662 - INFO: Evaluating at iteration 6171
2026-06-30 14:40:46,706 - INFO: Loss: 0.403472
2026-06-30 14:40:46,706 - INFO: Training ROC-AUC: 0.696296
2026-06-30 14:40:46,706 - INFO: Validation ROC-AUC: 0.421401
2026-06-30 14:40:58,630 - INFO: Evaluating at iteration 6671
2026-06-30 14:40:58,673 - INFO: Loss: 0.348992
2026-06-30 14:40:58,674 - INFO: Training ROC-AUC: 0.852564
2026-06-30 14:40:58,674 - INFO: Validation ROC-AUC: 0.430051
2026-06-30 14:41:10,837 - INFO: Evaluating at iteration 7171
2026-06-30 14:41:10,885 - INFO: Loss: 0.482323
2026-06-30 14:41:10,885 - INFO: Training ROC-AUC: 0.816425
2026-06-30 14:41:10,885 - INFO: Validation ROC-AUC: 0.424901
2026-06-30 14:41:22,873 - INFO: Evaluating at iteration 7671
2026-06-30 14:41:22,915 - INFO: Loss: 0.856695
2026-06-30 14:41:22,915 - INFO: Training ROC-AUC: 0.631373
2026-06-30 14:41:22,915 - INFO: Validation ROC-AUC: 0.421701
2026-06-30 14:41:24,899 - INFO: Starting epoch 4
2026-06-30 14:41:24,924 - INFO: Evaluating at iteration 7756
2026-06-30 14:41:24,965 - INFO: Loss: 0.398685
2026-06-30 14:41:24,966 - INFO: Training ROC-AUC: 0.769231
2026-06-30 14:41:24,966 - INFO: Validation ROC-AUC: 0.423889
2026-06-30 14:41:36,837 - INFO: Evaluating at iteration 8256
2026-06-30 14:41:36,879 - INFO: Loss: 0.298488
2026-06-30 14:41:36,879 - INFO: Training ROC-AUC: 0.505747
2026-06-30 14:41:36,879 - INFO: Validation ROC-AUC: 0.422139
2026-06-30 14:41:48,662 - INFO: Evaluating at iteration 8756
2026-06-30 14:41:48,708 - INFO: Loss: 0.222612
2026-06-30 14:41:48,708 - INFO: Training ROC-AUC: 0.955357
2026-06-30 14:41:48,708 - INFO: Validation ROC-AUC: 0.427977
2026-06-30 14:42:00,599 - INFO: Evaluating at iteration 9256
2026-06-30 14:42:00,647 - INFO: Loss: 0.195322
2026-06-30 14:42:00,648 - INFO: Training ROC-AUC: 0.800000
2026-06-30 14:42:00,648 - INFO: Validation ROC-AUC: 0.422282
2026-06-30 14:42:12,538 - INFO: Evaluating at iteration 9756
2026-06-30 14:42:12,583 - INFO: Loss: 0.276472
2026-06-30 14:42:12,583 - INFO: Training ROC-AUC: 0.910714
2026-06-30 14:42:12,583 - INFO: Validation ROC-AUC: 0.426410
2026-06-30 14:42:24,713 - INFO: Evaluating at iteration 10256
2026-06-30 14:42:24,755 - INFO: Loss: 0.381674
2026-06-30 14:42:24,755 - INFO: Training ROC-AUC: 0.903382
2026-06-30 14:42:24,755 - INFO: Validation ROC-AUC: 0.434887
2026-06-30 14:42:26,738 - INFO: Starting epoch 5
2026-06-30 14:42:26,763 - INFO: Evaluating at iteration 10341
2026-06-30 14:42:26,805 - INFO: Loss: 0.353049
2026-06-30 14:42:26,805 - INFO: Training ROC-AUC: 0.696429
2026-06-30 14:42:26,805 - INFO: Validation ROC-AUC: 0.436663
2026-06-30 14:42:38,764 - INFO: Evaluating at iteration 10841
2026-06-30 14:42:38,806 - INFO: Loss: 0.360945
2026-06-30 14:42:38,806 - INFO: Training ROC-AUC: 0.687500
2026-06-30 14:42:38,806 - INFO: Validation ROC-AUC: 0.443474
2026-06-30 14:42:50,636 - INFO: Evaluating at iteration 11341
2026-06-30 14:42:50,676 - INFO: Loss: 0.418453
2026-06-30 14:42:50,676 - INFO: Training ROC-AUC: 0.730769
2026-06-30 14:42:50,676 - INFO: Validation ROC-AUC: 0.432705
2026-06-30 14:43:02,635 - INFO: Evaluating at iteration 11841
2026-06-30 14:43:02,684 - INFO: Loss: 0.185126
2026-06-30 14:43:02,684 - INFO: Training ROC-AUC: 0.548387
2026-06-30 14:43:02,684 - INFO: Validation ROC-AUC: 0.446975
2026-06-30 14:43:14,569 - INFO: Evaluating at iteration 12341
2026-06-30 14:43:14,611 - INFO: Loss: 0.486766
2026-06-30 14:43:14,611 - INFO: Training ROC-AUC: 0.754286
2026-06-30 14:43:14,611 - INFO: Validation ROC-AUC: 0.442162
2026-06-30 14:43:26,482 - INFO: Evaluating at iteration 12841
2026-06-30 14:43:26,528 - INFO: Loss: 0.339290
2026-06-30 14:43:26,528 - INFO: Training ROC-AUC: 0.846154
2026-06-30 14:43:26,528 - INFO: Validation ROC-AUC: 0.451442
2026-06-30 14:43:28,521 - INFO: Starting epoch 6
2026-06-30 14:43:28,545 - INFO: Evaluating at iteration 12926
2026-06-30 14:43:28,587 - INFO: Loss: 0.433991
2026-06-30 14:43:28,587 - INFO: Training ROC-AUC: 0.833333
2026-06-30 14:43:28,587 - INFO: Validation ROC-AUC: 0.448967
2026-06-30 14:43:40,438 - INFO: Evaluating at iteration 13426
2026-06-30 14:43:40,479 - INFO: Loss: 0.158334
2026-06-30 14:43:40,479 - INFO: Training ROC-AUC: nan
2026-06-30 14:43:40,480 - INFO: Validation ROC-AUC: 0.454309
2026-06-30 14:43:52,315 - INFO: Evaluating at iteration 13926
2026-06-30 14:43:52,359 - INFO: Loss: 0.424668
2026-06-30 14:43:52,359 - INFO: Training ROC-AUC: 0.811429
2026-06-30 14:43:52,359 - INFO: Validation ROC-AUC: 0.457234
2026-06-30 14:44:04,312 - INFO: Evaluating at iteration 14426
2026-06-30 14:44:04,353 - INFO: Loss: 0.284942
2026-06-30 14:44:04,353 - INFO: Training ROC-AUC: 0.920000
2026-06-30 14:44:04,353 - INFO: Validation ROC-AUC: 0.461838
2026-06-30 14:44:16,156 - INFO: Evaluating at iteration 14926
2026-06-30 14:44:16,205 - INFO: Loss: 0.288946
2026-06-30 14:44:16,205 - INFO: Training ROC-AUC: 0.193548
2026-06-30 14:44:16,205 - INFO: Validation ROC-AUC: 0.467115
2026-06-30 14:44:28,048 - INFO: Evaluating at iteration 15426
2026-06-30 14:44:28,089 - INFO: Loss: 0.310627
2026-06-30 14:44:28,089 - INFO: Training ROC-AUC: 0.896296
2026-06-30 14:44:28,089 - INFO: Validation ROC-AUC: 0.472869
2026-06-30 14:44:30,076 - INFO: Starting epoch 7
2026-06-30 14:44:30,101 - INFO: Evaluating at iteration 15511
2026-06-30 14:44:30,141 - INFO: Loss: 0.400692
2026-06-30 14:44:30,141 - INFO: Training ROC-AUC: 0.730769
2026-06-30 14:44:30,141 - INFO: Validation ROC-AUC: 0.466789
2026-06-30 14:44:41,965 - INFO: Evaluating at iteration 16011
2026-06-30 14:44:42,006 - INFO: Loss: 0.290925
2026-06-30 14:44:42,006 - INFO: Training ROC-AUC: 0.830357
2026-06-30 14:44:42,006 - INFO: Validation ROC-AUC: 0.472516
2026-06-30 14:44:53,899 - INFO: Evaluating at iteration 16511
2026-06-30 14:44:53,939 - INFO: Loss: 0.462577
2026-06-30 14:44:53,939 - INFO: Training ROC-AUC: 0.755208
2026-06-30 14:44:53,939 - INFO: Validation ROC-AUC: 0.473463
2026-06-30 14:45:05,816 - INFO: Evaluating at iteration 17011
2026-06-30 14:45:05,858 - INFO: Loss: 0.479220
2026-06-30 14:45:05,858 - INFO: Training ROC-AUC: 0.765625
2026-06-30 14:45:05,858 - INFO: Validation ROC-AUC: 0.475755
2026-06-30 14:45:17,651 - INFO: Evaluating at iteration 17511
2026-06-30 14:45:17,699 - INFO: Loss: 0.243789
2026-06-30 14:45:17,699 - INFO: Training ROC-AUC: 0.451613
2026-06-30 14:45:17,699 - INFO: Validation ROC-AUC: 0.475546
2026-06-30 14:45:29,530 - INFO: Evaluating at iteration 18011
2026-06-30 14:45:29,571 - INFO: Loss: 0.250405
2026-06-30 14:45:29,571 - INFO: Training ROC-AUC: 0.961538
2026-06-30 14:45:29,572 - INFO: Validation ROC-AUC: 0.486727
2026-06-30 14:45:31,583 - INFO: Starting epoch 8
2026-06-30 14:45:31,610 - INFO: Evaluating at iteration 18096
2026-06-30 14:45:31,654 - INFO: Loss: 0.368602
2026-06-30 14:45:31,654 - INFO: Training ROC-AUC: 0.633929
2026-06-30 14:45:31,654 - INFO: Validation ROC-AUC: 0.486949
2026-06-30 14:45:43,729 - INFO: Evaluating at iteration 18596
2026-06-30 14:45:43,771 - INFO: Loss: 0.269574
2026-06-30 14:45:43,771 - INFO: Training ROC-AUC: 0.925926
2026-06-30 14:45:43,771 - INFO: Validation ROC-AUC: 0.485140
2026-06-30 14:45:56,015 - INFO: Evaluating at iteration 19096
2026-06-30 14:45:56,064 - INFO: Loss: 0.539338
2026-06-30 14:45:56,064 - INFO: Training ROC-AUC: 0.635417
2026-06-30 14:45:56,064 - INFO: Validation ROC-AUC: 0.491931
2026-06-30 14:46:08,235 - INFO: Evaluating at iteration 19596
2026-06-30 14:46:08,276 - INFO: Loss: 0.285058
2026-06-30 14:46:08,276 - INFO: Training ROC-AUC: 0.848214
2026-06-30 14:46:08,276 - INFO: Validation ROC-AUC: 0.485806
2026-06-30 14:46:20,079 - INFO: Evaluating at iteration 20096
2026-06-30 14:46:20,127 - INFO: Loss: 0.292648
2026-06-30 14:46:20,128 - INFO: Training ROC-AUC: 0.747126
2026-06-30 14:46:20,128 - INFO: Validation ROC-AUC: 0.490122
2026-06-30 14:46:32,006 - INFO: Evaluating at iteration 20596
2026-06-30 14:46:32,049 - INFO: Loss: 0.281386
2026-06-30 14:46:32,049 - INFO: Training ROC-AUC: 0.875000
2026-06-30 14:46:32,049 - INFO: Validation ROC-AUC: 0.491605
2026-06-30 14:46:34,066 - INFO: Starting epoch 9
2026-06-30 14:46:34,091 - INFO: Evaluating at iteration 20681
2026-06-30 14:46:34,133 - INFO: Loss: 0.149126
2026-06-30 14:46:34,133 - INFO: Training ROC-AUC: 0.800000
2026-06-30 14:46:34,133 - INFO: Validation ROC-AUC: 0.492291
2026-06-30 14:46:45,950 - INFO: Evaluating at iteration 21181
2026-06-30 14:46:45,993 - INFO: Loss: 0.301701
2026-06-30 14:46:45,994 - INFO: Training ROC-AUC: 0.881481
2026-06-30 14:46:45,994 - INFO: Validation ROC-AUC: 0.497352
2026-06-30 14:46:58,212 - INFO: Evaluating at iteration 21681
2026-06-30 14:46:58,256 - INFO: Loss: 0.259427
2026-06-30 14:46:58,256 - INFO: Training ROC-AUC: 0.888889
2026-06-30 14:46:58,256 - INFO: Validation ROC-AUC: 0.500996
2026-06-30 14:47:10,372 - INFO: Evaluating at iteration 22181
2026-06-30 14:47:10,413 - INFO: Loss: 0.146852
2026-06-30 14:47:10,413 - INFO: Training ROC-AUC: 0.988506
2026-06-30 14:47:10,413 - INFO: Validation ROC-AUC: 0.500565
2026-06-30 14:47:22,297 - INFO: Evaluating at iteration 22681
2026-06-30 14:47:22,339 - INFO: Loss: 0.218789
2026-06-30 14:47:22,340 - INFO: Training ROC-AUC: 0.873563
2026-06-30 14:47:22,340 - INFO: Validation ROC-AUC: 0.502348
2026-06-30 14:47:34,526 - INFO: Evaluating at iteration 23181
2026-06-30 14:47:34,579 - INFO: Loss: 0.243924
2026-06-30 14:47:34,579 - INFO: Training ROC-AUC: 0.965714
2026-06-30 14:47:34,579 - INFO: Validation ROC-AUC: 0.508487
2026-06-30 14:47:36,576 - INFO: Starting epoch 10
2026-06-30 14:47:36,602 - INFO: Evaluating at iteration 23266
2026-06-30 14:47:36,647 - INFO: Loss: 0.210489
2026-06-30 14:47:36,647 - INFO: Training ROC-AUC: 0.955357
2026-06-30 14:47:36,647 - INFO: Validation ROC-AUC: 0.507814
2026-06-30 14:47:48,829 - INFO: Evaluating at iteration 23766
2026-06-30 14:47:48,878 - INFO: Loss: 0.234485
2026-06-30 14:47:48,878 - INFO: Training ROC-AUC: 0.987179
2026-06-30 14:47:48,878 - INFO: Validation ROC-AUC: 0.509179
2026-06-30 14:48:00,697 - INFO: Evaluating at iteration 24266
2026-06-30 14:48:00,738 - INFO: Loss: 0.388052
2026-06-30 14:48:00,738 - INFO: Training ROC-AUC: 0.762821
2026-06-30 14:48:00,738 - INFO: Validation ROC-AUC: 0.511896
2026-06-30 14:48:12,606 - INFO: Evaluating at iteration 24766
2026-06-30 14:48:12,647 - INFO: Loss: 0.182262
2026-06-30 14:48:12,647 - INFO: Training ROC-AUC: 0.991071
2026-06-30 14:48:12,647 - INFO: Validation ROC-AUC: 0.512313
2026-06-30 14:48:24,495 - INFO: Evaluating at iteration 25266
2026-06-30 14:48:24,536 - INFO: Loss: 0.554209
2026-06-30 14:48:24,536 - INFO: Training ROC-AUC: 0.875000
2026-06-30 14:48:24,536 - INFO: Validation ROC-AUC: 0.521580
2026-06-30 14:48:36,599 - INFO: Evaluating at iteration 25766
2026-06-30 14:48:36,648 - INFO: Loss: 0.395092
2026-06-30 14:48:36,648 - INFO: Training ROC-AUC: 0.642857
2026-06-30 14:48:36,648 - INFO: Validation ROC-AUC: 0.515958
2026-06-30 14:48:38,649 - INFO: Starting epoch 11
2026-06-30 14:48:38,674 - INFO: Evaluating at iteration 25851
2026-06-30 14:48:38,717 - INFO: Loss: 0.363657
2026-06-30 14:48:38,717 - INFO: Training ROC-AUC: 0.723214
2026-06-30 14:48:38,717 - INFO: Validation ROC-AUC: 0.517982
2026-06-30 14:48:50,622 - INFO: Evaluating at iteration 26351
2026-06-30 14:48:50,666 - INFO: Loss: 0.452885
2026-06-30 14:48:50,666 - INFO: Training ROC-AUC: 0.816425
2026-06-30 14:48:50,666 - INFO: Validation ROC-AUC: 0.519948
2026-06-30 14:49:02,531 - INFO: Evaluating at iteration 26851
2026-06-30 14:49:02,572 - INFO: Loss: 0.240777
2026-06-30 14:49:02,572 - INFO: Training ROC-AUC: 0.781609
2026-06-30 14:49:02,572 - INFO: Validation ROC-AUC: 0.526942
2026-06-30 14:49:14,514 - INFO: Evaluating at iteration 27351
2026-06-30 14:49:14,555 - INFO: Loss: 0.386530
2026-06-30 14:49:14,555 - INFO: Training ROC-AUC: 0.711111
2026-06-30 14:49:14,555 - INFO: Validation ROC-AUC: 0.530462
2026-06-30 14:49:27,011 - INFO: Evaluating at iteration 27851
2026-06-30 14:49:27,055 - INFO: Loss: 0.284925
2026-06-30 14:49:27,055 - INFO: Training ROC-AUC: 0.822222
2026-06-30 14:49:27,055 - INFO: Validation ROC-AUC: 0.532826
2026-06-30 14:49:39,216 - INFO: Evaluating at iteration 28351
2026-06-30 14:49:39,257 - INFO: Loss: 0.230334
2026-06-30 14:49:39,257 - INFO: Training ROC-AUC: 0.827586
2026-06-30 14:49:39,257 - INFO: Validation ROC-AUC: 0.535060
2026-06-30 14:49:41,233 - INFO: Starting epoch 12
2026-06-30 14:49:41,258 - INFO: Evaluating at iteration 28436
2026-06-30 14:49:41,299 - INFO: Loss: 0.177086
2026-06-30 14:49:41,300 - INFO: Training ROC-AUC: 0.954023
2026-06-30 14:49:41,300 - INFO: Validation ROC-AUC: 0.532931
2026-06-30 14:49:53,149 - INFO: Evaluating at iteration 28936
2026-06-30 14:49:53,193 - INFO: Loss: 0.373544
2026-06-30 14:49:53,193 - INFO: Training ROC-AUC: 0.846154
2026-06-30 14:49:53,193 - INFO: Validation ROC-AUC: 0.536614
2026-06-30 14:50:05,427 - INFO: Evaluating at iteration 29436
2026-06-30 14:50:05,477 - INFO: Loss: 0.507381
2026-06-30 14:50:05,477 - INFO: Training ROC-AUC: 0.754286
2026-06-30 14:50:05,477 - INFO: Validation ROC-AUC: 0.533904
2026-06-30 14:50:17,353 - INFO: Evaluating at iteration 29936
2026-06-30 14:50:17,395 - INFO: Loss: 0.202005
2026-06-30 14:50:17,395 - INFO: Training ROC-AUC: 0.973214
2026-06-30 14:50:17,395 - INFO: Validation ROC-AUC: 0.536901
2026-06-30 14:50:29,590 - INFO: Evaluating at iteration 30436
2026-06-30 14:50:29,634 - INFO: Loss: 0.193853
2026-06-30 14:50:29,634 - INFO: Training ROC-AUC: 0.937500
2026-06-30 14:50:29,634 - INFO: Validation ROC-AUC: 0.541303
2026-06-30 14:50:41,753 - INFO: Evaluating at iteration 30936
2026-06-30 14:50:41,795 - INFO: Loss: 0.288891
2026-06-30 14:50:41,795 - INFO: Training ROC-AUC: 0.794643
2026-06-30 14:50:41,795 - INFO: Validation ROC-AUC: 0.547781
2026-06-30 14:50:43,801 - INFO: Starting epoch 13
2026-06-30 14:50:43,826 - INFO: Evaluating at iteration 31021
2026-06-30 14:50:43,868 - INFO: Loss: 0.179067
2026-06-30 14:50:43,868 - INFO: Training ROC-AUC: 0.885057
2026-06-30 14:50:43,868 - INFO: Validation ROC-AUC: 0.550426
2026-06-30 14:50:55,900 - INFO: Evaluating at iteration 31521
2026-06-30 14:50:55,952 - INFO: Loss: 0.382198
2026-06-30 14:50:55,952 - INFO: Training ROC-AUC: 0.669643
2026-06-30 14:50:55,952 - INFO: Validation ROC-AUC: 0.554266
2026-06-30 14:51:08,123 - INFO: Evaluating at iteration 32021
2026-06-30 14:51:08,163 - INFO: Loss: 0.338995
2026-06-30 14:51:08,163 - INFO: Training ROC-AUC: 0.625000
2026-06-30 14:51:08,164 - INFO: Validation ROC-AUC: 0.556160
2026-06-30 14:51:20,256 - INFO: Evaluating at iteration 32521
2026-06-30 14:51:20,300 - INFO: Loss: 0.238732
2026-06-30 14:51:20,300 - INFO: Training ROC-AUC: 0.987179
2026-06-30 14:51:20,300 - INFO: Validation ROC-AUC: 0.563376
2026-06-30 14:51:32,368 - INFO: Evaluating at iteration 33021
2026-06-30 14:51:32,409 - INFO: Loss: 0.380206
2026-06-30 14:51:32,409 - INFO: Training ROC-AUC: 0.794286
2026-06-30 14:51:32,409 - INFO: Validation ROC-AUC: 0.558158
2026-06-30 14:51:44,268 - INFO: Evaluating at iteration 33521
2026-06-30 14:51:44,310 - INFO: Loss: 0.352393
2026-06-30 14:51:44,310 - INFO: Training ROC-AUC: 0.777778
2026-06-30 14:51:44,310 - INFO: Validation ROC-AUC: 0.558903
2026-06-30 14:51:46,312 - INFO: Starting epoch 14
2026-06-30 14:51:46,336 - INFO: Evaluating at iteration 33606
2026-06-30 14:51:46,379 - INFO: Loss: 0.388427
2026-06-30 14:51:46,379 - INFO: Training ROC-AUC: 0.703704
2026-06-30 14:51:46,379 - INFO: Validation ROC-AUC: 0.560346
2026-06-30 14:51:58,454 - INFO: Evaluating at iteration 34106
2026-06-30 14:51:58,495 - INFO: Loss: 0.408534
2026-06-30 14:51:58,495 - INFO: Training ROC-AUC: 0.762821
2026-06-30 14:51:58,495 - INFO: Validation ROC-AUC: 0.559843
2026-06-30 14:52:10,380 - INFO: Evaluating at iteration 34606
2026-06-30 14:52:10,425 - INFO: Loss: 0.200047
2026-06-30 14:52:10,425 - INFO: Training ROC-AUC: 0.955556
2026-06-30 14:52:10,425 - INFO: Validation ROC-AUC: 0.560229
2026-06-30 14:52:22,460 - INFO: Evaluating at iteration 35106
2026-06-30 14:52:22,502 - INFO: Loss: 0.408470
2026-06-30 14:52:22,502 - INFO: Training ROC-AUC: 0.869792
2026-06-30 14:52:22,502 - INFO: Validation ROC-AUC: 0.573368
2026-06-30 14:52:34,376 - INFO: Evaluating at iteration 35606
2026-06-30 14:52:34,417 - INFO: Loss: 0.294505
2026-06-30 14:52:34,417 - INFO: Training ROC-AUC: 0.750000
2026-06-30 14:52:34,417 - INFO: Validation ROC-AUC: 0.568091
2026-06-30 14:52:46,354 - INFO: Evaluating at iteration 36106
2026-06-30 14:52:46,399 - INFO: Loss: 0.599835
2026-06-30 14:52:46,399 - INFO: Training ROC-AUC: 0.861472
2026-06-30 14:52:46,399 - INFO: Validation ROC-AUC: 0.574485
2026-06-30 14:52:48,405 - INFO: Starting epoch 15
2026-06-30 14:52:48,430 - INFO: Evaluating at iteration 36191
2026-06-30 14:52:48,472 - INFO: Loss: 0.367421
2026-06-30 14:52:48,472 - INFO: Training ROC-AUC: 0.794872
2026-06-30 14:52:48,472 - INFO: Validation ROC-AUC: 0.573055
2026-06-30 14:53:00,307 - INFO: Evaluating at iteration 36691
2026-06-30 14:53:00,348 - INFO: Loss: 0.302139
2026-06-30 14:53:00,348 - INFO: Training ROC-AUC: 0.884615
2026-06-30 14:53:00,348 - INFO: Validation ROC-AUC: 0.569038
2026-06-30 14:53:12,232 - INFO: Evaluating at iteration 37191
2026-06-30 14:53:12,274 - INFO: Loss: 0.195533
2026-06-30 14:53:12,274 - INFO: Training ROC-AUC: 0.974359
2026-06-30 14:53:12,274 - INFO: Validation ROC-AUC: 0.567804
2026-06-30 14:53:24,118 - INFO: Evaluating at iteration 37691
2026-06-30 14:53:24,166 - INFO: Loss: 0.429153
2026-06-30 14:53:24,166 - INFO: Training ROC-AUC: 0.829630
2026-06-30 14:53:24,166 - INFO: Validation ROC-AUC: 0.568607
2026-06-30 14:53:36,033 - INFO: Evaluating at iteration 38191
2026-06-30 14:53:36,078 - INFO: Loss: 0.410944
2026-06-30 14:53:36,079 - INFO: Training ROC-AUC: 0.776042
2026-06-30 14:53:36,079 - INFO: Validation ROC-AUC: 0.580376
2026-06-30 14:53:47,935 - INFO: Evaluating at iteration 38691
2026-06-30 14:53:47,978 - INFO: Loss: 0.383671
2026-06-30 14:53:47,978 - INFO: Training ROC-AUC: 0.931818
2026-06-30 14:53:47,978 - INFO: Validation ROC-AUC: 0.586429
2026-06-30 14:53:50,058 - INFO: Starting epoch 16
2026-06-30 14:53:50,084 - INFO: Evaluating at iteration 38776
2026-06-30 14:53:50,126 - INFO: Loss: 0.298300
2026-06-30 14:53:50,126 - INFO: Training ROC-AUC: 0.800000
2026-06-30 14:53:50,126 - INFO: Validation ROC-AUC: 0.587729
2026-06-30 14:54:02,010 - INFO: Evaluating at iteration 39276
2026-06-30 14:54:02,055 - INFO: Loss: 0.219376
2026-06-30 14:54:02,055 - INFO: Training ROC-AUC: 0.908046
2026-06-30 14:54:02,055 - INFO: Validation ROC-AUC: 0.587742
2026-06-30 14:54:14,003 - INFO: Evaluating at iteration 39776
2026-06-30 14:54:14,055 - INFO: Loss: 0.259662
2026-06-30 14:54:14,055 - INFO: Training ROC-AUC: 0.896296
2026-06-30 14:54:14,055 - INFO: Validation ROC-AUC: 0.590465
2026-06-30 14:54:25,951 - INFO: Evaluating at iteration 40276
2026-06-30 14:54:25,992 - INFO: Loss: 0.427325
2026-06-30 14:54:25,992 - INFO: Training ROC-AUC: 0.843750
2026-06-30 14:54:25,992 - INFO: Validation ROC-AUC: 0.591229
2026-06-30 14:54:37,983 - INFO: Evaluating at iteration 40776
2026-06-30 14:54:38,027 - INFO: Loss: 0.527604
2026-06-30 14:54:38,027 - INFO: Training ROC-AUC: 0.777143
2026-06-30 14:54:38,027 - INFO: Validation ROC-AUC: 0.589198
2026-06-30 14:54:50,373 - INFO: Evaluating at iteration 41276
2026-06-30 14:54:50,418 - INFO: Loss: 0.406087
2026-06-30 14:54:50,418 - INFO: Training ROC-AUC: 0.775641
2026-06-30 14:54:50,418 - INFO: Validation ROC-AUC: 0.583131
2026-06-30 14:54:52,396 - INFO: Starting epoch 17
2026-06-30 14:54:52,421 - INFO: Evaluating at iteration 41361
2026-06-30 14:54:52,462 - INFO: Loss: 0.287623
2026-06-30 14:54:52,462 - INFO: Training ROC-AUC: 0.871795
2026-06-30 14:54:52,462 - INFO: Validation ROC-AUC: 0.580519
2026-06-30 14:55:04,394 - INFO: Evaluating at iteration 41861
2026-06-30 14:55:04,436 - INFO: Loss: 0.183407
2026-06-30 14:55:04,436 - INFO: Training ROC-AUC: 1.000000
2026-06-30 14:55:04,436 - INFO: Validation ROC-AUC: 0.586096
2026-06-30 14:55:16,431 - INFO: Evaluating at iteration 42361
2026-06-30 14:55:16,473 - INFO: Loss: 0.365704
2026-06-30 14:55:16,473 - INFO: Training ROC-AUC: 0.906250
2026-06-30 14:55:16,473 - INFO: Validation ROC-AUC: 0.587337
2026-06-30 14:55:28,612 - INFO: Evaluating at iteration 42861
2026-06-30 14:55:28,654 - INFO: Loss: 0.470928
2026-06-30 14:55:28,654 - INFO: Training ROC-AUC: 0.817143
2026-06-30 14:55:28,654 - INFO: Validation ROC-AUC: 0.589793
2026-06-30 14:55:40,724 - INFO: Evaluating at iteration 43361
2026-06-30 14:55:40,766 - INFO: Loss: 0.270633
2026-06-30 14:55:40,766 - INFO: Training ROC-AUC: 0.929487
2026-06-30 14:55:40,766 - INFO: Validation ROC-AUC: 0.598400
2026-06-30 14:55:52,633 - INFO: Evaluating at iteration 43861
2026-06-30 14:55:52,675 - INFO: Loss: 0.323508
2026-06-30 14:55:52,675 - INFO: Training ROC-AUC: 0.852564
2026-06-30 14:55:52,675 - INFO: Validation ROC-AUC: 0.602142
2026-06-30 14:55:54,654 - INFO: Starting epoch 18
2026-06-30 14:55:54,679 - INFO: Evaluating at iteration 43946
2026-06-30 14:55:54,720 - INFO: Loss: 0.346926
2026-06-30 14:55:54,720 - INFO: Training ROC-AUC: 0.897143
2026-06-30 14:55:54,720 - INFO: Validation ROC-AUC: 0.596539
2026-06-30 14:56:06,777 - INFO: Evaluating at iteration 44446
2026-06-30 14:56:06,819 - INFO: Loss: 0.434225
2026-06-30 14:56:06,819 - INFO: Training ROC-AUC: 0.696296
2026-06-30 14:56:06,819 - INFO: Validation ROC-AUC: 0.598008
2026-06-30 14:56:18,615 - INFO: Evaluating at iteration 44946
2026-06-30 14:56:18,658 - INFO: Loss: 0.281753
2026-06-30 14:56:18,658 - INFO: Training ROC-AUC: 0.821429
2026-06-30 14:56:18,658 - INFO: Validation ROC-AUC: 0.599223
2026-06-30 14:56:30,663 - INFO: Evaluating at iteration 45446
2026-06-30 14:56:30,707 - INFO: Loss: 0.142943
2026-06-30 14:56:30,707 - INFO: Training ROC-AUC: 0.966667
2026-06-30 14:56:30,708 - INFO: Validation ROC-AUC: 0.602436
2026-06-30 14:56:42,766 - INFO: Evaluating at iteration 45946
2026-06-30 14:56:42,807 - INFO: Loss: 0.319623
2026-06-30 14:56:42,807 - INFO: Training ROC-AUC: 0.767857
2026-06-30 14:56:42,807 - INFO: Validation ROC-AUC: 0.601143
2026-06-30 14:56:54,819 - INFO: Evaluating at iteration 46446
2026-06-30 14:56:54,862 - INFO: Loss: 0.342875
2026-06-30 14:56:54,862 - INFO: Training ROC-AUC: 0.839744
2026-06-30 14:56:54,862 - INFO: Validation ROC-AUC: 0.599745
2026-06-30 14:56:56,971 - INFO: Starting epoch 19
2026-06-30 14:56:56,998 - INFO: Evaluating at iteration 46531
2026-06-30 14:56:57,043 - INFO: Loss: 0.243932
2026-06-30 14:56:57,043 - INFO: Training ROC-AUC: 0.910714
2026-06-30 14:56:57,043 - INFO: Validation ROC-AUC: 0.599928
2026-06-30 14:57:09,435 - INFO: Evaluating at iteration 47031
2026-06-30 14:57:09,484 - INFO: Loss: 0.419524
2026-06-30 14:57:09,484 - INFO: Training ROC-AUC: 0.859903
2026-06-30 14:57:09,484 - INFO: Validation ROC-AUC: 0.595500
2026-06-30 14:57:21,461 - INFO: Evaluating at iteration 47531
2026-06-30 14:57:21,502 - INFO: Loss: 0.289979
2026-06-30 14:57:21,502 - INFO: Training ROC-AUC: 0.902857
2026-06-30 14:57:21,502 - INFO: Validation ROC-AUC: 0.597368
2026-06-30 14:57:33,493 - INFO: Evaluating at iteration 48031
2026-06-30 14:57:33,535 - INFO: Loss: 0.211010
2026-06-30 14:57:33,535 - INFO: Training ROC-AUC: 0.940741
2026-06-30 14:57:33,535 - INFO: Validation ROC-AUC: 0.603109
2026-06-30 14:57:45,570 - INFO: Evaluating at iteration 48531
2026-06-30 14:57:45,611 - INFO: Loss: 0.223284
2026-06-30 14:57:45,611 - INFO: Training ROC-AUC: 0.974359
2026-06-30 14:57:45,611 - INFO: Validation ROC-AUC: 0.608699
2026-06-30 14:57:57,952 - INFO: Evaluating at iteration 49031
2026-06-30 14:57:57,994 - INFO: Loss: 0.223502
2026-06-30 14:57:57,994 - INFO: Training ROC-AUC: 0.948718
2026-06-30 14:57:57,994 - INFO: Validation ROC-AUC: 0.608359
2026-06-30 14:58:00,018 - INFO: Starting epoch 20
2026-06-30 14:58:00,045 - INFO: Evaluating at iteration 49116
2026-06-30 14:58:00,086 - INFO: Loss: 0.195354
2026-06-30 14:58:00,087 - INFO: Training ROC-AUC: 0.977778
2026-06-30 14:58:00,087 - INFO: Validation ROC-AUC: 0.603180
2026-06-30 14:58:12,305 - INFO: Evaluating at iteration 49616
2026-06-30 14:58:12,356 - INFO: Loss: 0.267874
2026-06-30 14:58:12,356 - INFO: Training ROC-AUC: 0.874074
2026-06-30 14:58:12,356 - INFO: Validation ROC-AUC: 0.607896
2026-06-30 14:58:24,746 - INFO: Evaluating at iteration 50116
2026-06-30 14:58:24,790 - INFO: Loss: 0.364032
2026-06-30 14:58:24,790 - INFO: Training ROC-AUC: 0.852564
2026-06-30 14:58:24,790 - INFO: Validation ROC-AUC: 0.610560
2026-06-30 14:58:37,099 - INFO: Evaluating at iteration 50616
2026-06-30 14:58:37,143 - INFO: Loss: 0.326027
2026-06-30 14:58:37,143 - INFO: Training ROC-AUC: 0.888889
2026-06-30 14:58:37,143 - INFO: Validation ROC-AUC: 0.609469
2026-06-30 14:58:49,527 - INFO: Evaluating at iteration 51116
2026-06-30 14:58:49,573 - INFO: Loss: 0.395034
2026-06-30 14:58:49,573 - INFO: Training ROC-AUC: 0.762963
2026-06-30 14:58:49,573 - INFO: Validation ROC-AUC: 0.607935
2026-06-30 14:59:01,644 - INFO: Evaluating at iteration 51616
2026-06-30 14:59:01,685 - INFO: Loss: 0.257206
2026-06-30 14:59:01,685 - INFO: Training ROC-AUC: 0.896296
2026-06-30 14:59:01,685 - INFO: Validation ROC-AUC: 0.608392
2026-06-30 14:59:03,712 - INFO: Starting epoch 21
2026-06-30 14:59:03,739 - INFO: Evaluating at iteration 51701
2026-06-30 14:59:03,787 - INFO: Loss: 0.354415
2026-06-30 14:59:03,787 - INFO: Training ROC-AUC: 0.942029
2026-06-30 14:59:03,787 - INFO: Validation ROC-AUC: 0.607497
2026-06-30 14:59:15,884 - INFO: Evaluating at iteration 52201
2026-06-30 14:59:15,935 - INFO: Loss: 0.191582
2026-06-30 14:59:15,935 - INFO: Training ROC-AUC: 0.766667
2026-06-30 14:59:15,935 - INFO: Validation ROC-AUC: 0.606661
2026-06-30 14:59:28,177 - INFO: Evaluating at iteration 52701
2026-06-30 14:59:28,219 - INFO: Loss: 0.252132
2026-06-30 14:59:28,219 - INFO: Training ROC-AUC: 0.910714
2026-06-30 14:59:28,219 - INFO: Validation ROC-AUC: 0.610449
2026-06-30 14:59:40,317 - INFO: Evaluating at iteration 53201
2026-06-30 14:59:40,358 - INFO: Loss: 0.504947
2026-06-30 14:59:40,358 - INFO: Training ROC-AUC: 0.805714
2026-06-30 14:59:40,358 - INFO: Validation ROC-AUC: 0.606668
2026-06-30 14:59:52,569 - INFO: Evaluating at iteration 53701
2026-06-30 14:59:52,611 - INFO: Loss: 0.242252
2026-06-30 14:59:52,611 - INFO: Training ROC-AUC: 0.942308
2026-06-30 14:59:52,611 - INFO: Validation ROC-AUC: 0.608320
2026-06-30 15:00:04,835 - INFO: Evaluating at iteration 54201
2026-06-30 15:00:04,877 - INFO: Loss: 0.273072
2026-06-30 15:00:04,877 - INFO: Training ROC-AUC: 0.911111
2026-06-30 15:00:04,877 - INFO: Validation ROC-AUC: 0.605068
2026-06-30 15:00:06,898 - INFO: Starting epoch 22
2026-06-30 15:00:06,924 - INFO: Evaluating at iteration 54286
2026-06-30 15:00:06,966 - INFO: Loss: 0.271228
2026-06-30 15:00:06,966 - INFO: Training ROC-AUC: 0.916667
2026-06-30 15:00:06,966 - INFO: Validation ROC-AUC: 0.604291
2026-06-30 15:00:19,137 - INFO: Evaluating at iteration 54786
2026-06-30 15:00:19,178 - INFO: Loss: 0.248805
2026-06-30 15:00:19,178 - INFO: Training ROC-AUC: 0.977143
2026-06-30 15:00:19,178 - INFO: Validation ROC-AUC: 0.607086
2026-06-30 15:00:31,660 - INFO: Evaluating at iteration 55286
2026-06-30 15:00:31,712 - INFO: Loss: 0.356189
2026-06-30 15:00:31,712 - INFO: Training ROC-AUC: 0.845714
2026-06-30 15:00:31,712 - INFO: Validation ROC-AUC: 0.612245
2026-06-30 15:00:44,069 - INFO: Evaluating at iteration 55786
2026-06-30 15:00:44,113 - INFO: Loss: 0.366554
2026-06-30 15:00:44,113 - INFO: Training ROC-AUC: 0.803571
2026-06-30 15:00:44,113 - INFO: Validation ROC-AUC: 0.607758
2026-06-30 15:00:56,385 - INFO: Evaluating at iteration 56286
2026-06-30 15:00:56,427 - INFO: Loss: 0.349000
2026-06-30 15:00:56,427 - INFO: Training ROC-AUC: 0.696429
2026-06-30 15:00:56,427 - INFO: Validation ROC-AUC: 0.607419
2026-06-30 15:01:08,641 - INFO: Evaluating at iteration 56786
2026-06-30 15:01:08,686 - INFO: Loss: 0.237652
2026-06-30 15:01:08,686 - INFO: Training ROC-AUC: 0.903846
2026-06-30 15:01:08,686 - INFO: Validation ROC-AUC: 0.612647
2026-06-30 15:01:10,809 - INFO: Starting epoch 23
2026-06-30 15:01:10,834 - INFO: Evaluating at iteration 56871
2026-06-30 15:01:10,877 - INFO: Loss: 0.204366
2026-06-30 15:01:10,877 - INFO: Training ROC-AUC: 0.827586
2026-06-30 15:01:10,877 - INFO: Validation ROC-AUC: 0.615784
2026-06-30 15:01:23,010 - INFO: Evaluating at iteration 57371
2026-06-30 15:01:23,059 - INFO: Loss: 0.627881
2026-06-30 15:01:23,059 - INFO: Training ROC-AUC: 0.777328
2026-06-30 15:01:23,059 - INFO: Validation ROC-AUC: 0.618260
2026-06-30 15:01:35,179 - INFO: Evaluating at iteration 57871
2026-06-30 15:01:35,220 - INFO: Loss: 0.236407
2026-06-30 15:01:35,220 - INFO: Training ROC-AUC: 0.733333
2026-06-30 15:01:35,220 - INFO: Validation ROC-AUC: 0.618044
2026-06-30 15:01:47,507 - INFO: Evaluating at iteration 58371
2026-06-30 15:01:47,548 - INFO: Loss: 0.171286
2026-06-30 15:01:47,548 - INFO: Training ROC-AUC: 0.942529
2026-06-30 15:01:47,548 - INFO: Validation ROC-AUC: 0.619853
2026-06-30 15:01:59,956 - INFO: Evaluating at iteration 58871
2026-06-30 15:01:59,996 - INFO: Loss: 0.356542
2026-06-30 15:01:59,996 - INFO: Training ROC-AUC: 0.834286
2026-06-30 15:01:59,996 - INFO: Validation ROC-AUC: 0.610005
2026-06-30 15:02:12,097 - INFO: Evaluating at iteration 59371
2026-06-30 15:02:12,138 - INFO: Loss: 0.304881
2026-06-30 15:02:12,138 - INFO: Training ROC-AUC: 0.916667
2026-06-30 15:02:12,138 - INFO: Validation ROC-AUC: 0.611749
2026-06-30 15:02:14,155 - INFO: Starting epoch 24
2026-06-30 15:02:14,180 - INFO: Evaluating at iteration 59456
2026-06-30 15:02:14,221 - INFO: Loss: 0.156316
2026-06-30 15:02:14,221 - INFO: Training ROC-AUC: 0.977011
2026-06-30 15:02:14,221 - INFO: Validation ROC-AUC: 0.616529
2026-06-30 15:02:26,541 - INFO: Evaluating at iteration 59956
2026-06-30 15:02:26,583 - INFO: Loss: 0.202026
2026-06-30 15:02:26,583 - INFO: Training ROC-AUC: 0.977778
2026-06-30 15:02:26,583 - INFO: Validation ROC-AUC: 0.622563
2026-06-30 15:02:38,793 - INFO: Evaluating at iteration 60456
2026-06-30 15:02:38,834 - INFO: Loss: 0.462002
2026-06-30 15:02:38,834 - INFO: Training ROC-AUC: 0.859091
2026-06-30 15:02:38,834 - INFO: Validation ROC-AUC: 0.618011
2026-06-30 15:02:51,072 - INFO: Evaluating at iteration 60956
2026-06-30 15:02:51,124 - INFO: Loss: 0.282339
2026-06-30 15:02:51,124 - INFO: Training ROC-AUC: 0.747126
2026-06-30 15:02:51,124 - INFO: Validation ROC-AUC: 0.617783
2026-06-30 15:03:03,330 - INFO: Evaluating at iteration 61456
2026-06-30 15:03:03,371 - INFO: Loss: 0.197002
2026-06-30 15:03:03,371 - INFO: Training ROC-AUC: 0.987179
2026-06-30 15:03:03,371 - INFO: Validation ROC-AUC: 0.619546
2026-06-30 15:03:15,480 - INFO: Evaluating at iteration 61956
2026-06-30 15:03:15,521 - INFO: Loss: 0.268959
2026-06-30 15:03:15,521 - INFO: Training ROC-AUC: 0.891026
2026-06-30 15:03:15,521 - INFO: Validation ROC-AUC: 0.617646
2026-06-30 15:03:17,535 - INFO: Starting epoch 25
2026-06-30 15:03:17,561 - INFO: Evaluating at iteration 62041
2026-06-30 15:03:17,602 - INFO: Loss: 0.333219
2026-06-30 15:03:17,602 - INFO: Training ROC-AUC: 0.852564
2026-06-30 15:03:17,602 - INFO: Validation ROC-AUC: 0.618318
2026-06-30 15:03:30,044 - INFO: Evaluating at iteration 62541
2026-06-30 15:03:30,089 - INFO: Loss: 0.220168
2026-06-30 15:03:30,089 - INFO: Training ROC-AUC: 0.850575
2026-06-30 15:03:30,089 - INFO: Validation ROC-AUC: 0.622936
2026-06-30 15:03:42,321 - INFO: Evaluating at iteration 63041
2026-06-30 15:03:42,362 - INFO: Loss: 0.230352
2026-06-30 15:03:42,363 - INFO: Training ROC-AUC: 0.903846
2026-06-30 15:03:42,363 - INFO: Validation ROC-AUC: 0.626397
2026-06-30 15:03:54,460 - INFO: Evaluating at iteration 63541
2026-06-30 15:03:54,508 - INFO: Loss: 0.286684
2026-06-30 15:03:54,509 - INFO: Training ROC-AUC: 0.965714
2026-06-30 15:03:54,509 - INFO: Validation ROC-AUC: 0.626560
2026-06-30 15:04:06,948 - INFO: Evaluating at iteration 64041
2026-06-30 15:04:06,991 - INFO: Loss: 0.286988
2026-06-30 15:04:06,991 - INFO: Training ROC-AUC: 0.732143
2026-06-30 15:04:06,991 - INFO: Validation ROC-AUC: 0.625979
2026-06-30 15:04:19,305 - INFO: Evaluating at iteration 64541
2026-06-30 15:04:19,346 - INFO: Loss: 0.344123
2026-06-30 15:04:19,346 - INFO: Training ROC-AUC: 0.844444
2026-06-30 15:04:19,346 - INFO: Validation ROC-AUC: 0.616699
2026-06-30 15:04:21,522 - INFO: Saving model to models/TCRStructMap_pMHC_split_cdrs_peptide/model_1.pt
2026-06-30 15:04:21,539 - INFO: Starting fold 2
2026-06-30 15:04:21,553 - INFO: Initialising model
2026-06-30 15:04:21,566 - INFO: Starting training
2026-06-30 15:04:21,566 - INFO: Starting epoch 1
2026-06-30 15:04:21,595 - INFO: Evaluating at iteration 1
2026-06-30 15:04:21,699 - INFO: Loss: 0.675709
2026-06-30 15:04:21,699 - INFO: Training ROC-AUC: 0.697143
2026-06-30 15:04:21,699 - INFO: Validation ROC-AUC: 0.503038
2026-06-30 15:04:33,539 - INFO: Evaluating at iteration 501
2026-06-30 15:04:33,642 - INFO: Loss: 0.536870
2026-06-30 15:04:33,642 - INFO: Training ROC-AUC: 0.365714
2026-06-30 15:04:33,642 - INFO: Validation ROC-AUC: 0.519947
2026-06-30 15:04:45,519 - INFO: Evaluating at iteration 1001
2026-06-30 15:04:45,615 - INFO: Loss: 0.526552
2026-06-30 15:04:45,615 - INFO: Training ROC-AUC: 0.560000
2026-06-30 15:04:45,615 - INFO: Validation ROC-AUC: 0.522055
2026-06-30 15:04:57,562 - INFO: Evaluating at iteration 1501
2026-06-30 15:04:57,658 - INFO: Loss: 0.431769
2026-06-30 15:04:57,658 - INFO: Training ROC-AUC: 0.511111
2026-06-30 15:04:57,658 - INFO: Validation ROC-AUC: 0.534836
2026-06-30 15:05:09,548 - INFO: Evaluating at iteration 2001
2026-06-30 15:05:09,643 - INFO: Loss: 0.384647
2026-06-30 15:05:09,643 - INFO: Training ROC-AUC: 0.357143
2026-06-30 15:05:09,643 - INFO: Validation ROC-AUC: 0.561324
2026-06-30 15:05:21,518 - INFO: Evaluating at iteration 2501
2026-06-30 15:05:21,618 - INFO: Loss: 0.322096
2026-06-30 15:05:21,619 - INFO: Training ROC-AUC: 0.643678
2026-06-30 15:05:21,619 - INFO: Validation ROC-AUC: 0.555074
2026-06-30 15:05:22,473 - INFO: Starting epoch 2
2026-06-30 15:05:22,498 - INFO: Evaluating at iteration 2538
2026-06-30 15:05:22,598 - INFO: Loss: 0.429139
2026-06-30 15:05:22,598 - INFO: Training ROC-AUC: 0.698718
2026-06-30 15:05:22,598 - INFO: Validation ROC-AUC: 0.556545
2026-06-30 15:05:34,737 - INFO: Evaluating at iteration 3038
2026-06-30 15:05:34,834 - INFO: Loss: 0.476166
2026-06-30 15:05:34,834 - INFO: Training ROC-AUC: 0.564103
2026-06-30 15:05:34,834 - INFO: Validation ROC-AUC: 0.562738
2026-06-30 15:05:46,505 - INFO: Evaluating at iteration 3538
2026-06-30 15:05:46,602 - INFO: Loss: 0.319701
2026-06-30 15:05:46,602 - INFO: Training ROC-AUC: 0.643678
2026-06-30 15:05:46,602 - INFO: Validation ROC-AUC: 0.568378
2026-06-30 15:05:58,541 - INFO: Evaluating at iteration 4038
2026-06-30 15:05:58,646 - INFO: Loss: 0.290976
2026-06-30 15:05:58,646 - INFO: Training ROC-AUC: 0.883929
2026-06-30 15:05:58,647 - INFO: Validation ROC-AUC: 0.576267
2026-06-30 15:06:10,486 - INFO: Evaluating at iteration 4538
2026-06-30 15:06:10,583 - INFO: Loss: 0.199119
2026-06-30 15:06:10,583 - INFO: Training ROC-AUC: 0.838710
2026-06-30 15:06:10,583 - INFO: Validation ROC-AUC: 0.578435
2026-06-30 15:06:22,435 - INFO: Evaluating at iteration 5038
2026-06-30 15:06:22,533 - INFO: Loss: 0.236657
2026-06-30 15:06:22,533 - INFO: Training ROC-AUC: 0.954023
2026-06-30 15:06:22,533 - INFO: Validation ROC-AUC: 0.576955
2026-06-30 15:06:23,377 - INFO: Starting epoch 3
2026-06-30 15:06:23,402 - INFO: Evaluating at iteration 5075
2026-06-30 15:06:23,498 - INFO: Loss: 0.439659
2026-06-30 15:06:23,498 - INFO: Training ROC-AUC: 0.762821
2026-06-30 15:06:23,498 - INFO: Validation ROC-AUC: 0.576740
2026-06-30 15:06:35,387 - INFO: Evaluating at iteration 5575
2026-06-30 15:06:35,481 - INFO: Loss: 0.220096
2026-06-30 15:06:35,481 - INFO: Training ROC-AUC: 0.612903
2026-06-30 15:06:35,481 - INFO: Validation ROC-AUC: 0.581199
2026-06-30 15:06:47,619 - INFO: Evaluating at iteration 6075
2026-06-30 15:06:47,721 - INFO: Loss: 0.224477
2026-06-30 15:06:47,721 - INFO: Training ROC-AUC: 0.816667
2026-06-30 15:06:47,721 - INFO: Validation ROC-AUC: 0.580729
2026-06-30 15:06:59,602 - INFO: Evaluating at iteration 6575
2026-06-30 15:06:59,696 - INFO: Loss: 0.455204
2026-06-30 15:06:59,696 - INFO: Training ROC-AUC: 0.786458
2026-06-30 15:06:59,696 - INFO: Validation ROC-AUC: 0.584495
2026-06-30 15:07:11,552 - INFO: Evaluating at iteration 7075
2026-06-30 15:07:11,649 - INFO: Loss: 0.338872
2026-06-30 15:07:11,649 - INFO: Training ROC-AUC: 0.459770
2026-06-30 15:07:11,649 - INFO: Validation ROC-AUC: 0.590326
2026-06-30 15:07:23,508 - INFO: Evaluating at iteration 7575
2026-06-30 15:07:23,604 - INFO: Loss: 0.409864
2026-06-30 15:07:23,604 - INFO: Training ROC-AUC: 0.794286
2026-06-30 15:07:23,604 - INFO: Validation ROC-AUC: 0.594702
2026-06-30 15:07:24,463 - INFO: Starting epoch 4
2026-06-30 15:07:24,488 - INFO: Evaluating at iteration 7612
2026-06-30 15:07:24,585 - INFO: Loss: 0.301013
2026-06-30 15:07:24,585 - INFO: Training ROC-AUC: 0.931429
2026-06-30 15:07:24,585 - INFO: Validation ROC-AUC: 0.595854
2026-06-30 15:07:36,712 - INFO: Evaluating at iteration 8112
2026-06-30 15:07:36,807 - INFO: Loss: 0.287037
2026-06-30 15:07:36,807 - INFO: Training ROC-AUC: 0.821429
2026-06-30 15:07:36,808 - INFO: Validation ROC-AUC: 0.597564
2026-06-30 15:07:48,820 - INFO: Evaluating at iteration 8612
2026-06-30 15:07:48,932 - INFO: Loss: 0.266499
2026-06-30 15:07:48,932 - INFO: Training ROC-AUC: 0.850575
2026-06-30 15:07:48,932 - INFO: Validation ROC-AUC: 0.601438
2026-06-30 15:08:01,126 - INFO: Evaluating at iteration 9112
2026-06-30 15:08:01,226 - INFO: Loss: 0.526233
2026-06-30 15:08:01,226 - INFO: Training ROC-AUC: 0.739583
2026-06-30 15:08:01,226 - INFO: Validation ROC-AUC: 0.606211
2026-06-30 15:08:13,204 - INFO: Evaluating at iteration 9612
2026-06-30 15:08:13,301 - INFO: Loss: 0.260316
2026-06-30 15:08:13,301 - INFO: Training ROC-AUC: 0.888889
2026-06-30 15:08:13,301 - INFO: Validation ROC-AUC: 0.605628
2026-06-30 15:08:25,252 - INFO: Evaluating at iteration 10112
2026-06-30 15:08:25,344 - INFO: Loss: 0.263623
2026-06-30 15:08:25,344 - INFO: Training ROC-AUC: 0.937143
2026-06-30 15:08:25,344 - INFO: Validation ROC-AUC: 0.603611
2026-06-30 15:08:26,191 - INFO: Starting epoch 5
2026-06-30 15:08:26,217 - INFO: Evaluating at iteration 10149
2026-06-30 15:08:26,314 - INFO: Loss: 0.207255
2026-06-30 15:08:26,314 - INFO: Training ROC-AUC: 0.928571
2026-06-30 15:08:26,314 - INFO: Validation ROC-AUC: 0.604159
2026-06-30 15:08:38,102 - INFO: Evaluating at iteration 10649
2026-06-30 15:08:38,198 - INFO: Loss: 0.223417
2026-06-30 15:08:38,198 - INFO: Training ROC-AUC: 0.800000
2026-06-30 15:08:38,198 - INFO: Validation ROC-AUC: 0.606677
2026-06-30 15:08:50,268 - INFO: Evaluating at iteration 11149
2026-06-30 15:08:50,360 - INFO: Loss: 0.291574
2026-06-30 15:08:50,360 - INFO: Training ROC-AUC: 0.785714
2026-06-30 15:08:50,360 - INFO: Validation ROC-AUC: 0.608361
2026-06-30 15:09:02,091 - INFO: Evaluating at iteration 11649
2026-06-30 15:09:02,184 - INFO: Loss: 0.411327
2026-06-30 15:09:02,185 - INFO: Training ROC-AUC: 0.851429
2026-06-30 15:09:02,185 - INFO: Validation ROC-AUC: 0.610949
2026-06-30 15:09:14,281 - INFO: Evaluating at iteration 12149
2026-06-30 15:09:14,380 - INFO: Loss: 0.371501
2026-06-30 15:09:14,380 - INFO: Training ROC-AUC: 0.580357
2026-06-30 15:09:14,380 - INFO: Validation ROC-AUC: 0.614196
2026-06-30 15:09:26,213 - INFO: Evaluating at iteration 12649
2026-06-30 15:09:26,309 - INFO: Loss: 0.428986
2026-06-30 15:09:26,309 - INFO: Training ROC-AUC: 0.725926
2026-06-30 15:09:26,309 - INFO: Validation ROC-AUC: 0.616364
2026-06-30 15:09:27,179 - INFO: Starting epoch 6
2026-06-30 15:09:27,206 - INFO: Evaluating at iteration 12686
2026-06-30 15:09:27,308 - INFO: Loss: 0.228291
2026-06-30 15:09:27,308 - INFO: Training ROC-AUC: 0.866667
2026-06-30 15:09:27,308 - INFO: Validation ROC-AUC: 0.615303
2026-06-30 15:09:39,469 - INFO: Evaluating at iteration 13186
2026-06-30 15:09:39,572 - INFO: Loss: 0.365970
2026-06-30 15:09:39,572 - INFO: Training ROC-AUC: 0.884615
2026-06-30 15:09:39,572 - INFO: Validation ROC-AUC: 0.616332
2026-06-30 15:09:51,450 - INFO: Evaluating at iteration 13686
2026-06-30 15:09:51,547 - INFO: Loss: 0.231939
2026-06-30 15:09:51,547 - INFO: Training ROC-AUC: 0.885057
2026-06-30 15:09:51,547 - INFO: Validation ROC-AUC: 0.618900
2026-06-30 15:10:03,537 - INFO: Evaluating at iteration 14186
2026-06-30 15:10:03,637 - INFO: Loss: 0.378195
2026-06-30 15:10:03,638 - INFO: Training ROC-AUC: 0.868571
2026-06-30 15:10:03,638 - INFO: Validation ROC-AUC: 0.617944
2026-06-30 15:10:15,524 - INFO: Evaluating at iteration 14686
2026-06-30 15:10:15,623 - INFO: Loss: 0.512376
2026-06-30 15:10:15,623 - INFO: Training ROC-AUC: 0.589744
2026-06-30 15:10:15,623 - INFO: Validation ROC-AUC: 0.619375
2026-06-30 15:10:27,647 - INFO: Evaluating at iteration 15186
2026-06-30 15:10:27,743 - INFO: Loss: 0.481321
2026-06-30 15:10:27,743 - INFO: Training ROC-AUC: 0.708333
2026-06-30 15:10:27,743 - INFO: Validation ROC-AUC: 0.626370
2026-06-30 15:10:28,601 - INFO: Starting epoch 7
2026-06-30 15:10:28,625 - INFO: Evaluating at iteration 15223
2026-06-30 15:10:28,722 - INFO: Loss: 0.290544
2026-06-30 15:10:28,722 - INFO: Training ROC-AUC: 0.803571
2026-06-30 15:10:28,722 - INFO: Validation ROC-AUC: 0.626506
2026-06-30 15:10:40,684 - INFO: Evaluating at iteration 15723
2026-06-30 15:10:40,779 - INFO: Loss: 0.324667
2026-06-30 15:10:40,779 - INFO: Training ROC-AUC: 0.890625
2026-06-30 15:10:40,779 - INFO: Validation ROC-AUC: 0.625891
2026-06-30 15:10:52,896 - INFO: Evaluating at iteration 16223
2026-06-30 15:10:52,994 - INFO: Loss: 0.393654
2026-06-30 15:10:52,994 - INFO: Training ROC-AUC: 0.951691
2026-06-30 15:10:52,994 - INFO: Validation ROC-AUC: 0.627986
2026-06-30 15:11:04,836 - INFO: Evaluating at iteration 16723
2026-06-30 15:11:04,929 - INFO: Loss: 0.471284
2026-06-30 15:11:04,929 - INFO: Training ROC-AUC: 0.737143
2026-06-30 15:11:04,929 - INFO: Validation ROC-AUC: 0.628325
2026-06-30 15:11:16,756 - INFO: Evaluating at iteration 17223
2026-06-30 15:11:16,852 - INFO: Loss: 0.486551
2026-06-30 15:11:16,852 - INFO: Training ROC-AUC: 0.782857
2026-06-30 15:11:16,852 - INFO: Validation ROC-AUC: 0.629035
2026-06-30 15:11:28,938 - INFO: Evaluating at iteration 17723
2026-06-30 15:11:29,032 - INFO: Loss: 0.519405
2026-06-30 15:11:29,032 - INFO: Training ROC-AUC: 0.708571
2026-06-30 15:11:29,032 - INFO: Validation ROC-AUC: 0.625214
2026-06-30 15:11:29,875 - INFO: Starting epoch 8
2026-06-30 15:11:29,900 - INFO: Evaluating at iteration 17760
2026-06-30 15:11:29,996 - INFO: Loss: 0.515321
2026-06-30 15:11:29,996 - INFO: Training ROC-AUC: 0.628205
2026-06-30 15:11:29,996 - INFO: Validation ROC-AUC: 0.623043
2026-06-30 15:11:41,961 - INFO: Evaluating at iteration 18260
2026-06-30 15:11:42,056 - INFO: Loss: 0.368937
2026-06-30 15:11:42,057 - INFO: Training ROC-AUC: 0.885417
2026-06-30 15:11:42,057 - INFO: Validation ROC-AUC: 0.623880
2026-06-30 15:11:53,889 - INFO: Evaluating at iteration 18760
2026-06-30 15:11:53,985 - INFO: Loss: 0.413452
2026-06-30 15:11:53,985 - INFO: Training ROC-AUC: 0.741071
2026-06-30 15:11:53,986 - INFO: Validation ROC-AUC: 0.629216
2026-06-30 15:12:05,920 - INFO: Evaluating at iteration 19260
2026-06-30 15:12:06,017 - INFO: Loss: 0.381670
2026-06-30 15:12:06,018 - INFO: Training ROC-AUC: 0.750000
2026-06-30 15:12:06,018 - INFO: Validation ROC-AUC: 0.625109
2026-06-30 15:12:17,867 - INFO: Evaluating at iteration 19760
2026-06-30 15:12:17,962 - INFO: Loss: 0.373988
2026-06-30 15:12:17,962 - INFO: Training ROC-AUC: 0.903382
2026-06-30 15:12:17,962 - INFO: Validation ROC-AUC: 0.630918
2026-06-30 15:12:29,896 - INFO: Evaluating at iteration 20260
2026-06-30 15:12:29,991 - INFO: Loss: 0.452924
2026-06-30 15:12:29,991 - INFO: Training ROC-AUC: 0.659259
2026-06-30 15:12:29,991 - INFO: Validation ROC-AUC: 0.630250
2026-06-30 15:12:30,851 - INFO: Starting epoch 9
2026-06-30 15:12:30,877 - INFO: Evaluating at iteration 20297
2026-06-30 15:12:30,973 - INFO: Loss: 0.171886
2026-06-30 15:12:30,973 - INFO: Training ROC-AUC: 0.985185
2026-06-30 15:12:30,974 - INFO: Validation ROC-AUC: 0.629579
2026-06-30 15:12:42,903 - INFO: Evaluating at iteration 20797
2026-06-30 15:12:42,999 - INFO: Loss: 0.451834
2026-06-30 15:12:42,999 - INFO: Training ROC-AUC: 0.796875
2026-06-30 15:12:42,999 - INFO: Validation ROC-AUC: 0.628714
2026-06-30 15:12:54,816 - INFO: Evaluating at iteration 21297
2026-06-30 15:12:54,913 - INFO: Loss: 0.306906
2026-06-30 15:12:54,913 - INFO: Training ROC-AUC: 0.758929
2026-06-30 15:12:54,913 - INFO: Validation ROC-AUC: 0.631348
2026-06-30 15:13:06,922 - INFO: Evaluating at iteration 21797
2026-06-30 15:13:07,021 - INFO: Loss: 0.242909
2026-06-30 15:13:07,021 - INFO: Training ROC-AUC: 0.839080
2026-06-30 15:13:07,021 - INFO: Validation ROC-AUC: 0.631504
2026-06-30 15:13:18,933 - INFO: Evaluating at iteration 22297
2026-06-30 15:13:19,031 - INFO: Loss: 0.352894
2026-06-30 15:13:19,031 - INFO: Training ROC-AUC: 0.732143
2026-06-30 15:13:19,031 - INFO: Validation ROC-AUC: 0.631511
2026-06-30 15:13:31,049 - INFO: Evaluating at iteration 22797
2026-06-30 15:13:31,151 - INFO: Loss: 0.320069
2026-06-30 15:13:31,151 - INFO: Training ROC-AUC: 0.859259
2026-06-30 15:13:31,151 - INFO: Validation ROC-AUC: 0.631367
2026-06-30 15:13:32,046 - INFO: Starting epoch 10
2026-06-30 15:13:32,073 - INFO: Evaluating at iteration 22834
2026-06-30 15:13:32,176 - INFO: Loss: 0.278997
2026-06-30 15:13:32,176 - INFO: Training ROC-AUC: 0.566667
2026-06-30 15:13:32,176 - INFO: Validation ROC-AUC: 0.630418
2026-06-30 15:13:44,323 - INFO: Evaluating at iteration 23334
2026-06-30 15:13:44,421 - INFO: Loss: 0.381412
2026-06-30 15:13:44,421 - INFO: Training ROC-AUC: 0.834286
2026-06-30 15:13:44,421 - INFO: Validation ROC-AUC: 0.639500
2026-06-30 15:13:56,325 - INFO: Evaluating at iteration 23834
2026-06-30 15:13:56,421 - INFO: Loss: 0.235189
2026-06-30 15:13:56,422 - INFO: Training ROC-AUC: 0.955556
2026-06-30 15:13:56,422 - INFO: Validation ROC-AUC: 0.634603
2026-06-30 15:14:08,248 - INFO: Evaluating at iteration 24334
2026-06-30 15:14:08,344 - INFO: Loss: 0.337042
2026-06-30 15:14:08,344 - INFO: Training ROC-AUC: 0.845714
2026-06-30 15:14:08,344 - INFO: Validation ROC-AUC: 0.634341
2026-06-30 15:14:20,199 - INFO: Evaluating at iteration 24834
2026-06-30 15:14:20,294 - INFO: Loss: 0.364548
2026-06-30 15:14:20,294 - INFO: Training ROC-AUC: 0.828571
2026-06-30 15:14:20,294 - INFO: Validation ROC-AUC: 0.632190
2026-06-30 15:14:32,082 - INFO: Evaluating at iteration 25334
2026-06-30 15:14:32,180 - INFO: Loss: 0.186321
2026-06-30 15:14:32,181 - INFO: Training ROC-AUC: 0.918519
2026-06-30 15:14:32,181 - INFO: Validation ROC-AUC: 0.625797
2026-06-30 15:14:33,023 - INFO: Starting epoch 11
2026-06-30 15:14:33,047 - INFO: Evaluating at iteration 25371
2026-06-30 15:14:33,145 - INFO: Loss: 0.253908
2026-06-30 15:14:33,145 - INFO: Training ROC-AUC: 0.616667
2026-06-30 15:14:33,145 - INFO: Validation ROC-AUC: 0.625900
2026-06-30 15:14:44,940 - INFO: Evaluating at iteration 25871
2026-06-30 15:14:45,038 - INFO: Loss: 0.248905
2026-06-30 15:14:45,038 - INFO: Training ROC-AUC: 0.911111
2026-06-30 15:14:45,038 - INFO: Validation ROC-AUC: 0.619236
2026-06-30 15:14:56,947 - INFO: Evaluating at iteration 26371
2026-06-30 15:14:57,042 - INFO: Loss: 0.300210
2026-06-30 15:14:57,043 - INFO: Training ROC-AUC: 0.914286
2026-06-30 15:14:57,043 - INFO: Validation ROC-AUC: 0.625664
2026-06-30 15:15:08,915 - INFO: Evaluating at iteration 26871
2026-06-30 15:15:09,009 - INFO: Loss: 0.342120
2026-06-30 15:15:09,010 - INFO: Training ROC-AUC: 0.871795
2026-06-30 15:15:09,010 - INFO: Validation ROC-AUC: 0.633729
2026-06-30 15:15:20,949 - INFO: Evaluating at iteration 27371
2026-06-30 15:15:21,049 - INFO: Loss: 0.145876
2026-06-30 15:15:21,049 - INFO: Training ROC-AUC: 0.985185
2026-06-30 15:15:21,049 - INFO: Validation ROC-AUC: 0.633084
2026-06-30 15:15:33,042 - INFO: Evaluating at iteration 27871
2026-06-30 15:15:33,139 - INFO: Loss: 0.125890
2026-06-30 15:15:33,139 - INFO: Training ROC-AUC: 1.000000
2026-06-30 15:15:33,139 - INFO: Validation ROC-AUC: 0.633578
2026-06-30 15:15:34,017 - INFO: Starting epoch 12
2026-06-30 15:15:34,044 - INFO: Evaluating at iteration 27908
2026-06-30 15:15:34,143 - INFO: Loss: 0.407968
2026-06-30 15:15:34,143 - INFO: Training ROC-AUC: 0.864734
2026-06-30 15:15:34,143 - INFO: Validation ROC-AUC: 0.634275
2026-06-30 15:15:45,869 - INFO: Evaluating at iteration 28408
2026-06-30 15:15:45,965 - INFO: Loss: 0.376017
2026-06-30 15:15:45,965 - INFO: Training ROC-AUC: 0.733333
2026-06-30 15:15:45,965 - INFO: Validation ROC-AUC: 0.638985
2026-06-30 15:15:57,772 - INFO: Evaluating at iteration 28908
2026-06-30 15:15:57,867 - INFO: Loss: 0.400532
2026-06-30 15:15:57,867 - INFO: Training ROC-AUC: 0.730769
2026-06-30 15:15:57,867 - INFO: Validation ROC-AUC: 0.632121
2026-06-30 15:16:09,668 - INFO: Evaluating at iteration 29408
2026-06-30 15:16:09,763 - INFO: Loss: 0.237968
2026-06-30 15:16:09,764 - INFO: Training ROC-AUC: 0.962963
2026-06-30 15:16:09,764 - INFO: Validation ROC-AUC: 0.629239
2026-06-30 15:16:21,617 - INFO: Evaluating at iteration 29908
2026-06-30 15:16:21,715 - INFO: Loss: 0.531817
2026-06-30 15:16:21,715 - INFO: Training ROC-AUC: 0.781818
2026-06-30 15:16:21,715 - INFO: Validation ROC-AUC: 0.632959
2026-06-30 15:16:33,573 - INFO: Evaluating at iteration 30408
2026-06-30 15:16:33,675 - INFO: Loss: 0.392480
2026-06-30 15:16:33,676 - INFO: Training ROC-AUC: 0.833333
2026-06-30 15:16:33,676 - INFO: Validation ROC-AUC: 0.634834
2026-06-30 15:16:34,576 - INFO: Starting epoch 13
2026-06-30 15:16:34,604 - INFO: Evaluating at iteration 30445
2026-06-30 15:16:34,700 - INFO: Loss: 0.330912
2026-06-30 15:16:34,700 - INFO: Training ROC-AUC: 0.880000
2026-06-30 15:16:34,700 - INFO: Validation ROC-AUC: 0.635789
2026-06-30 15:16:46,629 - INFO: Evaluating at iteration 30945
2026-06-30 15:16:46,728 - INFO: Loss: 0.246064
2026-06-30 15:16:46,728 - INFO: Training ROC-AUC: 0.948571
2026-06-30 15:16:46,728 - INFO: Validation ROC-AUC: 0.633785
2026-06-30 15:16:58,791 - INFO: Evaluating at iteration 31445
2026-06-30 15:16:58,889 - INFO: Loss: 0.165276
2026-06-30 15:16:58,889 - INFO: Training ROC-AUC: 1.000000
2026-06-30 15:16:58,889 - INFO: Validation ROC-AUC: 0.632482
2026-06-30 15:17:10,906 - INFO: Evaluating at iteration 31945
2026-06-30 15:17:11,002 - INFO: Loss: 0.402920
2026-06-30 15:17:11,003 - INFO: Training ROC-AUC: 0.869565
2026-06-30 15:17:11,003 - INFO: Validation ROC-AUC: 0.632638
2026-06-30 15:17:23,035 - INFO: Evaluating at iteration 32445
2026-06-30 15:17:23,133 - INFO: Loss: 0.205423
2026-06-30 15:17:23,133 - INFO: Training ROC-AUC: 0.866667
2026-06-30 15:17:23,133 - INFO: Validation ROC-AUC: 0.635195
2026-06-30 15:17:34,968 - INFO: Evaluating at iteration 32945
2026-06-30 15:17:35,062 - INFO: Loss: 0.419632
2026-06-30 15:17:35,062 - INFO: Training ROC-AUC: 0.659259
2026-06-30 15:17:35,062 - INFO: Validation ROC-AUC: 0.631051
2026-06-30 15:17:35,906 - INFO: Starting epoch 14
2026-06-30 15:17:35,931 - INFO: Evaluating at iteration 32982
2026-06-30 15:17:36,027 - INFO: Loss: 0.148779
2026-06-30 15:17:36,027 - INFO: Training ROC-AUC: 1.000000
2026-06-30 15:17:36,027 - INFO: Validation ROC-AUC: 0.631019
2026-06-30 15:17:47,832 - INFO: Evaluating at iteration 33482
2026-06-30 15:17:47,927 - INFO: Loss: 0.384087
2026-06-30 15:17:47,927 - INFO: Training ROC-AUC: 0.834286
2026-06-30 15:17:47,927 - INFO: Validation ROC-AUC: 0.632641
2026-06-30 15:18:00,111 - INFO: Evaluating at iteration 33982
2026-06-30 15:18:00,215 - INFO: Loss: 0.260740
2026-06-30 15:18:00,215 - INFO: Training ROC-AUC: 0.839286
2026-06-30 15:18:00,215 - INFO: Validation ROC-AUC: 0.635573
2026-06-30 15:18:12,290 - INFO: Evaluating at iteration 34482
2026-06-30 15:18:12,386 - INFO: Loss: 0.146214
2026-06-30 15:18:12,386 - INFO: Training ROC-AUC: 1.000000
2026-06-30 15:18:12,387 - INFO: Validation ROC-AUC: 0.628974
2026-06-30 15:18:24,275 - INFO: Evaluating at iteration 34982
2026-06-30 15:18:24,372 - INFO: Loss: 0.312055
2026-06-30 15:18:24,372 - INFO: Training ROC-AUC: 0.852564
2026-06-30 15:18:24,372 - INFO: Validation ROC-AUC: 0.631317
2026-06-30 15:18:36,240 - INFO: Evaluating at iteration 35482
2026-06-30 15:18:36,333 - INFO: Loss: 0.336147
2026-06-30 15:18:36,334 - INFO: Training ROC-AUC: 0.820513
2026-06-30 15:18:36,334 - INFO: Validation ROC-AUC: 0.634816
2026-06-30 15:18:37,187 - INFO: Starting epoch 15
2026-06-30 15:18:37,211 - INFO: Evaluating at iteration 35519
2026-06-30 15:18:37,308 - INFO: Loss: 0.210306
2026-06-30 15:18:37,308 - INFO: Training ROC-AUC: 0.955357
2026-06-30 15:18:37,308 - INFO: Validation ROC-AUC: 0.634997
2026-06-30 15:18:49,191 - INFO: Evaluating at iteration 36019
2026-06-30 15:18:49,287 - INFO: Loss: 0.411580
2026-06-30 15:18:49,287 - INFO: Training ROC-AUC: 0.718519
2026-06-30 15:18:49,287 - INFO: Validation ROC-AUC: 0.630941
2026-06-30 15:19:01,049 - INFO: Evaluating at iteration 36519
2026-06-30 15:19:01,150 - INFO: Loss: 0.275956
2026-06-30 15:19:01,151 - INFO: Training ROC-AUC: 0.969697
2026-06-30 15:19:01,151 - INFO: Validation ROC-AUC: 0.636415
2026-06-30 15:19:13,298 - INFO: Evaluating at iteration 37019
2026-06-30 15:19:13,393 - INFO: Loss: 0.293474
2026-06-30 15:19:13,393 - INFO: Training ROC-AUC: 0.903846
2026-06-30 15:19:13,393 - INFO: Validation ROC-AUC: 0.635805
2026-06-30 15:19:25,639 - INFO: Evaluating at iteration 37519
2026-06-30 15:19:25,741 - INFO: Loss: 0.470810
2026-06-30 15:19:25,742 - INFO: Training ROC-AUC: 0.814103
2026-06-30 15:19:25,742 - INFO: Validation ROC-AUC: 0.632638
2026-06-30 15:19:37,715 - INFO: Evaluating at iteration 38019
2026-06-30 15:19:37,809 - INFO: Loss: 0.567444
2026-06-30 15:19:37,809 - INFO: Training ROC-AUC: 0.651429
2026-06-30 15:19:37,809 - INFO: Validation ROC-AUC: 0.636047
2026-06-30 15:19:38,659 - INFO: Starting epoch 16
2026-06-30 15:19:38,683 - INFO: Evaluating at iteration 38056
2026-06-30 15:19:38,780 - INFO: Loss: 0.219674
2026-06-30 15:19:38,780 - INFO: Training ROC-AUC: 0.910714
2026-06-30 15:19:38,780 - INFO: Validation ROC-AUC: 0.632863
2026-06-30 15:19:50,903 - INFO: Evaluating at iteration 38556
2026-06-30 15:19:50,996 - INFO: Loss: 0.361005
2026-06-30 15:19:50,996 - INFO: Training ROC-AUC: 0.800000
2026-06-30 15:19:50,996 - INFO: Validation ROC-AUC: 0.635651
2026-06-30 15:20:02,767 - INFO: Evaluating at iteration 39056
2026-06-30 15:20:02,861 - INFO: Loss: 0.327172
2026-06-30 15:20:02,861 - INFO: Training ROC-AUC: 0.814815
2026-06-30 15:20:02,861 - INFO: Validation ROC-AUC: 0.635519
2026-06-30 15:20:14,819 - INFO: Evaluating at iteration 39556
2026-06-30 15:20:14,914 - INFO: Loss: 0.250458
2026-06-30 15:20:14,915 - INFO: Training ROC-AUC: 0.955128
2026-06-30 15:20:14,915 - INFO: Validation ROC-AUC: 0.636995
2026-06-30 15:20:26,909 - INFO: Evaluating at iteration 40056
2026-06-30 15:20:27,007 - INFO: Loss: 0.364219
2026-06-30 15:20:27,007 - INFO: Training ROC-AUC: 0.769231
2026-06-30 15:20:27,007 - INFO: Validation ROC-AUC: 0.631456
2026-06-30 15:20:38,932 - INFO: Evaluating at iteration 40556
2026-06-30 15:20:39,028 - INFO: Loss: 0.244998
2026-06-30 15:20:39,028 - INFO: Training ROC-AUC: 0.928571
2026-06-30 15:20:39,028 - INFO: Validation ROC-AUC: 0.635006
2026-06-30 15:20:39,882 - INFO: Starting epoch 17
2026-06-30 15:20:39,907 - INFO: Evaluating at iteration 40593
2026-06-30 15:20:40,001 - INFO: Loss: 0.343127
2026-06-30 15:20:40,001 - INFO: Training ROC-AUC: 0.800000
2026-06-30 15:20:40,001 - INFO: Validation ROC-AUC: 0.634153
2026-06-30 15:20:52,060 - INFO: Evaluating at iteration 41093
2026-06-30 15:20:52,156 - INFO: Loss: 0.312857
2026-06-30 15:20:52,156 - INFO: Training ROC-AUC: 0.878205
2026-06-30 15:20:52,156 - INFO: Validation ROC-AUC: 0.631535
2026-06-30 15:21:04,234 - INFO: Evaluating at iteration 41593
2026-06-30 15:21:04,331 - INFO: Loss: 0.329671
2026-06-30 15:21:04,331 - INFO: Training ROC-AUC: 0.895833
2026-06-30 15:21:04,331 - INFO: Validation ROC-AUC: 0.638055
2026-06-30 15:21:16,446 - INFO: Evaluating at iteration 42093
2026-06-30 15:21:16,541 - INFO: Loss: 0.250345
2026-06-30 15:21:16,541 - INFO: Training ROC-AUC: 0.984375
2026-06-30 15:21:16,541 - INFO: Validation ROC-AUC: 0.632598
2026-06-30 15:21:28,628 - INFO: Evaluating at iteration 42593
2026-06-30 15:21:28,732 - INFO: Loss: 0.296291
2026-06-30 15:21:28,732 - INFO: Training ROC-AUC: 0.859259
2026-06-30 15:21:28,732 - INFO: Validation ROC-AUC: 0.634526
2026-06-30 15:21:40,781 - INFO: Evaluating at iteration 43093
2026-06-30 15:21:40,877 - INFO: Loss: 0.298787
2026-06-30 15:21:40,877 - INFO: Training ROC-AUC: 0.895833
2026-06-30 15:21:40,877 - INFO: Validation ROC-AUC: 0.636469
2026-06-30 15:21:41,735 - INFO: Starting epoch 18
2026-06-30 15:21:41,760 - INFO: Evaluating at iteration 43130
2026-06-30 15:21:41,855 - INFO: Loss: 0.327545
2026-06-30 15:21:41,855 - INFO: Training ROC-AUC: 0.911458
2026-06-30 15:21:41,855 - INFO: Validation ROC-AUC: 0.637813
2026-06-30 15:21:53,824 - INFO: Evaluating at iteration 43630
2026-06-30 15:21:53,920 - INFO: Loss: 0.193638
2026-06-30 15:21:53,920 - INFO: Training ROC-AUC: 0.910714
2026-06-30 15:21:53,920 - INFO: Validation ROC-AUC: 0.634116
2026-06-30 15:22:05,958 - INFO: Evaluating at iteration 44130
2026-06-30 15:22:06,054 - INFO: Loss: 0.259616
2026-06-30 15:22:06,054 - INFO: Training ROC-AUC: 0.874074
2026-06-30 15:22:06,054 - INFO: Validation ROC-AUC: 0.632323
2026-06-30 15:22:17,870 - INFO: Evaluating at iteration 44630
2026-06-30 15:22:17,968 - INFO: Loss: 0.358474
2026-06-30 15:22:17,968 - INFO: Training ROC-AUC: 0.714286
2026-06-30 15:22:17,969 - INFO: Validation ROC-AUC: 0.634085
2026-06-30 15:22:29,996 - INFO: Evaluating at iteration 45130
2026-06-30 15:22:30,095 - INFO: Loss: 0.515142
2026-06-30 15:22:30,096 - INFO: Training ROC-AUC: 0.772727
2026-06-30 15:22:30,096 - INFO: Validation ROC-AUC: 0.634118
2026-06-30 15:22:42,343 - INFO: Evaluating at iteration 45630
2026-06-30 15:22:42,447 - INFO: Loss: 0.233375
2026-06-30 15:22:42,447 - INFO: Training ROC-AUC: 0.919643
2026-06-30 15:22:42,447 - INFO: Validation ROC-AUC: 0.636794
2026-06-30 15:22:43,323 - INFO: Starting epoch 19
2026-06-30 15:22:43,348 - INFO: Evaluating at iteration 45667
2026-06-30 15:22:43,446 - INFO: Loss: 0.182653
2026-06-30 15:22:43,446 - INFO: Training ROC-AUC: 0.955556
2026-06-30 15:22:43,446 - INFO: Validation ROC-AUC: 0.637408
2026-06-30 15:22:55,607 - INFO: Evaluating at iteration 46167
2026-06-30 15:22:55,704 - INFO: Loss: 0.138924
2026-06-30 15:22:55,704 - INFO: Training ROC-AUC: 1.000000
2026-06-30 15:22:55,704 - INFO: Validation ROC-AUC: 0.639716
2026-06-30 15:23:07,944 - INFO: Evaluating at iteration 46667
2026-06-30 15:23:08,041 - INFO: Loss: 0.321272
2026-06-30 15:23:08,042 - INFO: Training ROC-AUC: 0.942708
2026-06-30 15:23:08,042 - INFO: Validation ROC-AUC: 0.637537
2026-06-30 15:23:20,140 - INFO: Evaluating at iteration 47167
2026-06-30 15:23:20,234 - INFO: Loss: 0.217896
2026-06-30 15:23:20,234 - INFO: Training ROC-AUC: 0.971014
2026-06-30 15:23:20,234 - INFO: Validation ROC-AUC: 0.633992
2026-06-30 15:23:32,100 - INFO: Evaluating at iteration 47667
2026-06-30 15:23:32,197 - INFO: Loss: 0.475928
2026-06-30 15:23:32,198 - INFO: Training ROC-AUC: 0.801932
2026-06-30 15:23:32,198 - INFO: Validation ROC-AUC: 0.636829
2026-06-30 15:23:44,269 - INFO: Evaluating at iteration 48167
2026-06-30 15:23:44,370 - INFO: Loss: 0.163295
2026-06-30 15:23:44,370 - INFO: Training ROC-AUC: 0.940741
2026-06-30 15:23:44,370 - INFO: Validation ROC-AUC: 0.638869
2026-06-30 15:23:45,277 - INFO: Starting epoch 20
2026-06-30 15:23:45,304 - INFO: Evaluating at iteration 48204
2026-06-30 15:23:45,405 - INFO: Loss: 0.296157
2026-06-30 15:23:45,405 - INFO: Training ROC-AUC: 0.829630
2026-06-30 15:23:45,405 - INFO: Validation ROC-AUC: 0.636363
2026-06-30 15:23:57,519 - INFO: Evaluating at iteration 48704
2026-06-30 15:23:57,616 - INFO: Loss: 0.319244
2026-06-30 15:23:57,616 - INFO: Training ROC-AUC: 0.885714
2026-06-30 15:23:57,616 - INFO: Validation ROC-AUC: 0.630157
2026-06-30 15:24:09,661 - INFO: Evaluating at iteration 49204
2026-06-30 15:24:09,758 - INFO: Loss: 0.500339
2026-06-30 15:24:09,758 - INFO: Training ROC-AUC: 0.831818
2026-06-30 15:24:09,758 - INFO: Validation ROC-AUC: 0.639791
2026-06-30 15:24:21,838 - INFO: Evaluating at iteration 49704
2026-06-30 15:24:21,939 - INFO: Loss: 0.220848
2026-06-30 15:24:21,939 - INFO: Training ROC-AUC: 0.925926
2026-06-30 15:24:21,939 - INFO: Validation ROC-AUC: 0.640570
2026-06-30 15:24:33,877 - INFO: Evaluating at iteration 50204
2026-06-30 15:24:33,981 - INFO: Loss: 0.187851
2026-06-30 15:24:33,981 - INFO: Training ROC-AUC: 0.919540
2026-06-30 15:24:33,981 - INFO: Validation ROC-AUC: 0.639295
2026-06-30 15:24:45,990 - INFO: Evaluating at iteration 50704
2026-06-30 15:24:46,084 - INFO: Loss: 0.260405
2026-06-30 15:24:46,084 - INFO: Training ROC-AUC: 0.960000
2026-06-30 15:24:46,084 - INFO: Validation ROC-AUC: 0.636166
2026-06-30 15:24:46,941 - INFO: Starting epoch 21
2026-06-30 15:24:46,967 - INFO: Evaluating at iteration 50741
2026-06-30 15:24:47,063 - INFO: Loss: 0.197265
2026-06-30 15:24:47,063 - INFO: Training ROC-AUC: 0.883929
2026-06-30 15:24:47,063 - INFO: Validation ROC-AUC: 0.635563
2026-06-30 15:24:59,114 - INFO: Evaluating at iteration 51241
2026-06-30 15:24:59,209 - INFO: Loss: 0.114023
2026-06-30 15:24:59,209 - INFO: Training ROC-AUC: 0.991071
2026-06-30 15:24:59,209 - INFO: Validation ROC-AUC: 0.637993
2026-06-30 15:25:11,280 - INFO: Evaluating at iteration 51741
2026-06-30 15:25:11,375 - INFO: Loss: 0.400458
2026-06-30 15:25:11,375 - INFO: Training ROC-AUC: 0.574713
2026-06-30 15:25:11,375 - INFO: Validation ROC-AUC: 0.641568
2026-06-30 15:25:23,387 - INFO: Evaluating at iteration 52241
2026-06-30 15:25:23,482 - INFO: Loss: 0.258067
2026-06-30 15:25:23,482 - INFO: Training ROC-AUC: 0.883929
2026-06-30 15:25:23,482 - INFO: Validation ROC-AUC: 0.642037
2026-06-30 15:25:35,712 - INFO: Evaluating at iteration 52741
2026-06-30 15:25:35,812 - INFO: Loss: 0.321612
2026-06-30 15:25:35,812 - INFO: Training ROC-AUC: 0.902857
2026-06-30 15:25:35,812 - INFO: Validation ROC-AUC: 0.638225
2026-06-30 15:25:47,716 - INFO: Evaluating at iteration 53241
2026-06-30 15:25:47,812 - INFO: Loss: 0.184611
2026-06-30 15:25:47,812 - INFO: Training ROC-AUC: 0.885057
2026-06-30 15:25:47,812 - INFO: Validation ROC-AUC: 0.634579
2026-06-30 15:25:48,680 - INFO: Starting epoch 22
2026-06-30 15:25:48,706 - INFO: Evaluating at iteration 53278
2026-06-30 15:25:48,813 - INFO: Loss: 0.173332
2026-06-30 15:25:48,813 - INFO: Training ROC-AUC: 1.000000
2026-06-30 15:25:48,813 - INFO: Validation ROC-AUC: 0.634534
2026-06-30 15:26:00,908 - INFO: Evaluating at iteration 53778
2026-06-30 15:26:01,002 - INFO: Loss: 0.192785
2026-06-30 15:26:01,002 - INFO: Training ROC-AUC: 0.984375
2026-06-30 15:26:01,002 - INFO: Validation ROC-AUC: 0.634213
2026-06-30 15:26:13,212 - INFO: Evaluating at iteration 54278
2026-06-30 15:26:13,308 - INFO: Loss: 0.303358
2026-06-30 15:26:13,308 - INFO: Training ROC-AUC: 0.821429
2026-06-30 15:26:13,308 - INFO: Validation ROC-AUC: 0.640865
2026-06-30 15:26:25,451 - INFO: Evaluating at iteration 54778
2026-06-30 15:26:25,546 - INFO: Loss: 0.229628
2026-06-30 15:26:25,546 - INFO: Training ROC-AUC: 0.839080
2026-06-30 15:26:25,546 - INFO: Validation ROC-AUC: 0.638567
2026-06-30 15:26:37,675 - INFO: Evaluating at iteration 55278
2026-06-30 15:26:37,779 - INFO: Loss: 0.201197
2026-06-30 15:26:37,779 - INFO: Training ROC-AUC: 1.000000
2026-06-30 15:26:37,779 - INFO: Validation ROC-AUC: 0.639165
2026-06-30 15:26:50,275 - INFO: Evaluating at iteration 55778
2026-06-30 15:26:50,370 - INFO: Loss: 0.289946
2026-06-30 15:26:50,370 - INFO: Training ROC-AUC: 0.929487
2026-06-30 15:26:50,370 - INFO: Validation ROC-AUC: 0.643462
2026-06-30 15:26:51,232 - INFO: Starting epoch 23
2026-06-30 15:26:51,257 - INFO: Evaluating at iteration 55815
2026-06-30 15:26:51,353 - INFO: Loss: 0.365124
2026-06-30 15:26:51,354 - INFO: Training ROC-AUC: 0.931429
2026-06-30 15:26:51,354 - INFO: Validation ROC-AUC: 0.640929
2026-06-30 15:27:03,726 - INFO: Evaluating at iteration 56315
2026-06-30 15:27:03,836 - INFO: Loss: 0.411792
2026-06-30 15:27:03,836 - INFO: Training ROC-AUC: 0.801282
2026-06-30 15:27:03,836 - INFO: Validation ROC-AUC: 0.644399
2026-06-30 15:27:16,056 - INFO: Evaluating at iteration 56815
2026-06-30 15:27:16,155 - INFO: Loss: 0.124938
2026-06-30 15:27:16,155 - INFO: Training ROC-AUC: 0.983333
2026-06-30 15:27:16,155 - INFO: Validation ROC-AUC: 0.639574
2026-06-30 15:27:28,325 - INFO: Evaluating at iteration 57315
2026-06-30 15:27:28,420 - INFO: Loss: 0.474395
2026-06-30 15:27:28,420 - INFO: Training ROC-AUC: 0.750000
2026-06-30 15:27:28,420 - INFO: Validation ROC-AUC: 0.641757
2026-06-30 15:27:40,484 - INFO: Evaluating at iteration 57815
2026-06-30 15:27:40,584 - INFO: Loss: 0.212339
2026-06-30 15:27:40,584 - INFO: Training ROC-AUC: 0.937500
2026-06-30 15:27:40,584 - INFO: Validation ROC-AUC: 0.642142
2026-06-30 15:27:52,769 - INFO: Evaluating at iteration 58315
2026-06-30 15:27:52,866 - INFO: Loss: 0.368632
2026-06-30 15:27:52,866 - INFO: Training ROC-AUC: 0.770370
2026-06-30 15:27:52,866 - INFO: Validation ROC-AUC: 0.635897
2026-06-30 15:27:53,747 - INFO: Starting epoch 24
2026-06-30 15:27:53,774 - INFO: Evaluating at iteration 58352
2026-06-30 15:27:53,876 - INFO: Loss: 0.222290
2026-06-30 15:27:53,876 - INFO: Training ROC-AUC: 0.970370
2026-06-30 15:27:53,877 - INFO: Validation ROC-AUC: 0.636151
2026-06-30 15:28:06,121 - INFO: Evaluating at iteration 58852
2026-06-30 15:28:06,214 - INFO: Loss: 0.168497
2026-06-30 15:28:06,215 - INFO: Training ROC-AUC: 0.965517
2026-06-30 15:28:06,215 - INFO: Validation ROC-AUC: 0.632600
2026-06-30 15:28:18,381 - INFO: Evaluating at iteration 59352
2026-06-30 15:28:18,478 - INFO: Loss: 0.247797
2026-06-30 15:28:18,478 - INFO: Training ROC-AUC: 0.804598
2026-06-30 15:28:18,478 - INFO: Validation ROC-AUC: 0.638653
2026-06-30 15:28:31,074 - INFO: Evaluating at iteration 59852
2026-06-30 15:28:31,168 - INFO: Loss: 0.200489
2026-06-30 15:28:31,168 - INFO: Training ROC-AUC: 0.962963
2026-06-30 15:28:31,168 - INFO: Validation ROC-AUC: 0.643855
2026-06-30 15:28:43,394 - INFO: Evaluating at iteration 60352
2026-06-30 15:28:43,490 - INFO: Loss: 0.295898
2026-06-30 15:28:43,490 - INFO: Training ROC-AUC: 0.837037
2026-06-30 15:28:43,490 - INFO: Validation ROC-AUC: 0.645622
2026-06-30 15:28:55,814 - INFO: Evaluating at iteration 60852
2026-06-30 15:28:55,920 - INFO: Loss: 0.327456
2026-06-30 15:28:55,920 - INFO: Training ROC-AUC: 0.814815
2026-06-30 15:28:55,920 - INFO: Validation ROC-AUC: 0.643274
2026-06-30 15:28:56,807 - INFO: Starting epoch 25
2026-06-30 15:28:56,832 - INFO: Evaluating at iteration 60889
2026-06-30 15:28:56,927 - INFO: Loss: 0.426142
2026-06-30 15:28:56,928 - INFO: Training ROC-AUC: 0.800000
2026-06-30 15:28:56,928 - INFO: Validation ROC-AUC: 0.643993
2026-06-30 15:29:09,161 - INFO: Evaluating at iteration 61389
2026-06-30 15:29:09,255 - INFO: Loss: 0.185700
2026-06-30 15:29:09,255 - INFO: Training ROC-AUC: 0.982143
2026-06-30 15:29:09,255 - INFO: Validation ROC-AUC: 0.644477
2026-06-30 15:29:21,500 - INFO: Evaluating at iteration 61889
2026-06-30 15:29:21,602 - INFO: Loss: 0.378522
2026-06-30 15:29:21,602 - INFO: Training ROC-AUC: 0.740741
2026-06-30 15:29:21,602 - INFO: Validation ROC-AUC: 0.643424
2026-06-30 15:29:33,846 - INFO: Evaluating at iteration 62389
2026-06-30 15:29:33,956 - INFO: Loss: 0.353305
2026-06-30 15:29:33,956 - INFO: Training ROC-AUC: 0.917874
2026-06-30 15:29:33,956 - INFO: Validation ROC-AUC: 0.638839
2026-06-30 15:29:46,221 - INFO: Evaluating at iteration 62889
2026-06-30 15:29:46,318 - INFO: Loss: 0.473355
2026-06-30 15:29:46,318 - INFO: Training ROC-AUC: 0.776042
2026-06-30 15:29:46,318 - INFO: Validation ROC-AUC: 0.637504
2026-06-30 15:29:58,524 - INFO: Evaluating at iteration 63389
2026-06-30 15:29:58,621 - INFO: Loss: 0.249728
2026-06-30 15:29:58,621 - INFO: Training ROC-AUC: 0.896296
2026-06-30 15:29:58,621 - INFO: Validation ROC-AUC: 0.639369
2026-06-30 15:29:59,489 - INFO: Saving model to models/TCRStructMap_pMHC_split_cdrs_peptide/model_2.pt
2026-06-30 15:29:59,507 - INFO: Starting fold 3
2026-06-30 15:29:59,879 - INFO: Initialising model
2026-06-30 15:29:59,891 - INFO: Starting training
2026-06-30 15:29:59,891 - INFO: Starting epoch 1
2026-06-30 15:29:59,919 - INFO: Evaluating at iteration 1
2026-06-30 15:30:02,192 - INFO: Loss: 0.705206
2026-06-30 15:30:02,193 - INFO: Training ROC-AUC: 0.532051
2026-06-30 15:30:02,193 - INFO: Validation ROC-AUC: 0.508774
2026-06-30 15:30:12,900 - INFO: Starting epoch 2
2026-06-30 15:30:12,925 - INFO: Evaluating at iteration 457
2026-06-30 15:30:15,313 - INFO: Loss: 0.531529
2026-06-30 15:30:15,313 - INFO: Training ROC-AUC: 0.560000
2026-06-30 15:30:15,313 - INFO: Validation ROC-AUC: 0.449111
2026-06-30 15:30:26,108 - INFO: Starting epoch 3
2026-06-30 15:30:26,134 - INFO: Evaluating at iteration 913
2026-06-30 15:30:28,477 - INFO: Loss: 0.367882
2026-06-30 15:30:28,477 - INFO: Training ROC-AUC: 0.770370
2026-06-30 15:30:28,477 - INFO: Validation ROC-AUC: 0.446154
2026-06-30 15:30:39,190 - INFO: Starting epoch 4
2026-06-30 15:30:39,214 - INFO: Evaluating at iteration 1369
2026-06-30 15:30:41,467 - INFO: Loss: 0.251340
2026-06-30 15:30:41,467 - INFO: Training ROC-AUC: 0.816667
2026-06-30 15:30:41,467 - INFO: Validation ROC-AUC: 0.442187
2026-06-30 15:30:52,358 - INFO: Starting epoch 5
2026-06-30 15:30:52,384 - INFO: Evaluating at iteration 1825
2026-06-30 15:30:54,668 - INFO: Loss: 0.218033
2026-06-30 15:30:54,668 - INFO: Training ROC-AUC: 0.950000
2026-06-30 15:30:54,668 - INFO: Validation ROC-AUC: 0.440701
2026-06-30 15:31:05,852 - INFO: Starting epoch 6
2026-06-30 15:31:05,878 - INFO: Evaluating at iteration 2281
2026-06-30 15:31:08,250 - INFO: Loss: 0.227995
2026-06-30 15:31:08,250 - INFO: Training ROC-AUC: 0.816667
2026-06-30 15:31:08,250 - INFO: Validation ROC-AUC: 0.439772
2026-06-30 15:31:19,261 - INFO: Starting epoch 7
2026-06-30 15:31:19,285 - INFO: Evaluating at iteration 2737
2026-06-30 15:31:21,604 - INFO: Loss: 0.468991
2026-06-30 15:31:21,604 - INFO: Training ROC-AUC: 0.848958
2026-06-30 15:31:21,604 - INFO: Validation ROC-AUC: 0.438841
2026-06-30 15:31:32,343 - INFO: Starting epoch 8
2026-06-30 15:31:32,366 - INFO: Evaluating at iteration 3193
2026-06-30 15:31:34,722 - INFO: Loss: 0.313412
2026-06-30 15:31:34,723 - INFO: Training ROC-AUC: 0.884615
2026-06-30 15:31:34,723 - INFO: Validation ROC-AUC: 0.438400
2026-06-30 15:31:45,600 - INFO: Starting epoch 9
2026-06-30 15:31:45,625 - INFO: Evaluating at iteration 3649
2026-06-30 15:31:47,903 - INFO: Loss: 0.336527
2026-06-30 15:31:47,903 - INFO: Training ROC-AUC: 0.741071
2026-06-30 15:31:47,903 - INFO: Validation ROC-AUC: 0.438021
2026-06-30 15:31:58,836 - INFO: Starting epoch 10
2026-06-30 15:31:58,860 - INFO: Evaluating at iteration 4105
2026-06-30 15:32:01,116 - INFO: Loss: 0.419691
2026-06-30 15:32:01,116 - INFO: Training ROC-AUC: 0.698718
2026-06-30 15:32:01,116 - INFO: Validation ROC-AUC: 0.437629
2026-06-30 15:32:12,023 - INFO: Starting epoch 11
2026-06-30 15:32:12,048 - INFO: Evaluating at iteration 4561
2026-06-30 15:32:14,327 - INFO: Loss: 0.266821
2026-06-30 15:32:14,327 - INFO: Training ROC-AUC: 0.901786
2026-06-30 15:32:14,327 - INFO: Validation ROC-AUC: 0.437498
2026-06-30 15:32:25,150 - INFO: Starting epoch 12
2026-06-30 15:32:25,174 - INFO: Evaluating at iteration 5017
2026-06-30 15:32:27,505 - INFO: Loss: 0.326999
2026-06-30 15:32:27,505 - INFO: Training ROC-AUC: 0.942857
2026-06-30 15:32:27,505 - INFO: Validation ROC-AUC: 0.437425
2026-06-30 15:32:38,426 - INFO: Starting epoch 13
2026-06-30 15:32:38,449 - INFO: Evaluating at iteration 5473
2026-06-30 15:32:40,727 - INFO: Loss: 0.228529
2026-06-30 15:32:40,727 - INFO: Training ROC-AUC: 0.850575
2026-06-30 15:32:40,727 - INFO: Validation ROC-AUC: 0.437433
2026-06-30 15:32:51,543 - INFO: Starting epoch 14
2026-06-30 15:32:51,567 - INFO: Evaluating at iteration 5929
2026-06-30 15:32:53,820 - INFO: Loss: 0.438624
2026-06-30 15:32:53,821 - INFO: Training ROC-AUC: 0.840000
2026-06-30 15:32:53,821 - INFO: Validation ROC-AUC: 0.437610
2026-06-30 15:33:04,626 - INFO: Starting epoch 15
2026-06-30 15:33:04,649 - INFO: Evaluating at iteration 6385
2026-06-30 15:33:06,960 - INFO: Loss: 0.302998
2026-06-30 15:33:06,960 - INFO: Training ROC-AUC: 0.821429
2026-06-30 15:33:06,960 - INFO: Validation ROC-AUC: 0.437674
2026-06-30 15:33:18,139 - INFO: Starting epoch 16
2026-06-30 15:33:18,164 - INFO: Evaluating at iteration 6841
2026-06-30 15:33:20,549 - INFO: Loss: 0.400366
2026-06-30 15:33:20,549 - INFO: Training ROC-AUC: 0.748148
2026-06-30 15:33:20,549 - INFO: Validation ROC-AUC: 0.437936
2026-06-30 15:33:31,384 - INFO: Starting epoch 17
2026-06-30 15:33:31,408 - INFO: Evaluating at iteration 7297
2026-06-30 15:33:33,750 - INFO: Loss: 0.193978
2026-06-30 15:33:33,751 - INFO: Training ROC-AUC: 0.612903
2026-06-30 15:33:33,751 - INFO: Validation ROC-AUC: 0.438210
2026-06-30 15:33:44,514 - INFO: Starting epoch 18
2026-06-30 15:33:44,538 - INFO: Evaluating at iteration 7753
2026-06-30 15:33:46,795 - INFO: Loss: 0.446762
2026-06-30 15:33:46,795 - INFO: Training ROC-AUC: 0.845411
2026-06-30 15:33:46,795 - INFO: Validation ROC-AUC: 0.438454
2026-06-30 15:33:57,707 - INFO: Starting epoch 19
2026-06-30 15:33:57,731 - INFO: Evaluating at iteration 8209
2026-06-30 15:34:00,000 - INFO: Loss: 0.266887
2026-06-30 15:34:00,000 - INFO: Training ROC-AUC: 0.770115
2026-06-30 15:34:00,000 - INFO: Validation ROC-AUC: 0.438962
2026-06-30 15:34:10,992 - INFO: Starting epoch 20
2026-06-30 15:34:11,017 - INFO: Evaluating at iteration 8665
2026-06-30 15:34:13,362 - INFO: Loss: 0.142534
2026-06-30 15:34:13,362 - INFO: Training ROC-AUC: 0.935484
2026-06-30 15:34:13,362 - INFO: Validation ROC-AUC: 0.439819
2026-06-30 15:34:24,564 - INFO: Starting epoch 21
2026-06-30 15:34:24,589 - INFO: Evaluating at iteration 9121
2026-06-30 15:34:27,033 - INFO: Loss: 0.335016
2026-06-30 15:34:27,034 - INFO: Training ROC-AUC: 0.758929
2026-06-30 15:34:27,034 - INFO: Validation ROC-AUC: 0.440224
2026-06-30 15:34:37,812 - INFO: Starting epoch 22
2026-06-30 15:34:37,836 - INFO: Evaluating at iteration 9577
2026-06-30 15:34:40,115 - INFO: Loss: 0.373756
2026-06-30 15:34:40,116 - INFO: Training ROC-AUC: 0.696429
2026-06-30 15:34:40,116 - INFO: Validation ROC-AUC: 0.441047
2026-06-30 15:34:51,037 - INFO: Starting epoch 23
2026-06-30 15:34:51,063 - INFO: Evaluating at iteration 10033
2026-06-30 15:34:53,360 - INFO: Loss: 0.385835
2026-06-30 15:34:53,360 - INFO: Training ROC-AUC: 0.880000
2026-06-30 15:34:53,360 - INFO: Validation ROC-AUC: 0.441714
2026-06-30 15:35:04,156 - INFO: Starting epoch 24
2026-06-30 15:35:04,180 - INFO: Evaluating at iteration 10489
2026-06-30 15:35:06,497 - INFO: Loss: 0.359909
2026-06-30 15:35:06,497 - INFO: Training ROC-AUC: 0.750000
2026-06-30 15:35:06,497 - INFO: Validation ROC-AUC: 0.441493
2026-06-30 15:35:17,299 - INFO: Starting epoch 25
2026-06-30 15:35:17,323 - INFO: Evaluating at iteration 10945
2026-06-30 15:35:19,650 - INFO: Loss: 0.447810
2026-06-30 15:35:19,650 - INFO: Training ROC-AUC: 0.629630
2026-06-30 15:35:19,650 - INFO: Validation ROC-AUC: 0.442856
2026-06-30 15:35:30,703 - INFO: Saving model to models/TCRStructMap_pMHC_split_cdrs_peptide/model_3.pt
2026-06-30 15:35:30,722 - INFO: Starting fold 4
2026-06-30 15:35:30,761 - INFO: Initialising model
2026-06-30 15:35:30,773 - INFO: Starting training
2026-06-30 15:35:30,773 - INFO: Starting epoch 1
2026-06-30 15:35:30,800 - INFO: Evaluating at iteration 1
2026-06-30 15:35:31,034 - INFO: Loss: 0.711848
2026-06-30 15:35:31,034 - INFO: Training ROC-AUC: 0.516667
2026-06-30 15:35:31,034 - INFO: Validation ROC-AUC: 0.520174
2026-06-30 15:35:42,758 - INFO: Evaluating at iteration 501
2026-06-30 15:35:42,988 - INFO: Loss: 0.585894
2026-06-30 15:35:42,988 - INFO: Training ROC-AUC: 0.651042
2026-06-30 15:35:42,988 - INFO: Validation ROC-AUC: 0.403400
2026-06-30 15:35:54,856 - INFO: Evaluating at iteration 1001
2026-06-30 15:35:55,085 - INFO: Loss: 0.483985
2026-06-30 15:35:55,085 - INFO: Training ROC-AUC: 0.493590
2026-06-30 15:35:55,085 - INFO: Validation ROC-AUC: 0.322683
2026-06-30 15:36:06,974 - INFO: Evaluating at iteration 1501
2026-06-30 15:36:07,198 - INFO: Loss: 0.476559
2026-06-30 15:36:07,198 - INFO: Training ROC-AUC: 0.628205
2026-06-30 15:36:07,198 - INFO: Validation ROC-AUC: 0.285636
2026-06-30 15:36:19,303 - INFO: Evaluating at iteration 2001
2026-06-30 15:36:19,541 - INFO: Loss: 0.404797
2026-06-30 15:36:19,541 - INFO: Training ROC-AUC: 0.884615
2026-06-30 15:36:19,541 - INFO: Validation ROC-AUC: 0.304757
2026-06-30 15:36:29,570 - INFO: Starting epoch 2
2026-06-30 15:36:29,595 - INFO: Evaluating at iteration 2419
2026-06-30 15:36:29,806 - INFO: Loss: 0.396925
2026-06-30 15:36:29,806 - INFO: Training ROC-AUC: 0.464286
2026-06-30 15:36:29,806 - INFO: Validation ROC-AUC: 0.515484
2026-06-30 15:36:41,663 - INFO: Evaluating at iteration 2919
2026-06-30 15:36:41,887 - INFO: Loss: 0.568387
2026-06-30 15:36:41,887 - INFO: Training ROC-AUC: 0.588542
2026-06-30 15:36:41,887 - INFO: Validation ROC-AUC: 0.656280
2026-06-30 15:36:53,860 - INFO: Evaluating at iteration 3419
2026-06-30 15:36:54,075 - INFO: Loss: 0.350244
2026-06-30 15:36:54,075 - INFO: Training ROC-AUC: 0.517857
2026-06-30 15:36:54,075 - INFO: Validation ROC-AUC: 0.658688
2026-06-30 15:37:06,082 - INFO: Evaluating at iteration 3919
2026-06-30 15:37:06,307 - INFO: Loss: 0.586908
2026-06-30 15:37:06,307 - INFO: Training ROC-AUC: 0.709091
2026-06-30 15:37:06,307 - INFO: Validation ROC-AUC: 0.644721
2026-06-30 15:37:18,146 - INFO: Evaluating at iteration 4419
2026-06-30 15:37:18,375 - INFO: Loss: 0.339561
2026-06-30 15:37:18,375 - INFO: Training ROC-AUC: 0.616071
2026-06-30 15:37:18,375 - INFO: Validation ROC-AUC: 0.625305
2026-06-30 15:37:28,474 - INFO: Starting epoch 3
2026-06-30 15:37:28,499 - INFO: Evaluating at iteration 4837
2026-06-30 15:37:28,738 - INFO: Loss: 0.477947
2026-06-30 15:37:28,738 - INFO: Training ROC-AUC: 0.739583
2026-06-30 15:37:28,738 - INFO: Validation ROC-AUC: 0.605352
2026-06-30 15:37:40,699 - INFO: Evaluating at iteration 5337
2026-06-30 15:37:40,926 - INFO: Loss: 0.263741
2026-06-30 15:37:40,926 - INFO: Training ROC-AUC: 0.747126
2026-06-30 15:37:40,926 - INFO: Validation ROC-AUC: 0.598235
2026-06-30 15:37:52,909 - INFO: Evaluating at iteration 5837
2026-06-30 15:37:53,139 - INFO: Loss: 0.443855
2026-06-30 15:37:53,140 - INFO: Training ROC-AUC: 0.651852
2026-06-30 15:37:53,140 - INFO: Validation ROC-AUC: 0.601363
2026-06-30 15:38:05,075 - INFO: Evaluating at iteration 6337
2026-06-30 15:38:05,298 - INFO: Loss: 0.331512
2026-06-30 15:38:05,298 - INFO: Training ROC-AUC: 0.814815
2026-06-30 15:38:05,298 - INFO: Validation ROC-AUC: 0.595009
2026-06-30 15:38:17,307 - INFO: Evaluating at iteration 6837
2026-06-30 15:38:17,539 - INFO: Loss: 0.334509
2026-06-30 15:38:17,539 - INFO: Training ROC-AUC: 0.858974
2026-06-30 15:38:17,539 - INFO: Validation ROC-AUC: 0.592397
2026-06-30 15:38:27,846 - INFO: Starting epoch 4
2026-06-30 15:38:27,871 - INFO: Evaluating at iteration 7255
2026-06-30 15:38:28,111 - INFO: Loss: 0.520933
2026-06-30 15:38:28,111 - INFO: Training ROC-AUC: 0.588571
2026-06-30 15:38:28,111 - INFO: Validation ROC-AUC: 0.588452
2026-06-30 15:38:40,179 - INFO: Evaluating at iteration 7755
2026-06-30 15:38:40,397 - INFO: Loss: 0.288902
2026-06-30 15:38:40,397 - INFO: Training ROC-AUC: 0.896296
2026-06-30 15:38:40,397 - INFO: Validation ROC-AUC: 0.587856
2026-06-30 15:38:52,392 - INFO: Evaluating at iteration 8255
2026-06-30 15:38:52,624 - INFO: Loss: 0.251779
2026-06-30 15:38:52,624 - INFO: Training ROC-AUC: 0.974359
2026-06-30 15:38:52,624 - INFO: Validation ROC-AUC: 0.587597
2026-06-30 15:39:04,820 - INFO: Evaluating at iteration 8755
2026-06-30 15:39:05,032 - INFO: Loss: 0.374118
2026-06-30 15:39:05,032 - INFO: Training ROC-AUC: 0.698718
2026-06-30 15:39:05,032 - INFO: Validation ROC-AUC: 0.581146
2026-06-30 15:39:16,992 - INFO: Evaluating at iteration 9255
2026-06-30 15:39:17,215 - INFO: Loss: 0.458548
2026-06-30 15:39:17,215 - INFO: Training ROC-AUC: 0.577778
2026-06-30 15:39:17,215 - INFO: Validation ROC-AUC: 0.582329
2026-06-30 15:39:27,225 - INFO: Starting epoch 5
2026-06-30 15:39:27,250 - INFO: Evaluating at iteration 9673
2026-06-30 15:39:27,489 - INFO: Loss: 0.243817
2026-06-30 15:39:27,489 - INFO: Training ROC-AUC: 0.933333
2026-06-30 15:39:27,489 - INFO: Validation ROC-AUC: 0.587536
2026-06-30 15:39:39,349 - INFO: Evaluating at iteration 10173
2026-06-30 15:39:39,562 - INFO: Loss: 0.291525
2026-06-30 15:39:39,562 - INFO: Training ROC-AUC: 0.875000
2026-06-30 15:39:39,562 - INFO: Validation ROC-AUC: 0.587879
2026-06-30 15:39:51,443 - INFO: Evaluating at iteration 10673
2026-06-30 15:39:51,673 - INFO: Loss: 0.214794
2026-06-30 15:39:51,674 - INFO: Training ROC-AUC: 0.833333
2026-06-30 15:39:51,674 - INFO: Validation ROC-AUC: 0.585700
2026-06-30 15:40:03,926 - INFO: Evaluating at iteration 11173
2026-06-30 15:40:04,161 - INFO: Loss: 0.441214
2026-06-30 15:40:04,161 - INFO: Training ROC-AUC: 0.717949
2026-06-30 15:40:04,161 - INFO: Validation ROC-AUC: 0.588322
2026-06-30 15:40:16,214 - INFO: Evaluating at iteration 11673
2026-06-30 15:40:16,444 - INFO: Loss: 0.419275
2026-06-30 15:40:16,445 - INFO: Training ROC-AUC: 0.711538
2026-06-30 15:40:16,445 - INFO: Validation ROC-AUC: 0.592049
2026-06-30 15:40:26,413 - INFO: Starting epoch 6
2026-06-30 15:40:26,440 - INFO: Evaluating at iteration 12091
2026-06-30 15:40:26,678 - INFO: Loss: 0.367420
2026-06-30 15:40:26,678 - INFO: Training ROC-AUC: 0.660714
2026-06-30 15:40:26,678 - INFO: Validation ROC-AUC: 0.591891
2026-06-30 15:40:38,578 - INFO: Evaluating at iteration 12591
2026-06-30 15:40:38,808 - INFO: Loss: 0.534624
2026-06-30 15:40:38,808 - INFO: Training ROC-AUC: 0.656250
2026-06-30 15:40:38,808 - INFO: Validation ROC-AUC: 0.591868
2026-06-30 15:40:50,779 - INFO: Evaluating at iteration 13091
2026-06-30 15:40:50,990 - INFO: Loss: 0.339989
2026-06-30 15:40:50,990 - INFO: Training ROC-AUC: 0.333333
2026-06-30 15:40:50,991 - INFO: Validation ROC-AUC: 0.591985
2026-06-30 15:41:02,845 - INFO: Evaluating at iteration 13591
2026-06-30 15:41:03,075 - INFO: Loss: 0.302866
2026-06-30 15:41:03,075 - INFO: Training ROC-AUC: 0.865385
2026-06-30 15:41:03,075 - INFO: Validation ROC-AUC: 0.595847
2026-06-30 15:41:15,277 - INFO: Evaluating at iteration 14091
2026-06-30 15:41:15,508 - INFO: Loss: 0.102044
2026-06-30 15:41:15,508 - INFO: Training ROC-AUC: 1.000000
2026-06-30 15:41:15,508 - INFO: Validation ROC-AUC: 0.596413
2026-06-30 15:41:25,485 - INFO: Starting epoch 7
2026-06-30 15:41:25,510 - INFO: Evaluating at iteration 14509
2026-06-30 15:41:25,746 - INFO: Loss: 0.333946
2026-06-30 15:41:25,746 - INFO: Training ROC-AUC: 0.879227
2026-06-30 15:41:25,746 - INFO: Validation ROC-AUC: 0.597831
2026-06-30 15:41:37,831 - INFO: Evaluating at iteration 15009
2026-06-30 15:41:38,044 - INFO: Loss: 0.439446
2026-06-30 15:41:38,044 - INFO: Training ROC-AUC: 0.673077
2026-06-30 15:41:38,044 - INFO: Validation ROC-AUC: 0.595012
2026-06-30 15:41:50,034 - INFO: Evaluating at iteration 15509
2026-06-30 15:41:50,259 - INFO: Loss: 0.268033
2026-06-30 15:41:50,259 - INFO: Training ROC-AUC: 0.827586
2026-06-30 15:41:50,259 - INFO: Validation ROC-AUC: 0.597475
2026-06-30 15:42:02,051 - INFO: Evaluating at iteration 16009
2026-06-30 15:42:02,276 - INFO: Loss: 0.316651
2026-06-30 15:42:02,276 - INFO: Training ROC-AUC: 0.908213
2026-06-30 15:42:02,277 - INFO: Validation ROC-AUC: 0.594163
2026-06-30 15:42:14,204 - INFO: Evaluating at iteration 16509
2026-06-30 15:42:14,419 - INFO: Loss: 0.285570
2026-06-30 15:42:14,419 - INFO: Training ROC-AUC: 0.908571
2026-06-30 15:42:14,419 - INFO: Validation ROC-AUC: 0.601249
2026-06-30 15:42:24,386 - INFO: Starting epoch 8
2026-06-30 15:42:24,411 - INFO: Evaluating at iteration 16927
2026-06-30 15:42:24,639 - INFO: Loss: 0.406822
2026-06-30 15:42:24,639 - INFO: Training ROC-AUC: 0.703704
2026-06-30 15:42:24,639 - INFO: Validation ROC-AUC: 0.598954
2026-06-30 15:42:36,753 - INFO: Evaluating at iteration 17427
2026-06-30 15:42:36,965 - INFO: Loss: 0.433109
2026-06-30 15:42:36,965 - INFO: Training ROC-AUC: 0.840909
2026-06-30 15:42:36,965 - INFO: Validation ROC-AUC: 0.596543
2026-06-30 15:42:48,956 - INFO: Evaluating at iteration 17927
2026-06-30 15:42:49,198 - INFO: Loss: 0.151172
2026-06-30 15:42:49,198 - INFO: Training ROC-AUC: 1.000000
2026-06-30 15:42:49,198 - INFO: Validation ROC-AUC: 0.599847
2026-06-30 15:43:01,047 - INFO: Evaluating at iteration 18427
2026-06-30 15:43:01,282 - INFO: Loss: 0.263122
2026-06-30 15:43:01,282 - INFO: Training ROC-AUC: 0.816092
2026-06-30 15:43:01,282 - INFO: Validation ROC-AUC: 0.602496
2026-06-30 15:43:13,286 - INFO: Evaluating at iteration 18927
2026-06-30 15:43:13,528 - INFO: Loss: 0.257009
2026-06-30 15:43:13,528 - INFO: Training ROC-AUC: 0.766667
2026-06-30 15:43:13,528 - INFO: Validation ROC-AUC: 0.599267
2026-06-30 15:43:23,393 - INFO: Starting epoch 9
2026-06-30 15:43:23,417 - INFO: Evaluating at iteration 19345
2026-06-30 15:43:23,647 - INFO: Loss: 0.463700
2026-06-30 15:43:23,648 - INFO: Training ROC-AUC: 0.705128
2026-06-30 15:43:23,648 - INFO: Validation ROC-AUC: 0.599039
2026-06-30 15:43:35,515 - INFO: Evaluating at iteration 19845
2026-06-30 15:43:35,728 - INFO: Loss: 0.323152
2026-06-30 15:43:35,728 - INFO: Training ROC-AUC: 0.750000
2026-06-30 15:43:35,728 - INFO: Validation ROC-AUC: 0.597100
2026-06-30 15:43:47,653 - INFO: Evaluating at iteration 20345
2026-06-30 15:43:47,893 - INFO: Loss: 0.227475
2026-06-30 15:43:47,893 - INFO: Training ROC-AUC: 0.804598
2026-06-30 15:43:47,893 - INFO: Validation ROC-AUC: 0.601227
2026-06-30 15:43:59,982 - INFO: Evaluating at iteration 20845
2026-06-30 15:44:00,195 - INFO: Loss: 0.271468
2026-06-30 15:44:00,195 - INFO: Training ROC-AUC: 0.881481
2026-06-30 15:44:00,195 - INFO: Validation ROC-AUC: 0.598724
2026-06-30 15:44:12,334 - INFO: Evaluating at iteration 21345
2026-06-30 15:44:12,555 - INFO: Loss: 0.476239
2026-06-30 15:44:12,556 - INFO: Training ROC-AUC: 0.776042
2026-06-30 15:44:12,556 - INFO: Validation ROC-AUC: 0.598640
2026-06-30 15:44:22,497 - INFO: Starting epoch 10
2026-06-30 15:44:22,522 - INFO: Evaluating at iteration 21763
2026-06-30 15:44:22,737 - INFO: Loss: 0.172726
2026-06-30 15:44:22,737 - INFO: Training ROC-AUC: 0.987179
2026-06-30 15:44:22,737 - INFO: Validation ROC-AUC: 0.600734
2026-06-30 15:44:34,909 - INFO: Evaluating at iteration 22263
2026-06-30 15:44:35,135 - INFO: Loss: 0.493341
2026-06-30 15:44:35,135 - INFO: Training ROC-AUC: 0.540741
2026-06-30 15:44:35,135 - INFO: Validation ROC-AUC: 0.597197
2026-06-30 15:44:47,080 - INFO: Evaluating at iteration 22763
2026-06-30 15:44:47,320 - INFO: Loss: 0.451336
2026-06-30 15:44:47,320 - INFO: Training ROC-AUC: 0.673077
2026-06-30 15:44:47,320 - INFO: Validation ROC-AUC: 0.600855
2026-06-30 15:44:59,397 - INFO: Evaluating at iteration 23263
2026-06-30 15:44:59,620 - INFO: Loss: 0.253410
2026-06-30 15:44:59,620 - INFO: Training ROC-AUC: 0.961538
2026-06-30 15:44:59,620 - INFO: Validation ROC-AUC: 0.601979
2026-06-30 15:45:11,664 - INFO: Evaluating at iteration 23763
2026-06-30 15:45:11,892 - INFO: Loss: 0.409113
2026-06-30 15:45:11,892 - INFO: Training ROC-AUC: 0.940909
2026-06-30 15:45:11,892 - INFO: Validation ROC-AUC: 0.603118
2026-06-30 15:45:21,818 - INFO: Starting epoch 11
2026-06-30 15:45:21,843 - INFO: Evaluating at iteration 24181
2026-06-30 15:45:22,071 - INFO: Loss: 0.245462
2026-06-30 15:45:22,071 - INFO: Training ROC-AUC: 0.942308
2026-06-30 15:45:22,071 - INFO: Validation ROC-AUC: 0.605503
2026-06-30 15:45:34,187 - INFO: Evaluating at iteration 24681
2026-06-30 15:45:34,432 - INFO: Loss: 0.219614
2026-06-30 15:45:34,432 - INFO: Training ROC-AUC: 0.982857
2026-06-30 15:45:34,432 - INFO: Validation ROC-AUC: 0.605502
2026-06-30 15:45:46,416 - INFO: Evaluating at iteration 25181
2026-06-30 15:45:46,637 - INFO: Loss: 0.302588
2026-06-30 15:45:46,638 - INFO: Training ROC-AUC: 0.908571
2026-06-30 15:45:46,638 - INFO: Validation ROC-AUC: 0.607668
2026-06-30 15:45:58,477 - INFO: Evaluating at iteration 25681
2026-06-30 15:45:58,699 - INFO: Loss: 0.334885
2026-06-30 15:45:58,699 - INFO: Training ROC-AUC: 0.750000
2026-06-30 15:45:58,699 - INFO: Validation ROC-AUC: 0.608583
2026-06-30 15:46:10,636 - INFO: Evaluating at iteration 26181
2026-06-30 15:46:10,868 - INFO: Loss: 0.385132
2026-06-30 15:46:10,868 - INFO: Training ROC-AUC: 0.865385
2026-06-30 15:46:10,868 - INFO: Validation ROC-AUC: 0.602175
2026-06-30 15:46:20,886 - INFO: Starting epoch 12
2026-06-30 15:46:20,912 - INFO: Evaluating at iteration 26599
2026-06-30 15:46:21,148 - INFO: Loss: 0.128226
2026-06-30 15:46:21,148 - INFO: Training ROC-AUC: 0.988506
2026-06-30 15:46:21,148 - INFO: Validation ROC-AUC: 0.598683
2026-06-30 15:46:32,917 - INFO: Evaluating at iteration 27099
2026-06-30 15:46:33,149 - INFO: Loss: 0.350471
2026-06-30 15:46:33,149 - INFO: Training ROC-AUC: 0.792593
2026-06-30 15:46:33,149 - INFO: Validation ROC-AUC: 0.606101
2026-06-30 15:46:45,196 - INFO: Evaluating at iteration 27599
2026-06-30 15:46:45,435 - INFO: Loss: 0.186454
2026-06-30 15:46:45,435 - INFO: Training ROC-AUC: 0.962963
2026-06-30 15:46:45,435 - INFO: Validation ROC-AUC: 0.601877
2026-06-30 15:46:57,574 - INFO: Evaluating at iteration 28099
2026-06-30 15:46:57,802 - INFO: Loss: 0.370178
2026-06-30 15:46:57,802 - INFO: Training ROC-AUC: 0.930736
2026-06-30 15:46:57,802 - INFO: Validation ROC-AUC: 0.602289
2026-06-30 15:47:09,813 - INFO: Evaluating at iteration 28599
2026-06-30 15:47:10,024 - INFO: Loss: 0.329025
2026-06-30 15:47:10,024 - INFO: Training ROC-AUC: 0.865385
2026-06-30 15:47:10,024 - INFO: Validation ROC-AUC: 0.605766
2026-06-30 15:47:19,928 - INFO: Starting epoch 13
2026-06-30 15:47:19,953 - INFO: Evaluating at iteration 29017
2026-06-30 15:47:20,185 - INFO: Loss: 0.525398
2026-06-30 15:47:20,186 - INFO: Training ROC-AUC: 0.703125
2026-06-30 15:47:20,186 - INFO: Validation ROC-AUC: 0.605901
2026-06-30 15:47:32,092 - INFO: Evaluating at iteration 29517
2026-06-30 15:47:32,304 - INFO: Loss: 0.360656
2026-06-30 15:47:32,304 - INFO: Training ROC-AUC: 0.833333
2026-06-30 15:47:32,304 - INFO: Validation ROC-AUC: 0.602056
2026-06-30 15:47:44,256 - INFO: Evaluating at iteration 30017
2026-06-30 15:47:44,498 - INFO: Loss: 0.568935
2026-06-30 15:47:44,498 - INFO: Training ROC-AUC: 0.692708
2026-06-30 15:47:44,498 - INFO: Validation ROC-AUC: 0.601708
2026-06-30 15:47:56,723 - INFO: Evaluating at iteration 30517
2026-06-30 15:47:56,937 - INFO: Loss: 0.254215
2026-06-30 15:47:56,937 - INFO: Training ROC-AUC: 0.616667
2026-06-30 15:47:56,937 - INFO: Validation ROC-AUC: 0.600000
2026-06-30 15:48:08,822 - INFO: Evaluating at iteration 31017
2026-06-30 15:48:09,054 - INFO: Loss: 0.206846
2026-06-30 15:48:09,054 - INFO: Training ROC-AUC: 0.946429
2026-06-30 15:48:09,054 - INFO: Validation ROC-AUC: 0.603144
2026-06-30 15:48:18,941 - INFO: Starting epoch 14
2026-06-30 15:48:18,966 - INFO: Evaluating at iteration 31435
2026-06-30 15:48:19,191 - INFO: Loss: 0.430280
2026-06-30 15:48:19,192 - INFO: Training ROC-AUC: 0.794872
2026-06-30 15:48:19,192 - INFO: Validation ROC-AUC: 0.609511
2026-06-30 15:48:31,335 - INFO: Evaluating at iteration 31935
2026-06-30 15:48:31,562 - INFO: Loss: 0.185517
2026-06-30 15:48:31,562 - INFO: Training ROC-AUC: 0.896552
2026-06-30 15:48:31,562 - INFO: Validation ROC-AUC: 0.606769
2026-06-30 15:48:43,393 - INFO: Evaluating at iteration 32435
2026-06-30 15:48:43,623 - INFO: Loss: 0.184929
2026-06-30 15:48:43,623 - INFO: Training ROC-AUC: 0.916667
2026-06-30 15:48:43,623 - INFO: Validation ROC-AUC: 0.605991
2026-06-30 15:48:55,432 - INFO: Evaluating at iteration 32935
2026-06-30 15:48:55,661 - INFO: Loss: 0.493532
2026-06-30 15:48:55,661 - INFO: Training ROC-AUC: 0.765714
2026-06-30 15:48:55,661 - INFO: Validation ROC-AUC: 0.607193
2026-06-30 15:49:07,637 - INFO: Evaluating at iteration 33435
2026-06-30 15:49:07,854 - INFO: Loss: 0.190985
2026-06-30 15:49:07,854 - INFO: Training ROC-AUC: 0.967742
2026-06-30 15:49:07,854 - INFO: Validation ROC-AUC: 0.600376
2026-06-30 15:49:17,745 - INFO: Starting epoch 15
2026-06-30 15:49:17,771 - INFO: Evaluating at iteration 33853
2026-06-30 15:49:18,001 - INFO: Loss: 0.183514
2026-06-30 15:49:18,001 - INFO: Training ROC-AUC: 0.987179
2026-06-30 15:49:18,001 - INFO: Validation ROC-AUC: 0.599888
2026-06-30 15:49:30,544 - INFO: Evaluating at iteration 34353
2026-06-30 15:49:30,772 - INFO: Loss: 0.220927
2026-06-30 15:49:30,772 - INFO: Training ROC-AUC: 0.896296
2026-06-30 15:49:30,772 - INFO: Validation ROC-AUC: 0.594459
2026-06-30 15:49:42,926 - INFO: Evaluating at iteration 34853
2026-06-30 15:49:43,147 - INFO: Loss: 0.150101
2026-06-30 15:49:43,147 - INFO: Training ROC-AUC: 0.983333
2026-06-30 15:49:43,148 - INFO: Validation ROC-AUC: 0.599580
2026-06-30 15:49:55,044 - INFO: Evaluating at iteration 35353
2026-06-30 15:49:55,259 - INFO: Loss: 0.306410
2026-06-30 15:49:55,260 - INFO: Training ROC-AUC: 0.942708
2026-06-30 15:49:55,260 - INFO: Validation ROC-AUC: 0.595631
2026-06-30 15:50:07,125 - INFO: Evaluating at iteration 35853
2026-06-30 15:50:07,346 - INFO: Loss: 0.425877
2026-06-30 15:50:07,346 - INFO: Training ROC-AUC: 0.787440
2026-06-30 15:50:07,346 - INFO: Validation ROC-AUC: 0.594296
2026-06-30 15:50:17,145 - INFO: Starting epoch 16
2026-06-30 15:50:17,170 - INFO: Evaluating at iteration 36271
2026-06-30 15:50:17,381 - INFO: Loss: 0.413003
2026-06-30 15:50:17,381 - INFO: Training ROC-AUC: 0.794286
2026-06-30 15:50:17,381 - INFO: Validation ROC-AUC: 0.592114
2026-06-30 15:50:29,379 - INFO: Evaluating at iteration 36771
2026-06-30 15:50:29,591 - INFO: Loss: 0.246515
2026-06-30 15:50:29,592 - INFO: Training ROC-AUC: 0.948718
2026-06-30 15:50:29,592 - INFO: Validation ROC-AUC: 0.595552
2026-06-30 15:50:41,566 - INFO: Evaluating at iteration 37271
2026-06-30 15:50:41,815 - INFO: Loss: 0.420789
2026-06-30 15:50:41,815 - INFO: Training ROC-AUC: 0.760000
2026-06-30 15:50:41,815 - INFO: Validation ROC-AUC: 0.596736
2026-06-30 15:50:54,170 - INFO: Evaluating at iteration 37771
2026-06-30 15:50:54,411 - INFO: Loss: 0.359577
2026-06-30 15:50:54,411 - INFO: Training ROC-AUC: 0.814103
2026-06-30 15:50:54,411 - INFO: Validation ROC-AUC: 0.595019
2026-06-30 15:51:06,542 - INFO: Evaluating at iteration 38271
2026-06-30 15:51:06,754 - INFO: Loss: 0.201683
2026-06-30 15:51:06,754 - INFO: Training ROC-AUC: 0.885057
2026-06-30 15:51:06,755 - INFO: Validation ROC-AUC: 0.599410
2026-06-30 15:51:16,711 - INFO: Starting epoch 17
2026-06-30 15:51:16,736 - INFO: Evaluating at iteration 38689
2026-06-30 15:51:16,967 - INFO: Loss: 0.546842
2026-06-30 15:51:16,967 - INFO: Training ROC-AUC: 0.771429
2026-06-30 15:51:16,967 - INFO: Validation ROC-AUC: 0.596561
2026-06-30 15:51:29,084 - INFO: Evaluating at iteration 39189
2026-06-30 15:51:29,299 - INFO: Loss: 0.238206
2026-06-30 15:51:29,299 - INFO: Training ROC-AUC: 0.892857
2026-06-30 15:51:29,299 - INFO: Validation ROC-AUC: 0.599018
2026-06-30 15:51:41,241 - INFO: Evaluating at iteration 39689
2026-06-30 15:51:41,477 - INFO: Loss: 0.310276
2026-06-30 15:51:41,477 - INFO: Training ROC-AUC: 0.885714
2026-06-30 15:51:41,477 - INFO: Validation ROC-AUC: 0.597690
2026-06-30 15:51:53,605 - INFO: Evaluating at iteration 40189
2026-06-30 15:51:53,820 - INFO: Loss: 0.259984
2026-06-30 15:51:53,820 - INFO: Training ROC-AUC: 0.866071
2026-06-30 15:51:53,820 - INFO: Validation ROC-AUC: 0.597275
2026-06-30 15:52:05,660 - INFO: Evaluating at iteration 40689
2026-06-30 15:52:05,880 - INFO: Loss: 0.169306
2026-06-30 15:52:05,880 - INFO: Training ROC-AUC: 1.000000
2026-06-30 15:52:05,880 - INFO: Validation ROC-AUC: 0.593215
2026-06-30 15:52:15,839 - INFO: Starting epoch 18
2026-06-30 15:52:15,864 - INFO: Evaluating at iteration 41107
2026-06-30 15:52:16,094 - INFO: Loss: 0.258059
2026-06-30 15:52:16,095 - INFO: Training ROC-AUC: 0.866071
2026-06-30 15:52:16,095 - INFO: Validation ROC-AUC: 0.595399
2026-06-30 15:52:28,060 - INFO: Evaluating at iteration 41607
2026-06-30 15:52:28,288 - INFO: Loss: 0.392169
2026-06-30 15:52:28,288 - INFO: Training ROC-AUC: 0.826923
2026-06-30 15:52:28,288 - INFO: Validation ROC-AUC: 0.591446
2026-06-30 15:52:40,392 - INFO: Evaluating at iteration 42107
2026-06-30 15:52:40,615 - INFO: Loss: 0.278817
2026-06-30 15:52:40,616 - INFO: Training ROC-AUC: 0.920000
2026-06-30 15:52:40,616 - INFO: Validation ROC-AUC: 0.591589
2026-06-30 15:52:52,650 - INFO: Evaluating at iteration 42607
2026-06-30 15:52:52,874 - INFO: Loss: 0.582193
2026-06-30 15:52:52,874 - INFO: Training ROC-AUC: 0.776042
2026-06-30 15:52:52,875 - INFO: Validation ROC-AUC: 0.596608
2026-06-30 15:53:04,775 - INFO: Evaluating at iteration 43107
2026-06-30 15:53:05,006 - INFO: Loss: 0.248543
2026-06-30 15:53:05,006 - INFO: Training ROC-AUC: 0.995169
2026-06-30 15:53:05,006 - INFO: Validation ROC-AUC: 0.600229
2026-06-30 15:53:15,280 - INFO: Starting epoch 19
2026-06-30 15:53:15,304 - INFO: Evaluating at iteration 43525
2026-06-30 15:53:15,523 - INFO: Loss: 0.313489
2026-06-30 15:53:15,523 - INFO: Training ROC-AUC: 0.851852
2026-06-30 15:53:15,523 - INFO: Validation ROC-AUC: 0.595770
2026-06-30 15:53:27,391 - INFO: Evaluating at iteration 44025
2026-06-30 15:53:27,619 - INFO: Loss: 0.229016
2026-06-30 15:53:27,619 - INFO: Training ROC-AUC: 0.948148
2026-06-30 15:53:27,619 - INFO: Validation ROC-AUC: 0.596782
2026-06-30 15:53:39,563 - INFO: Evaluating at iteration 44525
2026-06-30 15:53:39,777 - INFO: Loss: 0.288373
2026-06-30 15:53:39,777 - INFO: Training ROC-AUC: 0.851852
2026-06-30 15:53:39,777 - INFO: Validation ROC-AUC: 0.590871
2026-06-30 15:53:51,726 - INFO: Evaluating at iteration 45025
2026-06-30 15:53:51,956 - INFO: Loss: 0.302142
2026-06-30 15:53:51,956 - INFO: Training ROC-AUC: 0.874286
2026-06-30 15:53:51,956 - INFO: Validation ROC-AUC: 0.584486
2026-06-30 15:54:03,956 - INFO: Evaluating at iteration 45525
2026-06-30 15:54:04,205 - INFO: Loss: 0.258241
2026-06-30 15:54:04,205 - INFO: Training ROC-AUC: 0.866667
2026-06-30 15:54:04,205 - INFO: Validation ROC-AUC: 0.594924
2026-06-30 15:54:14,381 - INFO: Starting epoch 20
2026-06-30 15:54:14,406 - INFO: Evaluating at iteration 45943
2026-06-30 15:54:14,624 - INFO: Loss: 0.283195
2026-06-30 15:54:14,624 - INFO: Training ROC-AUC: 0.450000
2026-06-30 15:54:14,624 - INFO: Validation ROC-AUC: 0.594806
2026-06-30 15:54:26,716 - INFO: Evaluating at iteration 46443
2026-06-30 15:54:26,938 - INFO: Loss: 0.328236
2026-06-30 15:54:26,938 - INFO: Training ROC-AUC: 0.868571
2026-06-30 15:54:26,938 - INFO: Validation ROC-AUC: 0.589682
2026-06-30 15:54:38,908 - INFO: Evaluating at iteration 46943
2026-06-30 15:54:39,125 - INFO: Loss: 0.139400
2026-06-30 15:54:39,126 - INFO: Training ROC-AUC: 1.000000
2026-06-30 15:54:39,126 - INFO: Validation ROC-AUC: 0.590915
2026-06-30 15:54:51,216 - INFO: Evaluating at iteration 47443
2026-06-30 15:54:51,450 - INFO: Loss: 0.178321
2026-06-30 15:54:51,450 - INFO: Training ROC-AUC: 0.942857
2026-06-30 15:54:51,450 - INFO: Validation ROC-AUC: 0.595810
2026-06-30 15:55:03,552 - INFO: Evaluating at iteration 47943
2026-06-30 15:55:03,800 - INFO: Loss: 0.295193
2026-06-30 15:55:03,801 - INFO: Training ROC-AUC: 0.881481
2026-06-30 15:55:03,801 - INFO: Validation ROC-AUC: 0.591274
2026-06-30 15:55:13,943 - INFO: Starting epoch 21
2026-06-30 15:55:13,968 - INFO: Evaluating at iteration 48361
2026-06-30 15:55:14,204 - INFO: Loss: 0.211747
2026-06-30 15:55:14,204 - INFO: Training ROC-AUC: 0.928571
2026-06-30 15:55:14,204 - INFO: Validation ROC-AUC: 0.593356
2026-06-30 15:55:26,728 - INFO: Evaluating at iteration 48861
2026-06-30 15:55:26,961 - INFO: Loss: 0.217106
2026-06-30 15:55:26,961 - INFO: Training ROC-AUC: 0.948718
2026-06-30 15:55:26,961 - INFO: Validation ROC-AUC: 0.583990
2026-06-30 15:55:38,969 - INFO: Evaluating at iteration 49361
2026-06-30 15:55:39,194 - INFO: Loss: 0.167987
2026-06-30 15:55:39,194 - INFO: Training ROC-AUC: 0.973214
2026-06-30 15:55:39,194 - INFO: Validation ROC-AUC: 0.587802
2026-06-30 15:55:51,209 - INFO: Evaluating at iteration 49861
2026-06-30 15:55:51,421 - INFO: Loss: 0.241047
2026-06-30 15:55:51,421 - INFO: Training ROC-AUC: 0.866071
2026-06-30 15:55:51,421 - INFO: Validation ROC-AUC: 0.586660
2026-06-30 15:56:03,387 - INFO: Evaluating at iteration 50361
2026-06-30 15:56:03,609 - INFO: Loss: 0.293571
2026-06-30 15:56:03,609 - INFO: Training ROC-AUC: 0.963542
2026-06-30 15:56:03,609 - INFO: Validation ROC-AUC: 0.581685
2026-06-30 15:56:13,667 - INFO: Starting epoch 22
2026-06-30 15:56:13,693 - INFO: Evaluating at iteration 50779
2026-06-30 15:56:13,925 - INFO: Loss: 0.304302
2026-06-30 15:56:13,925 - INFO: Training ROC-AUC: 0.923077
2026-06-30 15:56:13,925 - INFO: Validation ROC-AUC: 0.591464
2026-06-30 15:56:26,216 - INFO: Evaluating at iteration 51279
2026-06-30 15:56:26,454 - INFO: Loss: 0.253090
2026-06-30 15:56:26,454 - INFO: Training ROC-AUC: 0.935897
2026-06-30 15:56:26,454 - INFO: Validation ROC-AUC: 0.584723
2026-06-30 15:56:38,501 - INFO: Evaluating at iteration 51779
2026-06-30 15:56:38,713 - INFO: Loss: 0.257535
2026-06-30 15:56:38,713 - INFO: Training ROC-AUC: 0.816092
2026-06-30 15:56:38,713 - INFO: Validation ROC-AUC: 0.584029
2026-06-30 15:56:50,984 - INFO: Evaluating at iteration 52279
2026-06-30 15:56:51,199 - INFO: Loss: 0.178501
2026-06-30 15:56:51,199 - INFO: Training ROC-AUC: 0.833333
2026-06-30 15:56:51,199 - INFO: Validation ROC-AUC: 0.588740
2026-06-30 15:57:03,052 - INFO: Evaluating at iteration 52779
2026-06-30 15:57:03,282 - INFO: Loss: 0.171917
2026-06-30 15:57:03,282 - INFO: Training ROC-AUC: 0.964286
2026-06-30 15:57:03,282 - INFO: Validation ROC-AUC: 0.587518
2026-06-30 15:57:13,460 - INFO: Starting epoch 23
2026-06-30 15:57:13,485 - INFO: Evaluating at iteration 53197
2026-06-30 15:57:13,714 - INFO: Loss: 0.204425
2026-06-30 15:57:13,714 - INFO: Training ROC-AUC: 0.925926
2026-06-30 15:57:13,714 - INFO: Validation ROC-AUC: 0.590898
2026-06-30 15:57:26,001 - INFO: Evaluating at iteration 53697
2026-06-30 15:57:26,220 - INFO: Loss: 0.281466
2026-06-30 15:57:26,220 - INFO: Training ROC-AUC: 0.940741
2026-06-30 15:57:26,220 - INFO: Validation ROC-AUC: 0.587274
2026-06-30 15:57:38,183 - INFO: Evaluating at iteration 54197
2026-06-30 15:57:38,413 - INFO: Loss: 0.452912
2026-06-30 15:57:38,413 - INFO: Training ROC-AUC: 0.836364
2026-06-30 15:57:38,413 - INFO: Validation ROC-AUC: 0.584800
2026-06-30 15:57:50,417 - INFO: Evaluating at iteration 54697
2026-06-30 15:57:50,652 - INFO: Loss: 0.378715
2026-06-30 15:57:50,653 - INFO: Training ROC-AUC: 0.880208
2026-06-30 15:57:50,653 - INFO: Validation ROC-AUC: 0.583789
2026-06-30 15:58:02,651 - INFO: Evaluating at iteration 55197
2026-06-30 15:58:02,873 - INFO: Loss: 0.167148
2026-06-30 15:58:02,873 - INFO: Training ROC-AUC: 0.973214
2026-06-30 15:58:02,873 - INFO: Validation ROC-AUC: 0.592190
2026-06-30 15:58:12,908 - INFO: Starting epoch 24
2026-06-30 15:58:12,933 - INFO: Evaluating at iteration 55615
2026-06-30 15:58:13,161 - INFO: Loss: 0.323940
2026-06-30 15:58:13,161 - INFO: Training ROC-AUC: 0.807407
2026-06-30 15:58:13,161 - INFO: Validation ROC-AUC: 0.595228
2026-06-30 15:58:25,242 - INFO: Evaluating at iteration 56115
2026-06-30 15:58:25,478 - INFO: Loss: 0.219519
2026-06-30 15:58:25,478 - INFO: Training ROC-AUC: 0.937500
2026-06-30 15:58:25,479 - INFO: Validation ROC-AUC: 0.586773
2026-06-30 15:58:37,978 - INFO: Evaluating at iteration 56615
2026-06-30 15:58:38,192 - INFO: Loss: 0.280032
2026-06-30 15:58:38,192 - INFO: Training ROC-AUC: 0.852564
2026-06-30 15:58:38,192 - INFO: Validation ROC-AUC: 0.589730
2026-06-30 15:58:50,196 - INFO: Evaluating at iteration 57115
2026-06-30 15:58:50,424 - INFO: Loss: 0.348044
2026-06-30 15:58:50,424 - INFO: Training ROC-AUC: 0.666667
2026-06-30 15:58:50,424 - INFO: Validation ROC-AUC: 0.588616
2026-06-30 15:59:02,479 - INFO: Evaluating at iteration 57615
2026-06-30 15:59:02,699 - INFO: Loss: 0.209857
2026-06-30 15:59:02,699 - INFO: Training ROC-AUC: 0.967949
2026-06-30 15:59:02,699 - INFO: Validation ROC-AUC: 0.588162
2026-06-30 15:59:12,837 - INFO: Starting epoch 25
2026-06-30 15:59:12,862 - INFO: Evaluating at iteration 58033
2026-06-30 15:59:13,076 - INFO: Loss: 0.328558
2026-06-30 15:59:13,076 - INFO: Training ROC-AUC: 0.775641
2026-06-30 15:59:13,076 - INFO: Validation ROC-AUC: 0.590890
2026-06-30 15:59:25,330 - INFO: Evaluating at iteration 58533
2026-06-30 15:59:25,557 - INFO: Loss: 0.224848
2026-06-30 15:59:25,557 - INFO: Training ROC-AUC: 0.928571
2026-06-30 15:59:25,557 - INFO: Validation ROC-AUC: 0.598096
2026-06-30 15:59:37,640 - INFO: Evaluating at iteration 59033
2026-06-30 15:59:37,869 - INFO: Loss: 0.285558
2026-06-30 15:59:37,869 - INFO: Training ROC-AUC: 0.910256
2026-06-30 15:59:37,869 - INFO: Validation ROC-AUC: 0.588888
2026-06-30 15:59:49,943 - INFO: Evaluating at iteration 59533
2026-06-30 15:59:50,156 - INFO: Loss: 0.280093
2026-06-30 15:59:50,156 - INFO: Training ROC-AUC: 0.829630
2026-06-30 15:59:50,156 - INFO: Validation ROC-AUC: 0.590295
2026-06-30 16:00:02,268 - INFO: Evaluating at iteration 60033
2026-06-30 16:00:02,489 - INFO: Loss: 0.219852
2026-06-30 16:00:02,489 - INFO: Training ROC-AUC: 0.948571
2026-06-30 16:00:02,489 - INFO: Validation ROC-AUC: 0.594552
2026-06-30 16:00:12,557 - INFO: Saving model to models/TCRStructMap_pMHC_split_cdrs_peptide/model_4.pt
2026-06-30 16:00:12,574 - INFO: Starting fold 5
2026-06-30 16:00:12,595 - INFO: Initialising model
2026-06-30 16:00:12,607 - INFO: Starting training
2026-06-30 16:00:12,607 - INFO: Starting epoch 1
2026-06-30 16:00:12,636 - INFO: Evaluating at iteration 1
2026-06-30 16:00:12,789 - INFO: Loss: 0.694691
2026-06-30 16:00:12,789 - INFO: Training ROC-AUC: 0.517241
2026-06-30 16:00:12,790 - INFO: Validation ROC-AUC: 0.498979
2026-06-30 16:00:24,324 - INFO: Evaluating at iteration 501
2026-06-30 16:00:24,476 - INFO: Loss: 0.487438
2026-06-30 16:00:24,476 - INFO: Training ROC-AUC: 0.455128
2026-06-30 16:00:24,476 - INFO: Validation ROC-AUC: 0.464417
2026-06-30 16:00:36,483 - INFO: Evaluating at iteration 1001
2026-06-30 16:00:36,636 - INFO: Loss: 0.434640
2026-06-30 16:00:36,636 - INFO: Training ROC-AUC: 0.518519
2026-06-30 16:00:36,636 - INFO: Validation ROC-AUC: 0.440864
2026-06-30 16:00:48,361 - INFO: Evaluating at iteration 1501
2026-06-30 16:00:48,515 - INFO: Loss: 0.390488
2026-06-30 16:00:48,515 - INFO: Training ROC-AUC: 0.312500
2026-06-30 16:00:48,515 - INFO: Validation ROC-AUC: 0.417374
2026-06-30 16:01:00,394 - INFO: Evaluating at iteration 2001
2026-06-30 16:01:00,554 - INFO: Loss: 0.434832
2026-06-30 16:01:00,554 - INFO: Training ROC-AUC: 0.562963
2026-06-30 16:01:00,554 - INFO: Validation ROC-AUC: 0.511051
2026-06-30 16:01:11,883 - INFO: Starting epoch 2
2026-06-30 16:01:11,908 - INFO: Evaluating at iteration 2475
2026-06-30 16:01:12,061 - INFO: Loss: 0.287526
2026-06-30 16:01:12,061 - INFO: Training ROC-AUC: 0.747126
2026-06-30 16:01:12,061 - INFO: Validation ROC-AUC: 0.554384
2026-06-30 16:01:23,854 - INFO: Evaluating at iteration 2975
2026-06-30 16:01:24,008 - INFO: Loss: 0.358167
2026-06-30 16:01:24,008 - INFO: Training ROC-AUC: 0.794643
2026-06-30 16:01:24,008 - INFO: Validation ROC-AUC: 0.545673
2026-06-30 16:01:35,896 - INFO: Evaluating at iteration 3475
2026-06-30 16:01:36,051 - INFO: Loss: 0.580935
2026-06-30 16:01:36,051 - INFO: Training ROC-AUC: 0.695652
2026-06-30 16:01:36,051 - INFO: Validation ROC-AUC: 0.538700
2026-06-30 16:01:47,771 - INFO: Evaluating at iteration 3975
2026-06-30 16:01:47,926 - INFO: Loss: 0.442240
2026-06-30 16:01:47,926 - INFO: Training ROC-AUC: 0.647436
2026-06-30 16:01:47,926 - INFO: Validation ROC-AUC: 0.530351
2026-06-30 16:01:59,931 - INFO: Evaluating at iteration 4475
2026-06-30 16:02:00,096 - INFO: Loss: 0.368072
2026-06-30 16:02:00,097 - INFO: Training ROC-AUC: 0.625000
2026-06-30 16:02:00,097 - INFO: Validation ROC-AUC: 0.532357
2026-06-30 16:02:11,231 - INFO: Starting epoch 3
2026-06-30 16:02:11,256 - INFO: Evaluating at iteration 4949
2026-06-30 16:02:11,408 - INFO: Loss: 0.276674
2026-06-30 16:02:11,408 - INFO: Training ROC-AUC: 0.770115
2026-06-30 16:02:11,408 - INFO: Validation ROC-AUC: 0.546901
2026-06-30 16:02:23,254 - INFO: Evaluating at iteration 5449
2026-06-30 16:02:23,407 - INFO: Loss: 0.463142
2026-06-30 16:02:23,407 - INFO: Training ROC-AUC: 0.511111
2026-06-30 16:02:23,407 - INFO: Validation ROC-AUC: 0.553982
2026-06-30 16:02:35,631 - INFO: Evaluating at iteration 5949
2026-06-30 16:02:35,784 - INFO: Loss: 0.501851
2026-06-30 16:02:35,784 - INFO: Training ROC-AUC: 0.729167
2026-06-30 16:02:35,784 - INFO: Validation ROC-AUC: 0.561566
2026-06-30 16:02:47,563 - INFO: Evaluating at iteration 6449
2026-06-30 16:02:47,715 - INFO: Loss: 0.601502
2026-06-30 16:02:47,715 - INFO: Training ROC-AUC: 0.632850
2026-06-30 16:02:47,715 - INFO: Validation ROC-AUC: 0.570437
2026-06-30 16:02:59,811 - INFO: Evaluating at iteration 6949
2026-06-30 16:02:59,963 - INFO: Loss: 0.208043
2026-06-30 16:02:59,963 - INFO: Training ROC-AUC: 0.908046
2026-06-30 16:02:59,963 - INFO: Validation ROC-AUC: 0.569029
2026-06-30 16:03:11,554 - INFO: Starting epoch 4
2026-06-30 16:03:11,579 - INFO: Evaluating at iteration 7423
2026-06-30 16:03:11,731 - INFO: Loss: 0.313008
2026-06-30 16:03:11,731 - INFO: Training ROC-AUC: 0.897436
2026-06-30 16:03:11,731 - INFO: Validation ROC-AUC: 0.573337
2026-06-30 16:03:23,612 - INFO: Evaluating at iteration 7923
2026-06-30 16:03:23,763 - INFO: Loss: 0.427594
2026-06-30 16:03:23,764 - INFO: Training ROC-AUC: 0.765714
2026-06-30 16:03:23,764 - INFO: Validation ROC-AUC: 0.574221
2026-06-30 16:03:35,507 - INFO: Evaluating at iteration 8423
2026-06-30 16:03:35,658 - INFO: Loss: 0.234031
2026-06-30 16:03:35,658 - INFO: Training ROC-AUC: 0.987179
2026-06-30 16:03:35,659 - INFO: Validation ROC-AUC: 0.570641
2026-06-30 16:03:47,402 - INFO: Evaluating at iteration 8923
2026-06-30 16:03:47,554 - INFO: Loss: 0.301385
2026-06-30 16:03:47,554 - INFO: Training ROC-AUC: 0.971429
2026-06-30 16:03:47,554 - INFO: Validation ROC-AUC: 0.571518
2026-06-30 16:03:59,502 - INFO: Evaluating at iteration 9423
2026-06-30 16:03:59,655 - INFO: Loss: 0.180637
2026-06-30 16:03:59,655 - INFO: Training ROC-AUC: 0.988506
2026-06-30 16:03:59,655 - INFO: Validation ROC-AUC: 0.576852
2026-06-30 16:04:10,905 - INFO: Starting epoch 5
2026-06-30 16:04:10,930 - INFO: Evaluating at iteration 9897
2026-06-30 16:04:11,085 - INFO: Loss: 0.235721
2026-06-30 16:04:11,085 - INFO: Training ROC-AUC: 0.955357
2026-06-30 16:04:11,085 - INFO: Validation ROC-AUC: 0.581273
2026-06-30 16:04:23,008 - INFO: Evaluating at iteration 10397
2026-06-30 16:04:23,187 - INFO: Loss: 0.371155
2026-06-30 16:04:23,187 - INFO: Training ROC-AUC: 0.820513
2026-06-30 16:04:23,188 - INFO: Validation ROC-AUC: 0.580810
2026-06-30 16:04:35,253 - INFO: Evaluating at iteration 10897
2026-06-30 16:04:35,409 - INFO: Loss: 0.362611
2026-06-30 16:04:35,409 - INFO: Training ROC-AUC: 0.859375
2026-06-30 16:04:35,409 - INFO: Validation ROC-AUC: 0.581529
2026-06-30 16:04:47,494 - INFO: Evaluating at iteration 11397
2026-06-30 16:04:47,664 - INFO: Loss: 0.245155
2026-06-30 16:04:47,665 - INFO: Training ROC-AUC: 0.896296
2026-06-30 16:04:47,665 - INFO: Validation ROC-AUC: 0.586312
2026-06-30 16:04:59,916 - INFO: Evaluating at iteration 11897
2026-06-30 16:05:00,071 - INFO: Loss: 0.302561
2026-06-30 16:05:00,072 - INFO: Training ROC-AUC: 0.814815
2026-06-30 16:05:00,072 - INFO: Validation ROC-AUC: 0.588242
2026-06-30 16:05:11,347 - INFO: Starting epoch 6
2026-06-30 16:05:11,374 - INFO: Evaluating at iteration 12371
2026-06-30 16:05:11,537 - INFO: Loss: 0.155724
2026-06-30 16:05:11,538 - INFO: Training ROC-AUC: 1.000000
2026-06-30 16:05:11,538 - INFO: Validation ROC-AUC: 0.589157
2026-06-30 16:05:23,698 - INFO: Evaluating at iteration 12871
2026-06-30 16:05:23,852 - INFO: Loss: 0.308215
2026-06-30 16:05:23,852 - INFO: Training ROC-AUC: 0.948718
2026-06-30 16:05:23,852 - INFO: Validation ROC-AUC: 0.589954
2026-06-30 16:05:35,633 - INFO: Evaluating at iteration 13371
2026-06-30 16:05:35,786 - INFO: Loss: 0.342080
2026-06-30 16:05:35,786 - INFO: Training ROC-AUC: 0.814103
2026-06-30 16:05:35,786 - INFO: Validation ROC-AUC: 0.591273
2026-06-30 16:05:47,583 - INFO: Evaluating at iteration 13871
2026-06-30 16:05:47,753 - INFO: Loss: 0.372773
2026-06-30 16:05:47,753 - INFO: Training ROC-AUC: 0.916667
2026-06-30 16:05:47,753 - INFO: Validation ROC-AUC: 0.589335
2026-06-30 16:05:59,633 - INFO: Evaluating at iteration 14371
2026-06-30 16:05:59,787 - INFO: Loss: 0.320944
2026-06-30 16:05:59,787 - INFO: Training ROC-AUC: 0.866667
2026-06-30 16:05:59,787 - INFO: Validation ROC-AUC: 0.592629
2026-06-30 16:06:11,121 - INFO: Starting epoch 7
2026-06-30 16:06:11,146 - INFO: Evaluating at iteration 14845
2026-06-30 16:06:11,298 - INFO: Loss: 0.493748
2026-06-30 16:06:11,298 - INFO: Training ROC-AUC: 0.854545
2026-06-30 16:06:11,298 - INFO: Validation ROC-AUC: 0.594583
2026-06-30 16:06:23,423 - INFO: Evaluating at iteration 15345
2026-06-30 16:06:23,576 - INFO: Loss: 0.252773
2026-06-30 16:06:23,576 - INFO: Training ROC-AUC: 0.892857
2026-06-30 16:06:23,576 - INFO: Validation ROC-AUC: 0.598100
2026-06-30 16:06:35,472 - INFO: Evaluating at iteration 15845
2026-06-30 16:06:35,625 - INFO: Loss: 0.452003
2026-06-30 16:06:35,625 - INFO: Training ROC-AUC: 0.845411
2026-06-30 16:06:35,625 - INFO: Validation ROC-AUC: 0.596206
2026-06-30 16:06:47,396 - INFO: Evaluating at iteration 16345
2026-06-30 16:06:47,565 - INFO: Loss: 0.442981
2026-06-30 16:06:47,565 - INFO: Training ROC-AUC: 0.806763
2026-06-30 16:06:47,565 - INFO: Validation ROC-AUC: 0.594865
2026-06-30 16:06:59,434 - INFO: Evaluating at iteration 16845
2026-06-30 16:06:59,589 - INFO: Loss: 0.273262
2026-06-30 16:06:59,589 - INFO: Training ROC-AUC: 0.955128
2026-06-30 16:06:59,589 - INFO: Validation ROC-AUC: 0.596939
2026-06-30 16:07:10,848 - INFO: Starting epoch 8
2026-06-30 16:07:10,872 - INFO: Evaluating at iteration 17319
2026-06-30 16:07:11,025 - INFO: Loss: 0.361789
2026-06-30 16:07:11,025 - INFO: Training ROC-AUC: 0.932367
2026-06-30 16:07:11,025 - INFO: Validation ROC-AUC: 0.600810
2026-06-30 16:07:23,265 - INFO: Evaluating at iteration 17819
2026-06-30 16:07:23,429 - INFO: Loss: 0.414977
2026-06-30 16:07:23,430 - INFO: Training ROC-AUC: 0.800000
2026-06-30 16:07:23,430 - INFO: Validation ROC-AUC: 0.601920
2026-06-30 16:07:35,219 - INFO: Evaluating at iteration 18319
2026-06-30 16:07:35,372 - INFO: Loss: 0.326247
2026-06-30 16:07:35,372 - INFO: Training ROC-AUC: 0.837037
2026-06-30 16:07:35,372 - INFO: Validation ROC-AUC: 0.606089
2026-06-30 16:07:47,572 - INFO: Evaluating at iteration 18819
2026-06-30 16:07:47,748 - INFO: Loss: 0.712601
2026-06-30 16:07:47,748 - INFO: Training ROC-AUC: 0.552083
2026-06-30 16:07:47,748 - INFO: Validation ROC-AUC: 0.606266
2026-06-30 16:07:59,649 - INFO: Evaluating at iteration 19319
2026-06-30 16:07:59,803 - INFO: Loss: 0.230457
2026-06-30 16:07:59,804 - INFO: Training ROC-AUC: 0.985185
2026-06-30 16:07:59,804 - INFO: Validation ROC-AUC: 0.606123
2026-06-30 16:08:10,991 - INFO: Starting epoch 9
2026-06-30 16:08:11,016 - INFO: Evaluating at iteration 19793
2026-06-30 16:08:11,172 - INFO: Loss: 0.289133
2026-06-30 16:08:11,172 - INFO: Training ROC-AUC: 0.962963
2026-06-30 16:08:11,172 - INFO: Validation ROC-AUC: 0.606023
2026-06-30 16:08:23,191 - INFO: Evaluating at iteration 20293
2026-06-30 16:08:23,353 - INFO: Loss: 0.317659
2026-06-30 16:08:23,354 - INFO: Training ROC-AUC: 0.770370
2026-06-30 16:08:23,354 - INFO: Validation ROC-AUC: 0.607755
2026-06-30 16:08:35,218 - INFO: Evaluating at iteration 20793
2026-06-30 16:08:35,369 - INFO: Loss: 0.396166
2026-06-30 16:08:35,369 - INFO: Training ROC-AUC: 0.817143
2026-06-30 16:08:35,369 - INFO: Validation ROC-AUC: 0.610685
2026-06-30 16:08:47,129 - INFO: Evaluating at iteration 21293
2026-06-30 16:08:47,295 - INFO: Loss: 0.523514
2026-06-30 16:08:47,295 - INFO: Training ROC-AUC: 0.770833
2026-06-30 16:08:47,295 - INFO: Validation ROC-AUC: 0.613613
2026-06-30 16:08:59,172 - INFO: Evaluating at iteration 21793
2026-06-30 16:08:59,324 - INFO: Loss: 0.189701
2026-06-30 16:08:59,325 - INFO: Training ROC-AUC: 0.942529
2026-06-30 16:08:59,325 - INFO: Validation ROC-AUC: 0.611679
2026-06-30 16:09:10,558 - INFO: Starting epoch 10
2026-06-30 16:09:10,583 - INFO: Evaluating at iteration 22267
2026-06-30 16:09:10,736 - INFO: Loss: 0.412073
2026-06-30 16:09:10,736 - INFO: Training ROC-AUC: 0.817143
2026-06-30 16:09:10,736 - INFO: Validation ROC-AUC: 0.615954
2026-06-30 16:09:22,721 - INFO: Evaluating at iteration 22767
2026-06-30 16:09:22,876 - INFO: Loss: 0.372666
2026-06-30 16:09:22,876 - INFO: Training ROC-AUC: 0.660714
2026-06-30 16:09:22,876 - INFO: Validation ROC-AUC: 0.615419
2026-06-30 16:09:34,758 - INFO: Evaluating at iteration 23267
2026-06-30 16:09:34,914 - INFO: Loss: 0.155857
2026-06-30 16:09:34,914 - INFO: Training ROC-AUC: 1.000000
2026-06-30 16:09:34,914 - INFO: Validation ROC-AUC: 0.616432
2026-06-30 16:09:46,732 - INFO: Evaluating at iteration 23767
2026-06-30 16:09:46,898 - INFO: Loss: 0.439988
2026-06-30 16:09:46,898 - INFO: Training ROC-AUC: 0.692308
2026-06-30 16:09:46,898 - INFO: Validation ROC-AUC: 0.620742
2026-06-30 16:09:58,946 - INFO: Evaluating at iteration 24267
2026-06-30 16:09:59,099 - INFO: Loss: 0.300085
2026-06-30 16:09:59,100 - INFO: Training ROC-AUC: 0.871795
2026-06-30 16:09:59,100 - INFO: Validation ROC-AUC: 0.618813
2026-06-30 16:10:10,342 - INFO: Starting epoch 11
2026-06-30 16:10:10,367 - INFO: Evaluating at iteration 24741
2026-06-30 16:10:10,522 - INFO: Loss: 0.336197
2026-06-30 16:10:10,522 - INFO: Training ROC-AUC: 0.880000
2026-06-30 16:10:10,522 - INFO: Validation ROC-AUC: 0.618779
2026-06-30 16:10:22,683 - INFO: Evaluating at iteration 25241
2026-06-30 16:10:22,848 - INFO: Loss: 0.311483
2026-06-30 16:10:22,848 - INFO: Training ROC-AUC: 0.903846
2026-06-30 16:10:22,848 - INFO: Validation ROC-AUC: 0.622522
2026-06-30 16:10:35,079 - INFO: Evaluating at iteration 25741
2026-06-30 16:10:35,233 - INFO: Loss: 0.408369
2026-06-30 16:10:35,233 - INFO: Training ROC-AUC: 0.696296
2026-06-30 16:10:35,233 - INFO: Validation ROC-AUC: 0.618471
2026-06-30 16:10:46,967 - INFO: Evaluating at iteration 26241
2026-06-30 16:10:47,132 - INFO: Loss: 0.294123
2026-06-30 16:10:47,133 - INFO: Training ROC-AUC: 0.794643
2026-06-30 16:10:47,133 - INFO: Validation ROC-AUC: 0.619040
2026-06-30 16:10:59,068 - INFO: Evaluating at iteration 26741
2026-06-30 16:10:59,231 - INFO: Loss: 0.299722
2026-06-30 16:10:59,231 - INFO: Training ROC-AUC: 0.583333
2026-06-30 16:10:59,231 - INFO: Validation ROC-AUC: 0.621879
2026-06-30 16:11:10,488 - INFO: Starting epoch 12
2026-06-30 16:11:10,513 - INFO: Evaluating at iteration 27215
2026-06-30 16:11:10,666 - INFO: Loss: 0.335371
2026-06-30 16:11:10,666 - INFO: Training ROC-AUC: 0.741071
2026-06-30 16:11:10,666 - INFO: Validation ROC-AUC: 0.623683
2026-06-30 16:11:22,547 - INFO: Evaluating at iteration 27715
2026-06-30 16:11:22,699 - INFO: Loss: 0.233698
2026-06-30 16:11:22,699 - INFO: Training ROC-AUC: 0.896552
2026-06-30 16:11:22,699 - INFO: Validation ROC-AUC: 0.624129
2026-06-30 16:11:34,423 - INFO: Evaluating at iteration 28215
2026-06-30 16:11:34,587 - INFO: Loss: 0.465033
2026-06-30 16:11:34,587 - INFO: Training ROC-AUC: 0.659259
2026-06-30 16:11:34,587 - INFO: Validation ROC-AUC: 0.623035
2026-06-30 16:11:46,377 - INFO: Evaluating at iteration 28715
2026-06-30 16:11:46,547 - INFO: Loss: 0.177351
2026-06-30 16:11:46,547 - INFO: Training ROC-AUC: 1.000000
2026-06-30 16:11:46,547 - INFO: Validation ROC-AUC: 0.626254
2026-06-30 16:11:58,419 - INFO: Evaluating at iteration 29215
2026-06-30 16:11:58,572 - INFO: Loss: 0.318244
2026-06-30 16:11:58,573 - INFO: Training ROC-AUC: 0.931429
2026-06-30 16:11:58,573 - INFO: Validation ROC-AUC: 0.625250
2026-06-30 16:12:09,800 - INFO: Starting epoch 13
2026-06-30 16:12:09,826 - INFO: Evaluating at iteration 29689
2026-06-30 16:12:09,977 - INFO: Loss: 0.204531
2026-06-30 16:12:09,977 - INFO: Training ROC-AUC: 0.903704
2026-06-30 16:12:09,977 - INFO: Validation ROC-AUC: 0.625819
2026-06-30 16:12:21,776 - INFO: Evaluating at iteration 30189
2026-06-30 16:12:21,929 - INFO: Loss: 0.297105
2026-06-30 16:12:21,929 - INFO: Training ROC-AUC: 0.857143
2026-06-30 16:12:21,929 - INFO: Validation ROC-AUC: 0.625702
2026-06-30 16:12:33,732 - INFO: Evaluating at iteration 30689
2026-06-30 16:12:33,905 - INFO: Loss: 0.271055
2026-06-30 16:12:33,905 - INFO: Training ROC-AUC: 0.925926
2026-06-30 16:12:33,905 - INFO: Validation ROC-AUC: 0.626332
2026-06-30 16:12:45,744 - INFO: Evaluating at iteration 31189
2026-06-30 16:12:45,900 - INFO: Loss: 0.370401
2026-06-30 16:12:45,900 - INFO: Training ROC-AUC: 0.814103
2026-06-30 16:12:45,900 - INFO: Validation ROC-AUC: 0.629063
2026-06-30 16:12:58,000 - INFO: Evaluating at iteration 31689
2026-06-30 16:12:58,152 - INFO: Loss: 0.322993
2026-06-30 16:12:58,152 - INFO: Training ROC-AUC: 0.814815
2026-06-30 16:12:58,152 - INFO: Validation ROC-AUC: 0.631049
2026-06-30 16:13:09,365 - INFO: Starting epoch 14
2026-06-30 16:13:09,391 - INFO: Evaluating at iteration 32163
2026-06-30 16:13:09,543 - INFO: Loss: 0.254818
2026-06-30 16:13:09,543 - INFO: Training ROC-AUC: 0.774194
2026-06-30 16:13:09,543 - INFO: Validation ROC-AUC: 0.631931
2026-06-30 16:13:21,355 - INFO: Evaluating at iteration 32663
2026-06-30 16:13:21,508 - INFO: Loss: 0.322105
2026-06-30 16:13:21,509 - INFO: Training ROC-AUC: 0.878205
2026-06-30 16:13:21,509 - INFO: Validation ROC-AUC: 0.629305
2026-06-30 16:13:33,261 - INFO: Evaluating at iteration 33163
2026-06-30 16:13:33,414 - INFO: Loss: 0.312312
2026-06-30 16:13:33,414 - INFO: Training ROC-AUC: 0.891026
2026-06-30 16:13:33,414 - INFO: Validation ROC-AUC: 0.630925
2026-06-30 16:13:45,563 - INFO: Evaluating at iteration 33663
2026-06-30 16:13:45,727 - INFO: Loss: 0.238709
2026-06-30 16:13:45,727 - INFO: Training ROC-AUC: 0.839080
2026-06-30 16:13:45,727 - INFO: Validation ROC-AUC: 0.634496
2026-06-30 16:13:57,633 - INFO: Evaluating at iteration 34163
2026-06-30 16:13:57,797 - INFO: Loss: 0.313265
2026-06-30 16:13:57,798 - INFO: Training ROC-AUC: 0.801282
2026-06-30 16:13:57,798 - INFO: Validation ROC-AUC: 0.634276
2026-06-30 16:14:09,000 - INFO: Starting epoch 15
2026-06-30 16:14:09,025 - INFO: Evaluating at iteration 34637
2026-06-30 16:14:09,178 - INFO: Loss: 0.204850
2026-06-30 16:14:09,178 - INFO: Training ROC-AUC: 0.948148
2026-06-30 16:14:09,178 - INFO: Validation ROC-AUC: 0.631958
2026-06-30 16:14:20,980 - INFO: Evaluating at iteration 35137
2026-06-30 16:14:21,134 - INFO: Loss: 0.442023
2026-06-30 16:14:21,135 - INFO: Training ROC-AUC: 0.625000
2026-06-30 16:14:21,135 - INFO: Validation ROC-AUC: 0.634061
2026-06-30 16:14:32,925 - INFO: Evaluating at iteration 35637
2026-06-30 16:14:33,080 - INFO: Loss: 0.387745
2026-06-30 16:14:33,080 - INFO: Training ROC-AUC: 0.785185
2026-06-30 16:14:33,080 - INFO: Validation ROC-AUC: 0.633211
2026-06-30 16:14:44,892 - INFO: Evaluating at iteration 36137
2026-06-30 16:14:45,045 - INFO: Loss: 0.180218
2026-06-30 16:14:45,045 - INFO: Training ROC-AUC: 0.977011
2026-06-30 16:14:45,045 - INFO: Validation ROC-AUC: 0.632270
2026-06-30 16:14:56,819 - INFO: Evaluating at iteration 36637
2026-06-30 16:14:56,985 - INFO: Loss: 0.255696
2026-06-30 16:14:56,985 - INFO: Training ROC-AUC: 0.903704
2026-06-30 16:14:56,985 - INFO: Validation ROC-AUC: 0.631672
2026-06-30 16:15:08,364 - INFO: Starting epoch 16
2026-06-30 16:15:08,389 - INFO: Evaluating at iteration 37111
2026-06-30 16:15:08,543 - INFO: Loss: 0.265472
2026-06-30 16:15:08,543 - INFO: Training ROC-AUC: 0.918519
2026-06-30 16:15:08,543 - INFO: Validation ROC-AUC: 0.633142
2026-06-30 16:15:20,438 - INFO: Evaluating at iteration 37611
2026-06-30 16:15:20,592 - INFO: Loss: 0.177050
2026-06-30 16:15:20,592 - INFO: Training ROC-AUC: 0.988506
2026-06-30 16:15:20,592 - INFO: Validation ROC-AUC: 0.633216
2026-06-30 16:15:32,567 - INFO: Evaluating at iteration 38111
2026-06-30 16:15:32,730 - INFO: Loss: 0.388817
2026-06-30 16:15:32,730 - INFO: Training ROC-AUC: 0.822857
2026-06-30 16:15:32,730 - INFO: Validation ROC-AUC: 0.634479
2026-06-30 16:15:44,541 - INFO: Evaluating at iteration 38611
2026-06-30 16:15:44,694 - INFO: Loss: 0.321528
2026-06-30 16:15:44,694 - INFO: Training ROC-AUC: 0.814815
2026-06-30 16:15:44,694 - INFO: Validation ROC-AUC: 0.634236
2026-06-30 16:15:56,690 - INFO: Evaluating at iteration 39111
2026-06-30 16:15:56,855 - INFO: Loss: 0.440113
2026-06-30 16:15:56,855 - INFO: Training ROC-AUC: 0.891775
2026-06-30 16:15:56,855 - INFO: Validation ROC-AUC: 0.635506
2026-06-30 16:16:08,033 - INFO: Starting epoch 17
2026-06-30 16:16:08,058 - INFO: Evaluating at iteration 39585
2026-06-30 16:16:08,211 - INFO: Loss: 0.298709
2026-06-30 16:16:08,212 - INFO: Training ROC-AUC: 0.937143
2026-06-30 16:16:08,212 - INFO: Validation ROC-AUC: 0.634025
2026-06-30 16:16:20,268 - INFO: Evaluating at iteration 40085
2026-06-30 16:16:20,421 - INFO: Loss: 0.478472
2026-06-30 16:16:20,421 - INFO: Training ROC-AUC: 0.770833
2026-06-30 16:16:20,421 - INFO: Validation ROC-AUC: 0.634751
2026-06-30 16:16:32,411 - INFO: Evaluating at iteration 40585
2026-06-30 16:16:32,566 - INFO: Loss: 0.304469
2026-06-30 16:16:32,567 - INFO: Training ROC-AUC: 0.910256
2026-06-30 16:16:32,567 - INFO: Validation ROC-AUC: 0.634492
2026-06-30 16:16:44,565 - INFO: Evaluating at iteration 41085
2026-06-30 16:16:44,719 - INFO: Loss: 0.223208
2026-06-30 16:16:44,719 - INFO: Training ROC-AUC: 0.966667
2026-06-30 16:16:44,719 - INFO: Validation ROC-AUC: 0.637890
2026-06-30 16:16:56,580 - INFO: Evaluating at iteration 41585
2026-06-30 16:16:56,739 - INFO: Loss: 0.298998
2026-06-30 16:16:56,740 - INFO: Training ROC-AUC: 0.794643
2026-06-30 16:16:56,740 - INFO: Validation ROC-AUC: 0.637286
2026-06-30 16:17:08,101 - INFO: Starting epoch 18
2026-06-30 16:17:08,127 - INFO: Evaluating at iteration 42059
2026-06-30 16:17:08,291 - INFO: Loss: 0.376789
2026-06-30 16:17:08,291 - INFO: Training ROC-AUC: 0.855072
2026-06-30 16:17:08,291 - INFO: Validation ROC-AUC: 0.636495
2026-06-30 16:17:20,371 - INFO: Evaluating at iteration 42559
2026-06-30 16:17:20,525 - INFO: Loss: 0.322703
2026-06-30 16:17:20,525 - INFO: Training ROC-AUC: 0.891429
2026-06-30 16:17:20,525 - INFO: Validation ROC-AUC: 0.637395
2026-06-30 16:17:32,896 - INFO: Evaluating at iteration 43059
2026-06-30 16:17:33,060 - INFO: Loss: 0.203436
2026-06-30 16:17:33,060 - INFO: Training ROC-AUC: 0.948571
2026-06-30 16:17:33,060 - INFO: Validation ROC-AUC: 0.639473
2026-06-30 16:17:45,358 - INFO: Evaluating at iteration 43559
2026-06-30 16:17:45,511 - INFO: Loss: 0.270888
2026-06-30 16:17:45,511 - INFO: Training ROC-AUC: 0.881481
2026-06-30 16:17:45,511 - INFO: Validation ROC-AUC: 0.637935
2026-06-30 16:17:57,464 - INFO: Evaluating at iteration 44059
2026-06-30 16:17:57,623 - INFO: Loss: 0.094478
2026-06-30 16:17:57,623 - INFO: Training ROC-AUC: 1.000000
2026-06-30 16:17:57,623 - INFO: Validation ROC-AUC: 0.636222
2026-06-30 16:18:09,000 - INFO: Starting epoch 19
2026-06-30 16:18:09,026 - INFO: Evaluating at iteration 44533
2026-06-30 16:18:09,181 - INFO: Loss: 0.310861
2026-06-30 16:18:09,181 - INFO: Training ROC-AUC: 0.609195
2026-06-30 16:18:09,181 - INFO: Validation ROC-AUC: 0.638015
2026-06-30 16:18:21,276 - INFO: Evaluating at iteration 45033
2026-06-30 16:18:21,440 - INFO: Loss: 0.319561
2026-06-30 16:18:21,440 - INFO: Training ROC-AUC: 0.955128
2026-06-30 16:18:21,440 - INFO: Validation ROC-AUC: 0.637127
2026-06-30 16:18:33,714 - INFO: Evaluating at iteration 45533
2026-06-30 16:18:33,887 - INFO: Loss: 0.234517
2026-06-30 16:18:33,887 - INFO: Training ROC-AUC: 0.955128
2026-06-30 16:18:33,887 - INFO: Validation ROC-AUC: 0.637752
2026-06-30 16:18:45,769 - INFO: Evaluating at iteration 46033
2026-06-30 16:18:45,924 - INFO: Loss: 0.189385
2026-06-30 16:18:45,924 - INFO: Training ROC-AUC: 0.896552
2026-06-30 16:18:45,924 - INFO: Validation ROC-AUC: 0.638187
2026-06-30 16:18:57,931 - INFO: Evaluating at iteration 46533
2026-06-30 16:18:58,092 - INFO: Loss: 0.337817
2026-06-30 16:18:58,092 - INFO: Training ROC-AUC: 0.723214
2026-06-30 16:18:58,092 - INFO: Validation ROC-AUC: 0.636202
2026-06-30 16:19:09,628 - INFO: Starting epoch 20
2026-06-30 16:19:09,653 - INFO: Evaluating at iteration 47007
2026-06-30 16:19:09,807 - INFO: Loss: 0.300897
2026-06-30 16:19:09,807 - INFO: Training ROC-AUC: 0.896296
2026-06-30 16:19:09,807 - INFO: Validation ROC-AUC: 0.638894
2026-06-30 16:19:21,881 - INFO: Evaluating at iteration 47507
2026-06-30 16:19:22,034 - INFO: Loss: 0.191067
2026-06-30 16:19:22,035 - INFO: Training ROC-AUC: 0.919540
2026-06-30 16:19:22,035 - INFO: Validation ROC-AUC: 0.637749
2026-06-30 16:19:34,502 - INFO: Evaluating at iteration 48007
2026-06-30 16:19:34,662 - INFO: Loss: 0.267467
2026-06-30 16:19:34,662 - INFO: Training ROC-AUC: 0.839286
2026-06-30 16:19:34,662 - INFO: Validation ROC-AUC: 0.638745
2026-06-30 16:19:46,671 - INFO: Evaluating at iteration 48507
2026-06-30 16:19:46,824 - INFO: Loss: 0.401896
2026-06-30 16:19:46,824 - INFO: Training ROC-AUC: 0.632184
2026-06-30 16:19:46,824 - INFO: Validation ROC-AUC: 0.638896
2026-06-30 16:19:59,239 - INFO: Evaluating at iteration 49007
2026-06-30 16:19:59,409 - INFO: Loss: 0.346103
2026-06-30 16:19:59,409 - INFO: Training ROC-AUC: 0.868571
2026-06-30 16:19:59,409 - INFO: Validation ROC-AUC: 0.638423
2026-06-30 16:20:11,354 - INFO: Starting epoch 21
2026-06-30 16:20:11,382 - INFO: Evaluating at iteration 49481
2026-06-30 16:20:11,536 - INFO: Loss: 0.247040
2026-06-30 16:20:11,536 - INFO: Training ROC-AUC: 0.875000
2026-06-30 16:20:11,536 - INFO: Validation ROC-AUC: 0.639981
2026-06-30 16:20:23,901 - INFO: Evaluating at iteration 49981
2026-06-30 16:20:24,061 - INFO: Loss: 0.242420
2026-06-30 16:20:24,061 - INFO: Training ROC-AUC: 0.937500
2026-06-30 16:20:24,061 - INFO: Validation ROC-AUC: 0.640188
2026-06-30 16:20:36,101 - INFO: Evaluating at iteration 50481
2026-06-30 16:20:36,252 - INFO: Loss: 0.284242
2026-06-30 16:20:36,252 - INFO: Training ROC-AUC: 0.851852
2026-06-30 16:20:36,252 - INFO: Validation ROC-AUC: 0.637406
2026-06-30 16:20:48,314 - INFO: Evaluating at iteration 50981
2026-06-30 16:20:48,465 - INFO: Loss: 0.279098
2026-06-30 16:20:48,465 - INFO: Training ROC-AUC: 0.892857
2026-06-30 16:20:48,465 - INFO: Validation ROC-AUC: 0.637074
2026-06-30 16:21:00,773 - INFO: Evaluating at iteration 51481
2026-06-30 16:21:00,934 - INFO: Loss: 0.312562
2026-06-30 16:21:00,934 - INFO: Training ROC-AUC: 0.910256
2026-06-30 16:21:00,935 - INFO: Validation ROC-AUC: 0.637431
2026-06-30 16:21:12,576 - INFO: Starting epoch 22
2026-06-30 16:21:12,601 - INFO: Evaluating at iteration 51955
2026-06-30 16:21:12,757 - INFO: Loss: 0.313851
2026-06-30 16:21:12,757 - INFO: Training ROC-AUC: 0.963542
2026-06-30 16:21:12,757 - INFO: Validation ROC-AUC: 0.639626
2026-06-30 16:21:24,812 - INFO: Evaluating at iteration 52455
2026-06-30 16:21:24,964 - INFO: Loss: 0.283391
2026-06-30 16:21:24,964 - INFO: Training ROC-AUC: 0.643678
2026-06-30 16:21:24,964 - INFO: Validation ROC-AUC: 0.640618
2026-06-30 16:21:37,275 - INFO: Evaluating at iteration 52955
2026-06-30 16:21:37,430 - INFO: Loss: 0.261104
2026-06-30 16:21:37,430 - INFO: Training ROC-AUC: 0.954286
2026-06-30 16:21:37,430 - INFO: Validation ROC-AUC: 0.639241
2026-06-30 16:21:49,613 - INFO: Evaluating at iteration 53455
2026-06-30 16:21:49,779 - INFO: Loss: 0.366239
2026-06-30 16:21:49,779 - INFO: Training ROC-AUC: 0.801282
2026-06-30 16:21:49,779 - INFO: Validation ROC-AUC: 0.639546
2026-06-30 16:22:02,196 - INFO: Evaluating at iteration 53955
2026-06-30 16:22:02,350 - INFO: Loss: 0.383952
2026-06-30 16:22:02,350 - INFO: Training ROC-AUC: 0.845411
2026-06-30 16:22:02,350 - INFO: Validation ROC-AUC: 0.639997
2026-06-30 16:22:13,916 - INFO: Starting epoch 23
2026-06-30 16:22:13,941 - INFO: Evaluating at iteration 54429
2026-06-30 16:22:14,094 - INFO: Loss: 0.248413
2026-06-30 16:22:14,094 - INFO: Training ROC-AUC: 0.891429
2026-06-30 16:22:14,094 - INFO: Validation ROC-AUC: 0.638716
2026-06-30 16:22:26,315 - INFO: Evaluating at iteration 54929
2026-06-30 16:22:26,470 - INFO: Loss: 0.334553
2026-06-30 16:22:26,470 - INFO: Training ROC-AUC: 0.844444
2026-06-30 16:22:26,470 - INFO: Validation ROC-AUC: 0.638378
2026-06-30 16:22:38,701 - INFO: Evaluating at iteration 55429
2026-06-30 16:22:38,854 - INFO: Loss: 0.158469
2026-06-30 16:22:38,854 - INFO: Training ROC-AUC: 0.910714
2026-06-30 16:22:38,854 - INFO: Validation ROC-AUC: 0.635137
2026-06-30 16:22:51,026 - INFO: Evaluating at iteration 55929
2026-06-30 16:22:51,189 - INFO: Loss: 0.196679
2026-06-30 16:22:51,189 - INFO: Training ROC-AUC: 0.940741
2026-06-30 16:22:51,189 - INFO: Validation ROC-AUC: 0.636895
2026-06-30 16:23:03,304 - INFO: Evaluating at iteration 56429
2026-06-30 16:23:03,457 - INFO: Loss: 0.176855
2026-06-30 16:23:03,457 - INFO: Training ROC-AUC: 0.973214
2026-06-30 16:23:03,457 - INFO: Validation ROC-AUC: 0.638030
2026-06-30 16:23:14,949 - INFO: Starting epoch 24
2026-06-30 16:23:14,975 - INFO: Evaluating at iteration 56903
2026-06-30 16:23:15,129 - INFO: Loss: 0.261572
2026-06-30 16:23:15,130 - INFO: Training ROC-AUC: 0.827586
2026-06-30 16:23:15,130 - INFO: Validation ROC-AUC: 0.639611
2026-06-30 16:23:27,346 - INFO: Evaluating at iteration 57403
2026-06-30 16:23:27,498 - INFO: Loss: 0.287297
2026-06-30 16:23:27,498 - INFO: Training ROC-AUC: 0.942857
2026-06-30 16:23:27,498 - INFO: Validation ROC-AUC: 0.640119
2026-06-30 16:23:39,652 - INFO: Evaluating at iteration 57903
2026-06-30 16:23:39,812 - INFO: Loss: 0.406200
2026-06-30 16:23:39,812 - INFO: Training ROC-AUC: 0.865385
2026-06-30 16:23:39,812 - INFO: Validation ROC-AUC: 0.639075
2026-06-30 16:23:52,026 - INFO: Evaluating at iteration 58403
2026-06-30 16:23:52,182 - INFO: Loss: 0.339903
2026-06-30 16:23:52,182 - INFO: Training ROC-AUC: 0.792593
2026-06-30 16:23:52,182 - INFO: Validation ROC-AUC: 0.638169
2026-06-30 16:24:04,390 - INFO: Evaluating at iteration 58903
2026-06-30 16:24:04,553 - INFO: Loss: 0.348321
2026-06-30 16:24:04,553 - INFO: Training ROC-AUC: 0.814815
2026-06-30 16:24:04,553 - INFO: Validation ROC-AUC: 0.638335
2026-06-30 16:24:15,958 - INFO: Starting epoch 25
2026-06-30 16:24:15,984 - INFO: Evaluating at iteration 59377
2026-06-30 16:24:16,139 - INFO: Loss: 0.228327
2026-06-30 16:24:16,139 - INFO: Training ROC-AUC: 0.916667
2026-06-30 16:24:16,139 - INFO: Validation ROC-AUC: 0.639488
2026-06-30 16:24:28,318 - INFO: Evaluating at iteration 59877
2026-06-30 16:24:28,482 - INFO: Loss: 0.269438
2026-06-30 16:24:28,482 - INFO: Training ROC-AUC: 0.901786
2026-06-30 16:24:28,482 - INFO: Validation ROC-AUC: 0.637497
2026-06-30 16:24:40,537 - INFO: Evaluating at iteration 60377
2026-06-30 16:24:40,696 - INFO: Loss: 0.210004
2026-06-30 16:24:40,696 - INFO: Training ROC-AUC: 0.839080
2026-06-30 16:24:40,696 - INFO: Validation ROC-AUC: 0.640622
2026-06-30 16:24:52,879 - INFO: Evaluating at iteration 60877
2026-06-30 16:24:53,043 - INFO: Loss: 0.234869
2026-06-30 16:24:53,043 - INFO: Training ROC-AUC: 0.903704
2026-06-30 16:24:53,043 - INFO: Validation ROC-AUC: 0.639740
2026-06-30 16:25:05,246 - INFO: Evaluating at iteration 61377
2026-06-30 16:25:05,411 - INFO: Loss: 0.407718
2026-06-30 16:25:05,411 - INFO: Training ROC-AUC: 0.782051
2026-06-30 16:25:05,411 - INFO: Validation ROC-AUC: 0.639666
2026-06-30 16:25:16,935 - INFO: Saving model to models/TCRStructMap_pMHC_split_cdrs_peptide/model_5.pt
