2026-01-30 12:27:48,679 - INFO: Parameter: seed=123
2026-01-30 12:27:48,680 - INFO: Parameter: training_data='data/processed/sequences_right_pad_blosum_peptide_split.h5'
2026-01-30 12:27:48,680 - INFO: Parameter: output='models/NetTCR_peptide_split'
2026-01-30 12:27:48,680 - INFO: Parameter: embedding_dim_size=20
2026-01-30 12:27:48,680 - INFO: Parameter: batch_size=32
2026-01-30 12:27:48,680 - INFO: Parameter: num_epochs=25
2026-01-30 12:27:48,680 - INFO: Parameter: learning_rate=0.001
2026-01-30 12:27:48,680 - INFO: Parameter: dropout_rate=0.6
2026-01-30 12:27:48,680 - INFO: Parameter: checkpoint_interval=1000
2026-01-30 12:27:48,680 - INFO: Parameter: eval_interval=500
2026-01-30 12:27:48,680 - INFO: Parameter: eval_batch_size=1000
2026-01-30 12:27:48,681 - INFO: Parameter: log_level='info'
2026-01-30 12:27:48,681 - INFO: Parameter: log_file='data/logs/train_NetTCR_peptide_split.log'
2026-01-30 12:27:48,681 - INFO: Setting random seed to 123
2026-01-30 12:27:48,762 - INFO: Loading training data from data/processed/sequences_right_pad_blosum_peptide_split.h5
2026-01-30 12:27:49,186 - INFO: Creating models/NetTCR_peptide_split
2026-01-30 12:27:49,190 - INFO: Starting fold 1
2026-01-30 12:27:49,190 - INFO: Initialising model
2026-01-30 12:28:15,944 - INFO: Starting training
2026-01-30 12:28:15,944 - INFO: Starting epoch 1
2026-01-30 12:28:16,208 - INFO: Evaluating at iteration 1
2026-01-30 12:28:17,574 - INFO: Loss: 0.922897
2026-01-30 12:28:17,574 - INFO: Training ROC-AUC: 0.563218
2026-01-30 12:28:17,574 - INFO: Validation ROC-AUC: 0.506614
2026-01-30 12:28:25,062 - INFO: Evaluating at iteration 501
2026-01-30 12:28:26,372 - INFO: Loss: 0.480715
2026-01-30 12:28:26,372 - INFO: Training ROC-AUC: 0.589744
2026-01-30 12:28:26,373 - INFO: Validation ROC-AUC: 0.303232
2026-01-30 12:28:33,864 - INFO: Evaluating at iteration 1001
2026-01-30 12:28:35,122 - INFO: Loss: 0.316313
2026-01-30 12:28:35,122 - INFO: Training ROC-AUC: 0.689655
2026-01-30 12:28:35,122 - INFO: Validation ROC-AUC: 0.318775
2026-01-30 12:28:40,194 - INFO: Evaluating at iteration 1501
2026-01-30 12:28:40,979 - INFO: Loss: 0.550432
2026-01-30 12:28:40,979 - INFO: Training ROC-AUC: 0.645455
2026-01-30 12:28:40,979 - INFO: Validation ROC-AUC: 0.328332
2026-01-30 12:28:45,406 - INFO: Starting epoch 2
2026-01-30 12:28:45,459 - INFO: Evaluating at iteration 2001
2026-01-30 12:28:46,278 - INFO: Loss: 0.472866
2026-01-30 12:28:46,302 - INFO: Training ROC-AUC: 0.742857
2026-01-30 12:28:46,347 - INFO: Validation ROC-AUC: 0.363056
2026-01-30 12:28:50,880 - INFO: Evaluating at iteration 2501
2026-01-30 12:28:51,692 - INFO: Loss: 0.407621
2026-01-30 12:28:51,692 - INFO: Training ROC-AUC: 0.771429
2026-01-30 12:28:51,692 - INFO: Validation ROC-AUC: 0.361925
2026-01-30 12:28:56,155 - INFO: Evaluating at iteration 3001
2026-01-30 12:28:56,928 - INFO: Loss: 0.298889
2026-01-30 12:28:56,928 - INFO: Training ROC-AUC: 0.758929
2026-01-30 12:28:56,928 - INFO: Validation ROC-AUC: 0.370368
2026-01-30 12:29:01,442 - INFO: Evaluating at iteration 3501
2026-01-30 12:29:02,233 - INFO: Loss: 0.282800
2026-01-30 12:29:02,233 - INFO: Training ROC-AUC: 0.888889
2026-01-30 12:29:02,233 - INFO: Validation ROC-AUC: 0.354448
2026-01-30 12:29:06,715 - INFO: Starting epoch 3
2026-01-30 12:29:06,725 - INFO: Evaluating at iteration 4001
2026-01-30 12:29:07,499 - INFO: Loss: 0.413201
2026-01-30 12:29:07,499 - INFO: Training ROC-AUC: 0.666667
2026-01-30 12:29:07,499 - INFO: Validation ROC-AUC: 0.368238
2026-01-30 12:29:12,008 - INFO: Evaluating at iteration 4501
2026-01-30 12:29:12,782 - INFO: Loss: 0.435481
2026-01-30 12:29:12,782 - INFO: Training ROC-AUC: 0.446429
2026-01-30 12:29:12,783 - INFO: Validation ROC-AUC: 0.392399
2026-01-30 12:29:17,307 - INFO: Evaluating at iteration 5001
2026-01-30 12:29:18,076 - INFO: Loss: 0.290096
2026-01-30 12:29:18,076 - INFO: Training ROC-AUC: 0.712644
2026-01-30 12:29:18,076 - INFO: Validation ROC-AUC: 0.432321
2026-01-30 12:29:22,607 - INFO: Evaluating at iteration 5501
2026-01-30 12:29:23,374 - INFO: Loss: 0.259625
2026-01-30 12:29:23,374 - INFO: Training ROC-AUC: 0.888889
2026-01-30 12:29:23,374 - INFO: Validation ROC-AUC: 0.386173
2026-01-30 12:29:27,864 - INFO: Starting epoch 4
2026-01-30 12:29:27,874 - INFO: Evaluating at iteration 6001
2026-01-30 12:29:28,638 - INFO: Loss: 0.380239
2026-01-30 12:29:28,638 - INFO: Training ROC-AUC: 0.740741
2026-01-30 12:29:28,638 - INFO: Validation ROC-AUC: 0.419881
2026-01-30 12:29:33,152 - INFO: Evaluating at iteration 6501
2026-01-30 12:29:33,902 - INFO: Loss: 0.273132
2026-01-30 12:29:33,902 - INFO: Training ROC-AUC: 0.732143
2026-01-30 12:29:33,902 - INFO: Validation ROC-AUC: 0.308217
2026-01-30 12:29:38,417 - INFO: Evaluating at iteration 7001
2026-01-30 12:29:39,197 - INFO: Loss: 0.353090
2026-01-30 12:29:39,197 - INFO: Training ROC-AUC: 0.866667
2026-01-30 12:29:39,197 - INFO: Validation ROC-AUC: 0.350141
2026-01-30 12:29:43,738 - INFO: Evaluating at iteration 7501
2026-01-30 12:29:44,488 - INFO: Loss: 0.447639
2026-01-30 12:29:44,488 - INFO: Training ROC-AUC: 0.621795
2026-01-30 12:29:44,488 - INFO: Validation ROC-AUC: 0.336584
2026-01-30 12:29:49,006 - INFO: Starting epoch 5
2026-01-30 12:29:49,016 - INFO: Evaluating at iteration 8001
2026-01-30 12:29:49,782 - INFO: Loss: 0.273504
2026-01-30 12:29:49,782 - INFO: Training ROC-AUC: 0.862069
2026-01-30 12:29:49,782 - INFO: Validation ROC-AUC: 0.420893
2026-01-30 12:29:54,338 - INFO: Evaluating at iteration 8501
2026-01-30 12:29:55,097 - INFO: Loss: 0.368151
2026-01-30 12:29:55,097 - INFO: Training ROC-AUC: 0.963542
2026-01-30 12:29:55,097 - INFO: Validation ROC-AUC: 0.350502
2026-01-30 12:29:59,616 - INFO: Evaluating at iteration 9001
2026-01-30 12:30:00,373 - INFO: Loss: 0.422911
2026-01-30 12:30:00,373 - INFO: Training ROC-AUC: 0.730769
2026-01-30 12:30:00,373 - INFO: Validation ROC-AUC: 0.317154
2026-01-30 12:30:04,918 - INFO: Evaluating at iteration 9501
2026-01-30 12:30:05,676 - INFO: Loss: 0.296979
2026-01-30 12:30:05,676 - INFO: Training ROC-AUC: 0.712644
2026-01-30 12:30:05,677 - INFO: Validation ROC-AUC: 0.365039
2026-01-30 12:30:10,204 - INFO: Starting epoch 6
2026-01-30 12:30:10,215 - INFO: Evaluating at iteration 10001
2026-01-30 12:30:10,960 - INFO: Loss: 0.505118
2026-01-30 12:30:10,961 - INFO: Training ROC-AUC: 0.687500
2026-01-30 12:30:10,961 - INFO: Validation ROC-AUC: 0.370578
2026-01-30 12:30:15,506 - INFO: Evaluating at iteration 10501
2026-01-30 12:30:16,262 - INFO: Loss: 0.546028
2026-01-30 12:30:16,262 - INFO: Training ROC-AUC: 0.635417
2026-01-30 12:30:16,262 - INFO: Validation ROC-AUC: 0.386774
2026-01-30 12:30:20,787 - INFO: Evaluating at iteration 11001
2026-01-30 12:30:21,532 - INFO: Loss: 0.272876
2026-01-30 12:30:21,532 - INFO: Training ROC-AUC: 0.643678
2026-01-30 12:30:21,532 - INFO: Validation ROC-AUC: 0.352073
2026-01-30 12:30:26,089 - INFO: Evaluating at iteration 11501
2026-01-30 12:30:26,831 - INFO: Loss: 0.247752
2026-01-30 12:30:26,831 - INFO: Training ROC-AUC: 0.793103
2026-01-30 12:30:26,831 - INFO: Validation ROC-AUC: 0.361264
2026-01-30 12:30:31,382 - INFO: Starting epoch 7
2026-01-30 12:30:31,392 - INFO: Evaluating at iteration 12001
2026-01-30 12:30:32,152 - INFO: Loss: 0.248955
2026-01-30 12:30:32,152 - INFO: Training ROC-AUC: 0.931034
2026-01-30 12:30:32,152 - INFO: Validation ROC-AUC: 0.370678
2026-01-30 12:30:36,720 - INFO: Evaluating at iteration 12501
2026-01-30 12:30:37,478 - INFO: Loss: 0.369241
2026-01-30 12:30:37,478 - INFO: Training ROC-AUC: 0.902857
2026-01-30 12:30:37,478 - INFO: Validation ROC-AUC: 0.379907
2026-01-30 12:30:42,029 - INFO: Evaluating at iteration 13001
2026-01-30 12:30:42,784 - INFO: Loss: 0.295382
2026-01-30 12:30:42,785 - INFO: Training ROC-AUC: 0.776786
2026-01-30 12:30:42,785 - INFO: Validation ROC-AUC: 0.401736
2026-01-30 12:30:47,351 - INFO: Evaluating at iteration 13501
2026-01-30 12:30:48,091 - INFO: Loss: 0.426383
2026-01-30 12:30:48,091 - INFO: Training ROC-AUC: 0.743590
2026-01-30 12:30:48,091 - INFO: Validation ROC-AUC: 0.408915
2026-01-30 12:30:52,642 - INFO: Starting epoch 8
2026-01-30 12:30:52,652 - INFO: Evaluating at iteration 14001
2026-01-30 12:30:53,412 - INFO: Loss: 0.282258
2026-01-30 12:30:53,412 - INFO: Training ROC-AUC: 0.910714
2026-01-30 12:30:53,412 - INFO: Validation ROC-AUC: 0.422002
2026-01-30 12:30:57,973 - INFO: Evaluating at iteration 14501
2026-01-30 12:30:58,731 - INFO: Loss: 0.260262
2026-01-30 12:30:58,731 - INFO: Training ROC-AUC: 0.839286
2026-01-30 12:30:58,731 - INFO: Validation ROC-AUC: 0.429991
2026-01-30 12:31:03,303 - INFO: Evaluating at iteration 15001
2026-01-30 12:31:04,047 - INFO: Loss: 0.163895
2026-01-30 12:31:04,047 - INFO: Training ROC-AUC: 0.866667
2026-01-30 12:31:04,047 - INFO: Validation ROC-AUC: 0.396873
2026-01-30 12:31:08,640 - INFO: Evaluating at iteration 15501
2026-01-30 12:31:09,396 - INFO: Loss: 0.192983
2026-01-30 12:31:09,396 - INFO: Training ROC-AUC: 0.900000
2026-01-30 12:31:09,396 - INFO: Validation ROC-AUC: 0.418472
2026-01-30 12:31:13,947 - INFO: Starting epoch 9
2026-01-30 12:31:13,960 - INFO: Evaluating at iteration 16001
2026-01-30 12:31:14,716 - INFO: Loss: 0.631836
2026-01-30 12:31:14,716 - INFO: Training ROC-AUC: 0.762500
2026-01-30 12:31:14,716 - INFO: Validation ROC-AUC: 0.448246
2026-01-30 12:31:19,289 - INFO: Evaluating at iteration 16501
2026-01-30 12:31:20,033 - INFO: Loss: 0.343985
2026-01-30 12:31:20,033 - INFO: Training ROC-AUC: 0.807407
2026-01-30 12:31:20,033 - INFO: Validation ROC-AUC: 0.418067
2026-01-30 12:31:24,589 - INFO: Evaluating at iteration 17001
2026-01-30 12:31:25,362 - INFO: Loss: 0.256364
2026-01-30 12:31:25,362 - INFO: Training ROC-AUC: 0.866071
2026-01-30 12:31:25,362 - INFO: Validation ROC-AUC: 0.396685
2026-01-30 12:31:29,933 - INFO: Evaluating at iteration 17501
2026-01-30 12:31:30,688 - INFO: Loss: 0.443021
2026-01-30 12:31:30,688 - INFO: Training ROC-AUC: 0.820513
2026-01-30 12:31:30,688 - INFO: Validation ROC-AUC: 0.392971
2026-01-30 12:31:35,248 - INFO: Starting epoch 10
2026-01-30 12:31:35,258 - INFO: Evaluating at iteration 18001
2026-01-30 12:31:35,996 - INFO: Loss: 0.337150
2026-01-30 12:31:35,996 - INFO: Training ROC-AUC: 0.858974
2026-01-30 12:31:35,996 - INFO: Validation ROC-AUC: 0.440087
2026-01-30 12:31:40,571 - INFO: Evaluating at iteration 18501
2026-01-30 12:31:41,314 - INFO: Loss: 0.339049
2026-01-30 12:31:41,314 - INFO: Training ROC-AUC: 0.858974
2026-01-30 12:31:41,314 - INFO: Validation ROC-AUC: 0.436860
2026-01-30 12:31:45,868 - INFO: Evaluating at iteration 19001
2026-01-30 12:31:46,613 - INFO: Loss: 0.412659
2026-01-30 12:31:46,613 - INFO: Training ROC-AUC: 0.840000
2026-01-30 12:31:46,613 - INFO: Validation ROC-AUC: 0.419882
2026-01-30 12:31:51,191 - INFO: Evaluating at iteration 19501
2026-01-30 12:31:51,941 - INFO: Loss: 0.533379
2026-01-30 12:31:51,941 - INFO: Training ROC-AUC: 0.622857
2026-01-30 12:31:51,941 - INFO: Validation ROC-AUC: 0.462294
2026-01-30 12:31:56,484 - INFO: Starting epoch 11
2026-01-30 12:31:56,493 - INFO: Evaluating at iteration 20001
2026-01-30 12:31:57,230 - INFO: Loss: 0.311835
2026-01-30 12:31:57,231 - INFO: Training ROC-AUC: 0.723214
2026-01-30 12:31:57,231 - INFO: Validation ROC-AUC: 0.452956
2026-01-30 12:32:01,794 - INFO: Evaluating at iteration 20501
2026-01-30 12:32:02,541 - INFO: Loss: 0.371243
2026-01-30 12:32:02,541 - INFO: Training ROC-AUC: 0.864583
2026-01-30 12:32:02,541 - INFO: Validation ROC-AUC: 0.420626
2026-01-30 12:32:07,091 - INFO: Evaluating at iteration 21001
2026-01-30 12:32:07,848 - INFO: Loss: 0.469530
2026-01-30 12:32:07,848 - INFO: Training ROC-AUC: 0.937143
2026-01-30 12:32:07,848 - INFO: Validation ROC-AUC: 0.429654
2026-01-30 12:32:12,435 - INFO: Evaluating at iteration 21501
2026-01-30 12:32:13,170 - INFO: Loss: 0.253690
2026-01-30 12:32:13,170 - INFO: Training ROC-AUC: 0.928571
2026-01-30 12:32:13,170 - INFO: Validation ROC-AUC: 0.408826
2026-01-30 12:32:17,726 - INFO: Starting epoch 12
2026-01-30 12:32:17,736 - INFO: Evaluating at iteration 22001
2026-01-30 12:32:18,473 - INFO: Loss: 0.251190
2026-01-30 12:32:18,473 - INFO: Training ROC-AUC: 0.875000
2026-01-30 12:32:18,473 - INFO: Validation ROC-AUC: 0.430686
2026-01-30 12:32:23,035 - INFO: Evaluating at iteration 22501
2026-01-30 12:32:23,777 - INFO: Loss: 0.156474
2026-01-30 12:32:23,777 - INFO: Training ROC-AUC: 0.988506
2026-01-30 12:32:23,777 - INFO: Validation ROC-AUC: 0.411008
2026-01-30 12:32:28,335 - INFO: Evaluating at iteration 23001
2026-01-30 12:32:29,074 - INFO: Loss: 0.438796
2026-01-30 12:32:29,074 - INFO: Training ROC-AUC: 0.585185
2026-01-30 12:32:29,074 - INFO: Validation ROC-AUC: 0.397689
2026-01-30 12:32:33,652 - INFO: Evaluating at iteration 23501
2026-01-30 12:32:34,386 - INFO: Loss: 0.313988
2026-01-30 12:32:34,386 - INFO: Training ROC-AUC: 0.785714
2026-01-30 12:32:34,386 - INFO: Validation ROC-AUC: 0.397830
2026-01-30 12:32:38,941 - INFO: Starting epoch 13
2026-01-30 12:32:38,951 - INFO: Evaluating at iteration 24001
2026-01-30 12:32:39,690 - INFO: Loss: 0.267742
2026-01-30 12:32:39,690 - INFO: Training ROC-AUC: 0.911111
2026-01-30 12:32:39,690 - INFO: Validation ROC-AUC: 0.411325
2026-01-30 12:32:44,253 - INFO: Evaluating at iteration 24501
2026-01-30 12:32:44,988 - INFO: Loss: 0.436998
2026-01-30 12:32:44,988 - INFO: Training ROC-AUC: 0.705128
2026-01-30 12:32:44,988 - INFO: Validation ROC-AUC: 0.419734
2026-01-30 12:32:49,559 - INFO: Evaluating at iteration 25001
2026-01-30 12:32:50,316 - INFO: Loss: 0.335192
2026-01-30 12:32:50,316 - INFO: Training ROC-AUC: 0.923077
2026-01-30 12:32:50,316 - INFO: Validation ROC-AUC: 0.381864
2026-01-30 12:32:54,886 - INFO: Evaluating at iteration 25501
2026-01-30 12:32:55,622 - INFO: Loss: 0.416478
2026-01-30 12:32:55,622 - INFO: Training ROC-AUC: 0.788462
2026-01-30 12:32:55,622 - INFO: Validation ROC-AUC: 0.382233
2026-01-30 12:33:00,169 - INFO: Starting epoch 14
2026-01-30 12:33:00,179 - INFO: Evaluating at iteration 26001
2026-01-30 12:33:00,929 - INFO: Loss: 0.149964
2026-01-30 12:33:00,929 - INFO: Training ROC-AUC: 1.000000
2026-01-30 12:33:00,929 - INFO: Validation ROC-AUC: 0.377571
2026-01-30 12:33:05,511 - INFO: Evaluating at iteration 26501
2026-01-30 12:33:06,249 - INFO: Loss: 0.235363
2026-01-30 12:33:06,249 - INFO: Training ROC-AUC: 0.885057
2026-01-30 12:33:06,249 - INFO: Validation ROC-AUC: 0.391107
2026-01-30 12:33:10,808 - INFO: Evaluating at iteration 27001
2026-01-30 12:33:11,563 - INFO: Loss: 0.332096
2026-01-30 12:33:11,563 - INFO: Training ROC-AUC: 0.891026
2026-01-30 12:33:11,563 - INFO: Validation ROC-AUC: 0.397169
2026-01-30 12:33:16,143 - INFO: Evaluating at iteration 27501
2026-01-30 12:33:16,893 - INFO: Loss: 0.177016
2026-01-30 12:33:16,893 - INFO: Training ROC-AUC: 0.946429
2026-01-30 12:33:16,893 - INFO: Validation ROC-AUC: 0.434282
2026-01-30 12:33:21,469 - INFO: Starting epoch 15
2026-01-30 12:33:21,479 - INFO: Evaluating at iteration 28001
2026-01-30 12:33:22,225 - INFO: Loss: 0.193411
2026-01-30 12:33:22,226 - INFO: Training ROC-AUC: 0.946429
2026-01-30 12:33:22,226 - INFO: Validation ROC-AUC: 0.373837
2026-01-30 12:33:26,803 - INFO: Evaluating at iteration 28501
2026-01-30 12:33:27,545 - INFO: Loss: 0.228568
2026-01-30 12:33:27,545 - INFO: Training ROC-AUC: 0.881481
2026-01-30 12:33:27,545 - INFO: Validation ROC-AUC: 0.399455
2026-01-30 12:33:32,116 - INFO: Evaluating at iteration 29001
2026-01-30 12:33:32,865 - INFO: Loss: 0.350981
2026-01-30 12:33:32,865 - INFO: Training ROC-AUC: 0.785185
2026-01-30 12:33:32,865 - INFO: Validation ROC-AUC: 0.385639
2026-01-30 12:33:37,452 - INFO: Evaluating at iteration 29501
2026-01-30 12:33:38,199 - INFO: Loss: 0.288332
2026-01-30 12:33:38,199 - INFO: Training ROC-AUC: 0.785714
2026-01-30 12:33:38,199 - INFO: Validation ROC-AUC: 0.416608
2026-01-30 12:33:42,769 - INFO: Starting epoch 16
2026-01-30 12:33:42,778 - INFO: Evaluating at iteration 30001
2026-01-30 12:33:43,533 - INFO: Loss: 0.456755
2026-01-30 12:33:43,534 - INFO: Training ROC-AUC: 0.765714
2026-01-30 12:33:43,534 - INFO: Validation ROC-AUC: 0.402614
2026-01-30 12:33:48,121 - INFO: Evaluating at iteration 30501
2026-01-30 12:33:48,876 - INFO: Loss: 0.246095
2026-01-30 12:33:48,876 - INFO: Training ROC-AUC: 0.942308
2026-01-30 12:33:48,876 - INFO: Validation ROC-AUC: 0.425632
2026-01-30 12:33:53,458 - INFO: Evaluating at iteration 31001
2026-01-30 12:33:54,203 - INFO: Loss: 0.294692
2026-01-30 12:33:54,203 - INFO: Training ROC-AUC: 0.758929
2026-01-30 12:33:54,203 - INFO: Validation ROC-AUC: 0.417545
2026-01-30 12:33:58,809 - INFO: Evaluating at iteration 31501
2026-01-30 12:33:59,561 - INFO: Loss: 0.189387
2026-01-30 12:33:59,561 - INFO: Training ROC-AUC: 0.928571
2026-01-30 12:33:59,561 - INFO: Validation ROC-AUC: 0.419726
2026-01-30 12:34:04,135 - INFO: Starting epoch 17
2026-01-30 12:34:04,145 - INFO: Evaluating at iteration 32001
2026-01-30 12:34:04,897 - INFO: Loss: 0.329605
2026-01-30 12:34:04,897 - INFO: Training ROC-AUC: 0.723214
2026-01-30 12:34:04,897 - INFO: Validation ROC-AUC: 0.423707
2026-01-30 12:34:09,492 - INFO: Evaluating at iteration 32501
2026-01-30 12:34:10,236 - INFO: Loss: 0.427401
2026-01-30 12:34:10,236 - INFO: Training ROC-AUC: 0.762821
2026-01-30 12:34:10,236 - INFO: Validation ROC-AUC: 0.452513
2026-01-30 12:34:14,822 - INFO: Evaluating at iteration 33001
2026-01-30 12:34:15,559 - INFO: Loss: 0.401287
2026-01-30 12:34:15,559 - INFO: Training ROC-AUC: 0.754286
2026-01-30 12:34:15,559 - INFO: Validation ROC-AUC: 0.406022
2026-01-30 12:34:20,166 - INFO: Evaluating at iteration 33501
2026-01-30 12:34:20,915 - INFO: Loss: 0.286045
2026-01-30 12:34:20,915 - INFO: Training ROC-AUC: 0.844444
2026-01-30 12:34:20,915 - INFO: Validation ROC-AUC: 0.393775
2026-01-30 12:34:25,493 - INFO: Starting epoch 18
2026-01-30 12:34:25,503 - INFO: Evaluating at iteration 34001
2026-01-30 12:34:26,243 - INFO: Loss: 0.466788
2026-01-30 12:34:26,243 - INFO: Training ROC-AUC: 0.845455
2026-01-30 12:34:26,243 - INFO: Validation ROC-AUC: 0.394443
2026-01-30 12:34:30,854 - INFO: Evaluating at iteration 34501
2026-01-30 12:34:31,604 - INFO: Loss: 0.338419
2026-01-30 12:34:31,604 - INFO: Training ROC-AUC: 0.839744
2026-01-30 12:34:31,604 - INFO: Validation ROC-AUC: 0.410400
2026-01-30 12:34:36,212 - INFO: Evaluating at iteration 35001
2026-01-30 12:34:36,959 - INFO: Loss: 0.349985
2026-01-30 12:34:36,959 - INFO: Training ROC-AUC: 0.782051
2026-01-30 12:34:36,959 - INFO: Validation ROC-AUC: 0.448850
2026-01-30 12:34:41,579 - INFO: Evaluating at iteration 35501
2026-01-30 12:34:42,328 - INFO: Loss: 0.286911
2026-01-30 12:34:42,328 - INFO: Training ROC-AUC: 0.871795
2026-01-30 12:34:42,328 - INFO: Validation ROC-AUC: 0.381459
2026-01-30 12:34:46,908 - INFO: Starting epoch 19
2026-01-30 12:34:46,918 - INFO: Evaluating at iteration 36001
2026-01-30 12:34:47,666 - INFO: Loss: 0.437193
2026-01-30 12:34:47,666 - INFO: Training ROC-AUC: 0.731429
2026-01-30 12:34:47,666 - INFO: Validation ROC-AUC: 0.409104
2026-01-30 12:34:52,273 - INFO: Evaluating at iteration 36501
2026-01-30 12:34:53,018 - INFO: Loss: 0.260633
2026-01-30 12:34:53,018 - INFO: Training ROC-AUC: 0.839286
2026-01-30 12:34:53,018 - INFO: Validation ROC-AUC: 0.424293
2026-01-30 12:34:57,609 - INFO: Evaluating at iteration 37001
2026-01-30 12:34:58,347 - INFO: Loss: 0.188121
2026-01-30 12:34:58,347 - INFO: Training ROC-AUC: 0.783333
2026-01-30 12:34:58,347 - INFO: Validation ROC-AUC: 0.394389
2026-01-30 12:35:02,961 - INFO: Evaluating at iteration 37501
2026-01-30 12:35:03,719 - INFO: Loss: 0.478889
2026-01-30 12:35:03,719 - INFO: Training ROC-AUC: 0.787440
2026-01-30 12:35:03,719 - INFO: Validation ROC-AUC: 0.399304
2026-01-30 12:35:08,315 - INFO: Starting epoch 20
2026-01-30 12:35:08,324 - INFO: Evaluating at iteration 38001
2026-01-30 12:35:09,057 - INFO: Loss: 0.423934
2026-01-30 12:35:09,057 - INFO: Training ROC-AUC: 0.909091
2026-01-30 12:35:09,057 - INFO: Validation ROC-AUC: 0.420567
2026-01-30 12:35:13,678 - INFO: Evaluating at iteration 38501
2026-01-30 12:35:14,414 - INFO: Loss: 0.298602
2026-01-30 12:35:14,414 - INFO: Training ROC-AUC: 0.844444
2026-01-30 12:35:14,414 - INFO: Validation ROC-AUC: 0.384895
2026-01-30 12:35:19,018 - INFO: Evaluating at iteration 39001
2026-01-30 12:35:19,761 - INFO: Loss: 0.270608
2026-01-30 12:35:19,761 - INFO: Training ROC-AUC: 0.839286
2026-01-30 12:35:19,761 - INFO: Validation ROC-AUC: 0.369675
2026-01-30 12:35:24,394 - INFO: Evaluating at iteration 39501
2026-01-30 12:35:25,145 - INFO: Loss: 0.226898
2026-01-30 12:35:25,145 - INFO: Training ROC-AUC: 0.683333
2026-01-30 12:35:25,146 - INFO: Validation ROC-AUC: 0.407674
2026-01-30 12:35:29,763 - INFO: Starting epoch 21
2026-01-30 12:35:29,773 - INFO: Evaluating at iteration 40001
2026-01-30 12:35:30,512 - INFO: Loss: 0.289350
2026-01-30 12:35:30,512 - INFO: Training ROC-AUC: 0.800000
2026-01-30 12:35:30,512 - INFO: Validation ROC-AUC: 0.390825
2026-01-30 12:35:35,142 - INFO: Evaluating at iteration 40501
2026-01-30 12:35:35,891 - INFO: Loss: 0.302740
2026-01-30 12:35:35,891 - INFO: Training ROC-AUC: 0.859259
2026-01-30 12:35:35,892 - INFO: Validation ROC-AUC: 0.388447
2026-01-30 12:35:40,511 - INFO: Evaluating at iteration 41001
2026-01-30 12:35:41,244 - INFO: Loss: 0.333388
2026-01-30 12:35:41,244 - INFO: Training ROC-AUC: 0.839744
2026-01-30 12:35:41,244 - INFO: Validation ROC-AUC: 0.400003
2026-01-30 12:35:45,884 - INFO: Evaluating at iteration 41501
2026-01-30 12:35:46,632 - INFO: Loss: 0.211671
2026-01-30 12:35:46,632 - INFO: Training ROC-AUC: 0.839080
2026-01-30 12:35:46,632 - INFO: Validation ROC-AUC: 0.384208
2026-01-30 12:35:51,245 - INFO: Starting epoch 22
2026-01-30 12:35:51,255 - INFO: Evaluating at iteration 42001
2026-01-30 12:35:52,001 - INFO: Loss: 0.291227
2026-01-30 12:35:52,001 - INFO: Training ROC-AUC: 0.812500
2026-01-30 12:35:52,001 - INFO: Validation ROC-AUC: 0.407895
2026-01-30 12:35:56,629 - INFO: Evaluating at iteration 42501
2026-01-30 12:35:57,363 - INFO: Loss: 0.423687
2026-01-30 12:35:57,363 - INFO: Training ROC-AUC: 0.711111
2026-01-30 12:35:57,363 - INFO: Validation ROC-AUC: 0.392117
2026-01-30 12:36:01,966 - INFO: Evaluating at iteration 43001
2026-01-30 12:36:02,714 - INFO: Loss: 0.369062
2026-01-30 12:36:02,714 - INFO: Training ROC-AUC: 0.505747
2026-01-30 12:36:02,714 - INFO: Validation ROC-AUC: 0.383219
2026-01-30 12:36:07,361 - INFO: Evaluating at iteration 43501
2026-01-30 12:36:08,123 - INFO: Loss: 0.332973
2026-01-30 12:36:08,123 - INFO: Training ROC-AUC: 0.839744
2026-01-30 12:36:08,123 - INFO: Validation ROC-AUC: 0.396049
2026-01-30 12:36:12,720 - INFO: Starting epoch 23
2026-01-30 12:36:12,730 - INFO: Evaluating at iteration 44001
2026-01-30 12:36:13,479 - INFO: Loss: 0.495140
2026-01-30 12:36:13,480 - INFO: Training ROC-AUC: 0.770833
2026-01-30 12:36:13,480 - INFO: Validation ROC-AUC: 0.377881
2026-01-30 12:36:18,105 - INFO: Evaluating at iteration 44501
2026-01-30 12:36:18,839 - INFO: Loss: 0.302866
2026-01-30 12:36:18,839 - INFO: Training ROC-AUC: 0.701149
2026-01-30 12:36:18,839 - INFO: Validation ROC-AUC: 0.379788
2026-01-30 12:36:23,449 - INFO: Evaluating at iteration 45001
2026-01-30 12:36:24,180 - INFO: Loss: 0.232910
2026-01-30 12:36:24,180 - INFO: Training ROC-AUC: 0.919643
2026-01-30 12:36:24,180 - INFO: Validation ROC-AUC: 0.396072
2026-01-30 12:36:28,822 - INFO: Evaluating at iteration 45501
2026-01-30 12:36:29,571 - INFO: Loss: 0.530299
2026-01-30 12:36:29,571 - INFO: Training ROC-AUC: 0.680000
2026-01-30 12:36:29,571 - INFO: Validation ROC-AUC: 0.396625
2026-01-30 12:36:34,180 - INFO: Starting epoch 24
2026-01-30 12:36:34,190 - INFO: Evaluating at iteration 46001
2026-01-30 12:36:34,936 - INFO: Loss: 0.420316
2026-01-30 12:36:34,936 - INFO: Training ROC-AUC: 0.897143
2026-01-30 12:36:34,936 - INFO: Validation ROC-AUC: 0.399167
2026-01-30 12:36:39,569 - INFO: Evaluating at iteration 46501
2026-01-30 12:36:40,318 - INFO: Loss: 0.491677
2026-01-30 12:36:40,319 - INFO: Training ROC-AUC: 0.782857
2026-01-30 12:36:40,319 - INFO: Validation ROC-AUC: 0.397458
2026-01-30 12:36:44,926 - INFO: Evaluating at iteration 47001
2026-01-30 12:36:45,683 - INFO: Loss: 0.254862
2026-01-30 12:36:45,683 - INFO: Training ROC-AUC: 0.848214
2026-01-30 12:36:45,683 - INFO: Validation ROC-AUC: 0.380321
2026-01-30 12:36:50,319 - INFO: Evaluating at iteration 47501
2026-01-30 12:36:51,066 - INFO: Loss: 0.345082
2026-01-30 12:36:51,066 - INFO: Training ROC-AUC: 0.839744
2026-01-30 12:36:51,066 - INFO: Validation ROC-AUC: 0.365814
2026-01-30 12:36:55,694 - INFO: Starting epoch 25
2026-01-30 12:36:55,704 - INFO: Evaluating at iteration 48001
2026-01-30 12:36:56,456 - INFO: Loss: 0.382432
2026-01-30 12:36:56,457 - INFO: Training ROC-AUC: 0.755556
2026-01-30 12:36:56,457 - INFO: Validation ROC-AUC: 0.397695
2026-01-30 12:37:01,104 - INFO: Evaluating at iteration 48501
2026-01-30 12:37:01,846 - INFO: Loss: 0.558375
2026-01-30 12:37:01,846 - INFO: Training ROC-AUC: 0.768116
2026-01-30 12:37:01,846 - INFO: Validation ROC-AUC: 0.391748
2026-01-30 12:37:06,503 - INFO: Evaluating at iteration 49001
2026-01-30 12:37:07,272 - INFO: Loss: 0.481440
2026-01-30 12:37:07,272 - INFO: Training ROC-AUC: 0.850242
2026-01-30 12:37:07,272 - INFO: Validation ROC-AUC: 0.366994
2026-01-30 12:37:11,929 - INFO: Evaluating at iteration 49501
2026-01-30 12:37:12,692 - INFO: Loss: 0.328922
2026-01-30 12:37:12,692 - INFO: Training ROC-AUC: 0.733333
2026-01-30 12:37:12,692 - INFO: Validation ROC-AUC: 0.389901
2026-01-30 12:37:17,314 - INFO: Saving model to models/NetTCR_peptide_split/model_1.pt
2026-01-30 12:37:17,334 - INFO: Starting fold 2
2026-01-30 12:37:17,336 - INFO: Initialising model
2026-01-30 12:37:17,345 - INFO: Starting training
2026-01-30 12:37:17,345 - INFO: Starting epoch 1
2026-01-30 12:37:17,359 - INFO: Evaluating at iteration 1
2026-01-30 12:37:18,009 - INFO: Loss: 0.673982
2026-01-30 12:37:18,009 - INFO: Training ROC-AUC: 0.281481
2026-01-30 12:37:18,009 - INFO: Validation ROC-AUC: 0.521401
2026-01-30 12:37:22,544 - INFO: Evaluating at iteration 501
2026-01-30 12:37:23,166 - INFO: Loss: 0.439387
2026-01-30 12:37:23,166 - INFO: Training ROC-AUC: 0.185185
2026-01-30 12:37:23,166 - INFO: Validation ROC-AUC: 0.374955
2026-01-30 12:37:27,616 - INFO: Evaluating at iteration 1001
2026-01-30 12:37:28,199 - INFO: Loss: 0.466179
2026-01-30 12:37:28,199 - INFO: Training ROC-AUC: 0.391026
2026-01-30 12:37:28,199 - INFO: Validation ROC-AUC: 0.426265
2026-01-30 12:37:32,676 - INFO: Evaluating at iteration 1501
2026-01-30 12:37:33,280 - INFO: Loss: 0.467380
2026-01-30 12:37:33,280 - INFO: Training ROC-AUC: 0.692308
2026-01-30 12:37:33,280 - INFO: Validation ROC-AUC: 0.483681
2026-01-30 12:37:37,756 - INFO: Evaluating at iteration 2001
2026-01-30 12:37:38,336 - INFO: Loss: 0.243912
2026-01-30 12:37:38,336 - INFO: Training ROC-AUC: 0.733333
2026-01-30 12:37:38,336 - INFO: Validation ROC-AUC: 0.511045
2026-01-30 12:37:39,717 - INFO: Starting epoch 2
2026-01-30 12:37:39,727 - INFO: Evaluating at iteration 2154
2026-01-30 12:37:40,326 - INFO: Loss: 0.302317
2026-01-30 12:37:40,327 - INFO: Training ROC-AUC: 0.866667
2026-01-30 12:37:40,327 - INFO: Validation ROC-AUC: 0.529515
2026-01-30 12:37:44,840 - INFO: Evaluating at iteration 2654
2026-01-30 12:37:45,417 - INFO: Loss: 0.489011
2026-01-30 12:37:45,417 - INFO: Training ROC-AUC: 0.554286
2026-01-30 12:37:45,417 - INFO: Validation ROC-AUC: 0.538782
2026-01-30 12:37:49,930 - INFO: Evaluating at iteration 3154
2026-01-30 12:37:50,534 - INFO: Loss: 0.424710
2026-01-30 12:37:50,534 - INFO: Training ROC-AUC: 0.608974
2026-01-30 12:37:50,534 - INFO: Validation ROC-AUC: 0.538971
2026-01-30 12:37:55,061 - INFO: Evaluating at iteration 3654
2026-01-30 12:37:55,638 - INFO: Loss: 0.384676
2026-01-30 12:37:55,638 - INFO: Training ROC-AUC: 0.491071
2026-01-30 12:37:55,638 - INFO: Validation ROC-AUC: 0.547087
2026-01-30 12:38:00,167 - INFO: Evaluating at iteration 4154
2026-01-30 12:38:00,774 - INFO: Loss: 0.316281
2026-01-30 12:38:00,774 - INFO: Training ROC-AUC: 0.776786
2026-01-30 12:38:00,774 - INFO: Validation ROC-AUC: 0.542914
2026-01-30 12:38:02,188 - INFO: Starting epoch 3
2026-01-30 12:38:02,199 - INFO: Evaluating at iteration 4307
2026-01-30 12:38:02,784 - INFO: Loss: 0.497481
2026-01-30 12:38:02,784 - INFO: Training ROC-AUC: 0.442308
2026-01-30 12:38:02,784 - INFO: Validation ROC-AUC: 0.539967
2026-01-30 12:38:07,364 - INFO: Evaluating at iteration 4807
2026-01-30 12:38:07,945 - INFO: Loss: 0.649286
2026-01-30 12:38:07,945 - INFO: Training ROC-AUC: 0.649758
2026-01-30 12:38:07,945 - INFO: Validation ROC-AUC: 0.560806
2026-01-30 12:38:12,511 - INFO: Evaluating at iteration 5307
2026-01-30 12:38:13,077 - INFO: Loss: 0.210048
2026-01-30 12:38:13,077 - INFO: Training ROC-AUC: 0.841667
2026-01-30 12:38:13,077 - INFO: Validation ROC-AUC: 0.553379
2026-01-30 12:38:17,672 - INFO: Evaluating at iteration 5807
2026-01-30 12:38:18,259 - INFO: Loss: 0.368062
2026-01-30 12:38:18,259 - INFO: Training ROC-AUC: 0.614815
2026-01-30 12:38:18,259 - INFO: Validation ROC-AUC: 0.556268
2026-01-30 12:38:22,838 - INFO: Evaluating at iteration 6307
2026-01-30 12:38:23,409 - INFO: Loss: 0.204139
2026-01-30 12:38:23,409 - INFO: Training ROC-AUC: 0.919540
2026-01-30 12:38:23,409 - INFO: Validation ROC-AUC: 0.562224
2026-01-30 12:38:24,831 - INFO: Starting epoch 4
2026-01-30 12:38:24,841 - INFO: Evaluating at iteration 6460
2026-01-30 12:38:25,430 - INFO: Loss: 0.262719
2026-01-30 12:38:25,430 - INFO: Training ROC-AUC: 0.800000
2026-01-30 12:38:25,430 - INFO: Validation ROC-AUC: 0.561332
2026-01-30 12:38:30,025 - INFO: Evaluating at iteration 6960
2026-01-30 12:38:30,595 - INFO: Loss: 0.533253
2026-01-30 12:38:30,596 - INFO: Training ROC-AUC: 0.682857
2026-01-30 12:38:30,596 - INFO: Validation ROC-AUC: 0.561765
2026-01-30 12:38:35,179 - INFO: Evaluating at iteration 7460
2026-01-30 12:38:35,773 - INFO: Loss: 0.409868
2026-01-30 12:38:35,773 - INFO: Training ROC-AUC: 0.666667
2026-01-30 12:38:35,773 - INFO: Validation ROC-AUC: 0.556449
2026-01-30 12:38:40,372 - INFO: Evaluating at iteration 7960
2026-01-30 12:38:40,946 - INFO: Loss: 0.339802
2026-01-30 12:38:40,946 - INFO: Training ROC-AUC: 0.709821
2026-01-30 12:38:40,946 - INFO: Validation ROC-AUC: 0.538342
2026-01-30 12:38:45,533 - INFO: Evaluating at iteration 8460
2026-01-30 12:38:46,126 - INFO: Loss: 0.453692
2026-01-30 12:38:46,126 - INFO: Training ROC-AUC: 0.748571
2026-01-30 12:38:46,126 - INFO: Validation ROC-AUC: 0.545255
2026-01-30 12:38:47,547 - INFO: Starting epoch 5
2026-01-30 12:38:47,557 - INFO: Evaluating at iteration 8613
2026-01-30 12:38:48,132 - INFO: Loss: 0.542564
2026-01-30 12:38:48,132 - INFO: Training ROC-AUC: 0.618182
2026-01-30 12:38:48,132 - INFO: Validation ROC-AUC: 0.541083
2026-01-30 12:38:52,780 - INFO: Evaluating at iteration 9113
2026-01-30 12:38:53,373 - INFO: Loss: 0.245268
2026-01-30 12:38:53,373 - INFO: Training ROC-AUC: 0.827586
2026-01-30 12:38:53,373 - INFO: Validation ROC-AUC: 0.549246
2026-01-30 12:38:57,959 - INFO: Evaluating at iteration 9613
2026-01-30 12:38:58,537 - INFO: Loss: 0.346908
2026-01-30 12:38:58,537 - INFO: Training ROC-AUC: 0.803571
2026-01-30 12:38:58,537 - INFO: Validation ROC-AUC: 0.547925
2026-01-30 12:39:03,157 - INFO: Evaluating at iteration 10113
2026-01-30 12:39:03,736 - INFO: Loss: 0.401579
2026-01-30 12:39:03,736 - INFO: Training ROC-AUC: 0.770370
2026-01-30 12:39:03,736 - INFO: Validation ROC-AUC: 0.570452
2026-01-30 12:39:08,333 - INFO: Evaluating at iteration 10613
2026-01-30 12:39:08,901 - INFO: Loss: 0.320601
2026-01-30 12:39:08,901 - INFO: Training ROC-AUC: 0.866071
2026-01-30 12:39:08,901 - INFO: Validation ROC-AUC: 0.569629
2026-01-30 12:39:10,330 - INFO: Starting epoch 6
2026-01-30 12:39:10,340 - INFO: Evaluating at iteration 10766
2026-01-30 12:39:10,901 - INFO: Loss: 0.403748
2026-01-30 12:39:10,901 - INFO: Training ROC-AUC: 0.826923
2026-01-30 12:39:10,901 - INFO: Validation ROC-AUC: 0.564715
2026-01-30 12:39:15,520 - INFO: Evaluating at iteration 11266
2026-01-30 12:39:16,085 - INFO: Loss: 0.313862
2026-01-30 12:39:16,085 - INFO: Training ROC-AUC: 0.903846
2026-01-30 12:39:16,085 - INFO: Validation ROC-AUC: 0.579026
2026-01-30 12:39:20,688 - INFO: Evaluating at iteration 11766
2026-01-30 12:39:21,252 - INFO: Loss: 0.226423
2026-01-30 12:39:21,252 - INFO: Training ROC-AUC: 0.800000
2026-01-30 12:39:21,252 - INFO: Validation ROC-AUC: 0.589405
2026-01-30 12:39:25,885 - INFO: Evaluating at iteration 12266
2026-01-30 12:39:26,468 - INFO: Loss: 0.573173
2026-01-30 12:39:26,468 - INFO: Training ROC-AUC: 0.666667
2026-01-30 12:39:26,468 - INFO: Validation ROC-AUC: 0.554381
2026-01-30 12:39:31,073 - INFO: Evaluating at iteration 12766
2026-01-30 12:39:31,648 - INFO: Loss: 0.310528
2026-01-30 12:39:31,648 - INFO: Training ROC-AUC: 0.918519
2026-01-30 12:39:31,648 - INFO: Validation ROC-AUC: 0.590424
2026-01-30 12:39:33,063 - INFO: Starting epoch 7
2026-01-30 12:39:33,073 - INFO: Evaluating at iteration 12919
2026-01-30 12:39:33,652 - INFO: Loss: 0.336480
2026-01-30 12:39:33,652 - INFO: Training ROC-AUC: 0.714286
2026-01-30 12:39:33,652 - INFO: Validation ROC-AUC: 0.595729
2026-01-30 12:39:38,273 - INFO: Evaluating at iteration 13419
2026-01-30 12:39:38,836 - INFO: Loss: 0.260636
2026-01-30 12:39:38,836 - INFO: Training ROC-AUC: 0.583333
2026-01-30 12:39:38,836 - INFO: Validation ROC-AUC: 0.590585
2026-01-30 12:39:43,437 - INFO: Evaluating at iteration 13919
2026-01-30 12:39:44,005 - INFO: Loss: 0.493736
2026-01-30 12:39:44,005 - INFO: Training ROC-AUC: 0.818841
2026-01-30 12:39:44,005 - INFO: Validation ROC-AUC: 0.593591
2026-01-30 12:39:48,630 - INFO: Evaluating at iteration 14419
2026-01-30 12:39:49,192 - INFO: Loss: 0.380059
2026-01-30 12:39:49,192 - INFO: Training ROC-AUC: 0.642857
2026-01-30 12:39:49,192 - INFO: Validation ROC-AUC: 0.583451
2026-01-30 12:39:53,807 - INFO: Evaluating at iteration 14919
2026-01-30 12:39:54,373 - INFO: Loss: 0.261499
2026-01-30 12:39:54,374 - INFO: Training ROC-AUC: 0.781609
2026-01-30 12:39:54,374 - INFO: Validation ROC-AUC: 0.599331
2026-01-30 12:39:55,794 - INFO: Starting epoch 8
2026-01-30 12:39:55,804 - INFO: Evaluating at iteration 15072
2026-01-30 12:39:56,370 - INFO: Loss: 0.400563
2026-01-30 12:39:56,370 - INFO: Training ROC-AUC: 0.698718
2026-01-30 12:39:56,370 - INFO: Validation ROC-AUC: 0.595627
2026-01-30 12:40:00,997 - INFO: Evaluating at iteration 15572
2026-01-30 12:40:01,562 - INFO: Loss: 0.586186
2026-01-30 12:40:01,562 - INFO: Training ROC-AUC: 0.709091
2026-01-30 12:40:01,562 - INFO: Validation ROC-AUC: 0.594567
2026-01-30 12:40:06,186 - INFO: Evaluating at iteration 16072
2026-01-30 12:40:06,743 - INFO: Loss: 0.290617
2026-01-30 12:40:06,744 - INFO: Training ROC-AUC: 0.770115
2026-01-30 12:40:06,744 - INFO: Validation ROC-AUC: 0.591872
2026-01-30 12:40:11,395 - INFO: Evaluating at iteration 16572
2026-01-30 12:40:11,951 - INFO: Loss: 0.394533
2026-01-30 12:40:11,952 - INFO: Training ROC-AUC: 0.782051
2026-01-30 12:40:11,952 - INFO: Validation ROC-AUC: 0.591576
2026-01-30 12:40:16,597 - INFO: Evaluating at iteration 17072
2026-01-30 12:40:17,155 - INFO: Loss: 0.200907
2026-01-30 12:40:17,155 - INFO: Training ROC-AUC: 0.900000
2026-01-30 12:40:17,155 - INFO: Validation ROC-AUC: 0.599816
2026-01-30 12:40:18,592 - INFO: Starting epoch 9
2026-01-30 12:40:18,602 - INFO: Evaluating at iteration 17225
2026-01-30 12:40:19,177 - INFO: Loss: 0.605711
2026-01-30 12:40:19,177 - INFO: Training ROC-AUC: 0.870833
2026-01-30 12:40:19,177 - INFO: Validation ROC-AUC: 0.597940
2026-01-30 12:40:23,836 - INFO: Evaluating at iteration 17725
2026-01-30 12:40:24,412 - INFO: Loss: 0.259017
2026-01-30 12:40:24,412 - INFO: Training ROC-AUC: 0.822222
2026-01-30 12:40:24,412 - INFO: Validation ROC-AUC: 0.601135
2026-01-30 12:40:29,059 - INFO: Evaluating at iteration 18225
2026-01-30 12:40:29,634 - INFO: Loss: 0.388732
2026-01-30 12:40:29,635 - INFO: Training ROC-AUC: 0.913043
2026-01-30 12:40:29,635 - INFO: Validation ROC-AUC: 0.593092
2026-01-30 12:40:34,297 - INFO: Evaluating at iteration 18725
2026-01-30 12:40:34,873 - INFO: Loss: 0.363620
2026-01-30 12:40:34,874 - INFO: Training ROC-AUC: 0.660714
2026-01-30 12:40:34,874 - INFO: Validation ROC-AUC: 0.587125
2026-01-30 12:40:39,528 - INFO: Evaluating at iteration 19225
2026-01-30 12:40:40,084 - INFO: Loss: 0.419484
2026-01-30 12:40:40,084 - INFO: Training ROC-AUC: 0.734300
2026-01-30 12:40:40,084 - INFO: Validation ROC-AUC: 0.597294
2026-01-30 12:40:41,510 - INFO: Starting epoch 10
2026-01-30 12:40:41,521 - INFO: Evaluating at iteration 19378
2026-01-30 12:40:42,078 - INFO: Loss: 0.252890
2026-01-30 12:40:42,079 - INFO: Training ROC-AUC: 0.919643
2026-01-30 12:40:42,079 - INFO: Validation ROC-AUC: 0.591411
2026-01-30 12:40:46,732 - INFO: Evaluating at iteration 19878
2026-01-30 12:40:47,287 - INFO: Loss: 0.393392
2026-01-30 12:40:47,287 - INFO: Training ROC-AUC: 0.765625
2026-01-30 12:40:47,287 - INFO: Validation ROC-AUC: 0.604882
2026-01-30 12:40:51,944 - INFO: Evaluating at iteration 20378
2026-01-30 12:40:52,500 - INFO: Loss: 0.291393
2026-01-30 12:40:52,500 - INFO: Training ROC-AUC: 0.643678
2026-01-30 12:40:52,500 - INFO: Validation ROC-AUC: 0.590821
2026-01-30 12:40:57,169 - INFO: Evaluating at iteration 20878
2026-01-30 12:40:57,723 - INFO: Loss: 0.649617
2026-01-30 12:40:57,723 - INFO: Training ROC-AUC: 0.663636
2026-01-30 12:40:57,723 - INFO: Validation ROC-AUC: 0.595910
2026-01-30 12:41:02,371 - INFO: Evaluating at iteration 21378
2026-01-30 12:41:02,918 - INFO: Loss: 0.217190
2026-01-30 12:41:02,918 - INFO: Training ROC-AUC: 0.800000
2026-01-30 12:41:02,918 - INFO: Validation ROC-AUC: 0.592484
2026-01-30 12:41:04,355 - INFO: Starting epoch 11
2026-01-30 12:41:04,366 - INFO: Evaluating at iteration 21531
2026-01-30 12:41:04,915 - INFO: Loss: 0.267709
2026-01-30 12:41:04,915 - INFO: Training ROC-AUC: 0.925926
2026-01-30 12:41:04,915 - INFO: Validation ROC-AUC: 0.592707
2026-01-30 12:41:09,593 - INFO: Evaluating at iteration 22031
2026-01-30 12:41:10,138 - INFO: Loss: 0.305190
2026-01-30 12:41:10,138 - INFO: Training ROC-AUC: 0.942308
2026-01-30 12:41:10,138 - INFO: Validation ROC-AUC: 0.595802
2026-01-30 12:41:14,791 - INFO: Evaluating at iteration 22531
2026-01-30 12:41:15,350 - INFO: Loss: 0.281455
2026-01-30 12:41:15,350 - INFO: Training ROC-AUC: 0.914815
2026-01-30 12:41:15,350 - INFO: Validation ROC-AUC: 0.594047
2026-01-30 12:41:20,024 - INFO: Evaluating at iteration 23031
2026-01-30 12:41:20,589 - INFO: Loss: 0.581810
2026-01-30 12:41:20,589 - INFO: Training ROC-AUC: 0.695312
2026-01-30 12:41:20,589 - INFO: Validation ROC-AUC: 0.605768
2026-01-30 12:41:25,247 - INFO: Evaluating at iteration 23531
2026-01-30 12:41:25,804 - INFO: Loss: 0.393648
2026-01-30 12:41:25,804 - INFO: Training ROC-AUC: 0.836364
2026-01-30 12:41:25,804 - INFO: Validation ROC-AUC: 0.605955
2026-01-30 12:41:27,242 - INFO: Starting epoch 12
2026-01-30 12:41:27,252 - INFO: Evaluating at iteration 23684
2026-01-30 12:41:27,812 - INFO: Loss: 0.315940
2026-01-30 12:41:27,861 - INFO: Training ROC-AUC: 0.891026
2026-01-30 12:41:27,861 - INFO: Validation ROC-AUC: 0.601851
2026-01-30 12:41:32,553 - INFO: Evaluating at iteration 24184
2026-01-30 12:41:33,100 - INFO: Loss: 0.506293
2026-01-30 12:41:33,100 - INFO: Training ROC-AUC: 0.734375
2026-01-30 12:41:33,100 - INFO: Validation ROC-AUC: 0.605987
2026-01-30 12:41:37,747 - INFO: Evaluating at iteration 24684
2026-01-30 12:41:38,316 - INFO: Loss: 0.526725
2026-01-30 12:41:38,316 - INFO: Training ROC-AUC: 0.782609
2026-01-30 12:41:38,316 - INFO: Validation ROC-AUC: 0.613293
2026-01-30 12:41:42,982 - INFO: Evaluating at iteration 25184
2026-01-30 12:41:43,533 - INFO: Loss: 0.260961
2026-01-30 12:41:43,533 - INFO: Training ROC-AUC: 0.758621
2026-01-30 12:41:43,533 - INFO: Validation ROC-AUC: 0.610762
2026-01-30 12:41:48,188 - INFO: Evaluating at iteration 25684
2026-01-30 12:41:48,757 - INFO: Loss: 0.288895
2026-01-30 12:41:48,757 - INFO: Training ROC-AUC: 0.865385
2026-01-30 12:41:48,758 - INFO: Validation ROC-AUC: 0.609985
2026-01-30 12:41:50,182 - INFO: Starting epoch 13
2026-01-30 12:41:50,193 - INFO: Evaluating at iteration 25837
2026-01-30 12:41:50,743 - INFO: Loss: 0.386108
2026-01-30 12:41:50,744 - INFO: Training ROC-AUC: 0.794872
2026-01-30 12:41:50,744 - INFO: Validation ROC-AUC: 0.609436
2026-01-30 12:41:55,422 - INFO: Evaluating at iteration 26337
2026-01-30 12:41:55,972 - INFO: Loss: 0.257288
2026-01-30 12:41:55,972 - INFO: Training ROC-AUC: 0.747126
2026-01-30 12:41:55,972 - INFO: Validation ROC-AUC: 0.609918
2026-01-30 12:42:00,629 - INFO: Evaluating at iteration 26837
2026-01-30 12:42:01,192 - INFO: Loss: 0.365286
2026-01-30 12:42:01,192 - INFO: Training ROC-AUC: 0.858974
2026-01-30 12:42:01,192 - INFO: Validation ROC-AUC: 0.610659
2026-01-30 12:42:05,867 - INFO: Evaluating at iteration 27337
2026-01-30 12:42:06,422 - INFO: Loss: 0.288308
2026-01-30 12:42:06,422 - INFO: Training ROC-AUC: 0.897436
2026-01-30 12:42:06,422 - INFO: Validation ROC-AUC: 0.604103
2026-01-30 12:42:11,072 - INFO: Evaluating at iteration 27837
2026-01-30 12:42:11,634 - INFO: Loss: 0.437644
2026-01-30 12:42:11,634 - INFO: Training ROC-AUC: 0.805714
2026-01-30 12:42:11,634 - INFO: Validation ROC-AUC: 0.603428
2026-01-30 12:42:13,063 - INFO: Starting epoch 14
2026-01-30 12:42:13,073 - INFO: Evaluating at iteration 27990
2026-01-30 12:42:13,627 - INFO: Loss: 0.239462
2026-01-30 12:42:13,628 - INFO: Training ROC-AUC: 0.985185
2026-01-30 12:42:13,628 - INFO: Validation ROC-AUC: 0.611870
2026-01-30 12:42:18,315 - INFO: Evaluating at iteration 28490
2026-01-30 12:42:18,863 - INFO: Loss: 0.395598
2026-01-30 12:42:18,863 - INFO: Training ROC-AUC: 0.755556
2026-01-30 12:42:18,863 - INFO: Validation ROC-AUC: 0.612855
2026-01-30 12:42:23,526 - INFO: Evaluating at iteration 28990
2026-01-30 12:42:24,070 - INFO: Loss: 0.342062
2026-01-30 12:42:24,070 - INFO: Training ROC-AUC: 0.792593
2026-01-30 12:42:24,070 - INFO: Validation ROC-AUC: 0.613492
2026-01-30 12:42:28,744 - INFO: Evaluating at iteration 29490
2026-01-30 12:42:29,290 - INFO: Loss: 0.201403
2026-01-30 12:42:29,290 - INFO: Training ROC-AUC: 0.964286
2026-01-30 12:42:29,290 - INFO: Validation ROC-AUC: 0.601845
2026-01-30 12:42:33,951 - INFO: Evaluating at iteration 29990
2026-01-30 12:42:34,521 - INFO: Loss: 0.355152
2026-01-30 12:42:34,521 - INFO: Training ROC-AUC: 0.897143
2026-01-30 12:42:34,521 - INFO: Validation ROC-AUC: 0.602394
2026-01-30 12:42:35,961 - INFO: Starting epoch 15
2026-01-30 12:42:35,971 - INFO: Evaluating at iteration 30143
2026-01-30 12:42:36,526 - INFO: Loss: 0.239496
2026-01-30 12:42:36,527 - INFO: Training ROC-AUC: 0.883929
2026-01-30 12:42:36,527 - INFO: Validation ROC-AUC: 0.602558
2026-01-30 12:42:41,204 - INFO: Evaluating at iteration 30643
2026-01-30 12:42:41,767 - INFO: Loss: 0.328336
2026-01-30 12:42:41,767 - INFO: Training ROC-AUC: 0.837037
2026-01-30 12:42:41,767 - INFO: Validation ROC-AUC: 0.607897
2026-01-30 12:42:46,428 - INFO: Evaluating at iteration 31143
2026-01-30 12:42:46,984 - INFO: Loss: 0.377553
2026-01-30 12:42:46,984 - INFO: Training ROC-AUC: 0.482759
2026-01-30 12:42:46,984 - INFO: Validation ROC-AUC: 0.602758
2026-01-30 12:42:51,667 - INFO: Evaluating at iteration 31643
2026-01-30 12:42:52,217 - INFO: Loss: 0.226284
2026-01-30 12:42:52,218 - INFO: Training ROC-AUC: 0.783333
2026-01-30 12:42:52,218 - INFO: Validation ROC-AUC: 0.611707
2026-01-30 12:42:56,876 - INFO: Evaluating at iteration 32143
2026-01-30 12:42:57,439 - INFO: Loss: 0.536985
2026-01-30 12:42:57,439 - INFO: Training ROC-AUC: 0.818182
2026-01-30 12:42:57,439 - INFO: Validation ROC-AUC: 0.612749
2026-01-30 12:42:58,874 - INFO: Starting epoch 16
2026-01-30 12:42:58,884 - INFO: Evaluating at iteration 32296
2026-01-30 12:42:59,432 - INFO: Loss: 0.255815
2026-01-30 12:42:59,432 - INFO: Training ROC-AUC: 0.816092
2026-01-30 12:42:59,432 - INFO: Validation ROC-AUC: 0.613607
2026-01-30 12:43:04,111 - INFO: Evaluating at iteration 32796
2026-01-30 12:43:04,674 - INFO: Loss: 0.196991
2026-01-30 12:43:04,675 - INFO: Training ROC-AUC: 0.883333
2026-01-30 12:43:04,675 - INFO: Validation ROC-AUC: 0.614102
2026-01-30 12:43:09,331 - INFO: Evaluating at iteration 33296
2026-01-30 12:43:09,878 - INFO: Loss: 0.455707
2026-01-30 12:43:09,878 - INFO: Training ROC-AUC: 0.830918
2026-01-30 12:43:09,878 - INFO: Validation ROC-AUC: 0.613444
2026-01-30 12:43:14,576 - INFO: Evaluating at iteration 33796
2026-01-30 12:43:15,141 - INFO: Loss: 0.353125
2026-01-30 12:43:15,141 - INFO: Training ROC-AUC: 0.895833
2026-01-30 12:43:15,141 - INFO: Validation ROC-AUC: 0.622364
2026-01-30 12:43:19,805 - INFO: Evaluating at iteration 34296
2026-01-30 12:43:20,360 - INFO: Loss: 0.379429
2026-01-30 12:43:20,360 - INFO: Training ROC-AUC: 0.857143
2026-01-30 12:43:20,360 - INFO: Validation ROC-AUC: 0.615798
2026-01-30 12:43:21,796 - INFO: Starting epoch 17
2026-01-30 12:43:21,806 - INFO: Evaluating at iteration 34449
2026-01-30 12:43:22,354 - INFO: Loss: 0.435328
2026-01-30 12:43:22,354 - INFO: Training ROC-AUC: 0.842995
2026-01-30 12:43:22,354 - INFO: Validation ROC-AUC: 0.612662
2026-01-30 12:43:27,027 - INFO: Evaluating at iteration 34949
2026-01-30 12:43:27,586 - INFO: Loss: 0.266244
2026-01-30 12:43:27,586 - INFO: Training ROC-AUC: 0.961538
2026-01-30 12:43:27,586 - INFO: Validation ROC-AUC: 0.608253
2026-01-30 12:43:32,244 - INFO: Evaluating at iteration 35449
2026-01-30 12:43:32,805 - INFO: Loss: 0.243628
2026-01-30 12:43:32,805 - INFO: Training ROC-AUC: 0.816667
2026-01-30 12:43:32,805 - INFO: Validation ROC-AUC: 0.616192
2026-01-30 12:43:37,480 - INFO: Evaluating at iteration 35949
2026-01-30 12:43:38,026 - INFO: Loss: 0.297649
2026-01-30 12:43:38,026 - INFO: Training ROC-AUC: 0.851852
2026-01-30 12:43:38,026 - INFO: Validation ROC-AUC: 0.607394
2026-01-30 12:43:42,679 - INFO: Evaluating at iteration 36449
2026-01-30 12:43:43,223 - INFO: Loss: 0.284352
2026-01-30 12:43:43,223 - INFO: Training ROC-AUC: 0.918519
2026-01-30 12:43:43,223 - INFO: Validation ROC-AUC: 0.591805
2026-01-30 12:43:44,669 - INFO: Starting epoch 18
2026-01-30 12:43:44,679 - INFO: Evaluating at iteration 36602
2026-01-30 12:43:45,219 - INFO: Loss: 0.400595
2026-01-30 12:43:45,219 - INFO: Training ROC-AUC: 0.848958
2026-01-30 12:43:45,219 - INFO: Validation ROC-AUC: 0.604879
2026-01-30 12:43:49,883 - INFO: Evaluating at iteration 37102
2026-01-30 12:43:50,435 - INFO: Loss: 0.231453
2026-01-30 12:43:50,435 - INFO: Training ROC-AUC: 0.948148
2026-01-30 12:43:50,435 - INFO: Validation ROC-AUC: 0.607329
2026-01-30 12:43:55,078 - INFO: Evaluating at iteration 37602
2026-01-30 12:43:55,630 - INFO: Loss: 0.339256
2026-01-30 12:43:55,630 - INFO: Training ROC-AUC: 0.932367
2026-01-30 12:43:55,630 - INFO: Validation ROC-AUC: 0.604210
2026-01-30 12:44:00,298 - INFO: Evaluating at iteration 38102
2026-01-30 12:44:00,847 - INFO: Loss: 0.442138
2026-01-30 12:44:00,847 - INFO: Training ROC-AUC: 0.717949
2026-01-30 12:44:00,847 - INFO: Validation ROC-AUC: 0.603794
2026-01-30 12:44:05,495 - INFO: Evaluating at iteration 38602
2026-01-30 12:44:06,046 - INFO: Loss: 0.272552
2026-01-30 12:44:06,047 - INFO: Training ROC-AUC: 0.933333
2026-01-30 12:44:06,047 - INFO: Validation ROC-AUC: 0.612150
2026-01-30 12:44:07,477 - INFO: Starting epoch 19
2026-01-30 12:44:07,487 - INFO: Evaluating at iteration 38755
2026-01-30 12:44:08,032 - INFO: Loss: 0.366955
2026-01-30 12:44:08,033 - INFO: Training ROC-AUC: 0.884058
2026-01-30 12:44:08,033 - INFO: Validation ROC-AUC: 0.604946
2026-01-30 12:44:12,707 - INFO: Evaluating at iteration 39255
2026-01-30 12:44:13,271 - INFO: Loss: 0.261940
2026-01-30 12:44:13,271 - INFO: Training ROC-AUC: 0.896296
2026-01-30 12:44:13,271 - INFO: Validation ROC-AUC: 0.606373
2026-01-30 12:44:17,928 - INFO: Evaluating at iteration 39755
2026-01-30 12:44:18,476 - INFO: Loss: 0.333811
2026-01-30 12:44:18,476 - INFO: Training ROC-AUC: 0.878205
2026-01-30 12:44:18,476 - INFO: Validation ROC-AUC: 0.611397
2026-01-30 12:44:23,132 - INFO: Evaluating at iteration 40255
2026-01-30 12:44:23,696 - INFO: Loss: 0.393167
2026-01-30 12:44:23,696 - INFO: Training ROC-AUC: 0.788462
2026-01-30 12:44:23,696 - INFO: Validation ROC-AUC: 0.606126
2026-01-30 12:44:28,346 - INFO: Evaluating at iteration 40755
2026-01-30 12:44:28,884 - INFO: Loss: 0.272317
2026-01-30 12:44:28,884 - INFO: Training ROC-AUC: 0.940741
2026-01-30 12:44:28,884 - INFO: Validation ROC-AUC: 0.619186
2026-01-30 12:44:30,312 - INFO: Starting epoch 20
2026-01-30 12:44:30,322 - INFO: Evaluating at iteration 40908
2026-01-30 12:44:30,867 - INFO: Loss: 0.411868
2026-01-30 12:44:30,867 - INFO: Training ROC-AUC: 0.890625
2026-01-30 12:44:30,867 - INFO: Validation ROC-AUC: 0.611240
2026-01-30 12:44:35,546 - INFO: Evaluating at iteration 41408
2026-01-30 12:44:36,100 - INFO: Loss: 0.433540
2026-01-30 12:44:36,100 - INFO: Training ROC-AUC: 0.644444
2026-01-30 12:44:36,100 - INFO: Validation ROC-AUC: 0.613188
2026-01-30 12:44:40,744 - INFO: Evaluating at iteration 41908
2026-01-30 12:44:41,292 - INFO: Loss: 0.267972
2026-01-30 12:44:41,292 - INFO: Training ROC-AUC: 0.971429
2026-01-30 12:44:41,292 - INFO: Validation ROC-AUC: 0.624622
2026-01-30 12:44:45,944 - INFO: Evaluating at iteration 42408
2026-01-30 12:44:46,496 - INFO: Loss: 0.510029
2026-01-30 12:44:46,496 - INFO: Training ROC-AUC: 0.754286
2026-01-30 12:44:46,496 - INFO: Validation ROC-AUC: 0.612934
2026-01-30 12:44:51,127 - INFO: Evaluating at iteration 42908
2026-01-30 12:44:51,677 - INFO: Loss: 0.234686
2026-01-30 12:44:51,677 - INFO: Training ROC-AUC: 0.910714
2026-01-30 12:44:51,677 - INFO: Validation ROC-AUC: 0.609304
2026-01-30 12:44:53,098 - INFO: Starting epoch 21
2026-01-30 12:44:53,108 - INFO: Evaluating at iteration 43061
2026-01-30 12:44:53,656 - INFO: Loss: 0.520161
2026-01-30 12:44:53,656 - INFO: Training ROC-AUC: 0.554487
2026-01-30 12:44:53,656 - INFO: Validation ROC-AUC: 0.609048
2026-01-30 12:44:58,315 - INFO: Evaluating at iteration 43561
2026-01-30 12:44:58,857 - INFO: Loss: 0.311718
2026-01-30 12:44:58,857 - INFO: Training ROC-AUC: 0.830357
2026-01-30 12:44:58,857 - INFO: Validation ROC-AUC: 0.616307
2026-01-30 12:45:03,508 - INFO: Evaluating at iteration 44061
2026-01-30 12:45:04,044 - INFO: Loss: 0.326850
2026-01-30 12:45:04,045 - INFO: Training ROC-AUC: 0.884615
2026-01-30 12:45:04,045 - INFO: Validation ROC-AUC: 0.608938
2026-01-30 12:45:08,719 - INFO: Evaluating at iteration 44561
2026-01-30 12:45:09,261 - INFO: Loss: 0.347277
2026-01-30 12:45:09,261 - INFO: Training ROC-AUC: 0.785185
2026-01-30 12:45:09,261 - INFO: Validation ROC-AUC: 0.603826
2026-01-30 12:45:13,906 - INFO: Evaluating at iteration 45061
2026-01-30 12:45:14,450 - INFO: Loss: 0.261963
2026-01-30 12:45:14,450 - INFO: Training ROC-AUC: 0.888889
2026-01-30 12:45:14,450 - INFO: Validation ROC-AUC: 0.606171
2026-01-30 12:45:15,881 - INFO: Starting epoch 22
2026-01-30 12:45:15,891 - INFO: Evaluating at iteration 45214
2026-01-30 12:45:16,435 - INFO: Loss: 0.267282
2026-01-30 12:45:16,435 - INFO: Training ROC-AUC: 0.888393
2026-01-30 12:45:16,435 - INFO: Validation ROC-AUC: 0.607300
2026-01-30 12:45:21,093 - INFO: Evaluating at iteration 45714
2026-01-30 12:45:21,650 - INFO: Loss: 0.337773
2026-01-30 12:45:21,650 - INFO: Training ROC-AUC: 0.714286
2026-01-30 12:45:21,650 - INFO: Validation ROC-AUC: 0.604760
2026-01-30 12:45:26,278 - INFO: Evaluating at iteration 46214
2026-01-30 12:45:26,824 - INFO: Loss: 0.248760
2026-01-30 12:45:26,825 - INFO: Training ROC-AUC: 0.901786
2026-01-30 12:45:26,825 - INFO: Validation ROC-AUC: 0.600350
2026-01-30 12:45:31,476 - INFO: Evaluating at iteration 46714
2026-01-30 12:45:32,024 - INFO: Loss: 0.152530
2026-01-30 12:45:32,024 - INFO: Training ROC-AUC: 0.950000
2026-01-30 12:45:32,024 - INFO: Validation ROC-AUC: 0.604314
2026-01-30 12:45:36,668 - INFO: Evaluating at iteration 47214
2026-01-30 12:45:37,217 - INFO: Loss: 0.350911
2026-01-30 12:45:37,217 - INFO: Training ROC-AUC: 0.839744
2026-01-30 12:45:37,217 - INFO: Validation ROC-AUC: 0.608981
2026-01-30 12:45:38,647 - INFO: Starting epoch 23
2026-01-30 12:45:38,657 - INFO: Evaluating at iteration 47367
2026-01-30 12:45:39,219 - INFO: Loss: 0.339885
2026-01-30 12:45:39,219 - INFO: Training ROC-AUC: 0.833333
2026-01-30 12:45:39,219 - INFO: Validation ROC-AUC: 0.605851
2026-01-30 12:45:43,866 - INFO: Evaluating at iteration 47867
2026-01-30 12:45:44,417 - INFO: Loss: 0.391747
2026-01-30 12:45:44,417 - INFO: Training ROC-AUC: 0.688889
2026-01-30 12:45:44,417 - INFO: Validation ROC-AUC: 0.619231
2026-01-30 12:45:49,062 - INFO: Evaluating at iteration 48367
2026-01-30 12:45:49,627 - INFO: Loss: 0.297873
2026-01-30 12:45:49,627 - INFO: Training ROC-AUC: 0.929487
2026-01-30 12:45:49,627 - INFO: Validation ROC-AUC: 0.614998
2026-01-30 12:45:54,292 - INFO: Evaluating at iteration 48867
2026-01-30 12:45:54,833 - INFO: Loss: 0.405623
2026-01-30 12:45:54,833 - INFO: Training ROC-AUC: 0.797143
2026-01-30 12:45:54,833 - INFO: Validation ROC-AUC: 0.610232
2026-01-30 12:45:59,481 - INFO: Evaluating at iteration 49367
2026-01-30 12:46:00,028 - INFO: Loss: 0.328236
2026-01-30 12:46:00,028 - INFO: Training ROC-AUC: 0.803571
2026-01-30 12:46:00,028 - INFO: Validation ROC-AUC: 0.602777
2026-01-30 12:46:01,473 - INFO: Starting epoch 24
2026-01-30 12:46:01,482 - INFO: Evaluating at iteration 49520
2026-01-30 12:46:02,025 - INFO: Loss: 0.420576
2026-01-30 12:46:02,025 - INFO: Training ROC-AUC: 0.817143
2026-01-30 12:46:02,025 - INFO: Validation ROC-AUC: 0.603016
2026-01-30 12:46:06,702 - INFO: Evaluating at iteration 50020
2026-01-30 12:46:07,242 - INFO: Loss: 0.286607
2026-01-30 12:46:07,242 - INFO: Training ROC-AUC: 0.910256
2026-01-30 12:46:07,242 - INFO: Validation ROC-AUC: 0.605957
2026-01-30 12:46:11,880 - INFO: Evaluating at iteration 50520
2026-01-30 12:46:12,435 - INFO: Loss: 0.336362
2026-01-30 12:46:12,435 - INFO: Training ROC-AUC: 0.897436
2026-01-30 12:46:12,435 - INFO: Validation ROC-AUC: 0.602441
2026-01-30 12:46:17,089 - INFO: Evaluating at iteration 51020
2026-01-30 12:46:17,638 - INFO: Loss: 0.144226
2026-01-30 12:46:17,638 - INFO: Training ROC-AUC: 1.000000
2026-01-30 12:46:17,638 - INFO: Validation ROC-AUC: 0.607309
2026-01-30 12:46:22,278 - INFO: Evaluating at iteration 51520
2026-01-30 12:46:22,827 - INFO: Loss: 0.333871
2026-01-30 12:46:22,827 - INFO: Training ROC-AUC: 0.800000
2026-01-30 12:46:22,827 - INFO: Validation ROC-AUC: 0.610466
2026-01-30 12:46:24,287 - INFO: Starting epoch 25
2026-01-30 12:46:24,297 - INFO: Evaluating at iteration 51673
2026-01-30 12:46:24,841 - INFO: Loss: 0.244751
2026-01-30 12:46:24,842 - INFO: Training ROC-AUC: 0.929487
2026-01-30 12:46:24,842 - INFO: Validation ROC-AUC: 0.609312
2026-01-30 12:46:29,882 - INFO: Evaluating at iteration 52173
2026-01-30 12:46:30,540 - INFO: Loss: 0.213419
2026-01-30 12:46:30,541 - INFO: Training ROC-AUC: 0.982857
2026-01-30 12:46:30,541 - INFO: Validation ROC-AUC: 0.612288
2026-01-30 12:46:35,179 - INFO: Evaluating at iteration 52673
2026-01-30 12:46:35,725 - INFO: Loss: 0.251262
2026-01-30 12:46:35,725 - INFO: Training ROC-AUC: 0.875000
2026-01-30 12:46:35,725 - INFO: Validation ROC-AUC: 0.614601
2026-01-30 12:46:40,384 - INFO: Evaluating at iteration 53173
2026-01-30 12:46:40,948 - INFO: Loss: 0.237792
2026-01-30 12:46:40,948 - INFO: Training ROC-AUC: 0.888889
2026-01-30 12:46:40,948 - INFO: Validation ROC-AUC: 0.613434
2026-01-30 12:46:45,583 - INFO: Evaluating at iteration 53673
2026-01-30 12:46:46,131 - INFO: Loss: 0.224330
2026-01-30 12:46:46,131 - INFO: Training ROC-AUC: 0.816667
2026-01-30 12:46:46,131 - INFO: Validation ROC-AUC: 0.625032
2026-01-30 12:46:47,577 - INFO: Saving model to models/NetTCR_peptide_split/model_2.pt
2026-01-30 12:46:47,591 - INFO: Starting fold 3
2026-01-30 12:46:47,593 - INFO: Initialising model
2026-01-30 12:46:47,600 - INFO: Starting training
2026-01-30 12:46:47,600 - INFO: Starting epoch 1
2026-01-30 12:46:47,614 - INFO: Evaluating at iteration 1
2026-01-30 12:46:48,583 - INFO: Loss: 0.664304
2026-01-30 12:46:48,583 - INFO: Training ROC-AUC: 0.515625
2026-01-30 12:46:48,583 - INFO: Validation ROC-AUC: 0.493599
2026-01-30 12:46:53,050 - INFO: Evaluating at iteration 501
2026-01-30 12:46:53,949 - INFO: Loss: 0.322863
2026-01-30 12:46:53,949 - INFO: Training ROC-AUC: 0.528736
2026-01-30 12:46:53,949 - INFO: Validation ROC-AUC: 0.266502
2026-01-30 12:46:58,408 - INFO: Evaluating at iteration 1001
2026-01-30 12:46:59,309 - INFO: Loss: 0.340721
2026-01-30 12:46:59,309 - INFO: Training ROC-AUC: 0.413793
2026-01-30 12:46:59,309 - INFO: Validation ROC-AUC: 0.239710
2026-01-30 12:47:03,832 - INFO: Evaluating at iteration 1501
2026-01-30 12:47:04,736 - INFO: Loss: 0.283256
2026-01-30 12:47:04,736 - INFO: Training ROC-AUC: 0.862069
2026-01-30 12:47:04,736 - INFO: Validation ROC-AUC: 0.235813
2026-01-30 12:47:08,489 - INFO: Starting epoch 2
2026-01-30 12:47:08,499 - INFO: Evaluating at iteration 1920
2026-01-30 12:47:09,375 - INFO: Loss: 0.185039
2026-01-30 12:47:09,375 - INFO: Training ROC-AUC: 0.903226
2026-01-30 12:47:09,375 - INFO: Validation ROC-AUC: 0.283021
2026-01-30 12:47:13,891 - INFO: Evaluating at iteration 2420
2026-01-30 12:47:14,766 - INFO: Loss: 0.503711
2026-01-30 12:47:14,766 - INFO: Training ROC-AUC: 0.589744
2026-01-30 12:47:14,766 - INFO: Validation ROC-AUC: 0.335531
2026-01-30 12:47:19,288 - INFO: Evaluating at iteration 2920
2026-01-30 12:47:20,149 - INFO: Loss: 0.403899
2026-01-30 12:47:20,149 - INFO: Training ROC-AUC: 0.737179
2026-01-30 12:47:20,149 - INFO: Validation ROC-AUC: 0.383709
2026-01-30 12:47:24,681 - INFO: Evaluating at iteration 3420
2026-01-30 12:47:25,546 - INFO: Loss: 0.315043
2026-01-30 12:47:25,546 - INFO: Training ROC-AUC: 0.800000
2026-01-30 12:47:25,546 - INFO: Validation ROC-AUC: 0.424009
2026-01-30 12:47:29,333 - INFO: Starting epoch 3
2026-01-30 12:47:29,343 - INFO: Evaluating at iteration 3839
2026-01-30 12:47:30,199 - INFO: Loss: 0.469394
2026-01-30 12:47:30,199 - INFO: Training ROC-AUC: 0.708571
2026-01-30 12:47:30,199 - INFO: Validation ROC-AUC: 0.427875
2026-01-30 12:47:34,765 - INFO: Evaluating at iteration 4339
2026-01-30 12:47:35,629 - INFO: Loss: 0.239768
2026-01-30 12:47:35,629 - INFO: Training ROC-AUC: 0.833333
2026-01-30 12:47:35,629 - INFO: Validation ROC-AUC: 0.426595
2026-01-30 12:47:40,163 - INFO: Evaluating at iteration 4839
2026-01-30 12:47:41,026 - INFO: Loss: 0.460582
2026-01-30 12:47:41,026 - INFO: Training ROC-AUC: 0.697917
2026-01-30 12:47:41,026 - INFO: Validation ROC-AUC: 0.414648
2026-01-30 12:47:45,593 - INFO: Evaluating at iteration 5339
2026-01-30 12:47:46,471 - INFO: Loss: 0.559529
2026-01-30 12:47:46,472 - INFO: Training ROC-AUC: 0.804545
2026-01-30 12:47:46,472 - INFO: Validation ROC-AUC: 0.420798
2026-01-30 12:47:50,285 - INFO: Starting epoch 4
2026-01-30 12:47:50,295 - INFO: Evaluating at iteration 5758
2026-01-30 12:47:51,166 - INFO: Loss: 0.246488
2026-01-30 12:47:51,166 - INFO: Training ROC-AUC: 0.948571
2026-01-30 12:47:51,166 - INFO: Validation ROC-AUC: 0.412430
2026-01-30 12:47:55,746 - INFO: Evaluating at iteration 6258
2026-01-30 12:47:56,608 - INFO: Loss: 0.284012
2026-01-30 12:47:56,608 - INFO: Training ROC-AUC: 0.770115
2026-01-30 12:47:56,608 - INFO: Validation ROC-AUC: 0.427473
2026-01-30 12:48:01,159 - INFO: Evaluating at iteration 6758
2026-01-30 12:48:02,022 - INFO: Loss: 0.270691
2026-01-30 12:48:02,022 - INFO: Training ROC-AUC: 0.716667
2026-01-30 12:48:02,022 - INFO: Validation ROC-AUC: 0.425772
2026-01-30 12:48:06,625 - INFO: Evaluating at iteration 7258
2026-01-30 12:48:07,506 - INFO: Loss: 0.173608
2026-01-30 12:48:07,506 - INFO: Training ROC-AUC: 0.870968
2026-01-30 12:48:07,506 - INFO: Validation ROC-AUC: 0.423448
2026-01-30 12:48:11,321 - INFO: Starting epoch 5
2026-01-30 12:48:11,331 - INFO: Evaluating at iteration 7677
2026-01-30 12:48:12,190 - INFO: Loss: 0.559659
2026-01-30 12:48:12,190 - INFO: Training ROC-AUC: 0.831818
2026-01-30 12:48:12,190 - INFO: Validation ROC-AUC: 0.421242
2026-01-30 12:48:16,757 - INFO: Evaluating at iteration 8177
2026-01-30 12:48:17,628 - INFO: Loss: 0.318694
2026-01-30 12:48:17,628 - INFO: Training ROC-AUC: 0.820513
2026-01-30 12:48:17,628 - INFO: Validation ROC-AUC: 0.418832
2026-01-30 12:48:22,193 - INFO: Evaluating at iteration 8677
2026-01-30 12:48:23,048 - INFO: Loss: 0.308577
2026-01-30 12:48:23,048 - INFO: Training ROC-AUC: 0.689655
2026-01-30 12:48:23,048 - INFO: Validation ROC-AUC: 0.422612
2026-01-30 12:48:27,627 - INFO: Evaluating at iteration 9177
2026-01-30 12:48:28,499 - INFO: Loss: 0.460034
2026-01-30 12:48:28,499 - INFO: Training ROC-AUC: 0.729167
2026-01-30 12:48:28,499 - INFO: Validation ROC-AUC: 0.418567
2026-01-30 12:48:32,317 - INFO: Starting epoch 6
2026-01-30 12:48:32,327 - INFO: Evaluating at iteration 9596
2026-01-30 12:48:33,183 - INFO: Loss: 0.288093
2026-01-30 12:48:33,183 - INFO: Training ROC-AUC: 0.980769
2026-01-30 12:48:33,183 - INFO: Validation ROC-AUC: 0.412562
2026-01-30 12:48:37,764 - INFO: Evaluating at iteration 10096
2026-01-30 12:48:38,638 - INFO: Loss: 0.308107
2026-01-30 12:48:38,638 - INFO: Training ROC-AUC: 0.846154
2026-01-30 12:48:38,638 - INFO: Validation ROC-AUC: 0.416785
2026-01-30 12:48:43,201 - INFO: Evaluating at iteration 10596
2026-01-30 12:48:44,060 - INFO: Loss: 0.175447
2026-01-30 12:48:44,060 - INFO: Training ROC-AUC: 0.580645
2026-01-30 12:48:44,060 - INFO: Validation ROC-AUC: 0.417133
2026-01-30 12:48:48,645 - INFO: Evaluating at iteration 11096
2026-01-30 12:48:49,501 - INFO: Loss: 0.399414
2026-01-30 12:48:49,501 - INFO: Training ROC-AUC: 0.562500
2026-01-30 12:48:49,501 - INFO: Validation ROC-AUC: 0.402368
2026-01-30 12:48:53,316 - INFO: Starting epoch 7
2026-01-30 12:48:53,326 - INFO: Evaluating at iteration 11515
2026-01-30 12:48:54,183 - INFO: Loss: 0.353288
2026-01-30 12:48:54,183 - INFO: Training ROC-AUC: 0.344828
2026-01-30 12:48:54,183 - INFO: Validation ROC-AUC: 0.420840
2026-01-30 12:48:58,761 - INFO: Evaluating at iteration 12015
2026-01-30 12:48:59,612 - INFO: Loss: 0.330484
2026-01-30 12:48:59,612 - INFO: Training ROC-AUC: 0.574713
2026-01-30 12:48:59,612 - INFO: Validation ROC-AUC: 0.422073
2026-01-30 12:49:04,175 - INFO: Evaluating at iteration 12515
2026-01-30 12:49:05,027 - INFO: Loss: 0.275423
2026-01-30 12:49:05,027 - INFO: Training ROC-AUC: 0.881481
2026-01-30 12:49:05,027 - INFO: Validation ROC-AUC: 0.411611
2026-01-30 12:49:09,618 - INFO: Evaluating at iteration 13015
2026-01-30 12:49:10,464 - INFO: Loss: 0.168219
2026-01-30 12:49:10,464 - INFO: Training ROC-AUC: 0.873563
2026-01-30 12:49:10,464 - INFO: Validation ROC-AUC: 0.427554
2026-01-30 12:49:14,286 - INFO: Starting epoch 8
2026-01-30 12:49:14,296 - INFO: Evaluating at iteration 13434
2026-01-30 12:49:15,152 - INFO: Loss: 0.300579
2026-01-30 12:49:15,152 - INFO: Training ROC-AUC: 0.846154
2026-01-30 12:49:15,152 - INFO: Validation ROC-AUC: 0.425094
2026-01-30 12:49:19,767 - INFO: Evaluating at iteration 13934
2026-01-30 12:49:20,614 - INFO: Loss: 0.418727
2026-01-30 12:49:20,614 - INFO: Training ROC-AUC: 0.765714
2026-01-30 12:49:20,614 - INFO: Validation ROC-AUC: 0.418072
2026-01-30 12:49:25,176 - INFO: Evaluating at iteration 14434
2026-01-30 12:49:26,023 - INFO: Loss: 0.306017
2026-01-30 12:49:26,023 - INFO: Training ROC-AUC: 0.878205
2026-01-30 12:49:26,023 - INFO: Validation ROC-AUC: 0.432767
2026-01-30 12:49:30,604 - INFO: Evaluating at iteration 14934
2026-01-30 12:49:31,453 - INFO: Loss: 0.281944
2026-01-30 12:49:31,454 - INFO: Training ROC-AUC: 0.891026
2026-01-30 12:49:31,454 - INFO: Validation ROC-AUC: 0.417651
2026-01-30 12:49:35,284 - INFO: Starting epoch 9
2026-01-30 12:49:35,294 - INFO: Evaluating at iteration 15353
2026-01-30 12:49:36,141 - INFO: Loss: 0.162274
2026-01-30 12:49:36,141 - INFO: Training ROC-AUC: 0.935484
2026-01-30 12:49:36,141 - INFO: Validation ROC-AUC: 0.418490
2026-01-30 12:49:40,743 - INFO: Evaluating at iteration 15853
2026-01-30 12:49:41,593 - INFO: Loss: 0.338644
2026-01-30 12:49:41,593 - INFO: Training ROC-AUC: 0.837037
2026-01-30 12:49:41,593 - INFO: Validation ROC-AUC: 0.426888
2026-01-30 12:49:46,174 - INFO: Evaluating at iteration 16353
2026-01-30 12:49:47,034 - INFO: Loss: 0.486538
2026-01-30 12:49:47,034 - INFO: Training ROC-AUC: 0.792208
2026-01-30 12:49:47,034 - INFO: Validation ROC-AUC: 0.426704
2026-01-30 12:49:51,627 - INFO: Evaluating at iteration 16853
2026-01-30 12:49:52,481 - INFO: Loss: 0.309098
2026-01-30 12:49:52,481 - INFO: Training ROC-AUC: 0.837037
2026-01-30 12:49:52,481 - INFO: Validation ROC-AUC: 0.427213
2026-01-30 12:49:56,314 - INFO: Starting epoch 10
2026-01-30 12:49:56,324 - INFO: Evaluating at iteration 17272
2026-01-30 12:49:57,195 - INFO: Loss: 0.435852
2026-01-30 12:49:57,196 - INFO: Training ROC-AUC: 0.937198
2026-01-30 12:49:57,196 - INFO: Validation ROC-AUC: 0.427769
2026-01-30 12:50:01,774 - INFO: Evaluating at iteration 17772
2026-01-30 12:50:02,629 - INFO: Loss: 0.295200
2026-01-30 12:50:02,629 - INFO: Training ROC-AUC: 0.851852
2026-01-30 12:50:02,629 - INFO: Validation ROC-AUC: 0.429592
2026-01-30 12:50:07,195 - INFO: Evaluating at iteration 18272
2026-01-30 12:50:08,052 - INFO: Loss: 0.386368
2026-01-30 12:50:08,052 - INFO: Training ROC-AUC: 0.750000
2026-01-30 12:50:08,052 - INFO: Validation ROC-AUC: 0.418772
2026-01-30 12:50:12,655 - INFO: Evaluating at iteration 18772
2026-01-30 12:50:13,508 - INFO: Loss: 0.240636
2026-01-30 12:50:13,508 - INFO: Training ROC-AUC: 0.962963
2026-01-30 12:50:13,508 - INFO: Validation ROC-AUC: 0.431012
2026-01-30 12:50:17,336 - INFO: Starting epoch 11
2026-01-30 12:50:17,345 - INFO: Evaluating at iteration 19191
2026-01-30 12:50:18,212 - INFO: Loss: 0.482868
2026-01-30 12:50:18,212 - INFO: Training ROC-AUC: 0.734375
2026-01-30 12:50:18,212 - INFO: Validation ROC-AUC: 0.425795
2026-01-30 12:50:22,809 - INFO: Evaluating at iteration 19691
2026-01-30 12:50:23,662 - INFO: Loss: 0.307950
2026-01-30 12:50:23,662 - INFO: Training ROC-AUC: 0.891026
2026-01-30 12:50:23,662 - INFO: Validation ROC-AUC: 0.435583
2026-01-30 12:50:28,246 - INFO: Evaluating at iteration 20191
2026-01-30 12:50:29,090 - INFO: Loss: 0.368843
2026-01-30 12:50:29,090 - INFO: Training ROC-AUC: 0.756410
2026-01-30 12:50:29,090 - INFO: Validation ROC-AUC: 0.439437
2026-01-30 12:50:33,687 - INFO: Evaluating at iteration 20691
2026-01-30 12:50:34,532 - INFO: Loss: 0.221862
2026-01-30 12:50:34,532 - INFO: Training ROC-AUC: 0.931429
2026-01-30 12:50:34,532 - INFO: Validation ROC-AUC: 0.428069
2026-01-30 12:50:38,365 - INFO: Starting epoch 12
2026-01-30 12:50:38,374 - INFO: Evaluating at iteration 21110
2026-01-30 12:50:39,220 - INFO: Loss: 0.291869
2026-01-30 12:50:39,220 - INFO: Training ROC-AUC: 0.896296
2026-01-30 12:50:39,220 - INFO: Validation ROC-AUC: 0.426485
2026-01-30 12:50:43,843 - INFO: Evaluating at iteration 21610
2026-01-30 12:50:44,682 - INFO: Loss: 0.234435
2026-01-30 12:50:44,682 - INFO: Training ROC-AUC: 0.955357
2026-01-30 12:50:44,682 - INFO: Validation ROC-AUC: 0.432265
2026-01-30 12:50:49,269 - INFO: Evaluating at iteration 22110
2026-01-30 12:50:50,116 - INFO: Loss: 0.278839
2026-01-30 12:50:50,117 - INFO: Training ROC-AUC: 0.891026
2026-01-30 12:50:50,117 - INFO: Validation ROC-AUC: 0.426759
2026-01-30 12:50:54,714 - INFO: Evaluating at iteration 22610
2026-01-30 12:50:55,598 - INFO: Loss: 0.234367
2026-01-30 12:50:55,598 - INFO: Training ROC-AUC: 0.873563
2026-01-30 12:50:55,598 - INFO: Validation ROC-AUC: 0.443766
2026-01-30 12:50:59,433 - INFO: Starting epoch 13
2026-01-30 12:50:59,443 - INFO: Evaluating at iteration 23029
2026-01-30 12:51:00,291 - INFO: Loss: 0.186211
2026-01-30 12:51:00,291 - INFO: Training ROC-AUC: 0.942529
2026-01-30 12:51:00,291 - INFO: Validation ROC-AUC: 0.427210
2026-01-30 12:51:04,885 - INFO: Evaluating at iteration 23529
2026-01-30 12:51:05,757 - INFO: Loss: 0.315832
2026-01-30 12:51:05,757 - INFO: Training ROC-AUC: 0.914286
2026-01-30 12:51:05,757 - INFO: Validation ROC-AUC: 0.440645
2026-01-30 12:51:10,345 - INFO: Evaluating at iteration 24029
2026-01-30 12:51:11,186 - INFO: Loss: 0.297821
2026-01-30 12:51:11,186 - INFO: Training ROC-AUC: 0.758929
2026-01-30 12:51:11,186 - INFO: Validation ROC-AUC: 0.430224
2026-01-30 12:51:15,777 - INFO: Evaluating at iteration 24529
2026-01-30 12:51:16,624 - INFO: Loss: 0.293337
2026-01-30 12:51:16,624 - INFO: Training ROC-AUC: 0.803571
2026-01-30 12:51:16,624 - INFO: Validation ROC-AUC: 0.438071
2026-01-30 12:51:20,463 - INFO: Starting epoch 14
2026-01-30 12:51:20,473 - INFO: Evaluating at iteration 24948
2026-01-30 12:51:21,310 - INFO: Loss: 0.316609
2026-01-30 12:51:21,310 - INFO: Training ROC-AUC: 0.916667
2026-01-30 12:51:21,310 - INFO: Validation ROC-AUC: 0.444798
2026-01-30 12:51:25,919 - INFO: Evaluating at iteration 25448
2026-01-30 12:51:26,774 - INFO: Loss: 0.412396
2026-01-30 12:51:26,774 - INFO: Training ROC-AUC: 0.762821
2026-01-30 12:51:26,774 - INFO: Validation ROC-AUC: 0.443219
2026-01-30 12:51:31,341 - INFO: Evaluating at iteration 25948
2026-01-30 12:51:32,188 - INFO: Loss: 0.259949
2026-01-30 12:51:32,188 - INFO: Training ROC-AUC: 0.874074
2026-01-30 12:51:32,188 - INFO: Validation ROC-AUC: 0.442056
2026-01-30 12:51:36,797 - INFO: Evaluating at iteration 26448
2026-01-30 12:51:37,644 - INFO: Loss: 0.321121
2026-01-30 12:51:37,645 - INFO: Training ROC-AUC: 0.846154
2026-01-30 12:51:37,645 - INFO: Validation ROC-AUC: 0.445072
2026-01-30 12:51:41,478 - INFO: Starting epoch 15
2026-01-30 12:51:41,488 - INFO: Evaluating at iteration 26867
2026-01-30 12:51:42,339 - INFO: Loss: 0.435027
2026-01-30 12:51:42,409 - INFO: Training ROC-AUC: 0.742857
2026-01-30 12:51:42,409 - INFO: Validation ROC-AUC: 0.441312
2026-01-30 12:51:47,011 - INFO: Evaluating at iteration 27367
2026-01-30 12:51:47,860 - INFO: Loss: 0.221423
2026-01-30 12:51:47,860 - INFO: Training ROC-AUC: 0.928571
2026-01-30 12:51:47,860 - INFO: Validation ROC-AUC: 0.446144
2026-01-30 12:51:52,427 - INFO: Evaluating at iteration 27867
2026-01-30 12:51:53,272 - INFO: Loss: 0.125314
2026-01-30 12:51:53,272 - INFO: Training ROC-AUC: 1.000000
2026-01-30 12:51:53,272 - INFO: Validation ROC-AUC: 0.440802
2026-01-30 12:51:57,878 - INFO: Evaluating at iteration 28367
2026-01-30 12:51:58,713 - INFO: Loss: 0.377315
2026-01-30 12:51:58,713 - INFO: Training ROC-AUC: 0.883117
2026-01-30 12:51:58,713 - INFO: Validation ROC-AUC: 0.436259
2026-01-30 12:52:02,546 - INFO: Starting epoch 16
2026-01-30 12:52:02,556 - INFO: Evaluating at iteration 28786
2026-01-30 12:52:03,403 - INFO: Loss: 0.300225
2026-01-30 12:52:03,403 - INFO: Training ROC-AUC: 0.516667
2026-01-30 12:52:03,403 - INFO: Validation ROC-AUC: 0.437784
2026-01-30 12:52:08,002 - INFO: Evaluating at iteration 29286
2026-01-30 12:52:08,838 - INFO: Loss: 0.316241
2026-01-30 12:52:08,838 - INFO: Training ROC-AUC: 0.687500
2026-01-30 12:52:08,838 - INFO: Validation ROC-AUC: 0.445294
2026-01-30 12:52:13,433 - INFO: Evaluating at iteration 29786
2026-01-30 12:52:14,274 - INFO: Loss: 0.259558
2026-01-30 12:52:14,274 - INFO: Training ROC-AUC: 0.923077
2026-01-30 12:52:14,274 - INFO: Validation ROC-AUC: 0.454279
2026-01-30 12:52:18,884 - INFO: Evaluating at iteration 30286
2026-01-30 12:52:19,731 - INFO: Loss: 0.149840
2026-01-30 12:52:19,731 - INFO: Training ROC-AUC: 0.677419
2026-01-30 12:52:19,731 - INFO: Validation ROC-AUC: 0.458986
2026-01-30 12:52:23,573 - INFO: Starting epoch 17
2026-01-30 12:52:23,583 - INFO: Evaluating at iteration 30705
2026-01-30 12:52:24,425 - INFO: Loss: 0.502071
2026-01-30 12:52:24,425 - INFO: Training ROC-AUC: 0.760417
2026-01-30 12:52:24,425 - INFO: Validation ROC-AUC: 0.453626
2026-01-30 12:52:29,003 - INFO: Evaluating at iteration 31205
2026-01-30 12:52:29,848 - INFO: Loss: 0.254899
2026-01-30 12:52:29,848 - INFO: Training ROC-AUC: 0.483333
2026-01-30 12:52:29,848 - INFO: Validation ROC-AUC: 0.457065
2026-01-30 12:52:34,443 - INFO: Evaluating at iteration 31705
2026-01-30 12:52:35,292 - INFO: Loss: 0.275265
2026-01-30 12:52:35,292 - INFO: Training ROC-AUC: 0.812500
2026-01-30 12:52:35,292 - INFO: Validation ROC-AUC: 0.446595
2026-01-30 12:52:39,885 - INFO: Evaluating at iteration 32205
2026-01-30 12:52:40,728 - INFO: Loss: 0.406451
2026-01-30 12:52:40,728 - INFO: Training ROC-AUC: 0.797101
2026-01-30 12:52:40,728 - INFO: Validation ROC-AUC: 0.454867
2026-01-30 12:52:44,569 - INFO: Starting epoch 18
2026-01-30 12:52:44,578 - INFO: Evaluating at iteration 32624
2026-01-30 12:52:45,408 - INFO: Loss: 0.366405
2026-01-30 12:52:45,408 - INFO: Training ROC-AUC: 0.794286
2026-01-30 12:52:45,408 - INFO: Validation ROC-AUC: 0.457197
2026-01-30 12:52:50,006 - INFO: Evaluating at iteration 33124
2026-01-30 12:52:50,847 - INFO: Loss: 0.351965
2026-01-30 12:52:50,847 - INFO: Training ROC-AUC: 0.859259
2026-01-30 12:52:50,847 - INFO: Validation ROC-AUC: 0.449902
2026-01-30 12:52:55,437 - INFO: Evaluating at iteration 33624
2026-01-30 12:52:56,295 - INFO: Loss: 0.367360
2026-01-30 12:52:56,296 - INFO: Training ROC-AUC: 0.750000
2026-01-30 12:52:56,296 - INFO: Validation ROC-AUC: 0.448904
2026-01-30 12:53:00,927 - INFO: Evaluating at iteration 34124
2026-01-30 12:53:01,783 - INFO: Loss: 0.355112
2026-01-30 12:53:01,783 - INFO: Training ROC-AUC: 0.833333
2026-01-30 12:53:01,783 - INFO: Validation ROC-AUC: 0.461537
2026-01-30 12:53:05,629 - INFO: Starting epoch 19
2026-01-30 12:53:05,639 - INFO: Evaluating at iteration 34543
2026-01-30 12:53:06,477 - INFO: Loss: 0.338028
2026-01-30 12:53:06,477 - INFO: Training ROC-AUC: 0.874074
2026-01-30 12:53:06,477 - INFO: Validation ROC-AUC: 0.443483
2026-01-30 12:53:11,103 - INFO: Evaluating at iteration 35043
2026-01-30 12:53:11,944 - INFO: Loss: 0.433969
2026-01-30 12:53:11,944 - INFO: Training ROC-AUC: 0.843750
2026-01-30 12:53:11,944 - INFO: Validation ROC-AUC: 0.461437
2026-01-30 12:53:16,551 - INFO: Evaluating at iteration 35543
2026-01-30 12:53:17,417 - INFO: Loss: 0.265445
2026-01-30 12:53:17,417 - INFO: Training ROC-AUC: 0.857143
2026-01-30 12:53:17,417 - INFO: Validation ROC-AUC: 0.467438
2026-01-30 12:53:22,035 - INFO: Evaluating at iteration 36043
2026-01-30 12:53:22,881 - INFO: Loss: 0.252438
2026-01-30 12:53:22,881 - INFO: Training ROC-AUC: 0.881481
2026-01-30 12:53:22,881 - INFO: Validation ROC-AUC: 0.468957
2026-01-30 12:53:26,735 - INFO: Starting epoch 20
2026-01-30 12:53:26,745 - INFO: Evaluating at iteration 36462
2026-01-30 12:53:27,610 - INFO: Loss: 0.277076
2026-01-30 12:53:27,610 - INFO: Training ROC-AUC: 0.874074
2026-01-30 12:53:27,610 - INFO: Validation ROC-AUC: 0.460059
2026-01-30 12:53:32,229 - INFO: Evaluating at iteration 36962
2026-01-30 12:53:33,072 - INFO: Loss: 0.237306
2026-01-30 12:53:33,072 - INFO: Training ROC-AUC: 0.891026
2026-01-30 12:53:33,072 - INFO: Validation ROC-AUC: 0.469429
2026-01-30 12:53:37,679 - INFO: Evaluating at iteration 37462
2026-01-30 12:53:38,530 - INFO: Loss: 0.312717
2026-01-30 12:53:38,530 - INFO: Training ROC-AUC: 0.884615
2026-01-30 12:53:38,530 - INFO: Validation ROC-AUC: 0.463378
2026-01-30 12:53:43,150 - INFO: Evaluating at iteration 37962
2026-01-30 12:53:43,998 - INFO: Loss: 0.270226
2026-01-30 12:53:43,998 - INFO: Training ROC-AUC: 0.866071
2026-01-30 12:53:43,998 - INFO: Validation ROC-AUC: 0.454964
2026-01-30 12:53:47,848 - INFO: Starting epoch 21
2026-01-30 12:53:47,858 - INFO: Evaluating at iteration 38381
2026-01-30 12:53:48,720 - INFO: Loss: 0.448841
2026-01-30 12:53:48,720 - INFO: Training ROC-AUC: 0.517857
2026-01-30 12:53:48,720 - INFO: Validation ROC-AUC: 0.475417
2026-01-30 12:53:53,349 - INFO: Evaluating at iteration 38881
2026-01-30 12:53:54,189 - INFO: Loss: 0.360794
2026-01-30 12:53:54,189 - INFO: Training ROC-AUC: 0.703704
2026-01-30 12:53:54,189 - INFO: Validation ROC-AUC: 0.455475
2026-01-30 12:53:58,826 - INFO: Evaluating at iteration 39381
2026-01-30 12:53:59,683 - INFO: Loss: 0.331289
2026-01-30 12:53:59,683 - INFO: Training ROC-AUC: 0.880000
2026-01-30 12:53:59,683 - INFO: Validation ROC-AUC: 0.462281
2026-01-30 12:54:04,333 - INFO: Evaluating at iteration 39881
2026-01-30 12:54:05,173 - INFO: Loss: 0.199477
2026-01-30 12:54:05,174 - INFO: Training ROC-AUC: 0.973214
2026-01-30 12:54:05,174 - INFO: Validation ROC-AUC: 0.464461
2026-01-30 12:54:09,049 - INFO: Starting epoch 22
2026-01-30 12:54:09,059 - INFO: Evaluating at iteration 40300
2026-01-30 12:54:09,902 - INFO: Loss: 0.314316
2026-01-30 12:54:09,902 - INFO: Training ROC-AUC: 0.903704
2026-01-30 12:54:09,902 - INFO: Validation ROC-AUC: 0.465410
2026-01-30 12:54:14,524 - INFO: Evaluating at iteration 40800
2026-01-30 12:54:15,370 - INFO: Loss: 0.312078
2026-01-30 12:54:15,370 - INFO: Training ROC-AUC: 0.822222
2026-01-30 12:54:15,370 - INFO: Validation ROC-AUC: 0.470600
2026-01-30 12:54:20,003 - INFO: Evaluating at iteration 41300
2026-01-30 12:54:20,851 - INFO: Loss: 0.246830
2026-01-30 12:54:20,851 - INFO: Training ROC-AUC: 0.892857
2026-01-30 12:54:20,851 - INFO: Validation ROC-AUC: 0.473901
2026-01-30 12:54:25,492 - INFO: Evaluating at iteration 41800
2026-01-30 12:54:26,333 - INFO: Loss: 0.226822
2026-01-30 12:54:26,333 - INFO: Training ROC-AUC: 0.948148
2026-01-30 12:54:26,333 - INFO: Validation ROC-AUC: 0.465133
2026-01-30 12:54:30,188 - INFO: Starting epoch 23
2026-01-30 12:54:30,199 - INFO: Evaluating at iteration 42219
2026-01-30 12:54:31,036 - INFO: Loss: 0.370126
2026-01-30 12:54:31,036 - INFO: Training ROC-AUC: 0.838542
2026-01-30 12:54:31,036 - INFO: Validation ROC-AUC: 0.478021
2026-01-30 12:54:35,675 - INFO: Evaluating at iteration 42719
2026-01-30 12:54:36,558 - INFO: Loss: 0.076551
2026-01-30 12:54:36,558 - INFO: Training ROC-AUC: nan
2026-01-30 12:54:36,558 - INFO: Validation ROC-AUC: 0.472271
2026-01-30 12:54:41,181 - INFO: Evaluating at iteration 43219
2026-01-30 12:54:42,022 - INFO: Loss: 0.387693
2026-01-30 12:54:42,022 - INFO: Training ROC-AUC: 0.834286
2026-01-30 12:54:42,022 - INFO: Validation ROC-AUC: 0.472130
2026-01-30 12:54:46,655 - INFO: Evaluating at iteration 43719
2026-01-30 12:54:47,522 - INFO: Loss: 0.307418
2026-01-30 12:54:47,522 - INFO: Training ROC-AUC: 0.880000
2026-01-30 12:54:47,522 - INFO: Validation ROC-AUC: 0.472226
2026-01-30 12:54:51,385 - INFO: Starting epoch 24
2026-01-30 12:54:51,395 - INFO: Evaluating at iteration 44138
2026-01-30 12:54:52,234 - INFO: Loss: 0.418803
2026-01-30 12:54:52,235 - INFO: Training ROC-AUC: 0.850000
2026-01-30 12:54:52,235 - INFO: Validation ROC-AUC: 0.475646
2026-01-30 12:54:56,875 - INFO: Evaluating at iteration 44638
2026-01-30 12:54:57,755 - INFO: Loss: 0.205962
2026-01-30 12:54:57,755 - INFO: Training ROC-AUC: 0.885057
2026-01-30 12:54:57,755 - INFO: Validation ROC-AUC: 0.481500
2026-01-30 12:55:02,381 - INFO: Evaluating at iteration 45138
2026-01-30 12:55:03,224 - INFO: Loss: 0.248967
2026-01-30 12:55:03,224 - INFO: Training ROC-AUC: 0.888889
2026-01-30 12:55:03,224 - INFO: Validation ROC-AUC: 0.469455
2026-01-30 12:55:07,904 - INFO: Evaluating at iteration 45638
2026-01-30 12:55:08,755 - INFO: Loss: 0.266718
2026-01-30 12:55:08,755 - INFO: Training ROC-AUC: 0.793103
2026-01-30 12:55:08,755 - INFO: Validation ROC-AUC: 0.473812
2026-01-30 12:55:12,632 - INFO: Starting epoch 25
2026-01-30 12:55:12,642 - INFO: Evaluating at iteration 46057
2026-01-30 12:55:13,487 - INFO: Loss: 0.237255
2026-01-30 12:55:13,487 - INFO: Training ROC-AUC: 0.892857
2026-01-30 12:55:13,487 - INFO: Validation ROC-AUC: 0.489975
2026-01-30 12:55:18,119 - INFO: Evaluating at iteration 46557
2026-01-30 12:55:18,979 - INFO: Loss: 0.370423
2026-01-30 12:55:18,979 - INFO: Training ROC-AUC: 0.857143
2026-01-30 12:55:18,979 - INFO: Validation ROC-AUC: 0.485191
2026-01-30 12:55:23,625 - INFO: Evaluating at iteration 47057
2026-01-30 12:55:24,468 - INFO: Loss: 0.166769
2026-01-30 12:55:24,468 - INFO: Training ROC-AUC: 0.973214
2026-01-30 12:55:24,468 - INFO: Validation ROC-AUC: 0.484367
2026-01-30 12:55:29,104 - INFO: Evaluating at iteration 47557
2026-01-30 12:55:29,941 - INFO: Loss: 0.197485
2026-01-30 12:55:29,941 - INFO: Training ROC-AUC: 0.919540
2026-01-30 12:55:29,941 - INFO: Validation ROC-AUC: 0.476261
2026-01-30 12:55:33,810 - INFO: Saving model to models/NetTCR_peptide_split/model_3.pt
2026-01-30 12:55:33,822 - INFO: Starting fold 4
2026-01-30 12:55:33,824 - INFO: Initialising model
2026-01-30 12:55:33,831 - INFO: Starting training
2026-01-30 12:55:33,831 - INFO: Starting epoch 1
2026-01-30 12:55:33,843 - INFO: Evaluating at iteration 1
2026-01-30 12:55:34,405 - INFO: Loss: 0.531995
2026-01-30 12:55:34,405 - INFO: Training ROC-AUC: 0.259259
2026-01-30 12:55:34,405 - INFO: Validation ROC-AUC: 0.480092
2026-01-30 12:55:38,871 - INFO: Evaluating at iteration 501
2026-01-30 12:55:39,400 - INFO: Loss: 0.492553
2026-01-30 12:55:39,400 - INFO: Training ROC-AUC: 0.429487
2026-01-30 12:55:39,400 - INFO: Validation ROC-AUC: 0.340701
2026-01-30 12:55:43,887 - INFO: Evaluating at iteration 1001
2026-01-30 12:55:44,418 - INFO: Loss: 0.382388
2026-01-30 12:55:44,418 - INFO: Training ROC-AUC: 0.508929
2026-01-30 12:55:44,418 - INFO: Validation ROC-AUC: 0.329682
2026-01-30 12:55:48,926 - INFO: Evaluating at iteration 1501
2026-01-30 12:55:49,450 - INFO: Loss: 0.448218
2026-01-30 12:55:49,450 - INFO: Training ROC-AUC: 0.756410
2026-01-30 12:55:49,450 - INFO: Validation ROC-AUC: 0.332861
2026-01-30 12:55:53,933 - INFO: Evaluating at iteration 2001
2026-01-30 12:55:54,455 - INFO: Loss: 0.479630
2026-01-30 12:55:54,455 - INFO: Training ROC-AUC: 0.508571
2026-01-30 12:55:54,455 - INFO: Validation ROC-AUC: 0.542364
2026-01-30 12:55:56,333 - INFO: Starting epoch 2
2026-01-30 12:55:56,343 - INFO: Evaluating at iteration 2206
2026-01-30 12:55:56,862 - INFO: Loss: 0.290856
2026-01-30 12:55:56,863 - INFO: Training ROC-AUC: 0.620690
2026-01-30 12:55:56,863 - INFO: Validation ROC-AUC: 0.589397
2026-01-30 12:56:01,485 - INFO: Evaluating at iteration 2706
2026-01-30 12:56:01,996 - INFO: Loss: 0.516428
2026-01-30 12:56:01,996 - INFO: Training ROC-AUC: 0.614583
2026-01-30 12:56:01,996 - INFO: Validation ROC-AUC: 0.558033
2026-01-30 12:56:06,537 - INFO: Evaluating at iteration 3206
2026-01-30 12:56:07,048 - INFO: Loss: 0.378433
2026-01-30 12:56:07,050 - INFO: Training ROC-AUC: 0.580357
2026-01-30 12:56:07,050 - INFO: Validation ROC-AUC: 0.468817
2026-01-30 12:56:11,628 - INFO: Evaluating at iteration 3706
2026-01-30 12:56:12,136 - INFO: Loss: 0.418828
2026-01-30 12:56:12,136 - INFO: Training ROC-AUC: 0.891429
2026-01-30 12:56:12,136 - INFO: Validation ROC-AUC: 0.463123
2026-01-30 12:56:16,718 - INFO: Evaluating at iteration 4206
2026-01-30 12:56:17,227 - INFO: Loss: 0.515594
2026-01-30 12:56:17,227 - INFO: Training ROC-AUC: 0.600000
2026-01-30 12:56:17,227 - INFO: Validation ROC-AUC: 0.493115
2026-01-30 12:56:19,113 - INFO: Starting epoch 3
2026-01-30 12:56:19,123 - INFO: Evaluating at iteration 4411
2026-01-30 12:56:19,643 - INFO: Loss: 0.542306
2026-01-30 12:56:19,643 - INFO: Training ROC-AUC: 0.588542
2026-01-30 12:56:19,643 - INFO: Validation ROC-AUC: 0.506420
2026-01-30 12:56:24,238 - INFO: Evaluating at iteration 4911
2026-01-30 12:56:24,765 - INFO: Loss: 0.530549
2026-01-30 12:56:24,765 - INFO: Training ROC-AUC: 0.716146
2026-01-30 12:56:24,765 - INFO: Validation ROC-AUC: 0.477320
2026-01-30 12:56:29,354 - INFO: Evaluating at iteration 5411
2026-01-30 12:56:29,868 - INFO: Loss: 0.393966
2026-01-30 12:56:29,868 - INFO: Training ROC-AUC: 0.770370
2026-01-30 12:56:29,868 - INFO: Validation ROC-AUC: 0.544455
2026-01-30 12:56:34,490 - INFO: Evaluating at iteration 5911
2026-01-30 12:56:35,012 - INFO: Loss: 0.389274
2026-01-30 12:56:35,012 - INFO: Training ROC-AUC: 0.401786
2026-01-30 12:56:35,012 - INFO: Validation ROC-AUC: 0.538909
2026-01-30 12:56:39,621 - INFO: Evaluating at iteration 6411
2026-01-30 12:56:40,125 - INFO: Loss: 0.408059
2026-01-30 12:56:40,126 - INFO: Training ROC-AUC: 0.730769
2026-01-30 12:56:40,126 - INFO: Validation ROC-AUC: 0.557056
2026-01-30 12:56:42,024 - INFO: Starting epoch 4
2026-01-30 12:56:42,034 - INFO: Evaluating at iteration 6616
2026-01-30 12:56:42,539 - INFO: Loss: 0.246292
2026-01-30 12:56:42,540 - INFO: Training ROC-AUC: 0.883333
2026-01-30 12:56:42,540 - INFO: Validation ROC-AUC: 0.558028
2026-01-30 12:56:47,162 - INFO: Evaluating at iteration 7116
2026-01-30 12:56:47,665 - INFO: Loss: 0.292256
2026-01-30 12:56:47,665 - INFO: Training ROC-AUC: 0.747126
2026-01-30 12:56:47,665 - INFO: Validation ROC-AUC: 0.587486
2026-01-30 12:56:52,288 - INFO: Evaluating at iteration 7616
2026-01-30 12:56:52,794 - INFO: Loss: 0.275704
2026-01-30 12:56:52,794 - INFO: Training ROC-AUC: 0.928571
2026-01-30 12:56:52,794 - INFO: Validation ROC-AUC: 0.600359
2026-01-30 12:56:57,424 - INFO: Evaluating at iteration 8116
2026-01-30 12:56:57,923 - INFO: Loss: 0.268867
2026-01-30 12:56:57,923 - INFO: Training ROC-AUC: 0.892857
2026-01-30 12:56:57,923 - INFO: Validation ROC-AUC: 0.599010
2026-01-30 12:57:02,550 - INFO: Evaluating at iteration 8616
2026-01-30 12:57:03,069 - INFO: Loss: 0.260628
2026-01-30 12:57:03,069 - INFO: Training ROC-AUC: 0.888889
2026-01-30 12:57:03,069 - INFO: Validation ROC-AUC: 0.601702
2026-01-30 12:57:04,976 - INFO: Starting epoch 5
2026-01-30 12:57:04,986 - INFO: Evaluating at iteration 8821
2026-01-30 12:57:05,510 - INFO: Loss: 0.423152
2026-01-30 12:57:05,510 - INFO: Training ROC-AUC: 0.733333
2026-01-30 12:57:05,510 - INFO: Validation ROC-AUC: 0.609714
2026-01-30 12:57:10,145 - INFO: Evaluating at iteration 9321
2026-01-30 12:57:10,652 - INFO: Loss: 0.374772
2026-01-30 12:57:10,652 - INFO: Training ROC-AUC: 0.733333
2026-01-30 12:57:10,652 - INFO: Validation ROC-AUC: 0.604446
2026-01-30 12:57:15,289 - INFO: Evaluating at iteration 9821
2026-01-30 12:57:15,805 - INFO: Loss: 0.427854
2026-01-30 12:57:15,805 - INFO: Training ROC-AUC: 0.673077
2026-01-30 12:57:15,805 - INFO: Validation ROC-AUC: 0.588307
2026-01-30 12:57:20,451 - INFO: Evaluating at iteration 10321
2026-01-30 12:57:20,944 - INFO: Loss: 0.300573
2026-01-30 12:57:20,945 - INFO: Training ROC-AUC: 0.770115
2026-01-30 12:57:20,945 - INFO: Validation ROC-AUC: 0.613992
2026-01-30 12:57:25,580 - INFO: Evaluating at iteration 10821
2026-01-30 12:57:26,093 - INFO: Loss: 0.381896
2026-01-30 12:57:26,093 - INFO: Training ROC-AUC: 0.874286
2026-01-30 12:57:26,093 - INFO: Validation ROC-AUC: 0.611352
2026-01-30 12:57:28,004 - INFO: Starting epoch 6
2026-01-30 12:57:28,014 - INFO: Evaluating at iteration 11026
2026-01-30 12:57:28,520 - INFO: Loss: 0.345192
2026-01-30 12:57:28,521 - INFO: Training ROC-AUC: 0.383333
2026-01-30 12:57:28,521 - INFO: Validation ROC-AUC: 0.603969
2026-01-30 12:57:33,146 - INFO: Evaluating at iteration 11526
2026-01-30 12:57:33,652 - INFO: Loss: 0.224769
2026-01-30 12:57:33,652 - INFO: Training ROC-AUC: 0.862069
2026-01-30 12:57:33,652 - INFO: Validation ROC-AUC: 0.602634
2026-01-30 12:57:38,277 - INFO: Evaluating at iteration 12026
2026-01-30 12:57:38,780 - INFO: Loss: 0.218000
2026-01-30 12:57:38,780 - INFO: Training ROC-AUC: 0.612903
2026-01-30 12:57:38,780 - INFO: Validation ROC-AUC: 0.609607
2026-01-30 12:57:43,412 - INFO: Evaluating at iteration 12526
2026-01-30 12:57:43,906 - INFO: Loss: 0.431464
2026-01-30 12:57:43,906 - INFO: Training ROC-AUC: 0.845455
2026-01-30 12:57:43,906 - INFO: Validation ROC-AUC: 0.615986
2026-01-30 12:57:48,528 - INFO: Evaluating at iteration 13026
2026-01-30 12:57:49,025 - INFO: Loss: 0.490568
2026-01-30 12:57:49,025 - INFO: Training ROC-AUC: 0.673077
2026-01-30 12:57:49,025 - INFO: Validation ROC-AUC: 0.607208
2026-01-30 12:57:50,957 - INFO: Starting epoch 7
2026-01-30 12:57:50,967 - INFO: Evaluating at iteration 13231
2026-01-30 12:57:51,467 - INFO: Loss: 0.316945
2026-01-30 12:57:51,467 - INFO: Training ROC-AUC: 0.869792
2026-01-30 12:57:51,467 - INFO: Validation ROC-AUC: 0.609860
2026-01-30 12:57:56,111 - INFO: Evaluating at iteration 13731
2026-01-30 12:57:56,626 - INFO: Loss: 0.325427
2026-01-30 12:57:56,626 - INFO: Training ROC-AUC: 0.814815
2026-01-30 12:57:56,626 - INFO: Validation ROC-AUC: 0.611897
2026-01-30 12:58:01,235 - INFO: Evaluating at iteration 14231
2026-01-30 12:58:01,735 - INFO: Loss: 0.540595
2026-01-30 12:58:01,735 - INFO: Training ROC-AUC: 0.763285
2026-01-30 12:58:01,735 - INFO: Validation ROC-AUC: 0.615221
2026-01-30 12:58:06,398 - INFO: Evaluating at iteration 14731
2026-01-30 12:58:06,929 - INFO: Loss: 0.294871
2026-01-30 12:58:06,929 - INFO: Training ROC-AUC: 0.902857
2026-01-30 12:58:06,929 - INFO: Validation ROC-AUC: 0.601213
2026-01-30 12:58:11,542 - INFO: Evaluating at iteration 15231
2026-01-30 12:58:12,044 - INFO: Loss: 0.452716
2026-01-30 12:58:12,044 - INFO: Training ROC-AUC: 0.769231
2026-01-30 12:58:12,044 - INFO: Validation ROC-AUC: 0.611441
2026-01-30 12:58:13,955 - INFO: Starting epoch 8
2026-01-30 12:58:13,965 - INFO: Evaluating at iteration 15436
2026-01-30 12:58:14,461 - INFO: Loss: 0.288420
2026-01-30 12:58:14,461 - INFO: Training ROC-AUC: 0.839286
2026-01-30 12:58:14,461 - INFO: Validation ROC-AUC: 0.614143
2026-01-30 12:58:19,097 - INFO: Evaluating at iteration 15936
2026-01-30 12:58:19,598 - INFO: Loss: 0.306465
2026-01-30 12:58:19,599 - INFO: Training ROC-AUC: 0.839744
2026-01-30 12:58:19,599 - INFO: Validation ROC-AUC: 0.615119
2026-01-30 12:58:24,225 - INFO: Evaluating at iteration 16436
2026-01-30 12:58:24,717 - INFO: Loss: 0.378194
2026-01-30 12:58:24,717 - INFO: Training ROC-AUC: 0.826923
2026-01-30 12:58:24,717 - INFO: Validation ROC-AUC: 0.610648
2026-01-30 12:58:29,346 - INFO: Evaluating at iteration 16936
2026-01-30 12:58:29,845 - INFO: Loss: 0.299857
2026-01-30 12:58:29,845 - INFO: Training ROC-AUC: 0.874074
2026-01-30 12:58:29,845 - INFO: Validation ROC-AUC: 0.612399
2026-01-30 12:58:34,479 - INFO: Evaluating at iteration 17436
2026-01-30 12:58:34,971 - INFO: Loss: 0.370290
2026-01-30 12:58:34,972 - INFO: Training ROC-AUC: 0.625000
2026-01-30 12:58:34,972 - INFO: Validation ROC-AUC: 0.616249
2026-01-30 12:58:36,873 - INFO: Starting epoch 9
2026-01-30 12:58:36,883 - INFO: Evaluating at iteration 17641
2026-01-30 12:58:37,383 - INFO: Loss: 0.400804
2026-01-30 12:58:37,383 - INFO: Training ROC-AUC: 0.737143
2026-01-30 12:58:37,383 - INFO: Validation ROC-AUC: 0.616284
2026-01-30 12:58:42,010 - INFO: Evaluating at iteration 18141
2026-01-30 12:58:42,516 - INFO: Loss: 0.410143
2026-01-30 12:58:42,516 - INFO: Training ROC-AUC: 0.840000
2026-01-30 12:58:42,516 - INFO: Validation ROC-AUC: 0.615924
2026-01-30 12:58:47,120 - INFO: Evaluating at iteration 18641
2026-01-30 12:58:47,623 - INFO: Loss: 0.254412
2026-01-30 12:58:47,623 - INFO: Training ROC-AUC: 0.992593
2026-01-30 12:58:47,623 - INFO: Validation ROC-AUC: 0.613650
2026-01-30 12:58:52,242 - INFO: Evaluating at iteration 19141
2026-01-30 12:58:52,739 - INFO: Loss: 0.373609
2026-01-30 12:58:52,739 - INFO: Training ROC-AUC: 0.846154
2026-01-30 12:58:52,739 - INFO: Validation ROC-AUC: 0.615263
2026-01-30 12:58:57,352 - INFO: Evaluating at iteration 19641
2026-01-30 12:58:57,856 - INFO: Loss: 0.434160
2026-01-30 12:58:57,856 - INFO: Training ROC-AUC: 0.794286
2026-01-30 12:58:57,856 - INFO: Validation ROC-AUC: 0.614522
2026-01-30 12:58:59,757 - INFO: Starting epoch 10
2026-01-30 12:58:59,767 - INFO: Evaluating at iteration 19846
2026-01-30 12:59:00,260 - INFO: Loss: 0.251570
2026-01-30 12:59:00,260 - INFO: Training ROC-AUC: 0.928571
2026-01-30 12:59:00,260 - INFO: Validation ROC-AUC: 0.612599
2026-01-30 12:59:04,888 - INFO: Evaluating at iteration 20346
2026-01-30 12:59:05,378 - INFO: Loss: 0.403202
2026-01-30 12:59:05,378 - INFO: Training ROC-AUC: 0.833333
2026-01-30 12:59:05,378 - INFO: Validation ROC-AUC: 0.622721
2026-01-30 12:59:09,991 - INFO: Evaluating at iteration 20846
2026-01-30 12:59:10,489 - INFO: Loss: 0.289385
2026-01-30 12:59:10,489 - INFO: Training ROC-AUC: 0.953125
2026-01-30 12:59:10,489 - INFO: Validation ROC-AUC: 0.611743
2026-01-30 12:59:15,120 - INFO: Evaluating at iteration 21346
2026-01-30 12:59:15,618 - INFO: Loss: 0.315057
2026-01-30 12:59:15,618 - INFO: Training ROC-AUC: 0.874074
2026-01-30 12:59:15,618 - INFO: Validation ROC-AUC: 0.607970
2026-01-30 12:59:20,232 - INFO: Evaluating at iteration 21846
2026-01-30 12:59:20,728 - INFO: Loss: 0.299862
2026-01-30 12:59:20,729 - INFO: Training ROC-AUC: 0.931429
2026-01-30 12:59:20,729 - INFO: Validation ROC-AUC: 0.607538
2026-01-30 12:59:22,626 - INFO: Starting epoch 11
2026-01-30 12:59:22,636 - INFO: Evaluating at iteration 22051
2026-01-30 12:59:23,133 - INFO: Loss: 0.291901
2026-01-30 12:59:23,133 - INFO: Training ROC-AUC: 0.735632
2026-01-30 12:59:23,133 - INFO: Validation ROC-AUC: 0.609742
2026-01-30 12:59:27,786 - INFO: Evaluating at iteration 22551
2026-01-30 12:59:28,283 - INFO: Loss: 0.169850
2026-01-30 12:59:28,284 - INFO: Training ROC-AUC: 0.883333
2026-01-30 12:59:28,284 - INFO: Validation ROC-AUC: 0.610265
2026-01-30 12:59:32,911 - INFO: Evaluating at iteration 23051
2026-01-30 12:59:33,407 - INFO: Loss: 0.251888
2026-01-30 12:59:33,407 - INFO: Training ROC-AUC: 0.804598
2026-01-30 12:59:33,407 - INFO: Validation ROC-AUC: 0.605746
2026-01-30 12:59:38,051 - INFO: Evaluating at iteration 23551
2026-01-30 12:59:38,546 - INFO: Loss: 0.431743
2026-01-30 12:59:38,546 - INFO: Training ROC-AUC: 0.920833
2026-01-30 12:59:38,547 - INFO: Validation ROC-AUC: 0.615614
2026-01-30 12:59:43,166 - INFO: Evaluating at iteration 24051
2026-01-30 12:59:43,660 - INFO: Loss: 0.318696
2026-01-30 12:59:43,660 - INFO: Training ROC-AUC: 0.897436
2026-01-30 12:59:43,660 - INFO: Validation ROC-AUC: 0.610411
2026-01-30 12:59:45,567 - INFO: Starting epoch 12
2026-01-30 12:59:45,577 - INFO: Evaluating at iteration 24256
2026-01-30 12:59:46,069 - INFO: Loss: 0.403904
2026-01-30 12:59:46,070 - INFO: Training ROC-AUC: 0.878788
2026-01-30 12:59:46,070 - INFO: Validation ROC-AUC: 0.611846
2026-01-30 12:59:50,717 - INFO: Evaluating at iteration 24756
2026-01-30 12:59:51,216 - INFO: Loss: 0.417215
2026-01-30 12:59:51,216 - INFO: Training ROC-AUC: 0.794286
2026-01-30 12:59:51,216 - INFO: Validation ROC-AUC: 0.619045
2026-01-30 12:59:55,839 - INFO: Evaluating at iteration 25256
2026-01-30 12:59:56,345 - INFO: Loss: 0.257023
2026-01-30 12:59:56,345 - INFO: Training ROC-AUC: 0.875000
2026-01-30 12:59:56,345 - INFO: Validation ROC-AUC: 0.605692
2026-01-30 13:00:00,985 - INFO: Evaluating at iteration 25756
2026-01-30 13:00:01,490 - INFO: Loss: 0.235724
2026-01-30 13:00:01,490 - INFO: Training ROC-AUC: 0.866071
2026-01-30 13:00:01,490 - INFO: Validation ROC-AUC: 0.610424
2026-01-30 13:00:06,112 - INFO: Evaluating at iteration 26256
2026-01-30 13:00:06,619 - INFO: Loss: 0.358168
2026-01-30 13:00:06,619 - INFO: Training ROC-AUC: 0.777778
2026-01-30 13:00:06,619 - INFO: Validation ROC-AUC: 0.605466
2026-01-30 13:00:08,532 - INFO: Starting epoch 13
2026-01-30 13:00:08,541 - INFO: Evaluating at iteration 26461
2026-01-30 13:00:09,028 - INFO: Loss: 0.310839
2026-01-30 13:00:09,029 - INFO: Training ROC-AUC: 0.911458
2026-01-30 13:00:09,029 - INFO: Validation ROC-AUC: 0.608765
2026-01-30 13:00:13,705 - INFO: Evaluating at iteration 26961
2026-01-30 13:00:14,210 - INFO: Loss: 0.409583
2026-01-30 13:00:14,210 - INFO: Training ROC-AUC: 0.771429
2026-01-30 13:00:14,210 - INFO: Validation ROC-AUC: 0.615523
2026-01-30 13:00:18,869 - INFO: Evaluating at iteration 27461
2026-01-30 13:00:19,365 - INFO: Loss: 0.300987
2026-01-30 13:00:19,365 - INFO: Training ROC-AUC: 0.851852
2026-01-30 13:00:19,365 - INFO: Validation ROC-AUC: 0.606830
2026-01-30 13:00:24,025 - INFO: Evaluating at iteration 27961
2026-01-30 13:00:24,532 - INFO: Loss: 0.298080
2026-01-30 13:00:24,533 - INFO: Training ROC-AUC: 0.807407
2026-01-30 13:00:24,533 - INFO: Validation ROC-AUC: 0.614133
2026-01-30 13:00:29,157 - INFO: Evaluating at iteration 28461
2026-01-30 13:00:29,663 - INFO: Loss: 0.232439
2026-01-30 13:00:29,663 - INFO: Training ROC-AUC: 0.875000
2026-01-30 13:00:29,663 - INFO: Validation ROC-AUC: 0.611066
2026-01-30 13:00:31,563 - INFO: Starting epoch 14
2026-01-30 13:00:31,573 - INFO: Evaluating at iteration 28666
2026-01-30 13:00:32,083 - INFO: Loss: 0.298864
2026-01-30 13:00:32,083 - INFO: Training ROC-AUC: 0.942857
2026-01-30 13:00:32,083 - INFO: Validation ROC-AUC: 0.614164
2026-01-30 13:00:36,741 - INFO: Evaluating at iteration 29166
2026-01-30 13:00:37,234 - INFO: Loss: 0.379677
2026-01-30 13:00:37,234 - INFO: Training ROC-AUC: 0.904545
2026-01-30 13:00:37,234 - INFO: Validation ROC-AUC: 0.606913
2026-01-30 13:00:41,869 - INFO: Evaluating at iteration 29666
2026-01-30 13:00:42,367 - INFO: Loss: 0.358813
2026-01-30 13:00:42,367 - INFO: Training ROC-AUC: 0.865385
2026-01-30 13:00:42,367 - INFO: Validation ROC-AUC: 0.607109
2026-01-30 13:00:47,026 - INFO: Evaluating at iteration 30166
2026-01-30 13:00:47,522 - INFO: Loss: 0.251798
2026-01-30 13:00:47,522 - INFO: Training ROC-AUC: 0.866667
2026-01-30 13:00:47,522 - INFO: Validation ROC-AUC: 0.594141
2026-01-30 13:00:52,170 - INFO: Evaluating at iteration 30666
2026-01-30 13:00:52,671 - INFO: Loss: 0.231647
2026-01-30 13:00:52,671 - INFO: Training ROC-AUC: 0.982857
2026-01-30 13:00:52,671 - INFO: Validation ROC-AUC: 0.602091
2026-01-30 13:00:54,579 - INFO: Starting epoch 15
2026-01-30 13:00:54,589 - INFO: Evaluating at iteration 30871
2026-01-30 13:00:55,084 - INFO: Loss: 0.191103
2026-01-30 13:00:55,084 - INFO: Training ROC-AUC: 0.908046
2026-01-30 13:00:55,084 - INFO: Validation ROC-AUC: 0.601570
2026-01-30 13:00:59,741 - INFO: Evaluating at iteration 31371
2026-01-30 13:01:00,240 - INFO: Loss: 0.252958
2026-01-30 13:01:00,240 - INFO: Training ROC-AUC: 0.862069
2026-01-30 13:01:00,240 - INFO: Validation ROC-AUC: 0.601700
2026-01-30 13:01:04,879 - INFO: Evaluating at iteration 31871
2026-01-30 13:01:05,377 - INFO: Loss: 0.297567
2026-01-30 13:01:05,377 - INFO: Training ROC-AUC: 0.883929
2026-01-30 13:01:05,377 - INFO: Validation ROC-AUC: 0.600645
2026-01-30 13:01:10,035 - INFO: Evaluating at iteration 32371
2026-01-30 13:01:10,538 - INFO: Loss: 0.347486
2026-01-30 13:01:10,538 - INFO: Training ROC-AUC: 0.770370
2026-01-30 13:01:10,538 - INFO: Validation ROC-AUC: 0.603156
2026-01-30 13:01:15,186 - INFO: Evaluating at iteration 32871
2026-01-30 13:01:15,691 - INFO: Loss: 0.217082
2026-01-30 13:01:15,691 - INFO: Training ROC-AUC: 0.896296
2026-01-30 13:01:15,691 - INFO: Validation ROC-AUC: 0.599279
2026-01-30 13:01:17,607 - INFO: Starting epoch 16
2026-01-30 13:01:17,617 - INFO: Evaluating at iteration 33076
2026-01-30 13:01:18,108 - INFO: Loss: 0.246872
2026-01-30 13:01:18,108 - INFO: Training ROC-AUC: 0.866071
2026-01-30 13:01:18,108 - INFO: Validation ROC-AUC: 0.600469
2026-01-30 13:01:22,779 - INFO: Evaluating at iteration 33576
2026-01-30 13:01:23,292 - INFO: Loss: 0.384363
2026-01-30 13:01:23,292 - INFO: Training ROC-AUC: 0.828125
2026-01-30 13:01:23,292 - INFO: Validation ROC-AUC: 0.609233
2026-01-30 13:01:27,931 - INFO: Evaluating at iteration 34076
2026-01-30 13:01:28,433 - INFO: Loss: 0.281131
2026-01-30 13:01:28,434 - INFO: Training ROC-AUC: 0.770115
2026-01-30 13:01:28,434 - INFO: Validation ROC-AUC: 0.605582
2026-01-30 13:01:33,086 - INFO: Evaluating at iteration 34576
2026-01-30 13:01:33,604 - INFO: Loss: 0.400545
2026-01-30 13:01:33,604 - INFO: Training ROC-AUC: 0.927273
2026-01-30 13:01:33,604 - INFO: Validation ROC-AUC: 0.601609
2026-01-30 13:01:38,244 - INFO: Evaluating at iteration 35076
2026-01-30 13:01:38,741 - INFO: Loss: 0.186840
2026-01-30 13:01:38,741 - INFO: Training ROC-AUC: 0.783333
2026-01-30 13:01:38,741 - INFO: Validation ROC-AUC: 0.604455
2026-01-30 13:01:40,676 - INFO: Starting epoch 17
2026-01-30 13:01:40,686 - INFO: Evaluating at iteration 35281
2026-01-30 13:01:41,175 - INFO: Loss: 0.385226
2026-01-30 13:01:41,175 - INFO: Training ROC-AUC: 0.822857
2026-01-30 13:01:41,175 - INFO: Validation ROC-AUC: 0.605830
2026-01-30 13:01:45,861 - INFO: Evaluating at iteration 35781
2026-01-30 13:01:46,351 - INFO: Loss: 0.340675
2026-01-30 13:01:46,351 - INFO: Training ROC-AUC: 0.868571
2026-01-30 13:01:46,351 - INFO: Validation ROC-AUC: 0.609117
2026-01-30 13:01:50,995 - INFO: Evaluating at iteration 36281
2026-01-30 13:01:51,490 - INFO: Loss: 0.376663
2026-01-30 13:01:51,490 - INFO: Training ROC-AUC: 0.828571
2026-01-30 13:01:51,490 - INFO: Validation ROC-AUC: 0.601707
2026-01-30 13:01:56,147 - INFO: Evaluating at iteration 36781
2026-01-30 13:01:56,642 - INFO: Loss: 0.158158
2026-01-30 13:01:56,648 - INFO: Training ROC-AUC: 0.985185
2026-01-30 13:01:56,648 - INFO: Validation ROC-AUC: 0.605630
2026-01-30 13:02:01,298 - INFO: Evaluating at iteration 37281
2026-01-30 13:02:01,796 - INFO: Loss: 0.379648
2026-01-30 13:02:01,796 - INFO: Training ROC-AUC: 0.771429
2026-01-30 13:02:01,796 - INFO: Validation ROC-AUC: 0.610964
2026-01-30 13:02:03,718 - INFO: Starting epoch 18
2026-01-30 13:02:03,728 - INFO: Evaluating at iteration 37486
2026-01-30 13:02:04,246 - INFO: Loss: 0.255826
2026-01-30 13:02:04,246 - INFO: Training ROC-AUC: 0.862069
2026-01-30 13:02:04,246 - INFO: Validation ROC-AUC: 0.609803
2026-01-30 13:02:08,906 - INFO: Evaluating at iteration 37986
2026-01-30 13:02:09,404 - INFO: Loss: 0.207843
2026-01-30 13:02:09,404 - INFO: Training ROC-AUC: 0.946860
2026-01-30 13:02:09,404 - INFO: Validation ROC-AUC: 0.612409
2026-01-30 13:02:14,055 - INFO: Evaluating at iteration 38486
2026-01-30 13:02:14,566 - INFO: Loss: 0.158984
2026-01-30 13:02:14,567 - INFO: Training ROC-AUC: 0.966667
2026-01-30 13:02:14,567 - INFO: Validation ROC-AUC: 0.603410
2026-01-30 13:02:19,235 - INFO: Evaluating at iteration 38986
2026-01-30 13:02:19,728 - INFO: Loss: 0.246190
2026-01-30 13:02:19,728 - INFO: Training ROC-AUC: 0.935897
2026-01-30 13:02:19,728 - INFO: Validation ROC-AUC: 0.610052
2026-01-30 13:02:24,380 - INFO: Evaluating at iteration 39486
2026-01-30 13:02:24,880 - INFO: Loss: 0.121721
2026-01-30 13:02:24,880 - INFO: Training ROC-AUC: 1.000000
2026-01-30 13:02:24,880 - INFO: Validation ROC-AUC: 0.608573
2026-01-30 13:02:26,794 - INFO: Starting epoch 19
2026-01-30 13:02:26,805 - INFO: Evaluating at iteration 39691
2026-01-30 13:02:27,306 - INFO: Loss: 0.213713
2026-01-30 13:02:27,326 - INFO: Training ROC-AUC: 0.955556
2026-01-30 13:02:27,326 - INFO: Validation ROC-AUC: 0.615766
2026-01-30 13:02:32,006 - INFO: Evaluating at iteration 40191
2026-01-30 13:02:32,502 - INFO: Loss: 0.351500
2026-01-30 13:02:32,502 - INFO: Training ROC-AUC: 0.871795
2026-01-30 13:02:32,502 - INFO: Validation ROC-AUC: 0.619162
2026-01-30 13:02:37,149 - INFO: Evaluating at iteration 40691
2026-01-30 13:02:37,655 - INFO: Loss: 0.441321
2026-01-30 13:02:37,655 - INFO: Training ROC-AUC: 0.922078
2026-01-30 13:02:37,655 - INFO: Validation ROC-AUC: 0.608732
2026-01-30 13:02:42,365 - INFO: Evaluating at iteration 41191
2026-01-30 13:02:42,860 - INFO: Loss: 0.191441
2026-01-30 13:02:42,860 - INFO: Training ROC-AUC: 0.896552
2026-01-30 13:02:42,860 - INFO: Validation ROC-AUC: 0.613569
2026-01-30 13:02:47,519 - INFO: Evaluating at iteration 41691
2026-01-30 13:02:48,011 - INFO: Loss: 0.217437
2026-01-30 13:02:48,011 - INFO: Training ROC-AUC: 0.962963
2026-01-30 13:02:48,011 - INFO: Validation ROC-AUC: 0.604343
2026-01-30 13:02:49,947 - INFO: Starting epoch 20
2026-01-30 13:02:49,957 - INFO: Evaluating at iteration 41896
2026-01-30 13:02:50,457 - INFO: Loss: 0.500405
2026-01-30 13:02:50,457 - INFO: Training ROC-AUC: 0.685897
2026-01-30 13:02:50,457 - INFO: Validation ROC-AUC: 0.608601
2026-01-30 13:02:55,123 - INFO: Evaluating at iteration 42396
2026-01-30 13:02:55,640 - INFO: Loss: 0.181572
2026-01-30 13:02:55,640 - INFO: Training ROC-AUC: 0.948148
2026-01-30 13:02:55,640 - INFO: Validation ROC-AUC: 0.612482
2026-01-30 13:03:00,296 - INFO: Evaluating at iteration 42896
2026-01-30 13:03:00,793 - INFO: Loss: 0.301517
2026-01-30 13:03:00,793 - INFO: Training ROC-AUC: 0.891429
2026-01-30 13:03:00,793 - INFO: Validation ROC-AUC: 0.610099
2026-01-30 13:03:05,473 - INFO: Evaluating at iteration 43396
2026-01-30 13:03:05,982 - INFO: Loss: 0.151287
2026-01-30 13:03:05,982 - INFO: Training ROC-AUC: 0.991071
2026-01-30 13:03:05,982 - INFO: Validation ROC-AUC: 0.614372
2026-01-30 13:03:10,647 - INFO: Evaluating at iteration 43896
2026-01-30 13:03:11,138 - INFO: Loss: 0.480865
2026-01-30 13:03:11,138 - INFO: Training ROC-AUC: 0.800000
2026-01-30 13:03:11,138 - INFO: Validation ROC-AUC: 0.609010
2026-01-30 13:03:13,061 - INFO: Starting epoch 21
2026-01-30 13:03:13,071 - INFO: Evaluating at iteration 44101
2026-01-30 13:03:13,566 - INFO: Loss: 0.333595
2026-01-30 13:03:13,566 - INFO: Training ROC-AUC: 0.891429
2026-01-30 13:03:13,566 - INFO: Validation ROC-AUC: 0.606259
2026-01-30 13:03:18,250 - INFO: Evaluating at iteration 44601
2026-01-30 13:03:18,755 - INFO: Loss: 0.268424
2026-01-30 13:03:18,755 - INFO: Training ROC-AUC: 0.929487
2026-01-30 13:03:18,755 - INFO: Validation ROC-AUC: 0.606682
2026-01-30 13:03:23,437 - INFO: Evaluating at iteration 45101
2026-01-30 13:03:23,940 - INFO: Loss: 0.342430
2026-01-30 13:03:23,941 - INFO: Training ROC-AUC: 0.891429
2026-01-30 13:03:23,941 - INFO: Validation ROC-AUC: 0.609043
2026-01-30 13:03:28,616 - INFO: Evaluating at iteration 45601
2026-01-30 13:03:29,114 - INFO: Loss: 0.615991
2026-01-30 13:03:29,114 - INFO: Training ROC-AUC: 0.842105
2026-01-30 13:03:29,115 - INFO: Validation ROC-AUC: 0.610599
2026-01-30 13:03:33,776 - INFO: Evaluating at iteration 46101
2026-01-30 13:03:34,275 - INFO: Loss: 0.280853
2026-01-30 13:03:34,275 - INFO: Training ROC-AUC: 0.865385
2026-01-30 13:03:34,275 - INFO: Validation ROC-AUC: 0.610800
2026-01-30 13:03:36,200 - INFO: Starting epoch 22
2026-01-30 13:03:36,211 - INFO: Evaluating at iteration 46306
2026-01-30 13:03:36,717 - INFO: Loss: 0.230383
2026-01-30 13:03:36,717 - INFO: Training ROC-AUC: 0.873563
2026-01-30 13:03:36,717 - INFO: Validation ROC-AUC: 0.608296
2026-01-30 13:03:41,398 - INFO: Evaluating at iteration 46806
2026-01-30 13:03:41,886 - INFO: Loss: 0.258082
2026-01-30 13:03:41,886 - INFO: Training ROC-AUC: 0.793103
2026-01-30 13:03:41,886 - INFO: Validation ROC-AUC: 0.611230
2026-01-30 13:03:46,560 - INFO: Evaluating at iteration 47306
2026-01-30 13:03:47,064 - INFO: Loss: 0.378168
2026-01-30 13:03:47,064 - INFO: Training ROC-AUC: 0.868571
2026-01-30 13:03:47,064 - INFO: Validation ROC-AUC: 0.610726
2026-01-30 13:03:51,775 - INFO: Evaluating at iteration 47806
2026-01-30 13:03:52,273 - INFO: Loss: 0.482899
2026-01-30 13:03:52,273 - INFO: Training ROC-AUC: 0.817143
2026-01-30 13:03:52,273 - INFO: Validation ROC-AUC: 0.610100
2026-01-30 13:03:56,931 - INFO: Evaluating at iteration 48306
2026-01-30 13:03:57,451 - INFO: Loss: 0.257098
2026-01-30 13:03:57,451 - INFO: Training ROC-AUC: 0.812500
2026-01-30 13:03:57,451 - INFO: Validation ROC-AUC: 0.610243
2026-01-30 13:03:59,367 - INFO: Starting epoch 23
2026-01-30 13:03:59,377 - INFO: Evaluating at iteration 48511
2026-01-30 13:03:59,871 - INFO: Loss: 0.651405
2026-01-30 13:03:59,871 - INFO: Training ROC-AUC: 0.735931
2026-01-30 13:03:59,871 - INFO: Validation ROC-AUC: 0.610297
2026-01-30 13:04:04,566 - INFO: Evaluating at iteration 49011
2026-01-30 13:04:05,125 - INFO: Loss: 0.292047
2026-01-30 13:04:05,125 - INFO: Training ROC-AUC: 0.896296
2026-01-30 13:04:05,125 - INFO: Validation ROC-AUC: 0.611850
2026-01-30 13:04:09,801 - INFO: Evaluating at iteration 49511
2026-01-30 13:04:10,287 - INFO: Loss: 0.329825
2026-01-30 13:04:10,287 - INFO: Training ROC-AUC: 0.884615
2026-01-30 13:04:10,287 - INFO: Validation ROC-AUC: 0.613651
2026-01-30 13:04:14,961 - INFO: Evaluating at iteration 50011
2026-01-30 13:04:15,457 - INFO: Loss: 0.180738
2026-01-30 13:04:15,457 - INFO: Training ROC-AUC: 0.850000
2026-01-30 13:04:15,457 - INFO: Validation ROC-AUC: 0.612436
2026-01-30 13:04:20,124 - INFO: Evaluating at iteration 50511
2026-01-30 13:04:20,643 - INFO: Loss: 0.257980
2026-01-30 13:04:20,643 - INFO: Training ROC-AUC: 0.633333
2026-01-30 13:04:20,643 - INFO: Validation ROC-AUC: 0.616782
2026-01-30 13:04:22,564 - INFO: Starting epoch 24
2026-01-30 13:04:22,574 - INFO: Evaluating at iteration 50716
2026-01-30 13:04:23,064 - INFO: Loss: 0.199439
2026-01-30 13:04:23,064 - INFO: Training ROC-AUC: 0.955357
2026-01-30 13:04:23,064 - INFO: Validation ROC-AUC: 0.619391
2026-01-30 13:04:27,762 - INFO: Evaluating at iteration 51216
2026-01-30 13:04:28,259 - INFO: Loss: 0.469362
2026-01-30 13:04:28,259 - INFO: Training ROC-AUC: 0.724359
2026-01-30 13:04:28,259 - INFO: Validation ROC-AUC: 0.609469
2026-01-30 13:04:32,942 - INFO: Evaluating at iteration 51716
2026-01-30 13:04:33,439 - INFO: Loss: 0.331617
2026-01-30 13:04:33,439 - INFO: Training ROC-AUC: 0.839744
2026-01-30 13:04:33,439 - INFO: Validation ROC-AUC: 0.615252
2026-01-30 13:04:38,130 - INFO: Evaluating at iteration 52216
2026-01-30 13:04:38,623 - INFO: Loss: 0.326294
2026-01-30 13:04:38,623 - INFO: Training ROC-AUC: 0.884615
2026-01-30 13:04:38,623 - INFO: Validation ROC-AUC: 0.618898
2026-01-30 13:04:43,289 - INFO: Evaluating at iteration 52716
2026-01-30 13:04:43,775 - INFO: Loss: 0.156499
2026-01-30 13:04:43,775 - INFO: Training ROC-AUC: 0.954023
2026-01-30 13:04:43,775 - INFO: Validation ROC-AUC: 0.615837
2026-01-30 13:04:45,689 - INFO: Starting epoch 25
2026-01-30 13:04:45,699 - INFO: Evaluating at iteration 52921
2026-01-30 13:04:46,200 - INFO: Loss: 0.307075
2026-01-30 13:04:46,200 - INFO: Training ROC-AUC: 0.923077
2026-01-30 13:04:46,200 - INFO: Validation ROC-AUC: 0.614126
2026-01-30 13:04:50,887 - INFO: Evaluating at iteration 53421
2026-01-30 13:04:51,385 - INFO: Loss: 0.193799
2026-01-30 13:04:51,385 - INFO: Training ROC-AUC: 0.931034
2026-01-30 13:04:51,385 - INFO: Validation ROC-AUC: 0.613355
2026-01-30 13:04:56,059 - INFO: Evaluating at iteration 53921
2026-01-30 13:04:56,550 - INFO: Loss: 0.201638
2026-01-30 13:04:56,550 - INFO: Training ROC-AUC: 0.955556
2026-01-30 13:04:56,550 - INFO: Validation ROC-AUC: 0.612314
2026-01-30 13:05:01,245 - INFO: Evaluating at iteration 54421
2026-01-30 13:05:01,741 - INFO: Loss: 0.329283
2026-01-30 13:05:01,741 - INFO: Training ROC-AUC: 0.897436
2026-01-30 13:05:01,741 - INFO: Validation ROC-AUC: 0.613946
2026-01-30 13:05:06,419 - INFO: Evaluating at iteration 54921
2026-01-30 13:05:06,907 - INFO: Loss: 0.238267
2026-01-30 13:05:06,907 - INFO: Training ROC-AUC: 0.985185
2026-01-30 13:05:06,907 - INFO: Validation ROC-AUC: 0.615304
2026-01-30 13:05:08,839 - INFO: Saving model to models/NetTCR_peptide_split/model_4.pt
2026-01-30 13:05:08,853 - INFO: Starting fold 5
2026-01-30 13:05:08,855 - INFO: Initialising model
2026-01-30 13:05:08,862 - INFO: Starting training
2026-01-30 13:05:08,862 - INFO: Starting epoch 1
2026-01-30 13:05:08,876 - INFO: Evaluating at iteration 1
2026-01-30 13:05:09,476 - INFO: Loss: 0.763012
2026-01-30 13:05:09,476 - INFO: Training ROC-AUC: 0.453125
2026-01-30 13:05:09,476 - INFO: Validation ROC-AUC: 0.507724
2026-01-30 13:05:13,998 - INFO: Evaluating at iteration 501
2026-01-30 13:05:14,575 - INFO: Loss: 0.485890
2026-01-30 13:05:14,575 - INFO: Training ROC-AUC: 0.487179
2026-01-30 13:05:14,575 - INFO: Validation ROC-AUC: 0.303546
2026-01-30 13:05:19,075 - INFO: Evaluating at iteration 1001
2026-01-30 13:05:19,642 - INFO: Loss: 0.330374
2026-01-30 13:05:19,642 - INFO: Training ROC-AUC: 0.103448
2026-01-30 13:05:19,642 - INFO: Validation ROC-AUC: 0.322716
2026-01-30 13:05:24,148 - INFO: Evaluating at iteration 1501
2026-01-30 13:05:24,690 - INFO: Loss: 0.349493
2026-01-30 13:05:24,691 - INFO: Training ROC-AUC: 0.304598
2026-01-30 13:05:24,691 - INFO: Validation ROC-AUC: 0.359289
2026-01-30 13:05:29,164 - INFO: Evaluating at iteration 2001
2026-01-30 13:05:29,702 - INFO: Loss: 0.364008
2026-01-30 13:05:29,702 - INFO: Training ROC-AUC: 0.607143
2026-01-30 13:05:29,702 - INFO: Validation ROC-AUC: 0.357072
2026-01-30 13:05:31,450 - INFO: Starting epoch 2
2026-01-30 13:05:31,460 - INFO: Evaluating at iteration 2193
2026-01-30 13:05:31,988 - INFO: Loss: 0.478015
2026-01-30 13:05:31,989 - INFO: Training ROC-AUC: 0.560000
2026-01-30 13:05:31,989 - INFO: Validation ROC-AUC: 0.335111
2026-01-30 13:05:36,552 - INFO: Evaluating at iteration 2693
2026-01-30 13:05:37,080 - INFO: Loss: 0.395269
2026-01-30 13:05:37,080 - INFO: Training ROC-AUC: 0.495536
2026-01-30 13:05:37,080 - INFO: Validation ROC-AUC: 0.332124
2026-01-30 13:05:41,626 - INFO: Evaluating at iteration 3193
2026-01-30 13:05:42,155 - INFO: Loss: 0.416228
2026-01-30 13:05:42,155 - INFO: Training ROC-AUC: 0.583333
2026-01-30 13:05:42,155 - INFO: Validation ROC-AUC: 0.327966
2026-01-30 13:05:46,752 - INFO: Evaluating at iteration 3693
2026-01-30 13:05:47,293 - INFO: Loss: 0.398763
2026-01-30 13:05:47,293 - INFO: Training ROC-AUC: 0.677778
2026-01-30 13:05:47,293 - INFO: Validation ROC-AUC: 0.316550
2026-01-30 13:05:51,867 - INFO: Evaluating at iteration 4193
2026-01-30 13:05:52,394 - INFO: Loss: 0.256268
2026-01-30 13:05:52,394 - INFO: Training ROC-AUC: 0.758621
2026-01-30 13:05:52,394 - INFO: Validation ROC-AUC: 0.368571
2026-01-30 13:05:54,157 - INFO: Starting epoch 3
2026-01-30 13:05:54,167 - INFO: Evaluating at iteration 4385
2026-01-30 13:05:54,695 - INFO: Loss: 0.446838
2026-01-30 13:05:54,695 - INFO: Training ROC-AUC: 0.459259
2026-01-30 13:05:54,695 - INFO: Validation ROC-AUC: 0.435797
2026-01-30 13:05:59,282 - INFO: Evaluating at iteration 4885
2026-01-30 13:05:59,812 - INFO: Loss: 0.498956
2026-01-30 13:05:59,812 - INFO: Training ROC-AUC: 0.617143
2026-01-30 13:05:59,812 - INFO: Validation ROC-AUC: 0.463338
2026-01-30 13:06:04,404 - INFO: Evaluating at iteration 5385
2026-01-30 13:06:04,931 - INFO: Loss: 0.224957
2026-01-30 13:06:04,931 - INFO: Training ROC-AUC: 0.709677
2026-01-30 13:06:04,931 - INFO: Validation ROC-AUC: 0.464489
2026-01-30 13:06:09,560 - INFO: Evaluating at iteration 5885
2026-01-30 13:06:10,091 - INFO: Loss: 0.357561
2026-01-30 13:06:10,091 - INFO: Training ROC-AUC: 0.625000
2026-01-30 13:06:10,091 - INFO: Validation ROC-AUC: 0.469978
2026-01-30 13:06:14,703 - INFO: Evaluating at iteration 6385
2026-01-30 13:06:15,235 - INFO: Loss: 0.326501
2026-01-30 13:06:15,235 - INFO: Training ROC-AUC: 0.629630
2026-01-30 13:06:15,235 - INFO: Validation ROC-AUC: 0.450970
2026-01-30 13:06:17,003 - INFO: Starting epoch 4
2026-01-30 13:06:17,013 - INFO: Evaluating at iteration 6577
2026-01-30 13:06:17,548 - INFO: Loss: 0.477442
2026-01-30 13:06:17,548 - INFO: Training ROC-AUC: 0.688571
2026-01-30 13:06:17,548 - INFO: Validation ROC-AUC: 0.435225
2026-01-30 13:06:22,181 - INFO: Evaluating at iteration 7077
2026-01-30 13:06:22,706 - INFO: Loss: 0.440454
2026-01-30 13:06:22,706 - INFO: Training ROC-AUC: 0.666667
2026-01-30 13:06:22,706 - INFO: Validation ROC-AUC: 0.453461
2026-01-30 13:06:27,335 - INFO: Evaluating at iteration 7577
2026-01-30 13:06:27,874 - INFO: Loss: 0.378465
2026-01-30 13:06:27,874 - INFO: Training ROC-AUC: 0.647436
2026-01-30 13:06:27,874 - INFO: Validation ROC-AUC: 0.429723
2026-01-30 13:06:32,520 - INFO: Evaluating at iteration 8077
2026-01-30 13:06:33,038 - INFO: Loss: 0.323800
2026-01-30 13:06:33,038 - INFO: Training ROC-AUC: 0.857143
2026-01-30 13:06:33,038 - INFO: Validation ROC-AUC: 0.442559
2026-01-30 13:06:37,678 - INFO: Evaluating at iteration 8577
2026-01-30 13:06:38,203 - INFO: Loss: 0.243642
2026-01-30 13:06:38,203 - INFO: Training ROC-AUC: 0.966667
2026-01-30 13:06:38,203 - INFO: Validation ROC-AUC: 0.497255
2026-01-30 13:06:39,985 - INFO: Starting epoch 5
2026-01-30 13:06:39,995 - INFO: Evaluating at iteration 8769
2026-01-30 13:06:40,531 - INFO: Loss: 0.422713
2026-01-30 13:06:40,531 - INFO: Training ROC-AUC: 0.858974
2026-01-30 13:06:40,531 - INFO: Validation ROC-AUC: 0.458597
2026-01-30 13:06:45,166 - INFO: Evaluating at iteration 9269
2026-01-30 13:06:45,702 - INFO: Loss: 0.323972
2026-01-30 13:06:45,703 - INFO: Training ROC-AUC: 0.714286
2026-01-30 13:06:45,703 - INFO: Validation ROC-AUC: 0.471501
2026-01-30 13:06:50,319 - INFO: Evaluating at iteration 9769
2026-01-30 13:06:50,849 - INFO: Loss: 0.495329
2026-01-30 13:06:50,849 - INFO: Training ROC-AUC: 0.720000
2026-01-30 13:06:50,849 - INFO: Validation ROC-AUC: 0.511557
2026-01-30 13:06:55,494 - INFO: Evaluating at iteration 10269
2026-01-30 13:06:56,016 - INFO: Loss: 0.330774
2026-01-30 13:06:56,016 - INFO: Training ROC-AUC: 0.878205
2026-01-30 13:06:56,017 - INFO: Validation ROC-AUC: 0.557203
2026-01-30 13:07:00,650 - INFO: Evaluating at iteration 10769
2026-01-30 13:07:01,174 - INFO: Loss: 0.377914
2026-01-30 13:07:01,174 - INFO: Training ROC-AUC: 0.852564
2026-01-30 13:07:01,174 - INFO: Validation ROC-AUC: 0.507997
2026-01-30 13:07:02,965 - INFO: Starting epoch 6
2026-01-30 13:07:02,975 - INFO: Evaluating at iteration 10961
2026-01-30 13:07:03,497 - INFO: Loss: 0.252562
2026-01-30 13:07:03,497 - INFO: Training ROC-AUC: 0.857143
2026-01-30 13:07:03,497 - INFO: Validation ROC-AUC: 0.525781
2026-01-30 13:07:08,157 - INFO: Evaluating at iteration 11461
2026-01-30 13:07:08,676 - INFO: Loss: 0.389955
2026-01-30 13:07:08,981 - INFO: Training ROC-AUC: 0.762963
2026-01-30 13:07:08,981 - INFO: Validation ROC-AUC: 0.536975
2026-01-30 13:07:13,637 - INFO: Evaluating at iteration 11961
2026-01-30 13:07:14,160 - INFO: Loss: 0.267603
2026-01-30 13:07:14,160 - INFO: Training ROC-AUC: 0.874074
2026-01-30 13:07:14,160 - INFO: Validation ROC-AUC: 0.503419
2026-01-30 13:07:18,823 - INFO: Evaluating at iteration 12461
2026-01-30 13:07:19,361 - INFO: Loss: 0.356679
2026-01-30 13:07:19,361 - INFO: Training ROC-AUC: 0.785185
2026-01-30 13:07:19,361 - INFO: Validation ROC-AUC: 0.464166
2026-01-30 13:07:23,987 - INFO: Evaluating at iteration 12961
2026-01-30 13:07:24,513 - INFO: Loss: 0.474184
2026-01-30 13:07:24,513 - INFO: Training ROC-AUC: 0.776042
2026-01-30 13:07:24,513 - INFO: Validation ROC-AUC: 0.509881
2026-01-30 13:07:26,300 - INFO: Starting epoch 7
2026-01-30 13:07:26,310 - INFO: Evaluating at iteration 13153
2026-01-30 13:07:26,820 - INFO: Loss: 0.290920
2026-01-30 13:07:26,820 - INFO: Training ROC-AUC: 0.689655
2026-01-30 13:07:26,820 - INFO: Validation ROC-AUC: 0.525801
2026-01-30 13:07:31,493 - INFO: Evaluating at iteration 13653
2026-01-30 13:07:32,027 - INFO: Loss: 0.315221
2026-01-30 13:07:32,027 - INFO: Training ROC-AUC: 0.914286
2026-01-30 13:07:32,027 - INFO: Validation ROC-AUC: 0.545225
2026-01-30 13:07:36,676 - INFO: Evaluating at iteration 14153
2026-01-30 13:07:37,192 - INFO: Loss: 0.432005
2026-01-30 13:07:37,193 - INFO: Training ROC-AUC: 0.641026
2026-01-30 13:07:37,193 - INFO: Validation ROC-AUC: 0.528951
2026-01-30 13:07:41,861 - INFO: Evaluating at iteration 14653
2026-01-30 13:07:42,379 - INFO: Loss: 0.269197
2026-01-30 13:07:42,379 - INFO: Training ROC-AUC: 0.583333
2026-01-30 13:07:42,379 - INFO: Validation ROC-AUC: 0.540270
2026-01-30 13:07:47,039 - INFO: Evaluating at iteration 15153
2026-01-30 13:07:47,562 - INFO: Loss: 0.314417
2026-01-30 13:07:47,562 - INFO: Training ROC-AUC: 0.586207
2026-01-30 13:07:47,562 - INFO: Validation ROC-AUC: 0.542018
2026-01-30 13:07:49,347 - INFO: Starting epoch 8
2026-01-30 13:07:49,358 - INFO: Evaluating at iteration 15345
2026-01-30 13:07:49,877 - INFO: Loss: 0.371370
2026-01-30 13:07:49,877 - INFO: Training ROC-AUC: 0.820513
2026-01-30 13:07:49,877 - INFO: Validation ROC-AUC: 0.594336
2026-01-30 13:07:54,529 - INFO: Evaluating at iteration 15845
2026-01-30 13:07:55,046 - INFO: Loss: 0.237290
2026-01-30 13:07:55,047 - INFO: Training ROC-AUC: 0.827586
2026-01-30 13:07:55,047 - INFO: Validation ROC-AUC: 0.539037
2026-01-30 13:07:59,700 - INFO: Evaluating at iteration 16345
2026-01-30 13:08:00,211 - INFO: Loss: 0.549581
2026-01-30 13:08:00,211 - INFO: Training ROC-AUC: 0.787440
2026-01-30 13:08:00,211 - INFO: Validation ROC-AUC: 0.633481
2026-01-30 13:08:04,906 - INFO: Evaluating at iteration 16845
2026-01-30 13:08:05,422 - INFO: Loss: 0.436743
2026-01-30 13:08:05,422 - INFO: Training ROC-AUC: 0.685897
2026-01-30 13:08:05,422 - INFO: Validation ROC-AUC: 0.534276
2026-01-30 13:08:10,074 - INFO: Evaluating at iteration 17345
2026-01-30 13:08:10,593 - INFO: Loss: 0.271433
2026-01-30 13:08:10,593 - INFO: Training ROC-AUC: 0.712644
2026-01-30 13:08:10,593 - INFO: Validation ROC-AUC: 0.496077
2026-01-30 13:08:12,384 - INFO: Starting epoch 9
2026-01-30 13:08:12,394 - INFO: Evaluating at iteration 17537
2026-01-30 13:08:12,915 - INFO: Loss: 0.191095
2026-01-30 13:08:12,915 - INFO: Training ROC-AUC: 0.903226
2026-01-30 13:08:12,915 - INFO: Validation ROC-AUC: 0.543063
2026-01-30 13:08:17,584 - INFO: Evaluating at iteration 18037
2026-01-30 13:08:18,101 - INFO: Loss: 0.329737
2026-01-30 13:08:18,101 - INFO: Training ROC-AUC: 0.814103
2026-01-30 13:08:18,101 - INFO: Validation ROC-AUC: 0.476160
2026-01-30 13:08:22,772 - INFO: Evaluating at iteration 18537
2026-01-30 13:08:23,298 - INFO: Loss: 0.298567
2026-01-30 13:08:23,298 - INFO: Training ROC-AUC: 0.781609
2026-01-30 13:08:23,298 - INFO: Validation ROC-AUC: 0.516949
2026-01-30 13:08:27,970 - INFO: Evaluating at iteration 19037
2026-01-30 13:08:28,490 - INFO: Loss: 0.244819
2026-01-30 13:08:28,490 - INFO: Training ROC-AUC: 0.766667
2026-01-30 13:08:28,490 - INFO: Validation ROC-AUC: 0.653476
2026-01-30 13:08:33,139 - INFO: Evaluating at iteration 19537
2026-01-30 13:08:33,667 - INFO: Loss: 0.614813
2026-01-30 13:08:33,667 - INFO: Training ROC-AUC: 0.736364
2026-01-30 13:08:33,667 - INFO: Validation ROC-AUC: 0.582369
2026-01-30 13:08:35,505 - INFO: Starting epoch 10
2026-01-30 13:08:35,516 - INFO: Evaluating at iteration 19729
2026-01-30 13:08:36,037 - INFO: Loss: 0.411744
2026-01-30 13:08:36,037 - INFO: Training ROC-AUC: 0.748571
2026-01-30 13:08:36,037 - INFO: Validation ROC-AUC: 0.480936
2026-01-30 13:08:41,057 - INFO: Evaluating at iteration 20229
2026-01-30 13:08:41,650 - INFO: Loss: 0.152436
2026-01-30 13:08:41,650 - INFO: Training ROC-AUC: 0.838710
2026-01-30 13:08:41,650 - INFO: Validation ROC-AUC: 0.600530
2026-01-30 13:08:46,766 - INFO: Evaluating at iteration 20729
2026-01-30 13:08:47,347 - INFO: Loss: 0.342302
2026-01-30 13:08:47,347 - INFO: Training ROC-AUC: 0.896296
2026-01-30 13:08:47,347 - INFO: Validation ROC-AUC: 0.501757
2026-01-30 13:08:52,497 - INFO: Evaluating at iteration 21229
2026-01-30 13:08:53,075 - INFO: Loss: 0.358147
2026-01-30 13:08:53,075 - INFO: Training ROC-AUC: 0.714286
2026-01-30 13:08:53,075 - INFO: Validation ROC-AUC: 0.557124
2026-01-30 13:08:58,179 - INFO: Evaluating at iteration 21729
2026-01-30 13:08:58,765 - INFO: Loss: 0.350046
2026-01-30 13:08:58,766 - INFO: Training ROC-AUC: 0.837037
2026-01-30 13:08:58,766 - INFO: Validation ROC-AUC: 0.646396
2026-01-30 13:09:00,724 - INFO: Starting epoch 11
2026-01-30 13:09:00,735 - INFO: Evaluating at iteration 21921
2026-01-30 13:09:01,310 - INFO: Loss: 0.427158
2026-01-30 13:09:01,310 - INFO: Training ROC-AUC: 0.811429
2026-01-30 13:09:01,310 - INFO: Validation ROC-AUC: 0.563641
2026-01-30 13:09:06,411 - INFO: Evaluating at iteration 22421
2026-01-30 13:09:06,991 - INFO: Loss: 0.362366
2026-01-30 13:09:06,991 - INFO: Training ROC-AUC: 0.807407
2026-01-30 13:09:06,991 - INFO: Validation ROC-AUC: 0.631514
2026-01-30 13:09:12,081 - INFO: Evaluating at iteration 22921
2026-01-30 13:09:12,652 - INFO: Loss: 0.422371
2026-01-30 13:09:12,652 - INFO: Training ROC-AUC: 0.553571
2026-01-30 13:09:12,652 - INFO: Validation ROC-AUC: 0.582918
2026-01-30 13:09:17,783 - INFO: Evaluating at iteration 23421
2026-01-30 13:09:18,370 - INFO: Loss: 0.285812
2026-01-30 13:09:18,370 - INFO: Training ROC-AUC: 0.803571
2026-01-30 13:09:18,370 - INFO: Validation ROC-AUC: 0.553461
2026-01-30 13:09:23,421 - INFO: Evaluating at iteration 23921
2026-01-30 13:09:23,973 - INFO: Loss: 0.320235
2026-01-30 13:09:23,973 - INFO: Training ROC-AUC: 0.874286
2026-01-30 13:09:23,973 - INFO: Validation ROC-AUC: 0.552770
2026-01-30 13:09:25,919 - INFO: Starting epoch 12
2026-01-30 13:09:25,930 - INFO: Evaluating at iteration 24113
2026-01-30 13:09:26,506 - INFO: Loss: 0.250498
2026-01-30 13:09:26,506 - INFO: Training ROC-AUC: 0.928571
2026-01-30 13:09:26,506 - INFO: Validation ROC-AUC: 0.555188
2026-01-30 13:09:31,576 - INFO: Evaluating at iteration 24613
2026-01-30 13:09:32,154 - INFO: Loss: 0.291521
2026-01-30 13:09:32,154 - INFO: Training ROC-AUC: 0.829630
2026-01-30 13:09:32,154 - INFO: Validation ROC-AUC: 0.615857
2026-01-30 13:09:37,157 - INFO: Evaluating at iteration 25113
2026-01-30 13:09:37,753 - INFO: Loss: 0.226474
2026-01-30 13:09:37,753 - INFO: Training ROC-AUC: 0.833333
2026-01-30 13:09:37,753 - INFO: Validation ROC-AUC: 0.615340
2026-01-30 13:09:42,826 - INFO: Evaluating at iteration 25613
2026-01-30 13:09:43,411 - INFO: Loss: 0.262653
2026-01-30 13:09:43,411 - INFO: Training ROC-AUC: 0.888889
2026-01-30 13:09:43,411 - INFO: Validation ROC-AUC: 0.644366
2026-01-30 13:09:48,466 - INFO: Evaluating at iteration 26113
2026-01-30 13:09:49,041 - INFO: Loss: 0.280982
2026-01-30 13:09:49,042 - INFO: Training ROC-AUC: 0.793103
2026-01-30 13:09:49,042 - INFO: Validation ROC-AUC: 0.505374
2026-01-30 13:09:50,991 - INFO: Starting epoch 13
2026-01-30 13:09:51,002 - INFO: Evaluating at iteration 26305
2026-01-30 13:09:51,581 - INFO: Loss: 0.313548
2026-01-30 13:09:51,581 - INFO: Training ROC-AUC: 0.837037
2026-01-30 13:09:51,581 - INFO: Validation ROC-AUC: 0.648990
2026-01-30 13:09:56,634 - INFO: Evaluating at iteration 26805
2026-01-30 13:09:57,224 - INFO: Loss: 0.449764
2026-01-30 13:09:57,224 - INFO: Training ROC-AUC: 0.771429
2026-01-30 13:09:57,224 - INFO: Validation ROC-AUC: 0.686128
2026-01-30 13:10:02,261 - INFO: Evaluating at iteration 27305
2026-01-30 13:10:02,839 - INFO: Loss: 0.261369
2026-01-30 13:10:02,839 - INFO: Training ROC-AUC: 0.919643
2026-01-30 13:10:02,839 - INFO: Validation ROC-AUC: 0.706644
2026-01-30 13:10:07,896 - INFO: Evaluating at iteration 27805
2026-01-30 13:10:08,480 - INFO: Loss: 0.379292
2026-01-30 13:10:08,480 - INFO: Training ROC-AUC: 0.829630
2026-01-30 13:10:08,480 - INFO: Validation ROC-AUC: 0.714472
2026-01-30 13:10:13,535 - INFO: Evaluating at iteration 28305
2026-01-30 13:10:14,111 - INFO: Loss: 0.352861
2026-01-30 13:10:14,111 - INFO: Training ROC-AUC: 0.829630
2026-01-30 13:10:14,111 - INFO: Validation ROC-AUC: 0.528515
2026-01-30 13:10:16,038 - INFO: Starting epoch 14
2026-01-30 13:10:16,049 - INFO: Evaluating at iteration 28497
2026-01-30 13:10:16,618 - INFO: Loss: 0.397752
2026-01-30 13:10:16,619 - INFO: Training ROC-AUC: 0.852564
2026-01-30 13:10:16,619 - INFO: Validation ROC-AUC: 0.537412
2026-01-30 13:10:21,657 - INFO: Evaluating at iteration 28997
2026-01-30 13:10:22,237 - INFO: Loss: 0.172710
2026-01-30 13:10:22,237 - INFO: Training ROC-AUC: 0.709677
2026-01-30 13:10:22,237 - INFO: Validation ROC-AUC: 0.539868
2026-01-30 13:10:27,194 - INFO: Evaluating at iteration 29497
2026-01-30 13:10:27,708 - INFO: Loss: 0.263049
2026-01-30 13:10:27,708 - INFO: Training ROC-AUC: 0.871795
2026-01-30 13:10:27,708 - INFO: Validation ROC-AUC: 0.602674
2026-01-30 13:10:32,639 - INFO: Evaluating at iteration 29997
2026-01-30 13:10:33,191 - INFO: Loss: 0.474108
2026-01-30 13:10:33,191 - INFO: Training ROC-AUC: 0.875000
2026-01-30 13:10:33,191 - INFO: Validation ROC-AUC: 0.624264
2026-01-30 13:10:37,882 - INFO: Evaluating at iteration 30497
2026-01-30 13:10:38,411 - INFO: Loss: 0.431789
2026-01-30 13:10:38,411 - INFO: Training ROC-AUC: 0.723958
2026-01-30 13:10:38,411 - INFO: Validation ROC-AUC: 0.573764
2026-01-30 13:10:40,201 - INFO: Starting epoch 15
2026-01-30 13:10:40,212 - INFO: Evaluating at iteration 30689
2026-01-30 13:10:40,720 - INFO: Loss: 0.451983
2026-01-30 13:10:40,720 - INFO: Training ROC-AUC: 0.796875
2026-01-30 13:10:40,720 - INFO: Validation ROC-AUC: 0.603783
2026-01-30 13:10:45,379 - INFO: Evaluating at iteration 31189
2026-01-30 13:10:45,887 - INFO: Loss: 0.329219
2026-01-30 13:10:45,887 - INFO: Training ROC-AUC: 0.865385
2026-01-30 13:10:45,887 - INFO: Validation ROC-AUC: 0.540398
2026-01-30 13:10:50,541 - INFO: Evaluating at iteration 31689
2026-01-30 13:10:51,040 - INFO: Loss: 0.409327
2026-01-30 13:10:51,040 - INFO: Training ROC-AUC: 0.838542
2026-01-30 13:10:51,040 - INFO: Validation ROC-AUC: 0.635888
2026-01-30 13:10:55,698 - INFO: Evaluating at iteration 32189
2026-01-30 13:10:56,205 - INFO: Loss: 0.390408
2026-01-30 13:10:56,205 - INFO: Training ROC-AUC: 0.838542
2026-01-30 13:10:56,205 - INFO: Validation ROC-AUC: 0.691368
2026-01-30 13:11:00,845 - INFO: Evaluating at iteration 32689
2026-01-30 13:11:01,352 - INFO: Loss: 0.382967
2026-01-30 13:11:01,352 - INFO: Training ROC-AUC: 0.688889
2026-01-30 13:11:01,352 - INFO: Validation ROC-AUC: 0.624661
2026-01-30 13:11:03,141 - INFO: Starting epoch 16
2026-01-30 13:11:03,151 - INFO: Evaluating at iteration 32881
2026-01-30 13:11:03,665 - INFO: Loss: 0.391050
2026-01-30 13:11:03,665 - INFO: Training ROC-AUC: 0.788462
2026-01-30 13:11:03,665 - INFO: Validation ROC-AUC: 0.605826
2026-01-30 13:11:08,334 - INFO: Evaluating at iteration 33381
2026-01-30 13:11:08,858 - INFO: Loss: 0.253590
2026-01-30 13:11:08,858 - INFO: Training ROC-AUC: 0.970370
2026-01-30 13:11:08,858 - INFO: Validation ROC-AUC: 0.553600
2026-01-30 13:11:13,517 - INFO: Evaluating at iteration 33881
2026-01-30 13:11:14,019 - INFO: Loss: 0.456563
2026-01-30 13:11:14,019 - INFO: Training ROC-AUC: 0.904545
2026-01-30 13:11:14,019 - INFO: Validation ROC-AUC: 0.578778
2026-01-30 13:11:18,695 - INFO: Evaluating at iteration 34381
2026-01-30 13:11:19,209 - INFO: Loss: 0.360305
2026-01-30 13:11:19,209 - INFO: Training ROC-AUC: 0.800000
2026-01-30 13:11:19,209 - INFO: Validation ROC-AUC: 0.595502
2026-01-30 13:11:23,877 - INFO: Evaluating at iteration 34881
2026-01-30 13:11:24,389 - INFO: Loss: 0.343041
2026-01-30 13:11:24,389 - INFO: Training ROC-AUC: 0.769231
2026-01-30 13:11:24,389 - INFO: Validation ROC-AUC: 0.529398
2026-01-30 13:11:26,190 - INFO: Starting epoch 17
2026-01-30 13:11:26,201 - INFO: Evaluating at iteration 35073
2026-01-30 13:11:26,712 - INFO: Loss: 0.381427
2026-01-30 13:11:26,712 - INFO: Training ROC-AUC: 0.762963
2026-01-30 13:11:26,712 - INFO: Validation ROC-AUC: 0.576994
2026-01-30 13:11:31,382 - INFO: Evaluating at iteration 35573
2026-01-30 13:11:31,891 - INFO: Loss: 0.309325
2026-01-30 13:11:31,891 - INFO: Training ROC-AUC: 0.620690
2026-01-30 13:11:31,891 - INFO: Validation ROC-AUC: 0.587194
2026-01-30 13:11:36,540 - INFO: Evaluating at iteration 36073
2026-01-30 13:11:37,048 - INFO: Loss: 0.569360
2026-01-30 13:11:37,048 - INFO: Training ROC-AUC: 0.770563
2026-01-30 13:11:37,048 - INFO: Validation ROC-AUC: 0.494594
2026-01-30 13:11:41,716 - INFO: Evaluating at iteration 36573
2026-01-30 13:11:42,222 - INFO: Loss: 0.312103
2026-01-30 13:11:42,222 - INFO: Training ROC-AUC: 0.821429
2026-01-30 13:11:42,222 - INFO: Validation ROC-AUC: 0.472828
2026-01-30 13:11:46,870 - INFO: Evaluating at iteration 37073
2026-01-30 13:11:47,379 - INFO: Loss: 0.221449
2026-01-30 13:11:47,380 - INFO: Training ROC-AUC: 0.766667
2026-01-30 13:11:47,380 - INFO: Validation ROC-AUC: 0.485724
2026-01-30 13:11:49,170 - INFO: Starting epoch 18
2026-01-30 13:11:49,180 - INFO: Evaluating at iteration 37265
2026-01-30 13:11:49,702 - INFO: Loss: 0.247977
2026-01-30 13:11:49,702 - INFO: Training ROC-AUC: 0.700000
2026-01-30 13:11:49,702 - INFO: Validation ROC-AUC: 0.476775
2026-01-30 13:11:54,357 - INFO: Evaluating at iteration 37765
2026-01-30 13:11:54,864 - INFO: Loss: 0.438834
2026-01-30 13:11:54,864 - INFO: Training ROC-AUC: 0.777778
2026-01-30 13:11:54,864 - INFO: Validation ROC-AUC: 0.474180
2026-01-30 13:11:59,506 - INFO: Evaluating at iteration 38265
2026-01-30 13:12:00,020 - INFO: Loss: 0.342673
2026-01-30 13:12:00,020 - INFO: Training ROC-AUC: 0.859259
2026-01-30 13:12:00,020 - INFO: Validation ROC-AUC: 0.574508
2026-01-30 13:12:04,688 - INFO: Evaluating at iteration 38765
2026-01-30 13:12:05,193 - INFO: Loss: 0.410603
2026-01-30 13:12:05,193 - INFO: Training ROC-AUC: 0.898551
2026-01-30 13:12:05,194 - INFO: Validation ROC-AUC: 0.630698
2026-01-30 13:12:09,845 - INFO: Evaluating at iteration 39265
2026-01-30 13:12:10,362 - INFO: Loss: 0.238379
2026-01-30 13:12:10,362 - INFO: Training ROC-AUC: 0.965517
2026-01-30 13:12:10,362 - INFO: Validation ROC-AUC: 0.502338
2026-01-30 13:12:12,149 - INFO: Starting epoch 19
2026-01-30 13:12:12,159 - INFO: Evaluating at iteration 39457
2026-01-30 13:12:12,671 - INFO: Loss: 0.211488
2026-01-30 13:12:12,671 - INFO: Training ROC-AUC: 0.901786
2026-01-30 13:12:12,671 - INFO: Validation ROC-AUC: 0.577942
2026-01-30 13:12:17,338 - INFO: Evaluating at iteration 39957
2026-01-30 13:12:17,849 - INFO: Loss: 0.235892
2026-01-30 13:12:17,849 - INFO: Training ROC-AUC: 0.908046
2026-01-30 13:12:17,849 - INFO: Validation ROC-AUC: 0.671642
2026-01-30 13:12:22,513 - INFO: Evaluating at iteration 40457
2026-01-30 13:12:23,017 - INFO: Loss: 0.409310
2026-01-30 13:12:23,017 - INFO: Training ROC-AUC: 0.711538
2026-01-30 13:12:23,017 - INFO: Validation ROC-AUC: 0.480190
2026-01-30 13:12:27,701 - INFO: Evaluating at iteration 40957
2026-01-30 13:12:28,212 - INFO: Loss: 0.240948
2026-01-30 13:12:28,212 - INFO: Training ROC-AUC: 0.827586
2026-01-30 13:12:28,212 - INFO: Validation ROC-AUC: 0.550581
2026-01-30 13:12:32,872 - INFO: Evaluating at iteration 41457
2026-01-30 13:12:33,382 - INFO: Loss: 0.300678
2026-01-30 13:12:33,382 - INFO: Training ROC-AUC: 0.903846
2026-01-30 13:12:33,382 - INFO: Validation ROC-AUC: 0.533782
2026-01-30 13:12:35,181 - INFO: Starting epoch 20
2026-01-30 13:12:35,193 - INFO: Evaluating at iteration 41649
2026-01-30 13:12:35,708 - INFO: Loss: 0.179295
2026-01-30 13:12:35,708 - INFO: Training ROC-AUC: 0.833333
2026-01-30 13:12:35,708 - INFO: Validation ROC-AUC: 0.543258
2026-01-30 13:12:40,384 - INFO: Evaluating at iteration 42149
2026-01-30 13:12:40,900 - INFO: Loss: 0.251153
2026-01-30 13:12:40,900 - INFO: Training ROC-AUC: 0.830357
2026-01-30 13:12:40,900 - INFO: Validation ROC-AUC: 0.599494
2026-01-30 13:12:45,580 - INFO: Evaluating at iteration 42649
2026-01-30 13:12:46,103 - INFO: Loss: 0.406910
2026-01-30 13:12:46,103 - INFO: Training ROC-AUC: 0.845411
2026-01-30 13:12:46,103 - INFO: Validation ROC-AUC: 0.536899
2026-01-30 13:12:50,792 - INFO: Evaluating at iteration 43149
2026-01-30 13:12:51,318 - INFO: Loss: 0.181931
2026-01-30 13:12:51,318 - INFO: Training ROC-AUC: 0.896552
2026-01-30 13:12:51,318 - INFO: Validation ROC-AUC: 0.547271
2026-01-30 13:12:55,996 - INFO: Evaluating at iteration 43649
2026-01-30 13:12:56,511 - INFO: Loss: 0.355947
2026-01-30 13:12:56,511 - INFO: Training ROC-AUC: 0.748148
2026-01-30 13:12:56,511 - INFO: Validation ROC-AUC: 0.536561
2026-01-30 13:12:58,307 - INFO: Starting epoch 21
2026-01-30 13:12:58,317 - INFO: Evaluating at iteration 43841
2026-01-30 13:12:58,825 - INFO: Loss: 0.363148
2026-01-30 13:12:58,826 - INFO: Training ROC-AUC: 0.788462
2026-01-30 13:12:58,826 - INFO: Validation ROC-AUC: 0.528754
2026-01-30 13:13:03,518 - INFO: Evaluating at iteration 44341
2026-01-30 13:13:04,034 - INFO: Loss: 0.334032
2026-01-30 13:13:04,034 - INFO: Training ROC-AUC: 0.871795
2026-01-30 13:13:04,034 - INFO: Validation ROC-AUC: 0.499215
2026-01-30 13:13:08,705 - INFO: Evaluating at iteration 44841
2026-01-30 13:13:09,214 - INFO: Loss: 0.284737
2026-01-30 13:13:09,214 - INFO: Training ROC-AUC: 0.891026
2026-01-30 13:13:09,214 - INFO: Validation ROC-AUC: 0.570010
2026-01-30 13:13:13,900 - INFO: Evaluating at iteration 45341
2026-01-30 13:13:14,411 - INFO: Loss: 0.174199
2026-01-30 13:13:14,411 - INFO: Training ROC-AUC: 0.965517
2026-01-30 13:13:14,412 - INFO: Validation ROC-AUC: 0.548556
2026-01-30 13:13:19,081 - INFO: Evaluating at iteration 45841
2026-01-30 13:13:19,602 - INFO: Loss: 0.525742
2026-01-30 13:13:19,602 - INFO: Training ROC-AUC: 0.729167
2026-01-30 13:13:19,602 - INFO: Validation ROC-AUC: 0.473651
2026-01-30 13:13:21,398 - INFO: Starting epoch 22
2026-01-30 13:13:21,409 - INFO: Evaluating at iteration 46033
2026-01-30 13:13:21,916 - INFO: Loss: 0.266385
2026-01-30 13:13:21,916 - INFO: Training ROC-AUC: 0.859259
2026-01-30 13:13:21,916 - INFO: Validation ROC-AUC: 0.548313
2026-01-30 13:13:26,612 - INFO: Evaluating at iteration 46533
2026-01-30 13:13:27,117 - INFO: Loss: 0.377467
2026-01-30 13:13:27,118 - INFO: Training ROC-AUC: 0.674074
2026-01-30 13:13:27,118 - INFO: Validation ROC-AUC: 0.484367
2026-01-30 13:13:31,798 - INFO: Evaluating at iteration 47033
2026-01-30 13:13:32,312 - INFO: Loss: 0.349559
2026-01-30 13:13:32,312 - INFO: Training ROC-AUC: 0.775641
2026-01-30 13:13:32,312 - INFO: Validation ROC-AUC: 0.600242
2026-01-30 13:13:37,006 - INFO: Evaluating at iteration 47533
2026-01-30 13:13:37,520 - INFO: Loss: 0.361721
2026-01-30 13:13:37,520 - INFO: Training ROC-AUC: 0.777778
2026-01-30 13:13:37,520 - INFO: Validation ROC-AUC: 0.549635
2026-01-30 13:13:42,191 - INFO: Evaluating at iteration 48033
2026-01-30 13:13:42,704 - INFO: Loss: 0.367852
2026-01-30 13:13:42,704 - INFO: Training ROC-AUC: 0.859259
2026-01-30 13:13:42,704 - INFO: Validation ROC-AUC: 0.516389
2026-01-30 13:13:44,549 - INFO: Starting epoch 23
2026-01-30 13:13:44,560 - INFO: Evaluating at iteration 48225
2026-01-30 13:13:45,081 - INFO: Loss: 0.301100
2026-01-30 13:13:45,082 - INFO: Training ROC-AUC: 0.826923
2026-01-30 13:13:45,082 - INFO: Validation ROC-AUC: 0.577086
2026-01-30 13:13:49,785 - INFO: Evaluating at iteration 48725
2026-01-30 13:13:50,295 - INFO: Loss: 0.216622
2026-01-30 13:13:50,295 - INFO: Training ROC-AUC: 0.919643
2026-01-30 13:13:50,295 - INFO: Validation ROC-AUC: 0.598199
2026-01-30 13:13:54,974 - INFO: Evaluating at iteration 49225
2026-01-30 13:13:55,489 - INFO: Loss: 0.352801
2026-01-30 13:13:55,489 - INFO: Training ROC-AUC: 0.837037
2026-01-30 13:13:55,489 - INFO: Validation ROC-AUC: 0.540427
2026-01-30 13:14:00,174 - INFO: Evaluating at iteration 49725
2026-01-30 13:14:00,697 - INFO: Loss: 0.362952
2026-01-30 13:14:00,697 - INFO: Training ROC-AUC: 0.714286
2026-01-30 13:14:00,697 - INFO: Validation ROC-AUC: 0.601955
2026-01-30 13:14:05,367 - INFO: Evaluating at iteration 50225
2026-01-30 13:14:05,874 - INFO: Loss: 0.265807
2026-01-30 13:14:05,874 - INFO: Training ROC-AUC: 0.821429
2026-01-30 13:14:05,874 - INFO: Validation ROC-AUC: 0.656287
2026-01-30 13:14:07,675 - INFO: Starting epoch 24
2026-01-30 13:14:07,685 - INFO: Evaluating at iteration 50417
2026-01-30 13:14:08,208 - INFO: Loss: 0.163192
2026-01-30 13:14:08,208 - INFO: Training ROC-AUC: 0.883333
2026-01-30 13:14:08,208 - INFO: Validation ROC-AUC: 0.542078
2026-01-30 13:14:12,887 - INFO: Evaluating at iteration 50917
2026-01-30 13:14:13,396 - INFO: Loss: 0.382697
2026-01-30 13:14:13,396 - INFO: Training ROC-AUC: 0.743590
2026-01-30 13:14:13,396 - INFO: Validation ROC-AUC: 0.508673
2026-01-30 13:14:18,084 - INFO: Evaluating at iteration 51417
2026-01-30 13:14:18,614 - INFO: Loss: 0.400976
2026-01-30 13:14:18,614 - INFO: Training ROC-AUC: 0.718519
2026-01-30 13:14:18,614 - INFO: Validation ROC-AUC: 0.568199
2026-01-30 13:14:23,307 - INFO: Evaluating at iteration 51917
2026-01-30 13:14:23,814 - INFO: Loss: 0.406364
2026-01-30 13:14:23,815 - INFO: Training ROC-AUC: 0.828571
2026-01-30 13:14:23,815 - INFO: Validation ROC-AUC: 0.577855
2026-01-30 13:14:28,495 - INFO: Evaluating at iteration 52417
2026-01-30 13:14:29,025 - INFO: Loss: 0.295356
2026-01-30 13:14:29,025 - INFO: Training ROC-AUC: 0.923077
2026-01-30 13:14:29,025 - INFO: Validation ROC-AUC: 0.574830
2026-01-30 13:14:30,823 - INFO: Starting epoch 25
2026-01-30 13:14:30,833 - INFO: Evaluating at iteration 52609
2026-01-30 13:14:31,345 - INFO: Loss: 0.295028
2026-01-30 13:14:31,346 - INFO: Training ROC-AUC: 0.891026
2026-01-30 13:14:31,346 - INFO: Validation ROC-AUC: 0.620340
2026-01-30 13:14:36,042 - INFO: Evaluating at iteration 53109
2026-01-30 13:14:36,556 - INFO: Loss: 0.266061
2026-01-30 13:14:36,556 - INFO: Training ROC-AUC: 0.916667
2026-01-30 13:14:36,556 - INFO: Validation ROC-AUC: 0.603354
2026-01-30 13:14:41,235 - INFO: Evaluating at iteration 53609
2026-01-30 13:14:41,741 - INFO: Loss: 0.324518
2026-01-30 13:14:41,741 - INFO: Training ROC-AUC: 0.914286
2026-01-30 13:14:41,741 - INFO: Validation ROC-AUC: 0.520313
2026-01-30 13:14:46,431 - INFO: Evaluating at iteration 54109
2026-01-30 13:14:46,934 - INFO: Loss: 0.312511
2026-01-30 13:14:46,934 - INFO: Training ROC-AUC: 0.885714
2026-01-30 13:14:46,934 - INFO: Validation ROC-AUC: 0.587497
2026-01-30 13:14:51,618 - INFO: Evaluating at iteration 54609
2026-01-30 13:14:52,122 - INFO: Loss: 0.440797
2026-01-30 13:14:52,122 - INFO: Training ROC-AUC: 0.737143
2026-01-30 13:14:52,122 - INFO: Validation ROC-AUC: 0.616862
2026-01-30 13:14:53,932 - INFO: Saving model to models/NetTCR_peptide_split/model_5.pt
