2025-03-31 14:28:42,831 - INFO: Parameter: training_data='data/processed/sequences_pmhc_split.h5'
2025-03-31 14:28:42,832 - INFO: Parameter: contact_maps=None
2025-03-31 14:28:42,832 - INFO: Parameter: output='models/TCRStructMap_pmhc_split_sequence_only'
2025-03-31 14:28:42,832 - INFO: Parameter: seed=123
2025-03-31 14:28:42,832 - INFO: Parameter: cdr_1_length=8
2025-03-31 14:28:42,832 - INFO: Parameter: cdr_2_length=8
2025-03-31 14:28:42,832 - INFO: Parameter: cdr_3_length=24
2025-03-31 14:28:42,832 - INFO: Parameter: peptide_length=12
2025-03-31 14:28:42,832 - INFO: Parameter: mhc_pseudo_length=26
2025-03-31 14:28:42,832 - INFO: Parameter: batch_size=32
2025-03-31 14:28:42,832 - INFO: Parameter: num_epochs=25
2025-03-31 14:28:42,832 - INFO: Parameter: learning_rate=0.001
2025-03-31 14:28:42,832 - INFO: Parameter: drop_out_rate=0.2
2025-03-31 14:28:42,832 - INFO: Parameter: learn_contact_maps=False
2025-03-31 14:28:42,833 - INFO: Parameter: checkpoint_interval=1000
2025-03-31 14:28:42,833 - INFO: Parameter: eval_interval=500
2025-03-31 14:28:42,833 - INFO: Parameter: eval_batch_size=1000
2025-03-31 14:28:42,833 - INFO: Parameter: log_level='info'
2025-03-31 14:28:42,833 - INFO: Parameter: log_file='data/logs/train_TCRStructMap_pmhc_split_sequence_only.log'
2025-03-31 14:28:42,833 - INFO: Setting random seed to 123
2025-03-31 14:28:43,094 - INFO: Loading training data from data/processed/sequences_pmhc_split.h5
2025-03-31 14:28:48,004 - INFO: Creating models/TCRStructMap_pmhc_split_sequence_only
2025-03-31 14:28:48,029 - INFO: Starting fold 1
2025-03-31 14:28:48,030 - INFO: Initialising model
2025-03-31 14:29:17,415 - INFO: Starting training
2025-03-31 14:29:17,415 - INFO: Starting epoch 1
2025-03-31 14:29:18,222 - INFO: Evaluating at iteration 1
2025-03-31 14:29:18,359 - INFO: Loss: 0.694282
2025-03-31 14:29:18,359 - INFO: Training ROC-AUC: 0.777778
2025-03-31 14:29:18,359 - INFO: Validation ROC-AUC: 0.449737
2025-03-31 14:29:29,991 - INFO: Evaluating at iteration 501
2025-03-31 14:29:30,093 - INFO: Loss: 0.332344
2025-03-31 14:29:30,093 - INFO: Training ROC-AUC: 0.402299
2025-03-31 14:29:30,093 - INFO: Validation ROC-AUC: 0.438602
2025-03-31 14:29:41,771 - INFO: Evaluating at iteration 1001
2025-03-31 14:29:41,867 - INFO: Loss: 0.436155
2025-03-31 14:29:41,867 - INFO: Training ROC-AUC: 0.615385
2025-03-31 14:29:41,867 - INFO: Validation ROC-AUC: 0.477780
2025-03-31 14:29:53,549 - INFO: Evaluating at iteration 1501
2025-03-31 14:29:53,643 - INFO: Loss: 0.464823
2025-03-31 14:29:53,643 - INFO: Training ROC-AUC: 0.821256
2025-03-31 14:29:53,643 - INFO: Validation ROC-AUC: 0.321156
2025-03-31 14:30:05,140 - INFO: Evaluating at iteration 2001
2025-03-31 14:30:05,238 - INFO: Loss: 0.213914
2025-03-31 14:30:05,240 - INFO: Training ROC-AUC: 1.000000
2025-03-31 14:30:05,242 - INFO: Validation ROC-AUC: 0.441789
2025-03-31 14:30:16,661 - INFO: Evaluating at iteration 2501
2025-03-31 14:30:16,790 - INFO: Loss: 0.335236
2025-03-31 14:30:16,792 - INFO: Training ROC-AUC: 0.807692
2025-03-31 14:30:16,794 - INFO: Validation ROC-AUC: 0.518831
2025-03-31 14:30:18,738 - INFO: Starting epoch 2
2025-03-31 14:30:18,765 - INFO: Evaluating at iteration 2586
2025-03-31 14:30:18,866 - INFO: Loss: 0.183046
2025-03-31 14:30:18,868 - INFO: Training ROC-AUC: 0.919540
2025-03-31 14:30:18,870 - INFO: Validation ROC-AUC: 0.519941
2025-03-31 14:30:30,629 - INFO: Evaluating at iteration 3086
2025-03-31 14:30:30,742 - INFO: Loss: 0.383981
2025-03-31 14:30:30,744 - INFO: Training ROC-AUC: 0.788571
2025-03-31 14:30:30,746 - INFO: Validation ROC-AUC: 0.551608
2025-03-31 14:30:42,337 - INFO: Evaluating at iteration 3586
2025-03-31 14:30:42,465 - INFO: Loss: 0.362856
2025-03-31 14:30:42,468 - INFO: Training ROC-AUC: 0.770370
2025-03-31 14:30:42,471 - INFO: Validation ROC-AUC: 0.546704
2025-03-31 14:30:54,032 - INFO: Evaluating at iteration 4086
2025-03-31 14:30:54,159 - INFO: Loss: 0.428094
2025-03-31 14:30:54,162 - INFO: Training ROC-AUC: 0.673077
2025-03-31 14:30:54,164 - INFO: Validation ROC-AUC: 0.640366
2025-03-31 14:31:05,810 - INFO: Evaluating at iteration 4586
2025-03-31 14:31:05,927 - INFO: Loss: 0.239658
2025-03-31 14:31:05,929 - INFO: Training ROC-AUC: 0.866667
2025-03-31 14:31:05,931 - INFO: Validation ROC-AUC: 0.654805
2025-03-31 14:31:17,686 - INFO: Evaluating at iteration 5086
2025-03-31 14:31:17,801 - INFO: Loss: 0.230786
2025-03-31 14:31:17,804 - INFO: Training ROC-AUC: 0.875000
2025-03-31 14:31:17,806 - INFO: Validation ROC-AUC: 0.669100
2025-03-31 14:31:19,760 - INFO: Starting epoch 3
2025-03-31 14:31:19,789 - INFO: Evaluating at iteration 5171
2025-03-31 14:31:19,890 - INFO: Loss: 0.135894
2025-03-31 14:31:19,893 - INFO: Training ROC-AUC: 0.967742
2025-03-31 14:31:19,895 - INFO: Validation ROC-AUC: 0.658913
2025-03-31 14:31:31,630 - INFO: Evaluating at iteration 5671
2025-03-31 14:31:31,752 - INFO: Loss: 0.221132
2025-03-31 14:31:31,754 - INFO: Training ROC-AUC: 0.901786
2025-03-31 14:31:31,756 - INFO: Validation ROC-AUC: 0.686158
2025-03-31 14:31:43,460 - INFO: Evaluating at iteration 6171
2025-03-31 14:31:43,585 - INFO: Loss: 0.287574
2025-03-31 14:31:43,587 - INFO: Training ROC-AUC: 0.874074
2025-03-31 14:31:43,589 - INFO: Validation ROC-AUC: 0.686413
2025-03-31 14:31:55,288 - INFO: Evaluating at iteration 6671
2025-03-31 14:31:55,424 - INFO: Loss: 0.238713
2025-03-31 14:31:55,427 - INFO: Training ROC-AUC: 0.891026
2025-03-31 14:31:55,429 - INFO: Validation ROC-AUC: 0.666678
2025-03-31 14:32:07,058 - INFO: Evaluating at iteration 7171
2025-03-31 14:32:07,230 - INFO: Loss: 0.348500
2025-03-31 14:32:07,241 - INFO: Training ROC-AUC: 0.884058
2025-03-31 14:32:07,252 - INFO: Validation ROC-AUC: 0.645447
2025-03-31 14:32:19,052 - INFO: Evaluating at iteration 7671
2025-03-31 14:32:19,185 - INFO: Loss: 0.604146
2025-03-31 14:32:19,187 - INFO: Training ROC-AUC: 0.866667
2025-03-31 14:32:19,190 - INFO: Validation ROC-AUC: 0.679882
2025-03-31 14:32:21,175 - INFO: Starting epoch 4
2025-03-31 14:32:21,205 - INFO: Evaluating at iteration 7756
2025-03-31 14:32:21,306 - INFO: Loss: 0.272911
2025-03-31 14:32:21,308 - INFO: Training ROC-AUC: 0.935897
2025-03-31 14:32:21,310 - INFO: Validation ROC-AUC: 0.684415
2025-03-31 14:32:33,224 - INFO: Evaluating at iteration 8256
2025-03-31 14:32:33,351 - INFO: Loss: 0.300845
2025-03-31 14:32:33,357 - INFO: Training ROC-AUC: 0.574713
2025-03-31 14:32:33,359 - INFO: Validation ROC-AUC: 0.674612
2025-03-31 14:32:45,202 - INFO: Evaluating at iteration 8756
2025-03-31 14:32:45,329 - INFO: Loss: 0.135167
2025-03-31 14:32:45,333 - INFO: Training ROC-AUC: 1.000000
2025-03-31 14:32:45,336 - INFO: Validation ROC-AUC: 0.689907
2025-03-31 14:32:57,034 - INFO: Evaluating at iteration 9256
2025-03-31 14:32:57,138 - INFO: Loss: 0.178860
2025-03-31 14:32:57,140 - INFO: Training ROC-AUC: 0.766667
2025-03-31 14:32:57,143 - INFO: Validation ROC-AUC: 0.661453
2025-03-31 14:33:08,806 - INFO: Evaluating at iteration 9756
2025-03-31 14:33:08,924 - INFO: Loss: 0.195937
2025-03-31 14:33:08,926 - INFO: Training ROC-AUC: 0.937500
2025-03-31 14:33:08,928 - INFO: Validation ROC-AUC: 0.676820
2025-03-31 14:33:20,701 - INFO: Evaluating at iteration 10256
2025-03-31 14:33:20,826 - INFO: Loss: 0.322051
2025-03-31 14:33:20,828 - INFO: Training ROC-AUC: 0.942029
2025-03-31 14:33:20,831 - INFO: Validation ROC-AUC: 0.671242
2025-03-31 14:33:22,806 - INFO: Starting epoch 5
2025-03-31 14:33:22,833 - INFO: Evaluating at iteration 10341
2025-03-31 14:33:22,930 - INFO: Loss: 0.196343
2025-03-31 14:33:22,933 - INFO: Training ROC-AUC: 0.946429
2025-03-31 14:33:22,935 - INFO: Validation ROC-AUC: 0.665587
2025-03-31 14:33:34,739 - INFO: Evaluating at iteration 10841
2025-03-31 14:33:34,853 - INFO: Loss: 0.246242
2025-03-31 14:33:34,856 - INFO: Training ROC-AUC: 0.875000
2025-03-31 14:33:34,859 - INFO: Validation ROC-AUC: 0.674828
2025-03-31 14:33:46,650 - INFO: Evaluating at iteration 11341
2025-03-31 14:33:46,772 - INFO: Loss: 0.334740
2025-03-31 14:33:46,775 - INFO: Training ROC-AUC: 0.807692
2025-03-31 14:33:46,777 - INFO: Validation ROC-AUC: 0.665789
2025-03-31 14:33:58,610 - INFO: Evaluating at iteration 11841
2025-03-31 14:33:58,727 - INFO: Loss: 0.135760
2025-03-31 14:33:58,729 - INFO: Training ROC-AUC: 0.967742
2025-03-31 14:33:58,731 - INFO: Validation ROC-AUC: 0.681384
2025-03-31 14:34:10,496 - INFO: Evaluating at iteration 12341
2025-03-31 14:34:10,621 - INFO: Loss: 0.301916
2025-03-31 14:34:10,623 - INFO: Training ROC-AUC: 0.931429
2025-03-31 14:34:10,625 - INFO: Validation ROC-AUC: 0.669022
2025-03-31 14:34:22,439 - INFO: Evaluating at iteration 12841
2025-03-31 14:34:22,560 - INFO: Loss: 0.306023
2025-03-31 14:34:22,563 - INFO: Training ROC-AUC: 0.897436
2025-03-31 14:34:22,565 - INFO: Validation ROC-AUC: 0.663380
2025-03-31 14:34:24,525 - INFO: Starting epoch 6
2025-03-31 14:34:24,553 - INFO: Evaluating at iteration 12926
2025-03-31 14:34:24,653 - INFO: Loss: 0.276819
2025-03-31 14:34:24,655 - INFO: Training ROC-AUC: 0.968750
2025-03-31 14:34:24,657 - INFO: Validation ROC-AUC: 0.650736
2025-03-31 14:34:36,404 - INFO: Evaluating at iteration 13426
2025-03-31 14:34:36,556 - INFO: Loss: 0.117192
2025-03-31 14:34:36,558 - INFO: Training ROC-AUC: nan
2025-03-31 14:34:36,561 - INFO: Validation ROC-AUC: 0.654491
2025-03-31 14:34:48,415 - INFO: Evaluating at iteration 13926
2025-03-31 14:34:48,537 - INFO: Loss: 0.334571
2025-03-31 14:34:48,539 - INFO: Training ROC-AUC: 0.914286
2025-03-31 14:34:48,542 - INFO: Validation ROC-AUC: 0.684212
2025-03-31 14:35:00,437 - INFO: Evaluating at iteration 14426
2025-03-31 14:35:00,564 - INFO: Loss: 0.187685
2025-03-31 14:35:00,568 - INFO: Training ROC-AUC: 0.965714
2025-03-31 14:35:00,570 - INFO: Validation ROC-AUC: 0.679001
2025-03-31 14:35:12,318 - INFO: Evaluating at iteration 14926
2025-03-31 14:35:12,459 - INFO: Loss: 0.159891
2025-03-31 14:35:12,461 - INFO: Training ROC-AUC: 0.838710
2025-03-31 14:35:12,463 - INFO: Validation ROC-AUC: 0.685518
2025-03-31 14:35:24,335 - INFO: Evaluating at iteration 15426
2025-03-31 14:35:24,454 - INFO: Loss: 0.240579
2025-03-31 14:35:24,456 - INFO: Training ROC-AUC: 0.925926
2025-03-31 14:35:24,459 - INFO: Validation ROC-AUC: 0.649966
2025-03-31 14:35:26,464 - INFO: Starting epoch 7
2025-03-31 14:35:26,492 - INFO: Evaluating at iteration 15511
2025-03-31 14:35:26,590 - INFO: Loss: 0.278987
2025-03-31 14:35:26,592 - INFO: Training ROC-AUC: 0.891026
2025-03-31 14:35:26,594 - INFO: Validation ROC-AUC: 0.653858
2025-03-31 14:35:38,346 - INFO: Evaluating at iteration 16011
2025-03-31 14:35:38,467 - INFO: Loss: 0.212719
2025-03-31 14:35:38,470 - INFO: Training ROC-AUC: 0.866071
2025-03-31 14:35:38,472 - INFO: Validation ROC-AUC: 0.666619
2025-03-31 14:35:50,367 - INFO: Evaluating at iteration 16511
2025-03-31 14:35:50,489 - INFO: Loss: 0.521489
2025-03-31 14:35:50,491 - INFO: Training ROC-AUC: 0.854167
2025-03-31 14:35:50,493 - INFO: Validation ROC-AUC: 0.664777
2025-03-31 14:36:02,362 - INFO: Evaluating at iteration 17011
2025-03-31 14:36:02,484 - INFO: Loss: 0.255715
2025-03-31 14:36:02,495 - INFO: Training ROC-AUC: 0.906250
2025-03-31 14:36:02,505 - INFO: Validation ROC-AUC: 0.666619
2025-03-31 14:36:14,340 - INFO: Evaluating at iteration 17511
2025-03-31 14:36:14,463 - INFO: Loss: 0.194480
2025-03-31 14:36:14,465 - INFO: Training ROC-AUC: 0.903226
2025-03-31 14:36:14,467 - INFO: Validation ROC-AUC: 0.658540
2025-03-31 14:36:26,276 - INFO: Evaluating at iteration 18011
2025-03-31 14:36:26,391 - INFO: Loss: 0.225406
2025-03-31 14:36:26,394 - INFO: Training ROC-AUC: 0.967949
2025-03-31 14:36:26,396 - INFO: Validation ROC-AUC: 0.665332
2025-03-31 14:36:28,420 - INFO: Starting epoch 8
2025-03-31 14:36:28,451 - INFO: Evaluating at iteration 18096
2025-03-31 14:36:28,552 - INFO: Loss: 0.293581
2025-03-31 14:36:28,555 - INFO: Training ROC-AUC: 0.821429
2025-03-31 14:36:28,557 - INFO: Validation ROC-AUC: 0.649254
2025-03-31 14:36:40,360 - INFO: Evaluating at iteration 18596
2025-03-31 14:36:40,486 - INFO: Loss: 0.202257
2025-03-31 14:36:40,488 - INFO: Training ROC-AUC: 0.985185
2025-03-31 14:36:40,490 - INFO: Validation ROC-AUC: 0.657600
2025-03-31 14:36:52,156 - INFO: Evaluating at iteration 19096
2025-03-31 14:36:52,271 - INFO: Loss: 0.275224
2025-03-31 14:36:52,276 - INFO: Training ROC-AUC: 0.958333
2025-03-31 14:36:52,278 - INFO: Validation ROC-AUC: 0.683383
2025-03-31 14:37:03,963 - INFO: Evaluating at iteration 19596
2025-03-31 14:37:04,077 - INFO: Loss: 0.249845
2025-03-31 14:37:04,080 - INFO: Training ROC-AUC: 0.830357
2025-03-31 14:37:04,082 - INFO: Validation ROC-AUC: 0.667788
2025-03-31 14:37:15,801 - INFO: Evaluating at iteration 20096
2025-03-31 14:37:15,936 - INFO: Loss: 0.173621
2025-03-31 14:37:15,938 - INFO: Training ROC-AUC: 0.965517
2025-03-31 14:37:15,940 - INFO: Validation ROC-AUC: 0.655843
2025-03-31 14:37:27,602 - INFO: Evaluating at iteration 20596
2025-03-31 14:37:27,724 - INFO: Loss: 0.280649
2025-03-31 14:37:27,726 - INFO: Training ROC-AUC: 0.839286
2025-03-31 14:37:27,729 - INFO: Validation ROC-AUC: 0.677433
2025-03-31 14:37:29,752 - INFO: Starting epoch 9
2025-03-31 14:37:29,780 - INFO: Evaluating at iteration 20681
2025-03-31 14:37:29,902 - INFO: Loss: 0.138842
2025-03-31 14:37:29,904 - INFO: Training ROC-AUC: 0.916667
2025-03-31 14:37:29,906 - INFO: Validation ROC-AUC: 0.672790
2025-03-31 14:37:41,695 - INFO: Evaluating at iteration 21181
2025-03-31 14:37:41,819 - INFO: Loss: 0.194311
2025-03-31 14:37:41,827 - INFO: Training ROC-AUC: 0.940741
2025-03-31 14:37:41,834 - INFO: Validation ROC-AUC: 0.673920
2025-03-31 14:37:53,533 - INFO: Evaluating at iteration 21681
2025-03-31 14:37:53,677 - INFO: Loss: 0.200551
2025-03-31 14:37:53,679 - INFO: Training ROC-AUC: 0.918519
2025-03-31 14:37:53,681 - INFO: Validation ROC-AUC: 0.661740
2025-03-31 14:38:05,326 - INFO: Evaluating at iteration 22181
2025-03-31 14:38:05,458 - INFO: Loss: 0.085436
2025-03-31 14:38:05,460 - INFO: Training ROC-AUC: 1.000000
2025-03-31 14:38:05,463 - INFO: Validation ROC-AUC: 0.665293
2025-03-31 14:38:17,087 - INFO: Evaluating at iteration 22681
2025-03-31 14:38:17,214 - INFO: Loss: 0.140470
2025-03-31 14:38:17,216 - INFO: Training ROC-AUC: 0.977011
2025-03-31 14:38:17,218 - INFO: Validation ROC-AUC: 0.655393
2025-03-31 14:38:28,924 - INFO: Evaluating at iteration 23181
2025-03-31 14:38:29,083 - INFO: Loss: 0.157157
2025-03-31 14:38:29,085 - INFO: Training ROC-AUC: 0.988571
2025-03-31 14:38:29,087 - INFO: Validation ROC-AUC: 0.660761
2025-03-31 14:38:31,075 - INFO: Starting epoch 10
2025-03-31 14:38:31,102 - INFO: Evaluating at iteration 23266
2025-03-31 14:38:31,188 - INFO: Loss: 0.100498
2025-03-31 14:38:31,190 - INFO: Training ROC-AUC: 1.000000
2025-03-31 14:38:31,193 - INFO: Validation ROC-AUC: 0.657424
2025-03-31 14:38:43,107 - INFO: Evaluating at iteration 23766
2025-03-31 14:38:43,248 - INFO: Loss: 0.255724
2025-03-31 14:38:43,250 - INFO: Training ROC-AUC: 0.935897
2025-03-31 14:38:43,252 - INFO: Validation ROC-AUC: 0.666651
2025-03-31 14:38:55,063 - INFO: Evaluating at iteration 24266
2025-03-31 14:38:55,170 - INFO: Loss: 0.298115
2025-03-31 14:38:55,172 - INFO: Training ROC-AUC: 0.878205
2025-03-31 14:38:55,175 - INFO: Validation ROC-AUC: 0.646838
2025-03-31 14:39:06,799 - INFO: Evaluating at iteration 24766
2025-03-31 14:39:06,919 - INFO: Loss: 0.071324
2025-03-31 14:39:06,922 - INFO: Training ROC-AUC: 1.000000
2025-03-31 14:39:06,924 - INFO: Validation ROC-AUC: 0.641058
2025-03-31 14:39:18,622 - INFO: Evaluating at iteration 25266
2025-03-31 14:39:18,738 - INFO: Loss: 0.381157
2025-03-31 14:39:18,741 - INFO: Training ROC-AUC: 0.987500
2025-03-31 14:39:18,743 - INFO: Validation ROC-AUC: 0.640189
2025-03-31 14:39:30,310 - INFO: Evaluating at iteration 25766
2025-03-31 14:39:30,477 - INFO: Loss: 0.300414
2025-03-31 14:39:30,480 - INFO: Training ROC-AUC: 0.875000
2025-03-31 14:39:30,482 - INFO: Validation ROC-AUC: 0.650136
2025-03-31 14:39:32,424 - INFO: Starting epoch 11
2025-03-31 14:39:32,453 - INFO: Evaluating at iteration 25851
2025-03-31 14:39:32,550 - INFO: Loss: 0.267250
2025-03-31 14:39:32,552 - INFO: Training ROC-AUC: 0.848214
2025-03-31 14:39:32,554 - INFO: Validation ROC-AUC: 0.652343
2025-03-31 14:39:44,200 - INFO: Evaluating at iteration 26351
2025-03-31 14:39:44,317 - INFO: Loss: 0.231533
2025-03-31 14:39:44,319 - INFO: Training ROC-AUC: 0.956522
2025-03-31 14:39:44,321 - INFO: Validation ROC-AUC: 0.656039
2025-03-31 14:39:56,057 - INFO: Evaluating at iteration 26851
2025-03-31 14:39:56,182 - INFO: Loss: 0.128672
2025-03-31 14:39:56,185 - INFO: Training ROC-AUC: 0.977011
2025-03-31 14:39:56,187 - INFO: Validation ROC-AUC: 0.641704
2025-03-31 14:40:07,781 - INFO: Evaluating at iteration 27351
2025-03-31 14:40:07,930 - INFO: Loss: 0.199021
2025-03-31 14:40:07,933 - INFO: Training ROC-AUC: 0.925926
2025-03-31 14:40:07,935 - INFO: Validation ROC-AUC: 0.642057
2025-03-31 14:40:19,636 - INFO: Evaluating at iteration 27851
2025-03-31 14:40:19,776 - INFO: Loss: 0.186866
2025-03-31 14:40:19,778 - INFO: Training ROC-AUC: 0.962963
2025-03-31 14:40:19,780 - INFO: Validation ROC-AUC: 0.634482
2025-03-31 14:40:31,553 - INFO: Evaluating at iteration 28351
2025-03-31 14:40:31,686 - INFO: Loss: 0.120892
2025-03-31 14:40:31,688 - INFO: Training ROC-AUC: 0.965517
2025-03-31 14:40:31,690 - INFO: Validation ROC-AUC: 0.650743
2025-03-31 14:40:33,662 - INFO: Starting epoch 12
2025-03-31 14:40:33,689 - INFO: Evaluating at iteration 28436
2025-03-31 14:40:33,789 - INFO: Loss: 0.077488
2025-03-31 14:40:33,791 - INFO: Training ROC-AUC: 1.000000
2025-03-31 14:40:33,794 - INFO: Validation ROC-AUC: 0.632039
2025-03-31 14:40:45,339 - INFO: Evaluating at iteration 28936
2025-03-31 14:40:45,460 - INFO: Loss: 0.235637
2025-03-31 14:40:45,463 - INFO: Training ROC-AUC: 0.942308
2025-03-31 14:40:45,465 - INFO: Validation ROC-AUC: 0.622805
2025-03-31 14:40:57,122 - INFO: Evaluating at iteration 29436
2025-03-31 14:40:57,241 - INFO: Loss: 0.226584
2025-03-31 14:40:57,243 - INFO: Training ROC-AUC: 0.954286
2025-03-31 14:40:57,246 - INFO: Validation ROC-AUC: 0.623980
2025-03-31 14:41:09,077 - INFO: Evaluating at iteration 29936
2025-03-31 14:41:09,200 - INFO: Loss: 0.128116
2025-03-31 14:41:09,202 - INFO: Training ROC-AUC: 0.991071
2025-03-31 14:41:09,205 - INFO: Validation ROC-AUC: 0.615367
2025-03-31 14:41:20,914 - INFO: Evaluating at iteration 30436
2025-03-31 14:41:21,034 - INFO: Loss: 0.096182
2025-03-31 14:41:21,037 - INFO: Training ROC-AUC: 1.000000
2025-03-31 14:41:21,039 - INFO: Validation ROC-AUC: 0.629081
2025-03-31 14:41:32,889 - INFO: Evaluating at iteration 30936
2025-03-31 14:41:33,017 - INFO: Loss: 0.233670
2025-03-31 14:41:33,025 - INFO: Training ROC-AUC: 0.928571
2025-03-31 14:41:33,032 - INFO: Validation ROC-AUC: 0.641744
2025-03-31 14:41:35,008 - INFO: Starting epoch 13
2025-03-31 14:41:35,035 - INFO: Evaluating at iteration 31021
2025-03-31 14:41:35,133 - INFO: Loss: 0.080075
2025-03-31 14:41:35,135 - INFO: Training ROC-AUC: 1.000000
2025-03-31 14:41:35,137 - INFO: Validation ROC-AUC: 0.656869
2025-03-31 14:41:46,829 - INFO: Evaluating at iteration 31521
2025-03-31 14:41:46,953 - INFO: Loss: 0.165803
2025-03-31 14:41:46,955 - INFO: Training ROC-AUC: 0.973214
2025-03-31 14:41:46,957 - INFO: Validation ROC-AUC: 0.642018
2025-03-31 14:41:58,701 - INFO: Evaluating at iteration 32021
2025-03-31 14:41:58,822 - INFO: Loss: 0.158044
2025-03-31 14:41:58,824 - INFO: Training ROC-AUC: 0.973214
2025-03-31 14:41:58,827 - INFO: Validation ROC-AUC: 0.615536
2025-03-31 14:42:10,546 - INFO: Evaluating at iteration 32521
2025-03-31 14:42:10,669 - INFO: Loss: 0.072094
2025-03-31 14:42:10,672 - INFO: Training ROC-AUC: 1.000000
2025-03-31 14:42:10,674 - INFO: Validation ROC-AUC: 0.616869
2025-03-31 14:42:22,432 - INFO: Evaluating at iteration 33021
2025-03-31 14:42:22,566 - INFO: Loss: 0.318289
2025-03-31 14:42:22,568 - INFO: Training ROC-AUC: 0.920000
2025-03-31 14:42:22,570 - INFO: Validation ROC-AUC: 0.625548
2025-03-31 14:42:34,338 - INFO: Evaluating at iteration 33521
2025-03-31 14:42:34,452 - INFO: Loss: 0.203454
2025-03-31 14:42:34,455 - INFO: Training ROC-AUC: 0.948148
2025-03-31 14:42:34,457 - INFO: Validation ROC-AUC: 0.631863
2025-03-31 14:42:36,445 - INFO: Starting epoch 14
2025-03-31 14:42:36,472 - INFO: Evaluating at iteration 33606
2025-03-31 14:42:36,572 - INFO: Loss: 0.184696
2025-03-31 14:42:36,574 - INFO: Training ROC-AUC: 0.955556
2025-03-31 14:42:36,577 - INFO: Validation ROC-AUC: 0.619696
2025-03-31 14:42:48,308 - INFO: Evaluating at iteration 34106
2025-03-31 14:42:48,429 - INFO: Loss: 0.179237
2025-03-31 14:42:48,432 - INFO: Training ROC-AUC: 0.980769
2025-03-31 14:42:48,434 - INFO: Validation ROC-AUC: 0.622929
2025-03-31 14:43:00,443 - INFO: Evaluating at iteration 34606
2025-03-31 14:43:00,559 - INFO: Loss: 0.077886
2025-03-31 14:43:00,562 - INFO: Training ROC-AUC: 0.992593
2025-03-31 14:43:00,564 - INFO: Validation ROC-AUC: 0.616934
2025-03-31 14:43:12,627 - INFO: Evaluating at iteration 35106
2025-03-31 14:43:12,745 - INFO: Loss: 0.208607
2025-03-31 14:43:12,748 - INFO: Training ROC-AUC: 0.979167
2025-03-31 14:43:12,750 - INFO: Validation ROC-AUC: 0.624183
2025-03-31 14:43:24,777 - INFO: Evaluating at iteration 35606
2025-03-31 14:43:24,876 - INFO: Loss: 0.166738
2025-03-31 14:43:24,878 - INFO: Training ROC-AUC: 0.955357
2025-03-31 14:43:24,881 - INFO: Validation ROC-AUC: 0.616810
2025-03-31 14:43:36,844 - INFO: Evaluating at iteration 36106
2025-03-31 14:43:36,964 - INFO: Loss: 0.359210
2025-03-31 14:43:36,964 - INFO: Training ROC-AUC: 0.978355
2025-03-31 14:43:36,964 - INFO: Validation ROC-AUC: 0.619331
2025-03-31 14:43:38,952 - INFO: Starting epoch 15
2025-03-31 14:43:38,975 - INFO: Evaluating at iteration 36191
2025-03-31 14:43:39,073 - INFO: Loss: 0.140940
2025-03-31 14:43:39,073 - INFO: Training ROC-AUC: 1.000000
2025-03-31 14:43:39,073 - INFO: Validation ROC-AUC: 0.606348
2025-03-31 14:43:50,936 - INFO: Evaluating at iteration 36691
2025-03-31 14:43:51,031 - INFO: Loss: 0.263069
2025-03-31 14:43:51,032 - INFO: Training ROC-AUC: 0.948718
2025-03-31 14:43:51,032 - INFO: Validation ROC-AUC: 0.606184
2025-03-31 14:44:03,125 - INFO: Evaluating at iteration 37191
2025-03-31 14:44:03,223 - INFO: Loss: 0.079076
2025-03-31 14:44:03,223 - INFO: Training ROC-AUC: 1.000000
2025-03-31 14:44:03,223 - INFO: Validation ROC-AUC: 0.608091
2025-03-31 14:44:15,377 - INFO: Evaluating at iteration 37691
2025-03-31 14:44:15,472 - INFO: Loss: 0.137232
2025-03-31 14:44:15,472 - INFO: Training ROC-AUC: 0.992593
2025-03-31 14:44:15,472 - INFO: Validation ROC-AUC: 0.609391
2025-03-31 14:44:27,759 - INFO: Evaluating at iteration 38191
2025-03-31 14:44:27,855 - INFO: Loss: 0.176292
2025-03-31 14:44:27,855 - INFO: Training ROC-AUC: 0.984375
2025-03-31 14:44:27,856 - INFO: Validation ROC-AUC: 0.607256
2025-03-31 14:44:40,272 - INFO: Evaluating at iteration 38691
2025-03-31 14:44:40,368 - INFO: Loss: 0.202942
2025-03-31 14:44:40,368 - INFO: Training ROC-AUC: 0.972727
2025-03-31 14:44:40,368 - INFO: Validation ROC-AUC: 0.597074
2025-03-31 14:44:42,489 - INFO: Starting epoch 16
2025-03-31 14:44:42,516 - INFO: Evaluating at iteration 38776
2025-03-31 14:44:42,614 - INFO: Loss: 0.077643
2025-03-31 14:44:42,614 - INFO: Training ROC-AUC: 1.000000
2025-03-31 14:44:42,614 - INFO: Validation ROC-AUC: 0.586312
2025-03-31 14:44:55,049 - INFO: Evaluating at iteration 39276
2025-03-31 14:44:55,145 - INFO: Loss: 0.099868
2025-03-31 14:44:55,145 - INFO: Training ROC-AUC: 0.977011
2025-03-31 14:44:55,145 - INFO: Validation ROC-AUC: 0.611951
2025-03-31 14:45:07,834 - INFO: Evaluating at iteration 39776
2025-03-31 14:45:07,942 - INFO: Loss: 0.121647
2025-03-31 14:45:07,959 - INFO: Training ROC-AUC: 0.977778
2025-03-31 14:45:07,962 - INFO: Validation ROC-AUC: 0.626860
2025-03-31 14:45:20,954 - INFO: Evaluating at iteration 40276
2025-03-31 14:45:21,064 - INFO: Loss: 0.097071
2025-03-31 14:45:21,066 - INFO: Training ROC-AUC: 1.000000
2025-03-31 14:45:21,068 - INFO: Validation ROC-AUC: 0.596062
2025-03-31 14:45:33,967 - INFO: Evaluating at iteration 40776
2025-03-31 14:45:34,091 - INFO: Loss: 0.174187
2025-03-31 14:45:34,094 - INFO: Training ROC-AUC: 0.988571
2025-03-31 14:45:34,096 - INFO: Validation ROC-AUC: 0.591628
2025-03-31 14:45:47,029 - INFO: Evaluating at iteration 41276
2025-03-31 14:45:47,138 - INFO: Loss: 0.229288
2025-03-31 14:45:47,150 - INFO: Training ROC-AUC: 0.961538
2025-03-31 14:45:47,152 - INFO: Validation ROC-AUC: 0.589544
2025-03-31 14:45:49,364 - INFO: Starting epoch 17
2025-03-31 14:45:49,391 - INFO: Evaluating at iteration 41361
2025-03-31 14:45:49,491 - INFO: Loss: 0.081922
2025-03-31 14:45:49,493 - INFO: Training ROC-AUC: 1.000000
2025-03-31 14:45:49,496 - INFO: Validation ROC-AUC: 0.593940
2025-03-31 14:46:02,323 - INFO: Evaluating at iteration 41861
2025-03-31 14:46:02,439 - INFO: Loss: 0.020633
2025-03-31 14:46:02,441 - INFO: Training ROC-AUC: 1.000000
2025-03-31 14:46:02,443 - INFO: Validation ROC-AUC: 0.594364
2025-03-31 14:46:15,347 - INFO: Evaluating at iteration 42361
2025-03-31 14:46:15,451 - INFO: Loss: 0.300968
2025-03-31 14:46:15,453 - INFO: Training ROC-AUC: 0.932292
2025-03-31 14:46:15,455 - INFO: Validation ROC-AUC: 0.598589
2025-03-31 14:46:28,262 - INFO: Evaluating at iteration 42861
2025-03-31 14:46:28,372 - INFO: Loss: 0.122752
2025-03-31 14:46:28,374 - INFO: Training ROC-AUC: 0.988571
2025-03-31 14:46:28,376 - INFO: Validation ROC-AUC: 0.604408
2025-03-31 14:46:41,265 - INFO: Evaluating at iteration 43361
2025-03-31 14:46:41,377 - INFO: Loss: 0.117012
2025-03-31 14:46:41,379 - INFO: Training ROC-AUC: 0.993590
2025-03-31 14:46:41,381 - INFO: Validation ROC-AUC: 0.599236
2025-03-31 14:46:54,413 - INFO: Evaluating at iteration 43861
2025-03-31 14:46:54,532 - INFO: Loss: 0.124193
2025-03-31 14:46:54,534 - INFO: Training ROC-AUC: 1.000000
2025-03-31 14:46:54,536 - INFO: Validation ROC-AUC: 0.591353
2025-03-31 14:46:56,729 - INFO: Starting epoch 18
2025-03-31 14:46:56,759 - INFO: Evaluating at iteration 43946
2025-03-31 14:46:56,859 - INFO: Loss: 0.054668
2025-03-31 14:46:56,861 - INFO: Training ROC-AUC: 1.000000
2025-03-31 14:46:56,863 - INFO: Validation ROC-AUC: 0.597825
2025-03-31 14:47:10,038 - INFO: Evaluating at iteration 44446
2025-03-31 14:47:10,150 - INFO: Loss: 0.046211
2025-03-31 14:47:10,153 - INFO: Training ROC-AUC: 1.000000
2025-03-31 14:47:10,155 - INFO: Validation ROC-AUC: 0.589577
2025-03-31 14:47:23,279 - INFO: Evaluating at iteration 44946
2025-03-31 14:47:23,395 - INFO: Loss: 0.085463
2025-03-31 14:47:23,397 - INFO: Training ROC-AUC: 0.991071
2025-03-31 14:47:23,399 - INFO: Validation ROC-AUC: 0.597094
2025-03-31 14:47:36,596 - INFO: Evaluating at iteration 45446
2025-03-31 14:47:36,706 - INFO: Loss: 0.108599
2025-03-31 14:47:36,709 - INFO: Training ROC-AUC: 1.000000
2025-03-31 14:47:36,711 - INFO: Validation ROC-AUC: 0.588904
2025-03-31 14:47:49,808 - INFO: Evaluating at iteration 45946
2025-03-31 14:47:49,917 - INFO: Loss: 0.032376
2025-03-31 14:47:49,919 - INFO: Training ROC-AUC: 1.000000
2025-03-31 14:47:49,922 - INFO: Validation ROC-AUC: 0.593051
2025-03-31 14:48:03,059 - INFO: Evaluating at iteration 46446
2025-03-31 14:48:03,173 - INFO: Loss: 0.134339
2025-03-31 14:48:03,175 - INFO: Training ROC-AUC: 0.987179
2025-03-31 14:48:03,177 - INFO: Validation ROC-AUC: 0.593267
2025-03-31 14:48:05,402 - INFO: Starting epoch 19
2025-03-31 14:48:05,431 - INFO: Evaluating at iteration 46531
2025-03-31 14:48:05,530 - INFO: Loss: 0.059068
2025-03-31 14:48:05,532 - INFO: Training ROC-AUC: 1.000000
2025-03-31 14:48:05,534 - INFO: Validation ROC-AUC: 0.595161
2025-03-31 14:48:18,875 - INFO: Evaluating at iteration 47031
2025-03-31 14:48:19,008 - INFO: Loss: 0.082183
2025-03-31 14:48:19,011 - INFO: Training ROC-AUC: 0.995169
2025-03-31 14:48:19,013 - INFO: Validation ROC-AUC: 0.592118
2025-03-31 14:48:32,153 - INFO: Evaluating at iteration 47531
2025-03-31 14:48:32,270 - INFO: Loss: 0.052889
2025-03-31 14:48:32,272 - INFO: Training ROC-AUC: 1.000000
2025-03-31 14:48:32,274 - INFO: Validation ROC-AUC: 0.590929
2025-03-31 14:48:45,350 - INFO: Evaluating at iteration 48031
2025-03-31 14:48:45,470 - INFO: Loss: 0.065390
2025-03-31 14:48:45,475 - INFO: Training ROC-AUC: 1.000000
2025-03-31 14:48:45,480 - INFO: Validation ROC-AUC: 0.603487
2025-03-31 14:48:58,571 - INFO: Evaluating at iteration 48531
2025-03-31 14:48:58,680 - INFO: Loss: 0.117537
2025-03-31 14:48:58,683 - INFO: Training ROC-AUC: 0.987179
2025-03-31 14:48:58,685 - INFO: Validation ROC-AUC: 0.603494
2025-03-31 14:49:11,738 - INFO: Evaluating at iteration 49031
2025-03-31 14:49:11,864 - INFO: Loss: 0.034244
2025-03-31 14:49:11,866 - INFO: Training ROC-AUC: 1.000000
2025-03-31 14:49:11,869 - INFO: Validation ROC-AUC: 0.593933
2025-03-31 14:49:14,120 - INFO: Starting epoch 20
2025-03-31 14:49:14,149 - INFO: Evaluating at iteration 49116
2025-03-31 14:49:14,248 - INFO: Loss: 0.032164
2025-03-31 14:49:14,250 - INFO: Training ROC-AUC: 1.000000
2025-03-31 14:49:14,252 - INFO: Validation ROC-AUC: 0.595435
2025-03-31 14:49:27,314 - INFO: Evaluating at iteration 49616
2025-03-31 14:49:27,436 - INFO: Loss: 0.093342
2025-03-31 14:49:27,441 - INFO: Training ROC-AUC: 0.985185
2025-03-31 14:49:27,446 - INFO: Validation ROC-AUC: 0.597107
2025-03-31 14:49:40,506 - INFO: Evaluating at iteration 50116
2025-03-31 14:49:40,631 - INFO: Loss: 0.038012
2025-03-31 14:49:40,633 - INFO: Training ROC-AUC: 1.000000
2025-03-31 14:49:40,635 - INFO: Validation ROC-AUC: 0.601051
2025-03-31 14:49:53,725 - INFO: Evaluating at iteration 50616
2025-03-31 14:49:53,832 - INFO: Loss: 0.057286
2025-03-31 14:49:53,835 - INFO: Training ROC-AUC: 1.000000
2025-03-31 14:49:53,837 - INFO: Validation ROC-AUC: 0.600738
2025-03-31 14:50:06,914 - INFO: Evaluating at iteration 51116
2025-03-31 14:50:07,038 - INFO: Loss: 0.159338
2025-03-31 14:50:07,044 - INFO: Training ROC-AUC: 0.970370
2025-03-31 14:50:07,049 - INFO: Validation ROC-AUC: 0.589087
2025-03-31 14:50:20,057 - INFO: Evaluating at iteration 51616
2025-03-31 14:50:20,179 - INFO: Loss: 0.036934
2025-03-31 14:50:20,181 - INFO: Training ROC-AUC: 1.000000
2025-03-31 14:50:20,183 - INFO: Validation ROC-AUC: 0.579657
2025-03-31 14:50:22,379 - INFO: Starting epoch 21
2025-03-31 14:50:22,408 - INFO: Evaluating at iteration 51701
2025-03-31 14:50:22,509 - INFO: Loss: 0.030531
2025-03-31 14:50:22,511 - INFO: Training ROC-AUC: 1.000000
2025-03-31 14:50:22,513 - INFO: Validation ROC-AUC: 0.582269
2025-03-31 14:50:35,688 - INFO: Evaluating at iteration 52201
2025-03-31 14:50:35,794 - INFO: Loss: 0.060097
2025-03-31 14:50:35,796 - INFO: Training ROC-AUC: 1.000000
2025-03-31 14:50:35,798 - INFO: Validation ROC-AUC: 0.582648
2025-03-31 14:50:48,850 - INFO: Evaluating at iteration 52701
2025-03-31 14:50:48,966 - INFO: Loss: 0.048937
2025-03-31 14:50:48,969 - INFO: Training ROC-AUC: 1.000000
2025-03-31 14:50:48,971 - INFO: Validation ROC-AUC: 0.580598
2025-03-31 14:51:02,032 - INFO: Evaluating at iteration 53201
2025-03-31 14:51:02,146 - INFO: Loss: 0.098110
2025-03-31 14:51:02,148 - INFO: Training ROC-AUC: 0.994286
2025-03-31 14:51:02,150 - INFO: Validation ROC-AUC: 0.578090
2025-03-31 14:51:15,101 - INFO: Evaluating at iteration 53701
2025-03-31 14:51:15,224 - INFO: Loss: 0.009445
2025-03-31 14:51:15,226 - INFO: Training ROC-AUC: 1.000000
2025-03-31 14:51:15,229 - INFO: Validation ROC-AUC: 0.589094
2025-03-31 14:51:28,464 - INFO: Evaluating at iteration 54201
2025-03-31 14:51:28,578 - INFO: Loss: 0.018055
2025-03-31 14:51:28,580 - INFO: Training ROC-AUC: 1.000000
2025-03-31 14:51:28,582 - INFO: Validation ROC-AUC: 0.581401
2025-03-31 14:51:30,743 - INFO: Starting epoch 22
2025-03-31 14:51:30,771 - INFO: Evaluating at iteration 54286
2025-03-31 14:51:30,869 - INFO: Loss: 0.054441
2025-03-31 14:51:30,871 - INFO: Training ROC-AUC: 1.000000
2025-03-31 14:51:30,874 - INFO: Validation ROC-AUC: 0.585352
2025-03-31 14:51:43,886 - INFO: Evaluating at iteration 54786
2025-03-31 14:51:44,002 - INFO: Loss: 0.015056
2025-03-31 14:51:44,004 - INFO: Training ROC-AUC: 1.000000
2025-03-31 14:51:44,006 - INFO: Validation ROC-AUC: 0.581891
2025-03-31 14:51:57,028 - INFO: Evaluating at iteration 55286
2025-03-31 14:51:57,136 - INFO: Loss: 0.023064
2025-03-31 14:51:57,139 - INFO: Training ROC-AUC: 1.000000
2025-03-31 14:51:57,141 - INFO: Validation ROC-AUC: 0.583177
2025-03-31 14:52:10,195 - INFO: Evaluating at iteration 55786
2025-03-31 14:52:10,325 - INFO: Loss: 0.317713
2025-03-31 14:52:10,327 - INFO: Training ROC-AUC: 0.973214
2025-03-31 14:52:10,330 - INFO: Validation ROC-AUC: 0.589479
2025-03-31 14:52:23,245 - INFO: Evaluating at iteration 56286
2025-03-31 14:52:23,359 - INFO: Loss: 0.012048
2025-03-31 14:52:23,361 - INFO: Training ROC-AUC: 1.000000
2025-03-31 14:52:23,364 - INFO: Validation ROC-AUC: 0.609352
2025-03-31 14:52:36,264 - INFO: Evaluating at iteration 56786
2025-03-31 14:52:36,376 - INFO: Loss: 0.059570
2025-03-31 14:52:36,379 - INFO: Training ROC-AUC: 1.000000
2025-03-31 14:52:36,381 - INFO: Validation ROC-AUC: 0.593476
2025-03-31 14:52:38,463 - INFO: Starting epoch 23
2025-03-31 14:52:38,493 - INFO: Evaluating at iteration 56871
2025-03-31 14:52:38,592 - INFO: Loss: 0.025806
2025-03-31 14:52:38,595 - INFO: Training ROC-AUC: 1.000000
2025-03-31 14:52:38,597 - INFO: Validation ROC-AUC: 0.599269
2025-03-31 14:52:51,475 - INFO: Evaluating at iteration 57371
2025-03-31 14:52:51,590 - INFO: Loss: 0.165905
2025-03-31 14:52:51,592 - INFO: Training ROC-AUC: 0.995951
2025-03-31 14:52:51,595 - INFO: Validation ROC-AUC: 0.601104
2025-03-31 14:53:04,620 - INFO: Evaluating at iteration 57871
2025-03-31 14:53:04,734 - INFO: Loss: 0.013455
2025-03-31 14:53:04,736 - INFO: Training ROC-AUC: 1.000000
2025-03-31 14:53:04,738 - INFO: Validation ROC-AUC: 0.587272
2025-03-31 14:53:17,614 - INFO: Evaluating at iteration 58371
2025-03-31 14:53:17,737 - INFO: Loss: 0.010167
2025-03-31 14:53:17,742 - INFO: Training ROC-AUC: 1.000000
2025-03-31 14:53:17,746 - INFO: Validation ROC-AUC: 0.592268
2025-03-31 14:53:30,382 - INFO: Evaluating at iteration 58871
2025-03-31 14:53:30,488 - INFO: Loss: 0.138624
2025-03-31 14:53:30,492 - INFO: Training ROC-AUC: 0.982857
2025-03-31 14:53:30,493 - INFO: Validation ROC-AUC: 0.599615
2025-03-31 14:53:43,318 - INFO: Evaluating at iteration 59371
2025-03-31 14:53:43,430 - INFO: Loss: 0.034555
2025-03-31 14:53:43,432 - INFO: Training ROC-AUC: 1.000000
2025-03-31 14:53:43,435 - INFO: Validation ROC-AUC: 0.601411
2025-03-31 14:53:45,605 - INFO: Starting epoch 24
2025-03-31 14:53:45,638 - INFO: Evaluating at iteration 59456
2025-03-31 14:53:45,739 - INFO: Loss: 0.007998
2025-03-31 14:53:45,744 - INFO: Training ROC-AUC: 1.000000
2025-03-31 14:53:45,749 - INFO: Validation ROC-AUC: 0.594873
2025-03-31 14:53:58,667 - INFO: Evaluating at iteration 59956
2025-03-31 14:53:58,787 - INFO: Loss: 0.045439
2025-03-31 14:53:58,790 - INFO: Training ROC-AUC: 1.000000
2025-03-31 14:53:58,792 - INFO: Validation ROC-AUC: 0.583628
2025-03-31 14:54:11,599 - INFO: Evaluating at iteration 60456
2025-03-31 14:54:11,718 - INFO: Loss: 0.068802
2025-03-31 14:54:11,720 - INFO: Training ROC-AUC: 1.000000
2025-03-31 14:54:11,722 - INFO: Validation ROC-AUC: 0.583523
2025-03-31 14:54:24,603 - INFO: Evaluating at iteration 60956
2025-03-31 14:54:24,726 - INFO: Loss: 0.061821
2025-03-31 14:54:24,728 - INFO: Training ROC-AUC: 1.000000
2025-03-31 14:54:24,731 - INFO: Validation ROC-AUC: 0.576242
2025-03-31 14:54:37,367 - INFO: Evaluating at iteration 61456
2025-03-31 14:54:37,498 - INFO: Loss: 0.052700
2025-03-31 14:54:37,501 - INFO: Training ROC-AUC: 1.000000
2025-03-31 14:54:37,508 - INFO: Validation ROC-AUC: 0.604963
2025-03-31 14:54:50,466 - INFO: Evaluating at iteration 61956
2025-03-31 14:54:50,588 - INFO: Loss: 0.004622
2025-03-31 14:54:50,590 - INFO: Training ROC-AUC: 1.000000
2025-03-31 14:54:50,593 - INFO: Validation ROC-AUC: 0.588134
2025-03-31 14:54:52,745 - INFO: Starting epoch 25
2025-03-31 14:54:52,775 - INFO: Evaluating at iteration 62041
2025-03-31 14:54:52,873 - INFO: Loss: 0.042691
2025-03-31 14:54:52,876 - INFO: Training ROC-AUC: 1.000000
2025-03-31 14:54:52,878 - INFO: Validation ROC-AUC: 0.589113
2025-03-31 14:55:05,617 - INFO: Evaluating at iteration 62541
2025-03-31 14:55:05,735 - INFO: Loss: 0.005584
2025-03-31 14:55:05,737 - INFO: Training ROC-AUC: 1.000000
2025-03-31 14:55:05,739 - INFO: Validation ROC-AUC: 0.586606
2025-03-31 14:55:18,644 - INFO: Evaluating at iteration 63041
2025-03-31 14:55:18,761 - INFO: Loss: 0.011410
2025-03-31 14:55:18,763 - INFO: Training ROC-AUC: 1.000000
2025-03-31 14:55:18,765 - INFO: Validation ROC-AUC: 0.594671
2025-03-31 14:55:31,626 - INFO: Evaluating at iteration 63541
2025-03-31 14:55:31,749 - INFO: Loss: 0.012892
2025-03-31 14:55:31,752 - INFO: Training ROC-AUC: 1.000000
2025-03-31 14:55:31,754 - INFO: Validation ROC-AUC: 0.594116
2025-03-31 14:55:44,530 - INFO: Evaluating at iteration 64041
2025-03-31 14:55:44,659 - INFO: Loss: 0.005349
2025-03-31 14:55:44,662 - INFO: Training ROC-AUC: 1.000000
2025-03-31 14:55:44,664 - INFO: Validation ROC-AUC: 0.589198
2025-03-31 14:55:57,574 - INFO: Evaluating at iteration 64541
2025-03-31 14:55:57,695 - INFO: Loss: 0.033157
2025-03-31 14:55:57,697 - INFO: Training ROC-AUC: 1.000000
2025-03-31 14:55:57,700 - INFO: Validation ROC-AUC: 0.588676
2025-03-31 14:55:59,950 - INFO: Saving model to models/TCRStructMap_pmhc_split_sequence_only/model_1.pt
2025-03-31 14:55:59,975 - INFO: Starting fold 2
2025-03-31 14:55:59,978 - INFO: Initialising model
2025-03-31 14:55:59,995 - INFO: Starting training
2025-03-31 14:55:59,998 - INFO: Starting epoch 1
2025-03-31 14:56:00,032 - INFO: Evaluating at iteration 1
2025-03-31 14:56:00,281 - INFO: Loss: 0.696258
2025-03-31 14:56:00,284 - INFO: Training ROC-AUC: 0.754286
2025-03-31 14:56:00,286 - INFO: Validation ROC-AUC: 0.502919
2025-03-31 14:56:11,774 - INFO: Evaluating at iteration 501
2025-03-31 14:56:12,009 - INFO: Loss: 0.450005
2025-03-31 14:56:12,012 - INFO: Training ROC-AUC: 0.845714
2025-03-31 14:56:12,014 - INFO: Validation ROC-AUC: 0.515907
2025-03-31 14:56:23,550 - INFO: Evaluating at iteration 1001
2025-03-31 14:56:23,790 - INFO: Loss: 0.419286
2025-03-31 14:56:23,792 - INFO: Training ROC-AUC: 0.685714
2025-03-31 14:56:23,794 - INFO: Validation ROC-AUC: 0.495590
2025-03-31 14:56:35,165 - INFO: Evaluating at iteration 1501
2025-03-31 14:56:35,394 - INFO: Loss: 0.285779
2025-03-31 14:56:35,396 - INFO: Training ROC-AUC: 0.903704
2025-03-31 14:56:35,399 - INFO: Validation ROC-AUC: 0.550588
2025-03-31 14:56:46,766 - INFO: Evaluating at iteration 2001
2025-03-31 14:56:47,005 - INFO: Loss: 0.326411
2025-03-31 14:56:47,008 - INFO: Training ROC-AUC: 0.678571
2025-03-31 14:56:47,010 - INFO: Validation ROC-AUC: 0.613005
2025-03-31 14:56:58,454 - INFO: Evaluating at iteration 2501
2025-03-31 14:56:58,697 - INFO: Loss: 0.266708
2025-03-31 14:56:58,699 - INFO: Training ROC-AUC: 0.816092
2025-03-31 14:56:58,702 - INFO: Validation ROC-AUC: 0.633290
2025-03-31 14:56:59,545 - INFO: Starting epoch 2
2025-03-31 14:56:59,572 - INFO: Evaluating at iteration 2538
2025-03-31 14:56:59,802 - INFO: Loss: 0.223522
2025-03-31 14:56:59,806 - INFO: Training ROC-AUC: 0.993590
2025-03-31 14:56:59,810 - INFO: Validation ROC-AUC: 0.633390
2025-03-31 14:57:11,323 - INFO: Evaluating at iteration 3038
2025-03-31 14:57:11,564 - INFO: Loss: 0.346023
2025-03-31 14:57:11,567 - INFO: Training ROC-AUC: 0.910256
2025-03-31 14:57:11,569 - INFO: Validation ROC-AUC: 0.658365
2025-03-31 14:57:23,103 - INFO: Evaluating at iteration 3538
2025-03-31 14:57:23,351 - INFO: Loss: 0.284084
2025-03-31 14:57:23,369 - INFO: Training ROC-AUC: 0.712644
2025-03-31 14:57:23,371 - INFO: Validation ROC-AUC: 0.686568
2025-03-31 14:57:34,932 - INFO: Evaluating at iteration 4038
2025-03-31 14:57:35,180 - INFO: Loss: 0.278633
2025-03-31 14:57:35,183 - INFO: Training ROC-AUC: 0.830357
2025-03-31 14:57:35,185 - INFO: Validation ROC-AUC: 0.708758
2025-03-31 14:57:46,676 - INFO: Evaluating at iteration 4538
2025-03-31 14:57:46,910 - INFO: Loss: 0.114468
2025-03-31 14:57:46,913 - INFO: Training ROC-AUC: 1.000000
2025-03-31 14:57:46,915 - INFO: Validation ROC-AUC: 0.678956
2025-03-31 14:57:58,328 - INFO: Evaluating at iteration 5038
2025-03-31 14:57:58,579 - INFO: Loss: 0.324762
2025-03-31 14:57:58,581 - INFO: Training ROC-AUC: 0.655172
2025-03-31 14:57:58,584 - INFO: Validation ROC-AUC: 0.696942
2025-03-31 14:57:59,423 - INFO: Starting epoch 3
2025-03-31 14:57:59,450 - INFO: Evaluating at iteration 5075
2025-03-31 14:57:59,663 - INFO: Loss: 0.321919
2025-03-31 14:57:59,666 - INFO: Training ROC-AUC: 0.871795
2025-03-31 14:57:59,669 - INFO: Validation ROC-AUC: 0.688938
2025-03-31 14:58:11,064 - INFO: Evaluating at iteration 5575
2025-03-31 14:58:11,301 - INFO: Loss: 0.173084
2025-03-31 14:58:11,303 - INFO: Training ROC-AUC: 0.774194
2025-03-31 14:58:11,305 - INFO: Validation ROC-AUC: 0.706111
2025-03-31 14:58:22,796 - INFO: Evaluating at iteration 6075
2025-03-31 14:58:23,055 - INFO: Loss: 0.182905
2025-03-31 14:58:23,058 - INFO: Training ROC-AUC: 0.933333
2025-03-31 14:58:23,060 - INFO: Validation ROC-AUC: 0.685936
2025-03-31 14:58:34,632 - INFO: Evaluating at iteration 6575
2025-03-31 14:58:34,886 - INFO: Loss: 0.306782
2025-03-31 14:58:34,892 - INFO: Training ROC-AUC: 0.921875
2025-03-31 14:58:34,897 - INFO: Validation ROC-AUC: 0.714022
2025-03-31 14:58:46,434 - INFO: Evaluating at iteration 7075
2025-03-31 14:58:46,685 - INFO: Loss: 0.184568
2025-03-31 14:58:46,687 - INFO: Training ROC-AUC: 0.908046
2025-03-31 14:58:46,689 - INFO: Validation ROC-AUC: 0.721432
2025-03-31 14:58:58,285 - INFO: Evaluating at iteration 7575
2025-03-31 14:58:58,526 - INFO: Loss: 0.247541
2025-03-31 14:58:58,529 - INFO: Training ROC-AUC: 0.937143
2025-03-31 14:58:58,531 - INFO: Validation ROC-AUC: 0.713451
2025-03-31 14:58:59,380 - INFO: Starting epoch 4
2025-03-31 14:58:59,406 - INFO: Evaluating at iteration 7612
2025-03-31 14:58:59,640 - INFO: Loss: 0.195092
2025-03-31 14:58:59,643 - INFO: Training ROC-AUC: 0.982857
2025-03-31 14:58:59,645 - INFO: Validation ROC-AUC: 0.709133
2025-03-31 14:59:11,180 - INFO: Evaluating at iteration 8112
2025-03-31 14:59:11,426 - INFO: Loss: 0.267136
2025-03-31 14:59:11,429 - INFO: Training ROC-AUC: 0.821429
2025-03-31 14:59:11,431 - INFO: Validation ROC-AUC: 0.701211
2025-03-31 14:59:22,964 - INFO: Evaluating at iteration 8612
2025-03-31 14:59:23,213 - INFO: Loss: 0.197444
2025-03-31 14:59:23,216 - INFO: Training ROC-AUC: 0.908046
2025-03-31 14:59:23,218 - INFO: Validation ROC-AUC: 0.704602
2025-03-31 14:59:34,947 - INFO: Evaluating at iteration 9112
2025-03-31 14:59:35,183 - INFO: Loss: 0.495037
2025-03-31 14:59:35,185 - INFO: Training ROC-AUC: 0.697917
2025-03-31 14:59:35,187 - INFO: Validation ROC-AUC: 0.692641
2025-03-31 14:59:46,887 - INFO: Evaluating at iteration 9612
2025-03-31 14:59:47,106 - INFO: Loss: 0.177555
2025-03-31 14:59:47,108 - INFO: Training ROC-AUC: 0.992593
2025-03-31 14:59:47,111 - INFO: Validation ROC-AUC: 0.706161
2025-03-31 14:59:58,971 - INFO: Evaluating at iteration 10112
2025-03-31 14:59:59,201 - INFO: Loss: 0.200040
2025-03-31 14:59:59,203 - INFO: Training ROC-AUC: 0.965714
2025-03-31 14:59:59,206 - INFO: Validation ROC-AUC: 0.714314
2025-03-31 15:00:00,074 - INFO: Starting epoch 5
2025-03-31 15:00:00,102 - INFO: Evaluating at iteration 10149
2025-03-31 15:00:00,332 - INFO: Loss: 0.182081
2025-03-31 15:00:00,334 - INFO: Training ROC-AUC: 0.937500
2025-03-31 15:00:00,336 - INFO: Validation ROC-AUC: 0.718646
2025-03-31 15:00:12,087 - INFO: Evaluating at iteration 10649
2025-03-31 15:00:12,333 - INFO: Loss: 0.157014
2025-03-31 15:00:12,335 - INFO: Training ROC-AUC: 0.933333
2025-03-31 15:00:12,337 - INFO: Validation ROC-AUC: 0.707284
2025-03-31 15:00:24,182 - INFO: Evaluating at iteration 11149
2025-03-31 15:00:24,444 - INFO: Loss: 0.165638
2025-03-31 15:00:24,446 - INFO: Training ROC-AUC: 0.937500
2025-03-31 15:00:24,448 - INFO: Validation ROC-AUC: 0.700813
2025-03-31 15:00:36,194 - INFO: Evaluating at iteration 11649
2025-03-31 15:00:36,450 - INFO: Loss: 0.327643
2025-03-31 15:00:36,454 - INFO: Training ROC-AUC: 0.862857
2025-03-31 15:00:36,456 - INFO: Validation ROC-AUC: 0.711310
2025-03-31 15:00:48,167 - INFO: Evaluating at iteration 12149
2025-03-31 15:00:48,423 - INFO: Loss: 0.268950
2025-03-31 15:00:48,426 - INFO: Training ROC-AUC: 0.821429
2025-03-31 15:00:48,428 - INFO: Validation ROC-AUC: 0.705750
2025-03-31 15:01:00,212 - INFO: Evaluating at iteration 12649
2025-03-31 15:01:00,452 - INFO: Loss: 0.344361
2025-03-31 15:01:00,455 - INFO: Training ROC-AUC: 0.888889
2025-03-31 15:01:00,457 - INFO: Validation ROC-AUC: 0.702956
2025-03-31 15:01:01,302 - INFO: Starting epoch 6
2025-03-31 15:01:01,329 - INFO: Evaluating at iteration 12686
2025-03-31 15:01:01,547 - INFO: Loss: 0.188985
2025-03-31 15:01:01,549 - INFO: Training ROC-AUC: 0.816667
2025-03-31 15:01:01,552 - INFO: Validation ROC-AUC: 0.701969
2025-03-31 15:01:13,326 - INFO: Evaluating at iteration 13186
2025-03-31 15:01:13,581 - INFO: Loss: 0.256234
2025-03-31 15:01:13,583 - INFO: Training ROC-AUC: 0.948718
2025-03-31 15:01:13,585 - INFO: Validation ROC-AUC: 0.697497
2025-03-31 15:01:25,374 - INFO: Evaluating at iteration 13686
2025-03-31 15:01:25,623 - INFO: Loss: 0.143884
2025-03-31 15:01:25,625 - INFO: Training ROC-AUC: 0.954023
2025-03-31 15:01:25,628 - INFO: Validation ROC-AUC: 0.703415
2025-03-31 15:01:37,476 - INFO: Evaluating at iteration 14186
2025-03-31 15:01:37,732 - INFO: Loss: 0.283339
2025-03-31 15:01:37,735 - INFO: Training ROC-AUC: 0.891429
2025-03-31 15:01:37,737 - INFO: Validation ROC-AUC: 0.707776
2025-03-31 15:01:49,553 - INFO: Evaluating at iteration 14686
2025-03-31 15:01:49,797 - INFO: Loss: 0.326163
2025-03-31 15:01:49,799 - INFO: Training ROC-AUC: 0.826923
2025-03-31 15:01:49,802 - INFO: Validation ROC-AUC: 0.711131
2025-03-31 15:02:01,680 - INFO: Evaluating at iteration 15186
2025-03-31 15:02:01,931 - INFO: Loss: 0.377818
2025-03-31 15:02:01,934 - INFO: Training ROC-AUC: 0.854167
2025-03-31 15:02:01,936 - INFO: Validation ROC-AUC: 0.705346
2025-03-31 15:02:02,807 - INFO: Starting epoch 7
2025-03-31 15:02:02,835 - INFO: Evaluating at iteration 15223
2025-03-31 15:02:03,055 - INFO: Loss: 0.247101
2025-03-31 15:02:03,057 - INFO: Training ROC-AUC: 0.883929
2025-03-31 15:02:03,060 - INFO: Validation ROC-AUC: 0.703586
2025-03-31 15:02:15,023 - INFO: Evaluating at iteration 15723
2025-03-31 15:02:15,288 - INFO: Loss: 0.229558
2025-03-31 15:02:15,291 - INFO: Training ROC-AUC: 0.953125
2025-03-31 15:02:15,293 - INFO: Validation ROC-AUC: 0.702584
2025-03-31 15:02:27,094 - INFO: Evaluating at iteration 16223
2025-03-31 15:02:27,344 - INFO: Loss: 0.325255
2025-03-31 15:02:27,347 - INFO: Training ROC-AUC: 0.922705
2025-03-31 15:02:27,349 - INFO: Validation ROC-AUC: 0.692043
2025-03-31 15:02:39,194 - INFO: Evaluating at iteration 16723
2025-03-31 15:02:39,450 - INFO: Loss: 0.294070
2025-03-31 15:02:39,452 - INFO: Training ROC-AUC: 0.925714
2025-03-31 15:02:39,454 - INFO: Validation ROC-AUC: 0.689805
2025-03-31 15:02:51,330 - INFO: Evaluating at iteration 17223
2025-03-31 15:02:51,577 - INFO: Loss: 0.319751
2025-03-31 15:02:51,579 - INFO: Training ROC-AUC: 0.862857
2025-03-31 15:02:51,581 - INFO: Validation ROC-AUC: 0.702138
2025-03-31 15:03:03,465 - INFO: Evaluating at iteration 17723
2025-03-31 15:03:03,699 - INFO: Loss: 0.331187
2025-03-31 15:03:03,702 - INFO: Training ROC-AUC: 0.902857
2025-03-31 15:03:03,704 - INFO: Validation ROC-AUC: 0.702726
2025-03-31 15:03:04,554 - INFO: Starting epoch 8
2025-03-31 15:03:04,582 - INFO: Evaluating at iteration 17760
2025-03-31 15:03:04,798 - INFO: Loss: 0.188511
2025-03-31 15:03:04,801 - INFO: Training ROC-AUC: 0.980769
2025-03-31 15:03:04,803 - INFO: Validation ROC-AUC: 0.702513
2025-03-31 15:03:16,668 - INFO: Evaluating at iteration 18260
2025-03-31 15:03:16,910 - INFO: Loss: 0.240822
2025-03-31 15:03:16,913 - INFO: Training ROC-AUC: 0.958333
2025-03-31 15:03:16,916 - INFO: Validation ROC-AUC: 0.693065
2025-03-31 15:03:28,653 - INFO: Evaluating at iteration 18760
2025-03-31 15:03:28,906 - INFO: Loss: 0.237904
2025-03-31 15:03:28,909 - INFO: Training ROC-AUC: 0.892857
2025-03-31 15:03:28,911 - INFO: Validation ROC-AUC: 0.708336
2025-03-31 15:03:40,700 - INFO: Evaluating at iteration 19260
2025-03-31 15:03:40,957 - INFO: Loss: 0.265393
2025-03-31 15:03:40,960 - INFO: Training ROC-AUC: 0.897436
2025-03-31 15:03:40,962 - INFO: Validation ROC-AUC: 0.691849
2025-03-31 15:03:52,710 - INFO: Evaluating at iteration 19760
2025-03-31 15:03:52,943 - INFO: Loss: 0.136579
2025-03-31 15:03:52,946 - INFO: Training ROC-AUC: 0.985507
2025-03-31 15:03:52,948 - INFO: Validation ROC-AUC: 0.694279
2025-03-31 15:04:04,823 - INFO: Evaluating at iteration 20260
2025-03-31 15:04:05,054 - INFO: Loss: 0.257828
2025-03-31 15:04:05,056 - INFO: Training ROC-AUC: 0.925926
2025-03-31 15:04:05,058 - INFO: Validation ROC-AUC: 0.709079
2025-03-31 15:04:05,922 - INFO: Starting epoch 9
2025-03-31 15:04:05,950 - INFO: Evaluating at iteration 20297
2025-03-31 15:04:06,162 - INFO: Loss: 0.226522
2025-03-31 15:04:06,165 - INFO: Training ROC-AUC: 0.940741
2025-03-31 15:04:06,167 - INFO: Validation ROC-AUC: 0.706017
2025-03-31 15:04:18,025 - INFO: Evaluating at iteration 20797
2025-03-31 15:04:18,277 - INFO: Loss: 0.233395
2025-03-31 15:04:18,280 - INFO: Training ROC-AUC: 0.958333
2025-03-31 15:04:18,282 - INFO: Validation ROC-AUC: 0.696862
2025-03-31 15:04:30,066 - INFO: Evaluating at iteration 21297
2025-03-31 15:04:30,320 - INFO: Loss: 0.205330
2025-03-31 15:04:30,322 - INFO: Training ROC-AUC: 0.901786
2025-03-31 15:04:30,325 - INFO: Validation ROC-AUC: 0.706118
2025-03-31 15:04:42,045 - INFO: Evaluating at iteration 21797
2025-03-31 15:04:42,280 - INFO: Loss: 0.144869
2025-03-31 15:04:42,282 - INFO: Training ROC-AUC: 0.931034
2025-03-31 15:04:42,284 - INFO: Validation ROC-AUC: 0.695206
2025-03-31 15:04:54,165 - INFO: Evaluating at iteration 22297
2025-03-31 15:04:54,416 - INFO: Loss: 0.197614
2025-03-31 15:04:54,421 - INFO: Training ROC-AUC: 0.946429
2025-03-31 15:04:54,424 - INFO: Validation ROC-AUC: 0.696007
2025-03-31 15:05:06,256 - INFO: Evaluating at iteration 22797
2025-03-31 15:05:06,503 - INFO: Loss: 0.199109
2025-03-31 15:05:06,506 - INFO: Training ROC-AUC: 0.933333
2025-03-31 15:05:06,508 - INFO: Validation ROC-AUC: 0.693699
2025-03-31 15:05:07,399 - INFO: Starting epoch 10
2025-03-31 15:05:07,429 - INFO: Evaluating at iteration 22834
2025-03-31 15:05:07,661 - INFO: Loss: 0.240556
2025-03-31 15:05:07,664 - INFO: Training ROC-AUC: 0.733333
2025-03-31 15:05:07,666 - INFO: Validation ROC-AUC: 0.693900
2025-03-31 15:05:19,360 - INFO: Evaluating at iteration 23334
2025-03-31 15:05:19,613 - INFO: Loss: 0.248200
2025-03-31 15:05:19,616 - INFO: Training ROC-AUC: 0.942857
2025-03-31 15:05:19,618 - INFO: Validation ROC-AUC: 0.692943
2025-03-31 15:05:31,389 - INFO: Evaluating at iteration 23834
2025-03-31 15:05:31,638 - INFO: Loss: 0.163808
2025-03-31 15:05:31,640 - INFO: Training ROC-AUC: 0.940741
2025-03-31 15:05:31,642 - INFO: Validation ROC-AUC: 0.687244
2025-03-31 15:05:43,356 - INFO: Evaluating at iteration 24334
2025-03-31 15:05:43,636 - INFO: Loss: 0.160808
2025-03-31 15:05:43,639 - INFO: Training ROC-AUC: 0.982857
2025-03-31 15:05:43,641 - INFO: Validation ROC-AUC: 0.694752
2025-03-31 15:05:55,396 - INFO: Evaluating at iteration 24834
2025-03-31 15:05:55,652 - INFO: Loss: 0.259745
2025-03-31 15:05:55,654 - INFO: Training ROC-AUC: 0.920000
2025-03-31 15:05:55,656 - INFO: Validation ROC-AUC: 0.684547
2025-03-31 15:06:07,461 - INFO: Evaluating at iteration 25334
2025-03-31 15:06:07,695 - INFO: Loss: 0.133467
2025-03-31 15:06:07,697 - INFO: Training ROC-AUC: 0.962963
2025-03-31 15:06:07,700 - INFO: Validation ROC-AUC: 0.675319
2025-03-31 15:06:08,556 - INFO: Starting epoch 11
2025-03-31 15:06:08,582 - INFO: Evaluating at iteration 25371
2025-03-31 15:06:08,794 - INFO: Loss: 0.129301
2025-03-31 15:06:08,796 - INFO: Training ROC-AUC: 0.950000
2025-03-31 15:06:08,798 - INFO: Validation ROC-AUC: 0.678965
2025-03-31 15:06:20,578 - INFO: Evaluating at iteration 25871
2025-03-31 15:06:20,803 - INFO: Loss: 0.132643
2025-03-31 15:06:20,805 - INFO: Training ROC-AUC: 0.985185
2025-03-31 15:06:20,807 - INFO: Validation ROC-AUC: 0.677416
2025-03-31 15:06:32,566 - INFO: Evaluating at iteration 26371
2025-03-31 15:06:32,802 - INFO: Loss: 0.191298
2025-03-31 15:06:32,805 - INFO: Training ROC-AUC: 0.942857
2025-03-31 15:06:32,807 - INFO: Validation ROC-AUC: 0.685691
2025-03-31 15:06:44,537 - INFO: Evaluating at iteration 26871
2025-03-31 15:06:44,785 - INFO: Loss: 0.152724
2025-03-31 15:06:44,787 - INFO: Training ROC-AUC: 0.993590
2025-03-31 15:06:44,789 - INFO: Validation ROC-AUC: 0.685199
2025-03-31 15:06:56,462 - INFO: Evaluating at iteration 27371
2025-03-31 15:06:56,716 - INFO: Loss: 0.135455
2025-03-31 15:06:56,718 - INFO: Training ROC-AUC: 0.985185
2025-03-31 15:06:56,721 - INFO: Validation ROC-AUC: 0.681396
2025-03-31 15:07:08,556 - INFO: Evaluating at iteration 27871
2025-03-31 15:07:08,803 - INFO: Loss: 0.103700
2025-03-31 15:07:08,806 - INFO: Training ROC-AUC: 1.000000
2025-03-31 15:07:08,808 - INFO: Validation ROC-AUC: 0.688309
2025-03-31 15:07:09,682 - INFO: Starting epoch 12
2025-03-31 15:07:09,709 - INFO: Evaluating at iteration 27908
2025-03-31 15:07:09,939 - INFO: Loss: 0.333391
2025-03-31 15:07:09,941 - INFO: Training ROC-AUC: 0.884058
2025-03-31 15:07:09,944 - INFO: Validation ROC-AUC: 0.684050
2025-03-31 15:07:21,733 - INFO: Evaluating at iteration 28408
2025-03-31 15:07:21,984 - INFO: Loss: 0.263985
2025-03-31 15:07:21,986 - INFO: Training ROC-AUC: 0.903704
2025-03-31 15:07:21,988 - INFO: Validation ROC-AUC: 0.685972
2025-03-31 15:07:33,795 - INFO: Evaluating at iteration 28908
2025-03-31 15:07:34,042 - INFO: Loss: 0.230008
2025-03-31 15:07:34,048 - INFO: Training ROC-AUC: 0.955128
2025-03-31 15:07:34,054 - INFO: Validation ROC-AUC: 0.682168
2025-03-31 15:07:45,965 - INFO: Evaluating at iteration 29408
2025-03-31 15:07:46,224 - INFO: Loss: 0.142223
2025-03-31 15:07:46,226 - INFO: Training ROC-AUC: 0.985185
2025-03-31 15:07:46,229 - INFO: Validation ROC-AUC: 0.675715
2025-03-31 15:07:58,008 - INFO: Evaluating at iteration 29908
2025-03-31 15:07:58,264 - INFO: Loss: 0.306850
2025-03-31 15:07:58,266 - INFO: Training ROC-AUC: 0.922727
2025-03-31 15:07:58,268 - INFO: Validation ROC-AUC: 0.671136
2025-03-31 15:08:09,959 - INFO: Evaluating at iteration 30408
2025-03-31 15:08:10,200 - INFO: Loss: 0.260896
2025-03-31 15:08:10,202 - INFO: Training ROC-AUC: 0.910256
2025-03-31 15:08:10,205 - INFO: Validation ROC-AUC: 0.679038
2025-03-31 15:08:11,044 - INFO: Starting epoch 13
2025-03-31 15:08:11,081 - INFO: Evaluating at iteration 30445
2025-03-31 15:08:11,317 - INFO: Loss: 0.153752
2025-03-31 15:08:11,327 - INFO: Training ROC-AUC: 0.988571
2025-03-31 15:08:11,338 - INFO: Validation ROC-AUC: 0.682745
2025-03-31 15:08:23,312 - INFO: Evaluating at iteration 30945
2025-03-31 15:08:23,583 - INFO: Loss: 0.104106
2025-03-31 15:08:23,585 - INFO: Training ROC-AUC: 1.000000
2025-03-31 15:08:23,587 - INFO: Validation ROC-AUC: 0.677244
2025-03-31 15:08:35,449 - INFO: Evaluating at iteration 31445
2025-03-31 15:08:35,693 - INFO: Loss: 0.047769
2025-03-31 15:08:35,695 - INFO: Training ROC-AUC: 1.000000
2025-03-31 15:08:35,698 - INFO: Validation ROC-AUC: 0.671425
2025-03-31 15:08:47,725 - INFO: Evaluating at iteration 31945
2025-03-31 15:08:47,982 - INFO: Loss: 0.176569
2025-03-31 15:08:47,984 - INFO: Training ROC-AUC: 0.975845
2025-03-31 15:08:47,987 - INFO: Validation ROC-AUC: 0.676617
2025-03-31 15:09:00,198 - INFO: Evaluating at iteration 32445
2025-03-31 15:09:00,438 - INFO: Loss: 0.124201
2025-03-31 15:09:00,441 - INFO: Training ROC-AUC: 0.950000
2025-03-31 15:09:00,443 - INFO: Validation ROC-AUC: 0.676854
2025-03-31 15:09:12,613 - INFO: Evaluating at iteration 32945
2025-03-31 15:09:12,862 - INFO: Loss: 0.383317
2025-03-31 15:09:12,865 - INFO: Training ROC-AUC: 0.844444
2025-03-31 15:09:12,867 - INFO: Validation ROC-AUC: 0.677558
2025-03-31 15:09:13,767 - INFO: Starting epoch 14
2025-03-31 15:09:13,794 - INFO: Evaluating at iteration 32982
2025-03-31 15:09:14,026 - INFO: Loss: 0.104879
2025-03-31 15:09:14,029 - INFO: Training ROC-AUC: 0.992593
2025-03-31 15:09:14,031 - INFO: Validation ROC-AUC: 0.680467
2025-03-31 15:09:26,119 - INFO: Evaluating at iteration 33482
2025-03-31 15:09:26,348 - INFO: Loss: 0.186957
2025-03-31 15:09:26,350 - INFO: Training ROC-AUC: 0.977143
2025-03-31 15:09:26,353 - INFO: Validation ROC-AUC: 0.672951
2025-03-31 15:09:38,678 - INFO: Evaluating at iteration 33982
2025-03-31 15:09:38,931 - INFO: Loss: 0.129530
2025-03-31 15:09:38,933 - INFO: Training ROC-AUC: 0.982143
2025-03-31 15:09:38,936 - INFO: Validation ROC-AUC: 0.675275
2025-03-31 15:09:51,344 - INFO: Evaluating at iteration 34482
2025-03-31 15:09:51,584 - INFO: Loss: 0.067195
2025-03-31 15:09:51,587 - INFO: Training ROC-AUC: 1.000000
2025-03-31 15:09:51,589 - INFO: Validation ROC-AUC: 0.670736
2025-03-31 15:10:03,888 - INFO: Evaluating at iteration 34982
2025-03-31 15:10:04,135 - INFO: Loss: 0.177920
2025-03-31 15:10:04,137 - INFO: Training ROC-AUC: 0.961538
2025-03-31 15:10:04,139 - INFO: Validation ROC-AUC: 0.669877
2025-03-31 15:10:16,622 - INFO: Evaluating at iteration 35482
2025-03-31 15:10:16,887 - INFO: Loss: 0.130845
2025-03-31 15:10:16,889 - INFO: Training ROC-AUC: 0.987179
2025-03-31 15:10:16,891 - INFO: Validation ROC-AUC: 0.673813
2025-03-31 15:10:17,765 - INFO: Starting epoch 15
2025-03-31 15:10:17,795 - INFO: Evaluating at iteration 35519
2025-03-31 15:10:18,022 - INFO: Loss: 0.136484
2025-03-31 15:10:18,024 - INFO: Training ROC-AUC: 1.000000
2025-03-31 15:10:18,026 - INFO: Validation ROC-AUC: 0.672088
2025-03-31 15:10:30,531 - INFO: Evaluating at iteration 36019
2025-03-31 15:10:30,778 - INFO: Loss: 0.161274
2025-03-31 15:10:30,784 - INFO: Training ROC-AUC: 0.970370
2025-03-31 15:10:30,786 - INFO: Validation ROC-AUC: 0.669652
2025-03-31 15:10:43,290 - INFO: Evaluating at iteration 36519
2025-03-31 15:10:43,531 - INFO: Loss: 0.081657
2025-03-31 15:10:43,541 - INFO: Training ROC-AUC: 1.000000
2025-03-31 15:10:43,551 - INFO: Validation ROC-AUC: 0.669681
2025-03-31 15:10:56,031 - INFO: Evaluating at iteration 37019
2025-03-31 15:10:56,253 - INFO: Loss: 0.336997
2025-03-31 15:10:56,256 - INFO: Training ROC-AUC: 0.929487
2025-03-31 15:10:56,258 - INFO: Validation ROC-AUC: 0.665520
2025-03-31 15:11:08,895 - INFO: Evaluating at iteration 37519
2025-03-31 15:11:09,142 - INFO: Loss: 0.165550
2025-03-31 15:11:09,145 - INFO: Training ROC-AUC: 0.980769
2025-03-31 15:11:09,146 - INFO: Validation ROC-AUC: 0.664891
2025-03-31 15:11:21,765 - INFO: Evaluating at iteration 38019
2025-03-31 15:11:22,019 - INFO: Loss: 0.225811
2025-03-31 15:11:22,075 - INFO: Training ROC-AUC: 0.971429
2025-03-31 15:11:22,078 - INFO: Validation ROC-AUC: 0.668216
2025-03-31 15:11:23,024 - INFO: Starting epoch 16
2025-03-31 15:11:23,053 - INFO: Evaluating at iteration 38056
2025-03-31 15:11:23,267 - INFO: Loss: 0.093151
2025-03-31 15:11:23,270 - INFO: Training ROC-AUC: 1.000000
2025-03-31 15:11:23,272 - INFO: Validation ROC-AUC: 0.663993
2025-03-31 15:11:35,896 - INFO: Evaluating at iteration 38556
2025-03-31 15:11:36,128 - INFO: Loss: 0.075072
2025-03-31 15:11:36,138 - INFO: Training ROC-AUC: 1.000000
2025-03-31 15:11:36,141 - INFO: Validation ROC-AUC: 0.669038
2025-03-31 15:11:48,801 - INFO: Evaluating at iteration 39056
2025-03-31 15:11:49,048 - INFO: Loss: 0.201730
2025-03-31 15:11:49,050 - INFO: Training ROC-AUC: 0.940741
2025-03-31 15:11:49,053 - INFO: Validation ROC-AUC: 0.663194
2025-03-31 15:12:01,867 - INFO: Evaluating at iteration 39556
2025-03-31 15:12:02,117 - INFO: Loss: 0.066308
2025-03-31 15:12:02,120 - INFO: Training ROC-AUC: 1.000000
2025-03-31 15:12:02,122 - INFO: Validation ROC-AUC: 0.667576
2025-03-31 15:12:14,997 - INFO: Evaluating at iteration 40056
2025-03-31 15:12:15,231 - INFO: Loss: 0.149978
2025-03-31 15:12:15,233 - INFO: Training ROC-AUC: 0.974359
2025-03-31 15:12:15,235 - INFO: Validation ROC-AUC: 0.671062
2025-03-31 15:12:27,900 - INFO: Evaluating at iteration 40556
2025-03-31 15:12:28,159 - INFO: Loss: 0.066108
2025-03-31 15:12:28,162 - INFO: Training ROC-AUC: 1.000000
2025-03-31 15:12:28,164 - INFO: Validation ROC-AUC: 0.665089
2025-03-31 15:12:29,153 - INFO: Starting epoch 17
2025-03-31 15:12:29,180 - INFO: Evaluating at iteration 40593
2025-03-31 15:12:29,412 - INFO: Loss: 0.091742
2025-03-31 15:12:29,415 - INFO: Training ROC-AUC: 1.000000
2025-03-31 15:12:29,417 - INFO: Validation ROC-AUC: 0.665897
2025-03-31 15:12:42,226 - INFO: Evaluating at iteration 41093
2025-03-31 15:12:42,471 - INFO: Loss: 0.067677
2025-03-31 15:12:42,474 - INFO: Training ROC-AUC: 1.000000
2025-03-31 15:12:42,475 - INFO: Validation ROC-AUC: 0.660867
2025-03-31 15:12:55,238 - INFO: Evaluating at iteration 41593
2025-03-31 15:12:55,495 - INFO: Loss: 0.038882
2025-03-31 15:12:55,497 - INFO: Training ROC-AUC: 1.000000
2025-03-31 15:12:55,499 - INFO: Validation ROC-AUC: 0.665012
2025-03-31 15:13:08,538 - INFO: Evaluating at iteration 42093
2025-03-31 15:13:08,793 - INFO: Loss: 0.036465
2025-03-31 15:13:08,796 - INFO: Training ROC-AUC: 1.000000
2025-03-31 15:13:08,798 - INFO: Validation ROC-AUC: 0.663192
2025-03-31 15:13:21,619 - INFO: Evaluating at iteration 42593
2025-03-31 15:13:21,893 - INFO: Loss: 0.144503
2025-03-31 15:13:21,900 - INFO: Training ROC-AUC: 0.977778
2025-03-31 15:13:21,905 - INFO: Validation ROC-AUC: 0.661036
2025-03-31 15:13:34,731 - INFO: Evaluating at iteration 43093
2025-03-31 15:13:34,972 - INFO: Loss: 0.099890
2025-03-31 15:13:34,974 - INFO: Training ROC-AUC: 1.000000
2025-03-31 15:13:34,977 - INFO: Validation ROC-AUC: 0.662575
2025-03-31 15:13:35,934 - INFO: Starting epoch 18
2025-03-31 15:13:35,963 - INFO: Evaluating at iteration 43130
2025-03-31 15:13:36,192 - INFO: Loss: 0.055975
2025-03-31 15:13:36,195 - INFO: Training ROC-AUC: 1.000000
2025-03-31 15:13:36,197 - INFO: Validation ROC-AUC: 0.662448
2025-03-31 15:13:49,037 - INFO: Evaluating at iteration 43630
2025-03-31 15:13:49,280 - INFO: Loss: 0.053437
2025-03-31 15:13:49,283 - INFO: Training ROC-AUC: 1.000000
2025-03-31 15:13:49,285 - INFO: Validation ROC-AUC: 0.661454
2025-03-31 15:14:02,114 - INFO: Evaluating at iteration 44130
2025-03-31 15:14:02,360 - INFO: Loss: 0.134466
2025-03-31 15:14:02,362 - INFO: Training ROC-AUC: 0.992593
2025-03-31 15:14:02,364 - INFO: Validation ROC-AUC: 0.661406
2025-03-31 15:14:15,261 - INFO: Evaluating at iteration 44630
2025-03-31 15:14:15,505 - INFO: Loss: 0.077596
2025-03-31 15:14:15,508 - INFO: Training ROC-AUC: 1.000000
2025-03-31 15:14:15,509 - INFO: Validation ROC-AUC: 0.662018
2025-03-31 15:14:28,380 - INFO: Evaluating at iteration 45130
2025-03-31 15:14:28,629 - INFO: Loss: 0.080156
2025-03-31 15:14:28,631 - INFO: Training ROC-AUC: 1.000000
2025-03-31 15:14:28,634 - INFO: Validation ROC-AUC: 0.657819
2025-03-31 15:14:41,534 - INFO: Evaluating at iteration 45630
2025-03-31 15:14:41,770 - INFO: Loss: 0.073501
2025-03-31 15:14:41,774 - INFO: Training ROC-AUC: 1.000000
2025-03-31 15:14:41,776 - INFO: Validation ROC-AUC: 0.664896
2025-03-31 15:14:42,732 - INFO: Starting epoch 19
2025-03-31 15:14:42,762 - INFO: Evaluating at iteration 45667
2025-03-31 15:14:43,006 - INFO: Loss: 0.002691
2025-03-31 15:14:43,008 - INFO: Training ROC-AUC: 1.000000
2025-03-31 15:14:43,010 - INFO: Validation ROC-AUC: 0.664543
2025-03-31 15:14:55,830 - INFO: Evaluating at iteration 46167
2025-03-31 15:14:56,074 - INFO: Loss: 0.024558
2025-03-31 15:14:56,082 - INFO: Training ROC-AUC: 1.000000
2025-03-31 15:14:56,090 - INFO: Validation ROC-AUC: 0.665215
2025-03-31 15:15:09,107 - INFO: Evaluating at iteration 46667
2025-03-31 15:15:09,354 - INFO: Loss: 0.118838
2025-03-31 15:15:09,368 - INFO: Training ROC-AUC: 1.000000
2025-03-31 15:15:09,370 - INFO: Validation ROC-AUC: 0.658125
2025-03-31 15:15:22,264 - INFO: Evaluating at iteration 47167
2025-03-31 15:15:22,516 - INFO: Loss: 0.063198
2025-03-31 15:15:22,518 - INFO: Training ROC-AUC: 1.000000
2025-03-31 15:15:22,520 - INFO: Validation ROC-AUC: 0.653249
2025-03-31 15:15:35,767 - INFO: Evaluating at iteration 47667
2025-03-31 15:15:36,017 - INFO: Loss: 0.133352
2025-03-31 15:15:36,020 - INFO: Training ROC-AUC: 1.000000
2025-03-31 15:15:36,021 - INFO: Validation ROC-AUC: 0.659490
2025-03-31 15:15:49,088 - INFO: Evaluating at iteration 48167
2025-03-31 15:15:49,332 - INFO: Loss: 0.051650
2025-03-31 15:15:49,335 - INFO: Training ROC-AUC: 1.000000
2025-03-31 15:15:49,337 - INFO: Validation ROC-AUC: 0.657964
2025-03-31 15:15:50,310 - INFO: Starting epoch 20
2025-03-31 15:15:50,340 - INFO: Evaluating at iteration 48204
2025-03-31 15:15:50,562 - INFO: Loss: 0.010384
2025-03-31 15:15:50,571 - INFO: Training ROC-AUC: 1.000000
2025-03-31 15:15:50,581 - INFO: Validation ROC-AUC: 0.653461
2025-03-31 15:16:03,741 - INFO: Evaluating at iteration 48704
2025-03-31 15:16:03,991 - INFO: Loss: 0.065366
2025-03-31 15:16:03,994 - INFO: Training ROC-AUC: 1.000000
2025-03-31 15:16:03,996 - INFO: Validation ROC-AUC: 0.657171
2025-03-31 15:16:16,937 - INFO: Evaluating at iteration 49204
2025-03-31 15:16:17,190 - INFO: Loss: 0.086984
2025-03-31 15:16:17,193 - INFO: Training ROC-AUC: 0.995455
2025-03-31 15:16:17,195 - INFO: Validation ROC-AUC: 0.656409
2025-03-31 15:16:30,074 - INFO: Evaluating at iteration 49704
2025-03-31 15:16:30,319 - INFO: Loss: 0.039939
2025-03-31 15:16:30,321 - INFO: Training ROC-AUC: 1.000000
2025-03-31 15:16:30,324 - INFO: Validation ROC-AUC: 0.655415
2025-03-31 15:16:43,600 - INFO: Evaluating at iteration 50204
2025-03-31 15:16:43,858 - INFO: Loss: 0.040848
2025-03-31 15:16:43,861 - INFO: Training ROC-AUC: 1.000000
2025-03-31 15:16:43,863 - INFO: Validation ROC-AUC: 0.660183
2025-03-31 15:16:56,777 - INFO: Evaluating at iteration 50704
2025-03-31 15:16:57,017 - INFO: Loss: 0.072280
2025-03-31 15:16:57,020 - INFO: Training ROC-AUC: 1.000000
2025-03-31 15:16:57,022 - INFO: Validation ROC-AUC: 0.657681
2025-03-31 15:16:57,971 - INFO: Starting epoch 21
2025-03-31 15:16:58,012 - INFO: Evaluating at iteration 50741
2025-03-31 15:16:58,234 - INFO: Loss: 0.043138
2025-03-31 15:16:58,236 - INFO: Training ROC-AUC: 1.000000
2025-03-31 15:16:58,239 - INFO: Validation ROC-AUC: 0.657068
2025-03-31 15:17:10,958 - INFO: Evaluating at iteration 51241
2025-03-31 15:17:11,188 - INFO: Loss: 0.058293
2025-03-31 15:17:11,222 - INFO: Training ROC-AUC: 0.991071
2025-03-31 15:17:11,224 - INFO: Validation ROC-AUC: 0.661494
2025-03-31 15:17:24,151 - INFO: Evaluating at iteration 51741
2025-03-31 15:17:24,381 - INFO: Loss: 0.070687
2025-03-31 15:17:24,384 - INFO: Training ROC-AUC: 0.988506
2025-03-31 15:17:24,386 - INFO: Validation ROC-AUC: 0.661911
2025-03-31 15:17:37,298 - INFO: Evaluating at iteration 52241
2025-03-31 15:17:37,546 - INFO: Loss: 0.070978
2025-03-31 15:17:37,548 - INFO: Training ROC-AUC: 0.991071
2025-03-31 15:17:37,550 - INFO: Validation ROC-AUC: 0.662385
2025-03-31 15:17:50,432 - INFO: Evaluating at iteration 52741
2025-03-31 15:17:50,671 - INFO: Loss: 0.043380
2025-03-31 15:17:50,673 - INFO: Training ROC-AUC: 1.000000
2025-03-31 15:17:50,675 - INFO: Validation ROC-AUC: 0.655197
2025-03-31 15:18:03,559 - INFO: Evaluating at iteration 53241
2025-03-31 15:18:03,809 - INFO: Loss: 0.036731
2025-03-31 15:18:03,811 - INFO: Training ROC-AUC: 1.000000
2025-03-31 15:18:03,813 - INFO: Validation ROC-AUC: 0.658086
2025-03-31 15:18:04,762 - INFO: Starting epoch 22
2025-03-31 15:18:04,792 - INFO: Evaluating at iteration 53278
2025-03-31 15:18:05,021 - INFO: Loss: 0.011638
2025-03-31 15:18:05,028 - INFO: Training ROC-AUC: 1.000000
2025-03-31 15:18:05,036 - INFO: Validation ROC-AUC: 0.658438
2025-03-31 15:18:18,073 - INFO: Evaluating at iteration 53778
2025-03-31 15:18:18,329 - INFO: Loss: 0.029726
2025-03-31 15:18:18,332 - INFO: Training ROC-AUC: 1.000000
2025-03-31 15:18:18,334 - INFO: Validation ROC-AUC: 0.659864
2025-03-31 15:18:31,342 - INFO: Evaluating at iteration 54278
2025-03-31 15:18:31,599 - INFO: Loss: 0.039008
2025-03-31 15:18:31,602 - INFO: Training ROC-AUC: 1.000000
2025-03-31 15:18:31,604 - INFO: Validation ROC-AUC: 0.662827
2025-03-31 15:18:44,653 - INFO: Evaluating at iteration 54778
2025-03-31 15:18:44,895 - INFO: Loss: 0.069557
2025-03-31 15:18:44,898 - INFO: Training ROC-AUC: 0.988506
2025-03-31 15:18:44,900 - INFO: Validation ROC-AUC: 0.655976
2025-03-31 15:18:57,774 - INFO: Evaluating at iteration 55278
2025-03-31 15:18:58,030 - INFO: Loss: 0.019199
2025-03-31 15:18:58,033 - INFO: Training ROC-AUC: 1.000000
2025-03-31 15:18:58,035 - INFO: Validation ROC-AUC: 0.652008
2025-03-31 15:19:11,089 - INFO: Evaluating at iteration 55778
2025-03-31 15:19:11,338 - INFO: Loss: 0.117237
2025-03-31 15:19:11,340 - INFO: Training ROC-AUC: 1.000000
2025-03-31 15:19:11,342 - INFO: Validation ROC-AUC: 0.654502
2025-03-31 15:19:12,307 - INFO: Starting epoch 23
2025-03-31 15:19:12,335 - INFO: Evaluating at iteration 55815
2025-03-31 15:19:12,568 - INFO: Loss: 0.022281
2025-03-31 15:19:12,570 - INFO: Training ROC-AUC: 1.000000
2025-03-31 15:19:12,573 - INFO: Validation ROC-AUC: 0.651682
2025-03-31 15:19:25,639 - INFO: Evaluating at iteration 56315
2025-03-31 15:19:25,872 - INFO: Loss: 0.069314
2025-03-31 15:19:25,875 - INFO: Training ROC-AUC: 1.000000
2025-03-31 15:19:25,877 - INFO: Validation ROC-AUC: 0.659873
2025-03-31 15:19:38,655 - INFO: Evaluating at iteration 56815
2025-03-31 15:19:38,885 - INFO: Loss: 0.036203
2025-03-31 15:19:38,896 - INFO: Training ROC-AUC: 1.000000
2025-03-31 15:19:38,906 - INFO: Validation ROC-AUC: 0.656767
2025-03-31 15:19:51,805 - INFO: Evaluating at iteration 57315
2025-03-31 15:19:52,034 - INFO: Loss: 0.057760
2025-03-31 15:19:52,037 - INFO: Training ROC-AUC: 1.000000
2025-03-31 15:19:52,039 - INFO: Validation ROC-AUC: 0.656659
2025-03-31 15:20:04,984 - INFO: Evaluating at iteration 57815
2025-03-31 15:20:05,226 - INFO: Loss: 0.014930
2025-03-31 15:20:05,228 - INFO: Training ROC-AUC: 1.000000
2025-03-31 15:20:05,231 - INFO: Validation ROC-AUC: 0.649978
2025-03-31 15:20:18,120 - INFO: Evaluating at iteration 58315
2025-03-31 15:20:18,353 - INFO: Loss: 0.166359
2025-03-31 15:20:18,356 - INFO: Training ROC-AUC: 0.970370
2025-03-31 15:20:18,359 - INFO: Validation ROC-AUC: 0.657725
2025-03-31 15:20:19,262 - INFO: Starting epoch 24
2025-03-31 15:20:19,291 - INFO: Evaluating at iteration 58352
2025-03-31 15:20:19,519 - INFO: Loss: 0.019263
2025-03-31 15:20:19,522 - INFO: Training ROC-AUC: 1.000000
2025-03-31 15:20:19,524 - INFO: Validation ROC-AUC: 0.658580
2025-03-31 15:20:32,340 - INFO: Evaluating at iteration 58852
2025-03-31 15:20:32,589 - INFO: Loss: 0.010549
2025-03-31 15:20:32,592 - INFO: Training ROC-AUC: 1.000000
2025-03-31 15:20:32,594 - INFO: Validation ROC-AUC: 0.656119
2025-03-31 15:20:45,470 - INFO: Evaluating at iteration 59352
2025-03-31 15:20:45,722 - INFO: Loss: 0.011725
2025-03-31 15:20:45,724 - INFO: Training ROC-AUC: 1.000000
2025-03-31 15:20:45,726 - INFO: Validation ROC-AUC: 0.657080
2025-03-31 15:20:58,677 - INFO: Evaluating at iteration 59852
2025-03-31 15:20:58,918 - INFO: Loss: 0.031732
2025-03-31 15:20:58,921 - INFO: Training ROC-AUC: 1.000000
2025-03-31 15:20:58,923 - INFO: Validation ROC-AUC: 0.660175
2025-03-31 15:21:11,766 - INFO: Evaluating at iteration 60352
2025-03-31 15:21:11,988 - INFO: Loss: 0.063228
2025-03-31 15:21:11,990 - INFO: Training ROC-AUC: 0.992593
2025-03-31 15:21:11,992 - INFO: Validation ROC-AUC: 0.656820
2025-03-31 15:21:25,007 - INFO: Evaluating at iteration 60852
2025-03-31 15:21:25,257 - INFO: Loss: 0.056257
2025-03-31 15:21:25,260 - INFO: Training ROC-AUC: 1.000000
2025-03-31 15:21:25,262 - INFO: Validation ROC-AUC: 0.652200
2025-03-31 15:21:26,212 - INFO: Starting epoch 25
2025-03-31 15:21:26,238 - INFO: Evaluating at iteration 60889
2025-03-31 15:21:26,467 - INFO: Loss: 0.018129
2025-03-31 15:21:26,470 - INFO: Training ROC-AUC: 1.000000
2025-03-31 15:21:26,472 - INFO: Validation ROC-AUC: 0.651575
2025-03-31 15:21:39,312 - INFO: Evaluating at iteration 61389
2025-03-31 15:21:39,555 - INFO: Loss: 0.013570
2025-03-31 15:21:39,557 - INFO: Training ROC-AUC: 1.000000
2025-03-31 15:21:39,559 - INFO: Validation ROC-AUC: 0.653572
2025-03-31 15:21:52,329 - INFO: Evaluating at iteration 61889
2025-03-31 15:21:52,582 - INFO: Loss: 0.023735
2025-03-31 15:21:52,584 - INFO: Training ROC-AUC: 1.000000
2025-03-31 15:21:52,586 - INFO: Validation ROC-AUC: 0.656425
2025-03-31 15:22:05,389 - INFO: Evaluating at iteration 62389
2025-03-31 15:22:05,662 - INFO: Loss: 0.008337
2025-03-31 15:22:05,662 - INFO: Training ROC-AUC: 1.000000
2025-03-31 15:22:05,662 - INFO: Validation ROC-AUC: 0.655438
2025-03-31 15:22:18,504 - INFO: Evaluating at iteration 62889
2025-03-31 15:22:18,735 - INFO: Loss: 0.013751
2025-03-31 15:22:18,735 - INFO: Training ROC-AUC: 1.000000
2025-03-31 15:22:18,735 - INFO: Validation ROC-AUC: 0.647313
2025-03-31 15:22:31,756 - INFO: Evaluating at iteration 63389
2025-03-31 15:22:31,972 - INFO: Loss: 0.012104
2025-03-31 15:22:31,972 - INFO: Training ROC-AUC: 1.000000
2025-03-31 15:22:31,973 - INFO: Validation ROC-AUC: 0.649587
2025-03-31 15:22:32,877 - INFO: Saving model to models/TCRStructMap_pmhc_split_sequence_only/model_2.pt
2025-03-31 15:22:32,895 - INFO: Starting fold 3
2025-03-31 15:22:32,895 - INFO: Initialising model
2025-03-31 15:22:32,908 - INFO: Starting training
2025-03-31 15:22:32,908 - INFO: Starting epoch 1
2025-03-31 15:22:32,933 - INFO: Evaluating at iteration 1
2025-03-31 15:22:39,023 - INFO: Loss: 0.697938
2025-03-31 15:22:39,023 - INFO: Training ROC-AUC: 0.500000
2025-03-31 15:22:39,023 - INFO: Validation ROC-AUC: 0.494569
2025-03-31 15:22:49,641 - INFO: Starting epoch 2
2025-03-31 15:22:49,664 - INFO: Evaluating at iteration 457
2025-03-31 15:22:55,304 - INFO: Loss: 0.426075
2025-03-31 15:22:55,305 - INFO: Training ROC-AUC: 0.805714
2025-03-31 15:22:55,305 - INFO: Validation ROC-AUC: 0.425416
2025-03-31 15:23:05,911 - INFO: Starting epoch 3
2025-03-31 15:23:05,935 - INFO: Evaluating at iteration 913
2025-03-31 15:23:11,603 - INFO: Loss: 0.274852
2025-03-31 15:23:11,603 - INFO: Training ROC-AUC: 0.918519
2025-03-31 15:23:11,603 - INFO: Validation ROC-AUC: 0.419864
2025-03-31 15:23:22,339 - INFO: Starting epoch 4
2025-03-31 15:23:22,362 - INFO: Evaluating at iteration 1369
2025-03-31 15:23:28,029 - INFO: Loss: 0.197669
2025-03-31 15:23:28,029 - INFO: Training ROC-AUC: 1.000000
2025-03-31 15:23:28,029 - INFO: Validation ROC-AUC: 0.424646
2025-03-31 15:23:38,863 - INFO: Starting epoch 5
2025-03-31 15:23:38,887 - INFO: Evaluating at iteration 1825
2025-03-31 15:23:44,437 - INFO: Loss: 0.163612
2025-03-31 15:23:44,437 - INFO: Training ROC-AUC: 0.933333
2025-03-31 15:23:44,437 - INFO: Validation ROC-AUC: 0.429326
2025-03-31 15:23:55,041 - INFO: Starting epoch 6
2025-03-31 15:23:55,065 - INFO: Evaluating at iteration 2281
2025-03-31 15:24:00,610 - INFO: Loss: 0.250349
2025-03-31 15:24:00,610 - INFO: Training ROC-AUC: 0.666667
2025-03-31 15:24:00,610 - INFO: Validation ROC-AUC: 0.433250
2025-03-31 15:24:11,286 - INFO: Starting epoch 7
2025-03-31 15:24:11,309 - INFO: Evaluating at iteration 2737
2025-03-31 15:24:16,902 - INFO: Loss: 0.439749
2025-03-31 15:24:16,902 - INFO: Training ROC-AUC: 0.786458
2025-03-31 15:24:16,902 - INFO: Validation ROC-AUC: 0.430902
2025-03-31 15:24:27,552 - INFO: Starting epoch 8
2025-03-31 15:24:27,576 - INFO: Evaluating at iteration 3193
2025-03-31 15:24:33,102 - INFO: Loss: 0.264574
2025-03-31 15:24:33,102 - INFO: Training ROC-AUC: 0.935897
2025-03-31 15:24:33,102 - INFO: Validation ROC-AUC: 0.430739
2025-03-31 15:24:43,836 - INFO: Starting epoch 9
2025-03-31 15:24:43,860 - INFO: Evaluating at iteration 3649
2025-03-31 15:24:49,393 - INFO: Loss: 0.274639
2025-03-31 15:24:49,393 - INFO: Training ROC-AUC: 0.910714
2025-03-31 15:24:49,393 - INFO: Validation ROC-AUC: 0.434295
2025-03-31 15:25:00,082 - INFO: Starting epoch 10
2025-03-31 15:25:00,106 - INFO: Evaluating at iteration 4105
2025-03-31 15:25:05,614 - INFO: Loss: 0.364552
2025-03-31 15:25:05,614 - INFO: Training ROC-AUC: 0.794872
2025-03-31 15:25:05,614 - INFO: Validation ROC-AUC: 0.427883
2025-03-31 15:25:16,273 - INFO: Starting epoch 11
2025-03-31 15:25:16,297 - INFO: Evaluating at iteration 4561
2025-03-31 15:25:21,918 - INFO: Loss: 0.259116
2025-03-31 15:25:21,918 - INFO: Training ROC-AUC: 0.857143
2025-03-31 15:25:21,918 - INFO: Validation ROC-AUC: 0.430781
2025-03-31 15:25:32,624 - INFO: Starting epoch 12
2025-03-31 15:25:32,648 - INFO: Evaluating at iteration 5017
2025-03-31 15:25:38,192 - INFO: Loss: 0.257447
2025-03-31 15:25:38,192 - INFO: Training ROC-AUC: 0.965714
2025-03-31 15:25:38,192 - INFO: Validation ROC-AUC: 0.430570
2025-03-31 15:25:48,892 - INFO: Starting epoch 13
2025-03-31 15:25:48,915 - INFO: Evaluating at iteration 5473
2025-03-31 15:25:54,536 - INFO: Loss: 0.157102
2025-03-31 15:25:54,536 - INFO: Training ROC-AUC: 0.954023
2025-03-31 15:25:54,536 - INFO: Validation ROC-AUC: 0.429366
2025-03-31 15:26:05,377 - INFO: Starting epoch 14
2025-03-31 15:26:05,401 - INFO: Evaluating at iteration 5929
2025-03-31 15:26:11,114 - INFO: Loss: 0.211139
2025-03-31 15:26:11,114 - INFO: Training ROC-AUC: 1.000000
2025-03-31 15:26:11,114 - INFO: Validation ROC-AUC: 0.431030
2025-03-31 15:26:21,714 - INFO: Starting epoch 15
2025-03-31 15:26:21,738 - INFO: Evaluating at iteration 6385
2025-03-31 15:26:27,264 - INFO: Loss: 0.241448
2025-03-31 15:26:27,264 - INFO: Training ROC-AUC: 0.901786
2025-03-31 15:26:27,264 - INFO: Validation ROC-AUC: 0.429828
2025-03-31 15:26:37,915 - INFO: Starting epoch 16
2025-03-31 15:26:37,939 - INFO: Evaluating at iteration 6841
2025-03-31 15:26:43,489 - INFO: Loss: 0.207822
2025-03-31 15:26:43,489 - INFO: Training ROC-AUC: 0.962963
2025-03-31 15:26:43,489 - INFO: Validation ROC-AUC: 0.436186
2025-03-31 15:26:54,257 - INFO: Starting epoch 17
2025-03-31 15:26:54,280 - INFO: Evaluating at iteration 7297
2025-03-31 15:26:59,851 - INFO: Loss: 0.167390
2025-03-31 15:26:59,851 - INFO: Training ROC-AUC: 0.967742
2025-03-31 15:26:59,851 - INFO: Validation ROC-AUC: 0.429494
2025-03-31 15:27:10,805 - INFO: Starting epoch 18
2025-03-31 15:27:10,829 - INFO: Evaluating at iteration 7753
2025-03-31 15:27:16,499 - INFO: Loss: 0.237395
2025-03-31 15:27:16,499 - INFO: Training ROC-AUC: 0.932367
2025-03-31 15:27:16,499 - INFO: Validation ROC-AUC: 0.432416
2025-03-31 15:27:27,413 - INFO: Starting epoch 19
2025-03-31 15:27:27,437 - INFO: Evaluating at iteration 8209
2025-03-31 15:27:33,009 - INFO: Loss: 0.116558
2025-03-31 15:27:33,009 - INFO: Training ROC-AUC: 0.977011
2025-03-31 15:27:33,009 - INFO: Validation ROC-AUC: 0.435448
2025-03-31 15:27:43,975 - INFO: Starting epoch 20
2025-03-31 15:27:44,001 - INFO: Evaluating at iteration 8665
2025-03-31 15:27:49,497 - INFO: Loss: 0.067463
2025-03-31 15:27:49,497 - INFO: Training ROC-AUC: 1.000000
2025-03-31 15:27:49,497 - INFO: Validation ROC-AUC: 0.431479
2025-03-31 15:28:00,570 - INFO: Starting epoch 21
2025-03-31 15:28:00,595 - INFO: Evaluating at iteration 9121
2025-03-31 15:28:06,222 - INFO: Loss: 0.158844
2025-03-31 15:28:06,222 - INFO: Training ROC-AUC: 0.955357
2025-03-31 15:28:06,222 - INFO: Validation ROC-AUC: 0.432952
2025-03-31 15:28:17,676 - INFO: Starting epoch 22
2025-03-31 15:28:17,700 - INFO: Evaluating at iteration 9577
2025-03-31 15:28:23,330 - INFO: Loss: 0.058367
2025-03-31 15:28:23,330 - INFO: Training ROC-AUC: 1.000000
2025-03-31 15:28:23,330 - INFO: Validation ROC-AUC: 0.431672
2025-03-31 15:28:34,787 - INFO: Starting epoch 23
2025-03-31 15:28:34,810 - INFO: Evaluating at iteration 10033
2025-03-31 15:28:40,328 - INFO: Loss: 0.144382
2025-03-31 15:28:40,328 - INFO: Training ROC-AUC: 0.988571
2025-03-31 15:28:40,328 - INFO: Validation ROC-AUC: 0.432966
2025-03-31 15:28:51,678 - INFO: Starting epoch 24
2025-03-31 15:28:51,713 - INFO: Evaluating at iteration 10489
2025-03-31 15:28:57,285 - INFO: Loss: 0.088605
2025-03-31 15:28:57,285 - INFO: Training ROC-AUC: 0.991071
2025-03-31 15:28:57,285 - INFO: Validation ROC-AUC: 0.429444
2025-03-31 15:29:08,814 - INFO: Starting epoch 25
2025-03-31 15:29:08,841 - INFO: Evaluating at iteration 10945
2025-03-31 15:29:14,392 - INFO: Loss: 0.076038
2025-03-31 15:29:14,392 - INFO: Training ROC-AUC: 1.000000
2025-03-31 15:29:14,392 - INFO: Validation ROC-AUC: 0.431605
2025-03-31 15:29:25,940 - INFO: Saving model to models/TCRStructMap_pmhc_split_sequence_only/model_3.pt
2025-03-31 15:29:25,954 - INFO: Starting fold 4
2025-03-31 15:29:25,954 - INFO: Initialising model
2025-03-31 15:29:26,171 - INFO: Starting training
2025-03-31 15:29:26,171 - INFO: Starting epoch 1
2025-03-31 15:29:26,207 - INFO: Evaluating at iteration 1
2025-03-31 15:29:26,760 - INFO: Loss: 0.694845
2025-03-31 15:29:26,761 - INFO: Training ROC-AUC: 0.416667
2025-03-31 15:29:26,761 - INFO: Validation ROC-AUC: 0.561029
2025-03-31 15:29:38,396 - INFO: Evaluating at iteration 501
2025-03-31 15:29:38,904 - INFO: Loss: 0.597735
2025-03-31 15:29:38,904 - INFO: Training ROC-AUC: 0.588542
2025-03-31 15:29:38,904 - INFO: Validation ROC-AUC: 0.294075
2025-03-31 15:29:50,788 - INFO: Evaluating at iteration 1001
2025-03-31 15:29:51,275 - INFO: Loss: 0.472632
2025-03-31 15:29:51,275 - INFO: Training ROC-AUC: 0.621795
2025-03-31 15:29:51,275 - INFO: Validation ROC-AUC: 0.311176
2025-03-31 15:30:02,942 - INFO: Evaluating at iteration 1501
2025-03-31 15:30:03,475 - INFO: Loss: 0.453798
2025-03-31 15:30:03,475 - INFO: Training ROC-AUC: 0.711538
2025-03-31 15:30:03,475 - INFO: Validation ROC-AUC: 0.385331
2025-03-31 15:30:14,983 - INFO: Evaluating at iteration 2001
2025-03-31 15:30:15,464 - INFO: Loss: 0.280908
2025-03-31 15:30:15,464 - INFO: Training ROC-AUC: 0.865385
2025-03-31 15:30:15,464 - INFO: Validation ROC-AUC: 0.328032
2025-03-31 15:30:25,117 - INFO: Starting epoch 2
2025-03-31 15:30:25,141 - INFO: Evaluating at iteration 2419
2025-03-31 15:30:25,660 - INFO: Loss: 0.395311
2025-03-31 15:30:25,661 - INFO: Training ROC-AUC: 0.741071
2025-03-31 15:30:25,661 - INFO: Validation ROC-AUC: 0.376308
2025-03-31 15:30:37,235 - INFO: Evaluating at iteration 2919
2025-03-31 15:30:37,776 - INFO: Loss: 0.368137
2025-03-31 15:30:37,776 - INFO: Training ROC-AUC: 0.906250
2025-03-31 15:30:37,776 - INFO: Validation ROC-AUC: 0.491407
2025-03-31 15:30:49,510 - INFO: Evaluating at iteration 3419
2025-03-31 15:30:50,054 - INFO: Loss: 0.360956
2025-03-31 15:30:50,055 - INFO: Training ROC-AUC: 0.633929
2025-03-31 15:30:50,055 - INFO: Validation ROC-AUC: 0.495529
2025-03-31 15:31:01,820 - INFO: Evaluating at iteration 3919
2025-03-31 15:31:02,341 - INFO: Loss: 0.516995
2025-03-31 15:31:02,342 - INFO: Training ROC-AUC: 0.840909
2025-03-31 15:31:02,342 - INFO: Validation ROC-AUC: 0.489804
2025-03-31 15:31:13,980 - INFO: Evaluating at iteration 4419
2025-03-31 15:31:14,502 - INFO: Loss: 0.275032
2025-03-31 15:31:14,502 - INFO: Training ROC-AUC: 0.875000
2025-03-31 15:31:14,502 - INFO: Validation ROC-AUC: 0.535800
2025-03-31 15:31:24,312 - INFO: Starting epoch 3
2025-03-31 15:31:24,337 - INFO: Evaluating at iteration 4837
2025-03-31 15:31:24,887 - INFO: Loss: 0.258529
2025-03-31 15:31:24,887 - INFO: Training ROC-AUC: 0.953125
2025-03-31 15:31:24,887 - INFO: Validation ROC-AUC: 0.536796
2025-03-31 15:31:36,917 - INFO: Evaluating at iteration 5337
2025-03-31 15:31:37,404 - INFO: Loss: 0.195219
2025-03-31 15:31:37,404 - INFO: Training ROC-AUC: 0.862069
2025-03-31 15:31:37,404 - INFO: Validation ROC-AUC: 0.545813
2025-03-31 15:31:49,245 - INFO: Evaluating at iteration 5837
2025-03-31 15:31:49,729 - INFO: Loss: 0.294010
2025-03-31 15:31:49,729 - INFO: Training ROC-AUC: 0.859259
2025-03-31 15:31:49,729 - INFO: Validation ROC-AUC: 0.527529
2025-03-31 15:32:01,495 - INFO: Evaluating at iteration 6337
2025-03-31 15:32:01,979 - INFO: Loss: 0.289946
2025-03-31 15:32:01,980 - INFO: Training ROC-AUC: 0.844444
2025-03-31 15:32:01,980 - INFO: Validation ROC-AUC: 0.518007
2025-03-31 15:32:13,826 - INFO: Evaluating at iteration 6837
2025-03-31 15:32:14,318 - INFO: Loss: 0.232331
2025-03-31 15:32:14,318 - INFO: Training ROC-AUC: 0.929487
2025-03-31 15:32:14,318 - INFO: Validation ROC-AUC: 0.526450
2025-03-31 15:32:24,091 - INFO: Starting epoch 4
2025-03-31 15:32:24,116 - INFO: Evaluating at iteration 7255
2025-03-31 15:32:24,614 - INFO: Loss: 0.318749
2025-03-31 15:32:24,614 - INFO: Training ROC-AUC: 0.965714
2025-03-31 15:32:24,614 - INFO: Validation ROC-AUC: 0.535915
2025-03-31 15:32:36,377 - INFO: Evaluating at iteration 7755
2025-03-31 15:32:36,909 - INFO: Loss: 0.255086
2025-03-31 15:32:36,909 - INFO: Training ROC-AUC: 0.896296
2025-03-31 15:32:36,909 - INFO: Validation ROC-AUC: 0.532663
2025-03-31 15:32:48,832 - INFO: Evaluating at iteration 8255
2025-03-31 15:32:49,379 - INFO: Loss: 0.264556
2025-03-31 15:32:49,379 - INFO: Training ROC-AUC: 0.903846
2025-03-31 15:32:49,379 - INFO: Validation ROC-AUC: 0.544218
2025-03-31 15:33:01,200 - INFO: Evaluating at iteration 8755
2025-03-31 15:33:01,749 - INFO: Loss: 0.226710
2025-03-31 15:33:01,749 - INFO: Training ROC-AUC: 0.923077
2025-03-31 15:33:01,749 - INFO: Validation ROC-AUC: 0.529653
2025-03-31 15:33:13,636 - INFO: Evaluating at iteration 9255
2025-03-31 15:33:14,184 - INFO: Loss: 0.234742
2025-03-31 15:33:14,184 - INFO: Training ROC-AUC: 0.918519
2025-03-31 15:33:14,184 - INFO: Validation ROC-AUC: 0.542315
2025-03-31 15:33:24,250 - INFO: Starting epoch 5
2025-03-31 15:33:24,276 - INFO: Evaluating at iteration 9673
2025-03-31 15:33:24,818 - INFO: Loss: 0.237181
2025-03-31 15:33:24,818 - INFO: Training ROC-AUC: 0.783333
2025-03-31 15:33:24,818 - INFO: Validation ROC-AUC: 0.550943
2025-03-31 15:33:36,815 - INFO: Evaluating at iteration 10173
2025-03-31 15:33:37,341 - INFO: Loss: 0.282447
2025-03-31 15:33:37,341 - INFO: Training ROC-AUC: 0.812500
2025-03-31 15:33:37,341 - INFO: Validation ROC-AUC: 0.537952
2025-03-31 15:33:49,315 - INFO: Evaluating at iteration 10673
2025-03-31 15:33:49,802 - INFO: Loss: 0.202002
2025-03-31 15:33:49,802 - INFO: Training ROC-AUC: 0.766667
2025-03-31 15:33:49,803 - INFO: Validation ROC-AUC: 0.526426
2025-03-31 15:34:01,907 - INFO: Evaluating at iteration 11173
2025-03-31 15:34:02,425 - INFO: Loss: 0.260083
2025-03-31 15:34:02,426 - INFO: Training ROC-AUC: 0.929487
2025-03-31 15:34:02,426 - INFO: Validation ROC-AUC: 0.535570
2025-03-31 15:34:14,508 - INFO: Evaluating at iteration 11673
2025-03-31 15:34:14,998 - INFO: Loss: 0.285726
2025-03-31 15:34:14,998 - INFO: Training ROC-AUC: 0.891026
2025-03-31 15:34:14,998 - INFO: Validation ROC-AUC: 0.555777
2025-03-31 15:34:25,003 - INFO: Starting epoch 6
2025-03-31 15:34:25,029 - INFO: Evaluating at iteration 12091
2025-03-31 15:34:25,546 - INFO: Loss: 0.274889
2025-03-31 15:34:25,546 - INFO: Training ROC-AUC: 0.812500
2025-03-31 15:34:25,546 - INFO: Validation ROC-AUC: 0.550378
2025-03-31 15:34:37,823 - INFO: Evaluating at iteration 12591
2025-03-31 15:34:38,323 - INFO: Loss: 0.425612
2025-03-31 15:34:38,323 - INFO: Training ROC-AUC: 0.833333
2025-03-31 15:34:38,323 - INFO: Validation ROC-AUC: 0.552555
2025-03-31 15:34:50,277 - INFO: Evaluating at iteration 13091
2025-03-31 15:34:50,813 - INFO: Loss: 0.196794
2025-03-31 15:34:50,814 - INFO: Training ROC-AUC: 0.850000
2025-03-31 15:34:50,814 - INFO: Validation ROC-AUC: 0.542755
2025-03-31 15:35:02,676 - INFO: Evaluating at iteration 13591
2025-03-31 15:35:03,219 - INFO: Loss: 0.214328
2025-03-31 15:35:03,220 - INFO: Training ROC-AUC: 0.961538
2025-03-31 15:35:03,220 - INFO: Validation ROC-AUC: 0.539616
2025-03-31 15:35:15,207 - INFO: Evaluating at iteration 14091
2025-03-31 15:35:15,686 - INFO: Loss: 0.053222
2025-03-31 15:35:15,686 - INFO: Training ROC-AUC: 1.000000
2025-03-31 15:35:15,686 - INFO: Validation ROC-AUC: 0.528705
2025-03-31 15:35:25,736 - INFO: Starting epoch 7
2025-03-31 15:35:25,761 - INFO: Evaluating at iteration 14509
2025-03-31 15:35:26,242 - INFO: Loss: 0.186678
2025-03-31 15:35:26,242 - INFO: Training ROC-AUC: 0.985507
2025-03-31 15:35:26,242 - INFO: Validation ROC-AUC: 0.532766
2025-03-31 15:35:38,222 - INFO: Evaluating at iteration 15009
2025-03-31 15:35:38,721 - INFO: Loss: 0.267443
2025-03-31 15:35:38,721 - INFO: Training ROC-AUC: 0.935897
2025-03-31 15:35:38,721 - INFO: Validation ROC-AUC: 0.542328
2025-03-31 15:35:50,614 - INFO: Evaluating at iteration 15509
2025-03-31 15:35:51,131 - INFO: Loss: 0.221151
2025-03-31 15:35:51,131 - INFO: Training ROC-AUC: 0.839080
2025-03-31 15:35:51,131 - INFO: Validation ROC-AUC: 0.537150
2025-03-31 15:36:03,157 - INFO: Evaluating at iteration 16009
2025-03-31 15:36:03,692 - INFO: Loss: 0.225074
2025-03-31 15:36:03,692 - INFO: Training ROC-AUC: 0.951691
2025-03-31 15:36:03,692 - INFO: Validation ROC-AUC: 0.554085
2025-03-31 15:36:15,736 - INFO: Evaluating at iteration 16509
2025-03-31 15:36:16,231 - INFO: Loss: 0.142034
2025-03-31 15:36:16,231 - INFO: Training ROC-AUC: 1.000000
2025-03-31 15:36:16,231 - INFO: Validation ROC-AUC: 0.552019
2025-03-31 15:36:26,347 - INFO: Starting epoch 8
2025-03-31 15:36:26,373 - INFO: Evaluating at iteration 16927
2025-03-31 15:36:26,857 - INFO: Loss: 0.380467
2025-03-31 15:36:26,857 - INFO: Training ROC-AUC: 0.755556
2025-03-31 15:36:26,857 - INFO: Validation ROC-AUC: 0.524697
2025-03-31 15:36:38,800 - INFO: Evaluating at iteration 17427
2025-03-31 15:36:39,284 - INFO: Loss: 0.369689
2025-03-31 15:36:39,285 - INFO: Training ROC-AUC: 0.940909
2025-03-31 15:36:39,285 - INFO: Validation ROC-AUC: 0.557029
2025-03-31 15:36:51,202 - INFO: Evaluating at iteration 17927
2025-03-31 15:36:51,683 - INFO: Loss: 0.086008
2025-03-31 15:36:51,683 - INFO: Training ROC-AUC: 1.000000
2025-03-31 15:36:51,683 - INFO: Validation ROC-AUC: 0.536394
2025-03-31 15:37:03,553 - INFO: Evaluating at iteration 18427
2025-03-31 15:37:04,038 - INFO: Loss: 0.224008
2025-03-31 15:37:04,038 - INFO: Training ROC-AUC: 0.862069
2025-03-31 15:37:04,038 - INFO: Validation ROC-AUC: 0.538715
2025-03-31 15:37:16,009 - INFO: Evaluating at iteration 18927
2025-03-31 15:37:16,518 - INFO: Loss: 0.181405
2025-03-31 15:37:16,518 - INFO: Training ROC-AUC: 0.933333
2025-03-31 15:37:16,518 - INFO: Validation ROC-AUC: 0.540882
2025-03-31 15:37:26,366 - INFO: Starting epoch 9
2025-03-31 15:37:26,391 - INFO: Evaluating at iteration 19345
2025-03-31 15:37:26,873 - INFO: Loss: 0.225838
2025-03-31 15:37:26,873 - INFO: Training ROC-AUC: 0.974359
2025-03-31 15:37:26,873 - INFO: Validation ROC-AUC: 0.537577
2025-03-31 15:37:38,897 - INFO: Evaluating at iteration 19845
2025-03-31 15:37:39,433 - INFO: Loss: 0.134737
2025-03-31 15:37:39,433 - INFO: Training ROC-AUC: 1.000000
2025-03-31 15:37:39,433 - INFO: Validation ROC-AUC: 0.543598
2025-03-31 15:37:51,462 - INFO: Evaluating at iteration 20345
2025-03-31 15:37:52,007 - INFO: Loss: 0.199292
2025-03-31 15:37:52,007 - INFO: Training ROC-AUC: 0.908046
2025-03-31 15:37:52,007 - INFO: Validation ROC-AUC: 0.535499
2025-03-31 15:38:03,997 - INFO: Evaluating at iteration 20845
2025-03-31 15:38:04,492 - INFO: Loss: 0.143618
2025-03-31 15:38:04,492 - INFO: Training ROC-AUC: 0.977778
2025-03-31 15:38:04,492 - INFO: Validation ROC-AUC: 0.551897
2025-03-31 15:38:16,405 - INFO: Evaluating at iteration 21345
2025-03-31 15:38:16,907 - INFO: Loss: 0.301996
2025-03-31 15:38:16,907 - INFO: Training ROC-AUC: 0.973958
2025-03-31 15:38:16,907 - INFO: Validation ROC-AUC: 0.547226
2025-03-31 15:38:26,970 - INFO: Starting epoch 10
2025-03-31 15:38:26,996 - INFO: Evaluating at iteration 21763
2025-03-31 15:38:27,477 - INFO: Loss: 0.113597
2025-03-31 15:38:27,478 - INFO: Training ROC-AUC: 0.993590
2025-03-31 15:38:27,478 - INFO: Validation ROC-AUC: 0.559286
2025-03-31 15:38:39,613 - INFO: Evaluating at iteration 22263
2025-03-31 15:38:40,123 - INFO: Loss: 0.286817
2025-03-31 15:38:40,123 - INFO: Training ROC-AUC: 0.911111
2025-03-31 15:38:40,123 - INFO: Validation ROC-AUC: 0.547863
2025-03-31 15:38:52,156 - INFO: Evaluating at iteration 22763
2025-03-31 15:38:52,700 - INFO: Loss: 0.268267
2025-03-31 15:38:52,700 - INFO: Training ROC-AUC: 0.903846
2025-03-31 15:38:52,700 - INFO: Validation ROC-AUC: 0.546815
2025-03-31 15:39:04,731 - INFO: Evaluating at iteration 23263
2025-03-31 15:39:05,254 - INFO: Loss: 0.157598
2025-03-31 15:39:05,254 - INFO: Training ROC-AUC: 0.967949
2025-03-31 15:39:05,254 - INFO: Validation ROC-AUC: 0.550737
2025-03-31 15:39:17,274 - INFO: Evaluating at iteration 23763
2025-03-31 15:39:17,774 - INFO: Loss: 0.305479
2025-03-31 15:39:17,774 - INFO: Training ROC-AUC: 0.909091
2025-03-31 15:39:17,774 - INFO: Validation ROC-AUC: 0.541516
2025-03-31 15:39:27,717 - INFO: Starting epoch 11
2025-03-31 15:39:27,742 - INFO: Evaluating at iteration 24181
2025-03-31 15:39:28,254 - INFO: Loss: 0.167457
2025-03-31 15:39:28,254 - INFO: Training ROC-AUC: 1.000000
2025-03-31 15:39:28,254 - INFO: Validation ROC-AUC: 0.550656
2025-03-31 15:39:40,250 - INFO: Evaluating at iteration 24681
2025-03-31 15:39:40,774 - INFO: Loss: 0.136104
2025-03-31 15:39:40,774 - INFO: Training ROC-AUC: 0.988571
2025-03-31 15:39:40,774 - INFO: Validation ROC-AUC: 0.555448
2025-03-31 15:39:52,614 - INFO: Evaluating at iteration 25181
2025-03-31 15:39:53,105 - INFO: Loss: 0.242402
2025-03-31 15:39:53,105 - INFO: Training ROC-AUC: 0.931429
2025-03-31 15:39:53,105 - INFO: Validation ROC-AUC: 0.559524
2025-03-31 15:40:04,897 - INFO: Evaluating at iteration 25681
2025-03-31 15:40:05,378 - INFO: Loss: 0.199164
2025-03-31 15:40:05,378 - INFO: Training ROC-AUC: 0.946429
2025-03-31 15:40:05,378 - INFO: Validation ROC-AUC: 0.562475
2025-03-31 15:40:17,198 - INFO: Evaluating at iteration 26181
2025-03-31 15:40:17,690 - INFO: Loss: 0.161631
2025-03-31 15:40:17,690 - INFO: Training ROC-AUC: 0.993590
2025-03-31 15:40:17,690 - INFO: Validation ROC-AUC: 0.538213
2025-03-31 15:40:27,620 - INFO: Starting epoch 12
2025-03-31 15:40:27,649 - INFO: Evaluating at iteration 26599
2025-03-31 15:40:28,182 - INFO: Loss: 0.097504
2025-03-31 15:40:28,182 - INFO: Training ROC-AUC: 1.000000
2025-03-31 15:40:28,182 - INFO: Validation ROC-AUC: 0.552084
2025-03-31 15:40:40,197 - INFO: Evaluating at iteration 27099
2025-03-31 15:40:40,679 - INFO: Loss: 0.154665
2025-03-31 15:40:40,679 - INFO: Training ROC-AUC: 1.000000
2025-03-31 15:40:40,679 - INFO: Validation ROC-AUC: 0.540912
2025-03-31 15:40:52,508 - INFO: Evaluating at iteration 27599
2025-03-31 15:40:52,994 - INFO: Loss: 0.054265
2025-03-31 15:40:52,995 - INFO: Training ROC-AUC: 1.000000
2025-03-31 15:40:52,995 - INFO: Validation ROC-AUC: 0.549632
2025-03-31 15:41:04,696 - INFO: Evaluating at iteration 28099
2025-03-31 15:41:05,178 - INFO: Loss: 0.243580
2025-03-31 15:41:05,178 - INFO: Training ROC-AUC: 0.969697
2025-03-31 15:41:05,178 - INFO: Validation ROC-AUC: 0.564538
2025-03-31 15:41:16,917 - INFO: Evaluating at iteration 28599
2025-03-31 15:41:17,478 - INFO: Loss: 0.246016
2025-03-31 15:41:17,478 - INFO: Training ROC-AUC: 0.942308
2025-03-31 15:41:17,478 - INFO: Validation ROC-AUC: 0.568087
2025-03-31 15:41:27,254 - INFO: Starting epoch 13
2025-03-31 15:41:27,280 - INFO: Evaluating at iteration 29017
2025-03-31 15:41:27,816 - INFO: Loss: 0.201270
2025-03-31 15:41:27,816 - INFO: Training ROC-AUC: 0.979167
2025-03-31 15:41:27,816 - INFO: Validation ROC-AUC: 0.567204
2025-03-31 15:41:39,420 - INFO: Evaluating at iteration 29517
2025-03-31 15:41:39,955 - INFO: Loss: 0.202027
2025-03-31 15:41:39,955 - INFO: Training ROC-AUC: 0.935897
2025-03-31 15:41:39,955 - INFO: Validation ROC-AUC: 0.553497
2025-03-31 15:41:51,725 - INFO: Evaluating at iteration 30017
2025-03-31 15:41:52,242 - INFO: Loss: 0.357921
2025-03-31 15:41:52,242 - INFO: Training ROC-AUC: 0.906250
2025-03-31 15:41:52,242 - INFO: Validation ROC-AUC: 0.566553
2025-03-31 15:42:04,173 - INFO: Evaluating at iteration 30517
2025-03-31 15:42:04,665 - INFO: Loss: 0.247028
2025-03-31 15:42:04,665 - INFO: Training ROC-AUC: 0.733333
2025-03-31 15:42:04,665 - INFO: Validation ROC-AUC: 0.550486
2025-03-31 15:42:16,331 - INFO: Evaluating at iteration 31017
2025-03-31 15:42:16,813 - INFO: Loss: 0.178591
2025-03-31 15:42:16,813 - INFO: Training ROC-AUC: 0.901786
2025-03-31 15:42:16,813 - INFO: Validation ROC-AUC: 0.554660
2025-03-31 15:42:26,587 - INFO: Starting epoch 14
2025-03-31 15:42:26,612 - INFO: Evaluating at iteration 31435
2025-03-31 15:42:27,096 - INFO: Loss: 0.139474
2025-03-31 15:42:27,097 - INFO: Training ROC-AUC: 0.980769
2025-03-31 15:42:27,097 - INFO: Validation ROC-AUC: 0.558246
2025-03-31 15:42:38,832 - INFO: Evaluating at iteration 31935
2025-03-31 15:42:39,328 - INFO: Loss: 0.152256
2025-03-31 15:42:39,328 - INFO: Training ROC-AUC: 0.931034
2025-03-31 15:42:39,328 - INFO: Validation ROC-AUC: 0.555637
2025-03-31 15:42:50,994 - INFO: Evaluating at iteration 32435
2025-03-31 15:42:51,474 - INFO: Loss: 0.091832
2025-03-31 15:42:51,475 - INFO: Training ROC-AUC: 0.983333
2025-03-31 15:42:51,475 - INFO: Validation ROC-AUC: 0.557757
2025-03-31 15:43:05,770 - INFO: Evaluating at iteration 32935
2025-03-31 15:43:06,258 - INFO: Loss: 0.330001
2025-03-31 15:43:06,258 - INFO: Training ROC-AUC: 0.897143
2025-03-31 15:43:06,258 - INFO: Validation ROC-AUC: 0.544882
2025-03-31 15:43:18,076 - INFO: Evaluating at iteration 33435
2025-03-31 15:43:18,593 - INFO: Loss: 0.187380
2025-03-31 15:43:18,593 - INFO: Training ROC-AUC: 0.774194
2025-03-31 15:43:18,593 - INFO: Validation ROC-AUC: 0.549554
2025-03-31 15:43:28,520 - INFO: Starting epoch 15
2025-03-31 15:43:28,544 - INFO: Evaluating at iteration 33853
2025-03-31 15:43:29,035 - INFO: Loss: 0.096074
2025-03-31 15:43:29,035 - INFO: Training ROC-AUC: 1.000000
2025-03-31 15:43:29,035 - INFO: Validation ROC-AUC: 0.555354
2025-03-31 15:43:40,937 - INFO: Evaluating at iteration 34353
2025-03-31 15:43:41,451 - INFO: Loss: 0.197604
2025-03-31 15:43:41,452 - INFO: Training ROC-AUC: 0.911111
2025-03-31 15:43:41,452 - INFO: Validation ROC-AUC: 0.548208
2025-03-31 15:43:53,506 - INFO: Evaluating at iteration 34853
2025-03-31 15:43:53,994 - INFO: Loss: 0.055831
2025-03-31 15:43:53,994 - INFO: Training ROC-AUC: 1.000000
2025-03-31 15:43:53,994 - INFO: Validation ROC-AUC: 0.545284
2025-03-31 15:44:05,983 - INFO: Evaluating at iteration 35353
2025-03-31 15:44:06,499 - INFO: Loss: 0.144855
2025-03-31 15:44:06,499 - INFO: Training ROC-AUC: 0.989583
2025-03-31 15:44:06,499 - INFO: Validation ROC-AUC: 0.555911
2025-03-31 15:44:18,700 - INFO: Evaluating at iteration 35853
2025-03-31 15:44:19,182 - INFO: Loss: 0.186187
2025-03-31 15:44:19,182 - INFO: Training ROC-AUC: 0.985507
2025-03-31 15:44:19,182 - INFO: Validation ROC-AUC: 0.558079
2025-03-31 15:44:29,135 - INFO: Starting epoch 16
2025-03-31 15:44:29,160 - INFO: Evaluating at iteration 36271
2025-03-31 15:44:29,653 - INFO: Loss: 0.149818
2025-03-31 15:44:29,653 - INFO: Training ROC-AUC: 0.988571
2025-03-31 15:44:29,653 - INFO: Validation ROC-AUC: 0.565675
2025-03-31 15:44:42,123 - INFO: Evaluating at iteration 36771
2025-03-31 15:44:42,611 - INFO: Loss: 0.048592
2025-03-31 15:44:42,611 - INFO: Training ROC-AUC: 1.000000
2025-03-31 15:44:42,611 - INFO: Validation ROC-AUC: 0.557473
2025-03-31 15:44:55,000 - INFO: Evaluating at iteration 37271
2025-03-31 15:44:55,509 - INFO: Loss: 0.229849
2025-03-31 15:44:55,509 - INFO: Training ROC-AUC: 0.937143
2025-03-31 15:44:55,509 - INFO: Validation ROC-AUC: 0.561523
2025-03-31 15:45:07,795 - INFO: Evaluating at iteration 37771
2025-03-31 15:45:08,336 - INFO: Loss: 0.242824
2025-03-31 15:45:08,336 - INFO: Training ROC-AUC: 0.929487
2025-03-31 15:45:08,336 - INFO: Validation ROC-AUC: 0.558082
2025-03-31 15:45:20,871 - INFO: Evaluating at iteration 38271
2025-03-31 15:45:21,386 - INFO: Loss: 0.083841
2025-03-31 15:45:21,386 - INFO: Training ROC-AUC: 1.000000
2025-03-31 15:45:21,386 - INFO: Validation ROC-AUC: 0.560097
2025-03-31 15:45:31,792 - INFO: Starting epoch 17
2025-03-31 15:45:31,815 - INFO: Evaluating at iteration 38689
2025-03-31 15:45:32,326 - INFO: Loss: 0.307026
2025-03-31 15:45:32,326 - INFO: Training ROC-AUC: 0.937143
2025-03-31 15:45:32,326 - INFO: Validation ROC-AUC: 0.564312
2025-03-31 15:45:45,081 - INFO: Evaluating at iteration 39189
2025-03-31 15:45:45,632 - INFO: Loss: 0.050213
2025-03-31 15:45:45,632 - INFO: Training ROC-AUC: 1.000000
2025-03-31 15:45:45,632 - INFO: Validation ROC-AUC: 0.564621
2025-03-31 15:45:58,419 - INFO: Evaluating at iteration 39689
2025-03-31 15:45:58,958 - INFO: Loss: 0.111075
2025-03-31 15:45:58,958 - INFO: Training ROC-AUC: 0.988571
2025-03-31 15:45:58,958 - INFO: Validation ROC-AUC: 0.560915
2025-03-31 15:46:11,741 - INFO: Evaluating at iteration 40189
2025-03-31 15:46:12,229 - INFO: Loss: 0.101366
2025-03-31 15:46:12,230 - INFO: Training ROC-AUC: 0.982143
2025-03-31 15:46:12,230 - INFO: Validation ROC-AUC: 0.559391
2025-03-31 15:46:25,063 - INFO: Evaluating at iteration 40689
2025-03-31 15:46:25,601 - INFO: Loss: 0.069669
2025-03-31 15:46:25,602 - INFO: Training ROC-AUC: 1.000000
2025-03-31 15:46:25,602 - INFO: Validation ROC-AUC: 0.561626
2025-03-31 15:46:36,376 - INFO: Starting epoch 18
2025-03-31 15:46:36,404 - INFO: Evaluating at iteration 41107
2025-03-31 15:46:36,887 - INFO: Loss: 0.086057
2025-03-31 15:46:36,887 - INFO: Training ROC-AUC: 0.991071
2025-03-31 15:46:36,887 - INFO: Validation ROC-AUC: 0.566113
2025-03-31 15:46:49,797 - INFO: Evaluating at iteration 41607
2025-03-31 15:46:50,327 - INFO: Loss: 0.027549
2025-03-31 15:46:50,327 - INFO: Training ROC-AUC: 1.000000
2025-03-31 15:46:50,327 - INFO: Validation ROC-AUC: 0.560669
2025-03-31 15:47:03,387 - INFO: Evaluating at iteration 42107
2025-03-31 15:47:03,874 - INFO: Loss: 0.144795
2025-03-31 15:47:03,874 - INFO: Training ROC-AUC: 0.982857
2025-03-31 15:47:03,874 - INFO: Validation ROC-AUC: 0.555950
2025-03-31 15:47:16,833 - INFO: Evaluating at iteration 42607
2025-03-31 15:47:17,316 - INFO: Loss: 0.146456
2025-03-31 15:47:17,316 - INFO: Training ROC-AUC: 0.994792
2025-03-31 15:47:17,316 - INFO: Validation ROC-AUC: 0.548459
2025-03-31 15:47:30,687 - INFO: Evaluating at iteration 43107
2025-03-31 15:47:31,177 - INFO: Loss: 0.115965
2025-03-31 15:47:31,177 - INFO: Training ROC-AUC: 1.000000
2025-03-31 15:47:31,177 - INFO: Validation ROC-AUC: 0.554060
2025-03-31 15:47:42,239 - INFO: Starting epoch 19
2025-03-31 15:47:42,263 - INFO: Evaluating at iteration 43525
2025-03-31 15:47:42,798 - INFO: Loss: 0.096690
2025-03-31 15:47:42,798 - INFO: Training ROC-AUC: 0.992593
2025-03-31 15:47:42,798 - INFO: Validation ROC-AUC: 0.544930
2025-03-31 15:47:56,038 - INFO: Evaluating at iteration 44025
2025-03-31 15:47:56,575 - INFO: Loss: 0.108489
2025-03-31 15:47:56,575 - INFO: Training ROC-AUC: 0.985185
2025-03-31 15:47:56,576 - INFO: Validation ROC-AUC: 0.555998
2025-03-31 15:48:09,779 - INFO: Evaluating at iteration 44525
2025-03-31 15:48:10,264 - INFO: Loss: 0.067005
2025-03-31 15:48:10,264 - INFO: Training ROC-AUC: 1.000000
2025-03-31 15:48:10,264 - INFO: Validation ROC-AUC: 0.556891
2025-03-31 15:48:23,786 - INFO: Evaluating at iteration 45025
2025-03-31 15:48:24,269 - INFO: Loss: 0.072002
2025-03-31 15:48:24,269 - INFO: Training ROC-AUC: 0.994286
2025-03-31 15:48:24,269 - INFO: Validation ROC-AUC: 0.554717
2025-03-31 15:48:37,545 - INFO: Evaluating at iteration 45525
2025-03-31 15:48:38,033 - INFO: Loss: 0.032530
2025-03-31 15:48:38,033 - INFO: Training ROC-AUC: 1.000000
2025-03-31 15:48:38,033 - INFO: Validation ROC-AUC: 0.564445
2025-03-31 15:48:49,474 - INFO: Starting epoch 20
2025-03-31 15:48:49,502 - INFO: Evaluating at iteration 45943
2025-03-31 15:48:50,043 - INFO: Loss: 0.075054
2025-03-31 15:48:50,043 - INFO: Training ROC-AUC: 1.000000
2025-03-31 15:48:50,043 - INFO: Validation ROC-AUC: 0.552394
2025-03-31 15:49:03,458 - INFO: Evaluating at iteration 46443
2025-03-31 15:49:03,939 - INFO: Loss: 0.051631
2025-03-31 15:49:03,939 - INFO: Training ROC-AUC: 1.000000
2025-03-31 15:49:03,939 - INFO: Validation ROC-AUC: 0.565460
2025-03-31 15:49:17,386 - INFO: Evaluating at iteration 46943
2025-03-31 15:49:17,902 - INFO: Loss: 0.013234
2025-03-31 15:49:17,902 - INFO: Training ROC-AUC: 1.000000
2025-03-31 15:49:17,902 - INFO: Validation ROC-AUC: 0.553303
2025-03-31 15:49:31,211 - INFO: Evaluating at iteration 47443
2025-03-31 15:49:31,698 - INFO: Loss: 0.019062
2025-03-31 15:49:31,698 - INFO: Training ROC-AUC: 1.000000
2025-03-31 15:49:31,698 - INFO: Validation ROC-AUC: 0.560990
2025-03-31 15:49:45,039 - INFO: Evaluating at iteration 47943
2025-03-31 15:49:45,544 - INFO: Loss: 0.074208
2025-03-31 15:49:45,544 - INFO: Training ROC-AUC: 1.000000
2025-03-31 15:49:45,544 - INFO: Validation ROC-AUC: 0.552580
2025-03-31 15:49:56,857 - INFO: Starting epoch 21
2025-03-31 15:49:56,884 - INFO: Evaluating at iteration 48361
2025-03-31 15:49:57,379 - INFO: Loss: 0.062548
2025-03-31 15:49:57,379 - INFO: Training ROC-AUC: 1.000000
2025-03-31 15:49:57,379 - INFO: Validation ROC-AUC: 0.556107
2025-03-31 15:50:10,835 - INFO: Evaluating at iteration 48861
2025-03-31 15:50:11,346 - INFO: Loss: 0.041468
2025-03-31 15:50:11,346 - INFO: Training ROC-AUC: 1.000000
2025-03-31 15:50:11,346 - INFO: Validation ROC-AUC: 0.553863
2025-03-31 15:50:24,842 - INFO: Evaluating at iteration 49361
2025-03-31 15:50:25,383 - INFO: Loss: 0.046945
2025-03-31 15:50:25,384 - INFO: Training ROC-AUC: 1.000000
2025-03-31 15:50:25,384 - INFO: Validation ROC-AUC: 0.559571
2025-03-31 15:50:38,902 - INFO: Evaluating at iteration 49861
2025-03-31 15:50:39,386 - INFO: Loss: 0.068955
2025-03-31 15:50:39,386 - INFO: Training ROC-AUC: 0.991071
2025-03-31 15:50:39,386 - INFO: Validation ROC-AUC: 0.556140
2025-03-31 15:50:52,761 - INFO: Evaluating at iteration 50361
2025-03-31 15:50:53,277 - INFO: Loss: 0.050957
2025-03-31 15:50:53,277 - INFO: Training ROC-AUC: 1.000000
2025-03-31 15:50:53,277 - INFO: Validation ROC-AUC: 0.549173
2025-03-31 15:51:04,546 - INFO: Starting epoch 22
2025-03-31 15:51:04,574 - INFO: Evaluating at iteration 50779
2025-03-31 15:51:05,121 - INFO: Loss: 0.027596
2025-03-31 15:51:05,121 - INFO: Training ROC-AUC: 1.000000
2025-03-31 15:51:05,121 - INFO: Validation ROC-AUC: 0.548797
2025-03-31 15:51:18,668 - INFO: Evaluating at iteration 51279
2025-03-31 15:51:19,206 - INFO: Loss: 0.162653
2025-03-31 15:51:19,206 - INFO: Training ROC-AUC: 0.974359
2025-03-31 15:51:19,206 - INFO: Validation ROC-AUC: 0.549931
2025-03-31 15:51:32,565 - INFO: Evaluating at iteration 51779
2025-03-31 15:51:33,058 - INFO: Loss: 0.018248
2025-03-31 15:51:33,059 - INFO: Training ROC-AUC: 1.000000
2025-03-31 15:51:33,059 - INFO: Validation ROC-AUC: 0.540442
2025-03-31 15:51:46,491 - INFO: Evaluating at iteration 52279
2025-03-31 15:51:47,017 - INFO: Loss: 0.149176
2025-03-31 15:51:47,017 - INFO: Training ROC-AUC: 0.933333
2025-03-31 15:51:47,017 - INFO: Validation ROC-AUC: 0.556137
2025-03-31 15:52:00,277 - INFO: Evaluating at iteration 52779
2025-03-31 15:52:00,767 - INFO: Loss: 0.089085
2025-03-31 15:52:00,767 - INFO: Training ROC-AUC: 1.000000
2025-03-31 15:52:00,767 - INFO: Validation ROC-AUC: 0.559162
2025-03-31 15:52:11,916 - INFO: Starting epoch 23
2025-03-31 15:52:11,951 - INFO: Evaluating at iteration 53197
2025-03-31 15:52:12,464 - INFO: Loss: 0.029200
2025-03-31 15:52:12,464 - INFO: Training ROC-AUC: 1.000000
2025-03-31 15:52:12,464 - INFO: Validation ROC-AUC: 0.563559
2025-03-31 15:52:25,905 - INFO: Evaluating at iteration 53697
2025-03-31 15:52:26,392 - INFO: Loss: 0.055952
2025-03-31 15:52:26,392 - INFO: Training ROC-AUC: 1.000000
2025-03-31 15:52:26,392 - INFO: Validation ROC-AUC: 0.546306
2025-03-31 15:52:39,700 - INFO: Evaluating at iteration 54197
2025-03-31 15:52:40,194 - INFO: Loss: 0.045423
2025-03-31 15:52:40,194 - INFO: Training ROC-AUC: 1.000000
2025-03-31 15:52:40,194 - INFO: Validation ROC-AUC: 0.552563
2025-03-31 15:52:53,658 - INFO: Evaluating at iteration 54697
2025-03-31 15:52:54,136 - INFO: Loss: 0.024919
2025-03-31 15:52:54,136 - INFO: Training ROC-AUC: 1.000000
2025-03-31 15:52:54,136 - INFO: Validation ROC-AUC: 0.549753
2025-03-31 15:53:07,499 - INFO: Evaluating at iteration 55197
2025-03-31 15:53:08,007 - INFO: Loss: 0.026233
2025-03-31 15:53:08,007 - INFO: Training ROC-AUC: 1.000000
2025-03-31 15:53:08,007 - INFO: Validation ROC-AUC: 0.552622
2025-03-31 15:53:19,084 - INFO: Starting epoch 24
2025-03-31 15:53:19,109 - INFO: Evaluating at iteration 55615
2025-03-31 15:53:19,634 - INFO: Loss: 0.041997
2025-03-31 15:53:19,634 - INFO: Training ROC-AUC: 1.000000
2025-03-31 15:53:19,634 - INFO: Validation ROC-AUC: 0.560267
2025-03-31 15:53:32,980 - INFO: Evaluating at iteration 56115
2025-03-31 15:53:33,464 - INFO: Loss: 0.011820
2025-03-31 15:53:33,464 - INFO: Training ROC-AUC: 1.000000
2025-03-31 15:53:33,464 - INFO: Validation ROC-AUC: 0.551875
2025-03-31 15:53:46,643 - INFO: Evaluating at iteration 56615
2025-03-31 15:53:47,185 - INFO: Loss: 0.014837
2025-03-31 15:53:47,185 - INFO: Training ROC-AUC: 1.000000
2025-03-31 15:53:47,185 - INFO: Validation ROC-AUC: 0.545584
2025-03-31 15:54:00,472 - INFO: Evaluating at iteration 57115
2025-03-31 15:54:00,954 - INFO: Loss: 0.047312
2025-03-31 15:54:00,954 - INFO: Training ROC-AUC: 1.000000
2025-03-31 15:54:00,954 - INFO: Validation ROC-AUC: 0.548911
2025-03-31 15:54:14,304 - INFO: Evaluating at iteration 57615
2025-03-31 15:54:14,842 - INFO: Loss: 0.029206
2025-03-31 15:54:14,842 - INFO: Training ROC-AUC: 1.000000
2025-03-31 15:54:14,842 - INFO: Validation ROC-AUC: 0.558919
2025-03-31 15:54:25,915 - INFO: Starting epoch 25
2025-03-31 15:54:25,942 - INFO: Evaluating at iteration 58033
2025-03-31 15:54:26,476 - INFO: Loss: 0.041060
2025-03-31 15:54:26,476 - INFO: Training ROC-AUC: 1.000000
2025-03-31 15:54:26,476 - INFO: Validation ROC-AUC: 0.550995
2025-03-31 15:54:39,892 - INFO: Evaluating at iteration 58533
2025-03-31 15:54:40,408 - INFO: Loss: 0.002452
2025-03-31 15:54:40,408 - INFO: Training ROC-AUC: 1.000000
2025-03-31 15:54:40,408 - INFO: Validation ROC-AUC: 0.560974
2025-03-31 15:54:53,443 - INFO: Evaluating at iteration 59033
2025-03-31 15:54:53,929 - INFO: Loss: 0.044859
2025-03-31 15:54:53,930 - INFO: Training ROC-AUC: 1.000000
2025-03-31 15:54:53,930 - INFO: Validation ROC-AUC: 0.558861
2025-03-31 15:55:06,883 - INFO: Evaluating at iteration 59533
2025-03-31 15:55:07,385 - INFO: Loss: 0.036328
2025-03-31 15:55:07,385 - INFO: Training ROC-AUC: 1.000000
2025-03-31 15:55:07,385 - INFO: Validation ROC-AUC: 0.555012
2025-03-31 15:55:20,679 - INFO: Evaluating at iteration 60033
2025-03-31 15:55:21,175 - INFO: Loss: 0.005054
2025-03-31 15:55:21,175 - INFO: Training ROC-AUC: 1.000000
2025-03-31 15:55:21,175 - INFO: Validation ROC-AUC: 0.560243
2025-03-31 15:55:32,031 - INFO: Saving model to models/TCRStructMap_pmhc_split_sequence_only/model_4.pt
2025-03-31 15:55:32,047 - INFO: Starting fold 5
2025-03-31 15:55:32,047 - INFO: Initialising model
2025-03-31 15:55:32,058 - INFO: Starting training
2025-03-31 15:55:32,058 - INFO: Starting epoch 1
2025-03-31 15:55:32,089 - INFO: Evaluating at iteration 1
2025-03-31 15:55:32,479 - INFO: Loss: 0.686309
2025-03-31 15:55:32,479 - INFO: Training ROC-AUC: 0.540230
2025-03-31 15:55:32,479 - INFO: Validation ROC-AUC: 0.520578
2025-03-31 15:55:43,959 - INFO: Evaluating at iteration 501
2025-03-31 15:55:44,344 - INFO: Loss: 0.476674
2025-03-31 15:55:44,345 - INFO: Training ROC-AUC: 0.544872
2025-03-31 15:55:44,345 - INFO: Validation ROC-AUC: 0.407149
2025-03-31 15:55:55,982 - INFO: Evaluating at iteration 1001
2025-03-31 15:55:56,365 - INFO: Loss: 0.356675
2025-03-31 15:55:56,365 - INFO: Training ROC-AUC: 0.681481
2025-03-31 15:55:56,365 - INFO: Validation ROC-AUC: 0.527690
2025-03-31 15:56:08,101 - INFO: Evaluating at iteration 1501
2025-03-31 15:56:08,498 - INFO: Loss: 0.361310
2025-03-31 15:56:08,499 - INFO: Training ROC-AUC: 0.669643
2025-03-31 15:56:08,499 - INFO: Validation ROC-AUC: 0.478064
2025-03-31 15:56:19,982 - INFO: Evaluating at iteration 2001
2025-03-31 15:56:20,373 - INFO: Loss: 0.370630
2025-03-31 15:56:20,373 - INFO: Training ROC-AUC: 0.659259
2025-03-31 15:56:20,373 - INFO: Validation ROC-AUC: 0.486819
2025-03-31 15:56:31,116 - INFO: Starting epoch 2
2025-03-31 15:56:31,140 - INFO: Evaluating at iteration 2475
2025-03-31 15:56:31,520 - INFO: Loss: 0.239672
2025-03-31 15:56:31,520 - INFO: Training ROC-AUC: 0.804598
2025-03-31 15:56:31,520 - INFO: Validation ROC-AUC: 0.613952
2025-03-31 15:56:42,961 - INFO: Evaluating at iteration 2975
2025-03-31 15:56:43,355 - INFO: Loss: 0.308602
2025-03-31 15:56:43,355 - INFO: Training ROC-AUC: 0.776786
2025-03-31 15:56:43,355 - INFO: Validation ROC-AUC: 0.633890
2025-03-31 15:56:54,825 - INFO: Evaluating at iteration 3475
2025-03-31 15:56:55,197 - INFO: Loss: 0.353265
2025-03-31 15:56:55,197 - INFO: Training ROC-AUC: 0.874396
2025-03-31 15:56:55,197 - INFO: Validation ROC-AUC: 0.637717
2025-03-31 15:57:06,649 - INFO: Evaluating at iteration 3975
2025-03-31 15:57:07,088 - INFO: Loss: 0.242492
2025-03-31 15:57:07,088 - INFO: Training ROC-AUC: 0.948718
2025-03-31 15:57:07,088 - INFO: Validation ROC-AUC: 0.627113
2025-03-31 15:57:18,641 - INFO: Evaluating at iteration 4475
2025-03-31 15:57:19,024 - INFO: Loss: 0.301974
2025-03-31 15:57:19,024 - INFO: Training ROC-AUC: 0.830357
2025-03-31 15:57:19,024 - INFO: Validation ROC-AUC: 0.636945
2025-03-31 15:57:30,007 - INFO: Starting epoch 3
2025-03-31 15:57:30,031 - INFO: Evaluating at iteration 4949
2025-03-31 15:57:30,415 - INFO: Loss: 0.150866
2025-03-31 15:57:30,416 - INFO: Training ROC-AUC: 0.954023
2025-03-31 15:57:30,416 - INFO: Validation ROC-AUC: 0.637525
2025-03-31 15:57:41,910 - INFO: Evaluating at iteration 5449
2025-03-31 15:57:42,278 - INFO: Loss: 0.323297
2025-03-31 15:57:42,279 - INFO: Training ROC-AUC: 0.837037
2025-03-31 15:57:42,279 - INFO: Validation ROC-AUC: 0.635052
2025-03-31 15:57:53,880 - INFO: Evaluating at iteration 5949
2025-03-31 15:57:54,272 - INFO: Loss: 0.295447
2025-03-31 15:57:54,272 - INFO: Training ROC-AUC: 0.927083
2025-03-31 15:57:54,272 - INFO: Validation ROC-AUC: 0.640312
2025-03-31 15:58:05,797 - INFO: Evaluating at iteration 6449
2025-03-31 15:58:06,144 - INFO: Loss: 0.409258
2025-03-31 15:58:06,145 - INFO: Training ROC-AUC: 0.908213
2025-03-31 15:58:06,145 - INFO: Validation ROC-AUC: 0.638498
2025-03-31 15:58:17,691 - INFO: Evaluating at iteration 6949
2025-03-31 15:58:18,040 - INFO: Loss: 0.158180
2025-03-31 15:58:18,040 - INFO: Training ROC-AUC: 0.919540
2025-03-31 15:58:18,041 - INFO: Validation ROC-AUC: 0.655006
2025-03-31 15:58:28,952 - INFO: Starting epoch 4
2025-03-31 15:58:28,977 - INFO: Evaluating at iteration 7423
2025-03-31 15:58:29,350 - INFO: Loss: 0.172645
2025-03-31 15:58:29,350 - INFO: Training ROC-AUC: 0.974359
2025-03-31 15:58:29,350 - INFO: Validation ROC-AUC: 0.651980
2025-03-31 15:58:40,971 - INFO: Evaluating at iteration 7923
2025-03-31 15:58:41,360 - INFO: Loss: 0.290162
2025-03-31 15:58:41,360 - INFO: Training ROC-AUC: 0.931429
2025-03-31 15:58:41,360 - INFO: Validation ROC-AUC: 0.650810
2025-03-31 15:58:53,047 - INFO: Evaluating at iteration 8423
2025-03-31 15:58:53,432 - INFO: Loss: 0.116810
2025-03-31 15:58:53,433 - INFO: Training ROC-AUC: 1.000000
2025-03-31 15:58:53,433 - INFO: Validation ROC-AUC: 0.658063
2025-03-31 15:59:05,260 - INFO: Evaluating at iteration 8923
2025-03-31 15:59:05,657 - INFO: Loss: 0.208826
2025-03-31 15:59:05,657 - INFO: Training ROC-AUC: 0.960000
2025-03-31 15:59:05,657 - INFO: Validation ROC-AUC: 0.673771
2025-03-31 15:59:17,432 - INFO: Evaluating at iteration 9423
2025-03-31 15:59:17,828 - INFO: Loss: 0.182201
2025-03-31 15:59:17,828 - INFO: Training ROC-AUC: 0.931034
2025-03-31 15:59:17,828 - INFO: Validation ROC-AUC: 0.671561
2025-03-31 15:59:28,930 - INFO: Starting epoch 5
2025-03-31 15:59:28,955 - INFO: Evaluating at iteration 9897
2025-03-31 15:59:29,324 - INFO: Loss: 0.252771
2025-03-31 15:59:29,324 - INFO: Training ROC-AUC: 0.892857
2025-03-31 15:59:29,324 - INFO: Validation ROC-AUC: 0.670806
2025-03-31 15:59:40,891 - INFO: Evaluating at iteration 10397
2025-03-31 15:59:41,235 - INFO: Loss: 0.229714
2025-03-31 15:59:41,235 - INFO: Training ROC-AUC: 0.948718
2025-03-31 15:59:41,235 - INFO: Validation ROC-AUC: 0.658754
2025-03-31 15:59:52,941 - INFO: Evaluating at iteration 10897
2025-03-31 15:59:53,325 - INFO: Loss: 0.185701
2025-03-31 15:59:53,326 - INFO: Training ROC-AUC: 0.963542
2025-03-31 15:59:53,326 - INFO: Validation ROC-AUC: 0.669536
2025-03-31 16:00:05,138 - INFO: Evaluating at iteration 11397
2025-03-31 16:00:05,511 - INFO: Loss: 0.179976
2025-03-31 16:00:05,511 - INFO: Training ROC-AUC: 0.970370
2025-03-31 16:00:05,511 - INFO: Validation ROC-AUC: 0.678436
2025-03-31 16:00:17,324 - INFO: Evaluating at iteration 11897
2025-03-31 16:00:17,702 - INFO: Loss: 0.173402
2025-03-31 16:00:17,705 - INFO: Training ROC-AUC: 0.977778
2025-03-31 16:00:17,707 - INFO: Validation ROC-AUC: 0.669598
2025-03-31 16:00:29,192 - INFO: Starting epoch 6
2025-03-31 16:00:29,244 - INFO: Evaluating at iteration 12371
2025-03-31 16:00:29,642 - INFO: Loss: 0.117696
2025-03-31 16:00:29,650 - INFO: Training ROC-AUC: 0.965517
2025-03-31 16:00:29,650 - INFO: Validation ROC-AUC: 0.678662
2025-03-31 16:00:41,520 - INFO: Evaluating at iteration 12871
2025-03-31 16:00:41,877 - INFO: Loss: 0.190542
2025-03-31 16:00:41,877 - INFO: Training ROC-AUC: 0.974359
2025-03-31 16:00:41,877 - INFO: Validation ROC-AUC: 0.676599
2025-03-31 16:00:53,692 - INFO: Evaluating at iteration 13371
2025-03-31 16:00:54,098 - INFO: Loss: 0.139236
2025-03-31 16:00:54,098 - INFO: Training ROC-AUC: 1.000000
2025-03-31 16:00:54,098 - INFO: Validation ROC-AUC: 0.679290
2025-03-31 16:01:06,148 - INFO: Evaluating at iteration 13871
2025-03-31 16:01:06,523 - INFO: Loss: 0.193778
2025-03-31 16:01:06,523 - INFO: Training ROC-AUC: 0.979167
2025-03-31 16:01:06,523 - INFO: Validation ROC-AUC: 0.692428
2025-03-31 16:01:18,443 - INFO: Evaluating at iteration 14371
2025-03-31 16:01:18,811 - INFO: Loss: 0.160569
2025-03-31 16:01:18,812 - INFO: Training ROC-AUC: 1.000000
2025-03-31 16:01:18,812 - INFO: Validation ROC-AUC: 0.680242
2025-03-31 16:01:30,032 - INFO: Starting epoch 7
2025-03-31 16:01:30,061 - INFO: Evaluating at iteration 14845
2025-03-31 16:01:30,417 - INFO: Loss: 0.334113
2025-03-31 16:01:30,420 - INFO: Training ROC-AUC: 0.886364
2025-03-31 16:01:30,422 - INFO: Validation ROC-AUC: 0.674039
2025-03-31 16:01:42,431 - INFO: Evaluating at iteration 15345
2025-03-31 16:01:42,828 - INFO: Loss: 0.226889
2025-03-31 16:01:42,828 - INFO: Training ROC-AUC: 0.910714
2025-03-31 16:01:42,828 - INFO: Validation ROC-AUC: 0.679766
2025-03-31 16:01:54,684 - INFO: Evaluating at iteration 15845
2025-03-31 16:01:55,060 - INFO: Loss: 0.270434
2025-03-31 16:01:55,061 - INFO: Training ROC-AUC: 0.971014
2025-03-31 16:01:55,061 - INFO: Validation ROC-AUC: 0.678848
2025-03-31 16:02:06,990 - INFO: Evaluating at iteration 16345
2025-03-31 16:02:07,375 - INFO: Loss: 0.369362
2025-03-31 16:02:07,375 - INFO: Training ROC-AUC: 0.898551
2025-03-31 16:02:07,375 - INFO: Validation ROC-AUC: 0.675082
2025-03-31 16:02:19,201 - INFO: Evaluating at iteration 16845
2025-03-31 16:02:19,550 - INFO: Loss: 0.214385
2025-03-31 16:02:19,551 - INFO: Training ROC-AUC: 0.948718
2025-03-31 16:02:19,551 - INFO: Validation ROC-AUC: 0.681137
2025-03-31 16:02:30,789 - INFO: Starting epoch 8
2025-03-31 16:02:30,815 - INFO: Evaluating at iteration 17319
2025-03-31 16:02:31,203 - INFO: Loss: 0.288292
2025-03-31 16:02:31,203 - INFO: Training ROC-AUC: 0.903382
2025-03-31 16:02:31,203 - INFO: Validation ROC-AUC: 0.689449
2025-03-31 16:02:43,249 - INFO: Evaluating at iteration 17819
2025-03-31 16:02:43,644 - INFO: Loss: 0.189728
2025-03-31 16:02:43,644 - INFO: Training ROC-AUC: 0.988571
2025-03-31 16:02:43,644 - INFO: Validation ROC-AUC: 0.676840
2025-03-31 16:02:55,541 - INFO: Evaluating at iteration 18319
2025-03-31 16:02:55,912 - INFO: Loss: 0.277454
2025-03-31 16:02:55,912 - INFO: Training ROC-AUC: 0.837037
2025-03-31 16:02:55,912 - INFO: Validation ROC-AUC: 0.685902
2025-03-31 16:03:07,895 - INFO: Evaluating at iteration 18819
2025-03-31 16:03:08,265 - INFO: Loss: 0.359224
2025-03-31 16:03:08,265 - INFO: Training ROC-AUC: 0.880208
2025-03-31 16:03:08,266 - INFO: Validation ROC-AUC: 0.682307
2025-03-31 16:03:20,325 - INFO: Evaluating at iteration 19319
2025-03-31 16:03:20,715 - INFO: Loss: 0.249828
2025-03-31 16:03:20,715 - INFO: Training ROC-AUC: 0.896296
2025-03-31 16:03:20,715 - INFO: Validation ROC-AUC: 0.692071
2025-03-31 16:03:32,177 - INFO: Starting epoch 9
2025-03-31 16:03:32,202 - INFO: Evaluating at iteration 19793
2025-03-31 16:03:32,573 - INFO: Loss: 0.169679
2025-03-31 16:03:32,573 - INFO: Training ROC-AUC: 0.962963
2025-03-31 16:03:32,573 - INFO: Validation ROC-AUC: 0.687447
2025-03-31 16:03:44,597 - INFO: Evaluating at iteration 20293
2025-03-31 16:03:44,976 - INFO: Loss: 0.171965
2025-03-31 16:03:44,976 - INFO: Training ROC-AUC: 0.940741
2025-03-31 16:03:44,976 - INFO: Validation ROC-AUC: 0.680728
2025-03-31 16:03:57,096 - INFO: Evaluating at iteration 20793
2025-03-31 16:03:57,496 - INFO: Loss: 0.269436
2025-03-31 16:03:57,496 - INFO: Training ROC-AUC: 0.914286
2025-03-31 16:03:57,497 - INFO: Validation ROC-AUC: 0.683493
2025-03-31 16:04:09,637 - INFO: Evaluating at iteration 21293
2025-03-31 16:04:10,021 - INFO: Loss: 0.283645
2025-03-31 16:04:10,021 - INFO: Training ROC-AUC: 0.968750
2025-03-31 16:04:10,021 - INFO: Validation ROC-AUC: 0.685415
2025-03-31 16:04:22,177 - INFO: Evaluating at iteration 21793
2025-03-31 16:04:22,562 - INFO: Loss: 0.124545
2025-03-31 16:04:22,562 - INFO: Training ROC-AUC: 0.977011
2025-03-31 16:04:22,562 - INFO: Validation ROC-AUC: 0.680037
2025-03-31 16:04:34,133 - INFO: Starting epoch 10
2025-03-31 16:04:34,158 - INFO: Evaluating at iteration 22267
2025-03-31 16:04:34,553 - INFO: Loss: 0.194020
2025-03-31 16:04:34,553 - INFO: Training ROC-AUC: 0.994286
2025-03-31 16:04:34,553 - INFO: Validation ROC-AUC: 0.684883
2025-03-31 16:04:46,749 - INFO: Evaluating at iteration 22767
2025-03-31 16:04:47,150 - INFO: Loss: 0.216273
2025-03-31 16:04:47,150 - INFO: Training ROC-AUC: 0.964286
2025-03-31 16:04:47,150 - INFO: Validation ROC-AUC: 0.684150
2025-03-31 16:04:59,366 - INFO: Evaluating at iteration 23267
2025-03-31 16:04:59,756 - INFO: Loss: 0.141306
2025-03-31 16:04:59,756 - INFO: Training ROC-AUC: 0.985185
2025-03-31 16:04:59,756 - INFO: Validation ROC-AUC: 0.677695
2025-03-31 16:05:11,915 - INFO: Evaluating at iteration 23767
2025-03-31 16:05:12,300 - INFO: Loss: 0.171116
2025-03-31 16:05:12,300 - INFO: Training ROC-AUC: 0.948718
2025-03-31 16:05:12,300 - INFO: Validation ROC-AUC: 0.675105
2025-03-31 16:05:24,513 - INFO: Evaluating at iteration 24267
2025-03-31 16:05:24,908 - INFO: Loss: 0.201347
2025-03-31 16:05:24,908 - INFO: Training ROC-AUC: 0.987179
2025-03-31 16:05:24,908 - INFO: Validation ROC-AUC: 0.679201
2025-03-31 16:05:36,440 - INFO: Starting epoch 11
2025-03-31 16:05:36,465 - INFO: Evaluating at iteration 24741
2025-03-31 16:05:36,816 - INFO: Loss: 0.218563
2025-03-31 16:05:36,816 - INFO: Training ROC-AUC: 0.971429
2025-03-31 16:05:36,817 - INFO: Validation ROC-AUC: 0.680313
2025-03-31 16:05:48,956 - INFO: Evaluating at iteration 25241
2025-03-31 16:05:49,348 - INFO: Loss: 0.192644
2025-03-31 16:05:49,348 - INFO: Training ROC-AUC: 0.987179
2025-03-31 16:05:49,348 - INFO: Validation ROC-AUC: 0.675540
2025-03-31 16:06:01,594 - INFO: Evaluating at iteration 25741
2025-03-31 16:06:01,949 - INFO: Loss: 0.165015
2025-03-31 16:06:01,949 - INFO: Training ROC-AUC: 0.962963
2025-03-31 16:06:01,949 - INFO: Validation ROC-AUC: 0.681911
2025-03-31 16:06:14,220 - INFO: Evaluating at iteration 26241
2025-03-31 16:06:14,609 - INFO: Loss: 0.217374
2025-03-31 16:06:14,609 - INFO: Training ROC-AUC: 0.910714
2025-03-31 16:06:14,609 - INFO: Validation ROC-AUC: 0.678453
2025-03-31 16:06:26,827 - INFO: Evaluating at iteration 26741
2025-03-31 16:06:27,225 - INFO: Loss: 0.112741
2025-03-31 16:06:27,225 - INFO: Training ROC-AUC: 0.966667
2025-03-31 16:06:27,225 - INFO: Validation ROC-AUC: 0.677207
2025-03-31 16:06:38,769 - INFO: Starting epoch 12
2025-03-31 16:06:38,794 - INFO: Evaluating at iteration 27215
2025-03-31 16:06:39,179 - INFO: Loss: 0.145195
2025-03-31 16:06:39,179 - INFO: Training ROC-AUC: 0.955357
2025-03-31 16:06:39,180 - INFO: Validation ROC-AUC: 0.673988
2025-03-31 16:06:51,429 - INFO: Evaluating at iteration 27715
2025-03-31 16:06:51,786 - INFO: Loss: 0.091935
2025-03-31 16:06:51,786 - INFO: Training ROC-AUC: 1.000000
2025-03-31 16:06:51,786 - INFO: Validation ROC-AUC: 0.677603
2025-03-31 16:07:03,969 - INFO: Evaluating at iteration 28215
2025-03-31 16:07:04,322 - INFO: Loss: 0.189004
2025-03-31 16:07:04,322 - INFO: Training ROC-AUC: 1.000000
2025-03-31 16:07:04,322 - INFO: Validation ROC-AUC: 0.676925
2025-03-31 16:07:16,680 - INFO: Evaluating at iteration 28715
2025-03-31 16:07:17,060 - INFO: Loss: 0.089071
2025-03-31 16:07:17,060 - INFO: Training ROC-AUC: 1.000000
2025-03-31 16:07:17,060 - INFO: Validation ROC-AUC: 0.675273
2025-03-31 16:07:29,324 - INFO: Evaluating at iteration 29215
2025-03-31 16:07:29,698 - INFO: Loss: 0.236865
2025-03-31 16:07:29,698 - INFO: Training ROC-AUC: 0.925714
2025-03-31 16:07:29,698 - INFO: Validation ROC-AUC: 0.675851
2025-03-31 16:07:41,225 - INFO: Starting epoch 13
2025-03-31 16:07:41,249 - INFO: Evaluating at iteration 29689
2025-03-31 16:07:41,596 - INFO: Loss: 0.174182
2025-03-31 16:07:41,596 - INFO: Training ROC-AUC: 0.955556
2025-03-31 16:07:41,596 - INFO: Validation ROC-AUC: 0.675147
2025-03-31 16:07:53,801 - INFO: Evaluating at iteration 30189
2025-03-31 16:07:54,182 - INFO: Loss: 0.154477
2025-03-31 16:07:54,183 - INFO: Training ROC-AUC: 0.946429
2025-03-31 16:07:54,183 - INFO: Validation ROC-AUC: 0.675281
2025-03-31 16:08:06,411 - INFO: Evaluating at iteration 30689
2025-03-31 16:08:06,756 - INFO: Loss: 0.129078
2025-03-31 16:08:06,757 - INFO: Training ROC-AUC: 0.985185
2025-03-31 16:08:06,757 - INFO: Validation ROC-AUC: 0.678388
2025-03-31 16:08:18,979 - INFO: Evaluating at iteration 31189
2025-03-31 16:08:19,349 - INFO: Loss: 0.231332
2025-03-31 16:08:19,349 - INFO: Training ROC-AUC: 0.955128
2025-03-31 16:08:19,349 - INFO: Validation ROC-AUC: 0.675538
2025-03-31 16:08:31,644 - INFO: Evaluating at iteration 31689
2025-03-31 16:08:32,043 - INFO: Loss: 0.138176
2025-03-31 16:08:32,043 - INFO: Training ROC-AUC: 1.000000
2025-03-31 16:08:32,043 - INFO: Validation ROC-AUC: 0.675392
2025-03-31 16:08:43,802 - INFO: Starting epoch 14
2025-03-31 16:08:43,827 - INFO: Evaluating at iteration 32163
2025-03-31 16:08:44,204 - INFO: Loss: 0.074881
2025-03-31 16:08:44,204 - INFO: Training ROC-AUC: 1.000000
2025-03-31 16:08:44,205 - INFO: Validation ROC-AUC: 0.672632
2025-03-31 16:08:56,578 - INFO: Evaluating at iteration 32663
2025-03-31 16:08:56,926 - INFO: Loss: 0.080734
2025-03-31 16:08:56,926 - INFO: Training ROC-AUC: 1.000000
2025-03-31 16:08:56,926 - INFO: Validation ROC-AUC: 0.676163
2025-03-31 16:09:09,409 - INFO: Evaluating at iteration 33163
2025-03-31 16:09:09,801 - INFO: Loss: 0.107702
2025-03-31 16:09:09,801 - INFO: Training ROC-AUC: 0.987179
2025-03-31 16:09:09,801 - INFO: Validation ROC-AUC: 0.678942
2025-03-31 16:09:22,152 - INFO: Evaluating at iteration 33663
2025-03-31 16:09:22,548 - INFO: Loss: 0.108304
2025-03-31 16:09:22,548 - INFO: Training ROC-AUC: 1.000000
2025-03-31 16:09:22,548 - INFO: Validation ROC-AUC: 0.671825
2025-03-31 16:09:35,045 - INFO: Evaluating at iteration 34163
2025-03-31 16:09:35,434 - INFO: Loss: 0.222939
2025-03-31 16:09:35,434 - INFO: Training ROC-AUC: 0.955128
2025-03-31 16:09:35,435 - INFO: Validation ROC-AUC: 0.675379
2025-03-31 16:09:47,219 - INFO: Starting epoch 15
2025-03-31 16:09:47,246 - INFO: Evaluating at iteration 34637
2025-03-31 16:09:47,631 - INFO: Loss: 0.096726
2025-03-31 16:09:47,631 - INFO: Training ROC-AUC: 1.000000
2025-03-31 16:09:47,631 - INFO: Validation ROC-AUC: 0.672659
2025-03-31 16:09:59,902 - INFO: Evaluating at iteration 35137
2025-03-31 16:10:00,293 - INFO: Loss: 0.184418
2025-03-31 16:10:00,293 - INFO: Training ROC-AUC: 0.964286
2025-03-31 16:10:00,293 - INFO: Validation ROC-AUC: 0.674164
2025-03-31 16:10:12,829 - INFO: Evaluating at iteration 35637
2025-03-31 16:10:13,229 - INFO: Loss: 0.087485
2025-03-31 16:10:13,229 - INFO: Training ROC-AUC: 0.992593
2025-03-31 16:10:13,229 - INFO: Validation ROC-AUC: 0.673092
2025-03-31 16:10:26,030 - INFO: Evaluating at iteration 36137
2025-03-31 16:10:26,384 - INFO: Loss: 0.108509
2025-03-31 16:10:26,384 - INFO: Training ROC-AUC: 0.988506
2025-03-31 16:10:26,384 - INFO: Validation ROC-AUC: 0.673300
2025-03-31 16:10:38,975 - INFO: Evaluating at iteration 36637
2025-03-31 16:10:39,363 - INFO: Loss: 0.058089
2025-03-31 16:10:39,364 - INFO: Training ROC-AUC: 1.000000
2025-03-31 16:10:39,364 - INFO: Validation ROC-AUC: 0.670592
2025-03-31 16:10:51,317 - INFO: Starting epoch 16
2025-03-31 16:10:51,341 - INFO: Evaluating at iteration 37111
2025-03-31 16:10:51,724 - INFO: Loss: 0.106513
2025-03-31 16:10:51,724 - INFO: Training ROC-AUC: 1.000000
2025-03-31 16:10:51,724 - INFO: Validation ROC-AUC: 0.673079
2025-03-31 16:11:04,497 - INFO: Evaluating at iteration 37611
2025-03-31 16:11:04,886 - INFO: Loss: 0.111811
2025-03-31 16:11:04,887 - INFO: Training ROC-AUC: 0.977011
2025-03-31 16:11:04,887 - INFO: Validation ROC-AUC: 0.675445
2025-03-31 16:11:17,753 - INFO: Evaluating at iteration 38111
2025-03-31 16:11:18,144 - INFO: Loss: 0.079425
2025-03-31 16:11:18,145 - INFO: Training ROC-AUC: 1.000000
2025-03-31 16:11:18,145 - INFO: Validation ROC-AUC: 0.670811
2025-03-31 16:11:30,963 - INFO: Evaluating at iteration 38611
2025-03-31 16:11:31,314 - INFO: Loss: 0.039429
2025-03-31 16:11:31,315 - INFO: Training ROC-AUC: 1.000000
2025-03-31 16:11:31,315 - INFO: Validation ROC-AUC: 0.668973
2025-03-31 16:11:44,241 - INFO: Evaluating at iteration 39111
2025-03-31 16:11:44,629 - INFO: Loss: 0.129933
2025-03-31 16:11:44,629 - INFO: Training ROC-AUC: 1.000000
2025-03-31 16:11:44,629 - INFO: Validation ROC-AUC: 0.669380
2025-03-31 16:11:56,957 - INFO: Starting epoch 17
2025-03-31 16:11:56,986 - INFO: Evaluating at iteration 39585
2025-03-31 16:11:57,373 - INFO: Loss: 0.113224
2025-03-31 16:11:57,373 - INFO: Training ROC-AUC: 0.994286
2025-03-31 16:11:57,373 - INFO: Validation ROC-AUC: 0.672367
2025-03-31 16:12:10,357 - INFO: Evaluating at iteration 40085
2025-03-31 16:12:10,727 - INFO: Loss: 0.074236
2025-03-31 16:12:10,728 - INFO: Training ROC-AUC: 1.000000
2025-03-31 16:12:10,728 - INFO: Validation ROC-AUC: 0.666033
2025-03-31 16:12:23,851 - INFO: Evaluating at iteration 40585
2025-03-31 16:12:24,227 - INFO: Loss: 0.072523
2025-03-31 16:12:24,228 - INFO: Training ROC-AUC: 1.000000
2025-03-31 16:12:24,228 - INFO: Validation ROC-AUC: 0.666648
2025-03-31 16:12:37,356 - INFO: Evaluating at iteration 41085
2025-03-31 16:12:37,736 - INFO: Loss: 0.050406
2025-03-31 16:12:37,736 - INFO: Training ROC-AUC: 1.000000
2025-03-31 16:12:37,736 - INFO: Validation ROC-AUC: 0.671055
2025-03-31 16:12:50,737 - INFO: Evaluating at iteration 41585
2025-03-31 16:12:51,122 - INFO: Loss: 0.114560
2025-03-31 16:12:51,122 - INFO: Training ROC-AUC: 0.973214
2025-03-31 16:12:51,122 - INFO: Validation ROC-AUC: 0.672112
2025-03-31 16:13:03,679 - INFO: Starting epoch 18
2025-03-31 16:13:03,708 - INFO: Evaluating at iteration 42059
2025-03-31 16:13:04,109 - INFO: Loss: 0.058567
2025-03-31 16:13:04,109 - INFO: Training ROC-AUC: 1.000000
2025-03-31 16:13:04,109 - INFO: Validation ROC-AUC: 0.672794
2025-03-31 16:13:17,190 - INFO: Evaluating at iteration 42559
2025-03-31 16:13:17,562 - INFO: Loss: 0.037251
2025-03-31 16:13:17,562 - INFO: Training ROC-AUC: 1.000000
2025-03-31 16:13:17,562 - INFO: Validation ROC-AUC: 0.671864
2025-03-31 16:13:30,835 - INFO: Evaluating at iteration 43059
2025-03-31 16:13:31,182 - INFO: Loss: 0.009161
2025-03-31 16:13:31,182 - INFO: Training ROC-AUC: 1.000000
2025-03-31 16:13:31,182 - INFO: Validation ROC-AUC: 0.668303
2025-03-31 16:13:44,571 - INFO: Evaluating at iteration 43559
2025-03-31 16:13:44,928 - INFO: Loss: 0.106538
2025-03-31 16:13:44,928 - INFO: Training ROC-AUC: 1.000000
2025-03-31 16:13:44,928 - INFO: Validation ROC-AUC: 0.668124
2025-03-31 16:13:58,256 - INFO: Evaluating at iteration 44059
2025-03-31 16:13:58,640 - INFO: Loss: 0.035777
2025-03-31 16:13:58,640 - INFO: Training ROC-AUC: 1.000000
2025-03-31 16:13:58,640 - INFO: Validation ROC-AUC: 0.669121
2025-03-31 16:14:11,515 - INFO: Starting epoch 19
2025-03-31 16:14:11,540 - INFO: Evaluating at iteration 44533
2025-03-31 16:14:11,930 - INFO: Loss: 0.015252
2025-03-31 16:14:11,930 - INFO: Training ROC-AUC: 1.000000
2025-03-31 16:14:11,930 - INFO: Validation ROC-AUC: 0.670330
2025-03-31 16:14:25,331 - INFO: Evaluating at iteration 45033
2025-03-31 16:14:25,743 - INFO: Loss: 0.052196
2025-03-31 16:14:25,743 - INFO: Training ROC-AUC: 1.000000
2025-03-31 16:14:25,743 - INFO: Validation ROC-AUC: 0.668324
2025-03-31 16:14:39,292 - INFO: Evaluating at iteration 45533
2025-03-31 16:14:39,674 - INFO: Loss: 0.088879
2025-03-31 16:14:39,674 - INFO: Training ROC-AUC: 1.000000
2025-03-31 16:14:39,674 - INFO: Validation ROC-AUC: 0.667219
2025-03-31 16:14:53,239 - INFO: Evaluating at iteration 46033
2025-03-31 16:14:53,614 - INFO: Loss: 0.090160
2025-03-31 16:14:53,614 - INFO: Training ROC-AUC: 1.000000
2025-03-31 16:14:53,614 - INFO: Validation ROC-AUC: 0.670784
2025-03-31 16:15:07,126 - INFO: Evaluating at iteration 46533
2025-03-31 16:15:07,480 - INFO: Loss: 0.079485
2025-03-31 16:15:07,480 - INFO: Training ROC-AUC: 0.991071
2025-03-31 16:15:07,480 - INFO: Validation ROC-AUC: 0.665270
2025-03-31 16:15:20,212 - INFO: Starting epoch 20
2025-03-31 16:15:20,236 - INFO: Evaluating at iteration 47007
2025-03-31 16:15:20,627 - INFO: Loss: 0.027719
2025-03-31 16:15:20,627 - INFO: Training ROC-AUC: 1.000000
2025-03-31 16:15:20,628 - INFO: Validation ROC-AUC: 0.668320
2025-03-31 16:15:34,112 - INFO: Evaluating at iteration 47507
2025-03-31 16:15:34,486 - INFO: Loss: 0.016737
2025-03-31 16:15:34,486 - INFO: Training ROC-AUC: 1.000000
2025-03-31 16:15:34,487 - INFO: Validation ROC-AUC: 0.665728
2025-03-31 16:15:47,972 - INFO: Evaluating at iteration 48007
2025-03-31 16:15:48,348 - INFO: Loss: 0.018438
2025-03-31 16:15:48,348 - INFO: Training ROC-AUC: 1.000000
2025-03-31 16:15:48,348 - INFO: Validation ROC-AUC: 0.666070
2025-03-31 16:16:01,902 - INFO: Evaluating at iteration 48507
2025-03-31 16:16:02,290 - INFO: Loss: 0.022012
2025-03-31 16:16:02,290 - INFO: Training ROC-AUC: 1.000000
2025-03-31 16:16:02,290 - INFO: Validation ROC-AUC: 0.669808
2025-03-31 16:16:15,981 - INFO: Evaluating at iteration 49007
2025-03-31 16:16:16,377 - INFO: Loss: 0.020389
2025-03-31 16:16:16,378 - INFO: Training ROC-AUC: 1.000000
2025-03-31 16:16:16,378 - INFO: Validation ROC-AUC: 0.666664
2025-03-31 16:16:29,287 - INFO: Starting epoch 21
2025-03-31 16:16:29,312 - INFO: Evaluating at iteration 49481
2025-03-31 16:16:29,701 - INFO: Loss: 0.033893
2025-03-31 16:16:29,701 - INFO: Training ROC-AUC: 1.000000
2025-03-31 16:16:29,701 - INFO: Validation ROC-AUC: 0.671100
2025-03-31 16:16:43,431 - INFO: Evaluating at iteration 49981
2025-03-31 16:16:43,816 - INFO: Loss: 0.015432
2025-03-31 16:16:43,816 - INFO: Training ROC-AUC: 1.000000
2025-03-31 16:16:43,816 - INFO: Validation ROC-AUC: 0.666971
2025-03-31 16:16:57,376 - INFO: Evaluating at iteration 50481
2025-03-31 16:16:57,748 - INFO: Loss: 0.141906
2025-03-31 16:16:57,748 - INFO: Training ROC-AUC: 0.970370
2025-03-31 16:16:57,748 - INFO: Validation ROC-AUC: 0.667008
2025-03-31 16:17:11,202 - INFO: Evaluating at iteration 50981
2025-03-31 16:17:11,585 - INFO: Loss: 0.020544
2025-03-31 16:17:11,585 - INFO: Training ROC-AUC: 1.000000
2025-03-31 16:17:11,586 - INFO: Validation ROC-AUC: 0.668607
2025-03-31 16:17:24,997 - INFO: Evaluating at iteration 51481
2025-03-31 16:17:25,358 - INFO: Loss: 0.187818
2025-03-31 16:17:25,359 - INFO: Training ROC-AUC: 0.980769
2025-03-31 16:17:25,359 - INFO: Validation ROC-AUC: 0.665945
2025-03-31 16:17:38,334 - INFO: Starting epoch 22
2025-03-31 16:17:38,361 - INFO: Evaluating at iteration 51955
2025-03-31 16:17:38,734 - INFO: Loss: 0.002070
2025-03-31 16:17:38,734 - INFO: Training ROC-AUC: 1.000000
2025-03-31 16:17:38,734 - INFO: Validation ROC-AUC: 0.665640
2025-03-31 16:17:52,214 - INFO: Evaluating at iteration 52455
2025-03-31 16:17:52,565 - INFO: Loss: 0.060354
2025-03-31 16:17:52,567 - INFO: Training ROC-AUC: 1.000000
2025-03-31 16:17:52,567 - INFO: Validation ROC-AUC: 0.663287
2025-03-31 16:18:06,076 - INFO: Evaluating at iteration 52955
2025-03-31 16:18:06,439 - INFO: Loss: 0.064871
2025-03-31 16:18:06,439 - INFO: Training ROC-AUC: 1.000000
2025-03-31 16:18:06,439 - INFO: Validation ROC-AUC: 0.669107
2025-03-31 16:18:19,796 - INFO: Evaluating at iteration 53455
2025-03-31 16:18:20,148 - INFO: Loss: 0.047138
2025-03-31 16:18:20,148 - INFO: Training ROC-AUC: 1.000000
2025-03-31 16:18:20,148 - INFO: Validation ROC-AUC: 0.669891
2025-03-31 16:18:33,833 - INFO: Evaluating at iteration 53955
2025-03-31 16:18:34,204 - INFO: Loss: 0.038287
2025-03-31 16:18:34,204 - INFO: Training ROC-AUC: 1.000000
2025-03-31 16:18:34,204 - INFO: Validation ROC-AUC: 0.668295
2025-03-31 16:18:46,968 - INFO: Starting epoch 23
2025-03-31 16:18:47,000 - INFO: Evaluating at iteration 54429
2025-03-31 16:18:47,367 - INFO: Loss: 0.017873
2025-03-31 16:18:47,368 - INFO: Training ROC-AUC: 1.000000
2025-03-31 16:18:47,368 - INFO: Validation ROC-AUC: 0.670815
2025-03-31 16:19:00,797 - INFO: Evaluating at iteration 54929
2025-03-31 16:19:01,168 - INFO: Loss: 0.045913
2025-03-31 16:19:01,168 - INFO: Training ROC-AUC: 1.000000
2025-03-31 16:19:01,168 - INFO: Validation ROC-AUC: 0.669439
2025-03-31 16:19:14,464 - INFO: Evaluating at iteration 55429
2025-03-31 16:19:14,826 - INFO: Loss: 0.004492
2025-03-31 16:19:14,826 - INFO: Training ROC-AUC: 1.000000
2025-03-31 16:19:14,827 - INFO: Validation ROC-AUC: 0.664802
2025-03-31 16:19:28,170 - INFO: Evaluating at iteration 55929
2025-03-31 16:19:28,525 - INFO: Loss: 0.014989
2025-03-31 16:19:28,525 - INFO: Training ROC-AUC: 1.000000
2025-03-31 16:19:28,525 - INFO: Validation ROC-AUC: 0.669407
2025-03-31 16:19:41,674 - INFO: Evaluating at iteration 56429
2025-03-31 16:19:42,021 - INFO: Loss: 0.037513
2025-03-31 16:19:42,022 - INFO: Training ROC-AUC: 1.000000
2025-03-31 16:19:42,022 - INFO: Validation ROC-AUC: 0.669913
2025-03-31 16:19:54,604 - INFO: Starting epoch 24
2025-03-31 16:19:54,630 - INFO: Evaluating at iteration 56903
2025-03-31 16:19:54,997 - INFO: Loss: 0.009334
2025-03-31 16:19:54,997 - INFO: Training ROC-AUC: 1.000000
2025-03-31 16:19:54,997 - INFO: Validation ROC-AUC: 0.669083
2025-03-31 16:20:08,478 - INFO: Evaluating at iteration 57403
2025-03-31 16:20:08,869 - INFO: Loss: 0.009097
2025-03-31 16:20:08,869 - INFO: Training ROC-AUC: 1.000000
2025-03-31 16:20:08,869 - INFO: Validation ROC-AUC: 0.666773
2025-03-31 16:20:22,282 - INFO: Evaluating at iteration 57903
2025-03-31 16:20:22,630 - INFO: Loss: 0.114904
2025-03-31 16:20:22,630 - INFO: Training ROC-AUC: 0.980769
2025-03-31 16:20:22,630 - INFO: Validation ROC-AUC: 0.666675
2025-03-31 16:20:36,057 - INFO: Evaluating at iteration 58403
2025-03-31 16:20:36,447 - INFO: Loss: 0.023088
2025-03-31 16:20:36,447 - INFO: Training ROC-AUC: 1.000000
2025-03-31 16:20:36,447 - INFO: Validation ROC-AUC: 0.668829
2025-03-31 16:20:49,718 - INFO: Evaluating at iteration 58903
2025-03-31 16:20:50,113 - INFO: Loss: 0.029664
2025-03-31 16:20:50,113 - INFO: Training ROC-AUC: 1.000000
2025-03-31 16:20:50,113 - INFO: Validation ROC-AUC: 0.669814
2025-03-31 16:21:02,889 - INFO: Starting epoch 25
2025-03-31 16:21:02,919 - INFO: Evaluating at iteration 59377
2025-03-31 16:21:03,286 - INFO: Loss: 0.033129
2025-03-31 16:21:03,286 - INFO: Training ROC-AUC: 1.000000
2025-03-31 16:21:03,286 - INFO: Validation ROC-AUC: 0.668908
2025-03-31 16:21:16,524 - INFO: Evaluating at iteration 59877
2025-03-31 16:21:16,871 - INFO: Loss: 0.029074
2025-03-31 16:21:16,871 - INFO: Training ROC-AUC: 1.000000
2025-03-31 16:21:16,871 - INFO: Validation ROC-AUC: 0.666220
2025-03-31 16:21:30,262 - INFO: Evaluating at iteration 60377
2025-03-31 16:21:30,650 - INFO: Loss: 0.017660
2025-03-31 16:21:30,651 - INFO: Training ROC-AUC: 1.000000
2025-03-31 16:21:30,651 - INFO: Validation ROC-AUC: 0.664886
2025-03-31 16:21:44,002 - INFO: Evaluating at iteration 60877
2025-03-31 16:21:44,375 - INFO: Loss: 0.011240
2025-03-31 16:21:44,375 - INFO: Training ROC-AUC: 1.000000
2025-03-31 16:21:44,375 - INFO: Validation ROC-AUC: 0.666850
2025-03-31 16:21:57,595 - INFO: Evaluating at iteration 61377
2025-03-31 16:21:58,008 - INFO: Loss: 0.013636
2025-03-31 16:21:58,008 - INFO: Training ROC-AUC: 1.000000
2025-03-31 16:21:58,008 - INFO: Validation ROC-AUC: 0.667894
2025-03-31 16:22:10,475 - INFO: Saving model to models/TCRStructMap_pmhc_split_sequence_only/model_5.pt
