2026-01-12 15:48:06,409 - INFO: Parameter: training_data='data/processed/sequences_pMHC_split.h5'
2026-01-12 15:48:06,409 - INFO: Parameter: contact_maps=None
2026-01-12 15:48:06,409 - INFO: Parameter: output='models/TCRStructMap_pMHC_split_sequence_only'
2026-01-12 15:48:06,409 - INFO: Parameter: seed=123
2026-01-12 15:48:06,409 - INFO: Parameter: features_to_include='all'
2026-01-12 15:48:06,410 - INFO: Parameter: cdr1_alpha_length=8
2026-01-12 15:48:06,410 - INFO: Parameter: cdr2_alpha_length=8
2026-01-12 15:48:06,410 - INFO: Parameter: cdr3_alpha_length=24
2026-01-12 15:48:06,410 - INFO: Parameter: cdr1_beta_length=8
2026-01-12 15:48:06,410 - INFO: Parameter: cdr2_beta_length=8
2026-01-12 15:48:06,410 - INFO: Parameter: cdr3_beta_length=24
2026-01-12 15:48:06,410 - INFO: Parameter: peptide_length=12
2026-01-12 15:48:06,410 - INFO: Parameter: mhc_pseudo_length=26
2026-01-12 15:48:06,410 - INFO: Parameter: batch_size=32
2026-01-12 15:48:06,410 - INFO: Parameter: num_epochs=25
2026-01-12 15:48:06,410 - INFO: Parameter: learning_rate=0.001
2026-01-12 15:48:06,410 - INFO: Parameter: drop_out_rate=0.2
2026-01-12 15:48:06,410 - INFO: Parameter: learn_contact_maps=False
2026-01-12 15:48:06,410 - INFO: Parameter: checkpoint_interval=1000
2026-01-12 15:48:06,410 - INFO: Parameter: eval_interval=500
2026-01-12 15:48:06,410 - INFO: Parameter: eval_batch_size=1000
2026-01-12 15:48:06,410 - INFO: Parameter: log_level='info'
2026-01-12 15:48:06,410 - INFO: Parameter: log_file='data/logs/train_TCRStructMap_pMHC_split_sequence_only.log'
2026-01-12 15:48:06,410 - INFO: Setting random seed to 123
2026-01-12 15:48:06,434 - INFO: Loading training data from data/processed/sequences_pMHC_split.h5
2026-01-12 15:48:10,922 - INFO: Creating models/TCRStructMap_pMHC_split_sequence_only
2026-01-12 15:48:10,925 - INFO: Starting fold 1
2026-01-12 15:48:10,937 - INFO: Initialising model
2026-01-12 15:48:22,094 - INFO: Starting training
2026-01-12 15:48:22,094 - INFO: Starting epoch 1
2026-01-12 15:48:22,271 - INFO: Evaluating at iteration 1
2026-01-12 15:48:22,390 - INFO: Loss: 0.697572
2026-01-12 15:48:22,391 - INFO: Training ROC-AUC: 0.525926
2026-01-12 15:48:22,391 - INFO: Validation ROC-AUC: 0.462459
2026-01-12 15:48:42,949 - INFO: Evaluating at iteration 501
2026-01-12 15:48:43,059 - INFO: Loss: 0.327700
2026-01-12 15:48:43,059 - INFO: Training ROC-AUC: 0.356322
2026-01-12 15:48:43,059 - INFO: Validation ROC-AUC: 0.441097
2026-01-12 15:49:05,737 - INFO: Evaluating at iteration 1001
2026-01-12 15:49:05,844 - INFO: Loss: 0.462379
2026-01-12 15:49:05,844 - INFO: Training ROC-AUC: 0.480769
2026-01-12 15:49:05,844 - INFO: Validation ROC-AUC: 0.490126
2026-01-12 15:49:28,531 - INFO: Evaluating at iteration 1501
2026-01-12 15:49:28,636 - INFO: Loss: 0.628129
2026-01-12 15:49:28,636 - INFO: Training ROC-AUC: 0.512077
2026-01-12 15:49:28,636 - INFO: Validation ROC-AUC: 0.561091
2026-01-12 15:49:51,382 - INFO: Evaluating at iteration 2001
2026-01-12 15:49:51,486 - INFO: Loss: 0.210786
2026-01-12 15:49:51,487 - INFO: Training ROC-AUC: 0.967742
2026-01-12 15:49:51,487 - INFO: Validation ROC-AUC: 0.535896
2026-01-12 15:50:14,312 - INFO: Evaluating at iteration 2501
2026-01-12 15:50:14,414 - INFO: Loss: 0.405986
2026-01-12 15:50:14,415 - INFO: Training ROC-AUC: 0.775641
2026-01-12 15:50:14,415 - INFO: Validation ROC-AUC: 0.536007
2026-01-12 15:50:18,242 - INFO: Starting epoch 2
2026-01-12 15:50:18,289 - INFO: Evaluating at iteration 2586
2026-01-12 15:50:18,391 - INFO: Loss: 0.255796
2026-01-12 15:50:18,391 - INFO: Training ROC-AUC: 0.896552
2026-01-12 15:50:18,391 - INFO: Validation ROC-AUC: 0.537711
2026-01-12 15:50:41,212 - INFO: Evaluating at iteration 3086
2026-01-12 15:50:41,316 - INFO: Loss: 0.404436
2026-01-12 15:50:41,316 - INFO: Training ROC-AUC: 0.834286
2026-01-12 15:50:41,316 - INFO: Validation ROC-AUC: 0.560379
2026-01-12 15:51:04,103 - INFO: Evaluating at iteration 3586
2026-01-12 15:51:04,206 - INFO: Loss: 0.375373
2026-01-12 15:51:04,207 - INFO: Training ROC-AUC: 0.837037
2026-01-12 15:51:04,207 - INFO: Validation ROC-AUC: 0.562560
2026-01-12 15:51:27,103 - INFO: Evaluating at iteration 4086
2026-01-12 15:51:27,207 - INFO: Loss: 0.385258
2026-01-12 15:51:27,207 - INFO: Training ROC-AUC: 0.769231
2026-01-12 15:51:27,207 - INFO: Validation ROC-AUC: 0.590563
2026-01-12 15:51:50,052 - INFO: Evaluating at iteration 4586
2026-01-12 15:51:50,156 - INFO: Loss: 0.244230
2026-01-12 15:51:50,156 - INFO: Training ROC-AUC: 0.881481
2026-01-12 15:51:50,156 - INFO: Validation ROC-AUC: 0.598008
2026-01-12 15:52:13,023 - INFO: Evaluating at iteration 5086
2026-01-12 15:52:13,128 - INFO: Loss: 0.273772
2026-01-12 15:52:13,128 - INFO: Training ROC-AUC: 0.892857
2026-01-12 15:52:13,128 - INFO: Validation ROC-AUC: 0.601482
2026-01-12 15:52:16,963 - INFO: Starting epoch 3
2026-01-12 15:52:17,010 - INFO: Evaluating at iteration 5171
2026-01-12 15:52:17,113 - INFO: Loss: 0.151844
2026-01-12 15:52:17,113 - INFO: Training ROC-AUC: 0.935484
2026-01-12 15:52:17,113 - INFO: Validation ROC-AUC: 0.595429
2026-01-12 15:52:40,026 - INFO: Evaluating at iteration 5671
2026-01-12 15:52:40,130 - INFO: Loss: 0.231320
2026-01-12 15:52:40,130 - INFO: Training ROC-AUC: 0.937500
2026-01-12 15:52:40,130 - INFO: Validation ROC-AUC: 0.591308
2026-01-12 15:53:02,925 - INFO: Evaluating at iteration 6171
2026-01-12 15:53:03,028 - INFO: Loss: 0.338179
2026-01-12 15:53:03,029 - INFO: Training ROC-AUC: 0.792593
2026-01-12 15:53:03,029 - INFO: Validation ROC-AUC: 0.599915
2026-01-12 15:53:27,946 - INFO: Evaluating at iteration 6671
2026-01-12 15:53:28,061 - INFO: Loss: 0.326816
2026-01-12 15:53:28,061 - INFO: Training ROC-AUC: 0.762821
2026-01-12 15:53:28,061 - INFO: Validation ROC-AUC: 0.606165
2026-01-12 15:53:52,922 - INFO: Evaluating at iteration 7171
2026-01-12 15:53:53,037 - INFO: Loss: 0.392093
2026-01-12 15:53:53,037 - INFO: Training ROC-AUC: 0.898551
2026-01-12 15:53:53,037 - INFO: Validation ROC-AUC: 0.595154
2026-01-12 15:54:17,511 - INFO: Evaluating at iteration 7671
2026-01-12 15:54:17,624 - INFO: Loss: 0.812788
2026-01-12 15:54:17,624 - INFO: Training ROC-AUC: 0.674510
2026-01-12 15:54:17,625 - INFO: Validation ROC-AUC: 0.608457
2026-01-12 15:54:21,715 - INFO: Starting epoch 4
2026-01-12 15:54:21,765 - INFO: Evaluating at iteration 7756
2026-01-12 15:54:21,878 - INFO: Loss: 0.413297
2026-01-12 15:54:21,878 - INFO: Training ROC-AUC: 0.711538
2026-01-12 15:54:21,879 - INFO: Validation ROC-AUC: 0.612663
2026-01-12 15:54:46,194 - INFO: Evaluating at iteration 8256
2026-01-12 15:54:46,308 - INFO: Loss: 0.238761
2026-01-12 15:54:46,309 - INFO: Training ROC-AUC: 0.712644
2026-01-12 15:54:46,309 - INFO: Validation ROC-AUC: 0.595291
2026-01-12 15:55:10,772 - INFO: Evaluating at iteration 8756
2026-01-12 15:55:10,888 - INFO: Loss: 0.158991
2026-01-12 15:55:10,889 - INFO: Training ROC-AUC: 1.000000
2026-01-12 15:55:10,889 - INFO: Validation ROC-AUC: 0.612820
2026-01-12 15:55:35,261 - INFO: Evaluating at iteration 9256
2026-01-12 15:55:35,372 - INFO: Loss: 0.148054
2026-01-12 15:55:35,372 - INFO: Training ROC-AUC: 0.850000
2026-01-12 15:55:35,372 - INFO: Validation ROC-AUC: 0.597669
2026-01-12 15:55:59,690 - INFO: Evaluating at iteration 9756
2026-01-12 15:55:59,824 - INFO: Loss: 0.206739
2026-01-12 15:55:59,832 - INFO: Training ROC-AUC: 0.964286
2026-01-12 15:55:59,840 - INFO: Validation ROC-AUC: 0.619004
2026-01-12 15:56:24,238 - INFO: Evaluating at iteration 10256
2026-01-12 15:56:24,465 - INFO: Loss: 0.371105
2026-01-12 15:56:24,469 - INFO: Training ROC-AUC: 0.888889
2026-01-12 15:56:24,472 - INFO: Validation ROC-AUC: 0.620872
2026-01-12 15:56:28,572 - INFO: Starting epoch 5
2026-01-12 15:56:28,626 - INFO: Evaluating at iteration 10341
2026-01-12 15:56:28,742 - INFO: Loss: 0.276515
2026-01-12 15:56:28,745 - INFO: Training ROC-AUC: 0.821429
2026-01-12 15:56:28,748 - INFO: Validation ROC-AUC: 0.612493
2026-01-12 15:56:53,158 - INFO: Evaluating at iteration 10841
2026-01-12 15:56:53,313 - INFO: Loss: 0.302090
2026-01-12 15:56:53,316 - INFO: Training ROC-AUC: 0.750000
2026-01-12 15:56:53,320 - INFO: Validation ROC-AUC: 0.616248
2026-01-12 15:57:17,797 - INFO: Evaluating at iteration 11341
2026-01-12 15:57:17,927 - INFO: Loss: 0.429814
2026-01-12 15:57:17,930 - INFO: Training ROC-AUC: 0.730769
2026-01-12 15:57:17,933 - INFO: Validation ROC-AUC: 0.597440
2026-01-12 15:57:42,335 - INFO: Evaluating at iteration 11841
2026-01-12 15:57:42,459 - INFO: Loss: 0.166171
2026-01-12 15:57:42,460 - INFO: Training ROC-AUC: 0.870968
2026-01-12 15:57:42,460 - INFO: Validation ROC-AUC: 0.618253
2026-01-12 15:58:06,925 - INFO: Evaluating at iteration 12341
2026-01-12 15:58:07,039 - INFO: Loss: 0.401880
2026-01-12 15:58:07,039 - INFO: Training ROC-AUC: 0.845714
2026-01-12 15:58:07,039 - INFO: Validation ROC-AUC: 0.617078
2026-01-12 15:58:31,404 - INFO: Evaluating at iteration 12841
2026-01-12 15:58:31,519 - INFO: Loss: 0.333346
2026-01-12 15:58:31,520 - INFO: Training ROC-AUC: 0.852564
2026-01-12 15:58:31,520 - INFO: Validation ROC-AUC: 0.607478
2026-01-12 15:58:35,654 - INFO: Starting epoch 6
2026-01-12 15:58:35,704 - INFO: Evaluating at iteration 12926
2026-01-12 15:58:35,820 - INFO: Loss: 0.366405
2026-01-12 15:58:35,820 - INFO: Training ROC-AUC: 0.880208
2026-01-12 15:58:35,820 - INFO: Validation ROC-AUC: 0.607595
2026-01-12 15:59:00,324 - INFO: Evaluating at iteration 13426
2026-01-12 15:59:00,457 - INFO: Loss: 0.165086
2026-01-12 15:59:00,457 - INFO: Training ROC-AUC: nan
2026-01-12 15:59:00,457 - INFO: Validation ROC-AUC: 0.603363
2026-01-12 15:59:25,104 - INFO: Evaluating at iteration 13926
2026-01-12 15:59:25,220 - INFO: Loss: 0.360861
2026-01-12 15:59:25,220 - INFO: Training ROC-AUC: 0.897143
2026-01-12 15:59:25,220 - INFO: Validation ROC-AUC: 0.619611
2026-01-12 15:59:49,769 - INFO: Evaluating at iteration 14426
2026-01-12 15:59:49,883 - INFO: Loss: 0.191599
2026-01-12 15:59:49,884 - INFO: Training ROC-AUC: 0.954286
2026-01-12 15:59:49,884 - INFO: Validation ROC-AUC: 0.631131
2026-01-12 16:00:14,319 - INFO: Evaluating at iteration 14926
2026-01-12 16:00:14,432 - INFO: Loss: 0.251940
2026-01-12 16:00:14,432 - INFO: Training ROC-AUC: 0.645161
2026-01-12 16:00:14,432 - INFO: Validation ROC-AUC: 0.624986
2026-01-12 16:00:39,220 - INFO: Evaluating at iteration 15426
2026-01-12 16:00:39,336 - INFO: Loss: 0.253226
2026-01-12 16:00:39,336 - INFO: Training ROC-AUC: 0.955556
2026-01-12 16:00:39,336 - INFO: Validation ROC-AUC: 0.606296
2026-01-12 16:00:43,489 - INFO: Starting epoch 7
2026-01-12 16:00:43,541 - INFO: Evaluating at iteration 15511
2026-01-12 16:00:43,654 - INFO: Loss: 0.318181
2026-01-12 16:00:43,654 - INFO: Training ROC-AUC: 0.878205
2026-01-12 16:00:43,654 - INFO: Validation ROC-AUC: 0.610664
2026-01-12 16:01:08,450 - INFO: Evaluating at iteration 16011
2026-01-12 16:01:08,562 - INFO: Loss: 0.201032
2026-01-12 16:01:08,562 - INFO: Training ROC-AUC: 0.883929
2026-01-12 16:01:08,563 - INFO: Validation ROC-AUC: 0.610671
2026-01-12 16:01:33,265 - INFO: Evaluating at iteration 16511
2026-01-12 16:01:33,381 - INFO: Loss: 0.388378
2026-01-12 16:01:33,381 - INFO: Training ROC-AUC: 0.875000
2026-01-12 16:01:33,381 - INFO: Validation ROC-AUC: 0.616673
2026-01-12 16:01:58,102 - INFO: Evaluating at iteration 17011
2026-01-12 16:01:58,216 - INFO: Loss: 0.446395
2026-01-12 16:01:58,216 - INFO: Training ROC-AUC: 0.817708
2026-01-12 16:01:58,216 - INFO: Validation ROC-AUC: 0.600451
2026-01-12 16:02:22,962 - INFO: Evaluating at iteration 17511
2026-01-12 16:02:23,075 - INFO: Loss: 0.174755
2026-01-12 16:02:23,075 - INFO: Training ROC-AUC: 0.774194
2026-01-12 16:02:23,075 - INFO: Validation ROC-AUC: 0.616248
2026-01-12 16:02:47,934 - INFO: Evaluating at iteration 18011
2026-01-12 16:02:48,048 - INFO: Loss: 0.270761
2026-01-12 16:02:48,049 - INFO: Training ROC-AUC: 0.935897
2026-01-12 16:02:48,049 - INFO: Validation ROC-AUC: 0.621740
2026-01-12 16:02:52,201 - INFO: Starting epoch 8
2026-01-12 16:02:52,251 - INFO: Evaluating at iteration 18096
2026-01-12 16:02:52,367 - INFO: Loss: 0.316570
2026-01-12 16:02:52,368 - INFO: Training ROC-AUC: 0.776786
2026-01-12 16:02:52,368 - INFO: Validation ROC-AUC: 0.625574
2026-01-12 16:03:16,957 - INFO: Evaluating at iteration 18596
2026-01-12 16:03:17,071 - INFO: Loss: 0.225571
2026-01-12 16:03:17,071 - INFO: Training ROC-AUC: 0.940741
2026-01-12 16:03:17,071 - INFO: Validation ROC-AUC: 0.615608
2026-01-12 16:03:41,913 - INFO: Evaluating at iteration 19096
2026-01-12 16:03:42,028 - INFO: Loss: 0.382717
2026-01-12 16:03:42,028 - INFO: Training ROC-AUC: 0.843750
2026-01-12 16:03:42,028 - INFO: Validation ROC-AUC: 0.629120
2026-01-12 16:04:06,882 - INFO: Evaluating at iteration 19596
2026-01-12 16:04:06,997 - INFO: Loss: 0.269916
2026-01-12 16:04:06,997 - INFO: Training ROC-AUC: 0.839286
2026-01-12 16:04:06,998 - INFO: Validation ROC-AUC: 0.623804
2026-01-12 16:04:31,926 - INFO: Evaluating at iteration 20096
2026-01-12 16:04:32,048 - INFO: Loss: 0.209677
2026-01-12 16:04:32,049 - INFO: Training ROC-AUC: 0.885057
2026-01-12 16:04:32,049 - INFO: Validation ROC-AUC: 0.619167
2026-01-12 16:04:57,064 - INFO: Evaluating at iteration 20596
2026-01-12 16:04:57,178 - INFO: Loss: 0.369972
2026-01-12 16:04:57,179 - INFO: Training ROC-AUC: 0.678571
2026-01-12 16:04:57,179 - INFO: Validation ROC-AUC: 0.618945
2026-01-12 16:05:01,374 - INFO: Starting epoch 9
2026-01-12 16:05:01,424 - INFO: Evaluating at iteration 20681
2026-01-12 16:05:01,537 - INFO: Loss: 0.101496
2026-01-12 16:05:01,537 - INFO: Training ROC-AUC: 1.000000
2026-01-12 16:05:01,537 - INFO: Validation ROC-AUC: 0.612846
2026-01-12 16:05:26,524 - INFO: Evaluating at iteration 21181
2026-01-12 16:05:26,639 - INFO: Loss: 0.242006
2026-01-12 16:05:26,639 - INFO: Training ROC-AUC: 0.925926
2026-01-12 16:05:26,639 - INFO: Validation ROC-AUC: 0.621460
2026-01-12 16:05:51,595 - INFO: Evaluating at iteration 21681
2026-01-12 16:05:51,709 - INFO: Loss: 0.198051
2026-01-12 16:05:51,709 - INFO: Training ROC-AUC: 0.955556
2026-01-12 16:05:51,709 - INFO: Validation ROC-AUC: 0.617038
2026-01-12 16:06:16,854 - INFO: Evaluating at iteration 22181
2026-01-12 16:06:16,968 - INFO: Loss: 0.118916
2026-01-12 16:06:16,968 - INFO: Training ROC-AUC: 1.000000
2026-01-12 16:06:16,968 - INFO: Validation ROC-AUC: 0.629296
2026-01-12 16:06:42,072 - INFO: Evaluating at iteration 22681
2026-01-12 16:06:42,198 - INFO: Loss: 0.148001
2026-01-12 16:06:42,198 - INFO: Training ROC-AUC: 0.988506
2026-01-12 16:06:42,198 - INFO: Validation ROC-AUC: 0.615693
2026-01-12 16:07:07,224 - INFO: Evaluating at iteration 23181
2026-01-12 16:07:07,336 - INFO: Loss: 0.195925
2026-01-12 16:07:07,337 - INFO: Training ROC-AUC: 0.988571
2026-01-12 16:07:07,337 - INFO: Validation ROC-AUC: 0.620558
2026-01-12 16:07:11,550 - INFO: Starting epoch 10
2026-01-12 16:07:11,602 - INFO: Evaluating at iteration 23266
2026-01-12 16:07:11,715 - INFO: Loss: 0.187294
2026-01-12 16:07:11,715 - INFO: Training ROC-AUC: 0.973214
2026-01-12 16:07:11,716 - INFO: Validation ROC-AUC: 0.612323
2026-01-12 16:07:36,782 - INFO: Evaluating at iteration 23766
2026-01-12 16:07:36,896 - INFO: Loss: 0.258885
2026-01-12 16:07:36,897 - INFO: Training ROC-AUC: 0.916667
2026-01-12 16:07:36,897 - INFO: Validation ROC-AUC: 0.633541
2026-01-12 16:08:02,016 - INFO: Evaluating at iteration 24266
2026-01-12 16:08:02,130 - INFO: Loss: 0.322841
2026-01-12 16:08:02,130 - INFO: Training ROC-AUC: 0.839744
2026-01-12 16:08:02,130 - INFO: Validation ROC-AUC: 0.634638
2026-01-12 16:08:27,280 - INFO: Evaluating at iteration 24766
2026-01-12 16:08:27,393 - INFO: Loss: 0.165058
2026-01-12 16:08:27,393 - INFO: Training ROC-AUC: 0.982143
2026-01-12 16:08:27,394 - INFO: Validation ROC-AUC: 0.612088
2026-01-12 16:08:52,554 - INFO: Evaluating at iteration 25266
2026-01-12 16:08:52,667 - INFO: Loss: 0.437939
2026-01-12 16:08:52,667 - INFO: Training ROC-AUC: 0.929167
2026-01-12 16:08:52,667 - INFO: Validation ROC-AUC: 0.616888
2026-01-12 16:09:17,933 - INFO: Evaluating at iteration 25766
2026-01-12 16:09:18,046 - INFO: Loss: 0.393883
2026-01-12 16:09:18,046 - INFO: Training ROC-AUC: 0.705357
2026-01-12 16:09:18,046 - INFO: Validation ROC-AUC: 0.617613
2026-01-12 16:09:22,273 - INFO: Starting epoch 11
2026-01-12 16:09:22,328 - INFO: Evaluating at iteration 25851
2026-01-12 16:09:22,441 - INFO: Loss: 0.289473
2026-01-12 16:09:22,441 - INFO: Training ROC-AUC: 0.839286
2026-01-12 16:09:22,442 - INFO: Validation ROC-AUC: 0.620513
2026-01-12 16:09:47,635 - INFO: Evaluating at iteration 26351
2026-01-12 16:09:47,750 - INFO: Loss: 0.425894
2026-01-12 16:09:47,750 - INFO: Training ROC-AUC: 0.864734
2026-01-12 16:09:47,750 - INFO: Validation ROC-AUC: 0.616673
2026-01-12 16:10:13,027 - INFO: Evaluating at iteration 26851
2026-01-12 16:10:13,142 - INFO: Loss: 0.194074
2026-01-12 16:10:13,143 - INFO: Training ROC-AUC: 0.839080
2026-01-12 16:10:13,143 - INFO: Validation ROC-AUC: 0.616007
2026-01-12 16:10:38,386 - INFO: Evaluating at iteration 27351
2026-01-12 16:10:38,497 - INFO: Loss: 0.280545
2026-01-12 16:10:38,498 - INFO: Training ROC-AUC: 0.851852
2026-01-12 16:10:38,498 - INFO: Validation ROC-AUC: 0.626116
2026-01-12 16:11:03,567 - INFO: Evaluating at iteration 27851
2026-01-12 16:11:03,681 - INFO: Loss: 0.264586
2026-01-12 16:11:03,681 - INFO: Training ROC-AUC: 0.874074
2026-01-12 16:11:03,681 - INFO: Validation ROC-AUC: 0.621283
2026-01-12 16:11:29,014 - INFO: Evaluating at iteration 28351
2026-01-12 16:11:29,127 - INFO: Loss: 0.213774
2026-01-12 16:11:29,127 - INFO: Training ROC-AUC: 0.862069
2026-01-12 16:11:29,127 - INFO: Validation ROC-AUC: 0.629368
2026-01-12 16:11:33,369 - INFO: Starting epoch 12
2026-01-12 16:11:33,422 - INFO: Evaluating at iteration 28436
2026-01-12 16:11:33,532 - INFO: Loss: 0.133511
2026-01-12 16:11:33,532 - INFO: Training ROC-AUC: 0.988506
2026-01-12 16:11:33,533 - INFO: Validation ROC-AUC: 0.625202
2026-01-12 16:11:58,818 - INFO: Evaluating at iteration 28936
2026-01-12 16:11:58,932 - INFO: Loss: 0.398041
2026-01-12 16:11:58,932 - INFO: Training ROC-AUC: 0.801282
2026-01-12 16:11:58,932 - INFO: Validation ROC-AUC: 0.636565
2026-01-12 16:12:24,158 - INFO: Evaluating at iteration 29436
2026-01-12 16:12:24,269 - INFO: Loss: 0.354507
2026-01-12 16:12:24,269 - INFO: Training ROC-AUC: 0.845714
2026-01-12 16:12:24,269 - INFO: Validation ROC-AUC: 0.618201
2026-01-12 16:12:49,640 - INFO: Evaluating at iteration 29936
2026-01-12 16:12:49,754 - INFO: Loss: 0.159369
2026-01-12 16:12:49,754 - INFO: Training ROC-AUC: 0.973214
2026-01-12 16:12:49,754 - INFO: Validation ROC-AUC: 0.612144
2026-01-12 16:13:15,069 - INFO: Evaluating at iteration 30436
2026-01-12 16:13:15,183 - INFO: Loss: 0.079867
2026-01-12 16:13:15,183 - INFO: Training ROC-AUC: 1.000000
2026-01-12 16:13:15,183 - INFO: Validation ROC-AUC: 0.625528
2026-01-12 16:13:40,548 - INFO: Evaluating at iteration 30936
2026-01-12 16:13:40,660 - INFO: Loss: 0.280066
2026-01-12 16:13:40,660 - INFO: Training ROC-AUC: 0.839286
2026-01-12 16:13:40,660 - INFO: Validation ROC-AUC: 0.621407
2026-01-12 16:13:44,939 - INFO: Starting epoch 13
2026-01-12 16:13:44,994 - INFO: Evaluating at iteration 31021
2026-01-12 16:13:45,108 - INFO: Loss: 0.139341
2026-01-12 16:13:45,108 - INFO: Training ROC-AUC: 0.965517
2026-01-12 16:13:45,108 - INFO: Validation ROC-AUC: 0.628251
2026-01-12 16:14:10,435 - INFO: Evaluating at iteration 31521
2026-01-12 16:14:10,549 - INFO: Loss: 0.267955
2026-01-12 16:14:10,549 - INFO: Training ROC-AUC: 0.866071
2026-01-12 16:14:10,549 - INFO: Validation ROC-AUC: 0.646374
2026-01-12 16:14:35,906 - INFO: Evaluating at iteration 32021
2026-01-12 16:14:36,020 - INFO: Loss: 0.217776
2026-01-12 16:14:36,020 - INFO: Training ROC-AUC: 0.919643
2026-01-12 16:14:36,020 - INFO: Validation ROC-AUC: 0.628970
2026-01-12 16:15:01,368 - INFO: Evaluating at iteration 32521
2026-01-12 16:15:01,482 - INFO: Loss: 0.152739
2026-01-12 16:15:01,482 - INFO: Training ROC-AUC: 0.967949
2026-01-12 16:15:01,482 - INFO: Validation ROC-AUC: 0.621930
2026-01-12 16:15:26,839 - INFO: Evaluating at iteration 33021
2026-01-12 16:15:26,953 - INFO: Loss: 0.408955
2026-01-12 16:15:26,953 - INFO: Training ROC-AUC: 0.845714
2026-01-12 16:15:26,954 - INFO: Validation ROC-AUC: 0.629290
2026-01-12 16:15:52,342 - INFO: Evaluating at iteration 33521
2026-01-12 16:15:52,456 - INFO: Loss: 0.185326
2026-01-12 16:15:52,456 - INFO: Training ROC-AUC: 0.948148
2026-01-12 16:15:52,456 - INFO: Validation ROC-AUC: 0.646916
2026-01-12 16:15:56,739 - INFO: Starting epoch 14
2026-01-12 16:15:56,790 - INFO: Evaluating at iteration 33606
2026-01-12 16:15:56,904 - INFO: Loss: 0.384367
2026-01-12 16:15:56,904 - INFO: Training ROC-AUC: 0.696296
2026-01-12 16:15:56,904 - INFO: Validation ROC-AUC: 0.632575
2026-01-12 16:16:22,322 - INFO: Evaluating at iteration 34106
2026-01-12 16:16:22,436 - INFO: Loss: 0.333683
2026-01-12 16:16:22,436 - INFO: Training ROC-AUC: 0.878205
2026-01-12 16:16:22,437 - INFO: Validation ROC-AUC: 0.619840
2026-01-12 16:16:47,937 - INFO: Evaluating at iteration 34606
2026-01-12 16:16:48,052 - INFO: Loss: 0.116594
2026-01-12 16:16:48,052 - INFO: Training ROC-AUC: 0.985185
2026-01-12 16:16:48,053 - INFO: Validation ROC-AUC: 0.639863
2026-01-12 16:17:13,456 - INFO: Evaluating at iteration 35106
2026-01-12 16:17:13,568 - INFO: Loss: 0.335918
2026-01-12 16:17:13,568 - INFO: Training ROC-AUC: 0.916667
2026-01-12 16:17:13,568 - INFO: Validation ROC-AUC: 0.625025
2026-01-12 16:17:38,881 - INFO: Evaluating at iteration 35606
2026-01-12 16:17:38,994 - INFO: Loss: 0.193975
2026-01-12 16:17:38,994 - INFO: Training ROC-AUC: 0.964286
2026-01-12 16:17:38,994 - INFO: Validation ROC-AUC: 0.626593
2026-01-12 16:18:04,416 - INFO: Evaluating at iteration 36106
2026-01-12 16:18:04,531 - INFO: Loss: 0.423423
2026-01-12 16:18:04,531 - INFO: Training ROC-AUC: 0.930736
2026-01-12 16:18:04,531 - INFO: Validation ROC-AUC: 0.628976
2026-01-12 16:18:08,820 - INFO: Starting epoch 15
2026-01-12 16:18:08,875 - INFO: Evaluating at iteration 36191
2026-01-12 16:18:08,988 - INFO: Loss: 0.287571
2026-01-12 16:18:08,988 - INFO: Training ROC-AUC: 0.878205
2026-01-12 16:18:08,988 - INFO: Validation ROC-AUC: 0.627252
2026-01-12 16:18:34,432 - INFO: Evaluating at iteration 36691
2026-01-12 16:18:34,545 - INFO: Loss: 0.238904
2026-01-12 16:18:34,546 - INFO: Training ROC-AUC: 0.942308
2026-01-12 16:18:34,546 - INFO: Validation ROC-AUC: 0.617940
2026-01-12 16:18:59,982 - INFO: Evaluating at iteration 37191
2026-01-12 16:19:00,095 - INFO: Loss: 0.161520
2026-01-12 16:19:00,095 - INFO: Training ROC-AUC: 0.974359
2026-01-12 16:19:00,095 - INFO: Validation ROC-AUC: 0.623360
2026-01-12 16:19:25,514 - INFO: Evaluating at iteration 37691
2026-01-12 16:19:25,627 - INFO: Loss: 0.387144
2026-01-12 16:19:25,627 - INFO: Training ROC-AUC: 0.770370
2026-01-12 16:19:25,627 - INFO: Validation ROC-AUC: 0.638465
2026-01-12 16:19:51,077 - INFO: Evaluating at iteration 38191
2026-01-12 16:19:51,190 - INFO: Loss: 0.297568
2026-01-12 16:19:51,190 - INFO: Training ROC-AUC: 0.901042
2026-01-12 16:19:51,190 - INFO: Validation ROC-AUC: 0.644754
2026-01-12 16:20:16,633 - INFO: Evaluating at iteration 38691
2026-01-12 16:20:16,745 - INFO: Loss: 0.298564
2026-01-12 16:20:16,745 - INFO: Training ROC-AUC: 0.963636
2026-01-12 16:20:16,745 - INFO: Validation ROC-AUC: 0.638785
2026-01-12 16:20:21,046 - INFO: Starting epoch 16
2026-01-12 16:20:21,098 - INFO: Evaluating at iteration 38776
2026-01-12 16:20:21,213 - INFO: Loss: 0.136053
2026-01-12 16:20:21,214 - INFO: Training ROC-AUC: 0.970370
2026-01-12 16:20:21,214 - INFO: Validation ROC-AUC: 0.631784
2026-01-12 16:20:46,609 - INFO: Evaluating at iteration 39276
2026-01-12 16:20:46,722 - INFO: Loss: 0.176658
2026-01-12 16:20:46,722 - INFO: Training ROC-AUC: 0.931034
2026-01-12 16:20:46,722 - INFO: Validation ROC-AUC: 0.629982
2026-01-12 16:21:12,224 - INFO: Evaluating at iteration 39776
2026-01-12 16:21:12,339 - INFO: Loss: 0.260045
2026-01-12 16:21:12,339 - INFO: Training ROC-AUC: 0.844444
2026-01-12 16:21:12,339 - INFO: Validation ROC-AUC: 0.628323
2026-01-12 16:21:37,931 - INFO: Evaluating at iteration 40276
2026-01-12 16:21:38,045 - INFO: Loss: 0.197725
2026-01-12 16:21:38,046 - INFO: Training ROC-AUC: 0.979167
2026-01-12 16:21:38,046 - INFO: Validation ROC-AUC: 0.613930
2026-01-12 16:22:03,627 - INFO: Evaluating at iteration 40776
2026-01-12 16:22:03,740 - INFO: Loss: 0.409315
2026-01-12 16:22:03,740 - INFO: Training ROC-AUC: 0.902857
2026-01-12 16:22:03,740 - INFO: Validation ROC-AUC: 0.625371
2026-01-12 16:22:29,406 - INFO: Evaluating at iteration 41276
2026-01-12 16:22:29,518 - INFO: Loss: 0.370935
2026-01-12 16:22:29,519 - INFO: Training ROC-AUC: 0.826923
2026-01-12 16:22:29,519 - INFO: Validation ROC-AUC: 0.621264
2026-01-12 16:22:33,853 - INFO: Starting epoch 17
2026-01-12 16:22:33,907 - INFO: Evaluating at iteration 41361
2026-01-12 16:22:34,020 - INFO: Loss: 0.215079
2026-01-12 16:22:34,021 - INFO: Training ROC-AUC: 0.948718
2026-01-12 16:22:34,021 - INFO: Validation ROC-AUC: 0.621355
2026-01-12 16:22:59,735 - INFO: Evaluating at iteration 41861
2026-01-12 16:22:59,849 - INFO: Loss: 0.058235
2026-01-12 16:22:59,849 - INFO: Training ROC-AUC: 1.000000
2026-01-12 16:22:59,849 - INFO: Validation ROC-AUC: 0.621590
2026-01-12 16:23:25,535 - INFO: Evaluating at iteration 42361
2026-01-12 16:23:25,648 - INFO: Loss: 0.305899
2026-01-12 16:23:25,648 - INFO: Training ROC-AUC: 0.911458
2026-01-12 16:23:25,648 - INFO: Validation ROC-AUC: 0.626260
2026-01-12 16:23:51,415 - INFO: Evaluating at iteration 42861
2026-01-12 16:23:51,532 - INFO: Loss: 0.339526
2026-01-12 16:23:51,532 - INFO: Training ROC-AUC: 0.885714
2026-01-12 16:23:51,532 - INFO: Validation ROC-AUC: 0.618958
2026-01-12 16:24:17,264 - INFO: Evaluating at iteration 43361
2026-01-12 16:24:17,377 - INFO: Loss: 0.183077
2026-01-12 16:24:17,377 - INFO: Training ROC-AUC: 0.929487
2026-01-12 16:24:17,377 - INFO: Validation ROC-AUC: 0.628682
2026-01-12 16:24:43,151 - INFO: Evaluating at iteration 43861
2026-01-12 16:24:43,265 - INFO: Loss: 0.255743
2026-01-12 16:24:43,265 - INFO: Training ROC-AUC: 0.923077
2026-01-12 16:24:43,265 - INFO: Validation ROC-AUC: 0.627017
2026-01-12 16:24:47,610 - INFO: Starting epoch 18
2026-01-12 16:24:47,663 - INFO: Evaluating at iteration 43946
2026-01-12 16:24:47,776 - INFO: Loss: 0.230806
2026-01-12 16:24:47,776 - INFO: Training ROC-AUC: 0.965714
2026-01-12 16:24:47,776 - INFO: Validation ROC-AUC: 0.628761
2026-01-12 16:25:13,708 - INFO: Evaluating at iteration 44446
2026-01-12 16:25:13,819 - INFO: Loss: 0.315006
2026-01-12 16:25:13,819 - INFO: Training ROC-AUC: 0.903704
2026-01-12 16:25:13,819 - INFO: Validation ROC-AUC: 0.633006
2026-01-12 16:25:39,687 - INFO: Evaluating at iteration 44946
2026-01-12 16:25:39,802 - INFO: Loss: 0.282004
2026-01-12 16:25:39,802 - INFO: Training ROC-AUC: 0.839286
2026-01-12 16:25:39,802 - INFO: Validation ROC-AUC: 0.622041
2026-01-12 16:26:05,843 - INFO: Evaluating at iteration 45446
2026-01-12 16:26:05,956 - INFO: Loss: 0.158444
2026-01-12 16:26:05,956 - INFO: Training ROC-AUC: 0.950000
2026-01-12 16:26:05,956 - INFO: Validation ROC-AUC: 0.622354
2026-01-12 16:26:32,058 - INFO: Evaluating at iteration 45946
2026-01-12 16:26:32,172 - INFO: Loss: 0.230515
2026-01-12 16:26:32,172 - INFO: Training ROC-AUC: 0.883929
2026-01-12 16:26:32,172 - INFO: Validation ROC-AUC: 0.619860
2026-01-12 16:26:58,398 - INFO: Evaluating at iteration 46446
2026-01-12 16:26:58,512 - INFO: Loss: 0.229926
2026-01-12 16:26:58,512 - INFO: Training ROC-AUC: 0.955128
2026-01-12 16:26:58,512 - INFO: Validation ROC-AUC: 0.614478
2026-01-12 16:27:02,926 - INFO: Starting epoch 19
2026-01-12 16:27:02,979 - INFO: Evaluating at iteration 46531
2026-01-12 16:27:03,090 - INFO: Loss: 0.154668
2026-01-12 16:27:03,090 - INFO: Training ROC-AUC: 0.973214
2026-01-12 16:27:03,090 - INFO: Validation ROC-AUC: 0.615105
2026-01-12 16:27:29,392 - INFO: Evaluating at iteration 47031
2026-01-12 16:27:29,510 - INFO: Loss: 0.263154
2026-01-12 16:27:29,510 - INFO: Training ROC-AUC: 0.942029
2026-01-12 16:27:29,510 - INFO: Validation ROC-AUC: 0.611442
2026-01-12 16:27:55,957 - INFO: Evaluating at iteration 47531
2026-01-12 16:27:56,070 - INFO: Loss: 0.213001
2026-01-12 16:27:56,070 - INFO: Training ROC-AUC: 0.954286
2026-01-12 16:27:56,070 - INFO: Validation ROC-AUC: 0.615634
2026-01-12 16:28:22,606 - INFO: Evaluating at iteration 48031
2026-01-12 16:28:22,721 - INFO: Loss: 0.146965
2026-01-12 16:28:22,721 - INFO: Training ROC-AUC: 0.985185
2026-01-12 16:28:22,721 - INFO: Validation ROC-AUC: 0.626220
2026-01-12 16:28:49,330 - INFO: Evaluating at iteration 48531
2026-01-12 16:28:49,442 - INFO: Loss: 0.154604
2026-01-12 16:28:49,442 - INFO: Training ROC-AUC: 0.993590
2026-01-12 16:28:49,442 - INFO: Validation ROC-AUC: 0.633894
2026-01-12 16:29:16,098 - INFO: Evaluating at iteration 49031
2026-01-12 16:29:16,213 - INFO: Loss: 0.366466
2026-01-12 16:29:16,213 - INFO: Training ROC-AUC: 0.852564
2026-01-12 16:29:16,213 - INFO: Validation ROC-AUC: 0.621244
2026-01-12 16:29:20,727 - INFO: Starting epoch 20
2026-01-12 16:29:20,781 - INFO: Evaluating at iteration 49116
2026-01-12 16:29:20,894 - INFO: Loss: 0.162949
2026-01-12 16:29:20,895 - INFO: Training ROC-AUC: 0.970370
2026-01-12 16:29:20,895 - INFO: Validation ROC-AUC: 0.627931
2026-01-12 16:29:47,639 - INFO: Evaluating at iteration 49616
2026-01-12 16:29:47,754 - INFO: Loss: 0.192688
2026-01-12 16:29:47,754 - INFO: Training ROC-AUC: 0.940741
2026-01-12 16:29:47,754 - INFO: Validation ROC-AUC: 0.605009
2026-01-12 16:30:14,648 - INFO: Evaluating at iteration 50116
2026-01-12 16:30:14,759 - INFO: Loss: 0.217317
2026-01-12 16:30:14,759 - INFO: Training ROC-AUC: 0.955128
2026-01-12 16:30:14,759 - INFO: Validation ROC-AUC: 0.615993
2026-01-12 16:30:41,701 - INFO: Evaluating at iteration 50616
2026-01-12 16:30:41,815 - INFO: Loss: 0.143165
2026-01-12 16:30:41,815 - INFO: Training ROC-AUC: 1.000000
2026-01-12 16:30:41,815 - INFO: Validation ROC-AUC: 0.605244
2026-01-12 16:31:08,629 - INFO: Evaluating at iteration 51116
2026-01-12 16:31:08,744 - INFO: Loss: 0.214650
2026-01-12 16:31:08,744 - INFO: Training ROC-AUC: 0.948148
2026-01-12 16:31:08,744 - INFO: Validation ROC-AUC: 0.607980
2026-01-12 16:31:35,779 - INFO: Evaluating at iteration 51616
2026-01-12 16:31:35,893 - INFO: Loss: 0.182259
2026-01-12 16:31:35,893 - INFO: Training ROC-AUC: 0.955556
2026-01-12 16:31:35,893 - INFO: Validation ROC-AUC: 0.611520
2026-01-12 16:31:40,429 - INFO: Starting epoch 21
2026-01-12 16:31:40,485 - INFO: Evaluating at iteration 51701
2026-01-12 16:31:40,599 - INFO: Loss: 0.254444
2026-01-12 16:31:40,599 - INFO: Training ROC-AUC: 0.937198
2026-01-12 16:31:40,599 - INFO: Validation ROC-AUC: 0.610867
2026-01-12 16:32:07,444 - INFO: Evaluating at iteration 52201
2026-01-12 16:32:07,559 - INFO: Loss: 0.185445
2026-01-12 16:32:07,560 - INFO: Training ROC-AUC: 0.866667
2026-01-12 16:32:07,560 - INFO: Validation ROC-AUC: 0.615262
2026-01-12 16:32:34,552 - INFO: Evaluating at iteration 52701
2026-01-12 16:32:34,667 - INFO: Loss: 0.324170
2026-01-12 16:32:34,667 - INFO: Training ROC-AUC: 0.785714
2026-01-12 16:32:34,667 - INFO: Validation ROC-AUC: 0.619879
2026-01-12 16:33:01,412 - INFO: Evaluating at iteration 53201
2026-01-12 16:33:01,527 - INFO: Loss: 0.335996
2026-01-12 16:33:01,527 - INFO: Training ROC-AUC: 0.931429
2026-01-12 16:33:01,528 - INFO: Validation ROC-AUC: 0.607112
2026-01-12 16:33:28,528 - INFO: Evaluating at iteration 53701
2026-01-12 16:33:28,642 - INFO: Loss: 0.126638
2026-01-12 16:33:28,642 - INFO: Training ROC-AUC: 1.000000
2026-01-12 16:33:28,642 - INFO: Validation ROC-AUC: 0.599033
2026-01-12 16:33:55,705 - INFO: Evaluating at iteration 54201
2026-01-12 16:33:55,821 - INFO: Loss: 0.127347
2026-01-12 16:33:55,821 - INFO: Training ROC-AUC: 0.970370
2026-01-12 16:33:55,821 - INFO: Validation ROC-AUC: 0.610475
2026-01-12 16:34:00,386 - INFO: Starting epoch 22
2026-01-12 16:34:00,441 - INFO: Evaluating at iteration 54286
2026-01-12 16:34:00,553 - INFO: Loss: 0.117920
2026-01-12 16:34:00,553 - INFO: Training ROC-AUC: 0.987179
2026-01-12 16:34:00,553 - INFO: Validation ROC-AUC: 0.611990
2026-01-12 16:34:27,628 - INFO: Evaluating at iteration 54786
2026-01-12 16:34:27,743 - INFO: Loss: 0.178296
2026-01-12 16:34:27,743 - INFO: Training ROC-AUC: 0.965714
2026-01-12 16:34:27,743 - INFO: Validation ROC-AUC: 0.611363
2026-01-12 16:34:54,914 - INFO: Evaluating at iteration 55286
2026-01-12 16:34:55,029 - INFO: Loss: 0.192202
2026-01-12 16:34:55,029 - INFO: Training ROC-AUC: 0.960000
2026-01-12 16:34:55,029 - INFO: Validation ROC-AUC: 0.601855
2026-01-12 16:35:22,246 - INFO: Evaluating at iteration 55786
2026-01-12 16:35:22,359 - INFO: Loss: 0.344619
2026-01-12 16:35:22,359 - INFO: Training ROC-AUC: 0.901786
2026-01-12 16:35:22,359 - INFO: Validation ROC-AUC: 0.588251
2026-01-12 16:35:49,439 - INFO: Evaluating at iteration 56286
2026-01-12 16:35:49,553 - INFO: Loss: 0.221054
2026-01-12 16:35:49,554 - INFO: Training ROC-AUC: 0.928571
2026-01-12 16:35:49,554 - INFO: Validation ROC-AUC: 0.602286
2026-01-12 16:36:16,559 - INFO: Evaluating at iteration 56786
2026-01-12 16:36:16,673 - INFO: Loss: 0.126147
2026-01-12 16:36:16,673 - INFO: Training ROC-AUC: 0.987179
2026-01-12 16:36:16,673 - INFO: Validation ROC-AUC: 0.621290
2026-01-12 16:36:21,213 - INFO: Starting epoch 23
2026-01-12 16:36:21,269 - INFO: Evaluating at iteration 56871
2026-01-12 16:36:21,381 - INFO: Loss: 0.125540
2026-01-12 16:36:21,381 - INFO: Training ROC-AUC: 0.988506
2026-01-12 16:36:21,381 - INFO: Validation ROC-AUC: 0.617456
2026-01-12 16:36:48,284 - INFO: Evaluating at iteration 57371
2026-01-12 16:36:48,395 - INFO: Loss: 0.342916
2026-01-12 16:36:48,395 - INFO: Training ROC-AUC: 0.963563
2026-01-12 16:36:48,395 - INFO: Validation ROC-AUC: 0.597590
2026-01-12 16:37:15,646 - INFO: Evaluating at iteration 57871
2026-01-12 16:37:15,760 - INFO: Loss: 0.167327
2026-01-12 16:37:15,760 - INFO: Training ROC-AUC: 0.900000
2026-01-12 16:37:15,760 - INFO: Validation ROC-AUC: 0.605211
2026-01-12 16:37:42,786 - INFO: Evaluating at iteration 58371
2026-01-12 16:37:42,897 - INFO: Loss: 0.070911
2026-01-12 16:37:42,897 - INFO: Training ROC-AUC: 1.000000
2026-01-12 16:37:42,897 - INFO: Validation ROC-AUC: 0.597695
2026-01-12 16:38:09,985 - INFO: Evaluating at iteration 58871
2026-01-12 16:38:10,098 - INFO: Loss: 0.226126
2026-01-12 16:38:10,098 - INFO: Training ROC-AUC: 0.960000
2026-01-12 16:38:10,098 - INFO: Validation ROC-AUC: 0.595977
2026-01-12 16:38:37,048 - INFO: Evaluating at iteration 59371
2026-01-12 16:38:37,163 - INFO: Loss: 0.182582
2026-01-12 16:38:37,163 - INFO: Training ROC-AUC: 0.974359
2026-01-12 16:38:37,163 - INFO: Validation ROC-AUC: 0.602978
2026-01-12 16:38:41,674 - INFO: Starting epoch 24
2026-01-12 16:38:41,728 - INFO: Evaluating at iteration 59456
2026-01-12 16:38:41,845 - INFO: Loss: 0.178026
2026-01-12 16:38:41,845 - INFO: Training ROC-AUC: 0.862069
2026-01-12 16:38:41,845 - INFO: Validation ROC-AUC: 0.594978
2026-01-12 16:39:08,622 - INFO: Evaluating at iteration 59956
2026-01-12 16:39:08,736 - INFO: Loss: 0.158554
2026-01-12 16:39:08,736 - INFO: Training ROC-AUC: 0.977778
2026-01-12 16:39:08,736 - INFO: Validation ROC-AUC: 0.601358
2026-01-12 16:39:35,290 - INFO: Evaluating at iteration 60456
2026-01-12 16:39:35,403 - INFO: Loss: 0.229304
2026-01-12 16:39:35,403 - INFO: Training ROC-AUC: 0.981818
2026-01-12 16:39:35,403 - INFO: Validation ROC-AUC: 0.598537
2026-01-12 16:40:02,360 - INFO: Evaluating at iteration 60956
2026-01-12 16:40:02,473 - INFO: Loss: 0.267578
2026-01-12 16:40:02,474 - INFO: Training ROC-AUC: 0.873563
2026-01-12 16:40:02,474 - INFO: Validation ROC-AUC: 0.590328
2026-01-12 16:40:29,474 - INFO: Evaluating at iteration 61456
2026-01-12 16:40:29,586 - INFO: Loss: 0.144335
2026-01-12 16:40:29,586 - INFO: Training ROC-AUC: 0.987179
2026-01-12 16:40:29,586 - INFO: Validation ROC-AUC: 0.593979
2026-01-12 16:40:56,520 - INFO: Evaluating at iteration 61956
2026-01-12 16:40:56,636 - INFO: Loss: 0.159932
2026-01-12 16:40:56,636 - INFO: Training ROC-AUC: 0.967949
2026-01-12 16:40:56,636 - INFO: Validation ROC-AUC: 0.600150
2026-01-12 16:41:01,151 - INFO: Starting epoch 25
2026-01-12 16:41:01,206 - INFO: Evaluating at iteration 62041
2026-01-12 16:41:01,318 - INFO: Loss: 0.110137
2026-01-12 16:41:01,318 - INFO: Training ROC-AUC: 1.000000
2026-01-12 16:41:01,318 - INFO: Validation ROC-AUC: 0.594096
2026-01-12 16:41:28,224 - INFO: Evaluating at iteration 62541
2026-01-12 16:41:28,337 - INFO: Loss: 0.220469
2026-01-12 16:41:28,337 - INFO: Training ROC-AUC: 0.873563
2026-01-12 16:41:28,337 - INFO: Validation ROC-AUC: 0.597662
2026-01-12 16:41:55,282 - INFO: Evaluating at iteration 63041
2026-01-12 16:41:55,395 - INFO: Loss: 0.206634
2026-01-12 16:41:55,396 - INFO: Training ROC-AUC: 0.923077
2026-01-12 16:41:55,396 - INFO: Validation ROC-AUC: 0.593770
2026-01-12 16:42:22,391 - INFO: Evaluating at iteration 63541
2026-01-12 16:42:22,503 - INFO: Loss: 0.187388
2026-01-12 16:42:22,503 - INFO: Training ROC-AUC: 0.977143
2026-01-12 16:42:22,503 - INFO: Validation ROC-AUC: 0.592973
2026-01-12 16:42:49,362 - INFO: Evaluating at iteration 64041
2026-01-12 16:42:49,478 - INFO: Loss: 0.123604
2026-01-12 16:42:49,478 - INFO: Training ROC-AUC: 0.982143
2026-01-12 16:42:49,478 - INFO: Validation ROC-AUC: 0.599889
2026-01-12 16:43:16,535 - INFO: Evaluating at iteration 64541
2026-01-12 16:43:16,651 - INFO: Loss: 0.202830
2026-01-12 16:43:16,651 - INFO: Training ROC-AUC: 0.955556
2026-01-12 16:43:16,651 - INFO: Validation ROC-AUC: 0.585593
2026-01-12 16:43:21,188 - INFO: Saving model to models/TCRStructMap_pMHC_split_sequence_only/model_1.pt
2026-01-12 16:43:21,214 - INFO: Starting fold 2
2026-01-12 16:43:21,230 - INFO: Initialising model
2026-01-12 16:43:21,253 - INFO: Starting training
2026-01-12 16:43:21,253 - INFO: Starting epoch 1
2026-01-12 16:43:21,315 - INFO: Evaluating at iteration 1
2026-01-12 16:43:21,580 - INFO: Loss: 0.702617
2026-01-12 16:43:21,580 - INFO: Training ROC-AUC: 0.577143
2026-01-12 16:43:21,580 - INFO: Validation ROC-AUC: 0.528910
2026-01-12 16:43:44,455 - INFO: Evaluating at iteration 501
2026-01-12 16:43:44,713 - INFO: Loss: 0.526860
2026-01-12 16:43:44,714 - INFO: Training ROC-AUC: 0.520000
2026-01-12 16:43:44,714 - INFO: Validation ROC-AUC: 0.508827
2026-01-12 16:44:09,792 - INFO: Evaluating at iteration 1001
2026-01-12 16:44:10,051 - INFO: Loss: 0.482898
2026-01-12 16:44:10,052 - INFO: Training ROC-AUC: 0.794286
2026-01-12 16:44:10,052 - INFO: Validation ROC-AUC: 0.492735
2026-01-12 16:44:35,241 - INFO: Evaluating at iteration 1501
2026-01-12 16:44:35,503 - INFO: Loss: 0.419062
2026-01-12 16:44:35,503 - INFO: Training ROC-AUC: 0.681481
2026-01-12 16:44:35,503 - INFO: Validation ROC-AUC: 0.488699
2026-01-12 16:45:00,694 - INFO: Evaluating at iteration 2001
2026-01-12 16:45:00,967 - INFO: Loss: 0.318013
2026-01-12 16:45:00,967 - INFO: Training ROC-AUC: 0.830357
2026-01-12 16:45:00,967 - INFO: Validation ROC-AUC: 0.499126
2026-01-12 16:45:26,188 - INFO: Evaluating at iteration 2501
2026-01-12 16:45:26,447 - INFO: Loss: 0.298608
2026-01-12 16:45:26,447 - INFO: Training ROC-AUC: 0.712644
2026-01-12 16:45:26,447 - INFO: Validation ROC-AUC: 0.502073
2026-01-12 16:45:28,285 - INFO: Starting epoch 2
2026-01-12 16:45:28,337 - INFO: Evaluating at iteration 2538
2026-01-12 16:45:28,605 - INFO: Loss: 0.342011
2026-01-12 16:45:28,605 - INFO: Training ROC-AUC: 0.884615
2026-01-12 16:45:28,605 - INFO: Validation ROC-AUC: 0.499253
2026-01-12 16:45:53,918 - INFO: Evaluating at iteration 3038
2026-01-12 16:45:54,182 - INFO: Loss: 0.446173
2026-01-12 16:45:54,182 - INFO: Training ROC-AUC: 0.756410
2026-01-12 16:45:54,182 - INFO: Validation ROC-AUC: 0.544901
2026-01-12 16:46:19,445 - INFO: Evaluating at iteration 3538
2026-01-12 16:46:19,705 - INFO: Loss: 0.286408
2026-01-12 16:46:19,705 - INFO: Training ROC-AUC: 0.678161
2026-01-12 16:46:19,705 - INFO: Validation ROC-AUC: 0.563854
2026-01-12 16:46:45,070 - INFO: Evaluating at iteration 4038
2026-01-12 16:46:45,337 - INFO: Loss: 0.328741
2026-01-12 16:46:45,337 - INFO: Training ROC-AUC: 0.741071
2026-01-12 16:46:45,337 - INFO: Validation ROC-AUC: 0.593001
2026-01-12 16:47:10,685 - INFO: Evaluating at iteration 4538
2026-01-12 16:47:10,944 - INFO: Loss: 0.126437
2026-01-12 16:47:10,944 - INFO: Training ROC-AUC: 0.967742
2026-01-12 16:47:10,944 - INFO: Validation ROC-AUC: 0.584356
2026-01-12 16:47:36,459 - INFO: Evaluating at iteration 5038
2026-01-12 16:47:36,719 - INFO: Loss: 0.301224
2026-01-12 16:47:36,719 - INFO: Training ROC-AUC: 0.735632
2026-01-12 16:47:36,719 - INFO: Validation ROC-AUC: 0.583261
2026-01-12 16:47:38,565 - INFO: Starting epoch 3
2026-01-12 16:47:38,618 - INFO: Evaluating at iteration 5075
2026-01-12 16:47:38,876 - INFO: Loss: 0.388338
2026-01-12 16:47:38,876 - INFO: Training ROC-AUC: 0.705128
2026-01-12 16:47:38,876 - INFO: Validation ROC-AUC: 0.579174
2026-01-12 16:48:04,421 - INFO: Evaluating at iteration 5575
2026-01-12 16:48:04,680 - INFO: Loss: 0.178876
2026-01-12 16:48:04,680 - INFO: Training ROC-AUC: 0.870968
2026-01-12 16:48:04,680 - INFO: Validation ROC-AUC: 0.598843
2026-01-12 16:48:30,098 - INFO: Evaluating at iteration 6075
2026-01-12 16:48:30,355 - INFO: Loss: 0.196858
2026-01-12 16:48:30,356 - INFO: Training ROC-AUC: 0.966667
2026-01-12 16:48:30,356 - INFO: Validation ROC-AUC: 0.598857
2026-01-12 16:48:55,711 - INFO: Evaluating at iteration 6575
2026-01-12 16:48:55,987 - INFO: Loss: 0.361900
2026-01-12 16:48:55,987 - INFO: Training ROC-AUC: 0.885417
2026-01-12 16:48:55,987 - INFO: Validation ROC-AUC: 0.601679
2026-01-12 16:49:21,025 - INFO: Evaluating at iteration 7075
2026-01-12 16:49:21,286 - INFO: Loss: 0.212507
2026-01-12 16:49:21,286 - INFO: Training ROC-AUC: 0.839080
2026-01-12 16:49:21,286 - INFO: Validation ROC-AUC: 0.602267
2026-01-12 16:49:46,307 - INFO: Evaluating at iteration 7575
2026-01-12 16:49:46,567 - INFO: Loss: 0.280080
2026-01-12 16:49:46,568 - INFO: Training ROC-AUC: 0.925714
2026-01-12 16:49:46,568 - INFO: Validation ROC-AUC: 0.606408
2026-01-12 16:49:48,362 - INFO: Starting epoch 4
2026-01-12 16:49:48,414 - INFO: Evaluating at iteration 7612
2026-01-12 16:49:48,689 - INFO: Loss: 0.268268
2026-01-12 16:49:48,689 - INFO: Training ROC-AUC: 0.948571
2026-01-12 16:49:48,689 - INFO: Validation ROC-AUC: 0.604325
2026-01-12 16:50:13,592 - INFO: Evaluating at iteration 8112
2026-01-12 16:50:13,854 - INFO: Loss: 0.317826
2026-01-12 16:50:13,855 - INFO: Training ROC-AUC: 0.687500
2026-01-12 16:50:13,855 - INFO: Validation ROC-AUC: 0.611920
2026-01-12 16:50:38,669 - INFO: Evaluating at iteration 8612
2026-01-12 16:50:38,930 - INFO: Loss: 0.253692
2026-01-12 16:50:38,930 - INFO: Training ROC-AUC: 0.827586
2026-01-12 16:50:38,930 - INFO: Validation ROC-AUC: 0.609989
2026-01-12 16:51:03,730 - INFO: Evaluating at iteration 9112
2026-01-12 16:51:04,000 - INFO: Loss: 0.475117
2026-01-12 16:51:04,000 - INFO: Training ROC-AUC: 0.703125
2026-01-12 16:51:04,000 - INFO: Validation ROC-AUC: 0.604986
2026-01-12 16:51:28,822 - INFO: Evaluating at iteration 9612
2026-01-12 16:51:29,080 - INFO: Loss: 0.219277
2026-01-12 16:51:29,081 - INFO: Training ROC-AUC: 0.955556
2026-01-12 16:51:29,081 - INFO: Validation ROC-AUC: 0.610436
2026-01-12 16:51:53,865 - INFO: Evaluating at iteration 10112
2026-01-12 16:51:54,125 - INFO: Loss: 0.300110
2026-01-12 16:51:54,125 - INFO: Training ROC-AUC: 0.891429
2026-01-12 16:51:54,125 - INFO: Validation ROC-AUC: 0.615331
2026-01-12 16:51:55,923 - INFO: Starting epoch 5
2026-01-12 16:51:55,974 - INFO: Evaluating at iteration 10149
2026-01-12 16:51:56,236 - INFO: Loss: 0.216571
2026-01-12 16:51:56,236 - INFO: Training ROC-AUC: 0.866071
2026-01-12 16:51:56,236 - INFO: Validation ROC-AUC: 0.618450
2026-01-12 16:52:21,085 - INFO: Evaluating at iteration 10649
2026-01-12 16:52:21,357 - INFO: Loss: 0.215175
2026-01-12 16:52:21,357 - INFO: Training ROC-AUC: 0.900000
2026-01-12 16:52:21,357 - INFO: Validation ROC-AUC: 0.604629
2026-01-12 16:52:45,995 - INFO: Evaluating at iteration 11149
2026-01-12 16:52:46,256 - INFO: Loss: 0.248683
2026-01-12 16:52:46,256 - INFO: Training ROC-AUC: 0.883929
2026-01-12 16:52:46,256 - INFO: Validation ROC-AUC: 0.615863
2026-01-12 16:53:10,871 - INFO: Evaluating at iteration 11649
2026-01-12 16:53:11,140 - INFO: Loss: 0.375114
2026-01-12 16:53:11,140 - INFO: Training ROC-AUC: 0.868571
2026-01-12 16:53:11,140 - INFO: Validation ROC-AUC: 0.617532
2026-01-12 16:53:35,985 - INFO: Evaluating at iteration 12149
2026-01-12 16:53:36,245 - INFO: Loss: 0.209488
2026-01-12 16:53:36,246 - INFO: Training ROC-AUC: 0.883929
2026-01-12 16:53:36,246 - INFO: Validation ROC-AUC: 0.619546
2026-01-12 16:54:01,209 - INFO: Evaluating at iteration 12649
2026-01-12 16:54:01,472 - INFO: Loss: 0.431339
2026-01-12 16:54:01,472 - INFO: Training ROC-AUC: 0.740741
2026-01-12 16:54:01,472 - INFO: Validation ROC-AUC: 0.626545
2026-01-12 16:54:03,275 - INFO: Starting epoch 6
2026-01-12 16:54:03,327 - INFO: Evaluating at iteration 12686
2026-01-12 16:54:03,597 - INFO: Loss: 0.190064
2026-01-12 16:54:03,597 - INFO: Training ROC-AUC: 0.833333
2026-01-12 16:54:03,597 - INFO: Validation ROC-AUC: 0.627130
2026-01-12 16:54:28,505 - INFO: Evaluating at iteration 13186
2026-01-12 16:54:28,765 - INFO: Loss: 0.284031
2026-01-12 16:54:28,766 - INFO: Training ROC-AUC: 0.916667
2026-01-12 16:54:28,766 - INFO: Validation ROC-AUC: 0.618577
2026-01-12 16:54:53,636 - INFO: Evaluating at iteration 13686
2026-01-12 16:54:53,897 - INFO: Loss: 0.219520
2026-01-12 16:54:53,897 - INFO: Training ROC-AUC: 0.931034
2026-01-12 16:54:53,897 - INFO: Validation ROC-AUC: 0.625443
2026-01-12 16:55:18,884 - INFO: Evaluating at iteration 14186
2026-01-12 16:55:19,156 - INFO: Loss: 0.327686
2026-01-12 16:55:19,156 - INFO: Training ROC-AUC: 0.874286
2026-01-12 16:55:19,156 - INFO: Validation ROC-AUC: 0.620604
2026-01-12 16:55:44,125 - INFO: Evaluating at iteration 14686
2026-01-12 16:55:44,391 - INFO: Loss: 0.335263
2026-01-12 16:55:44,391 - INFO: Training ROC-AUC: 0.871795
2026-01-12 16:55:44,391 - INFO: Validation ROC-AUC: 0.632069
2026-01-12 16:56:09,262 - INFO: Evaluating at iteration 15186
2026-01-12 16:56:09,525 - INFO: Loss: 0.436119
2026-01-12 16:56:09,525 - INFO: Training ROC-AUC: 0.817708
2026-01-12 16:56:09,525 - INFO: Validation ROC-AUC: 0.627723
2026-01-12 16:56:11,320 - INFO: Starting epoch 7
2026-01-12 16:56:11,371 - INFO: Evaluating at iteration 15223
2026-01-12 16:56:11,633 - INFO: Loss: 0.347059
2026-01-12 16:56:11,633 - INFO: Training ROC-AUC: 0.642857
2026-01-12 16:56:11,633 - INFO: Validation ROC-AUC: 0.626684
2026-01-12 16:56:36,578 - INFO: Evaluating at iteration 15723
2026-01-12 16:56:36,837 - INFO: Loss: 0.247319
2026-01-12 16:56:36,837 - INFO: Training ROC-AUC: 0.953125
2026-01-12 16:56:36,837 - INFO: Validation ROC-AUC: 0.625959
2026-01-12 16:57:01,783 - INFO: Evaluating at iteration 16223
2026-01-12 16:57:02,051 - INFO: Loss: 0.328684
2026-01-12 16:57:02,051 - INFO: Training ROC-AUC: 0.927536
2026-01-12 16:57:02,051 - INFO: Validation ROC-AUC: 0.627919
2026-01-12 16:57:27,094 - INFO: Evaluating at iteration 16723
2026-01-12 16:57:27,358 - INFO: Loss: 0.413178
2026-01-12 16:57:27,358 - INFO: Training ROC-AUC: 0.782857
2026-01-12 16:57:27,358 - INFO: Validation ROC-AUC: 0.623045
2026-01-12 16:57:52,452 - INFO: Evaluating at iteration 17223
2026-01-12 16:57:52,711 - INFO: Loss: 0.486960
2026-01-12 16:57:52,711 - INFO: Training ROC-AUC: 0.708571
2026-01-12 16:57:52,712 - INFO: Validation ROC-AUC: 0.630066
2026-01-12 16:58:17,847 - INFO: Evaluating at iteration 17723
2026-01-12 16:58:18,113 - INFO: Loss: 0.419994
2026-01-12 16:58:18,113 - INFO: Training ROC-AUC: 0.817143
2026-01-12 16:58:18,113 - INFO: Validation ROC-AUC: 0.629618
2026-01-12 16:58:19,928 - INFO: Starting epoch 8
2026-01-12 16:58:19,981 - INFO: Evaluating at iteration 17760
2026-01-12 16:58:20,241 - INFO: Loss: 0.304543
2026-01-12 16:58:20,241 - INFO: Training ROC-AUC: 0.942308
2026-01-12 16:58:20,241 - INFO: Validation ROC-AUC: 0.625076
2026-01-12 16:58:45,420 - INFO: Evaluating at iteration 18260
2026-01-12 16:58:45,683 - INFO: Loss: 0.318835
2026-01-12 16:58:45,683 - INFO: Training ROC-AUC: 0.916667
2026-01-12 16:58:45,683 - INFO: Validation ROC-AUC: 0.631156
2026-01-12 16:59:10,802 - INFO: Evaluating at iteration 18760
2026-01-12 16:59:11,071 - INFO: Loss: 0.332473
2026-01-12 16:59:11,071 - INFO: Training ROC-AUC: 0.705357
2026-01-12 16:59:11,071 - INFO: Validation ROC-AUC: 0.635053
2026-01-12 16:59:36,150 - INFO: Evaluating at iteration 19260
2026-01-12 16:59:36,414 - INFO: Loss: 0.283316
2026-01-12 16:59:36,414 - INFO: Training ROC-AUC: 0.910256
2026-01-12 16:59:36,414 - INFO: Validation ROC-AUC: 0.624244
2026-01-12 17:00:01,692 - INFO: Evaluating at iteration 19760
2026-01-12 17:00:01,957 - INFO: Loss: 0.164122
2026-01-12 17:00:01,957 - INFO: Training ROC-AUC: 1.000000
2026-01-12 17:00:01,957 - INFO: Validation ROC-AUC: 0.627400
2026-01-12 17:00:27,350 - INFO: Evaluating at iteration 20260
2026-01-12 17:00:27,618 - INFO: Loss: 0.398989
2026-01-12 17:00:27,618 - INFO: Training ROC-AUC: 0.696296
2026-01-12 17:00:27,618 - INFO: Validation ROC-AUC: 0.636277
2026-01-12 17:00:29,446 - INFO: Starting epoch 9
2026-01-12 17:00:29,498 - INFO: Evaluating at iteration 20297
2026-01-12 17:00:29,755 - INFO: Loss: 0.148782
2026-01-12 17:00:29,756 - INFO: Training ROC-AUC: 0.970370
2026-01-12 17:00:29,756 - INFO: Validation ROC-AUC: 0.633596
2026-01-12 17:00:55,027 - INFO: Evaluating at iteration 20797
2026-01-12 17:00:55,289 - INFO: Loss: 0.330919
2026-01-12 17:00:55,289 - INFO: Training ROC-AUC: 0.901042
2026-01-12 17:00:55,289 - INFO: Validation ROC-AUC: 0.625273
2026-01-12 17:01:20,495 - INFO: Evaluating at iteration 21297
2026-01-12 17:01:20,764 - INFO: Loss: 0.278787
2026-01-12 17:01:20,764 - INFO: Training ROC-AUC: 0.767857
2026-01-12 17:01:20,764 - INFO: Validation ROC-AUC: 0.638677
2026-01-12 17:01:46,191 - INFO: Evaluating at iteration 21797
2026-01-12 17:01:46,452 - INFO: Loss: 0.209037
2026-01-12 17:01:46,452 - INFO: Training ROC-AUC: 0.862069
2026-01-12 17:01:46,452 - INFO: Validation ROC-AUC: 0.631529
2026-01-12 17:02:11,720 - INFO: Evaluating at iteration 22297
2026-01-12 17:02:11,989 - INFO: Loss: 0.277599
2026-01-12 17:02:11,989 - INFO: Training ROC-AUC: 0.857143
2026-01-12 17:02:11,989 - INFO: Validation ROC-AUC: 0.637570
2026-01-12 17:02:37,204 - INFO: Evaluating at iteration 22797
2026-01-12 17:02:37,468 - INFO: Loss: 0.259697
2026-01-12 17:02:37,468 - INFO: Training ROC-AUC: 0.896296
2026-01-12 17:02:37,468 - INFO: Validation ROC-AUC: 0.633120
2026-01-12 17:02:39,284 - INFO: Starting epoch 10
2026-01-12 17:02:39,339 - INFO: Evaluating at iteration 22834
2026-01-12 17:02:39,595 - INFO: Loss: 0.248477
2026-01-12 17:02:39,595 - INFO: Training ROC-AUC: 0.666667
2026-01-12 17:02:39,595 - INFO: Validation ROC-AUC: 0.632198
2026-01-12 17:03:04,945 - INFO: Evaluating at iteration 23334
2026-01-12 17:03:05,209 - INFO: Loss: 0.348035
2026-01-12 17:03:05,209 - INFO: Training ROC-AUC: 0.868571
2026-01-12 17:03:05,209 - INFO: Validation ROC-AUC: 0.640922
2026-01-12 17:03:30,648 - INFO: Evaluating at iteration 23834
2026-01-12 17:03:30,916 - INFO: Loss: 0.176723
2026-01-12 17:03:30,916 - INFO: Training ROC-AUC: 0.925926
2026-01-12 17:03:30,916 - INFO: Validation ROC-AUC: 0.635056
2026-01-12 17:03:56,395 - INFO: Evaluating at iteration 24334
2026-01-12 17:03:56,649 - INFO: Loss: 0.310670
2026-01-12 17:03:56,649 - INFO: Training ROC-AUC: 0.868571
2026-01-12 17:03:56,649 - INFO: Validation ROC-AUC: 0.645388
2026-01-12 17:04:21,841 - INFO: Evaluating at iteration 24834
2026-01-12 17:04:22,106 - INFO: Loss: 0.210602
2026-01-12 17:04:22,106 - INFO: Training ROC-AUC: 0.960000
2026-01-12 17:04:22,106 - INFO: Validation ROC-AUC: 0.639191
2026-01-12 17:04:47,355 - INFO: Evaluating at iteration 25334
2026-01-12 17:04:47,615 - INFO: Loss: 0.174440
2026-01-12 17:04:47,615 - INFO: Training ROC-AUC: 0.911111
2026-01-12 17:04:47,615 - INFO: Validation ROC-AUC: 0.625637
2026-01-12 17:04:49,446 - INFO: Starting epoch 11
2026-01-12 17:04:49,499 - INFO: Evaluating at iteration 25371
2026-01-12 17:04:49,759 - INFO: Loss: 0.178350
2026-01-12 17:04:49,760 - INFO: Training ROC-AUC: 0.816667
2026-01-12 17:04:49,760 - INFO: Validation ROC-AUC: 0.624180
2026-01-12 17:05:15,153 - INFO: Evaluating at iteration 25871
2026-01-12 17:05:15,415 - INFO: Loss: 0.186201
2026-01-12 17:05:15,415 - INFO: Training ROC-AUC: 0.933333
2026-01-12 17:05:15,415 - INFO: Validation ROC-AUC: 0.623912
2026-01-12 17:05:40,562 - INFO: Evaluating at iteration 26371
2026-01-12 17:05:40,820 - INFO: Loss: 0.291779
2026-01-12 17:05:40,820 - INFO: Training ROC-AUC: 0.902857
2026-01-12 17:05:40,820 - INFO: Validation ROC-AUC: 0.632093
2026-01-12 17:06:06,160 - INFO: Evaluating at iteration 26871
2026-01-12 17:06:06,416 - INFO: Loss: 0.385658
2026-01-12 17:06:06,416 - INFO: Training ROC-AUC: 0.737179
2026-01-12 17:06:06,417 - INFO: Validation ROC-AUC: 0.632909
2026-01-12 17:06:31,975 - INFO: Evaluating at iteration 27371
2026-01-12 17:06:32,242 - INFO: Loss: 0.115097
2026-01-12 17:06:32,242 - INFO: Training ROC-AUC: 0.992593
2026-01-12 17:06:32,242 - INFO: Validation ROC-AUC: 0.628653
2026-01-12 17:06:57,650 - INFO: Evaluating at iteration 27871
2026-01-12 17:06:57,912 - INFO: Loss: 0.134642
2026-01-12 17:06:57,912 - INFO: Training ROC-AUC: 0.946429
2026-01-12 17:06:57,912 - INFO: Validation ROC-AUC: 0.644598
2026-01-12 17:06:59,738 - INFO: Starting epoch 12
2026-01-12 17:06:59,791 - INFO: Evaluating at iteration 27908
2026-01-12 17:07:00,049 - INFO: Loss: 0.449118
2026-01-12 17:07:00,049 - INFO: Training ROC-AUC: 0.792271
2026-01-12 17:07:00,049 - INFO: Validation ROC-AUC: 0.646053
2026-01-12 17:07:25,630 - INFO: Evaluating at iteration 28408
2026-01-12 17:07:25,902 - INFO: Loss: 0.365590
2026-01-12 17:07:25,902 - INFO: Training ROC-AUC: 0.822222
2026-01-12 17:07:25,902 - INFO: Validation ROC-AUC: 0.641983
2026-01-12 17:07:51,341 - INFO: Evaluating at iteration 28908
2026-01-12 17:07:51,598 - INFO: Loss: 0.319603
2026-01-12 17:07:51,599 - INFO: Training ROC-AUC: 0.858974
2026-01-12 17:07:51,599 - INFO: Validation ROC-AUC: 0.634491
2026-01-12 17:08:17,209 - INFO: Evaluating at iteration 29408
2026-01-12 17:08:17,467 - INFO: Loss: 0.206788
2026-01-12 17:08:17,467 - INFO: Training ROC-AUC: 0.948148
2026-01-12 17:08:17,467 - INFO: Validation ROC-AUC: 0.633882
2026-01-12 17:08:43,041 - INFO: Evaluating at iteration 29908
2026-01-12 17:08:43,299 - INFO: Loss: 0.538601
2026-01-12 17:08:43,300 - INFO: Training ROC-AUC: 0.736364
2026-01-12 17:08:43,300 - INFO: Validation ROC-AUC: 0.639697
2026-01-12 17:09:08,921 - INFO: Evaluating at iteration 30408
2026-01-12 17:09:09,181 - INFO: Loss: 0.306623
2026-01-12 17:09:09,182 - INFO: Training ROC-AUC: 0.916667
2026-01-12 17:09:09,182 - INFO: Validation ROC-AUC: 0.644206
2026-01-12 17:09:11,028 - INFO: Starting epoch 13
2026-01-12 17:09:11,080 - INFO: Evaluating at iteration 30445
2026-01-12 17:09:11,336 - INFO: Loss: 0.277515
2026-01-12 17:09:11,336 - INFO: Training ROC-AUC: 0.942857
2026-01-12 17:09:11,337 - INFO: Validation ROC-AUC: 0.646168
2026-01-12 17:09:36,971 - INFO: Evaluating at iteration 30945
2026-01-12 17:09:37,238 - INFO: Loss: 0.182093
2026-01-12 17:09:37,238 - INFO: Training ROC-AUC: 0.977143
2026-01-12 17:09:37,238 - INFO: Validation ROC-AUC: 0.645464
2026-01-12 17:10:02,845 - INFO: Evaluating at iteration 31445
2026-01-12 17:10:03,107 - INFO: Loss: 0.081623
2026-01-12 17:10:03,108 - INFO: Training ROC-AUC: 1.000000
2026-01-12 17:10:03,108 - INFO: Validation ROC-AUC: 0.636789
2026-01-12 17:10:28,784 - INFO: Evaluating at iteration 31945
2026-01-12 17:10:29,055 - INFO: Loss: 0.492642
2026-01-12 17:10:29,055 - INFO: Training ROC-AUC: 0.855072
2026-01-12 17:10:29,056 - INFO: Validation ROC-AUC: 0.632127
2026-01-12 17:10:54,665 - INFO: Evaluating at iteration 32445
2026-01-12 17:10:54,922 - INFO: Loss: 0.160740
2026-01-12 17:10:54,922 - INFO: Training ROC-AUC: 0.950000
2026-01-12 17:10:54,922 - INFO: Validation ROC-AUC: 0.635300
2026-01-12 17:11:20,523 - INFO: Evaluating at iteration 32945
2026-01-12 17:11:20,795 - INFO: Loss: 0.368517
2026-01-12 17:11:20,795 - INFO: Training ROC-AUC: 0.777778
2026-01-12 17:11:20,795 - INFO: Validation ROC-AUC: 0.647049
2026-01-12 17:11:22,633 - INFO: Starting epoch 14
2026-01-12 17:11:22,685 - INFO: Evaluating at iteration 32982
2026-01-12 17:11:22,946 - INFO: Loss: 0.136613
2026-01-12 17:11:22,946 - INFO: Training ROC-AUC: 1.000000
2026-01-12 17:11:22,946 - INFO: Validation ROC-AUC: 0.640897
2026-01-12 17:11:48,580 - INFO: Evaluating at iteration 33482
2026-01-12 17:11:48,839 - INFO: Loss: 0.346643
2026-01-12 17:11:48,839 - INFO: Training ROC-AUC: 0.845714
2026-01-12 17:11:48,839 - INFO: Validation ROC-AUC: 0.646481
2026-01-12 17:12:14,472 - INFO: Evaluating at iteration 33982
2026-01-12 17:12:14,733 - INFO: Loss: 0.164405
2026-01-12 17:12:14,733 - INFO: Training ROC-AUC: 0.973214
2026-01-12 17:12:14,733 - INFO: Validation ROC-AUC: 0.649423
2026-01-12 17:12:40,442 - INFO: Evaluating at iteration 34482
2026-01-12 17:12:40,713 - INFO: Loss: 0.191658
2026-01-12 17:12:40,713 - INFO: Training ROC-AUC: 0.908046
2026-01-12 17:12:40,713 - INFO: Validation ROC-AUC: 0.634160
2026-01-12 17:13:06,472 - INFO: Evaluating at iteration 34982
2026-01-12 17:13:06,731 - INFO: Loss: 0.308392
2026-01-12 17:13:06,731 - INFO: Training ROC-AUC: 0.903846
2026-01-12 17:13:06,732 - INFO: Validation ROC-AUC: 0.630996
2026-01-12 17:13:32,444 - INFO: Evaluating at iteration 35482
2026-01-12 17:13:32,711 - INFO: Loss: 0.335118
2026-01-12 17:13:32,711 - INFO: Training ROC-AUC: 0.807692
2026-01-12 17:13:32,711 - INFO: Validation ROC-AUC: 0.640363
2026-01-12 17:13:34,580 - INFO: Starting epoch 15
2026-01-12 17:13:34,634 - INFO: Evaluating at iteration 35519
2026-01-12 17:13:34,895 - INFO: Loss: 0.219021
2026-01-12 17:13:34,896 - INFO: Training ROC-AUC: 0.928571
2026-01-12 17:13:34,896 - INFO: Validation ROC-AUC: 0.640318
2026-01-12 17:14:00,741 - INFO: Evaluating at iteration 36019
2026-01-12 17:14:01,000 - INFO: Loss: 0.232034
2026-01-12 17:14:01,000 - INFO: Training ROC-AUC: 0.955556
2026-01-12 17:14:01,000 - INFO: Validation ROC-AUC: 0.631146
2026-01-12 17:14:26,836 - INFO: Evaluating at iteration 36519
2026-01-12 17:14:27,092 - INFO: Loss: 0.189827
2026-01-12 17:14:27,092 - INFO: Training ROC-AUC: 0.978355
2026-01-12 17:14:27,092 - INFO: Validation ROC-AUC: 0.644451
2026-01-12 17:14:52,957 - INFO: Evaluating at iteration 37019
2026-01-12 17:14:53,216 - INFO: Loss: 0.287043
2026-01-12 17:14:53,216 - INFO: Training ROC-AUC: 0.916667
2026-01-12 17:14:53,216 - INFO: Validation ROC-AUC: 0.642430
2026-01-12 17:15:19,118 - INFO: Evaluating at iteration 37519
2026-01-12 17:15:19,375 - INFO: Loss: 0.292092
2026-01-12 17:15:19,376 - INFO: Training ROC-AUC: 0.961538
2026-01-12 17:15:19,376 - INFO: Validation ROC-AUC: 0.642068
2026-01-12 17:15:45,181 - INFO: Evaluating at iteration 38019
2026-01-12 17:15:45,444 - INFO: Loss: 0.511494
2026-01-12 17:15:45,444 - INFO: Training ROC-AUC: 0.708571
2026-01-12 17:15:45,445 - INFO: Validation ROC-AUC: 0.646710
2026-01-12 17:15:47,308 - INFO: Starting epoch 16
2026-01-12 17:15:47,361 - INFO: Evaluating at iteration 38056
2026-01-12 17:15:47,622 - INFO: Loss: 0.192140
2026-01-12 17:15:47,622 - INFO: Training ROC-AUC: 0.955357
2026-01-12 17:15:47,623 - INFO: Validation ROC-AUC: 0.645764
2026-01-12 17:16:13,634 - INFO: Evaluating at iteration 38556
2026-01-12 17:16:13,903 - INFO: Loss: 0.231847
2026-01-12 17:16:13,903 - INFO: Training ROC-AUC: 0.925926
2026-01-12 17:16:13,903 - INFO: Validation ROC-AUC: 0.658449
2026-01-12 17:16:39,816 - INFO: Evaluating at iteration 39056
2026-01-12 17:16:40,074 - INFO: Loss: 0.260127
2026-01-12 17:16:40,074 - INFO: Training ROC-AUC: 0.874074
2026-01-12 17:16:40,074 - INFO: Validation ROC-AUC: 0.649766
2026-01-12 17:17:06,030 - INFO: Evaluating at iteration 39556
2026-01-12 17:17:06,298 - INFO: Loss: 0.148408
2026-01-12 17:17:06,299 - INFO: Training ROC-AUC: 1.000000
2026-01-12 17:17:06,299 - INFO: Validation ROC-AUC: 0.647109
2026-01-12 17:17:32,321 - INFO: Evaluating at iteration 40056
2026-01-12 17:17:32,581 - INFO: Loss: 0.281615
2026-01-12 17:17:32,581 - INFO: Training ROC-AUC: 0.897436
2026-01-12 17:17:32,581 - INFO: Validation ROC-AUC: 0.645906
2026-01-12 17:17:58,665 - INFO: Evaluating at iteration 40556
2026-01-12 17:17:58,923 - INFO: Loss: 0.116079
2026-01-12 17:17:58,923 - INFO: Training ROC-AUC: 0.991071
2026-01-12 17:17:58,923 - INFO: Validation ROC-AUC: 0.641840
2026-01-12 17:18:00,806 - INFO: Starting epoch 17
2026-01-12 17:18:00,860 - INFO: Evaluating at iteration 40593
2026-01-12 17:18:01,119 - INFO: Loss: 0.219215
2026-01-12 17:18:01,119 - INFO: Training ROC-AUC: 0.955556
2026-01-12 17:18:01,119 - INFO: Validation ROC-AUC: 0.641018
2026-01-12 17:18:27,252 - INFO: Evaluating at iteration 41093
2026-01-12 17:18:27,512 - INFO: Loss: 0.307514
2026-01-12 17:18:27,512 - INFO: Training ROC-AUC: 0.871795
2026-01-12 17:18:27,512 - INFO: Validation ROC-AUC: 0.638249
2026-01-12 17:18:53,675 - INFO: Evaluating at iteration 41593
2026-01-12 17:18:53,934 - INFO: Loss: 0.200101
2026-01-12 17:18:53,934 - INFO: Training ROC-AUC: 0.973958
2026-01-12 17:18:53,934 - INFO: Validation ROC-AUC: 0.657898
2026-01-12 17:19:20,106 - INFO: Evaluating at iteration 42093
2026-01-12 17:19:20,366 - INFO: Loss: 0.135291
2026-01-12 17:19:20,366 - INFO: Training ROC-AUC: 1.000000
2026-01-12 17:19:20,366 - INFO: Validation ROC-AUC: 0.640542
2026-01-12 17:19:46,656 - INFO: Evaluating at iteration 42593
2026-01-12 17:19:46,923 - INFO: Loss: 0.306275
2026-01-12 17:19:46,923 - INFO: Training ROC-AUC: 0.814815
2026-01-12 17:19:46,923 - INFO: Validation ROC-AUC: 0.644298
2026-01-12 17:20:13,357 - INFO: Evaluating at iteration 43093
2026-01-12 17:20:13,617 - INFO: Loss: 0.255662
2026-01-12 17:20:13,617 - INFO: Training ROC-AUC: 0.937500
2026-01-12 17:20:13,617 - INFO: Validation ROC-AUC: 0.634358
2026-01-12 17:20:15,520 - INFO: Starting epoch 18
2026-01-12 17:20:15,576 - INFO: Evaluating at iteration 43130
2026-01-12 17:20:15,837 - INFO: Loss: 0.215854
2026-01-12 17:20:15,837 - INFO: Training ROC-AUC: 0.994792
2026-01-12 17:20:15,837 - INFO: Validation ROC-AUC: 0.638604
2026-01-12 17:20:42,302 - INFO: Evaluating at iteration 43630
2026-01-12 17:20:42,571 - INFO: Loss: 0.176369
2026-01-12 17:20:42,571 - INFO: Training ROC-AUC: 0.982143
2026-01-12 17:20:42,571 - INFO: Validation ROC-AUC: 0.635257
2026-01-12 17:21:09,113 - INFO: Evaluating at iteration 44130
2026-01-12 17:21:09,373 - INFO: Loss: 0.202314
2026-01-12 17:21:09,374 - INFO: Training ROC-AUC: 0.918519
2026-01-12 17:21:09,374 - INFO: Validation ROC-AUC: 0.636773
2026-01-12 17:21:36,005 - INFO: Evaluating at iteration 44630
2026-01-12 17:21:36,266 - INFO: Loss: 0.220896
2026-01-12 17:21:36,266 - INFO: Training ROC-AUC: 0.946429
2026-01-12 17:21:36,266 - INFO: Validation ROC-AUC: 0.644769
2026-01-12 17:22:02,860 - INFO: Evaluating at iteration 45130
2026-01-12 17:22:03,117 - INFO: Loss: 0.348912
2026-01-12 17:22:03,118 - INFO: Training ROC-AUC: 0.913636
2026-01-12 17:22:03,118 - INFO: Validation ROC-AUC: 0.643275
2026-01-12 17:22:29,830 - INFO: Evaluating at iteration 45630
2026-01-12 17:22:30,088 - INFO: Loss: 0.133782
2026-01-12 17:22:30,088 - INFO: Training ROC-AUC: 0.991071
2026-01-12 17:22:30,088 - INFO: Validation ROC-AUC: 0.652263
2026-01-12 17:22:32,005 - INFO: Starting epoch 19
2026-01-12 17:22:32,061 - INFO: Evaluating at iteration 45667
2026-01-12 17:22:32,319 - INFO: Loss: 0.133602
2026-01-12 17:22:32,319 - INFO: Training ROC-AUC: 0.985185
2026-01-12 17:22:32,319 - INFO: Validation ROC-AUC: 0.649050
2026-01-12 17:22:59,112 - INFO: Evaluating at iteration 46167
2026-01-12 17:22:59,372 - INFO: Loss: 0.129392
2026-01-12 17:22:59,372 - INFO: Training ROC-AUC: 1.000000
2026-01-12 17:22:59,372 - INFO: Validation ROC-AUC: 0.648875
2026-01-12 17:23:26,271 - INFO: Evaluating at iteration 46667
2026-01-12 17:23:26,541 - INFO: Loss: 0.236173
2026-01-12 17:23:26,541 - INFO: Training ROC-AUC: 0.973958
2026-01-12 17:23:26,541 - INFO: Validation ROC-AUC: 0.634664
2026-01-12 17:23:53,560 - INFO: Evaluating at iteration 47167
2026-01-12 17:23:53,820 - INFO: Loss: 0.144297
2026-01-12 17:23:53,820 - INFO: Training ROC-AUC: 0.995169
2026-01-12 17:23:53,820 - INFO: Validation ROC-AUC: 0.645505
2026-01-12 17:24:20,877 - INFO: Evaluating at iteration 47667
2026-01-12 17:24:21,145 - INFO: Loss: 0.399006
2026-01-12 17:24:21,146 - INFO: Training ROC-AUC: 0.888889
2026-01-12 17:24:21,146 - INFO: Validation ROC-AUC: 0.643828
2026-01-12 17:24:48,225 - INFO: Evaluating at iteration 48167
2026-01-12 17:24:48,485 - INFO: Loss: 0.119510
2026-01-12 17:24:48,485 - INFO: Training ROC-AUC: 0.977778
2026-01-12 17:24:48,485 - INFO: Validation ROC-AUC: 0.646596
2026-01-12 17:24:50,446 - INFO: Starting epoch 20
2026-01-12 17:24:50,502 - INFO: Evaluating at iteration 48204
2026-01-12 17:24:50,759 - INFO: Loss: 0.154753
2026-01-12 17:24:50,759 - INFO: Training ROC-AUC: 0.970370
2026-01-12 17:24:50,759 - INFO: Validation ROC-AUC: 0.643181
2026-01-12 17:25:18,016 - INFO: Evaluating at iteration 48704
2026-01-12 17:25:18,277 - INFO: Loss: 0.227191
2026-01-12 17:25:18,277 - INFO: Training ROC-AUC: 0.954286
2026-01-12 17:25:18,277 - INFO: Validation ROC-AUC: 0.640325
2026-01-12 17:25:45,588 - INFO: Evaluating at iteration 49204
2026-01-12 17:25:45,848 - INFO: Loss: 0.371859
2026-01-12 17:25:45,848 - INFO: Training ROC-AUC: 0.881818
2026-01-12 17:25:45,848 - INFO: Validation ROC-AUC: 0.645101
2026-01-12 17:26:13,245 - INFO: Evaluating at iteration 49704
2026-01-12 17:26:13,505 - INFO: Loss: 0.142920
2026-01-12 17:26:13,505 - INFO: Training ROC-AUC: 0.977778
2026-01-12 17:26:13,505 - INFO: Validation ROC-AUC: 0.638075
2026-01-12 17:26:40,889 - INFO: Evaluating at iteration 50204
2026-01-12 17:26:41,158 - INFO: Loss: 0.153991
2026-01-12 17:26:41,158 - INFO: Training ROC-AUC: 0.965517
2026-01-12 17:26:41,158 - INFO: Validation ROC-AUC: 0.647133
2026-01-12 17:27:08,626 - INFO: Evaluating at iteration 50704
2026-01-12 17:27:08,882 - INFO: Loss: 0.202506
2026-01-12 17:27:08,882 - INFO: Training ROC-AUC: 0.954286
2026-01-12 17:27:08,882 - INFO: Validation ROC-AUC: 0.633217
2026-01-12 17:27:10,862 - INFO: Starting epoch 21
2026-01-12 17:27:10,920 - INFO: Evaluating at iteration 50741
2026-01-12 17:27:11,177 - INFO: Loss: 0.156483
2026-01-12 17:27:11,177 - INFO: Training ROC-AUC: 0.928571
2026-01-12 17:27:11,177 - INFO: Validation ROC-AUC: 0.636496
2026-01-12 17:27:38,831 - INFO: Evaluating at iteration 51241
2026-01-12 17:27:39,104 - INFO: Loss: 0.095264
2026-01-12 17:27:39,104 - INFO: Training ROC-AUC: 0.991071
2026-01-12 17:27:39,104 - INFO: Validation ROC-AUC: 0.636920
2026-01-12 17:28:06,755 - INFO: Evaluating at iteration 51741
2026-01-12 17:28:07,014 - INFO: Loss: 0.195945
2026-01-12 17:28:07,014 - INFO: Training ROC-AUC: 0.931034
2026-01-12 17:28:07,014 - INFO: Validation ROC-AUC: 0.644211
2026-01-12 17:28:34,675 - INFO: Evaluating at iteration 52241
2026-01-12 17:28:34,962 - INFO: Loss: 0.215668
2026-01-12 17:28:34,965 - INFO: Training ROC-AUC: 0.937500
2026-01-12 17:28:34,969 - INFO: Validation ROC-AUC: 0.630706
2026-01-12 17:29:02,689 - INFO: Evaluating at iteration 52741
2026-01-12 17:29:02,964 - INFO: Loss: 0.267260
2026-01-12 17:29:02,964 - INFO: Training ROC-AUC: 0.937143
2026-01-12 17:29:02,965 - INFO: Validation ROC-AUC: 0.630975
2026-01-12 17:29:30,803 - INFO: Evaluating at iteration 53241
2026-01-12 17:29:31,062 - INFO: Loss: 0.103295
2026-01-12 17:29:31,062 - INFO: Training ROC-AUC: 0.977011
2026-01-12 17:29:31,063 - INFO: Validation ROC-AUC: 0.645555
2026-01-12 17:29:33,059 - INFO: Starting epoch 22
2026-01-12 17:29:33,116 - INFO: Evaluating at iteration 53278
2026-01-12 17:29:33,374 - INFO: Loss: 0.131023
2026-01-12 17:29:33,374 - INFO: Training ROC-AUC: 1.000000
2026-01-12 17:29:33,374 - INFO: Validation ROC-AUC: 0.643545
2026-01-12 17:30:01,323 - INFO: Evaluating at iteration 53778
2026-01-12 17:30:01,597 - INFO: Loss: 0.204881
2026-01-12 17:30:01,598 - INFO: Training ROC-AUC: 0.953125
2026-01-12 17:30:01,598 - INFO: Validation ROC-AUC: 0.640343
2026-01-12 17:30:29,602 - INFO: Evaluating at iteration 54278
2026-01-12 17:30:29,860 - INFO: Loss: 0.198915
2026-01-12 17:30:29,861 - INFO: Training ROC-AUC: 0.910714
2026-01-12 17:30:29,861 - INFO: Validation ROC-AUC: 0.640887
2026-01-12 17:30:57,881 - INFO: Evaluating at iteration 54778
2026-01-12 17:30:58,139 - INFO: Loss: 0.142428
2026-01-12 17:30:58,139 - INFO: Training ROC-AUC: 0.931034
2026-01-12 17:30:58,140 - INFO: Validation ROC-AUC: 0.649674
2026-01-12 17:31:26,102 - INFO: Evaluating at iteration 55278
2026-01-12 17:31:26,361 - INFO: Loss: 0.103319
2026-01-12 17:31:26,361 - INFO: Training ROC-AUC: 1.000000
2026-01-12 17:31:26,361 - INFO: Validation ROC-AUC: 0.648358
2026-01-12 17:31:54,320 - INFO: Evaluating at iteration 55778
2026-01-12 17:31:54,587 - INFO: Loss: 0.217792
2026-01-12 17:31:54,587 - INFO: Training ROC-AUC: 0.942308
2026-01-12 17:31:54,587 - INFO: Validation ROC-AUC: 0.636848
2026-01-12 17:31:56,613 - INFO: Starting epoch 23
2026-01-12 17:31:56,671 - INFO: Evaluating at iteration 55815
2026-01-12 17:31:56,930 - INFO: Loss: 0.267581
2026-01-12 17:31:56,930 - INFO: Training ROC-AUC: 0.931429
2026-01-12 17:31:56,930 - INFO: Validation ROC-AUC: 0.633437
2026-01-12 17:32:25,022 - INFO: Evaluating at iteration 56315
2026-01-12 17:32:25,281 - INFO: Loss: 0.315234
2026-01-12 17:32:25,281 - INFO: Training ROC-AUC: 0.878205
2026-01-12 17:32:25,281 - INFO: Validation ROC-AUC: 0.643020
2026-01-12 17:32:53,416 - INFO: Evaluating at iteration 56815
2026-01-12 17:32:53,685 - INFO: Loss: 0.053624
2026-01-12 17:32:53,685 - INFO: Training ROC-AUC: 1.000000
2026-01-12 17:32:53,685 - INFO: Validation ROC-AUC: 0.643088
2026-01-12 17:33:21,752 - INFO: Evaluating at iteration 57315
2026-01-12 17:33:22,009 - INFO: Loss: 0.205789
2026-01-12 17:33:22,009 - INFO: Training ROC-AUC: 0.942308
2026-01-12 17:33:22,009 - INFO: Validation ROC-AUC: 0.647775
2026-01-12 17:33:50,178 - INFO: Evaluating at iteration 57815
2026-01-12 17:33:50,447 - INFO: Loss: 0.142957
2026-01-12 17:33:50,447 - INFO: Training ROC-AUC: 0.982143
2026-01-12 17:33:50,447 - INFO: Validation ROC-AUC: 0.636200
2026-01-12 17:34:18,564 - INFO: Evaluating at iteration 58315
2026-01-12 17:34:18,834 - INFO: Loss: 0.210785
2026-01-12 17:34:18,834 - INFO: Training ROC-AUC: 0.970370
2026-01-12 17:34:18,834 - INFO: Validation ROC-AUC: 0.631572
2026-01-12 17:34:20,859 - INFO: Starting epoch 24
2026-01-12 17:34:20,916 - INFO: Evaluating at iteration 58352
2026-01-12 17:34:21,171 - INFO: Loss: 0.122098
2026-01-12 17:34:21,171 - INFO: Training ROC-AUC: 1.000000
2026-01-12 17:34:21,172 - INFO: Validation ROC-AUC: 0.636420
2026-01-12 17:34:49,258 - INFO: Evaluating at iteration 58852
2026-01-12 17:34:49,525 - INFO: Loss: 0.132955
2026-01-12 17:34:49,525 - INFO: Training ROC-AUC: 1.000000
2026-01-12 17:34:49,525 - INFO: Validation ROC-AUC: 0.641751
2026-01-12 17:35:17,615 - INFO: Evaluating at iteration 59352
2026-01-12 17:35:17,871 - INFO: Loss: 0.124954
2026-01-12 17:35:17,872 - INFO: Training ROC-AUC: 1.000000
2026-01-12 17:35:17,872 - INFO: Validation ROC-AUC: 0.638171
2026-01-12 17:35:46,025 - INFO: Evaluating at iteration 59852
2026-01-12 17:35:46,297 - INFO: Loss: 0.097052
2026-01-12 17:35:46,298 - INFO: Training ROC-AUC: 1.000000
2026-01-12 17:35:46,298 - INFO: Validation ROC-AUC: 0.649391
2026-01-12 17:36:14,373 - INFO: Evaluating at iteration 60352
2026-01-12 17:36:14,629 - INFO: Loss: 0.129865
2026-01-12 17:36:14,629 - INFO: Training ROC-AUC: 1.000000
2026-01-12 17:36:14,630 - INFO: Validation ROC-AUC: 0.633574
2026-01-12 17:36:42,972 - INFO: Evaluating at iteration 60852
2026-01-12 17:36:43,232 - INFO: Loss: 0.280521
2026-01-12 17:36:43,233 - INFO: Training ROC-AUC: 0.918519
2026-01-12 17:36:43,233 - INFO: Validation ROC-AUC: 0.638649
2026-01-12 17:36:45,279 - INFO: Starting epoch 25
2026-01-12 17:36:45,337 - INFO: Evaluating at iteration 60889
2026-01-12 17:36:45,608 - INFO: Loss: 0.289311
2026-01-12 17:36:45,608 - INFO: Training ROC-AUC: 0.885714
2026-01-12 17:36:45,608 - INFO: Validation ROC-AUC: 0.641016
2026-01-12 17:37:13,854 - INFO: Evaluating at iteration 61389
2026-01-12 17:37:14,117 - INFO: Loss: 0.242589
2026-01-12 17:37:14,117 - INFO: Training ROC-AUC: 0.875000
2026-01-12 17:37:14,117 - INFO: Validation ROC-AUC: 0.631811
2026-01-12 17:37:42,408 - INFO: Evaluating at iteration 61889
2026-01-12 17:37:42,665 - INFO: Loss: 0.347890
2026-01-12 17:37:42,665 - INFO: Training ROC-AUC: 0.792593
2026-01-12 17:37:42,665 - INFO: Validation ROC-AUC: 0.642846
2026-01-12 17:38:10,984 - INFO: Evaluating at iteration 62389
2026-01-12 17:38:11,253 - INFO: Loss: 0.337763
2026-01-12 17:38:11,253 - INFO: Training ROC-AUC: 0.951691
2026-01-12 17:38:11,253 - INFO: Validation ROC-AUC: 0.633929
2026-01-12 17:38:39,690 - INFO: Evaluating at iteration 62889
2026-01-12 17:38:39,951 - INFO: Loss: 0.349084
2026-01-12 17:38:39,951 - INFO: Training ROC-AUC: 0.864583
2026-01-12 17:38:39,951 - INFO: Validation ROC-AUC: 0.637411
2026-01-12 17:39:08,508 - INFO: Evaluating at iteration 63389
2026-01-12 17:39:08,773 - INFO: Loss: 0.150327
2026-01-12 17:39:08,773 - INFO: Training ROC-AUC: 0.977778
2026-01-12 17:39:08,773 - INFO: Validation ROC-AUC: 0.638747
2026-01-12 17:39:10,834 - INFO: Saving model to models/TCRStructMap_pMHC_split_sequence_only/model_2.pt
2026-01-12 17:39:10,855 - INFO: Starting fold 3
2026-01-12 17:39:11,338 - INFO: Initialising model
2026-01-12 17:39:11,362 - INFO: Starting training
2026-01-12 17:39:11,363 - INFO: Starting epoch 1
2026-01-12 17:39:11,428 - INFO: Evaluating at iteration 1
2026-01-12 17:39:17,773 - INFO: Loss: 0.685300
2026-01-12 17:39:17,773 - INFO: Training ROC-AUC: 0.532051
2026-01-12 17:39:17,773 - INFO: Validation ROC-AUC: 0.471771
2026-01-12 17:39:38,542 - INFO: Starting epoch 2
2026-01-12 17:39:38,588 - INFO: Evaluating at iteration 457
2026-01-12 17:39:44,947 - INFO: Loss: 0.513336
2026-01-12 17:39:44,947 - INFO: Training ROC-AUC: 0.680000
2026-01-12 17:39:44,947 - INFO: Validation ROC-AUC: 0.441554
2026-01-12 17:40:07,229 - INFO: Starting epoch 3
2026-01-12 17:40:07,279 - INFO: Evaluating at iteration 913
2026-01-12 17:40:13,595 - INFO: Loss: 0.346650
2026-01-12 17:40:13,595 - INFO: Training ROC-AUC: 0.814815
2026-01-12 17:40:13,595 - INFO: Validation ROC-AUC: 0.435723
2026-01-12 17:40:36,066 - INFO: Starting epoch 4
2026-01-12 17:40:36,116 - INFO: Evaluating at iteration 1369
2026-01-12 17:40:42,437 - INFO: Loss: 0.229900
2026-01-12 17:40:42,437 - INFO: Training ROC-AUC: 0.916667
2026-01-12 17:40:42,437 - INFO: Validation ROC-AUC: 0.432212
2026-01-12 17:41:04,948 - INFO: Starting epoch 5
2026-01-12 17:41:04,997 - INFO: Evaluating at iteration 1825
2026-01-12 17:41:11,347 - INFO: Loss: 0.209208
2026-01-12 17:41:11,347 - INFO: Training ROC-AUC: 0.950000
2026-01-12 17:41:11,347 - INFO: Validation ROC-AUC: 0.429438
2026-01-12 17:41:34,017 - INFO: Starting epoch 6
2026-01-12 17:41:34,067 - INFO: Evaluating at iteration 2281
2026-01-12 17:41:40,412 - INFO: Loss: 0.211139
2026-01-12 17:41:40,412 - INFO: Training ROC-AUC: 0.900000
2026-01-12 17:41:40,412 - INFO: Validation ROC-AUC: 0.427295
2026-01-12 17:42:03,135 - INFO: Starting epoch 7
2026-01-12 17:42:03,189 - INFO: Evaluating at iteration 2737
2026-01-12 17:42:09,508 - INFO: Loss: 0.441607
2026-01-12 17:42:09,508 - INFO: Training ROC-AUC: 0.828125
2026-01-12 17:42:09,508 - INFO: Validation ROC-AUC: 0.425852
2026-01-12 17:42:32,278 - INFO: Starting epoch 8
2026-01-12 17:42:32,328 - INFO: Evaluating at iteration 3193
2026-01-12 17:42:38,688 - INFO: Loss: 0.324809
2026-01-12 17:42:38,688 - INFO: Training ROC-AUC: 0.891026
2026-01-12 17:42:38,688 - INFO: Validation ROC-AUC: 0.425259
2026-01-12 17:43:01,420 - INFO: Starting epoch 9
2026-01-12 17:43:01,474 - INFO: Evaluating at iteration 3649
2026-01-12 17:43:07,839 - INFO: Loss: 0.320195
2026-01-12 17:43:07,839 - INFO: Training ROC-AUC: 0.767857
2026-01-12 17:43:07,839 - INFO: Validation ROC-AUC: 0.424330
2026-01-12 17:43:30,707 - INFO: Starting epoch 10
2026-01-12 17:43:30,757 - INFO: Evaluating at iteration 4105
2026-01-12 17:43:37,127 - INFO: Loss: 0.442041
2026-01-12 17:43:37,127 - INFO: Training ROC-AUC: 0.705128
2026-01-12 17:43:37,127 - INFO: Validation ROC-AUC: 0.423983
2026-01-12 17:43:59,963 - INFO: Starting epoch 11
2026-01-12 17:44:00,014 - INFO: Evaluating at iteration 4561
2026-01-12 17:44:06,317 - INFO: Loss: 0.281601
2026-01-12 17:44:06,317 - INFO: Training ROC-AUC: 0.883929
2026-01-12 17:44:06,317 - INFO: Validation ROC-AUC: 0.423207
2026-01-12 17:44:29,243 - INFO: Starting epoch 12
2026-01-12 17:44:29,294 - INFO: Evaluating at iteration 5017
2026-01-12 17:44:35,644 - INFO: Loss: 0.340087
2026-01-12 17:44:35,644 - INFO: Training ROC-AUC: 0.880000
2026-01-12 17:44:35,644 - INFO: Validation ROC-AUC: 0.423561
2026-01-12 17:44:58,548 - INFO: Starting epoch 13
2026-01-12 17:44:58,599 - INFO: Evaluating at iteration 5473
2026-01-12 17:45:04,974 - INFO: Loss: 0.179451
2026-01-12 17:45:04,974 - INFO: Training ROC-AUC: 0.977011
2026-01-12 17:45:04,974 - INFO: Validation ROC-AUC: 0.423202
2026-01-12 17:45:27,970 - INFO: Starting epoch 14
2026-01-12 17:45:28,020 - INFO: Evaluating at iteration 5929
2026-01-12 17:45:34,395 - INFO: Loss: 0.413082
2026-01-12 17:45:34,395 - INFO: Training ROC-AUC: 0.851429
2026-01-12 17:45:34,395 - INFO: Validation ROC-AUC: 0.422468
2026-01-12 17:45:57,329 - INFO: Starting epoch 15
2026-01-12 17:45:57,380 - INFO: Evaluating at iteration 6385
2026-01-12 17:46:03,789 - INFO: Loss: 0.315450
2026-01-12 17:46:03,789 - INFO: Training ROC-AUC: 0.803571
2026-01-12 17:46:03,789 - INFO: Validation ROC-AUC: 0.421804
2026-01-12 17:46:26,802 - INFO: Starting epoch 16
2026-01-12 17:46:26,852 - INFO: Evaluating at iteration 6841
2026-01-12 17:46:33,232 - INFO: Loss: 0.317610
2026-01-12 17:46:33,233 - INFO: Training ROC-AUC: 0.881481
2026-01-12 17:46:33,233 - INFO: Validation ROC-AUC: 0.422036
2026-01-12 17:46:56,221 - INFO: Starting epoch 17
2026-01-12 17:46:56,273 - INFO: Evaluating at iteration 7297
2026-01-12 17:47:02,578 - INFO: Loss: 0.175617
2026-01-12 17:47:02,578 - INFO: Training ROC-AUC: 0.967742
2026-01-12 17:47:02,578 - INFO: Validation ROC-AUC: 0.421277
2026-01-12 17:47:25,518 - INFO: Starting epoch 18
2026-01-12 17:47:25,569 - INFO: Evaluating at iteration 7753
2026-01-12 17:47:31,979 - INFO: Loss: 0.407547
2026-01-12 17:47:31,979 - INFO: Training ROC-AUC: 0.869565
2026-01-12 17:47:31,979 - INFO: Validation ROC-AUC: 0.420220
2026-01-12 17:47:54,928 - INFO: Starting epoch 19
2026-01-12 17:47:54,979 - INFO: Evaluating at iteration 8209
2026-01-12 17:48:01,282 - INFO: Loss: 0.230249
2026-01-12 17:48:01,283 - INFO: Training ROC-AUC: 0.931034
2026-01-12 17:48:01,283 - INFO: Validation ROC-AUC: 0.419157
2026-01-12 17:48:24,243 - INFO: Starting epoch 20
2026-01-12 17:48:24,294 - INFO: Evaluating at iteration 8665
2026-01-12 17:48:30,605 - INFO: Loss: 0.156618
2026-01-12 17:48:30,605 - INFO: Training ROC-AUC: 0.870968
2026-01-12 17:48:30,605 - INFO: Validation ROC-AUC: 0.419030
2026-01-12 17:48:53,585 - INFO: Starting epoch 21
2026-01-12 17:48:53,637 - INFO: Evaluating at iteration 9121
2026-01-12 17:48:59,972 - INFO: Loss: 0.294672
2026-01-12 17:48:59,972 - INFO: Training ROC-AUC: 0.812500
2026-01-12 17:48:59,972 - INFO: Validation ROC-AUC: 0.417429
2026-01-12 17:49:22,949 - INFO: Starting epoch 22
2026-01-12 17:49:22,999 - INFO: Evaluating at iteration 9577
2026-01-12 17:49:29,361 - INFO: Loss: 0.245513
2026-01-12 17:49:29,361 - INFO: Training ROC-AUC: 0.928571
2026-01-12 17:49:29,361 - INFO: Validation ROC-AUC: 0.419068
2026-01-12 17:49:52,419 - INFO: Starting epoch 23
2026-01-12 17:49:52,470 - INFO: Evaluating at iteration 10033
2026-01-12 17:49:58,843 - INFO: Loss: 0.378973
2026-01-12 17:49:58,844 - INFO: Training ROC-AUC: 0.897143
2026-01-12 17:49:58,844 - INFO: Validation ROC-AUC: 0.418826
2026-01-12 17:50:21,850 - INFO: Starting epoch 24
2026-01-12 17:50:21,901 - INFO: Evaluating at iteration 10489
2026-01-12 17:50:28,226 - INFO: Loss: 0.388267
2026-01-12 17:50:28,226 - INFO: Training ROC-AUC: 0.732143
2026-01-12 17:50:28,226 - INFO: Validation ROC-AUC: 0.416621
2026-01-12 17:50:51,344 - INFO: Starting epoch 25
2026-01-12 17:50:51,397 - INFO: Evaluating at iteration 10945
2026-01-12 17:50:57,739 - INFO: Loss: 0.269302
2026-01-12 17:50:57,739 - INFO: Training ROC-AUC: 0.881481
2026-01-12 17:50:57,739 - INFO: Validation ROC-AUC: 0.418841
2026-01-12 17:51:20,815 - INFO: Saving model to models/TCRStructMap_pMHC_split_sequence_only/model_3.pt
2026-01-12 17:51:20,836 - INFO: Starting fold 4
2026-01-12 17:51:20,887 - INFO: Initialising model
2026-01-12 17:51:20,911 - INFO: Starting training
2026-01-12 17:51:20,912 - INFO: Starting epoch 1
2026-01-12 17:51:20,966 - INFO: Evaluating at iteration 1
2026-01-12 17:51:21,582 - INFO: Loss: 0.673937
2026-01-12 17:51:21,582 - INFO: Training ROC-AUC: 0.783333
2026-01-12 17:51:21,582 - INFO: Validation ROC-AUC: 0.442878
2026-01-12 17:51:44,420 - INFO: Evaluating at iteration 501
2026-01-12 17:51:45,024 - INFO: Loss: 0.591970
2026-01-12 17:51:45,024 - INFO: Training ROC-AUC: 0.682292
2026-01-12 17:51:45,024 - INFO: Validation ROC-AUC: 0.302770
2026-01-12 17:52:09,847 - INFO: Evaluating at iteration 1001
2026-01-12 17:52:10,481 - INFO: Loss: 0.472191
2026-01-12 17:52:10,481 - INFO: Training ROC-AUC: 0.705128
2026-01-12 17:52:10,481 - INFO: Validation ROC-AUC: 0.299103
2026-01-12 17:52:35,454 - INFO: Evaluating at iteration 1501
2026-01-12 17:52:36,066 - INFO: Loss: 0.457744
2026-01-12 17:52:36,066 - INFO: Training ROC-AUC: 0.487179
2026-01-12 17:52:36,067 - INFO: Validation ROC-AUC: 0.279571
2026-01-12 17:53:01,037 - INFO: Evaluating at iteration 2001
2026-01-12 17:53:01,670 - INFO: Loss: 0.370665
2026-01-12 17:53:01,671 - INFO: Training ROC-AUC: 0.833333
2026-01-12 17:53:01,671 - INFO: Validation ROC-AUC: 0.281702
2026-01-12 17:53:22,557 - INFO: Starting epoch 2
2026-01-12 17:53:22,609 - INFO: Evaluating at iteration 2419
2026-01-12 17:53:23,211 - INFO: Loss: 0.384628
2026-01-12 17:53:23,211 - INFO: Training ROC-AUC: 0.696429
2026-01-12 17:53:23,211 - INFO: Validation ROC-AUC: 0.590989
2026-01-12 17:53:48,303 - INFO: Evaluating at iteration 2919
2026-01-12 17:53:48,935 - INFO: Loss: 0.493665
2026-01-12 17:53:48,935 - INFO: Training ROC-AUC: 0.802083
2026-01-12 17:53:48,935 - INFO: Validation ROC-AUC: 0.593074
2026-01-12 17:54:14,077 - INFO: Evaluating at iteration 3419
2026-01-12 17:54:14,722 - INFO: Loss: 0.381184
2026-01-12 17:54:14,723 - INFO: Training ROC-AUC: 0.517857
2026-01-12 17:54:14,723 - INFO: Validation ROC-AUC: 0.573711
2026-01-12 17:54:39,906 - INFO: Evaluating at iteration 3919
2026-01-12 17:54:40,508 - INFO: Loss: 0.562371
2026-01-12 17:54:40,508 - INFO: Training ROC-AUC: 0.822727
2026-01-12 17:54:40,509 - INFO: Validation ROC-AUC: 0.551740
2026-01-12 17:55:05,748 - INFO: Evaluating at iteration 4419
2026-01-12 17:55:06,390 - INFO: Loss: 0.290111
2026-01-12 17:55:06,390 - INFO: Training ROC-AUC: 0.830357
2026-01-12 17:55:06,390 - INFO: Validation ROC-AUC: 0.554941
2026-01-12 17:55:27,438 - INFO: Starting epoch 3
2026-01-12 17:55:27,490 - INFO: Evaluating at iteration 4837
2026-01-12 17:55:28,096 - INFO: Loss: 0.335600
2026-01-12 17:55:28,096 - INFO: Training ROC-AUC: 0.937500
2026-01-12 17:55:28,096 - INFO: Validation ROC-AUC: 0.546342
2026-01-12 17:55:53,324 - INFO: Evaluating at iteration 5337
2026-01-12 17:55:53,931 - INFO: Loss: 0.254682
2026-01-12 17:55:53,931 - INFO: Training ROC-AUC: 0.793103
2026-01-12 17:55:53,931 - INFO: Validation ROC-AUC: 0.573984
2026-01-12 17:56:19,161 - INFO: Evaluating at iteration 5837
2026-01-12 17:56:19,785 - INFO: Loss: 0.390862
2026-01-12 17:56:19,785 - INFO: Training ROC-AUC: 0.751852
2026-01-12 17:56:19,785 - INFO: Validation ROC-AUC: 0.585251
2026-01-12 17:56:45,004 - INFO: Evaluating at iteration 6337
2026-01-12 17:56:45,624 - INFO: Loss: 0.305834
2026-01-12 17:56:45,624 - INFO: Training ROC-AUC: 0.844444
2026-01-12 17:56:45,624 - INFO: Validation ROC-AUC: 0.582389
2026-01-12 17:57:10,866 - INFO: Evaluating at iteration 6837
2026-01-12 17:57:11,488 - INFO: Loss: 0.296545
2026-01-12 17:57:11,488 - INFO: Training ROC-AUC: 0.929487
2026-01-12 17:57:11,488 - INFO: Validation ROC-AUC: 0.580098
2026-01-12 17:57:32,535 - INFO: Starting epoch 4
2026-01-12 17:57:32,588 - INFO: Evaluating at iteration 7255
2026-01-12 17:57:33,220 - INFO: Loss: 0.451044
2026-01-12 17:57:33,220 - INFO: Training ROC-AUC: 0.857143
2026-01-12 17:57:33,220 - INFO: Validation ROC-AUC: 0.580835
2026-01-12 17:57:58,538 - INFO: Evaluating at iteration 7755
2026-01-12 17:57:59,139 - INFO: Loss: 0.265672
2026-01-12 17:57:59,140 - INFO: Training ROC-AUC: 0.911111
2026-01-12 17:57:59,140 - INFO: Validation ROC-AUC: 0.592288
2026-01-12 17:58:24,489 - INFO: Evaluating at iteration 8255
2026-01-12 17:58:25,129 - INFO: Loss: 0.256156
2026-01-12 17:58:25,129 - INFO: Training ROC-AUC: 0.948718
2026-01-12 17:58:25,129 - INFO: Validation ROC-AUC: 0.615906
2026-01-12 17:58:50,497 - INFO: Evaluating at iteration 8755
2026-01-12 17:58:51,126 - INFO: Loss: 0.296472
2026-01-12 17:58:51,127 - INFO: Training ROC-AUC: 0.852564
2026-01-12 17:58:51,127 - INFO: Validation ROC-AUC: 0.613345
2026-01-12 17:59:16,446 - INFO: Evaluating at iteration 9255
2026-01-12 17:59:17,060 - INFO: Loss: 0.281508
2026-01-12 17:59:17,060 - INFO: Training ROC-AUC: 0.866667
2026-01-12 17:59:17,060 - INFO: Validation ROC-AUC: 0.612179
2026-01-12 17:59:38,265 - INFO: Starting epoch 5
2026-01-12 17:59:38,318 - INFO: Evaluating at iteration 9673
2026-01-12 17:59:38,964 - INFO: Loss: 0.310383
2026-01-12 17:59:38,964 - INFO: Training ROC-AUC: 0.733333
2026-01-12 17:59:38,964 - INFO: Validation ROC-AUC: 0.620341
2026-01-12 18:00:04,393 - INFO: Evaluating at iteration 10173
2026-01-12 18:00:04,998 - INFO: Loss: 0.404409
2026-01-12 18:00:04,998 - INFO: Training ROC-AUC: 0.669643
2026-01-12 18:00:04,998 - INFO: Validation ROC-AUC: 0.630079
2026-01-12 18:00:30,464 - INFO: Evaluating at iteration 10673
2026-01-12 18:00:31,094 - INFO: Loss: 0.179520
2026-01-12 18:00:31,094 - INFO: Training ROC-AUC: 0.816667
2026-01-12 18:00:31,094 - INFO: Validation ROC-AUC: 0.609761
2026-01-12 18:00:56,480 - INFO: Evaluating at iteration 11173
2026-01-12 18:00:57,083 - INFO: Loss: 0.383978
2026-01-12 18:00:57,084 - INFO: Training ROC-AUC: 0.769231
2026-01-12 18:00:57,084 - INFO: Validation ROC-AUC: 0.627725
2026-01-12 18:01:22,333 - INFO: Evaluating at iteration 11673
2026-01-12 18:01:22,961 - INFO: Loss: 0.463731
2026-01-12 18:01:22,962 - INFO: Training ROC-AUC: 0.685897
2026-01-12 18:01:22,962 - INFO: Validation ROC-AUC: 0.651263
2026-01-12 18:01:43,925 - INFO: Starting epoch 6
2026-01-12 18:01:43,977 - INFO: Evaluating at iteration 12091
2026-01-12 18:01:44,603 - INFO: Loss: 0.322005
2026-01-12 18:01:44,603 - INFO: Training ROC-AUC: 0.723214
2026-01-12 18:01:44,603 - INFO: Validation ROC-AUC: 0.639432
2026-01-12 18:02:09,757 - INFO: Evaluating at iteration 12591
2026-01-12 18:02:10,351 - INFO: Loss: 0.516374
2026-01-12 18:02:10,352 - INFO: Training ROC-AUC: 0.750000
2026-01-12 18:02:10,352 - INFO: Validation ROC-AUC: 0.646730
2026-01-12 18:02:35,526 - INFO: Evaluating at iteration 13091
2026-01-12 18:02:36,137 - INFO: Loss: 0.274054
2026-01-12 18:02:36,138 - INFO: Training ROC-AUC: 0.600000
2026-01-12 18:02:36,138 - INFO: Validation ROC-AUC: 0.641927
2026-01-12 18:03:01,180 - INFO: Evaluating at iteration 13591
2026-01-12 18:03:01,774 - INFO: Loss: 0.246236
2026-01-12 18:03:01,774 - INFO: Training ROC-AUC: 0.961538
2026-01-12 18:03:01,774 - INFO: Validation ROC-AUC: 0.647643
2026-01-12 18:03:26,827 - INFO: Evaluating at iteration 14091
2026-01-12 18:03:27,457 - INFO: Loss: 0.054423
2026-01-12 18:03:27,457 - INFO: Training ROC-AUC: 1.000000
2026-01-12 18:03:27,457 - INFO: Validation ROC-AUC: 0.641004
2026-01-12 18:03:48,458 - INFO: Starting epoch 7
2026-01-12 18:03:48,516 - INFO: Evaluating at iteration 14509
2026-01-12 18:03:49,139 - INFO: Loss: 0.214031
2026-01-12 18:03:49,139 - INFO: Training ROC-AUC: 0.966184
2026-01-12 18:03:49,140 - INFO: Validation ROC-AUC: 0.648827
2026-01-12 18:04:14,211 - INFO: Evaluating at iteration 15009
2026-01-12 18:04:14,815 - INFO: Loss: 0.352145
2026-01-12 18:04:14,815 - INFO: Training ROC-AUC: 0.833333
2026-01-12 18:04:14,815 - INFO: Validation ROC-AUC: 0.658297
2026-01-12 18:04:39,939 - INFO: Evaluating at iteration 15509
2026-01-12 18:04:40,576 - INFO: Loss: 0.219953
2026-01-12 18:04:40,577 - INFO: Training ROC-AUC: 0.896552
2026-01-12 18:04:40,577 - INFO: Validation ROC-AUC: 0.653523
2026-01-12 18:05:05,711 - INFO: Evaluating at iteration 16009
2026-01-12 18:05:06,335 - INFO: Loss: 0.270816
2026-01-12 18:05:06,336 - INFO: Training ROC-AUC: 0.932367
2026-01-12 18:05:06,336 - INFO: Validation ROC-AUC: 0.643144
2026-01-12 18:05:31,507 - INFO: Evaluating at iteration 16509
2026-01-12 18:05:32,147 - INFO: Loss: 0.261325
2026-01-12 18:05:32,148 - INFO: Training ROC-AUC: 0.937143
2026-01-12 18:05:32,148 - INFO: Validation ROC-AUC: 0.642375
2026-01-12 18:05:53,115 - INFO: Starting epoch 8
2026-01-12 18:05:53,170 - INFO: Evaluating at iteration 16927
2026-01-12 18:05:53,772 - INFO: Loss: 0.311042
2026-01-12 18:05:53,772 - INFO: Training ROC-AUC: 0.859259
2026-01-12 18:05:53,772 - INFO: Validation ROC-AUC: 0.642163
2026-01-12 18:06:18,982 - INFO: Evaluating at iteration 17427
2026-01-12 18:06:19,613 - INFO: Loss: 0.415935
2026-01-12 18:06:19,613 - INFO: Training ROC-AUC: 0.881818
2026-01-12 18:06:19,613 - INFO: Validation ROC-AUC: 0.644464
2026-01-12 18:06:44,707 - INFO: Evaluating at iteration 17927
2026-01-12 18:06:45,341 - INFO: Loss: 0.129512
2026-01-12 18:06:45,341 - INFO: Training ROC-AUC: 0.977011
2026-01-12 18:06:45,341 - INFO: Validation ROC-AUC: 0.648111
2026-01-12 18:07:10,719 - INFO: Evaluating at iteration 18427
2026-01-12 18:07:11,324 - INFO: Loss: 0.316486
2026-01-12 18:07:11,324 - INFO: Training ROC-AUC: 0.678161
2026-01-12 18:07:11,324 - INFO: Validation ROC-AUC: 0.645633
2026-01-12 18:07:36,588 - INFO: Evaluating at iteration 18927
2026-01-12 18:07:37,207 - INFO: Loss: 0.201858
2026-01-12 18:07:37,207 - INFO: Training ROC-AUC: 0.966667
2026-01-12 18:07:37,207 - INFO: Validation ROC-AUC: 0.646773
2026-01-12 18:07:58,274 - INFO: Starting epoch 9
2026-01-12 18:07:58,326 - INFO: Evaluating at iteration 19345
2026-01-12 18:07:58,939 - INFO: Loss: 0.282568
2026-01-12 18:07:58,940 - INFO: Training ROC-AUC: 0.923077
2026-01-12 18:07:58,940 - INFO: Validation ROC-AUC: 0.646348
2026-01-12 18:08:24,279 - INFO: Evaluating at iteration 19845
2026-01-12 18:08:24,907 - INFO: Loss: 0.255449
2026-01-12 18:08:24,907 - INFO: Training ROC-AUC: 0.910714
2026-01-12 18:08:24,907 - INFO: Validation ROC-AUC: 0.637176
2026-01-12 18:08:50,212 - INFO: Evaluating at iteration 20345
2026-01-12 18:08:50,850 - INFO: Loss: 0.183129
2026-01-12 18:08:50,850 - INFO: Training ROC-AUC: 0.908046
2026-01-12 18:08:50,850 - INFO: Validation ROC-AUC: 0.646758
2026-01-12 18:09:16,001 - INFO: Evaluating at iteration 20845
2026-01-12 18:09:16,624 - INFO: Loss: 0.228366
2026-01-12 18:09:16,624 - INFO: Training ROC-AUC: 0.940741
2026-01-12 18:09:16,624 - INFO: Validation ROC-AUC: 0.635698
2026-01-12 18:09:41,834 - INFO: Evaluating at iteration 21345
2026-01-12 18:09:42,459 - INFO: Loss: 0.376915
2026-01-12 18:09:42,459 - INFO: Training ROC-AUC: 0.911458
2026-01-12 18:09:42,459 - INFO: Validation ROC-AUC: 0.646040
2026-01-12 18:10:03,540 - INFO: Starting epoch 10
2026-01-12 18:10:03,592 - INFO: Evaluating at iteration 21763
2026-01-12 18:10:04,229 - INFO: Loss: 0.145859
2026-01-12 18:10:04,229 - INFO: Training ROC-AUC: 0.974359
2026-01-12 18:10:04,230 - INFO: Validation ROC-AUC: 0.640996
2026-01-12 18:10:29,589 - INFO: Evaluating at iteration 22263
2026-01-12 18:10:30,200 - INFO: Loss: 0.464492
2026-01-12 18:10:30,200 - INFO: Training ROC-AUC: 0.562963
2026-01-12 18:10:30,200 - INFO: Validation ROC-AUC: 0.644581
2026-01-12 18:10:55,535 - INFO: Evaluating at iteration 22763
2026-01-12 18:10:56,164 - INFO: Loss: 0.243581
2026-01-12 18:10:56,164 - INFO: Training ROC-AUC: 0.955128
2026-01-12 18:10:56,164 - INFO: Validation ROC-AUC: 0.638366
2026-01-12 18:11:21,625 - INFO: Evaluating at iteration 23263
2026-01-12 18:11:22,228 - INFO: Loss: 0.217063
2026-01-12 18:11:22,228 - INFO: Training ROC-AUC: 0.961538
2026-01-12 18:11:22,228 - INFO: Validation ROC-AUC: 0.644584
2026-01-12 18:11:47,496 - INFO: Evaluating at iteration 23763
2026-01-12 18:11:48,134 - INFO: Loss: 0.379530
2026-01-12 18:11:48,135 - INFO: Training ROC-AUC: 0.918182
2026-01-12 18:11:48,135 - INFO: Validation ROC-AUC: 0.654004
2026-01-12 18:12:09,212 - INFO: Starting epoch 11
2026-01-12 18:12:09,264 - INFO: Evaluating at iteration 24181
2026-01-12 18:12:09,883 - INFO: Loss: 0.178454
2026-01-12 18:12:09,884 - INFO: Training ROC-AUC: 0.987179
2026-01-12 18:12:09,884 - INFO: Validation ROC-AUC: 0.652819
2026-01-12 18:12:35,408 - INFO: Evaluating at iteration 24681
2026-01-12 18:12:36,015 - INFO: Loss: 0.316803
2026-01-12 18:12:36,015 - INFO: Training ROC-AUC: 0.891429
2026-01-12 18:12:36,015 - INFO: Validation ROC-AUC: 0.655995
2026-01-12 18:13:01,555 - INFO: Evaluating at iteration 25181
2026-01-12 18:13:02,182 - INFO: Loss: 0.209435
2026-01-12 18:13:02,182 - INFO: Training ROC-AUC: 0.965714
2026-01-12 18:13:02,182 - INFO: Validation ROC-AUC: 0.658628
2026-01-12 18:13:27,671 - INFO: Evaluating at iteration 25681
2026-01-12 18:13:28,277 - INFO: Loss: 0.354152
2026-01-12 18:13:28,277 - INFO: Training ROC-AUC: 0.732143
2026-01-12 18:13:28,277 - INFO: Validation ROC-AUC: 0.656397
2026-01-12 18:13:53,621 - INFO: Evaluating at iteration 26181
2026-01-12 18:13:54,235 - INFO: Loss: 0.244201
2026-01-12 18:13:54,235 - INFO: Training ROC-AUC: 0.955128
2026-01-12 18:13:54,235 - INFO: Validation ROC-AUC: 0.651421
2026-01-12 18:14:15,368 - INFO: Starting epoch 12
2026-01-12 18:14:15,421 - INFO: Evaluating at iteration 26599
2026-01-12 18:14:16,059 - INFO: Loss: 0.079473
2026-01-12 18:14:16,059 - INFO: Training ROC-AUC: 1.000000
2026-01-12 18:14:16,059 - INFO: Validation ROC-AUC: 0.643986
2026-01-12 18:14:41,401 - INFO: Evaluating at iteration 27099
2026-01-12 18:14:42,022 - INFO: Loss: 0.242519
2026-01-12 18:14:42,022 - INFO: Training ROC-AUC: 0.940741
2026-01-12 18:14:42,022 - INFO: Validation ROC-AUC: 0.639181
2026-01-12 18:15:07,424 - INFO: Evaluating at iteration 27599
2026-01-12 18:15:08,056 - INFO: Loss: 0.113214
2026-01-12 18:15:08,056 - INFO: Training ROC-AUC: 0.992593
2026-01-12 18:15:08,056 - INFO: Validation ROC-AUC: 0.650751
2026-01-12 18:15:33,390 - INFO: Evaluating at iteration 28099
2026-01-12 18:15:34,022 - INFO: Loss: 0.358265
2026-01-12 18:15:34,023 - INFO: Training ROC-AUC: 0.913420
2026-01-12 18:15:34,023 - INFO: Validation ROC-AUC: 0.657658
2026-01-12 18:15:59,465 - INFO: Evaluating at iteration 28599
2026-01-12 18:16:00,097 - INFO: Loss: 0.369586
2026-01-12 18:16:00,098 - INFO: Training ROC-AUC: 0.865385
2026-01-12 18:16:00,098 - INFO: Validation ROC-AUC: 0.661371
2026-01-12 18:16:21,343 - INFO: Starting epoch 13
2026-01-12 18:16:21,395 - INFO: Evaluating at iteration 29017
2026-01-12 18:16:22,022 - INFO: Loss: 0.322553
2026-01-12 18:16:22,022 - INFO: Training ROC-AUC: 0.927083
2026-01-12 18:16:22,022 - INFO: Validation ROC-AUC: 0.652827
2026-01-12 18:16:47,485 - INFO: Evaluating at iteration 29517
2026-01-12 18:16:48,088 - INFO: Loss: 0.318434
2026-01-12 18:16:48,089 - INFO: Training ROC-AUC: 0.871795
2026-01-12 18:16:48,089 - INFO: Validation ROC-AUC: 0.642475
2026-01-12 18:17:13,364 - INFO: Evaluating at iteration 30017
2026-01-12 18:17:14,010 - INFO: Loss: 0.456650
2026-01-12 18:17:14,010 - INFO: Training ROC-AUC: 0.770833
2026-01-12 18:17:14,010 - INFO: Validation ROC-AUC: 0.648898
2026-01-12 18:17:39,412 - INFO: Evaluating at iteration 30517
2026-01-12 18:17:40,039 - INFO: Loss: 0.252755
2026-01-12 18:17:40,039 - INFO: Training ROC-AUC: 0.683333
2026-01-12 18:17:40,039 - INFO: Validation ROC-AUC: 0.649811
2026-01-12 18:18:05,427 - INFO: Evaluating at iteration 31017
2026-01-12 18:18:06,053 - INFO: Loss: 0.179224
2026-01-12 18:18:06,053 - INFO: Training ROC-AUC: 0.955357
2026-01-12 18:18:06,053 - INFO: Validation ROC-AUC: 0.658035
2026-01-12 18:18:27,310 - INFO: Starting epoch 14
2026-01-12 18:18:27,363 - INFO: Evaluating at iteration 31435
2026-01-12 18:18:27,984 - INFO: Loss: 0.291855
2026-01-12 18:18:27,984 - INFO: Training ROC-AUC: 0.910256
2026-01-12 18:18:27,984 - INFO: Validation ROC-AUC: 0.653147
2026-01-12 18:18:53,481 - INFO: Evaluating at iteration 31935
2026-01-12 18:18:54,101 - INFO: Loss: 0.205163
2026-01-12 18:18:54,101 - INFO: Training ROC-AUC: 0.850575
2026-01-12 18:18:54,101 - INFO: Validation ROC-AUC: 0.653996
2026-01-12 18:19:19,611 - INFO: Evaluating at iteration 32435
2026-01-12 18:19:20,244 - INFO: Loss: 0.165359
2026-01-12 18:19:20,245 - INFO: Training ROC-AUC: 0.933333
2026-01-12 18:19:20,245 - INFO: Validation ROC-AUC: 0.649007
2026-01-12 18:19:45,902 - INFO: Evaluating at iteration 32935
2026-01-12 18:19:46,495 - INFO: Loss: 0.435986
2026-01-12 18:19:46,495 - INFO: Training ROC-AUC: 0.805714
2026-01-12 18:19:46,495 - INFO: Validation ROC-AUC: 0.639247
2026-01-12 18:20:12,027 - INFO: Evaluating at iteration 33435
2026-01-12 18:20:12,662 - INFO: Loss: 0.197788
2026-01-12 18:20:12,662 - INFO: Training ROC-AUC: 0.677419
2026-01-12 18:20:12,662 - INFO: Validation ROC-AUC: 0.645128
2026-01-12 18:20:34,027 - INFO: Starting epoch 15
2026-01-12 18:20:34,080 - INFO: Evaluating at iteration 33853
2026-01-12 18:20:34,699 - INFO: Loss: 0.102102
2026-01-12 18:20:34,699 - INFO: Training ROC-AUC: 1.000000
2026-01-12 18:20:34,700 - INFO: Validation ROC-AUC: 0.647922
2026-01-12 18:21:00,331 - INFO: Evaluating at iteration 34353
2026-01-12 18:21:00,966 - INFO: Loss: 0.231822
2026-01-12 18:21:00,966 - INFO: Training ROC-AUC: 0.911111
2026-01-12 18:21:00,966 - INFO: Validation ROC-AUC: 0.644097
2026-01-12 18:21:26,837 - INFO: Evaluating at iteration 34853
2026-01-12 18:21:27,469 - INFO: Loss: 0.139270
2026-01-12 18:21:27,469 - INFO: Training ROC-AUC: 0.916667
2026-01-12 18:21:27,469 - INFO: Validation ROC-AUC: 0.641648
2026-01-12 18:21:53,276 - INFO: Evaluating at iteration 35353
2026-01-12 18:21:53,917 - INFO: Loss: 0.231582
2026-01-12 18:21:53,917 - INFO: Training ROC-AUC: 0.942708
2026-01-12 18:21:53,917 - INFO: Validation ROC-AUC: 0.638676
2026-01-12 18:22:19,885 - INFO: Evaluating at iteration 35853
2026-01-12 18:22:20,510 - INFO: Loss: 0.284260
2026-01-12 18:22:20,510 - INFO: Training ROC-AUC: 0.951691
2026-01-12 18:22:20,511 - INFO: Validation ROC-AUC: 0.646594
2026-01-12 18:22:42,166 - INFO: Starting epoch 16
2026-01-12 18:22:42,220 - INFO: Evaluating at iteration 36271
2026-01-12 18:22:42,848 - INFO: Loss: 0.330736
2026-01-12 18:22:42,848 - INFO: Training ROC-AUC: 0.840000
2026-01-12 18:22:42,848 - INFO: Validation ROC-AUC: 0.655240
2026-01-12 18:23:09,008 - INFO: Evaluating at iteration 36771
2026-01-12 18:23:09,624 - INFO: Loss: 0.220083
2026-01-12 18:23:09,625 - INFO: Training ROC-AUC: 0.935897
2026-01-12 18:23:09,625 - INFO: Validation ROC-AUC: 0.650631
2026-01-12 18:23:35,878 - INFO: Evaluating at iteration 37271
2026-01-12 18:23:36,478 - INFO: Loss: 0.333247
2026-01-12 18:23:36,478 - INFO: Training ROC-AUC: 0.914286
2026-01-12 18:23:36,478 - INFO: Validation ROC-AUC: 0.658598
2026-01-12 18:24:02,370 - INFO: Evaluating at iteration 37771
2026-01-12 18:24:02,989 - INFO: Loss: 0.339353
2026-01-12 18:24:02,989 - INFO: Training ROC-AUC: 0.826923
2026-01-12 18:24:02,989 - INFO: Validation ROC-AUC: 0.652383
2026-01-12 18:24:28,774 - INFO: Evaluating at iteration 38271
2026-01-12 18:24:29,373 - INFO: Loss: 0.189343
2026-01-12 18:24:29,374 - INFO: Training ROC-AUC: 0.942529
2026-01-12 18:24:29,374 - INFO: Validation ROC-AUC: 0.654466
2026-01-12 18:24:50,872 - INFO: Starting epoch 17
2026-01-12 18:24:50,925 - INFO: Evaluating at iteration 38689
2026-01-12 18:24:51,540 - INFO: Loss: 0.442445
2026-01-12 18:24:51,540 - INFO: Training ROC-AUC: 0.868571
2026-01-12 18:24:51,540 - INFO: Validation ROC-AUC: 0.646657
2026-01-12 18:25:17,340 - INFO: Evaluating at iteration 39189
2026-01-12 18:25:17,953 - INFO: Loss: 0.119455
2026-01-12 18:25:17,953 - INFO: Training ROC-AUC: 0.982143
2026-01-12 18:25:17,953 - INFO: Validation ROC-AUC: 0.646787
2026-01-12 18:25:43,751 - INFO: Evaluating at iteration 39689
2026-01-12 18:25:44,392 - INFO: Loss: 0.164491
2026-01-12 18:25:44,392 - INFO: Training ROC-AUC: 0.982857
2026-01-12 18:25:44,392 - INFO: Validation ROC-AUC: 0.644084
2026-01-12 18:26:10,228 - INFO: Evaluating at iteration 40189
2026-01-12 18:26:10,856 - INFO: Loss: 0.213749
2026-01-12 18:26:10,856 - INFO: Training ROC-AUC: 0.928571
2026-01-12 18:26:10,856 - INFO: Validation ROC-AUC: 0.659984
2026-01-12 18:26:36,870 - INFO: Evaluating at iteration 40689
2026-01-12 18:26:37,486 - INFO: Loss: 0.138745
2026-01-12 18:26:37,486 - INFO: Training ROC-AUC: 0.903226
2026-01-12 18:26:37,486 - INFO: Validation ROC-AUC: 0.657385
2026-01-12 18:26:58,955 - INFO: Starting epoch 18
2026-01-12 18:26:59,008 - INFO: Evaluating at iteration 41107
2026-01-12 18:26:59,614 - INFO: Loss: 0.184082
2026-01-12 18:26:59,614 - INFO: Training ROC-AUC: 0.964286
2026-01-12 18:26:59,614 - INFO: Validation ROC-AUC: 0.644987
2026-01-12 18:27:25,429 - INFO: Evaluating at iteration 41607
2026-01-12 18:27:26,060 - INFO: Loss: 0.194003
2026-01-12 18:27:26,060 - INFO: Training ROC-AUC: 0.980769
2026-01-12 18:27:26,060 - INFO: Validation ROC-AUC: 0.645412
2026-01-12 18:27:51,935 - INFO: Evaluating at iteration 42107
2026-01-12 18:27:52,552 - INFO: Loss: 0.189508
2026-01-12 18:27:52,552 - INFO: Training ROC-AUC: 0.948571
2026-01-12 18:27:52,552 - INFO: Validation ROC-AUC: 0.651078
2026-01-12 18:28:18,353 - INFO: Evaluating at iteration 42607
2026-01-12 18:28:18,986 - INFO: Loss: 0.326053
2026-01-12 18:28:18,986 - INFO: Training ROC-AUC: 0.937500
2026-01-12 18:28:18,986 - INFO: Validation ROC-AUC: 0.646452
2026-01-12 18:28:44,835 - INFO: Evaluating at iteration 43107
2026-01-12 18:28:45,450 - INFO: Loss: 0.256161
2026-01-12 18:28:45,450 - INFO: Training ROC-AUC: 0.946860
2026-01-12 18:28:45,450 - INFO: Validation ROC-AUC: 0.647582
2026-01-12 18:29:07,080 - INFO: Starting epoch 19
2026-01-12 18:29:07,133 - INFO: Evaluating at iteration 43525
2026-01-12 18:29:07,753 - INFO: Loss: 0.218687
2026-01-12 18:29:07,753 - INFO: Training ROC-AUC: 0.955556
2026-01-12 18:29:07,753 - INFO: Validation ROC-AUC: 0.646760
2026-01-12 18:29:33,670 - INFO: Evaluating at iteration 44025
2026-01-12 18:29:34,281 - INFO: Loss: 0.206950
2026-01-12 18:29:34,281 - INFO: Training ROC-AUC: 0.948148
2026-01-12 18:29:34,281 - INFO: Validation ROC-AUC: 0.638646
2026-01-12 18:30:00,254 - INFO: Evaluating at iteration 44525
2026-01-12 18:30:00,864 - INFO: Loss: 0.193117
2026-01-12 18:30:00,864 - INFO: Training ROC-AUC: 0.911111
2026-01-12 18:30:00,864 - INFO: Validation ROC-AUC: 0.650341
2026-01-12 18:30:26,949 - INFO: Evaluating at iteration 45025
2026-01-12 18:30:27,584 - INFO: Loss: 0.252962
2026-01-12 18:30:27,584 - INFO: Training ROC-AUC: 0.908571
2026-01-12 18:30:27,584 - INFO: Validation ROC-AUC: 0.646293
2026-01-12 18:30:53,628 - INFO: Evaluating at iteration 45525
2026-01-12 18:30:54,231 - INFO: Loss: 0.145915
2026-01-12 18:30:54,231 - INFO: Training ROC-AUC: 0.985185
2026-01-12 18:30:54,231 - INFO: Validation ROC-AUC: 0.654298
2026-01-12 18:31:15,987 - INFO: Starting epoch 20
2026-01-12 18:31:16,040 - INFO: Evaluating at iteration 45943
2026-01-12 18:31:16,655 - INFO: Loss: 0.204328
2026-01-12 18:31:16,655 - INFO: Training ROC-AUC: 0.766667
2026-01-12 18:31:16,655 - INFO: Validation ROC-AUC: 0.653352
2026-01-12 18:31:42,793 - INFO: Evaluating at iteration 46443
2026-01-12 18:31:43,416 - INFO: Loss: 0.239846
2026-01-12 18:31:43,416 - INFO: Training ROC-AUC: 0.948571
2026-01-12 18:31:43,416 - INFO: Validation ROC-AUC: 0.653624
2026-01-12 18:32:09,582 - INFO: Evaluating at iteration 46943
2026-01-12 18:32:10,198 - INFO: Loss: 0.081181
2026-01-12 18:32:10,198 - INFO: Training ROC-AUC: 1.000000
2026-01-12 18:32:10,198 - INFO: Validation ROC-AUC: 0.647347
2026-01-12 18:32:36,416 - INFO: Evaluating at iteration 47443
2026-01-12 18:32:37,048 - INFO: Loss: 0.139173
2026-01-12 18:32:37,048 - INFO: Training ROC-AUC: 0.982857
2026-01-12 18:32:37,048 - INFO: Validation ROC-AUC: 0.652029
2026-01-12 18:33:03,294 - INFO: Evaluating at iteration 47943
2026-01-12 18:33:03,914 - INFO: Loss: 0.236425
2026-01-12 18:33:03,914 - INFO: Training ROC-AUC: 0.948148
2026-01-12 18:33:03,914 - INFO: Validation ROC-AUC: 0.654202
2026-01-12 18:33:25,931 - INFO: Starting epoch 21
2026-01-12 18:33:25,986 - INFO: Evaluating at iteration 48361
2026-01-12 18:33:26,589 - INFO: Loss: 0.164147
2026-01-12 18:33:26,589 - INFO: Training ROC-AUC: 0.982143
2026-01-12 18:33:26,589 - INFO: Validation ROC-AUC: 0.651270
2026-01-12 18:33:53,141 - INFO: Evaluating at iteration 48861
2026-01-12 18:33:53,792 - INFO: Loss: 0.147104
2026-01-12 18:33:53,792 - INFO: Training ROC-AUC: 1.000000
2026-01-12 18:33:53,792 - INFO: Validation ROC-AUC: 0.649315
2026-01-12 18:34:20,344 - INFO: Evaluating at iteration 49361
2026-01-12 18:34:20,962 - INFO: Loss: 0.148316
2026-01-12 18:34:20,962 - INFO: Training ROC-AUC: 0.973214
2026-01-12 18:34:20,962 - INFO: Validation ROC-AUC: 0.653823
2026-01-12 18:34:48,464 - INFO: Evaluating at iteration 49861
2026-01-12 18:34:49,154 - INFO: Loss: 0.142062
2026-01-12 18:34:49,154 - INFO: Training ROC-AUC: 1.000000
2026-01-12 18:34:49,154 - INFO: Validation ROC-AUC: 0.647031
2026-01-12 18:35:17,594 - INFO: Evaluating at iteration 50361
2026-01-12 18:35:18,246 - INFO: Loss: 0.192223
2026-01-12 18:35:18,246 - INFO: Training ROC-AUC: 0.989583
2026-01-12 18:35:18,246 - INFO: Validation ROC-AUC: 0.655345
2026-01-12 18:35:41,871 - INFO: Starting epoch 22
2026-01-12 18:35:41,932 - INFO: Evaluating at iteration 50779
2026-01-12 18:35:42,597 - INFO: Loss: 0.205715
2026-01-12 18:35:42,597 - INFO: Training ROC-AUC: 0.961538
2026-01-12 18:35:42,597 - INFO: Validation ROC-AUC: 0.652417
2026-01-12 18:36:11,438 - INFO: Evaluating at iteration 51279
2026-01-12 18:36:12,075 - INFO: Loss: 0.321430
2026-01-12 18:36:12,075 - INFO: Training ROC-AUC: 0.884615
2026-01-12 18:36:12,075 - INFO: Validation ROC-AUC: 0.647071
2026-01-12 18:36:40,390 - INFO: Evaluating at iteration 51779
2026-01-12 18:36:41,063 - INFO: Loss: 0.168670
2026-01-12 18:36:41,063 - INFO: Training ROC-AUC: 0.954023
2026-01-12 18:36:41,063 - INFO: Validation ROC-AUC: 0.642656
2026-01-12 18:37:09,711 - INFO: Evaluating at iteration 52279
2026-01-12 18:37:10,352 - INFO: Loss: 0.165551
2026-01-12 18:37:10,352 - INFO: Training ROC-AUC: 0.883333
2026-01-12 18:37:10,352 - INFO: Validation ROC-AUC: 0.646426
2026-01-12 18:37:38,851 - INFO: Evaluating at iteration 52779
2026-01-12 18:37:39,513 - INFO: Loss: 0.090109
2026-01-12 18:37:39,513 - INFO: Training ROC-AUC: 1.000000
2026-01-12 18:37:39,513 - INFO: Validation ROC-AUC: 0.645891
2026-01-12 18:38:03,124 - INFO: Starting epoch 23
2026-01-12 18:38:03,183 - INFO: Evaluating at iteration 53197
2026-01-12 18:38:03,842 - INFO: Loss: 0.149907
2026-01-12 18:38:03,842 - INFO: Training ROC-AUC: 0.955556
2026-01-12 18:38:03,842 - INFO: Validation ROC-AUC: 0.658343
2026-01-12 18:38:32,433 - INFO: Evaluating at iteration 53697
2026-01-12 18:38:33,097 - INFO: Loss: 0.216621
2026-01-12 18:38:33,097 - INFO: Training ROC-AUC: 0.962963
2026-01-12 18:38:33,097 - INFO: Validation ROC-AUC: 0.650528
2026-01-12 18:39:01,782 - INFO: Evaluating at iteration 54197
2026-01-12 18:39:02,453 - INFO: Loss: 0.452043
2026-01-12 18:39:02,453 - INFO: Training ROC-AUC: 0.900000
2026-01-12 18:39:02,454 - INFO: Validation ROC-AUC: 0.651342
2026-01-12 18:39:31,153 - INFO: Evaluating at iteration 54697
2026-01-12 18:39:31,790 - INFO: Loss: 0.304754
2026-01-12 18:39:31,790 - INFO: Training ROC-AUC: 0.916667
2026-01-12 18:39:31,790 - INFO: Validation ROC-AUC: 0.648084
2026-01-12 18:40:00,614 - INFO: Evaluating at iteration 55197
2026-01-12 18:40:01,265 - INFO: Loss: 0.179481
2026-01-12 18:40:01,265 - INFO: Training ROC-AUC: 0.973214
2026-01-12 18:40:01,265 - INFO: Validation ROC-AUC: 0.638242
2026-01-12 18:40:25,389 - INFO: Starting epoch 24
2026-01-12 18:40:25,449 - INFO: Evaluating at iteration 55615
2026-01-12 18:40:26,083 - INFO: Loss: 0.351915
2026-01-12 18:40:26,083 - INFO: Training ROC-AUC: 0.822222
2026-01-12 18:40:26,083 - INFO: Validation ROC-AUC: 0.655046
2026-01-12 18:40:54,965 - INFO: Evaluating at iteration 56115
2026-01-12 18:40:55,619 - INFO: Loss: 0.153642
2026-01-12 18:40:55,619 - INFO: Training ROC-AUC: 0.964286
2026-01-12 18:40:55,619 - INFO: Validation ROC-AUC: 0.657056
2026-01-12 18:41:24,512 - INFO: Evaluating at iteration 56615
2026-01-12 18:41:25,163 - INFO: Loss: 0.230435
2026-01-12 18:41:25,163 - INFO: Training ROC-AUC: 0.923077
2026-01-12 18:41:25,163 - INFO: Validation ROC-AUC: 0.643829
2026-01-12 18:41:54,187 - INFO: Evaluating at iteration 57115
2026-01-12 18:41:54,838 - INFO: Loss: 0.184656
2026-01-12 18:41:54,839 - INFO: Training ROC-AUC: 0.896552
2026-01-12 18:41:54,839 - INFO: Validation ROC-AUC: 0.647858
2026-01-12 18:42:23,802 - INFO: Evaluating at iteration 57615
2026-01-12 18:42:24,435 - INFO: Loss: 0.164739
2026-01-12 18:42:24,435 - INFO: Training ROC-AUC: 0.980769
2026-01-12 18:42:24,435 - INFO: Validation ROC-AUC: 0.635195
2026-01-12 18:42:48,587 - INFO: Starting epoch 25
2026-01-12 18:42:48,647 - INFO: Evaluating at iteration 58033
2026-01-12 18:42:49,322 - INFO: Loss: 0.253843
2026-01-12 18:42:49,323 - INFO: Training ROC-AUC: 0.910256
2026-01-12 18:42:49,323 - INFO: Validation ROC-AUC: 0.638207
2026-01-12 18:43:18,408 - INFO: Evaluating at iteration 58533
2026-01-12 18:43:19,048 - INFO: Loss: 0.191262
2026-01-12 18:43:19,048 - INFO: Training ROC-AUC: 0.964286
2026-01-12 18:43:19,049 - INFO: Validation ROC-AUC: 0.641831
2026-01-12 18:43:48,254 - INFO: Evaluating at iteration 59033
2026-01-12 18:43:48,937 - INFO: Loss: 0.295196
2026-01-12 18:43:48,938 - INFO: Training ROC-AUC: 0.884615
2026-01-12 18:43:48,938 - INFO: Validation ROC-AUC: 0.652122
2026-01-12 18:44:18,200 - INFO: Evaluating at iteration 59533
2026-01-12 18:44:18,852 - INFO: Loss: 0.173012
2026-01-12 18:44:18,852 - INFO: Training ROC-AUC: 0.955556
2026-01-12 18:44:18,852 - INFO: Validation ROC-AUC: 0.651705
2026-01-12 18:44:48,449 - INFO: Evaluating at iteration 60033
2026-01-12 18:44:49,101 - INFO: Loss: 0.152729
2026-01-12 18:44:49,101 - INFO: Training ROC-AUC: 0.988571
2026-01-12 18:44:49,101 - INFO: Validation ROC-AUC: 0.662042
2026-01-12 18:45:13,815 - INFO: Saving model to models/TCRStructMap_pMHC_split_sequence_only/model_4.pt
2026-01-12 18:45:13,841 - INFO: Starting fold 5
2026-01-12 18:45:13,872 - INFO: Initialising model
2026-01-12 18:45:13,896 - INFO: Starting training
2026-01-12 18:45:13,896 - INFO: Starting epoch 1
2026-01-12 18:45:13,951 - INFO: Evaluating at iteration 1
2026-01-12 18:45:14,411 - INFO: Loss: 0.696474
2026-01-12 18:45:14,411 - INFO: Training ROC-AUC: 0.471264
2026-01-12 18:45:14,411 - INFO: Validation ROC-AUC: 0.493968
2026-01-12 18:45:38,669 - INFO: Evaluating at iteration 501
2026-01-12 18:45:39,114 - INFO: Loss: 0.483642
2026-01-12 18:45:39,115 - INFO: Training ROC-AUC: 0.493590
2026-01-12 18:45:39,115 - INFO: Validation ROC-AUC: 0.433720
2026-01-12 18:46:05,603 - INFO: Evaluating at iteration 1001
2026-01-12 18:46:06,057 - INFO: Loss: 0.404821
2026-01-12 18:46:06,057 - INFO: Training ROC-AUC: 0.511111
2026-01-12 18:46:06,057 - INFO: Validation ROC-AUC: 0.443172
2026-01-12 18:46:32,822 - INFO: Evaluating at iteration 1501
2026-01-12 18:46:33,261 - INFO: Loss: 0.328827
2026-01-12 18:46:33,261 - INFO: Training ROC-AUC: 0.803571
2026-01-12 18:46:33,261 - INFO: Validation ROC-AUC: 0.433276
2026-01-12 18:46:59,955 - INFO: Evaluating at iteration 2001
2026-01-12 18:47:00,431 - INFO: Loss: 0.428432
2026-01-12 18:47:00,431 - INFO: Training ROC-AUC: 0.644444
2026-01-12 18:47:00,431 - INFO: Validation ROC-AUC: 0.452205
2026-01-12 18:47:25,740 - INFO: Starting epoch 2
2026-01-12 18:47:25,796 - INFO: Evaluating at iteration 2475
2026-01-12 18:47:26,247 - INFO: Loss: 0.286224
2026-01-12 18:47:26,247 - INFO: Training ROC-AUC: 0.666667
2026-01-12 18:47:26,247 - INFO: Validation ROC-AUC: 0.569737
2026-01-12 18:47:53,122 - INFO: Evaluating at iteration 2975
2026-01-12 18:47:53,590 - INFO: Loss: 0.313363
2026-01-12 18:47:53,591 - INFO: Training ROC-AUC: 0.758929
2026-01-12 18:47:53,591 - INFO: Validation ROC-AUC: 0.608402
2026-01-12 18:48:20,436 - INFO: Evaluating at iteration 3475
2026-01-12 18:48:20,883 - INFO: Loss: 0.540820
2026-01-12 18:48:20,884 - INFO: Training ROC-AUC: 0.724638
2026-01-12 18:48:20,884 - INFO: Validation ROC-AUC: 0.620473
2026-01-12 18:48:47,744 - INFO: Evaluating at iteration 3975
2026-01-12 18:48:48,194 - INFO: Loss: 0.370492
2026-01-12 18:48:48,194 - INFO: Training ROC-AUC: 0.814103
2026-01-12 18:48:48,194 - INFO: Validation ROC-AUC: 0.620936
2026-01-12 18:49:15,169 - INFO: Evaluating at iteration 4475
2026-01-12 18:49:15,640 - INFO: Loss: 0.362788
2026-01-12 18:49:15,640 - INFO: Training ROC-AUC: 0.660714
2026-01-12 18:49:15,640 - INFO: Validation ROC-AUC: 0.626859
2026-01-12 18:49:41,206 - INFO: Starting epoch 3
2026-01-12 18:49:41,263 - INFO: Evaluating at iteration 4949
2026-01-12 18:49:41,709 - INFO: Loss: 0.191843
2026-01-12 18:49:41,709 - INFO: Training ROC-AUC: 0.954023
2026-01-12 18:49:41,709 - INFO: Validation ROC-AUC: 0.636833
2026-01-12 18:50:08,656 - INFO: Evaluating at iteration 5449
2026-01-12 18:50:09,128 - INFO: Loss: 0.416253
2026-01-12 18:50:09,128 - INFO: Training ROC-AUC: 0.681481
2026-01-12 18:50:09,128 - INFO: Validation ROC-AUC: 0.642612
2026-01-12 18:50:36,101 - INFO: Evaluating at iteration 5949
2026-01-12 18:50:36,546 - INFO: Loss: 0.384877
2026-01-12 18:50:36,547 - INFO: Training ROC-AUC: 0.937500
2026-01-12 18:50:36,547 - INFO: Validation ROC-AUC: 0.631029
2026-01-12 18:51:03,627 - INFO: Evaluating at iteration 6449
2026-01-12 18:51:04,083 - INFO: Loss: 0.464471
2026-01-12 18:51:04,083 - INFO: Training ROC-AUC: 0.821256
2026-01-12 18:51:04,083 - INFO: Validation ROC-AUC: 0.640875
2026-01-12 18:51:31,202 - INFO: Evaluating at iteration 6949
2026-01-12 18:51:31,680 - INFO: Loss: 0.159935
2026-01-12 18:51:31,680 - INFO: Training ROC-AUC: 0.942529
2026-01-12 18:51:31,680 - INFO: Validation ROC-AUC: 0.641065
2026-01-12 18:51:57,316 - INFO: Starting epoch 4
2026-01-12 18:51:57,372 - INFO: Evaluating at iteration 7423
2026-01-12 18:51:57,822 - INFO: Loss: 0.253112
2026-01-12 18:51:57,822 - INFO: Training ROC-AUC: 0.961538
2026-01-12 18:51:57,822 - INFO: Validation ROC-AUC: 0.623552
2026-01-12 18:52:25,023 - INFO: Evaluating at iteration 7923
2026-01-12 18:52:25,500 - INFO: Loss: 0.400791
2026-01-12 18:52:25,500 - INFO: Training ROC-AUC: 0.782857
2026-01-12 18:52:25,500 - INFO: Validation ROC-AUC: 0.639942
2026-01-12 18:52:52,652 - INFO: Evaluating at iteration 8423
2026-01-12 18:52:53,100 - INFO: Loss: 0.196274
2026-01-12 18:52:53,100 - INFO: Training ROC-AUC: 0.967949
2026-01-12 18:52:53,100 - INFO: Validation ROC-AUC: 0.638290
2026-01-12 18:53:20,191 - INFO: Evaluating at iteration 8923
2026-01-12 18:53:20,641 - INFO: Loss: 0.217670
2026-01-12 18:53:20,641 - INFO: Training ROC-AUC: 0.977143
2026-01-12 18:53:20,641 - INFO: Validation ROC-AUC: 0.642309
2026-01-12 18:53:47,658 - INFO: Evaluating at iteration 9423
2026-01-12 18:53:48,106 - INFO: Loss: 0.107506
2026-01-12 18:53:48,106 - INFO: Training ROC-AUC: 1.000000
2026-01-12 18:53:48,106 - INFO: Validation ROC-AUC: 0.652073
2026-01-12 18:54:13,590 - INFO: Starting epoch 5
2026-01-12 18:54:13,646 - INFO: Evaluating at iteration 9897
2026-01-12 18:54:14,110 - INFO: Loss: 0.194363
2026-01-12 18:54:14,110 - INFO: Training ROC-AUC: 0.955357
2026-01-12 18:54:14,110 - INFO: Validation ROC-AUC: 0.651942
2026-01-12 18:54:40,892 - INFO: Evaluating at iteration 10397
2026-01-12 18:54:41,344 - INFO: Loss: 0.291079
2026-01-12 18:54:41,344 - INFO: Training ROC-AUC: 0.923077
2026-01-12 18:54:41,344 - INFO: Validation ROC-AUC: 0.649887
2026-01-12 18:55:07,876 - INFO: Evaluating at iteration 10897
2026-01-12 18:55:08,341 - INFO: Loss: 0.232166
2026-01-12 18:55:08,341 - INFO: Training ROC-AUC: 0.963542
2026-01-12 18:55:08,341 - INFO: Validation ROC-AUC: 0.649293
2026-01-12 18:55:34,906 - INFO: Evaluating at iteration 11397
2026-01-12 18:55:35,357 - INFO: Loss: 0.210681
2026-01-12 18:55:35,357 - INFO: Training ROC-AUC: 0.903704
2026-01-12 18:55:35,357 - INFO: Validation ROC-AUC: 0.653349
2026-01-12 18:56:01,969 - INFO: Evaluating at iteration 11897
2026-01-12 18:56:02,420 - INFO: Loss: 0.210497
2026-01-12 18:56:02,420 - INFO: Training ROC-AUC: 0.977778
2026-01-12 18:56:02,420 - INFO: Validation ROC-AUC: 0.654162
2026-01-12 18:56:27,592 - INFO: Starting epoch 6
2026-01-12 18:56:27,647 - INFO: Evaluating at iteration 12371
2026-01-12 18:56:28,120 - INFO: Loss: 0.112470
2026-01-12 18:56:28,120 - INFO: Training ROC-AUC: 1.000000
2026-01-12 18:56:28,120 - INFO: Validation ROC-AUC: 0.651786
2026-01-12 18:56:54,650 - INFO: Evaluating at iteration 12871
2026-01-12 18:56:55,099 - INFO: Loss: 0.251758
2026-01-12 18:56:55,099 - INFO: Training ROC-AUC: 0.967949
2026-01-12 18:56:55,099 - INFO: Validation ROC-AUC: 0.657738
2026-01-12 18:57:21,614 - INFO: Evaluating at iteration 13371
2026-01-12 18:57:22,085 - INFO: Loss: 0.319066
2026-01-12 18:57:22,085 - INFO: Training ROC-AUC: 0.865385
2026-01-12 18:57:22,085 - INFO: Validation ROC-AUC: 0.655192
2026-01-12 18:57:48,747 - INFO: Evaluating at iteration 13871
2026-01-12 18:57:49,197 - INFO: Loss: 0.329939
2026-01-12 18:57:49,198 - INFO: Training ROC-AUC: 0.953125
2026-01-12 18:57:49,198 - INFO: Validation ROC-AUC: 0.659276
2026-01-12 18:58:15,709 - INFO: Evaluating at iteration 14371
2026-01-12 18:58:16,159 - INFO: Loss: 0.231106
2026-01-12 18:58:16,159 - INFO: Training ROC-AUC: 0.918519
2026-01-12 18:58:16,159 - INFO: Validation ROC-AUC: 0.655931
2026-01-12 18:58:41,184 - INFO: Starting epoch 7
2026-01-12 18:58:41,239 - INFO: Evaluating at iteration 14845
2026-01-12 18:58:41,688 - INFO: Loss: 0.417447
2026-01-12 18:58:41,688 - INFO: Training ROC-AUC: 0.881818
2026-01-12 18:58:41,688 - INFO: Validation ROC-AUC: 0.652218
2026-01-12 18:59:08,397 - INFO: Evaluating at iteration 15345
2026-01-12 18:59:08,844 - INFO: Loss: 0.251048
2026-01-12 18:59:08,844 - INFO: Training ROC-AUC: 0.857143
2026-01-12 18:59:08,845 - INFO: Validation ROC-AUC: 0.652590
2026-01-12 18:59:35,767 - INFO: Evaluating at iteration 15845
2026-01-12 18:59:36,243 - INFO: Loss: 0.414984
2026-01-12 18:59:36,243 - INFO: Training ROC-AUC: 0.830918
2026-01-12 18:59:36,243 - INFO: Validation ROC-AUC: 0.654806
2026-01-12 19:00:03,203 - INFO: Evaluating at iteration 16345
2026-01-12 19:00:03,651 - INFO: Loss: 0.325038
2026-01-12 19:00:03,651 - INFO: Training ROC-AUC: 0.927536
2026-01-12 19:00:03,651 - INFO: Validation ROC-AUC: 0.658644
2026-01-12 19:00:30,581 - INFO: Evaluating at iteration 16845
2026-01-12 19:00:31,042 - INFO: Loss: 0.190744
2026-01-12 19:00:31,042 - INFO: Training ROC-AUC: 0.980769
2026-01-12 19:00:31,042 - INFO: Validation ROC-AUC: 0.655920
2026-01-12 19:00:56,389 - INFO: Starting epoch 8
2026-01-12 19:00:56,444 - INFO: Evaluating at iteration 17319
2026-01-12 19:00:56,891 - INFO: Loss: 0.446515
2026-01-12 19:00:56,892 - INFO: Training ROC-AUC: 0.835749
2026-01-12 19:00:56,892 - INFO: Validation ROC-AUC: 0.656575
2026-01-12 19:01:23,923 - INFO: Evaluating at iteration 17819
2026-01-12 19:01:24,381 - INFO: Loss: 0.361689
2026-01-12 19:01:24,381 - INFO: Training ROC-AUC: 0.834286
2026-01-12 19:01:24,381 - INFO: Validation ROC-AUC: 0.654812
2026-01-12 19:01:51,188 - INFO: Evaluating at iteration 18319
2026-01-12 19:01:51,664 - INFO: Loss: 0.262801
2026-01-12 19:01:51,664 - INFO: Training ROC-AUC: 0.933333
2026-01-12 19:01:51,664 - INFO: Validation ROC-AUC: 0.657017
2026-01-12 19:02:18,452 - INFO: Evaluating at iteration 18819
2026-01-12 19:02:18,904 - INFO: Loss: 0.590089
2026-01-12 19:02:18,904 - INFO: Training ROC-AUC: 0.744792
2026-01-12 19:02:18,904 - INFO: Validation ROC-AUC: 0.657325
2026-01-12 19:02:45,808 - INFO: Evaluating at iteration 19319
2026-01-12 19:02:46,284 - INFO: Loss: 0.159746
2026-01-12 19:02:46,284 - INFO: Training ROC-AUC: 1.000000
2026-01-12 19:02:46,284 - INFO: Validation ROC-AUC: 0.650518
2026-01-12 19:03:11,938 - INFO: Starting epoch 9
2026-01-12 19:03:11,996 - INFO: Evaluating at iteration 19793
2026-01-12 19:03:12,447 - INFO: Loss: 0.245780
2026-01-12 19:03:12,447 - INFO: Training ROC-AUC: 0.933333
2026-01-12 19:03:12,447 - INFO: Validation ROC-AUC: 0.649884
2026-01-12 19:03:39,332 - INFO: Evaluating at iteration 20293
2026-01-12 19:03:39,781 - INFO: Loss: 0.272660
2026-01-12 19:03:39,781 - INFO: Training ROC-AUC: 0.881481
2026-01-12 19:03:39,781 - INFO: Validation ROC-AUC: 0.652944
2026-01-12 19:04:06,611 - INFO: Evaluating at iteration 20793
2026-01-12 19:04:07,059 - INFO: Loss: 0.173413
2026-01-12 19:04:07,060 - INFO: Training ROC-AUC: 1.000000
2026-01-12 19:04:07,060 - INFO: Validation ROC-AUC: 0.653335
2026-01-12 19:04:33,908 - INFO: Evaluating at iteration 21293
2026-01-12 19:04:34,383 - INFO: Loss: 0.450113
2026-01-12 19:04:34,383 - INFO: Training ROC-AUC: 0.817708
2026-01-12 19:04:34,383 - INFO: Validation ROC-AUC: 0.658204
2026-01-12 19:05:01,636 - INFO: Evaluating at iteration 21793
2026-01-12 19:05:02,081 - INFO: Loss: 0.130487
2026-01-12 19:05:02,081 - INFO: Training ROC-AUC: 0.988506
2026-01-12 19:05:02,081 - INFO: Validation ROC-AUC: 0.652214
2026-01-12 19:05:27,913 - INFO: Starting epoch 10
2026-01-12 19:05:27,970 - INFO: Evaluating at iteration 22267
2026-01-12 19:05:28,443 - INFO: Loss: 0.333600
2026-01-12 19:05:28,443 - INFO: Training ROC-AUC: 0.897143
2026-01-12 19:05:28,443 - INFO: Validation ROC-AUC: 0.657739
2026-01-12 19:05:55,235 - INFO: Evaluating at iteration 22767
2026-01-12 19:05:55,663 - INFO: Loss: 0.323038
2026-01-12 19:05:55,663 - INFO: Training ROC-AUC: 0.767857
2026-01-12 19:05:55,663 - INFO: Validation ROC-AUC: 0.655961
2026-01-12 19:06:21,869 - INFO: Evaluating at iteration 23267
2026-01-12 19:06:22,316 - INFO: Loss: 0.173703
2026-01-12 19:06:22,316 - INFO: Training ROC-AUC: 0.970370
2026-01-12 19:06:22,317 - INFO: Validation ROC-AUC: 0.652827
2026-01-12 19:06:48,080 - INFO: Evaluating at iteration 23767
2026-01-12 19:06:48,513 - INFO: Loss: 0.237031
2026-01-12 19:06:48,514 - INFO: Training ROC-AUC: 0.955128
2026-01-12 19:06:48,514 - INFO: Validation ROC-AUC: 0.656096
2026-01-12 19:07:14,239 - INFO: Evaluating at iteration 24267
2026-01-12 19:07:14,660 - INFO: Loss: 0.283532
2026-01-12 19:07:14,661 - INFO: Training ROC-AUC: 0.878205
2026-01-12 19:07:14,661 - INFO: Validation ROC-AUC: 0.661218
2026-01-12 19:07:39,030 - INFO: Starting epoch 11
2026-01-12 19:07:39,083 - INFO: Evaluating at iteration 24741
2026-01-12 19:07:39,532 - INFO: Loss: 0.230804
2026-01-12 19:07:39,533 - INFO: Training ROC-AUC: 0.960000
2026-01-12 19:07:39,533 - INFO: Validation ROC-AUC: 0.659176
2026-01-12 19:08:05,307 - INFO: Evaluating at iteration 25241
2026-01-12 19:08:05,735 - INFO: Loss: 0.220827
2026-01-12 19:08:05,735 - INFO: Training ROC-AUC: 0.974359
2026-01-12 19:08:05,735 - INFO: Validation ROC-AUC: 0.657139
2026-01-12 19:08:31,340 - INFO: Evaluating at iteration 25741
2026-01-12 19:08:31,790 - INFO: Loss: 0.331827
2026-01-12 19:08:31,790 - INFO: Training ROC-AUC: 0.837037
2026-01-12 19:08:31,790 - INFO: Validation ROC-AUC: 0.653402
2026-01-12 19:08:57,528 - INFO: Evaluating at iteration 26241
2026-01-12 19:08:57,948 - INFO: Loss: 0.242153
2026-01-12 19:08:57,948 - INFO: Training ROC-AUC: 0.821429
2026-01-12 19:08:57,948 - INFO: Validation ROC-AUC: 0.656069
2026-01-12 19:09:23,630 - INFO: Evaluating at iteration 26741
2026-01-12 19:09:24,072 - INFO: Loss: 0.159037
2026-01-12 19:09:24,072 - INFO: Training ROC-AUC: 0.950000
2026-01-12 19:09:24,072 - INFO: Validation ROC-AUC: 0.662200
2026-01-12 19:09:48,410 - INFO: Starting epoch 12
2026-01-12 19:09:48,463 - INFO: Evaluating at iteration 27215
2026-01-12 19:09:48,901 - INFO: Loss: 0.215941
2026-01-12 19:09:48,901 - INFO: Training ROC-AUC: 0.928571
2026-01-12 19:09:48,901 - INFO: Validation ROC-AUC: 0.660885
2026-01-12 19:10:15,194 - INFO: Evaluating at iteration 27715
2026-01-12 19:10:15,646 - INFO: Loss: 0.195450
2026-01-12 19:10:15,646 - INFO: Training ROC-AUC: 0.919540
2026-01-12 19:10:15,646 - INFO: Validation ROC-AUC: 0.662755
2026-01-12 19:10:43,266 - INFO: Evaluating at iteration 28215
2026-01-12 19:10:43,744 - INFO: Loss: 0.324842
2026-01-12 19:10:43,745 - INFO: Training ROC-AUC: 0.903704
2026-01-12 19:10:43,745 - INFO: Validation ROC-AUC: 0.660869
2026-01-12 19:11:11,170 - INFO: Evaluating at iteration 28715
2026-01-12 19:11:11,620 - INFO: Loss: 0.120201
2026-01-12 19:11:11,620 - INFO: Training ROC-AUC: 1.000000
2026-01-12 19:11:11,620 - INFO: Validation ROC-AUC: 0.663074
2026-01-12 19:11:38,671 - INFO: Evaluating at iteration 29215
2026-01-12 19:11:39,147 - INFO: Loss: 0.315903
2026-01-12 19:11:39,147 - INFO: Training ROC-AUC: 0.908571
2026-01-12 19:11:39,147 - INFO: Validation ROC-AUC: 0.660359
2026-01-12 19:12:05,322 - INFO: Starting epoch 13
2026-01-12 19:12:05,381 - INFO: Evaluating at iteration 29689
2026-01-12 19:12:05,832 - INFO: Loss: 0.172695
2026-01-12 19:12:05,832 - INFO: Training ROC-AUC: 0.948148
2026-01-12 19:12:05,832 - INFO: Validation ROC-AUC: 0.660179
2026-01-12 19:12:32,883 - INFO: Evaluating at iteration 30189
2026-01-12 19:12:33,327 - INFO: Loss: 0.338317
2026-01-12 19:12:33,327 - INFO: Training ROC-AUC: 0.732143
2026-01-12 19:12:33,327 - INFO: Validation ROC-AUC: 0.660595
2026-01-12 19:13:00,792 - INFO: Evaluating at iteration 30689
2026-01-12 19:13:01,240 - INFO: Loss: 0.112711
2026-01-12 19:13:01,240 - INFO: Training ROC-AUC: 1.000000
2026-01-12 19:13:01,241 - INFO: Validation ROC-AUC: 0.659472
2026-01-12 19:13:28,692 - INFO: Evaluating at iteration 31189
2026-01-12 19:13:29,161 - INFO: Loss: 0.390305
2026-01-12 19:13:29,161 - INFO: Training ROC-AUC: 0.846154
2026-01-12 19:13:29,161 - INFO: Validation ROC-AUC: 0.663536
2026-01-12 19:13:56,717 - INFO: Evaluating at iteration 31689
2026-01-12 19:13:57,174 - INFO: Loss: 0.226969
2026-01-12 19:13:57,174 - INFO: Training ROC-AUC: 0.933333
2026-01-12 19:13:57,174 - INFO: Validation ROC-AUC: 0.663376
2026-01-12 19:14:22,882 - INFO: Starting epoch 14
2026-01-12 19:14:22,938 - INFO: Evaluating at iteration 32163
2026-01-12 19:14:23,387 - INFO: Loss: 0.168537
2026-01-12 19:14:23,387 - INFO: Training ROC-AUC: 1.000000
2026-01-12 19:14:23,387 - INFO: Validation ROC-AUC: 0.664058
2026-01-12 19:14:50,891 - INFO: Evaluating at iteration 32663
2026-01-12 19:14:51,358 - INFO: Loss: 0.278315
2026-01-12 19:14:51,359 - INFO: Training ROC-AUC: 0.935897
2026-01-12 19:14:51,359 - INFO: Validation ROC-AUC: 0.665981
2026-01-12 19:15:18,696 - INFO: Evaluating at iteration 33163
2026-01-12 19:15:19,151 - INFO: Loss: 0.207883
2026-01-12 19:15:19,152 - INFO: Training ROC-AUC: 0.987179
2026-01-12 19:15:19,152 - INFO: Validation ROC-AUC: 0.671683
2026-01-12 19:15:46,774 - INFO: Evaluating at iteration 33663
2026-01-12 19:15:47,251 - INFO: Loss: 0.179160
2026-01-12 19:15:47,251 - INFO: Training ROC-AUC: 0.885057
2026-01-12 19:15:47,251 - INFO: Validation ROC-AUC: 0.667258
2026-01-12 19:16:14,698 - INFO: Evaluating at iteration 34163
2026-01-12 19:16:15,150 - INFO: Loss: 0.268919
2026-01-12 19:16:15,150 - INFO: Training ROC-AUC: 0.903846
2026-01-12 19:16:15,150 - INFO: Validation ROC-AUC: 0.669515
2026-01-12 19:16:41,298 - INFO: Starting epoch 15
2026-01-12 19:16:41,356 - INFO: Evaluating at iteration 34637
2026-01-12 19:16:41,822 - INFO: Loss: 0.155436
2026-01-12 19:16:41,822 - INFO: Training ROC-AUC: 1.000000
2026-01-12 19:16:41,822 - INFO: Validation ROC-AUC: 0.663849
2026-01-12 19:17:09,206 - INFO: Evaluating at iteration 35137
2026-01-12 19:17:09,666 - INFO: Loss: 0.268764
2026-01-12 19:17:09,666 - INFO: Training ROC-AUC: 0.910714
2026-01-12 19:17:09,666 - INFO: Validation ROC-AUC: 0.664124
2026-01-12 19:17:37,118 - INFO: Evaluating at iteration 35637
2026-01-12 19:17:37,571 - INFO: Loss: 0.211432
2026-01-12 19:17:37,571 - INFO: Training ROC-AUC: 0.970370
2026-01-12 19:17:37,571 - INFO: Validation ROC-AUC: 0.661338
2026-01-12 19:18:04,999 - INFO: Evaluating at iteration 36137
2026-01-12 19:18:05,475 - INFO: Loss: 0.195136
2026-01-12 19:18:05,475 - INFO: Training ROC-AUC: 0.908046
2026-01-12 19:18:05,475 - INFO: Validation ROC-AUC: 0.668327
2026-01-12 19:18:32,996 - INFO: Evaluating at iteration 36637
2026-01-12 19:18:33,447 - INFO: Loss: 0.183059
2026-01-12 19:18:33,447 - INFO: Training ROC-AUC: 0.955556
2026-01-12 19:18:33,447 - INFO: Validation ROC-AUC: 0.667128
2026-01-12 19:18:59,484 - INFO: Starting epoch 16
2026-01-12 19:18:59,540 - INFO: Evaluating at iteration 37111
2026-01-12 19:19:00,014 - INFO: Loss: 0.246752
2026-01-12 19:19:00,014 - INFO: Training ROC-AUC: 0.918519
2026-01-12 19:19:00,014 - INFO: Validation ROC-AUC: 0.668678
2026-01-12 19:19:27,740 - INFO: Evaluating at iteration 37611
2026-01-12 19:19:28,193 - INFO: Loss: 0.153225
2026-01-12 19:19:28,193 - INFO: Training ROC-AUC: 0.988506
2026-01-12 19:19:28,193 - INFO: Validation ROC-AUC: 0.666592
2026-01-12 19:19:55,792 - INFO: Evaluating at iteration 38111
2026-01-12 19:19:56,257 - INFO: Loss: 0.310033
2026-01-12 19:19:56,257 - INFO: Training ROC-AUC: 0.897143
2026-01-12 19:19:56,258 - INFO: Validation ROC-AUC: 0.666717
2026-01-12 19:20:24,129 - INFO: Evaluating at iteration 38611
2026-01-12 19:20:24,588 - INFO: Loss: 0.237902
2026-01-12 19:20:24,588 - INFO: Training ROC-AUC: 0.911111
2026-01-12 19:20:24,588 - INFO: Validation ROC-AUC: 0.670976
2026-01-12 19:20:52,035 - INFO: Evaluating at iteration 39111
2026-01-12 19:20:52,474 - INFO: Loss: 0.296633
2026-01-12 19:20:52,474 - INFO: Training ROC-AUC: 0.939394
2026-01-12 19:20:52,474 - INFO: Validation ROC-AUC: 0.666147
2026-01-12 19:21:18,692 - INFO: Starting epoch 17
2026-01-12 19:21:18,750 - INFO: Evaluating at iteration 39585
2026-01-12 19:21:19,230 - INFO: Loss: 0.159162
2026-01-12 19:21:19,230 - INFO: Training ROC-AUC: 0.982857
2026-01-12 19:21:19,231 - INFO: Validation ROC-AUC: 0.669747
2026-01-12 19:21:47,101 - INFO: Evaluating at iteration 40085
2026-01-12 19:21:47,550 - INFO: Loss: 0.420622
2026-01-12 19:21:47,550 - INFO: Training ROC-AUC: 0.807292
2026-01-12 19:21:47,550 - INFO: Validation ROC-AUC: 0.669867
2026-01-12 19:22:15,149 - INFO: Evaluating at iteration 40585
2026-01-12 19:22:15,623 - INFO: Loss: 0.242059
2026-01-12 19:22:15,623 - INFO: Training ROC-AUC: 0.980769
2026-01-12 19:22:15,624 - INFO: Validation ROC-AUC: 0.672640
2026-01-12 19:22:43,371 - INFO: Evaluating at iteration 41085
2026-01-12 19:22:43,816 - INFO: Loss: 0.119538
2026-01-12 19:22:43,816 - INFO: Training ROC-AUC: 1.000000
2026-01-12 19:22:43,816 - INFO: Validation ROC-AUC: 0.670603
2026-01-12 19:23:11,540 - INFO: Evaluating at iteration 41585
2026-01-12 19:23:12,008 - INFO: Loss: 0.283914
2026-01-12 19:23:12,008 - INFO: Training ROC-AUC: 0.892857
2026-01-12 19:23:12,008 - INFO: Validation ROC-AUC: 0.673284
2026-01-12 19:23:38,408 - INFO: Starting epoch 18
2026-01-12 19:23:38,465 - INFO: Evaluating at iteration 42059
2026-01-12 19:23:38,920 - INFO: Loss: 0.140427
2026-01-12 19:23:38,920 - INFO: Training ROC-AUC: 1.000000
2026-01-12 19:23:38,920 - INFO: Validation ROC-AUC: 0.669984
2026-01-12 19:24:07,049 - INFO: Evaluating at iteration 42559
2026-01-12 19:24:07,498 - INFO: Loss: 0.191812
2026-01-12 19:24:07,498 - INFO: Training ROC-AUC: 0.988571
2026-01-12 19:24:07,498 - INFO: Validation ROC-AUC: 0.673959
2026-01-12 19:24:35,619 - INFO: Evaluating at iteration 43059
2026-01-12 19:24:36,089 - INFO: Loss: 0.079555
2026-01-12 19:24:36,089 - INFO: Training ROC-AUC: 1.000000
2026-01-12 19:24:36,089 - INFO: Validation ROC-AUC: 0.670084
2026-01-12 19:25:03,939 - INFO: Evaluating at iteration 43559
2026-01-12 19:25:04,473 - INFO: Loss: 0.211800
2026-01-12 19:25:04,476 - INFO: Training ROC-AUC: 0.948148
2026-01-12 19:25:04,479 - INFO: Validation ROC-AUC: 0.673978
2026-01-12 19:25:32,694 - INFO: Evaluating at iteration 44059
2026-01-12 19:25:33,262 - INFO: Loss: 0.090742
2026-01-12 19:25:33,273 - INFO: Training ROC-AUC: 1.000000
2026-01-12 19:25:33,277 - INFO: Validation ROC-AUC: 0.669062
2026-01-12 19:25:59,719 - INFO: Starting epoch 19
2026-01-12 19:25:59,795 - INFO: Evaluating at iteration 44533
2026-01-12 19:26:00,241 - INFO: Loss: 0.235846
2026-01-12 19:26:00,242 - INFO: Training ROC-AUC: 0.735632
2026-01-12 19:26:00,242 - INFO: Validation ROC-AUC: 0.669051
2026-01-12 19:26:28,612 - INFO: Evaluating at iteration 45033
2026-01-12 19:26:29,078 - INFO: Loss: 0.278278
2026-01-12 19:26:29,078 - INFO: Training ROC-AUC: 0.897436
2026-01-12 19:26:29,078 - INFO: Validation ROC-AUC: 0.670968
2026-01-12 19:26:57,088 - INFO: Evaluating at iteration 45533
2026-01-12 19:26:57,537 - INFO: Loss: 0.201765
2026-01-12 19:26:57,538 - INFO: Training ROC-AUC: 0.935897
2026-01-12 19:26:57,538 - INFO: Validation ROC-AUC: 0.672968
2026-01-12 19:27:25,940 - INFO: Evaluating at iteration 46033
2026-01-12 19:27:26,389 - INFO: Loss: 0.081203
2026-01-12 19:27:26,389 - INFO: Training ROC-AUC: 1.000000
2026-01-12 19:27:26,389 - INFO: Validation ROC-AUC: 0.670144
2026-01-12 19:27:54,389 - INFO: Evaluating at iteration 46533
2026-01-12 19:27:54,840 - INFO: Loss: 0.245699
2026-01-12 19:27:54,840 - INFO: Training ROC-AUC: 0.892857
2026-01-12 19:27:54,840 - INFO: Validation ROC-AUC: 0.667681
2026-01-12 19:28:21,829 - INFO: Starting epoch 20
2026-01-12 19:28:21,889 - INFO: Evaluating at iteration 47007
2026-01-12 19:28:22,358 - INFO: Loss: 0.297065
2026-01-12 19:28:22,358 - INFO: Training ROC-AUC: 0.903704
2026-01-12 19:28:22,358 - INFO: Validation ROC-AUC: 0.671047
2026-01-12 19:28:50,978 - INFO: Evaluating at iteration 47507
2026-01-12 19:28:51,428 - INFO: Loss: 0.097908
2026-01-12 19:28:51,428 - INFO: Training ROC-AUC: 1.000000
2026-01-12 19:28:51,428 - INFO: Validation ROC-AUC: 0.671816
2026-01-12 19:29:20,185 - INFO: Evaluating at iteration 48007
2026-01-12 19:29:20,656 - INFO: Loss: 0.180829
2026-01-12 19:29:20,657 - INFO: Training ROC-AUC: 0.946429
2026-01-12 19:29:20,657 - INFO: Validation ROC-AUC: 0.673878
2026-01-12 19:29:49,409 - INFO: Evaluating at iteration 48507
2026-01-12 19:29:49,856 - INFO: Loss: 0.212233
2026-01-12 19:29:49,856 - INFO: Training ROC-AUC: 0.885057
2026-01-12 19:29:49,856 - INFO: Validation ROC-AUC: 0.675051
2026-01-12 19:30:18,334 - INFO: Evaluating at iteration 49007
2026-01-12 19:30:18,784 - INFO: Loss: 0.192265
2026-01-12 19:30:18,784 - INFO: Training ROC-AUC: 0.977143
2026-01-12 19:30:18,784 - INFO: Validation ROC-AUC: 0.674694
2026-01-12 19:30:46,021 - INFO: Starting epoch 21
2026-01-12 19:30:46,080 - INFO: Evaluating at iteration 49481
2026-01-12 19:30:46,528 - INFO: Loss: 0.153566
2026-01-12 19:30:46,528 - INFO: Training ROC-AUC: 0.964286
2026-01-12 19:30:46,529 - INFO: Validation ROC-AUC: 0.671207
2026-01-12 19:31:15,527 - INFO: Evaluating at iteration 49981
2026-01-12 19:31:15,989 - INFO: Loss: 0.289182
2026-01-12 19:31:15,990 - INFO: Training ROC-AUC: 0.821429
2026-01-12 19:31:15,990 - INFO: Validation ROC-AUC: 0.672222
2026-01-12 19:31:45,040 - INFO: Evaluating at iteration 50481
2026-01-12 19:31:45,498 - INFO: Loss: 0.223099
2026-01-12 19:31:45,498 - INFO: Training ROC-AUC: 0.970370
2026-01-12 19:31:45,498 - INFO: Validation ROC-AUC: 0.671947
2026-01-12 19:32:14,588 - INFO: Evaluating at iteration 50981
2026-01-12 19:32:15,045 - INFO: Loss: 0.238181
2026-01-12 19:32:15,046 - INFO: Training ROC-AUC: 0.875000
2026-01-12 19:32:15,046 - INFO: Validation ROC-AUC: 0.672387
2026-01-12 19:32:44,262 - INFO: Evaluating at iteration 51481
2026-01-12 19:32:44,723 - INFO: Loss: 0.190532
2026-01-12 19:32:44,723 - INFO: Training ROC-AUC: 0.967949
2026-01-12 19:32:44,723 - INFO: Validation ROC-AUC: 0.670686
2026-01-12 19:33:12,487 - INFO: Starting epoch 22
2026-01-12 19:33:12,549 - INFO: Evaluating at iteration 51955
2026-01-12 19:33:13,009 - INFO: Loss: 0.141220
2026-01-12 19:33:13,009 - INFO: Training ROC-AUC: 1.000000
2026-01-12 19:33:13,009 - INFO: Validation ROC-AUC: 0.673958
2026-01-12 19:33:41,848 - INFO: Evaluating at iteration 52455
2026-01-12 19:33:42,304 - INFO: Loss: 0.196511
2026-01-12 19:33:42,304 - INFO: Training ROC-AUC: 0.896552
2026-01-12 19:33:42,304 - INFO: Validation ROC-AUC: 0.678915
2026-01-12 19:34:11,409 - INFO: Evaluating at iteration 52955
2026-01-12 19:34:11,866 - INFO: Loss: 0.149443
2026-01-12 19:34:11,866 - INFO: Training ROC-AUC: 0.988571
2026-01-12 19:34:11,866 - INFO: Validation ROC-AUC: 0.673191
2026-01-12 19:34:41,255 - INFO: Evaluating at iteration 53455
2026-01-12 19:34:41,710 - INFO: Loss: 0.204250
2026-01-12 19:34:41,710 - INFO: Training ROC-AUC: 0.948718
2026-01-12 19:34:41,710 - INFO: Validation ROC-AUC: 0.670358
2026-01-12 19:35:11,007 - INFO: Evaluating at iteration 53955
2026-01-12 19:35:11,464 - INFO: Loss: 0.259916
2026-01-12 19:35:11,464 - INFO: Training ROC-AUC: 0.951691
2026-01-12 19:35:11,464 - INFO: Validation ROC-AUC: 0.678607
2026-01-12 19:35:39,303 - INFO: Starting epoch 23
2026-01-12 19:35:39,364 - INFO: Evaluating at iteration 54429
2026-01-12 19:35:39,820 - INFO: Loss: 0.144295
2026-01-12 19:35:39,820 - INFO: Training ROC-AUC: 0.988571
2026-01-12 19:35:39,820 - INFO: Validation ROC-AUC: 0.678021
2026-01-12 19:36:08,804 - INFO: Evaluating at iteration 54929
2026-01-12 19:36:09,256 - INFO: Loss: 0.248627
2026-01-12 19:36:09,256 - INFO: Training ROC-AUC: 0.918519
2026-01-12 19:36:09,256 - INFO: Validation ROC-AUC: 0.670084
2026-01-12 19:36:38,696 - INFO: Evaluating at iteration 55429
2026-01-12 19:36:39,163 - INFO: Loss: 0.135482
2026-01-12 19:36:39,164 - INFO: Training ROC-AUC: 0.937500
2026-01-12 19:36:39,164 - INFO: Validation ROC-AUC: 0.671057
2026-01-12 19:37:08,550 - INFO: Evaluating at iteration 55929
2026-01-12 19:37:09,002 - INFO: Loss: 0.100447
2026-01-12 19:37:09,003 - INFO: Training ROC-AUC: 1.000000
2026-01-12 19:37:09,003 - INFO: Validation ROC-AUC: 0.675359
2026-01-12 19:37:38,375 - INFO: Evaluating at iteration 56429
2026-01-12 19:37:38,842 - INFO: Loss: 0.115503
2026-01-12 19:37:38,842 - INFO: Training ROC-AUC: 0.973214
2026-01-12 19:37:38,842 - INFO: Validation ROC-AUC: 0.672925
2026-01-12 19:38:06,512 - INFO: Starting epoch 24
2026-01-12 19:38:06,572 - INFO: Evaluating at iteration 56903
2026-01-12 19:38:07,020 - INFO: Loss: 0.095651
2026-01-12 19:38:07,020 - INFO: Training ROC-AUC: 1.000000
2026-01-12 19:38:07,020 - INFO: Validation ROC-AUC: 0.679997
2026-01-12 19:38:36,202 - INFO: Evaluating at iteration 57403
2026-01-12 19:38:36,669 - INFO: Loss: 0.143499
2026-01-12 19:38:36,669 - INFO: Training ROC-AUC: 0.971429
2026-01-12 19:38:36,669 - INFO: Validation ROC-AUC: 0.675454
2026-01-12 19:39:06,004 - INFO: Evaluating at iteration 57903
2026-01-12 19:39:06,457 - INFO: Loss: 0.245350
2026-01-12 19:39:06,457 - INFO: Training ROC-AUC: 0.974359
2026-01-12 19:39:06,457 - INFO: Validation ROC-AUC: 0.672192
2026-01-12 19:39:35,781 - INFO: Evaluating at iteration 58403
2026-01-12 19:39:36,251 - INFO: Loss: 0.157732
2026-01-12 19:39:36,252 - INFO: Training ROC-AUC: 0.977778
2026-01-12 19:39:36,252 - INFO: Validation ROC-AUC: 0.672997
2026-01-12 19:40:05,128 - INFO: Evaluating at iteration 58903
2026-01-12 19:40:05,557 - INFO: Loss: 0.212953
2026-01-12 19:40:05,557 - INFO: Training ROC-AUC: 0.918519
2026-01-12 19:40:05,557 - INFO: Validation ROC-AUC: 0.673258
2026-01-12 19:40:32,066 - INFO: Starting epoch 25
2026-01-12 19:40:32,124 - INFO: Evaluating at iteration 59377
2026-01-12 19:40:32,571 - INFO: Loss: 0.082147
2026-01-12 19:40:32,571 - INFO: Training ROC-AUC: 1.000000
2026-01-12 19:40:32,571 - INFO: Validation ROC-AUC: 0.676116
2026-01-12 19:41:00,056 - INFO: Evaluating at iteration 59877
2026-01-12 19:41:00,482 - INFO: Loss: 0.147613
2026-01-12 19:41:00,482 - INFO: Training ROC-AUC: 1.000000
2026-01-12 19:41:00,482 - INFO: Validation ROC-AUC: 0.673601
2026-01-12 19:41:27,954 - INFO: Evaluating at iteration 60377
2026-01-12 19:41:28,394 - INFO: Loss: 0.147322
2026-01-12 19:41:28,394 - INFO: Training ROC-AUC: 0.931034
2026-01-12 19:41:28,394 - INFO: Validation ROC-AUC: 0.672964
2026-01-12 19:41:56,146 - INFO: Evaluating at iteration 60877
2026-01-12 19:41:56,574 - INFO: Loss: 0.194036
2026-01-12 19:41:56,574 - INFO: Training ROC-AUC: 0.962963
2026-01-12 19:41:56,574 - INFO: Validation ROC-AUC: 0.673026
2026-01-12 19:42:24,275 - INFO: Evaluating at iteration 61377
2026-01-12 19:42:24,700 - INFO: Loss: 0.138552
2026-01-12 19:42:24,700 - INFO: Training ROC-AUC: 0.993590
2026-01-12 19:42:24,700 - INFO: Validation ROC-AUC: 0.673979
2026-01-12 19:42:50,805 - INFO: Saving model to models/TCRStructMap_pMHC_split_sequence_only/model_5.pt
