2025-03-31 14:28:42,832 - INFO: Parameter: training_data='data/processed/sequences.h5'
2025-03-31 14:28:42,833 - INFO: Parameter: contact_maps='data/processed/contact_maps.h5'
2025-03-31 14:28:42,833 - INFO: Parameter: output='models/TCRStructMap'
2025-03-31 14:28:42,833 - INFO: Parameter: seed=123
2025-03-31 14:28:42,833 - INFO: Parameter: cdr_1_length=8
2025-03-31 14:28:42,833 - INFO: Parameter: cdr_2_length=8
2025-03-31 14:28:42,833 - INFO: Parameter: cdr_3_length=24
2025-03-31 14:28:42,833 - INFO: Parameter: peptide_length=12
2025-03-31 14:28:42,833 - INFO: Parameter: mhc_pseudo_length=26
2025-03-31 14:28:42,833 - INFO: Parameter: batch_size=32
2025-03-31 14:28:42,833 - INFO: Parameter: num_epochs=25
2025-03-31 14:28:42,833 - INFO: Parameter: learning_rate=0.001
2025-03-31 14:28:42,834 - INFO: Parameter: drop_out_rate=0.2
2025-03-31 14:28:42,834 - INFO: Parameter: learn_contact_maps=False
2025-03-31 14:28:42,834 - INFO: Parameter: checkpoint_interval=1000
2025-03-31 14:28:42,834 - INFO: Parameter: eval_interval=500
2025-03-31 14:28:42,834 - INFO: Parameter: eval_batch_size=1000
2025-03-31 14:28:42,834 - INFO: Parameter: log_level='info'
2025-03-31 14:28:42,834 - INFO: Parameter: log_file='data/logs/train_TCRStructMap.log'
2025-03-31 14:28:42,834 - INFO: Setting random seed to 123
2025-03-31 14:28:43,094 - INFO: Loading contact maps from data/processed/contact_maps.h5
2025-03-31 14:28:43,382 - INFO: Loading training data from data/processed/sequences.h5
2025-03-31 14:28:47,993 - INFO: Creating models/TCRStructMap
2025-03-31 14:28:48,030 - INFO: Starting fold 1
2025-03-31 14:28:48,031 - INFO: Initialising model
2025-03-31 14:29:17,415 - INFO: Starting training
2025-03-31 14:29:17,415 - INFO: Starting epoch 1
2025-03-31 14:29:18,227 - INFO: Evaluating at iteration 1
2025-03-31 14:29:18,359 - INFO: Loss: 0.694279
2025-03-31 14:29:18,359 - INFO: Training ROC-AUC: 0.777778
2025-03-31 14:29:18,359 - INFO: Validation ROC-AUC: 0.479167
2025-03-31 14:29:31,211 - INFO: Evaluating at iteration 501
2025-03-31 14:29:31,305 - INFO: Loss: 0.326797
2025-03-31 14:29:31,305 - INFO: Training ROC-AUC: 0.448276
2025-03-31 14:29:31,305 - INFO: Validation ROC-AUC: 0.402867
2025-03-31 14:29:44,485 - INFO: Evaluating at iteration 1001
2025-03-31 14:29:44,571 - INFO: Loss: 0.435591
2025-03-31 14:29:44,571 - INFO: Training ROC-AUC: 0.608974
2025-03-31 14:29:44,571 - INFO: Validation ROC-AUC: 0.441300
2025-03-31 14:29:57,678 - INFO: Evaluating at iteration 1501
2025-03-31 14:29:57,762 - INFO: Loss: 0.546580
2025-03-31 14:29:57,762 - INFO: Training ROC-AUC: 0.652174
2025-03-31 14:29:57,762 - INFO: Validation ROC-AUC: 0.543517
2025-03-31 14:30:10,715 - INFO: Evaluating at iteration 2001
2025-03-31 14:30:10,821 - INFO: Loss: 0.206883
2025-03-31 14:30:10,824 - INFO: Training ROC-AUC: 0.967742
2025-03-31 14:30:10,828 - INFO: Validation ROC-AUC: 0.572415
2025-03-31 14:30:23,769 - INFO: Evaluating at iteration 2501
2025-03-31 14:30:23,858 - INFO: Loss: 0.310984
2025-03-31 14:30:23,862 - INFO: Training ROC-AUC: 0.865385
2025-03-31 14:30:23,865 - INFO: Validation ROC-AUC: 0.595259
2025-03-31 14:30:26,025 - INFO: Starting epoch 2
2025-03-31 14:30:26,057 - INFO: Evaluating at iteration 2586
2025-03-31 14:30:26,145 - INFO: Loss: 0.186407
2025-03-31 14:30:26,148 - INFO: Training ROC-AUC: 0.977011
2025-03-31 14:30:26,155 - INFO: Validation ROC-AUC: 0.598877
2025-03-31 14:30:39,048 - INFO: Evaluating at iteration 3086
2025-03-31 14:30:39,153 - INFO: Loss: 0.398092
2025-03-31 14:30:39,157 - INFO: Training ROC-AUC: 0.805714
2025-03-31 14:30:39,169 - INFO: Validation ROC-AUC: 0.590785
2025-03-31 14:30:52,136 - INFO: Evaluating at iteration 3586
2025-03-31 14:30:52,256 - INFO: Loss: 0.349537
2025-03-31 14:30:52,260 - INFO: Training ROC-AUC: 0.807407
2025-03-31 14:30:52,262 - INFO: Validation ROC-AUC: 0.599380
2025-03-31 14:31:05,213 - INFO: Evaluating at iteration 4086
2025-03-31 14:31:05,310 - INFO: Loss: 0.373994
2025-03-31 14:31:05,313 - INFO: Training ROC-AUC: 0.782051
2025-03-31 14:31:05,316 - INFO: Validation ROC-AUC: 0.605094
2025-03-31 14:31:18,361 - INFO: Evaluating at iteration 4586
2025-03-31 14:31:18,468 - INFO: Loss: 0.224760
2025-03-31 14:31:18,472 - INFO: Training ROC-AUC: 0.888889
2025-03-31 14:31:18,475 - INFO: Validation ROC-AUC: 0.610155
2025-03-31 14:31:31,413 - INFO: Evaluating at iteration 5086
2025-03-31 14:31:31,513 - INFO: Loss: 0.234677
2025-03-31 14:31:31,516 - INFO: Training ROC-AUC: 0.901786
2025-03-31 14:31:31,520 - INFO: Validation ROC-AUC: 0.606576
2025-03-31 14:31:33,707 - INFO: Starting epoch 3
2025-03-31 14:31:33,740 - INFO: Evaluating at iteration 5171
2025-03-31 14:31:33,830 - INFO: Loss: 0.141591
2025-03-31 14:31:33,833 - INFO: Training ROC-AUC: 0.838710
2025-03-31 14:31:33,836 - INFO: Validation ROC-AUC: 0.618769
2025-03-31 14:31:46,844 - INFO: Evaluating at iteration 5671
2025-03-31 14:31:46,951 - INFO: Loss: 0.237524
2025-03-31 14:31:46,955 - INFO: Training ROC-AUC: 0.883929
2025-03-31 14:31:46,958 - INFO: Validation ROC-AUC: 0.621192
2025-03-31 14:31:59,998 - INFO: Evaluating at iteration 6171
2025-03-31 14:32:00,102 - INFO: Loss: 0.309519
2025-03-31 14:32:00,105 - INFO: Training ROC-AUC: 0.829630
2025-03-31 14:32:00,109 - INFO: Validation ROC-AUC: 0.594109
2025-03-31 14:32:13,098 - INFO: Evaluating at iteration 6671
2025-03-31 14:32:13,207 - INFO: Loss: 0.262712
2025-03-31 14:32:13,211 - INFO: Training ROC-AUC: 0.871795
2025-03-31 14:32:13,214 - INFO: Validation ROC-AUC: 0.595722
2025-03-31 14:32:26,226 - INFO: Evaluating at iteration 7171
2025-03-31 14:32:26,338 - INFO: Loss: 0.357911
2025-03-31 14:32:26,342 - INFO: Training ROC-AUC: 0.884058
2025-03-31 14:32:26,344 - INFO: Validation ROC-AUC: 0.581479
2025-03-31 14:32:39,451 - INFO: Evaluating at iteration 7671
2025-03-31 14:32:39,556 - INFO: Loss: 0.685984
2025-03-31 14:32:39,560 - INFO: Training ROC-AUC: 0.800000
2025-03-31 14:32:39,563 - INFO: Validation ROC-AUC: 0.595396
2025-03-31 14:32:41,734 - INFO: Starting epoch 4
2025-03-31 14:32:41,764 - INFO: Evaluating at iteration 7756
2025-03-31 14:32:41,852 - INFO: Loss: 0.323982
2025-03-31 14:32:41,855 - INFO: Training ROC-AUC: 0.903846
2025-03-31 14:32:41,858 - INFO: Validation ROC-AUC: 0.615745
2025-03-31 14:32:54,941 - INFO: Evaluating at iteration 8256
2025-03-31 14:32:55,044 - INFO: Loss: 0.267383
2025-03-31 14:32:55,050 - INFO: Training ROC-AUC: 0.643678
2025-03-31 14:32:55,056 - INFO: Validation ROC-AUC: 0.628153
2025-03-31 14:33:08,080 - INFO: Evaluating at iteration 8756
2025-03-31 14:33:08,181 - INFO: Loss: 0.169824
2025-03-31 14:33:08,184 - INFO: Training ROC-AUC: 0.964286
2025-03-31 14:33:08,187 - INFO: Validation ROC-AUC: 0.619912
2025-03-31 14:33:21,170 - INFO: Evaluating at iteration 9256
2025-03-31 14:33:21,287 - INFO: Loss: 0.161468
2025-03-31 14:33:21,291 - INFO: Training ROC-AUC: 0.783333
2025-03-31 14:33:21,294 - INFO: Validation ROC-AUC: 0.607425
2025-03-31 14:33:34,292 - INFO: Evaluating at iteration 9756
2025-03-31 14:33:34,417 - INFO: Loss: 0.184404
2025-03-31 14:33:34,421 - INFO: Training ROC-AUC: 0.928571
2025-03-31 14:33:34,424 - INFO: Validation ROC-AUC: 0.632150
2025-03-31 14:33:47,467 - INFO: Evaluating at iteration 10256
2025-03-31 14:33:47,565 - INFO: Loss: 0.308849
2025-03-31 14:33:47,574 - INFO: Training ROC-AUC: 0.961353
2025-03-31 14:33:47,583 - INFO: Validation ROC-AUC: 0.639353
2025-03-31 14:33:49,769 - INFO: Starting epoch 5
2025-03-31 14:33:49,801 - INFO: Evaluating at iteration 10341
2025-03-31 14:33:49,888 - INFO: Loss: 0.193293
2025-03-31 14:33:49,892 - INFO: Training ROC-AUC: 0.964286
2025-03-31 14:33:49,895 - INFO: Validation ROC-AUC: 0.638550
2025-03-31 14:34:02,928 - INFO: Evaluating at iteration 10841
2025-03-31 14:34:03,037 - INFO: Loss: 0.219229
2025-03-31 14:34:03,040 - INFO: Training ROC-AUC: 0.928571
2025-03-31 14:34:03,046 - INFO: Validation ROC-AUC: 0.654576
2025-03-31 14:34:16,081 - INFO: Evaluating at iteration 11341
2025-03-31 14:34:16,189 - INFO: Loss: 0.351574
2025-03-31 14:34:16,192 - INFO: Training ROC-AUC: 0.801282
2025-03-31 14:34:16,195 - INFO: Validation ROC-AUC: 0.629107
2025-03-31 14:34:29,316 - INFO: Evaluating at iteration 11841
2025-03-31 14:34:29,421 - INFO: Loss: 0.153974
2025-03-31 14:34:29,424 - INFO: Training ROC-AUC: 0.774194
2025-03-31 14:34:29,428 - INFO: Validation ROC-AUC: 0.670465
2025-03-31 14:34:42,461 - INFO: Evaluating at iteration 12341
2025-03-31 14:34:42,569 - INFO: Loss: 0.355076
2025-03-31 14:34:42,572 - INFO: Training ROC-AUC: 0.897143
2025-03-31 14:34:42,575 - INFO: Validation ROC-AUC: 0.650808
2025-03-31 14:34:55,647 - INFO: Evaluating at iteration 12841
2025-03-31 14:34:55,751 - INFO: Loss: 0.307232
2025-03-31 14:34:55,754 - INFO: Training ROC-AUC: 0.897436
2025-03-31 14:34:55,758 - INFO: Validation ROC-AUC: 0.641718
2025-03-31 14:34:57,988 - INFO: Starting epoch 6
2025-03-31 14:34:58,021 - INFO: Evaluating at iteration 12926
2025-03-31 14:34:58,115 - INFO: Loss: 0.284692
2025-03-31 14:34:58,118 - INFO: Training ROC-AUC: 0.989583
2025-03-31 14:34:58,122 - INFO: Validation ROC-AUC: 0.659278
2025-03-31 14:35:11,249 - INFO: Evaluating at iteration 13426
2025-03-31 14:35:11,362 - INFO: Loss: 0.139796
2025-03-31 14:35:11,366 - INFO: Training ROC-AUC: nan
2025-03-31 14:35:11,369 - INFO: Validation ROC-AUC: 0.648111
2025-03-31 14:35:24,474 - INFO: Evaluating at iteration 13926
2025-03-31 14:35:24,565 - INFO: Loss: 0.261836
2025-03-31 14:35:24,569 - INFO: Training ROC-AUC: 1.000000
2025-03-31 14:35:24,572 - INFO: Validation ROC-AUC: 0.671269
2025-03-31 14:35:37,734 - INFO: Evaluating at iteration 14426
2025-03-31 14:35:37,835 - INFO: Loss: 0.181606
2025-03-31 14:35:37,839 - INFO: Training ROC-AUC: 0.948571
2025-03-31 14:35:37,842 - INFO: Validation ROC-AUC: 0.672229
2025-03-31 14:35:50,947 - INFO: Evaluating at iteration 14926
2025-03-31 14:35:51,046 - INFO: Loss: 0.177430
2025-03-31 14:35:51,050 - INFO: Training ROC-AUC: 0.741935
2025-03-31 14:35:51,053 - INFO: Validation ROC-AUC: 0.662322
2025-03-31 14:36:04,137 - INFO: Evaluating at iteration 15426
2025-03-31 14:36:04,244 - INFO: Loss: 0.251341
2025-03-31 14:36:04,248 - INFO: Training ROC-AUC: 0.918519
2025-03-31 14:36:04,251 - INFO: Validation ROC-AUC: 0.661492
2025-03-31 14:36:06,446 - INFO: Starting epoch 7
2025-03-31 14:36:06,477 - INFO: Evaluating at iteration 15511
2025-03-31 14:36:06,565 - INFO: Loss: 0.265940
2025-03-31 14:36:06,568 - INFO: Training ROC-AUC: 0.884615
2025-03-31 14:36:06,571 - INFO: Validation ROC-AUC: 0.645218
2025-03-31 14:36:19,735 - INFO: Evaluating at iteration 16011
2025-03-31 14:36:19,846 - INFO: Loss: 0.196564
2025-03-31 14:36:19,850 - INFO: Training ROC-AUC: 0.866071
2025-03-31 14:36:19,853 - INFO: Validation ROC-AUC: 0.666998
2025-03-31 14:36:33,008 - INFO: Evaluating at iteration 16511
2025-03-31 14:36:33,119 - INFO: Loss: 0.455083
2025-03-31 14:36:33,123 - INFO: Training ROC-AUC: 0.880208
2025-03-31 14:36:33,126 - INFO: Validation ROC-AUC: 0.654896
2025-03-31 14:36:46,303 - INFO: Evaluating at iteration 17011
2025-03-31 14:36:46,403 - INFO: Loss: 0.294483
2025-03-31 14:36:46,406 - INFO: Training ROC-AUC: 0.869792
2025-03-31 14:36:46,409 - INFO: Validation ROC-AUC: 0.645584
2025-03-31 14:36:59,499 - INFO: Evaluating at iteration 17511
2025-03-31 14:36:59,603 - INFO: Loss: 0.194959
2025-03-31 14:36:59,616 - INFO: Training ROC-AUC: 0.903226
2025-03-31 14:36:59,621 - INFO: Validation ROC-AUC: 0.635807
2025-03-31 14:37:12,824 - INFO: Evaluating at iteration 18011
2025-03-31 14:37:12,923 - INFO: Loss: 0.224131
2025-03-31 14:37:12,926 - INFO: Training ROC-AUC: 0.942308
2025-03-31 14:37:12,929 - INFO: Validation ROC-AUC: 0.674795
2025-03-31 14:37:15,194 - INFO: Starting epoch 8
2025-03-31 14:37:15,225 - INFO: Evaluating at iteration 18096
2025-03-31 14:37:15,311 - INFO: Loss: 0.410640
2025-03-31 14:37:15,315 - INFO: Training ROC-AUC: 0.758929
2025-03-31 14:37:15,318 - INFO: Validation ROC-AUC: 0.666442
2025-03-31 14:37:28,398 - INFO: Evaluating at iteration 18596
2025-03-31 14:37:28,505 - INFO: Loss: 0.245908
2025-03-31 14:37:28,509 - INFO: Training ROC-AUC: 0.903704
2025-03-31 14:37:28,512 - INFO: Validation ROC-AUC: 0.642253
2025-03-31 14:37:41,674 - INFO: Evaluating at iteration 19096
2025-03-31 14:37:41,799 - INFO: Loss: 0.383119
2025-03-31 14:37:41,809 - INFO: Training ROC-AUC: 0.859375
2025-03-31 14:37:41,817 - INFO: Validation ROC-AUC: 0.661166
2025-03-31 14:37:55,091 - INFO: Evaluating at iteration 19596
2025-03-31 14:37:55,210 - INFO: Loss: 0.294871
2025-03-31 14:37:55,213 - INFO: Training ROC-AUC: 0.803571
2025-03-31 14:37:55,216 - INFO: Validation ROC-AUC: 0.669558
2025-03-31 14:38:08,360 - INFO: Evaluating at iteration 20096
2025-03-31 14:38:08,466 - INFO: Loss: 0.152125
2025-03-31 14:38:08,469 - INFO: Training ROC-AUC: 0.988506
2025-03-31 14:38:08,472 - INFO: Validation ROC-AUC: 0.652513
2025-03-31 14:38:21,660 - INFO: Evaluating at iteration 20596
2025-03-31 14:38:21,772 - INFO: Loss: 0.249498
2025-03-31 14:38:21,775 - INFO: Training ROC-AUC: 0.892857
2025-03-31 14:38:21,778 - INFO: Validation ROC-AUC: 0.669917
2025-03-31 14:38:23,989 - INFO: Starting epoch 9
2025-03-31 14:38:24,022 - INFO: Evaluating at iteration 20681
2025-03-31 14:38:24,109 - INFO: Loss: 0.119010
2025-03-31 14:38:24,112 - INFO: Training ROC-AUC: 0.950000
2025-03-31 14:38:24,115 - INFO: Validation ROC-AUC: 0.680816
2025-03-31 14:38:37,303 - INFO: Evaluating at iteration 21181
2025-03-31 14:38:37,456 - INFO: Loss: 0.251047
2025-03-31 14:38:37,459 - INFO: Training ROC-AUC: 0.903704
2025-03-31 14:38:37,462 - INFO: Validation ROC-AUC: 0.674919
2025-03-31 14:38:50,617 - INFO: Evaluating at iteration 21681
2025-03-31 14:38:50,747 - INFO: Loss: 0.158825
2025-03-31 14:38:50,750 - INFO: Training ROC-AUC: 0.955556
2025-03-31 14:38:50,754 - INFO: Validation ROC-AUC: 0.649698
2025-03-31 14:39:04,070 - INFO: Evaluating at iteration 22181
2025-03-31 14:39:04,177 - INFO: Loss: 0.092866
2025-03-31 14:39:04,188 - INFO: Training ROC-AUC: 1.000000
2025-03-31 14:39:04,200 - INFO: Validation ROC-AUC: 0.671830
2025-03-31 14:39:17,482 - INFO: Evaluating at iteration 22681
2025-03-31 14:39:17,586 - INFO: Loss: 0.147261
2025-03-31 14:39:17,589 - INFO: Training ROC-AUC: 0.977011
2025-03-31 14:39:17,592 - INFO: Validation ROC-AUC: 0.650521
2025-03-31 14:39:30,809 - INFO: Evaluating at iteration 23181
2025-03-31 14:39:30,930 - INFO: Loss: 0.160839
2025-03-31 14:39:30,933 - INFO: Training ROC-AUC: 0.994286
2025-03-31 14:39:30,936 - INFO: Validation ROC-AUC: 0.662668
2025-03-31 14:39:33,143 - INFO: Starting epoch 10
2025-03-31 14:39:33,176 - INFO: Evaluating at iteration 23266
2025-03-31 14:39:33,264 - INFO: Loss: 0.125392
2025-03-31 14:39:33,267 - INFO: Training ROC-AUC: 1.000000
2025-03-31 14:39:33,270 - INFO: Validation ROC-AUC: 0.656614
2025-03-31 14:39:46,542 - INFO: Evaluating at iteration 23766
2025-03-31 14:39:46,641 - INFO: Loss: 0.305217
2025-03-31 14:39:46,644 - INFO: Training ROC-AUC: 0.891026
2025-03-31 14:39:46,647 - INFO: Validation ROC-AUC: 0.661042
2025-03-31 14:40:00,024 - INFO: Evaluating at iteration 24266
2025-03-31 14:40:00,131 - INFO: Loss: 0.247773
2025-03-31 14:40:00,136 - INFO: Training ROC-AUC: 0.942308
2025-03-31 14:40:00,140 - INFO: Validation ROC-AUC: 0.659794
2025-03-31 14:40:13,381 - INFO: Evaluating at iteration 24766
2025-03-31 14:40:13,484 - INFO: Loss: 0.132933
2025-03-31 14:40:13,488 - INFO: Training ROC-AUC: 1.000000
2025-03-31 14:40:13,491 - INFO: Validation ROC-AUC: 0.655491
2025-03-31 14:40:26,893 - INFO: Evaluating at iteration 25266
2025-03-31 14:40:26,994 - INFO: Loss: 0.435932
2025-03-31 14:40:26,997 - INFO: Training ROC-AUC: 0.954167
2025-03-31 14:40:27,000 - INFO: Validation ROC-AUC: 0.638727
2025-03-31 14:40:40,401 - INFO: Evaluating at iteration 25766
2025-03-31 14:40:40,505 - INFO: Loss: 0.318579
2025-03-31 14:40:40,508 - INFO: Training ROC-AUC: 0.830357
2025-03-31 14:40:40,511 - INFO: Validation ROC-AUC: 0.650488
2025-03-31 14:40:42,741 - INFO: Starting epoch 11
2025-03-31 14:40:42,773 - INFO: Evaluating at iteration 25851
2025-03-31 14:40:42,861 - INFO: Loss: 0.305505
2025-03-31 14:40:42,864 - INFO: Training ROC-AUC: 0.812500
2025-03-31 14:40:42,867 - INFO: Validation ROC-AUC: 0.650364
2025-03-31 14:40:56,263 - INFO: Evaluating at iteration 26351
2025-03-31 14:40:56,369 - INFO: Loss: 0.287751
2025-03-31 14:40:56,372 - INFO: Training ROC-AUC: 0.937198
2025-03-31 14:40:56,376 - INFO: Validation ROC-AUC: 0.651905
2025-03-31 14:41:09,749 - INFO: Evaluating at iteration 26851
2025-03-31 14:41:09,854 - INFO: Loss: 0.184686
2025-03-31 14:41:09,858 - INFO: Training ROC-AUC: 0.873563
2025-03-31 14:41:09,861 - INFO: Validation ROC-AUC: 0.658678
2025-03-31 14:41:23,151 - INFO: Evaluating at iteration 27351
2025-03-31 14:41:23,268 - INFO: Loss: 0.256228
2025-03-31 14:41:23,271 - INFO: Training ROC-AUC: 0.866667
2025-03-31 14:41:23,274 - INFO: Validation ROC-AUC: 0.662407
2025-03-31 14:41:36,599 - INFO: Evaluating at iteration 27851
2025-03-31 14:41:36,702 - INFO: Loss: 0.174480
2025-03-31 14:41:36,705 - INFO: Training ROC-AUC: 0.985185
2025-03-31 14:41:36,709 - INFO: Validation ROC-AUC: 0.638158
2025-03-31 14:41:50,013 - INFO: Evaluating at iteration 28351
2025-03-31 14:41:50,113 - INFO: Loss: 0.136582
2025-03-31 14:41:50,117 - INFO: Training ROC-AUC: 0.977011
2025-03-31 14:41:50,120 - INFO: Validation ROC-AUC: 0.665835
2025-03-31 14:41:52,355 - INFO: Starting epoch 12
2025-03-31 14:41:52,388 - INFO: Evaluating at iteration 28436
2025-03-31 14:41:52,478 - INFO: Loss: 0.117810
2025-03-31 14:41:52,482 - INFO: Training ROC-AUC: 0.988506
2025-03-31 14:41:52,485 - INFO: Validation ROC-AUC: 0.655922
2025-03-31 14:42:05,886 - INFO: Evaluating at iteration 28936
2025-03-31 14:42:05,993 - INFO: Loss: 0.253259
2025-03-31 14:42:05,996 - INFO: Training ROC-AUC: 0.929487
2025-03-31 14:42:06,000 - INFO: Validation ROC-AUC: 0.645525
2025-03-31 14:42:19,420 - INFO: Evaluating at iteration 29436
2025-03-31 14:42:19,533 - INFO: Loss: 0.264026
2025-03-31 14:42:19,536 - INFO: Training ROC-AUC: 0.942857
2025-03-31 14:42:19,540 - INFO: Validation ROC-AUC: 0.655824
2025-03-31 14:42:32,897 - INFO: Evaluating at iteration 29936
2025-03-31 14:42:33,006 - INFO: Loss: 0.189394
2025-03-31 14:42:33,012 - INFO: Training ROC-AUC: 0.955357
2025-03-31 14:42:33,015 - INFO: Validation ROC-AUC: 0.655615
2025-03-31 14:42:46,346 - INFO: Evaluating at iteration 30436
2025-03-31 14:42:46,444 - INFO: Loss: 0.071791
2025-03-31 14:42:46,448 - INFO: Training ROC-AUC: 1.000000
2025-03-31 14:42:46,451 - INFO: Validation ROC-AUC: 0.645571
2025-03-31 14:42:59,834 - INFO: Evaluating at iteration 30936
2025-03-31 14:42:59,943 - INFO: Loss: 0.294492
2025-03-31 14:42:59,946 - INFO: Training ROC-AUC: 0.821429
2025-03-31 14:42:59,949 - INFO: Validation ROC-AUC: 0.648607
2025-03-31 14:43:02,176 - INFO: Starting epoch 13
2025-03-31 14:43:02,208 - INFO: Evaluating at iteration 31021
2025-03-31 14:43:02,295 - INFO: Loss: 0.107145
2025-03-31 14:43:02,299 - INFO: Training ROC-AUC: 0.965517
2025-03-31 14:43:02,302 - INFO: Validation ROC-AUC: 0.644735
2025-03-31 14:43:15,647 - INFO: Evaluating at iteration 31521
2025-03-31 14:43:15,770 - INFO: Loss: 0.198886
2025-03-31 14:43:15,773 - INFO: Training ROC-AUC: 0.937500
2025-03-31 14:43:15,777 - INFO: Validation ROC-AUC: 0.644663
2025-03-31 14:43:29,106 - INFO: Evaluating at iteration 32021
2025-03-31 14:43:29,225 - INFO: Loss: 0.183935
2025-03-31 14:43:29,225 - INFO: Training ROC-AUC: 0.928571
2025-03-31 14:43:29,225 - INFO: Validation ROC-AUC: 0.649665
2025-03-31 14:43:42,542 - INFO: Evaluating at iteration 32521
2025-03-31 14:43:42,626 - INFO: Loss: 0.068357
2025-03-31 14:43:42,626 - INFO: Training ROC-AUC: 1.000000
2025-03-31 14:43:42,626 - INFO: Validation ROC-AUC: 0.649313
2025-03-31 14:43:55,944 - INFO: Evaluating at iteration 33021
2025-03-31 14:43:56,028 - INFO: Loss: 0.352506
2025-03-31 14:43:56,029 - INFO: Training ROC-AUC: 0.834286
2025-03-31 14:43:56,029 - INFO: Validation ROC-AUC: 0.644611
2025-03-31 14:44:09,337 - INFO: Evaluating at iteration 33521
2025-03-31 14:44:09,423 - INFO: Loss: 0.175040
2025-03-31 14:44:09,423 - INFO: Training ROC-AUC: 0.948148
2025-03-31 14:44:09,423 - INFO: Validation ROC-AUC: 0.665698
2025-03-31 14:44:11,663 - INFO: Starting epoch 14
2025-03-31 14:44:11,691 - INFO: Evaluating at iteration 33606
2025-03-31 14:44:11,774 - INFO: Loss: 0.241452
2025-03-31 14:44:11,775 - INFO: Training ROC-AUC: 0.903704
2025-03-31 14:44:11,775 - INFO: Validation ROC-AUC: 0.642612
2025-03-31 14:44:25,074 - INFO: Evaluating at iteration 34106
2025-03-31 14:44:25,157 - INFO: Loss: 0.247327
2025-03-31 14:44:25,158 - INFO: Training ROC-AUC: 0.935897
2025-03-31 14:44:25,158 - INFO: Validation ROC-AUC: 0.651847
2025-03-31 14:44:38,579 - INFO: Evaluating at iteration 34606
2025-03-31 14:44:38,680 - INFO: Loss: 0.082968
2025-03-31 14:44:38,684 - INFO: Training ROC-AUC: 1.000000
2025-03-31 14:44:38,687 - INFO: Validation ROC-AUC: 0.645577
2025-03-31 14:44:52,028 - INFO: Evaluating at iteration 35106
2025-03-31 14:44:52,150 - INFO: Loss: 0.331046
2025-03-31 14:44:52,150 - INFO: Training ROC-AUC: 0.963542
2025-03-31 14:44:52,150 - INFO: Validation ROC-AUC: 0.648647
2025-03-31 14:45:05,513 - INFO: Evaluating at iteration 35606
2025-03-31 14:45:05,599 - INFO: Loss: 0.177383
2025-03-31 14:45:05,599 - INFO: Training ROC-AUC: 0.964286
2025-03-31 14:45:05,599 - INFO: Validation ROC-AUC: 0.646589
2025-03-31 14:45:19,095 - INFO: Evaluating at iteration 36106
2025-03-31 14:45:19,181 - INFO: Loss: 0.361706
2025-03-31 14:45:19,181 - INFO: Training ROC-AUC: 0.965368
2025-03-31 14:45:19,181 - INFO: Validation ROC-AUC: 0.642436
2025-03-31 14:45:21,461 - INFO: Starting epoch 15
2025-03-31 14:45:21,489 - INFO: Evaluating at iteration 36191
2025-03-31 14:45:21,575 - INFO: Loss: 0.347871
2025-03-31 14:45:21,575 - INFO: Training ROC-AUC: 0.794872
2025-03-31 14:45:21,575 - INFO: Validation ROC-AUC: 0.640327
2025-03-31 14:45:34,997 - INFO: Evaluating at iteration 36691
2025-03-31 14:45:35,081 - INFO: Loss: 0.285117
2025-03-31 14:45:35,081 - INFO: Training ROC-AUC: 0.916667
2025-03-31 14:45:35,081 - INFO: Validation ROC-AUC: 0.636728
2025-03-31 14:45:48,663 - INFO: Evaluating at iteration 37191
2025-03-31 14:45:48,748 - INFO: Loss: 0.123050
2025-03-31 14:45:48,748 - INFO: Training ROC-AUC: 0.993590
2025-03-31 14:45:48,749 - INFO: Validation ROC-AUC: 0.630661
2025-03-31 14:46:02,111 - INFO: Evaluating at iteration 37691
2025-03-31 14:46:02,195 - INFO: Loss: 0.414094
2025-03-31 14:46:02,195 - INFO: Training ROC-AUC: 0.777778
2025-03-31 14:46:02,195 - INFO: Validation ROC-AUC: 0.648176
2025-03-31 14:46:15,469 - INFO: Evaluating at iteration 38191
2025-03-31 14:46:15,554 - INFO: Loss: 0.193233
2025-03-31 14:46:15,554 - INFO: Training ROC-AUC: 0.979167
2025-03-31 14:46:15,554 - INFO: Validation ROC-AUC: 0.657842
2025-03-31 14:46:28,876 - INFO: Evaluating at iteration 38691
2025-03-31 14:46:28,963 - INFO: Loss: 0.326222
2025-03-31 14:46:28,963 - INFO: Training ROC-AUC: 0.918182
2025-03-31 14:46:28,963 - INFO: Validation ROC-AUC: 0.653499
2025-03-31 14:46:31,208 - INFO: Starting epoch 16
2025-03-31 14:46:31,236 - INFO: Evaluating at iteration 38776
2025-03-31 14:46:31,319 - INFO: Loss: 0.108483
2025-03-31 14:46:31,319 - INFO: Training ROC-AUC: 1.000000
2025-03-31 14:46:31,319 - INFO: Validation ROC-AUC: 0.653466
2025-03-31 14:46:44,908 - INFO: Evaluating at iteration 39276
2025-03-31 14:46:44,994 - INFO: Loss: 0.139345
2025-03-31 14:46:44,994 - INFO: Training ROC-AUC: 0.965517
2025-03-31 14:46:44,994 - INFO: Validation ROC-AUC: 0.657319
2025-03-31 14:46:58,650 - INFO: Evaluating at iteration 39776
2025-03-31 14:46:58,736 - INFO: Loss: 0.121068
2025-03-31 14:46:58,736 - INFO: Training ROC-AUC: 1.000000
2025-03-31 14:46:58,736 - INFO: Validation ROC-AUC: 0.645153
2025-03-31 14:47:12,410 - INFO: Evaluating at iteration 40276
2025-03-31 14:47:12,494 - INFO: Loss: 0.132816
2025-03-31 14:47:12,494 - INFO: Training ROC-AUC: 1.000000
2025-03-31 14:47:12,494 - INFO: Validation ROC-AUC: 0.642456
2025-03-31 14:47:26,004 - INFO: Evaluating at iteration 40776
2025-03-31 14:47:26,090 - INFO: Loss: 0.333443
2025-03-31 14:47:26,090 - INFO: Training ROC-AUC: 0.931429
2025-03-31 14:47:26,090 - INFO: Validation ROC-AUC: 0.660075
2025-03-31 14:47:39,453 - INFO: Evaluating at iteration 41276
2025-03-31 14:47:39,539 - INFO: Loss: 0.259931
2025-03-31 14:47:39,539 - INFO: Training ROC-AUC: 0.935897
2025-03-31 14:47:39,539 - INFO: Validation ROC-AUC: 0.631909
2025-03-31 14:47:41,767 - INFO: Starting epoch 17
2025-03-31 14:47:41,795 - INFO: Evaluating at iteration 41361
2025-03-31 14:47:41,878 - INFO: Loss: 0.171878
2025-03-31 14:47:41,878 - INFO: Training ROC-AUC: 0.955128
2025-03-31 14:47:41,878 - INFO: Validation ROC-AUC: 0.627853
2025-03-31 14:47:55,342 - INFO: Evaluating at iteration 41861
2025-03-31 14:47:55,425 - INFO: Loss: 0.069774
2025-03-31 14:47:55,425 - INFO: Training ROC-AUC: 1.000000
2025-03-31 14:47:55,425 - INFO: Validation ROC-AUC: 0.644957
2025-03-31 14:48:09,116 - INFO: Evaluating at iteration 42361
2025-03-31 14:48:09,203 - INFO: Loss: 0.262771
2025-03-31 14:48:09,203 - INFO: Training ROC-AUC: 0.927083
2025-03-31 14:48:09,203 - INFO: Validation ROC-AUC: 0.639027
2025-03-31 14:48:22,893 - INFO: Evaluating at iteration 42861
2025-03-31 14:48:22,977 - INFO: Loss: 0.198992
2025-03-31 14:48:22,977 - INFO: Training ROC-AUC: 0.960000
2025-03-31 14:48:22,977 - INFO: Validation ROC-AUC: 0.643520
2025-03-31 14:48:36,502 - INFO: Evaluating at iteration 43361
2025-03-31 14:48:36,586 - INFO: Loss: 0.205595
2025-03-31 14:48:36,586 - INFO: Training ROC-AUC: 0.955128
2025-03-31 14:48:36,586 - INFO: Validation ROC-AUC: 0.646785
2025-03-31 14:48:50,175 - INFO: Evaluating at iteration 43861
2025-03-31 14:48:50,260 - INFO: Loss: 0.309046
2025-03-31 14:48:50,260 - INFO: Training ROC-AUC: 0.897436
2025-03-31 14:48:50,260 - INFO: Validation ROC-AUC: 0.657711
2025-03-31 14:48:52,531 - INFO: Starting epoch 18
2025-03-31 14:48:52,559 - INFO: Evaluating at iteration 43946
2025-03-31 14:48:52,644 - INFO: Loss: 0.183570
2025-03-31 14:48:52,644 - INFO: Training ROC-AUC: 0.977143
2025-03-31 14:48:52,644 - INFO: Validation ROC-AUC: 0.656346
2025-03-31 14:49:06,259 - INFO: Evaluating at iteration 44446
2025-03-31 14:49:06,341 - INFO: Loss: 0.202546
2025-03-31 14:49:06,341 - INFO: Training ROC-AUC: 0.970370
2025-03-31 14:49:06,341 - INFO: Validation ROC-AUC: 0.653740
2025-03-31 14:49:20,160 - INFO: Evaluating at iteration 44946
2025-03-31 14:49:20,243 - INFO: Loss: 0.151843
2025-03-31 14:49:20,243 - INFO: Training ROC-AUC: 1.000000
2025-03-31 14:49:20,243 - INFO: Validation ROC-AUC: 0.648039
2025-03-31 14:49:34,092 - INFO: Evaluating at iteration 45446
2025-03-31 14:49:34,178 - INFO: Loss: 0.146521
2025-03-31 14:49:34,178 - INFO: Training ROC-AUC: 0.950000
2025-03-31 14:49:34,178 - INFO: Validation ROC-AUC: 0.650338
2025-03-31 14:49:47,910 - INFO: Evaluating at iteration 45946
2025-03-31 14:49:47,994 - INFO: Loss: 0.078878
2025-03-31 14:49:47,994 - INFO: Training ROC-AUC: 1.000000
2025-03-31 14:49:47,994 - INFO: Validation ROC-AUC: 0.646439
2025-03-31 14:50:01,687 - INFO: Evaluating at iteration 46446
2025-03-31 14:50:01,771 - INFO: Loss: 0.178560
2025-03-31 14:50:01,771 - INFO: Training ROC-AUC: 0.974359
2025-03-31 14:50:01,771 - INFO: Validation ROC-AUC: 0.659082
2025-03-31 14:50:04,052 - INFO: Starting epoch 19
2025-03-31 14:50:04,080 - INFO: Evaluating at iteration 46531
2025-03-31 14:50:04,164 - INFO: Loss: 0.178146
2025-03-31 14:50:04,164 - INFO: Training ROC-AUC: 0.919643
2025-03-31 14:50:04,164 - INFO: Validation ROC-AUC: 0.652872
2025-03-31 14:50:17,860 - INFO: Evaluating at iteration 47031
2025-03-31 14:50:17,944 - INFO: Loss: 0.305022
2025-03-31 14:50:17,944 - INFO: Training ROC-AUC: 0.942029
2025-03-31 14:50:17,944 - INFO: Validation ROC-AUC: 0.642057
2025-03-31 14:50:31,750 - INFO: Evaluating at iteration 47531
2025-03-31 14:50:31,836 - INFO: Loss: 0.176082
2025-03-31 14:50:31,836 - INFO: Training ROC-AUC: 0.971429
2025-03-31 14:50:31,836 - INFO: Validation ROC-AUC: 0.645943
2025-03-31 14:50:45,632 - INFO: Evaluating at iteration 48031
2025-03-31 14:50:45,718 - INFO: Loss: 0.115881
2025-03-31 14:50:45,718 - INFO: Training ROC-AUC: 1.000000
2025-03-31 14:50:45,718 - INFO: Validation ROC-AUC: 0.647014
2025-03-31 14:50:59,485 - INFO: Evaluating at iteration 48531
2025-03-31 14:50:59,568 - INFO: Loss: 0.123710
2025-03-31 14:50:59,568 - INFO: Training ROC-AUC: 0.987179
2025-03-31 14:50:59,568 - INFO: Validation ROC-AUC: 0.653740
2025-03-31 14:51:13,421 - INFO: Evaluating at iteration 49031
2025-03-31 14:51:13,506 - INFO: Loss: 0.079516
2025-03-31 14:51:13,506 - INFO: Training ROC-AUC: 1.000000
2025-03-31 14:51:13,506 - INFO: Validation ROC-AUC: 0.636069
2025-03-31 14:51:15,818 - INFO: Starting epoch 20
2025-03-31 14:51:15,846 - INFO: Evaluating at iteration 49116
2025-03-31 14:51:15,932 - INFO: Loss: 0.098706
2025-03-31 14:51:15,932 - INFO: Training ROC-AUC: 0.992593
2025-03-31 14:51:15,932 - INFO: Validation ROC-AUC: 0.637251
2025-03-31 14:51:30,004 - INFO: Evaluating at iteration 49616
2025-03-31 14:51:30,088 - INFO: Loss: 0.196498
2025-03-31 14:51:30,088 - INFO: Training ROC-AUC: 0.948148
2025-03-31 14:51:30,088 - INFO: Validation ROC-AUC: 0.649006
2025-03-31 14:51:44,029 - INFO: Evaluating at iteration 50116
2025-03-31 14:51:44,115 - INFO: Loss: 0.073346
2025-03-31 14:51:44,116 - INFO: Training ROC-AUC: 1.000000
2025-03-31 14:51:44,116 - INFO: Validation ROC-AUC: 0.646766
2025-03-31 14:51:58,165 - INFO: Evaluating at iteration 50616
2025-03-31 14:51:58,253 - INFO: Loss: 0.287470
2025-03-31 14:51:58,253 - INFO: Training ROC-AUC: 0.881481
2025-03-31 14:51:58,253 - INFO: Validation ROC-AUC: 0.637009
2025-03-31 14:52:12,310 - INFO: Evaluating at iteration 51116
2025-03-31 14:52:12,396 - INFO: Loss: 0.214714
2025-03-31 14:52:12,396 - INFO: Training ROC-AUC: 0.933333
2025-03-31 14:52:12,396 - INFO: Validation ROC-AUC: 0.631223
2025-03-31 14:52:26,454 - INFO: Evaluating at iteration 51616
2025-03-31 14:52:26,537 - INFO: Loss: 0.179660
2025-03-31 14:52:26,537 - INFO: Training ROC-AUC: 0.955556
2025-03-31 14:52:26,537 - INFO: Validation ROC-AUC: 0.643141
2025-03-31 14:52:28,900 - INFO: Starting epoch 21
2025-03-31 14:52:28,934 - INFO: Evaluating at iteration 51701
2025-03-31 14:52:29,019 - INFO: Loss: 0.184033
2025-03-31 14:52:29,019 - INFO: Training ROC-AUC: 0.975845
2025-03-31 14:52:29,019 - INFO: Validation ROC-AUC: 0.651703
2025-03-31 14:52:43,132 - INFO: Evaluating at iteration 52201
2025-03-31 14:52:43,221 - INFO: Loss: 0.142573
2025-03-31 14:52:43,221 - INFO: Training ROC-AUC: 0.966667
2025-03-31 14:52:43,221 - INFO: Validation ROC-AUC: 0.645806
2025-03-31 14:52:57,487 - INFO: Evaluating at iteration 52701
2025-03-31 14:52:57,571 - INFO: Loss: 0.244762
2025-03-31 14:52:57,571 - INFO: Training ROC-AUC: 0.892857
2025-03-31 14:52:57,571 - INFO: Validation ROC-AUC: 0.644271
2025-03-31 14:53:11,684 - INFO: Evaluating at iteration 53201
2025-03-31 14:53:11,770 - INFO: Loss: 0.278410
2025-03-31 14:53:11,770 - INFO: Training ROC-AUC: 0.937143
2025-03-31 14:53:11,770 - INFO: Validation ROC-AUC: 0.648157
2025-03-31 14:53:25,937 - INFO: Evaluating at iteration 53701
2025-03-31 14:53:26,021 - INFO: Loss: 0.110437
2025-03-31 14:53:26,021 - INFO: Training ROC-AUC: 1.000000
2025-03-31 14:53:26,021 - INFO: Validation ROC-AUC: 0.651638
2025-03-31 14:53:40,258 - INFO: Evaluating at iteration 54201
2025-03-31 14:53:40,345 - INFO: Loss: 0.220713
2025-03-31 14:53:40,345 - INFO: Training ROC-AUC: 0.903704
2025-03-31 14:53:40,345 - INFO: Validation ROC-AUC: 0.645812
2025-03-31 14:53:42,768 - INFO: Starting epoch 22
2025-03-31 14:53:42,796 - INFO: Evaluating at iteration 54286
2025-03-31 14:53:42,884 - INFO: Loss: 0.090313
2025-03-31 14:53:42,884 - INFO: Training ROC-AUC: 1.000000
2025-03-31 14:53:42,884 - INFO: Validation ROC-AUC: 0.644500
2025-03-31 14:53:57,224 - INFO: Evaluating at iteration 54786
2025-03-31 14:53:57,310 - INFO: Loss: 0.136784
2025-03-31 14:53:57,310 - INFO: Training ROC-AUC: 0.988571
2025-03-31 14:53:57,310 - INFO: Validation ROC-AUC: 0.645381
2025-03-31 14:54:11,498 - INFO: Evaluating at iteration 55286
2025-03-31 14:54:11,583 - INFO: Loss: 0.157896
2025-03-31 14:54:11,583 - INFO: Training ROC-AUC: 0.988571
2025-03-31 14:54:11,583 - INFO: Validation ROC-AUC: 0.646491
2025-03-31 14:54:25,862 - INFO: Evaluating at iteration 55786
2025-03-31 14:54:25,946 - INFO: Loss: 0.254340
2025-03-31 14:54:25,946 - INFO: Training ROC-AUC: 0.973214
2025-03-31 14:54:25,946 - INFO: Validation ROC-AUC: 0.638119
2025-03-31 14:54:40,252 - INFO: Evaluating at iteration 56286
2025-03-31 14:54:40,338 - INFO: Loss: 0.126178
2025-03-31 14:54:40,338 - INFO: Training ROC-AUC: 1.000000
2025-03-31 14:54:40,338 - INFO: Validation ROC-AUC: 0.647993
2025-03-31 14:54:54,708 - INFO: Evaluating at iteration 56786
2025-03-31 14:54:54,792 - INFO: Loss: 0.112314
2025-03-31 14:54:54,792 - INFO: Training ROC-AUC: 0.980769
2025-03-31 14:54:54,792 - INFO: Validation ROC-AUC: 0.653688
2025-03-31 14:54:57,185 - INFO: Starting epoch 23
2025-03-31 14:54:57,213 - INFO: Evaluating at iteration 56871
2025-03-31 14:54:57,297 - INFO: Loss: 0.094840
2025-03-31 14:54:57,297 - INFO: Training ROC-AUC: 0.977011
2025-03-31 14:54:57,297 - INFO: Validation ROC-AUC: 0.643318
2025-03-31 14:55:11,756 - INFO: Evaluating at iteration 57371
2025-03-31 14:55:11,841 - INFO: Loss: 0.303449
2025-03-31 14:55:11,841 - INFO: Training ROC-AUC: 0.971660
2025-03-31 14:55:11,841 - INFO: Validation ROC-AUC: 0.648118
2025-03-31 14:55:26,420 - INFO: Evaluating at iteration 57871
2025-03-31 14:55:26,504 - INFO: Loss: 0.116608
2025-03-31 14:55:26,504 - INFO: Training ROC-AUC: 0.933333
2025-03-31 14:55:26,504 - INFO: Validation ROC-AUC: 0.644095
2025-03-31 14:55:41,055 - INFO: Evaluating at iteration 58371
2025-03-31 14:55:41,139 - INFO: Loss: 0.059818
2025-03-31 14:55:41,139 - INFO: Training ROC-AUC: 1.000000
2025-03-31 14:55:41,139 - INFO: Validation ROC-AUC: 0.645035
2025-03-31 14:55:55,731 - INFO: Evaluating at iteration 58871
2025-03-31 14:55:55,817 - INFO: Loss: 0.214981
2025-03-31 14:55:55,817 - INFO: Training ROC-AUC: 0.965714
2025-03-31 14:55:55,817 - INFO: Validation ROC-AUC: 0.631131
2025-03-31 14:56:10,547 - INFO: Evaluating at iteration 59371
2025-03-31 14:56:10,635 - INFO: Loss: 0.196347
2025-03-31 14:56:10,636 - INFO: Training ROC-AUC: 0.993590
2025-03-31 14:56:10,636 - INFO: Validation ROC-AUC: 0.654798
2025-03-31 14:56:13,110 - INFO: Starting epoch 24
2025-03-31 14:56:13,140 - INFO: Evaluating at iteration 59456
2025-03-31 14:56:13,227 - INFO: Loss: 0.133670
2025-03-31 14:56:13,227 - INFO: Training ROC-AUC: 0.931034
2025-03-31 14:56:13,227 - INFO: Validation ROC-AUC: 0.645858
2025-03-31 14:56:27,790 - INFO: Evaluating at iteration 59956
2025-03-31 14:56:27,878 - INFO: Loss: 0.131266
2025-03-31 14:56:27,878 - INFO: Training ROC-AUC: 0.985185
2025-03-31 14:56:27,878 - INFO: Validation ROC-AUC: 0.641254
2025-03-31 14:56:42,474 - INFO: Evaluating at iteration 60456
2025-03-31 14:56:42,559 - INFO: Loss: 0.210739
2025-03-31 14:56:42,560 - INFO: Training ROC-AUC: 0.963636
2025-03-31 14:56:42,560 - INFO: Validation ROC-AUC: 0.647556
2025-03-31 14:56:57,327 - INFO: Evaluating at iteration 60956
2025-03-31 14:56:57,411 - INFO: Loss: 0.272520
2025-03-31 14:56:57,411 - INFO: Training ROC-AUC: 0.816092
2025-03-31 14:56:57,411 - INFO: Validation ROC-AUC: 0.641202
2025-03-31 14:57:11,913 - INFO: Evaluating at iteration 61456
2025-03-31 14:57:11,998 - INFO: Loss: 0.134750
2025-03-31 14:57:11,998 - INFO: Training ROC-AUC: 0.987179
2025-03-31 14:57:11,998 - INFO: Validation ROC-AUC: 0.636454
2025-03-31 14:57:26,667 - INFO: Evaluating at iteration 61956
2025-03-31 14:57:26,752 - INFO: Loss: 0.152565
2025-03-31 14:57:26,752 - INFO: Training ROC-AUC: 0.987179
2025-03-31 14:57:26,752 - INFO: Validation ROC-AUC: 0.633358
2025-03-31 14:57:29,267 - INFO: Starting epoch 25
2025-03-31 14:57:29,296 - INFO: Evaluating at iteration 62041
2025-03-31 14:57:29,382 - INFO: Loss: 0.156430
2025-03-31 14:57:29,382 - INFO: Training ROC-AUC: 0.980769
2025-03-31 14:57:29,382 - INFO: Validation ROC-AUC: 0.638655
2025-03-31 14:57:44,056 - INFO: Evaluating at iteration 62541
2025-03-31 14:57:44,141 - INFO: Loss: 0.117965
2025-03-31 14:57:44,141 - INFO: Training ROC-AUC: 0.977011
2025-03-31 14:57:44,141 - INFO: Validation ROC-AUC: 0.641522
2025-03-31 14:57:58,928 - INFO: Evaluating at iteration 63041
2025-03-31 14:57:59,020 - INFO: Loss: 0.146319
2025-03-31 14:57:59,021 - INFO: Training ROC-AUC: 0.980769
2025-03-31 14:57:59,021 - INFO: Validation ROC-AUC: 0.644376
2025-03-31 14:58:13,853 - INFO: Evaluating at iteration 63541
2025-03-31 14:58:13,940 - INFO: Loss: 0.249093
2025-03-31 14:58:13,940 - INFO: Training ROC-AUC: 0.937143
2025-03-31 14:58:13,940 - INFO: Validation ROC-AUC: 0.640424
2025-03-31 14:58:28,695 - INFO: Evaluating at iteration 64041
2025-03-31 14:58:28,782 - INFO: Loss: 0.106827
2025-03-31 14:58:28,782 - INFO: Training ROC-AUC: 1.000000
2025-03-31 14:58:28,782 - INFO: Validation ROC-AUC: 0.643912
2025-03-31 14:58:43,609 - INFO: Evaluating at iteration 64541
2025-03-31 14:58:43,693 - INFO: Loss: 0.246693
2025-03-31 14:58:43,693 - INFO: Training ROC-AUC: 0.962963
2025-03-31 14:58:43,693 - INFO: Validation ROC-AUC: 0.640424
2025-03-31 14:58:46,194 - INFO: Saving model to models/TCRStructMap/model_1.pt
2025-03-31 14:58:46,205 - INFO: Starting fold 2
2025-03-31 14:58:46,206 - INFO: Initialising model
2025-03-31 14:58:46,217 - INFO: Starting training
2025-03-31 14:58:46,218 - INFO: Starting epoch 1
2025-03-31 14:58:46,247 - INFO: Evaluating at iteration 1
2025-03-31 14:58:46,486 - INFO: Loss: 0.696254
2025-03-31 14:58:46,486 - INFO: Training ROC-AUC: 0.754286
2025-03-31 14:58:46,486 - INFO: Validation ROC-AUC: 0.433605
2025-03-31 14:58:59,336 - INFO: Evaluating at iteration 501
2025-03-31 14:58:59,566 - INFO: Loss: 0.464487
2025-03-31 14:58:59,566 - INFO: Training ROC-AUC: 0.885714
2025-03-31 14:58:59,566 - INFO: Validation ROC-AUC: 0.521632
2025-03-31 14:59:12,561 - INFO: Evaluating at iteration 1001
2025-03-31 14:59:12,770 - INFO: Loss: 0.431623
2025-03-31 14:59:12,770 - INFO: Training ROC-AUC: 0.725714
2025-03-31 14:59:12,770 - INFO: Validation ROC-AUC: 0.497352
2025-03-31 14:59:25,681 - INFO: Evaluating at iteration 1501
2025-03-31 14:59:25,887 - INFO: Loss: 0.312917
2025-03-31 14:59:25,887 - INFO: Training ROC-AUC: 0.718519
2025-03-31 14:59:25,887 - INFO: Validation ROC-AUC: 0.476704
2025-03-31 14:59:38,831 - INFO: Evaluating at iteration 2001
2025-03-31 14:59:39,046 - INFO: Loss: 0.311621
2025-03-31 14:59:39,046 - INFO: Training ROC-AUC: 0.714286
2025-03-31 14:59:39,046 - INFO: Validation ROC-AUC: 0.514617
2025-03-31 14:59:51,932 - INFO: Evaluating at iteration 2501
2025-03-31 14:59:52,156 - INFO: Loss: 0.276678
2025-03-31 14:59:52,156 - INFO: Training ROC-AUC: 0.839080
2025-03-31 14:59:52,156 - INFO: Validation ROC-AUC: 0.508350
2025-03-31 14:59:53,087 - INFO: Starting epoch 2
2025-03-31 14:59:53,114 - INFO: Evaluating at iteration 2538
2025-03-31 14:59:53,340 - INFO: Loss: 0.225408
2025-03-31 14:59:53,340 - INFO: Training ROC-AUC: 0.955128
2025-03-31 14:59:53,340 - INFO: Validation ROC-AUC: 0.493835
2025-03-31 15:00:06,287 - INFO: Evaluating at iteration 3038
2025-03-31 15:00:06,513 - INFO: Loss: 0.371577
2025-03-31 15:00:06,514 - INFO: Training ROC-AUC: 0.891026
2025-03-31 15:00:06,514 - INFO: Validation ROC-AUC: 0.532416
2025-03-31 15:00:19,503 - INFO: Evaluating at iteration 3538
2025-03-31 15:00:19,744 - INFO: Loss: 0.301488
2025-03-31 15:00:19,744 - INFO: Training ROC-AUC: 0.632184
2025-03-31 15:00:19,744 - INFO: Validation ROC-AUC: 0.579148
2025-03-31 15:00:32,809 - INFO: Evaluating at iteration 4038
2025-03-31 15:00:33,022 - INFO: Loss: 0.285198
2025-03-31 15:00:33,022 - INFO: Training ROC-AUC: 0.803571
2025-03-31 15:00:33,022 - INFO: Validation ROC-AUC: 0.583560
2025-03-31 15:00:46,041 - INFO: Evaluating at iteration 4538
2025-03-31 15:00:46,249 - INFO: Loss: 0.109615
2025-03-31 15:00:46,249 - INFO: Training ROC-AUC: 1.000000
2025-03-31 15:00:46,249 - INFO: Validation ROC-AUC: 0.588397
2025-03-31 15:00:59,284 - INFO: Evaluating at iteration 5038
2025-03-31 15:00:59,510 - INFO: Loss: 0.342891
2025-03-31 15:00:59,510 - INFO: Training ROC-AUC: 0.620690
2025-03-31 15:00:59,510 - INFO: Validation ROC-AUC: 0.577145
2025-03-31 15:01:00,446 - INFO: Starting epoch 3
2025-03-31 15:01:00,473 - INFO: Evaluating at iteration 5075
2025-03-31 15:01:00,687 - INFO: Loss: 0.347229
2025-03-31 15:01:00,688 - INFO: Training ROC-AUC: 0.826923
2025-03-31 15:01:00,688 - INFO: Validation ROC-AUC: 0.583525
2025-03-31 15:01:13,750 - INFO: Evaluating at iteration 5575
2025-03-31 15:01:13,968 - INFO: Loss: 0.153543
2025-03-31 15:01:13,968 - INFO: Training ROC-AUC: 0.935484
2025-03-31 15:01:13,968 - INFO: Validation ROC-AUC: 0.611130
2025-03-31 15:01:26,952 - INFO: Evaluating at iteration 6075
2025-03-31 15:01:27,172 - INFO: Loss: 0.231630
2025-03-31 15:01:27,172 - INFO: Training ROC-AUC: 0.800000
2025-03-31 15:01:27,172 - INFO: Validation ROC-AUC: 0.609865
2025-03-31 15:01:40,326 - INFO: Evaluating at iteration 6575
2025-03-31 15:01:40,551 - INFO: Loss: 0.311988
2025-03-31 15:01:40,552 - INFO: Training ROC-AUC: 0.921875
2025-03-31 15:01:40,552 - INFO: Validation ROC-AUC: 0.617842
2025-03-31 15:01:53,601 - INFO: Evaluating at iteration 7075
2025-03-31 15:01:53,821 - INFO: Loss: 0.203806
2025-03-31 15:01:53,822 - INFO: Training ROC-AUC: 0.873563
2025-03-31 15:01:53,822 - INFO: Validation ROC-AUC: 0.629121
2025-03-31 15:02:07,000 - INFO: Evaluating at iteration 7575
2025-03-31 15:02:07,222 - INFO: Loss: 0.246614
2025-03-31 15:02:07,222 - INFO: Training ROC-AUC: 0.954286
2025-03-31 15:02:07,222 - INFO: Validation ROC-AUC: 0.627017
2025-03-31 15:02:08,183 - INFO: Starting epoch 4
2025-03-31 15:02:08,211 - INFO: Evaluating at iteration 7612
2025-03-31 15:02:08,426 - INFO: Loss: 0.209854
2025-03-31 15:02:08,426 - INFO: Training ROC-AUC: 0.982857
2025-03-31 15:02:08,426 - INFO: Validation ROC-AUC: 0.621318
2025-03-31 15:02:21,606 - INFO: Evaluating at iteration 8112
2025-03-31 15:02:21,825 - INFO: Loss: 0.288750
2025-03-31 15:02:21,826 - INFO: Training ROC-AUC: 0.803571
2025-03-31 15:02:21,826 - INFO: Validation ROC-AUC: 0.616166
2025-03-31 15:02:34,976 - INFO: Evaluating at iteration 8612
2025-03-31 15:02:35,190 - INFO: Loss: 0.217378
2025-03-31 15:02:35,190 - INFO: Training ROC-AUC: 0.850575
2025-03-31 15:02:35,190 - INFO: Validation ROC-AUC: 0.619902
2025-03-31 15:02:48,319 - INFO: Evaluating at iteration 9112
2025-03-31 15:02:48,543 - INFO: Loss: 0.420571
2025-03-31 15:02:48,543 - INFO: Training ROC-AUC: 0.802083
2025-03-31 15:02:48,543 - INFO: Validation ROC-AUC: 0.619174
2025-03-31 15:03:01,709 - INFO: Evaluating at iteration 9612
2025-03-31 15:03:01,929 - INFO: Loss: 0.219755
2025-03-31 15:03:01,929 - INFO: Training ROC-AUC: 0.977778
2025-03-31 15:03:01,929 - INFO: Validation ROC-AUC: 0.617070
2025-03-31 15:03:15,153 - INFO: Evaluating at iteration 10112
2025-03-31 15:03:15,371 - INFO: Loss: 0.171476
2025-03-31 15:03:15,371 - INFO: Training ROC-AUC: 0.994286
2025-03-31 15:03:15,371 - INFO: Validation ROC-AUC: 0.630413
2025-03-31 15:03:16,316 - INFO: Starting epoch 5
2025-03-31 15:03:16,343 - INFO: Evaluating at iteration 10149
2025-03-31 15:03:16,563 - INFO: Loss: 0.188071
2025-03-31 15:03:16,563 - INFO: Training ROC-AUC: 0.910714
2025-03-31 15:03:16,563 - INFO: Validation ROC-AUC: 0.633433
2025-03-31 15:03:29,793 - INFO: Evaluating at iteration 10649
2025-03-31 15:03:30,012 - INFO: Loss: 0.135166
2025-03-31 15:03:30,012 - INFO: Training ROC-AUC: 0.983333
2025-03-31 15:03:30,012 - INFO: Validation ROC-AUC: 0.611906
2025-03-31 15:03:43,240 - INFO: Evaluating at iteration 11149
2025-03-31 15:03:43,461 - INFO: Loss: 0.163731
2025-03-31 15:03:43,461 - INFO: Training ROC-AUC: 0.928571
2025-03-31 15:03:43,461 - INFO: Validation ROC-AUC: 0.610344
2025-03-31 15:03:56,627 - INFO: Evaluating at iteration 11649
2025-03-31 15:03:56,846 - INFO: Loss: 0.357725
2025-03-31 15:03:56,846 - INFO: Training ROC-AUC: 0.857143
2025-03-31 15:03:56,846 - INFO: Validation ROC-AUC: 0.611630
2025-03-31 15:04:09,992 - INFO: Evaluating at iteration 12149
2025-03-31 15:04:10,210 - INFO: Loss: 0.232289
2025-03-31 15:04:10,210 - INFO: Training ROC-AUC: 0.839286
2025-03-31 15:04:10,210 - INFO: Validation ROC-AUC: 0.604888
2025-03-31 15:04:23,431 - INFO: Evaluating at iteration 12649
2025-03-31 15:04:23,647 - INFO: Loss: 0.375494
2025-03-31 15:04:23,647 - INFO: Training ROC-AUC: 0.792593
2025-03-31 15:04:23,647 - INFO: Validation ROC-AUC: 0.632018
2025-03-31 15:04:24,590 - INFO: Starting epoch 6
2025-03-31 15:04:24,617 - INFO: Evaluating at iteration 12686
2025-03-31 15:04:24,828 - INFO: Loss: 0.200266
2025-03-31 15:04:24,828 - INFO: Training ROC-AUC: 0.833333
2025-03-31 15:04:24,828 - INFO: Validation ROC-AUC: 0.628393
2025-03-31 15:04:38,090 - INFO: Evaluating at iteration 13186
2025-03-31 15:04:38,306 - INFO: Loss: 0.245371
2025-03-31 15:04:38,307 - INFO: Training ROC-AUC: 0.942308
2025-03-31 15:04:38,307 - INFO: Validation ROC-AUC: 0.637823
2025-03-31 15:04:51,531 - INFO: Evaluating at iteration 13686
2025-03-31 15:04:51,749 - INFO: Loss: 0.176938
2025-03-31 15:04:51,750 - INFO: Training ROC-AUC: 0.908046
2025-03-31 15:04:51,750 - INFO: Validation ROC-AUC: 0.609533
2025-03-31 15:05:05,013 - INFO: Evaluating at iteration 14186
2025-03-31 15:05:05,235 - INFO: Loss: 0.300392
2025-03-31 15:05:05,235 - INFO: Training ROC-AUC: 0.920000
2025-03-31 15:05:05,235 - INFO: Validation ROC-AUC: 0.616522
2025-03-31 15:05:18,446 - INFO: Evaluating at iteration 14686
2025-03-31 15:05:18,660 - INFO: Loss: 0.287188
2025-03-31 15:05:18,660 - INFO: Training ROC-AUC: 0.935897
2025-03-31 15:05:18,660 - INFO: Validation ROC-AUC: 0.625383
2025-03-31 15:05:31,882 - INFO: Evaluating at iteration 15186
2025-03-31 15:05:32,097 - INFO: Loss: 0.351585
2025-03-31 15:05:32,098 - INFO: Training ROC-AUC: 0.864583
2025-03-31 15:05:32,098 - INFO: Validation ROC-AUC: 0.627756
2025-03-31 15:05:33,067 - INFO: Starting epoch 7
2025-03-31 15:05:33,095 - INFO: Evaluating at iteration 15223
2025-03-31 15:05:33,310 - INFO: Loss: 0.294607
2025-03-31 15:05:33,310 - INFO: Training ROC-AUC: 0.785714
2025-03-31 15:05:33,310 - INFO: Validation ROC-AUC: 0.621836
2025-03-31 15:05:46,556 - INFO: Evaluating at iteration 15723
2025-03-31 15:05:46,778 - INFO: Loss: 0.242772
2025-03-31 15:05:46,778 - INFO: Training ROC-AUC: 0.942708
2025-03-31 15:05:46,778 - INFO: Validation ROC-AUC: 0.633227
2025-03-31 15:06:00,006 - INFO: Evaluating at iteration 16223
2025-03-31 15:06:00,222 - INFO: Loss: 0.283889
2025-03-31 15:06:00,222 - INFO: Training ROC-AUC: 0.966184
2025-03-31 15:06:00,222 - INFO: Validation ROC-AUC: 0.611064
2025-03-31 15:06:13,413 - INFO: Evaluating at iteration 16723
2025-03-31 15:06:13,622 - INFO: Loss: 0.414727
2025-03-31 15:06:13,622 - INFO: Training ROC-AUC: 0.788571
2025-03-31 15:06:13,622 - INFO: Validation ROC-AUC: 0.623531
2025-03-31 15:06:26,897 - INFO: Evaluating at iteration 17223
2025-03-31 15:06:27,103 - INFO: Loss: 0.454960
2025-03-31 15:06:27,104 - INFO: Training ROC-AUC: 0.777143
2025-03-31 15:06:27,104 - INFO: Validation ROC-AUC: 0.628286
2025-03-31 15:06:40,390 - INFO: Evaluating at iteration 17723
2025-03-31 15:06:40,598 - INFO: Loss: 0.357388
2025-03-31 15:06:40,598 - INFO: Training ROC-AUC: 0.862857
2025-03-31 15:06:40,598 - INFO: Validation ROC-AUC: 0.610253
2025-03-31 15:06:41,549 - INFO: Starting epoch 8
2025-03-31 15:06:41,576 - INFO: Evaluating at iteration 17760
2025-03-31 15:06:41,781 - INFO: Loss: 0.215621
2025-03-31 15:06:41,781 - INFO: Training ROC-AUC: 0.993590
2025-03-31 15:06:41,781 - INFO: Validation ROC-AUC: 0.618999
2025-03-31 15:06:55,066 - INFO: Evaluating at iteration 18260
2025-03-31 15:06:55,279 - INFO: Loss: 0.254817
2025-03-31 15:06:55,279 - INFO: Training ROC-AUC: 0.979167
2025-03-31 15:06:55,279 - INFO: Validation ROC-AUC: 0.636883
2025-03-31 15:07:08,671 - INFO: Evaluating at iteration 18760
2025-03-31 15:07:08,877 - INFO: Loss: 0.335422
2025-03-31 15:07:08,878 - INFO: Training ROC-AUC: 0.732143
2025-03-31 15:07:08,878 - INFO: Validation ROC-AUC: 0.634791
2025-03-31 15:07:22,195 - INFO: Evaluating at iteration 19260
2025-03-31 15:07:22,401 - INFO: Loss: 0.246300
2025-03-31 15:07:22,401 - INFO: Training ROC-AUC: 0.910256
2025-03-31 15:07:22,401 - INFO: Validation ROC-AUC: 0.606303
2025-03-31 15:07:35,688 - INFO: Evaluating at iteration 19760
2025-03-31 15:07:35,905 - INFO: Loss: 0.118615
2025-03-31 15:07:35,905 - INFO: Training ROC-AUC: 1.000000
2025-03-31 15:07:35,905 - INFO: Validation ROC-AUC: 0.628136
2025-03-31 15:07:49,231 - INFO: Evaluating at iteration 20260
2025-03-31 15:07:49,443 - INFO: Loss: 0.322818
2025-03-31 15:07:49,443 - INFO: Training ROC-AUC: 0.800000
2025-03-31 15:07:49,443 - INFO: Validation ROC-AUC: 0.640978
2025-03-31 15:07:50,397 - INFO: Starting epoch 9
2025-03-31 15:07:50,424 - INFO: Evaluating at iteration 20297
2025-03-31 15:07:50,639 - INFO: Loss: 0.202059
2025-03-31 15:07:50,639 - INFO: Training ROC-AUC: 0.903704
2025-03-31 15:07:50,639 - INFO: Validation ROC-AUC: 0.619162
2025-03-31 15:08:03,927 - INFO: Evaluating at iteration 20797
2025-03-31 15:08:04,143 - INFO: Loss: 0.306355
2025-03-31 15:08:04,143 - INFO: Training ROC-AUC: 0.911458
2025-03-31 15:08:04,143 - INFO: Validation ROC-AUC: 0.621279
2025-03-31 15:08:17,488 - INFO: Evaluating at iteration 21297
2025-03-31 15:08:17,703 - INFO: Loss: 0.210048
2025-03-31 15:08:17,703 - INFO: Training ROC-AUC: 0.910714
2025-03-31 15:08:17,703 - INFO: Validation ROC-AUC: 0.624971
2025-03-31 15:08:31,043 - INFO: Evaluating at iteration 21797
2025-03-31 15:08:31,252 - INFO: Loss: 0.131699
2025-03-31 15:08:31,252 - INFO: Training ROC-AUC: 0.954023
2025-03-31 15:08:31,252 - INFO: Validation ROC-AUC: 0.597260
2025-03-31 15:08:44,643 - INFO: Evaluating at iteration 22297
2025-03-31 15:08:44,858 - INFO: Loss: 0.244118
2025-03-31 15:08:44,859 - INFO: Training ROC-AUC: 0.901786
2025-03-31 15:08:44,859 - INFO: Validation ROC-AUC: 0.608893
2025-03-31 15:08:58,192 - INFO: Evaluating at iteration 22797
2025-03-31 15:08:58,404 - INFO: Loss: 0.182358
2025-03-31 15:08:58,404 - INFO: Training ROC-AUC: 0.970370
2025-03-31 15:08:58,404 - INFO: Validation ROC-AUC: 0.596796
2025-03-31 15:08:59,378 - INFO: Starting epoch 10
2025-03-31 15:08:59,407 - INFO: Evaluating at iteration 22834
2025-03-31 15:08:59,617 - INFO: Loss: 0.280558
2025-03-31 15:08:59,617 - INFO: Training ROC-AUC: 0.600000
2025-03-31 15:08:59,617 - INFO: Validation ROC-AUC: 0.596252
2025-03-31 15:09:13,065 - INFO: Evaluating at iteration 23334
2025-03-31 15:09:13,275 - INFO: Loss: 0.278540
2025-03-31 15:09:13,276 - INFO: Training ROC-AUC: 0.937143
2025-03-31 15:09:13,276 - INFO: Validation ROC-AUC: 0.639344
2025-03-31 15:09:26,679 - INFO: Evaluating at iteration 23834
2025-03-31 15:09:26,887 - INFO: Loss: 0.144242
2025-03-31 15:09:26,887 - INFO: Training ROC-AUC: 0.962963
2025-03-31 15:09:26,887 - INFO: Validation ROC-AUC: 0.624835
2025-03-31 15:09:40,270 - INFO: Evaluating at iteration 24334
2025-03-31 15:09:40,478 - INFO: Loss: 0.266112
2025-03-31 15:09:40,478 - INFO: Training ROC-AUC: 0.931429
2025-03-31 15:09:40,478 - INFO: Validation ROC-AUC: 0.612851
2025-03-31 15:09:53,835 - INFO: Evaluating at iteration 24834
2025-03-31 15:09:54,042 - INFO: Loss: 0.252354
2025-03-31 15:09:54,042 - INFO: Training ROC-AUC: 0.931429
2025-03-31 15:09:54,042 - INFO: Validation ROC-AUC: 0.641334
2025-03-31 15:10:07,536 - INFO: Evaluating at iteration 25334
2025-03-31 15:10:07,739 - INFO: Loss: 0.210351
2025-03-31 15:10:07,739 - INFO: Training ROC-AUC: 0.888889
2025-03-31 15:10:07,739 - INFO: Validation ROC-AUC: 0.609789
2025-03-31 15:10:08,711 - INFO: Starting epoch 11
2025-03-31 15:10:08,740 - INFO: Evaluating at iteration 25371
2025-03-31 15:10:08,950 - INFO: Loss: 0.208107
2025-03-31 15:10:08,950 - INFO: Training ROC-AUC: 0.816667
2025-03-31 15:10:08,950 - INFO: Validation ROC-AUC: 0.614047
2025-03-31 15:10:22,431 - INFO: Evaluating at iteration 25871
2025-03-31 15:10:22,636 - INFO: Loss: 0.135015
2025-03-31 15:10:22,636 - INFO: Training ROC-AUC: 0.992593
2025-03-31 15:10:22,636 - INFO: Validation ROC-AUC: 0.623246
2025-03-31 15:10:36,102 - INFO: Evaluating at iteration 26371
2025-03-31 15:10:36,311 - INFO: Loss: 0.327953
2025-03-31 15:10:36,311 - INFO: Training ROC-AUC: 0.874286
2025-03-31 15:10:36,311 - INFO: Validation ROC-AUC: 0.607181
2025-03-31 15:10:49,905 - INFO: Evaluating at iteration 26871
2025-03-31 15:10:50,113 - INFO: Loss: 0.246638
2025-03-31 15:10:50,114 - INFO: Training ROC-AUC: 0.929487
2025-03-31 15:10:50,114 - INFO: Validation ROC-AUC: 0.626457
2025-03-31 15:11:03,677 - INFO: Evaluating at iteration 27371
2025-03-31 15:11:03,886 - INFO: Loss: 0.188661
2025-03-31 15:11:03,886 - INFO: Training ROC-AUC: 0.970370
2025-03-31 15:11:03,886 - INFO: Validation ROC-AUC: 0.626327
2025-03-31 15:11:17,412 - INFO: Evaluating at iteration 27871
2025-03-31 15:11:17,622 - INFO: Loss: 0.084186
2025-03-31 15:11:17,622 - INFO: Training ROC-AUC: 1.000000
2025-03-31 15:11:17,622 - INFO: Validation ROC-AUC: 0.630989
2025-03-31 15:11:18,587 - INFO: Starting epoch 12
2025-03-31 15:11:18,617 - INFO: Evaluating at iteration 27908
2025-03-31 15:11:18,822 - INFO: Loss: 0.370379
2025-03-31 15:11:18,822 - INFO: Training ROC-AUC: 0.850242
2025-03-31 15:11:18,822 - INFO: Validation ROC-AUC: 0.619603
2025-03-31 15:11:32,270 - INFO: Evaluating at iteration 28408
2025-03-31 15:11:32,476 - INFO: Loss: 0.362430
2025-03-31 15:11:32,476 - INFO: Training ROC-AUC: 0.859259
2025-03-31 15:11:32,476 - INFO: Validation ROC-AUC: 0.612588
2025-03-31 15:11:45,937 - INFO: Evaluating at iteration 28908
2025-03-31 15:11:46,147 - INFO: Loss: 0.316389
2025-03-31 15:11:46,147 - INFO: Training ROC-AUC: 0.814103
2025-03-31 15:11:46,148 - INFO: Validation ROC-AUC: 0.597514
2025-03-31 15:11:59,667 - INFO: Evaluating at iteration 29408
2025-03-31 15:11:59,873 - INFO: Loss: 0.193241
2025-03-31 15:11:59,873 - INFO: Training ROC-AUC: 0.970370
2025-03-31 15:11:59,873 - INFO: Validation ROC-AUC: 0.645265
2025-03-31 15:12:13,304 - INFO: Evaluating at iteration 29908
2025-03-31 15:12:13,518 - INFO: Loss: 0.337316
2025-03-31 15:12:13,518 - INFO: Training ROC-AUC: 0.904545
2025-03-31 15:12:13,518 - INFO: Validation ROC-AUC: 0.624158
2025-03-31 15:12:26,938 - INFO: Evaluating at iteration 30408
2025-03-31 15:12:27,147 - INFO: Loss: 0.351039
2025-03-31 15:12:27,147 - INFO: Training ROC-AUC: 0.846154
2025-03-31 15:12:27,147 - INFO: Validation ROC-AUC: 0.620649
2025-03-31 15:12:28,124 - INFO: Starting epoch 13
2025-03-31 15:12:28,155 - INFO: Evaluating at iteration 30445
2025-03-31 15:12:28,366 - INFO: Loss: 0.197542
2025-03-31 15:12:28,366 - INFO: Training ROC-AUC: 0.977143
2025-03-31 15:12:28,366 - INFO: Validation ROC-AUC: 0.616296
2025-03-31 15:12:41,714 - INFO: Evaluating at iteration 30945
2025-03-31 15:12:41,924 - INFO: Loss: 0.168075
2025-03-31 15:12:41,925 - INFO: Training ROC-AUC: 0.982857
2025-03-31 15:12:41,925 - INFO: Validation ROC-AUC: 0.613375
2025-03-31 15:12:55,431 - INFO: Evaluating at iteration 31445
2025-03-31 15:12:55,662 - INFO: Loss: 0.049144
2025-03-31 15:12:55,662 - INFO: Training ROC-AUC: 1.000000
2025-03-31 15:12:55,662 - INFO: Validation ROC-AUC: 0.613493
2025-03-31 15:13:09,162 - INFO: Evaluating at iteration 31945
2025-03-31 15:13:09,388 - INFO: Loss: 0.247532
2025-03-31 15:13:09,388 - INFO: Training ROC-AUC: 0.971014
2025-03-31 15:13:09,388 - INFO: Validation ROC-AUC: 0.615632
2025-03-31 15:13:22,828 - INFO: Evaluating at iteration 32445
2025-03-31 15:13:23,057 - INFO: Loss: 0.182778
2025-03-31 15:13:23,057 - INFO: Training ROC-AUC: 0.900000
2025-03-31 15:13:23,057 - INFO: Validation ROC-AUC: 0.616122
2025-03-31 15:13:36,494 - INFO: Evaluating at iteration 32945
2025-03-31 15:13:36,722 - INFO: Loss: 0.427899
2025-03-31 15:13:36,723 - INFO: Training ROC-AUC: 0.800000
2025-03-31 15:13:36,723 - INFO: Validation ROC-AUC: 0.619452
2025-03-31 15:13:37,693 - INFO: Starting epoch 14
2025-03-31 15:13:37,722 - INFO: Evaluating at iteration 32982
2025-03-31 15:13:37,946 - INFO: Loss: 0.118105
2025-03-31 15:13:37,946 - INFO: Training ROC-AUC: 0.985185
2025-03-31 15:13:37,946 - INFO: Validation ROC-AUC: 0.617283
2025-03-31 15:13:51,387 - INFO: Evaluating at iteration 33482
2025-03-31 15:13:51,611 - INFO: Loss: 0.217108
2025-03-31 15:13:51,611 - INFO: Training ROC-AUC: 0.954286
2025-03-31 15:13:51,611 - INFO: Validation ROC-AUC: 0.624216
2025-03-31 15:14:05,040 - INFO: Evaluating at iteration 33982
2025-03-31 15:14:05,250 - INFO: Loss: 0.141752
2025-03-31 15:14:05,250 - INFO: Training ROC-AUC: 0.964286
2025-03-31 15:14:05,250 - INFO: Validation ROC-AUC: 0.623947
2025-03-31 15:14:18,705 - INFO: Evaluating at iteration 34482
2025-03-31 15:14:18,921 - INFO: Loss: 0.103014
2025-03-31 15:14:18,921 - INFO: Training ROC-AUC: 1.000000
2025-03-31 15:14:18,921 - INFO: Validation ROC-AUC: 0.614377
2025-03-31 15:14:32,330 - INFO: Evaluating at iteration 34982
2025-03-31 15:14:32,548 - INFO: Loss: 0.258996
2025-03-31 15:14:32,548 - INFO: Training ROC-AUC: 0.955128
2025-03-31 15:14:32,548 - INFO: Validation ROC-AUC: 0.611584
2025-03-31 15:14:46,007 - INFO: Evaluating at iteration 35482
2025-03-31 15:14:46,224 - INFO: Loss: 0.242719
2025-03-31 15:14:46,224 - INFO: Training ROC-AUC: 0.897436
2025-03-31 15:14:46,225 - INFO: Validation ROC-AUC: 0.631289
2025-03-31 15:14:47,187 - INFO: Starting epoch 15
2025-03-31 15:14:47,215 - INFO: Evaluating at iteration 35519
2025-03-31 15:14:47,427 - INFO: Loss: 0.206164
2025-03-31 15:14:47,427 - INFO: Training ROC-AUC: 0.875000
2025-03-31 15:14:47,427 - INFO: Validation ROC-AUC: 0.627392
2025-03-31 15:15:00,854 - INFO: Evaluating at iteration 36019
2025-03-31 15:15:01,059 - INFO: Loss: 0.186273
2025-03-31 15:15:01,059 - INFO: Training ROC-AUC: 0.977778
2025-03-31 15:15:01,059 - INFO: Validation ROC-AUC: 0.623840
2025-03-31 15:15:14,520 - INFO: Evaluating at iteration 36519
2025-03-31 15:15:14,719 - INFO: Loss: 0.150313
2025-03-31 15:15:14,719 - INFO: Training ROC-AUC: 0.991342
2025-03-31 15:15:14,719 - INFO: Validation ROC-AUC: 0.642942
2025-03-31 15:15:28,266 - INFO: Evaluating at iteration 37019
2025-03-31 15:15:28,482 - INFO: Loss: 0.244845
2025-03-31 15:15:28,482 - INFO: Training ROC-AUC: 0.910256
2025-03-31 15:15:28,482 - INFO: Validation ROC-AUC: 0.613306
2025-03-31 15:15:42,140 - INFO: Evaluating at iteration 37519
2025-03-31 15:15:42,344 - INFO: Loss: 0.315637
2025-03-31 15:15:42,344 - INFO: Training ROC-AUC: 0.955128
2025-03-31 15:15:42,344 - INFO: Validation ROC-AUC: 0.625455
2025-03-31 15:15:55,921 - INFO: Evaluating at iteration 38019
2025-03-31 15:15:56,144 - INFO: Loss: 0.554441
2025-03-31 15:15:56,144 - INFO: Training ROC-AUC: 0.782857
2025-03-31 15:15:56,144 - INFO: Validation ROC-AUC: 0.618404
2025-03-31 15:15:57,122 - INFO: Starting epoch 16
2025-03-31 15:15:57,151 - INFO: Evaluating at iteration 38056
2025-03-31 15:15:57,362 - INFO: Loss: 0.127176
2025-03-31 15:15:57,362 - INFO: Training ROC-AUC: 0.991071
2025-03-31 15:15:57,362 - INFO: Validation ROC-AUC: 0.631325
2025-03-31 15:16:11,161 - INFO: Evaluating at iteration 38556
2025-03-31 15:16:11,372 - INFO: Loss: 0.174705
2025-03-31 15:16:11,372 - INFO: Training ROC-AUC: 0.948148
2025-03-31 15:16:11,372 - INFO: Validation ROC-AUC: 0.631156
2025-03-31 15:16:24,830 - INFO: Evaluating at iteration 39056
2025-03-31 15:16:25,056 - INFO: Loss: 0.242369
2025-03-31 15:16:25,056 - INFO: Training ROC-AUC: 0.866667
2025-03-31 15:16:25,056 - INFO: Validation ROC-AUC: 0.646289
2025-03-31 15:16:38,654 - INFO: Evaluating at iteration 39556
2025-03-31 15:16:38,884 - INFO: Loss: 0.136289
2025-03-31 15:16:38,884 - INFO: Training ROC-AUC: 0.980769
2025-03-31 15:16:38,884 - INFO: Validation ROC-AUC: 0.620528
2025-03-31 15:16:52,546 - INFO: Evaluating at iteration 40056
2025-03-31 15:16:52,770 - INFO: Loss: 0.170640
2025-03-31 15:16:52,770 - INFO: Training ROC-AUC: 0.980769
2025-03-31 15:16:52,770 - INFO: Validation ROC-AUC: 0.612666
2025-03-31 15:17:06,300 - INFO: Evaluating at iteration 40556
2025-03-31 15:17:06,528 - INFO: Loss: 0.080590
2025-03-31 15:17:06,529 - INFO: Training ROC-AUC: 0.991071
2025-03-31 15:17:06,529 - INFO: Validation ROC-AUC: 0.613480
2025-03-31 15:17:07,522 - INFO: Starting epoch 17
2025-03-31 15:17:07,551 - INFO: Evaluating at iteration 40593
2025-03-31 15:17:07,758 - INFO: Loss: 0.207754
2025-03-31 15:17:07,758 - INFO: Training ROC-AUC: 0.940741
2025-03-31 15:17:07,758 - INFO: Validation ROC-AUC: 0.620845
2025-03-31 15:17:21,415 - INFO: Evaluating at iteration 41093
2025-03-31 15:17:21,626 - INFO: Loss: 0.316899
2025-03-31 15:17:21,626 - INFO: Training ROC-AUC: 0.865385
2025-03-31 15:17:21,626 - INFO: Validation ROC-AUC: 0.622785
2025-03-31 15:17:35,218 - INFO: Evaluating at iteration 41593
2025-03-31 15:17:35,442 - INFO: Loss: 0.101827
2025-03-31 15:17:35,442 - INFO: Training ROC-AUC: 1.000000
2025-03-31 15:17:35,443 - INFO: Validation ROC-AUC: 0.630109
2025-03-31 15:17:49,097 - INFO: Evaluating at iteration 42093
2025-03-31 15:17:49,321 - INFO: Loss: 0.063222
2025-03-31 15:17:49,321 - INFO: Training ROC-AUC: 1.000000
2025-03-31 15:17:49,321 - INFO: Validation ROC-AUC: 0.644892
2025-03-31 15:18:02,986 - INFO: Evaluating at iteration 42593
2025-03-31 15:18:03,202 - INFO: Loss: 0.270167
2025-03-31 15:18:03,202 - INFO: Training ROC-AUC: 0.888889
2025-03-31 15:18:03,202 - INFO: Validation ROC-AUC: 0.629690
2025-03-31 15:18:16,800 - INFO: Evaluating at iteration 43093
2025-03-31 15:18:17,010 - INFO: Loss: 0.260214
2025-03-31 15:18:17,010 - INFO: Training ROC-AUC: 0.942708
2025-03-31 15:18:17,010 - INFO: Validation ROC-AUC: 0.627510
2025-03-31 15:18:17,992 - INFO: Starting epoch 18
2025-03-31 15:18:18,020 - INFO: Evaluating at iteration 43130
2025-03-31 15:18:18,229 - INFO: Loss: 0.174730
2025-03-31 15:18:18,229 - INFO: Training ROC-AUC: 0.979167
2025-03-31 15:18:18,229 - INFO: Validation ROC-AUC: 0.619374
2025-03-31 15:18:32,013 - INFO: Evaluating at iteration 43630
2025-03-31 15:18:32,223 - INFO: Loss: 0.186900
2025-03-31 15:18:32,224 - INFO: Training ROC-AUC: 0.910714
2025-03-31 15:18:32,224 - INFO: Validation ROC-AUC: 0.635928
2025-03-31 15:18:46,075 - INFO: Evaluating at iteration 44130
2025-03-31 15:18:46,302 - INFO: Loss: 0.193667
2025-03-31 15:18:46,302 - INFO: Training ROC-AUC: 0.925926
2025-03-31 15:18:46,302 - INFO: Validation ROC-AUC: 0.600422
2025-03-31 15:19:00,047 - INFO: Evaluating at iteration 44630
2025-03-31 15:19:00,272 - INFO: Loss: 0.172296
2025-03-31 15:19:00,272 - INFO: Training ROC-AUC: 0.964286
2025-03-31 15:19:00,272 - INFO: Validation ROC-AUC: 0.616943
2025-03-31 15:19:14,110 - INFO: Evaluating at iteration 45130
2025-03-31 15:19:14,322 - INFO: Loss: 0.313497
2025-03-31 15:19:14,323 - INFO: Training ROC-AUC: 0.945455
2025-03-31 15:19:14,323 - INFO: Validation ROC-AUC: 0.621328
2025-03-31 15:19:28,186 - INFO: Evaluating at iteration 45630
2025-03-31 15:19:28,406 - INFO: Loss: 0.071208
2025-03-31 15:19:28,406 - INFO: Training ROC-AUC: 1.000000
2025-03-31 15:19:28,406 - INFO: Validation ROC-AUC: 0.623636
2025-03-31 15:19:29,424 - INFO: Starting epoch 19
2025-03-31 15:19:29,454 - INFO: Evaluating at iteration 45667
2025-03-31 15:19:29,654 - INFO: Loss: 0.053835
2025-03-31 15:19:29,654 - INFO: Training ROC-AUC: 1.000000
2025-03-31 15:19:29,654 - INFO: Validation ROC-AUC: 0.625621
2025-03-31 15:19:43,499 - INFO: Evaluating at iteration 46167
2025-03-31 15:19:43,709 - INFO: Loss: 0.107301
2025-03-31 15:19:43,709 - INFO: Training ROC-AUC: 0.983333
2025-03-31 15:19:43,709 - INFO: Validation ROC-AUC: 0.643404
2025-03-31 15:19:57,684 - INFO: Evaluating at iteration 46667
2025-03-31 15:19:57,898 - INFO: Loss: 0.286206
2025-03-31 15:19:57,898 - INFO: Training ROC-AUC: 0.953125
2025-03-31 15:19:57,898 - INFO: Validation ROC-AUC: 0.638814
2025-03-31 15:20:11,679 - INFO: Evaluating at iteration 47167
2025-03-31 15:20:11,887 - INFO: Loss: 0.053875
2025-03-31 15:20:11,887 - INFO: Training ROC-AUC: 1.000000
2025-03-31 15:20:11,887 - INFO: Validation ROC-AUC: 0.634168
2025-03-31 15:20:25,754 - INFO: Evaluating at iteration 47667
2025-03-31 15:20:25,962 - INFO: Loss: 0.228473
2025-03-31 15:20:25,962 - INFO: Training ROC-AUC: 0.995169
2025-03-31 15:20:25,962 - INFO: Validation ROC-AUC: 0.628873
2025-03-31 15:20:39,851 - INFO: Evaluating at iteration 48167
2025-03-31 15:20:40,062 - INFO: Loss: 0.097205
2025-03-31 15:20:40,062 - INFO: Training ROC-AUC: 1.000000
2025-03-31 15:20:40,062 - INFO: Validation ROC-AUC: 0.623902
2025-03-31 15:20:41,104 - INFO: Starting epoch 20
2025-03-31 15:20:41,136 - INFO: Evaluating at iteration 48204
2025-03-31 15:20:41,344 - INFO: Loss: 0.086606
2025-03-31 15:20:41,344 - INFO: Training ROC-AUC: 1.000000
2025-03-31 15:20:41,344 - INFO: Validation ROC-AUC: 0.627256
2025-03-31 15:20:55,405 - INFO: Evaluating at iteration 48704
2025-03-31 15:20:55,612 - INFO: Loss: 0.136938
2025-03-31 15:20:55,612 - INFO: Training ROC-AUC: 0.982857
2025-03-31 15:20:55,612 - INFO: Validation ROC-AUC: 0.615160
2025-03-31 15:21:09,636 - INFO: Evaluating at iteration 49204
2025-03-31 15:21:09,842 - INFO: Loss: 0.320116
2025-03-31 15:21:09,842 - INFO: Training ROC-AUC: 0.977273
2025-03-31 15:21:09,842 - INFO: Validation ROC-AUC: 0.622617
2025-03-31 15:21:23,883 - INFO: Evaluating at iteration 49704
2025-03-31 15:21:24,089 - INFO: Loss: 0.080869
2025-03-31 15:21:24,089 - INFO: Training ROC-AUC: 0.992593
2025-03-31 15:21:24,089 - INFO: Validation ROC-AUC: 0.611231
2025-03-31 15:21:38,166 - INFO: Evaluating at iteration 50204
2025-03-31 15:21:38,375 - INFO: Loss: 0.115058
2025-03-31 15:21:38,375 - INFO: Training ROC-AUC: 0.988506
2025-03-31 15:21:38,375 - INFO: Validation ROC-AUC: 0.612015
2025-03-31 15:21:52,535 - INFO: Evaluating at iteration 50704
2025-03-31 15:21:52,750 - INFO: Loss: 0.148864
2025-03-31 15:21:52,750 - INFO: Training ROC-AUC: 0.977143
2025-03-31 15:21:52,750 - INFO: Validation ROC-AUC: 0.619229
2025-03-31 15:21:53,754 - INFO: Starting epoch 21
2025-03-31 15:21:53,783 - INFO: Evaluating at iteration 50741
2025-03-31 15:21:53,995 - INFO: Loss: 0.115993
2025-03-31 15:21:53,995 - INFO: Training ROC-AUC: 0.991071
2025-03-31 15:21:53,996 - INFO: Validation ROC-AUC: 0.628641
2025-03-31 15:22:08,340 - INFO: Evaluating at iteration 51241
2025-03-31 15:22:08,550 - INFO: Loss: 0.084461
2025-03-31 15:22:08,550 - INFO: Training ROC-AUC: 1.000000
2025-03-31 15:22:08,550 - INFO: Validation ROC-AUC: 0.627548
2025-03-31 15:22:22,900 - INFO: Evaluating at iteration 51741
2025-03-31 15:22:23,119 - INFO: Loss: 0.123520
2025-03-31 15:22:23,120 - INFO: Training ROC-AUC: 0.977011
2025-03-31 15:22:23,120 - INFO: Validation ROC-AUC: 0.632575
2025-03-31 15:22:37,671 - INFO: Evaluating at iteration 52241
2025-03-31 15:22:37,881 - INFO: Loss: 0.130300
2025-03-31 15:22:37,882 - INFO: Training ROC-AUC: 0.982143
2025-03-31 15:22:37,882 - INFO: Validation ROC-AUC: 0.631932
2025-03-31 15:22:52,046 - INFO: Evaluating at iteration 52741
2025-03-31 15:22:52,262 - INFO: Loss: 0.205061
2025-03-31 15:22:52,262 - INFO: Training ROC-AUC: 0.960000
2025-03-31 15:22:52,263 - INFO: Validation ROC-AUC: 0.626082
2025-03-31 15:23:06,770 - INFO: Evaluating at iteration 53241
2025-03-31 15:23:07,005 - INFO: Loss: 0.080480
2025-03-31 15:23:07,005 - INFO: Training ROC-AUC: 0.988506
2025-03-31 15:23:07,006 - INFO: Validation ROC-AUC: 0.614837
2025-03-31 15:23:08,043 - INFO: Starting epoch 22
2025-03-31 15:23:08,072 - INFO: Evaluating at iteration 53278
2025-03-31 15:23:08,288 - INFO: Loss: 0.070332
2025-03-31 15:23:08,288 - INFO: Training ROC-AUC: 1.000000
2025-03-31 15:23:08,288 - INFO: Validation ROC-AUC: 0.612516
2025-03-31 15:23:22,779 - INFO: Evaluating at iteration 53778
2025-03-31 15:23:22,994 - INFO: Loss: 0.200513
2025-03-31 15:23:22,994 - INFO: Training ROC-AUC: 0.947917
2025-03-31 15:23:22,994 - INFO: Validation ROC-AUC: 0.614491
2025-03-31 15:23:37,371 - INFO: Evaluating at iteration 54278
2025-03-31 15:23:37,590 - INFO: Loss: 0.151961
2025-03-31 15:23:37,590 - INFO: Training ROC-AUC: 0.973214
2025-03-31 15:23:37,590 - INFO: Validation ROC-AUC: 0.624843
2025-03-31 15:23:51,927 - INFO: Evaluating at iteration 54778
2025-03-31 15:23:52,151 - INFO: Loss: 0.159043
2025-03-31 15:23:52,151 - INFO: Training ROC-AUC: 0.965517
2025-03-31 15:23:52,152 - INFO: Validation ROC-AUC: 0.621096
2025-03-31 15:24:06,448 - INFO: Evaluating at iteration 55278
2025-03-31 15:24:06,658 - INFO: Loss: 0.103534
2025-03-31 15:24:06,659 - INFO: Training ROC-AUC: 1.000000
2025-03-31 15:24:06,659 - INFO: Validation ROC-AUC: 0.627278
2025-03-31 15:24:21,066 - INFO: Evaluating at iteration 55778
2025-03-31 15:24:21,291 - INFO: Loss: 0.195316
2025-03-31 15:24:21,291 - INFO: Training ROC-AUC: 0.955128
2025-03-31 15:24:21,291 - INFO: Validation ROC-AUC: 0.621635
2025-03-31 15:24:22,299 - INFO: Starting epoch 23
2025-03-31 15:24:22,333 - INFO: Evaluating at iteration 55815
2025-03-31 15:24:22,539 - INFO: Loss: 0.160244
2025-03-31 15:24:22,540 - INFO: Training ROC-AUC: 1.000000
2025-03-31 15:24:22,540 - INFO: Validation ROC-AUC: 0.613926
2025-03-31 15:24:36,912 - INFO: Evaluating at iteration 56315
2025-03-31 15:24:37,113 - INFO: Loss: 0.208349
2025-03-31 15:24:37,113 - INFO: Training ROC-AUC: 0.967949
2025-03-31 15:24:37,113 - INFO: Validation ROC-AUC: 0.619826
2025-03-31 15:24:51,312 - INFO: Evaluating at iteration 56815
2025-03-31 15:24:51,509 - INFO: Loss: 0.048985
2025-03-31 15:24:51,509 - INFO: Training ROC-AUC: 1.000000
2025-03-31 15:24:51,509 - INFO: Validation ROC-AUC: 0.599311
2025-03-31 15:25:05,731 - INFO: Evaluating at iteration 57315
2025-03-31 15:25:05,927 - INFO: Loss: 0.220276
2025-03-31 15:25:05,927 - INFO: Training ROC-AUC: 0.961538
2025-03-31 15:25:05,927 - INFO: Validation ROC-AUC: 0.625229
2025-03-31 15:25:20,519 - INFO: Evaluating at iteration 57815
2025-03-31 15:25:20,716 - INFO: Loss: 0.123756
2025-03-31 15:25:20,716 - INFO: Training ROC-AUC: 0.991071
2025-03-31 15:25:20,716 - INFO: Validation ROC-AUC: 0.639350
2025-03-31 15:25:35,190 - INFO: Evaluating at iteration 58315
2025-03-31 15:25:35,400 - INFO: Loss: 0.105332
2025-03-31 15:25:35,400 - INFO: Training ROC-AUC: 1.000000
2025-03-31 15:25:35,400 - INFO: Validation ROC-AUC: 0.627496
2025-03-31 15:25:36,412 - INFO: Starting epoch 24
2025-03-31 15:25:36,439 - INFO: Evaluating at iteration 58352
2025-03-31 15:25:36,662 - INFO: Loss: 0.062098
2025-03-31 15:25:36,662 - INFO: Training ROC-AUC: 1.000000
2025-03-31 15:25:36,662 - INFO: Validation ROC-AUC: 0.628763
2025-03-31 15:25:51,315 - INFO: Evaluating at iteration 58852
2025-03-31 15:25:51,541 - INFO: Loss: 0.088735
2025-03-31 15:25:51,541 - INFO: Training ROC-AUC: 1.000000
2025-03-31 15:25:51,541 - INFO: Validation ROC-AUC: 0.609874
2025-03-31 15:26:06,270 - INFO: Evaluating at iteration 59352
2025-03-31 15:26:06,485 - INFO: Loss: 0.111338
2025-03-31 15:26:06,485 - INFO: Training ROC-AUC: 0.988506
2025-03-31 15:26:06,485 - INFO: Validation ROC-AUC: 0.615373
2025-03-31 15:26:21,124 - INFO: Evaluating at iteration 59852
2025-03-31 15:26:21,348 - INFO: Loss: 0.051450
2025-03-31 15:26:21,349 - INFO: Training ROC-AUC: 1.000000
2025-03-31 15:26:21,349 - INFO: Validation ROC-AUC: 0.627547
2025-03-31 15:26:35,867 - INFO: Evaluating at iteration 60352
2025-03-31 15:26:36,093 - INFO: Loss: 0.347191
2025-03-31 15:26:36,093 - INFO: Training ROC-AUC: 0.903704
2025-03-31 15:26:36,093 - INFO: Validation ROC-AUC: 0.607703
2025-03-31 15:26:50,425 - INFO: Evaluating at iteration 60852
2025-03-31 15:26:50,650 - INFO: Loss: 0.349108
2025-03-31 15:26:50,650 - INFO: Training ROC-AUC: 0.888889
2025-03-31 15:26:50,650 - INFO: Validation ROC-AUC: 0.604623
2025-03-31 15:26:51,680 - INFO: Starting epoch 25
2025-03-31 15:26:51,708 - INFO: Evaluating at iteration 60889
2025-03-31 15:26:51,939 - INFO: Loss: 0.343263
2025-03-31 15:26:51,939 - INFO: Training ROC-AUC: 0.862857
2025-03-31 15:26:51,939 - INFO: Validation ROC-AUC: 0.608881
2025-03-31 15:27:06,572 - INFO: Evaluating at iteration 61389
2025-03-31 15:27:06,806 - INFO: Loss: 0.073536
2025-03-31 15:27:06,806 - INFO: Training ROC-AUC: 1.000000
2025-03-31 15:27:06,806 - INFO: Validation ROC-AUC: 0.606096
2025-03-31 15:27:21,508 - INFO: Evaluating at iteration 61889
2025-03-31 15:27:21,739 - INFO: Loss: 0.189519
2025-03-31 15:27:21,739 - INFO: Training ROC-AUC: 0.970370
2025-03-31 15:27:21,739 - INFO: Validation ROC-AUC: 0.616100
2025-03-31 15:27:36,361 - INFO: Evaluating at iteration 62389
2025-03-31 15:27:36,586 - INFO: Loss: 0.227717
2025-03-31 15:27:36,587 - INFO: Training ROC-AUC: 0.966184
2025-03-31 15:27:36,587 - INFO: Validation ROC-AUC: 0.610154
2025-03-31 15:27:51,118 - INFO: Evaluating at iteration 62889
2025-03-31 15:27:51,342 - INFO: Loss: 0.200107
2025-03-31 15:27:51,342 - INFO: Training ROC-AUC: 0.958333
2025-03-31 15:27:51,342 - INFO: Validation ROC-AUC: 0.610848
2025-03-31 15:28:06,132 - INFO: Evaluating at iteration 63389
2025-03-31 15:28:06,350 - INFO: Loss: 0.112264
2025-03-31 15:28:06,350 - INFO: Training ROC-AUC: 0.992593
2025-03-31 15:28:06,350 - INFO: Validation ROC-AUC: 0.610325
2025-03-31 15:28:07,428 - INFO: Saving model to models/TCRStructMap/model_2.pt
2025-03-31 15:28:07,440 - INFO: Starting fold 3
2025-03-31 15:28:07,440 - INFO: Initialising model
2025-03-31 15:28:07,451 - INFO: Starting training
2025-03-31 15:28:07,451 - INFO: Starting epoch 1
2025-03-31 15:28:07,482 - INFO: Evaluating at iteration 1
2025-03-31 15:28:13,352 - INFO: Loss: 0.697941
2025-03-31 15:28:13,353 - INFO: Training ROC-AUC: 0.493590
2025-03-31 15:28:13,353 - INFO: Validation ROC-AUC: 0.484930
2025-03-31 15:28:25,123 - INFO: Starting epoch 2
2025-03-31 15:28:25,149 - INFO: Evaluating at iteration 457
2025-03-31 15:28:30,827 - INFO: Loss: 0.445038
2025-03-31 15:28:30,827 - INFO: Training ROC-AUC: 0.794286
2025-03-31 15:28:30,827 - INFO: Validation ROC-AUC: 0.429842
2025-03-31 15:28:42,495 - INFO: Starting epoch 3
2025-03-31 15:28:42,522 - INFO: Evaluating at iteration 913
2025-03-31 15:28:48,182 - INFO: Loss: 0.271446
2025-03-31 15:28:48,182 - INFO: Training ROC-AUC: 0.940741
2025-03-31 15:28:48,182 - INFO: Validation ROC-AUC: 0.423753
2025-03-31 15:29:00,075 - INFO: Starting epoch 4
2025-03-31 15:29:00,102 - INFO: Evaluating at iteration 1369
2025-03-31 15:29:05,600 - INFO: Loss: 0.195070
2025-03-31 15:29:05,600 - INFO: Training ROC-AUC: 1.000000
2025-03-31 15:29:05,601 - INFO: Validation ROC-AUC: 0.423692
2025-03-31 15:29:17,533 - INFO: Starting epoch 5
2025-03-31 15:29:17,560 - INFO: Evaluating at iteration 1825
2025-03-31 15:29:23,129 - INFO: Loss: 0.182366
2025-03-31 15:29:23,129 - INFO: Training ROC-AUC: 0.900000
2025-03-31 15:29:23,129 - INFO: Validation ROC-AUC: 0.423155
2025-03-31 15:29:35,136 - INFO: Starting epoch 6
2025-03-31 15:29:35,162 - INFO: Evaluating at iteration 2281
2025-03-31 15:29:40,681 - INFO: Loss: 0.241630
2025-03-31 15:29:40,681 - INFO: Training ROC-AUC: 0.683333
2025-03-31 15:29:40,681 - INFO: Validation ROC-AUC: 0.423545
2025-03-31 15:29:52,648 - INFO: Starting epoch 7
2025-03-31 15:29:52,674 - INFO: Evaluating at iteration 2737
2025-03-31 15:29:58,232 - INFO: Loss: 0.412361
2025-03-31 15:29:58,232 - INFO: Training ROC-AUC: 0.817708
2025-03-31 15:29:58,232 - INFO: Validation ROC-AUC: 0.424131
2025-03-31 15:30:10,167 - INFO: Starting epoch 8
2025-03-31 15:30:10,193 - INFO: Evaluating at iteration 3193
2025-03-31 15:30:15,744 - INFO: Loss: 0.286144
2025-03-31 15:30:15,745 - INFO: Training ROC-AUC: 0.852564
2025-03-31 15:30:15,745 - INFO: Validation ROC-AUC: 0.425851
2025-03-31 15:30:27,734 - INFO: Starting epoch 9
2025-03-31 15:30:27,760 - INFO: Evaluating at iteration 3649
2025-03-31 15:30:33,276 - INFO: Loss: 0.284266
2025-03-31 15:30:33,276 - INFO: Training ROC-AUC: 0.928571
2025-03-31 15:30:33,276 - INFO: Validation ROC-AUC: 0.429849
2025-03-31 15:30:45,257 - INFO: Starting epoch 10
2025-03-31 15:30:45,283 - INFO: Evaluating at iteration 4105
2025-03-31 15:30:50,880 - INFO: Loss: 0.408902
2025-03-31 15:30:50,881 - INFO: Training ROC-AUC: 0.775641
2025-03-31 15:30:50,881 - INFO: Validation ROC-AUC: 0.427906
2025-03-31 15:31:02,861 - INFO: Starting epoch 11
2025-03-31 15:31:02,887 - INFO: Evaluating at iteration 4561
2025-03-31 15:31:08,465 - INFO: Loss: 0.283259
2025-03-31 15:31:08,465 - INFO: Training ROC-AUC: 0.803571
2025-03-31 15:31:08,465 - INFO: Validation ROC-AUC: 0.432675
2025-03-31 15:31:20,487 - INFO: Starting epoch 12
2025-03-31 15:31:20,514 - INFO: Evaluating at iteration 5017
2025-03-31 15:31:26,225 - INFO: Loss: 0.311500
2025-03-31 15:31:26,225 - INFO: Training ROC-AUC: 0.931429
2025-03-31 15:31:26,225 - INFO: Validation ROC-AUC: 0.431470
2025-03-31 15:31:38,387 - INFO: Starting epoch 13
2025-03-31 15:31:38,414 - INFO: Evaluating at iteration 5473
2025-03-31 15:31:44,102 - INFO: Loss: 0.172795
2025-03-31 15:31:44,102 - INFO: Training ROC-AUC: 0.965517
2025-03-31 15:31:44,102 - INFO: Validation ROC-AUC: 0.429632
2025-03-31 15:31:56,117 - INFO: Starting epoch 14
2025-03-31 15:31:56,143 - INFO: Evaluating at iteration 5929
2025-03-31 15:32:01,753 - INFO: Loss: 0.235522
2025-03-31 15:32:01,753 - INFO: Training ROC-AUC: 1.000000
2025-03-31 15:32:01,753 - INFO: Validation ROC-AUC: 0.430599
2025-03-31 15:32:13,708 - INFO: Starting epoch 15
2025-03-31 15:32:13,734 - INFO: Evaluating at iteration 6385
2025-03-31 15:32:19,231 - INFO: Loss: 0.289887
2025-03-31 15:32:19,231 - INFO: Training ROC-AUC: 0.821429
2025-03-31 15:32:19,231 - INFO: Validation ROC-AUC: 0.430373
2025-03-31 15:32:31,194 - INFO: Starting epoch 16
2025-03-31 15:32:31,221 - INFO: Evaluating at iteration 6841
2025-03-31 15:32:36,754 - INFO: Loss: 0.292512
2025-03-31 15:32:36,754 - INFO: Training ROC-AUC: 0.888889
2025-03-31 15:32:36,754 - INFO: Validation ROC-AUC: 0.431925
2025-03-31 15:32:48,711 - INFO: Starting epoch 17
2025-03-31 15:32:48,737 - INFO: Evaluating at iteration 7297
2025-03-31 15:32:54,213 - INFO: Loss: 0.174426
2025-03-31 15:32:54,214 - INFO: Training ROC-AUC: 0.903226
2025-03-31 15:32:54,214 - INFO: Validation ROC-AUC: 0.428848
2025-03-31 15:33:06,223 - INFO: Starting epoch 18
2025-03-31 15:33:06,250 - INFO: Evaluating at iteration 7753
2025-03-31 15:33:11,775 - INFO: Loss: 0.404257
2025-03-31 15:33:11,775 - INFO: Training ROC-AUC: 0.821256
2025-03-31 15:33:11,775 - INFO: Validation ROC-AUC: 0.429263
2025-03-31 15:33:23,860 - INFO: Starting epoch 19
2025-03-31 15:33:23,887 - INFO: Evaluating at iteration 8209
2025-03-31 15:33:29,449 - INFO: Loss: 0.175141
2025-03-31 15:33:29,449 - INFO: Training ROC-AUC: 0.896552
2025-03-31 15:33:29,449 - INFO: Validation ROC-AUC: 0.428196
2025-03-31 15:33:41,523 - INFO: Starting epoch 20
2025-03-31 15:33:41,549 - INFO: Evaluating at iteration 8665
2025-03-31 15:33:47,142 - INFO: Loss: 0.117325
2025-03-31 15:33:47,142 - INFO: Training ROC-AUC: 1.000000
2025-03-31 15:33:47,142 - INFO: Validation ROC-AUC: 0.430393
2025-03-31 15:33:59,216 - INFO: Starting epoch 21
2025-03-31 15:33:59,242 - INFO: Evaluating at iteration 9121
2025-03-31 15:34:04,745 - INFO: Loss: 0.196487
2025-03-31 15:34:04,745 - INFO: Training ROC-AUC: 0.919643
2025-03-31 15:34:04,745 - INFO: Validation ROC-AUC: 0.426730
2025-03-31 15:34:16,901 - INFO: Starting epoch 22
2025-03-31 15:34:16,929 - INFO: Evaluating at iteration 9577
2025-03-31 15:34:22,513 - INFO: Loss: 0.143604
2025-03-31 15:34:22,513 - INFO: Training ROC-AUC: 0.955357
2025-03-31 15:34:22,513 - INFO: Validation ROC-AUC: 0.426962
2025-03-31 15:34:34,876 - INFO: Starting epoch 23
2025-03-31 15:34:34,905 - INFO: Evaluating at iteration 10033
2025-03-31 15:34:40,471 - INFO: Loss: 0.327505
2025-03-31 15:34:40,472 - INFO: Training ROC-AUC: 0.902857
2025-03-31 15:34:40,472 - INFO: Validation ROC-AUC: 0.428706
2025-03-31 15:34:52,702 - INFO: Starting epoch 24
2025-03-31 15:34:52,729 - INFO: Evaluating at iteration 10489
2025-03-31 15:34:58,301 - INFO: Loss: 0.144057
2025-03-31 15:34:58,301 - INFO: Training ROC-AUC: 0.991071
2025-03-31 15:34:58,301 - INFO: Validation ROC-AUC: 0.429405
2025-03-31 15:35:10,607 - INFO: Starting epoch 25
2025-03-31 15:35:10,634 - INFO: Evaluating at iteration 10945
2025-03-31 15:35:16,203 - INFO: Loss: 0.158102
2025-03-31 15:35:16,203 - INFO: Training ROC-AUC: 0.985185
2025-03-31 15:35:16,203 - INFO: Validation ROC-AUC: 0.428059
2025-03-31 15:35:28,687 - INFO: Saving model to models/TCRStructMap/model_3.pt
2025-03-31 15:35:28,699 - INFO: Starting fold 4
2025-03-31 15:35:28,700 - INFO: Initialising model
2025-03-31 15:35:28,710 - INFO: Starting training
2025-03-31 15:35:28,710 - INFO: Starting epoch 1
2025-03-31 15:35:28,739 - INFO: Evaluating at iteration 1
2025-03-31 15:35:29,257 - INFO: Loss: 0.694843
2025-03-31 15:35:29,257 - INFO: Training ROC-AUC: 0.416667
2025-03-31 15:35:29,257 - INFO: Validation ROC-AUC: 0.539494
2025-03-31 15:35:41,907 - INFO: Evaluating at iteration 501
2025-03-31 15:35:42,440 - INFO: Loss: 0.598587
2025-03-31 15:35:42,440 - INFO: Training ROC-AUC: 0.619792
2025-03-31 15:35:42,440 - INFO: Validation ROC-AUC: 0.307839
2025-03-31 15:35:55,467 - INFO: Evaluating at iteration 1001
2025-03-31 15:35:55,947 - INFO: Loss: 0.478306
2025-03-31 15:35:55,947 - INFO: Training ROC-AUC: 0.583333
2025-03-31 15:35:55,947 - INFO: Validation ROC-AUC: 0.349543
2025-03-31 15:36:09,156 - INFO: Evaluating at iteration 1501
2025-03-31 15:36:09,639 - INFO: Loss: 0.438196
2025-03-31 15:36:09,639 - INFO: Training ROC-AUC: 0.641026
2025-03-31 15:36:09,639 - INFO: Validation ROC-AUC: 0.337366
2025-03-31 15:36:22,848 - INFO: Evaluating at iteration 2001
2025-03-31 15:36:23,357 - INFO: Loss: 0.269679
2025-03-31 15:36:23,357 - INFO: Training ROC-AUC: 0.858974
2025-03-31 15:36:23,357 - INFO: Validation ROC-AUC: 0.401112
2025-03-31 15:36:34,176 - INFO: Starting epoch 2
2025-03-31 15:36:34,203 - INFO: Evaluating at iteration 2419
2025-03-31 15:36:34,684 - INFO: Loss: 0.387582
2025-03-31 15:36:34,684 - INFO: Training ROC-AUC: 0.812500
2025-03-31 15:36:34,684 - INFO: Validation ROC-AUC: 0.463887
2025-03-31 15:36:47,638 - INFO: Evaluating at iteration 2919
2025-03-31 15:36:48,120 - INFO: Loss: 0.423889
2025-03-31 15:36:48,121 - INFO: Training ROC-AUC: 0.822917
2025-03-31 15:36:48,121 - INFO: Validation ROC-AUC: 0.504369
2025-03-31 15:37:01,052 - INFO: Evaluating at iteration 3419
2025-03-31 15:37:01,539 - INFO: Loss: 0.309573
2025-03-31 15:37:01,539 - INFO: Training ROC-AUC: 0.785714
2025-03-31 15:37:01,539 - INFO: Validation ROC-AUC: 0.522831
2025-03-31 15:37:14,541 - INFO: Evaluating at iteration 3919
2025-03-31 15:37:15,068 - INFO: Loss: 0.490737
2025-03-31 15:37:15,068 - INFO: Training ROC-AUC: 0.836364
2025-03-31 15:37:15,068 - INFO: Validation ROC-AUC: 0.525802
2025-03-31 15:37:27,936 - INFO: Evaluating at iteration 4419
2025-03-31 15:37:28,442 - INFO: Loss: 0.272906
2025-03-31 15:37:28,442 - INFO: Training ROC-AUC: 0.821429
2025-03-31 15:37:28,442 - INFO: Validation ROC-AUC: 0.527414
2025-03-31 15:37:39,200 - INFO: Starting epoch 3
2025-03-31 15:37:39,226 - INFO: Evaluating at iteration 4837
2025-03-31 15:37:39,763 - INFO: Loss: 0.282561
2025-03-31 15:37:39,764 - INFO: Training ROC-AUC: 0.942708
2025-03-31 15:37:39,764 - INFO: Validation ROC-AUC: 0.556132
2025-03-31 15:37:52,706 - INFO: Evaluating at iteration 5337
2025-03-31 15:37:53,232 - INFO: Loss: 0.256784
2025-03-31 15:37:53,232 - INFO: Training ROC-AUC: 0.770115
2025-03-31 15:37:53,232 - INFO: Validation ROC-AUC: 0.583487
2025-03-31 15:38:06,239 - INFO: Evaluating at iteration 5837
2025-03-31 15:38:06,750 - INFO: Loss: 0.303170
2025-03-31 15:38:06,750 - INFO: Training ROC-AUC: 0.822222
2025-03-31 15:38:06,750 - INFO: Validation ROC-AUC: 0.562527
2025-03-31 15:38:19,736 - INFO: Evaluating at iteration 6337
2025-03-31 15:38:20,255 - INFO: Loss: 0.283143
2025-03-31 15:38:20,255 - INFO: Training ROC-AUC: 0.874074
2025-03-31 15:38:20,255 - INFO: Validation ROC-AUC: 0.606516
2025-03-31 15:38:33,214 - INFO: Evaluating at iteration 6837
2025-03-31 15:38:33,699 - INFO: Loss: 0.252924
2025-03-31 15:38:33,699 - INFO: Training ROC-AUC: 0.923077
2025-03-31 15:38:33,699 - INFO: Validation ROC-AUC: 0.589927
2025-03-31 15:38:44,595 - INFO: Starting epoch 4
2025-03-31 15:38:44,622 - INFO: Evaluating at iteration 7255
2025-03-31 15:38:45,130 - INFO: Loss: 0.350052
2025-03-31 15:38:45,130 - INFO: Training ROC-AUC: 0.937143
2025-03-31 15:38:45,130 - INFO: Validation ROC-AUC: 0.576011
2025-03-31 15:38:58,058 - INFO: Evaluating at iteration 7755
2025-03-31 15:38:58,566 - INFO: Loss: 0.263375
2025-03-31 15:38:58,566 - INFO: Training ROC-AUC: 0.866667
2025-03-31 15:38:58,566 - INFO: Validation ROC-AUC: 0.616439
2025-03-31 15:39:11,498 - INFO: Evaluating at iteration 8255
2025-03-31 15:39:12,002 - INFO: Loss: 0.278999
2025-03-31 15:39:12,002 - INFO: Training ROC-AUC: 0.897436
2025-03-31 15:39:12,002 - INFO: Validation ROC-AUC: 0.623206
2025-03-31 15:39:24,936 - INFO: Evaluating at iteration 8755
2025-03-31 15:39:25,416 - INFO: Loss: 0.276636
2025-03-31 15:39:25,416 - INFO: Training ROC-AUC: 0.916667
2025-03-31 15:39:25,416 - INFO: Validation ROC-AUC: 0.608756
2025-03-31 15:39:38,400 - INFO: Evaluating at iteration 9255
2025-03-31 15:39:38,935 - INFO: Loss: 0.262209
2025-03-31 15:39:38,935 - INFO: Training ROC-AUC: 0.896296
2025-03-31 15:39:38,935 - INFO: Validation ROC-AUC: 0.614627
2025-03-31 15:39:49,784 - INFO: Starting epoch 5
2025-03-31 15:39:49,812 - INFO: Evaluating at iteration 9673
2025-03-31 15:39:50,355 - INFO: Loss: 0.248127
2025-03-31 15:39:50,355 - INFO: Training ROC-AUC: 0.716667
2025-03-31 15:39:50,355 - INFO: Validation ROC-AUC: 0.614768
2025-03-31 15:40:03,339 - INFO: Evaluating at iteration 10173
2025-03-31 15:40:03,869 - INFO: Loss: 0.271975
2025-03-31 15:40:03,869 - INFO: Training ROC-AUC: 0.812500
2025-03-31 15:40:03,869 - INFO: Validation ROC-AUC: 0.607191
2025-03-31 15:40:16,862 - INFO: Evaluating at iteration 10673
2025-03-31 15:40:17,354 - INFO: Loss: 0.184514
2025-03-31 15:40:17,354 - INFO: Training ROC-AUC: 0.800000
2025-03-31 15:40:17,354 - INFO: Validation ROC-AUC: 0.591400
2025-03-31 15:40:30,344 - INFO: Evaluating at iteration 11173
2025-03-31 15:40:30,825 - INFO: Loss: 0.306687
2025-03-31 15:40:30,825 - INFO: Training ROC-AUC: 0.865385
2025-03-31 15:40:30,825 - INFO: Validation ROC-AUC: 0.616087
2025-03-31 15:40:43,818 - INFO: Evaluating at iteration 11673
2025-03-31 15:40:44,312 - INFO: Loss: 0.341587
2025-03-31 15:40:44,312 - INFO: Training ROC-AUC: 0.852564
2025-03-31 15:40:44,312 - INFO: Validation ROC-AUC: 0.633930
2025-03-31 15:40:55,237 - INFO: Starting epoch 6
2025-03-31 15:40:55,264 - INFO: Evaluating at iteration 12091
2025-03-31 15:40:55,747 - INFO: Loss: 0.264224
2025-03-31 15:40:55,747 - INFO: Training ROC-AUC: 0.812500
2025-03-31 15:40:55,747 - INFO: Validation ROC-AUC: 0.602996
2025-03-31 15:41:08,909 - INFO: Evaluating at iteration 12591
2025-03-31 15:41:09,414 - INFO: Loss: 0.478938
2025-03-31 15:41:09,414 - INFO: Training ROC-AUC: 0.796875
2025-03-31 15:41:09,414 - INFO: Validation ROC-AUC: 0.619257
2025-03-31 15:41:22,452 - INFO: Evaluating at iteration 13091
2025-03-31 15:41:22,982 - INFO: Loss: 0.225376
2025-03-31 15:41:22,982 - INFO: Training ROC-AUC: 0.700000
2025-03-31 15:41:22,982 - INFO: Validation ROC-AUC: 0.629607
2025-03-31 15:41:35,975 - INFO: Evaluating at iteration 13591
2025-03-31 15:41:36,498 - INFO: Loss: 0.283968
2025-03-31 15:41:36,498 - INFO: Training ROC-AUC: 0.923077
2025-03-31 15:41:36,498 - INFO: Validation ROC-AUC: 0.615130
2025-03-31 15:41:49,507 - INFO: Evaluating at iteration 14091
2025-03-31 15:41:49,987 - INFO: Loss: 0.058744
2025-03-31 15:41:49,987 - INFO: Training ROC-AUC: 1.000000
2025-03-31 15:41:49,988 - INFO: Validation ROC-AUC: 0.590854
2025-03-31 15:42:00,936 - INFO: Starting epoch 7
2025-03-31 15:42:00,963 - INFO: Evaluating at iteration 14509
2025-03-31 15:42:01,477 - INFO: Loss: 0.189687
2025-03-31 15:42:01,477 - INFO: Training ROC-AUC: 0.975845
2025-03-31 15:42:01,477 - INFO: Validation ROC-AUC: 0.586052
2025-03-31 15:42:14,579 - INFO: Evaluating at iteration 15009
2025-03-31 15:42:15,098 - INFO: Loss: 0.345829
2025-03-31 15:42:15,098 - INFO: Training ROC-AUC: 0.833333
2025-03-31 15:42:15,098 - INFO: Validation ROC-AUC: 0.612655
2025-03-31 15:42:28,123 - INFO: Evaluating at iteration 15509
2025-03-31 15:42:28,670 - INFO: Loss: 0.181738
2025-03-31 15:42:28,670 - INFO: Training ROC-AUC: 0.908046
2025-03-31 15:42:28,670 - INFO: Validation ROC-AUC: 0.593832
2025-03-31 15:42:41,770 - INFO: Evaluating at iteration 16009
2025-03-31 15:42:42,299 - INFO: Loss: 0.278996
2025-03-31 15:42:42,299 - INFO: Training ROC-AUC: 0.927536
2025-03-31 15:42:42,299 - INFO: Validation ROC-AUC: 0.602762
2025-03-31 15:42:55,239 - INFO: Evaluating at iteration 16509
2025-03-31 15:42:55,780 - INFO: Loss: 0.231775
2025-03-31 15:42:55,780 - INFO: Training ROC-AUC: 0.948571
2025-03-31 15:42:55,780 - INFO: Validation ROC-AUC: 0.615308
2025-03-31 15:43:06,688 - INFO: Starting epoch 8
2025-03-31 15:43:06,716 - INFO: Evaluating at iteration 16927
2025-03-31 15:43:07,261 - INFO: Loss: 0.341080
2025-03-31 15:43:07,261 - INFO: Training ROC-AUC: 0.837037
2025-03-31 15:43:07,261 - INFO: Validation ROC-AUC: 0.596184
2025-03-31 15:43:20,381 - INFO: Evaluating at iteration 17427
2025-03-31 15:43:20,862 - INFO: Loss: 0.366732
2025-03-31 15:43:20,862 - INFO: Training ROC-AUC: 0.895455
2025-03-31 15:43:20,862 - INFO: Validation ROC-AUC: 0.596841
2025-03-31 15:43:33,987 - INFO: Evaluating at iteration 17927
2025-03-31 15:43:34,491 - INFO: Loss: 0.113014
2025-03-31 15:43:34,491 - INFO: Training ROC-AUC: 0.942529
2025-03-31 15:43:34,491 - INFO: Validation ROC-AUC: 0.613062
2025-03-31 15:43:47,599 - INFO: Evaluating at iteration 18427
2025-03-31 15:43:48,081 - INFO: Loss: 0.264063
2025-03-31 15:43:48,081 - INFO: Training ROC-AUC: 0.816092
2025-03-31 15:43:48,081 - INFO: Validation ROC-AUC: 0.598602
2025-03-31 15:44:01,164 - INFO: Evaluating at iteration 18927
2025-03-31 15:44:01,644 - INFO: Loss: 0.161459
2025-03-31 15:44:01,644 - INFO: Training ROC-AUC: 0.950000
2025-03-31 15:44:01,644 - INFO: Validation ROC-AUC: 0.603058
2025-03-31 15:44:12,590 - INFO: Starting epoch 9
2025-03-31 15:44:12,618 - INFO: Evaluating at iteration 19345
2025-03-31 15:44:13,120 - INFO: Loss: 0.295059
2025-03-31 15:44:13,120 - INFO: Training ROC-AUC: 0.910256
2025-03-31 15:44:13,120 - INFO: Validation ROC-AUC: 0.590627
2025-03-31 15:44:26,350 - INFO: Evaluating at iteration 19845
2025-03-31 15:44:26,831 - INFO: Loss: 0.153948
2025-03-31 15:44:26,831 - INFO: Training ROC-AUC: 1.000000
2025-03-31 15:44:26,831 - INFO: Validation ROC-AUC: 0.588990
2025-03-31 15:44:40,026 - INFO: Evaluating at iteration 20345
2025-03-31 15:44:40,507 - INFO: Loss: 0.158403
2025-03-31 15:44:40,507 - INFO: Training ROC-AUC: 0.908046
2025-03-31 15:44:40,507 - INFO: Validation ROC-AUC: 0.578293
2025-03-31 15:44:53,756 - INFO: Evaluating at iteration 20845
2025-03-31 15:44:54,261 - INFO: Loss: 0.158719
2025-03-31 15:44:54,264 - INFO: Training ROC-AUC: 0.977778
2025-03-31 15:44:54,267 - INFO: Validation ROC-AUC: 0.589119
2025-03-31 15:45:07,467 - INFO: Evaluating at iteration 21345
2025-03-31 15:45:07,973 - INFO: Loss: 0.352568
2025-03-31 15:45:07,978 - INFO: Training ROC-AUC: 0.947917
2025-03-31 15:45:07,981 - INFO: Validation ROC-AUC: 0.570078
2025-03-31 15:45:19,067 - INFO: Starting epoch 10
2025-03-31 15:45:19,116 - INFO: Evaluating at iteration 21763
2025-03-31 15:45:19,609 - INFO: Loss: 0.127718
2025-03-31 15:45:19,613 - INFO: Training ROC-AUC: 0.987179
2025-03-31 15:45:19,616 - INFO: Validation ROC-AUC: 0.589358
2025-03-31 15:45:32,761 - INFO: Evaluating at iteration 22263
2025-03-31 15:45:33,320 - INFO: Loss: 0.365883
2025-03-31 15:45:33,323 - INFO: Training ROC-AUC: 0.800000
2025-03-31 15:45:33,326 - INFO: Validation ROC-AUC: 0.586293
2025-03-31 15:45:46,468 - INFO: Evaluating at iteration 22763
2025-03-31 15:45:46,982 - INFO: Loss: 0.268564
2025-03-31 15:45:47,026 - INFO: Training ROC-AUC: 0.891026
2025-03-31 15:45:47,029 - INFO: Validation ROC-AUC: 0.566387
2025-03-31 15:46:00,382 - INFO: Evaluating at iteration 23263
2025-03-31 15:46:00,906 - INFO: Loss: 0.173074
2025-03-31 15:46:00,910 - INFO: Training ROC-AUC: 0.980769
2025-03-31 15:46:00,913 - INFO: Validation ROC-AUC: 0.564392
2025-03-31 15:46:14,202 - INFO: Evaluating at iteration 23763
2025-03-31 15:46:14,715 - INFO: Loss: 0.311009
2025-03-31 15:46:14,715 - INFO: Training ROC-AUC: 0.922727
2025-03-31 15:46:14,715 - INFO: Validation ROC-AUC: 0.589400
2025-03-31 15:46:25,771 - INFO: Starting epoch 11
2025-03-31 15:46:25,799 - INFO: Evaluating at iteration 24181
2025-03-31 15:46:26,285 - INFO: Loss: 0.251804
2025-03-31 15:46:26,285 - INFO: Training ROC-AUC: 0.910256
2025-03-31 15:46:26,285 - INFO: Validation ROC-AUC: 0.582257
2025-03-31 15:46:39,511 - INFO: Evaluating at iteration 24681
2025-03-31 15:46:40,004 - INFO: Loss: 0.259125
2025-03-31 15:46:40,004 - INFO: Training ROC-AUC: 0.914286
2025-03-31 15:46:40,005 - INFO: Validation ROC-AUC: 0.574207
2025-03-31 15:46:53,339 - INFO: Evaluating at iteration 25181
2025-03-31 15:46:53,825 - INFO: Loss: 0.229180
2025-03-31 15:46:53,825 - INFO: Training ROC-AUC: 0.954286
2025-03-31 15:46:53,825 - INFO: Validation ROC-AUC: 0.579864
2025-03-31 15:47:07,092 - INFO: Evaluating at iteration 25681
2025-03-31 15:47:07,590 - INFO: Loss: 0.347593
2025-03-31 15:47:07,590 - INFO: Training ROC-AUC: 0.785714
2025-03-31 15:47:07,591 - INFO: Validation ROC-AUC: 0.588189
2025-03-31 15:47:20,891 - INFO: Evaluating at iteration 26181
2025-03-31 15:47:21,387 - INFO: Loss: 0.221948
2025-03-31 15:47:21,387 - INFO: Training ROC-AUC: 0.974359
2025-03-31 15:47:21,387 - INFO: Validation ROC-AUC: 0.567671
2025-03-31 15:47:32,648 - INFO: Starting epoch 12
2025-03-31 15:47:32,676 - INFO: Evaluating at iteration 26599
2025-03-31 15:47:33,163 - INFO: Loss: 0.094272
2025-03-31 15:47:33,163 - INFO: Training ROC-AUC: 1.000000
2025-03-31 15:47:33,163 - INFO: Validation ROC-AUC: 0.568539
2025-03-31 15:47:46,452 - INFO: Evaluating at iteration 27099
2025-03-31 15:47:46,931 - INFO: Loss: 0.186691
2025-03-31 15:47:46,931 - INFO: Training ROC-AUC: 0.962963
2025-03-31 15:47:46,931 - INFO: Validation ROC-AUC: 0.564180
2025-03-31 15:48:00,168 - INFO: Evaluating at iteration 27599
2025-03-31 15:48:00,650 - INFO: Loss: 0.135751
2025-03-31 15:48:00,651 - INFO: Training ROC-AUC: 0.985185
2025-03-31 15:48:00,651 - INFO: Validation ROC-AUC: 0.589265
2025-03-31 15:48:13,870 - INFO: Evaluating at iteration 28099
2025-03-31 15:48:14,373 - INFO: Loss: 0.290629
2025-03-31 15:48:14,373 - INFO: Training ROC-AUC: 0.948052
2025-03-31 15:48:14,373 - INFO: Validation ROC-AUC: 0.583495
2025-03-31 15:48:27,555 - INFO: Evaluating at iteration 28599
2025-03-31 15:48:28,053 - INFO: Loss: 0.264104
2025-03-31 15:48:28,053 - INFO: Training ROC-AUC: 0.903846
2025-03-31 15:48:28,053 - INFO: Validation ROC-AUC: 0.563626
2025-03-31 15:48:39,003 - INFO: Starting epoch 13
2025-03-31 15:48:39,031 - INFO: Evaluating at iteration 29017
2025-03-31 15:48:39,517 - INFO: Loss: 0.205124
2025-03-31 15:48:39,517 - INFO: Training ROC-AUC: 0.984375
2025-03-31 15:48:39,517 - INFO: Validation ROC-AUC: 0.578843
2025-03-31 15:48:52,884 - INFO: Evaluating at iteration 29517
2025-03-31 15:48:53,384 - INFO: Loss: 0.261155
2025-03-31 15:48:53,385 - INFO: Training ROC-AUC: 0.891026
2025-03-31 15:48:53,385 - INFO: Validation ROC-AUC: 0.550445
2025-03-31 15:49:06,662 - INFO: Evaluating at iteration 30017
2025-03-31 15:49:07,168 - INFO: Loss: 0.459087
2025-03-31 15:49:07,168 - INFO: Training ROC-AUC: 0.812500
2025-03-31 15:49:07,168 - INFO: Validation ROC-AUC: 0.575189
2025-03-31 15:49:20,622 - INFO: Evaluating at iteration 30517
2025-03-31 15:49:21,108 - INFO: Loss: 0.260868
2025-03-31 15:49:21,108 - INFO: Training ROC-AUC: 0.700000
2025-03-31 15:49:21,108 - INFO: Validation ROC-AUC: 0.552502
2025-03-31 15:49:34,439 - INFO: Evaluating at iteration 31017
2025-03-31 15:49:34,918 - INFO: Loss: 0.158465
2025-03-31 15:49:34,918 - INFO: Training ROC-AUC: 0.928571
2025-03-31 15:49:34,918 - INFO: Validation ROC-AUC: 0.573746
2025-03-31 15:49:45,994 - INFO: Starting epoch 14
2025-03-31 15:49:46,021 - INFO: Evaluating at iteration 31435
2025-03-31 15:49:46,503 - INFO: Loss: 0.193919
2025-03-31 15:49:46,504 - INFO: Training ROC-AUC: 0.961538
2025-03-31 15:49:46,504 - INFO: Validation ROC-AUC: 0.574762
2025-03-31 15:49:59,915 - INFO: Evaluating at iteration 31935
2025-03-31 15:50:00,406 - INFO: Loss: 0.165458
2025-03-31 15:50:00,406 - INFO: Training ROC-AUC: 0.919540
2025-03-31 15:50:00,406 - INFO: Validation ROC-AUC: 0.554990
2025-03-31 15:50:13,790 - INFO: Evaluating at iteration 32435
2025-03-31 15:50:14,290 - INFO: Loss: 0.145200
2025-03-31 15:50:14,290 - INFO: Training ROC-AUC: 0.966667
2025-03-31 15:50:14,290 - INFO: Validation ROC-AUC: 0.559016
2025-03-31 15:50:27,525 - INFO: Evaluating at iteration 32935
2025-03-31 15:50:28,012 - INFO: Loss: 0.515849
2025-03-31 15:50:28,012 - INFO: Training ROC-AUC: 0.748571
2025-03-31 15:50:28,012 - INFO: Validation ROC-AUC: 0.544797
2025-03-31 15:50:41,203 - INFO: Evaluating at iteration 33435
2025-03-31 15:50:41,683 - INFO: Loss: 0.184752
2025-03-31 15:50:41,683 - INFO: Training ROC-AUC: 0.903226
2025-03-31 15:50:41,683 - INFO: Validation ROC-AUC: 0.552496
2025-03-31 15:50:52,832 - INFO: Starting epoch 15
2025-03-31 15:50:52,859 - INFO: Evaluating at iteration 33853
2025-03-31 15:50:53,331 - INFO: Loss: 0.083259
2025-03-31 15:50:53,331 - INFO: Training ROC-AUC: 1.000000
2025-03-31 15:50:53,331 - INFO: Validation ROC-AUC: 0.568812
2025-03-31 15:51:06,665 - INFO: Evaluating at iteration 34353
2025-03-31 15:51:07,162 - INFO: Loss: 0.154552
2025-03-31 15:51:07,162 - INFO: Training ROC-AUC: 0.940741
2025-03-31 15:51:07,162 - INFO: Validation ROC-AUC: 0.546641
2025-03-31 15:51:20,641 - INFO: Evaluating at iteration 34853
2025-03-31 15:51:21,130 - INFO: Loss: 0.174329
2025-03-31 15:51:21,130 - INFO: Training ROC-AUC: 0.850000
2025-03-31 15:51:21,130 - INFO: Validation ROC-AUC: 0.554542
2025-03-31 15:51:34,569 - INFO: Evaluating at iteration 35353
2025-03-31 15:51:35,051 - INFO: Loss: 0.180245
2025-03-31 15:51:35,051 - INFO: Training ROC-AUC: 0.973958
2025-03-31 15:51:35,051 - INFO: Validation ROC-AUC: 0.570216
2025-03-31 15:51:48,533 - INFO: Evaluating at iteration 35853
2025-03-31 15:51:49,027 - INFO: Loss: 0.375083
2025-03-31 15:51:49,028 - INFO: Training ROC-AUC: 0.942029
2025-03-31 15:51:49,028 - INFO: Validation ROC-AUC: 0.559436
2025-03-31 15:52:00,366 - INFO: Starting epoch 16
2025-03-31 15:52:00,395 - INFO: Evaluating at iteration 36271
2025-03-31 15:52:00,879 - INFO: Loss: 0.286193
2025-03-31 15:52:00,879 - INFO: Training ROC-AUC: 0.914286
2025-03-31 15:52:00,879 - INFO: Validation ROC-AUC: 0.569640
2025-03-31 15:52:14,396 - INFO: Evaluating at iteration 36771
2025-03-31 15:52:14,889 - INFO: Loss: 0.110006
2025-03-31 15:52:14,889 - INFO: Training ROC-AUC: 1.000000
2025-03-31 15:52:14,889 - INFO: Validation ROC-AUC: 0.563312
2025-03-31 15:52:28,387 - INFO: Evaluating at iteration 37271
2025-03-31 15:52:28,878 - INFO: Loss: 0.329505
2025-03-31 15:52:28,878 - INFO: Training ROC-AUC: 0.908571
2025-03-31 15:52:28,878 - INFO: Validation ROC-AUC: 0.582980
2025-03-31 15:52:42,314 - INFO: Evaluating at iteration 37771
2025-03-31 15:52:42,804 - INFO: Loss: 0.257520
2025-03-31 15:52:42,804 - INFO: Training ROC-AUC: 0.897436
2025-03-31 15:52:42,804 - INFO: Validation ROC-AUC: 0.565811
2025-03-31 15:52:56,415 - INFO: Evaluating at iteration 38271
2025-03-31 15:52:56,894 - INFO: Loss: 0.194679
2025-03-31 15:52:56,895 - INFO: Training ROC-AUC: 0.850575
2025-03-31 15:52:56,895 - INFO: Validation ROC-AUC: 0.556271
2025-03-31 15:53:08,355 - INFO: Starting epoch 17
2025-03-31 15:53:08,383 - INFO: Evaluating at iteration 38689
2025-03-31 15:53:08,876 - INFO: Loss: 0.524130
2025-03-31 15:53:08,876 - INFO: Training ROC-AUC: 0.857143
2025-03-31 15:53:08,877 - INFO: Validation ROC-AUC: 0.561559
2025-03-31 15:53:22,552 - INFO: Evaluating at iteration 39189
2025-03-31 15:53:23,032 - INFO: Loss: 0.096801
2025-03-31 15:53:23,032 - INFO: Training ROC-AUC: 1.000000
2025-03-31 15:53:23,032 - INFO: Validation ROC-AUC: 0.545231
2025-03-31 15:53:36,820 - INFO: Evaluating at iteration 39689
2025-03-31 15:53:37,312 - INFO: Loss: 0.254686
2025-03-31 15:53:37,312 - INFO: Training ROC-AUC: 0.948571
2025-03-31 15:53:37,312 - INFO: Validation ROC-AUC: 0.551127
2025-03-31 15:53:51,307 - INFO: Evaluating at iteration 40189
2025-03-31 15:53:51,786 - INFO: Loss: 0.185921
2025-03-31 15:53:51,786 - INFO: Training ROC-AUC: 0.919643
2025-03-31 15:53:51,786 - INFO: Validation ROC-AUC: 0.560364
2025-03-31 15:54:05,643 - INFO: Evaluating at iteration 40689
2025-03-31 15:54:06,121 - INFO: Loss: 0.098793
2025-03-31 15:54:06,121 - INFO: Training ROC-AUC: 1.000000
2025-03-31 15:54:06,121 - INFO: Validation ROC-AUC: 0.563870
2025-03-31 15:54:17,706 - INFO: Starting epoch 18
2025-03-31 15:54:17,736 - INFO: Evaluating at iteration 41107
2025-03-31 15:54:18,214 - INFO: Loss: 0.161873
2025-03-31 15:54:18,215 - INFO: Training ROC-AUC: 0.937500
2025-03-31 15:54:18,215 - INFO: Validation ROC-AUC: 0.558130
2025-03-31 15:54:32,073 - INFO: Evaluating at iteration 41607
2025-03-31 15:54:32,550 - INFO: Loss: 0.108186
2025-03-31 15:54:32,550 - INFO: Training ROC-AUC: 0.993590
2025-03-31 15:54:32,550 - INFO: Validation ROC-AUC: 0.564570
2025-03-31 15:54:46,560 - INFO: Evaluating at iteration 42107
2025-03-31 15:54:47,049 - INFO: Loss: 0.144380
2025-03-31 15:54:47,050 - INFO: Training ROC-AUC: 0.988571
2025-03-31 15:54:47,050 - INFO: Validation ROC-AUC: 0.571254
2025-03-31 15:55:01,051 - INFO: Evaluating at iteration 42607
2025-03-31 15:55:01,530 - INFO: Loss: 0.303389
2025-03-31 15:55:01,531 - INFO: Training ROC-AUC: 0.968750
2025-03-31 15:55:01,531 - INFO: Validation ROC-AUC: 0.556388
2025-03-31 15:55:15,659 - INFO: Evaluating at iteration 43107
2025-03-31 15:55:16,143 - INFO: Loss: 0.221712
2025-03-31 15:55:16,143 - INFO: Training ROC-AUC: 0.975845
2025-03-31 15:55:16,143 - INFO: Validation ROC-AUC: 0.544999
2025-03-31 15:55:27,942 - INFO: Starting epoch 19
2025-03-31 15:55:27,974 - INFO: Evaluating at iteration 43525
2025-03-31 15:55:28,470 - INFO: Loss: 0.335741
2025-03-31 15:55:28,470 - INFO: Training ROC-AUC: 0.859259
2025-03-31 15:55:28,470 - INFO: Validation ROC-AUC: 0.546371
2025-03-31 15:55:42,536 - INFO: Evaluating at iteration 44025
2025-03-31 15:55:43,031 - INFO: Loss: 0.127506
2025-03-31 15:55:43,031 - INFO: Training ROC-AUC: 0.977778
2025-03-31 15:55:43,031 - INFO: Validation ROC-AUC: 0.559363
2025-03-31 15:55:57,028 - INFO: Evaluating at iteration 44525
2025-03-31 15:55:57,510 - INFO: Loss: 0.167553
2025-03-31 15:55:57,510 - INFO: Training ROC-AUC: 0.962963
2025-03-31 15:55:57,510 - INFO: Validation ROC-AUC: 0.566441
2025-03-31 15:56:11,647 - INFO: Evaluating at iteration 45025
2025-03-31 15:56:12,127 - INFO: Loss: 0.210833
2025-03-31 15:56:12,127 - INFO: Training ROC-AUC: 0.948571
2025-03-31 15:56:12,127 - INFO: Validation ROC-AUC: 0.561015
2025-03-31 15:56:26,253 - INFO: Evaluating at iteration 45525
2025-03-31 15:56:26,735 - INFO: Loss: 0.120365
2025-03-31 15:56:26,735 - INFO: Training ROC-AUC: 1.000000
2025-03-31 15:56:26,735 - INFO: Validation ROC-AUC: 0.569742
2025-03-31 15:56:38,522 - INFO: Starting epoch 20
2025-03-31 15:56:38,549 - INFO: Evaluating at iteration 45943
2025-03-31 15:56:39,029 - INFO: Loss: 0.160016
2025-03-31 15:56:39,029 - INFO: Training ROC-AUC: 0.833333
2025-03-31 15:56:39,029 - INFO: Validation ROC-AUC: 0.544774
2025-03-31 15:56:53,096 - INFO: Evaluating at iteration 46443
2025-03-31 15:56:53,613 - INFO: Loss: 0.130460
2025-03-31 15:56:53,613 - INFO: Training ROC-AUC: 0.994286
2025-03-31 15:56:53,613 - INFO: Validation ROC-AUC: 0.561819
2025-03-31 15:57:07,752 - INFO: Evaluating at iteration 46943
2025-03-31 15:57:08,232 - INFO: Loss: 0.118152
2025-03-31 15:57:08,232 - INFO: Training ROC-AUC: 0.903226
2025-03-31 15:57:08,232 - INFO: Validation ROC-AUC: 0.560248
2025-03-31 15:57:22,372 - INFO: Evaluating at iteration 47443
2025-03-31 15:57:22,852 - INFO: Loss: 0.107727
2025-03-31 15:57:22,853 - INFO: Training ROC-AUC: 0.994286
2025-03-31 15:57:22,853 - INFO: Validation ROC-AUC: 0.553051
2025-03-31 15:57:37,013 - INFO: Evaluating at iteration 47943
2025-03-31 15:57:37,505 - INFO: Loss: 0.171427
2025-03-31 15:57:37,505 - INFO: Training ROC-AUC: 0.970370
2025-03-31 15:57:37,505 - INFO: Validation ROC-AUC: 0.552220
2025-03-31 15:57:49,324 - INFO: Starting epoch 21
2025-03-31 15:57:49,355 - INFO: Evaluating at iteration 48361
2025-03-31 15:57:49,835 - INFO: Loss: 0.139275
2025-03-31 15:57:49,835 - INFO: Training ROC-AUC: 0.982143
2025-03-31 15:57:49,835 - INFO: Validation ROC-AUC: 0.536441
2025-03-31 15:58:04,054 - INFO: Evaluating at iteration 48861
2025-03-31 15:58:04,545 - INFO: Loss: 0.151312
2025-03-31 15:58:04,545 - INFO: Training ROC-AUC: 1.000000
2025-03-31 15:58:04,545 - INFO: Validation ROC-AUC: 0.553603
2025-03-31 15:58:18,868 - INFO: Evaluating at iteration 49361
2025-03-31 15:58:19,353 - INFO: Loss: 0.098679
2025-03-31 15:58:19,353 - INFO: Training ROC-AUC: 0.982143
2025-03-31 15:58:19,353 - INFO: Validation ROC-AUC: 0.557333
2025-03-31 15:58:33,741 - INFO: Evaluating at iteration 49861
2025-03-31 15:58:34,220 - INFO: Loss: 0.155147
2025-03-31 15:58:34,220 - INFO: Training ROC-AUC: 0.955357
2025-03-31 15:58:34,220 - INFO: Validation ROC-AUC: 0.550706
2025-03-31 15:58:48,407 - INFO: Evaluating at iteration 50361
2025-03-31 15:58:48,886 - INFO: Loss: 0.172528
2025-03-31 15:58:48,886 - INFO: Training ROC-AUC: 0.979167
2025-03-31 15:58:48,886 - INFO: Validation ROC-AUC: 0.549505
2025-03-31 15:59:00,876 - INFO: Starting epoch 22
2025-03-31 15:59:00,905 - INFO: Evaluating at iteration 50779
2025-03-31 15:59:01,401 - INFO: Loss: 0.128357
2025-03-31 15:59:01,401 - INFO: Training ROC-AUC: 0.993590
2025-03-31 15:59:01,401 - INFO: Validation ROC-AUC: 0.556873
2025-03-31 15:59:15,928 - INFO: Evaluating at iteration 51279
2025-03-31 15:59:16,407 - INFO: Loss: 0.278809
2025-03-31 15:59:16,407 - INFO: Training ROC-AUC: 0.923077
2025-03-31 15:59:16,407 - INFO: Validation ROC-AUC: 0.543543
2025-03-31 15:59:30,848 - INFO: Evaluating at iteration 51779
2025-03-31 15:59:31,331 - INFO: Loss: 0.146357
2025-03-31 15:59:31,331 - INFO: Training ROC-AUC: 0.931034
2025-03-31 15:59:31,331 - INFO: Validation ROC-AUC: 0.539331
2025-03-31 15:59:45,876 - INFO: Evaluating at iteration 52279
2025-03-31 15:59:46,355 - INFO: Loss: 0.145993
2025-03-31 15:59:46,355 - INFO: Training ROC-AUC: 0.916667
2025-03-31 15:59:46,355 - INFO: Validation ROC-AUC: 0.542134
2025-03-31 16:00:00,819 - INFO: Evaluating at iteration 52779
2025-03-31 16:00:01,297 - INFO: Loss: 0.084702
2025-03-31 16:00:01,297 - INFO: Training ROC-AUC: 1.000000
2025-03-31 16:00:01,297 - INFO: Validation ROC-AUC: 0.558296
2025-03-31 16:00:13,345 - INFO: Starting epoch 23
2025-03-31 16:00:13,374 - INFO: Evaluating at iteration 53197
2025-03-31 16:00:13,860 - INFO: Loss: 0.060553
2025-03-31 16:00:13,860 - INFO: Training ROC-AUC: 1.000000
2025-03-31 16:00:13,860 - INFO: Validation ROC-AUC: 0.560164
2025-03-31 16:00:28,487 - INFO: Evaluating at iteration 53697
2025-03-31 16:00:29,008 - INFO: Loss: 0.165818
2025-03-31 16:00:29,015 - INFO: Training ROC-AUC: 0.977778
2025-03-31 16:00:29,022 - INFO: Validation ROC-AUC: 0.548421
2025-03-31 16:00:43,558 - INFO: Evaluating at iteration 54197
2025-03-31 16:00:44,075 - INFO: Loss: 0.283011
2025-03-31 16:00:44,085 - INFO: Training ROC-AUC: 0.963636
2025-03-31 16:00:44,094 - INFO: Validation ROC-AUC: 0.558047
2025-03-31 16:00:58,876 - INFO: Evaluating at iteration 54697
2025-03-31 16:00:59,380 - INFO: Loss: 0.177411
2025-03-31 16:00:59,380 - INFO: Training ROC-AUC: 0.984375
2025-03-31 16:00:59,380 - INFO: Validation ROC-AUC: 0.536188
2025-03-31 16:01:14,260 - INFO: Evaluating at iteration 55197
2025-03-31 16:01:14,743 - INFO: Loss: 0.105396
2025-03-31 16:01:14,743 - INFO: Training ROC-AUC: 0.982143
2025-03-31 16:01:14,743 - INFO: Validation ROC-AUC: 0.530765
2025-03-31 16:01:27,060 - INFO: Starting epoch 24
2025-03-31 16:01:27,089 - INFO: Evaluating at iteration 55615
2025-03-31 16:01:27,569 - INFO: Loss: 0.231829
2025-03-31 16:01:27,569 - INFO: Training ROC-AUC: 0.911111
2025-03-31 16:01:27,569 - INFO: Validation ROC-AUC: 0.555882
2025-03-31 16:01:42,157 - INFO: Evaluating at iteration 56115
2025-03-31 16:01:42,635 - INFO: Loss: 0.163179
2025-03-31 16:01:42,635 - INFO: Training ROC-AUC: 0.964286
2025-03-31 16:01:42,635 - INFO: Validation ROC-AUC: 0.543046
2025-03-31 16:01:57,212 - INFO: Evaluating at iteration 56615
2025-03-31 16:01:57,700 - INFO: Loss: 0.283933
2025-03-31 16:01:57,700 - INFO: Training ROC-AUC: 0.897436
2025-03-31 16:01:57,700 - INFO: Validation ROC-AUC: 0.547888
2025-03-31 16:02:12,484 - INFO: Evaluating at iteration 57115
2025-03-31 16:02:12,975 - INFO: Loss: 0.122039
2025-03-31 16:02:12,975 - INFO: Training ROC-AUC: 1.000000
2025-03-31 16:02:12,975 - INFO: Validation ROC-AUC: 0.552670
2025-03-31 16:02:27,712 - INFO: Evaluating at iteration 57615
2025-03-31 16:02:28,224 - INFO: Loss: 0.144753
2025-03-31 16:02:28,224 - INFO: Training ROC-AUC: 0.987179
2025-03-31 16:02:28,224 - INFO: Validation ROC-AUC: 0.549726
2025-03-31 16:02:40,737 - INFO: Starting epoch 25
2025-03-31 16:02:40,769 - INFO: Evaluating at iteration 58033
2025-03-31 16:02:41,248 - INFO: Loss: 0.201387
2025-03-31 16:02:41,248 - INFO: Training ROC-AUC: 0.967949
2025-03-31 16:02:41,248 - INFO: Validation ROC-AUC: 0.547906
2025-03-31 16:02:56,057 - INFO: Evaluating at iteration 58533
2025-03-31 16:02:56,538 - INFO: Loss: 0.122026
2025-03-31 16:02:56,538 - INFO: Training ROC-AUC: 0.991071
2025-03-31 16:02:56,538 - INFO: Validation ROC-AUC: 0.537121
2025-03-31 16:03:11,440 - INFO: Evaluating at iteration 59033
2025-03-31 16:03:11,923 - INFO: Loss: 0.277199
2025-03-31 16:03:11,923 - INFO: Training ROC-AUC: 0.903846
2025-03-31 16:03:11,923 - INFO: Validation ROC-AUC: 0.550610
2025-03-31 16:03:26,783 - INFO: Evaluating at iteration 59533
2025-03-31 16:03:27,278 - INFO: Loss: 0.143151
2025-03-31 16:03:27,279 - INFO: Training ROC-AUC: 0.977778
2025-03-31 16:03:27,279 - INFO: Validation ROC-AUC: 0.539728
2025-03-31 16:03:42,331 - INFO: Evaluating at iteration 60033
2025-03-31 16:03:42,835 - INFO: Loss: 0.188448
2025-03-31 16:03:42,835 - INFO: Training ROC-AUC: 0.971429
2025-03-31 16:03:42,835 - INFO: Validation ROC-AUC: 0.550465
2025-03-31 16:03:55,265 - INFO: Saving model to models/TCRStructMap/model_4.pt
2025-03-31 16:03:55,278 - INFO: Starting fold 5
2025-03-31 16:03:55,278 - INFO: Initialising model
2025-03-31 16:03:55,289 - INFO: Starting training
2025-03-31 16:03:55,289 - INFO: Starting epoch 1
2025-03-31 16:03:55,318 - INFO: Evaluating at iteration 1
2025-03-31 16:03:55,665 - INFO: Loss: 0.686311
2025-03-31 16:03:55,665 - INFO: Training ROC-AUC: 0.540230
2025-03-31 16:03:55,665 - INFO: Validation ROC-AUC: 0.519848
2025-03-31 16:04:08,413 - INFO: Evaluating at iteration 501
2025-03-31 16:04:08,757 - INFO: Loss: 0.478816
2025-03-31 16:04:08,758 - INFO: Training ROC-AUC: 0.512821
2025-03-31 16:04:08,758 - INFO: Validation ROC-AUC: 0.395736
2025-03-31 16:04:21,796 - INFO: Evaluating at iteration 1001
2025-03-31 16:04:22,141 - INFO: Loss: 0.368437
2025-03-31 16:04:22,141 - INFO: Training ROC-AUC: 0.644444
2025-03-31 16:04:22,142 - INFO: Validation ROC-AUC: 0.511257
2025-03-31 16:04:35,036 - INFO: Evaluating at iteration 1501
2025-03-31 16:04:35,380 - INFO: Loss: 0.373040
2025-03-31 16:04:35,381 - INFO: Training ROC-AUC: 0.714286
2025-03-31 16:04:35,381 - INFO: Validation ROC-AUC: 0.637687
2025-03-31 16:04:48,335 - INFO: Evaluating at iteration 2001
2025-03-31 16:04:48,691 - INFO: Loss: 0.345437
2025-03-31 16:04:48,691 - INFO: Training ROC-AUC: 0.829630
2025-03-31 16:04:48,691 - INFO: Validation ROC-AUC: 0.633603
2025-03-31 16:05:00,840 - INFO: Starting epoch 2
2025-03-31 16:05:00,868 - INFO: Evaluating at iteration 2475
2025-03-31 16:05:01,224 - INFO: Loss: 0.257801
2025-03-31 16:05:01,224 - INFO: Training ROC-AUC: 0.781609
2025-03-31 16:05:01,224 - INFO: Validation ROC-AUC: 0.622867
2025-03-31 16:05:14,039 - INFO: Evaluating at iteration 2975
2025-03-31 16:05:14,394 - INFO: Loss: 0.434767
2025-03-31 16:05:14,394 - INFO: Training ROC-AUC: 0.562500
2025-03-31 16:05:14,394 - INFO: Validation ROC-AUC: 0.628698
2025-03-31 16:05:27,159 - INFO: Evaluating at iteration 3475
2025-03-31 16:05:27,504 - INFO: Loss: 0.331776
2025-03-31 16:05:27,504 - INFO: Training ROC-AUC: 0.908213
2025-03-31 16:05:27,505 - INFO: Validation ROC-AUC: 0.634425
2025-03-31 16:05:40,290 - INFO: Evaluating at iteration 3975
2025-03-31 16:05:40,638 - INFO: Loss: 0.337813
2025-03-31 16:05:40,638 - INFO: Training ROC-AUC: 0.833333
2025-03-31 16:05:40,638 - INFO: Validation ROC-AUC: 0.634851
2025-03-31 16:05:53,464 - INFO: Evaluating at iteration 4475
2025-03-31 16:05:53,811 - INFO: Loss: 0.323791
2025-03-31 16:05:53,811 - INFO: Training ROC-AUC: 0.723214
2025-03-31 16:05:53,811 - INFO: Validation ROC-AUC: 0.646901
2025-03-31 16:06:06,094 - INFO: Starting epoch 3
2025-03-31 16:06:06,121 - INFO: Evaluating at iteration 4949
2025-03-31 16:06:06,473 - INFO: Loss: 0.136511
2025-03-31 16:06:06,473 - INFO: Training ROC-AUC: 0.977011
2025-03-31 16:06:06,473 - INFO: Validation ROC-AUC: 0.649368
2025-03-31 16:06:19,432 - INFO: Evaluating at iteration 5449
2025-03-31 16:06:19,780 - INFO: Loss: 0.322690
2025-03-31 16:06:19,780 - INFO: Training ROC-AUC: 0.822222
2025-03-31 16:06:19,780 - INFO: Validation ROC-AUC: 0.656587
2025-03-31 16:06:32,808 - INFO: Evaluating at iteration 5949
2025-03-31 16:06:33,158 - INFO: Loss: 0.393613
2025-03-31 16:06:33,158 - INFO: Training ROC-AUC: 0.848958
2025-03-31 16:06:33,158 - INFO: Validation ROC-AUC: 0.654484
2025-03-31 16:06:46,209 - INFO: Evaluating at iteration 6449
2025-03-31 16:06:46,554 - INFO: Loss: 0.398091
2025-03-31 16:06:46,554 - INFO: Training ROC-AUC: 0.927536
2025-03-31 16:06:46,554 - INFO: Validation ROC-AUC: 0.659926
2025-03-31 16:06:59,588 - INFO: Evaluating at iteration 6949
2025-03-31 16:06:59,934 - INFO: Loss: 0.158873
2025-03-31 16:06:59,934 - INFO: Training ROC-AUC: 0.942529
2025-03-31 16:06:59,934 - INFO: Validation ROC-AUC: 0.662281
2025-03-31 16:07:12,253 - INFO: Starting epoch 4
2025-03-31 16:07:12,280 - INFO: Evaluating at iteration 7423
2025-03-31 16:07:12,626 - INFO: Loss: 0.191676
2025-03-31 16:07:12,626 - INFO: Training ROC-AUC: 0.961538
2025-03-31 16:07:12,626 - INFO: Validation ROC-AUC: 0.662374
2025-03-31 16:07:25,661 - INFO: Evaluating at iteration 7923
2025-03-31 16:07:26,007 - INFO: Loss: 0.304456
2025-03-31 16:07:26,007 - INFO: Training ROC-AUC: 0.902857
2025-03-31 16:07:26,007 - INFO: Validation ROC-AUC: 0.659357
2025-03-31 16:07:39,080 - INFO: Evaluating at iteration 8423
2025-03-31 16:07:39,430 - INFO: Loss: 0.138598
2025-03-31 16:07:39,430 - INFO: Training ROC-AUC: 0.993590
2025-03-31 16:07:39,430 - INFO: Validation ROC-AUC: 0.661907
2025-03-31 16:07:52,512 - INFO: Evaluating at iteration 8923
2025-03-31 16:07:52,860 - INFO: Loss: 0.215293
2025-03-31 16:07:52,860 - INFO: Training ROC-AUC: 0.960000
2025-03-31 16:07:52,860 - INFO: Validation ROC-AUC: 0.671239
2025-03-31 16:08:05,931 - INFO: Evaluating at iteration 9423
2025-03-31 16:08:06,277 - INFO: Loss: 0.204472
2025-03-31 16:08:06,277 - INFO: Training ROC-AUC: 0.885057
2025-03-31 16:08:06,277 - INFO: Validation ROC-AUC: 0.670597
2025-03-31 16:08:18,741 - INFO: Starting epoch 5
2025-03-31 16:08:18,769 - INFO: Evaluating at iteration 9897
2025-03-31 16:08:19,114 - INFO: Loss: 0.292888
2025-03-31 16:08:19,115 - INFO: Training ROC-AUC: 0.883929
2025-03-31 16:08:19,115 - INFO: Validation ROC-AUC: 0.668070
2025-03-31 16:08:32,383 - INFO: Evaluating at iteration 10397
2025-03-31 16:08:32,739 - INFO: Loss: 0.216003
2025-03-31 16:08:32,739 - INFO: Training ROC-AUC: 0.967949
2025-03-31 16:08:32,739 - INFO: Validation ROC-AUC: 0.666483
2025-03-31 16:08:46,011 - INFO: Evaluating at iteration 10897
2025-03-31 16:08:46,367 - INFO: Loss: 0.186315
2025-03-31 16:08:46,368 - INFO: Training ROC-AUC: 0.963542
2025-03-31 16:08:46,368 - INFO: Validation ROC-AUC: 0.670496
2025-03-31 16:08:59,623 - INFO: Evaluating at iteration 11397
2025-03-31 16:08:59,970 - INFO: Loss: 0.192784
2025-03-31 16:08:59,971 - INFO: Training ROC-AUC: 0.962963
2025-03-31 16:08:59,971 - INFO: Validation ROC-AUC: 0.671947
2025-03-31 16:09:13,167 - INFO: Evaluating at iteration 11897
2025-03-31 16:09:13,521 - INFO: Loss: 0.189536
2025-03-31 16:09:13,521 - INFO: Training ROC-AUC: 0.962963
2025-03-31 16:09:13,521 - INFO: Validation ROC-AUC: 0.668023
2025-03-31 16:09:25,928 - INFO: Starting epoch 6
2025-03-31 16:09:25,955 - INFO: Evaluating at iteration 12371
2025-03-31 16:09:26,299 - INFO: Loss: 0.137350
2025-03-31 16:09:26,299 - INFO: Training ROC-AUC: 0.931034
2025-03-31 16:09:26,299 - INFO: Validation ROC-AUC: 0.672015
2025-03-31 16:09:39,460 - INFO: Evaluating at iteration 12871
2025-03-31 16:09:39,806 - INFO: Loss: 0.218443
2025-03-31 16:09:39,806 - INFO: Training ROC-AUC: 0.948718
2025-03-31 16:09:39,806 - INFO: Validation ROC-AUC: 0.671797
2025-03-31 16:09:52,870 - INFO: Evaluating at iteration 13371
2025-03-31 16:09:53,215 - INFO: Loss: 0.203664
2025-03-31 16:09:53,215 - INFO: Training ROC-AUC: 0.980769
2025-03-31 16:09:53,215 - INFO: Validation ROC-AUC: 0.672370
2025-03-31 16:10:06,422 - INFO: Evaluating at iteration 13871
2025-03-31 16:10:06,768 - INFO: Loss: 0.263029
2025-03-31 16:10:06,768 - INFO: Training ROC-AUC: 0.953125
2025-03-31 16:10:06,769 - INFO: Validation ROC-AUC: 0.679086
2025-03-31 16:10:19,993 - INFO: Evaluating at iteration 14371
2025-03-31 16:10:20,350 - INFO: Loss: 0.254007
2025-03-31 16:10:20,350 - INFO: Training ROC-AUC: 0.911111
2025-03-31 16:10:20,350 - INFO: Validation ROC-AUC: 0.673610
2025-03-31 16:10:32,851 - INFO: Starting epoch 7
2025-03-31 16:10:32,878 - INFO: Evaluating at iteration 14845
2025-03-31 16:10:33,229 - INFO: Loss: 0.392565
2025-03-31 16:10:33,229 - INFO: Training ROC-AUC: 0.886364
2025-03-31 16:10:33,229 - INFO: Validation ROC-AUC: 0.670375
2025-03-31 16:10:46,401 - INFO: Evaluating at iteration 15345
2025-03-31 16:10:46,745 - INFO: Loss: 0.247219
2025-03-31 16:10:46,746 - INFO: Training ROC-AUC: 0.901786
2025-03-31 16:10:46,746 - INFO: Validation ROC-AUC: 0.679723
2025-03-31 16:10:59,941 - INFO: Evaluating at iteration 15845
2025-03-31 16:11:00,294 - INFO: Loss: 0.276339
2025-03-31 16:11:00,294 - INFO: Training ROC-AUC: 0.980676
2025-03-31 16:11:00,294 - INFO: Validation ROC-AUC: 0.677284
2025-03-31 16:11:13,594 - INFO: Evaluating at iteration 16345
2025-03-31 16:11:13,950 - INFO: Loss: 0.341438
2025-03-31 16:11:13,950 - INFO: Training ROC-AUC: 0.946860
2025-03-31 16:11:13,950 - INFO: Validation ROC-AUC: 0.679174
2025-03-31 16:11:27,133 - INFO: Evaluating at iteration 16845
2025-03-31 16:11:27,480 - INFO: Loss: 0.274912
2025-03-31 16:11:27,480 - INFO: Training ROC-AUC: 0.916667
2025-03-31 16:11:27,480 - INFO: Validation ROC-AUC: 0.675857
2025-03-31 16:11:40,076 - INFO: Starting epoch 8
2025-03-31 16:11:40,106 - INFO: Evaluating at iteration 17319
2025-03-31 16:11:40,460 - INFO: Loss: 0.333442
2025-03-31 16:11:40,460 - INFO: Training ROC-AUC: 0.898551
2025-03-31 16:11:40,460 - INFO: Validation ROC-AUC: 0.680424
2025-03-31 16:11:53,858 - INFO: Evaluating at iteration 17819
2025-03-31 16:11:54,214 - INFO: Loss: 0.248367
2025-03-31 16:11:54,214 - INFO: Training ROC-AUC: 0.931429
2025-03-31 16:11:54,214 - INFO: Validation ROC-AUC: 0.683236
2025-03-31 16:12:07,538 - INFO: Evaluating at iteration 18319
2025-03-31 16:12:07,883 - INFO: Loss: 0.343801
2025-03-31 16:12:07,883 - INFO: Training ROC-AUC: 0.792593
2025-03-31 16:12:07,883 - INFO: Validation ROC-AUC: 0.678514
2025-03-31 16:12:21,143 - INFO: Evaluating at iteration 18819
2025-03-31 16:12:21,489 - INFO: Loss: 0.384168
2025-03-31 16:12:21,489 - INFO: Training ROC-AUC: 0.854167
2025-03-31 16:12:21,489 - INFO: Validation ROC-AUC: 0.684990
2025-03-31 16:12:34,715 - INFO: Evaluating at iteration 19319
2025-03-31 16:12:35,064 - INFO: Loss: 0.277391
2025-03-31 16:12:35,064 - INFO: Training ROC-AUC: 0.866667
2025-03-31 16:12:35,064 - INFO: Validation ROC-AUC: 0.685397
2025-03-31 16:12:47,640 - INFO: Starting epoch 9
2025-03-31 16:12:47,668 - INFO: Evaluating at iteration 19793
2025-03-31 16:12:48,027 - INFO: Loss: 0.199959
2025-03-31 16:12:48,027 - INFO: Training ROC-AUC: 0.940741
2025-03-31 16:12:48,027 - INFO: Validation ROC-AUC: 0.681762
2025-03-31 16:13:01,510 - INFO: Evaluating at iteration 20293
2025-03-31 16:13:01,880 - INFO: Loss: 0.252794
2025-03-31 16:13:01,881 - INFO: Training ROC-AUC: 0.881481
2025-03-31 16:13:01,881 - INFO: Validation ROC-AUC: 0.683513
2025-03-31 16:13:15,204 - INFO: Evaluating at iteration 20793
2025-03-31 16:13:15,573 - INFO: Loss: 0.274422
2025-03-31 16:13:15,573 - INFO: Training ROC-AUC: 0.908571
2025-03-31 16:13:15,573 - INFO: Validation ROC-AUC: 0.685861
2025-03-31 16:13:28,940 - INFO: Evaluating at iteration 21293
2025-03-31 16:13:29,286 - INFO: Loss: 0.400583
2025-03-31 16:13:29,286 - INFO: Training ROC-AUC: 0.911458
2025-03-31 16:13:29,286 - INFO: Validation ROC-AUC: 0.682067
2025-03-31 16:13:42,587 - INFO: Evaluating at iteration 21793
2025-03-31 16:13:42,943 - INFO: Loss: 0.185278
2025-03-31 16:13:42,943 - INFO: Training ROC-AUC: 0.919540
2025-03-31 16:13:42,943 - INFO: Validation ROC-AUC: 0.679644
2025-03-31 16:13:55,650 - INFO: Starting epoch 10
2025-03-31 16:13:55,677 - INFO: Evaluating at iteration 22267
2025-03-31 16:13:56,024 - INFO: Loss: 0.273827
2025-03-31 16:13:56,024 - INFO: Training ROC-AUC: 0.937143
2025-03-31 16:13:56,024 - INFO: Validation ROC-AUC: 0.681068
2025-03-31 16:14:09,331 - INFO: Evaluating at iteration 22767
2025-03-31 16:14:09,678 - INFO: Loss: 0.300251
2025-03-31 16:14:09,678 - INFO: Training ROC-AUC: 0.794643
2025-03-31 16:14:09,678 - INFO: Validation ROC-AUC: 0.679673
2025-03-31 16:14:22,937 - INFO: Evaluating at iteration 23267
2025-03-31 16:14:23,282 - INFO: Loss: 0.167224
2025-03-31 16:14:23,282 - INFO: Training ROC-AUC: 0.992593
2025-03-31 16:14:23,282 - INFO: Validation ROC-AUC: 0.683888
2025-03-31 16:14:36,705 - INFO: Evaluating at iteration 23767
2025-03-31 16:14:37,050 - INFO: Loss: 0.189874
2025-03-31 16:14:37,050 - INFO: Training ROC-AUC: 0.942308
2025-03-31 16:14:37,050 - INFO: Validation ROC-AUC: 0.685825
2025-03-31 16:14:50,471 - INFO: Evaluating at iteration 24267
2025-03-31 16:14:50,816 - INFO: Loss: 0.292800
2025-03-31 16:14:50,816 - INFO: Training ROC-AUC: 0.910256
2025-03-31 16:14:50,816 - INFO: Validation ROC-AUC: 0.687202
2025-03-31 16:15:03,576 - INFO: Starting epoch 11
2025-03-31 16:15:03,604 - INFO: Evaluating at iteration 24741
2025-03-31 16:15:03,949 - INFO: Loss: 0.205989
2025-03-31 16:15:03,949 - INFO: Training ROC-AUC: 0.971429
2025-03-31 16:15:03,949 - INFO: Validation ROC-AUC: 0.681885
2025-03-31 16:15:17,240 - INFO: Evaluating at iteration 25241
2025-03-31 16:15:17,585 - INFO: Loss: 0.244662
2025-03-31 16:15:17,585 - INFO: Training ROC-AUC: 0.961538
2025-03-31 16:15:17,585 - INFO: Validation ROC-AUC: 0.685624
2025-03-31 16:15:31,016 - INFO: Evaluating at iteration 25741
2025-03-31 16:15:31,368 - INFO: Loss: 0.184115
2025-03-31 16:15:31,368 - INFO: Training ROC-AUC: 0.970370
2025-03-31 16:15:31,368 - INFO: Validation ROC-AUC: 0.685932
2025-03-31 16:15:44,720 - INFO: Evaluating at iteration 26241
2025-03-31 16:15:45,074 - INFO: Loss: 0.305636
2025-03-31 16:15:45,074 - INFO: Training ROC-AUC: 0.785714
2025-03-31 16:15:45,074 - INFO: Validation ROC-AUC: 0.683215
2025-03-31 16:15:58,344 - INFO: Evaluating at iteration 26741
2025-03-31 16:15:58,699 - INFO: Loss: 0.118963
2025-03-31 16:15:58,700 - INFO: Training ROC-AUC: 1.000000
2025-03-31 16:15:58,700 - INFO: Validation ROC-AUC: 0.682501
2025-03-31 16:16:11,365 - INFO: Starting epoch 12
2025-03-31 16:16:11,393 - INFO: Evaluating at iteration 27215
2025-03-31 16:16:11,748 - INFO: Loss: 0.160766
2025-03-31 16:16:11,748 - INFO: Training ROC-AUC: 0.955357
2025-03-31 16:16:11,748 - INFO: Validation ROC-AUC: 0.681312
2025-03-31 16:16:25,314 - INFO: Evaluating at iteration 27715
2025-03-31 16:16:25,658 - INFO: Loss: 0.105948
2025-03-31 16:16:25,659 - INFO: Training ROC-AUC: 1.000000
2025-03-31 16:16:25,659 - INFO: Validation ROC-AUC: 0.685453
2025-03-31 16:16:39,005 - INFO: Evaluating at iteration 28215
2025-03-31 16:16:39,352 - INFO: Loss: 0.284571
2025-03-31 16:16:39,352 - INFO: Training ROC-AUC: 0.903704
2025-03-31 16:16:39,352 - INFO: Validation ROC-AUC: 0.683486
2025-03-31 16:16:52,832 - INFO: Evaluating at iteration 28715
2025-03-31 16:16:53,176 - INFO: Loss: 0.102829
2025-03-31 16:16:53,177 - INFO: Training ROC-AUC: 1.000000
2025-03-31 16:16:53,177 - INFO: Validation ROC-AUC: 0.685165
2025-03-31 16:17:06,568 - INFO: Evaluating at iteration 29215
2025-03-31 16:17:06,914 - INFO: Loss: 0.238265
2025-03-31 16:17:06,914 - INFO: Training ROC-AUC: 0.942857
2025-03-31 16:17:06,914 - INFO: Validation ROC-AUC: 0.683552
2025-03-31 16:17:19,612 - INFO: Starting epoch 13
2025-03-31 16:17:19,642 - INFO: Evaluating at iteration 29689
2025-03-31 16:17:19,986 - INFO: Loss: 0.195420
2025-03-31 16:17:19,986 - INFO: Training ROC-AUC: 0.933333
2025-03-31 16:17:19,986 - INFO: Validation ROC-AUC: 0.684677
2025-03-31 16:17:33,578 - INFO: Evaluating at iteration 30189
2025-03-31 16:17:33,933 - INFO: Loss: 0.120758
2025-03-31 16:17:33,933 - INFO: Training ROC-AUC: 0.982143
2025-03-31 16:17:33,933 - INFO: Validation ROC-AUC: 0.684389
2025-03-31 16:17:47,217 - INFO: Evaluating at iteration 30689
2025-03-31 16:17:47,562 - INFO: Loss: 0.143270
2025-03-31 16:17:47,563 - INFO: Training ROC-AUC: 0.977778
2025-03-31 16:17:47,563 - INFO: Validation ROC-AUC: 0.684330
2025-03-31 16:18:00,928 - INFO: Evaluating at iteration 31189
2025-03-31 16:18:01,272 - INFO: Loss: 0.364765
2025-03-31 16:18:01,272 - INFO: Training ROC-AUC: 0.833333
2025-03-31 16:18:01,272 - INFO: Validation ROC-AUC: 0.687879
2025-03-31 16:18:14,653 - INFO: Evaluating at iteration 31689
2025-03-31 16:18:14,999 - INFO: Loss: 0.223217
2025-03-31 16:18:15,000 - INFO: Training ROC-AUC: 0.933333
2025-03-31 16:18:15,000 - INFO: Validation ROC-AUC: 0.688120
2025-03-31 16:18:27,664 - INFO: Starting epoch 14
2025-03-31 16:18:27,692 - INFO: Evaluating at iteration 32163
2025-03-31 16:18:28,061 - INFO: Loss: 0.133538
2025-03-31 16:18:28,061 - INFO: Training ROC-AUC: 0.967742
2025-03-31 16:18:28,061 - INFO: Validation ROC-AUC: 0.688121
2025-03-31 16:18:41,614 - INFO: Evaluating at iteration 32663
2025-03-31 16:18:41,962 - INFO: Loss: 0.130860
2025-03-31 16:18:41,962 - INFO: Training ROC-AUC: 1.000000
2025-03-31 16:18:41,962 - INFO: Validation ROC-AUC: 0.679288
2025-03-31 16:18:55,384 - INFO: Evaluating at iteration 33163
2025-03-31 16:18:55,729 - INFO: Loss: 0.154295
2025-03-31 16:18:55,730 - INFO: Training ROC-AUC: 0.980769
2025-03-31 16:18:55,730 - INFO: Validation ROC-AUC: 0.685382
2025-03-31 16:19:09,358 - INFO: Evaluating at iteration 33663
2025-03-31 16:19:09,704 - INFO: Loss: 0.181507
2025-03-31 16:19:09,704 - INFO: Training ROC-AUC: 0.954023
2025-03-31 16:19:09,704 - INFO: Validation ROC-AUC: 0.683736
2025-03-31 16:19:23,217 - INFO: Evaluating at iteration 34163
2025-03-31 16:19:23,563 - INFO: Loss: 0.178426
2025-03-31 16:19:23,564 - INFO: Training ROC-AUC: 0.955128
2025-03-31 16:19:23,564 - INFO: Validation ROC-AUC: 0.689322
2025-03-31 16:19:36,329 - INFO: Starting epoch 15
2025-03-31 16:19:36,358 - INFO: Evaluating at iteration 34637
2025-03-31 16:19:36,707 - INFO: Loss: 0.111779
2025-03-31 16:19:36,707 - INFO: Training ROC-AUC: 1.000000
2025-03-31 16:19:36,707 - INFO: Validation ROC-AUC: 0.683026
2025-03-31 16:19:50,174 - INFO: Evaluating at iteration 35137
2025-03-31 16:19:50,520 - INFO: Loss: 0.308151
2025-03-31 16:19:50,520 - INFO: Training ROC-AUC: 0.919643
2025-03-31 16:19:50,520 - INFO: Validation ROC-AUC: 0.684716
2025-03-31 16:20:03,986 - INFO: Evaluating at iteration 35637
2025-03-31 16:20:04,342 - INFO: Loss: 0.237389
2025-03-31 16:20:04,342 - INFO: Training ROC-AUC: 0.903704
2025-03-31 16:20:04,342 - INFO: Validation ROC-AUC: 0.682524
2025-03-31 16:20:17,945 - INFO: Evaluating at iteration 36137
2025-03-31 16:20:18,291 - INFO: Loss: 0.127886
2025-03-31 16:20:18,291 - INFO: Training ROC-AUC: 0.977011
2025-03-31 16:20:18,291 - INFO: Validation ROC-AUC: 0.684137
2025-03-31 16:20:31,851 - INFO: Evaluating at iteration 36637
2025-03-31 16:20:32,196 - INFO: Loss: 0.142454
2025-03-31 16:20:32,196 - INFO: Training ROC-AUC: 0.970370
2025-03-31 16:20:32,196 - INFO: Validation ROC-AUC: 0.689570
2025-03-31 16:20:45,086 - INFO: Starting epoch 16
2025-03-31 16:20:45,114 - INFO: Evaluating at iteration 37111
2025-03-31 16:20:45,460 - INFO: Loss: 0.235036
2025-03-31 16:20:45,460 - INFO: Training ROC-AUC: 0.925926
2025-03-31 16:20:45,460 - INFO: Validation ROC-AUC: 0.687194
2025-03-31 16:20:59,114 - INFO: Evaluating at iteration 37611
2025-03-31 16:20:59,472 - INFO: Loss: 0.173032
2025-03-31 16:20:59,472 - INFO: Training ROC-AUC: 0.885057
2025-03-31 16:20:59,472 - INFO: Validation ROC-AUC: 0.689849
2025-03-31 16:21:13,133 - INFO: Evaluating at iteration 38111
2025-03-31 16:21:13,487 - INFO: Loss: 0.156470
2025-03-31 16:21:13,487 - INFO: Training ROC-AUC: 0.994286
2025-03-31 16:21:13,488 - INFO: Validation ROC-AUC: 0.684068
2025-03-31 16:21:27,190 - INFO: Evaluating at iteration 38611
2025-03-31 16:21:27,538 - INFO: Loss: 0.090634
2025-03-31 16:21:27,538 - INFO: Training ROC-AUC: 1.000000
2025-03-31 16:21:27,538 - INFO: Validation ROC-AUC: 0.683657
2025-03-31 16:21:41,160 - INFO: Evaluating at iteration 39111
2025-03-31 16:21:41,510 - INFO: Loss: 0.210998
2025-03-31 16:21:41,510 - INFO: Training ROC-AUC: 0.991342
2025-03-31 16:21:41,510 - INFO: Validation ROC-AUC: 0.683855
2025-03-31 16:21:54,402 - INFO: Starting epoch 17
2025-03-31 16:21:54,430 - INFO: Evaluating at iteration 39585
2025-03-31 16:21:54,784 - INFO: Loss: 0.170357
2025-03-31 16:21:54,785 - INFO: Training ROC-AUC: 0.960000
2025-03-31 16:21:54,785 - INFO: Validation ROC-AUC: 0.689283
2025-03-31 16:22:08,428 - INFO: Evaluating at iteration 40085
2025-03-31 16:22:08,775 - INFO: Loss: 0.271292
2025-03-31 16:22:08,775 - INFO: Training ROC-AUC: 0.927083
2025-03-31 16:22:08,775 - INFO: Validation ROC-AUC: 0.676562
2025-03-31 16:22:22,428 - INFO: Evaluating at iteration 40585
2025-03-31 16:22:22,764 - INFO: Loss: 0.144690
2025-03-31 16:22:22,765 - INFO: Training ROC-AUC: 0.987179
2025-03-31 16:22:22,765 - INFO: Validation ROC-AUC: 0.678151
2025-03-31 16:22:35,841 - INFO: Evaluating at iteration 41085
2025-03-31 16:22:36,177 - INFO: Loss: 0.171404
2025-03-31 16:22:36,177 - INFO: Training ROC-AUC: 1.000000
2025-03-31 16:22:36,177 - INFO: Validation ROC-AUC: 0.680805
2025-03-31 16:22:49,230 - INFO: Evaluating at iteration 41585
2025-03-31 16:22:49,565 - INFO: Loss: 0.277228
2025-03-31 16:22:49,565 - INFO: Training ROC-AUC: 0.857143
2025-03-31 16:22:49,565 - INFO: Validation ROC-AUC: 0.685367
2025-03-31 16:23:01,948 - INFO: Starting epoch 18
2025-03-31 16:23:01,976 - INFO: Evaluating at iteration 42059
2025-03-31 16:23:02,312 - INFO: Loss: 0.142362
2025-03-31 16:23:02,312 - INFO: Training ROC-AUC: 0.985507
2025-03-31 16:23:02,312 - INFO: Validation ROC-AUC: 0.683141
2025-03-31 16:23:15,417 - INFO: Evaluating at iteration 42559
2025-03-31 16:23:15,753 - INFO: Loss: 0.214121
2025-03-31 16:23:15,753 - INFO: Training ROC-AUC: 0.971429
2025-03-31 16:23:15,753 - INFO: Validation ROC-AUC: 0.685508
2025-03-31 16:23:28,828 - INFO: Evaluating at iteration 43059
2025-03-31 16:23:29,165 - INFO: Loss: 0.107998
2025-03-31 16:23:29,165 - INFO: Training ROC-AUC: 0.988571
2025-03-31 16:23:29,165 - INFO: Validation ROC-AUC: 0.678814
2025-03-31 16:23:42,338 - INFO: Evaluating at iteration 43559
2025-03-31 16:23:42,673 - INFO: Loss: 0.245470
2025-03-31 16:23:42,673 - INFO: Training ROC-AUC: 0.933333
2025-03-31 16:23:42,673 - INFO: Validation ROC-AUC: 0.681014
2025-03-31 16:23:55,851 - INFO: Evaluating at iteration 44059
2025-03-31 16:23:56,187 - INFO: Loss: 0.058440
2025-03-31 16:23:56,188 - INFO: Training ROC-AUC: 1.000000
2025-03-31 16:23:56,188 - INFO: Validation ROC-AUC: 0.680865
2025-03-31 16:24:08,673 - INFO: Starting epoch 19
2025-03-31 16:24:08,700 - INFO: Evaluating at iteration 44533
2025-03-31 16:24:09,036 - INFO: Loss: 0.064978
2025-03-31 16:24:09,036 - INFO: Training ROC-AUC: 1.000000
2025-03-31 16:24:09,036 - INFO: Validation ROC-AUC: 0.679498
2025-03-31 16:24:22,218 - INFO: Evaluating at iteration 45033
2025-03-31 16:24:22,555 - INFO: Loss: 0.202890
2025-03-31 16:24:22,555 - INFO: Training ROC-AUC: 0.987179
2025-03-31 16:24:22,555 - INFO: Validation ROC-AUC: 0.678920
2025-03-31 16:24:35,680 - INFO: Evaluating at iteration 45533
2025-03-31 16:24:36,016 - INFO: Loss: 0.189937
2025-03-31 16:24:36,016 - INFO: Training ROC-AUC: 0.948718
2025-03-31 16:24:36,016 - INFO: Validation ROC-AUC: 0.679983
2025-03-31 16:24:49,163 - INFO: Evaluating at iteration 46033
2025-03-31 16:24:49,500 - INFO: Loss: 0.103713
2025-03-31 16:24:49,500 - INFO: Training ROC-AUC: 1.000000
2025-03-31 16:24:49,500 - INFO: Validation ROC-AUC: 0.683370
2025-03-31 16:25:02,726 - INFO: Evaluating at iteration 46533
2025-03-31 16:25:03,061 - INFO: Loss: 0.135819
2025-03-31 16:25:03,061 - INFO: Training ROC-AUC: 0.973214
2025-03-31 16:25:03,061 - INFO: Validation ROC-AUC: 0.684358
2025-03-31 16:25:15,737 - INFO: Starting epoch 20
2025-03-31 16:25:15,767 - INFO: Evaluating at iteration 47007
2025-03-31 16:25:16,108 - INFO: Loss: 0.129180
2025-03-31 16:25:16,108 - INFO: Training ROC-AUC: 1.000000
2025-03-31 16:25:16,108 - INFO: Validation ROC-AUC: 0.681322
2025-03-31 16:25:29,369 - INFO: Evaluating at iteration 47507
2025-03-31 16:25:29,706 - INFO: Loss: 0.115146
2025-03-31 16:25:29,706 - INFO: Training ROC-AUC: 0.954023
2025-03-31 16:25:29,706 - INFO: Validation ROC-AUC: 0.682497
2025-03-31 16:25:42,899 - INFO: Evaluating at iteration 48007
2025-03-31 16:25:43,249 - INFO: Loss: 0.117120
2025-03-31 16:25:43,249 - INFO: Training ROC-AUC: 0.982143
2025-03-31 16:25:43,249 - INFO: Validation ROC-AUC: 0.676451
2025-03-31 16:25:56,453 - INFO: Evaluating at iteration 48507
2025-03-31 16:25:56,791 - INFO: Loss: 0.091887
2025-03-31 16:25:56,792 - INFO: Training ROC-AUC: 0.988506
2025-03-31 16:25:56,792 - INFO: Validation ROC-AUC: 0.678328
2025-03-31 16:26:10,157 - INFO: Evaluating at iteration 49007
2025-03-31 16:26:10,492 - INFO: Loss: 0.193710
2025-03-31 16:26:10,492 - INFO: Training ROC-AUC: 0.965714
2025-03-31 16:26:10,492 - INFO: Validation ROC-AUC: 0.675518
2025-03-31 16:26:23,166 - INFO: Starting epoch 21
2025-03-31 16:26:23,194 - INFO: Evaluating at iteration 49481
2025-03-31 16:26:23,530 - INFO: Loss: 0.119801
2025-03-31 16:26:23,530 - INFO: Training ROC-AUC: 0.982143
2025-03-31 16:26:23,530 - INFO: Validation ROC-AUC: 0.681100
2025-03-31 16:26:36,963 - INFO: Evaluating at iteration 49981
2025-03-31 16:26:37,300 - INFO: Loss: 0.217333
2025-03-31 16:26:37,300 - INFO: Training ROC-AUC: 0.919643
2025-03-31 16:26:37,300 - INFO: Validation ROC-AUC: 0.678907
2025-03-31 16:26:50,746 - INFO: Evaluating at iteration 50481
2025-03-31 16:26:51,084 - INFO: Loss: 0.133071
2025-03-31 16:26:51,084 - INFO: Training ROC-AUC: 0.977778
2025-03-31 16:26:51,084 - INFO: Validation ROC-AUC: 0.680981
2025-03-31 16:27:04,471 - INFO: Evaluating at iteration 50981
2025-03-31 16:27:04,806 - INFO: Loss: 0.061809
2025-03-31 16:27:04,806 - INFO: Training ROC-AUC: 1.000000
2025-03-31 16:27:04,806 - INFO: Validation ROC-AUC: 0.678233
2025-03-31 16:27:18,244 - INFO: Evaluating at iteration 51481
2025-03-31 16:27:18,579 - INFO: Loss: 0.218829
2025-03-31 16:27:18,579 - INFO: Training ROC-AUC: 0.955128
2025-03-31 16:27:18,579 - INFO: Validation ROC-AUC: 0.677789
2025-03-31 16:27:31,282 - INFO: Starting epoch 22
2025-03-31 16:27:31,310 - INFO: Evaluating at iteration 51955
2025-03-31 16:27:31,648 - INFO: Loss: 0.122691
2025-03-31 16:27:31,648 - INFO: Training ROC-AUC: 0.994792
2025-03-31 16:27:31,648 - INFO: Validation ROC-AUC: 0.679306
2025-03-31 16:27:45,150 - INFO: Evaluating at iteration 52455
2025-03-31 16:27:45,485 - INFO: Loss: 0.132020
2025-03-31 16:27:45,485 - INFO: Training ROC-AUC: 0.988506
2025-03-31 16:27:45,486 - INFO: Validation ROC-AUC: 0.679932
2025-03-31 16:27:58,995 - INFO: Evaluating at iteration 52955
2025-03-31 16:27:59,332 - INFO: Loss: 0.123170
2025-03-31 16:27:59,332 - INFO: Training ROC-AUC: 0.988571
2025-03-31 16:27:59,332 - INFO: Validation ROC-AUC: 0.684523
2025-03-31 16:28:12,724 - INFO: Evaluating at iteration 53455
2025-03-31 16:28:13,084 - INFO: Loss: 0.155902
2025-03-31 16:28:13,084 - INFO: Training ROC-AUC: 0.974359
2025-03-31 16:28:13,084 - INFO: Validation ROC-AUC: 0.680191
2025-03-31 16:28:26,586 - INFO: Evaluating at iteration 53955
2025-03-31 16:28:26,921 - INFO: Loss: 0.173075
2025-03-31 16:28:26,921 - INFO: Training ROC-AUC: 0.971014
2025-03-31 16:28:26,921 - INFO: Validation ROC-AUC: 0.679309
2025-03-31 16:28:39,778 - INFO: Starting epoch 23
2025-03-31 16:28:39,805 - INFO: Evaluating at iteration 54429
2025-03-31 16:28:40,140 - INFO: Loss: 0.134200
2025-03-31 16:28:40,140 - INFO: Training ROC-AUC: 1.000000
2025-03-31 16:28:40,140 - INFO: Validation ROC-AUC: 0.675645
2025-03-31 16:28:53,649 - INFO: Evaluating at iteration 54929
2025-03-31 16:28:53,987 - INFO: Loss: 0.185739
2025-03-31 16:28:53,987 - INFO: Training ROC-AUC: 0.940741
2025-03-31 16:28:53,987 - INFO: Validation ROC-AUC: 0.677436
2025-03-31 16:29:07,562 - INFO: Evaluating at iteration 55429
2025-03-31 16:29:07,896 - INFO: Loss: 0.036800
2025-03-31 16:29:07,896 - INFO: Training ROC-AUC: 1.000000
2025-03-31 16:29:07,896 - INFO: Validation ROC-AUC: 0.679695
2025-03-31 16:29:21,479 - INFO: Evaluating at iteration 55929
2025-03-31 16:29:21,813 - INFO: Loss: 0.129582
2025-03-31 16:29:21,813 - INFO: Training ROC-AUC: 0.992593
2025-03-31 16:29:21,813 - INFO: Validation ROC-AUC: 0.680477
2025-03-31 16:29:35,507 - INFO: Evaluating at iteration 56429
2025-03-31 16:29:35,842 - INFO: Loss: 0.152666
2025-03-31 16:29:35,842 - INFO: Training ROC-AUC: 0.955357
2025-03-31 16:29:35,842 - INFO: Validation ROC-AUC: 0.677478
2025-03-31 16:29:48,908 - INFO: Starting epoch 24
2025-03-31 16:29:48,936 - INFO: Evaluating at iteration 56903
2025-03-31 16:29:49,272 - INFO: Loss: 0.100748
2025-03-31 16:29:49,272 - INFO: Training ROC-AUC: 0.988506
2025-03-31 16:29:49,272 - INFO: Validation ROC-AUC: 0.676049
2025-03-31 16:30:03,053 - INFO: Evaluating at iteration 57403
2025-03-31 16:30:03,388 - INFO: Loss: 0.142906
2025-03-31 16:30:03,388 - INFO: Training ROC-AUC: 0.988571
2025-03-31 16:30:03,388 - INFO: Validation ROC-AUC: 0.678037
2025-03-31 16:30:17,249 - INFO: Evaluating at iteration 57903
2025-03-31 16:30:17,585 - INFO: Loss: 0.290943
2025-03-31 16:30:17,585 - INFO: Training ROC-AUC: 0.929487
2025-03-31 16:30:17,585 - INFO: Validation ROC-AUC: 0.676830
2025-03-31 16:30:31,524 - INFO: Evaluating at iteration 58403
2025-03-31 16:30:31,860 - INFO: Loss: 0.166467
2025-03-31 16:30:31,860 - INFO: Training ROC-AUC: 0.918519
2025-03-31 16:30:31,860 - INFO: Validation ROC-AUC: 0.676881
2025-03-31 16:30:45,894 - INFO: Evaluating at iteration 58903
2025-03-31 16:30:46,229 - INFO: Loss: 0.190915
2025-03-31 16:30:46,229 - INFO: Training ROC-AUC: 0.940741
2025-03-31 16:30:46,229 - INFO: Validation ROC-AUC: 0.677703
2025-03-31 16:30:59,799 - INFO: Starting epoch 25
2025-03-31 16:30:59,829 - INFO: Evaluating at iteration 59377
2025-03-31 16:31:00,165 - INFO: Loss: 0.086242
2025-03-31 16:31:00,165 - INFO: Training ROC-AUC: 0.987179
2025-03-31 16:31:00,165 - INFO: Validation ROC-AUC: 0.681980
2025-03-31 16:31:14,577 - INFO: Evaluating at iteration 59877
2025-03-31 16:31:14,928 - INFO: Loss: 0.145384
2025-03-31 16:31:14,928 - INFO: Training ROC-AUC: 0.982143
2025-03-31 16:31:14,928 - INFO: Validation ROC-AUC: 0.677001
2025-03-31 16:31:29,028 - INFO: Evaluating at iteration 60377
2025-03-31 16:31:29,364 - INFO: Loss: 0.069555
2025-03-31 16:31:29,364 - INFO: Training ROC-AUC: 1.000000
2025-03-31 16:31:29,364 - INFO: Validation ROC-AUC: 0.675757
2025-03-31 16:31:43,421 - INFO: Evaluating at iteration 60877
2025-03-31 16:31:43,758 - INFO: Loss: 0.109658
2025-03-31 16:31:43,758 - INFO: Training ROC-AUC: 0.970370
2025-03-31 16:31:43,758 - INFO: Validation ROC-AUC: 0.675144
2025-03-31 16:31:57,745 - INFO: Evaluating at iteration 61377
2025-03-31 16:31:58,088 - INFO: Loss: 0.129349
2025-03-31 16:31:58,088 - INFO: Training ROC-AUC: 0.993590
2025-03-31 16:31:58,088 - INFO: Validation ROC-AUC: 0.677558
2025-03-31 16:32:11,379 - INFO: Saving model to models/TCRStructMap/model_5.pt
