2025-04-01 12:45:49,650 - INFO: Parameter: training_data='data/processed/sequences.h5'
2025-04-01 12:45:49,650 - INFO: Parameter: contact_maps='data/processed/contact_maps.h5'
2025-04-01 12:45:49,650 - INFO: Parameter: output='models/TCRStructMap_cdrs_peptide'
2025-04-01 12:45:49,650 - INFO: Parameter: seed=123
2025-04-01 12:45:49,650 - INFO: Parameter: features_to_include=['cdr1_alpha', 'cdr2_alpha', 'cdr3_alpha', 'cdr1_beta', 'cdr2_beta', 'cdr3_beta', 'peptide']
2025-04-01 12:45:49,650 - INFO: Parameter: cdr1_alpha_length=8
2025-04-01 12:45:49,650 - INFO: Parameter: cdr2_alpha_length=8
2025-04-01 12:45:49,651 - INFO: Parameter: cdr3_alpha_length=24
2025-04-01 12:45:49,651 - INFO: Parameter: cdr1_beta_length=8
2025-04-01 12:45:49,651 - INFO: Parameter: cdr2_beta_length=8
2025-04-01 12:45:49,651 - INFO: Parameter: cdr3_beta_length=24
2025-04-01 12:45:49,651 - INFO: Parameter: peptide_length=12
2025-04-01 12:45:49,651 - INFO: Parameter: mhc_pseudo_length=26
2025-04-01 12:45:49,651 - INFO: Parameter: batch_size=32
2025-04-01 12:45:49,651 - INFO: Parameter: num_epochs=25
2025-04-01 12:45:49,651 - INFO: Parameter: learning_rate=0.001
2025-04-01 12:45:49,651 - INFO: Parameter: drop_out_rate=0.2
2025-04-01 12:45:49,651 - INFO: Parameter: learn_contact_maps=False
2025-04-01 12:45:49,651 - INFO: Parameter: checkpoint_interval=1000
2025-04-01 12:45:49,651 - INFO: Parameter: eval_interval=500
2025-04-01 12:45:49,651 - INFO: Parameter: eval_batch_size=1000
2025-04-01 12:45:49,651 - INFO: Parameter: log_level='info'
2025-04-01 12:45:49,651 - INFO: Parameter: log_file='data/logs/train_TCRStructMap_cdrs_peptide.log'
2025-04-01 12:45:49,652 - INFO: Setting random seed to 123
2025-04-01 12:45:49,728 - INFO: Loading contact maps from data/processed/contact_maps.h5
2025-04-01 12:45:49,846 - INFO: Loading training data from data/processed/sequences.h5
2025-04-01 12:45:53,882 - INFO: Creating models/TCRStructMap_cdrs_peptide
2025-04-01 12:45:54,206 - INFO: Starting fold 1
2025-04-01 12:45:54,232 - INFO: Initialising model
2025-04-01 12:46:22,174 - INFO: Starting training
2025-04-01 12:46:22,175 - INFO: Starting epoch 1
2025-04-01 12:46:23,057 - INFO: Evaluating at iteration 1
2025-04-01 12:46:23,153 - INFO: Loss: 0.701713
2025-04-01 12:46:23,153 - INFO: Training ROC-AUC: 0.355556
2025-04-01 12:46:23,154 - INFO: Validation ROC-AUC: 0.410645
2025-04-01 12:46:28,506 - INFO: Evaluating at iteration 501
2025-04-01 12:46:28,542 - INFO: Loss: 0.325872
2025-04-01 12:46:28,543 - INFO: Training ROC-AUC: 0.494253
2025-04-01 12:46:28,543 - INFO: Validation ROC-AUC: 0.408251
2025-04-01 12:46:33,987 - INFO: Evaluating at iteration 1001
2025-04-01 12:46:34,021 - INFO: Loss: 0.482228
2025-04-01 12:46:34,021 - INFO: Training ROC-AUC: 0.474359
2025-04-01 12:46:34,021 - INFO: Validation ROC-AUC: 0.413352
2025-04-01 12:46:39,385 - INFO: Evaluating at iteration 1501
2025-04-01 12:46:39,418 - INFO: Loss: 0.525862
2025-04-01 12:46:39,418 - INFO: Training ROC-AUC: 0.743961
2025-04-01 12:46:39,418 - INFO: Validation ROC-AUC: 0.511367
2025-04-01 12:46:44,755 - INFO: Evaluating at iteration 2001
2025-04-01 12:46:44,789 - INFO: Loss: 0.224578
2025-04-01 12:46:44,789 - INFO: Training ROC-AUC: 0.838710
2025-04-01 12:46:44,789 - INFO: Validation ROC-AUC: 0.542374
2025-04-01 12:46:50,122 - INFO: Evaluating at iteration 2501
2025-04-01 12:46:50,155 - INFO: Loss: 0.413132
2025-04-01 12:46:50,155 - INFO: Training ROC-AUC: 0.679487
2025-04-01 12:46:50,155 - INFO: Validation ROC-AUC: 0.518642
2025-04-01 12:46:51,058 - INFO: Starting epoch 2
2025-04-01 12:46:51,070 - INFO: Evaluating at iteration 2586
2025-04-01 12:46:51,103 - INFO: Loss: 0.191728
2025-04-01 12:46:51,103 - INFO: Training ROC-AUC: 0.873563
2025-04-01 12:46:51,103 - INFO: Validation ROC-AUC: 0.516741
2025-04-01 12:46:56,429 - INFO: Evaluating at iteration 3086
2025-04-01 12:46:56,463 - INFO: Loss: 0.380387
2025-04-01 12:46:56,463 - INFO: Training ROC-AUC: 0.851429
2025-04-01 12:46:56,463 - INFO: Validation ROC-AUC: 0.530475
2025-04-01 12:47:01,798 - INFO: Evaluating at iteration 3586
2025-04-01 12:47:01,832 - INFO: Loss: 0.375442
2025-04-01 12:47:01,832 - INFO: Training ROC-AUC: 0.748148
2025-04-01 12:47:01,832 - INFO: Validation ROC-AUC: 0.529110
2025-04-01 12:47:07,246 - INFO: Evaluating at iteration 4086
2025-04-01 12:47:07,282 - INFO: Loss: 0.457018
2025-04-01 12:47:07,284 - INFO: Training ROC-AUC: 0.711538
2025-04-01 12:47:07,286 - INFO: Validation ROC-AUC: 0.558250
2025-04-01 12:47:12,568 - INFO: Evaluating at iteration 4586
2025-04-01 12:47:12,605 - INFO: Loss: 0.256741
2025-04-01 12:47:12,608 - INFO: Training ROC-AUC: 0.851852
2025-04-01 12:47:12,612 - INFO: Validation ROC-AUC: 0.548891
2025-04-01 12:47:17,956 - INFO: Evaluating at iteration 5086
2025-04-01 12:47:17,992 - INFO: Loss: 0.229093
2025-04-01 12:47:17,994 - INFO: Training ROC-AUC: 0.901786
2025-04-01 12:47:17,996 - INFO: Validation ROC-AUC: 0.554567
2025-04-01 12:47:18,897 - INFO: Starting epoch 3
2025-04-01 12:47:18,912 - INFO: Evaluating at iteration 5171
2025-04-01 12:47:18,955 - INFO: Loss: 0.185933
2025-04-01 12:47:18,957 - INFO: Training ROC-AUC: 0.806452
2025-04-01 12:47:18,959 - INFO: Validation ROC-AUC: 0.566178
2025-04-01 12:47:24,271 - INFO: Evaluating at iteration 5671
2025-04-01 12:47:24,310 - INFO: Loss: 0.201760
2025-04-01 12:47:24,312 - INFO: Training ROC-AUC: 0.955357
2025-04-01 12:47:24,314 - INFO: Validation ROC-AUC: 0.557636
2025-04-01 12:47:29,662 - INFO: Evaluating at iteration 6171
2025-04-01 12:47:29,699 - INFO: Loss: 0.301748
2025-04-01 12:47:29,701 - INFO: Training ROC-AUC: 0.851852
2025-04-01 12:47:29,703 - INFO: Validation ROC-AUC: 0.548820
2025-04-01 12:47:35,031 - INFO: Evaluating at iteration 6671
2025-04-01 12:47:35,069 - INFO: Loss: 0.365393
2025-04-01 12:47:35,072 - INFO: Training ROC-AUC: 0.833333
2025-04-01 12:47:35,074 - INFO: Validation ROC-AUC: 0.560627
2025-04-01 12:47:40,423 - INFO: Evaluating at iteration 7171
2025-04-01 12:47:40,461 - INFO: Loss: 0.374017
2025-04-01 12:47:40,464 - INFO: Training ROC-AUC: 0.898551
2025-04-01 12:47:40,467 - INFO: Validation ROC-AUC: 0.521241
2025-04-01 12:47:45,846 - INFO: Evaluating at iteration 7671
2025-04-01 12:47:45,891 - INFO: Loss: 0.573911
2025-04-01 12:47:45,901 - INFO: Training ROC-AUC: 0.827451
2025-04-01 12:47:45,910 - INFO: Validation ROC-AUC: 0.548232
2025-04-01 12:47:46,829 - INFO: Starting epoch 4
2025-04-01 12:47:46,844 - INFO: Evaluating at iteration 7756
2025-04-01 12:47:46,880 - INFO: Loss: 0.298606
2025-04-01 12:47:46,882 - INFO: Training ROC-AUC: 0.955128
2025-04-01 12:47:46,884 - INFO: Validation ROC-AUC: 0.561391
2025-04-01 12:47:52,224 - INFO: Evaluating at iteration 8256
2025-04-01 12:47:52,275 - INFO: Loss: 0.280220
2025-04-01 12:47:52,286 - INFO: Training ROC-AUC: 0.632184
2025-04-01 12:47:52,297 - INFO: Validation ROC-AUC: 0.560457
2025-04-01 12:47:57,652 - INFO: Evaluating at iteration 8756
2025-04-01 12:47:57,689 - INFO: Loss: 0.130865
2025-04-01 12:47:57,694 - INFO: Training ROC-AUC: 1.000000
2025-04-01 12:47:57,696 - INFO: Validation ROC-AUC: 0.554756
2025-04-01 12:48:03,094 - INFO: Evaluating at iteration 9256
2025-04-01 12:48:03,132 - INFO: Loss: 0.159898
2025-04-01 12:48:03,135 - INFO: Training ROC-AUC: 0.800000
2025-04-01 12:48:03,137 - INFO: Validation ROC-AUC: 0.565120
2025-04-01 12:48:08,472 - INFO: Evaluating at iteration 9756
2025-04-01 12:48:08,515 - INFO: Loss: 0.168127
2025-04-01 12:48:08,523 - INFO: Training ROC-AUC: 0.964286
2025-04-01 12:48:08,531 - INFO: Validation ROC-AUC: 0.546638
2025-04-01 12:48:13,947 - INFO: Evaluating at iteration 10256
2025-04-01 12:48:13,989 - INFO: Loss: 0.304083
2025-04-01 12:48:13,992 - INFO: Training ROC-AUC: 0.975845
2025-04-01 12:48:13,995 - INFO: Validation ROC-AUC: 0.551144
2025-04-01 12:48:14,904 - INFO: Starting epoch 5
2025-04-01 12:48:14,930 - INFO: Evaluating at iteration 10341
2025-04-01 12:48:14,976 - INFO: Loss: 0.205765
2025-04-01 12:48:14,987 - INFO: Training ROC-AUC: 0.946429
2025-04-01 12:48:14,998 - INFO: Validation ROC-AUC: 0.551922
2025-04-01 12:48:20,401 - INFO: Evaluating at iteration 10841
2025-04-01 12:48:20,438 - INFO: Loss: 0.241163
2025-04-01 12:48:20,440 - INFO: Training ROC-AUC: 0.883929
2025-04-01 12:48:20,443 - INFO: Validation ROC-AUC: 0.571148
2025-04-01 12:48:25,774 - INFO: Evaluating at iteration 11341
2025-04-01 12:48:25,811 - INFO: Loss: 0.381124
2025-04-01 12:48:25,814 - INFO: Training ROC-AUC: 0.794872
2025-04-01 12:48:25,816 - INFO: Validation ROC-AUC: 0.555860
2025-04-01 12:48:31,194 - INFO: Evaluating at iteration 11841
2025-04-01 12:48:31,231 - INFO: Loss: 0.147168
2025-04-01 12:48:31,233 - INFO: Training ROC-AUC: 0.806452
2025-04-01 12:48:31,235 - INFO: Validation ROC-AUC: 0.546736
2025-04-01 12:48:36,588 - INFO: Evaluating at iteration 12341
2025-04-01 12:48:36,625 - INFO: Loss: 0.362022
2025-04-01 12:48:36,627 - INFO: Training ROC-AUC: 0.914286
2025-04-01 12:48:36,629 - INFO: Validation ROC-AUC: 0.550936
2025-04-01 12:48:42,050 - INFO: Evaluating at iteration 12841
2025-04-01 12:48:42,090 - INFO: Loss: 0.296383
2025-04-01 12:48:42,092 - INFO: Training ROC-AUC: 0.897436
2025-04-01 12:48:42,095 - INFO: Validation ROC-AUC: 0.578945
2025-04-01 12:48:43,060 - INFO: Starting epoch 6
2025-04-01 12:48:43,076 - INFO: Evaluating at iteration 12926
2025-04-01 12:48:43,113 - INFO: Loss: 0.280300
2025-04-01 12:48:43,116 - INFO: Training ROC-AUC: 0.963542
2025-04-01 12:48:43,118 - INFO: Validation ROC-AUC: 0.556552
2025-04-01 12:48:48,506 - INFO: Evaluating at iteration 13426
2025-04-01 12:48:48,578 - INFO: Loss: 0.111891
2025-04-01 12:48:48,580 - INFO: Training ROC-AUC: nan
2025-04-01 12:48:48,582 - INFO: Validation ROC-AUC: 0.565349
2025-04-01 12:48:53,947 - INFO: Evaluating at iteration 13926
2025-04-01 12:48:53,984 - INFO: Loss: 0.343572
2025-04-01 12:48:53,986 - INFO: Training ROC-AUC: 0.857143
2025-04-01 12:48:53,989 - INFO: Validation ROC-AUC: 0.571331
2025-04-01 12:49:00,076 - INFO: Evaluating at iteration 14426
2025-04-01 12:49:00,162 - INFO: Loss: 0.172550
2025-04-01 12:49:00,165 - INFO: Training ROC-AUC: 0.960000
2025-04-01 12:49:00,167 - INFO: Validation ROC-AUC: 0.570501
2025-04-01 12:49:05,526 - INFO: Evaluating at iteration 14926
2025-04-01 12:49:05,562 - INFO: Loss: 0.242106
2025-04-01 12:49:05,564 - INFO: Training ROC-AUC: 0.741935
2025-04-01 12:49:05,567 - INFO: Validation ROC-AUC: 0.577855
2025-04-01 12:49:10,988 - INFO: Evaluating at iteration 15426
2025-04-01 12:49:11,026 - INFO: Loss: 0.227977
2025-04-01 12:49:11,030 - INFO: Training ROC-AUC: 0.970370
2025-04-01 12:49:11,032 - INFO: Validation ROC-AUC: 0.560856
2025-04-01 12:49:11,942 - INFO: Starting epoch 7
2025-04-01 12:49:11,957 - INFO: Evaluating at iteration 15511
2025-04-01 12:49:11,994 - INFO: Loss: 0.283998
2025-04-01 12:49:11,997 - INFO: Training ROC-AUC: 0.923077
2025-04-01 12:49:12,001 - INFO: Validation ROC-AUC: 0.565747
2025-04-01 12:49:17,478 - INFO: Evaluating at iteration 16011
2025-04-01 12:49:17,516 - INFO: Loss: 0.184407
2025-04-01 12:49:17,518 - INFO: Training ROC-AUC: 0.937500
2025-04-01 12:49:17,521 - INFO: Validation ROC-AUC: 0.575438
2025-04-01 12:49:22,967 - INFO: Evaluating at iteration 16511
2025-04-01 12:49:23,004 - INFO: Loss: 0.379278
2025-04-01 12:49:23,006 - INFO: Training ROC-AUC: 0.833333
2025-04-01 12:49:23,008 - INFO: Validation ROC-AUC: 0.522789
2025-04-01 12:49:28,431 - INFO: Evaluating at iteration 17011
2025-04-01 12:49:28,468 - INFO: Loss: 0.300024
2025-04-01 12:49:28,471 - INFO: Training ROC-AUC: 0.921875
2025-04-01 12:49:28,473 - INFO: Validation ROC-AUC: 0.538678
2025-04-01 12:49:33,934 - INFO: Evaluating at iteration 17511
2025-04-01 12:49:33,974 - INFO: Loss: 0.203173
2025-04-01 12:49:33,976 - INFO: Training ROC-AUC: 0.709677
2025-04-01 12:49:33,978 - INFO: Validation ROC-AUC: 0.525962
2025-04-01 12:49:39,460 - INFO: Evaluating at iteration 18011
2025-04-01 12:49:39,497 - INFO: Loss: 0.229899
2025-04-01 12:49:39,499 - INFO: Training ROC-AUC: 0.955128
2025-04-01 12:49:39,502 - INFO: Validation ROC-AUC: 0.573081
2025-04-01 12:49:40,399 - INFO: Starting epoch 8
2025-04-01 12:49:40,418 - INFO: Evaluating at iteration 18096
2025-04-01 12:49:40,459 - INFO: Loss: 0.352862
2025-04-01 12:49:40,467 - INFO: Training ROC-AUC: 0.741071
2025-04-01 12:49:40,476 - INFO: Validation ROC-AUC: 0.571847
2025-04-01 12:49:45,981 - INFO: Evaluating at iteration 18596
2025-04-01 12:49:46,018 - INFO: Loss: 0.234903
2025-04-01 12:49:46,020 - INFO: Training ROC-AUC: 0.925926
2025-04-01 12:49:46,022 - INFO: Validation ROC-AUC: 0.556016
2025-04-01 12:49:51,403 - INFO: Evaluating at iteration 19096
2025-04-01 12:49:51,440 - INFO: Loss: 0.362100
2025-04-01 12:49:51,442 - INFO: Training ROC-AUC: 0.880208
2025-04-01 12:49:51,444 - INFO: Validation ROC-AUC: 0.591693
2025-04-01 12:49:56,871 - INFO: Evaluating at iteration 19596
2025-04-01 12:49:56,908 - INFO: Loss: 0.241664
2025-04-01 12:49:56,910 - INFO: Training ROC-AUC: 0.848214
2025-04-01 12:49:56,912 - INFO: Validation ROC-AUC: 0.521006
2025-04-01 12:50:02,404 - INFO: Evaluating at iteration 20096
2025-04-01 12:50:02,497 - INFO: Loss: 0.178917
2025-04-01 12:50:02,504 - INFO: Training ROC-AUC: 1.000000
2025-04-01 12:50:02,511 - INFO: Validation ROC-AUC: 0.537554
2025-04-01 12:50:07,945 - INFO: Evaluating at iteration 20596
2025-04-01 12:50:07,982 - INFO: Loss: 0.378506
2025-04-01 12:50:07,984 - INFO: Training ROC-AUC: 0.803571
2025-04-01 12:50:07,986 - INFO: Validation ROC-AUC: 0.569796
2025-04-01 12:50:08,899 - INFO: Starting epoch 9
2025-04-01 12:50:08,914 - INFO: Evaluating at iteration 20681
2025-04-01 12:50:08,950 - INFO: Loss: 0.135561
2025-04-01 12:50:08,953 - INFO: Training ROC-AUC: 0.916667
2025-04-01 12:50:08,955 - INFO: Validation ROC-AUC: 0.586220
2025-04-01 12:50:14,408 - INFO: Evaluating at iteration 21181
2025-04-01 12:50:14,448 - INFO: Loss: 0.253503
2025-04-01 12:50:14,450 - INFO: Training ROC-AUC: 0.903704
2025-04-01 12:50:14,453 - INFO: Validation ROC-AUC: 0.559171
2025-04-01 12:50:19,865 - INFO: Evaluating at iteration 21681
2025-04-01 12:50:19,923 - INFO: Loss: 0.145125
2025-04-01 12:50:19,925 - INFO: Training ROC-AUC: 0.955556
2025-04-01 12:50:19,927 - INFO: Validation ROC-AUC: 0.540604
2025-04-01 12:50:25,355 - INFO: Evaluating at iteration 22181
2025-04-01 12:50:25,392 - INFO: Loss: 0.084728
2025-04-01 12:50:25,395 - INFO: Training ROC-AUC: 1.000000
2025-04-01 12:50:25,397 - INFO: Validation ROC-AUC: 0.539873
2025-04-01 12:50:30,872 - INFO: Evaluating at iteration 22681
2025-04-01 12:50:30,920 - INFO: Loss: 0.156820
2025-04-01 12:50:30,922 - INFO: Training ROC-AUC: 0.965517
2025-04-01 12:50:30,924 - INFO: Validation ROC-AUC: 0.534681
2025-04-01 12:50:36,330 - INFO: Evaluating at iteration 23181
2025-04-01 12:50:36,385 - INFO: Loss: 0.217714
2025-04-01 12:50:36,390 - INFO: Training ROC-AUC: 0.977143
2025-04-01 12:50:36,395 - INFO: Validation ROC-AUC: 0.559549
2025-04-01 12:50:37,319 - INFO: Starting epoch 10
2025-04-01 12:50:37,334 - INFO: Evaluating at iteration 23266
2025-04-01 12:50:37,370 - INFO: Loss: 0.158465
2025-04-01 12:50:37,372 - INFO: Training ROC-AUC: 0.991071
2025-04-01 12:50:37,379 - INFO: Validation ROC-AUC: 0.558700
2025-04-01 12:50:42,799 - INFO: Evaluating at iteration 23766
2025-04-01 12:50:42,838 - INFO: Loss: 0.336970
2025-04-01 12:50:42,840 - INFO: Training ROC-AUC: 0.820513
2025-04-01 12:50:42,843 - INFO: Validation ROC-AUC: 0.561378
2025-04-01 12:50:48,322 - INFO: Evaluating at iteration 24266
2025-04-01 12:50:48,360 - INFO: Loss: 0.285741
2025-04-01 12:50:48,362 - INFO: Training ROC-AUC: 0.910256
2025-04-01 12:50:48,364 - INFO: Validation ROC-AUC: 0.571174
2025-04-01 12:50:53,756 - INFO: Evaluating at iteration 24766
2025-04-01 12:50:53,809 - INFO: Loss: 0.142216
2025-04-01 12:50:53,812 - INFO: Training ROC-AUC: 1.000000
2025-04-01 12:50:53,814 - INFO: Validation ROC-AUC: 0.568777
2025-04-01 12:50:59,275 - INFO: Evaluating at iteration 25266
2025-04-01 12:50:59,313 - INFO: Loss: 0.444834
2025-04-01 12:50:59,316 - INFO: Training ROC-AUC: 0.950000
2025-04-01 12:50:59,317 - INFO: Validation ROC-AUC: 0.553280
2025-04-01 12:51:04,757 - INFO: Evaluating at iteration 25766
2025-04-01 12:51:04,794 - INFO: Loss: 0.343306
2025-04-01 12:51:04,798 - INFO: Training ROC-AUC: 0.830357
2025-04-01 12:51:04,803 - INFO: Validation ROC-AUC: 0.542870
2025-04-01 12:51:05,715 - INFO: Starting epoch 11
2025-04-01 12:51:05,731 - INFO: Evaluating at iteration 25851
2025-04-01 12:51:05,767 - INFO: Loss: 0.436438
2025-04-01 12:51:05,769 - INFO: Training ROC-AUC: 0.714286
2025-04-01 12:51:05,771 - INFO: Validation ROC-AUC: 0.545319
2025-04-01 12:51:11,255 - INFO: Evaluating at iteration 26351
2025-04-01 12:51:11,293 - INFO: Loss: 0.240096
2025-04-01 12:51:11,296 - INFO: Training ROC-AUC: 0.951691
2025-04-01 12:51:11,298 - INFO: Validation ROC-AUC: 0.540924
2025-04-01 12:51:16,761 - INFO: Evaluating at iteration 26851
2025-04-01 12:51:16,798 - INFO: Loss: 0.175170
2025-04-01 12:51:16,801 - INFO: Training ROC-AUC: 0.885057
2025-04-01 12:51:16,803 - INFO: Validation ROC-AUC: 0.541904
2025-04-01 12:51:22,353 - INFO: Evaluating at iteration 27351
2025-04-01 12:51:22,420 - INFO: Loss: 0.324518
2025-04-01 12:51:22,420 - INFO: Training ROC-AUC: 0.807407
2025-04-01 12:51:22,420 - INFO: Validation ROC-AUC: 0.551837
2025-04-01 12:51:27,847 - INFO: Evaluating at iteration 27851
2025-04-01 12:51:27,882 - INFO: Loss: 0.203596
2025-04-01 12:51:27,882 - INFO: Training ROC-AUC: 0.940741
2025-04-01 12:51:27,882 - INFO: Validation ROC-AUC: 0.534237
2025-04-01 12:51:33,362 - INFO: Evaluating at iteration 28351
2025-04-01 12:51:33,396 - INFO: Loss: 0.212228
2025-04-01 12:51:33,396 - INFO: Training ROC-AUC: 0.873563
2025-04-01 12:51:33,396 - INFO: Validation ROC-AUC: 0.567993
2025-04-01 12:51:34,315 - INFO: Starting epoch 12
2025-04-01 12:51:34,328 - INFO: Evaluating at iteration 28436
2025-04-01 12:51:34,362 - INFO: Loss: 0.161031
2025-04-01 12:51:34,362 - INFO: Training ROC-AUC: 0.931034
2025-04-01 12:51:34,362 - INFO: Validation ROC-AUC: 0.560751
2025-04-01 12:51:39,818 - INFO: Evaluating at iteration 28936
2025-04-01 12:51:39,853 - INFO: Loss: 0.282398
2025-04-01 12:51:39,853 - INFO: Training ROC-AUC: 0.942308
2025-04-01 12:51:39,853 - INFO: Validation ROC-AUC: 0.530475
2025-04-01 12:51:45,358 - INFO: Evaluating at iteration 29436
2025-04-01 12:51:45,393 - INFO: Loss: 0.347080
2025-04-01 12:51:45,393 - INFO: Training ROC-AUC: 0.857143
2025-04-01 12:51:45,393 - INFO: Validation ROC-AUC: 0.514743
2025-04-01 12:51:50,871 - INFO: Evaluating at iteration 29936
2025-04-01 12:51:50,904 - INFO: Loss: 0.142739
2025-04-01 12:51:50,904 - INFO: Training ROC-AUC: 0.991071
2025-04-01 12:51:50,904 - INFO: Validation ROC-AUC: 0.526896
2025-04-01 12:51:56,321 - INFO: Evaluating at iteration 30436
2025-04-01 12:51:56,355 - INFO: Loss: 0.130084
2025-04-01 12:51:56,355 - INFO: Training ROC-AUC: 0.991071
2025-04-01 12:51:56,355 - INFO: Validation ROC-AUC: 0.545887
2025-04-01 12:52:01,931 - INFO: Evaluating at iteration 30936
2025-04-01 12:52:01,965 - INFO: Loss: 0.281680
2025-04-01 12:52:01,965 - INFO: Training ROC-AUC: 0.866071
2025-04-01 12:52:01,965 - INFO: Validation ROC-AUC: 0.551634
2025-04-01 12:52:02,890 - INFO: Starting epoch 13
2025-04-01 12:52:02,902 - INFO: Evaluating at iteration 31021
2025-04-01 12:52:02,936 - INFO: Loss: 0.102416
2025-04-01 12:52:02,936 - INFO: Training ROC-AUC: 1.000000
2025-04-01 12:52:02,936 - INFO: Validation ROC-AUC: 0.549525
2025-04-01 12:52:08,408 - INFO: Evaluating at iteration 31521
2025-04-01 12:52:08,442 - INFO: Loss: 0.160342
2025-04-01 12:52:08,443 - INFO: Training ROC-AUC: 0.955357
2025-04-01 12:52:08,443 - INFO: Validation ROC-AUC: 0.536144
2025-04-01 12:52:13,972 - INFO: Evaluating at iteration 32021
2025-04-01 12:52:14,006 - INFO: Loss: 0.159578
2025-04-01 12:52:14,006 - INFO: Training ROC-AUC: 0.982143
2025-04-01 12:52:14,006 - INFO: Validation ROC-AUC: 0.541995
2025-04-01 12:52:19,485 - INFO: Evaluating at iteration 32521
2025-04-01 12:52:19,519 - INFO: Loss: 0.160104
2025-04-01 12:52:19,519 - INFO: Training ROC-AUC: 0.980769
2025-04-01 12:52:19,519 - INFO: Validation ROC-AUC: 0.540846
2025-04-01 12:52:24,992 - INFO: Evaluating at iteration 33021
2025-04-01 12:52:25,026 - INFO: Loss: 0.336146
2025-04-01 12:52:25,026 - INFO: Training ROC-AUC: 0.851429
2025-04-01 12:52:25,026 - INFO: Validation ROC-AUC: 0.533904
2025-04-01 12:52:30,542 - INFO: Evaluating at iteration 33521
2025-04-01 12:52:30,576 - INFO: Loss: 0.253325
2025-04-01 12:52:30,576 - INFO: Training ROC-AUC: 0.925926
2025-04-01 12:52:30,576 - INFO: Validation ROC-AUC: 0.567784
2025-04-01 12:52:31,498 - INFO: Starting epoch 14
2025-04-01 12:52:31,511 - INFO: Evaluating at iteration 33606
2025-04-01 12:52:31,545 - INFO: Loss: 0.321586
2025-04-01 12:52:31,545 - INFO: Training ROC-AUC: 0.814815
2025-04-01 12:52:31,545 - INFO: Validation ROC-AUC: 0.551523
2025-04-01 12:52:37,019 - INFO: Evaluating at iteration 34106
2025-04-01 12:52:37,053 - INFO: Loss: 0.247175
2025-04-01 12:52:37,053 - INFO: Training ROC-AUC: 0.935897
2025-04-01 12:52:37,053 - INFO: Validation ROC-AUC: 0.527138
2025-04-01 12:52:42,596 - INFO: Evaluating at iteration 34606
2025-04-01 12:52:42,630 - INFO: Loss: 0.105662
2025-04-01 12:52:42,630 - INFO: Training ROC-AUC: 1.000000
2025-04-01 12:52:42,630 - INFO: Validation ROC-AUC: 0.526243
2025-04-01 12:52:48,173 - INFO: Evaluating at iteration 35106
2025-04-01 12:52:48,206 - INFO: Loss: 0.344015
2025-04-01 12:52:48,206 - INFO: Training ROC-AUC: 0.906250
2025-04-01 12:52:48,206 - INFO: Validation ROC-AUC: 0.540774
2025-04-01 12:52:53,705 - INFO: Evaluating at iteration 35606
2025-04-01 12:52:53,739 - INFO: Loss: 0.234411
2025-04-01 12:52:53,739 - INFO: Training ROC-AUC: 0.875000
2025-04-01 12:52:53,739 - INFO: Validation ROC-AUC: 0.529639
2025-04-01 12:52:59,288 - INFO: Evaluating at iteration 36106
2025-04-01 12:52:59,322 - INFO: Loss: 0.431609
2025-04-01 12:52:59,322 - INFO: Training ROC-AUC: 0.909091
2025-04-01 12:52:59,322 - INFO: Validation ROC-AUC: 0.537189
2025-04-01 12:53:00,249 - INFO: Starting epoch 15
2025-04-01 12:53:00,262 - INFO: Evaluating at iteration 36191
2025-04-01 12:53:00,296 - INFO: Loss: 0.294306
2025-04-01 12:53:00,296 - INFO: Training ROC-AUC: 0.884615
2025-04-01 12:53:00,296 - INFO: Validation ROC-AUC: 0.535654
2025-04-01 12:53:05,828 - INFO: Evaluating at iteration 36691
2025-04-01 12:53:05,862 - INFO: Loss: 0.296500
2025-04-01 12:53:05,862 - INFO: Training ROC-AUC: 0.878205
2025-04-01 12:53:05,862 - INFO: Validation ROC-AUC: 0.527497
2025-04-01 12:53:11,399 - INFO: Evaluating at iteration 37191
2025-04-01 12:53:11,433 - INFO: Loss: 0.200028
2025-04-01 12:53:11,433 - INFO: Training ROC-AUC: 0.948718
2025-04-01 12:53:11,433 - INFO: Validation ROC-AUC: 0.529345
2025-04-01 12:53:16,969 - INFO: Evaluating at iteration 37691
2025-04-01 12:53:17,003 - INFO: Loss: 0.332706
2025-04-01 12:53:17,003 - INFO: Training ROC-AUC: 0.881481
2025-04-01 12:53:17,003 - INFO: Validation ROC-AUC: 0.545907
2025-04-01 12:53:22,508 - INFO: Evaluating at iteration 38191
2025-04-01 12:53:22,542 - INFO: Loss: 0.360573
2025-04-01 12:53:22,542 - INFO: Training ROC-AUC: 0.859375
2025-04-01 12:53:22,542 - INFO: Validation ROC-AUC: 0.545972
2025-04-01 12:53:28,096 - INFO: Evaluating at iteration 38691
2025-04-01 12:53:28,132 - INFO: Loss: 0.311307
2025-04-01 12:53:28,133 - INFO: Training ROC-AUC: 0.922727
2025-04-01 12:53:28,133 - INFO: Validation ROC-AUC: 0.507455
2025-04-01 12:53:29,068 - INFO: Starting epoch 16
2025-04-01 12:53:29,081 - INFO: Evaluating at iteration 38776
2025-04-01 12:53:29,114 - INFO: Loss: 0.098655
2025-04-01 12:53:29,114 - INFO: Training ROC-AUC: 0.992593
2025-04-01 12:53:29,115 - INFO: Validation ROC-AUC: 0.522580
2025-04-01 12:53:34,664 - INFO: Evaluating at iteration 39276
2025-04-01 12:53:34,698 - INFO: Loss: 0.138885
2025-04-01 12:53:34,698 - INFO: Training ROC-AUC: 0.977011
2025-04-01 12:53:34,698 - INFO: Validation ROC-AUC: 0.544856
2025-04-01 12:53:40,276 - INFO: Evaluating at iteration 39776
2025-04-01 12:53:40,310 - INFO: Loss: 0.139701
2025-04-01 12:53:40,310 - INFO: Training ROC-AUC: 0.977778
2025-04-01 12:53:40,310 - INFO: Validation ROC-AUC: 0.528098
2025-04-01 12:53:45,858 - INFO: Evaluating at iteration 40276
2025-04-01 12:53:45,892 - INFO: Loss: 0.230359
2025-04-01 12:53:45,893 - INFO: Training ROC-AUC: 0.937500
2025-04-01 12:53:45,893 - INFO: Validation ROC-AUC: 0.540976
2025-04-01 12:53:51,422 - INFO: Evaluating at iteration 40776
2025-04-01 12:53:51,456 - INFO: Loss: 0.299527
2025-04-01 12:53:51,456 - INFO: Training ROC-AUC: 0.948571
2025-04-01 12:53:51,456 - INFO: Validation ROC-AUC: 0.534113
2025-04-01 12:53:57,025 - INFO: Evaluating at iteration 41276
2025-04-01 12:53:57,058 - INFO: Loss: 0.330823
2025-04-01 12:53:57,058 - INFO: Training ROC-AUC: 0.916667
2025-04-01 12:53:57,058 - INFO: Validation ROC-AUC: 0.522403
2025-04-01 12:53:58,002 - INFO: Starting epoch 17
2025-04-01 12:53:58,016 - INFO: Evaluating at iteration 41361
2025-04-01 12:53:58,052 - INFO: Loss: 0.188814
2025-04-01 12:53:58,052 - INFO: Training ROC-AUC: 0.955128
2025-04-01 12:53:58,052 - INFO: Validation ROC-AUC: 0.530651
2025-04-01 12:54:03,632 - INFO: Evaluating at iteration 41861
2025-04-01 12:54:03,666 - INFO: Loss: 0.134040
2025-04-01 12:54:03,666 - INFO: Training ROC-AUC: 0.955357
2025-04-01 12:54:03,666 - INFO: Validation ROC-AUC: 0.534818
2025-04-01 12:54:09,207 - INFO: Evaluating at iteration 42361
2025-04-01 12:54:09,240 - INFO: Loss: 0.288506
2025-04-01 12:54:09,240 - INFO: Training ROC-AUC: 0.932292
2025-04-01 12:54:09,240 - INFO: Validation ROC-AUC: 0.533277
2025-04-01 12:54:14,882 - INFO: Evaluating at iteration 42861
2025-04-01 12:54:14,916 - INFO: Loss: 0.283585
2025-04-01 12:54:14,916 - INFO: Training ROC-AUC: 0.931429
2025-04-01 12:54:14,916 - INFO: Validation ROC-AUC: 0.528705
2025-04-01 12:54:20,480 - INFO: Evaluating at iteration 43361
2025-04-01 12:54:20,513 - INFO: Loss: 0.162326
2025-04-01 12:54:20,513 - INFO: Training ROC-AUC: 0.974359
2025-04-01 12:54:20,513 - INFO: Validation ROC-AUC: 0.540996
2025-04-01 12:54:26,096 - INFO: Evaluating at iteration 43861
2025-04-01 12:54:26,130 - INFO: Loss: 0.259526
2025-04-01 12:54:26,130 - INFO: Training ROC-AUC: 0.955128
2025-04-01 12:54:26,130 - INFO: Validation ROC-AUC: 0.537404
2025-04-01 12:54:27,064 - INFO: Starting epoch 18
2025-04-01 12:54:27,076 - INFO: Evaluating at iteration 43946
2025-04-01 12:54:27,110 - INFO: Loss: 0.220652
2025-04-01 12:54:27,110 - INFO: Training ROC-AUC: 0.960000
2025-04-01 12:54:27,110 - INFO: Validation ROC-AUC: 0.532297
2025-04-01 12:54:32,766 - INFO: Evaluating at iteration 44446
2025-04-01 12:54:32,801 - INFO: Loss: 0.250634
2025-04-01 12:54:32,802 - INFO: Training ROC-AUC: 0.933333
2025-04-01 12:54:32,802 - INFO: Validation ROC-AUC: 0.545946
2025-04-01 12:54:38,384 - INFO: Evaluating at iteration 44946
2025-04-01 12:54:38,418 - INFO: Loss: 0.282086
2025-04-01 12:54:38,418 - INFO: Training ROC-AUC: 0.848214
2025-04-01 12:54:38,418 - INFO: Validation ROC-AUC: 0.552679
2025-04-01 12:54:44,076 - INFO: Evaluating at iteration 45446
2025-04-01 12:54:44,109 - INFO: Loss: 0.135406
2025-04-01 12:54:44,109 - INFO: Training ROC-AUC: 0.850000
2025-04-01 12:54:44,109 - INFO: Validation ROC-AUC: 0.559197
2025-04-01 12:54:49,692 - INFO: Evaluating at iteration 45946
2025-04-01 12:54:49,726 - INFO: Loss: 0.206847
2025-04-01 12:54:49,726 - INFO: Training ROC-AUC: 0.928571
2025-04-01 12:54:49,726 - INFO: Validation ROC-AUC: 0.545352
2025-04-01 12:54:55,340 - INFO: Evaluating at iteration 46446
2025-04-01 12:54:55,375 - INFO: Loss: 0.293937
2025-04-01 12:54:55,375 - INFO: Training ROC-AUC: 0.891026
2025-04-01 12:54:55,375 - INFO: Validation ROC-AUC: 0.549427
2025-04-01 12:54:56,317 - INFO: Starting epoch 19
2025-04-01 12:54:56,330 - INFO: Evaluating at iteration 46531
2025-04-01 12:54:56,364 - INFO: Loss: 0.176578
2025-04-01 12:54:56,364 - INFO: Training ROC-AUC: 0.946429
2025-04-01 12:54:56,364 - INFO: Validation ROC-AUC: 0.544810
2025-04-01 12:55:02,042 - INFO: Evaluating at iteration 47031
2025-04-01 12:55:02,077 - INFO: Loss: 0.195563
2025-04-01 12:55:02,077 - INFO: Training ROC-AUC: 0.975845
2025-04-01 12:55:02,077 - INFO: Validation ROC-AUC: 0.543425
2025-04-01 12:55:07,784 - INFO: Evaluating at iteration 47531
2025-04-01 12:55:07,818 - INFO: Loss: 0.174689
2025-04-01 12:55:07,819 - INFO: Training ROC-AUC: 0.954286
2025-04-01 12:55:07,819 - INFO: Validation ROC-AUC: 0.551184
2025-04-01 12:55:13,454 - INFO: Evaluating at iteration 48031
2025-04-01 12:55:13,488 - INFO: Loss: 0.116340
2025-04-01 12:55:13,489 - INFO: Training ROC-AUC: 0.985185
2025-04-01 12:55:13,489 - INFO: Validation ROC-AUC: 0.561202
2025-04-01 12:55:19,113 - INFO: Evaluating at iteration 48531
2025-04-01 12:55:19,148 - INFO: Loss: 0.227580
2025-04-01 12:55:19,148 - INFO: Training ROC-AUC: 0.935897
2025-04-01 12:55:19,148 - INFO: Validation ROC-AUC: 0.539579
2025-04-01 12:55:24,736 - INFO: Evaluating at iteration 49031
2025-04-01 12:55:24,770 - INFO: Loss: 0.108291
2025-04-01 12:55:24,770 - INFO: Training ROC-AUC: 0.987179
2025-04-01 12:55:24,770 - INFO: Validation ROC-AUC: 0.535615
2025-04-01 12:55:25,715 - INFO: Starting epoch 20
2025-04-01 12:55:25,728 - INFO: Evaluating at iteration 49116
2025-04-01 12:55:25,761 - INFO: Loss: 0.119097
2025-04-01 12:55:25,762 - INFO: Training ROC-AUC: 0.962963
2025-04-01 12:55:25,762 - INFO: Validation ROC-AUC: 0.530867
2025-04-01 12:55:31,425 - INFO: Evaluating at iteration 49616
2025-04-01 12:55:31,458 - INFO: Loss: 0.174918
2025-04-01 12:55:31,458 - INFO: Training ROC-AUC: 0.970370
2025-04-01 12:55:31,458 - INFO: Validation ROC-AUC: 0.545469
2025-04-01 12:55:37,097 - INFO: Evaluating at iteration 50116
2025-04-01 12:55:37,130 - INFO: Loss: 0.154100
2025-04-01 12:55:37,130 - INFO: Training ROC-AUC: 0.987179
2025-04-01 12:55:37,130 - INFO: Validation ROC-AUC: 0.541584
2025-04-01 12:55:42,804 - INFO: Evaluating at iteration 50616
2025-04-01 12:55:42,838 - INFO: Loss: 0.183469
2025-04-01 12:55:42,838 - INFO: Training ROC-AUC: 0.985185
2025-04-01 12:55:42,838 - INFO: Validation ROC-AUC: 0.535562
2025-04-01 12:55:48,471 - INFO: Evaluating at iteration 51116
2025-04-01 12:55:48,504 - INFO: Loss: 0.235999
2025-04-01 12:55:48,504 - INFO: Training ROC-AUC: 0.896296
2025-04-01 12:55:48,505 - INFO: Validation ROC-AUC: 0.534452
2025-04-01 12:55:54,135 - INFO: Evaluating at iteration 51616
2025-04-01 12:55:54,170 - INFO: Loss: 0.185597
2025-04-01 12:55:54,171 - INFO: Training ROC-AUC: 0.955556
2025-04-01 12:55:54,171 - INFO: Validation ROC-AUC: 0.546018
2025-04-01 12:55:55,136 - INFO: Starting epoch 21
2025-04-01 12:55:55,149 - INFO: Evaluating at iteration 51701
2025-04-01 12:55:55,182 - INFO: Loss: 0.272052
2025-04-01 12:55:55,182 - INFO: Training ROC-AUC: 0.917874
2025-04-01 12:55:55,182 - INFO: Validation ROC-AUC: 0.547990
2025-04-01 12:56:00,957 - INFO: Evaluating at iteration 52201
2025-04-01 12:56:00,998 - INFO: Loss: 0.120849
2025-04-01 12:56:00,998 - INFO: Training ROC-AUC: 0.983333
2025-04-01 12:56:00,998 - INFO: Validation ROC-AUC: 0.550119
2025-04-01 12:56:06,739 - INFO: Evaluating at iteration 52701
2025-04-01 12:56:06,772 - INFO: Loss: 0.251372
2025-04-01 12:56:06,773 - INFO: Training ROC-AUC: 0.901786
2025-04-01 12:56:06,773 - INFO: Validation ROC-AUC: 0.555513
2025-04-01 12:56:12,436 - INFO: Evaluating at iteration 53201
2025-04-01 12:56:12,469 - INFO: Loss: 0.304807
2025-04-01 12:56:12,470 - INFO: Training ROC-AUC: 0.920000
2025-04-01 12:56:12,470 - INFO: Validation ROC-AUC: 0.561110
2025-04-01 12:56:18,140 - INFO: Evaluating at iteration 53701
2025-04-01 12:56:18,174 - INFO: Loss: 0.125248
2025-04-01 12:56:18,174 - INFO: Training ROC-AUC: 0.980769
2025-04-01 12:56:18,174 - INFO: Validation ROC-AUC: 0.569672
2025-04-01 12:56:23,818 - INFO: Evaluating at iteration 54201
2025-04-01 12:56:23,851 - INFO: Loss: 0.148958
2025-04-01 12:56:23,851 - INFO: Training ROC-AUC: 0.970370
2025-04-01 12:56:23,851 - INFO: Validation ROC-AUC: 0.534315
2025-04-01 12:56:24,788 - INFO: Starting epoch 22
2025-04-01 12:56:24,800 - INFO: Evaluating at iteration 54286
2025-04-01 12:56:24,835 - INFO: Loss: 0.133909
2025-04-01 12:56:24,835 - INFO: Training ROC-AUC: 1.000000
2025-04-01 12:56:24,835 - INFO: Validation ROC-AUC: 0.529848
2025-04-01 12:56:30,511 - INFO: Evaluating at iteration 54786
2025-04-01 12:56:30,544 - INFO: Loss: 0.159329
2025-04-01 12:56:30,544 - INFO: Training ROC-AUC: 0.977143
2025-04-01 12:56:30,544 - INFO: Validation ROC-AUC: 0.547318
2025-04-01 12:56:36,144 - INFO: Evaluating at iteration 55286
2025-04-01 12:56:36,178 - INFO: Loss: 0.185830
2025-04-01 12:56:36,178 - INFO: Training ROC-AUC: 0.965714
2025-04-01 12:56:36,178 - INFO: Validation ROC-AUC: 0.543027
2025-04-01 12:56:41,819 - INFO: Evaluating at iteration 55786
2025-04-01 12:56:41,854 - INFO: Loss: 0.377538
2025-04-01 12:56:41,854 - INFO: Training ROC-AUC: 0.937500
2025-04-01 12:56:41,854 - INFO: Validation ROC-AUC: 0.543869
2025-04-01 12:56:47,597 - INFO: Evaluating at iteration 56286
2025-04-01 12:56:47,630 - INFO: Loss: 0.226675
2025-04-01 12:56:47,630 - INFO: Training ROC-AUC: 0.919643
2025-04-01 12:56:47,630 - INFO: Validation ROC-AUC: 0.556186
2025-04-01 12:56:53,342 - INFO: Evaluating at iteration 56786
2025-04-01 12:56:53,378 - INFO: Loss: 0.137746
2025-04-01 12:56:53,378 - INFO: Training ROC-AUC: 0.987179
2025-04-01 12:56:53,378 - INFO: Validation ROC-AUC: 0.542132
2025-04-01 12:56:54,346 - INFO: Starting epoch 23
2025-04-01 12:56:54,358 - INFO: Evaluating at iteration 56871
2025-04-01 12:56:54,392 - INFO: Loss: 0.113785
2025-04-01 12:56:54,392 - INFO: Training ROC-AUC: 0.954023
2025-04-01 12:56:54,392 - INFO: Validation ROC-AUC: 0.562612
2025-04-01 12:57:00,108 - INFO: Evaluating at iteration 57371
2025-04-01 12:57:00,141 - INFO: Loss: 0.455800
2025-04-01 12:57:00,142 - INFO: Training ROC-AUC: 0.910931
2025-04-01 12:57:00,142 - INFO: Validation ROC-AUC: 0.558903
2025-04-01 12:57:05,801 - INFO: Evaluating at iteration 57871
2025-04-01 12:57:05,835 - INFO: Loss: 0.135166
2025-04-01 12:57:05,835 - INFO: Training ROC-AUC: 0.900000
2025-04-01 12:57:05,835 - INFO: Validation ROC-AUC: 0.551948
2025-04-01 12:57:11,536 - INFO: Evaluating at iteration 58371
2025-04-01 12:57:11,570 - INFO: Loss: 0.099776
2025-04-01 12:57:11,570 - INFO: Training ROC-AUC: 1.000000
2025-04-01 12:57:11,570 - INFO: Validation ROC-AUC: 0.544248
2025-04-01 12:57:17,264 - INFO: Evaluating at iteration 58871
2025-04-01 12:57:17,298 - INFO: Loss: 0.223717
2025-04-01 12:57:17,298 - INFO: Training ROC-AUC: 0.960000
2025-04-01 12:57:17,298 - INFO: Validation ROC-AUC: 0.556167
2025-04-01 12:57:22,960 - INFO: Evaluating at iteration 59371
2025-04-01 12:57:22,995 - INFO: Loss: 0.202353
2025-04-01 12:57:22,995 - INFO: Training ROC-AUC: 0.987179
2025-04-01 12:57:22,995 - INFO: Validation ROC-AUC: 0.558883
2025-04-01 12:57:23,951 - INFO: Starting epoch 24
2025-04-01 12:57:23,963 - INFO: Evaluating at iteration 59456
2025-04-01 12:57:23,997 - INFO: Loss: 0.128879
2025-04-01 12:57:23,997 - INFO: Training ROC-AUC: 0.919540
2025-04-01 12:57:23,997 - INFO: Validation ROC-AUC: 0.560026
2025-04-01 12:57:29,805 - INFO: Evaluating at iteration 59956
2025-04-01 12:57:29,838 - INFO: Loss: 0.168350
2025-04-01 12:57:29,839 - INFO: Training ROC-AUC: 0.962963
2025-04-01 12:57:29,839 - INFO: Validation ROC-AUC: 0.558563
2025-04-01 12:57:35,478 - INFO: Evaluating at iteration 60456
2025-04-01 12:57:35,512 - INFO: Loss: 0.244844
2025-04-01 12:57:35,512 - INFO: Training ROC-AUC: 0.972727
2025-04-01 12:57:35,512 - INFO: Validation ROC-AUC: 0.556571
2025-04-01 12:57:41,192 - INFO: Evaluating at iteration 60956
2025-04-01 12:57:41,226 - INFO: Loss: 0.159065
2025-04-01 12:57:41,226 - INFO: Training ROC-AUC: 0.931034
2025-04-01 12:57:41,226 - INFO: Validation ROC-AUC: 0.555905
2025-04-01 12:57:46,963 - INFO: Evaluating at iteration 61456
2025-04-01 12:57:46,998 - INFO: Loss: 0.157785
2025-04-01 12:57:46,998 - INFO: Training ROC-AUC: 0.955128
2025-04-01 12:57:46,998 - INFO: Validation ROC-AUC: 0.552372
2025-04-01 12:57:52,688 - INFO: Evaluating at iteration 61956
2025-04-01 12:57:52,721 - INFO: Loss: 0.189693
2025-04-01 12:57:52,721 - INFO: Training ROC-AUC: 0.955128
2025-04-01 12:57:52,721 - INFO: Validation ROC-AUC: 0.542635
2025-04-01 12:57:53,667 - INFO: Starting epoch 25
2025-04-01 12:57:53,679 - INFO: Evaluating at iteration 62041
2025-04-01 12:57:53,715 - INFO: Loss: 0.110957
2025-04-01 12:57:53,715 - INFO: Training ROC-AUC: 1.000000
2025-04-01 12:57:53,715 - INFO: Validation ROC-AUC: 0.545463
2025-04-01 12:57:59,446 - INFO: Evaluating at iteration 62541
2025-04-01 12:57:59,480 - INFO: Loss: 0.174770
2025-04-01 12:57:59,480 - INFO: Training ROC-AUC: 0.954023
2025-04-01 12:57:59,480 - INFO: Validation ROC-AUC: 0.555226
2025-04-01 12:58:05,188 - INFO: Evaluating at iteration 63041
2025-04-01 12:58:05,224 - INFO: Loss: 0.127769
2025-04-01 12:58:05,224 - INFO: Training ROC-AUC: 0.993590
2025-04-01 12:58:05,224 - INFO: Validation ROC-AUC: 0.559425
2025-04-01 12:58:10,999 - INFO: Evaluating at iteration 63541
2025-04-01 12:58:11,033 - INFO: Loss: 0.289864
2025-04-01 12:58:11,033 - INFO: Training ROC-AUC: 0.880000
2025-04-01 12:58:11,033 - INFO: Validation ROC-AUC: 0.562416
2025-04-01 12:58:16,748 - INFO: Evaluating at iteration 64041
2025-04-01 12:58:16,782 - INFO: Loss: 0.172622
2025-04-01 12:58:16,782 - INFO: Training ROC-AUC: 0.928571
2025-04-01 12:58:16,782 - INFO: Validation ROC-AUC: 0.566041
2025-04-01 12:58:22,461 - INFO: Evaluating at iteration 64541
2025-04-01 12:58:22,494 - INFO: Loss: 0.155561
2025-04-01 12:58:22,494 - INFO: Training ROC-AUC: 0.970370
2025-04-01 12:58:22,494 - INFO: Validation ROC-AUC: 0.554952
2025-04-01 12:58:23,447 - INFO: Saving model to models/TCRStructMap_cdrs_peptide/model_1.pt
2025-04-01 12:58:23,464 - INFO: Starting fold 2
2025-04-01 12:58:23,483 - INFO: Initialising model
2025-04-01 12:58:23,488 - INFO: Starting training
2025-04-01 12:58:23,488 - INFO: Starting epoch 1
2025-04-01 12:58:23,501 - INFO: Evaluating at iteration 1
2025-04-01 12:58:23,585 - INFO: Loss: 0.688715
2025-04-01 12:58:23,585 - INFO: Training ROC-AUC: 0.634286
2025-04-01 12:58:23,585 - INFO: Validation ROC-AUC: 0.509891
2025-04-01 12:58:28,804 - INFO: Evaluating at iteration 501
2025-04-01 12:58:28,887 - INFO: Loss: 0.518439
2025-04-01 12:58:28,887 - INFO: Training ROC-AUC: 0.760000
2025-04-01 12:58:28,887 - INFO: Validation ROC-AUC: 0.470754
2025-04-01 12:58:34,297 - INFO: Evaluating at iteration 1001
2025-04-01 12:58:34,378 - INFO: Loss: 0.517677
2025-04-01 12:58:34,378 - INFO: Training ROC-AUC: 0.617143
2025-04-01 12:58:34,378 - INFO: Validation ROC-AUC: 0.408400
2025-04-01 12:58:39,768 - INFO: Evaluating at iteration 1501
2025-04-01 12:58:39,848 - INFO: Loss: 0.310137
2025-04-01 12:58:39,849 - INFO: Training ROC-AUC: 0.903704
2025-04-01 12:58:39,849 - INFO: Validation ROC-AUC: 0.576298
2025-04-01 12:58:45,155 - INFO: Evaluating at iteration 2001
2025-04-01 12:58:45,234 - INFO: Loss: 0.405916
2025-04-01 12:58:45,234 - INFO: Training ROC-AUC: 0.589286
2025-04-01 12:58:45,234 - INFO: Validation ROC-AUC: 0.613855
2025-04-01 12:58:50,552 - INFO: Evaluating at iteration 2501
2025-04-01 12:58:50,632 - INFO: Loss: 0.331012
2025-04-01 12:58:50,632 - INFO: Training ROC-AUC: 0.816092
2025-04-01 12:58:50,632 - INFO: Validation ROC-AUC: 0.609281
2025-04-01 12:58:51,012 - INFO: Starting epoch 2
2025-04-01 12:58:51,024 - INFO: Evaluating at iteration 2538
2025-04-01 12:58:51,103 - INFO: Loss: 0.256420
2025-04-01 12:58:51,103 - INFO: Training ROC-AUC: 0.974359
2025-04-01 12:58:51,103 - INFO: Validation ROC-AUC: 0.604947
2025-04-01 12:58:56,436 - INFO: Evaluating at iteration 3038
2025-04-01 12:58:56,518 - INFO: Loss: 0.384699
2025-04-01 12:58:56,518 - INFO: Training ROC-AUC: 0.826923
2025-04-01 12:58:56,518 - INFO: Validation ROC-AUC: 0.619729
2025-04-01 12:59:01,819 - INFO: Evaluating at iteration 3538
2025-04-01 12:59:01,900 - INFO: Loss: 0.257505
2025-04-01 12:59:01,900 - INFO: Training ROC-AUC: 0.735632
2025-04-01 12:59:01,900 - INFO: Validation ROC-AUC: 0.629814
2025-04-01 12:59:07,194 - INFO: Evaluating at iteration 4038
2025-04-01 12:59:07,277 - INFO: Loss: 0.325117
2025-04-01 12:59:07,277 - INFO: Training ROC-AUC: 0.785714
2025-04-01 12:59:07,277 - INFO: Validation ROC-AUC: 0.647079
2025-04-01 12:59:12,550 - INFO: Evaluating at iteration 4538
2025-04-01 12:59:12,628 - INFO: Loss: 0.125443
2025-04-01 12:59:12,628 - INFO: Training ROC-AUC: 0.967742
2025-04-01 12:59:12,628 - INFO: Validation ROC-AUC: 0.643289
2025-04-01 12:59:17,945 - INFO: Evaluating at iteration 5038
2025-04-01 12:59:18,026 - INFO: Loss: 0.285569
2025-04-01 12:59:18,026 - INFO: Training ROC-AUC: 0.689655
2025-04-01 12:59:18,026 - INFO: Validation ROC-AUC: 0.639222
2025-04-01 12:59:18,412 - INFO: Starting epoch 3
2025-04-01 12:59:18,424 - INFO: Evaluating at iteration 5075
2025-04-01 12:59:18,502 - INFO: Loss: 0.383395
2025-04-01 12:59:18,502 - INFO: Training ROC-AUC: 0.788462
2025-04-01 12:59:18,502 - INFO: Validation ROC-AUC: 0.636300
2025-04-01 12:59:23,847 - INFO: Evaluating at iteration 5575
2025-04-01 12:59:23,929 - INFO: Loss: 0.192068
2025-04-01 12:59:23,929 - INFO: Training ROC-AUC: 0.967742
2025-04-01 12:59:23,929 - INFO: Validation ROC-AUC: 0.651429
2025-04-01 12:59:29,333 - INFO: Evaluating at iteration 6075
2025-04-01 12:59:29,412 - INFO: Loss: 0.167885
2025-04-01 12:59:29,413 - INFO: Training ROC-AUC: 0.866667
2025-04-01 12:59:29,413 - INFO: Validation ROC-AUC: 0.657381
2025-04-01 12:59:34,782 - INFO: Evaluating at iteration 6575
2025-04-01 12:59:34,863 - INFO: Loss: 0.311468
2025-04-01 12:59:34,863 - INFO: Training ROC-AUC: 0.921875
2025-04-01 12:59:34,863 - INFO: Validation ROC-AUC: 0.661497
2025-04-01 12:59:40,152 - INFO: Evaluating at iteration 7075
2025-04-01 12:59:40,232 - INFO: Loss: 0.232064
2025-04-01 12:59:40,232 - INFO: Training ROC-AUC: 0.758621
2025-04-01 12:59:40,232 - INFO: Validation ROC-AUC: 0.668999
2025-04-01 12:59:45,628 - INFO: Evaluating at iteration 7575
2025-04-01 12:59:45,710 - INFO: Loss: 0.271885
2025-04-01 12:59:45,710 - INFO: Training ROC-AUC: 0.914286
2025-04-01 12:59:45,710 - INFO: Validation ROC-AUC: 0.671950
2025-04-01 12:59:46,098 - INFO: Starting epoch 4
2025-04-01 12:59:46,110 - INFO: Evaluating at iteration 7612
2025-04-01 12:59:46,193 - INFO: Loss: 0.210325
2025-04-01 12:59:46,193 - INFO: Training ROC-AUC: 1.000000
2025-04-01 12:59:46,193 - INFO: Validation ROC-AUC: 0.668722
2025-04-01 12:59:51,559 - INFO: Evaluating at iteration 8112
2025-04-01 12:59:51,640 - INFO: Loss: 0.297514
2025-04-01 12:59:51,640 - INFO: Training ROC-AUC: 0.758929
2025-04-01 12:59:51,640 - INFO: Validation ROC-AUC: 0.667338
2025-04-01 12:59:56,936 - INFO: Evaluating at iteration 8612
2025-04-01 12:59:57,016 - INFO: Loss: 0.243161
2025-04-01 12:59:57,016 - INFO: Training ROC-AUC: 0.793103
2025-04-01 12:59:57,016 - INFO: Validation ROC-AUC: 0.673815
2025-04-01 13:00:02,384 - INFO: Evaluating at iteration 9112
2025-04-01 13:00:02,466 - INFO: Loss: 0.441737
2025-04-01 13:00:02,466 - INFO: Training ROC-AUC: 0.755208
2025-04-01 13:00:02,466 - INFO: Validation ROC-AUC: 0.675094
2025-04-01 13:00:07,839 - INFO: Evaluating at iteration 9612
2025-04-01 13:00:07,918 - INFO: Loss: 0.194928
2025-04-01 13:00:07,918 - INFO: Training ROC-AUC: 0.970370
2025-04-01 13:00:07,918 - INFO: Validation ROC-AUC: 0.681078
2025-04-01 13:00:13,293 - INFO: Evaluating at iteration 10112
2025-04-01 13:00:13,375 - INFO: Loss: 0.239964
2025-04-01 13:00:13,375 - INFO: Training ROC-AUC: 0.948571
2025-04-01 13:00:13,375 - INFO: Validation ROC-AUC: 0.685265
2025-04-01 13:00:13,766 - INFO: Starting epoch 5
2025-04-01 13:00:13,778 - INFO: Evaluating at iteration 10149
2025-04-01 13:00:13,860 - INFO: Loss: 0.161270
2025-04-01 13:00:13,860 - INFO: Training ROC-AUC: 0.982143
2025-04-01 13:00:13,860 - INFO: Validation ROC-AUC: 0.689257
2025-04-01 13:00:19,261 - INFO: Evaluating at iteration 10649
2025-04-01 13:00:19,342 - INFO: Loss: 0.155082
2025-04-01 13:00:19,342 - INFO: Training ROC-AUC: 1.000000
2025-04-01 13:00:19,342 - INFO: Validation ROC-AUC: 0.683113
2025-04-01 13:00:24,675 - INFO: Evaluating at iteration 11149
2025-04-01 13:00:24,754 - INFO: Loss: 0.170150
2025-04-01 13:00:24,754 - INFO: Training ROC-AUC: 0.991071
2025-04-01 13:00:24,754 - INFO: Validation ROC-AUC: 0.685997
2025-04-01 13:00:30,094 - INFO: Evaluating at iteration 11649
2025-04-01 13:00:30,173 - INFO: Loss: 0.316456
2025-04-01 13:00:30,173 - INFO: Training ROC-AUC: 0.897143
2025-04-01 13:00:30,173 - INFO: Validation ROC-AUC: 0.688544
2025-04-01 13:00:35,476 - INFO: Evaluating at iteration 12149
2025-04-01 13:00:35,558 - INFO: Loss: 0.264513
2025-04-01 13:00:35,558 - INFO: Training ROC-AUC: 0.848214
2025-04-01 13:00:35,558 - INFO: Validation ROC-AUC: 0.690063
2025-04-01 13:00:40,900 - INFO: Evaluating at iteration 12649
2025-04-01 13:00:40,979 - INFO: Loss: 0.388143
2025-04-01 13:00:40,979 - INFO: Training ROC-AUC: 0.770370
2025-04-01 13:00:40,979 - INFO: Validation ROC-AUC: 0.691381
2025-04-01 13:00:41,360 - INFO: Starting epoch 6
2025-04-01 13:00:41,372 - INFO: Evaluating at iteration 12686
2025-04-01 13:00:41,451 - INFO: Loss: 0.185807
2025-04-01 13:00:41,451 - INFO: Training ROC-AUC: 0.866667
2025-04-01 13:00:41,451 - INFO: Validation ROC-AUC: 0.691499
2025-04-01 13:00:46,821 - INFO: Evaluating at iteration 13186
2025-04-01 13:00:46,900 - INFO: Loss: 0.302152
2025-04-01 13:00:46,901 - INFO: Training ROC-AUC: 0.891026
2025-04-01 13:00:46,901 - INFO: Validation ROC-AUC: 0.693611
2025-04-01 13:00:52,232 - INFO: Evaluating at iteration 13686
2025-04-01 13:00:52,312 - INFO: Loss: 0.178459
2025-04-01 13:00:52,312 - INFO: Training ROC-AUC: 0.919540
2025-04-01 13:00:52,312 - INFO: Validation ROC-AUC: 0.691675
2025-04-01 13:00:57,650 - INFO: Evaluating at iteration 14186
2025-04-01 13:00:57,730 - INFO: Loss: 0.439526
2025-04-01 13:00:57,730 - INFO: Training ROC-AUC: 0.840000
2025-04-01 13:00:57,730 - INFO: Validation ROC-AUC: 0.699689
2025-04-01 13:01:03,070 - INFO: Evaluating at iteration 14686
2025-04-01 13:01:03,150 - INFO: Loss: 0.292255
2025-04-01 13:01:03,150 - INFO: Training ROC-AUC: 0.891026
2025-04-01 13:01:03,150 - INFO: Validation ROC-AUC: 0.698400
2025-04-01 13:01:08,594 - INFO: Evaluating at iteration 15186
2025-04-01 13:01:08,675 - INFO: Loss: 0.394753
2025-04-01 13:01:08,675 - INFO: Training ROC-AUC: 0.864583
2025-04-01 13:01:08,675 - INFO: Validation ROC-AUC: 0.693914
2025-04-01 13:01:09,061 - INFO: Starting epoch 7
2025-04-01 13:01:09,073 - INFO: Evaluating at iteration 15223
2025-04-01 13:01:09,153 - INFO: Loss: 0.213316
2025-04-01 13:01:09,153 - INFO: Training ROC-AUC: 0.946429
2025-04-01 13:01:09,154 - INFO: Validation ROC-AUC: 0.692927
2025-04-01 13:01:14,509 - INFO: Evaluating at iteration 15723
2025-04-01 13:01:14,588 - INFO: Loss: 0.251479
2025-04-01 13:01:14,588 - INFO: Training ROC-AUC: 0.937500
2025-04-01 13:01:14,588 - INFO: Validation ROC-AUC: 0.692109
2025-04-01 13:01:19,963 - INFO: Evaluating at iteration 16223
2025-04-01 13:01:20,042 - INFO: Loss: 0.430214
2025-04-01 13:01:20,042 - INFO: Training ROC-AUC: 0.932367
2025-04-01 13:01:20,042 - INFO: Validation ROC-AUC: 0.686860
2025-04-01 13:01:25,388 - INFO: Evaluating at iteration 16723
2025-04-01 13:01:25,468 - INFO: Loss: 0.371576
2025-04-01 13:01:25,468 - INFO: Training ROC-AUC: 0.822857
2025-04-01 13:01:25,468 - INFO: Validation ROC-AUC: 0.687616
2025-04-01 13:01:30,806 - INFO: Evaluating at iteration 17223
2025-04-01 13:01:30,885 - INFO: Loss: 0.425623
2025-04-01 13:01:30,885 - INFO: Training ROC-AUC: 0.788571
2025-04-01 13:01:30,885 - INFO: Validation ROC-AUC: 0.692955
2025-04-01 13:01:36,212 - INFO: Evaluating at iteration 17723
2025-04-01 13:01:36,292 - INFO: Loss: 0.353775
2025-04-01 13:01:36,292 - INFO: Training ROC-AUC: 0.845714
2025-04-01 13:01:36,292 - INFO: Validation ROC-AUC: 0.697748
2025-04-01 13:01:36,678 - INFO: Starting epoch 8
2025-04-01 13:01:36,691 - INFO: Evaluating at iteration 17760
2025-04-01 13:01:36,769 - INFO: Loss: 0.264679
2025-04-01 13:01:36,770 - INFO: Training ROC-AUC: 0.923077
2025-04-01 13:01:36,770 - INFO: Validation ROC-AUC: 0.697378
2025-04-01 13:01:42,136 - INFO: Evaluating at iteration 18260
2025-04-01 13:01:42,217 - INFO: Loss: 0.283648
2025-04-01 13:01:42,217 - INFO: Training ROC-AUC: 0.947917
2025-04-01 13:01:42,217 - INFO: Validation ROC-AUC: 0.697906
2025-04-01 13:01:47,581 - INFO: Evaluating at iteration 18760
2025-04-01 13:01:47,661 - INFO: Loss: 0.349977
2025-04-01 13:01:47,661 - INFO: Training ROC-AUC: 0.705357
2025-04-01 13:01:47,661 - INFO: Validation ROC-AUC: 0.701736
2025-04-01 13:01:53,005 - INFO: Evaluating at iteration 19260
2025-04-01 13:01:53,084 - INFO: Loss: 0.253248
2025-04-01 13:01:53,084 - INFO: Training ROC-AUC: 0.942308
2025-04-01 13:01:53,084 - INFO: Validation ROC-AUC: 0.697114
2025-04-01 13:01:58,414 - INFO: Evaluating at iteration 19760
2025-04-01 13:01:58,494 - INFO: Loss: 0.166130
2025-04-01 13:01:58,494 - INFO: Training ROC-AUC: 0.985507
2025-04-01 13:01:58,494 - INFO: Validation ROC-AUC: 0.694444
2025-04-01 13:02:03,844 - INFO: Evaluating at iteration 20260
2025-04-01 13:02:03,923 - INFO: Loss: 0.405073
2025-04-01 13:02:03,923 - INFO: Training ROC-AUC: 0.696296
2025-04-01 13:02:03,923 - INFO: Validation ROC-AUC: 0.697994
2025-04-01 13:02:04,305 - INFO: Starting epoch 9
2025-04-01 13:02:04,317 - INFO: Evaluating at iteration 20297
2025-04-01 13:02:04,397 - INFO: Loss: 0.160315
2025-04-01 13:02:04,397 - INFO: Training ROC-AUC: 0.970370
2025-04-01 13:02:04,397 - INFO: Validation ROC-AUC: 0.697973
2025-04-01 13:02:09,800 - INFO: Evaluating at iteration 20797
2025-04-01 13:02:09,881 - INFO: Loss: 0.354600
2025-04-01 13:02:09,881 - INFO: Training ROC-AUC: 0.854167
2025-04-01 13:02:09,881 - INFO: Validation ROC-AUC: 0.690923
2025-04-01 13:02:15,257 - INFO: Evaluating at iteration 21297
2025-04-01 13:02:15,336 - INFO: Loss: 0.220687
2025-04-01 13:02:15,336 - INFO: Training ROC-AUC: 0.883929
2025-04-01 13:02:15,336 - INFO: Validation ROC-AUC: 0.697148
2025-04-01 13:02:20,680 - INFO: Evaluating at iteration 21797
2025-04-01 13:02:20,760 - INFO: Loss: 0.234983
2025-04-01 13:02:20,760 - INFO: Training ROC-AUC: 0.896552
2025-04-01 13:02:20,760 - INFO: Validation ROC-AUC: 0.697974
2025-04-01 13:02:26,156 - INFO: Evaluating at iteration 22297
2025-04-01 13:02:26,234 - INFO: Loss: 0.283048
2025-04-01 13:02:26,235 - INFO: Training ROC-AUC: 0.839286
2025-04-01 13:02:26,235 - INFO: Validation ROC-AUC: 0.697109
2025-04-01 13:02:31,592 - INFO: Evaluating at iteration 22797
2025-04-01 13:02:31,671 - INFO: Loss: 0.297696
2025-04-01 13:02:31,672 - INFO: Training ROC-AUC: 0.844444
2025-04-01 13:02:31,672 - INFO: Validation ROC-AUC: 0.695598
2025-04-01 13:02:32,055 - INFO: Starting epoch 10
2025-04-01 13:02:32,067 - INFO: Evaluating at iteration 22834
2025-04-01 13:02:32,146 - INFO: Loss: 0.277014
2025-04-01 13:02:32,146 - INFO: Training ROC-AUC: 0.516667
2025-04-01 13:02:32,146 - INFO: Validation ROC-AUC: 0.695357
2025-04-01 13:02:37,493 - INFO: Evaluating at iteration 23334
2025-04-01 13:02:37,574 - INFO: Loss: 0.292668
2025-04-01 13:02:37,574 - INFO: Training ROC-AUC: 0.914286
2025-04-01 13:02:37,574 - INFO: Validation ROC-AUC: 0.702800
2025-04-01 13:02:42,899 - INFO: Evaluating at iteration 23834
2025-04-01 13:02:42,986 - INFO: Loss: 0.210318
2025-04-01 13:02:42,986 - INFO: Training ROC-AUC: 0.874074
2025-04-01 13:02:42,986 - INFO: Validation ROC-AUC: 0.698187
2025-04-01 13:02:48,370 - INFO: Evaluating at iteration 24334
2025-04-01 13:02:48,451 - INFO: Loss: 0.259827
2025-04-01 13:02:48,451 - INFO: Training ROC-AUC: 0.920000
2025-04-01 13:02:48,451 - INFO: Validation ROC-AUC: 0.704856
2025-04-01 13:02:53,789 - INFO: Evaluating at iteration 24834
2025-04-01 13:02:53,868 - INFO: Loss: 0.250500
2025-04-01 13:02:53,868 - INFO: Training ROC-AUC: 0.902857
2025-04-01 13:02:53,868 - INFO: Validation ROC-AUC: 0.698199
2025-04-01 13:02:59,256 - INFO: Evaluating at iteration 25334
2025-04-01 13:02:59,335 - INFO: Loss: 0.177475
2025-04-01 13:02:59,336 - INFO: Training ROC-AUC: 0.948148
2025-04-01 13:02:59,336 - INFO: Validation ROC-AUC: 0.696637
2025-04-01 13:02:59,719 - INFO: Starting epoch 11
2025-04-01 13:02:59,732 - INFO: Evaluating at iteration 25371
2025-04-01 13:02:59,812 - INFO: Loss: 0.261616
2025-04-01 13:02:59,813 - INFO: Training ROC-AUC: 0.666667
2025-04-01 13:02:59,813 - INFO: Validation ROC-AUC: 0.694137
2025-04-01 13:03:05,268 - INFO: Evaluating at iteration 25871
2025-04-01 13:03:05,348 - INFO: Loss: 0.156475
2025-04-01 13:03:05,348 - INFO: Training ROC-AUC: 0.977778
2025-04-01 13:03:05,348 - INFO: Validation ROC-AUC: 0.698683
2025-04-01 13:03:10,707 - INFO: Evaluating at iteration 26371
2025-04-01 13:03:10,786 - INFO: Loss: 0.324956
2025-04-01 13:03:10,786 - INFO: Training ROC-AUC: 0.880000
2025-04-01 13:03:10,786 - INFO: Validation ROC-AUC: 0.701948
2025-04-01 13:03:16,167 - INFO: Evaluating at iteration 26871
2025-04-01 13:03:16,247 - INFO: Loss: 0.264398
2025-04-01 13:03:16,247 - INFO: Training ROC-AUC: 0.891026
2025-04-01 13:03:16,247 - INFO: Validation ROC-AUC: 0.701542
2025-04-01 13:03:21,599 - INFO: Evaluating at iteration 27371
2025-04-01 13:03:21,679 - INFO: Loss: 0.202972
2025-04-01 13:03:21,679 - INFO: Training ROC-AUC: 0.977778
2025-04-01 13:03:21,679 - INFO: Validation ROC-AUC: 0.699576
2025-04-01 13:03:27,038 - INFO: Evaluating at iteration 27871
2025-04-01 13:03:27,119 - INFO: Loss: 0.091699
2025-04-01 13:03:27,119 - INFO: Training ROC-AUC: 1.000000
2025-04-01 13:03:27,119 - INFO: Validation ROC-AUC: 0.698662
2025-04-01 13:03:27,505 - INFO: Starting epoch 12
2025-04-01 13:03:27,517 - INFO: Evaluating at iteration 27908
2025-04-01 13:03:27,596 - INFO: Loss: 0.417261
2025-04-01 13:03:27,597 - INFO: Training ROC-AUC: 0.835749
2025-04-01 13:03:27,597 - INFO: Validation ROC-AUC: 0.696632
2025-04-01 13:03:33,016 - INFO: Evaluating at iteration 28408
2025-04-01 13:03:33,097 - INFO: Loss: 0.289112
2025-04-01 13:03:33,097 - INFO: Training ROC-AUC: 0.881481
2025-04-01 13:03:33,097 - INFO: Validation ROC-AUC: 0.695881
2025-04-01 13:03:38,500 - INFO: Evaluating at iteration 28908
2025-04-01 13:03:38,580 - INFO: Loss: 0.255540
2025-04-01 13:03:38,580 - INFO: Training ROC-AUC: 0.929487
2025-04-01 13:03:38,580 - INFO: Validation ROC-AUC: 0.696795
2025-04-01 13:03:44,028 - INFO: Evaluating at iteration 29408
2025-04-01 13:03:44,110 - INFO: Loss: 0.145675
2025-04-01 13:03:44,110 - INFO: Training ROC-AUC: 0.992593
2025-04-01 13:03:44,110 - INFO: Validation ROC-AUC: 0.696969
2025-04-01 13:03:49,482 - INFO: Evaluating at iteration 29908
2025-04-01 13:03:49,561 - INFO: Loss: 0.374299
2025-04-01 13:03:49,561 - INFO: Training ROC-AUC: 0.840909
2025-04-01 13:03:49,561 - INFO: Validation ROC-AUC: 0.698502
2025-04-01 13:03:54,941 - INFO: Evaluating at iteration 30408
2025-04-01 13:03:55,019 - INFO: Loss: 0.341025
2025-04-01 13:03:55,020 - INFO: Training ROC-AUC: 0.858974
2025-04-01 13:03:55,020 - INFO: Validation ROC-AUC: 0.703129
2025-04-01 13:03:55,405 - INFO: Starting epoch 13
2025-04-01 13:03:55,418 - INFO: Evaluating at iteration 30445
2025-04-01 13:03:55,498 - INFO: Loss: 0.192192
2025-04-01 13:03:55,498 - INFO: Training ROC-AUC: 0.954286
2025-04-01 13:03:55,498 - INFO: Validation ROC-AUC: 0.702237
2025-04-01 13:04:00,868 - INFO: Evaluating at iteration 30945
2025-04-01 13:04:00,951 - INFO: Loss: 0.211403
2025-04-01 13:04:00,952 - INFO: Training ROC-AUC: 0.954286
2025-04-01 13:04:00,952 - INFO: Validation ROC-AUC: 0.697897
2025-04-01 13:04:06,316 - INFO: Evaluating at iteration 31445
2025-04-01 13:04:06,397 - INFO: Loss: 0.071052
2025-04-01 13:04:06,397 - INFO: Training ROC-AUC: 1.000000
2025-04-01 13:04:06,397 - INFO: Validation ROC-AUC: 0.693863
2025-04-01 13:04:11,747 - INFO: Evaluating at iteration 31945
2025-04-01 13:04:11,826 - INFO: Loss: 0.239469
2025-04-01 13:04:11,826 - INFO: Training ROC-AUC: 0.966184
2025-04-01 13:04:11,826 - INFO: Validation ROC-AUC: 0.687497
2025-04-01 13:04:17,281 - INFO: Evaluating at iteration 32445
2025-04-01 13:04:17,362 - INFO: Loss: 0.143680
2025-04-01 13:04:17,362 - INFO: Training ROC-AUC: 0.916667
2025-04-01 13:04:17,362 - INFO: Validation ROC-AUC: 0.702742
2025-04-01 13:04:22,760 - INFO: Evaluating at iteration 32945
2025-04-01 13:04:22,839 - INFO: Loss: 0.362404
2025-04-01 13:04:22,839 - INFO: Training ROC-AUC: 0.748148
2025-04-01 13:04:22,839 - INFO: Validation ROC-AUC: 0.698578
2025-04-01 13:04:23,220 - INFO: Starting epoch 14
2025-04-01 13:04:23,233 - INFO: Evaluating at iteration 32982
2025-04-01 13:04:23,311 - INFO: Loss: 0.108642
2025-04-01 13:04:23,311 - INFO: Training ROC-AUC: 1.000000
2025-04-01 13:04:23,311 - INFO: Validation ROC-AUC: 0.700400
2025-04-01 13:04:28,705 - INFO: Evaluating at iteration 33482
2025-04-01 13:04:28,789 - INFO: Loss: 0.198741
2025-04-01 13:04:28,789 - INFO: Training ROC-AUC: 0.960000
2025-04-01 13:04:28,789 - INFO: Validation ROC-AUC: 0.697098
2025-04-01 13:04:34,230 - INFO: Evaluating at iteration 33982
2025-04-01 13:04:34,308 - INFO: Loss: 0.115014
2025-04-01 13:04:34,309 - INFO: Training ROC-AUC: 1.000000
2025-04-01 13:04:34,309 - INFO: Validation ROC-AUC: 0.698921
2025-04-01 13:04:39,775 - INFO: Evaluating at iteration 34482
2025-04-01 13:04:39,855 - INFO: Loss: 0.129752
2025-04-01 13:04:39,855 - INFO: Training ROC-AUC: 0.965517
2025-04-01 13:04:39,856 - INFO: Validation ROC-AUC: 0.695995
2025-04-01 13:04:45,254 - INFO: Evaluating at iteration 34982
2025-04-01 13:04:45,334 - INFO: Loss: 0.246841
2025-04-01 13:04:45,334 - INFO: Training ROC-AUC: 0.923077
2025-04-01 13:04:45,334 - INFO: Validation ROC-AUC: 0.702414
2025-04-01 13:04:50,732 - INFO: Evaluating at iteration 35482
2025-04-01 13:04:50,811 - INFO: Loss: 0.294027
2025-04-01 13:04:50,812 - INFO: Training ROC-AUC: 0.858974
2025-04-01 13:04:50,812 - INFO: Validation ROC-AUC: 0.699903
2025-04-01 13:04:51,200 - INFO: Starting epoch 15
2025-04-01 13:04:51,212 - INFO: Evaluating at iteration 35519
2025-04-01 13:04:51,291 - INFO: Loss: 0.225659
2025-04-01 13:04:51,291 - INFO: Training ROC-AUC: 0.875000
2025-04-01 13:04:51,291 - INFO: Validation ROC-AUC: 0.697727
2025-04-01 13:04:56,666 - INFO: Evaluating at iteration 36019
2025-04-01 13:04:56,747 - INFO: Loss: 0.267807
2025-04-01 13:04:56,747 - INFO: Training ROC-AUC: 0.911111
2025-04-01 13:04:56,747 - INFO: Validation ROC-AUC: 0.696821
2025-04-01 13:05:02,149 - INFO: Evaluating at iteration 36519
2025-04-01 13:05:02,228 - INFO: Loss: 0.153739
2025-04-01 13:05:02,228 - INFO: Training ROC-AUC: 1.000000
2025-04-01 13:05:02,228 - INFO: Validation ROC-AUC: 0.697532
2025-04-01 13:05:07,637 - INFO: Evaluating at iteration 37019
2025-04-01 13:05:07,718 - INFO: Loss: 0.253495
2025-04-01 13:05:07,718 - INFO: Training ROC-AUC: 0.929487
2025-04-01 13:05:07,718 - INFO: Validation ROC-AUC: 0.697555
2025-04-01 13:05:13,107 - INFO: Evaluating at iteration 37519
2025-04-01 13:05:13,191 - INFO: Loss: 0.341991
2025-04-01 13:05:13,191 - INFO: Training ROC-AUC: 0.935897
2025-04-01 13:05:13,192 - INFO: Validation ROC-AUC: 0.696011
2025-04-01 13:05:18,610 - INFO: Evaluating at iteration 38019
2025-04-01 13:05:18,690 - INFO: Loss: 0.380034
2025-04-01 13:05:18,690 - INFO: Training ROC-AUC: 0.840000
2025-04-01 13:05:18,690 - INFO: Validation ROC-AUC: 0.698926
2025-04-01 13:05:19,080 - INFO: Starting epoch 16
2025-04-01 13:05:19,092 - INFO: Evaluating at iteration 38056
2025-04-01 13:05:19,172 - INFO: Loss: 0.136171
2025-04-01 13:05:19,172 - INFO: Training ROC-AUC: 0.991071
2025-04-01 13:05:19,172 - INFO: Validation ROC-AUC: 0.697739
2025-04-01 13:05:24,567 - INFO: Evaluating at iteration 38556
2025-04-01 13:05:24,645 - INFO: Loss: 0.255684
2025-04-01 13:05:24,646 - INFO: Training ROC-AUC: 0.874074
2025-04-01 13:05:24,646 - INFO: Validation ROC-AUC: 0.698091
2025-04-01 13:05:30,073 - INFO: Evaluating at iteration 39056
2025-04-01 13:05:30,154 - INFO: Loss: 0.200346
2025-04-01 13:05:30,154 - INFO: Training ROC-AUC: 0.940741
2025-04-01 13:05:30,154 - INFO: Validation ROC-AUC: 0.696856
2025-04-01 13:05:35,529 - INFO: Evaluating at iteration 39556
2025-04-01 13:05:35,608 - INFO: Loss: 0.157721
2025-04-01 13:05:35,608 - INFO: Training ROC-AUC: 0.980769
2025-04-01 13:05:35,608 - INFO: Validation ROC-AUC: 0.693482
2025-04-01 13:05:41,004 - INFO: Evaluating at iteration 40056
2025-04-01 13:05:41,084 - INFO: Loss: 0.244385
2025-04-01 13:05:41,084 - INFO: Training ROC-AUC: 0.942308
2025-04-01 13:05:41,084 - INFO: Validation ROC-AUC: 0.693091
2025-04-01 13:05:46,550 - INFO: Evaluating at iteration 40556
2025-04-01 13:05:46,629 - INFO: Loss: 0.114922
2025-04-01 13:05:46,629 - INFO: Training ROC-AUC: 0.991071
2025-04-01 13:05:46,629 - INFO: Validation ROC-AUC: 0.691728
2025-04-01 13:05:47,019 - INFO: Starting epoch 17
2025-04-01 13:05:47,031 - INFO: Evaluating at iteration 40593
2025-04-01 13:05:47,111 - INFO: Loss: 0.173378
2025-04-01 13:05:47,111 - INFO: Training ROC-AUC: 0.992593
2025-04-01 13:05:47,111 - INFO: Validation ROC-AUC: 0.691956
2025-04-01 13:05:52,582 - INFO: Evaluating at iteration 41093
2025-04-01 13:05:52,661 - INFO: Loss: 0.386715
2025-04-01 13:05:52,661 - INFO: Training ROC-AUC: 0.801282
2025-04-01 13:05:52,662 - INFO: Validation ROC-AUC: 0.692536
2025-04-01 13:05:58,076 - INFO: Evaluating at iteration 41593
2025-04-01 13:05:58,163 - INFO: Loss: 0.159855
2025-04-01 13:05:58,163 - INFO: Training ROC-AUC: 0.989583
2025-04-01 13:05:58,163 - INFO: Validation ROC-AUC: 0.696362
2025-04-01 13:06:03,609 - INFO: Evaluating at iteration 42093
2025-04-01 13:06:03,688 - INFO: Loss: 0.074129
2025-04-01 13:06:03,688 - INFO: Training ROC-AUC: 1.000000
2025-04-01 13:06:03,688 - INFO: Validation ROC-AUC: 0.692157
2025-04-01 13:06:09,117 - INFO: Evaluating at iteration 42593
2025-04-01 13:06:09,196 - INFO: Loss: 0.295091
2025-04-01 13:06:09,196 - INFO: Training ROC-AUC: 0.851852
2025-04-01 13:06:09,196 - INFO: Validation ROC-AUC: 0.696286
2025-04-01 13:06:14,682 - INFO: Evaluating at iteration 43093
2025-04-01 13:06:14,762 - INFO: Loss: 0.149206
2025-04-01 13:06:14,762 - INFO: Training ROC-AUC: 0.984375
2025-04-01 13:06:14,762 - INFO: Validation ROC-AUC: 0.697276
2025-04-01 13:06:15,149 - INFO: Starting epoch 18
2025-04-01 13:06:15,162 - INFO: Evaluating at iteration 43130
2025-04-01 13:06:15,241 - INFO: Loss: 0.206170
2025-04-01 13:06:15,241 - INFO: Training ROC-AUC: 0.989583
2025-04-01 13:06:15,241 - INFO: Validation ROC-AUC: 0.697480
2025-04-01 13:06:20,806 - INFO: Evaluating at iteration 43630
2025-04-01 13:06:20,884 - INFO: Loss: 0.224737
2025-04-01 13:06:20,884 - INFO: Training ROC-AUC: 0.901786
2025-04-01 13:06:20,884 - INFO: Validation ROC-AUC: 0.691514
2025-04-01 13:06:26,333 - INFO: Evaluating at iteration 44130
2025-04-01 13:06:26,412 - INFO: Loss: 0.250860
2025-04-01 13:06:26,412 - INFO: Training ROC-AUC: 0.888889
2025-04-01 13:06:26,412 - INFO: Validation ROC-AUC: 0.692499
2025-04-01 13:06:31,925 - INFO: Evaluating at iteration 44630
2025-04-01 13:06:32,006 - INFO: Loss: 0.136178
2025-04-01 13:06:32,006 - INFO: Training ROC-AUC: 0.973214
2025-04-01 13:06:32,006 - INFO: Validation ROC-AUC: 0.690423
2025-04-01 13:06:37,471 - INFO: Evaluating at iteration 45130
2025-04-01 13:06:37,551 - INFO: Loss: 0.340408
2025-04-01 13:06:37,551 - INFO: Training ROC-AUC: 0.927273
2025-04-01 13:06:37,551 - INFO: Validation ROC-AUC: 0.700768
2025-04-01 13:06:43,032 - INFO: Evaluating at iteration 45630
2025-04-01 13:06:43,118 - INFO: Loss: 0.101210
2025-04-01 13:06:43,118 - INFO: Training ROC-AUC: 1.000000
2025-04-01 13:06:43,118 - INFO: Validation ROC-AUC: 0.698583
2025-04-01 13:06:43,527 - INFO: Starting epoch 19
2025-04-01 13:06:43,539 - INFO: Evaluating at iteration 45667
2025-04-01 13:06:43,620 - INFO: Loss: 0.059495
2025-04-01 13:06:43,620 - INFO: Training ROC-AUC: 1.000000
2025-04-01 13:06:43,620 - INFO: Validation ROC-AUC: 0.695992
2025-04-01 13:06:49,162 - INFO: Evaluating at iteration 46167
2025-04-01 13:06:49,241 - INFO: Loss: 0.107980
2025-04-01 13:06:49,241 - INFO: Training ROC-AUC: 0.966667
2025-04-01 13:06:49,241 - INFO: Validation ROC-AUC: 0.704864
2025-04-01 13:06:54,711 - INFO: Evaluating at iteration 46667
2025-04-01 13:06:54,791 - INFO: Loss: 0.207052
2025-04-01 13:06:54,791 - INFO: Training ROC-AUC: 0.979167
2025-04-01 13:06:54,791 - INFO: Validation ROC-AUC: 0.694948
2025-04-01 13:07:00,330 - INFO: Evaluating at iteration 47167
2025-04-01 13:07:00,408 - INFO: Loss: 0.113352
2025-04-01 13:07:00,409 - INFO: Training ROC-AUC: 0.995169
2025-04-01 13:07:00,409 - INFO: Validation ROC-AUC: 0.696275
2025-04-01 13:07:05,962 - INFO: Evaluating at iteration 47667
2025-04-01 13:07:06,042 - INFO: Loss: 0.212733
2025-04-01 13:07:06,043 - INFO: Training ROC-AUC: 0.971014
2025-04-01 13:07:06,043 - INFO: Validation ROC-AUC: 0.700164
2025-04-01 13:07:11,641 - INFO: Evaluating at iteration 48167
2025-04-01 13:07:11,721 - INFO: Loss: 0.181659
2025-04-01 13:07:11,721 - INFO: Training ROC-AUC: 0.933333
2025-04-01 13:07:11,721 - INFO: Validation ROC-AUC: 0.696409
2025-04-01 13:07:12,128 - INFO: Starting epoch 20
2025-04-01 13:07:12,141 - INFO: Evaluating at iteration 48204
2025-04-01 13:07:12,220 - INFO: Loss: 0.069602
2025-04-01 13:07:12,220 - INFO: Training ROC-AUC: 1.000000
2025-04-01 13:07:12,220 - INFO: Validation ROC-AUC: 0.694402
2025-04-01 13:07:17,822 - INFO: Evaluating at iteration 48704
2025-04-01 13:07:17,901 - INFO: Loss: 0.140770
2025-04-01 13:07:17,901 - INFO: Training ROC-AUC: 0.988571
2025-04-01 13:07:17,901 - INFO: Validation ROC-AUC: 0.696891
2025-04-01 13:07:23,541 - INFO: Evaluating at iteration 49204
2025-04-01 13:07:23,621 - INFO: Loss: 0.272561
2025-04-01 13:07:23,621 - INFO: Training ROC-AUC: 0.950000
2025-04-01 13:07:23,621 - INFO: Validation ROC-AUC: 0.703733
2025-04-01 13:07:29,254 - INFO: Evaluating at iteration 49704
2025-04-01 13:07:29,333 - INFO: Loss: 0.192283
2025-04-01 13:07:29,333 - INFO: Training ROC-AUC: 0.940741
2025-04-01 13:07:29,333 - INFO: Validation ROC-AUC: 0.698014
2025-04-01 13:07:34,889 - INFO: Evaluating at iteration 50204
2025-04-01 13:07:34,970 - INFO: Loss: 0.114509
2025-04-01 13:07:34,970 - INFO: Training ROC-AUC: 0.965517
2025-04-01 13:07:34,970 - INFO: Validation ROC-AUC: 0.698098
2025-04-01 13:07:40,644 - INFO: Evaluating at iteration 50704
2025-04-01 13:07:40,722 - INFO: Loss: 0.147919
2025-04-01 13:07:40,722 - INFO: Training ROC-AUC: 0.977143
2025-04-01 13:07:40,722 - INFO: Validation ROC-AUC: 0.693336
2025-04-01 13:07:41,128 - INFO: Starting epoch 21
2025-04-01 13:07:41,141 - INFO: Evaluating at iteration 50741
2025-04-01 13:07:41,223 - INFO: Loss: 0.150992
2025-04-01 13:07:41,223 - INFO: Training ROC-AUC: 0.973214
2025-04-01 13:07:41,223 - INFO: Validation ROC-AUC: 0.693854
2025-04-01 13:07:46,859 - INFO: Evaluating at iteration 51241
2025-04-01 13:07:46,938 - INFO: Loss: 0.094852
2025-04-01 13:07:46,938 - INFO: Training ROC-AUC: 0.991071
2025-04-01 13:07:46,938 - INFO: Validation ROC-AUC: 0.699824
2025-04-01 13:07:52,598 - INFO: Evaluating at iteration 51741
2025-04-01 13:07:52,677 - INFO: Loss: 0.163912
2025-04-01 13:07:52,677 - INFO: Training ROC-AUC: 0.954023
2025-04-01 13:07:52,677 - INFO: Validation ROC-AUC: 0.702216
2025-04-01 13:07:58,370 - INFO: Evaluating at iteration 52241
2025-04-01 13:07:58,450 - INFO: Loss: 0.100439
2025-04-01 13:07:58,450 - INFO: Training ROC-AUC: 0.991071
2025-04-01 13:07:58,450 - INFO: Validation ROC-AUC: 0.702744
2025-04-01 13:08:04,049 - INFO: Evaluating at iteration 52741
2025-04-01 13:08:04,130 - INFO: Loss: 0.248505
2025-04-01 13:08:04,130 - INFO: Training ROC-AUC: 0.937143
2025-04-01 13:08:04,130 - INFO: Validation ROC-AUC: 0.698480
2025-04-01 13:08:09,782 - INFO: Evaluating at iteration 53241
2025-04-01 13:08:09,863 - INFO: Loss: 0.075778
2025-04-01 13:08:09,863 - INFO: Training ROC-AUC: 0.988506
2025-04-01 13:08:09,863 - INFO: Validation ROC-AUC: 0.699407
2025-04-01 13:08:10,279 - INFO: Starting epoch 22
2025-04-01 13:08:10,292 - INFO: Evaluating at iteration 53278
2025-04-01 13:08:10,374 - INFO: Loss: 0.128276
2025-04-01 13:08:10,374 - INFO: Training ROC-AUC: 1.000000
2025-04-01 13:08:10,374 - INFO: Validation ROC-AUC: 0.698419
2025-04-01 13:08:16,045 - INFO: Evaluating at iteration 53778
2025-04-01 13:08:16,124 - INFO: Loss: 0.171208
2025-04-01 13:08:16,124 - INFO: Training ROC-AUC: 0.984375
2025-04-01 13:08:16,124 - INFO: Validation ROC-AUC: 0.697099
2025-04-01 13:08:21,750 - INFO: Evaluating at iteration 54278
2025-04-01 13:08:21,831 - INFO: Loss: 0.209763
2025-04-01 13:08:21,831 - INFO: Training ROC-AUC: 0.892857
2025-04-01 13:08:21,831 - INFO: Validation ROC-AUC: 0.702774
2025-04-01 13:08:27,539 - INFO: Evaluating at iteration 54778
2025-04-01 13:08:27,619 - INFO: Loss: 0.172290
2025-04-01 13:08:27,619 - INFO: Training ROC-AUC: 0.977011
2025-04-01 13:08:27,619 - INFO: Validation ROC-AUC: 0.701890
2025-04-01 13:08:33,345 - INFO: Evaluating at iteration 55278
2025-04-01 13:08:33,424 - INFO: Loss: 0.073260
2025-04-01 13:08:33,424 - INFO: Training ROC-AUC: 1.000000
2025-04-01 13:08:33,424 - INFO: Validation ROC-AUC: 0.701910
2025-04-01 13:08:39,079 - INFO: Evaluating at iteration 55778
2025-04-01 13:08:39,158 - INFO: Loss: 0.197081
2025-04-01 13:08:39,159 - INFO: Training ROC-AUC: 0.967949
2025-04-01 13:08:39,159 - INFO: Validation ROC-AUC: 0.693755
2025-04-01 13:08:39,568 - INFO: Starting epoch 23
2025-04-01 13:08:39,581 - INFO: Evaluating at iteration 55815
2025-04-01 13:08:39,662 - INFO: Loss: 0.188509
2025-04-01 13:08:39,662 - INFO: Training ROC-AUC: 1.000000
2025-04-01 13:08:39,662 - INFO: Validation ROC-AUC: 0.694187
2025-04-01 13:08:45,396 - INFO: Evaluating at iteration 56315
2025-04-01 13:08:45,477 - INFO: Loss: 0.217432
2025-04-01 13:08:45,477 - INFO: Training ROC-AUC: 0.961538
2025-04-01 13:08:45,477 - INFO: Validation ROC-AUC: 0.692976
2025-04-01 13:08:51,143 - INFO: Evaluating at iteration 56815
2025-04-01 13:08:51,222 - INFO: Loss: 0.039071
2025-04-01 13:08:51,222 - INFO: Training ROC-AUC: 1.000000
2025-04-01 13:08:51,222 - INFO: Validation ROC-AUC: 0.693334
2025-04-01 13:08:56,971 - INFO: Evaluating at iteration 57315
2025-04-01 13:08:57,052 - INFO: Loss: 0.268873
2025-04-01 13:08:57,052 - INFO: Training ROC-AUC: 0.910256
2025-04-01 13:08:57,052 - INFO: Validation ROC-AUC: 0.689685
2025-04-01 13:09:02,781 - INFO: Evaluating at iteration 57815
2025-04-01 13:09:02,863 - INFO: Loss: 0.139496
2025-04-01 13:09:02,863 - INFO: Training ROC-AUC: 0.982143
2025-04-01 13:09:02,863 - INFO: Validation ROC-AUC: 0.693629
2025-04-01 13:09:08,635 - INFO: Evaluating at iteration 58315
2025-04-01 13:09:08,716 - INFO: Loss: 0.156614
2025-04-01 13:09:08,716 - INFO: Training ROC-AUC: 0.985185
2025-04-01 13:09:08,716 - INFO: Validation ROC-AUC: 0.699829
2025-04-01 13:09:09,126 - INFO: Starting epoch 24
2025-04-01 13:09:09,139 - INFO: Evaluating at iteration 58352
2025-04-01 13:09:09,220 - INFO: Loss: 0.109879
2025-04-01 13:09:09,220 - INFO: Training ROC-AUC: 1.000000
2025-04-01 13:09:09,220 - INFO: Validation ROC-AUC: 0.701653
2025-04-01 13:09:14,933 - INFO: Evaluating at iteration 58852
2025-04-01 13:09:15,013 - INFO: Loss: 0.113475
2025-04-01 13:09:15,013 - INFO: Training ROC-AUC: 0.988506
2025-04-01 13:09:15,013 - INFO: Validation ROC-AUC: 0.695805
2025-04-01 13:09:20,691 - INFO: Evaluating at iteration 59352
2025-04-01 13:09:20,773 - INFO: Loss: 0.112953
2025-04-01 13:09:20,773 - INFO: Training ROC-AUC: 1.000000
2025-04-01 13:09:20,773 - INFO: Validation ROC-AUC: 0.692589
2025-04-01 13:09:26,470 - INFO: Evaluating at iteration 59852
2025-04-01 13:09:26,548 - INFO: Loss: 0.070197
2025-04-01 13:09:26,548 - INFO: Training ROC-AUC: 1.000000
2025-04-01 13:09:26,548 - INFO: Validation ROC-AUC: 0.693523
2025-04-01 13:09:32,291 - INFO: Evaluating at iteration 60352
2025-04-01 13:09:32,370 - INFO: Loss: 0.271099
2025-04-01 13:09:32,370 - INFO: Training ROC-AUC: 0.874074
2025-04-01 13:09:32,371 - INFO: Validation ROC-AUC: 0.698415
2025-04-01 13:09:38,087 - INFO: Evaluating at iteration 60852
2025-04-01 13:09:38,168 - INFO: Loss: 0.306986
2025-04-01 13:09:38,168 - INFO: Training ROC-AUC: 0.859259
2025-04-01 13:09:38,168 - INFO: Validation ROC-AUC: 0.694710
2025-04-01 13:09:38,571 - INFO: Starting epoch 25
2025-04-01 13:09:38,584 - INFO: Evaluating at iteration 60889
2025-04-01 13:09:38,663 - INFO: Loss: 0.344434
2025-04-01 13:09:38,663 - INFO: Training ROC-AUC: 0.874286
2025-04-01 13:09:38,663 - INFO: Validation ROC-AUC: 0.693402
2025-04-01 13:09:44,387 - INFO: Evaluating at iteration 61389
2025-04-01 13:09:44,467 - INFO: Loss: 0.072190
2025-04-01 13:09:44,467 - INFO: Training ROC-AUC: 1.000000
2025-04-01 13:09:44,467 - INFO: Validation ROC-AUC: 0.694389
2025-04-01 13:09:50,160 - INFO: Evaluating at iteration 61889
2025-04-01 13:09:50,242 - INFO: Loss: 0.229866
2025-04-01 13:09:50,242 - INFO: Training ROC-AUC: 0.955556
2025-04-01 13:09:50,242 - INFO: Validation ROC-AUC: 0.698284
2025-04-01 13:09:56,009 - INFO: Evaluating at iteration 62389
2025-04-01 13:09:56,092 - INFO: Loss: 0.285027
2025-04-01 13:09:56,092 - INFO: Training ROC-AUC: 0.966184
2025-04-01 13:09:56,092 - INFO: Validation ROC-AUC: 0.695391
2025-04-01 13:10:01,792 - INFO: Evaluating at iteration 62889
2025-04-01 13:10:01,871 - INFO: Loss: 0.278254
2025-04-01 13:10:01,872 - INFO: Training ROC-AUC: 0.932292
2025-04-01 13:10:01,872 - INFO: Validation ROC-AUC: 0.692559
2025-04-01 13:10:07,587 - INFO: Evaluating at iteration 63389
2025-04-01 13:10:07,667 - INFO: Loss: 0.210585
2025-04-01 13:10:07,667 - INFO: Training ROC-AUC: 0.903704
2025-04-01 13:10:07,667 - INFO: Validation ROC-AUC: 0.695730
2025-04-01 13:10:08,073 - INFO: Saving model to models/TCRStructMap_cdrs_peptide/model_2.pt
2025-04-01 13:10:08,084 - INFO: Starting fold 3
2025-04-01 13:10:08,627 - INFO: Initialising model
2025-04-01 13:10:08,632 - INFO: Starting training
2025-04-01 13:10:08,632 - INFO: Starting epoch 1
2025-04-01 13:10:08,644 - INFO: Evaluating at iteration 1
2025-04-01 13:10:10,786 - INFO: Loss: 0.694043
2025-04-01 13:10:10,786 - INFO: Training ROC-AUC: 0.487179
2025-04-01 13:10:10,786 - INFO: Validation ROC-AUC: 0.533351
2025-04-01 13:10:15,519 - INFO: Starting epoch 2
2025-04-01 13:10:15,530 - INFO: Evaluating at iteration 457
2025-04-01 13:10:17,506 - INFO: Loss: 0.447162
2025-04-01 13:10:17,506 - INFO: Training ROC-AUC: 0.822857
2025-04-01 13:10:17,506 - INFO: Validation ROC-AUC: 0.436548
2025-04-01 13:10:22,357 - INFO: Starting epoch 3
2025-04-01 13:10:22,368 - INFO: Evaluating at iteration 913
2025-04-01 13:10:24,323 - INFO: Loss: 0.279588
2025-04-01 13:10:24,323 - INFO: Training ROC-AUC: 0.940741
2025-04-01 13:10:24,324 - INFO: Validation ROC-AUC: 0.430496
2025-04-01 13:10:29,186 - INFO: Starting epoch 4
2025-04-01 13:10:29,197 - INFO: Evaluating at iteration 1369
2025-04-01 13:10:31,157 - INFO: Loss: 0.185951
2025-04-01 13:10:31,158 - INFO: Training ROC-AUC: 1.000000
2025-04-01 13:10:31,158 - INFO: Validation ROC-AUC: 0.427677
2025-04-01 13:10:35,995 - INFO: Starting epoch 5
2025-04-01 13:10:36,006 - INFO: Evaluating at iteration 1825
2025-04-01 13:10:37,957 - INFO: Loss: 0.205612
2025-04-01 13:10:37,957 - INFO: Training ROC-AUC: 0.833333
2025-04-01 13:10:37,957 - INFO: Validation ROC-AUC: 0.427783
2025-04-01 13:10:42,809 - INFO: Starting epoch 6
2025-04-01 13:10:42,820 - INFO: Evaluating at iteration 2281
2025-04-01 13:10:44,805 - INFO: Loss: 0.219376
2025-04-01 13:10:44,805 - INFO: Training ROC-AUC: 0.800000
2025-04-01 13:10:44,806 - INFO: Validation ROC-AUC: 0.428514
2025-04-01 13:10:49,637 - INFO: Starting epoch 7
2025-04-01 13:10:49,648 - INFO: Evaluating at iteration 2737
2025-04-01 13:10:51,607 - INFO: Loss: 0.448458
2025-04-01 13:10:51,608 - INFO: Training ROC-AUC: 0.744792
2025-04-01 13:10:51,608 - INFO: Validation ROC-AUC: 0.428687
2025-04-01 13:10:56,406 - INFO: Starting epoch 8
2025-04-01 13:10:56,417 - INFO: Evaluating at iteration 3193
2025-04-01 13:10:58,437 - INFO: Loss: 0.286220
2025-04-01 13:10:58,437 - INFO: Training ROC-AUC: 0.910256
2025-04-01 13:10:58,437 - INFO: Validation ROC-AUC: 0.429666
2025-04-01 13:11:03,282 - INFO: Starting epoch 9
2025-04-01 13:11:03,293 - INFO: Evaluating at iteration 3649
2025-04-01 13:11:05,246 - INFO: Loss: 0.299850
2025-04-01 13:11:05,246 - INFO: Training ROC-AUC: 0.830357
2025-04-01 13:11:05,246 - INFO: Validation ROC-AUC: 0.428930
2025-04-01 13:11:10,152 - INFO: Starting epoch 10
2025-04-01 13:11:10,163 - INFO: Evaluating at iteration 4105
2025-04-01 13:11:12,116 - INFO: Loss: 0.421292
2025-04-01 13:11:12,117 - INFO: Training ROC-AUC: 0.698718
2025-04-01 13:11:12,117 - INFO: Validation ROC-AUC: 0.428417
2025-04-01 13:11:16,955 - INFO: Starting epoch 11
2025-04-01 13:11:16,965 - INFO: Evaluating at iteration 4561
2025-04-01 13:11:18,940 - INFO: Loss: 0.317187
2025-04-01 13:11:18,940 - INFO: Training ROC-AUC: 0.750000
2025-04-01 13:11:18,940 - INFO: Validation ROC-AUC: 0.429576
2025-04-01 13:11:23,798 - INFO: Starting epoch 12
2025-04-01 13:11:23,809 - INFO: Evaluating at iteration 5017
2025-04-01 13:11:25,776 - INFO: Loss: 0.311948
2025-04-01 13:11:25,777 - INFO: Training ROC-AUC: 0.931429
2025-04-01 13:11:25,777 - INFO: Validation ROC-AUC: 0.429421
2025-04-01 13:11:30,605 - INFO: Starting epoch 13
2025-04-01 13:11:30,615 - INFO: Evaluating at iteration 5473
2025-04-01 13:11:32,570 - INFO: Loss: 0.197736
2025-04-01 13:11:32,571 - INFO: Training ROC-AUC: 0.954023
2025-04-01 13:11:32,571 - INFO: Validation ROC-AUC: 0.431403
2025-04-01 13:11:37,375 - INFO: Starting epoch 14
2025-04-01 13:11:37,386 - INFO: Evaluating at iteration 5929
2025-04-01 13:11:39,344 - INFO: Loss: 0.319856
2025-04-01 13:11:39,344 - INFO: Training ROC-AUC: 0.942857
2025-04-01 13:11:39,344 - INFO: Validation ROC-AUC: 0.431751
2025-04-01 13:11:44,171 - INFO: Starting epoch 15
2025-04-01 13:11:44,182 - INFO: Evaluating at iteration 6385
2025-04-01 13:11:46,131 - INFO: Loss: 0.344834
2025-04-01 13:11:46,131 - INFO: Training ROC-AUC: 0.767857
2025-04-01 13:11:46,131 - INFO: Validation ROC-AUC: 0.432438
2025-04-01 13:11:50,904 - INFO: Starting epoch 16
2025-04-01 13:11:50,915 - INFO: Evaluating at iteration 6841
2025-04-01 13:11:52,862 - INFO: Loss: 0.323661
2025-04-01 13:11:52,862 - INFO: Training ROC-AUC: 0.837037
2025-04-01 13:11:52,862 - INFO: Validation ROC-AUC: 0.433836
2025-04-01 13:11:57,700 - INFO: Starting epoch 17
2025-04-01 13:11:57,711 - INFO: Evaluating at iteration 7297
2025-04-01 13:11:59,709 - INFO: Loss: 0.171963
2025-04-01 13:11:59,709 - INFO: Training ROC-AUC: 0.935484
2025-04-01 13:11:59,709 - INFO: Validation ROC-AUC: 0.434169
2025-04-01 13:12:04,549 - INFO: Starting epoch 18
2025-04-01 13:12:04,560 - INFO: Evaluating at iteration 7753
2025-04-01 13:12:06,508 - INFO: Loss: 0.324828
2025-04-01 13:12:06,508 - INFO: Training ROC-AUC: 0.879227
2025-04-01 13:12:06,508 - INFO: Validation ROC-AUC: 0.433851
2025-04-01 13:12:11,353 - INFO: Starting epoch 19
2025-04-01 13:12:11,364 - INFO: Evaluating at iteration 8209
2025-04-01 13:12:13,378 - INFO: Loss: 0.203818
2025-04-01 13:12:13,378 - INFO: Training ROC-AUC: 0.862069
2025-04-01 13:12:13,378 - INFO: Validation ROC-AUC: 0.435267
2025-04-01 13:12:18,261 - INFO: Starting epoch 20
2025-04-01 13:12:18,272 - INFO: Evaluating at iteration 8665
2025-04-01 13:12:20,222 - INFO: Loss: 0.112307
2025-04-01 13:12:20,222 - INFO: Training ROC-AUC: 1.000000
2025-04-01 13:12:20,222 - INFO: Validation ROC-AUC: 0.435209
2025-04-01 13:12:25,090 - INFO: Starting epoch 21
2025-04-01 13:12:25,101 - INFO: Evaluating at iteration 9121
2025-04-01 13:12:27,059 - INFO: Loss: 0.198090
2025-04-01 13:12:27,059 - INFO: Training ROC-AUC: 0.964286
2025-04-01 13:12:27,059 - INFO: Validation ROC-AUC: 0.437069
2025-04-01 13:12:32,025 - INFO: Starting epoch 22
2025-04-01 13:12:32,036 - INFO: Evaluating at iteration 9577
2025-04-01 13:12:33,993 - INFO: Loss: 0.157829
2025-04-01 13:12:33,993 - INFO: Training ROC-AUC: 0.946429
2025-04-01 13:12:33,993 - INFO: Validation ROC-AUC: 0.435813
2025-04-01 13:12:38,936 - INFO: Starting epoch 23
2025-04-01 13:12:38,948 - INFO: Evaluating at iteration 10033
2025-04-01 13:12:40,895 - INFO: Loss: 0.467273
2025-04-01 13:12:40,895 - INFO: Training ROC-AUC: 0.805714
2025-04-01 13:12:40,895 - INFO: Validation ROC-AUC: 0.436876
2025-04-01 13:12:45,923 - INFO: Starting epoch 24
2025-04-01 13:12:45,934 - INFO: Evaluating at iteration 10489
2025-04-01 13:12:47,881 - INFO: Loss: 0.166944
2025-04-01 13:12:47,881 - INFO: Training ROC-AUC: 0.973214
2025-04-01 13:12:47,881 - INFO: Validation ROC-AUC: 0.436576
2025-04-01 13:12:52,820 - INFO: Starting epoch 25
2025-04-01 13:12:52,832 - INFO: Evaluating at iteration 10945
2025-04-01 13:12:54,798 - INFO: Loss: 0.137045
2025-04-01 13:12:54,798 - INFO: Training ROC-AUC: 1.000000
2025-04-01 13:12:54,798 - INFO: Validation ROC-AUC: 0.435439
2025-04-01 13:12:59,787 - INFO: Saving model to models/TCRStructMap_cdrs_peptide/model_3.pt
2025-04-01 13:12:59,897 - INFO: Starting fold 4
2025-04-01 13:12:59,946 - INFO: Initialising model
2025-04-01 13:12:59,950 - INFO: Starting training
2025-04-01 13:12:59,951 - INFO: Starting epoch 1
2025-04-01 13:12:59,963 - INFO: Evaluating at iteration 1
2025-04-01 13:13:00,152 - INFO: Loss: 0.696976
2025-04-01 13:13:00,152 - INFO: Training ROC-AUC: 0.683333
2025-04-01 13:13:00,152 - INFO: Validation ROC-AUC: 0.490601
2025-04-01 13:13:05,348 - INFO: Evaluating at iteration 501
2025-04-01 13:13:05,534 - INFO: Loss: 0.595092
2025-04-01 13:13:05,534 - INFO: Training ROC-AUC: 0.562500
2025-04-01 13:13:05,534 - INFO: Validation ROC-AUC: 0.299760
2025-04-01 13:13:10,953 - INFO: Evaluating at iteration 1001
2025-04-01 13:13:11,141 - INFO: Loss: 0.468835
2025-04-01 13:13:11,141 - INFO: Training ROC-AUC: 0.621795
2025-04-01 13:13:11,141 - INFO: Validation ROC-AUC: 0.238929
2025-04-01 13:13:16,508 - INFO: Evaluating at iteration 1501
2025-04-01 13:13:16,699 - INFO: Loss: 0.429379
2025-04-01 13:13:16,700 - INFO: Training ROC-AUC: 0.756410
2025-04-01 13:13:16,700 - INFO: Validation ROC-AUC: 0.647507
2025-04-01 13:13:22,034 - INFO: Evaluating at iteration 2001
2025-04-01 13:13:22,215 - INFO: Loss: 0.300555
2025-04-01 13:13:22,215 - INFO: Training ROC-AUC: 0.846154
2025-04-01 13:13:22,215 - INFO: Validation ROC-AUC: 0.608494
2025-04-01 13:13:26,627 - INFO: Starting epoch 2
2025-04-01 13:13:26,639 - INFO: Evaluating at iteration 2419
2025-04-01 13:13:26,821 - INFO: Loss: 0.365047
2025-04-01 13:13:26,821 - INFO: Training ROC-AUC: 0.705357
2025-04-01 13:13:26,821 - INFO: Validation ROC-AUC: 0.620115
2025-04-01 13:13:32,164 - INFO: Evaluating at iteration 2919
2025-04-01 13:13:32,351 - INFO: Loss: 0.408091
2025-04-01 13:13:32,351 - INFO: Training ROC-AUC: 0.833333
2025-04-01 13:13:32,351 - INFO: Validation ROC-AUC: 0.608413
2025-04-01 13:13:37,649 - INFO: Evaluating at iteration 3419
2025-04-01 13:13:37,841 - INFO: Loss: 0.308975
2025-04-01 13:13:37,842 - INFO: Training ROC-AUC: 0.714286
2025-04-01 13:13:37,842 - INFO: Validation ROC-AUC: 0.608784
2025-04-01 13:13:43,172 - INFO: Evaluating at iteration 3919
2025-04-01 13:13:43,363 - INFO: Loss: 0.716443
2025-04-01 13:13:43,363 - INFO: Training ROC-AUC: 0.718182
2025-04-01 13:13:43,363 - INFO: Validation ROC-AUC: 0.627170
2025-04-01 13:13:48,647 - INFO: Evaluating at iteration 4419
2025-04-01 13:13:48,829 - INFO: Loss: 0.290986
2025-04-01 13:13:48,829 - INFO: Training ROC-AUC: 0.883929
2025-04-01 13:13:48,830 - INFO: Validation ROC-AUC: 0.629439
2025-04-01 13:13:53,292 - INFO: Starting epoch 3
2025-04-01 13:13:53,304 - INFO: Evaluating at iteration 4837
2025-04-01 13:13:53,496 - INFO: Loss: 0.203292
2025-04-01 13:13:53,497 - INFO: Training ROC-AUC: 1.000000
2025-04-01 13:13:53,497 - INFO: Validation ROC-AUC: 0.626461
2025-04-01 13:13:58,843 - INFO: Evaluating at iteration 5337
2025-04-01 13:13:59,027 - INFO: Loss: 0.296427
2025-04-01 13:13:59,027 - INFO: Training ROC-AUC: 0.689655
2025-04-01 13:13:59,027 - INFO: Validation ROC-AUC: 0.633752
2025-04-01 13:14:04,310 - INFO: Evaluating at iteration 5837
2025-04-01 13:14:04,492 - INFO: Loss: 0.421678
2025-04-01 13:14:04,493 - INFO: Training ROC-AUC: 0.770370
2025-04-01 13:14:04,493 - INFO: Validation ROC-AUC: 0.632005
2025-04-01 13:14:09,798 - INFO: Evaluating at iteration 6337
2025-04-01 13:14:09,979 - INFO: Loss: 0.279771
2025-04-01 13:14:09,979 - INFO: Training ROC-AUC: 0.837037
2025-04-01 13:14:09,979 - INFO: Validation ROC-AUC: 0.635724
2025-04-01 13:14:15,334 - INFO: Evaluating at iteration 6837
2025-04-01 13:14:15,523 - INFO: Loss: 0.316553
2025-04-01 13:14:15,524 - INFO: Training ROC-AUC: 0.865385
2025-04-01 13:14:15,524 - INFO: Validation ROC-AUC: 0.630301
2025-04-01 13:14:20,026 - INFO: Starting epoch 4
2025-04-01 13:14:20,038 - INFO: Evaluating at iteration 7255
2025-04-01 13:14:20,222 - INFO: Loss: 0.316769
2025-04-01 13:14:20,222 - INFO: Training ROC-AUC: 0.931429
2025-04-01 13:14:20,223 - INFO: Validation ROC-AUC: 0.613947
2025-04-01 13:14:25,567 - INFO: Evaluating at iteration 7755
2025-04-01 13:14:25,763 - INFO: Loss: 0.257780
2025-04-01 13:14:25,764 - INFO: Training ROC-AUC: 0.859259
2025-04-01 13:14:25,764 - INFO: Validation ROC-AUC: 0.628657
2025-04-01 13:14:31,164 - INFO: Evaluating at iteration 8255
2025-04-01 13:14:31,348 - INFO: Loss: 0.260905
2025-04-01 13:14:31,348 - INFO: Training ROC-AUC: 0.910256
2025-04-01 13:14:31,348 - INFO: Validation ROC-AUC: 0.618686
2025-04-01 13:14:36,724 - INFO: Evaluating at iteration 8755
2025-04-01 13:14:36,913 - INFO: Loss: 0.262287
2025-04-01 13:14:36,913 - INFO: Training ROC-AUC: 0.871795
2025-04-01 13:14:36,913 - INFO: Validation ROC-AUC: 0.603344
2025-04-01 13:14:42,280 - INFO: Evaluating at iteration 9255
2025-04-01 13:14:42,471 - INFO: Loss: 0.269101
2025-04-01 13:14:42,471 - INFO: Training ROC-AUC: 0.911111
2025-04-01 13:14:42,471 - INFO: Validation ROC-AUC: 0.622657
2025-04-01 13:14:46,972 - INFO: Starting epoch 5
2025-04-01 13:14:46,984 - INFO: Evaluating at iteration 9673
2025-04-01 13:14:47,171 - INFO: Loss: 0.229629
2025-04-01 13:14:47,171 - INFO: Training ROC-AUC: 0.866667
2025-04-01 13:14:47,171 - INFO: Validation ROC-AUC: 0.651118
2025-04-01 13:14:52,561 - INFO: Evaluating at iteration 10173
2025-04-01 13:14:52,755 - INFO: Loss: 0.301777
2025-04-01 13:14:52,755 - INFO: Training ROC-AUC: 0.830357
2025-04-01 13:14:52,755 - INFO: Validation ROC-AUC: 0.635374
2025-04-01 13:14:58,128 - INFO: Evaluating at iteration 10673
2025-04-01 13:14:58,316 - INFO: Loss: 0.191958
2025-04-01 13:14:58,316 - INFO: Training ROC-AUC: 0.783333
2025-04-01 13:14:58,316 - INFO: Validation ROC-AUC: 0.620847
2025-04-01 13:15:03,699 - INFO: Evaluating at iteration 11173
2025-04-01 13:15:03,883 - INFO: Loss: 0.338650
2025-04-01 13:15:03,883 - INFO: Training ROC-AUC: 0.865385
2025-04-01 13:15:03,883 - INFO: Validation ROC-AUC: 0.647218
2025-04-01 13:15:09,267 - INFO: Evaluating at iteration 11673
2025-04-01 13:15:09,449 - INFO: Loss: 0.315279
2025-04-01 13:15:09,449 - INFO: Training ROC-AUC: 0.865385
2025-04-01 13:15:09,449 - INFO: Validation ROC-AUC: 0.635413
2025-04-01 13:15:14,023 - INFO: Starting epoch 6
2025-04-01 13:15:14,035 - INFO: Evaluating at iteration 12091
2025-04-01 13:15:14,224 - INFO: Loss: 0.313818
2025-04-01 13:15:14,224 - INFO: Training ROC-AUC: 0.767857
2025-04-01 13:15:14,224 - INFO: Validation ROC-AUC: 0.628749
2025-04-01 13:15:19,602 - INFO: Evaluating at iteration 12591
2025-04-01 13:15:19,794 - INFO: Loss: 0.494565
2025-04-01 13:15:19,795 - INFO: Training ROC-AUC: 0.786458
2025-04-01 13:15:19,795 - INFO: Validation ROC-AUC: 0.642875
2025-04-01 13:15:25,168 - INFO: Evaluating at iteration 13091
2025-04-01 13:15:25,356 - INFO: Loss: 0.228465
2025-04-01 13:15:25,356 - INFO: Training ROC-AUC: 0.733333
2025-04-01 13:15:25,356 - INFO: Validation ROC-AUC: 0.639744
2025-04-01 13:15:30,784 - INFO: Evaluating at iteration 13591
2025-04-01 13:15:30,977 - INFO: Loss: 0.268895
2025-04-01 13:15:30,977 - INFO: Training ROC-AUC: 0.935897
2025-04-01 13:15:30,977 - INFO: Validation ROC-AUC: 0.630045
2025-04-01 13:15:36,334 - INFO: Evaluating at iteration 14091
2025-04-01 13:15:36,523 - INFO: Loss: 0.066556
2025-04-01 13:15:36,523 - INFO: Training ROC-AUC: 1.000000
2025-04-01 13:15:36,523 - INFO: Validation ROC-AUC: 0.624847
2025-04-01 13:15:41,014 - INFO: Starting epoch 7
2025-04-01 13:15:41,026 - INFO: Evaluating at iteration 14509
2025-04-01 13:15:41,216 - INFO: Loss: 0.225904
2025-04-01 13:15:41,216 - INFO: Training ROC-AUC: 0.937198
2025-04-01 13:15:41,216 - INFO: Validation ROC-AUC: 0.611042
2025-04-01 13:15:46,640 - INFO: Evaluating at iteration 15009
2025-04-01 13:15:46,833 - INFO: Loss: 0.322696
2025-04-01 13:15:46,833 - INFO: Training ROC-AUC: 0.865385
2025-04-01 13:15:46,833 - INFO: Validation ROC-AUC: 0.617930
2025-04-01 13:15:52,244 - INFO: Evaluating at iteration 15509
2025-04-01 13:15:52,427 - INFO: Loss: 0.221362
2025-04-01 13:15:52,427 - INFO: Training ROC-AUC: 0.885057
2025-04-01 13:15:52,427 - INFO: Validation ROC-AUC: 0.622801
2025-04-01 13:15:57,883 - INFO: Evaluating at iteration 16009
2025-04-01 13:15:58,081 - INFO: Loss: 0.260649
2025-04-01 13:15:58,081 - INFO: Training ROC-AUC: 0.937198
2025-04-01 13:15:58,081 - INFO: Validation ROC-AUC: 0.622790
2025-04-01 13:16:03,473 - INFO: Evaluating at iteration 16509
2025-04-01 13:16:03,656 - INFO: Loss: 0.227664
2025-04-01 13:16:03,656 - INFO: Training ROC-AUC: 0.937143
2025-04-01 13:16:03,656 - INFO: Validation ROC-AUC: 0.613748
2025-04-01 13:16:08,213 - INFO: Starting epoch 8
2025-04-01 13:16:08,225 - INFO: Evaluating at iteration 16927
2025-04-01 13:16:08,412 - INFO: Loss: 0.394149
2025-04-01 13:16:08,412 - INFO: Training ROC-AUC: 0.733333
2025-04-01 13:16:08,412 - INFO: Validation ROC-AUC: 0.600048
2025-04-01 13:16:13,838 - INFO: Evaluating at iteration 17427
2025-04-01 13:16:14,029 - INFO: Loss: 0.362140
2025-04-01 13:16:14,029 - INFO: Training ROC-AUC: 0.895455
2025-04-01 13:16:14,030 - INFO: Validation ROC-AUC: 0.615169
2025-04-01 13:16:19,394 - INFO: Evaluating at iteration 17927
2025-04-01 13:16:19,589 - INFO: Loss: 0.125351
2025-04-01 13:16:19,590 - INFO: Training ROC-AUC: 0.942529
2025-04-01 13:16:19,590 - INFO: Validation ROC-AUC: 0.596323
2025-04-01 13:16:24,976 - INFO: Evaluating at iteration 18427
2025-04-01 13:16:25,158 - INFO: Loss: 0.218820
2025-04-01 13:16:25,158 - INFO: Training ROC-AUC: 0.862069
2025-04-01 13:16:25,158 - INFO: Validation ROC-AUC: 0.610649
2025-04-01 13:16:30,581 - INFO: Evaluating at iteration 18927
2025-04-01 13:16:30,763 - INFO: Loss: 0.151275
2025-04-01 13:16:30,763 - INFO: Training ROC-AUC: 0.900000
2025-04-01 13:16:30,763 - INFO: Validation ROC-AUC: 0.599483
2025-04-01 13:16:35,263 - INFO: Starting epoch 9
2025-04-01 13:16:35,278 - INFO: Evaluating at iteration 19345
2025-04-01 13:16:35,461 - INFO: Loss: 0.262613
2025-04-01 13:16:35,461 - INFO: Training ROC-AUC: 0.910256
2025-04-01 13:16:35,461 - INFO: Validation ROC-AUC: 0.588571
2025-04-01 13:16:40,849 - INFO: Evaluating at iteration 19845
2025-04-01 13:16:41,039 - INFO: Loss: 0.185401
2025-04-01 13:16:41,039 - INFO: Training ROC-AUC: 0.964286
2025-04-01 13:16:41,039 - INFO: Validation ROC-AUC: 0.588185
2025-04-01 13:16:46,480 - INFO: Evaluating at iteration 20345
2025-04-01 13:16:46,667 - INFO: Loss: 0.187151
2025-04-01 13:16:46,667 - INFO: Training ROC-AUC: 0.919540
2025-04-01 13:16:46,667 - INFO: Validation ROC-AUC: 0.596214
2025-04-01 13:16:52,059 - INFO: Evaluating at iteration 20845
2025-04-01 13:16:52,250 - INFO: Loss: 0.198266
2025-04-01 13:16:52,250 - INFO: Training ROC-AUC: 0.948148
2025-04-01 13:16:52,250 - INFO: Validation ROC-AUC: 0.589302
2025-04-01 13:16:57,631 - INFO: Evaluating at iteration 21345
2025-04-01 13:16:57,813 - INFO: Loss: 0.337988
2025-04-01 13:16:57,814 - INFO: Training ROC-AUC: 0.953125
2025-04-01 13:16:57,814 - INFO: Validation ROC-AUC: 0.582870
2025-04-01 13:17:02,347 - INFO: Starting epoch 10
2025-04-01 13:17:02,359 - INFO: Evaluating at iteration 21763
2025-04-01 13:17:02,552 - INFO: Loss: 0.088869
2025-04-01 13:17:02,552 - INFO: Training ROC-AUC: 0.993590
2025-04-01 13:17:02,552 - INFO: Validation ROC-AUC: 0.591743
2025-04-01 13:17:07,972 - INFO: Evaluating at iteration 22263
2025-04-01 13:17:08,163 - INFO: Loss: 0.357556
2025-04-01 13:17:08,163 - INFO: Training ROC-AUC: 0.762963
2025-04-01 13:17:08,163 - INFO: Validation ROC-AUC: 0.569395
2025-04-01 13:17:13,566 - INFO: Evaluating at iteration 22763
2025-04-01 13:17:13,764 - INFO: Loss: 0.286410
2025-04-01 13:17:13,764 - INFO: Training ROC-AUC: 0.871795
2025-04-01 13:17:13,764 - INFO: Validation ROC-AUC: 0.579120
2025-04-01 13:17:19,206 - INFO: Evaluating at iteration 23263
2025-04-01 13:17:19,394 - INFO: Loss: 0.182273
2025-04-01 13:17:19,394 - INFO: Training ROC-AUC: 0.974359
2025-04-01 13:17:19,394 - INFO: Validation ROC-AUC: 0.569416
2025-04-01 13:17:24,935 - INFO: Evaluating at iteration 23763
2025-04-01 13:17:25,134 - INFO: Loss: 0.314289
2025-04-01 13:17:25,134 - INFO: Training ROC-AUC: 0.936364
2025-04-01 13:17:25,134 - INFO: Validation ROC-AUC: 0.584870
2025-04-01 13:17:29,659 - INFO: Starting epoch 11
2025-04-01 13:17:29,672 - INFO: Evaluating at iteration 24181
2025-04-01 13:17:29,855 - INFO: Loss: 0.188137
2025-04-01 13:17:29,855 - INFO: Training ROC-AUC: 0.967949
2025-04-01 13:17:29,855 - INFO: Validation ROC-AUC: 0.574280
2025-04-01 13:17:35,289 - INFO: Evaluating at iteration 24681
2025-04-01 13:17:35,481 - INFO: Loss: 0.174872
2025-04-01 13:17:35,482 - INFO: Training ROC-AUC: 0.942857
2025-04-01 13:17:35,482 - INFO: Validation ROC-AUC: 0.563892
2025-04-01 13:17:40,869 - INFO: Evaluating at iteration 25181
2025-04-01 13:17:41,052 - INFO: Loss: 0.182878
2025-04-01 13:17:41,052 - INFO: Training ROC-AUC: 0.988571
2025-04-01 13:17:41,052 - INFO: Validation ROC-AUC: 0.577284
2025-04-01 13:17:46,476 - INFO: Evaluating at iteration 25681
2025-04-01 13:17:46,672 - INFO: Loss: 0.296589
2025-04-01 13:17:46,672 - INFO: Training ROC-AUC: 0.839286
2025-04-01 13:17:46,672 - INFO: Validation ROC-AUC: 0.570165
2025-04-01 13:17:52,081 - INFO: Evaluating at iteration 26181
2025-04-01 13:17:52,262 - INFO: Loss: 0.244917
2025-04-01 13:17:52,262 - INFO: Training ROC-AUC: 0.967949
2025-04-01 13:17:52,262 - INFO: Validation ROC-AUC: 0.554953
2025-04-01 13:17:56,776 - INFO: Starting epoch 12
2025-04-01 13:17:56,788 - INFO: Evaluating at iteration 26599
2025-04-01 13:17:56,984 - INFO: Loss: 0.094527
2025-04-01 13:17:56,984 - INFO: Training ROC-AUC: 1.000000
2025-04-01 13:17:56,984 - INFO: Validation ROC-AUC: 0.574989
2025-04-01 13:18:02,420 - INFO: Evaluating at iteration 27099
2025-04-01 13:18:02,603 - INFO: Loss: 0.203695
2025-04-01 13:18:02,603 - INFO: Training ROC-AUC: 0.970370
2025-04-01 13:18:02,603 - INFO: Validation ROC-AUC: 0.563378
2025-04-01 13:18:08,030 - INFO: Evaluating at iteration 27599
2025-04-01 13:18:08,223 - INFO: Loss: 0.093848
2025-04-01 13:18:08,224 - INFO: Training ROC-AUC: 1.000000
2025-04-01 13:18:08,224 - INFO: Validation ROC-AUC: 0.559638
2025-04-01 13:18:13,676 - INFO: Evaluating at iteration 28099
2025-04-01 13:18:13,864 - INFO: Loss: 0.288442
2025-04-01 13:18:13,864 - INFO: Training ROC-AUC: 0.913420
2025-04-01 13:18:13,864 - INFO: Validation ROC-AUC: 0.562740
2025-04-01 13:18:19,316 - INFO: Evaluating at iteration 28599
2025-04-01 13:18:19,500 - INFO: Loss: 0.305352
2025-04-01 13:18:19,500 - INFO: Training ROC-AUC: 0.858974
2025-04-01 13:18:19,500 - INFO: Validation ROC-AUC: 0.570838
2025-04-01 13:18:24,018 - INFO: Starting epoch 13
2025-04-01 13:18:24,030 - INFO: Evaluating at iteration 29017
2025-04-01 13:18:24,228 - INFO: Loss: 0.281937
2025-04-01 13:18:24,228 - INFO: Training ROC-AUC: 0.942708
2025-04-01 13:18:24,228 - INFO: Validation ROC-AUC: 0.569389
2025-04-01 13:18:29,778 - INFO: Evaluating at iteration 29517
2025-04-01 13:18:29,959 - INFO: Loss: 0.265495
2025-04-01 13:18:29,960 - INFO: Training ROC-AUC: 0.858974
2025-04-01 13:18:29,960 - INFO: Validation ROC-AUC: 0.558075
2025-04-01 13:18:35,432 - INFO: Evaluating at iteration 30017
2025-04-01 13:18:35,625 - INFO: Loss: 0.466272
2025-04-01 13:18:35,625 - INFO: Training ROC-AUC: 0.833333
2025-04-01 13:18:35,625 - INFO: Validation ROC-AUC: 0.569726
2025-04-01 13:18:41,154 - INFO: Evaluating at iteration 30517
2025-04-01 13:18:41,347 - INFO: Loss: 0.264712
2025-04-01 13:18:41,347 - INFO: Training ROC-AUC: 0.650000
2025-04-01 13:18:41,347 - INFO: Validation ROC-AUC: 0.553412
2025-04-01 13:18:46,841 - INFO: Evaluating at iteration 31017
2025-04-01 13:18:47,023 - INFO: Loss: 0.139788
2025-04-01 13:18:47,023 - INFO: Training ROC-AUC: 0.955357
2025-04-01 13:18:47,023 - INFO: Validation ROC-AUC: 0.567254
2025-04-01 13:18:51,585 - INFO: Starting epoch 14
2025-04-01 13:18:51,597 - INFO: Evaluating at iteration 31435
2025-04-01 13:18:51,778 - INFO: Loss: 0.251653
2025-04-01 13:18:51,779 - INFO: Training ROC-AUC: 0.955128
2025-04-01 13:18:51,779 - INFO: Validation ROC-AUC: 0.556435
2025-04-01 13:18:57,256 - INFO: Evaluating at iteration 31935
2025-04-01 13:18:57,443 - INFO: Loss: 0.170204
2025-04-01 13:18:57,443 - INFO: Training ROC-AUC: 0.942529
2025-04-01 13:18:57,443 - INFO: Validation ROC-AUC: 0.553352
2025-04-01 13:19:02,909 - INFO: Evaluating at iteration 32435
2025-04-01 13:19:03,091 - INFO: Loss: 0.128362
2025-04-01 13:19:03,091 - INFO: Training ROC-AUC: 0.933333
2025-04-01 13:19:03,091 - INFO: Validation ROC-AUC: 0.558045
2025-04-01 13:19:08,769 - INFO: Evaluating at iteration 32935
2025-04-01 13:19:08,950 - INFO: Loss: 0.378637
2025-04-01 13:19:08,950 - INFO: Training ROC-AUC: 0.817143
2025-04-01 13:19:08,950 - INFO: Validation ROC-AUC: 0.557331
2025-04-01 13:19:14,480 - INFO: Evaluating at iteration 33435
2025-04-01 13:19:14,674 - INFO: Loss: 0.192337
2025-04-01 13:19:14,674 - INFO: Training ROC-AUC: 0.903226
2025-04-01 13:19:14,675 - INFO: Validation ROC-AUC: 0.561900
2025-04-01 13:19:19,300 - INFO: Starting epoch 15
2025-04-01 13:19:19,313 - INFO: Evaluating at iteration 33853
2025-04-01 13:19:19,496 - INFO: Loss: 0.099675
2025-04-01 13:19:19,496 - INFO: Training ROC-AUC: 1.000000
2025-04-01 13:19:19,496 - INFO: Validation ROC-AUC: 0.556030
2025-04-01 13:19:24,994 - INFO: Evaluating at iteration 34353
2025-04-01 13:19:25,186 - INFO: Loss: 0.156630
2025-04-01 13:19:25,187 - INFO: Training ROC-AUC: 0.940741
2025-04-01 13:19:25,187 - INFO: Validation ROC-AUC: 0.553798
2025-04-01 13:19:30,702 - INFO: Evaluating at iteration 34853
2025-04-01 13:19:30,896 - INFO: Loss: 0.157881
2025-04-01 13:19:30,896 - INFO: Training ROC-AUC: 0.883333
2025-04-01 13:19:30,896 - INFO: Validation ROC-AUC: 0.544122
2025-04-01 13:19:36,347 - INFO: Evaluating at iteration 35353
2025-04-01 13:19:36,535 - INFO: Loss: 0.176197
2025-04-01 13:19:36,535 - INFO: Training ROC-AUC: 0.968750
2025-04-01 13:19:36,535 - INFO: Validation ROC-AUC: 0.556515
2025-04-01 13:19:42,003 - INFO: Evaluating at iteration 35853
2025-04-01 13:19:42,190 - INFO: Loss: 0.262031
2025-04-01 13:19:42,191 - INFO: Training ROC-AUC: 0.985507
2025-04-01 13:19:42,191 - INFO: Validation ROC-AUC: 0.557782
2025-04-01 13:19:46,792 - INFO: Starting epoch 16
2025-04-01 13:19:46,804 - INFO: Evaluating at iteration 36271
2025-04-01 13:19:46,997 - INFO: Loss: 0.281261
2025-04-01 13:19:46,997 - INFO: Training ROC-AUC: 0.908571
2025-04-01 13:19:46,997 - INFO: Validation ROC-AUC: 0.566489
2025-04-01 13:19:52,495 - INFO: Evaluating at iteration 36771
2025-04-01 13:19:52,687 - INFO: Loss: 0.156132
2025-04-01 13:19:52,687 - INFO: Training ROC-AUC: 0.987179
2025-04-01 13:19:52,687 - INFO: Validation ROC-AUC: 0.547424
2025-04-01 13:19:58,195 - INFO: Evaluating at iteration 37271
2025-04-01 13:19:58,381 - INFO: Loss: 0.347166
2025-04-01 13:19:58,381 - INFO: Training ROC-AUC: 0.874286
2025-04-01 13:19:58,381 - INFO: Validation ROC-AUC: 0.549539
2025-04-01 13:20:03,879 - INFO: Evaluating at iteration 37771
2025-04-01 13:20:04,069 - INFO: Loss: 0.288014
2025-04-01 13:20:04,070 - INFO: Training ROC-AUC: 0.871795
2025-04-01 13:20:04,070 - INFO: Validation ROC-AUC: 0.555972
2025-04-01 13:20:09,564 - INFO: Evaluating at iteration 38271
2025-04-01 13:20:09,754 - INFO: Loss: 0.170631
2025-04-01 13:20:09,754 - INFO: Training ROC-AUC: 0.954023
2025-04-01 13:20:09,754 - INFO: Validation ROC-AUC: 0.561485
2025-04-01 13:20:14,481 - INFO: Starting epoch 17
2025-04-01 13:20:14,494 - INFO: Evaluating at iteration 38689
2025-04-01 13:20:14,681 - INFO: Loss: 0.364767
2025-04-01 13:20:14,681 - INFO: Training ROC-AUC: 0.908571
2025-04-01 13:20:14,681 - INFO: Validation ROC-AUC: 0.556009
2025-04-01 13:20:20,259 - INFO: Evaluating at iteration 39189
2025-04-01 13:20:20,448 - INFO: Loss: 0.118409
2025-04-01 13:20:20,448 - INFO: Training ROC-AUC: 0.982143
2025-04-01 13:20:20,448 - INFO: Validation ROC-AUC: 0.540691
2025-04-01 13:20:25,977 - INFO: Evaluating at iteration 39689
2025-04-01 13:20:26,180 - INFO: Loss: 0.221168
2025-04-01 13:20:26,181 - INFO: Training ROC-AUC: 0.960000
2025-04-01 13:20:26,181 - INFO: Validation ROC-AUC: 0.555953
2025-04-01 13:20:31,730 - INFO: Evaluating at iteration 40189
2025-04-01 13:20:31,923 - INFO: Loss: 0.159539
2025-04-01 13:20:31,923 - INFO: Training ROC-AUC: 0.946429
2025-04-01 13:20:31,923 - INFO: Validation ROC-AUC: 0.569346
2025-04-01 13:20:37,418 - INFO: Evaluating at iteration 40689
2025-04-01 13:20:37,611 - INFO: Loss: 0.080971
2025-04-01 13:20:37,611 - INFO: Training ROC-AUC: 1.000000
2025-04-01 13:20:37,611 - INFO: Validation ROC-AUC: 0.562096
2025-04-01 13:20:42,282 - INFO: Starting epoch 18
2025-04-01 13:20:42,295 - INFO: Evaluating at iteration 41107
2025-04-01 13:20:42,485 - INFO: Loss: 0.204724
2025-04-01 13:20:42,485 - INFO: Training ROC-AUC: 0.883929
2025-04-01 13:20:42,485 - INFO: Validation ROC-AUC: 0.563077
2025-04-01 13:20:48,092 - INFO: Evaluating at iteration 41607
2025-04-01 13:20:48,282 - INFO: Loss: 0.211887
2025-04-01 13:20:48,282 - INFO: Training ROC-AUC: 0.929487
2025-04-01 13:20:48,282 - INFO: Validation ROC-AUC: 0.545774
2025-04-01 13:20:53,815 - INFO: Evaluating at iteration 42107
2025-04-01 13:20:54,004 - INFO: Loss: 0.155644
2025-04-01 13:20:54,004 - INFO: Training ROC-AUC: 0.965714
2025-04-01 13:20:54,004 - INFO: Validation ROC-AUC: 0.558559
2025-04-01 13:20:59,591 - INFO: Evaluating at iteration 42607
2025-04-01 13:20:59,778 - INFO: Loss: 0.365958
2025-04-01 13:20:59,778 - INFO: Training ROC-AUC: 0.932292
2025-04-01 13:20:59,778 - INFO: Validation ROC-AUC: 0.551426
2025-04-01 13:21:05,368 - INFO: Evaluating at iteration 43107
2025-04-01 13:21:05,552 - INFO: Loss: 0.235221
2025-04-01 13:21:05,552 - INFO: Training ROC-AUC: 0.946860
2025-04-01 13:21:05,552 - INFO: Validation ROC-AUC: 0.548618
2025-04-01 13:21:10,264 - INFO: Starting epoch 19
2025-04-01 13:21:10,277 - INFO: Evaluating at iteration 43525
2025-04-01 13:21:10,459 - INFO: Loss: 0.256318
2025-04-01 13:21:10,460 - INFO: Training ROC-AUC: 0.881481
2025-04-01 13:21:10,460 - INFO: Validation ROC-AUC: 0.548783
2025-04-01 13:21:16,103 - INFO: Evaluating at iteration 44025
2025-04-01 13:21:16,293 - INFO: Loss: 0.133146
2025-04-01 13:21:16,293 - INFO: Training ROC-AUC: 0.962963
2025-04-01 13:21:16,293 - INFO: Validation ROC-AUC: 0.559948
2025-04-01 13:21:21,944 - INFO: Evaluating at iteration 44525
2025-04-01 13:21:22,138 - INFO: Loss: 0.187227
2025-04-01 13:21:22,138 - INFO: Training ROC-AUC: 0.940741
2025-04-01 13:21:22,138 - INFO: Validation ROC-AUC: 0.560524
2025-04-01 13:21:27,743 - INFO: Evaluating at iteration 45025
2025-04-01 13:21:27,937 - INFO: Loss: 0.234631
2025-04-01 13:21:27,937 - INFO: Training ROC-AUC: 0.937143
2025-04-01 13:21:27,938 - INFO: Validation ROC-AUC: 0.550693
2025-04-01 13:21:33,551 - INFO: Evaluating at iteration 45525
2025-04-01 13:21:33,746 - INFO: Loss: 0.162183
2025-04-01 13:21:33,746 - INFO: Training ROC-AUC: 0.955556
2025-04-01 13:21:33,746 - INFO: Validation ROC-AUC: 0.557021
2025-04-01 13:21:38,464 - INFO: Starting epoch 20
2025-04-01 13:21:38,477 - INFO: Evaluating at iteration 45943
2025-04-01 13:21:38,660 - INFO: Loss: 0.154585
2025-04-01 13:21:38,660 - INFO: Training ROC-AUC: 0.866667
2025-04-01 13:21:38,660 - INFO: Validation ROC-AUC: 0.561549
2025-04-01 13:21:44,325 - INFO: Evaluating at iteration 46443
2025-04-01 13:21:44,508 - INFO: Loss: 0.169579
2025-04-01 13:21:44,508 - INFO: Training ROC-AUC: 0.965714
2025-04-01 13:21:44,508 - INFO: Validation ROC-AUC: 0.564595
2025-04-01 13:21:50,132 - INFO: Evaluating at iteration 46943
2025-04-01 13:21:50,322 - INFO: Loss: 0.168239
2025-04-01 13:21:50,322 - INFO: Training ROC-AUC: 0.774194
2025-04-01 13:21:50,322 - INFO: Validation ROC-AUC: 0.555835
2025-04-01 13:21:55,992 - INFO: Evaluating at iteration 47443
2025-04-01 13:21:56,175 - INFO: Loss: 0.110906
2025-04-01 13:21:56,175 - INFO: Training ROC-AUC: 0.988571
2025-04-01 13:21:56,175 - INFO: Validation ROC-AUC: 0.562644
2025-04-01 13:22:01,845 - INFO: Evaluating at iteration 47943
2025-04-01 13:22:02,038 - INFO: Loss: 0.257258
2025-04-01 13:22:02,038 - INFO: Training ROC-AUC: 0.888889
2025-04-01 13:22:02,038 - INFO: Validation ROC-AUC: 0.554039
2025-04-01 13:22:06,705 - INFO: Starting epoch 21
2025-04-01 13:22:06,718 - INFO: Evaluating at iteration 48361
2025-04-01 13:22:06,900 - INFO: Loss: 0.140185
2025-04-01 13:22:06,900 - INFO: Training ROC-AUC: 0.982143
2025-04-01 13:22:06,900 - INFO: Validation ROC-AUC: 0.557845
2025-04-01 13:22:12,558 - INFO: Evaluating at iteration 48861
2025-04-01 13:22:12,740 - INFO: Loss: 0.174536
2025-04-01 13:22:12,740 - INFO: Training ROC-AUC: 0.948718
2025-04-01 13:22:12,740 - INFO: Validation ROC-AUC: 0.560211
2025-04-01 13:22:18,373 - INFO: Evaluating at iteration 49361
2025-04-01 13:22:18,554 - INFO: Loss: 0.049101
2025-04-01 13:22:18,554 - INFO: Training ROC-AUC: 1.000000
2025-04-01 13:22:18,554 - INFO: Validation ROC-AUC: 0.570838
2025-04-01 13:22:24,181 - INFO: Evaluating at iteration 49861
2025-04-01 13:22:24,373 - INFO: Loss: 0.210963
2025-04-01 13:22:24,373 - INFO: Training ROC-AUC: 0.910714
2025-04-01 13:22:24,373 - INFO: Validation ROC-AUC: 0.552934
2025-04-01 13:22:30,022 - INFO: Evaluating at iteration 50361
2025-04-01 13:22:30,216 - INFO: Loss: 0.233349
2025-04-01 13:22:30,216 - INFO: Training ROC-AUC: 0.947917
2025-04-01 13:22:30,216 - INFO: Validation ROC-AUC: 0.548317
2025-04-01 13:22:34,890 - INFO: Starting epoch 22
2025-04-01 13:22:34,903 - INFO: Evaluating at iteration 50779
2025-04-01 13:22:35,086 - INFO: Loss: 0.165774
2025-04-01 13:22:35,086 - INFO: Training ROC-AUC: 0.948718
2025-04-01 13:22:35,086 - INFO: Validation ROC-AUC: 0.563551
2025-04-01 13:22:40,680 - INFO: Evaluating at iteration 51279
2025-04-01 13:22:40,871 - INFO: Loss: 0.359669
2025-04-01 13:22:40,871 - INFO: Training ROC-AUC: 0.884615
2025-04-01 13:22:40,871 - INFO: Validation ROC-AUC: 0.559058
2025-04-01 13:22:46,560 - INFO: Evaluating at iteration 51779
2025-04-01 13:22:46,748 - INFO: Loss: 0.161307
2025-04-01 13:22:46,748 - INFO: Training ROC-AUC: 0.931034
2025-04-01 13:22:46,748 - INFO: Validation ROC-AUC: 0.554125
2025-04-01 13:22:52,456 - INFO: Evaluating at iteration 52279
2025-04-01 13:22:52,644 - INFO: Loss: 0.187416
2025-04-01 13:22:52,644 - INFO: Training ROC-AUC: 0.800000
2025-04-01 13:22:52,644 - INFO: Validation ROC-AUC: 0.559250
2025-04-01 13:22:58,289 - INFO: Evaluating at iteration 52779
2025-04-01 13:22:58,479 - INFO: Loss: 0.130124
2025-04-01 13:22:58,479 - INFO: Training ROC-AUC: 0.946429
2025-04-01 13:22:58,479 - INFO: Validation ROC-AUC: 0.558505
2025-04-01 13:23:03,225 - INFO: Starting epoch 23
2025-04-01 13:23:03,237 - INFO: Evaluating at iteration 53197
2025-04-01 13:23:03,424 - INFO: Loss: 0.060200
2025-04-01 13:23:03,424 - INFO: Training ROC-AUC: 1.000000
2025-04-01 13:23:03,424 - INFO: Validation ROC-AUC: 0.560808
2025-04-01 13:23:09,132 - INFO: Evaluating at iteration 53697
2025-04-01 13:23:09,313 - INFO: Loss: 0.179415
2025-04-01 13:23:09,313 - INFO: Training ROC-AUC: 0.992593
2025-04-01 13:23:09,313 - INFO: Validation ROC-AUC: 0.557847
2025-04-01 13:23:14,991 - INFO: Evaluating at iteration 54197
2025-04-01 13:23:15,184 - INFO: Loss: 0.290417
2025-04-01 13:23:15,185 - INFO: Training ROC-AUC: 0.986364
2025-04-01 13:23:15,185 - INFO: Validation ROC-AUC: 0.568655
2025-04-01 13:23:20,850 - INFO: Evaluating at iteration 54697
2025-04-01 13:23:21,039 - INFO: Loss: 0.185688
2025-04-01 13:23:21,039 - INFO: Training ROC-AUC: 0.979167
2025-04-01 13:23:21,039 - INFO: Validation ROC-AUC: 0.555714
2025-04-01 13:23:26,696 - INFO: Evaluating at iteration 55197
2025-04-01 13:23:26,887 - INFO: Loss: 0.173896
2025-04-01 13:23:27,353 - INFO: Training ROC-AUC: 0.946429
2025-04-01 13:23:27,354 - INFO: Validation ROC-AUC: 0.552080
2025-04-01 13:23:32,120 - INFO: Starting epoch 24
2025-04-01 13:23:32,132 - INFO: Evaluating at iteration 55615
2025-04-01 13:23:32,314 - INFO: Loss: 0.251510
2025-04-01 13:23:32,314 - INFO: Training ROC-AUC: 0.888889
2025-04-01 13:23:32,314 - INFO: Validation ROC-AUC: 0.558074
2025-04-01 13:23:37,972 - INFO: Evaluating at iteration 56115
2025-04-01 13:23:38,179 - INFO: Loss: 0.251529
2025-04-01 13:23:38,179 - INFO: Training ROC-AUC: 0.946429
2025-04-01 13:23:38,179 - INFO: Validation ROC-AUC: 0.563915
2025-04-01 13:23:43,850 - INFO: Evaluating at iteration 56615
2025-04-01 13:23:44,043 - INFO: Loss: 0.190546
2025-04-01 13:23:44,043 - INFO: Training ROC-AUC: 0.961538
2025-04-01 13:23:44,043 - INFO: Validation ROC-AUC: 0.566947
2025-04-01 13:23:49,726 - INFO: Evaluating at iteration 57115
2025-04-01 13:23:49,919 - INFO: Loss: 0.195831
2025-04-01 13:23:49,920 - INFO: Training ROC-AUC: 0.896552
2025-04-01 13:23:49,920 - INFO: Validation ROC-AUC: 0.558596
2025-04-01 13:23:55,576 - INFO: Evaluating at iteration 57615
2025-04-01 13:23:55,771 - INFO: Loss: 0.088283
2025-04-01 13:23:55,771 - INFO: Training ROC-AUC: 0.993590
2025-04-01 13:23:55,771 - INFO: Validation ROC-AUC: 0.559584
2025-04-01 13:24:00,548 - INFO: Starting epoch 25
2025-04-01 13:24:00,561 - INFO: Evaluating at iteration 58033
2025-04-01 13:24:00,750 - INFO: Loss: 0.240221
2025-04-01 13:24:00,750 - INFO: Training ROC-AUC: 0.897436
2025-04-01 13:24:00,750 - INFO: Validation ROC-AUC: 0.566806
2025-04-01 13:24:06,441 - INFO: Evaluating at iteration 58533
2025-04-01 13:24:06,632 - INFO: Loss: 0.116308
2025-04-01 13:24:06,632 - INFO: Training ROC-AUC: 0.955357
2025-04-01 13:24:06,632 - INFO: Validation ROC-AUC: 0.559031
2025-04-01 13:24:12,349 - INFO: Evaluating at iteration 59033
2025-04-01 13:24:12,535 - INFO: Loss: 0.303794
2025-04-01 13:24:12,535 - INFO: Training ROC-AUC: 0.858974
2025-04-01 13:24:12,535 - INFO: Validation ROC-AUC: 0.557732
2025-04-01 13:24:18,298 - INFO: Evaluating at iteration 59533
2025-04-01 13:24:18,490 - INFO: Loss: 0.185214
2025-04-01 13:24:18,490 - INFO: Training ROC-AUC: 0.925926
2025-04-01 13:24:18,490 - INFO: Validation ROC-AUC: 0.555822
2025-04-01 13:24:24,186 - INFO: Evaluating at iteration 60033
2025-04-01 13:24:24,378 - INFO: Loss: 0.100750
2025-04-01 13:24:24,378 - INFO: Training ROC-AUC: 0.988571
2025-04-01 13:24:24,378 - INFO: Validation ROC-AUC: 0.566455
2025-04-01 13:24:29,174 - INFO: Saving model to models/TCRStructMap_cdrs_peptide/model_4.pt
2025-04-01 13:24:29,185 - INFO: Starting fold 5
2025-04-01 13:24:29,208 - INFO: Initialising model
2025-04-01 13:24:29,213 - INFO: Starting training
2025-04-01 13:24:29,213 - INFO: Starting epoch 1
2025-04-01 13:24:29,226 - INFO: Evaluating at iteration 1
2025-04-01 13:24:29,356 - INFO: Loss: 0.704429
2025-04-01 13:24:29,356 - INFO: Training ROC-AUC: 0.264368
2025-04-01 13:24:29,356 - INFO: Validation ROC-AUC: 0.500388
2025-04-01 13:24:34,471 - INFO: Evaluating at iteration 501
2025-04-01 13:24:34,603 - INFO: Loss: 0.489768
2025-04-01 13:24:34,603 - INFO: Training ROC-AUC: 0.410256
2025-04-01 13:24:34,603 - INFO: Validation ROC-AUC: 0.378407
2025-04-01 13:24:39,952 - INFO: Evaluating at iteration 1001
2025-04-01 13:24:40,086 - INFO: Loss: 0.378793
2025-04-01 13:24:40,086 - INFO: Training ROC-AUC: 0.755556
2025-04-01 13:24:40,086 - INFO: Validation ROC-AUC: 0.549621
2025-04-01 13:24:45,415 - INFO: Evaluating at iteration 1501
2025-04-01 13:24:45,548 - INFO: Loss: 0.382767
2025-04-01 13:24:45,548 - INFO: Training ROC-AUC: 0.517857
2025-04-01 13:24:45,548 - INFO: Validation ROC-AUC: 0.641162
2025-04-01 13:24:50,881 - INFO: Evaluating at iteration 2001
2025-04-01 13:24:51,011 - INFO: Loss: 0.372018
2025-04-01 13:24:51,011 - INFO: Training ROC-AUC: 0.837037
2025-04-01 13:24:51,011 - INFO: Validation ROC-AUC: 0.643340
2025-04-01 13:24:56,017 - INFO: Starting epoch 2
2025-04-01 13:24:56,029 - INFO: Evaluating at iteration 2475
2025-04-01 13:24:56,160 - INFO: Loss: 0.278827
2025-04-01 13:24:56,160 - INFO: Training ROC-AUC: 0.747126
2025-04-01 13:24:56,160 - INFO: Validation ROC-AUC: 0.640861
2025-04-01 13:25:01,435 - INFO: Evaluating at iteration 2975
2025-04-01 13:25:01,568 - INFO: Loss: 0.300625
2025-04-01 13:25:01,568 - INFO: Training ROC-AUC: 0.758929
2025-04-01 13:25:01,568 - INFO: Validation ROC-AUC: 0.639893
2025-04-01 13:25:06,800 - INFO: Evaluating at iteration 3475
2025-04-01 13:25:06,940 - INFO: Loss: 0.418646
2025-04-01 13:25:06,940 - INFO: Training ROC-AUC: 0.840580
2025-04-01 13:25:06,940 - INFO: Validation ROC-AUC: 0.644660
2025-04-01 13:25:12,274 - INFO: Evaluating at iteration 3975
2025-04-01 13:25:12,407 - INFO: Loss: 0.249189
2025-04-01 13:25:12,407 - INFO: Training ROC-AUC: 0.955128
2025-04-01 13:25:12,407 - INFO: Validation ROC-AUC: 0.646508
2025-04-01 13:25:17,714 - INFO: Evaluating at iteration 4475
2025-04-01 13:25:17,853 - INFO: Loss: 0.318523
2025-04-01 13:25:17,853 - INFO: Training ROC-AUC: 0.750000
2025-04-01 13:25:17,853 - INFO: Validation ROC-AUC: 0.646156
2025-04-01 13:25:22,872 - INFO: Starting epoch 3
2025-04-01 13:25:22,884 - INFO: Evaluating at iteration 4949
2025-04-01 13:25:23,014 - INFO: Loss: 0.153826
2025-04-01 13:25:23,014 - INFO: Training ROC-AUC: 1.000000
2025-04-01 13:25:23,014 - INFO: Validation ROC-AUC: 0.651448
2025-04-01 13:25:28,289 - INFO: Evaluating at iteration 5449
2025-04-01 13:25:28,422 - INFO: Loss: 0.276155
2025-04-01 13:25:28,422 - INFO: Training ROC-AUC: 0.925926
2025-04-01 13:25:28,422 - INFO: Validation ROC-AUC: 0.650584
2025-04-01 13:25:33,701 - INFO: Evaluating at iteration 5949
2025-04-01 13:25:33,831 - INFO: Loss: 0.290253
2025-04-01 13:25:33,831 - INFO: Training ROC-AUC: 0.937500
2025-04-01 13:25:33,831 - INFO: Validation ROC-AUC: 0.652510
2025-04-01 13:25:39,094 - INFO: Evaluating at iteration 6449
2025-04-01 13:25:39,225 - INFO: Loss: 0.410816
2025-04-01 13:25:39,225 - INFO: Training ROC-AUC: 0.859903
2025-04-01 13:25:39,225 - INFO: Validation ROC-AUC: 0.652498
2025-04-01 13:25:44,511 - INFO: Evaluating at iteration 6949
2025-04-01 13:25:44,644 - INFO: Loss: 0.166390
2025-04-01 13:25:44,644 - INFO: Training ROC-AUC: 0.954023
2025-04-01 13:25:44,644 - INFO: Validation ROC-AUC: 0.652878
2025-04-01 13:25:49,643 - INFO: Starting epoch 4
2025-04-01 13:25:49,658 - INFO: Evaluating at iteration 7423
2025-04-01 13:25:49,789 - INFO: Loss: 0.165781
2025-04-01 13:25:49,790 - INFO: Training ROC-AUC: 0.967949
2025-04-01 13:25:49,790 - INFO: Validation ROC-AUC: 0.655117
2025-04-01 13:25:55,078 - INFO: Evaluating at iteration 7923
2025-04-01 13:25:55,208 - INFO: Loss: 0.275404
2025-04-01 13:25:55,208 - INFO: Training ROC-AUC: 0.942857
2025-04-01 13:25:55,208 - INFO: Validation ROC-AUC: 0.657131
2025-04-01 13:26:00,560 - INFO: Evaluating at iteration 8423
2025-04-01 13:26:00,691 - INFO: Loss: 0.139291
2025-04-01 13:26:00,691 - INFO: Training ROC-AUC: 0.987179
2025-04-01 13:26:00,691 - INFO: Validation ROC-AUC: 0.658165
2025-04-01 13:26:06,112 - INFO: Evaluating at iteration 8923
2025-04-01 13:26:06,243 - INFO: Loss: 0.205508
2025-04-01 13:26:06,243 - INFO: Training ROC-AUC: 0.977143
2025-04-01 13:26:06,243 - INFO: Validation ROC-AUC: 0.658824
2025-04-01 13:26:11,528 - INFO: Evaluating at iteration 9423
2025-04-01 13:26:11,659 - INFO: Loss: 0.180007
2025-04-01 13:26:11,659 - INFO: Training ROC-AUC: 0.919540
2025-04-01 13:26:11,659 - INFO: Validation ROC-AUC: 0.655201
2025-04-01 13:26:16,677 - INFO: Starting epoch 5
2025-04-01 13:26:16,689 - INFO: Evaluating at iteration 9897
2025-04-01 13:26:16,820 - INFO: Loss: 0.252119
2025-04-01 13:26:16,820 - INFO: Training ROC-AUC: 0.919643
2025-04-01 13:26:16,820 - INFO: Validation ROC-AUC: 0.659329
2025-04-01 13:26:22,119 - INFO: Evaluating at iteration 10397
2025-04-01 13:26:22,248 - INFO: Loss: 0.227042
2025-04-01 13:26:22,249 - INFO: Training ROC-AUC: 0.967949
2025-04-01 13:26:22,249 - INFO: Validation ROC-AUC: 0.655622
2025-04-01 13:26:27,513 - INFO: Evaluating at iteration 10897
2025-04-01 13:26:27,642 - INFO: Loss: 0.168514
2025-04-01 13:26:27,642 - INFO: Training ROC-AUC: 0.984375
2025-04-01 13:26:27,642 - INFO: Validation ROC-AUC: 0.664067
2025-04-01 13:26:32,939 - INFO: Evaluating at iteration 11397
2025-04-01 13:26:33,072 - INFO: Loss: 0.218106
2025-04-01 13:26:33,073 - INFO: Training ROC-AUC: 0.881481
2025-04-01 13:26:33,073 - INFO: Validation ROC-AUC: 0.664521
2025-04-01 13:26:38,312 - INFO: Evaluating at iteration 11897
2025-04-01 13:26:38,442 - INFO: Loss: 0.159105
2025-04-01 13:26:38,442 - INFO: Training ROC-AUC: 1.000000
2025-04-01 13:26:38,442 - INFO: Validation ROC-AUC: 0.672887
2025-04-01 13:26:43,467 - INFO: Starting epoch 6
2025-04-01 13:26:43,481 - INFO: Evaluating at iteration 12371
2025-04-01 13:26:43,612 - INFO: Loss: 0.164044
2025-04-01 13:26:43,612 - INFO: Training ROC-AUC: 0.954023
2025-04-01 13:26:43,612 - INFO: Validation ROC-AUC: 0.671564
2025-04-01 13:26:48,926 - INFO: Evaluating at iteration 12871
2025-04-01 13:26:49,057 - INFO: Loss: 0.293524
2025-04-01 13:26:49,057 - INFO: Training ROC-AUC: 0.871795
2025-04-01 13:26:49,057 - INFO: Validation ROC-AUC: 0.672114
2025-04-01 13:26:54,368 - INFO: Evaluating at iteration 13371
2025-04-01 13:26:54,498 - INFO: Loss: 0.235113
2025-04-01 13:26:54,498 - INFO: Training ROC-AUC: 0.942308
2025-04-01 13:26:54,498 - INFO: Validation ROC-AUC: 0.667526
2025-04-01 13:26:59,818 - INFO: Evaluating at iteration 13871
2025-04-01 13:26:59,948 - INFO: Loss: 0.181731
2025-04-01 13:26:59,948 - INFO: Training ROC-AUC: 0.989583
2025-04-01 13:26:59,948 - INFO: Validation ROC-AUC: 0.668705
2025-04-01 13:27:05,252 - INFO: Evaluating at iteration 14371
2025-04-01 13:27:05,385 - INFO: Loss: 0.252396
2025-04-01 13:27:05,385 - INFO: Training ROC-AUC: 0.925926
2025-04-01 13:27:05,385 - INFO: Validation ROC-AUC: 0.672973
2025-04-01 13:27:10,404 - INFO: Starting epoch 7
2025-04-01 13:27:10,416 - INFO: Evaluating at iteration 14845
2025-04-01 13:27:10,546 - INFO: Loss: 0.355956
2025-04-01 13:27:10,546 - INFO: Training ROC-AUC: 0.890909
2025-04-01 13:27:10,546 - INFO: Validation ROC-AUC: 0.674505
2025-04-01 13:27:15,892 - INFO: Evaluating at iteration 15345
2025-04-01 13:27:16,022 - INFO: Loss: 0.216116
2025-04-01 13:27:16,022 - INFO: Training ROC-AUC: 0.937500
2025-04-01 13:27:16,022 - INFO: Validation ROC-AUC: 0.671862
2025-04-01 13:27:21,274 - INFO: Evaluating at iteration 15845
2025-04-01 13:27:21,407 - INFO: Loss: 0.316113
2025-04-01 13:27:21,407 - INFO: Training ROC-AUC: 0.927536
2025-04-01 13:27:21,407 - INFO: Validation ROC-AUC: 0.666791
2025-04-01 13:27:26,706 - INFO: Evaluating at iteration 16345
2025-04-01 13:27:26,836 - INFO: Loss: 0.373335
2025-04-01 13:27:26,836 - INFO: Training ROC-AUC: 0.884058
2025-04-01 13:27:26,836 - INFO: Validation ROC-AUC: 0.675238
2025-04-01 13:27:32,166 - INFO: Evaluating at iteration 16845
2025-04-01 13:27:32,295 - INFO: Loss: 0.220373
2025-04-01 13:27:32,295 - INFO: Training ROC-AUC: 0.961538
2025-04-01 13:27:32,295 - INFO: Validation ROC-AUC: 0.673896
2025-04-01 13:27:37,328 - INFO: Starting epoch 8
2025-04-01 13:27:37,340 - INFO: Evaluating at iteration 17319
2025-04-01 13:27:37,472 - INFO: Loss: 0.332310
2025-04-01 13:27:37,472 - INFO: Training ROC-AUC: 0.884058
2025-04-01 13:27:37,472 - INFO: Validation ROC-AUC: 0.673176
2025-04-01 13:27:42,775 - INFO: Evaluating at iteration 17819
2025-04-01 13:27:42,908 - INFO: Loss: 0.226301
2025-04-01 13:27:42,909 - INFO: Training ROC-AUC: 0.942857
2025-04-01 13:27:42,909 - INFO: Validation ROC-AUC: 0.675005
2025-04-01 13:27:48,252 - INFO: Evaluating at iteration 18319
2025-04-01 13:27:48,386 - INFO: Loss: 0.386307
2025-04-01 13:27:48,386 - INFO: Training ROC-AUC: 0.755556
2025-04-01 13:27:48,386 - INFO: Validation ROC-AUC: 0.673722
2025-04-01 13:27:53,726 - INFO: Evaluating at iteration 18819
2025-04-01 13:27:53,856 - INFO: Loss: 0.380770
2025-04-01 13:27:53,856 - INFO: Training ROC-AUC: 0.869792
2025-04-01 13:27:53,857 - INFO: Validation ROC-AUC: 0.680227
2025-04-01 13:27:59,132 - INFO: Evaluating at iteration 19319
2025-04-01 13:27:59,262 - INFO: Loss: 0.297813
2025-04-01 13:27:59,262 - INFO: Training ROC-AUC: 0.837037
2025-04-01 13:27:59,262 - INFO: Validation ROC-AUC: 0.678035
2025-04-01 13:28:04,309 - INFO: Starting epoch 9
2025-04-01 13:28:04,321 - INFO: Evaluating at iteration 19793
2025-04-01 13:28:04,452 - INFO: Loss: 0.171364
2025-04-01 13:28:04,453 - INFO: Training ROC-AUC: 0.970370
2025-04-01 13:28:04,453 - INFO: Validation ROC-AUC: 0.673645
2025-04-01 13:28:09,790 - INFO: Evaluating at iteration 20293
2025-04-01 13:28:09,924 - INFO: Loss: 0.216922
2025-04-01 13:28:09,924 - INFO: Training ROC-AUC: 0.903704
2025-04-01 13:28:09,924 - INFO: Validation ROC-AUC: 0.674384
2025-04-01 13:28:15,281 - INFO: Evaluating at iteration 20793
2025-04-01 13:28:15,412 - INFO: Loss: 0.266938
2025-04-01 13:28:15,412 - INFO: Training ROC-AUC: 0.920000
2025-04-01 13:28:15,412 - INFO: Validation ROC-AUC: 0.678748
2025-04-01 13:28:20,692 - INFO: Evaluating at iteration 21293
2025-04-01 13:28:20,821 - INFO: Loss: 0.252820
2025-04-01 13:28:20,821 - INFO: Training ROC-AUC: 0.963542
2025-04-01 13:28:20,821 - INFO: Validation ROC-AUC: 0.678028
2025-04-01 13:28:26,136 - INFO: Evaluating at iteration 21793
2025-04-01 13:28:26,267 - INFO: Loss: 0.178437
2025-04-01 13:28:26,267 - INFO: Training ROC-AUC: 0.977011
2025-04-01 13:28:26,267 - INFO: Validation ROC-AUC: 0.674197
2025-04-01 13:28:31,379 - INFO: Starting epoch 10
2025-04-01 13:28:31,390 - INFO: Evaluating at iteration 22267
2025-04-01 13:28:31,520 - INFO: Loss: 0.338429
2025-04-01 13:28:31,520 - INFO: Training ROC-AUC: 0.874286
2025-04-01 13:28:31,520 - INFO: Validation ROC-AUC: 0.677465
2025-04-01 13:28:36,843 - INFO: Evaluating at iteration 22767
2025-04-01 13:28:36,972 - INFO: Loss: 0.293774
2025-04-01 13:28:36,972 - INFO: Training ROC-AUC: 0.794643
2025-04-01 13:28:36,972 - INFO: Validation ROC-AUC: 0.676019
2025-04-01 13:28:42,295 - INFO: Evaluating at iteration 23267
2025-04-01 13:28:42,426 - INFO: Loss: 0.130996
2025-04-01 13:28:42,427 - INFO: Training ROC-AUC: 1.000000
2025-04-01 13:28:42,427 - INFO: Validation ROC-AUC: 0.680189
2025-04-01 13:28:47,795 - INFO: Evaluating at iteration 23767
2025-04-01 13:28:47,926 - INFO: Loss: 0.182782
2025-04-01 13:28:47,926 - INFO: Training ROC-AUC: 0.955128
2025-04-01 13:28:47,926 - INFO: Validation ROC-AUC: 0.676567
2025-04-01 13:28:53,250 - INFO: Evaluating at iteration 24267
2025-04-01 13:28:53,380 - INFO: Loss: 0.273678
2025-04-01 13:28:53,380 - INFO: Training ROC-AUC: 0.942308
2025-04-01 13:28:53,380 - INFO: Validation ROC-AUC: 0.676761
2025-04-01 13:28:58,416 - INFO: Starting epoch 11
2025-04-01 13:28:58,428 - INFO: Evaluating at iteration 24741
2025-04-01 13:28:58,569 - INFO: Loss: 0.280827
2025-04-01 13:28:58,569 - INFO: Training ROC-AUC: 0.902857
2025-04-01 13:28:58,569 - INFO: Validation ROC-AUC: 0.677074
2025-04-01 13:29:03,892 - INFO: Evaluating at iteration 25241
2025-04-01 13:29:04,022 - INFO: Loss: 0.270713
2025-04-01 13:29:04,022 - INFO: Training ROC-AUC: 0.967949
2025-04-01 13:29:04,023 - INFO: Validation ROC-AUC: 0.674619
2025-04-01 13:29:09,347 - INFO: Evaluating at iteration 25741
2025-04-01 13:29:09,482 - INFO: Loss: 0.196476
2025-04-01 13:29:09,482 - INFO: Training ROC-AUC: 0.948148
2025-04-01 13:29:09,482 - INFO: Validation ROC-AUC: 0.673649
2025-04-01 13:29:14,865 - INFO: Evaluating at iteration 26241
2025-04-01 13:29:14,996 - INFO: Loss: 0.257827
2025-04-01 13:29:14,996 - INFO: Training ROC-AUC: 0.866071
2025-04-01 13:29:14,996 - INFO: Validation ROC-AUC: 0.673715
2025-04-01 13:29:20,301 - INFO: Evaluating at iteration 26741
2025-04-01 13:29:20,432 - INFO: Loss: 0.155020
2025-04-01 13:29:20,432 - INFO: Training ROC-AUC: 0.983333
2025-04-01 13:29:20,432 - INFO: Validation ROC-AUC: 0.677844
2025-04-01 13:29:25,480 - INFO: Starting epoch 12
2025-04-01 13:29:25,492 - INFO: Evaluating at iteration 27215
2025-04-01 13:29:25,623 - INFO: Loss: 0.212882
2025-04-01 13:29:25,623 - INFO: Training ROC-AUC: 0.919643
2025-04-01 13:29:25,623 - INFO: Validation ROC-AUC: 0.676311
2025-04-01 13:29:30,989 - INFO: Evaluating at iteration 27715
2025-04-01 13:29:31,120 - INFO: Loss: 0.153366
2025-04-01 13:29:31,120 - INFO: Training ROC-AUC: 1.000000
2025-04-01 13:29:31,120 - INFO: Validation ROC-AUC: 0.674966
2025-04-01 13:29:36,413 - INFO: Evaluating at iteration 28215
2025-04-01 13:29:36,546 - INFO: Loss: 0.250894
2025-04-01 13:29:36,546 - INFO: Training ROC-AUC: 0.977778
2025-04-01 13:29:36,546 - INFO: Validation ROC-AUC: 0.672860
2025-04-01 13:29:41,901 - INFO: Evaluating at iteration 28715
2025-04-01 13:29:42,028 - INFO: Loss: 0.134564
2025-04-01 13:29:42,028 - INFO: Training ROC-AUC: 1.000000
2025-04-01 13:29:42,028 - INFO: Validation ROC-AUC: 0.665458
2025-04-01 13:29:47,337 - INFO: Evaluating at iteration 29215
2025-04-01 13:29:47,468 - INFO: Loss: 0.351693
2025-04-01 13:29:47,468 - INFO: Training ROC-AUC: 0.880000
2025-04-01 13:29:47,468 - INFO: Validation ROC-AUC: 0.674007
2025-04-01 13:29:52,544 - INFO: Starting epoch 13
2025-04-01 13:29:52,556 - INFO: Evaluating at iteration 29689
2025-04-01 13:29:52,689 - INFO: Loss: 0.185134
2025-04-01 13:29:52,689 - INFO: Training ROC-AUC: 0.955556
2025-04-01 13:29:52,689 - INFO: Validation ROC-AUC: 0.677357
2025-04-01 13:29:57,979 - INFO: Evaluating at iteration 30189
2025-04-01 13:29:58,119 - INFO: Loss: 0.193835
2025-04-01 13:29:58,119 - INFO: Training ROC-AUC: 0.928571
2025-04-01 13:29:58,119 - INFO: Validation ROC-AUC: 0.676264
2025-04-01 13:30:03,544 - INFO: Evaluating at iteration 30689
2025-04-01 13:30:03,676 - INFO: Loss: 0.211692
2025-04-01 13:30:03,676 - INFO: Training ROC-AUC: 0.955556
2025-04-01 13:30:03,676 - INFO: Validation ROC-AUC: 0.673371
2025-04-01 13:30:08,998 - INFO: Evaluating at iteration 31189
2025-04-01 13:30:09,127 - INFO: Loss: 0.301687
2025-04-01 13:30:09,127 - INFO: Training ROC-AUC: 0.871795
2025-04-01 13:30:09,127 - INFO: Validation ROC-AUC: 0.677035
2025-04-01 13:30:14,516 - INFO: Evaluating at iteration 31689
2025-04-01 13:30:14,650 - INFO: Loss: 0.210402
2025-04-01 13:30:14,650 - INFO: Training ROC-AUC: 0.955556
2025-04-01 13:30:14,650 - INFO: Validation ROC-AUC: 0.674316
2025-04-01 13:30:19,851 - INFO: Starting epoch 14
2025-04-01 13:30:19,863 - INFO: Evaluating at iteration 32163
2025-04-01 13:30:19,994 - INFO: Loss: 0.199940
2025-04-01 13:30:19,994 - INFO: Training ROC-AUC: 0.935484
2025-04-01 13:30:19,994 - INFO: Validation ROC-AUC: 0.672013
2025-04-01 13:30:25,370 - INFO: Evaluating at iteration 32663
2025-04-01 13:30:25,500 - INFO: Loss: 0.178278
2025-04-01 13:30:25,500 - INFO: Training ROC-AUC: 0.942308
2025-04-01 13:30:25,500 - INFO: Validation ROC-AUC: 0.673114
2025-04-01 13:30:30,896 - INFO: Evaluating at iteration 33163
2025-04-01 13:30:31,027 - INFO: Loss: 0.238462
2025-04-01 13:30:31,027 - INFO: Training ROC-AUC: 0.942308
2025-04-01 13:30:31,027 - INFO: Validation ROC-AUC: 0.672619
2025-04-01 13:30:36,392 - INFO: Evaluating at iteration 33663
2025-04-01 13:30:36,523 - INFO: Loss: 0.107493
2025-04-01 13:30:36,523 - INFO: Training ROC-AUC: 1.000000
2025-04-01 13:30:36,523 - INFO: Validation ROC-AUC: 0.671035
2025-04-01 13:30:41,887 - INFO: Evaluating at iteration 34163
2025-04-01 13:30:42,017 - INFO: Loss: 0.228050
2025-04-01 13:30:42,017 - INFO: Training ROC-AUC: 0.942308
2025-04-01 13:30:42,017 - INFO: Validation ROC-AUC: 0.673762
2025-04-01 13:30:47,117 - INFO: Starting epoch 15
2025-04-01 13:30:47,129 - INFO: Evaluating at iteration 34637
2025-04-01 13:30:47,260 - INFO: Loss: 0.118605
2025-04-01 13:30:47,260 - INFO: Training ROC-AUC: 1.000000
2025-04-01 13:30:47,260 - INFO: Validation ROC-AUC: 0.676609
2025-04-01 13:30:52,685 - INFO: Evaluating at iteration 35137
2025-04-01 13:30:52,816 - INFO: Loss: 0.350949
2025-04-01 13:30:52,816 - INFO: Training ROC-AUC: 0.892857
2025-04-01 13:30:52,816 - INFO: Validation ROC-AUC: 0.669578
2025-04-01 13:30:58,172 - INFO: Evaluating at iteration 35637
2025-04-01 13:30:58,303 - INFO: Loss: 0.270592
2025-04-01 13:30:58,304 - INFO: Training ROC-AUC: 0.874074
2025-04-01 13:30:58,304 - INFO: Validation ROC-AUC: 0.669949
2025-04-01 13:31:03,728 - INFO: Evaluating at iteration 36137
2025-04-01 13:31:03,861 - INFO: Loss: 0.151622
2025-04-01 13:31:03,861 - INFO: Training ROC-AUC: 0.954023
2025-04-01 13:31:03,861 - INFO: Validation ROC-AUC: 0.669753
2025-04-01 13:31:09,238 - INFO: Evaluating at iteration 36637
2025-04-01 13:31:09,369 - INFO: Loss: 0.150108
2025-04-01 13:31:09,369 - INFO: Training ROC-AUC: 0.977778
2025-04-01 13:31:09,369 - INFO: Validation ROC-AUC: 0.676678
2025-04-01 13:31:14,606 - INFO: Starting epoch 16
2025-04-01 13:31:14,618 - INFO: Evaluating at iteration 37111
2025-04-01 13:31:14,750 - INFO: Loss: 0.253862
2025-04-01 13:31:14,750 - INFO: Training ROC-AUC: 0.903704
2025-04-01 13:31:14,750 - INFO: Validation ROC-AUC: 0.675112
2025-04-01 13:31:20,160 - INFO: Evaluating at iteration 37611
2025-04-01 13:31:20,290 - INFO: Loss: 0.188694
2025-04-01 13:31:20,290 - INFO: Training ROC-AUC: 0.896552
2025-04-01 13:31:20,290 - INFO: Validation ROC-AUC: 0.674955
2025-04-01 13:31:25,700 - INFO: Evaluating at iteration 38111
2025-04-01 13:31:25,832 - INFO: Loss: 0.187372
2025-04-01 13:31:25,832 - INFO: Training ROC-AUC: 0.982857
2025-04-01 13:31:25,832 - INFO: Validation ROC-AUC: 0.675378
2025-04-01 13:31:31,291 - INFO: Evaluating at iteration 38611
2025-04-01 13:31:31,425 - INFO: Loss: 0.090269
2025-04-01 13:31:31,425 - INFO: Training ROC-AUC: 0.992593
2025-04-01 13:31:31,425 - INFO: Validation ROC-AUC: 0.675218
2025-04-01 13:31:36,924 - INFO: Evaluating at iteration 39111
2025-04-01 13:31:37,058 - INFO: Loss: 0.254538
2025-04-01 13:31:37,058 - INFO: Training ROC-AUC: 0.969697
2025-04-01 13:31:37,058 - INFO: Validation ROC-AUC: 0.670603
2025-04-01 13:31:42,219 - INFO: Starting epoch 17
2025-04-01 13:31:42,231 - INFO: Evaluating at iteration 39585
2025-04-01 13:31:42,362 - INFO: Loss: 0.159969
2025-04-01 13:31:42,362 - INFO: Training ROC-AUC: 0.988571
2025-04-01 13:31:42,362 - INFO: Validation ROC-AUC: 0.675310
2025-04-01 13:31:47,845 - INFO: Evaluating at iteration 40085
2025-04-01 13:31:47,975 - INFO: Loss: 0.203192
2025-04-01 13:31:47,975 - INFO: Training ROC-AUC: 0.968750
2025-04-01 13:31:47,975 - INFO: Validation ROC-AUC: 0.667526
2025-04-01 13:31:53,440 - INFO: Evaluating at iteration 40585
2025-04-01 13:31:53,575 - INFO: Loss: 0.214716
2025-04-01 13:31:53,575 - INFO: Training ROC-AUC: 0.961538
2025-04-01 13:31:53,575 - INFO: Validation ROC-AUC: 0.668950
2025-04-01 13:31:59,064 - INFO: Evaluating at iteration 41085
2025-04-01 13:31:59,194 - INFO: Loss: 0.148191
2025-04-01 13:31:59,194 - INFO: Training ROC-AUC: 1.000000
2025-04-01 13:31:59,194 - INFO: Validation ROC-AUC: 0.668589
2025-04-01 13:32:04,650 - INFO: Evaluating at iteration 41585
2025-04-01 13:32:04,779 - INFO: Loss: 0.265756
2025-04-01 13:32:04,779 - INFO: Training ROC-AUC: 0.803571
2025-04-01 13:32:04,779 - INFO: Validation ROC-AUC: 0.674515
2025-04-01 13:32:09,925 - INFO: Starting epoch 18
2025-04-01 13:32:09,937 - INFO: Evaluating at iteration 42059
2025-04-01 13:32:10,068 - INFO: Loss: 0.176122
2025-04-01 13:32:10,068 - INFO: Training ROC-AUC: 0.980676
2025-04-01 13:32:10,068 - INFO: Validation ROC-AUC: 0.677389
2025-04-01 13:32:15,616 - INFO: Evaluating at iteration 42559
2025-04-01 13:32:15,750 - INFO: Loss: 0.304081
2025-04-01 13:32:15,750 - INFO: Training ROC-AUC: 0.885714
2025-04-01 13:32:15,750 - INFO: Validation ROC-AUC: 0.680206
2025-04-01 13:32:21,173 - INFO: Evaluating at iteration 43059
2025-04-01 13:32:21,303 - INFO: Loss: 0.108472
2025-04-01 13:32:21,303 - INFO: Training ROC-AUC: 1.000000
2025-04-01 13:32:21,303 - INFO: Validation ROC-AUC: 0.678252
2025-04-01 13:32:26,852 - INFO: Evaluating at iteration 43559
2025-04-01 13:32:26,983 - INFO: Loss: 0.220472
2025-04-01 13:32:26,983 - INFO: Training ROC-AUC: 0.940741
2025-04-01 13:32:26,983 - INFO: Validation ROC-AUC: 0.675666
2025-04-01 13:32:32,498 - INFO: Evaluating at iteration 44059
2025-04-01 13:32:32,628 - INFO: Loss: 0.196726
2025-04-01 13:32:32,628 - INFO: Training ROC-AUC: 1.000000
2025-04-01 13:32:32,628 - INFO: Validation ROC-AUC: 0.673664
2025-04-01 13:32:37,853 - INFO: Starting epoch 19
2025-04-01 13:32:37,866 - INFO: Evaluating at iteration 44533
2025-04-01 13:32:37,997 - INFO: Loss: 0.117717
2025-04-01 13:32:37,997 - INFO: Training ROC-AUC: 0.954023
2025-04-01 13:32:37,997 - INFO: Validation ROC-AUC: 0.675148
2025-04-01 13:32:43,511 - INFO: Evaluating at iteration 45033
2025-04-01 13:32:43,642 - INFO: Loss: 0.225338
2025-04-01 13:32:43,642 - INFO: Training ROC-AUC: 1.000000
2025-04-01 13:32:43,642 - INFO: Validation ROC-AUC: 0.674846
2025-04-01 13:32:49,198 - INFO: Evaluating at iteration 45533
2025-04-01 13:32:49,329 - INFO: Loss: 0.164995
2025-04-01 13:32:49,330 - INFO: Training ROC-AUC: 0.967949
2025-04-01 13:32:49,330 - INFO: Validation ROC-AUC: 0.673515
2025-04-01 13:32:54,858 - INFO: Evaluating at iteration 46033
2025-04-01 13:32:54,990 - INFO: Loss: 0.100809
2025-04-01 13:32:54,990 - INFO: Training ROC-AUC: 0.988506
2025-04-01 13:32:54,990 - INFO: Validation ROC-AUC: 0.675532
2025-04-01 13:33:00,586 - INFO: Evaluating at iteration 46533
2025-04-01 13:33:00,718 - INFO: Loss: 0.200289
2025-04-01 13:33:00,719 - INFO: Training ROC-AUC: 0.937500
2025-04-01 13:33:00,719 - INFO: Validation ROC-AUC: 0.672760
2025-04-01 13:33:05,984 - INFO: Starting epoch 20
2025-04-01 13:33:05,997 - INFO: Evaluating at iteration 47007
2025-04-01 13:33:06,131 - INFO: Loss: 0.175538
2025-04-01 13:33:06,131 - INFO: Training ROC-AUC: 0.970370
2025-04-01 13:33:06,131 - INFO: Validation ROC-AUC: 0.676397
2025-04-01 13:33:11,793 - INFO: Evaluating at iteration 47507
2025-04-01 13:33:11,923 - INFO: Loss: 0.071145
2025-04-01 13:33:11,923 - INFO: Training ROC-AUC: 1.000000
2025-04-01 13:33:11,923 - INFO: Validation ROC-AUC: 0.677297
2025-04-01 13:33:17,501 - INFO: Evaluating at iteration 48007
2025-04-01 13:33:17,631 - INFO: Loss: 0.096544
2025-04-01 13:33:17,631 - INFO: Training ROC-AUC: 0.991071
2025-04-01 13:33:17,631 - INFO: Validation ROC-AUC: 0.670570
2025-04-01 13:33:23,208 - INFO: Evaluating at iteration 48507
2025-04-01 13:33:23,341 - INFO: Loss: 0.126808
2025-04-01 13:33:23,341 - INFO: Training ROC-AUC: 0.965517
2025-04-01 13:33:23,341 - INFO: Validation ROC-AUC: 0.668939
2025-04-01 13:33:29,025 - INFO: Evaluating at iteration 49007
2025-04-01 13:33:29,159 - INFO: Loss: 0.306059
2025-04-01 13:33:29,159 - INFO: Training ROC-AUC: 0.925714
2025-04-01 13:33:29,159 - INFO: Validation ROC-AUC: 0.671659
2025-04-01 13:33:34,447 - INFO: Starting epoch 21
2025-04-01 13:33:34,459 - INFO: Evaluating at iteration 49481
2025-04-01 13:33:34,590 - INFO: Loss: 0.125080
2025-04-01 13:33:34,591 - INFO: Training ROC-AUC: 0.991071
2025-04-01 13:33:34,591 - INFO: Validation ROC-AUC: 0.675513
2025-04-01 13:33:40,193 - INFO: Evaluating at iteration 49981
2025-04-01 13:33:40,323 - INFO: Loss: 0.263059
2025-04-01 13:33:40,323 - INFO: Training ROC-AUC: 0.830357
2025-04-01 13:33:40,323 - INFO: Validation ROC-AUC: 0.674393
2025-04-01 13:33:45,989 - INFO: Evaluating at iteration 50481
2025-04-01 13:33:46,120 - INFO: Loss: 0.170467
2025-04-01 13:33:46,120 - INFO: Training ROC-AUC: 0.948148
2025-04-01 13:33:46,120 - INFO: Validation ROC-AUC: 0.670211
2025-04-01 13:33:51,694 - INFO: Evaluating at iteration 50981
2025-04-01 13:33:51,825 - INFO: Loss: 0.151228
2025-04-01 13:33:51,825 - INFO: Training ROC-AUC: 0.955357
2025-04-01 13:33:51,825 - INFO: Validation ROC-AUC: 0.673832
2025-04-01 13:33:57,401 - INFO: Evaluating at iteration 51481
2025-04-01 13:33:57,535 - INFO: Loss: 0.211244
2025-04-01 13:33:57,535 - INFO: Training ROC-AUC: 0.961538
2025-04-01 13:33:57,535 - INFO: Validation ROC-AUC: 0.676363
2025-04-01 13:34:02,846 - INFO: Starting epoch 22
2025-04-01 13:34:02,859 - INFO: Evaluating at iteration 51955
2025-04-01 13:34:02,994 - INFO: Loss: 0.133633
2025-04-01 13:34:02,994 - INFO: Training ROC-AUC: 1.000000
2025-04-01 13:34:02,994 - INFO: Validation ROC-AUC: 0.680733
2025-04-01 13:34:08,659 - INFO: Evaluating at iteration 52455
2025-04-01 13:34:08,791 - INFO: Loss: 0.121494
2025-04-01 13:34:08,791 - INFO: Training ROC-AUC: 0.977011
2025-04-01 13:34:08,791 - INFO: Validation ROC-AUC: 0.678547
2025-04-01 13:34:14,398 - INFO: Evaluating at iteration 52955
2025-04-01 13:34:14,529 - INFO: Loss: 0.156643
2025-04-01 13:34:14,530 - INFO: Training ROC-AUC: 0.988571
2025-04-01 13:34:14,530 - INFO: Validation ROC-AUC: 0.675834
2025-04-01 13:34:20,196 - INFO: Evaluating at iteration 53455
2025-04-01 13:34:20,330 - INFO: Loss: 0.187864
2025-04-01 13:34:20,330 - INFO: Training ROC-AUC: 0.980769
2025-04-01 13:34:20,330 - INFO: Validation ROC-AUC: 0.675525
2025-04-01 13:34:26,049 - INFO: Evaluating at iteration 53955
2025-04-01 13:34:26,183 - INFO: Loss: 0.158083
2025-04-01 13:34:26,183 - INFO: Training ROC-AUC: 0.995169
2025-04-01 13:34:26,183 - INFO: Validation ROC-AUC: 0.672791
2025-04-01 13:34:31,577 - INFO: Starting epoch 23
2025-04-01 13:34:31,589 - INFO: Evaluating at iteration 54429
2025-04-01 13:34:31,720 - INFO: Loss: 0.177726
2025-04-01 13:34:31,720 - INFO: Training ROC-AUC: 0.965714
2025-04-01 13:34:31,720 - INFO: Validation ROC-AUC: 0.673587
2025-04-01 13:34:37,348 - INFO: Evaluating at iteration 54929
2025-04-01 13:34:37,479 - INFO: Loss: 0.217886
2025-04-01 13:34:37,479 - INFO: Training ROC-AUC: 0.940741
2025-04-01 13:34:37,479 - INFO: Validation ROC-AUC: 0.673018
2025-04-01 13:34:43,105 - INFO: Evaluating at iteration 55429
2025-04-01 13:34:43,242 - INFO: Loss: 0.099006
2025-04-01 13:34:43,242 - INFO: Training ROC-AUC: 0.982143
2025-04-01 13:34:43,242 - INFO: Validation ROC-AUC: 0.674498
2025-04-01 13:34:48,886 - INFO: Evaluating at iteration 55929
2025-04-01 13:34:49,018 - INFO: Loss: 0.136644
2025-04-01 13:34:49,018 - INFO: Training ROC-AUC: 0.985185
2025-04-01 13:34:49,018 - INFO: Validation ROC-AUC: 0.676696
2025-04-01 13:34:54,631 - INFO: Evaluating at iteration 56429
2025-04-01 13:34:54,763 - INFO: Loss: 0.145568
2025-04-01 13:34:54,763 - INFO: Training ROC-AUC: 0.973214
2025-04-01 13:34:54,763 - INFO: Validation ROC-AUC: 0.676308
2025-04-01 13:35:00,184 - INFO: Starting epoch 24
2025-04-01 13:35:00,197 - INFO: Evaluating at iteration 56903
2025-04-01 13:35:00,333 - INFO: Loss: 0.120010
2025-04-01 13:35:00,333 - INFO: Training ROC-AUC: 0.942529
2025-04-01 13:35:00,333 - INFO: Validation ROC-AUC: 0.678772
2025-04-01 13:35:05,979 - INFO: Evaluating at iteration 57403
2025-04-01 13:35:06,111 - INFO: Loss: 0.092730
2025-04-01 13:35:06,111 - INFO: Training ROC-AUC: 1.000000
2025-04-01 13:35:06,111 - INFO: Validation ROC-AUC: 0.678520
2025-04-01 13:35:11,766 - INFO: Evaluating at iteration 57903
2025-04-01 13:35:11,897 - INFO: Loss: 0.307443
2025-04-01 13:35:11,897 - INFO: Training ROC-AUC: 0.871795
2025-04-01 13:35:11,897 - INFO: Validation ROC-AUC: 0.680233
2025-04-01 13:35:17,679 - INFO: Evaluating at iteration 58403
2025-04-01 13:35:17,811 - INFO: Loss: 0.105677
2025-04-01 13:35:17,811 - INFO: Training ROC-AUC: 1.000000
2025-04-01 13:35:17,811 - INFO: Validation ROC-AUC: 0.678154
2025-04-01 13:35:23,469 - INFO: Evaluating at iteration 58903
2025-04-01 13:35:23,600 - INFO: Loss: 0.144150
2025-04-01 13:35:23,600 - INFO: Training ROC-AUC: 0.992593
2025-04-01 13:35:23,600 - INFO: Validation ROC-AUC: 0.678415
2025-04-01 13:35:28,976 - INFO: Starting epoch 25
2025-04-01 13:35:28,990 - INFO: Evaluating at iteration 59377
2025-04-01 13:35:29,121 - INFO: Loss: 0.089512
2025-04-01 13:35:29,121 - INFO: Training ROC-AUC: 0.987179
2025-04-01 13:35:29,122 - INFO: Validation ROC-AUC: 0.675611
2025-04-01 13:35:34,810 - INFO: Evaluating at iteration 59877
2025-04-01 13:35:34,944 - INFO: Loss: 0.148508
2025-04-01 13:35:34,944 - INFO: Training ROC-AUC: 0.946429
2025-04-01 13:35:34,944 - INFO: Validation ROC-AUC: 0.678360
2025-04-01 13:35:40,716 - INFO: Evaluating at iteration 60377
2025-04-01 13:35:40,850 - INFO: Loss: 0.092026
2025-04-01 13:35:40,850 - INFO: Training ROC-AUC: 0.988506
2025-04-01 13:35:40,850 - INFO: Validation ROC-AUC: 0.674701
2025-04-01 13:35:46,604 - INFO: Evaluating at iteration 60877
2025-04-01 13:35:46,736 - INFO: Loss: 0.111343
2025-04-01 13:35:46,737 - INFO: Training ROC-AUC: 0.985185
2025-04-01 13:35:46,737 - INFO: Validation ROC-AUC: 0.677415
2025-04-01 13:35:52,330 - INFO: Evaluating at iteration 61377
2025-04-01 13:35:52,461 - INFO: Loss: 0.289920
2025-04-01 13:35:52,461 - INFO: Training ROC-AUC: 0.903846
2025-04-01 13:35:52,461 - INFO: Validation ROC-AUC: 0.681838
2025-04-01 13:35:57,796 - INFO: Saving model to models/TCRStructMap_cdrs_peptide/model_5.pt
