2026-01-08 17:39:51,157 - INFO: Parameter: training_data='data/processed/sequences_peptide_split.h5'
2026-01-08 17:39:51,157 - INFO: Parameter: contact_maps=None
2026-01-08 17:39:51,157 - INFO: Parameter: output='models/TCRStructMap_peptide_split_sequence_only'
2026-01-08 17:39:51,157 - INFO: Parameter: seed=123
2026-01-08 17:39:51,157 - INFO: Parameter: features_to_include='all'
2026-01-08 17:39:51,157 - INFO: Parameter: cdr1_alpha_length=8
2026-01-08 17:39:51,157 - INFO: Parameter: cdr2_alpha_length=8
2026-01-08 17:39:51,158 - INFO: Parameter: cdr3_alpha_length=24
2026-01-08 17:39:51,158 - INFO: Parameter: cdr1_beta_length=8
2026-01-08 17:39:51,158 - INFO: Parameter: cdr2_beta_length=8
2026-01-08 17:39:51,158 - INFO: Parameter: cdr3_beta_length=24
2026-01-08 17:39:51,158 - INFO: Parameter: peptide_length=12
2026-01-08 17:39:51,158 - INFO: Parameter: mhc_pseudo_length=26
2026-01-08 17:39:51,158 - INFO: Parameter: batch_size=32
2026-01-08 17:39:51,158 - INFO: Parameter: num_epochs=25
2026-01-08 17:39:51,158 - INFO: Parameter: learning_rate=0.001
2026-01-08 17:39:51,158 - INFO: Parameter: drop_out_rate=0.2
2026-01-08 17:39:51,158 - INFO: Parameter: learn_contact_maps=False
2026-01-08 17:39:51,158 - INFO: Parameter: checkpoint_interval=1000
2026-01-08 17:39:51,158 - INFO: Parameter: eval_interval=500
2026-01-08 17:39:51,158 - INFO: Parameter: eval_batch_size=1000
2026-01-08 17:39:51,158 - INFO: Parameter: log_level='info'
2026-01-08 17:39:51,158 - INFO: Parameter: log_file='data/logs/train_TCRStructMap_peptide_split_sequence_only.log'
2026-01-08 17:39:51,158 - INFO: Setting random seed to 123
2026-01-08 17:39:51,159 - INFO: Loading training data from data/processed/sequences_peptide_split.h5
2026-01-08 17:39:51,815 - INFO: Creating models/TCRStructMap_peptide_split_sequence_only
2026-01-08 17:39:51,819 - INFO: Starting fold 1
2026-01-08 17:39:51,981 - INFO: Initialising model
2026-01-08 17:40:03,120 - INFO: Starting training
2026-01-08 17:40:03,120 - INFO: Starting epoch 1
2026-01-08 17:40:03,178 - INFO: Evaluating at iteration 1
2026-01-08 17:40:04,825 - INFO: Loss: 0.694564
2026-01-08 17:40:04,826 - INFO: Training ROC-AUC: 0.747126
2026-01-08 17:40:04,826 - INFO: Validation ROC-AUC: 0.491322
2026-01-08 17:40:17,032 - INFO: Evaluating at iteration 501
2026-01-08 17:40:18,669 - INFO: Loss: 0.464830
2026-01-08 17:40:18,669 - INFO: Training ROC-AUC: 0.673077
2026-01-08 17:40:18,669 - INFO: Validation ROC-AUC: 0.544012
2026-01-08 17:40:31,050 - INFO: Evaluating at iteration 1001
2026-01-08 17:40:32,655 - INFO: Loss: 0.251564
2026-01-08 17:40:32,659 - INFO: Training ROC-AUC: 0.770115
2026-01-08 17:40:32,659 - INFO: Validation ROC-AUC: 0.631812
2026-01-08 17:40:45,393 - INFO: Evaluating at iteration 1501
2026-01-08 17:40:46,980 - INFO: Loss: 0.486056
2026-01-08 17:40:46,980 - INFO: Training ROC-AUC: 0.800000
2026-01-08 17:40:46,980 - INFO: Validation ROC-AUC: 0.646736
2026-01-08 17:40:59,177 - INFO: Starting epoch 2
2026-01-08 17:40:59,207 - INFO: Evaluating at iteration 2001
2026-01-08 17:41:00,767 - INFO: Loss: 0.389999
2026-01-08 17:41:00,767 - INFO: Training ROC-AUC: 0.794286
2026-01-08 17:41:00,767 - INFO: Validation ROC-AUC: 0.645650
2026-01-08 17:41:13,440 - INFO: Evaluating at iteration 2501
2026-01-08 17:41:14,976 - INFO: Loss: 0.446209
2026-01-08 17:41:14,976 - INFO: Training ROC-AUC: 0.771429
2026-01-08 17:41:14,977 - INFO: Validation ROC-AUC: 0.634534
2026-01-08 17:41:27,846 - INFO: Evaluating at iteration 3001
2026-01-08 17:41:29,381 - INFO: Loss: 0.255600
2026-01-08 17:41:29,381 - INFO: Training ROC-AUC: 0.812500
2026-01-08 17:41:29,381 - INFO: Validation ROC-AUC: 0.652003
2026-01-08 17:41:42,275 - INFO: Evaluating at iteration 3501
2026-01-08 17:41:43,843 - INFO: Loss: 0.271142
2026-01-08 17:41:43,843 - INFO: Training ROC-AUC: 0.896296
2026-01-08 17:41:43,843 - INFO: Validation ROC-AUC: 0.652599
2026-01-08 17:41:56,427 - INFO: Starting epoch 3
2026-01-08 17:41:56,452 - INFO: Evaluating at iteration 4001
2026-01-08 17:41:58,010 - INFO: Loss: 0.301719
2026-01-08 17:41:58,010 - INFO: Training ROC-AUC: 0.837037
2026-01-08 17:41:58,010 - INFO: Validation ROC-AUC: 0.654441
2026-01-08 17:42:10,320 - INFO: Evaluating at iteration 4501
2026-01-08 17:42:11,897 - INFO: Loss: 0.369066
2026-01-08 17:42:11,897 - INFO: Training ROC-AUC: 0.723214
2026-01-08 17:42:11,897 - INFO: Validation ROC-AUC: 0.654742
2026-01-08 17:42:24,895 - INFO: Evaluating at iteration 5001
2026-01-08 17:42:26,473 - INFO: Loss: 0.256172
2026-01-08 17:42:26,473 - INFO: Training ROC-AUC: 0.816092
2026-01-08 17:42:26,473 - INFO: Validation ROC-AUC: 0.668885
2026-01-08 17:42:39,500 - INFO: Evaluating at iteration 5501
2026-01-08 17:42:41,069 - INFO: Loss: 0.275573
2026-01-08 17:42:41,069 - INFO: Training ROC-AUC: 0.844444
2026-01-08 17:42:41,069 - INFO: Validation ROC-AUC: 0.672079
2026-01-08 17:42:53,635 - INFO: Starting epoch 4
2026-01-08 17:42:53,661 - INFO: Evaluating at iteration 6001
2026-01-08 17:42:55,206 - INFO: Loss: 0.219947
2026-01-08 17:42:55,206 - INFO: Training ROC-AUC: 1.000000
2026-01-08 17:42:55,206 - INFO: Validation ROC-AUC: 0.685239
2026-01-08 17:43:07,859 - INFO: Evaluating at iteration 6501
2026-01-08 17:43:09,420 - INFO: Loss: 0.215862
2026-01-08 17:43:09,420 - INFO: Training ROC-AUC: 0.910714
2026-01-08 17:43:09,420 - INFO: Validation ROC-AUC: 0.689851
2026-01-08 17:43:22,263 - INFO: Evaluating at iteration 7001
2026-01-08 17:43:23,832 - INFO: Loss: 0.264958
2026-01-08 17:43:23,833 - INFO: Training ROC-AUC: 0.940741
2026-01-08 17:43:23,833 - INFO: Validation ROC-AUC: 0.701239
2026-01-08 17:43:37,074 - INFO: Evaluating at iteration 7501
2026-01-08 17:43:38,642 - INFO: Loss: 0.407307
2026-01-08 17:43:38,642 - INFO: Training ROC-AUC: 0.775641
2026-01-08 17:43:38,642 - INFO: Validation ROC-AUC: 0.713807
2026-01-08 17:43:51,732 - INFO: Starting epoch 5
2026-01-08 17:43:51,758 - INFO: Evaluating at iteration 8001
2026-01-08 17:43:53,322 - INFO: Loss: 0.163766
2026-01-08 17:43:53,322 - INFO: Training ROC-AUC: 0.977011
2026-01-08 17:43:53,322 - INFO: Validation ROC-AUC: 0.711437
2026-01-08 17:44:06,290 - INFO: Evaluating at iteration 8501
2026-01-08 17:44:07,799 - INFO: Loss: 0.308485
2026-01-08 17:44:07,799 - INFO: Training ROC-AUC: 0.963542
2026-01-08 17:44:07,799 - INFO: Validation ROC-AUC: 0.724150
2026-01-08 17:44:20,434 - INFO: Evaluating at iteration 9001
2026-01-08 17:44:22,003 - INFO: Loss: 0.427803
2026-01-08 17:44:22,003 - INFO: Training ROC-AUC: 0.788462
2026-01-08 17:44:22,003 - INFO: Validation ROC-AUC: 0.725514
2026-01-08 17:44:34,594 - INFO: Evaluating at iteration 9501
2026-01-08 17:44:36,135 - INFO: Loss: 0.182386
2026-01-08 17:44:36,135 - INFO: Training ROC-AUC: 0.942529
2026-01-08 17:44:36,135 - INFO: Validation ROC-AUC: 0.745738
2026-01-08 17:44:48,841 - INFO: Starting epoch 6
2026-01-08 17:44:48,868 - INFO: Evaluating at iteration 10001
2026-01-08 17:44:50,455 - INFO: Loss: 0.386380
2026-01-08 17:44:50,455 - INFO: Training ROC-AUC: 0.916667
2026-01-08 17:44:50,455 - INFO: Validation ROC-AUC: 0.749240
2026-01-08 17:45:03,351 - INFO: Evaluating at iteration 10501
2026-01-08 17:45:04,926 - INFO: Loss: 0.320799
2026-01-08 17:45:04,926 - INFO: Training ROC-AUC: 0.932292
2026-01-08 17:45:04,926 - INFO: Validation ROC-AUC: 0.742010
2026-01-08 17:45:17,887 - INFO: Evaluating at iteration 11001
2026-01-08 17:45:19,504 - INFO: Loss: 0.211043
2026-01-08 17:45:19,504 - INFO: Training ROC-AUC: 0.827586
2026-01-08 17:45:19,504 - INFO: Validation ROC-AUC: 0.741732
2026-01-08 17:45:32,312 - INFO: Evaluating at iteration 11501
2026-01-08 17:45:33,846 - INFO: Loss: 0.204123
2026-01-08 17:45:33,846 - INFO: Training ROC-AUC: 0.977011
2026-01-08 17:45:33,846 - INFO: Validation ROC-AUC: 0.760577
2026-01-08 17:45:46,247 - INFO: Starting epoch 7
2026-01-08 17:45:46,272 - INFO: Evaluating at iteration 12001
2026-01-08 17:45:47,818 - INFO: Loss: 0.219749
2026-01-08 17:45:47,818 - INFO: Training ROC-AUC: 0.896552
2026-01-08 17:45:47,818 - INFO: Validation ROC-AUC: 0.744699
2026-01-08 17:46:00,320 - INFO: Evaluating at iteration 12501
2026-01-08 17:46:01,864 - INFO: Loss: 0.356543
2026-01-08 17:46:01,864 - INFO: Training ROC-AUC: 0.845714
2026-01-08 17:46:01,864 - INFO: Validation ROC-AUC: 0.743279
2026-01-08 17:46:14,856 - INFO: Evaluating at iteration 13001
2026-01-08 17:46:16,419 - INFO: Loss: 0.300247
2026-01-08 17:46:16,419 - INFO: Training ROC-AUC: 0.812500
2026-01-08 17:46:16,419 - INFO: Validation ROC-AUC: 0.761958
2026-01-08 17:46:28,962 - INFO: Evaluating at iteration 13501
2026-01-08 17:46:30,514 - INFO: Loss: 0.214266
2026-01-08 17:46:30,515 - INFO: Training ROC-AUC: 0.987179
2026-01-08 17:46:30,515 - INFO: Validation ROC-AUC: 0.758452
2026-01-08 17:46:42,872 - INFO: Starting epoch 8
2026-01-08 17:46:42,897 - INFO: Evaluating at iteration 14001
2026-01-08 17:46:44,456 - INFO: Loss: 0.215268
2026-01-08 17:46:44,456 - INFO: Training ROC-AUC: 0.901786
2026-01-08 17:46:44,456 - INFO: Validation ROC-AUC: 0.783802
2026-01-08 17:46:56,986 - INFO: Evaluating at iteration 14501
2026-01-08 17:46:58,534 - INFO: Loss: 0.209903
2026-01-08 17:46:58,534 - INFO: Training ROC-AUC: 0.910714
2026-01-08 17:46:58,534 - INFO: Validation ROC-AUC: 0.782670
2026-01-08 17:47:10,987 - INFO: Evaluating at iteration 15001
2026-01-08 17:47:12,533 - INFO: Loss: 0.086255
2026-01-08 17:47:12,533 - INFO: Training ROC-AUC: 1.000000
2026-01-08 17:47:12,533 - INFO: Validation ROC-AUC: 0.756023
2026-01-08 17:47:25,226 - INFO: Evaluating at iteration 15501
2026-01-08 17:47:26,788 - INFO: Loss: 0.156974
2026-01-08 17:47:26,788 - INFO: Training ROC-AUC: 0.900000
2026-01-08 17:47:26,788 - INFO: Validation ROC-AUC: 0.747630
2026-01-08 17:47:39,852 - INFO: Starting epoch 9
2026-01-08 17:47:39,878 - INFO: Evaluating at iteration 16001
2026-01-08 17:47:41,420 - INFO: Loss: 0.496369
2026-01-08 17:47:41,420 - INFO: Training ROC-AUC: 0.925000
2026-01-08 17:47:41,420 - INFO: Validation ROC-AUC: 0.748148
2026-01-08 17:47:54,248 - INFO: Evaluating at iteration 16501
2026-01-08 17:47:55,826 - INFO: Loss: 0.247315
2026-01-08 17:47:55,826 - INFO: Training ROC-AUC: 0.925926
2026-01-08 17:47:55,826 - INFO: Validation ROC-AUC: 0.762705
2026-01-08 17:48:08,542 - INFO: Evaluating at iteration 17001
2026-01-08 17:48:10,140 - INFO: Loss: 0.119917
2026-01-08 17:48:10,140 - INFO: Training ROC-AUC: 1.000000
2026-01-08 17:48:10,140 - INFO: Validation ROC-AUC: 0.769597
2026-01-08 17:48:22,869 - INFO: Evaluating at iteration 17501
2026-01-08 17:48:24,454 - INFO: Loss: 0.303913
2026-01-08 17:48:24,454 - INFO: Training ROC-AUC: 0.942308
2026-01-08 17:48:24,454 - INFO: Validation ROC-AUC: 0.765209
2026-01-08 17:48:37,223 - INFO: Starting epoch 10
2026-01-08 17:48:37,253 - INFO: Evaluating at iteration 18001
2026-01-08 17:48:38,789 - INFO: Loss: 0.186550
2026-01-08 17:48:38,789 - INFO: Training ROC-AUC: 0.967949
2026-01-08 17:48:38,789 - INFO: Validation ROC-AUC: 0.770453
2026-01-08 17:48:52,059 - INFO: Evaluating at iteration 18501
2026-01-08 17:48:53,613 - INFO: Loss: 0.186383
2026-01-08 17:48:53,613 - INFO: Training ROC-AUC: 0.929487
2026-01-08 17:48:53,613 - INFO: Validation ROC-AUC: 0.763782
2026-01-08 17:49:06,298 - INFO: Evaluating at iteration 19001
2026-01-08 17:49:07,854 - INFO: Loss: 0.217386
2026-01-08 17:49:07,854 - INFO: Training ROC-AUC: 0.977143
2026-01-08 17:49:07,854 - INFO: Validation ROC-AUC: 0.767948
2026-01-08 17:49:20,514 - INFO: Evaluating at iteration 19501
2026-01-08 17:49:22,070 - INFO: Loss: 0.461218
2026-01-08 17:49:22,070 - INFO: Training ROC-AUC: 0.777143
2026-01-08 17:49:22,070 - INFO: Validation ROC-AUC: 0.756488
2026-01-08 17:49:34,681 - INFO: Starting epoch 11
2026-01-08 17:49:34,707 - INFO: Evaluating at iteration 20001
2026-01-08 17:49:36,246 - INFO: Loss: 0.210600
2026-01-08 17:49:36,246 - INFO: Training ROC-AUC: 0.919643
2026-01-08 17:49:36,246 - INFO: Validation ROC-AUC: 0.763630
2026-01-08 17:49:48,494 - INFO: Evaluating at iteration 20501
2026-01-08 17:49:50,072 - INFO: Loss: 0.171968
2026-01-08 17:49:50,073 - INFO: Training ROC-AUC: 0.984375
2026-01-08 17:49:50,073 - INFO: Validation ROC-AUC: 0.758825
2026-01-08 17:50:02,591 - INFO: Evaluating at iteration 21001
2026-01-08 17:50:04,173 - INFO: Loss: 0.491752
2026-01-08 17:50:04,173 - INFO: Training ROC-AUC: 0.811429
2026-01-08 17:50:04,173 - INFO: Validation ROC-AUC: 0.764121
2026-01-08 17:50:16,792 - INFO: Evaluating at iteration 21501
2026-01-08 17:50:18,349 - INFO: Loss: 0.133157
2026-01-08 17:50:18,349 - INFO: Training ROC-AUC: 0.982143
2026-01-08 17:50:18,349 - INFO: Validation ROC-AUC: 0.747500
2026-01-08 17:50:30,743 - INFO: Starting epoch 12
2026-01-08 17:50:30,769 - INFO: Evaluating at iteration 22001
2026-01-08 17:50:32,315 - INFO: Loss: 0.103898
2026-01-08 17:50:32,315 - INFO: Training ROC-AUC: 0.982143
2026-01-08 17:50:32,315 - INFO: Validation ROC-AUC: 0.761939
2026-01-08 17:50:44,921 - INFO: Evaluating at iteration 22501
2026-01-08 17:50:46,474 - INFO: Loss: 0.140166
2026-01-08 17:50:46,474 - INFO: Training ROC-AUC: 0.954023
2026-01-08 17:50:46,475 - INFO: Validation ROC-AUC: 0.750366
2026-01-08 17:50:59,270 - INFO: Evaluating at iteration 23001
2026-01-08 17:51:00,850 - INFO: Loss: 0.289803
2026-01-08 17:51:00,850 - INFO: Training ROC-AUC: 0.896296
2026-01-08 17:51:00,850 - INFO: Validation ROC-AUC: 0.744792
2026-01-08 17:51:14,063 - INFO: Evaluating at iteration 23501
2026-01-08 17:51:15,613 - INFO: Loss: 0.130432
2026-01-08 17:51:15,613 - INFO: Training ROC-AUC: 0.964286
2026-01-08 17:51:15,613 - INFO: Validation ROC-AUC: 0.746810
2026-01-08 17:51:28,562 - INFO: Starting epoch 13
2026-01-08 17:51:28,588 - INFO: Evaluating at iteration 24001
2026-01-08 17:51:30,127 - INFO: Loss: 0.127705
2026-01-08 17:51:30,128 - INFO: Training ROC-AUC: 1.000000
2026-01-08 17:51:30,128 - INFO: Validation ROC-AUC: 0.747720
2026-01-08 17:51:42,746 - INFO: Evaluating at iteration 24501
2026-01-08 17:51:44,301 - INFO: Loss: 0.243693
2026-01-08 17:51:44,301 - INFO: Training ROC-AUC: 0.942308
2026-01-08 17:51:44,301 - INFO: Validation ROC-AUC: 0.759917
2026-01-08 17:51:56,896 - INFO: Evaluating at iteration 25001
2026-01-08 17:51:58,474 - INFO: Loss: 0.109390
2026-01-08 17:51:58,474 - INFO: Training ROC-AUC: 1.000000
2026-01-08 17:51:58,474 - INFO: Validation ROC-AUC: 0.757863
2026-01-08 17:52:11,108 - INFO: Evaluating at iteration 25501
2026-01-08 17:52:12,671 - INFO: Loss: 0.404900
2026-01-08 17:52:12,671 - INFO: Training ROC-AUC: 0.871795
2026-01-08 17:52:12,671 - INFO: Validation ROC-AUC: 0.756961
2026-01-08 17:52:25,363 - INFO: Starting epoch 14
2026-01-08 17:52:25,389 - INFO: Evaluating at iteration 26001
2026-01-08 17:52:26,942 - INFO: Loss: 0.056777
2026-01-08 17:52:26,942 - INFO: Training ROC-AUC: 1.000000
2026-01-08 17:52:26,942 - INFO: Validation ROC-AUC: 0.738691
2026-01-08 17:52:39,512 - INFO: Evaluating at iteration 26501
2026-01-08 17:52:41,069 - INFO: Loss: 0.048148
2026-01-08 17:52:41,069 - INFO: Training ROC-AUC: 1.000000
2026-01-08 17:52:41,069 - INFO: Validation ROC-AUC: 0.748935
2026-01-08 17:52:53,702 - INFO: Evaluating at iteration 27001
2026-01-08 17:52:55,249 - INFO: Loss: 0.053625
2026-01-08 17:52:55,249 - INFO: Training ROC-AUC: 1.000000
2026-01-08 17:52:55,249 - INFO: Validation ROC-AUC: 0.754605
2026-01-08 17:53:07,876 - INFO: Evaluating at iteration 27501
2026-01-08 17:53:09,429 - INFO: Loss: 0.078426
2026-01-08 17:53:09,429 - INFO: Training ROC-AUC: 1.000000
2026-01-08 17:53:09,429 - INFO: Validation ROC-AUC: 0.749851
2026-01-08 17:53:21,878 - INFO: Starting epoch 15
2026-01-08 17:53:21,907 - INFO: Evaluating at iteration 28001
2026-01-08 17:53:23,439 - INFO: Loss: 0.110708
2026-01-08 17:53:23,439 - INFO: Training ROC-AUC: 0.973214
2026-01-08 17:53:23,439 - INFO: Validation ROC-AUC: 0.746748
2026-01-08 17:53:36,203 - INFO: Evaluating at iteration 28501
2026-01-08 17:53:37,730 - INFO: Loss: 0.074061
2026-01-08 17:53:37,730 - INFO: Training ROC-AUC: 0.992593
2026-01-08 17:53:37,730 - INFO: Validation ROC-AUC: 0.730128
2026-01-08 17:53:50,001 - INFO: Evaluating at iteration 29001
2026-01-08 17:53:51,542 - INFO: Loss: 0.174098
2026-01-08 17:53:51,542 - INFO: Training ROC-AUC: 0.977778
2026-01-08 17:53:51,542 - INFO: Validation ROC-AUC: 0.744158
2026-01-08 17:54:03,992 - INFO: Evaluating at iteration 29501
2026-01-08 17:54:05,571 - INFO: Loss: 0.259059
2026-01-08 17:54:05,572 - INFO: Training ROC-AUC: 0.866071
2026-01-08 17:54:05,572 - INFO: Validation ROC-AUC: 0.754752
2026-01-08 17:54:18,436 - INFO: Starting epoch 16
2026-01-08 17:54:18,463 - INFO: Evaluating at iteration 30001
2026-01-08 17:54:20,038 - INFO: Loss: 0.176996
2026-01-08 17:54:20,038 - INFO: Training ROC-AUC: 0.965714
2026-01-08 17:54:20,038 - INFO: Validation ROC-AUC: 0.735989
2026-01-08 17:54:32,758 - INFO: Evaluating at iteration 30501
2026-01-08 17:54:34,333 - INFO: Loss: 0.229774
2026-01-08 17:54:34,334 - INFO: Training ROC-AUC: 0.910256
2026-01-08 17:54:34,334 - INFO: Validation ROC-AUC: 0.739605
2026-01-08 17:54:46,810 - INFO: Evaluating at iteration 31001
2026-01-08 17:54:48,351 - INFO: Loss: 0.092436
2026-01-08 17:54:48,351 - INFO: Training ROC-AUC: 0.991071
2026-01-08 17:54:48,351 - INFO: Validation ROC-AUC: 0.724503
2026-01-08 17:55:00,376 - INFO: Evaluating at iteration 31501
2026-01-08 17:55:01,917 - INFO: Loss: 0.106935
2026-01-08 17:55:01,917 - INFO: Training ROC-AUC: 0.991071
2026-01-08 17:55:01,917 - INFO: Validation ROC-AUC: 0.728656
2026-01-08 17:55:14,515 - INFO: Starting epoch 17
2026-01-08 17:55:14,541 - INFO: Evaluating at iteration 32001
2026-01-08 17:55:16,075 - INFO: Loss: 0.155640
2026-01-08 17:55:16,075 - INFO: Training ROC-AUC: 0.964286
2026-01-08 17:55:16,076 - INFO: Validation ROC-AUC: 0.731395
2026-01-08 17:55:28,731 - INFO: Evaluating at iteration 32501
2026-01-08 17:55:30,275 - INFO: Loss: 0.165703
2026-01-08 17:55:30,275 - INFO: Training ROC-AUC: 0.980769
2026-01-08 17:55:30,275 - INFO: Validation ROC-AUC: 0.730745
2026-01-08 17:55:42,856 - INFO: Evaluating at iteration 33001
2026-01-08 17:55:44,412 - INFO: Loss: 0.251912
2026-01-08 17:55:44,412 - INFO: Training ROC-AUC: 0.914286
2026-01-08 17:55:44,412 - INFO: Validation ROC-AUC: 0.741688
2026-01-08 17:55:57,260 - INFO: Evaluating at iteration 33501
2026-01-08 17:55:58,837 - INFO: Loss: 0.136935
2026-01-08 17:55:58,837 - INFO: Training ROC-AUC: 0.985185
2026-01-08 17:55:58,837 - INFO: Validation ROC-AUC: 0.719598
2026-01-08 17:56:11,678 - INFO: Starting epoch 18
2026-01-08 17:56:11,704 - INFO: Evaluating at iteration 34001
2026-01-08 17:56:13,274 - INFO: Loss: 0.109731
2026-01-08 17:56:13,274 - INFO: Training ROC-AUC: 1.000000
2026-01-08 17:56:13,274 - INFO: Validation ROC-AUC: 0.719141
2026-01-08 17:56:25,852 - INFO: Evaluating at iteration 34501
2026-01-08 17:56:27,424 - INFO: Loss: 0.054166
2026-01-08 17:56:27,424 - INFO: Training ROC-AUC: 1.000000
2026-01-08 17:56:27,424 - INFO: Validation ROC-AUC: 0.723255
2026-01-08 17:56:40,080 - INFO: Evaluating at iteration 35001
2026-01-08 17:56:41,639 - INFO: Loss: 0.257716
2026-01-08 17:56:41,639 - INFO: Training ROC-AUC: 0.910256
2026-01-08 17:56:41,639 - INFO: Validation ROC-AUC: 0.712978
2026-01-08 17:56:54,410 - INFO: Evaluating at iteration 35501
2026-01-08 17:56:55,983 - INFO: Loss: 0.120510
2026-01-08 17:56:55,983 - INFO: Training ROC-AUC: 0.993590
2026-01-08 17:56:55,983 - INFO: Validation ROC-AUC: 0.733554
2026-01-08 17:57:08,444 - INFO: Starting epoch 19
2026-01-08 17:57:08,469 - INFO: Evaluating at iteration 36001
2026-01-08 17:57:10,030 - INFO: Loss: 0.213176
2026-01-08 17:57:10,030 - INFO: Training ROC-AUC: 0.954286
2026-01-08 17:57:10,030 - INFO: Validation ROC-AUC: 0.721941
2026-01-08 17:57:22,713 - INFO: Evaluating at iteration 36501
2026-01-08 17:57:24,263 - INFO: Loss: 0.127364
2026-01-08 17:57:24,263 - INFO: Training ROC-AUC: 0.973214
2026-01-08 17:57:24,263 - INFO: Validation ROC-AUC: 0.723740
2026-01-08 17:57:36,750 - INFO: Evaluating at iteration 37001
2026-01-08 17:57:38,303 - INFO: Loss: 0.067295
2026-01-08 17:57:38,304 - INFO: Training ROC-AUC: 1.000000
2026-01-08 17:57:38,304 - INFO: Validation ROC-AUC: 0.724952
2026-01-08 17:57:50,955 - INFO: Evaluating at iteration 37501
2026-01-08 17:57:52,508 - INFO: Loss: 0.224375
2026-01-08 17:57:52,508 - INFO: Training ROC-AUC: 0.975845
2026-01-08 17:57:52,508 - INFO: Validation ROC-AUC: 0.726930
2026-01-08 17:58:04,784 - INFO: Starting epoch 20
2026-01-08 17:58:04,809 - INFO: Evaluating at iteration 38001
2026-01-08 17:58:06,338 - INFO: Loss: 0.132559
2026-01-08 17:58:06,338 - INFO: Training ROC-AUC: 0.995455
2026-01-08 17:58:06,338 - INFO: Validation ROC-AUC: 0.725305
2026-01-08 17:58:18,401 - INFO: Evaluating at iteration 38501
2026-01-08 17:58:19,967 - INFO: Loss: 0.154464
2026-01-08 17:58:19,967 - INFO: Training ROC-AUC: 0.970370
2026-01-08 17:58:19,967 - INFO: Validation ROC-AUC: 0.716672
2026-01-08 17:58:32,541 - INFO: Evaluating at iteration 39001
2026-01-08 17:58:34,130 - INFO: Loss: 0.069135
2026-01-08 17:58:34,130 - INFO: Training ROC-AUC: 1.000000
2026-01-08 17:58:34,130 - INFO: Validation ROC-AUC: 0.718087
2026-01-08 17:58:46,789 - INFO: Evaluating at iteration 39501
2026-01-08 17:58:48,342 - INFO: Loss: 0.061036
2026-01-08 17:58:48,342 - INFO: Training ROC-AUC: 1.000000
2026-01-08 17:58:48,342 - INFO: Validation ROC-AUC: 0.720698
2026-01-08 17:59:01,051 - INFO: Starting epoch 21
2026-01-08 17:59:01,077 - INFO: Evaluating at iteration 40001
2026-01-08 17:59:02,649 - INFO: Loss: 0.057740
2026-01-08 17:59:02,650 - INFO: Training ROC-AUC: 1.000000
2026-01-08 17:59:02,650 - INFO: Validation ROC-AUC: 0.715333
2026-01-08 17:59:15,528 - INFO: Evaluating at iteration 40501
2026-01-08 17:59:17,097 - INFO: Loss: 0.098958
2026-01-08 17:59:17,097 - INFO: Training ROC-AUC: 1.000000
2026-01-08 17:59:17,098 - INFO: Validation ROC-AUC: 0.725252
2026-01-08 17:59:29,604 - INFO: Evaluating at iteration 41001
2026-01-08 17:59:31,156 - INFO: Loss: 0.120537
2026-01-08 17:59:31,156 - INFO: Training ROC-AUC: 0.987179
2026-01-08 17:59:31,156 - INFO: Validation ROC-AUC: 0.726400
2026-01-08 17:59:43,771 - INFO: Evaluating at iteration 41501
2026-01-08 17:59:45,334 - INFO: Loss: 0.207585
2026-01-08 17:59:45,334 - INFO: Training ROC-AUC: 0.942529
2026-01-08 17:59:45,334 - INFO: Validation ROC-AUC: 0.713295
2026-01-08 17:59:58,036 - INFO: Starting epoch 22
2026-01-08 17:59:58,061 - INFO: Evaluating at iteration 42001
2026-01-08 17:59:59,599 - INFO: Loss: 0.091389
2026-01-08 17:59:59,599 - INFO: Training ROC-AUC: 1.000000
2026-01-08 17:59:59,599 - INFO: Validation ROC-AUC: 0.728003
2026-01-08 18:00:11,872 - INFO: Evaluating at iteration 42501
2026-01-08 18:00:13,409 - INFO: Loss: 0.160500
2026-01-08 18:00:13,409 - INFO: Training ROC-AUC: 0.985185
2026-01-08 18:00:13,409 - INFO: Validation ROC-AUC: 0.712433
2026-01-08 18:00:25,951 - INFO: Evaluating at iteration 43001
2026-01-08 18:00:27,504 - INFO: Loss: 0.130359
2026-01-08 18:00:27,505 - INFO: Training ROC-AUC: 0.942529
2026-01-08 18:00:27,505 - INFO: Validation ROC-AUC: 0.712766
2026-01-08 18:00:40,412 - INFO: Evaluating at iteration 43501
2026-01-08 18:00:41,954 - INFO: Loss: 0.168295
2026-01-08 18:00:41,954 - INFO: Training ROC-AUC: 1.000000
2026-01-08 18:00:41,954 - INFO: Validation ROC-AUC: 0.713032
2026-01-08 18:00:54,627 - INFO: Starting epoch 23
2026-01-08 18:00:54,653 - INFO: Evaluating at iteration 44001
2026-01-08 18:00:56,191 - INFO: Loss: 0.054174
2026-01-08 18:00:56,191 - INFO: Training ROC-AUC: 1.000000
2026-01-08 18:00:56,191 - INFO: Validation ROC-AUC: 0.719588
2026-01-08 18:01:08,917 - INFO: Evaluating at iteration 44501
2026-01-08 18:01:10,467 - INFO: Loss: 0.067874
2026-01-08 18:01:10,467 - INFO: Training ROC-AUC: 1.000000
2026-01-08 18:01:10,467 - INFO: Validation ROC-AUC: 0.711865
2026-01-08 18:01:23,288 - INFO: Evaluating at iteration 45001
2026-01-08 18:01:24,831 - INFO: Loss: 0.050049
2026-01-08 18:01:24,832 - INFO: Training ROC-AUC: 1.000000
2026-01-08 18:01:24,832 - INFO: Validation ROC-AUC: 0.712334
2026-01-08 18:01:37,703 - INFO: Evaluating at iteration 45501
2026-01-08 18:01:39,230 - INFO: Loss: 0.095211
2026-01-08 18:01:39,230 - INFO: Training ROC-AUC: 0.994286
2026-01-08 18:01:39,230 - INFO: Validation ROC-AUC: 0.715584
2026-01-08 18:01:51,617 - INFO: Starting epoch 24
2026-01-08 18:01:51,642 - INFO: Evaluating at iteration 46001
2026-01-08 18:01:53,195 - INFO: Loss: 0.011764
2026-01-08 18:01:53,196 - INFO: Training ROC-AUC: 1.000000
2026-01-08 18:01:53,196 - INFO: Validation ROC-AUC: 0.716361
2026-01-08 18:02:06,147 - INFO: Evaluating at iteration 46501
2026-01-08 18:02:07,723 - INFO: Loss: 0.301708
2026-01-08 18:02:07,724 - INFO: Training ROC-AUC: 0.960000
2026-01-08 18:02:07,724 - INFO: Validation ROC-AUC: 0.714366
2026-01-08 18:02:20,826 - INFO: Evaluating at iteration 47001
2026-01-08 18:02:22,363 - INFO: Loss: 0.016391
2026-01-08 18:02:22,363 - INFO: Training ROC-AUC: 1.000000
2026-01-08 18:02:22,363 - INFO: Validation ROC-AUC: 0.708697
2026-01-08 18:02:34,977 - INFO: Evaluating at iteration 47501
2026-01-08 18:02:36,544 - INFO: Loss: 0.032561
2026-01-08 18:02:36,545 - INFO: Training ROC-AUC: 1.000000
2026-01-08 18:02:36,545 - INFO: Validation ROC-AUC: 0.709587
2026-01-08 18:02:49,556 - INFO: Starting epoch 25
2026-01-08 18:02:49,582 - INFO: Evaluating at iteration 48001
2026-01-08 18:02:51,188 - INFO: Loss: 0.015056
2026-01-08 18:02:51,188 - INFO: Training ROC-AUC: 1.000000
2026-01-08 18:02:51,188 - INFO: Validation ROC-AUC: 0.722790
2026-01-08 18:03:04,246 - INFO: Evaluating at iteration 48501
2026-01-08 18:03:05,823 - INFO: Loss: 0.085468
2026-01-08 18:03:05,824 - INFO: Training ROC-AUC: 0.995169
2026-01-08 18:03:05,824 - INFO: Validation ROC-AUC: 0.713851
2026-01-08 18:03:18,936 - INFO: Evaluating at iteration 49001
2026-01-08 18:03:20,514 - INFO: Loss: 0.022455
2026-01-08 18:03:20,514 - INFO: Training ROC-AUC: 1.000000
2026-01-08 18:03:20,514 - INFO: Validation ROC-AUC: 0.708044
2026-01-08 18:03:33,595 - INFO: Evaluating at iteration 49501
2026-01-08 18:03:35,163 - INFO: Loss: 0.068690
2026-01-08 18:03:35,164 - INFO: Training ROC-AUC: 1.000000
2026-01-08 18:03:35,164 - INFO: Validation ROC-AUC: 0.723317
2026-01-08 18:03:48,133 - INFO: Saving model to models/TCRStructMap_peptide_split_sequence_only/model_1.pt
2026-01-08 18:03:48,145 - INFO: Starting fold 2
2026-01-08 18:03:48,251 - INFO: Initialising model
2026-01-08 18:03:48,264 - INFO: Starting training
2026-01-08 18:03:48,264 - INFO: Starting epoch 1
2026-01-08 18:03:48,298 - INFO: Evaluating at iteration 1
2026-01-08 18:03:49,485 - INFO: Loss: 0.700642
2026-01-08 18:03:49,485 - INFO: Training ROC-AUC: 0.340741
2026-01-08 18:03:49,486 - INFO: Validation ROC-AUC: 0.483259
2026-01-08 18:04:01,727 - INFO: Evaluating at iteration 501
2026-01-08 18:04:02,917 - INFO: Loss: 0.430405
2026-01-08 18:04:02,917 - INFO: Training ROC-AUC: 0.533333
2026-01-08 18:04:02,917 - INFO: Validation ROC-AUC: 0.365782
2026-01-08 18:04:15,306 - INFO: Evaluating at iteration 1001
2026-01-08 18:04:16,444 - INFO: Loss: 0.323116
2026-01-08 18:04:16,444 - INFO: Training ROC-AUC: 0.769231
2026-01-08 18:04:16,444 - INFO: Validation ROC-AUC: 0.441537
2026-01-08 18:04:29,016 - INFO: Evaluating at iteration 1501
2026-01-08 18:04:30,200 - INFO: Loss: 0.450164
2026-01-08 18:04:30,201 - INFO: Training ROC-AUC: 0.698718
2026-01-08 18:04:30,201 - INFO: Validation ROC-AUC: 0.451128
2026-01-08 18:04:43,009 - INFO: Evaluating at iteration 2001
2026-01-08 18:04:44,221 - INFO: Loss: 0.231194
2026-01-08 18:04:44,221 - INFO: Training ROC-AUC: 0.750000
2026-01-08 18:04:44,221 - INFO: Validation ROC-AUC: 0.469296
2026-01-08 18:04:48,061 - INFO: Starting epoch 2
2026-01-08 18:04:48,087 - INFO: Evaluating at iteration 2154
2026-01-08 18:04:49,254 - INFO: Loss: 0.207898
2026-01-08 18:04:49,254 - INFO: Training ROC-AUC: 0.925926
2026-01-08 18:04:49,254 - INFO: Validation ROC-AUC: 0.537434
2026-01-08 18:05:01,818 - INFO: Evaluating at iteration 2654
2026-01-08 18:05:02,983 - INFO: Loss: 0.495739
2026-01-08 18:05:02,983 - INFO: Training ROC-AUC: 0.691429
2026-01-08 18:05:02,983 - INFO: Validation ROC-AUC: 0.599285
2026-01-08 18:05:15,791 - INFO: Evaluating at iteration 3154
2026-01-08 18:05:16,988 - INFO: Loss: 0.297795
2026-01-08 18:05:16,988 - INFO: Training ROC-AUC: 0.903846
2026-01-08 18:05:16,988 - INFO: Validation ROC-AUC: 0.615977
2026-01-08 18:05:29,794 - INFO: Evaluating at iteration 3654
2026-01-08 18:05:30,947 - INFO: Loss: 0.133262
2026-01-08 18:05:30,947 - INFO: Training ROC-AUC: 1.000000
2026-01-08 18:05:30,947 - INFO: Validation ROC-AUC: 0.638969
2026-01-08 18:05:43,428 - INFO: Evaluating at iteration 4154
2026-01-08 18:05:44,570 - INFO: Loss: 0.235932
2026-01-08 18:05:44,571 - INFO: Training ROC-AUC: 0.866071
2026-01-08 18:05:44,571 - INFO: Validation ROC-AUC: 0.640037
2026-01-08 18:05:48,356 - INFO: Starting epoch 3
2026-01-08 18:05:48,383 - INFO: Evaluating at iteration 4307
2026-01-08 18:05:49,569 - INFO: Loss: 0.433807
2026-01-08 18:05:49,569 - INFO: Training ROC-AUC: 0.717949
2026-01-08 18:05:49,569 - INFO: Validation ROC-AUC: 0.651025
2026-01-08 18:06:02,330 - INFO: Evaluating at iteration 4807
2026-01-08 18:06:03,501 - INFO: Loss: 0.480314
2026-01-08 18:06:03,501 - INFO: Training ROC-AUC: 0.835749
2026-01-08 18:06:03,501 - INFO: Validation ROC-AUC: 0.635316
2026-01-08 18:06:16,133 - INFO: Evaluating at iteration 5307
2026-01-08 18:06:17,293 - INFO: Loss: 0.186464
2026-01-08 18:06:17,293 - INFO: Training ROC-AUC: 0.916667
2026-01-08 18:06:17,293 - INFO: Validation ROC-AUC: 0.639288
2026-01-08 18:06:30,004 - INFO: Evaluating at iteration 5807
2026-01-08 18:06:31,196 - INFO: Loss: 0.235353
2026-01-08 18:06:31,196 - INFO: Training ROC-AUC: 0.955556
2026-01-08 18:06:31,196 - INFO: Validation ROC-AUC: 0.645584
2026-01-08 18:06:43,844 - INFO: Evaluating at iteration 6307
2026-01-08 18:06:44,997 - INFO: Loss: 0.090924
2026-01-08 18:06:44,997 - INFO: Training ROC-AUC: 0.977011
2026-01-08 18:06:44,997 - INFO: Validation ROC-AUC: 0.660365
2026-01-08 18:06:48,874 - INFO: Starting epoch 4
2026-01-08 18:06:48,902 - INFO: Evaluating at iteration 6460
2026-01-08 18:06:50,058 - INFO: Loss: 0.128217
2026-01-08 18:06:50,058 - INFO: Training ROC-AUC: 0.983333
2026-01-08 18:06:50,058 - INFO: Validation ROC-AUC: 0.658977
2026-01-08 18:07:02,672 - INFO: Evaluating at iteration 6960
2026-01-08 18:07:03,876 - INFO: Loss: 0.248360
2026-01-08 18:07:03,876 - INFO: Training ROC-AUC: 0.925714
2026-01-08 18:07:03,877 - INFO: Validation ROC-AUC: 0.662012
2026-01-08 18:07:16,533 - INFO: Evaluating at iteration 7460
2026-01-08 18:07:17,688 - INFO: Loss: 0.138795
2026-01-08 18:07:17,688 - INFO: Training ROC-AUC: 1.000000
2026-01-08 18:07:17,688 - INFO: Validation ROC-AUC: 0.645200
2026-01-08 18:07:30,216 - INFO: Evaluating at iteration 7960
2026-01-08 18:07:31,370 - INFO: Loss: 0.214687
2026-01-08 18:07:31,370 - INFO: Training ROC-AUC: 0.901786
2026-01-08 18:07:31,370 - INFO: Validation ROC-AUC: 0.654301
2026-01-08 18:07:43,781 - INFO: Evaluating at iteration 8460
2026-01-08 18:07:44,925 - INFO: Loss: 0.186482
2026-01-08 18:07:44,925 - INFO: Training ROC-AUC: 0.965714
2026-01-08 18:07:44,925 - INFO: Validation ROC-AUC: 0.654639
2026-01-08 18:07:48,729 - INFO: Starting epoch 5
2026-01-08 18:07:48,757 - INFO: Evaluating at iteration 8613
2026-01-08 18:07:49,963 - INFO: Loss: 0.374845
2026-01-08 18:07:49,963 - INFO: Training ROC-AUC: 0.900000
2026-01-08 18:07:49,963 - INFO: Validation ROC-AUC: 0.651627
2026-01-08 18:08:02,278 - INFO: Evaluating at iteration 9113
2026-01-08 18:08:03,427 - INFO: Loss: 0.205999
2026-01-08 18:08:03,427 - INFO: Training ROC-AUC: 0.885057
2026-01-08 18:08:03,427 - INFO: Validation ROC-AUC: 0.649678
2026-01-08 18:08:15,776 - INFO: Evaluating at iteration 9613
2026-01-08 18:08:16,950 - INFO: Loss: 0.179481
2026-01-08 18:08:16,950 - INFO: Training ROC-AUC: 0.982143
2026-01-08 18:08:16,951 - INFO: Validation ROC-AUC: 0.647285
2026-01-08 18:08:29,559 - INFO: Evaluating at iteration 10113
2026-01-08 18:08:30,766 - INFO: Loss: 0.196672
2026-01-08 18:08:30,766 - INFO: Training ROC-AUC: 0.970370
2026-01-08 18:08:30,766 - INFO: Validation ROC-AUC: 0.658211
2026-01-08 18:08:43,421 - INFO: Evaluating at iteration 10613
2026-01-08 18:08:44,586 - INFO: Loss: 0.292155
2026-01-08 18:08:44,586 - INFO: Training ROC-AUC: 0.866071
2026-01-08 18:08:44,586 - INFO: Validation ROC-AUC: 0.650032
2026-01-08 18:08:48,462 - INFO: Starting epoch 6
2026-01-08 18:08:48,488 - INFO: Evaluating at iteration 10766
2026-01-08 18:08:49,721 - INFO: Loss: 0.149080
2026-01-08 18:08:49,721 - INFO: Training ROC-AUC: 1.000000
2026-01-08 18:08:49,721 - INFO: Validation ROC-AUC: 0.655018
2026-01-08 18:09:02,317 - INFO: Evaluating at iteration 11266
2026-01-08 18:09:03,495 - INFO: Loss: 0.209307
2026-01-08 18:09:03,495 - INFO: Training ROC-AUC: 0.974359
2026-01-08 18:09:03,495 - INFO: Validation ROC-AUC: 0.655694
2026-01-08 18:09:16,058 - INFO: Evaluating at iteration 11766
2026-01-08 18:09:17,248 - INFO: Loss: 0.108499
2026-01-08 18:09:17,248 - INFO: Training ROC-AUC: 0.983333
2026-01-08 18:09:17,248 - INFO: Validation ROC-AUC: 0.639507
2026-01-08 18:09:29,746 - INFO: Evaluating at iteration 12266
2026-01-08 18:09:30,894 - INFO: Loss: 0.262730
2026-01-08 18:09:30,894 - INFO: Training ROC-AUC: 0.958333
2026-01-08 18:09:30,894 - INFO: Validation ROC-AUC: 0.639613
2026-01-08 18:09:43,226 - INFO: Evaluating at iteration 12766
2026-01-08 18:09:44,363 - INFO: Loss: 0.218720
2026-01-08 18:09:44,363 - INFO: Training ROC-AUC: 0.925926
2026-01-08 18:09:44,363 - INFO: Validation ROC-AUC: 0.648489
2026-01-08 18:09:48,169 - INFO: Starting epoch 7
2026-01-08 18:09:48,195 - INFO: Evaluating at iteration 12919
2026-01-08 18:09:49,374 - INFO: Loss: 0.173788
2026-01-08 18:09:49,375 - INFO: Training ROC-AUC: 0.955357
2026-01-08 18:09:49,375 - INFO: Validation ROC-AUC: 0.644434
2026-01-08 18:10:01,781 - INFO: Evaluating at iteration 13419
2026-01-08 18:10:02,987 - INFO: Loss: 0.210850
2026-01-08 18:10:02,987 - INFO: Training ROC-AUC: 0.750000
2026-01-08 18:10:02,987 - INFO: Validation ROC-AUC: 0.648201
2026-01-08 18:10:15,658 - INFO: Evaluating at iteration 13919
2026-01-08 18:10:16,849 - INFO: Loss: 0.308611
2026-01-08 18:10:16,850 - INFO: Training ROC-AUC: 0.956522
2026-01-08 18:10:16,850 - INFO: Validation ROC-AUC: 0.639403
2026-01-08 18:10:29,830 - INFO: Evaluating at iteration 14419
2026-01-08 18:10:31,012 - INFO: Loss: 0.159183
2026-01-08 18:10:31,013 - INFO: Training ROC-AUC: 0.964286
2026-01-08 18:10:31,013 - INFO: Validation ROC-AUC: 0.640660
2026-01-08 18:10:43,804 - INFO: Evaluating at iteration 14919
2026-01-08 18:10:44,970 - INFO: Loss: 0.176303
2026-01-08 18:10:44,970 - INFO: Training ROC-AUC: 0.919540
2026-01-08 18:10:44,970 - INFO: Validation ROC-AUC: 0.637302
2026-01-08 18:10:48,894 - INFO: Starting epoch 8
2026-01-08 18:10:48,923 - INFO: Evaluating at iteration 15072
2026-01-08 18:10:50,107 - INFO: Loss: 0.248430
2026-01-08 18:10:50,107 - INFO: Training ROC-AUC: 0.923077
2026-01-08 18:10:50,107 - INFO: Validation ROC-AUC: 0.644522
2026-01-08 18:11:02,866 - INFO: Evaluating at iteration 15572
2026-01-08 18:11:04,043 - INFO: Loss: 0.404027
2026-01-08 18:11:04,043 - INFO: Training ROC-AUC: 0.881818
2026-01-08 18:11:04,043 - INFO: Validation ROC-AUC: 0.644417
2026-01-08 18:11:16,793 - INFO: Evaluating at iteration 16072
2026-01-08 18:11:17,983 - INFO: Loss: 0.180250
2026-01-08 18:11:17,983 - INFO: Training ROC-AUC: 0.908046
2026-01-08 18:11:17,983 - INFO: Validation ROC-AUC: 0.633463
2026-01-08 18:11:30,858 - INFO: Evaluating at iteration 16572
2026-01-08 18:11:32,013 - INFO: Loss: 0.252931
2026-01-08 18:11:32,013 - INFO: Training ROC-AUC: 0.935897
2026-01-08 18:11:32,013 - INFO: Validation ROC-AUC: 0.640584
2026-01-08 18:11:44,766 - INFO: Evaluating at iteration 17072
2026-01-08 18:11:45,948 - INFO: Loss: 0.131035
2026-01-08 18:11:45,948 - INFO: Training ROC-AUC: 0.900000
2026-01-08 18:11:45,948 - INFO: Validation ROC-AUC: 0.645484
2026-01-08 18:11:49,873 - INFO: Starting epoch 9
2026-01-08 18:11:49,899 - INFO: Evaluating at iteration 17225
2026-01-08 18:11:51,101 - INFO: Loss: 0.177304
2026-01-08 18:11:51,101 - INFO: Training ROC-AUC: 0.983333
2026-01-08 18:11:51,101 - INFO: Validation ROC-AUC: 0.647916
2026-01-08 18:12:03,847 - INFO: Evaluating at iteration 17725
2026-01-08 18:12:05,073 - INFO: Loss: 0.147021
2026-01-08 18:12:05,074 - INFO: Training ROC-AUC: 0.977778
2026-01-08 18:12:05,074 - INFO: Validation ROC-AUC: 0.637245
2026-01-08 18:12:17,771 - INFO: Evaluating at iteration 18225
2026-01-08 18:12:19,033 - INFO: Loss: 0.089106
2026-01-08 18:12:19,033 - INFO: Training ROC-AUC: 0.990338
2026-01-08 18:12:19,033 - INFO: Validation ROC-AUC: 0.640458
2026-01-08 18:12:31,690 - INFO: Evaluating at iteration 18725
2026-01-08 18:12:32,843 - INFO: Loss: 0.235174
2026-01-08 18:12:32,843 - INFO: Training ROC-AUC: 0.883929
2026-01-08 18:12:32,843 - INFO: Validation ROC-AUC: 0.642621
2026-01-08 18:12:45,566 - INFO: Evaluating at iteration 19225
2026-01-08 18:12:46,731 - INFO: Loss: 0.195867
2026-01-08 18:12:46,732 - INFO: Training ROC-AUC: 0.975845
2026-01-08 18:12:46,732 - INFO: Validation ROC-AUC: 0.637594
2026-01-08 18:12:50,656 - INFO: Starting epoch 10
2026-01-08 18:12:50,683 - INFO: Evaluating at iteration 19378
2026-01-08 18:12:51,858 - INFO: Loss: 0.152749
2026-01-08 18:12:51,858 - INFO: Training ROC-AUC: 0.982143
2026-01-08 18:12:51,858 - INFO: Validation ROC-AUC: 0.639888
2026-01-08 18:13:04,547 - INFO: Evaluating at iteration 19878
2026-01-08 18:13:05,734 - INFO: Loss: 0.218089
2026-01-08 18:13:05,735 - INFO: Training ROC-AUC: 0.947917
2026-01-08 18:13:05,735 - INFO: Validation ROC-AUC: 0.640376
2026-01-08 18:13:18,480 - INFO: Evaluating at iteration 20378
2026-01-08 18:13:19,660 - INFO: Loss: 0.138959
2026-01-08 18:13:19,660 - INFO: Training ROC-AUC: 0.988506
2026-01-08 18:13:19,660 - INFO: Validation ROC-AUC: 0.638397
2026-01-08 18:13:32,174 - INFO: Evaluating at iteration 20878
2026-01-08 18:13:33,319 - INFO: Loss: 0.331973
2026-01-08 18:13:33,319 - INFO: Training ROC-AUC: 0.954545
2026-01-08 18:13:33,319 - INFO: Validation ROC-AUC: 0.633328
2026-01-08 18:13:45,564 - INFO: Evaluating at iteration 21378
2026-01-08 18:13:46,735 - INFO: Loss: 0.150501
2026-01-08 18:13:46,736 - INFO: Training ROC-AUC: 0.900000
2026-01-08 18:13:46,736 - INFO: Validation ROC-AUC: 0.638398
2026-01-08 18:13:50,509 - INFO: Starting epoch 11
2026-01-08 18:13:50,535 - INFO: Evaluating at iteration 21531
2026-01-08 18:13:51,672 - INFO: Loss: 0.152425
2026-01-08 18:13:51,672 - INFO: Training ROC-AUC: 0.970370
2026-01-08 18:13:51,672 - INFO: Validation ROC-AUC: 0.648224
2026-01-08 18:14:03,839 - INFO: Evaluating at iteration 22031
2026-01-08 18:14:05,023 - INFO: Loss: 0.179912
2026-01-08 18:14:05,023 - INFO: Training ROC-AUC: 0.967949
2026-01-08 18:14:05,023 - INFO: Validation ROC-AUC: 0.637624
2026-01-08 18:14:17,306 - INFO: Evaluating at iteration 22531
2026-01-08 18:14:18,472 - INFO: Loss: 0.030903
2026-01-08 18:14:18,472 - INFO: Training ROC-AUC: 1.000000
2026-01-08 18:14:18,472 - INFO: Validation ROC-AUC: 0.638390
2026-01-08 18:14:31,021 - INFO: Evaluating at iteration 23031
2026-01-08 18:14:32,200 - INFO: Loss: 0.170011
2026-01-08 18:14:32,200 - INFO: Training ROC-AUC: 0.989583
2026-01-08 18:14:32,200 - INFO: Validation ROC-AUC: 0.631292
2026-01-08 18:14:45,224 - INFO: Evaluating at iteration 23531
2026-01-08 18:14:46,461 - INFO: Loss: 0.313749
2026-01-08 18:14:46,461 - INFO: Training ROC-AUC: 0.927273
2026-01-08 18:14:46,461 - INFO: Validation ROC-AUC: 0.631527
2026-01-08 18:14:50,248 - INFO: Starting epoch 12
2026-01-08 18:14:50,274 - INFO: Evaluating at iteration 23684
2026-01-08 18:14:51,539 - INFO: Loss: 0.079254
2026-01-08 18:14:51,539 - INFO: Training ROC-AUC: 1.000000
2026-01-08 18:14:51,539 - INFO: Validation ROC-AUC: 0.634632
2026-01-08 18:15:03,914 - INFO: Evaluating at iteration 24184
2026-01-08 18:15:05,100 - INFO: Loss: 0.272006
2026-01-08 18:15:05,100 - INFO: Training ROC-AUC: 0.911458
2026-01-08 18:15:05,100 - INFO: Validation ROC-AUC: 0.628900
2026-01-08 18:15:17,334 - INFO: Evaluating at iteration 24684
2026-01-08 18:15:18,456 - INFO: Loss: 0.484222
2026-01-08 18:15:18,457 - INFO: Training ROC-AUC: 0.898551
2026-01-08 18:15:18,457 - INFO: Validation ROC-AUC: 0.635562
2026-01-08 18:15:30,948 - INFO: Evaluating at iteration 25184
2026-01-08 18:15:32,094 - INFO: Loss: 0.234755
2026-01-08 18:15:32,095 - INFO: Training ROC-AUC: 0.896552
2026-01-08 18:15:32,095 - INFO: Validation ROC-AUC: 0.631129
2026-01-08 18:15:44,404 - INFO: Evaluating at iteration 25684
2026-01-08 18:15:45,574 - INFO: Loss: 0.068154
2026-01-08 18:15:45,575 - INFO: Training ROC-AUC: 1.000000
2026-01-08 18:15:45,575 - INFO: Validation ROC-AUC: 0.635356
2026-01-08 18:15:49,363 - INFO: Starting epoch 13
2026-01-08 18:15:49,390 - INFO: Evaluating at iteration 25837
2026-01-08 18:15:50,541 - INFO: Loss: 0.107109
2026-01-08 18:15:50,541 - INFO: Training ROC-AUC: 1.000000
2026-01-08 18:15:50,541 - INFO: Validation ROC-AUC: 0.636197
2026-01-08 18:16:02,903 - INFO: Evaluating at iteration 26337
2026-01-08 18:16:04,075 - INFO: Loss: 0.163974
2026-01-08 18:16:04,075 - INFO: Training ROC-AUC: 0.942529
2026-01-08 18:16:04,075 - INFO: Validation ROC-AUC: 0.639679
2026-01-08 18:16:16,535 - INFO: Evaluating at iteration 26837
2026-01-08 18:16:17,724 - INFO: Loss: 0.128441
2026-01-08 18:16:17,724 - INFO: Training ROC-AUC: 0.993590
2026-01-08 18:16:17,724 - INFO: Validation ROC-AUC: 0.641847
2026-01-08 18:16:30,113 - INFO: Evaluating at iteration 27337
2026-01-08 18:16:31,240 - INFO: Loss: 0.201536
2026-01-08 18:16:31,240 - INFO: Training ROC-AUC: 0.955128
2026-01-08 18:16:31,240 - INFO: Validation ROC-AUC: 0.637449
2026-01-08 18:16:43,377 - INFO: Evaluating at iteration 27837
2026-01-08 18:16:44,505 - INFO: Loss: 0.214159
2026-01-08 18:16:44,505 - INFO: Training ROC-AUC: 0.925714
2026-01-08 18:16:44,505 - INFO: Validation ROC-AUC: 0.634325
2026-01-08 18:16:48,253 - INFO: Starting epoch 14
2026-01-08 18:16:48,279 - INFO: Evaluating at iteration 27990
2026-01-08 18:16:49,435 - INFO: Loss: 0.122735
2026-01-08 18:16:49,435 - INFO: Training ROC-AUC: 0.992593
2026-01-08 18:16:49,435 - INFO: Validation ROC-AUC: 0.634213
2026-01-08 18:17:01,841 - INFO: Evaluating at iteration 28490
2026-01-08 18:17:02,965 - INFO: Loss: 0.217447
2026-01-08 18:17:02,965 - INFO: Training ROC-AUC: 0.925926
2026-01-08 18:17:02,965 - INFO: Validation ROC-AUC: 0.638780
2026-01-08 18:17:15,279 - INFO: Evaluating at iteration 28990
2026-01-08 18:17:16,405 - INFO: Loss: 0.177040
2026-01-08 18:17:16,405 - INFO: Training ROC-AUC: 0.962963
2026-01-08 18:17:16,405 - INFO: Validation ROC-AUC: 0.637664
2026-01-08 18:17:29,051 - INFO: Evaluating at iteration 29490
2026-01-08 18:17:30,204 - INFO: Loss: 0.088008
2026-01-08 18:17:30,205 - INFO: Training ROC-AUC: 1.000000
2026-01-08 18:17:30,205 - INFO: Validation ROC-AUC: 0.623562
2026-01-08 18:17:42,492 - INFO: Evaluating at iteration 29990
2026-01-08 18:17:43,621 - INFO: Loss: 0.097429
2026-01-08 18:17:43,621 - INFO: Training ROC-AUC: 0.988571
2026-01-08 18:17:43,621 - INFO: Validation ROC-AUC: 0.633443
2026-01-08 18:17:47,379 - INFO: Starting epoch 15
2026-01-08 18:17:47,405 - INFO: Evaluating at iteration 30143
2026-01-08 18:17:48,566 - INFO: Loss: 0.134175
2026-01-08 18:17:48,566 - INFO: Training ROC-AUC: 0.919643
2026-01-08 18:17:48,566 - INFO: Validation ROC-AUC: 0.635274
2026-01-08 18:18:00,984 - INFO: Evaluating at iteration 30643
2026-01-08 18:18:02,114 - INFO: Loss: 0.288084
2026-01-08 18:18:02,114 - INFO: Training ROC-AUC: 0.859259
2026-01-08 18:18:02,114 - INFO: Validation ROC-AUC: 0.633412
2026-01-08 18:18:14,577 - INFO: Evaluating at iteration 31143
2026-01-08 18:18:15,716 - INFO: Loss: 0.203445
2026-01-08 18:18:15,716 - INFO: Training ROC-AUC: 0.885057
2026-01-08 18:18:15,716 - INFO: Validation ROC-AUC: 0.633899
2026-01-08 18:18:28,399 - INFO: Evaluating at iteration 31643
2026-01-08 18:18:29,544 - INFO: Loss: 0.083661
2026-01-08 18:18:29,544 - INFO: Training ROC-AUC: 1.000000
2026-01-08 18:18:29,544 - INFO: Validation ROC-AUC: 0.632899
2026-01-08 18:18:42,234 - INFO: Evaluating at iteration 32143
2026-01-08 18:18:43,362 - INFO: Loss: 0.262567
2026-01-08 18:18:43,362 - INFO: Training ROC-AUC: 0.959091
2026-01-08 18:18:43,362 - INFO: Validation ROC-AUC: 0.635994
2026-01-08 18:18:47,262 - INFO: Starting epoch 16
2026-01-08 18:18:47,287 - INFO: Evaluating at iteration 32296
2026-01-08 18:18:48,425 - INFO: Loss: 0.160994
2026-01-08 18:18:48,426 - INFO: Training ROC-AUC: 0.954023
2026-01-08 18:18:48,426 - INFO: Validation ROC-AUC: 0.641089
2026-01-08 18:19:01,231 - INFO: Evaluating at iteration 32796
2026-01-08 18:19:02,382 - INFO: Loss: 0.143705
2026-01-08 18:19:02,382 - INFO: Training ROC-AUC: 0.900000
2026-01-08 18:19:02,382 - INFO: Validation ROC-AUC: 0.632638
2026-01-08 18:19:15,335 - INFO: Evaluating at iteration 33296
2026-01-08 18:19:16,471 - INFO: Loss: 0.041860
2026-01-08 18:19:16,471 - INFO: Training ROC-AUC: 1.000000
2026-01-08 18:19:16,471 - INFO: Validation ROC-AUC: 0.634410
2026-01-08 18:19:29,182 - INFO: Evaluating at iteration 33796
2026-01-08 18:19:30,326 - INFO: Loss: 0.164889
2026-01-08 18:19:30,326 - INFO: Training ROC-AUC: 0.984375
2026-01-08 18:19:30,326 - INFO: Validation ROC-AUC: 0.634957
2026-01-08 18:19:43,095 - INFO: Evaluating at iteration 34296
2026-01-08 18:19:44,237 - INFO: Loss: 0.102988
2026-01-08 18:19:44,237 - INFO: Training ROC-AUC: 0.994286
2026-01-08 18:19:44,237 - INFO: Validation ROC-AUC: 0.637626
2026-01-08 18:19:48,098 - INFO: Starting epoch 17
2026-01-08 18:19:48,128 - INFO: Evaluating at iteration 34449
2026-01-08 18:19:49,316 - INFO: Loss: 0.099630
2026-01-08 18:19:49,317 - INFO: Training ROC-AUC: 0.995169
2026-01-08 18:19:49,317 - INFO: Validation ROC-AUC: 0.638015
2026-01-08 18:20:02,451 - INFO: Evaluating at iteration 34949
2026-01-08 18:20:03,595 - INFO: Loss: 0.126780
2026-01-08 18:20:03,595 - INFO: Training ROC-AUC: 0.980769
2026-01-08 18:20:03,595 - INFO: Validation ROC-AUC: 0.631695
2026-01-08 18:20:16,651 - INFO: Evaluating at iteration 35449
2026-01-08 18:20:17,810 - INFO: Loss: 0.149849
2026-01-08 18:20:17,810 - INFO: Training ROC-AUC: 0.900000
2026-01-08 18:20:17,810 - INFO: Validation ROC-AUC: 0.632795
2026-01-08 18:20:31,164 - INFO: Evaluating at iteration 35949
2026-01-08 18:20:32,318 - INFO: Loss: 0.252026
2026-01-08 18:20:32,318 - INFO: Training ROC-AUC: 0.903704
2026-01-08 18:20:32,318 - INFO: Validation ROC-AUC: 0.636159
2026-01-08 18:20:45,473 - INFO: Evaluating at iteration 36449
2026-01-08 18:20:46,609 - INFO: Loss: 0.073473
2026-01-08 18:20:46,610 - INFO: Training ROC-AUC: 0.985185
2026-01-08 18:20:46,610 - INFO: Validation ROC-AUC: 0.632403
2026-01-08 18:20:50,722 - INFO: Starting epoch 18
2026-01-08 18:20:50,748 - INFO: Evaluating at iteration 36602
2026-01-08 18:20:51,890 - INFO: Loss: 0.096118
2026-01-08 18:20:51,890 - INFO: Training ROC-AUC: 1.000000
2026-01-08 18:20:51,890 - INFO: Validation ROC-AUC: 0.628955
2026-01-08 18:21:05,423 - INFO: Evaluating at iteration 37102
2026-01-08 18:21:06,567 - INFO: Loss: 0.061532
2026-01-08 18:21:06,567 - INFO: Training ROC-AUC: 1.000000
2026-01-08 18:21:06,567 - INFO: Validation ROC-AUC: 0.638520
2026-01-08 18:21:20,073 - INFO: Evaluating at iteration 37602
2026-01-08 18:21:21,201 - INFO: Loss: 0.046267
2026-01-08 18:21:21,201 - INFO: Training ROC-AUC: 1.000000
2026-01-08 18:21:21,201 - INFO: Validation ROC-AUC: 0.631908
2026-01-08 18:21:34,765 - INFO: Evaluating at iteration 38102
2026-01-08 18:21:35,896 - INFO: Loss: 0.185044
2026-01-08 18:21:35,896 - INFO: Training ROC-AUC: 0.948718
2026-01-08 18:21:35,896 - INFO: Validation ROC-AUC: 0.631868
2026-01-08 18:21:49,503 - INFO: Evaluating at iteration 38602
2026-01-08 18:21:50,655 - INFO: Loss: 0.141926
2026-01-08 18:21:50,655 - INFO: Training ROC-AUC: 0.985185
2026-01-08 18:21:50,655 - INFO: Validation ROC-AUC: 0.637089
2026-01-08 18:21:54,866 - INFO: Starting epoch 19
2026-01-08 18:21:54,896 - INFO: Evaluating at iteration 38755
2026-01-08 18:21:56,043 - INFO: Loss: 0.043699
2026-01-08 18:21:56,043 - INFO: Training ROC-AUC: 1.000000
2026-01-08 18:21:56,043 - INFO: Validation ROC-AUC: 0.638179
2026-01-08 18:22:09,729 - INFO: Evaluating at iteration 39255
2026-01-08 18:22:10,881 - INFO: Loss: 0.089333
2026-01-08 18:22:10,881 - INFO: Training ROC-AUC: 0.985185
2026-01-08 18:22:10,881 - INFO: Validation ROC-AUC: 0.634310
2026-01-08 18:22:24,429 - INFO: Evaluating at iteration 39755
2026-01-08 18:22:25,558 - INFO: Loss: 0.168057
2026-01-08 18:22:25,558 - INFO: Training ROC-AUC: 0.980769
2026-01-08 18:22:25,558 - INFO: Validation ROC-AUC: 0.634705
2026-01-08 18:22:39,309 - INFO: Evaluating at iteration 40255
2026-01-08 18:22:40,463 - INFO: Loss: 0.064211
2026-01-08 18:22:40,463 - INFO: Training ROC-AUC: 1.000000
2026-01-08 18:22:40,463 - INFO: Validation ROC-AUC: 0.625994
2026-01-08 18:22:54,387 - INFO: Evaluating at iteration 40755
2026-01-08 18:22:55,531 - INFO: Loss: 0.108402
2026-01-08 18:22:55,531 - INFO: Training ROC-AUC: 0.992593
2026-01-08 18:22:55,531 - INFO: Validation ROC-AUC: 0.631946
2026-01-08 18:22:59,785 - INFO: Starting epoch 20
2026-01-08 18:22:59,809 - INFO: Evaluating at iteration 40908
2026-01-08 18:23:00,947 - INFO: Loss: 0.045851
2026-01-08 18:23:00,948 - INFO: Training ROC-AUC: 1.000000
2026-01-08 18:23:00,948 - INFO: Validation ROC-AUC: 0.631412
2026-01-08 18:23:14,952 - INFO: Evaluating at iteration 41408
2026-01-08 18:23:16,088 - INFO: Loss: 0.078088
2026-01-08 18:23:16,088 - INFO: Training ROC-AUC: 1.000000
2026-01-08 18:23:16,088 - INFO: Validation ROC-AUC: 0.628306
2026-01-08 18:23:30,280 - INFO: Evaluating at iteration 41908
2026-01-08 18:23:31,411 - INFO: Loss: 0.029249
2026-01-08 18:23:31,411 - INFO: Training ROC-AUC: 1.000000
2026-01-08 18:23:31,411 - INFO: Validation ROC-AUC: 0.631531
2026-01-08 18:23:45,637 - INFO: Evaluating at iteration 42408
2026-01-08 18:23:46,794 - INFO: Loss: 0.169151
2026-01-08 18:23:46,794 - INFO: Training ROC-AUC: 0.977143
2026-01-08 18:23:46,794 - INFO: Validation ROC-AUC: 0.630743
2026-01-08 18:24:00,900 - INFO: Evaluating at iteration 42908
2026-01-08 18:24:02,033 - INFO: Loss: 0.038176
2026-01-08 18:24:02,033 - INFO: Training ROC-AUC: 1.000000
2026-01-08 18:24:02,033 - INFO: Validation ROC-AUC: 0.628922
2026-01-08 18:24:06,479 - INFO: Starting epoch 21
2026-01-08 18:24:06,505 - INFO: Evaluating at iteration 43061
2026-01-08 18:24:07,664 - INFO: Loss: 0.211881
2026-01-08 18:24:07,664 - INFO: Training ROC-AUC: 0.967949
2026-01-08 18:24:07,664 - INFO: Validation ROC-AUC: 0.628822
2026-01-08 18:24:21,685 - INFO: Evaluating at iteration 43561
2026-01-08 18:24:22,828 - INFO: Loss: 0.179313
2026-01-08 18:24:22,829 - INFO: Training ROC-AUC: 0.964286
2026-01-08 18:24:22,829 - INFO: Validation ROC-AUC: 0.633144
2026-01-08 18:24:36,926 - INFO: Evaluating at iteration 44061
2026-01-08 18:24:38,083 - INFO: Loss: 0.133667
2026-01-08 18:24:38,083 - INFO: Training ROC-AUC: 0.987179
2026-01-08 18:24:38,083 - INFO: Validation ROC-AUC: 0.627205
2026-01-08 18:24:52,486 - INFO: Evaluating at iteration 44561
2026-01-08 18:24:53,623 - INFO: Loss: 0.074391
2026-01-08 18:24:53,623 - INFO: Training ROC-AUC: 1.000000
2026-01-08 18:24:53,623 - INFO: Validation ROC-AUC: 0.633769
2026-01-08 18:25:07,989 - INFO: Evaluating at iteration 45061
2026-01-08 18:25:09,116 - INFO: Loss: 0.044570
2026-01-08 18:25:09,116 - INFO: Training ROC-AUC: 1.000000
2026-01-08 18:25:09,116 - INFO: Validation ROC-AUC: 0.631962
2026-01-08 18:25:13,551 - INFO: Starting epoch 22
2026-01-08 18:25:13,583 - INFO: Evaluating at iteration 45214
2026-01-08 18:25:14,729 - INFO: Loss: 0.035734
2026-01-08 18:25:14,730 - INFO: Training ROC-AUC: 1.000000
2026-01-08 18:25:14,730 - INFO: Validation ROC-AUC: 0.626704
2026-01-08 18:25:28,985 - INFO: Evaluating at iteration 45714
2026-01-08 18:25:30,140 - INFO: Loss: 0.015515
2026-01-08 18:25:30,140 - INFO: Training ROC-AUC: 1.000000
2026-01-08 18:25:30,140 - INFO: Validation ROC-AUC: 0.632309
2026-01-08 18:25:44,579 - INFO: Evaluating at iteration 46214
2026-01-08 18:25:45,722 - INFO: Loss: 0.009805
2026-01-08 18:25:45,723 - INFO: Training ROC-AUC: 1.000000
2026-01-08 18:25:45,723 - INFO: Validation ROC-AUC: 0.630839
2026-01-08 18:26:00,047 - INFO: Evaluating at iteration 46714
2026-01-08 18:26:01,182 - INFO: Loss: 0.046675
2026-01-08 18:26:01,182 - INFO: Training ROC-AUC: 1.000000
2026-01-08 18:26:01,182 - INFO: Validation ROC-AUC: 0.627810
2026-01-08 18:26:15,537 - INFO: Evaluating at iteration 47214
2026-01-08 18:26:16,680 - INFO: Loss: 0.058584
2026-01-08 18:26:16,681 - INFO: Training ROC-AUC: 1.000000
2026-01-08 18:26:16,681 - INFO: Validation ROC-AUC: 0.627991
2026-01-08 18:26:21,048 - INFO: Starting epoch 23
2026-01-08 18:26:21,081 - INFO: Evaluating at iteration 47367
2026-01-08 18:26:22,212 - INFO: Loss: 0.017118
2026-01-08 18:26:22,212 - INFO: Training ROC-AUC: 1.000000
2026-01-08 18:26:22,212 - INFO: Validation ROC-AUC: 0.626128
2026-01-08 18:26:36,705 - INFO: Evaluating at iteration 47867
2026-01-08 18:26:37,998 - INFO: Loss: 0.027050
2026-01-08 18:26:37,998 - INFO: Training ROC-AUC: 1.000000
2026-01-08 18:26:37,998 - INFO: Validation ROC-AUC: 0.625859
2026-01-08 18:26:52,334 - INFO: Evaluating at iteration 48367
2026-01-08 18:26:53,495 - INFO: Loss: 0.105117
2026-01-08 18:26:53,495 - INFO: Training ROC-AUC: 1.000000
2026-01-08 18:26:53,495 - INFO: Validation ROC-AUC: 0.627428
2026-01-08 18:27:07,745 - INFO: Evaluating at iteration 48867
2026-01-08 18:27:09,046 - INFO: Loss: 0.117722
2026-01-08 18:27:09,046 - INFO: Training ROC-AUC: 0.988571
2026-01-08 18:27:09,046 - INFO: Validation ROC-AUC: 0.629996
2026-01-08 18:27:23,119 - INFO: Evaluating at iteration 49367
2026-01-08 18:27:24,281 - INFO: Loss: 0.010457
2026-01-08 18:27:24,281 - INFO: Training ROC-AUC: 1.000000
2026-01-08 18:27:24,281 - INFO: Validation ROC-AUC: 0.628133
2026-01-08 18:27:28,530 - INFO: Starting epoch 24
2026-01-08 18:27:28,555 - INFO: Evaluating at iteration 49520
2026-01-08 18:27:29,733 - INFO: Loss: 0.039374
2026-01-08 18:27:29,733 - INFO: Training ROC-AUC: 1.000000
2026-01-08 18:27:29,733 - INFO: Validation ROC-AUC: 0.628917
2026-01-08 18:27:43,961 - INFO: Evaluating at iteration 50020
2026-01-08 18:27:45,104 - INFO: Loss: 0.006595
2026-01-08 18:27:45,104 - INFO: Training ROC-AUC: 1.000000
2026-01-08 18:27:45,104 - INFO: Validation ROC-AUC: 0.625729
2026-01-08 18:27:59,326 - INFO: Evaluating at iteration 50520
2026-01-08 18:28:00,459 - INFO: Loss: 0.016744
2026-01-08 18:28:00,459 - INFO: Training ROC-AUC: 1.000000
2026-01-08 18:28:00,459 - INFO: Validation ROC-AUC: 0.632648
2026-01-08 18:28:14,875 - INFO: Evaluating at iteration 51020
2026-01-08 18:28:16,007 - INFO: Loss: 0.032728
2026-01-08 18:28:16,007 - INFO: Training ROC-AUC: 1.000000
2026-01-08 18:28:16,007 - INFO: Validation ROC-AUC: 0.624771
2026-01-08 18:28:30,278 - INFO: Evaluating at iteration 51520
2026-01-08 18:28:31,422 - INFO: Loss: 0.071995
2026-01-08 18:28:31,423 - INFO: Training ROC-AUC: 0.992593
2026-01-08 18:28:31,423 - INFO: Validation ROC-AUC: 0.627054
2026-01-08 18:28:35,777 - INFO: Starting epoch 25
2026-01-08 18:28:35,807 - INFO: Evaluating at iteration 51673
2026-01-08 18:28:36,963 - INFO: Loss: 0.026744
2026-01-08 18:28:36,963 - INFO: Training ROC-AUC: 1.000000
2026-01-08 18:28:36,963 - INFO: Validation ROC-AUC: 0.626898
2026-01-08 18:28:51,311 - INFO: Evaluating at iteration 52173
2026-01-08 18:28:52,438 - INFO: Loss: 0.002002
2026-01-08 18:28:52,438 - INFO: Training ROC-AUC: 1.000000
2026-01-08 18:28:52,438 - INFO: Validation ROC-AUC: 0.629423
2026-01-08 18:29:06,655 - INFO: Evaluating at iteration 52673
2026-01-08 18:29:07,784 - INFO: Loss: 0.058105
2026-01-08 18:29:07,784 - INFO: Training ROC-AUC: 1.000000
2026-01-08 18:29:07,784 - INFO: Validation ROC-AUC: 0.630640
2026-01-08 18:29:22,303 - INFO: Evaluating at iteration 53173
2026-01-08 18:29:23,446 - INFO: Loss: 0.006099
2026-01-08 18:29:23,446 - INFO: Training ROC-AUC: 1.000000
2026-01-08 18:29:23,446 - INFO: Validation ROC-AUC: 0.634599
2026-01-08 18:29:37,587 - INFO: Evaluating at iteration 53673
2026-01-08 18:29:38,721 - INFO: Loss: 0.088276
2026-01-08 18:29:38,721 - INFO: Training ROC-AUC: 0.983333
2026-01-08 18:29:38,721 - INFO: Validation ROC-AUC: 0.625837
2026-01-08 18:29:43,105 - INFO: Saving model to models/TCRStructMap_peptide_split_sequence_only/model_2.pt
2026-01-08 18:29:43,150 - INFO: Starting fold 3
2026-01-08 18:29:43,313 - INFO: Initialising model
2026-01-08 18:29:43,325 - INFO: Starting training
2026-01-08 18:29:43,325 - INFO: Starting epoch 1
2026-01-08 18:29:43,352 - INFO: Evaluating at iteration 1
2026-01-08 18:29:45,073 - INFO: Loss: 0.698009
2026-01-08 18:29:45,073 - INFO: Training ROC-AUC: 0.390625
2026-01-08 18:29:45,073 - INFO: Validation ROC-AUC: 0.463135
2026-01-08 18:29:56,700 - INFO: Evaluating at iteration 501
2026-01-08 18:29:58,399 - INFO: Loss: 0.174269
2026-01-08 18:29:58,400 - INFO: Training ROC-AUC: 0.885057
2026-01-08 18:29:58,400 - INFO: Validation ROC-AUC: 0.261396
2026-01-08 18:30:10,508 - INFO: Evaluating at iteration 1001
2026-01-08 18:30:12,213 - INFO: Loss: 0.301443
2026-01-08 18:30:12,213 - INFO: Training ROC-AUC: 0.781609
2026-01-08 18:30:12,213 - INFO: Validation ROC-AUC: 0.240483
2026-01-08 18:30:24,684 - INFO: Evaluating at iteration 1501
2026-01-08 18:30:26,388 - INFO: Loss: 0.204751
2026-01-08 18:30:26,388 - INFO: Training ROC-AUC: 0.919540
2026-01-08 18:30:26,388 - INFO: Validation ROC-AUC: 0.329640
2026-01-08 18:30:36,683 - INFO: Starting epoch 2
2026-01-08 18:30:36,709 - INFO: Evaluating at iteration 1920
2026-01-08 18:30:38,411 - INFO: Loss: 0.166489
2026-01-08 18:30:38,411 - INFO: Training ROC-AUC: 0.870968
2026-01-08 18:30:38,411 - INFO: Validation ROC-AUC: 0.386103
2026-01-08 18:30:51,197 - INFO: Evaluating at iteration 2420
2026-01-08 18:30:52,899 - INFO: Loss: 0.409252
2026-01-08 18:30:52,899 - INFO: Training ROC-AUC: 0.756410
2026-01-08 18:30:52,899 - INFO: Validation ROC-AUC: 0.413374
2026-01-08 18:31:05,327 - INFO: Evaluating at iteration 2920
2026-01-08 18:31:07,043 - INFO: Loss: 0.302860
2026-01-08 18:31:07,043 - INFO: Training ROC-AUC: 0.942308
2026-01-08 18:31:07,043 - INFO: Validation ROC-AUC: 0.452806
2026-01-08 18:31:19,401 - INFO: Evaluating at iteration 3420
2026-01-08 18:31:21,115 - INFO: Loss: 0.304846
2026-01-08 18:31:21,115 - INFO: Training ROC-AUC: 0.785185
2026-01-08 18:31:21,115 - INFO: Validation ROC-AUC: 0.466732
2026-01-08 18:31:31,272 - INFO: Starting epoch 3
2026-01-08 18:31:31,299 - INFO: Evaluating at iteration 3839
2026-01-08 18:31:33,002 - INFO: Loss: 0.409295
2026-01-08 18:31:33,002 - INFO: Training ROC-AUC: 0.748571
2026-01-08 18:31:33,002 - INFO: Validation ROC-AUC: 0.490772
2026-01-08 18:31:45,186 - INFO: Evaluating at iteration 4339
2026-01-08 18:31:46,927 - INFO: Loss: 0.225916
2026-01-08 18:31:46,927 - INFO: Training ROC-AUC: 0.816667
2026-01-08 18:31:46,927 - INFO: Validation ROC-AUC: 0.514600
2026-01-08 18:31:58,949 - INFO: Evaluating at iteration 4839
2026-01-08 18:32:00,645 - INFO: Loss: 0.387293
2026-01-08 18:32:00,646 - INFO: Training ROC-AUC: 0.822917
2026-01-08 18:32:00,646 - INFO: Validation ROC-AUC: 0.525652
2026-01-08 18:32:12,652 - INFO: Evaluating at iteration 5339
2026-01-08 18:32:14,375 - INFO: Loss: 0.458528
2026-01-08 18:32:14,375 - INFO: Training ROC-AUC: 0.890909
2026-01-08 18:32:14,375 - INFO: Validation ROC-AUC: 0.525039
2026-01-08 18:32:24,555 - INFO: Starting epoch 4
2026-01-08 18:32:24,581 - INFO: Evaluating at iteration 5758
2026-01-08 18:32:26,281 - INFO: Loss: 0.201168
2026-01-08 18:32:26,281 - INFO: Training ROC-AUC: 0.977143
2026-01-08 18:32:26,281 - INFO: Validation ROC-AUC: 0.554909
2026-01-08 18:32:38,337 - INFO: Evaluating at iteration 6258
2026-01-08 18:32:40,029 - INFO: Loss: 0.274330
2026-01-08 18:32:40,029 - INFO: Training ROC-AUC: 0.758621
2026-01-08 18:32:40,029 - INFO: Validation ROC-AUC: 0.562466
2026-01-08 18:32:52,259 - INFO: Evaluating at iteration 6758
2026-01-08 18:32:53,961 - INFO: Loss: 0.188266
2026-01-08 18:32:53,961 - INFO: Training ROC-AUC: 0.866667
2026-01-08 18:32:53,961 - INFO: Validation ROC-AUC: 0.555542
2026-01-08 18:33:06,061 - INFO: Evaluating at iteration 7258
2026-01-08 18:33:07,761 - INFO: Loss: 0.106814
2026-01-08 18:33:07,761 - INFO: Training ROC-AUC: 1.000000
2026-01-08 18:33:07,761 - INFO: Validation ROC-AUC: 0.577958
2026-01-08 18:33:17,847 - INFO: Starting epoch 5
2026-01-08 18:33:17,880 - INFO: Evaluating at iteration 7677
2026-01-08 18:33:19,666 - INFO: Loss: 0.390751
2026-01-08 18:33:19,667 - INFO: Training ROC-AUC: 0.895455
2026-01-08 18:33:19,667 - INFO: Validation ROC-AUC: 0.557244
2026-01-08 18:33:31,753 - INFO: Evaluating at iteration 8177
2026-01-08 18:33:33,464 - INFO: Loss: 0.210144
2026-01-08 18:33:33,464 - INFO: Training ROC-AUC: 0.955128
2026-01-08 18:33:33,464 - INFO: Validation ROC-AUC: 0.566812
2026-01-08 18:33:45,548 - INFO: Evaluating at iteration 8677
2026-01-08 18:33:47,249 - INFO: Loss: 0.240750
2026-01-08 18:33:47,249 - INFO: Training ROC-AUC: 0.804598
2026-01-08 18:33:47,249 - INFO: Validation ROC-AUC: 0.615832
2026-01-08 18:33:59,378 - INFO: Evaluating at iteration 9177
2026-01-08 18:34:01,104 - INFO: Loss: 0.269984
2026-01-08 18:34:01,104 - INFO: Training ROC-AUC: 0.932292
2026-01-08 18:34:01,104 - INFO: Validation ROC-AUC: 0.554552
2026-01-08 18:34:11,153 - INFO: Starting epoch 6
2026-01-08 18:34:11,179 - INFO: Evaluating at iteration 9596
2026-01-08 18:34:12,882 - INFO: Loss: 0.266246
2026-01-08 18:34:12,882 - INFO: Training ROC-AUC: 0.910256
2026-01-08 18:34:12,882 - INFO: Validation ROC-AUC: 0.604296
2026-01-08 18:34:25,216 - INFO: Evaluating at iteration 10096
2026-01-08 18:34:26,915 - INFO: Loss: 0.258289
2026-01-08 18:34:26,915 - INFO: Training ROC-AUC: 0.884615
2026-01-08 18:34:26,915 - INFO: Validation ROC-AUC: 0.592948
2026-01-08 18:34:39,037 - INFO: Evaluating at iteration 10596
2026-01-08 18:34:40,735 - INFO: Loss: 0.135325
2026-01-08 18:34:40,735 - INFO: Training ROC-AUC: 0.806452
2026-01-08 18:34:40,735 - INFO: Validation ROC-AUC: 0.598606
2026-01-08 18:34:52,942 - INFO: Evaluating at iteration 11096
2026-01-08 18:34:54,654 - INFO: Loss: 0.216741
2026-01-08 18:34:54,654 - INFO: Training ROC-AUC: 0.919643
2026-01-08 18:34:54,654 - INFO: Validation ROC-AUC: 0.654231
2026-01-08 18:35:04,594 - INFO: Starting epoch 7
2026-01-08 18:35:04,620 - INFO: Evaluating at iteration 11515
2026-01-08 18:35:06,357 - INFO: Loss: 0.216514
2026-01-08 18:35:06,357 - INFO: Training ROC-AUC: 0.873563
2026-01-08 18:35:06,357 - INFO: Validation ROC-AUC: 0.635967
2026-01-08 18:35:18,336 - INFO: Evaluating at iteration 12015
2026-01-08 18:35:20,071 - INFO: Loss: 0.252062
2026-01-08 18:35:20,072 - INFO: Training ROC-AUC: 0.942529
2026-01-08 18:35:20,072 - INFO: Validation ROC-AUC: 0.667978
2026-01-08 18:35:32,159 - INFO: Evaluating at iteration 12515
2026-01-08 18:35:33,857 - INFO: Loss: 0.191603
2026-01-08 18:35:33,857 - INFO: Training ROC-AUC: 0.955556
2026-01-08 18:35:33,857 - INFO: Validation ROC-AUC: 0.708356
2026-01-08 18:35:45,782 - INFO: Evaluating at iteration 13015
2026-01-08 18:35:47,621 - INFO: Loss: 0.122148
2026-01-08 18:35:47,621 - INFO: Training ROC-AUC: 1.000000
2026-01-08 18:35:47,621 - INFO: Validation ROC-AUC: 0.677535
2026-01-08 18:35:57,683 - INFO: Starting epoch 8
2026-01-08 18:35:57,707 - INFO: Evaluating at iteration 13434
2026-01-08 18:35:59,408 - INFO: Loss: 0.136195
2026-01-08 18:35:59,408 - INFO: Training ROC-AUC: 0.974359
2026-01-08 18:35:59,408 - INFO: Validation ROC-AUC: 0.657460
2026-01-08 18:36:11,527 - INFO: Evaluating at iteration 13934
2026-01-08 18:36:13,220 - INFO: Loss: 0.271178
2026-01-08 18:36:13,220 - INFO: Training ROC-AUC: 0.920000
2026-01-08 18:36:13,220 - INFO: Validation ROC-AUC: 0.642852
2026-01-08 18:36:25,243 - INFO: Evaluating at iteration 14434
2026-01-08 18:36:26,943 - INFO: Loss: 0.194399
2026-01-08 18:36:26,943 - INFO: Training ROC-AUC: 0.987179
2026-01-08 18:36:26,943 - INFO: Validation ROC-AUC: 0.672370
2026-01-08 18:36:38,806 - INFO: Evaluating at iteration 14934
2026-01-08 18:36:40,526 - INFO: Loss: 0.167657
2026-01-08 18:36:40,526 - INFO: Training ROC-AUC: 0.961538
2026-01-08 18:36:40,526 - INFO: Validation ROC-AUC: 0.683716
2026-01-08 18:36:50,584 - INFO: Starting epoch 9
2026-01-08 18:36:50,609 - INFO: Evaluating at iteration 15353
2026-01-08 18:36:52,330 - INFO: Loss: 0.129544
2026-01-08 18:36:52,331 - INFO: Training ROC-AUC: 0.967742
2026-01-08 18:36:52,331 - INFO: Validation ROC-AUC: 0.718274
2026-01-08 18:37:04,467 - INFO: Evaluating at iteration 15853
2026-01-08 18:37:06,203 - INFO: Loss: 0.219379
2026-01-08 18:37:06,203 - INFO: Training ROC-AUC: 0.925926
2026-01-08 18:37:06,203 - INFO: Validation ROC-AUC: 0.701286
2026-01-08 18:37:18,102 - INFO: Evaluating at iteration 16353
2026-01-08 18:37:19,976 - INFO: Loss: 0.297830
2026-01-08 18:37:19,976 - INFO: Training ROC-AUC: 0.948052
2026-01-08 18:37:19,976 - INFO: Validation ROC-AUC: 0.757909
2026-01-08 18:37:31,976 - INFO: Evaluating at iteration 16853
2026-01-08 18:37:33,681 - INFO: Loss: 0.237789
2026-01-08 18:37:33,681 - INFO: Training ROC-AUC: 0.911111
2026-01-08 18:37:33,681 - INFO: Validation ROC-AUC: 0.747100
2026-01-08 18:37:43,636 - INFO: Starting epoch 10
2026-01-08 18:37:43,661 - INFO: Evaluating at iteration 17272
2026-01-08 18:37:45,375 - INFO: Loss: 0.230127
2026-01-08 18:37:45,375 - INFO: Training ROC-AUC: 0.985507
2026-01-08 18:37:45,375 - INFO: Validation ROC-AUC: 0.717828
2026-01-08 18:37:57,461 - INFO: Evaluating at iteration 17772
2026-01-08 18:37:59,164 - INFO: Loss: 0.180203
2026-01-08 18:37:59,165 - INFO: Training ROC-AUC: 0.962963
2026-01-08 18:37:59,165 - INFO: Validation ROC-AUC: 0.716324
2026-01-08 18:38:11,137 - INFO: Evaluating at iteration 18272
2026-01-08 18:38:12,846 - INFO: Loss: 0.328819
2026-01-08 18:38:12,846 - INFO: Training ROC-AUC: 0.916667
2026-01-08 18:38:12,846 - INFO: Validation ROC-AUC: 0.694037
2026-01-08 18:38:24,767 - INFO: Evaluating at iteration 18772
2026-01-08 18:38:26,626 - INFO: Loss: 0.111753
2026-01-08 18:38:26,626 - INFO: Training ROC-AUC: 0.992593
2026-01-08 18:38:26,626 - INFO: Validation ROC-AUC: 0.742730
2026-01-08 18:38:36,587 - INFO: Starting epoch 11
2026-01-08 18:38:36,612 - INFO: Evaluating at iteration 19191
2026-01-08 18:38:38,313 - INFO: Loss: 0.238616
2026-01-08 18:38:38,313 - INFO: Training ROC-AUC: 0.947917
2026-01-08 18:38:38,313 - INFO: Validation ROC-AUC: 0.711246
2026-01-08 18:38:50,200 - INFO: Evaluating at iteration 19691
2026-01-08 18:38:51,919 - INFO: Loss: 0.142919
2026-01-08 18:38:51,920 - INFO: Training ROC-AUC: 1.000000
2026-01-08 18:38:51,920 - INFO: Validation ROC-AUC: 0.770329
2026-01-08 18:39:03,828 - INFO: Evaluating at iteration 20191
2026-01-08 18:39:05,580 - INFO: Loss: 0.211409
2026-01-08 18:39:05,581 - INFO: Training ROC-AUC: 0.974359
2026-01-08 18:39:05,581 - INFO: Validation ROC-AUC: 0.736745
2026-01-08 18:39:17,556 - INFO: Evaluating at iteration 20691
2026-01-08 18:39:19,288 - INFO: Loss: 0.247390
2026-01-08 18:39:19,288 - INFO: Training ROC-AUC: 0.931429
2026-01-08 18:39:19,288 - INFO: Validation ROC-AUC: 0.712537
2026-01-08 18:39:29,833 - INFO: Starting epoch 12
2026-01-08 18:39:29,862 - INFO: Evaluating at iteration 21110
2026-01-08 18:39:31,697 - INFO: Loss: 0.127602
2026-01-08 18:39:31,697 - INFO: Training ROC-AUC: 1.000000
2026-01-08 18:39:31,697 - INFO: Validation ROC-AUC: 0.707720
2026-01-08 18:39:43,720 - INFO: Evaluating at iteration 21610
2026-01-08 18:39:45,427 - INFO: Loss: 0.129011
2026-01-08 18:39:45,427 - INFO: Training ROC-AUC: 0.982143
2026-01-08 18:39:45,427 - INFO: Validation ROC-AUC: 0.724197
2026-01-08 18:39:57,337 - INFO: Evaluating at iteration 22110
2026-01-08 18:39:59,051 - INFO: Loss: 0.102272
2026-01-08 18:39:59,051 - INFO: Training ROC-AUC: 0.987179
2026-01-08 18:39:59,052 - INFO: Validation ROC-AUC: 0.729255
2026-01-08 18:40:11,128 - INFO: Evaluating at iteration 22610
2026-01-08 18:40:12,841 - INFO: Loss: 0.068706
2026-01-08 18:40:12,841 - INFO: Training ROC-AUC: 1.000000
2026-01-08 18:40:12,841 - INFO: Validation ROC-AUC: 0.701767
2026-01-08 18:40:23,084 - INFO: Starting epoch 13
2026-01-08 18:40:23,113 - INFO: Evaluating at iteration 23029
2026-01-08 18:40:24,836 - INFO: Loss: 0.092379
2026-01-08 18:40:24,836 - INFO: Training ROC-AUC: 0.988506
2026-01-08 18:40:24,836 - INFO: Validation ROC-AUC: 0.714423
2026-01-08 18:40:37,039 - INFO: Evaluating at iteration 23529
2026-01-08 18:40:38,760 - INFO: Loss: 0.124131
2026-01-08 18:40:38,760 - INFO: Training ROC-AUC: 0.994286
2026-01-08 18:40:38,760 - INFO: Validation ROC-AUC: 0.739364
2026-01-08 18:40:51,042 - INFO: Evaluating at iteration 24029
2026-01-08 18:40:52,744 - INFO: Loss: 0.116190
2026-01-08 18:40:52,744 - INFO: Training ROC-AUC: 0.991071
2026-01-08 18:40:52,744 - INFO: Validation ROC-AUC: 0.735044
2026-01-08 18:41:04,899 - INFO: Evaluating at iteration 24529
2026-01-08 18:41:06,624 - INFO: Loss: 0.147336
2026-01-08 18:41:06,624 - INFO: Training ROC-AUC: 0.964286
2026-01-08 18:41:06,624 - INFO: Validation ROC-AUC: 0.746271
2026-01-08 18:41:16,922 - INFO: Starting epoch 14
2026-01-08 18:41:16,947 - INFO: Evaluating at iteration 24948
2026-01-08 18:41:18,641 - INFO: Loss: 0.129997
2026-01-08 18:41:18,641 - INFO: Training ROC-AUC: 0.987179
2026-01-08 18:41:18,641 - INFO: Validation ROC-AUC: 0.728533
2026-01-08 18:41:31,102 - INFO: Evaluating at iteration 25448
2026-01-08 18:41:32,822 - INFO: Loss: 0.160274
2026-01-08 18:41:32,822 - INFO: Training ROC-AUC: 0.974359
2026-01-08 18:41:32,822 - INFO: Validation ROC-AUC: 0.744939
2026-01-08 18:41:45,419 - INFO: Evaluating at iteration 25948
2026-01-08 18:41:47,130 - INFO: Loss: 0.189666
2026-01-08 18:41:47,130 - INFO: Training ROC-AUC: 0.948148
2026-01-08 18:41:47,130 - INFO: Validation ROC-AUC: 0.735122
2026-01-08 18:42:00,137 - INFO: Evaluating at iteration 26448
2026-01-08 18:42:01,842 - INFO: Loss: 0.402826
2026-01-08 18:42:01,842 - INFO: Training ROC-AUC: 0.916667
2026-01-08 18:42:01,842 - INFO: Validation ROC-AUC: 0.733688
2026-01-08 18:42:12,714 - INFO: Starting epoch 15
2026-01-08 18:42:12,749 - INFO: Evaluating at iteration 26867
2026-01-08 18:42:14,449 - INFO: Loss: 0.275566
2026-01-08 18:42:14,449 - INFO: Training ROC-AUC: 0.914286
2026-01-08 18:42:14,449 - INFO: Validation ROC-AUC: 0.735790
2026-01-08 18:42:27,399 - INFO: Evaluating at iteration 27367
2026-01-08 18:42:29,113 - INFO: Loss: 0.088204
2026-01-08 18:42:29,113 - INFO: Training ROC-AUC: 1.000000
2026-01-08 18:42:29,113 - INFO: Validation ROC-AUC: 0.733149
2026-01-08 18:42:42,216 - INFO: Evaluating at iteration 27867
2026-01-08 18:42:43,919 - INFO: Loss: 0.011973
2026-01-08 18:42:43,919 - INFO: Training ROC-AUC: 1.000000
2026-01-08 18:42:43,919 - INFO: Validation ROC-AUC: 0.706647
2026-01-08 18:42:57,121 - INFO: Evaluating at iteration 28367
2026-01-08 18:42:58,816 - INFO: Loss: 0.130079
2026-01-08 18:42:58,816 - INFO: Training ROC-AUC: 0.982684
2026-01-08 18:42:58,816 - INFO: Validation ROC-AUC: 0.714996
2026-01-08 18:43:10,090 - INFO: Starting epoch 16
2026-01-08 18:43:10,118 - INFO: Evaluating at iteration 28786
2026-01-08 18:43:11,828 - INFO: Loss: 0.069285
2026-01-08 18:43:11,828 - INFO: Training ROC-AUC: 1.000000
2026-01-08 18:43:11,828 - INFO: Validation ROC-AUC: 0.730989
2026-01-08 18:43:25,246 - INFO: Evaluating at iteration 29286
2026-01-08 18:43:26,952 - INFO: Loss: 0.154289
2026-01-08 18:43:26,952 - INFO: Training ROC-AUC: 0.964286
2026-01-08 18:43:26,952 - INFO: Validation ROC-AUC: 0.718706
2026-01-08 18:43:40,615 - INFO: Evaluating at iteration 29786
2026-01-08 18:43:42,319 - INFO: Loss: 0.144462
2026-01-08 18:43:42,319 - INFO: Training ROC-AUC: 0.974359
2026-01-08 18:43:42,319 - INFO: Validation ROC-AUC: 0.723827
2026-01-08 18:43:56,100 - INFO: Evaluating at iteration 30286
2026-01-08 18:43:57,797 - INFO: Loss: 0.033806
2026-01-08 18:43:57,797 - INFO: Training ROC-AUC: 1.000000
2026-01-08 18:43:57,797 - INFO: Validation ROC-AUC: 0.727487
2026-01-08 18:44:09,352 - INFO: Starting epoch 17
2026-01-08 18:44:09,378 - INFO: Evaluating at iteration 30705
2026-01-08 18:44:11,081 - INFO: Loss: 0.068261
2026-01-08 18:44:11,081 - INFO: Training ROC-AUC: 1.000000
2026-01-08 18:44:11,081 - INFO: Validation ROC-AUC: 0.708721
2026-01-08 18:44:24,712 - INFO: Evaluating at iteration 31205
2026-01-08 18:44:26,415 - INFO: Loss: 0.091171
2026-01-08 18:44:26,415 - INFO: Training ROC-AUC: 1.000000
2026-01-08 18:44:26,415 - INFO: Validation ROC-AUC: 0.718345
2026-01-08 18:44:40,503 - INFO: Evaluating at iteration 31705
2026-01-08 18:44:42,202 - INFO: Loss: 0.113962
2026-01-08 18:44:42,202 - INFO: Training ROC-AUC: 0.982143
2026-01-08 18:44:42,202 - INFO: Validation ROC-AUC: 0.709135
2026-01-08 18:44:56,148 - INFO: Evaluating at iteration 32205
2026-01-08 18:44:57,835 - INFO: Loss: 0.088733
2026-01-08 18:44:57,835 - INFO: Training ROC-AUC: 0.995169
2026-01-08 18:44:57,835 - INFO: Validation ROC-AUC: 0.696390
2026-01-08 18:45:09,455 - INFO: Starting epoch 18
2026-01-08 18:45:09,486 - INFO: Evaluating at iteration 32624
2026-01-08 18:45:11,200 - INFO: Loss: 0.069075
2026-01-08 18:45:11,200 - INFO: Training ROC-AUC: 1.000000
2026-01-08 18:45:11,200 - INFO: Validation ROC-AUC: 0.713277
2026-01-08 18:45:25,157 - INFO: Evaluating at iteration 33124
2026-01-08 18:45:26,856 - INFO: Loss: 0.088607
2026-01-08 18:45:26,856 - INFO: Training ROC-AUC: 0.992593
2026-01-08 18:45:26,856 - INFO: Validation ROC-AUC: 0.703267
2026-01-08 18:45:40,964 - INFO: Evaluating at iteration 33624
2026-01-08 18:45:42,661 - INFO: Loss: 0.052936
2026-01-08 18:45:42,662 - INFO: Training ROC-AUC: 1.000000
2026-01-08 18:45:42,662 - INFO: Validation ROC-AUC: 0.722308
2026-01-08 18:45:56,939 - INFO: Evaluating at iteration 34124
2026-01-08 18:45:58,659 - INFO: Loss: 0.081216
2026-01-08 18:45:58,659 - INFO: Training ROC-AUC: 1.000000
2026-01-08 18:45:58,659 - INFO: Validation ROC-AUC: 0.703289
2026-01-08 18:46:10,409 - INFO: Starting epoch 19
2026-01-08 18:46:10,434 - INFO: Evaluating at iteration 34543
2026-01-08 18:46:12,168 - INFO: Loss: 0.018635
2026-01-08 18:46:12,168 - INFO: Training ROC-AUC: 1.000000
2026-01-08 18:46:12,168 - INFO: Validation ROC-AUC: 0.715053
2026-01-08 18:46:26,476 - INFO: Evaluating at iteration 35043
2026-01-08 18:46:28,175 - INFO: Loss: 0.117304
2026-01-08 18:46:28,175 - INFO: Training ROC-AUC: 1.000000
2026-01-08 18:46:28,175 - INFO: Validation ROC-AUC: 0.695561
2026-01-08 18:46:42,627 - INFO: Evaluating at iteration 35543
2026-01-08 18:46:44,331 - INFO: Loss: 0.024807
2026-01-08 18:46:44,331 - INFO: Training ROC-AUC: 1.000000
2026-01-08 18:46:44,331 - INFO: Validation ROC-AUC: 0.711788
2026-01-08 18:46:58,435 - INFO: Evaluating at iteration 36043
2026-01-08 18:47:00,144 - INFO: Loss: 0.061486
2026-01-08 18:47:00,144 - INFO: Training ROC-AUC: 1.000000
2026-01-08 18:47:00,144 - INFO: Validation ROC-AUC: 0.695211
2026-01-08 18:47:12,085 - INFO: Starting epoch 20
2026-01-08 18:47:12,121 - INFO: Evaluating at iteration 36462
2026-01-08 18:47:13,829 - INFO: Loss: 0.029415
2026-01-08 18:47:13,830 - INFO: Training ROC-AUC: 1.000000
2026-01-08 18:47:13,830 - INFO: Validation ROC-AUC: 0.702147
2026-01-08 18:47:28,011 - INFO: Evaluating at iteration 36962
2026-01-08 18:47:29,702 - INFO: Loss: 0.009094
2026-01-08 18:47:29,703 - INFO: Training ROC-AUC: 1.000000
2026-01-08 18:47:29,703 - INFO: Validation ROC-AUC: 0.712062
2026-01-08 18:47:44,065 - INFO: Evaluating at iteration 37462
2026-01-08 18:47:45,767 - INFO: Loss: 0.027876
2026-01-08 18:47:45,767 - INFO: Training ROC-AUC: 1.000000
2026-01-08 18:47:45,768 - INFO: Validation ROC-AUC: 0.695681
2026-01-08 18:48:00,173 - INFO: Evaluating at iteration 37962
2026-01-08 18:48:01,882 - INFO: Loss: 0.112591
2026-01-08 18:48:01,882 - INFO: Training ROC-AUC: 0.982143
2026-01-08 18:48:01,882 - INFO: Validation ROC-AUC: 0.696161
2026-01-08 18:48:13,773 - INFO: Starting epoch 21
2026-01-08 18:48:13,797 - INFO: Evaluating at iteration 38381
2026-01-08 18:48:15,518 - INFO: Loss: 0.029253
2026-01-08 18:48:15,518 - INFO: Training ROC-AUC: 1.000000
2026-01-08 18:48:15,518 - INFO: Validation ROC-AUC: 0.700179
2026-01-08 18:48:29,886 - INFO: Evaluating at iteration 38881
2026-01-08 18:48:31,581 - INFO: Loss: 0.033244
2026-01-08 18:48:31,581 - INFO: Training ROC-AUC: 1.000000
2026-01-08 18:48:31,581 - INFO: Validation ROC-AUC: 0.681957
2026-01-08 18:48:45,869 - INFO: Evaluating at iteration 39381
2026-01-08 18:48:47,572 - INFO: Loss: 0.050701
2026-01-08 18:48:47,573 - INFO: Training ROC-AUC: 1.000000
2026-01-08 18:48:47,573 - INFO: Validation ROC-AUC: 0.702989
2026-01-08 18:49:01,839 - INFO: Evaluating at iteration 39881
2026-01-08 18:49:03,546 - INFO: Loss: 0.032394
2026-01-08 18:49:03,546 - INFO: Training ROC-AUC: 1.000000
2026-01-08 18:49:03,546 - INFO: Validation ROC-AUC: 0.703275
2026-01-08 18:49:15,302 - INFO: Starting epoch 22
2026-01-08 18:49:15,337 - INFO: Evaluating at iteration 40300
2026-01-08 18:49:17,044 - INFO: Loss: 0.050236
2026-01-08 18:49:17,044 - INFO: Training ROC-AUC: 1.000000
2026-01-08 18:49:17,044 - INFO: Validation ROC-AUC: 0.677718
2026-01-08 18:49:31,066 - INFO: Evaluating at iteration 40800
2026-01-08 18:49:32,762 - INFO: Loss: 0.041629
2026-01-08 18:49:32,762 - INFO: Training ROC-AUC: 1.000000
2026-01-08 18:49:32,762 - INFO: Validation ROC-AUC: 0.683782
2026-01-08 18:49:46,638 - INFO: Evaluating at iteration 41300
2026-01-08 18:49:48,339 - INFO: Loss: 0.017673
2026-01-08 18:49:48,339 - INFO: Training ROC-AUC: 1.000000
2026-01-08 18:49:48,339 - INFO: Validation ROC-AUC: 0.673130
2026-01-08 18:50:02,302 - INFO: Evaluating at iteration 41800
2026-01-08 18:50:04,029 - INFO: Loss: 0.032186
2026-01-08 18:50:04,030 - INFO: Training ROC-AUC: 1.000000
2026-01-08 18:50:04,030 - INFO: Validation ROC-AUC: 0.672212
2026-01-08 18:50:15,514 - INFO: Starting epoch 23
2026-01-08 18:50:15,543 - INFO: Evaluating at iteration 42219
2026-01-08 18:50:17,241 - INFO: Loss: 0.062544
2026-01-08 18:50:17,241 - INFO: Training ROC-AUC: 1.000000
2026-01-08 18:50:17,241 - INFO: Validation ROC-AUC: 0.677430
2026-01-08 18:50:30,965 - INFO: Evaluating at iteration 42719
2026-01-08 18:50:32,661 - INFO: Loss: 0.007319
2026-01-08 18:50:32,661 - INFO: Training ROC-AUC: nan
2026-01-08 18:50:32,661 - INFO: Validation ROC-AUC: 0.690090
2026-01-08 18:50:46,525 - INFO: Evaluating at iteration 43219
2026-01-08 18:50:48,249 - INFO: Loss: 0.027907
2026-01-08 18:50:48,249 - INFO: Training ROC-AUC: 1.000000
2026-01-08 18:50:48,249 - INFO: Validation ROC-AUC: 0.683093
2026-01-08 18:51:01,937 - INFO: Evaluating at iteration 43719
2026-01-08 18:51:03,650 - INFO: Loss: 0.031503
2026-01-08 18:51:03,650 - INFO: Training ROC-AUC: 1.000000
2026-01-08 18:51:03,650 - INFO: Validation ROC-AUC: 0.672884
2026-01-08 18:51:15,302 - INFO: Starting epoch 24
2026-01-08 18:51:15,330 - INFO: Evaluating at iteration 44138
2026-01-08 18:51:17,032 - INFO: Loss: 0.005677
2026-01-08 18:51:17,032 - INFO: Training ROC-AUC: 1.000000
2026-01-08 18:51:17,032 - INFO: Validation ROC-AUC: 0.666298
2026-01-08 18:51:30,927 - INFO: Evaluating at iteration 44638
2026-01-08 18:51:32,631 - INFO: Loss: 0.023735
2026-01-08 18:51:32,631 - INFO: Training ROC-AUC: 1.000000
2026-01-08 18:51:32,631 - INFO: Validation ROC-AUC: 0.666353
2026-01-08 18:51:46,490 - INFO: Evaluating at iteration 45138
2026-01-08 18:51:48,207 - INFO: Loss: 0.010429
2026-01-08 18:51:48,207 - INFO: Training ROC-AUC: 1.000000
2026-01-08 18:51:48,207 - INFO: Validation ROC-AUC: 0.673585
2026-01-08 18:52:01,970 - INFO: Evaluating at iteration 45638
2026-01-08 18:52:03,692 - INFO: Loss: 0.091427
2026-01-08 18:52:03,692 - INFO: Training ROC-AUC: 1.000000
2026-01-08 18:52:03,692 - INFO: Validation ROC-AUC: 0.684921
2026-01-08 18:52:15,125 - INFO: Starting epoch 25
2026-01-08 18:52:15,154 - INFO: Evaluating at iteration 46057
2026-01-08 18:52:16,853 - INFO: Loss: 0.008266
2026-01-08 18:52:16,853 - INFO: Training ROC-AUC: 1.000000
2026-01-08 18:52:16,853 - INFO: Validation ROC-AUC: 0.664038
2026-01-08 18:52:30,706 - INFO: Evaluating at iteration 46557
2026-01-08 18:52:32,399 - INFO: Loss: 0.003981
2026-01-08 18:52:32,399 - INFO: Training ROC-AUC: 1.000000
2026-01-08 18:52:32,399 - INFO: Validation ROC-AUC: 0.660668
2026-01-08 18:52:46,255 - INFO: Evaluating at iteration 47057
2026-01-08 18:52:47,945 - INFO: Loss: 0.002975
2026-01-08 18:52:47,945 - INFO: Training ROC-AUC: 1.000000
2026-01-08 18:52:47,945 - INFO: Validation ROC-AUC: 0.685947
2026-01-08 18:53:01,621 - INFO: Evaluating at iteration 47557
2026-01-08 18:53:03,346 - INFO: Loss: 0.003866
2026-01-08 18:53:03,346 - INFO: Training ROC-AUC: 1.000000
2026-01-08 18:53:03,346 - INFO: Validation ROC-AUC: 0.670828
2026-01-08 18:53:14,736 - INFO: Saving model to models/TCRStructMap_peptide_split_sequence_only/model_3.pt
2026-01-08 18:53:14,752 - INFO: Starting fold 4
2026-01-08 18:53:14,836 - INFO: Initialising model
2026-01-08 18:53:14,848 - INFO: Starting training
2026-01-08 18:53:14,848 - INFO: Starting epoch 1
2026-01-08 18:53:14,875 - INFO: Evaluating at iteration 1
2026-01-08 18:53:15,891 - INFO: Loss: 0.684768
2026-01-08 18:53:15,891 - INFO: Training ROC-AUC: 0.629630
2026-01-08 18:53:15,891 - INFO: Validation ROC-AUC: 0.479665
2026-01-08 18:53:27,773 - INFO: Evaluating at iteration 501
2026-01-08 18:53:28,786 - INFO: Loss: 0.497003
2026-01-08 18:53:28,786 - INFO: Training ROC-AUC: 0.506410
2026-01-08 18:53:28,786 - INFO: Validation ROC-AUC: 0.376809
2026-01-08 18:53:40,842 - INFO: Evaluating at iteration 1001
2026-01-08 18:53:41,857 - INFO: Loss: 0.354938
2026-01-08 18:53:41,857 - INFO: Training ROC-AUC: 0.696429
2026-01-08 18:53:41,857 - INFO: Validation ROC-AUC: 0.444203
2026-01-08 18:53:53,819 - INFO: Evaluating at iteration 1501
2026-01-08 18:53:54,866 - INFO: Loss: 0.448513
2026-01-08 18:53:54,866 - INFO: Training ROC-AUC: 0.615385
2026-01-08 18:53:54,866 - INFO: Validation ROC-AUC: 0.433307
2026-01-08 18:54:06,890 - INFO: Evaluating at iteration 2001
2026-01-08 18:54:07,896 - INFO: Loss: 0.408105
2026-01-08 18:54:07,896 - INFO: Training ROC-AUC: 0.862857
2026-01-08 18:54:07,896 - INFO: Validation ROC-AUC: 0.534787
2026-01-08 18:54:12,872 - INFO: Starting epoch 2
2026-01-08 18:54:12,897 - INFO: Evaluating at iteration 2206
2026-01-08 18:54:13,916 - INFO: Loss: 0.231161
2026-01-08 18:54:13,916 - INFO: Training ROC-AUC: 0.827586
2026-01-08 18:54:13,916 - INFO: Validation ROC-AUC: 0.571835
2026-01-08 18:54:26,064 - INFO: Evaluating at iteration 2706
2026-01-08 18:54:27,070 - INFO: Loss: 0.503626
2026-01-08 18:54:27,070 - INFO: Training ROC-AUC: 0.723958
2026-01-08 18:54:27,070 - INFO: Validation ROC-AUC: 0.594032
2026-01-08 18:54:39,287 - INFO: Evaluating at iteration 3206
2026-01-08 18:54:40,336 - INFO: Loss: 0.329263
2026-01-08 18:54:40,336 - INFO: Training ROC-AUC: 0.758929
2026-01-08 18:54:40,336 - INFO: Validation ROC-AUC: 0.609243
2026-01-08 18:54:52,612 - INFO: Evaluating at iteration 3706
2026-01-08 18:54:53,627 - INFO: Loss: 0.218326
2026-01-08 18:54:53,627 - INFO: Training ROC-AUC: 0.965714
2026-01-08 18:54:53,627 - INFO: Validation ROC-AUC: 0.613567
2026-01-08 18:55:05,945 - INFO: Evaluating at iteration 4206
2026-01-08 18:55:06,955 - INFO: Loss: 0.284014
2026-01-08 18:55:06,955 - INFO: Training ROC-AUC: 0.931429
2026-01-08 18:55:06,955 - INFO: Validation ROC-AUC: 0.625715
2026-01-08 18:55:11,959 - INFO: Starting epoch 3
2026-01-08 18:55:11,985 - INFO: Evaluating at iteration 4411
2026-01-08 18:55:13,032 - INFO: Loss: 0.368980
2026-01-08 18:55:13,032 - INFO: Training ROC-AUC: 0.854167
2026-01-08 18:55:13,032 - INFO: Validation ROC-AUC: 0.625593
2026-01-08 18:55:25,397 - INFO: Evaluating at iteration 4911
2026-01-08 18:55:26,401 - INFO: Loss: 0.189268
2026-01-08 18:55:26,401 - INFO: Training ROC-AUC: 0.942708
2026-01-08 18:55:26,401 - INFO: Validation ROC-AUC: 0.629529
2026-01-08 18:55:38,707 - INFO: Evaluating at iteration 5411
2026-01-08 18:55:39,712 - INFO: Loss: 0.271169
2026-01-08 18:55:39,712 - INFO: Training ROC-AUC: 0.814815
2026-01-08 18:55:39,712 - INFO: Validation ROC-AUC: 0.626063
2026-01-08 18:55:52,057 - INFO: Evaluating at iteration 5911
2026-01-08 18:55:53,064 - INFO: Loss: 0.375994
2026-01-08 18:55:53,064 - INFO: Training ROC-AUC: 0.741071
2026-01-08 18:55:53,064 - INFO: Validation ROC-AUC: 0.626925
2026-01-08 18:56:05,597 - INFO: Evaluating at iteration 6411
2026-01-08 18:56:06,628 - INFO: Loss: 0.317724
2026-01-08 18:56:06,628 - INFO: Training ROC-AUC: 0.820513
2026-01-08 18:56:06,628 - INFO: Validation ROC-AUC: 0.633766
2026-01-08 18:56:11,722 - INFO: Starting epoch 4
2026-01-08 18:56:11,749 - INFO: Evaluating at iteration 6616
2026-01-08 18:56:12,754 - INFO: Loss: 0.141897
2026-01-08 18:56:12,754 - INFO: Training ROC-AUC: 0.866667
2026-01-08 18:56:12,754 - INFO: Validation ROC-AUC: 0.634882
2026-01-08 18:56:25,250 - INFO: Evaluating at iteration 7116
2026-01-08 18:56:26,271 - INFO: Loss: 0.237363
2026-01-08 18:56:26,271 - INFO: Training ROC-AUC: 0.862069
2026-01-08 18:56:26,271 - INFO: Validation ROC-AUC: 0.621767
2026-01-08 18:56:38,597 - INFO: Evaluating at iteration 7616
2026-01-08 18:56:39,643 - INFO: Loss: 0.166951
2026-01-08 18:56:39,643 - INFO: Training ROC-AUC: 0.964286
2026-01-08 18:56:39,643 - INFO: Validation ROC-AUC: 0.639013
2026-01-08 18:56:52,173 - INFO: Evaluating at iteration 8116
2026-01-08 18:56:53,186 - INFO: Loss: 0.204325
2026-01-08 18:56:53,186 - INFO: Training ROC-AUC: 0.928571
2026-01-08 18:56:53,187 - INFO: Validation ROC-AUC: 0.656109
2026-01-08 18:57:05,714 - INFO: Evaluating at iteration 8616
2026-01-08 18:57:06,730 - INFO: Loss: 0.187857
2026-01-08 18:57:06,730 - INFO: Training ROC-AUC: 0.925926
2026-01-08 18:57:06,730 - INFO: Validation ROC-AUC: 0.654702
2026-01-08 18:57:11,848 - INFO: Starting epoch 5
2026-01-08 18:57:11,875 - INFO: Evaluating at iteration 8821
2026-01-08 18:57:12,867 - INFO: Loss: 0.128018
2026-01-08 18:57:12,867 - INFO: Training ROC-AUC: 0.985185
2026-01-08 18:57:12,867 - INFO: Validation ROC-AUC: 0.656934
2026-01-08 18:57:25,373 - INFO: Evaluating at iteration 9321
2026-01-08 18:57:26,387 - INFO: Loss: 0.323447
2026-01-08 18:57:26,387 - INFO: Training ROC-AUC: 0.807407
2026-01-08 18:57:26,387 - INFO: Validation ROC-AUC: 0.648766
2026-01-08 18:57:38,851 - INFO: Evaluating at iteration 9821
2026-01-08 18:57:39,894 - INFO: Loss: 0.306579
2026-01-08 18:57:39,894 - INFO: Training ROC-AUC: 0.878205
2026-01-08 18:57:39,894 - INFO: Validation ROC-AUC: 0.645245
2026-01-08 18:57:52,350 - INFO: Evaluating at iteration 10321
2026-01-08 18:57:53,362 - INFO: Loss: 0.175170
2026-01-08 18:57:53,362 - INFO: Training ROC-AUC: 0.931034
2026-01-08 18:57:53,362 - INFO: Validation ROC-AUC: 0.652829
2026-01-08 18:58:05,821 - INFO: Evaluating at iteration 10821
2026-01-08 18:58:06,834 - INFO: Loss: 0.278580
2026-01-08 18:58:06,834 - INFO: Training ROC-AUC: 0.908571
2026-01-08 18:58:06,834 - INFO: Validation ROC-AUC: 0.645005
2026-01-08 18:58:11,870 - INFO: Starting epoch 6
2026-01-08 18:58:11,896 - INFO: Evaluating at iteration 11026
2026-01-08 18:58:12,946 - INFO: Loss: 0.230384
2026-01-08 18:58:12,946 - INFO: Training ROC-AUC: 0.950000
2026-01-08 18:58:12,946 - INFO: Validation ROC-AUC: 0.634659
2026-01-08 18:58:25,393 - INFO: Evaluating at iteration 11526
2026-01-08 18:58:26,407 - INFO: Loss: 0.131016
2026-01-08 18:58:26,407 - INFO: Training ROC-AUC: 0.954023
2026-01-08 18:58:26,407 - INFO: Validation ROC-AUC: 0.646415
2026-01-08 18:58:38,821 - INFO: Evaluating at iteration 12026
2026-01-08 18:58:39,833 - INFO: Loss: 0.143005
2026-01-08 18:58:39,833 - INFO: Training ROC-AUC: 0.935484
2026-01-08 18:58:39,833 - INFO: Validation ROC-AUC: 0.643754
2026-01-08 18:58:52,338 - INFO: Evaluating at iteration 12526
2026-01-08 18:58:53,345 - INFO: Loss: 0.260464
2026-01-08 18:58:53,345 - INFO: Training ROC-AUC: 0.972727
2026-01-08 18:58:53,345 - INFO: Validation ROC-AUC: 0.655281
2026-01-08 18:59:05,845 - INFO: Evaluating at iteration 13026
2026-01-08 18:59:06,853 - INFO: Loss: 0.354329
2026-01-08 18:59:06,853 - INFO: Training ROC-AUC: 0.871795
2026-01-08 18:59:06,853 - INFO: Validation ROC-AUC: 0.627442
2026-01-08 18:59:12,003 - INFO: Starting epoch 7
2026-01-08 18:59:12,030 - INFO: Evaluating at iteration 13231
2026-01-08 18:59:13,040 - INFO: Loss: 0.311984
2026-01-08 18:59:13,040 - INFO: Training ROC-AUC: 0.885417
2026-01-08 18:59:13,040 - INFO: Validation ROC-AUC: 0.636317
2026-01-08 18:59:25,530 - INFO: Evaluating at iteration 13731
2026-01-08 18:59:26,582 - INFO: Loss: 0.226338
2026-01-08 18:59:26,582 - INFO: Training ROC-AUC: 0.888889
2026-01-08 18:59:26,582 - INFO: Validation ROC-AUC: 0.641447
2026-01-08 18:59:38,950 - INFO: Evaluating at iteration 14231
2026-01-08 18:59:39,972 - INFO: Loss: 0.279558
2026-01-08 18:59:39,972 - INFO: Training ROC-AUC: 0.946860
2026-01-08 18:59:39,973 - INFO: Validation ROC-AUC: 0.638128
2026-01-08 18:59:52,513 - INFO: Evaluating at iteration 14731
2026-01-08 18:59:53,521 - INFO: Loss: 0.164480
2026-01-08 18:59:53,521 - INFO: Training ROC-AUC: 0.977143
2026-01-08 18:59:53,521 - INFO: Validation ROC-AUC: 0.623694
2026-01-08 19:00:06,022 - INFO: Evaluating at iteration 15231
2026-01-08 19:00:07,029 - INFO: Loss: 0.246003
2026-01-08 19:00:07,029 - INFO: Training ROC-AUC: 0.948718
2026-01-08 19:00:07,029 - INFO: Validation ROC-AUC: 0.632242
2026-01-08 19:00:12,048 - INFO: Starting epoch 8
2026-01-08 19:00:12,074 - INFO: Evaluating at iteration 15436
2026-01-08 19:00:13,082 - INFO: Loss: 0.188288
2026-01-08 19:00:13,082 - INFO: Training ROC-AUC: 0.928571
2026-01-08 19:00:13,082 - INFO: Validation ROC-AUC: 0.633334
2026-01-08 19:00:25,671 - INFO: Evaluating at iteration 15936
2026-01-08 19:00:26,716 - INFO: Loss: 0.226106
2026-01-08 19:00:26,716 - INFO: Training ROC-AUC: 0.923077
2026-01-08 19:00:26,716 - INFO: Validation ROC-AUC: 0.637525
2026-01-08 19:00:39,151 - INFO: Evaluating at iteration 16436
2026-01-08 19:00:40,184 - INFO: Loss: 0.224650
2026-01-08 19:00:40,184 - INFO: Training ROC-AUC: 0.948718
2026-01-08 19:00:40,184 - INFO: Validation ROC-AUC: 0.645672
2026-01-08 19:00:52,762 - INFO: Evaluating at iteration 16936
2026-01-08 19:00:53,791 - INFO: Loss: 0.182401
2026-01-08 19:00:53,791 - INFO: Training ROC-AUC: 0.977778
2026-01-08 19:00:53,791 - INFO: Validation ROC-AUC: 0.642407
2026-01-08 19:01:06,459 - INFO: Evaluating at iteration 17436
2026-01-08 19:01:07,466 - INFO: Loss: 0.265619
2026-01-08 19:01:07,466 - INFO: Training ROC-AUC: 0.875000
2026-01-08 19:01:07,466 - INFO: Validation ROC-AUC: 0.635300
2026-01-08 19:01:12,782 - INFO: Starting epoch 9
2026-01-08 19:01:12,809 - INFO: Evaluating at iteration 17641
2026-01-08 19:01:13,833 - INFO: Loss: 0.361068
2026-01-08 19:01:13,833 - INFO: Training ROC-AUC: 0.840000
2026-01-08 19:01:13,833 - INFO: Validation ROC-AUC: 0.635308
2026-01-08 19:01:26,460 - INFO: Evaluating at iteration 18141
2026-01-08 19:01:27,486 - INFO: Loss: 0.373736
2026-01-08 19:01:27,487 - INFO: Training ROC-AUC: 0.902857
2026-01-08 19:01:27,487 - INFO: Validation ROC-AUC: 0.634357
2026-01-08 19:01:39,973 - INFO: Evaluating at iteration 18641
2026-01-08 19:01:40,995 - INFO: Loss: 0.155522
2026-01-08 19:01:40,995 - INFO: Training ROC-AUC: 0.985185
2026-01-08 19:01:40,995 - INFO: Validation ROC-AUC: 0.638238
2026-01-08 19:01:53,523 - INFO: Evaluating at iteration 19141
2026-01-08 19:01:54,549 - INFO: Loss: 0.230984
2026-01-08 19:01:54,550 - INFO: Training ROC-AUC: 0.948718
2026-01-08 19:01:54,550 - INFO: Validation ROC-AUC: 0.641049
2026-01-08 19:02:07,148 - INFO: Evaluating at iteration 19641
2026-01-08 19:02:08,153 - INFO: Loss: 0.277363
2026-01-08 19:02:08,153 - INFO: Training ROC-AUC: 0.925714
2026-01-08 19:02:08,153 - INFO: Validation ROC-AUC: 0.640683
2026-01-08 19:02:13,269 - INFO: Starting epoch 10
2026-01-08 19:02:13,295 - INFO: Evaluating at iteration 19846
2026-01-08 19:02:14,303 - INFO: Loss: 0.217728
2026-01-08 19:02:14,303 - INFO: Training ROC-AUC: 0.892857
2026-01-08 19:02:14,303 - INFO: Validation ROC-AUC: 0.635842
2026-01-08 19:02:26,766 - INFO: Evaluating at iteration 20346
2026-01-08 19:02:27,792 - INFO: Loss: 0.111443
2026-01-08 19:02:27,792 - INFO: Training ROC-AUC: 1.000000
2026-01-08 19:02:27,793 - INFO: Validation ROC-AUC: 0.632655
2026-01-08 19:02:40,195 - INFO: Evaluating at iteration 20846
2026-01-08 19:02:41,214 - INFO: Loss: 0.132815
2026-01-08 19:02:41,214 - INFO: Training ROC-AUC: 0.979167
2026-01-08 19:02:41,214 - INFO: Validation ROC-AUC: 0.645249
2026-01-08 19:02:53,631 - INFO: Evaluating at iteration 21346
2026-01-08 19:02:54,638 - INFO: Loss: 0.108900
2026-01-08 19:02:54,639 - INFO: Training ROC-AUC: 0.992593
2026-01-08 19:02:54,639 - INFO: Validation ROC-AUC: 0.635950
2026-01-08 19:03:07,107 - INFO: Evaluating at iteration 21846
2026-01-08 19:03:08,136 - INFO: Loss: 0.213328
2026-01-08 19:03:08,137 - INFO: Training ROC-AUC: 0.971429
2026-01-08 19:03:08,137 - INFO: Validation ROC-AUC: 0.643555
2026-01-08 19:03:13,285 - INFO: Starting epoch 11
2026-01-08 19:03:13,311 - INFO: Evaluating at iteration 22051
2026-01-08 19:03:14,344 - INFO: Loss: 0.227971
2026-01-08 19:03:14,344 - INFO: Training ROC-AUC: 0.885057
2026-01-08 19:03:14,344 - INFO: Validation ROC-AUC: 0.646016
2026-01-08 19:03:26,755 - INFO: Evaluating at iteration 22551
2026-01-08 19:03:27,777 - INFO: Loss: 0.110790
2026-01-08 19:03:27,777 - INFO: Training ROC-AUC: 0.950000
2026-01-08 19:03:27,777 - INFO: Validation ROC-AUC: 0.636168
2026-01-08 19:03:40,207 - INFO: Evaluating at iteration 23051
2026-01-08 19:03:41,244 - INFO: Loss: 0.199991
2026-01-08 19:03:41,244 - INFO: Training ROC-AUC: 0.942529
2026-01-08 19:03:41,244 - INFO: Validation ROC-AUC: 0.633152
2026-01-08 19:03:53,609 - INFO: Evaluating at iteration 23551
2026-01-08 19:03:54,615 - INFO: Loss: 0.229095
2026-01-08 19:03:54,615 - INFO: Training ROC-AUC: 0.983333
2026-01-08 19:03:54,615 - INFO: Validation ROC-AUC: 0.641215
2026-01-08 19:04:07,077 - INFO: Evaluating at iteration 24051
2026-01-08 19:04:08,102 - INFO: Loss: 0.200994
2026-01-08 19:04:08,102 - INFO: Training ROC-AUC: 0.967949
2026-01-08 19:04:08,102 - INFO: Validation ROC-AUC: 0.633542
2026-01-08 19:04:13,178 - INFO: Starting epoch 12
2026-01-08 19:04:13,204 - INFO: Evaluating at iteration 24256
2026-01-08 19:04:14,216 - INFO: Loss: 0.227077
2026-01-08 19:04:14,216 - INFO: Training ROC-AUC: 0.969697
2026-01-08 19:04:14,216 - INFO: Validation ROC-AUC: 0.636673
2026-01-08 19:04:26,640 - INFO: Evaluating at iteration 24756
2026-01-08 19:04:27,666 - INFO: Loss: 0.165153
2026-01-08 19:04:27,666 - INFO: Training ROC-AUC: 0.988571
2026-01-08 19:04:27,667 - INFO: Validation ROC-AUC: 0.636413
2026-01-08 19:04:40,104 - INFO: Evaluating at iteration 25256
2026-01-08 19:04:41,124 - INFO: Loss: 0.176994
2026-01-08 19:04:41,124 - INFO: Training ROC-AUC: 0.946429
2026-01-08 19:04:41,124 - INFO: Validation ROC-AUC: 0.638114
2026-01-08 19:04:53,763 - INFO: Evaluating at iteration 25756
2026-01-08 19:04:54,770 - INFO: Loss: 0.111065
2026-01-08 19:04:54,770 - INFO: Training ROC-AUC: 1.000000
2026-01-08 19:04:54,770 - INFO: Validation ROC-AUC: 0.642981
2026-01-08 19:05:07,272 - INFO: Evaluating at iteration 26256
2026-01-08 19:05:08,294 - INFO: Loss: 0.242479
2026-01-08 19:05:08,295 - INFO: Training ROC-AUC: 0.918519
2026-01-08 19:05:08,295 - INFO: Validation ROC-AUC: 0.642131
2026-01-08 19:05:13,413 - INFO: Starting epoch 13
2026-01-08 19:05:13,439 - INFO: Evaluating at iteration 26461
2026-01-08 19:05:14,444 - INFO: Loss: 0.075779
2026-01-08 19:05:14,444 - INFO: Training ROC-AUC: 1.000000
2026-01-08 19:05:14,444 - INFO: Validation ROC-AUC: 0.636941
2026-01-08 19:05:26,973 - INFO: Evaluating at iteration 26961
2026-01-08 19:05:28,007 - INFO: Loss: 0.303206
2026-01-08 19:05:28,007 - INFO: Training ROC-AUC: 0.914286
2026-01-08 19:05:28,007 - INFO: Validation ROC-AUC: 0.641609
2026-01-08 19:05:40,502 - INFO: Evaluating at iteration 27461
2026-01-08 19:05:41,561 - INFO: Loss: 0.094195
2026-01-08 19:05:41,561 - INFO: Training ROC-AUC: 1.000000
2026-01-08 19:05:41,561 - INFO: Validation ROC-AUC: 0.632156
2026-01-08 19:05:54,180 - INFO: Evaluating at iteration 27961
2026-01-08 19:05:55,195 - INFO: Loss: 0.137037
2026-01-08 19:05:55,195 - INFO: Training ROC-AUC: 1.000000
2026-01-08 19:05:55,195 - INFO: Validation ROC-AUC: 0.647972
2026-01-08 19:06:07,744 - INFO: Evaluating at iteration 28461
2026-01-08 19:06:08,768 - INFO: Loss: 0.152205
2026-01-08 19:06:08,768 - INFO: Training ROC-AUC: 0.946429
2026-01-08 19:06:08,768 - INFO: Validation ROC-AUC: 0.631465
2026-01-08 19:06:13,890 - INFO: Starting epoch 14
2026-01-08 19:06:13,917 - INFO: Evaluating at iteration 28666
2026-01-08 19:06:14,928 - INFO: Loss: 0.121406
2026-01-08 19:06:14,928 - INFO: Training ROC-AUC: 1.000000
2026-01-08 19:06:14,928 - INFO: Validation ROC-AUC: 0.642600
2026-01-08 19:06:27,631 - INFO: Evaluating at iteration 29166
2026-01-08 19:06:28,674 - INFO: Loss: 0.180741
2026-01-08 19:06:28,674 - INFO: Training ROC-AUC: 0.990909
2026-01-08 19:06:28,674 - INFO: Validation ROC-AUC: 0.654229
2026-01-08 19:06:41,403 - INFO: Evaluating at iteration 29666
2026-01-08 19:06:42,422 - INFO: Loss: 0.133630
2026-01-08 19:06:42,422 - INFO: Training ROC-AUC: 0.993590
2026-01-08 19:06:42,422 - INFO: Validation ROC-AUC: 0.642682
2026-01-08 19:06:55,155 - INFO: Evaluating at iteration 30166
2026-01-08 19:06:56,163 - INFO: Loss: 0.322864
2026-01-08 19:06:56,163 - INFO: Training ROC-AUC: 0.888889
2026-01-08 19:06:56,163 - INFO: Validation ROC-AUC: 0.641509
2026-01-08 19:07:09,030 - INFO: Evaluating at iteration 30666
2026-01-08 19:07:10,060 - INFO: Loss: 0.144163
2026-01-08 19:07:10,060 - INFO: Training ROC-AUC: 0.977143
2026-01-08 19:07:10,060 - INFO: Validation ROC-AUC: 0.632176
2026-01-08 19:07:15,195 - INFO: Starting epoch 15
2026-01-08 19:07:15,222 - INFO: Evaluating at iteration 30871
2026-01-08 19:07:16,229 - INFO: Loss: 0.102416
2026-01-08 19:07:16,229 - INFO: Training ROC-AUC: 1.000000
2026-01-08 19:07:16,229 - INFO: Validation ROC-AUC: 0.637155
2026-01-08 19:07:29,009 - INFO: Evaluating at iteration 31371
2026-01-08 19:07:30,064 - INFO: Loss: 0.061192
2026-01-08 19:07:30,064 - INFO: Training ROC-AUC: 1.000000
2026-01-08 19:07:30,064 - INFO: Validation ROC-AUC: 0.639524
2026-01-08 19:07:42,690 - INFO: Evaluating at iteration 31871
2026-01-08 19:07:43,729 - INFO: Loss: 0.042856
2026-01-08 19:07:43,729 - INFO: Training ROC-AUC: 1.000000
2026-01-08 19:07:43,729 - INFO: Validation ROC-AUC: 0.643546
2026-01-08 19:07:56,550 - INFO: Evaluating at iteration 32371
2026-01-08 19:07:57,589 - INFO: Loss: 0.188872
2026-01-08 19:07:57,589 - INFO: Training ROC-AUC: 0.925926
2026-01-08 19:07:57,589 - INFO: Validation ROC-AUC: 0.636471
2026-01-08 19:08:10,469 - INFO: Evaluating at iteration 32871
2026-01-08 19:08:11,520 - INFO: Loss: 0.055166
2026-01-08 19:08:11,520 - INFO: Training ROC-AUC: 1.000000
2026-01-08 19:08:11,520 - INFO: Validation ROC-AUC: 0.638101
2026-01-08 19:08:16,778 - INFO: Starting epoch 16
2026-01-08 19:08:16,807 - INFO: Evaluating at iteration 33076
2026-01-08 19:08:17,815 - INFO: Loss: 0.131015
2026-01-08 19:08:17,815 - INFO: Training ROC-AUC: 1.000000
2026-01-08 19:08:17,815 - INFO: Validation ROC-AUC: 0.636680
2026-01-08 19:08:30,888 - INFO: Evaluating at iteration 33576
2026-01-08 19:08:31,907 - INFO: Loss: 0.234286
2026-01-08 19:08:31,907 - INFO: Training ROC-AUC: 0.953125
2026-01-08 19:08:31,907 - INFO: Validation ROC-AUC: 0.629871
2026-01-08 19:08:45,103 - INFO: Evaluating at iteration 34076
2026-01-08 19:08:46,131 - INFO: Loss: 0.137277
2026-01-08 19:08:46,132 - INFO: Training ROC-AUC: 0.977011
2026-01-08 19:08:46,132 - INFO: Validation ROC-AUC: 0.631526
2026-01-08 19:08:59,156 - INFO: Evaluating at iteration 34576
2026-01-08 19:09:00,178 - INFO: Loss: 0.221828
2026-01-08 19:09:00,178 - INFO: Training ROC-AUC: 0.981818
2026-01-08 19:09:00,178 - INFO: Validation ROC-AUC: 0.634695
2026-01-08 19:09:13,377 - INFO: Evaluating at iteration 35076
2026-01-08 19:09:14,383 - INFO: Loss: 0.040631
2026-01-08 19:09:14,383 - INFO: Training ROC-AUC: 1.000000
2026-01-08 19:09:14,383 - INFO: Validation ROC-AUC: 0.646475
2026-01-08 19:09:19,830 - INFO: Starting epoch 17
2026-01-08 19:09:19,859 - INFO: Evaluating at iteration 35281
2026-01-08 19:09:20,879 - INFO: Loss: 0.210235
2026-01-08 19:09:20,879 - INFO: Training ROC-AUC: 0.960000
2026-01-08 19:09:20,879 - INFO: Validation ROC-AUC: 0.641873
2026-01-08 19:09:34,558 - INFO: Evaluating at iteration 35781
2026-01-08 19:09:35,589 - INFO: Loss: 0.069212
2026-01-08 19:09:35,590 - INFO: Training ROC-AUC: 1.000000
2026-01-08 19:09:35,590 - INFO: Validation ROC-AUC: 0.640730
2026-01-08 19:09:49,111 - INFO: Evaluating at iteration 36281
2026-01-08 19:09:50,180 - INFO: Loss: 0.142581
2026-01-08 19:09:50,180 - INFO: Training ROC-AUC: 0.977143
2026-01-08 19:09:50,180 - INFO: Validation ROC-AUC: 0.646085
2026-01-08 19:10:03,893 - INFO: Evaluating at iteration 36781
2026-01-08 19:10:04,943 - INFO: Loss: 0.070620
2026-01-08 19:10:04,943 - INFO: Training ROC-AUC: 1.000000
2026-01-08 19:10:04,943 - INFO: Validation ROC-AUC: 0.637643
2026-01-08 19:10:18,446 - INFO: Evaluating at iteration 37281
2026-01-08 19:10:19,485 - INFO: Loss: 0.174020
2026-01-08 19:10:19,485 - INFO: Training ROC-AUC: 0.965714
2026-01-08 19:10:19,485 - INFO: Validation ROC-AUC: 0.627440
2026-01-08 19:10:24,913 - INFO: Starting epoch 18
2026-01-08 19:10:24,939 - INFO: Evaluating at iteration 37486
2026-01-08 19:10:25,959 - INFO: Loss: 0.036098
2026-01-08 19:10:25,959 - INFO: Training ROC-AUC: 1.000000
2026-01-08 19:10:25,959 - INFO: Validation ROC-AUC: 0.628322
2026-01-08 19:10:39,442 - INFO: Evaluating at iteration 37986
2026-01-08 19:10:40,482 - INFO: Loss: 0.102171
2026-01-08 19:10:40,482 - INFO: Training ROC-AUC: 0.990338
2026-01-08 19:10:40,482 - INFO: Validation ROC-AUC: 0.627752
2026-01-08 19:10:54,099 - INFO: Evaluating at iteration 38486
2026-01-08 19:10:55,128 - INFO: Loss: 0.145920
2026-01-08 19:10:55,128 - INFO: Training ROC-AUC: 0.966667
2026-01-08 19:10:55,128 - INFO: Validation ROC-AUC: 0.630524
2026-01-08 19:11:08,932 - INFO: Evaluating at iteration 38986
2026-01-08 19:11:09,965 - INFO: Loss: 0.034348
2026-01-08 19:11:09,965 - INFO: Training ROC-AUC: 1.000000
2026-01-08 19:11:09,965 - INFO: Validation ROC-AUC: 0.631510
2026-01-08 19:11:23,460 - INFO: Evaluating at iteration 39486
2026-01-08 19:11:24,468 - INFO: Loss: 0.053261
2026-01-08 19:11:24,468 - INFO: Training ROC-AUC: 1.000000
2026-01-08 19:11:24,468 - INFO: Validation ROC-AUC: 0.631889
2026-01-08 19:11:30,027 - INFO: Starting epoch 19
2026-01-08 19:11:30,055 - INFO: Evaluating at iteration 39691
2026-01-08 19:11:31,092 - INFO: Loss: 0.040872
2026-01-08 19:11:31,092 - INFO: Training ROC-AUC: 1.000000
2026-01-08 19:11:31,092 - INFO: Validation ROC-AUC: 0.639023
2026-01-08 19:11:44,974 - INFO: Evaluating at iteration 40191
2026-01-08 19:11:46,000 - INFO: Loss: 0.198185
2026-01-08 19:11:46,000 - INFO: Training ROC-AUC: 0.967949
2026-01-08 19:11:46,000 - INFO: Validation ROC-AUC: 0.643098
2026-01-08 19:11:59,777 - INFO: Evaluating at iteration 40691
2026-01-08 19:12:00,787 - INFO: Loss: 0.288644
2026-01-08 19:12:00,787 - INFO: Training ROC-AUC: 0.943723
2026-01-08 19:12:00,787 - INFO: Validation ROC-AUC: 0.640576
2026-01-08 19:12:14,654 - INFO: Evaluating at iteration 41191
2026-01-08 19:12:15,678 - INFO: Loss: 0.071941
2026-01-08 19:12:15,679 - INFO: Training ROC-AUC: 1.000000
2026-01-08 19:12:15,679 - INFO: Validation ROC-AUC: 0.642826
2026-01-08 19:12:29,551 - INFO: Evaluating at iteration 41691
2026-01-08 19:12:30,588 - INFO: Loss: 0.119821
2026-01-08 19:12:30,588 - INFO: Training ROC-AUC: 0.985185
2026-01-08 19:12:30,588 - INFO: Validation ROC-AUC: 0.632915
2026-01-08 19:12:36,180 - INFO: Starting epoch 20
2026-01-08 19:12:36,210 - INFO: Evaluating at iteration 41896
2026-01-08 19:12:37,239 - INFO: Loss: 0.162421
2026-01-08 19:12:37,239 - INFO: Training ROC-AUC: 0.974359
2026-01-08 19:12:37,239 - INFO: Validation ROC-AUC: 0.631225
2026-01-08 19:12:51,167 - INFO: Evaluating at iteration 42396
2026-01-08 19:12:52,169 - INFO: Loss: 0.044880
2026-01-08 19:12:52,170 - INFO: Training ROC-AUC: 1.000000
2026-01-08 19:12:52,170 - INFO: Validation ROC-AUC: 0.629248
2026-01-08 19:13:06,079 - INFO: Evaluating at iteration 42896
2026-01-08 19:13:07,107 - INFO: Loss: 0.023381
2026-01-08 19:13:07,107 - INFO: Training ROC-AUC: 1.000000
2026-01-08 19:13:07,107 - INFO: Validation ROC-AUC: 0.634421
2026-01-08 19:13:21,116 - INFO: Evaluating at iteration 43396
2026-01-08 19:13:22,117 - INFO: Loss: 0.038058
2026-01-08 19:13:22,117 - INFO: Training ROC-AUC: 1.000000
2026-01-08 19:13:22,117 - INFO: Validation ROC-AUC: 0.637380
2026-01-08 19:13:36,092 - INFO: Evaluating at iteration 43896
2026-01-08 19:13:37,129 - INFO: Loss: 0.102025
2026-01-08 19:13:37,129 - INFO: Training ROC-AUC: 1.000000
2026-01-08 19:13:37,129 - INFO: Validation ROC-AUC: 0.633733
2026-01-08 19:13:42,796 - INFO: Starting epoch 21
2026-01-08 19:13:42,821 - INFO: Evaluating at iteration 44101
2026-01-08 19:13:43,824 - INFO: Loss: 0.051935
2026-01-08 19:13:43,825 - INFO: Training ROC-AUC: 1.000000
2026-01-08 19:13:43,825 - INFO: Validation ROC-AUC: 0.636727
2026-01-08 19:13:57,727 - INFO: Evaluating at iteration 44601
2026-01-08 19:13:58,744 - INFO: Loss: 0.031649
2026-01-08 19:13:58,744 - INFO: Training ROC-AUC: 1.000000
2026-01-08 19:13:58,744 - INFO: Validation ROC-AUC: 0.635605
2026-01-08 19:14:12,575 - INFO: Evaluating at iteration 45101
2026-01-08 19:14:13,594 - INFO: Loss: 0.086635
2026-01-08 19:14:13,594 - INFO: Training ROC-AUC: 0.994286
2026-01-08 19:14:13,594 - INFO: Validation ROC-AUC: 0.633478
2026-01-08 19:14:27,700 - INFO: Evaluating at iteration 45601
2026-01-08 19:14:28,705 - INFO: Loss: 0.231057
2026-01-08 19:14:28,705 - INFO: Training ROC-AUC: 1.000000
2026-01-08 19:14:28,705 - INFO: Validation ROC-AUC: 0.624963
2026-01-08 19:14:42,777 - INFO: Evaluating at iteration 46101
2026-01-08 19:14:43,818 - INFO: Loss: 0.035330
2026-01-08 19:14:43,818 - INFO: Training ROC-AUC: 1.000000
2026-01-08 19:14:43,818 - INFO: Validation ROC-AUC: 0.626850
2026-01-08 19:14:49,486 - INFO: Starting epoch 22
2026-01-08 19:14:49,519 - INFO: Evaluating at iteration 46306
2026-01-08 19:14:50,530 - INFO: Loss: 0.026566
2026-01-08 19:14:50,530 - INFO: Training ROC-AUC: 1.000000
2026-01-08 19:14:50,530 - INFO: Validation ROC-AUC: 0.641465
2026-01-08 19:15:04,490 - INFO: Evaluating at iteration 46806
2026-01-08 19:15:05,532 - INFO: Loss: 0.018334
2026-01-08 19:15:05,532 - INFO: Training ROC-AUC: 1.000000
2026-01-08 19:15:05,532 - INFO: Validation ROC-AUC: 0.623316
2026-01-08 19:15:19,622 - INFO: Evaluating at iteration 47306
2026-01-08 19:15:20,634 - INFO: Loss: 0.067828
2026-01-08 19:15:20,635 - INFO: Training ROC-AUC: 1.000000
2026-01-08 19:15:20,635 - INFO: Validation ROC-AUC: 0.630284
2026-01-08 19:15:34,657 - INFO: Evaluating at iteration 47806
2026-01-08 19:15:35,683 - INFO: Loss: 0.055819
2026-01-08 19:15:35,683 - INFO: Training ROC-AUC: 1.000000
2026-01-08 19:15:35,683 - INFO: Validation ROC-AUC: 0.633578
2026-01-08 19:15:49,648 - INFO: Evaluating at iteration 48306
2026-01-08 19:15:50,687 - INFO: Loss: 0.016986
2026-01-08 19:15:50,687 - INFO: Training ROC-AUC: 1.000000
2026-01-08 19:15:50,687 - INFO: Validation ROC-AUC: 0.638708
2026-01-08 19:15:56,354 - INFO: Starting epoch 23
2026-01-08 19:15:56,383 - INFO: Evaluating at iteration 48511
2026-01-08 19:15:57,391 - INFO: Loss: 0.176526
2026-01-08 19:15:57,391 - INFO: Training ROC-AUC: 0.995671
2026-01-08 19:15:57,391 - INFO: Validation ROC-AUC: 0.642420
2026-01-08 19:16:11,448 - INFO: Evaluating at iteration 49011
2026-01-08 19:16:12,458 - INFO: Loss: 0.056240
2026-01-08 19:16:12,458 - INFO: Training ROC-AUC: 1.000000
2026-01-08 19:16:12,458 - INFO: Validation ROC-AUC: 0.635098
2026-01-08 19:16:26,426 - INFO: Evaluating at iteration 49511
2026-01-08 19:16:27,437 - INFO: Loss: 0.012963
2026-01-08 19:16:27,437 - INFO: Training ROC-AUC: 1.000000
2026-01-08 19:16:27,437 - INFO: Validation ROC-AUC: 0.637434
2026-01-08 19:16:41,532 - INFO: Evaluating at iteration 50011
2026-01-08 19:16:42,549 - INFO: Loss: 0.043004
2026-01-08 19:16:42,549 - INFO: Training ROC-AUC: 1.000000
2026-01-08 19:16:42,549 - INFO: Validation ROC-AUC: 0.628983
2026-01-08 19:16:56,475 - INFO: Evaluating at iteration 50511
2026-01-08 19:16:57,514 - INFO: Loss: 0.044933
2026-01-08 19:16:57,514 - INFO: Training ROC-AUC: 1.000000
2026-01-08 19:16:57,514 - INFO: Validation ROC-AUC: 0.633342
2026-01-08 19:17:03,349 - INFO: Starting epoch 24
2026-01-08 19:17:03,376 - INFO: Evaluating at iteration 50716
2026-01-08 19:17:04,411 - INFO: Loss: 0.030783
2026-01-08 19:17:04,411 - INFO: Training ROC-AUC: 1.000000
2026-01-08 19:17:04,412 - INFO: Validation ROC-AUC: 0.638465
2026-01-08 19:17:18,379 - INFO: Evaluating at iteration 51216
2026-01-08 19:17:19,410 - INFO: Loss: 0.017034
2026-01-08 19:17:19,410 - INFO: Training ROC-AUC: 1.000000
2026-01-08 19:17:19,410 - INFO: Validation ROC-AUC: 0.629578
2026-01-08 19:17:33,509 - INFO: Evaluating at iteration 51716
2026-01-08 19:17:34,556 - INFO: Loss: 0.037437
2026-01-08 19:17:34,556 - INFO: Training ROC-AUC: 1.000000
2026-01-08 19:17:34,556 - INFO: Validation ROC-AUC: 0.631955
2026-01-08 19:17:48,464 - INFO: Evaluating at iteration 52216
2026-01-08 19:17:49,572 - INFO: Loss: 0.077978
2026-01-08 19:17:49,573 - INFO: Training ROC-AUC: 1.000000
2026-01-08 19:17:49,573 - INFO: Validation ROC-AUC: 0.633657
2026-01-08 19:18:03,492 - INFO: Evaluating at iteration 52716
2026-01-08 19:18:04,536 - INFO: Loss: 0.001987
2026-01-08 19:18:04,536 - INFO: Training ROC-AUC: 1.000000
2026-01-08 19:18:04,536 - INFO: Validation ROC-AUC: 0.635372
2026-01-08 19:18:10,361 - INFO: Starting epoch 25
2026-01-08 19:18:10,392 - INFO: Evaluating at iteration 52921
2026-01-08 19:18:11,406 - INFO: Loss: 0.217265
2026-01-08 19:18:11,406 - INFO: Training ROC-AUC: 0.967949
2026-01-08 19:18:11,406 - INFO: Validation ROC-AUC: 0.634413
2026-01-08 19:18:25,347 - INFO: Evaluating at iteration 53421
2026-01-08 19:18:26,361 - INFO: Loss: 0.003660
2026-01-08 19:18:26,361 - INFO: Training ROC-AUC: 1.000000
2026-01-08 19:18:26,361 - INFO: Validation ROC-AUC: 0.629146
2026-01-08 19:18:40,338 - INFO: Evaluating at iteration 53921
2026-01-08 19:18:41,369 - INFO: Loss: 0.034231
2026-01-08 19:18:41,369 - INFO: Training ROC-AUC: 1.000000
2026-01-08 19:18:41,369 - INFO: Validation ROC-AUC: 0.638087
2026-01-08 19:18:55,270 - INFO: Evaluating at iteration 54421
2026-01-08 19:18:56,279 - INFO: Loss: 0.030522
2026-01-08 19:18:56,279 - INFO: Training ROC-AUC: 1.000000
2026-01-08 19:18:56,279 - INFO: Validation ROC-AUC: 0.635097
2026-01-08 19:19:10,308 - INFO: Evaluating at iteration 54921
2026-01-08 19:19:11,341 - INFO: Loss: 0.037078
2026-01-08 19:19:11,341 - INFO: Training ROC-AUC: 1.000000
2026-01-08 19:19:11,341 - INFO: Validation ROC-AUC: 0.632676
2026-01-08 19:19:17,017 - INFO: Saving model to models/TCRStructMap_peptide_split_sequence_only/model_4.pt
2026-01-08 19:19:17,041 - INFO: Starting fold 5
2026-01-08 19:19:17,131 - INFO: Initialising model
2026-01-08 19:19:17,143 - INFO: Starting training
2026-01-08 19:19:17,143 - INFO: Starting epoch 1
2026-01-08 19:19:17,169 - INFO: Evaluating at iteration 1
2026-01-08 19:19:18,198 - INFO: Loss: 0.690929
2026-01-08 19:19:18,198 - INFO: Training ROC-AUC: 0.500000
2026-01-08 19:19:18,198 - INFO: Validation ROC-AUC: 0.549007
2026-01-08 19:19:29,686 - INFO: Evaluating at iteration 501
2026-01-08 19:19:30,709 - INFO: Loss: 0.472707
2026-01-08 19:19:30,709 - INFO: Training ROC-AUC: 0.621795
2026-01-08 19:19:30,709 - INFO: Validation ROC-AUC: 0.570613
2026-01-08 19:19:42,377 - INFO: Evaluating at iteration 1001
2026-01-08 19:19:43,409 - INFO: Loss: 0.273110
2026-01-08 19:19:43,409 - INFO: Training ROC-AUC: 0.850575
2026-01-08 19:19:43,409 - INFO: Validation ROC-AUC: 0.567627
2026-01-08 19:19:54,926 - INFO: Evaluating at iteration 1501
2026-01-08 19:19:55,990 - INFO: Loss: 0.361888
2026-01-08 19:19:55,990 - INFO: Training ROC-AUC: 0.563218
2026-01-08 19:19:55,990 - INFO: Validation ROC-AUC: 0.580736
2026-01-08 19:20:07,426 - INFO: Evaluating at iteration 2001
2026-01-08 19:20:08,479 - INFO: Loss: 0.338344
2026-01-08 19:20:08,479 - INFO: Training ROC-AUC: 0.758929
2026-01-08 19:20:08,479 - INFO: Validation ROC-AUC: 0.638653
2026-01-08 19:20:12,894 - INFO: Starting epoch 2
2026-01-08 19:20:12,918 - INFO: Evaluating at iteration 2193
2026-01-08 19:20:13,950 - INFO: Loss: 0.402918
2026-01-08 19:20:13,950 - INFO: Training ROC-AUC: 0.771429
2026-01-08 19:20:13,950 - INFO: Validation ROC-AUC: 0.647703
2026-01-08 19:20:25,586 - INFO: Evaluating at iteration 2693
2026-01-08 19:20:26,618 - INFO: Loss: 0.267969
2026-01-08 19:20:26,619 - INFO: Training ROC-AUC: 0.785714
2026-01-08 19:20:26,619 - INFO: Validation ROC-AUC: 0.652161
2026-01-08 19:20:38,159 - INFO: Evaluating at iteration 3193
2026-01-08 19:20:39,191 - INFO: Loss: 0.339386
2026-01-08 19:20:39,191 - INFO: Training ROC-AUC: 0.875000
2026-01-08 19:20:39,191 - INFO: Validation ROC-AUC: 0.682102
2026-01-08 19:20:50,818 - INFO: Evaluating at iteration 3693
2026-01-08 19:20:51,855 - INFO: Loss: 0.329070
2026-01-08 19:20:51,855 - INFO: Training ROC-AUC: 0.718519
2026-01-08 19:20:51,855 - INFO: Validation ROC-AUC: 0.721685
2026-01-08 19:21:03,450 - INFO: Evaluating at iteration 4193
2026-01-08 19:21:04,519 - INFO: Loss: 0.164525
2026-01-08 19:21:04,519 - INFO: Training ROC-AUC: 0.896552
2026-01-08 19:21:04,520 - INFO: Validation ROC-AUC: 0.719653
2026-01-08 19:21:09,027 - INFO: Starting epoch 3
2026-01-08 19:21:09,052 - INFO: Evaluating at iteration 4385
2026-01-08 19:21:10,083 - INFO: Loss: 0.354563
2026-01-08 19:21:10,084 - INFO: Training ROC-AUC: 0.770370
2026-01-08 19:21:10,084 - INFO: Validation ROC-AUC: 0.725424
2026-01-08 19:21:21,892 - INFO: Evaluating at iteration 4885
2026-01-08 19:21:22,922 - INFO: Loss: 0.196678
2026-01-08 19:21:22,922 - INFO: Training ROC-AUC: 0.965714
2026-01-08 19:21:22,922 - INFO: Validation ROC-AUC: 0.745483
2026-01-08 19:21:34,540 - INFO: Evaluating at iteration 5385
2026-01-08 19:21:35,583 - INFO: Loss: 0.172760
2026-01-08 19:21:35,583 - INFO: Training ROC-AUC: 0.806452
2026-01-08 19:21:35,583 - INFO: Validation ROC-AUC: 0.736233
2026-01-08 19:21:47,125 - INFO: Evaluating at iteration 5885
2026-01-08 19:21:48,154 - INFO: Loss: 0.280582
2026-01-08 19:21:48,154 - INFO: Training ROC-AUC: 0.848214
2026-01-08 19:21:48,155 - INFO: Validation ROC-AUC: 0.730968
2026-01-08 19:21:59,866 - INFO: Evaluating at iteration 6385
2026-01-08 19:22:00,907 - INFO: Loss: 0.182494
2026-01-08 19:22:00,907 - INFO: Training ROC-AUC: 0.940741
2026-01-08 19:22:00,907 - INFO: Validation ROC-AUC: 0.736639
2026-01-08 19:22:05,429 - INFO: Starting epoch 4
2026-01-08 19:22:05,454 - INFO: Evaluating at iteration 6577
2026-01-08 19:22:06,484 - INFO: Loss: 0.297086
2026-01-08 19:22:06,484 - INFO: Training ROC-AUC: 0.948571
2026-01-08 19:22:06,484 - INFO: Validation ROC-AUC: 0.758210
2026-01-08 19:22:18,133 - INFO: Evaluating at iteration 7077
2026-01-08 19:22:19,214 - INFO: Loss: 0.247030
2026-01-08 19:22:19,214 - INFO: Training ROC-AUC: 0.987179
2026-01-08 19:22:19,214 - INFO: Validation ROC-AUC: 0.780062
2026-01-08 19:22:30,955 - INFO: Evaluating at iteration 7577
2026-01-08 19:22:31,986 - INFO: Loss: 0.219947
2026-01-08 19:22:31,986 - INFO: Training ROC-AUC: 0.929487
2026-01-08 19:22:31,986 - INFO: Validation ROC-AUC: 0.752252
2026-01-08 19:22:43,814 - INFO: Evaluating at iteration 8077
2026-01-08 19:22:44,842 - INFO: Loss: 0.152790
2026-01-08 19:22:44,842 - INFO: Training ROC-AUC: 0.991071
2026-01-08 19:22:44,842 - INFO: Validation ROC-AUC: 0.762385
2026-01-08 19:22:56,671 - INFO: Evaluating at iteration 8577
2026-01-08 19:22:57,703 - INFO: Loss: 0.182918
2026-01-08 19:22:57,703 - INFO: Training ROC-AUC: 0.800000
2026-01-08 19:22:57,703 - INFO: Validation ROC-AUC: 0.755241
2026-01-08 19:23:02,230 - INFO: Starting epoch 5
2026-01-08 19:23:02,255 - INFO: Evaluating at iteration 8769
2026-01-08 19:23:03,289 - INFO: Loss: 0.257225
2026-01-08 19:23:03,289 - INFO: Training ROC-AUC: 0.974359
2026-01-08 19:23:03,289 - INFO: Validation ROC-AUC: 0.762994
2026-01-08 19:23:15,069 - INFO: Evaluating at iteration 9269
2026-01-08 19:23:16,101 - INFO: Loss: 0.253054
2026-01-08 19:23:16,101 - INFO: Training ROC-AUC: 0.866071
2026-01-08 19:23:16,102 - INFO: Validation ROC-AUC: 0.752041
2026-01-08 19:23:27,763 - INFO: Evaluating at iteration 9769
2026-01-08 19:23:28,806 - INFO: Loss: 0.314269
2026-01-08 19:23:28,806 - INFO: Training ROC-AUC: 0.862857
2026-01-08 19:23:28,807 - INFO: Validation ROC-AUC: 0.750623
2026-01-08 19:23:40,565 - INFO: Evaluating at iteration 10269
2026-01-08 19:23:41,598 - INFO: Loss: 0.217482
2026-01-08 19:23:41,598 - INFO: Training ROC-AUC: 0.961538
2026-01-08 19:23:41,598 - INFO: Validation ROC-AUC: 0.767522
2026-01-08 19:23:53,480 - INFO: Evaluating at iteration 10769
2026-01-08 19:23:54,509 - INFO: Loss: 0.357741
2026-01-08 19:23:54,509 - INFO: Training ROC-AUC: 0.852564
2026-01-08 19:23:54,509 - INFO: Validation ROC-AUC: 0.745997
2026-01-08 19:23:59,067 - INFO: Starting epoch 6
2026-01-08 19:23:59,092 - INFO: Evaluating at iteration 10961
2026-01-08 19:24:00,127 - INFO: Loss: 0.231440
2026-01-08 19:24:00,127 - INFO: Training ROC-AUC: 0.937500
2026-01-08 19:24:00,127 - INFO: Validation ROC-AUC: 0.747595
2026-01-08 19:24:12,074 - INFO: Evaluating at iteration 11461
2026-01-08 19:24:13,109 - INFO: Loss: 0.325804
2026-01-08 19:24:13,109 - INFO: Training ROC-AUC: 0.837037
2026-01-08 19:24:13,109 - INFO: Validation ROC-AUC: 0.738950
2026-01-08 19:24:24,872 - INFO: Evaluating at iteration 11961
2026-01-08 19:24:25,911 - INFO: Loss: 0.267463
2026-01-08 19:24:25,911 - INFO: Training ROC-AUC: 0.888889
2026-01-08 19:24:25,911 - INFO: Validation ROC-AUC: 0.758462
2026-01-08 19:24:37,793 - INFO: Evaluating at iteration 12461
2026-01-08 19:24:38,825 - INFO: Loss: 0.217824
2026-01-08 19:24:38,825 - INFO: Training ROC-AUC: 0.962963
2026-01-08 19:24:38,825 - INFO: Validation ROC-AUC: 0.752207
2026-01-08 19:24:50,804 - INFO: Evaluating at iteration 12961
2026-01-08 19:24:51,834 - INFO: Loss: 0.335932
2026-01-08 19:24:51,835 - INFO: Training ROC-AUC: 0.848958
2026-01-08 19:24:51,835 - INFO: Validation ROC-AUC: 0.750761
2026-01-08 19:24:56,435 - INFO: Starting epoch 7
2026-01-08 19:24:56,461 - INFO: Evaluating at iteration 13153
2026-01-08 19:24:57,491 - INFO: Loss: 0.133971
2026-01-08 19:24:57,491 - INFO: Training ROC-AUC: 1.000000
2026-01-08 19:24:57,491 - INFO: Validation ROC-AUC: 0.760984
2026-01-08 19:25:09,568 - INFO: Evaluating at iteration 13653
2026-01-08 19:25:10,593 - INFO: Loss: 0.176691
2026-01-08 19:25:10,593 - INFO: Training ROC-AUC: 0.988571
2026-01-08 19:25:10,594 - INFO: Validation ROC-AUC: 0.766240
2026-01-08 19:25:22,688 - INFO: Evaluating at iteration 14153
2026-01-08 19:25:23,721 - INFO: Loss: 0.199407
2026-01-08 19:25:23,721 - INFO: Training ROC-AUC: 0.942308
2026-01-08 19:25:23,721 - INFO: Validation ROC-AUC: 0.755613
2026-01-08 19:25:35,803 - INFO: Evaluating at iteration 14653
2026-01-08 19:25:36,838 - INFO: Loss: 0.165745
2026-01-08 19:25:36,838 - INFO: Training ROC-AUC: 0.850000
2026-01-08 19:25:36,838 - INFO: Validation ROC-AUC: 0.756490
2026-01-08 19:25:48,853 - INFO: Evaluating at iteration 15153
2026-01-08 19:25:49,918 - INFO: Loss: 0.255194
2026-01-08 19:25:49,918 - INFO: Training ROC-AUC: 0.804598
2026-01-08 19:25:49,918 - INFO: Validation ROC-AUC: 0.749872
2026-01-08 19:25:54,555 - INFO: Starting epoch 8
2026-01-08 19:25:54,582 - INFO: Evaluating at iteration 15345
2026-01-08 19:25:55,606 - INFO: Loss: 0.336104
2026-01-08 19:25:55,606 - INFO: Training ROC-AUC: 0.820513
2026-01-08 19:25:55,606 - INFO: Validation ROC-AUC: 0.752747
2026-01-08 19:26:07,742 - INFO: Evaluating at iteration 15845
2026-01-08 19:26:08,772 - INFO: Loss: 0.206622
2026-01-08 19:26:08,772 - INFO: Training ROC-AUC: 0.908046
2026-01-08 19:26:08,772 - INFO: Validation ROC-AUC: 0.748464
2026-01-08 19:26:20,918 - INFO: Evaluating at iteration 16345
2026-01-08 19:26:21,968 - INFO: Loss: 0.283480
2026-01-08 19:26:21,969 - INFO: Training ROC-AUC: 0.942029
2026-01-08 19:26:21,969 - INFO: Validation ROC-AUC: 0.752562
2026-01-08 19:26:33,880 - INFO: Evaluating at iteration 16845
2026-01-08 19:26:34,958 - INFO: Loss: 0.243809
2026-01-08 19:26:34,958 - INFO: Training ROC-AUC: 0.929487
2026-01-08 19:26:34,958 - INFO: Validation ROC-AUC: 0.750509
2026-01-08 19:26:46,960 - INFO: Evaluating at iteration 17345
2026-01-08 19:26:47,992 - INFO: Loss: 0.249988
2026-01-08 19:26:47,992 - INFO: Training ROC-AUC: 0.816092
2026-01-08 19:26:47,992 - INFO: Validation ROC-AUC: 0.775798
2026-01-08 19:26:52,641 - INFO: Starting epoch 9
2026-01-08 19:26:52,668 - INFO: Evaluating at iteration 17537
2026-01-08 19:26:53,698 - INFO: Loss: 0.146800
2026-01-08 19:26:53,698 - INFO: Training ROC-AUC: 0.870968
2026-01-08 19:26:53,698 - INFO: Validation ROC-AUC: 0.745704
2026-01-08 19:27:05,779 - INFO: Evaluating at iteration 18037
2026-01-08 19:27:06,825 - INFO: Loss: 0.193985
2026-01-08 19:27:06,825 - INFO: Training ROC-AUC: 0.948718
2026-01-08 19:27:06,825 - INFO: Validation ROC-AUC: 0.763242
2026-01-08 19:27:18,742 - INFO: Evaluating at iteration 18537
2026-01-08 19:27:19,816 - INFO: Loss: 0.188561
2026-01-08 19:27:19,816 - INFO: Training ROC-AUC: 0.942529
2026-01-08 19:27:19,816 - INFO: Validation ROC-AUC: 0.758653
2026-01-08 19:27:31,816 - INFO: Evaluating at iteration 19037
2026-01-08 19:27:32,854 - INFO: Loss: 0.166007
2026-01-08 19:27:32,854 - INFO: Training ROC-AUC: 0.916667
2026-01-08 19:27:32,854 - INFO: Validation ROC-AUC: 0.743071
2026-01-08 19:27:44,897 - INFO: Evaluating at iteration 19537
2026-01-08 19:27:45,926 - INFO: Loss: 0.345307
2026-01-08 19:27:45,926 - INFO: Training ROC-AUC: 0.931818
2026-01-08 19:27:45,926 - INFO: Validation ROC-AUC: 0.735457
2026-01-08 19:27:50,529 - INFO: Starting epoch 10
2026-01-08 19:27:50,554 - INFO: Evaluating at iteration 19729
2026-01-08 19:27:51,586 - INFO: Loss: 0.358189
2026-01-08 19:27:51,587 - INFO: Training ROC-AUC: 0.920000
2026-01-08 19:27:51,587 - INFO: Validation ROC-AUC: 0.735856
2026-01-08 19:28:03,728 - INFO: Evaluating at iteration 20229
2026-01-08 19:28:04,794 - INFO: Loss: 0.053064
2026-01-08 19:28:04,794 - INFO: Training ROC-AUC: 1.000000
2026-01-08 19:28:04,794 - INFO: Validation ROC-AUC: 0.742396
2026-01-08 19:28:16,900 - INFO: Evaluating at iteration 20729
2026-01-08 19:28:17,932 - INFO: Loss: 0.164132
2026-01-08 19:28:17,932 - INFO: Training ROC-AUC: 0.985185
2026-01-08 19:28:17,933 - INFO: Validation ROC-AUC: 0.745681
2026-01-08 19:28:29,943 - INFO: Evaluating at iteration 21229
2026-01-08 19:28:30,976 - INFO: Loss: 0.167372
2026-01-08 19:28:30,976 - INFO: Training ROC-AUC: 0.946429
2026-01-08 19:28:30,976 - INFO: Validation ROC-AUC: 0.749642
2026-01-08 19:28:42,977 - INFO: Evaluating at iteration 21729
2026-01-08 19:28:44,008 - INFO: Loss: 0.193601
2026-01-08 19:28:44,008 - INFO: Training ROC-AUC: 0.918519
2026-01-08 19:28:44,008 - INFO: Validation ROC-AUC: 0.739386
2026-01-08 19:28:48,511 - INFO: Starting epoch 11
2026-01-08 19:28:48,536 - INFO: Evaluating at iteration 21921
2026-01-08 19:28:49,596 - INFO: Loss: 0.157012
2026-01-08 19:28:49,596 - INFO: Training ROC-AUC: 0.977143
2026-01-08 19:28:49,596 - INFO: Validation ROC-AUC: 0.738170
2026-01-08 19:29:01,481 - INFO: Evaluating at iteration 22421
2026-01-08 19:29:02,516 - INFO: Loss: 0.327811
2026-01-08 19:29:02,517 - INFO: Training ROC-AUC: 0.822222
2026-01-08 19:29:02,517 - INFO: Validation ROC-AUC: 0.750343
2026-01-08 19:29:14,407 - INFO: Evaluating at iteration 22921
2026-01-08 19:29:15,447 - INFO: Loss: 0.169498
2026-01-08 19:29:15,447 - INFO: Training ROC-AUC: 0.937500
2026-01-08 19:29:15,448 - INFO: Validation ROC-AUC: 0.753635
2026-01-08 19:29:27,596 - INFO: Evaluating at iteration 23421
2026-01-08 19:29:28,635 - INFO: Loss: 0.454823
2026-01-08 19:29:28,635 - INFO: Training ROC-AUC: 0.732143
2026-01-08 19:29:28,635 - INFO: Validation ROC-AUC: 0.742227
2026-01-08 19:29:40,851 - INFO: Evaluating at iteration 23921
2026-01-08 19:29:41,885 - INFO: Loss: 0.189895
2026-01-08 19:29:41,885 - INFO: Training ROC-AUC: 0.954286
2026-01-08 19:29:41,885 - INFO: Validation ROC-AUC: 0.727557
2026-01-08 19:29:46,534 - INFO: Starting epoch 12
2026-01-08 19:29:46,560 - INFO: Evaluating at iteration 24113
2026-01-08 19:29:47,592 - INFO: Loss: 0.164073
2026-01-08 19:29:47,593 - INFO: Training ROC-AUC: 0.964286
2026-01-08 19:29:47,593 - INFO: Validation ROC-AUC: 0.756377
2026-01-08 19:29:59,758 - INFO: Evaluating at iteration 24613
2026-01-08 19:30:00,794 - INFO: Loss: 0.125712
2026-01-08 19:30:00,794 - INFO: Training ROC-AUC: 0.970370
2026-01-08 19:30:00,794 - INFO: Validation ROC-AUC: 0.731433
2026-01-08 19:30:12,864 - INFO: Evaluating at iteration 25113
2026-01-08 19:30:13,905 - INFO: Loss: 0.133053
2026-01-08 19:30:13,906 - INFO: Training ROC-AUC: 0.950000
2026-01-08 19:30:13,906 - INFO: Validation ROC-AUC: 0.729614
2026-01-08 19:30:26,037 - INFO: Evaluating at iteration 25613
2026-01-08 19:30:27,072 - INFO: Loss: 0.205577
2026-01-08 19:30:27,072 - INFO: Training ROC-AUC: 0.940741
2026-01-08 19:30:27,072 - INFO: Validation ROC-AUC: 0.729562
2026-01-08 19:30:39,070 - INFO: Evaluating at iteration 26113
2026-01-08 19:30:40,105 - INFO: Loss: 0.214441
2026-01-08 19:30:40,105 - INFO: Training ROC-AUC: 0.908046
2026-01-08 19:30:40,105 - INFO: Validation ROC-AUC: 0.735911
2026-01-08 19:30:44,716 - INFO: Starting epoch 13
2026-01-08 19:30:44,742 - INFO: Evaluating at iteration 26305
2026-01-08 19:30:45,769 - INFO: Loss: 0.169162
2026-01-08 19:30:45,769 - INFO: Training ROC-AUC: 0.985185
2026-01-08 19:30:45,769 - INFO: Validation ROC-AUC: 0.733264
2026-01-08 19:30:57,973 - INFO: Evaluating at iteration 26805
2026-01-08 19:30:58,992 - INFO: Loss: 0.173447
2026-01-08 19:30:58,992 - INFO: Training ROC-AUC: 0.977143
2026-01-08 19:30:58,992 - INFO: Validation ROC-AUC: 0.726646
2026-01-08 19:31:11,108 - INFO: Evaluating at iteration 27305
2026-01-08 19:31:12,142 - INFO: Loss: 0.089176
2026-01-08 19:31:12,142 - INFO: Training ROC-AUC: 1.000000
2026-01-08 19:31:12,142 - INFO: Validation ROC-AUC: 0.738397
2026-01-08 19:31:24,248 - INFO: Evaluating at iteration 27805
2026-01-08 19:31:25,276 - INFO: Loss: 0.260509
2026-01-08 19:31:25,276 - INFO: Training ROC-AUC: 0.896296
2026-01-08 19:31:25,276 - INFO: Validation ROC-AUC: 0.731427
2026-01-08 19:31:37,375 - INFO: Evaluating at iteration 28305
2026-01-08 19:31:38,407 - INFO: Loss: 0.132483
2026-01-08 19:31:38,407 - INFO: Training ROC-AUC: 0.985185
2026-01-08 19:31:38,407 - INFO: Validation ROC-AUC: 0.718963
2026-01-08 19:31:43,063 - INFO: Starting epoch 14
2026-01-08 19:31:43,088 - INFO: Evaluating at iteration 28497
2026-01-08 19:31:44,118 - INFO: Loss: 0.146739
2026-01-08 19:31:44,118 - INFO: Training ROC-AUC: 0.980769
2026-01-08 19:31:44,118 - INFO: Validation ROC-AUC: 0.732351
2026-01-08 19:31:56,261 - INFO: Evaluating at iteration 28997
2026-01-08 19:31:57,294 - INFO: Loss: 0.111971
2026-01-08 19:31:57,294 - INFO: Training ROC-AUC: 0.935484
2026-01-08 19:31:57,294 - INFO: Validation ROC-AUC: 0.731548
2026-01-08 19:32:09,421 - INFO: Evaluating at iteration 29497
2026-01-08 19:32:10,459 - INFO: Loss: 0.170829
2026-01-08 19:32:10,460 - INFO: Training ROC-AUC: 0.993590
2026-01-08 19:32:10,460 - INFO: Validation ROC-AUC: 0.727011
2026-01-08 19:32:22,478 - INFO: Evaluating at iteration 29997
2026-01-08 19:32:23,515 - INFO: Loss: 0.085536
2026-01-08 19:32:23,515 - INFO: Training ROC-AUC: 1.000000
2026-01-08 19:32:23,515 - INFO: Validation ROC-AUC: 0.726226
2026-01-08 19:32:35,668 - INFO: Evaluating at iteration 30497
2026-01-08 19:32:36,701 - INFO: Loss: 0.184015
2026-01-08 19:32:36,701 - INFO: Training ROC-AUC: 0.984375
2026-01-08 19:32:36,701 - INFO: Validation ROC-AUC: 0.741118
2026-01-08 19:32:41,360 - INFO: Starting epoch 15
2026-01-08 19:32:41,386 - INFO: Evaluating at iteration 30689
2026-01-08 19:32:42,420 - INFO: Loss: 0.140062
2026-01-08 19:32:42,420 - INFO: Training ROC-AUC: 0.994792
2026-01-08 19:32:42,420 - INFO: Validation ROC-AUC: 0.739516
2026-01-08 19:32:54,523 - INFO: Evaluating at iteration 31189
2026-01-08 19:32:55,555 - INFO: Loss: 0.128468
2026-01-08 19:32:55,555 - INFO: Training ROC-AUC: 0.974359
2026-01-08 19:32:55,555 - INFO: Validation ROC-AUC: 0.723249
2026-01-08 19:33:07,836 - INFO: Evaluating at iteration 31689
2026-01-08 19:33:08,891 - INFO: Loss: 0.176710
2026-01-08 19:33:08,891 - INFO: Training ROC-AUC: 0.984375
2026-01-08 19:33:08,891 - INFO: Validation ROC-AUC: 0.737224
2026-01-08 19:33:21,247 - INFO: Evaluating at iteration 32189
2026-01-08 19:33:22,273 - INFO: Loss: 0.283947
2026-01-08 19:33:22,273 - INFO: Training ROC-AUC: 0.921875
2026-01-08 19:33:22,273 - INFO: Validation ROC-AUC: 0.735048
2026-01-08 19:33:34,537 - INFO: Evaluating at iteration 32689
2026-01-08 19:33:35,581 - INFO: Loss: 0.093489
2026-01-08 19:33:35,582 - INFO: Training ROC-AUC: 1.000000
2026-01-08 19:33:35,582 - INFO: Validation ROC-AUC: 0.730801
2026-01-08 19:33:40,285 - INFO: Starting epoch 16
2026-01-08 19:33:40,315 - INFO: Evaluating at iteration 32881
2026-01-08 19:33:41,345 - INFO: Loss: 0.149236
2026-01-08 19:33:41,345 - INFO: Training ROC-AUC: 1.000000
2026-01-08 19:33:41,346 - INFO: Validation ROC-AUC: 0.742467
2026-01-08 19:33:53,707 - INFO: Evaluating at iteration 33381
2026-01-08 19:33:54,741 - INFO: Loss: 0.161211
2026-01-08 19:33:54,741 - INFO: Training ROC-AUC: 1.000000
2026-01-08 19:33:54,741 - INFO: Validation ROC-AUC: 0.722645
2026-01-08 19:34:07,143 - INFO: Evaluating at iteration 33881
2026-01-08 19:34:08,176 - INFO: Loss: 0.252994
2026-01-08 19:34:08,176 - INFO: Training ROC-AUC: 0.954545
2026-01-08 19:34:08,176 - INFO: Validation ROC-AUC: 0.733947
2026-01-08 19:34:20,675 - INFO: Evaluating at iteration 34381
2026-01-08 19:34:21,706 - INFO: Loss: 0.197606
2026-01-08 19:34:21,706 - INFO: Training ROC-AUC: 0.948148
2026-01-08 19:34:21,706 - INFO: Validation ROC-AUC: 0.740392
2026-01-08 19:34:34,179 - INFO: Evaluating at iteration 34881
2026-01-08 19:34:35,227 - INFO: Loss: 0.219060
2026-01-08 19:34:35,227 - INFO: Training ROC-AUC: 0.961538
2026-01-08 19:34:35,228 - INFO: Validation ROC-AUC: 0.732624
2026-01-08 19:34:40,034 - INFO: Starting epoch 17
2026-01-08 19:34:40,062 - INFO: Evaluating at iteration 35073
2026-01-08 19:34:41,097 - INFO: Loss: 0.048728
2026-01-08 19:34:41,097 - INFO: Training ROC-AUC: 1.000000
2026-01-08 19:34:41,097 - INFO: Validation ROC-AUC: 0.739654
2026-01-08 19:34:53,705 - INFO: Evaluating at iteration 35573
2026-01-08 19:34:54,737 - INFO: Loss: 0.200840
2026-01-08 19:34:54,737 - INFO: Training ROC-AUC: 0.885057
2026-01-08 19:34:54,737 - INFO: Validation ROC-AUC: 0.737616
2026-01-08 19:35:07,457 - INFO: Evaluating at iteration 36073
2026-01-08 19:35:08,497 - INFO: Loss: 0.194642
2026-01-08 19:35:08,497 - INFO: Training ROC-AUC: 0.987013
2026-01-08 19:35:08,497 - INFO: Validation ROC-AUC: 0.730408
2026-01-08 19:35:21,115 - INFO: Evaluating at iteration 36573
2026-01-08 19:35:22,150 - INFO: Loss: 0.150864
2026-01-08 19:35:22,150 - INFO: Training ROC-AUC: 0.955357
2026-01-08 19:35:22,150 - INFO: Validation ROC-AUC: 0.719219
2026-01-08 19:35:34,921 - INFO: Evaluating at iteration 37073
2026-01-08 19:35:35,957 - INFO: Loss: 0.089378
2026-01-08 19:35:35,957 - INFO: Training ROC-AUC: 0.983333
2026-01-08 19:35:35,957 - INFO: Validation ROC-AUC: 0.722651
2026-01-08 19:35:40,856 - INFO: Starting epoch 18
2026-01-08 19:35:40,881 - INFO: Evaluating at iteration 37265
2026-01-08 19:35:41,911 - INFO: Loss: 0.134238
2026-01-08 19:35:41,911 - INFO: Training ROC-AUC: 1.000000
2026-01-08 19:35:41,911 - INFO: Validation ROC-AUC: 0.734246
2026-01-08 19:35:54,756 - INFO: Evaluating at iteration 37765
2026-01-08 19:35:55,787 - INFO: Loss: 0.253410
2026-01-08 19:35:55,788 - INFO: Training ROC-AUC: 0.966184
2026-01-08 19:35:55,788 - INFO: Validation ROC-AUC: 0.722663
2026-01-08 19:36:08,673 - INFO: Evaluating at iteration 38265
2026-01-08 19:36:09,710 - INFO: Loss: 0.079531
2026-01-08 19:36:09,710 - INFO: Training ROC-AUC: 1.000000
2026-01-08 19:36:09,710 - INFO: Validation ROC-AUC: 0.728003
2026-01-08 19:36:22,672 - INFO: Evaluating at iteration 38765
2026-01-08 19:36:23,715 - INFO: Loss: 0.157103
2026-01-08 19:36:23,715 - INFO: Training ROC-AUC: 0.985507
2026-01-08 19:36:23,715 - INFO: Validation ROC-AUC: 0.729529
2026-01-08 19:36:36,820 - INFO: Evaluating at iteration 39265
2026-01-08 19:36:37,851 - INFO: Loss: 0.080813
2026-01-08 19:36:37,851 - INFO: Training ROC-AUC: 1.000000
2026-01-08 19:36:37,851 - INFO: Validation ROC-AUC: 0.726397
2026-01-08 19:36:42,894 - INFO: Starting epoch 19
2026-01-08 19:36:42,924 - INFO: Evaluating at iteration 39457
2026-01-08 19:36:43,947 - INFO: Loss: 0.107518
2026-01-08 19:36:43,947 - INFO: Training ROC-AUC: 0.982143
2026-01-08 19:36:43,947 - INFO: Validation ROC-AUC: 0.733501
2026-01-08 19:36:56,999 - INFO: Evaluating at iteration 39957
2026-01-08 19:36:58,035 - INFO: Loss: 0.095967
2026-01-08 19:36:58,035 - INFO: Training ROC-AUC: 0.977011
2026-01-08 19:36:58,035 - INFO: Validation ROC-AUC: 0.723372
2026-01-08 19:37:11,554 - INFO: Evaluating at iteration 40457
2026-01-08 19:37:12,591 - INFO: Loss: 0.092247
2026-01-08 19:37:12,591 - INFO: Training ROC-AUC: 1.000000
2026-01-08 19:37:12,591 - INFO: Validation ROC-AUC: 0.723119
2026-01-08 19:37:25,626 - INFO: Evaluating at iteration 40957
2026-01-08 19:37:26,656 - INFO: Loss: 0.159660
2026-01-08 19:37:26,657 - INFO: Training ROC-AUC: 0.919540
2026-01-08 19:37:26,657 - INFO: Validation ROC-AUC: 0.737096
2026-01-08 19:37:39,877 - INFO: Evaluating at iteration 41457
2026-01-08 19:37:40,908 - INFO: Loss: 0.075775
2026-01-08 19:37:40,908 - INFO: Training ROC-AUC: 1.000000
2026-01-08 19:37:40,908 - INFO: Validation ROC-AUC: 0.733650
2026-01-08 19:37:45,934 - INFO: Starting epoch 20
2026-01-08 19:37:45,958 - INFO: Evaluating at iteration 41649
2026-01-08 19:37:46,985 - INFO: Loss: 0.122774
2026-01-08 19:37:46,985 - INFO: Training ROC-AUC: 0.933333
2026-01-08 19:37:46,985 - INFO: Validation ROC-AUC: 0.738362
2026-01-08 19:38:00,420 - INFO: Evaluating at iteration 42149
2026-01-08 19:38:01,456 - INFO: Loss: 0.068324
2026-01-08 19:38:01,456 - INFO: Training ROC-AUC: 0.991071
2026-01-08 19:38:01,456 - INFO: Validation ROC-AUC: 0.733450
2026-01-08 19:38:14,619 - INFO: Evaluating at iteration 42649
2026-01-08 19:38:15,649 - INFO: Loss: 0.017141
2026-01-08 19:38:15,649 - INFO: Training ROC-AUC: 1.000000
2026-01-08 19:38:15,649 - INFO: Validation ROC-AUC: 0.728569
2026-01-08 19:38:29,119 - INFO: Evaluating at iteration 43149
2026-01-08 19:38:30,149 - INFO: Loss: 0.046011
2026-01-08 19:38:30,150 - INFO: Training ROC-AUC: 1.000000
2026-01-08 19:38:30,150 - INFO: Validation ROC-AUC: 0.736646
2026-01-08 19:38:43,464 - INFO: Evaluating at iteration 43649
2026-01-08 19:38:44,496 - INFO: Loss: 0.209972
2026-01-08 19:38:44,496 - INFO: Training ROC-AUC: 0.933333
2026-01-08 19:38:44,496 - INFO: Validation ROC-AUC: 0.738376
2026-01-08 19:38:49,661 - INFO: Starting epoch 21
2026-01-08 19:38:49,687 - INFO: Evaluating at iteration 43841
2026-01-08 19:38:50,719 - INFO: Loss: 0.017116
2026-01-08 19:38:50,719 - INFO: Training ROC-AUC: 1.000000
2026-01-08 19:38:50,719 - INFO: Validation ROC-AUC: 0.735625
2026-01-08 19:39:04,118 - INFO: Evaluating at iteration 44341
2026-01-08 19:39:05,175 - INFO: Loss: 0.054002
2026-01-08 19:39:05,175 - INFO: Training ROC-AUC: 1.000000
2026-01-08 19:39:05,175 - INFO: Validation ROC-AUC: 0.731149
2026-01-08 19:39:18,588 - INFO: Evaluating at iteration 44841
2026-01-08 19:39:19,652 - INFO: Loss: 0.017457
2026-01-08 19:39:19,652 - INFO: Training ROC-AUC: 1.000000
2026-01-08 19:39:19,652 - INFO: Validation ROC-AUC: 0.742874
2026-01-08 19:39:33,026 - INFO: Evaluating at iteration 45341
2026-01-08 19:39:34,077 - INFO: Loss: 0.070640
2026-01-08 19:39:34,077 - INFO: Training ROC-AUC: 0.988506
2026-01-08 19:39:34,077 - INFO: Validation ROC-AUC: 0.737742
2026-01-08 19:39:47,400 - INFO: Evaluating at iteration 45841
2026-01-08 19:39:48,436 - INFO: Loss: 0.100940
2026-01-08 19:39:48,436 - INFO: Training ROC-AUC: 0.989583
2026-01-08 19:39:48,436 - INFO: Validation ROC-AUC: 0.740838
2026-01-08 19:39:53,623 - INFO: Starting epoch 22
2026-01-08 19:39:53,662 - INFO: Evaluating at iteration 46033
2026-01-08 19:39:54,696 - INFO: Loss: 0.058798
2026-01-08 19:39:54,696 - INFO: Training ROC-AUC: 1.000000
2026-01-08 19:39:54,696 - INFO: Validation ROC-AUC: 0.733001
2026-01-08 19:40:08,162 - INFO: Evaluating at iteration 46533
2026-01-08 19:40:09,190 - INFO: Loss: 0.070981
2026-01-08 19:40:09,190 - INFO: Training ROC-AUC: 1.000000
2026-01-08 19:40:09,191 - INFO: Validation ROC-AUC: 0.735256
2026-01-08 19:40:22,646 - INFO: Evaluating at iteration 47033
2026-01-08 19:40:23,678 - INFO: Loss: 0.042679
2026-01-08 19:40:23,678 - INFO: Training ROC-AUC: 1.000000
2026-01-08 19:40:23,678 - INFO: Validation ROC-AUC: 0.725631
2026-01-08 19:40:36,881 - INFO: Evaluating at iteration 47533
2026-01-08 19:40:37,913 - INFO: Loss: 0.065686
2026-01-08 19:40:37,913 - INFO: Training ROC-AUC: 1.000000
2026-01-08 19:40:37,913 - INFO: Validation ROC-AUC: 0.728861
2026-01-08 19:40:51,203 - INFO: Evaluating at iteration 48033
2026-01-08 19:40:52,238 - INFO: Loss: 0.063980
2026-01-08 19:40:52,238 - INFO: Training ROC-AUC: 1.000000
2026-01-08 19:40:52,238 - INFO: Validation ROC-AUC: 0.737103
2026-01-08 19:40:57,354 - INFO: Starting epoch 23
2026-01-08 19:40:57,382 - INFO: Evaluating at iteration 48225
2026-01-08 19:40:58,412 - INFO: Loss: 0.024320
2026-01-08 19:40:58,412 - INFO: Training ROC-AUC: 1.000000
2026-01-08 19:40:58,412 - INFO: Validation ROC-AUC: 0.742472
2026-01-08 19:41:11,848 - INFO: Evaluating at iteration 48725
2026-01-08 19:41:12,884 - INFO: Loss: 0.024935
2026-01-08 19:41:12,884 - INFO: Training ROC-AUC: 1.000000
2026-01-08 19:41:12,884 - INFO: Validation ROC-AUC: 0.731146
2026-01-08 19:41:26,526 - INFO: Evaluating at iteration 49225
2026-01-08 19:41:27,559 - INFO: Loss: 0.058437
2026-01-08 19:41:27,559 - INFO: Training ROC-AUC: 1.000000
2026-01-08 19:41:27,560 - INFO: Validation ROC-AUC: 0.738597
2026-01-08 19:41:40,959 - INFO: Evaluating at iteration 49725
2026-01-08 19:41:41,988 - INFO: Loss: 0.023643
2026-01-08 19:41:41,989 - INFO: Training ROC-AUC: 1.000000
2026-01-08 19:41:41,989 - INFO: Validation ROC-AUC: 0.741065
2026-01-08 19:41:55,183 - INFO: Evaluating at iteration 50225
2026-01-08 19:41:56,208 - INFO: Loss: 0.033133
2026-01-08 19:41:56,208 - INFO: Training ROC-AUC: 1.000000
2026-01-08 19:41:56,209 - INFO: Validation ROC-AUC: 0.743922
2026-01-08 19:42:01,203 - INFO: Starting epoch 24
2026-01-08 19:42:01,230 - INFO: Evaluating at iteration 50417
2026-01-08 19:42:02,263 - INFO: Loss: 0.031406
2026-01-08 19:42:02,263 - INFO: Training ROC-AUC: 1.000000
2026-01-08 19:42:02,263 - INFO: Validation ROC-AUC: 0.727479
2026-01-08 19:42:15,420 - INFO: Evaluating at iteration 50917
2026-01-08 19:42:16,454 - INFO: Loss: 0.022583
2026-01-08 19:42:16,454 - INFO: Training ROC-AUC: 1.000000
2026-01-08 19:42:16,454 - INFO: Validation ROC-AUC: 0.735577
2026-01-08 19:42:29,716 - INFO: Evaluating at iteration 51417
2026-01-08 19:42:30,747 - INFO: Loss: 0.064791
2026-01-08 19:42:30,747 - INFO: Training ROC-AUC: 1.000000
2026-01-08 19:42:30,747 - INFO: Validation ROC-AUC: 0.747019
2026-01-08 19:42:43,800 - INFO: Evaluating at iteration 51917
2026-01-08 19:42:44,832 - INFO: Loss: 0.061587
2026-01-08 19:42:44,832 - INFO: Training ROC-AUC: 1.000000
2026-01-08 19:42:44,832 - INFO: Validation ROC-AUC: 0.741795
2026-01-08 19:42:58,068 - INFO: Evaluating at iteration 52417
2026-01-08 19:42:59,107 - INFO: Loss: 0.089101
2026-01-08 19:42:59,107 - INFO: Training ROC-AUC: 0.993590
2026-01-08 19:42:59,107 - INFO: Validation ROC-AUC: 0.739150
2026-01-08 19:43:04,143 - INFO: Starting epoch 25
2026-01-08 19:43:04,176 - INFO: Evaluating at iteration 52609
2026-01-08 19:43:05,230 - INFO: Loss: 0.021032
2026-01-08 19:43:05,230 - INFO: Training ROC-AUC: 1.000000
2026-01-08 19:43:05,230 - INFO: Validation ROC-AUC: 0.733861
2026-01-08 19:43:18,311 - INFO: Evaluating at iteration 53109
2026-01-08 19:43:19,383 - INFO: Loss: 0.019285
2026-01-08 19:43:19,383 - INFO: Training ROC-AUC: 1.000000
2026-01-08 19:43:19,383 - INFO: Validation ROC-AUC: 0.729602
2026-01-08 19:43:32,542 - INFO: Evaluating at iteration 53609
2026-01-08 19:43:33,576 - INFO: Loss: 0.023252
2026-01-08 19:43:33,576 - INFO: Training ROC-AUC: 1.000000
2026-01-08 19:43:33,576 - INFO: Validation ROC-AUC: 0.741151
2026-01-08 19:43:46,848 - INFO: Evaluating at iteration 54109
2026-01-08 19:43:47,885 - INFO: Loss: 0.012995
2026-01-08 19:43:47,885 - INFO: Training ROC-AUC: 1.000000
2026-01-08 19:43:47,885 - INFO: Validation ROC-AUC: 0.738890
2026-01-08 19:44:01,009 - INFO: Evaluating at iteration 54609
2026-01-08 19:44:02,043 - INFO: Loss: 0.193784
2026-01-08 19:44:02,043 - INFO: Training ROC-AUC: 0.982857
2026-01-08 19:44:02,043 - INFO: Validation ROC-AUC: 0.732931
2026-01-08 19:44:07,086 - INFO: Saving model to models/TCRStructMap_peptide_split_sequence_only/model_5.pt
