2026-06-30 14:37:49,004 - INFO: Parameter: training_data='data/processed/sequences_random_split.h5'
2026-06-30 14:37:49,005 - INFO: Parameter: contact_maps='data/processed/contact_maps.h5'
2026-06-30 14:37:49,005 - INFO: Parameter: output='models/TCRStructMap_random_split_cdrs_mhc_pseudo'
2026-06-30 14:37:49,005 - INFO: Parameter: seed=123
2026-06-30 14:37:49,005 - INFO: Parameter: features_to_include=['cdr1_alpha', 'cdr2_alpha', 'cdr3_alpha', 'cdr1_beta', 'cdr2_beta', 'cdr3_beta', 'mhc_pseudo']
2026-06-30 14:37:49,005 - INFO: Parameter: cdr1_alpha_length=8
2026-06-30 14:37:49,005 - INFO: Parameter: cdr2_alpha_length=8
2026-06-30 14:37:49,005 - INFO: Parameter: cdr3_alpha_length=24
2026-06-30 14:37:49,005 - INFO: Parameter: cdr1_beta_length=8
2026-06-30 14:37:49,005 - INFO: Parameter: cdr2_beta_length=8
2026-06-30 14:37:49,005 - INFO: Parameter: cdr3_beta_length=24
2026-06-30 14:37:49,005 - INFO: Parameter: peptide_length=12
2026-06-30 14:37:49,006 - INFO: Parameter: mhc_pseudo_length=26
2026-06-30 14:37:49,006 - INFO: Parameter: batch_size=32
2026-06-30 14:37:49,006 - INFO: Parameter: num_epochs=25
2026-06-30 14:37:49,006 - INFO: Parameter: learning_rate=0.001
2026-06-30 14:37:49,006 - INFO: Parameter: drop_out_rate=0.2
2026-06-30 14:37:49,006 - INFO: Parameter: learn_contact_maps=False
2026-06-30 14:37:49,006 - INFO: Parameter: checkpoint_interval=1000
2026-06-30 14:37:49,006 - INFO: Parameter: eval_interval=500
2026-06-30 14:37:49,006 - INFO: Parameter: eval_batch_size=1000
2026-06-30 14:37:49,006 - INFO: Parameter: log_level='info'
2026-06-30 14:37:49,006 - INFO: Parameter: log_file='data/logs/train_TCRStructMap_random_split_cdrs_mhc_pseudo.log'
2026-06-30 14:37:49,006 - INFO: Setting random seed to 123
2026-06-30 14:37:49,013 - INFO: Loading contact maps from data/processed/contact_maps.h5
2026-06-30 14:37:49,054 - INFO: Loading training data from data/processed/sequences_random_split.h5
2026-06-30 14:37:51,636 - INFO: Creating models/TCRStructMap_random_split_cdrs_mhc_pseudo
2026-06-30 14:37:51,639 - INFO: Starting fold 1
2026-06-30 14:37:51,766 - INFO: Initialising model
2026-06-30 14:38:18,021 - INFO: Starting training
2026-06-30 14:38:18,022 - INFO: Starting epoch 1
2026-06-30 14:38:18,689 - INFO: Evaluating at iteration 1
2026-06-30 14:38:19,268 - INFO: Loss: 0.695897
2026-06-30 14:38:19,269 - INFO: Training ROC-AUC: 0.737179
2026-06-30 14:38:19,269 - INFO: Validation ROC-AUC: 0.488336
2026-06-30 14:38:31,123 - INFO: Evaluating at iteration 501
2026-06-30 14:38:31,689 - INFO: Loss: 0.436103
2026-06-30 14:38:31,689 - INFO: Training ROC-AUC: 0.429630
2026-06-30 14:38:31,689 - INFO: Validation ROC-AUC: 0.586760
2026-06-30 14:38:40,528 - INFO: Evaluating at iteration 1001
2026-06-30 14:38:40,800 - INFO: Loss: 0.434278
2026-06-30 14:38:40,800 - INFO: Training ROC-AUC: 0.451852
2026-06-30 14:38:40,800 - INFO: Validation ROC-AUC: 0.582920
2026-06-30 14:38:47,311 - INFO: Evaluating at iteration 1501
2026-06-30 14:38:47,576 - INFO: Loss: 0.542894
2026-06-30 14:38:47,576 - INFO: Training ROC-AUC: 0.457143
2026-06-30 14:38:47,576 - INFO: Validation ROC-AUC: 0.585964
2026-06-30 14:38:54,054 - INFO: Evaluating at iteration 2001
2026-06-30 14:38:54,328 - INFO: Loss: 0.452593
2026-06-30 14:38:54,328 - INFO: Training ROC-AUC: 0.348148
2026-06-30 14:38:54,328 - INFO: Validation ROC-AUC: 0.590563
2026-06-30 14:38:55,545 - INFO: Starting epoch 2
2026-06-30 14:38:55,559 - INFO: Evaluating at iteration 2095
2026-06-30 14:38:55,825 - INFO: Loss: 0.431908
2026-06-30 14:38:55,825 - INFO: Training ROC-AUC: 0.711538
2026-06-30 14:38:55,825 - INFO: Validation ROC-AUC: 0.588908
2026-06-30 14:39:02,322 - INFO: Evaluating at iteration 2595
2026-06-30 14:39:02,592 - INFO: Loss: 0.522627
2026-06-30 14:39:02,592 - INFO: Training ROC-AUC: 0.708333
2026-06-30 14:39:02,592 - INFO: Validation ROC-AUC: 0.598941
2026-06-30 14:39:09,079 - INFO: Evaluating at iteration 3095
2026-06-30 14:39:09,347 - INFO: Loss: 0.247899
2026-06-30 14:39:09,347 - INFO: Training ROC-AUC: 0.908046
2026-06-30 14:39:09,347 - INFO: Validation ROC-AUC: 0.633814
2026-06-30 14:39:15,849 - INFO: Evaluating at iteration 3595
2026-06-30 14:39:16,120 - INFO: Loss: 0.306583
2026-06-30 14:39:16,120 - INFO: Training ROC-AUC: 0.701149
2026-06-30 14:39:16,120 - INFO: Validation ROC-AUC: 0.661348
2026-06-30 14:39:22,609 - INFO: Evaluating at iteration 4095
2026-06-30 14:39:22,878 - INFO: Loss: 0.434205
2026-06-30 14:39:22,878 - INFO: Training ROC-AUC: 0.750000
2026-06-30 14:39:22,878 - INFO: Validation ROC-AUC: 0.683738
2026-06-30 14:39:24,096 - INFO: Starting epoch 3
2026-06-30 14:39:24,110 - INFO: Evaluating at iteration 4189
2026-06-30 14:39:24,378 - INFO: Loss: 0.443368
2026-06-30 14:39:24,378 - INFO: Training ROC-AUC: 0.451852
2026-06-30 14:39:24,378 - INFO: Validation ROC-AUC: 0.689769
2026-06-30 14:39:30,877 - INFO: Evaluating at iteration 4689
2026-06-30 14:39:31,147 - INFO: Loss: 0.494144
2026-06-30 14:39:31,147 - INFO: Training ROC-AUC: 0.640000
2026-06-30 14:39:31,147 - INFO: Validation ROC-AUC: 0.706675
2026-06-30 14:39:37,644 - INFO: Evaluating at iteration 5189
2026-06-30 14:39:37,913 - INFO: Loss: 0.246602
2026-06-30 14:39:37,913 - INFO: Training ROC-AUC: 0.666667
2026-06-30 14:39:37,913 - INFO: Validation ROC-AUC: 0.718555
2026-06-30 14:39:44,423 - INFO: Evaluating at iteration 5689
2026-06-30 14:39:44,692 - INFO: Loss: 0.179922
2026-06-30 14:39:44,692 - INFO: Training ROC-AUC: 0.935484
2026-06-30 14:39:44,692 - INFO: Validation ROC-AUC: 0.730029
2026-06-30 14:39:51,185 - INFO: Evaluating at iteration 6189
2026-06-30 14:39:51,464 - INFO: Loss: 0.233949
2026-06-30 14:39:51,465 - INFO: Training ROC-AUC: 0.766667
2026-06-30 14:39:51,465 - INFO: Validation ROC-AUC: 0.738510
2026-06-30 14:39:52,687 - INFO: Starting epoch 4
2026-06-30 14:39:52,702 - INFO: Evaluating at iteration 6283
2026-06-30 14:39:52,971 - INFO: Loss: 0.340408
2026-06-30 14:39:52,971 - INFO: Training ROC-AUC: 0.723214
2026-06-30 14:39:52,971 - INFO: Validation ROC-AUC: 0.739591
2026-06-30 14:39:59,481 - INFO: Evaluating at iteration 6783
2026-06-30 14:39:59,748 - INFO: Loss: 0.277217
2026-06-30 14:39:59,748 - INFO: Training ROC-AUC: 0.793103
2026-06-30 14:39:59,748 - INFO: Validation ROC-AUC: 0.741349
2026-06-30 14:40:06,238 - INFO: Evaluating at iteration 7283
2026-06-30 14:40:06,507 - INFO: Loss: 0.476781
2026-06-30 14:40:06,507 - INFO: Training ROC-AUC: 0.645714
2026-06-30 14:40:06,507 - INFO: Validation ROC-AUC: 0.746834
2026-06-30 14:40:12,972 - INFO: Evaluating at iteration 7783
2026-06-30 14:40:13,235 - INFO: Loss: 0.287485
2026-06-30 14:40:13,235 - INFO: Training ROC-AUC: 0.500000
2026-06-30 14:40:13,235 - INFO: Validation ROC-AUC: 0.752009
2026-06-30 14:40:19,666 - INFO: Evaluating at iteration 8283
2026-06-30 14:40:19,941 - INFO: Loss: 0.431880
2026-06-30 14:40:19,941 - INFO: Training ROC-AUC: 0.717949
2026-06-30 14:40:19,941 - INFO: Validation ROC-AUC: 0.754878
2026-06-30 14:40:21,150 - INFO: Starting epoch 5
2026-06-30 14:40:21,163 - INFO: Evaluating at iteration 8377
2026-06-30 14:40:21,428 - INFO: Loss: 0.570573
2026-06-30 14:40:21,428 - INFO: Training ROC-AUC: 0.352564
2026-06-30 14:40:21,428 - INFO: Validation ROC-AUC: 0.754594
2026-06-30 14:40:27,856 - INFO: Evaluating at iteration 8877
2026-06-30 14:40:28,125 - INFO: Loss: 0.345562
2026-06-30 14:40:28,125 - INFO: Training ROC-AUC: 0.925714
2026-06-30 14:40:28,125 - INFO: Validation ROC-AUC: 0.756543
2026-06-30 14:40:34,521 - INFO: Evaluating at iteration 9377
2026-06-30 14:40:34,798 - INFO: Loss: 0.374840
2026-06-30 14:40:34,798 - INFO: Training ROC-AUC: 0.644444
2026-06-30 14:40:34,799 - INFO: Validation ROC-AUC: 0.759188
2026-06-30 14:40:41,220 - INFO: Evaluating at iteration 9877
2026-06-30 14:40:41,486 - INFO: Loss: 0.427932
2026-06-30 14:40:41,486 - INFO: Training ROC-AUC: 0.791667
2026-06-30 14:40:41,486 - INFO: Validation ROC-AUC: 0.758803
2026-06-30 14:40:47,878 - INFO: Evaluating at iteration 10377
2026-06-30 14:40:48,148 - INFO: Loss: 0.433755
2026-06-30 14:40:48,149 - INFO: Training ROC-AUC: 0.756410
2026-06-30 14:40:48,149 - INFO: Validation ROC-AUC: 0.762054
2026-06-30 14:40:49,359 - INFO: Starting epoch 6
2026-06-30 14:40:49,372 - INFO: Evaluating at iteration 10471
2026-06-30 14:40:49,637 - INFO: Loss: 0.433148
2026-06-30 14:40:49,637 - INFO: Training ROC-AUC: 0.557692
2026-06-30 14:40:49,637 - INFO: Validation ROC-AUC: 0.761912
2026-06-30 14:40:56,035 - INFO: Evaluating at iteration 10971
2026-06-30 14:40:56,299 - INFO: Loss: 0.237390
2026-06-30 14:40:56,299 - INFO: Training ROC-AUC: 0.750000
2026-06-30 14:40:56,299 - INFO: Validation ROC-AUC: 0.763460
2026-06-30 14:41:02,684 - INFO: Evaluating at iteration 11471
2026-06-30 14:41:02,947 - INFO: Loss: 0.391597
2026-06-30 14:41:02,947 - INFO: Training ROC-AUC: 0.839744
2026-06-30 14:41:02,947 - INFO: Validation ROC-AUC: 0.761646
2026-06-30 14:41:09,370 - INFO: Evaluating at iteration 11971
2026-06-30 14:41:09,639 - INFO: Loss: 0.396466
2026-06-30 14:41:09,639 - INFO: Training ROC-AUC: 0.884615
2026-06-30 14:41:09,639 - INFO: Validation ROC-AUC: 0.765508
2026-06-30 14:41:16,038 - INFO: Evaluating at iteration 12471
2026-06-30 14:41:16,309 - INFO: Loss: 0.336945
2026-06-30 14:41:16,309 - INFO: Training ROC-AUC: 0.911111
2026-06-30 14:41:16,309 - INFO: Validation ROC-AUC: 0.766678
2026-06-30 14:41:17,525 - INFO: Starting epoch 7
2026-06-30 14:41:17,538 - INFO: Evaluating at iteration 12565
2026-06-30 14:41:17,803 - INFO: Loss: 0.268477
2026-06-30 14:41:17,803 - INFO: Training ROC-AUC: 0.827586
2026-06-30 14:41:17,803 - INFO: Validation ROC-AUC: 0.767587
2026-06-30 14:41:24,228 - INFO: Evaluating at iteration 13065
2026-06-30 14:41:24,496 - INFO: Loss: 0.234994
2026-06-30 14:41:24,496 - INFO: Training ROC-AUC: 0.873563
2026-06-30 14:41:24,496 - INFO: Validation ROC-AUC: 0.767948
2026-06-30 14:41:30,879 - INFO: Evaluating at iteration 13565
2026-06-30 14:41:31,149 - INFO: Loss: 0.304024
2026-06-30 14:41:31,149 - INFO: Training ROC-AUC: 0.833333
2026-06-30 14:41:31,149 - INFO: Validation ROC-AUC: 0.768682
2026-06-30 14:41:37,544 - INFO: Evaluating at iteration 14065
2026-06-30 14:41:37,820 - INFO: Loss: 0.201819
2026-06-30 14:41:37,820 - INFO: Training ROC-AUC: 0.982143
2026-06-30 14:41:37,820 - INFO: Validation ROC-AUC: 0.768426
2026-06-30 14:41:44,201 - INFO: Evaluating at iteration 14565
2026-06-30 14:41:44,467 - INFO: Loss: 0.460277
2026-06-30 14:41:44,467 - INFO: Training ROC-AUC: 0.750000
2026-06-30 14:41:44,467 - INFO: Validation ROC-AUC: 0.770148
2026-06-30 14:41:45,677 - INFO: Starting epoch 8
2026-06-30 14:41:45,690 - INFO: Evaluating at iteration 14659
2026-06-30 14:41:45,956 - INFO: Loss: 0.371095
2026-06-30 14:41:45,956 - INFO: Training ROC-AUC: 0.733333
2026-06-30 14:41:45,956 - INFO: Validation ROC-AUC: 0.770056
2026-06-30 14:41:52,351 - INFO: Evaluating at iteration 15159
2026-06-30 14:41:52,625 - INFO: Loss: 0.439046
2026-06-30 14:41:52,625 - INFO: Training ROC-AUC: 0.673077
2026-06-30 14:41:52,625 - INFO: Validation ROC-AUC: 0.770744
2026-06-30 14:41:59,004 - INFO: Evaluating at iteration 15659
2026-06-30 14:41:59,274 - INFO: Loss: 0.284741
2026-06-30 14:41:59,274 - INFO: Training ROC-AUC: 0.919643
2026-06-30 14:41:59,274 - INFO: Validation ROC-AUC: 0.770663
2026-06-30 14:42:05,664 - INFO: Evaluating at iteration 16159
2026-06-30 14:42:05,934 - INFO: Loss: 0.454942
2026-06-30 14:42:05,934 - INFO: Training ROC-AUC: 0.600000
2026-06-30 14:42:05,934 - INFO: Validation ROC-AUC: 0.772121
2026-06-30 14:42:12,320 - INFO: Evaluating at iteration 16659
2026-06-30 14:42:12,589 - INFO: Loss: 0.451836
2026-06-30 14:42:12,589 - INFO: Training ROC-AUC: 0.782609
2026-06-30 14:42:12,589 - INFO: Validation ROC-AUC: 0.774041
2026-06-30 14:42:13,789 - INFO: Starting epoch 9
2026-06-30 14:42:13,802 - INFO: Evaluating at iteration 16753
2026-06-30 14:42:14,066 - INFO: Loss: 0.303665
2026-06-30 14:42:14,066 - INFO: Training ROC-AUC: 0.925714
2026-06-30 14:42:14,066 - INFO: Validation ROC-AUC: 0.772916
2026-06-30 14:42:20,459 - INFO: Evaluating at iteration 17253
2026-06-30 14:42:20,723 - INFO: Loss: 0.373549
2026-06-30 14:42:20,723 - INFO: Training ROC-AUC: 0.833333
2026-06-30 14:42:20,723 - INFO: Validation ROC-AUC: 0.772827
2026-06-30 14:42:27,095 - INFO: Evaluating at iteration 17753
2026-06-30 14:42:27,366 - INFO: Loss: 0.372911
2026-06-30 14:42:27,366 - INFO: Training ROC-AUC: 0.750000
2026-06-30 14:42:27,366 - INFO: Validation ROC-AUC: 0.775811
2026-06-30 14:42:33,788 - INFO: Evaluating at iteration 18253
2026-06-30 14:42:34,061 - INFO: Loss: 0.384688
2026-06-30 14:42:34,061 - INFO: Training ROC-AUC: 0.647436
2026-06-30 14:42:34,062 - INFO: Validation ROC-AUC: 0.775546
2026-06-30 14:42:40,448 - INFO: Evaluating at iteration 18753
2026-06-30 14:42:40,722 - INFO: Loss: 0.328692
2026-06-30 14:42:40,722 - INFO: Training ROC-AUC: 0.732143
2026-06-30 14:42:40,722 - INFO: Validation ROC-AUC: 0.776525
2026-06-30 14:42:41,930 - INFO: Starting epoch 10
2026-06-30 14:42:41,943 - INFO: Evaluating at iteration 18847
2026-06-30 14:42:42,210 - INFO: Loss: 0.379159
2026-06-30 14:42:42,210 - INFO: Training ROC-AUC: 0.724359
2026-06-30 14:42:42,210 - INFO: Validation ROC-AUC: 0.776740
2026-06-30 14:42:48,617 - INFO: Evaluating at iteration 19347
2026-06-30 14:42:48,884 - INFO: Loss: 0.241331
2026-06-30 14:42:48,884 - INFO: Training ROC-AUC: 0.633333
2026-06-30 14:42:48,884 - INFO: Validation ROC-AUC: 0.778254
2026-06-30 14:42:55,272 - INFO: Evaluating at iteration 19847
2026-06-30 14:42:55,537 - INFO: Loss: 0.487510
2026-06-30 14:42:55,537 - INFO: Training ROC-AUC: 0.750000
2026-06-30 14:42:55,537 - INFO: Validation ROC-AUC: 0.777435
2026-06-30 14:43:01,964 - INFO: Evaluating at iteration 20347
2026-06-30 14:43:02,233 - INFO: Loss: 0.266327
2026-06-30 14:43:02,233 - INFO: Training ROC-AUC: 0.844444
2026-06-30 14:43:02,233 - INFO: Validation ROC-AUC: 0.777312
2026-06-30 14:43:08,623 - INFO: Evaluating at iteration 20847
2026-06-30 14:43:08,894 - INFO: Loss: 0.263063
2026-06-30 14:43:08,894 - INFO: Training ROC-AUC: 0.678161
2026-06-30 14:43:08,894 - INFO: Validation ROC-AUC: 0.776491
2026-06-30 14:43:10,100 - INFO: Starting epoch 11
2026-06-30 14:43:10,113 - INFO: Evaluating at iteration 20941
2026-06-30 14:43:10,380 - INFO: Loss: 0.269018
2026-06-30 14:43:10,380 - INFO: Training ROC-AUC: 0.804598
2026-06-30 14:43:10,380 - INFO: Validation ROC-AUC: 0.779984
2026-06-30 14:43:16,809 - INFO: Evaluating at iteration 21441
2026-06-30 14:43:17,084 - INFO: Loss: 0.376008
2026-06-30 14:43:17,084 - INFO: Training ROC-AUC: 0.916667
2026-06-30 14:43:17,084 - INFO: Validation ROC-AUC: 0.780206
2026-06-30 14:43:23,465 - INFO: Evaluating at iteration 21941
2026-06-30 14:43:23,737 - INFO: Loss: 0.330846
2026-06-30 14:43:23,737 - INFO: Training ROC-AUC: 0.696429
2026-06-30 14:43:23,737 - INFO: Validation ROC-AUC: 0.781713
2026-06-30 14:43:30,141 - INFO: Evaluating at iteration 22441
2026-06-30 14:43:30,408 - INFO: Loss: 0.225798
2026-06-30 14:43:30,408 - INFO: Training ROC-AUC: 0.666667
2026-06-30 14:43:30,408 - INFO: Validation ROC-AUC: 0.780306
2026-06-30 14:43:36,799 - INFO: Evaluating at iteration 22941
2026-06-30 14:43:37,063 - INFO: Loss: 0.518832
2026-06-30 14:43:37,063 - INFO: Training ROC-AUC: 0.718750
2026-06-30 14:43:37,063 - INFO: Validation ROC-AUC: 0.781754
2026-06-30 14:43:38,272 - INFO: Starting epoch 12
2026-06-30 14:43:38,285 - INFO: Evaluating at iteration 23035
2026-06-30 14:43:38,557 - INFO: Loss: 0.140362
2026-06-30 14:43:38,557 - INFO: Training ROC-AUC: 0.967742
2026-06-30 14:43:38,557 - INFO: Validation ROC-AUC: 0.781064
2026-06-30 14:43:44,970 - INFO: Evaluating at iteration 23535
2026-06-30 14:43:45,240 - INFO: Loss: 0.440060
2026-06-30 14:43:45,240 - INFO: Training ROC-AUC: 0.754286
2026-06-30 14:43:45,240 - INFO: Validation ROC-AUC: 0.779079
2026-06-30 14:43:51,619 - INFO: Evaluating at iteration 24035
2026-06-30 14:43:51,889 - INFO: Loss: 0.235315
2026-06-30 14:43:51,889 - INFO: Training ROC-AUC: 0.966667
2026-06-30 14:43:51,889 - INFO: Validation ROC-AUC: 0.780940
2026-06-30 14:43:58,301 - INFO: Evaluating at iteration 24535
2026-06-30 14:43:58,573 - INFO: Loss: 0.388121
2026-06-30 14:43:58,573 - INFO: Training ROC-AUC: 0.718519
2026-06-30 14:43:58,573 - INFO: Validation ROC-AUC: 0.781816
2026-06-30 14:44:04,943 - INFO: Evaluating at iteration 25035
2026-06-30 14:44:05,213 - INFO: Loss: 0.476644
2026-06-30 14:44:05,213 - INFO: Training ROC-AUC: 0.731429
2026-06-30 14:44:05,213 - INFO: Validation ROC-AUC: 0.783959
2026-06-30 14:44:06,421 - INFO: Starting epoch 13
2026-06-30 14:44:06,435 - INFO: Evaluating at iteration 25129
2026-06-30 14:44:06,703 - INFO: Loss: 0.361915
2026-06-30 14:44:06,703 - INFO: Training ROC-AUC: 0.871795
2026-06-30 14:44:06,703 - INFO: Validation ROC-AUC: 0.778909
2026-06-30 14:44:13,104 - INFO: Evaluating at iteration 25629
2026-06-30 14:44:13,374 - INFO: Loss: 0.534756
2026-06-30 14:44:13,374 - INFO: Training ROC-AUC: 0.753247
2026-06-30 14:44:13,374 - INFO: Validation ROC-AUC: 0.783476
2026-06-30 14:44:19,765 - INFO: Evaluating at iteration 26129
2026-06-30 14:44:20,035 - INFO: Loss: 0.424269
2026-06-30 14:44:20,035 - INFO: Training ROC-AUC: 0.806763
2026-06-30 14:44:20,035 - INFO: Validation ROC-AUC: 0.783773
2026-06-30 14:44:26,443 - INFO: Evaluating at iteration 26629
2026-06-30 14:44:26,703 - INFO: Loss: 0.319274
2026-06-30 14:44:26,703 - INFO: Training ROC-AUC: 0.689655
2026-06-30 14:44:26,703 - INFO: Validation ROC-AUC: 0.784171
2026-06-30 14:44:33,078 - INFO: Evaluating at iteration 27129
2026-06-30 14:44:33,345 - INFO: Loss: 0.461165
2026-06-30 14:44:33,345 - INFO: Training ROC-AUC: 0.768116
2026-06-30 14:44:33,345 - INFO: Validation ROC-AUC: 0.786121
2026-06-30 14:44:34,548 - INFO: Starting epoch 14
2026-06-30 14:44:34,561 - INFO: Evaluating at iteration 27223
2026-06-30 14:44:34,833 - INFO: Loss: 0.374919
2026-06-30 14:44:34,833 - INFO: Training ROC-AUC: 0.769231
2026-06-30 14:44:34,833 - INFO: Validation ROC-AUC: 0.786124
2026-06-30 14:44:41,245 - INFO: Evaluating at iteration 27723
2026-06-30 14:44:41,513 - INFO: Loss: 0.292681
2026-06-30 14:44:41,513 - INFO: Training ROC-AUC: 0.871795
2026-06-30 14:44:41,513 - INFO: Validation ROC-AUC: 0.786509
2026-06-30 14:44:47,900 - INFO: Evaluating at iteration 28223
2026-06-30 14:44:48,166 - INFO: Loss: 0.383012
2026-06-30 14:44:48,166 - INFO: Training ROC-AUC: 0.828571
2026-06-30 14:44:48,166 - INFO: Validation ROC-AUC: 0.787917
2026-06-30 14:44:54,583 - INFO: Evaluating at iteration 28723
2026-06-30 14:44:54,853 - INFO: Loss: 0.382772
2026-06-30 14:44:54,853 - INFO: Training ROC-AUC: 0.800000
2026-06-30 14:44:54,853 - INFO: Validation ROC-AUC: 0.787181
2026-06-30 14:45:01,243 - INFO: Evaluating at iteration 29223
2026-06-30 14:45:01,512 - INFO: Loss: 0.366350
2026-06-30 14:45:01,512 - INFO: Training ROC-AUC: 0.740741
2026-06-30 14:45:01,512 - INFO: Validation ROC-AUC: 0.786289
2026-06-30 14:45:02,727 - INFO: Starting epoch 15
2026-06-30 14:45:02,740 - INFO: Evaluating at iteration 29317
2026-06-30 14:45:03,006 - INFO: Loss: 0.378052
2026-06-30 14:45:03,006 - INFO: Training ROC-AUC: 0.711111
2026-06-30 14:45:03,006 - INFO: Validation ROC-AUC: 0.786803
2026-06-30 14:45:09,430 - INFO: Evaluating at iteration 29817
2026-06-30 14:45:09,697 - INFO: Loss: 0.253176
2026-06-30 14:45:09,697 - INFO: Training ROC-AUC: 0.873563
2026-06-30 14:45:09,697 - INFO: Validation ROC-AUC: 0.788673
2026-06-30 14:45:16,108 - INFO: Evaluating at iteration 30317
2026-06-30 14:45:16,371 - INFO: Loss: 0.265326
2026-06-30 14:45:16,371 - INFO: Training ROC-AUC: 0.848214
2026-06-30 14:45:16,371 - INFO: Validation ROC-AUC: 0.789390
2026-06-30 14:45:22,796 - INFO: Evaluating at iteration 30817
2026-06-30 14:45:23,065 - INFO: Loss: 0.204378
2026-06-30 14:45:23,065 - INFO: Training ROC-AUC: 0.857143
2026-06-30 14:45:23,065 - INFO: Validation ROC-AUC: 0.787392
2026-06-30 14:45:29,460 - INFO: Evaluating at iteration 31317
2026-06-30 14:45:29,726 - INFO: Loss: 0.353027
2026-06-30 14:45:29,726 - INFO: Training ROC-AUC: 0.633929
2026-06-30 14:45:29,726 - INFO: Validation ROC-AUC: 0.789212
2026-06-30 14:45:30,934 - INFO: Starting epoch 16
2026-06-30 14:45:30,948 - INFO: Evaluating at iteration 31411
2026-06-30 14:45:31,218 - INFO: Loss: 0.236030
2026-06-30 14:45:31,218 - INFO: Training ROC-AUC: 0.733333
2026-06-30 14:45:31,218 - INFO: Validation ROC-AUC: 0.789158
2026-06-30 14:45:37,646 - INFO: Evaluating at iteration 31911
2026-06-30 14:45:37,919 - INFO: Loss: 0.420373
2026-06-30 14:45:37,919 - INFO: Training ROC-AUC: 0.788571
2026-06-30 14:45:37,919 - INFO: Validation ROC-AUC: 0.788702
2026-06-30 14:45:44,324 - INFO: Evaluating at iteration 32411
2026-06-30 14:45:44,599 - INFO: Loss: 0.208079
2026-06-30 14:45:44,599 - INFO: Training ROC-AUC: 0.977011
2026-06-30 14:45:44,599 - INFO: Validation ROC-AUC: 0.789248
2026-06-30 14:45:51,044 - INFO: Evaluating at iteration 32911
2026-06-30 14:45:51,316 - INFO: Loss: 0.358301
2026-06-30 14:45:51,316 - INFO: Training ROC-AUC: 0.724359
2026-06-30 14:45:51,317 - INFO: Validation ROC-AUC: 0.788312
2026-06-30 14:45:57,720 - INFO: Evaluating at iteration 33411
2026-06-30 14:45:57,994 - INFO: Loss: 0.419779
2026-06-30 14:45:57,994 - INFO: Training ROC-AUC: 0.814103
2026-06-30 14:45:57,994 - INFO: Validation ROC-AUC: 0.790205
2026-06-30 14:45:59,209 - INFO: Starting epoch 17
2026-06-30 14:45:59,222 - INFO: Evaluating at iteration 33505
2026-06-30 14:45:59,490 - INFO: Loss: 0.327503
2026-06-30 14:45:59,490 - INFO: Training ROC-AUC: 0.839744
2026-06-30 14:45:59,490 - INFO: Validation ROC-AUC: 0.790085
2026-06-30 14:46:05,935 - INFO: Evaluating at iteration 34005
2026-06-30 14:46:06,201 - INFO: Loss: 0.299504
2026-06-30 14:46:06,201 - INFO: Training ROC-AUC: 0.874074
2026-06-30 14:46:06,201 - INFO: Validation ROC-AUC: 0.790796
2026-06-30 14:46:12,665 - INFO: Evaluating at iteration 34505
2026-06-30 14:46:12,934 - INFO: Loss: 0.501303
2026-06-30 14:46:12,934 - INFO: Training ROC-AUC: 0.759091
2026-06-30 14:46:12,934 - INFO: Validation ROC-AUC: 0.791305
2026-06-30 14:46:19,391 - INFO: Evaluating at iteration 35005
2026-06-30 14:46:19,656 - INFO: Loss: 0.302772
2026-06-30 14:46:19,656 - INFO: Training ROC-AUC: 0.891026
2026-06-30 14:46:19,656 - INFO: Validation ROC-AUC: 0.790082
2026-06-30 14:46:26,086 - INFO: Evaluating at iteration 35505
2026-06-30 14:46:26,352 - INFO: Loss: 0.281956
2026-06-30 14:46:26,352 - INFO: Training ROC-AUC: 0.758621
2026-06-30 14:46:26,352 - INFO: Validation ROC-AUC: 0.791752
2026-06-30 14:46:27,570 - INFO: Starting epoch 18
2026-06-30 14:46:27,583 - INFO: Evaluating at iteration 35599
2026-06-30 14:46:27,860 - INFO: Loss: 0.455661
2026-06-30 14:46:27,860 - INFO: Training ROC-AUC: 0.680000
2026-06-30 14:46:27,860 - INFO: Validation ROC-AUC: 0.792818
2026-06-30 14:46:34,332 - INFO: Evaluating at iteration 36099
2026-06-30 14:46:34,611 - INFO: Loss: 0.227082
2026-06-30 14:46:34,611 - INFO: Training ROC-AUC: 0.942308
2026-06-30 14:46:34,611 - INFO: Validation ROC-AUC: 0.787813
2026-06-30 14:46:41,049 - INFO: Evaluating at iteration 36599
2026-06-30 14:46:41,325 - INFO: Loss: 0.307258
2026-06-30 14:46:41,325 - INFO: Training ROC-AUC: 0.821429
2026-06-30 14:46:41,325 - INFO: Validation ROC-AUC: 0.793307
2026-06-30 14:46:47,772 - INFO: Evaluating at iteration 37099
2026-06-30 14:46:48,044 - INFO: Loss: 0.487326
2026-06-30 14:46:48,044 - INFO: Training ROC-AUC: 0.708571
2026-06-30 14:46:48,044 - INFO: Validation ROC-AUC: 0.792860
2026-06-30 14:46:54,499 - INFO: Evaluating at iteration 37599
2026-06-30 14:46:54,769 - INFO: Loss: 0.273839
2026-06-30 14:46:54,769 - INFO: Training ROC-AUC: 0.874074
2026-06-30 14:46:54,769 - INFO: Validation ROC-AUC: 0.794182
2026-06-30 14:46:55,985 - INFO: Starting epoch 19
2026-06-30 14:46:55,999 - INFO: Evaluating at iteration 37693
2026-06-30 14:46:56,270 - INFO: Loss: 0.181986
2026-06-30 14:46:56,270 - INFO: Training ROC-AUC: 0.916667
2026-06-30 14:46:56,270 - INFO: Validation ROC-AUC: 0.794909
2026-06-30 14:47:02,732 - INFO: Evaluating at iteration 38193
2026-06-30 14:47:03,004 - INFO: Loss: 0.423221
2026-06-30 14:47:03,004 - INFO: Training ROC-AUC: 0.791667
2026-06-30 14:47:03,004 - INFO: Validation ROC-AUC: 0.794893
2026-06-30 14:47:09,446 - INFO: Evaluating at iteration 38693
2026-06-30 14:47:09,716 - INFO: Loss: 0.512261
2026-06-30 14:47:09,716 - INFO: Training ROC-AUC: 0.719807
2026-06-30 14:47:09,716 - INFO: Validation ROC-AUC: 0.794053
2026-06-30 14:47:16,208 - INFO: Evaluating at iteration 39193
2026-06-30 14:47:16,476 - INFO: Loss: 0.331645
2026-06-30 14:47:16,476 - INFO: Training ROC-AUC: 0.788462
2026-06-30 14:47:16,476 - INFO: Validation ROC-AUC: 0.794584
2026-06-30 14:47:22,954 - INFO: Evaluating at iteration 39693
2026-06-30 14:47:23,224 - INFO: Loss: 0.346154
2026-06-30 14:47:23,224 - INFO: Training ROC-AUC: 0.800000
2026-06-30 14:47:23,224 - INFO: Validation ROC-AUC: 0.790967
2026-06-30 14:47:24,437 - INFO: Starting epoch 20
2026-06-30 14:47:24,451 - INFO: Evaluating at iteration 39787
2026-06-30 14:47:24,718 - INFO: Loss: 0.163492
2026-06-30 14:47:24,718 - INFO: Training ROC-AUC: 0.983333
2026-06-30 14:47:24,718 - INFO: Validation ROC-AUC: 0.793779
2026-06-30 14:47:31,199 - INFO: Evaluating at iteration 40287
2026-06-30 14:47:31,466 - INFO: Loss: 0.423170
2026-06-30 14:47:31,466 - INFO: Training ROC-AUC: 0.614815
2026-06-30 14:47:31,466 - INFO: Validation ROC-AUC: 0.796342
2026-06-30 14:47:37,941 - INFO: Evaluating at iteration 40787
2026-06-30 14:47:38,217 - INFO: Loss: 0.238089
2026-06-30 14:47:38,218 - INFO: Training ROC-AUC: 0.948148
2026-06-30 14:47:38,218 - INFO: Validation ROC-AUC: 0.794071
2026-06-30 14:47:44,721 - INFO: Evaluating at iteration 41287
2026-06-30 14:47:44,991 - INFO: Loss: 0.155743
2026-06-30 14:47:44,991 - INFO: Training ROC-AUC: 0.967742
2026-06-30 14:47:44,991 - INFO: Validation ROC-AUC: 0.794559
2026-06-30 14:47:51,476 - INFO: Evaluating at iteration 41787
2026-06-30 14:47:51,755 - INFO: Loss: 0.233540
2026-06-30 14:47:51,755 - INFO: Training ROC-AUC: 0.970370
2026-06-30 14:47:51,755 - INFO: Validation ROC-AUC: 0.794213
2026-06-30 14:47:52,978 - INFO: Starting epoch 21
2026-06-30 14:47:52,991 - INFO: Evaluating at iteration 41881
2026-06-30 14:47:53,257 - INFO: Loss: 0.236802
2026-06-30 14:47:53,257 - INFO: Training ROC-AUC: 0.800000
2026-06-30 14:47:53,257 - INFO: Validation ROC-AUC: 0.794200
2026-06-30 14:47:59,766 - INFO: Evaluating at iteration 42381
2026-06-30 14:48:00,040 - INFO: Loss: 0.325053
2026-06-30 14:48:00,040 - INFO: Training ROC-AUC: 0.890625
2026-06-30 14:48:00,040 - INFO: Validation ROC-AUC: 0.795940
2026-06-30 14:48:06,507 - INFO: Evaluating at iteration 42881
2026-06-30 14:48:06,776 - INFO: Loss: 0.377542
2026-06-30 14:48:06,776 - INFO: Training ROC-AUC: 0.862857
2026-06-30 14:48:06,776 - INFO: Validation ROC-AUC: 0.796784
2026-06-30 14:48:13,297 - INFO: Evaluating at iteration 43381
2026-06-30 14:48:13,567 - INFO: Loss: 0.368099
2026-06-30 14:48:13,567 - INFO: Training ROC-AUC: 0.807692
2026-06-30 14:48:13,567 - INFO: Validation ROC-AUC: 0.796328
2026-06-30 14:48:20,069 - INFO: Evaluating at iteration 43881
2026-06-30 14:48:20,345 - INFO: Loss: 0.333849
2026-06-30 14:48:20,345 - INFO: Training ROC-AUC: 0.770370
2026-06-30 14:48:20,345 - INFO: Validation ROC-AUC: 0.794756
2026-06-30 14:48:21,572 - INFO: Starting epoch 22
2026-06-30 14:48:21,586 - INFO: Evaluating at iteration 43975
2026-06-30 14:48:21,859 - INFO: Loss: 0.590793
2026-06-30 14:48:21,859 - INFO: Training ROC-AUC: 0.663636
2026-06-30 14:48:21,859 - INFO: Validation ROC-AUC: 0.795716
2026-06-30 14:48:28,358 - INFO: Evaluating at iteration 44475
2026-06-30 14:48:28,625 - INFO: Loss: 0.437498
2026-06-30 14:48:28,625 - INFO: Training ROC-AUC: 0.765714
2026-06-30 14:48:28,625 - INFO: Validation ROC-AUC: 0.795378
2026-06-30 14:48:35,149 - INFO: Evaluating at iteration 44975
2026-06-30 14:48:35,423 - INFO: Loss: 0.182727
2026-06-30 14:48:35,423 - INFO: Training ROC-AUC: 0.896552
2026-06-30 14:48:35,423 - INFO: Validation ROC-AUC: 0.796533
2026-06-30 14:48:41,945 - INFO: Evaluating at iteration 45475
2026-06-30 14:48:42,213 - INFO: Loss: 0.402456
2026-06-30 14:48:42,213 - INFO: Training ROC-AUC: 0.900000
2026-06-30 14:48:42,213 - INFO: Validation ROC-AUC: 0.797303
2026-06-30 14:48:48,723 - INFO: Evaluating at iteration 45975
2026-06-30 14:48:48,993 - INFO: Loss: 0.471462
2026-06-30 14:48:48,993 - INFO: Training ROC-AUC: 0.557692
2026-06-30 14:48:48,993 - INFO: Validation ROC-AUC: 0.799023
2026-06-30 14:48:50,228 - INFO: Starting epoch 23
2026-06-30 14:48:50,241 - INFO: Evaluating at iteration 46069
2026-06-30 14:48:50,514 - INFO: Loss: 0.112419
2026-06-30 14:48:50,514 - INFO: Training ROC-AUC: 1.000000
2026-06-30 14:48:50,514 - INFO: Validation ROC-AUC: 0.798430
2026-06-30 14:48:57,041 - INFO: Evaluating at iteration 46569
2026-06-30 14:48:57,311 - INFO: Loss: 0.456312
2026-06-30 14:48:57,311 - INFO: Training ROC-AUC: 0.796875
2026-06-30 14:48:57,311 - INFO: Validation ROC-AUC: 0.797968
2026-06-30 14:49:03,810 - INFO: Evaluating at iteration 47069
2026-06-30 14:49:04,081 - INFO: Loss: 0.206441
2026-06-30 14:49:04,081 - INFO: Training ROC-AUC: 0.850000
2026-06-30 14:49:04,081 - INFO: Validation ROC-AUC: 0.798362
2026-06-30 14:49:10,615 - INFO: Evaluating at iteration 47569
2026-06-30 14:49:10,885 - INFO: Loss: 0.220426
2026-06-30 14:49:10,885 - INFO: Training ROC-AUC: 0.954023
2026-06-30 14:49:10,885 - INFO: Validation ROC-AUC: 0.799369
2026-06-30 14:49:17,407 - INFO: Evaluating at iteration 48069
2026-06-30 14:49:17,681 - INFO: Loss: 0.339929
2026-06-30 14:49:17,681 - INFO: Training ROC-AUC: 0.858974
2026-06-30 14:49:17,681 - INFO: Validation ROC-AUC: 0.797994
2026-06-30 14:49:18,916 - INFO: Starting epoch 24
2026-06-30 14:49:18,930 - INFO: Evaluating at iteration 48163
2026-06-30 14:49:19,198 - INFO: Loss: 0.432482
2026-06-30 14:49:19,198 - INFO: Training ROC-AUC: 0.768116
2026-06-30 14:49:19,198 - INFO: Validation ROC-AUC: 0.796702
2026-06-30 14:49:25,731 - INFO: Evaluating at iteration 48663
2026-06-30 14:49:26,000 - INFO: Loss: 0.283367
2026-06-30 14:49:26,000 - INFO: Training ROC-AUC: 0.866667
2026-06-30 14:49:26,000 - INFO: Validation ROC-AUC: 0.798593
2026-06-30 14:49:32,531 - INFO: Evaluating at iteration 49163
2026-06-30 14:49:32,798 - INFO: Loss: 0.293026
2026-06-30 14:49:32,798 - INFO: Training ROC-AUC: 0.785714
2026-06-30 14:49:32,798 - INFO: Validation ROC-AUC: 0.799412
2026-06-30 14:49:39,399 - INFO: Evaluating at iteration 49663
2026-06-30 14:49:39,666 - INFO: Loss: 0.256576
2026-06-30 14:49:39,666 - INFO: Training ROC-AUC: 0.937500
2026-06-30 14:49:39,666 - INFO: Validation ROC-AUC: 0.798445
2026-06-30 14:49:46,227 - INFO: Evaluating at iteration 50163
2026-06-30 14:49:46,498 - INFO: Loss: 0.541725
2026-06-30 14:49:46,499 - INFO: Training ROC-AUC: 0.676329
2026-06-30 14:49:46,499 - INFO: Validation ROC-AUC: 0.799336
2026-06-30 14:49:47,734 - INFO: Starting epoch 25
2026-06-30 14:49:47,747 - INFO: Evaluating at iteration 50257
2026-06-30 14:49:48,016 - INFO: Loss: 0.356999
2026-06-30 14:49:48,016 - INFO: Training ROC-AUC: 0.864734
2026-06-30 14:49:48,016 - INFO: Validation ROC-AUC: 0.800410
2026-06-30 14:49:54,567 - INFO: Evaluating at iteration 50757
2026-06-30 14:49:54,836 - INFO: Loss: 0.322897
2026-06-30 14:49:54,836 - INFO: Training ROC-AUC: 0.829630
2026-06-30 14:49:54,836 - INFO: Validation ROC-AUC: 0.800010
2026-06-30 14:50:01,403 - INFO: Evaluating at iteration 51257
2026-06-30 14:50:01,676 - INFO: Loss: 0.342620
2026-06-30 14:50:01,676 - INFO: Training ROC-AUC: 0.932292
2026-06-30 14:50:01,676 - INFO: Validation ROC-AUC: 0.799069
2026-06-30 14:50:08,268 - INFO: Evaluating at iteration 51757
2026-06-30 14:50:08,541 - INFO: Loss: 0.258776
2026-06-30 14:50:08,541 - INFO: Training ROC-AUC: 0.866071
2026-06-30 14:50:08,541 - INFO: Validation ROC-AUC: 0.798508
2026-06-30 14:50:15,169 - INFO: Evaluating at iteration 52257
2026-06-30 14:50:15,444 - INFO: Loss: 0.294345
2026-06-30 14:50:15,444 - INFO: Training ROC-AUC: 0.750000
2026-06-30 14:50:15,444 - INFO: Validation ROC-AUC: 0.799401
2026-06-30 14:50:16,695 - INFO: Saving model to models/TCRStructMap_random_split_cdrs_mhc_pseudo/model_1.pt
2026-06-30 14:50:16,718 - INFO: Starting fold 2
2026-06-30 14:50:16,806 - INFO: Initialising model
2026-06-30 14:50:16,815 - INFO: Starting training
2026-06-30 14:50:16,816 - INFO: Starting epoch 1
2026-06-30 14:50:16,833 - INFO: Evaluating at iteration 1
2026-06-30 14:50:17,117 - INFO: Loss: 0.694719
2026-06-30 14:50:17,117 - INFO: Training ROC-AUC: 0.616667
2026-06-30 14:50:17,117 - INFO: Validation ROC-AUC: 0.503518
2026-06-30 14:50:23,320 - INFO: Evaluating at iteration 501
2026-06-30 14:50:23,598 - INFO: Loss: 0.536031
2026-06-30 14:50:23,598 - INFO: Training ROC-AUC: 0.502857
2026-06-30 14:50:23,598 - INFO: Validation ROC-AUC: 0.594383
2026-06-30 14:50:30,070 - INFO: Evaluating at iteration 1001
2026-06-30 14:50:30,335 - INFO: Loss: 0.530717
2026-06-30 14:50:30,335 - INFO: Training ROC-AUC: 0.571429
2026-06-30 14:50:30,335 - INFO: Validation ROC-AUC: 0.593304
2026-06-30 14:50:36,853 - INFO: Evaluating at iteration 1501
2026-06-30 14:50:37,132 - INFO: Loss: 0.375623
2026-06-30 14:50:37,132 - INFO: Training ROC-AUC: 0.688889
2026-06-30 14:50:37,132 - INFO: Validation ROC-AUC: 0.599204
2026-06-30 14:50:43,637 - INFO: Evaluating at iteration 2001
2026-06-30 14:50:43,912 - INFO: Loss: 0.482840
2026-06-30 14:50:43,912 - INFO: Training ROC-AUC: 0.410256
2026-06-30 14:50:43,912 - INFO: Validation ROC-AUC: 0.619553
2026-06-30 14:50:45,142 - INFO: Starting epoch 2
2026-06-30 14:50:45,155 - INFO: Evaluating at iteration 2095
2026-06-30 14:50:45,427 - INFO: Loss: 0.439388
2026-06-30 14:50:45,427 - INFO: Training ROC-AUC: 0.488889
2026-06-30 14:50:45,427 - INFO: Validation ROC-AUC: 0.626767
2026-06-30 14:50:51,950 - INFO: Evaluating at iteration 2595
2026-06-30 14:50:52,213 - INFO: Loss: 0.328523
2026-06-30 14:50:52,214 - INFO: Training ROC-AUC: 0.425287
2026-06-30 14:50:52,214 - INFO: Validation ROC-AUC: 0.643083
2026-06-30 14:50:58,714 - INFO: Evaluating at iteration 3095
2026-06-30 14:50:58,987 - INFO: Loss: 0.440731
2026-06-30 14:50:58,987 - INFO: Training ROC-AUC: 0.621795
2026-06-30 14:50:58,987 - INFO: Validation ROC-AUC: 0.663963
2026-06-30 14:51:05,514 - INFO: Evaluating at iteration 3595
2026-06-30 14:51:05,782 - INFO: Loss: 0.248376
2026-06-30 14:51:05,782 - INFO: Training ROC-AUC: 0.712644
2026-06-30 14:51:05,782 - INFO: Validation ROC-AUC: 0.682941
2026-06-30 14:51:12,292 - INFO: Evaluating at iteration 4095
2026-06-30 14:51:12,566 - INFO: Loss: 0.456789
2026-06-30 14:51:12,566 - INFO: Training ROC-AUC: 0.657143
2026-06-30 14:51:12,566 - INFO: Validation ROC-AUC: 0.713477
2026-06-30 14:51:13,796 - INFO: Starting epoch 3
2026-06-30 14:51:13,809 - INFO: Evaluating at iteration 4189
2026-06-30 14:51:14,071 - INFO: Loss: 0.586192
2026-06-30 14:51:14,071 - INFO: Training ROC-AUC: 0.727273
2026-06-30 14:51:14,071 - INFO: Validation ROC-AUC: 0.725505
2026-06-30 14:51:20,598 - INFO: Evaluating at iteration 4689
2026-06-30 14:51:20,867 - INFO: Loss: 0.467140
2026-06-30 14:51:20,867 - INFO: Training ROC-AUC: 0.679487
2026-06-30 14:51:20,867 - INFO: Validation ROC-AUC: 0.742456
2026-06-30 14:51:27,387 - INFO: Evaluating at iteration 5189
2026-06-30 14:51:27,672 - INFO: Loss: 0.406697
2026-06-30 14:51:27,672 - INFO: Training ROC-AUC: 0.730769
2026-06-30 14:51:27,672 - INFO: Validation ROC-AUC: 0.746034
2026-06-30 14:51:34,195 - INFO: Evaluating at iteration 5689
2026-06-30 14:51:34,474 - INFO: Loss: 0.229734
2026-06-30 14:51:34,474 - INFO: Training ROC-AUC: 0.833333
2026-06-30 14:51:34,474 - INFO: Validation ROC-AUC: 0.747975
2026-06-30 14:51:40,953 - INFO: Evaluating at iteration 6189
2026-06-30 14:51:41,232 - INFO: Loss: 0.405973
2026-06-30 14:51:41,232 - INFO: Training ROC-AUC: 0.782857
2026-06-30 14:51:41,232 - INFO: Validation ROC-AUC: 0.750042
2026-06-30 14:51:42,460 - INFO: Starting epoch 4
2026-06-30 14:51:42,474 - INFO: Evaluating at iteration 6283
2026-06-30 14:51:42,744 - INFO: Loss: 0.395196
2026-06-30 14:51:42,744 - INFO: Training ROC-AUC: 0.756410
2026-06-30 14:51:42,744 - INFO: Validation ROC-AUC: 0.750698
2026-06-30 14:51:49,251 - INFO: Evaluating at iteration 6783
2026-06-30 14:51:49,520 - INFO: Loss: 0.386118
2026-06-30 14:51:49,520 - INFO: Training ROC-AUC: 0.725926
2026-06-30 14:51:49,520 - INFO: Validation ROC-AUC: 0.754374
2026-06-30 14:51:56,003 - INFO: Evaluating at iteration 7283
2026-06-30 14:51:56,280 - INFO: Loss: 0.418538
2026-06-30 14:51:56,280 - INFO: Training ROC-AUC: 0.607407
2026-06-30 14:51:56,280 - INFO: Validation ROC-AUC: 0.756591
2026-06-30 14:52:02,785 - INFO: Evaluating at iteration 7783
2026-06-30 14:52:03,051 - INFO: Loss: 0.298973
2026-06-30 14:52:03,051 - INFO: Training ROC-AUC: 0.793103
2026-06-30 14:52:03,051 - INFO: Validation ROC-AUC: 0.758968
2026-06-30 14:52:09,516 - INFO: Evaluating at iteration 8283
2026-06-30 14:52:09,791 - INFO: Loss: 0.377934
2026-06-30 14:52:09,791 - INFO: Training ROC-AUC: 0.571429
2026-06-30 14:52:09,791 - INFO: Validation ROC-AUC: 0.757761
2026-06-30 14:52:11,010 - INFO: Starting epoch 5
2026-06-30 14:52:11,024 - INFO: Evaluating at iteration 8377
2026-06-30 14:52:11,292 - INFO: Loss: 0.330571
2026-06-30 14:52:11,292 - INFO: Training ROC-AUC: 0.822222
2026-06-30 14:52:11,292 - INFO: Validation ROC-AUC: 0.761621
2026-06-30 14:52:17,756 - INFO: Evaluating at iteration 8877
2026-06-30 14:52:18,020 - INFO: Loss: 0.390310
2026-06-30 14:52:18,020 - INFO: Training ROC-AUC: 0.908571
2026-06-30 14:52:18,020 - INFO: Validation ROC-AUC: 0.761279
2026-06-30 14:52:24,486 - INFO: Evaluating at iteration 9377
2026-06-30 14:52:24,754 - INFO: Loss: 0.389275
2026-06-30 14:52:24,754 - INFO: Training ROC-AUC: 0.862857
2026-06-30 14:52:24,754 - INFO: Validation ROC-AUC: 0.761138
2026-06-30 14:52:31,252 - INFO: Evaluating at iteration 9877
2026-06-30 14:52:31,531 - INFO: Loss: 0.303247
2026-06-30 14:52:31,531 - INFO: Training ROC-AUC: 0.785185
2026-06-30 14:52:31,531 - INFO: Validation ROC-AUC: 0.763918
2026-06-30 14:52:37,990 - INFO: Evaluating at iteration 10377
2026-06-30 14:52:38,254 - INFO: Loss: 0.468812
2026-06-30 14:52:38,254 - INFO: Training ROC-AUC: 0.744792
2026-06-30 14:52:38,254 - INFO: Validation ROC-AUC: 0.766120
2026-06-30 14:52:39,481 - INFO: Starting epoch 6
2026-06-30 14:52:39,495 - INFO: Evaluating at iteration 10471
2026-06-30 14:52:39,768 - INFO: Loss: 0.377877
2026-06-30 14:52:39,768 - INFO: Training ROC-AUC: 0.718519
2026-06-30 14:52:39,768 - INFO: Validation ROC-AUC: 0.765876
2026-06-30 14:52:46,238 - INFO: Evaluating at iteration 10971
2026-06-30 14:52:46,504 - INFO: Loss: 0.245935
2026-06-30 14:52:46,505 - INFO: Training ROC-AUC: 0.776786
2026-06-30 14:52:46,505 - INFO: Validation ROC-AUC: 0.767472
2026-06-30 14:52:52,958 - INFO: Evaluating at iteration 11471
2026-06-30 14:52:53,237 - INFO: Loss: 0.538569
2026-06-30 14:52:53,237 - INFO: Training ROC-AUC: 0.630208
2026-06-30 14:52:53,237 - INFO: Validation ROC-AUC: 0.766944
2026-06-30 14:52:59,716 - INFO: Evaluating at iteration 11971
2026-06-30 14:52:59,990 - INFO: Loss: 0.315080
2026-06-30 14:52:59,990 - INFO: Training ROC-AUC: 0.948148
2026-06-30 14:52:59,990 - INFO: Validation ROC-AUC: 0.769623
2026-06-30 14:53:06,435 - INFO: Evaluating at iteration 12471
2026-06-30 14:53:06,721 - INFO: Loss: 0.688364
2026-06-30 14:53:06,721 - INFO: Training ROC-AUC: 0.827273
2026-06-30 14:53:06,721 - INFO: Validation ROC-AUC: 0.770140
2026-06-30 14:53:07,939 - INFO: Starting epoch 7
2026-06-30 14:53:07,953 - INFO: Evaluating at iteration 12565
2026-06-30 14:53:08,227 - INFO: Loss: 0.220093
2026-06-30 14:53:08,227 - INFO: Training ROC-AUC: 0.804598
2026-06-30 14:53:08,227 - INFO: Validation ROC-AUC: 0.771214
2026-06-30 14:53:14,686 - INFO: Evaluating at iteration 13065
2026-06-30 14:53:14,964 - INFO: Loss: 0.425496
2026-06-30 14:53:14,964 - INFO: Training ROC-AUC: 0.885714
2026-06-30 14:53:14,964 - INFO: Validation ROC-AUC: 0.769279
2026-06-30 14:53:21,411 - INFO: Evaluating at iteration 13565
2026-06-30 14:53:21,692 - INFO: Loss: 0.225171
2026-06-30 14:53:21,692 - INFO: Training ROC-AUC: 0.827586
2026-06-30 14:53:21,692 - INFO: Validation ROC-AUC: 0.772595
2026-06-30 14:53:28,153 - INFO: Evaluating at iteration 14065
2026-06-30 14:53:28,432 - INFO: Loss: 0.423417
2026-06-30 14:53:28,432 - INFO: Training ROC-AUC: 0.850000
2026-06-30 14:53:28,432 - INFO: Validation ROC-AUC: 0.774545
2026-06-30 14:53:34,884 - INFO: Evaluating at iteration 14565
2026-06-30 14:53:35,159 - INFO: Loss: 0.293000
2026-06-30 14:53:35,160 - INFO: Training ROC-AUC: 0.881481
2026-06-30 14:53:35,160 - INFO: Validation ROC-AUC: 0.774712
2026-06-30 14:53:36,376 - INFO: Starting epoch 8
2026-06-30 14:53:36,390 - INFO: Evaluating at iteration 14659
2026-06-30 14:53:36,652 - INFO: Loss: 0.265322
2026-06-30 14:53:36,652 - INFO: Training ROC-AUC: 0.766667
2026-06-30 14:53:36,652 - INFO: Validation ROC-AUC: 0.774229
2026-06-30 14:53:43,111 - INFO: Evaluating at iteration 15159
2026-06-30 14:53:43,376 - INFO: Loss: 0.243597
2026-06-30 14:53:43,376 - INFO: Training ROC-AUC: 0.827586
2026-06-30 14:53:43,376 - INFO: Validation ROC-AUC: 0.774647
2026-06-30 14:53:49,815 - INFO: Evaluating at iteration 15659
2026-06-30 14:53:50,094 - INFO: Loss: 0.306923
2026-06-30 14:53:50,095 - INFO: Training ROC-AUC: 0.807407
2026-06-30 14:53:50,095 - INFO: Validation ROC-AUC: 0.775631
2026-06-30 14:53:56,560 - INFO: Evaluating at iteration 16159
2026-06-30 14:53:56,823 - INFO: Loss: 0.248022
2026-06-30 14:53:56,823 - INFO: Training ROC-AUC: 0.873563
2026-06-30 14:53:56,823 - INFO: Validation ROC-AUC: 0.776896
2026-06-30 14:54:03,255 - INFO: Evaluating at iteration 16659
2026-06-30 14:54:03,519 - INFO: Loss: 0.275569
2026-06-30 14:54:03,519 - INFO: Training ROC-AUC: 0.793103
2026-06-30 14:54:03,519 - INFO: Validation ROC-AUC: 0.776833
2026-06-30 14:54:04,738 - INFO: Starting epoch 9
2026-06-30 14:54:04,752 - INFO: Evaluating at iteration 16753
2026-06-30 14:54:05,039 - INFO: Loss: 0.405595
2026-06-30 14:54:05,039 - INFO: Training ROC-AUC: 0.817143
2026-06-30 14:54:05,039 - INFO: Validation ROC-AUC: 0.777746
2026-06-30 14:54:11,481 - INFO: Evaluating at iteration 17253
2026-06-30 14:54:11,765 - INFO: Loss: 0.385443
2026-06-30 14:54:11,765 - INFO: Training ROC-AUC: 0.711538
2026-06-30 14:54:11,765 - INFO: Validation ROC-AUC: 0.778438
2026-06-30 14:54:18,201 - INFO: Evaluating at iteration 17753
2026-06-30 14:54:18,468 - INFO: Loss: 0.381576
2026-06-30 14:54:18,468 - INFO: Training ROC-AUC: 0.814103
2026-06-30 14:54:18,468 - INFO: Validation ROC-AUC: 0.776385
2026-06-30 14:54:24,945 - INFO: Evaluating at iteration 18253
2026-06-30 14:54:25,220 - INFO: Loss: 0.352862
2026-06-30 14:54:25,221 - INFO: Training ROC-AUC: 0.833333
2026-06-30 14:54:25,221 - INFO: Validation ROC-AUC: 0.778995
2026-06-30 14:54:31,678 - INFO: Evaluating at iteration 18753
2026-06-30 14:54:31,962 - INFO: Loss: 0.296412
2026-06-30 14:54:31,962 - INFO: Training ROC-AUC: 0.839286
2026-06-30 14:54:31,962 - INFO: Validation ROC-AUC: 0.779909
2026-06-30 14:54:33,181 - INFO: Starting epoch 10
2026-06-30 14:54:33,195 - INFO: Evaluating at iteration 18847
2026-06-30 14:54:33,469 - INFO: Loss: 0.317403
2026-06-30 14:54:33,469 - INFO: Training ROC-AUC: 0.903846
2026-06-30 14:54:33,469 - INFO: Validation ROC-AUC: 0.780488
2026-06-30 14:54:39,936 - INFO: Evaluating at iteration 19347
2026-06-30 14:54:40,221 - INFO: Loss: 0.260837
2026-06-30 14:54:40,221 - INFO: Training ROC-AUC: 0.974359
2026-06-30 14:54:40,221 - INFO: Validation ROC-AUC: 0.777153
2026-06-30 14:54:46,670 - INFO: Evaluating at iteration 19847
2026-06-30 14:54:46,956 - INFO: Loss: 0.324026
2026-06-30 14:54:46,956 - INFO: Training ROC-AUC: 0.871795
2026-06-30 14:54:46,956 - INFO: Validation ROC-AUC: 0.780912
2026-06-30 14:54:53,415 - INFO: Evaluating at iteration 20347
2026-06-30 14:54:53,702 - INFO: Loss: 0.586352
2026-06-30 14:54:53,702 - INFO: Training ROC-AUC: 0.787879
2026-06-30 14:54:53,702 - INFO: Validation ROC-AUC: 0.782610
2026-06-30 14:55:00,137 - INFO: Evaluating at iteration 20847
2026-06-30 14:55:00,416 - INFO: Loss: 0.346956
2026-06-30 14:55:00,416 - INFO: Training ROC-AUC: 0.814815
2026-06-30 14:55:00,416 - INFO: Validation ROC-AUC: 0.782444
2026-06-30 14:55:01,633 - INFO: Starting epoch 11
2026-06-30 14:55:01,647 - INFO: Evaluating at iteration 20941
2026-06-30 14:55:01,919 - INFO: Loss: 0.381920
2026-06-30 14:55:01,919 - INFO: Training ROC-AUC: 0.800000
2026-06-30 14:55:01,919 - INFO: Validation ROC-AUC: 0.782515
2026-06-30 14:55:08,392 - INFO: Evaluating at iteration 21441
2026-06-30 14:55:08,660 - INFO: Loss: 0.278652
2026-06-30 14:55:08,660 - INFO: Training ROC-AUC: 0.839286
2026-06-30 14:55:08,660 - INFO: Validation ROC-AUC: 0.784076
2026-06-30 14:55:15,104 - INFO: Evaluating at iteration 21941
2026-06-30 14:55:15,369 - INFO: Loss: 0.281841
2026-06-30 14:55:15,369 - INFO: Training ROC-AUC: 0.942308
2026-06-30 14:55:15,369 - INFO: Validation ROC-AUC: 0.783255
2026-06-30 14:55:21,872 - INFO: Evaluating at iteration 22441
2026-06-30 14:55:22,143 - INFO: Loss: 0.353284
2026-06-30 14:55:22,143 - INFO: Training ROC-AUC: 0.540230
2026-06-30 14:55:22,143 - INFO: Validation ROC-AUC: 0.783913
2026-06-30 14:55:28,609 - INFO: Evaluating at iteration 22941
2026-06-30 14:55:28,873 - INFO: Loss: 0.364963
2026-06-30 14:55:28,873 - INFO: Training ROC-AUC: 0.616071
2026-06-30 14:55:28,873 - INFO: Validation ROC-AUC: 0.784090
2026-06-30 14:55:30,103 - INFO: Starting epoch 12
2026-06-30 14:55:30,117 - INFO: Evaluating at iteration 23035
2026-06-30 14:55:30,395 - INFO: Loss: 0.405345
2026-06-30 14:55:30,395 - INFO: Training ROC-AUC: 0.737179
2026-06-30 14:55:30,395 - INFO: Validation ROC-AUC: 0.781806
2026-06-30 14:55:36,887 - INFO: Evaluating at iteration 23535
2026-06-30 14:55:37,167 - INFO: Loss: 0.270071
2026-06-30 14:55:37,167 - INFO: Training ROC-AUC: 0.875000
2026-06-30 14:55:37,167 - INFO: Validation ROC-AUC: 0.785477
2026-06-30 14:55:43,634 - INFO: Evaluating at iteration 24035
2026-06-30 14:55:43,909 - INFO: Loss: 0.380858
2026-06-30 14:55:43,909 - INFO: Training ROC-AUC: 0.840000
2026-06-30 14:55:43,909 - INFO: Validation ROC-AUC: 0.786285
2026-06-30 14:55:50,389 - INFO: Evaluating at iteration 24535
2026-06-30 14:55:50,658 - INFO: Loss: 0.203431
2026-06-30 14:55:50,658 - INFO: Training ROC-AUC: 0.387097
2026-06-30 14:55:50,658 - INFO: Validation ROC-AUC: 0.785812
2026-06-30 14:55:57,114 - INFO: Evaluating at iteration 25035
2026-06-30 14:55:57,378 - INFO: Loss: 0.483182
2026-06-30 14:55:57,378 - INFO: Training ROC-AUC: 0.786458
2026-06-30 14:55:57,378 - INFO: Validation ROC-AUC: 0.786410
2026-06-30 14:55:58,693 - INFO: Starting epoch 13
2026-06-30 14:55:58,706 - INFO: Evaluating at iteration 25129
2026-06-30 14:55:58,971 - INFO: Loss: 0.166985
2026-06-30 14:55:58,971 - INFO: Training ROC-AUC: 0.838710
2026-06-30 14:55:58,971 - INFO: Validation ROC-AUC: 0.787376
2026-06-30 14:56:05,498 - INFO: Evaluating at iteration 25629
2026-06-30 14:56:05,783 - INFO: Loss: 0.347151
2026-06-30 14:56:05,783 - INFO: Training ROC-AUC: 0.935897
2026-06-30 14:56:05,783 - INFO: Validation ROC-AUC: 0.786990
2026-06-30 14:56:12,253 - INFO: Evaluating at iteration 26129
2026-06-30 14:56:12,535 - INFO: Loss: 0.382261
2026-06-30 14:56:12,535 - INFO: Training ROC-AUC: 0.888889
2026-06-30 14:56:12,535 - INFO: Validation ROC-AUC: 0.788586
2026-06-30 14:56:19,042 - INFO: Evaluating at iteration 26629
2026-06-30 14:56:19,307 - INFO: Loss: 0.381808
2026-06-30 14:56:19,307 - INFO: Training ROC-AUC: 0.725926
2026-06-30 14:56:19,307 - INFO: Validation ROC-AUC: 0.787185
2026-06-30 14:56:25,792 - INFO: Evaluating at iteration 27129
2026-06-30 14:56:26,067 - INFO: Loss: 0.466967
2026-06-30 14:56:26,067 - INFO: Training ROC-AUC: 0.725714
2026-06-30 14:56:26,067 - INFO: Validation ROC-AUC: 0.787296
2026-06-30 14:56:27,296 - INFO: Starting epoch 14
2026-06-30 14:56:27,310 - INFO: Evaluating at iteration 27223
2026-06-30 14:56:27,578 - INFO: Loss: 0.244944
2026-06-30 14:56:27,578 - INFO: Training ROC-AUC: 0.850575
2026-06-30 14:56:27,578 - INFO: Validation ROC-AUC: 0.789233
2026-06-30 14:56:34,095 - INFO: Evaluating at iteration 27723
2026-06-30 14:56:34,358 - INFO: Loss: 0.365316
2026-06-30 14:56:34,358 - INFO: Training ROC-AUC: 0.792593
2026-06-30 14:56:34,358 - INFO: Validation ROC-AUC: 0.788051
2026-06-30 14:56:40,863 - INFO: Evaluating at iteration 28223
2026-06-30 14:56:41,129 - INFO: Loss: 0.185649
2026-06-30 14:56:41,129 - INFO: Training ROC-AUC: 0.883333
2026-06-30 14:56:41,129 - INFO: Validation ROC-AUC: 0.788824
2026-06-30 14:56:47,647 - INFO: Evaluating at iteration 28723
2026-06-30 14:56:47,932 - INFO: Loss: 0.309427
2026-06-30 14:56:47,932 - INFO: Training ROC-AUC: 0.794643
2026-06-30 14:56:47,932 - INFO: Validation ROC-AUC: 0.790416
2026-06-30 14:56:54,429 - INFO: Evaluating at iteration 29223
2026-06-30 14:56:54,712 - INFO: Loss: 0.396604
2026-06-30 14:56:54,713 - INFO: Training ROC-AUC: 0.885417
2026-06-30 14:56:54,713 - INFO: Validation ROC-AUC: 0.790474
2026-06-30 14:56:55,939 - INFO: Starting epoch 15
2026-06-30 14:56:55,953 - INFO: Evaluating at iteration 29317
2026-06-30 14:56:56,230 - INFO: Loss: 0.285009
2026-06-30 14:56:56,230 - INFO: Training ROC-AUC: 0.883929
2026-06-30 14:56:56,230 - INFO: Validation ROC-AUC: 0.789880
2026-06-30 14:57:02,742 - INFO: Evaluating at iteration 29817
2026-06-30 14:57:03,024 - INFO: Loss: 0.391310
2026-06-30 14:57:03,025 - INFO: Training ROC-AUC: 0.848958
2026-06-30 14:57:03,025 - INFO: Validation ROC-AUC: 0.790757
2026-06-30 14:57:09,504 - INFO: Evaluating at iteration 30317
2026-06-30 14:57:09,771 - INFO: Loss: 0.427203
2026-06-30 14:57:09,772 - INFO: Training ROC-AUC: 0.711538
2026-06-30 14:57:09,772 - INFO: Validation ROC-AUC: 0.790661
2026-06-30 14:57:16,283 - INFO: Evaluating at iteration 30817
2026-06-30 14:57:16,555 - INFO: Loss: 0.248117
2026-06-30 14:57:16,555 - INFO: Training ROC-AUC: 0.948148
2026-06-30 14:57:16,555 - INFO: Validation ROC-AUC: 0.789956
2026-06-30 14:57:23,054 - INFO: Evaluating at iteration 31317
2026-06-30 14:57:23,329 - INFO: Loss: 0.314381
2026-06-30 14:57:23,329 - INFO: Training ROC-AUC: 0.929487
2026-06-30 14:57:23,329 - INFO: Validation ROC-AUC: 0.792166
2026-06-30 14:57:24,555 - INFO: Starting epoch 16
2026-06-30 14:57:24,570 - INFO: Evaluating at iteration 31411
2026-06-30 14:57:24,850 - INFO: Loss: 0.305294
2026-06-30 14:57:24,851 - INFO: Training ROC-AUC: 0.750000
2026-06-30 14:57:24,851 - INFO: Validation ROC-AUC: 0.792597
2026-06-30 14:57:31,375 - INFO: Evaluating at iteration 31911
2026-06-30 14:57:31,659 - INFO: Loss: 0.446794
2026-06-30 14:57:31,659 - INFO: Training ROC-AUC: 0.666667
2026-06-30 14:57:31,659 - INFO: Validation ROC-AUC: 0.792714
2026-06-30 14:57:38,136 - INFO: Evaluating at iteration 32411
2026-06-30 14:57:38,416 - INFO: Loss: 0.410533
2026-06-30 14:57:38,416 - INFO: Training ROC-AUC: 0.897143
2026-06-30 14:57:38,416 - INFO: Validation ROC-AUC: 0.792872
2026-06-30 14:57:44,948 - INFO: Evaluating at iteration 32911
2026-06-30 14:57:45,236 - INFO: Loss: 0.452443
2026-06-30 14:57:45,236 - INFO: Training ROC-AUC: 0.787440
2026-06-30 14:57:45,236 - INFO: Validation ROC-AUC: 0.792198
2026-06-30 14:57:51,741 - INFO: Evaluating at iteration 33411
2026-06-30 14:57:52,023 - INFO: Loss: 0.354435
2026-06-30 14:57:52,023 - INFO: Training ROC-AUC: 0.820513
2026-06-30 14:57:52,023 - INFO: Validation ROC-AUC: 0.791282
2026-06-30 14:57:53,252 - INFO: Starting epoch 17
2026-06-30 14:57:53,266 - INFO: Evaluating at iteration 33505
2026-06-30 14:57:53,533 - INFO: Loss: 0.384233
2026-06-30 14:57:53,534 - INFO: Training ROC-AUC: 0.814103
2026-06-30 14:57:53,534 - INFO: Validation ROC-AUC: 0.791470
2026-06-30 14:58:00,057 - INFO: Evaluating at iteration 34005
2026-06-30 14:58:00,331 - INFO: Loss: 0.360399
2026-06-30 14:58:00,331 - INFO: Training ROC-AUC: 0.871795
2026-06-30 14:58:00,331 - INFO: Validation ROC-AUC: 0.792872
2026-06-30 14:58:06,851 - INFO: Evaluating at iteration 34505
2026-06-30 14:58:07,133 - INFO: Loss: 0.343906
2026-06-30 14:58:07,133 - INFO: Training ROC-AUC: 0.792593
2026-06-30 14:58:07,133 - INFO: Validation ROC-AUC: 0.794029
2026-06-30 14:58:13,666 - INFO: Evaluating at iteration 35005
2026-06-30 14:58:13,948 - INFO: Loss: 0.359018
2026-06-30 14:58:13,948 - INFO: Training ROC-AUC: 0.800000
2026-06-30 14:58:13,948 - INFO: Validation ROC-AUC: 0.793423
2026-06-30 14:58:20,470 - INFO: Evaluating at iteration 35505
2026-06-30 14:58:20,754 - INFO: Loss: 0.240611
2026-06-30 14:58:20,754 - INFO: Training ROC-AUC: 0.937500
2026-06-30 14:58:20,754 - INFO: Validation ROC-AUC: 0.794325
2026-06-30 14:58:21,985 - INFO: Starting epoch 18
2026-06-30 14:58:21,999 - INFO: Evaluating at iteration 35599
2026-06-30 14:58:22,271 - INFO: Loss: 0.321063
2026-06-30 14:58:22,271 - INFO: Training ROC-AUC: 0.785714
2026-06-30 14:58:22,271 - INFO: Validation ROC-AUC: 0.794232
2026-06-30 14:58:28,807 - INFO: Evaluating at iteration 36099
2026-06-30 14:58:29,086 - INFO: Loss: 0.231870
2026-06-30 14:58:29,086 - INFO: Training ROC-AUC: 0.919540
2026-06-30 14:58:29,086 - INFO: Validation ROC-AUC: 0.793839
2026-06-30 14:58:35,606 - INFO: Evaluating at iteration 36599
2026-06-30 14:58:35,875 - INFO: Loss: 0.321548
2026-06-30 14:58:35,875 - INFO: Training ROC-AUC: 0.785714
2026-06-30 14:58:35,875 - INFO: Validation ROC-AUC: 0.793838
2026-06-30 14:58:42,414 - INFO: Evaluating at iteration 37099
2026-06-30 14:58:42,686 - INFO: Loss: 0.317104
2026-06-30 14:58:42,686 - INFO: Training ROC-AUC: 0.961538
2026-06-30 14:58:42,686 - INFO: Validation ROC-AUC: 0.793178
2026-06-30 14:58:49,235 - INFO: Evaluating at iteration 37599
2026-06-30 14:58:49,503 - INFO: Loss: 0.374587
2026-06-30 14:58:49,503 - INFO: Training ROC-AUC: 0.413793
2026-06-30 14:58:49,503 - INFO: Validation ROC-AUC: 0.794007
2026-06-30 14:58:50,737 - INFO: Starting epoch 19
2026-06-30 14:58:50,754 - INFO: Evaluating at iteration 37693
2026-06-30 14:58:51,031 - INFO: Loss: 0.285761
2026-06-30 14:58:51,031 - INFO: Training ROC-AUC: 0.735632
2026-06-30 14:58:51,031 - INFO: Validation ROC-AUC: 0.794110
2026-06-30 14:58:57,621 - INFO: Evaluating at iteration 38193
2026-06-30 14:58:57,903 - INFO: Loss: 0.230535
2026-06-30 14:58:57,903 - INFO: Training ROC-AUC: 0.908046
2026-06-30 14:58:57,903 - INFO: Validation ROC-AUC: 0.795086
2026-06-30 14:59:04,449 - INFO: Evaluating at iteration 38693
2026-06-30 14:59:04,715 - INFO: Loss: 0.293848
2026-06-30 14:59:04,715 - INFO: Training ROC-AUC: 0.848214
2026-06-30 14:59:04,715 - INFO: Validation ROC-AUC: 0.795242
2026-06-30 14:59:11,272 - INFO: Evaluating at iteration 39193
2026-06-30 14:59:11,552 - INFO: Loss: 0.439340
2026-06-30 14:59:11,552 - INFO: Training ROC-AUC: 0.744792
2026-06-30 14:59:11,552 - INFO: Validation ROC-AUC: 0.791405
2026-06-30 14:59:18,118 - INFO: Evaluating at iteration 39693
2026-06-30 14:59:18,395 - INFO: Loss: 0.307873
2026-06-30 14:59:18,395 - INFO: Training ROC-AUC: 0.632184
2026-06-30 14:59:18,395 - INFO: Validation ROC-AUC: 0.794437
2026-06-30 14:59:19,634 - INFO: Starting epoch 20
2026-06-30 14:59:19,648 - INFO: Evaluating at iteration 39787
2026-06-30 14:59:19,926 - INFO: Loss: 0.242479
2026-06-30 14:59:19,926 - INFO: Training ROC-AUC: 0.919643
2026-06-30 14:59:19,926 - INFO: Validation ROC-AUC: 0.795667
2026-06-30 14:59:26,521 - INFO: Evaluating at iteration 40287
2026-06-30 14:59:26,783 - INFO: Loss: 0.284962
2026-06-30 14:59:26,783 - INFO: Training ROC-AUC: 0.925714
2026-06-30 14:59:26,783 - INFO: Validation ROC-AUC: 0.794947
2026-06-30 14:59:33,352 - INFO: Evaluating at iteration 40787
2026-06-30 14:59:33,632 - INFO: Loss: 0.350359
2026-06-30 14:59:33,632 - INFO: Training ROC-AUC: 0.826923
2026-06-30 14:59:33,632 - INFO: Validation ROC-AUC: 0.794757
2026-06-30 14:59:40,228 - INFO: Evaluating at iteration 41287
2026-06-30 14:59:40,491 - INFO: Loss: 0.357235
2026-06-30 14:59:40,491 - INFO: Training ROC-AUC: 0.839744
2026-06-30 14:59:40,491 - INFO: Validation ROC-AUC: 0.795821
2026-06-30 14:59:47,093 - INFO: Evaluating at iteration 41787
2026-06-30 14:59:47,369 - INFO: Loss: 0.436269
2026-06-30 14:59:47,370 - INFO: Training ROC-AUC: 0.812500
2026-06-30 14:59:47,370 - INFO: Validation ROC-AUC: 0.795244
2026-06-30 14:59:48,615 - INFO: Starting epoch 21
2026-06-30 14:59:48,629 - INFO: Evaluating at iteration 41881
2026-06-30 14:59:48,895 - INFO: Loss: 0.228847
2026-06-30 14:59:48,895 - INFO: Training ROC-AUC: 0.966667
2026-06-30 14:59:48,895 - INFO: Validation ROC-AUC: 0.795705
2026-06-30 14:59:55,517 - INFO: Evaluating at iteration 42381
2026-06-30 14:59:55,794 - INFO: Loss: 0.343068
2026-06-30 14:59:55,794 - INFO: Training ROC-AUC: 0.800000
2026-06-30 14:59:55,794 - INFO: Validation ROC-AUC: 0.793744
2026-06-30 15:00:02,435 - INFO: Evaluating at iteration 42881
2026-06-30 15:00:02,713 - INFO: Loss: 0.322789
2026-06-30 15:00:02,713 - INFO: Training ROC-AUC: 0.866667
2026-06-30 15:00:02,713 - INFO: Validation ROC-AUC: 0.793340
2026-06-30 15:00:09,372 - INFO: Evaluating at iteration 43381
2026-06-30 15:00:09,649 - INFO: Loss: 0.245227
2026-06-30 15:00:09,649 - INFO: Training ROC-AUC: 0.883929
2026-06-30 15:00:09,649 - INFO: Validation ROC-AUC: 0.795496
2026-06-30 15:00:16,288 - INFO: Evaluating at iteration 43881
2026-06-30 15:00:16,573 - INFO: Loss: 0.390694
2026-06-30 15:00:16,573 - INFO: Training ROC-AUC: 0.854167
2026-06-30 15:00:16,573 - INFO: Validation ROC-AUC: 0.796010
2026-06-30 15:00:17,835 - INFO: Starting epoch 22
2026-06-30 15:00:17,849 - INFO: Evaluating at iteration 43975
2026-06-30 15:00:18,113 - INFO: Loss: 0.440790
2026-06-30 15:00:18,113 - INFO: Training ROC-AUC: 0.781250
2026-06-30 15:00:18,113 - INFO: Validation ROC-AUC: 0.796035
2026-06-30 15:00:24,817 - INFO: Evaluating at iteration 44475
2026-06-30 15:00:25,102 - INFO: Loss: 0.414972
2026-06-30 15:00:25,104 - INFO: Training ROC-AUC: 0.681481
2026-06-30 15:00:25,104 - INFO: Validation ROC-AUC: 0.796027
2026-06-30 15:00:31,771 - INFO: Evaluating at iteration 44975
2026-06-30 15:00:32,050 - INFO: Loss: 0.263445
2026-06-30 15:00:32,050 - INFO: Training ROC-AUC: 0.865385
2026-06-30 15:00:32,050 - INFO: Validation ROC-AUC: 0.796406
2026-06-30 15:00:38,762 - INFO: Evaluating at iteration 45475
2026-06-30 15:00:39,042 - INFO: Loss: 0.462266
2026-06-30 15:00:39,042 - INFO: Training ROC-AUC: 0.776042
2026-06-30 15:00:39,042 - INFO: Validation ROC-AUC: 0.794665
2026-06-30 15:00:45,734 - INFO: Evaluating at iteration 45975
2026-06-30 15:00:46,015 - INFO: Loss: 0.560834
2026-06-30 15:00:46,015 - INFO: Training ROC-AUC: 0.800866
2026-06-30 15:00:46,015 - INFO: Validation ROC-AUC: 0.794273
2026-06-30 15:00:47,296 - INFO: Starting epoch 23
2026-06-30 15:00:47,310 - INFO: Evaluating at iteration 46069
2026-06-30 15:00:47,573 - INFO: Loss: 0.405017
2026-06-30 15:00:47,573 - INFO: Training ROC-AUC: 0.674074
2026-06-30 15:00:47,573 - INFO: Validation ROC-AUC: 0.795353
2026-06-30 15:00:54,317 - INFO: Evaluating at iteration 46569
2026-06-30 15:00:54,602 - INFO: Loss: 0.367425
2026-06-30 15:00:54,602 - INFO: Training ROC-AUC: 0.834286
2026-06-30 15:00:54,602 - INFO: Validation ROC-AUC: 0.794934
2026-06-30 15:01:01,332 - INFO: Evaluating at iteration 47069
2026-06-30 15:01:01,611 - INFO: Loss: 0.474906
2026-06-30 15:01:01,611 - INFO: Training ROC-AUC: 0.830918
2026-06-30 15:01:01,611 - INFO: Validation ROC-AUC: 0.796742
2026-06-30 15:01:08,378 - INFO: Evaluating at iteration 47569
2026-06-30 15:01:08,662 - INFO: Loss: 0.408312
2026-06-30 15:01:08,662 - INFO: Training ROC-AUC: 0.843750
2026-06-30 15:01:08,662 - INFO: Validation ROC-AUC: 0.796625
2026-06-30 15:01:15,400 - INFO: Evaluating at iteration 48069
2026-06-30 15:01:15,682 - INFO: Loss: 0.337877
2026-06-30 15:01:15,682 - INFO: Training ROC-AUC: 0.714286
2026-06-30 15:01:15,682 - INFO: Validation ROC-AUC: 0.797051
2026-06-30 15:01:16,957 - INFO: Starting epoch 24
2026-06-30 15:01:16,971 - INFO: Evaluating at iteration 48163
2026-06-30 15:01:17,242 - INFO: Loss: 0.257562
2026-06-30 15:01:17,242 - INFO: Training ROC-AUC: 0.758621
2026-06-30 15:01:17,242 - INFO: Validation ROC-AUC: 0.796591
2026-06-30 15:01:24,003 - INFO: Evaluating at iteration 48663
2026-06-30 15:01:24,271 - INFO: Loss: 0.494666
2026-06-30 15:01:24,271 - INFO: Training ROC-AUC: 0.787440
2026-06-30 15:01:24,271 - INFO: Validation ROC-AUC: 0.796145
2026-06-30 15:01:31,003 - INFO: Evaluating at iteration 49163
2026-06-30 15:01:31,273 - INFO: Loss: 0.155546
2026-06-30 15:01:31,273 - INFO: Training ROC-AUC: 0.966667
2026-06-30 15:01:31,273 - INFO: Validation ROC-AUC: 0.796360
2026-06-30 15:01:38,050 - INFO: Evaluating at iteration 49663
2026-06-30 15:01:38,334 - INFO: Loss: 0.371728
2026-06-30 15:01:38,334 - INFO: Training ROC-AUC: 0.801282
2026-06-30 15:01:38,334 - INFO: Validation ROC-AUC: 0.796839
2026-06-30 15:01:45,085 - INFO: Evaluating at iteration 50163
2026-06-30 15:01:45,361 - INFO: Loss: 0.259507
2026-06-30 15:01:45,361 - INFO: Training ROC-AUC: 0.875000
2026-06-30 15:01:45,361 - INFO: Validation ROC-AUC: 0.796811
2026-06-30 15:01:46,630 - INFO: Starting epoch 25
2026-06-30 15:01:46,644 - INFO: Evaluating at iteration 50257
2026-06-30 15:01:46,916 - INFO: Loss: 0.447153
2026-06-30 15:01:46,916 - INFO: Training ROC-AUC: 0.840580
2026-06-30 15:01:46,916 - INFO: Validation ROC-AUC: 0.798646
2026-06-30 15:01:53,694 - INFO: Evaluating at iteration 50757
2026-06-30 15:01:53,962 - INFO: Loss: 0.219640
2026-06-30 15:01:53,962 - INFO: Training ROC-AUC: 0.766667
2026-06-30 15:01:53,962 - INFO: Validation ROC-AUC: 0.797301
2026-06-30 15:02:00,726 - INFO: Evaluating at iteration 51257
2026-06-30 15:02:01,003 - INFO: Loss: 0.287042
2026-06-30 15:02:01,003 - INFO: Training ROC-AUC: 0.866071
2026-06-30 15:02:01,003 - INFO: Validation ROC-AUC: 0.797669
2026-06-30 15:02:07,821 - INFO: Evaluating at iteration 51757
2026-06-30 15:02:08,097 - INFO: Loss: 0.416068
2026-06-30 15:02:08,097 - INFO: Training ROC-AUC: 0.805714
2026-06-30 15:02:08,097 - INFO: Validation ROC-AUC: 0.796965
2026-06-30 15:02:14,888 - INFO: Evaluating at iteration 52257
2026-06-30 15:02:15,163 - INFO: Loss: 0.478011
2026-06-30 15:02:15,163 - INFO: Training ROC-AUC: 0.750000
2026-06-30 15:02:15,163 - INFO: Validation ROC-AUC: 0.799221
2026-06-30 15:02:16,445 - INFO: Saving model to models/TCRStructMap_random_split_cdrs_mhc_pseudo/model_2.pt
2026-06-30 15:02:16,466 - INFO: Starting fold 3
2026-06-30 15:02:16,548 - INFO: Initialising model
2026-06-30 15:02:16,557 - INFO: Starting training
2026-06-30 15:02:16,557 - INFO: Starting epoch 1
2026-06-30 15:02:16,574 - INFO: Evaluating at iteration 1
2026-06-30 15:02:16,852 - INFO: Loss: 0.700227
2026-06-30 15:02:16,852 - INFO: Training ROC-AUC: 0.302857
2026-06-30 15:02:16,852 - INFO: Validation ROC-AUC: 0.508716
2026-06-30 15:02:23,040 - INFO: Evaluating at iteration 501
2026-06-30 15:02:23,304 - INFO: Loss: 0.475908
2026-06-30 15:02:23,304 - INFO: Training ROC-AUC: 0.628205
2026-06-30 15:02:23,304 - INFO: Validation ROC-AUC: 0.594846
2026-06-30 15:02:29,830 - INFO: Evaluating at iteration 1001
2026-06-30 15:02:30,091 - INFO: Loss: 0.236365
2026-06-30 15:02:30,091 - INFO: Training ROC-AUC: 0.096774
2026-06-30 15:02:30,091 - INFO: Validation ROC-AUC: 0.610816
2026-06-30 15:02:36,671 - INFO: Evaluating at iteration 1501
2026-06-30 15:02:36,939 - INFO: Loss: 0.251226
2026-06-30 15:02:36,939 - INFO: Training ROC-AUC: 0.783333
2026-06-30 15:02:36,939 - INFO: Validation ROC-AUC: 0.626911
2026-06-30 15:02:43,483 - INFO: Evaluating at iteration 2001
2026-06-30 15:02:43,745 - INFO: Loss: 0.425772
2026-06-30 15:02:43,745 - INFO: Training ROC-AUC: 0.600000
2026-06-30 15:02:43,745 - INFO: Validation ROC-AUC: 0.647800
2026-06-30 15:02:44,995 - INFO: Starting epoch 2
2026-06-30 15:02:45,008 - INFO: Evaluating at iteration 2095
2026-06-30 15:02:45,271 - INFO: Loss: 0.452898
2026-06-30 15:02:45,271 - INFO: Training ROC-AUC: 0.634615
2026-06-30 15:02:45,271 - INFO: Validation ROC-AUC: 0.651492
2026-06-30 15:02:51,865 - INFO: Evaluating at iteration 2595
2026-06-30 15:02:52,130 - INFO: Loss: 0.462474
2026-06-30 15:02:52,130 - INFO: Training ROC-AUC: 0.640000
2026-06-30 15:02:52,130 - INFO: Validation ROC-AUC: 0.665998
2026-06-30 15:02:58,698 - INFO: Evaluating at iteration 3095
2026-06-30 15:02:58,969 - INFO: Loss: 0.315711
2026-06-30 15:02:58,969 - INFO: Training ROC-AUC: 0.517241
2026-06-30 15:02:58,969 - INFO: Validation ROC-AUC: 0.694542
2026-06-30 15:03:05,561 - INFO: Evaluating at iteration 3595
2026-06-30 15:03:05,825 - INFO: Loss: 0.407977
2026-06-30 15:03:05,825 - INFO: Training ROC-AUC: 0.518519
2026-06-30 15:03:05,825 - INFO: Validation ROC-AUC: 0.722913
2026-06-30 15:03:12,397 - INFO: Evaluating at iteration 4095
2026-06-30 15:03:12,659 - INFO: Loss: 0.406101
2026-06-30 15:03:12,659 - INFO: Training ROC-AUC: 0.871795
2026-06-30 15:03:12,659 - INFO: Validation ROC-AUC: 0.731112
2026-06-30 15:03:13,909 - INFO: Starting epoch 3
2026-06-30 15:03:13,922 - INFO: Evaluating at iteration 4189
2026-06-30 15:03:14,188 - INFO: Loss: 0.390064
2026-06-30 15:03:14,189 - INFO: Training ROC-AUC: 0.782051
2026-06-30 15:03:14,189 - INFO: Validation ROC-AUC: 0.735137
2026-06-30 15:03:20,774 - INFO: Evaluating at iteration 4689
2026-06-30 15:03:21,038 - INFO: Loss: 0.330089
2026-06-30 15:03:21,038 - INFO: Training ROC-AUC: 0.777778
2026-06-30 15:03:21,038 - INFO: Validation ROC-AUC: 0.743157
2026-06-30 15:03:27,632 - INFO: Evaluating at iteration 5189
2026-06-30 15:03:27,894 - INFO: Loss: 0.294626
2026-06-30 15:03:27,894 - INFO: Training ROC-AUC: 0.712644
2026-06-30 15:03:27,894 - INFO: Validation ROC-AUC: 0.745100
2026-06-30 15:03:34,514 - INFO: Evaluating at iteration 5689
2026-06-30 15:03:34,783 - INFO: Loss: 0.450496
2026-06-30 15:03:34,783 - INFO: Training ROC-AUC: 0.653846
2026-06-30 15:03:34,783 - INFO: Validation ROC-AUC: 0.752781
2026-06-30 15:03:41,362 - INFO: Evaluating at iteration 6189
2026-06-30 15:03:41,625 - INFO: Loss: 0.327740
2026-06-30 15:03:41,625 - INFO: Training ROC-AUC: 0.865385
2026-06-30 15:03:41,625 - INFO: Validation ROC-AUC: 0.751254
2026-06-30 15:03:42,868 - INFO: Starting epoch 4
2026-06-30 15:03:42,882 - INFO: Evaluating at iteration 6283
2026-06-30 15:03:43,144 - INFO: Loss: 0.376529
2026-06-30 15:03:43,144 - INFO: Training ROC-AUC: 0.777778
2026-06-30 15:03:43,144 - INFO: Validation ROC-AUC: 0.755964
2026-06-30 15:03:49,728 - INFO: Evaluating at iteration 6783
2026-06-30 15:03:49,990 - INFO: Loss: 0.331928
2026-06-30 15:03:49,990 - INFO: Training ROC-AUC: 0.741071
2026-06-30 15:03:49,990 - INFO: Validation ROC-AUC: 0.756186
2026-06-30 15:03:56,538 - INFO: Evaluating at iteration 7283
2026-06-30 15:03:56,876 - INFO: Loss: 0.107758
2026-06-30 15:03:56,876 - INFO: Training ROC-AUC: nan
2026-06-30 15:03:56,876 - INFO: Validation ROC-AUC: 0.758784
2026-06-30 15:04:03,452 - INFO: Evaluating at iteration 7783
2026-06-30 15:04:03,720 - INFO: Loss: 0.324794
2026-06-30 15:04:03,720 - INFO: Training ROC-AUC: 0.755556
2026-06-30 15:04:03,720 - INFO: Validation ROC-AUC: 0.761100
2026-06-30 15:04:10,283 - INFO: Evaluating at iteration 8283
2026-06-30 15:04:10,547 - INFO: Loss: 0.370499
2026-06-30 15:04:10,547 - INFO: Training ROC-AUC: 0.785185
2026-06-30 15:04:10,547 - INFO: Validation ROC-AUC: 0.762760
2026-06-30 15:04:11,798 - INFO: Starting epoch 5
2026-06-30 15:04:11,812 - INFO: Evaluating at iteration 8377
2026-06-30 15:04:12,075 - INFO: Loss: 0.616645
2026-06-30 15:04:12,075 - INFO: Training ROC-AUC: 0.722727
2026-06-30 15:04:12,075 - INFO: Validation ROC-AUC: 0.762233
2026-06-30 15:04:18,663 - INFO: Evaluating at iteration 8877
2026-06-30 15:04:18,927 - INFO: Loss: 0.368417
2026-06-30 15:04:18,927 - INFO: Training ROC-AUC: 0.517241
2026-06-30 15:04:18,927 - INFO: Validation ROC-AUC: 0.765982
2026-06-30 15:04:25,491 - INFO: Evaluating at iteration 9377
2026-06-30 15:04:25,762 - INFO: Loss: 0.381587
2026-06-30 15:04:25,762 - INFO: Training ROC-AUC: 0.805714
2026-06-30 15:04:25,762 - INFO: Validation ROC-AUC: 0.767785
2026-06-30 15:04:32,354 - INFO: Evaluating at iteration 9877
2026-06-30 15:04:32,623 - INFO: Loss: 0.333477
2026-06-30 15:04:32,623 - INFO: Training ROC-AUC: 0.826923
2026-06-30 15:04:32,623 - INFO: Validation ROC-AUC: 0.768244
2026-06-30 15:04:39,180 - INFO: Evaluating at iteration 10377
2026-06-30 15:04:39,444 - INFO: Loss: 0.377428
2026-06-30 15:04:39,444 - INFO: Training ROC-AUC: 0.837037
2026-06-30 15:04:39,444 - INFO: Validation ROC-AUC: 0.769553
2026-06-30 15:04:40,684 - INFO: Starting epoch 6
2026-06-30 15:04:40,698 - INFO: Evaluating at iteration 10471
2026-06-30 15:04:40,966 - INFO: Loss: 0.265042
2026-06-30 15:04:40,966 - INFO: Training ROC-AUC: 0.928571
2026-06-30 15:04:40,966 - INFO: Validation ROC-AUC: 0.766299
2026-06-30 15:04:47,551 - INFO: Evaluating at iteration 10971
2026-06-30 15:04:47,816 - INFO: Loss: 0.371328
2026-06-30 15:04:47,816 - INFO: Training ROC-AUC: 0.874286
2026-06-30 15:04:47,816 - INFO: Validation ROC-AUC: 0.769708
2026-06-30 15:04:54,374 - INFO: Evaluating at iteration 11471
2026-06-30 15:04:54,637 - INFO: Loss: 0.332716
2026-06-30 15:04:54,637 - INFO: Training ROC-AUC: 0.748148
2026-06-30 15:04:54,638 - INFO: Validation ROC-AUC: 0.769584
2026-06-30 15:05:01,227 - INFO: Evaluating at iteration 11971
2026-06-30 15:05:01,489 - INFO: Loss: 0.330008
2026-06-30 15:05:01,489 - INFO: Training ROC-AUC: 0.960000
2026-06-30 15:05:01,489 - INFO: Validation ROC-AUC: 0.772281
2026-06-30 15:05:08,063 - INFO: Evaluating at iteration 12471
2026-06-30 15:05:08,329 - INFO: Loss: 0.407757
2026-06-30 15:05:08,329 - INFO: Training ROC-AUC: 0.637037
2026-06-30 15:05:08,329 - INFO: Validation ROC-AUC: 0.771295
2026-06-30 15:05:09,573 - INFO: Starting epoch 7
2026-06-30 15:05:09,590 - INFO: Evaluating at iteration 12565
2026-06-30 15:05:09,851 - INFO: Loss: 0.236442
2026-06-30 15:05:09,851 - INFO: Training ROC-AUC: 0.937500
2026-06-30 15:05:09,851 - INFO: Validation ROC-AUC: 0.771372
2026-06-30 15:05:16,460 - INFO: Evaluating at iteration 13065
2026-06-30 15:05:16,728 - INFO: Loss: 0.321369
2026-06-30 15:05:16,728 - INFO: Training ROC-AUC: 0.785714
2026-06-30 15:05:16,728 - INFO: Validation ROC-AUC: 0.772033
2026-06-30 15:05:23,281 - INFO: Evaluating at iteration 13565
2026-06-30 15:05:23,547 - INFO: Loss: 0.268485
2026-06-30 15:05:23,547 - INFO: Training ROC-AUC: 0.735632
2026-06-30 15:05:23,547 - INFO: Validation ROC-AUC: 0.771602
2026-06-30 15:05:30,149 - INFO: Evaluating at iteration 14065
2026-06-30 15:05:30,414 - INFO: Loss: 0.444179
2026-06-30 15:05:30,414 - INFO: Training ROC-AUC: 0.692708
2026-06-30 15:05:30,414 - INFO: Validation ROC-AUC: 0.773153
2026-06-30 15:05:36,968 - INFO: Evaluating at iteration 14565
2026-06-30 15:05:37,235 - INFO: Loss: 0.394784
2026-06-30 15:05:37,235 - INFO: Training ROC-AUC: 0.750000
2026-06-30 15:05:37,235 - INFO: Validation ROC-AUC: 0.772712
2026-06-30 15:05:38,470 - INFO: Starting epoch 8
2026-06-30 15:05:38,483 - INFO: Evaluating at iteration 14659
2026-06-30 15:05:38,746 - INFO: Loss: 0.247362
2026-06-30 15:05:38,746 - INFO: Training ROC-AUC: 0.839286
2026-06-30 15:05:38,746 - INFO: Validation ROC-AUC: 0.774281
2026-06-30 15:05:45,318 - INFO: Evaluating at iteration 15159
2026-06-30 15:05:45,582 - INFO: Loss: 0.182780
2026-06-30 15:05:45,583 - INFO: Training ROC-AUC: 1.000000
2026-06-30 15:05:45,583 - INFO: Validation ROC-AUC: 0.776194
2026-06-30 15:05:52,116 - INFO: Evaluating at iteration 15659
2026-06-30 15:05:52,382 - INFO: Loss: 0.220831
2026-06-30 15:05:52,382 - INFO: Training ROC-AUC: 0.866667
2026-06-30 15:05:52,382 - INFO: Validation ROC-AUC: 0.774164
2026-06-30 15:05:58,926 - INFO: Evaluating at iteration 16159
2026-06-30 15:05:59,188 - INFO: Loss: 0.373965
2026-06-30 15:05:59,188 - INFO: Training ROC-AUC: 0.775641
2026-06-30 15:05:59,188 - INFO: Validation ROC-AUC: 0.776981
2026-06-30 15:06:05,721 - INFO: Evaluating at iteration 16659
2026-06-30 15:06:05,984 - INFO: Loss: 0.344970
2026-06-30 15:06:05,984 - INFO: Training ROC-AUC: 0.826923
2026-06-30 15:06:05,984 - INFO: Validation ROC-AUC: 0.776768
2026-06-30 15:06:07,217 - INFO: Starting epoch 9
2026-06-30 15:06:07,231 - INFO: Evaluating at iteration 16753
2026-06-30 15:06:07,494 - INFO: Loss: 0.507969
2026-06-30 15:06:07,494 - INFO: Training ROC-AUC: 0.744792
2026-06-30 15:06:07,494 - INFO: Validation ROC-AUC: 0.776400
2026-06-30 15:06:14,044 - INFO: Evaluating at iteration 17253
2026-06-30 15:06:14,308 - INFO: Loss: 0.344394
2026-06-30 15:06:14,308 - INFO: Training ROC-AUC: 0.687500
2026-06-30 15:06:14,308 - INFO: Validation ROC-AUC: 0.775608
2026-06-30 15:06:20,847 - INFO: Evaluating at iteration 17753
2026-06-30 15:06:21,110 - INFO: Loss: 0.443982
2026-06-30 15:06:21,110 - INFO: Training ROC-AUC: 0.653846
2026-06-30 15:06:21,110 - INFO: Validation ROC-AUC: 0.778893
2026-06-30 15:06:27,653 - INFO: Evaluating at iteration 18253
2026-06-30 15:06:27,919 - INFO: Loss: 0.369308
2026-06-30 15:06:27,920 - INFO: Training ROC-AUC: 0.725926
2026-06-30 15:06:27,920 - INFO: Validation ROC-AUC: 0.779774
2026-06-30 15:06:34,447 - INFO: Evaluating at iteration 18753
2026-06-30 15:06:34,713 - INFO: Loss: 0.405266
2026-06-30 15:06:34,713 - INFO: Training ROC-AUC: 0.737179
2026-06-30 15:06:34,713 - INFO: Validation ROC-AUC: 0.779080
2026-06-30 15:06:35,971 - INFO: Starting epoch 10
2026-06-30 15:06:35,985 - INFO: Evaluating at iteration 18847
2026-06-30 15:06:36,248 - INFO: Loss: 0.449209
2026-06-30 15:06:36,248 - INFO: Training ROC-AUC: 0.653846
2026-06-30 15:06:36,248 - INFO: Validation ROC-AUC: 0.777930
2026-06-30 15:06:42,816 - INFO: Evaluating at iteration 19347
2026-06-30 15:06:43,082 - INFO: Loss: 0.299235
2026-06-30 15:06:43,083 - INFO: Training ROC-AUC: 0.866071
2026-06-30 15:06:43,083 - INFO: Validation ROC-AUC: 0.780230
2026-06-30 15:06:49,602 - INFO: Evaluating at iteration 19847
2026-06-30 15:06:49,867 - INFO: Loss: 0.346481
2026-06-30 15:06:49,867 - INFO: Training ROC-AUC: 0.846154
2026-06-30 15:06:49,867 - INFO: Validation ROC-AUC: 0.782057
2026-06-30 15:06:56,413 - INFO: Evaluating at iteration 20347
2026-06-30 15:06:56,676 - INFO: Loss: 0.431922
2026-06-30 15:06:56,676 - INFO: Training ROC-AUC: 0.731429
2026-06-30 15:06:56,676 - INFO: Validation ROC-AUC: 0.783612
2026-06-30 15:07:03,215 - INFO: Evaluating at iteration 20847
2026-06-30 15:07:03,480 - INFO: Loss: 0.396966
2026-06-30 15:07:03,480 - INFO: Training ROC-AUC: 0.641026
2026-06-30 15:07:03,480 - INFO: Validation ROC-AUC: 0.783076
2026-06-30 15:07:04,716 - INFO: Starting epoch 11
2026-06-30 15:07:04,730 - INFO: Evaluating at iteration 20941
2026-06-30 15:07:05,001 - INFO: Loss: 0.357336
2026-06-30 15:07:05,002 - INFO: Training ROC-AUC: 0.807692
2026-06-30 15:07:05,002 - INFO: Validation ROC-AUC: 0.781652
2026-06-30 15:07:11,539 - INFO: Evaluating at iteration 21441
2026-06-30 15:07:11,802 - INFO: Loss: 0.416419
2026-06-30 15:07:11,802 - INFO: Training ROC-AUC: 0.705128
2026-06-30 15:07:11,802 - INFO: Validation ROC-AUC: 0.781875
2026-06-30 15:07:18,318 - INFO: Evaluating at iteration 21941
2026-06-30 15:07:18,582 - INFO: Loss: 0.329772
2026-06-30 15:07:18,582 - INFO: Training ROC-AUC: 0.822222
2026-06-30 15:07:18,582 - INFO: Validation ROC-AUC: 0.783955
2026-06-30 15:07:25,107 - INFO: Evaluating at iteration 22441
2026-06-30 15:07:25,371 - INFO: Loss: 0.360650
2026-06-30 15:07:25,371 - INFO: Training ROC-AUC: 0.852564
2026-06-30 15:07:25,371 - INFO: Validation ROC-AUC: 0.783798
2026-06-30 15:07:31,899 - INFO: Evaluating at iteration 22941
2026-06-30 15:07:32,164 - INFO: Loss: 0.334629
2026-06-30 15:07:32,164 - INFO: Training ROC-AUC: 0.794872
2026-06-30 15:07:32,164 - INFO: Validation ROC-AUC: 0.783550
2026-06-30 15:07:33,396 - INFO: Starting epoch 12
2026-06-30 15:07:33,410 - INFO: Evaluating at iteration 23035
2026-06-30 15:07:33,674 - INFO: Loss: 0.279780
2026-06-30 15:07:33,674 - INFO: Training ROC-AUC: 0.666667
2026-06-30 15:07:33,674 - INFO: Validation ROC-AUC: 0.785584
2026-06-30 15:07:40,219 - INFO: Evaluating at iteration 23535
2026-06-30 15:07:40,484 - INFO: Loss: 0.488475
2026-06-30 15:07:40,484 - INFO: Training ROC-AUC: 0.702857
2026-06-30 15:07:40,484 - INFO: Validation ROC-AUC: 0.784696
2026-06-30 15:07:47,014 - INFO: Evaluating at iteration 24035
2026-06-30 15:07:47,291 - INFO: Loss: 0.367269
2026-06-30 15:07:47,291 - INFO: Training ROC-AUC: 0.777778
2026-06-30 15:07:47,291 - INFO: Validation ROC-AUC: 0.785422
2026-06-30 15:07:53,847 - INFO: Evaluating at iteration 24535
2026-06-30 15:07:54,114 - INFO: Loss: 0.222997
2026-06-30 15:07:54,114 - INFO: Training ROC-AUC: 0.919540
2026-06-30 15:07:54,114 - INFO: Validation ROC-AUC: 0.786146
2026-06-30 15:08:00,650 - INFO: Evaluating at iteration 25035
2026-06-30 15:08:00,914 - INFO: Loss: 0.270233
2026-06-30 15:08:00,914 - INFO: Training ROC-AUC: 0.735632
2026-06-30 15:08:00,914 - INFO: Validation ROC-AUC: 0.788439
2026-06-30 15:08:02,163 - INFO: Starting epoch 13
2026-06-30 15:08:02,177 - INFO: Evaluating at iteration 25129
2026-06-30 15:08:02,441 - INFO: Loss: 0.304659
2026-06-30 15:08:02,441 - INFO: Training ROC-AUC: 0.933333
2026-06-30 15:08:02,441 - INFO: Validation ROC-AUC: 0.788276
2026-06-30 15:08:08,986 - INFO: Evaluating at iteration 25629
2026-06-30 15:08:09,248 - INFO: Loss: 0.447792
2026-06-30 15:08:09,248 - INFO: Training ROC-AUC: 0.838542
2026-06-30 15:08:09,248 - INFO: Validation ROC-AUC: 0.788726
2026-06-30 15:08:15,777 - INFO: Evaluating at iteration 26129
2026-06-30 15:08:16,043 - INFO: Loss: 0.326608
2026-06-30 15:08:16,043 - INFO: Training ROC-AUC: 0.767857
2026-06-30 15:08:16,043 - INFO: Validation ROC-AUC: 0.788497
2026-06-30 15:08:22,597 - INFO: Evaluating at iteration 26629
2026-06-30 15:08:22,866 - INFO: Loss: 0.448857
2026-06-30 15:08:22,867 - INFO: Training ROC-AUC: 0.855072
2026-06-30 15:08:22,867 - INFO: Validation ROC-AUC: 0.789280
2026-06-30 15:08:29,397 - INFO: Evaluating at iteration 27129
2026-06-30 15:08:29,660 - INFO: Loss: 0.373776
2026-06-30 15:08:29,660 - INFO: Training ROC-AUC: 0.732143
2026-06-30 15:08:29,660 - INFO: Validation ROC-AUC: 0.788588
2026-06-30 15:08:30,896 - INFO: Starting epoch 14
2026-06-30 15:08:30,910 - INFO: Evaluating at iteration 27223
2026-06-30 15:08:31,174 - INFO: Loss: 0.309390
2026-06-30 15:08:31,174 - INFO: Training ROC-AUC: 0.911111
2026-06-30 15:08:31,174 - INFO: Validation ROC-AUC: 0.789027
2026-06-30 15:08:37,743 - INFO: Evaluating at iteration 27723
2026-06-30 15:08:38,008 - INFO: Loss: 0.403470
2026-06-30 15:08:38,008 - INFO: Training ROC-AUC: 0.730769
2026-06-30 15:08:38,008 - INFO: Validation ROC-AUC: 0.789195
2026-06-30 15:08:44,558 - INFO: Evaluating at iteration 28223
2026-06-30 15:08:44,827 - INFO: Loss: 0.339157
2026-06-30 15:08:44,827 - INFO: Training ROC-AUC: 0.785185
2026-06-30 15:08:44,827 - INFO: Validation ROC-AUC: 0.788344
2026-06-30 15:08:51,378 - INFO: Evaluating at iteration 28723
2026-06-30 15:08:51,647 - INFO: Loss: 0.443092
2026-06-30 15:08:51,648 - INFO: Training ROC-AUC: 0.674286
2026-06-30 15:08:51,648 - INFO: Validation ROC-AUC: 0.790054
2026-06-30 15:08:58,179 - INFO: Evaluating at iteration 29223
2026-06-30 15:08:58,445 - INFO: Loss: 0.642555
2026-06-30 15:08:58,445 - INFO: Training ROC-AUC: 0.787500
2026-06-30 15:08:58,445 - INFO: Validation ROC-AUC: 0.783707
2026-06-30 15:08:59,681 - INFO: Starting epoch 15
2026-06-30 15:08:59,695 - INFO: Evaluating at iteration 29317
2026-06-30 15:08:59,957 - INFO: Loss: 0.178180
2026-06-30 15:08:59,957 - INFO: Training ROC-AUC: 0.950000
2026-06-30 15:08:59,957 - INFO: Validation ROC-AUC: 0.791221
2026-06-30 15:09:06,535 - INFO: Evaluating at iteration 29817
2026-06-30 15:09:06,802 - INFO: Loss: 0.435691
2026-06-30 15:09:06,802 - INFO: Training ROC-AUC: 0.843750
2026-06-30 15:09:06,802 - INFO: Validation ROC-AUC: 0.790626
2026-06-30 15:09:13,359 - INFO: Evaluating at iteration 30317
2026-06-30 15:09:13,624 - INFO: Loss: 0.226570
2026-06-30 15:09:13,624 - INFO: Training ROC-AUC: 0.931034
2026-06-30 15:09:13,624 - INFO: Validation ROC-AUC: 0.790067
2026-06-30 15:09:20,188 - INFO: Evaluating at iteration 30817
2026-06-30 15:09:20,454 - INFO: Loss: 0.264877
2026-06-30 15:09:20,454 - INFO: Training ROC-AUC: 0.892857
2026-06-30 15:09:20,454 - INFO: Validation ROC-AUC: 0.786364
2026-06-30 15:09:27,007 - INFO: Evaluating at iteration 31317
2026-06-30 15:09:27,269 - INFO: Loss: 0.416390
2026-06-30 15:09:27,270 - INFO: Training ROC-AUC: 0.717949
2026-06-30 15:09:27,270 - INFO: Validation ROC-AUC: 0.792484
2026-06-30 15:09:28,514 - INFO: Starting epoch 16
2026-06-30 15:09:28,527 - INFO: Evaluating at iteration 31411
2026-06-30 15:09:28,795 - INFO: Loss: 0.296503
2026-06-30 15:09:28,795 - INFO: Training ROC-AUC: 0.875000
2026-06-30 15:09:28,795 - INFO: Validation ROC-AUC: 0.792331
2026-06-30 15:09:35,396 - INFO: Evaluating at iteration 31911
2026-06-30 15:09:35,677 - INFO: Loss: 0.314712
2026-06-30 15:09:35,677 - INFO: Training ROC-AUC: 0.732143
2026-06-30 15:09:35,677 - INFO: Validation ROC-AUC: 0.791779
2026-06-30 15:09:42,245 - INFO: Evaluating at iteration 32411
2026-06-30 15:09:42,510 - INFO: Loss: 0.319506
2026-06-30 15:09:42,510 - INFO: Training ROC-AUC: 0.741071
2026-06-30 15:09:42,510 - INFO: Validation ROC-AUC: 0.790688
2026-06-30 15:09:49,054 - INFO: Evaluating at iteration 32911
2026-06-30 15:09:49,318 - INFO: Loss: 0.458932
2026-06-30 15:09:49,318 - INFO: Training ROC-AUC: 0.621795
2026-06-30 15:09:49,318 - INFO: Validation ROC-AUC: 0.792272
2026-06-30 15:09:55,873 - INFO: Evaluating at iteration 33411
2026-06-30 15:09:56,138 - INFO: Loss: 0.309805
2026-06-30 15:09:56,138 - INFO: Training ROC-AUC: 0.897436
2026-06-30 15:09:56,138 - INFO: Validation ROC-AUC: 0.791910
2026-06-30 15:09:57,385 - INFO: Starting epoch 17
2026-06-30 15:09:57,398 - INFO: Evaluating at iteration 33505
2026-06-30 15:09:57,661 - INFO: Loss: 0.414700
2026-06-30 15:09:57,661 - INFO: Training ROC-AUC: 0.828571
2026-06-30 15:09:57,661 - INFO: Validation ROC-AUC: 0.789710
2026-06-30 15:10:04,259 - INFO: Evaluating at iteration 34005
2026-06-30 15:10:04,523 - INFO: Loss: 0.281393
2026-06-30 15:10:04,523 - INFO: Training ROC-AUC: 0.758621
2026-06-30 15:10:04,523 - INFO: Validation ROC-AUC: 0.791273
2026-06-30 15:10:11,072 - INFO: Evaluating at iteration 34505
2026-06-30 15:10:11,342 - INFO: Loss: 0.400612
2026-06-30 15:10:11,342 - INFO: Training ROC-AUC: 0.782857
2026-06-30 15:10:11,342 - INFO: Validation ROC-AUC: 0.791676
2026-06-30 15:10:17,924 - INFO: Evaluating at iteration 35005
2026-06-30 15:10:18,193 - INFO: Loss: 0.280141
2026-06-30 15:10:18,193 - INFO: Training ROC-AUC: 0.881481
2026-06-30 15:10:18,193 - INFO: Validation ROC-AUC: 0.791271
2026-06-30 15:10:24,751 - INFO: Evaluating at iteration 35505
2026-06-30 15:10:25,017 - INFO: Loss: 0.264171
2026-06-30 15:10:25,017 - INFO: Training ROC-AUC: 0.650000
2026-06-30 15:10:25,017 - INFO: Validation ROC-AUC: 0.792278
2026-06-30 15:10:26,266 - INFO: Starting epoch 18
2026-06-30 15:10:26,280 - INFO: Evaluating at iteration 35599
2026-06-30 15:10:26,545 - INFO: Loss: 0.303876
2026-06-30 15:10:26,545 - INFO: Training ROC-AUC: 0.712644
2026-06-30 15:10:26,545 - INFO: Validation ROC-AUC: 0.792866
2026-06-30 15:10:33,116 - INFO: Evaluating at iteration 36099
2026-06-30 15:10:33,381 - INFO: Loss: 0.337364
2026-06-30 15:10:33,381 - INFO: Training ROC-AUC: 0.852564
2026-06-30 15:10:33,381 - INFO: Validation ROC-AUC: 0.792730
2026-06-30 15:10:39,925 - INFO: Evaluating at iteration 36599
2026-06-30 15:10:40,189 - INFO: Loss: 0.346127
2026-06-30 15:10:40,189 - INFO: Training ROC-AUC: 0.851429
2026-06-30 15:10:40,189 - INFO: Validation ROC-AUC: 0.793982
2026-06-30 15:10:46,778 - INFO: Evaluating at iteration 37099
2026-06-30 15:10:47,042 - INFO: Loss: 0.297318
2026-06-30 15:10:47,042 - INFO: Training ROC-AUC: 0.822222
2026-06-30 15:10:47,042 - INFO: Validation ROC-AUC: 0.792437
2026-06-30 15:10:53,620 - INFO: Evaluating at iteration 37599
2026-06-30 15:10:53,883 - INFO: Loss: 0.214253
2026-06-30 15:10:53,883 - INFO: Training ROC-AUC: 0.900000
2026-06-30 15:10:53,883 - INFO: Validation ROC-AUC: 0.791591
2026-06-30 15:10:55,134 - INFO: Starting epoch 19
2026-06-30 15:10:55,147 - INFO: Evaluating at iteration 37693
2026-06-30 15:10:55,415 - INFO: Loss: 0.153304
2026-06-30 15:10:55,415 - INFO: Training ROC-AUC: 0.977011
2026-06-30 15:10:55,415 - INFO: Validation ROC-AUC: 0.791343
2026-06-30 15:11:02,016 - INFO: Evaluating at iteration 38193
2026-06-30 15:11:02,290 - INFO: Loss: 0.335999
2026-06-30 15:11:02,291 - INFO: Training ROC-AUC: 0.885714
2026-06-30 15:11:02,291 - INFO: Validation ROC-AUC: 0.794495
2026-06-30 15:11:08,868 - INFO: Evaluating at iteration 38693
2026-06-30 15:11:09,137 - INFO: Loss: 0.512316
2026-06-30 15:11:09,137 - INFO: Training ROC-AUC: 0.795455
2026-06-30 15:11:09,137 - INFO: Validation ROC-AUC: 0.792816
2026-06-30 15:11:15,741 - INFO: Evaluating at iteration 39193
2026-06-30 15:11:16,007 - INFO: Loss: 0.488127
2026-06-30 15:11:16,007 - INFO: Training ROC-AUC: 0.651429
2026-06-30 15:11:16,007 - INFO: Validation ROC-AUC: 0.791211
2026-06-30 15:11:22,613 - INFO: Evaluating at iteration 39693
2026-06-30 15:11:22,881 - INFO: Loss: 0.330816
2026-06-30 15:11:22,881 - INFO: Training ROC-AUC: 0.826923
2026-06-30 15:11:22,881 - INFO: Validation ROC-AUC: 0.794339
2026-06-30 15:11:24,131 - INFO: Starting epoch 20
2026-06-30 15:11:24,145 - INFO: Evaluating at iteration 39787
2026-06-30 15:11:24,408 - INFO: Loss: 0.304747
2026-06-30 15:11:24,408 - INFO: Training ROC-AUC: 0.875000
2026-06-30 15:11:24,408 - INFO: Validation ROC-AUC: 0.794757
2026-06-30 15:11:31,032 - INFO: Evaluating at iteration 40287
2026-06-30 15:11:31,294 - INFO: Loss: 0.401669
2026-06-30 15:11:31,294 - INFO: Training ROC-AUC: 0.762821
2026-06-30 15:11:31,294 - INFO: Validation ROC-AUC: 0.792846
2026-06-30 15:11:37,892 - INFO: Evaluating at iteration 40787
2026-06-30 15:11:38,159 - INFO: Loss: 0.233970
2026-06-30 15:11:38,159 - INFO: Training ROC-AUC: 0.973214
2026-06-30 15:11:38,159 - INFO: Validation ROC-AUC: 0.792797
2026-06-30 15:11:44,774 - INFO: Evaluating at iteration 41287
2026-06-30 15:11:45,048 - INFO: Loss: 0.237544
2026-06-30 15:11:45,048 - INFO: Training ROC-AUC: 0.983333
2026-06-30 15:11:45,048 - INFO: Validation ROC-AUC: 0.794885
2026-06-30 15:11:51,685 - INFO: Evaluating at iteration 41787
2026-06-30 15:11:51,956 - INFO: Loss: 0.301617
2026-06-30 15:11:51,956 - INFO: Training ROC-AUC: 0.814815
2026-06-30 15:11:51,957 - INFO: Validation ROC-AUC: 0.795564
2026-06-30 15:11:53,213 - INFO: Starting epoch 21
2026-06-30 15:11:53,227 - INFO: Evaluating at iteration 41881
2026-06-30 15:11:53,489 - INFO: Loss: 0.413073
2026-06-30 15:11:53,489 - INFO: Training ROC-AUC: 0.834286
2026-06-30 15:11:53,489 - INFO: Validation ROC-AUC: 0.794980
2026-06-30 15:12:00,176 - INFO: Evaluating at iteration 42381
2026-06-30 15:12:00,441 - INFO: Loss: 0.306161
2026-06-30 15:12:00,441 - INFO: Training ROC-AUC: 0.758929
2026-06-30 15:12:00,441 - INFO: Validation ROC-AUC: 0.795586
2026-06-30 15:12:07,110 - INFO: Evaluating at iteration 42881
2026-06-30 15:12:07,378 - INFO: Loss: 0.294127
2026-06-30 15:12:07,378 - INFO: Training ROC-AUC: 0.839286
2026-06-30 15:12:07,378 - INFO: Validation ROC-AUC: 0.795743
2026-06-30 15:12:14,074 - INFO: Evaluating at iteration 43381
2026-06-30 15:12:14,342 - INFO: Loss: 0.336501
2026-06-30 15:12:14,342 - INFO: Training ROC-AUC: 0.785185
2026-06-30 15:12:14,342 - INFO: Validation ROC-AUC: 0.793495
2026-06-30 15:12:21,037 - INFO: Evaluating at iteration 43881
2026-06-30 15:12:21,304 - INFO: Loss: 0.240184
2026-06-30 15:12:21,304 - INFO: Training ROC-AUC: 0.816092
2026-06-30 15:12:21,304 - INFO: Validation ROC-AUC: 0.793029
2026-06-30 15:12:22,567 - INFO: Starting epoch 22
2026-06-30 15:12:22,581 - INFO: Evaluating at iteration 43975
2026-06-30 15:12:22,843 - INFO: Loss: 0.291892
2026-06-30 15:12:22,843 - INFO: Training ROC-AUC: 0.803571
2026-06-30 15:12:22,843 - INFO: Validation ROC-AUC: 0.794945
2026-06-30 15:12:29,591 - INFO: Evaluating at iteration 44475
2026-06-30 15:12:29,865 - INFO: Loss: 0.443980
2026-06-30 15:12:29,865 - INFO: Training ROC-AUC: 0.843750
2026-06-30 15:12:29,865 - INFO: Validation ROC-AUC: 0.792889
2026-06-30 15:12:36,613 - INFO: Evaluating at iteration 44975
2026-06-30 15:12:36,881 - INFO: Loss: 0.309255
2026-06-30 15:12:36,882 - INFO: Training ROC-AUC: 0.844444
2026-06-30 15:12:36,882 - INFO: Validation ROC-AUC: 0.793535
2026-06-30 15:12:43,655 - INFO: Evaluating at iteration 45475
2026-06-30 15:12:43,933 - INFO: Loss: 0.363916
2026-06-30 15:12:43,933 - INFO: Training ROC-AUC: 0.845714
2026-06-30 15:12:43,933 - INFO: Validation ROC-AUC: 0.794829
2026-06-30 15:12:50,722 - INFO: Evaluating at iteration 45975
2026-06-30 15:12:51,007 - INFO: Loss: 0.266792
2026-06-30 15:12:51,008 - INFO: Training ROC-AUC: 0.929487
2026-06-30 15:12:51,008 - INFO: Validation ROC-AUC: 0.794842
2026-06-30 15:12:52,293 - INFO: Starting epoch 23
2026-06-30 15:12:52,307 - INFO: Evaluating at iteration 46069
2026-06-30 15:12:52,572 - INFO: Loss: 0.280747
2026-06-30 15:12:52,573 - INFO: Training ROC-AUC: 0.735632
2026-06-30 15:12:52,573 - INFO: Validation ROC-AUC: 0.794273
2026-06-30 15:12:59,368 - INFO: Evaluating at iteration 46569
2026-06-30 15:12:59,636 - INFO: Loss: 0.295334
2026-06-30 15:12:59,637 - INFO: Training ROC-AUC: 0.874074
2026-06-30 15:12:59,637 - INFO: Validation ROC-AUC: 0.792444
2026-06-30 15:13:06,426 - INFO: Evaluating at iteration 47069
2026-06-30 15:13:06,691 - INFO: Loss: 0.527885
2026-06-30 15:13:06,692 - INFO: Training ROC-AUC: 0.729469
2026-06-30 15:13:06,692 - INFO: Validation ROC-AUC: 0.793931
2026-06-30 15:13:13,519 - INFO: Evaluating at iteration 47569
2026-06-30 15:13:13,784 - INFO: Loss: 0.285259
2026-06-30 15:13:13,785 - INFO: Training ROC-AUC: 0.928571
2026-06-30 15:13:13,785 - INFO: Validation ROC-AUC: 0.794105
2026-06-30 15:13:20,605 - INFO: Evaluating at iteration 48069
2026-06-30 15:13:20,874 - INFO: Loss: 0.416450
2026-06-30 15:13:20,874 - INFO: Training ROC-AUC: 0.782857
2026-06-30 15:13:20,874 - INFO: Validation ROC-AUC: 0.796325
2026-06-30 15:13:22,164 - INFO: Starting epoch 24
2026-06-30 15:13:22,179 - INFO: Evaluating at iteration 48163
2026-06-30 15:13:22,440 - INFO: Loss: 0.303006
2026-06-30 15:13:22,440 - INFO: Training ROC-AUC: 0.903846
2026-06-30 15:13:22,440 - INFO: Validation ROC-AUC: 0.796480
2026-06-30 15:13:29,281 - INFO: Evaluating at iteration 48663
2026-06-30 15:13:29,543 - INFO: Loss: 0.235286
2026-06-30 15:13:29,867 - INFO: Training ROC-AUC: 0.866071
2026-06-30 15:13:29,867 - INFO: Validation ROC-AUC: 0.794097
2026-06-30 15:13:36,723 - INFO: Evaluating at iteration 49163
2026-06-30 15:13:37,000 - INFO: Loss: 0.413080
2026-06-30 15:13:37,000 - INFO: Training ROC-AUC: 0.614815
2026-06-30 15:13:37,000 - INFO: Validation ROC-AUC: 0.795629
2026-06-30 15:13:43,848 - INFO: Evaluating at iteration 49663
2026-06-30 15:13:44,115 - INFO: Loss: 0.389980
2026-06-30 15:13:44,115 - INFO: Training ROC-AUC: 0.828571
2026-06-30 15:13:44,115 - INFO: Validation ROC-AUC: 0.794758
2026-06-30 15:13:50,955 - INFO: Evaluating at iteration 50163
2026-06-30 15:13:51,222 - INFO: Loss: 0.398939
2026-06-30 15:13:51,222 - INFO: Training ROC-AUC: 0.807692
2026-06-30 15:13:51,222 - INFO: Validation ROC-AUC: 0.796578
2026-06-30 15:13:52,524 - INFO: Starting epoch 25
2026-06-30 15:13:52,539 - INFO: Evaluating at iteration 50257
2026-06-30 15:13:52,801 - INFO: Loss: 0.448777
2026-06-30 15:13:52,801 - INFO: Training ROC-AUC: 0.850242
2026-06-30 15:13:52,801 - INFO: Validation ROC-AUC: 0.796473
2026-06-30 15:13:59,694 - INFO: Evaluating at iteration 50757
2026-06-30 15:13:59,957 - INFO: Loss: 0.339831
2026-06-30 15:13:59,957 - INFO: Training ROC-AUC: 0.897436
2026-06-30 15:13:59,957 - INFO: Validation ROC-AUC: 0.791257
2026-06-30 15:14:06,813 - INFO: Evaluating at iteration 51257
2026-06-30 15:14:07,077 - INFO: Loss: 0.205896
2026-06-30 15:14:07,077 - INFO: Training ROC-AUC: 0.935484
2026-06-30 15:14:07,077 - INFO: Validation ROC-AUC: 0.795044
2026-06-30 15:14:13,940 - INFO: Evaluating at iteration 51757
2026-06-30 15:14:14,202 - INFO: Loss: 0.328523
2026-06-30 15:14:14,202 - INFO: Training ROC-AUC: 0.643678
2026-06-30 15:14:14,202 - INFO: Validation ROC-AUC: 0.796301
2026-06-30 15:14:21,032 - INFO: Evaluating at iteration 52257
2026-06-30 15:14:21,296 - INFO: Loss: 0.444520
2026-06-30 15:14:21,296 - INFO: Training ROC-AUC: 0.634615
2026-06-30 15:14:21,296 - INFO: Validation ROC-AUC: 0.796921
2026-06-30 15:14:22,589 - INFO: Saving model to models/TCRStructMap_random_split_cdrs_mhc_pseudo/model_3.pt
2026-06-30 15:14:22,608 - INFO: Starting fold 4
2026-06-30 15:14:22,680 - INFO: Initialising model
2026-06-30 15:14:22,689 - INFO: Starting training
2026-06-30 15:14:22,689 - INFO: Starting epoch 1
2026-06-30 15:14:22,706 - INFO: Evaluating at iteration 1
2026-06-30 15:14:22,976 - INFO: Loss: 0.697292
2026-06-30 15:14:22,976 - INFO: Training ROC-AUC: 0.562500
2026-06-30 15:14:22,976 - INFO: Validation ROC-AUC: 0.539736
2026-06-30 15:14:29,167 - INFO: Evaluating at iteration 501
2026-06-30 15:14:29,432 - INFO: Loss: 0.471807
2026-06-30 15:14:29,432 - INFO: Training ROC-AUC: 0.782051
2026-06-30 15:14:29,432 - INFO: Validation ROC-AUC: 0.587193
2026-06-30 15:14:35,924 - INFO: Evaluating at iteration 1001
2026-06-30 15:14:36,189 - INFO: Loss: 0.284798
2026-06-30 15:14:36,189 - INFO: Training ROC-AUC: 0.333333
2026-06-30 15:14:36,189 - INFO: Validation ROC-AUC: 0.601512
2026-06-30 15:14:42,728 - INFO: Evaluating at iteration 1501
2026-06-30 15:14:42,989 - INFO: Loss: 0.341398
2026-06-30 15:14:42,989 - INFO: Training ROC-AUC: 0.310345
2026-06-30 15:14:42,989 - INFO: Validation ROC-AUC: 0.623260
2026-06-30 15:14:49,501 - INFO: Evaluating at iteration 2001
2026-06-30 15:14:49,770 - INFO: Loss: 0.329476
2026-06-30 15:14:49,770 - INFO: Training ROC-AUC: 0.857143
2026-06-30 15:14:49,770 - INFO: Validation ROC-AUC: 0.643331
2026-06-30 15:14:51,004 - INFO: Starting epoch 2
2026-06-30 15:14:51,018 - INFO: Evaluating at iteration 2095
2026-06-30 15:14:51,279 - INFO: Loss: 0.230832
2026-06-30 15:14:51,279 - INFO: Training ROC-AUC: 0.645161
2026-06-30 15:14:51,279 - INFO: Validation ROC-AUC: 0.645899
2026-06-30 15:14:57,821 - INFO: Evaluating at iteration 2595
2026-06-30 15:14:58,082 - INFO: Loss: 0.367159
2026-06-30 15:14:58,083 - INFO: Training ROC-AUC: 0.792593
2026-06-30 15:14:58,083 - INFO: Validation ROC-AUC: 0.655883
2026-06-30 15:15:04,593 - INFO: Evaluating at iteration 3095
2026-06-30 15:15:04,861 - INFO: Loss: 0.458854
2026-06-30 15:15:04,861 - INFO: Training ROC-AUC: 0.596154
2026-06-30 15:15:04,861 - INFO: Validation ROC-AUC: 0.667285
2026-06-30 15:15:11,399 - INFO: Evaluating at iteration 3595
2026-06-30 15:15:11,660 - INFO: Loss: 0.574359
2026-06-30 15:15:11,660 - INFO: Training ROC-AUC: 0.505208
2026-06-30 15:15:11,660 - INFO: Validation ROC-AUC: 0.682735
2026-06-30 15:15:18,197 - INFO: Evaluating at iteration 4095
2026-06-30 15:15:18,462 - INFO: Loss: 0.424350
2026-06-30 15:15:18,462 - INFO: Training ROC-AUC: 0.622222
2026-06-30 15:15:18,462 - INFO: Validation ROC-AUC: 0.699355
2026-06-30 15:15:19,696 - INFO: Starting epoch 3
2026-06-30 15:15:19,709 - INFO: Evaluating at iteration 4189
2026-06-30 15:15:19,975 - INFO: Loss: 0.298551
2026-06-30 15:15:19,975 - INFO: Training ROC-AUC: 0.540230
2026-06-30 15:15:19,975 - INFO: Validation ROC-AUC: 0.704319
2026-06-30 15:15:26,528 - INFO: Evaluating at iteration 4689
2026-06-30 15:15:26,796 - INFO: Loss: 0.422843
2026-06-30 15:15:26,796 - INFO: Training ROC-AUC: 0.743590
2026-06-30 15:15:26,796 - INFO: Validation ROC-AUC: 0.721381
2026-06-30 15:15:33,303 - INFO: Evaluating at iteration 5189
2026-06-30 15:15:33,567 - INFO: Loss: 0.282313
2026-06-30 15:15:33,567 - INFO: Training ROC-AUC: 0.955128
2026-06-30 15:15:33,567 - INFO: Validation ROC-AUC: 0.735148
2026-06-30 15:15:40,068 - INFO: Evaluating at iteration 5689
2026-06-30 15:15:40,333 - INFO: Loss: 0.235283
2026-06-30 15:15:40,333 - INFO: Training ROC-AUC: 0.993590
2026-06-30 15:15:40,333 - INFO: Validation ROC-AUC: 0.743471
2026-06-30 15:15:46,792 - INFO: Evaluating at iteration 6189
2026-06-30 15:15:47,056 - INFO: Loss: 0.357787
2026-06-30 15:15:47,056 - INFO: Training ROC-AUC: 0.777778
2026-06-30 15:15:47,057 - INFO: Validation ROC-AUC: 0.747625
2026-06-30 15:15:48,285 - INFO: Starting epoch 4
2026-06-30 15:15:48,299 - INFO: Evaluating at iteration 6283
2026-06-30 15:15:48,564 - INFO: Loss: 0.329904
2026-06-30 15:15:48,564 - INFO: Training ROC-AUC: 0.812500
2026-06-30 15:15:48,564 - INFO: Validation ROC-AUC: 0.749705
2026-06-30 15:15:55,032 - INFO: Evaluating at iteration 6783
2026-06-30 15:15:55,302 - INFO: Loss: 0.381689
2026-06-30 15:15:55,302 - INFO: Training ROC-AUC: 0.743590
2026-06-30 15:15:55,302 - INFO: Validation ROC-AUC: 0.749068
2026-06-30 15:16:01,720 - INFO: Evaluating at iteration 7283
2026-06-30 15:16:01,986 - INFO: Loss: 0.209055
2026-06-30 15:16:01,986 - INFO: Training ROC-AUC: 0.875000
2026-06-30 15:16:01,986 - INFO: Validation ROC-AUC: 0.754016
2026-06-30 15:16:08,444 - INFO: Evaluating at iteration 7783
2026-06-30 15:16:08,711 - INFO: Loss: 0.304737
2026-06-30 15:16:08,711 - INFO: Training ROC-AUC: 0.871795
2026-06-30 15:16:08,711 - INFO: Validation ROC-AUC: 0.755260
2026-06-30 15:16:15,135 - INFO: Evaluating at iteration 8283
2026-06-30 15:16:15,399 - INFO: Loss: 0.298376
2026-06-30 15:16:15,399 - INFO: Training ROC-AUC: 0.712644
2026-06-30 15:16:15,399 - INFO: Validation ROC-AUC: 0.756665
2026-06-30 15:16:16,616 - INFO: Starting epoch 5
2026-06-30 15:16:16,630 - INFO: Evaluating at iteration 8377
2026-06-30 15:16:16,892 - INFO: Loss: 0.373934
2026-06-30 15:16:16,892 - INFO: Training ROC-AUC: 0.770370
2026-06-30 15:16:16,892 - INFO: Validation ROC-AUC: 0.756877
2026-06-30 15:16:23,330 - INFO: Evaluating at iteration 8877
2026-06-30 15:16:23,594 - INFO: Loss: 0.431532
2026-06-30 15:16:23,594 - INFO: Training ROC-AUC: 0.760000
2026-06-30 15:16:23,594 - INFO: Validation ROC-AUC: 0.757983
2026-06-30 15:16:30,004 - INFO: Evaluating at iteration 9377
2026-06-30 15:16:30,268 - INFO: Loss: 0.528982
2026-06-30 15:16:30,268 - INFO: Training ROC-AUC: 0.713542
2026-06-30 15:16:30,268 - INFO: Validation ROC-AUC: 0.761653
2026-06-30 15:16:36,707 - INFO: Evaluating at iteration 9877
2026-06-30 15:16:36,972 - INFO: Loss: 0.368074
2026-06-30 15:16:36,972 - INFO: Training ROC-AUC: 0.705357
2026-06-30 15:16:36,972 - INFO: Validation ROC-AUC: 0.762704
2026-06-30 15:16:43,389 - INFO: Evaluating at iteration 10377
2026-06-30 15:16:43,651 - INFO: Loss: 0.326395
2026-06-30 15:16:43,651 - INFO: Training ROC-AUC: 0.866667
2026-06-30 15:16:43,651 - INFO: Validation ROC-AUC: 0.760801
2026-06-30 15:16:44,871 - INFO: Starting epoch 6
2026-06-30 15:16:44,885 - INFO: Evaluating at iteration 10471
2026-06-30 15:16:45,147 - INFO: Loss: 0.223521
2026-06-30 15:16:45,147 - INFO: Training ROC-AUC: 0.683333
2026-06-30 15:16:45,147 - INFO: Validation ROC-AUC: 0.764298
2026-06-30 15:16:51,601 - INFO: Evaluating at iteration 10971
2026-06-30 15:16:51,875 - INFO: Loss: 0.329763
2026-06-30 15:16:51,875 - INFO: Training ROC-AUC: 0.910256
2026-06-30 15:16:51,875 - INFO: Validation ROC-AUC: 0.764101
2026-06-30 15:16:58,289 - INFO: Evaluating at iteration 11471
2026-06-30 15:16:58,553 - INFO: Loss: 0.264583
2026-06-30 15:16:58,553 - INFO: Training ROC-AUC: 0.848214
2026-06-30 15:16:58,553 - INFO: Validation ROC-AUC: 0.766319
2026-06-30 15:17:04,993 - INFO: Evaluating at iteration 11971
2026-06-30 15:17:05,256 - INFO: Loss: 0.485135
2026-06-30 15:17:05,256 - INFO: Training ROC-AUC: 0.835749
2026-06-30 15:17:05,256 - INFO: Validation ROC-AUC: 0.765309
2026-06-30 15:17:11,660 - INFO: Evaluating at iteration 12471
2026-06-30 15:17:11,924 - INFO: Loss: 0.336968
2026-06-30 15:17:11,924 - INFO: Training ROC-AUC: 0.884615
2026-06-30 15:17:11,924 - INFO: Validation ROC-AUC: 0.768845
2026-06-30 15:17:13,135 - INFO: Starting epoch 7
2026-06-30 15:17:13,149 - INFO: Evaluating at iteration 12565
2026-06-30 15:17:13,413 - INFO: Loss: 0.256369
2026-06-30 15:17:13,413 - INFO: Training ROC-AUC: 0.977011
2026-06-30 15:17:13,413 - INFO: Validation ROC-AUC: 0.767327
2026-06-30 15:17:19,837 - INFO: Evaluating at iteration 13065
2026-06-30 15:17:20,106 - INFO: Loss: 0.433013
2026-06-30 15:17:20,106 - INFO: Training ROC-AUC: 0.777143
2026-06-30 15:17:20,106 - INFO: Validation ROC-AUC: 0.768751
2026-06-30 15:17:26,507 - INFO: Evaluating at iteration 13565
2026-06-30 15:17:26,770 - INFO: Loss: 0.483213
2026-06-30 15:17:26,770 - INFO: Training ROC-AUC: 0.705128
2026-06-30 15:17:26,770 - INFO: Validation ROC-AUC: 0.771964
2026-06-30 15:17:33,222 - INFO: Evaluating at iteration 14065
2026-06-30 15:17:33,488 - INFO: Loss: 0.519542
2026-06-30 15:17:33,488 - INFO: Training ROC-AUC: 0.485714
2026-06-30 15:17:33,488 - INFO: Validation ROC-AUC: 0.773232
2026-06-30 15:17:39,898 - INFO: Evaluating at iteration 14565
2026-06-30 15:17:40,160 - INFO: Loss: 0.399082
2026-06-30 15:17:40,161 - INFO: Training ROC-AUC: 0.801282
2026-06-30 15:17:40,161 - INFO: Validation ROC-AUC: 0.771348
2026-06-30 15:17:41,368 - INFO: Starting epoch 8
2026-06-30 15:17:41,381 - INFO: Evaluating at iteration 14659
2026-06-30 15:17:41,649 - INFO: Loss: 0.323078
2026-06-30 15:17:41,649 - INFO: Training ROC-AUC: 0.875000
2026-06-30 15:17:41,649 - INFO: Validation ROC-AUC: 0.771807
2026-06-30 15:17:48,059 - INFO: Evaluating at iteration 15159
2026-06-30 15:17:48,322 - INFO: Loss: 0.301173
2026-06-30 15:17:48,322 - INFO: Training ROC-AUC: 0.794643
2026-06-30 15:17:48,322 - INFO: Validation ROC-AUC: 0.774113
2026-06-30 15:17:54,704 - INFO: Evaluating at iteration 15659
2026-06-30 15:17:54,970 - INFO: Loss: 0.340800
2026-06-30 15:17:54,970 - INFO: Training ROC-AUC: 0.758929
2026-06-30 15:17:54,970 - INFO: Validation ROC-AUC: 0.774112
2026-06-30 15:18:01,378 - INFO: Evaluating at iteration 16159
2026-06-30 15:18:01,644 - INFO: Loss: 0.602905
2026-06-30 15:18:01,644 - INFO: Training ROC-AUC: 0.683983
2026-06-30 15:18:01,644 - INFO: Validation ROC-AUC: 0.776357
2026-06-30 15:18:08,041 - INFO: Evaluating at iteration 16659
2026-06-30 15:18:08,303 - INFO: Loss: 0.340318
2026-06-30 15:18:08,303 - INFO: Training ROC-AUC: 0.723214
2026-06-30 15:18:08,303 - INFO: Validation ROC-AUC: 0.776529
2026-06-30 15:18:09,518 - INFO: Starting epoch 9
2026-06-30 15:18:09,531 - INFO: Evaluating at iteration 16753
2026-06-30 15:18:09,796 - INFO: Loss: 0.593708
2026-06-30 15:18:09,796 - INFO: Training ROC-AUC: 0.608696
2026-06-30 15:18:09,796 - INFO: Validation ROC-AUC: 0.775938
2026-06-30 15:18:16,192 - INFO: Evaluating at iteration 17253
2026-06-30 15:18:16,456 - INFO: Loss: 0.229755
2026-06-30 15:18:16,456 - INFO: Training ROC-AUC: 0.993590
2026-06-30 15:18:16,456 - INFO: Validation ROC-AUC: 0.776769
2026-06-30 15:18:22,826 - INFO: Evaluating at iteration 17753
2026-06-30 15:18:23,092 - INFO: Loss: 0.183814
2026-06-30 15:18:23,092 - INFO: Training ROC-AUC: 0.903226
2026-06-30 15:18:23,092 - INFO: Validation ROC-AUC: 0.777446
2026-06-30 15:18:29,490 - INFO: Evaluating at iteration 18253
2026-06-30 15:18:29,752 - INFO: Loss: 0.178416
2026-06-30 15:18:29,752 - INFO: Training ROC-AUC: 0.709677
2026-06-30 15:18:29,752 - INFO: Validation ROC-AUC: 0.778739
2026-06-30 15:18:36,112 - INFO: Evaluating at iteration 18753
2026-06-30 15:18:36,376 - INFO: Loss: 0.317958
2026-06-30 15:18:36,376 - INFO: Training ROC-AUC: 0.844444
2026-06-30 15:18:36,376 - INFO: Validation ROC-AUC: 0.779028
2026-06-30 15:18:37,594 - INFO: Starting epoch 10
2026-06-30 15:18:37,608 - INFO: Evaluating at iteration 18847
2026-06-30 15:18:37,870 - INFO: Loss: 0.348512
2026-06-30 15:18:37,870 - INFO: Training ROC-AUC: 0.942308
2026-06-30 15:18:37,870 - INFO: Validation ROC-AUC: 0.778024
2026-06-30 15:18:44,256 - INFO: Evaluating at iteration 19347
2026-06-30 15:18:44,519 - INFO: Loss: 0.385518
2026-06-30 15:18:44,519 - INFO: Training ROC-AUC: 0.848958
2026-06-30 15:18:44,519 - INFO: Validation ROC-AUC: 0.782162
2026-06-30 15:18:50,887 - INFO: Evaluating at iteration 19847
2026-06-30 15:18:51,153 - INFO: Loss: 0.528451
2026-06-30 15:18:51,153 - INFO: Training ROC-AUC: 0.821256
2026-06-30 15:18:51,153 - INFO: Validation ROC-AUC: 0.783105
2026-06-30 15:18:57,555 - INFO: Evaluating at iteration 20347
2026-06-30 15:18:57,818 - INFO: Loss: 0.490997
2026-06-30 15:18:57,818 - INFO: Training ROC-AUC: 0.662857
2026-06-30 15:18:57,818 - INFO: Validation ROC-AUC: 0.783689
2026-06-30 15:19:04,184 - INFO: Evaluating at iteration 20847
2026-06-30 15:19:04,454 - INFO: Loss: 0.390430
2026-06-30 15:19:04,454 - INFO: Training ROC-AUC: 0.791667
2026-06-30 15:19:04,454 - INFO: Validation ROC-AUC: 0.783649
2026-06-30 15:19:05,656 - INFO: Starting epoch 11
2026-06-30 15:19:05,669 - INFO: Evaluating at iteration 20941
2026-06-30 15:19:05,938 - INFO: Loss: 0.256361
2026-06-30 15:19:05,938 - INFO: Training ROC-AUC: 0.816092
2026-06-30 15:19:05,938 - INFO: Validation ROC-AUC: 0.784319
2026-06-30 15:19:12,329 - INFO: Evaluating at iteration 21441
2026-06-30 15:19:12,594 - INFO: Loss: 0.493664
2026-06-30 15:19:12,594 - INFO: Training ROC-AUC: 0.657143
2026-06-30 15:19:12,594 - INFO: Validation ROC-AUC: 0.779827
2026-06-30 15:19:18,982 - INFO: Evaluating at iteration 21941
2026-06-30 15:19:19,245 - INFO: Loss: 0.297273
2026-06-30 15:19:19,245 - INFO: Training ROC-AUC: 0.770370
2026-06-30 15:19:19,246 - INFO: Validation ROC-AUC: 0.783446
2026-06-30 15:19:25,642 - INFO: Evaluating at iteration 22441
2026-06-30 15:19:25,904 - INFO: Loss: 0.323611
2026-06-30 15:19:25,904 - INFO: Training ROC-AUC: 0.859259
2026-06-30 15:19:25,904 - INFO: Validation ROC-AUC: 0.786687
2026-06-30 15:19:32,270 - INFO: Evaluating at iteration 22941
2026-06-30 15:19:32,532 - INFO: Loss: 0.305569
2026-06-30 15:19:32,532 - INFO: Training ROC-AUC: 0.896296
2026-06-30 15:19:32,532 - INFO: Validation ROC-AUC: 0.786787
2026-06-30 15:19:33,742 - INFO: Starting epoch 12
2026-06-30 15:19:33,755 - INFO: Evaluating at iteration 23035
2026-06-30 15:19:34,019 - INFO: Loss: 0.356454
2026-06-30 15:19:34,019 - INFO: Training ROC-AUC: 0.792593
2026-06-30 15:19:34,019 - INFO: Validation ROC-AUC: 0.787565
2026-06-30 15:19:40,417 - INFO: Evaluating at iteration 23535
2026-06-30 15:19:40,682 - INFO: Loss: 0.410849
2026-06-30 15:19:40,682 - INFO: Training ROC-AUC: 0.762821
2026-06-30 15:19:40,682 - INFO: Validation ROC-AUC: 0.785484
2026-06-30 15:19:47,066 - INFO: Evaluating at iteration 24035
2026-06-30 15:19:47,328 - INFO: Loss: 0.317383
2026-06-30 15:19:47,328 - INFO: Training ROC-AUC: 0.916667
2026-06-30 15:19:47,328 - INFO: Validation ROC-AUC: 0.786245
2026-06-30 15:19:53,719 - INFO: Evaluating at iteration 24535
2026-06-30 15:19:53,983 - INFO: Loss: 0.278908
2026-06-30 15:19:53,983 - INFO: Training ROC-AUC: 0.903846
2026-06-30 15:19:53,983 - INFO: Validation ROC-AUC: 0.788218
2026-06-30 15:20:00,354 - INFO: Evaluating at iteration 25035
2026-06-30 15:20:00,615 - INFO: Loss: 0.389540
2026-06-30 15:20:00,615 - INFO: Training ROC-AUC: 0.659259
2026-06-30 15:20:00,615 - INFO: Validation ROC-AUC: 0.788996
2026-06-30 15:20:01,824 - INFO: Starting epoch 13
2026-06-30 15:20:01,837 - INFO: Evaluating at iteration 25129
2026-06-30 15:20:02,101 - INFO: Loss: 0.326224
2026-06-30 15:20:02,101 - INFO: Training ROC-AUC: 0.916667
2026-06-30 15:20:02,101 - INFO: Validation ROC-AUC: 0.790785
2026-06-30 15:20:08,512 - INFO: Evaluating at iteration 25629
2026-06-30 15:20:08,775 - INFO: Loss: 0.402001
2026-06-30 15:20:08,775 - INFO: Training ROC-AUC: 0.845714
2026-06-30 15:20:08,775 - INFO: Validation ROC-AUC: 0.789649
2026-06-30 15:20:15,184 - INFO: Evaluating at iteration 26129
2026-06-30 15:20:15,460 - INFO: Loss: 0.322307
2026-06-30 15:20:15,460 - INFO: Training ROC-AUC: 0.884615
2026-06-30 15:20:15,460 - INFO: Validation ROC-AUC: 0.790340
2026-06-30 15:20:21,887 - INFO: Evaluating at iteration 26629
2026-06-30 15:20:22,154 - INFO: Loss: 0.305740
2026-06-30 15:20:22,154 - INFO: Training ROC-AUC: 0.794643
2026-06-30 15:20:22,154 - INFO: Validation ROC-AUC: 0.791273
2026-06-30 15:20:28,570 - INFO: Evaluating at iteration 27129
2026-06-30 15:20:28,834 - INFO: Loss: 0.262877
2026-06-30 15:20:28,834 - INFO: Training ROC-AUC: 0.666667
2026-06-30 15:20:28,834 - INFO: Validation ROC-AUC: 0.791702
2026-06-30 15:20:30,041 - INFO: Starting epoch 14
2026-06-30 15:20:30,055 - INFO: Evaluating at iteration 27223
2026-06-30 15:20:30,322 - INFO: Loss: 0.263933
2026-06-30 15:20:30,322 - INFO: Training ROC-AUC: 0.910714
2026-06-30 15:20:30,322 - INFO: Validation ROC-AUC: 0.791671
2026-06-30 15:20:36,753 - INFO: Evaluating at iteration 27723
2026-06-30 15:20:37,017 - INFO: Loss: 0.313423
2026-06-30 15:20:37,017 - INFO: Training ROC-AUC: 0.897436
2026-06-30 15:20:37,017 - INFO: Validation ROC-AUC: 0.788966
2026-06-30 15:20:43,433 - INFO: Evaluating at iteration 28223
2026-06-30 15:20:43,696 - INFO: Loss: 0.399490
2026-06-30 15:20:43,696 - INFO: Training ROC-AUC: 0.845714
2026-06-30 15:20:43,696 - INFO: Validation ROC-AUC: 0.789332
2026-06-30 15:20:50,128 - INFO: Evaluating at iteration 28723
2026-06-30 15:20:50,393 - INFO: Loss: 0.434459
2026-06-30 15:20:50,393 - INFO: Training ROC-AUC: 0.705128
2026-06-30 15:20:50,393 - INFO: Validation ROC-AUC: 0.792430
2026-06-30 15:20:56,791 - INFO: Evaluating at iteration 29223
2026-06-30 15:20:57,055 - INFO: Loss: 0.445307
2026-06-30 15:20:57,055 - INFO: Training ROC-AUC: 0.702857
2026-06-30 15:20:57,055 - INFO: Validation ROC-AUC: 0.793960
2026-06-30 15:20:58,271 - INFO: Starting epoch 15
2026-06-30 15:20:58,284 - INFO: Evaluating at iteration 29317
2026-06-30 15:20:58,550 - INFO: Loss: 0.315053
2026-06-30 15:20:58,550 - INFO: Training ROC-AUC: 0.851852
2026-06-30 15:20:58,550 - INFO: Validation ROC-AUC: 0.793931
2026-06-30 15:21:04,972 - INFO: Evaluating at iteration 29817
2026-06-30 15:21:05,235 - INFO: Loss: 0.488455
2026-06-30 15:21:05,235 - INFO: Training ROC-AUC: 0.657143
2026-06-30 15:21:05,235 - INFO: Validation ROC-AUC: 0.792776
2026-06-30 15:21:11,646 - INFO: Evaluating at iteration 30317
2026-06-30 15:21:11,917 - INFO: Loss: 0.243598
2026-06-30 15:21:11,917 - INFO: Training ROC-AUC: 0.896552
2026-06-30 15:21:11,917 - INFO: Validation ROC-AUC: 0.794522
2026-06-30 15:21:18,333 - INFO: Evaluating at iteration 30817
2026-06-30 15:21:18,598 - INFO: Loss: 0.396313
2026-06-30 15:21:18,598 - INFO: Training ROC-AUC: 0.840000
2026-06-30 15:21:18,598 - INFO: Validation ROC-AUC: 0.795359
2026-06-30 15:21:25,017 - INFO: Evaluating at iteration 31317
2026-06-30 15:21:25,285 - INFO: Loss: 0.299356
2026-06-30 15:21:25,285 - INFO: Training ROC-AUC: 0.837037
2026-06-30 15:21:25,285 - INFO: Validation ROC-AUC: 0.793480
2026-06-30 15:21:26,494 - INFO: Starting epoch 16
2026-06-30 15:21:26,508 - INFO: Evaluating at iteration 31411
2026-06-30 15:21:26,774 - INFO: Loss: 0.325806
2026-06-30 15:21:26,774 - INFO: Training ROC-AUC: 0.927083
2026-06-30 15:21:26,774 - INFO: Validation ROC-AUC: 0.795359
2026-06-30 15:21:33,195 - INFO: Evaluating at iteration 31911
2026-06-30 15:21:33,459 - INFO: Loss: 0.354394
2026-06-30 15:21:33,459 - INFO: Training ROC-AUC: 0.540230
2026-06-30 15:21:33,459 - INFO: Validation ROC-AUC: 0.796049
2026-06-30 15:21:39,898 - INFO: Evaluating at iteration 32411
2026-06-30 15:21:40,161 - INFO: Loss: 0.294466
2026-06-30 15:21:40,161 - INFO: Training ROC-AUC: 0.896296
2026-06-30 15:21:40,161 - INFO: Validation ROC-AUC: 0.795972
2026-06-30 15:21:46,580 - INFO: Evaluating at iteration 32911
2026-06-30 15:21:46,843 - INFO: Loss: 0.451455
2026-06-30 15:21:46,843 - INFO: Training ROC-AUC: 0.791667
2026-06-30 15:21:46,843 - INFO: Validation ROC-AUC: 0.793690
2026-06-30 15:21:53,272 - INFO: Evaluating at iteration 33411
2026-06-30 15:21:53,535 - INFO: Loss: 0.305022
2026-06-30 15:21:53,535 - INFO: Training ROC-AUC: 0.888889
2026-06-30 15:21:53,535 - INFO: Validation ROC-AUC: 0.795622
2026-06-30 15:21:54,775 - INFO: Starting epoch 17
2026-06-30 15:21:54,789 - INFO: Evaluating at iteration 33505
2026-06-30 15:21:55,054 - INFO: Loss: 0.357680
2026-06-30 15:21:55,054 - INFO: Training ROC-AUC: 0.814103
2026-06-30 15:21:55,054 - INFO: Validation ROC-AUC: 0.794883
2026-06-30 15:22:01,489 - INFO: Evaluating at iteration 34005
2026-06-30 15:22:01,756 - INFO: Loss: 0.428229
2026-06-30 15:22:01,756 - INFO: Training ROC-AUC: 0.742857
2026-06-30 15:22:01,756 - INFO: Validation ROC-AUC: 0.796462
2026-06-30 15:22:08,153 - INFO: Evaluating at iteration 34505
2026-06-30 15:22:08,415 - INFO: Loss: 0.567989
2026-06-30 15:22:08,415 - INFO: Training ROC-AUC: 0.637681
2026-06-30 15:22:08,415 - INFO: Validation ROC-AUC: 0.795705
2026-06-30 15:22:14,832 - INFO: Evaluating at iteration 35005
2026-06-30 15:22:15,094 - INFO: Loss: 0.366261
2026-06-30 15:22:15,095 - INFO: Training ROC-AUC: 0.794872
2026-06-30 15:22:15,095 - INFO: Validation ROC-AUC: 0.797918
2026-06-30 15:22:21,505 - INFO: Evaluating at iteration 35505
2026-06-30 15:22:21,767 - INFO: Loss: 0.278652
2026-06-30 15:22:21,767 - INFO: Training ROC-AUC: 0.712644
2026-06-30 15:22:21,767 - INFO: Validation ROC-AUC: 0.797516
2026-06-30 15:22:22,980 - INFO: Starting epoch 18
2026-06-30 15:22:22,994 - INFO: Evaluating at iteration 35599
2026-06-30 15:22:23,257 - INFO: Loss: 0.271256
2026-06-30 15:22:23,257 - INFO: Training ROC-AUC: 0.666667
2026-06-30 15:22:23,257 - INFO: Validation ROC-AUC: 0.797589
2026-06-30 15:22:29,698 - INFO: Evaluating at iteration 36099
2026-06-30 15:22:29,960 - INFO: Loss: 0.343587
2026-06-30 15:22:29,960 - INFO: Training ROC-AUC: 0.902857
2026-06-30 15:22:29,960 - INFO: Validation ROC-AUC: 0.799229
2026-06-30 15:22:36,403 - INFO: Evaluating at iteration 36599
2026-06-30 15:22:36,665 - INFO: Loss: 0.369283
2026-06-30 15:22:36,665 - INFO: Training ROC-AUC: 0.651786
2026-06-30 15:22:36,665 - INFO: Validation ROC-AUC: 0.792250
2026-06-30 15:22:43,119 - INFO: Evaluating at iteration 37099
2026-06-30 15:22:43,380 - INFO: Loss: 0.377789
2026-06-30 15:22:43,380 - INFO: Training ROC-AUC: 0.669643
2026-06-30 15:22:43,380 - INFO: Validation ROC-AUC: 0.799259
2026-06-30 15:22:49,838 - INFO: Evaluating at iteration 37599
2026-06-30 15:22:50,100 - INFO: Loss: 0.362380
2026-06-30 15:22:50,100 - INFO: Training ROC-AUC: 0.782051
2026-06-30 15:22:50,100 - INFO: Validation ROC-AUC: 0.799248
2026-06-30 15:22:51,311 - INFO: Starting epoch 19
2026-06-30 15:22:51,324 - INFO: Evaluating at iteration 37693
2026-06-30 15:22:51,589 - INFO: Loss: 0.295915
2026-06-30 15:22:51,589 - INFO: Training ROC-AUC: 0.776786
2026-06-30 15:22:51,589 - INFO: Validation ROC-AUC: 0.799394
2026-06-30 15:22:58,027 - INFO: Evaluating at iteration 38193
2026-06-30 15:22:58,288 - INFO: Loss: 0.275312
2026-06-30 15:22:58,289 - INFO: Training ROC-AUC: 0.735632
2026-06-30 15:22:58,289 - INFO: Validation ROC-AUC: 0.798649
2026-06-30 15:23:04,727 - INFO: Evaluating at iteration 38693
2026-06-30 15:23:04,988 - INFO: Loss: 0.337677
2026-06-30 15:23:04,988 - INFO: Training ROC-AUC: 0.833333
2026-06-30 15:23:04,988 - INFO: Validation ROC-AUC: 0.799004
2026-06-30 15:23:11,446 - INFO: Evaluating at iteration 39193
2026-06-30 15:23:11,711 - INFO: Loss: 0.389648
2026-06-30 15:23:11,711 - INFO: Training ROC-AUC: 0.805714
2026-06-30 15:23:11,711 - INFO: Validation ROC-AUC: 0.800077
2026-06-30 15:23:18,171 - INFO: Evaluating at iteration 39693
2026-06-30 15:23:18,433 - INFO: Loss: 0.243058
2026-06-30 15:23:18,433 - INFO: Training ROC-AUC: 0.827586
2026-06-30 15:23:18,433 - INFO: Validation ROC-AUC: 0.799498
2026-06-30 15:23:19,652 - INFO: Starting epoch 20
2026-06-30 15:23:19,665 - INFO: Evaluating at iteration 39787
2026-06-30 15:23:19,930 - INFO: Loss: 0.681261
2026-06-30 15:23:19,930 - INFO: Training ROC-AUC: 0.876984
2026-06-30 15:23:19,930 - INFO: Validation ROC-AUC: 0.797878
2026-06-30 15:23:26,386 - INFO: Evaluating at iteration 40287
2026-06-30 15:23:26,650 - INFO: Loss: 0.346693
2026-06-30 15:23:26,651 - INFO: Training ROC-AUC: 0.733333
2026-06-30 15:23:26,651 - INFO: Validation ROC-AUC: 0.799653
2026-06-30 15:23:33,109 - INFO: Evaluating at iteration 40787
2026-06-30 15:23:33,372 - INFO: Loss: 0.310155
2026-06-30 15:23:33,372 - INFO: Training ROC-AUC: 0.814815
2026-06-30 15:23:33,372 - INFO: Validation ROC-AUC: 0.800767
2026-06-30 15:23:39,863 - INFO: Evaluating at iteration 41287
2026-06-30 15:23:40,129 - INFO: Loss: 0.205462
2026-06-30 15:23:40,129 - INFO: Training ROC-AUC: 0.862069
2026-06-30 15:23:40,129 - INFO: Validation ROC-AUC: 0.801132
2026-06-30 15:23:46,582 - INFO: Evaluating at iteration 41787
2026-06-30 15:23:46,844 - INFO: Loss: 0.399035
2026-06-30 15:23:46,844 - INFO: Training ROC-AUC: 0.805714
2026-06-30 15:23:46,844 - INFO: Validation ROC-AUC: 0.800436
2026-06-30 15:23:48,069 - INFO: Starting epoch 21
2026-06-30 15:23:48,083 - INFO: Evaluating at iteration 41881
2026-06-30 15:23:48,344 - INFO: Loss: 0.361524
2026-06-30 15:23:48,344 - INFO: Training ROC-AUC: 0.897143
2026-06-30 15:23:48,344 - INFO: Validation ROC-AUC: 0.799573
2026-06-30 15:23:54,807 - INFO: Evaluating at iteration 42381
2026-06-30 15:23:55,072 - INFO: Loss: 0.375595
2026-06-30 15:23:55,073 - INFO: Training ROC-AUC: 0.788462
2026-06-30 15:23:55,073 - INFO: Validation ROC-AUC: 0.798336
2026-06-30 15:24:01,549 - INFO: Evaluating at iteration 42881
2026-06-30 15:24:01,811 - INFO: Loss: 0.311889
2026-06-30 15:24:01,811 - INFO: Training ROC-AUC: 0.714286
2026-06-30 15:24:01,811 - INFO: Validation ROC-AUC: 0.800554
2026-06-30 15:24:08,346 - INFO: Evaluating at iteration 43381
2026-06-30 15:24:08,611 - INFO: Loss: 0.291987
2026-06-30 15:24:08,611 - INFO: Training ROC-AUC: 0.875000
2026-06-30 15:24:08,611 - INFO: Validation ROC-AUC: 0.800682
2026-06-30 15:24:15,115 - INFO: Evaluating at iteration 43881
2026-06-30 15:24:15,384 - INFO: Loss: 0.451860
2026-06-30 15:24:15,384 - INFO: Training ROC-AUC: 0.895455
2026-06-30 15:24:15,384 - INFO: Validation ROC-AUC: 0.799299
2026-06-30 15:24:16,614 - INFO: Starting epoch 22
2026-06-30 15:24:16,628 - INFO: Evaluating at iteration 43975
2026-06-30 15:24:16,890 - INFO: Loss: 0.413089
2026-06-30 15:24:16,890 - INFO: Training ROC-AUC: 0.794286
2026-06-30 15:24:16,890 - INFO: Validation ROC-AUC: 0.798908
2026-06-30 15:24:23,421 - INFO: Evaluating at iteration 44475
2026-06-30 15:24:23,686 - INFO: Loss: 0.326003
2026-06-30 15:24:23,686 - INFO: Training ROC-AUC: 0.868571
2026-06-30 15:24:23,686 - INFO: Validation ROC-AUC: 0.797560
2026-06-30 15:24:30,222 - INFO: Evaluating at iteration 44975
2026-06-30 15:24:30,499 - INFO: Loss: 0.323437
2026-06-30 15:24:30,499 - INFO: Training ROC-AUC: 0.807692
2026-06-30 15:24:30,499 - INFO: Validation ROC-AUC: 0.800295
2026-06-30 15:24:37,048 - INFO: Evaluating at iteration 45475
2026-06-30 15:24:37,315 - INFO: Loss: 0.217381
2026-06-30 15:24:37,315 - INFO: Training ROC-AUC: 0.783333
2026-06-30 15:24:37,315 - INFO: Validation ROC-AUC: 0.800251
2026-06-30 15:24:43,849 - INFO: Evaluating at iteration 45975
2026-06-30 15:24:44,112 - INFO: Loss: 0.319035
2026-06-30 15:24:44,112 - INFO: Training ROC-AUC: 0.807692
2026-06-30 15:24:44,112 - INFO: Validation ROC-AUC: 0.801763
2026-06-30 15:24:45,338 - INFO: Starting epoch 23
2026-06-30 15:24:45,352 - INFO: Evaluating at iteration 46069
2026-06-30 15:24:45,616 - INFO: Loss: 0.172180
2026-06-30 15:24:45,616 - INFO: Training ROC-AUC: 1.000000
2026-06-30 15:24:45,616 - INFO: Validation ROC-AUC: 0.800251
2026-06-30 15:24:52,172 - INFO: Evaluating at iteration 46569
2026-06-30 15:24:52,434 - INFO: Loss: 0.185968
2026-06-30 15:24:52,434 - INFO: Training ROC-AUC: 0.883333
2026-06-30 15:24:52,434 - INFO: Validation ROC-AUC: 0.800886
2026-06-30 15:24:58,956 - INFO: Evaluating at iteration 47069
2026-06-30 15:24:59,218 - INFO: Loss: 0.365846
2026-06-30 15:24:59,218 - INFO: Training ROC-AUC: 0.703704
2026-06-30 15:24:59,218 - INFO: Validation ROC-AUC: 0.799855
2026-06-30 15:25:05,786 - INFO: Evaluating at iteration 47569
2026-06-30 15:25:06,052 - INFO: Loss: 0.379737
2026-06-30 15:25:06,052 - INFO: Training ROC-AUC: 0.885417
2026-06-30 15:25:06,052 - INFO: Validation ROC-AUC: 0.803186
2026-06-30 15:25:12,597 - INFO: Evaluating at iteration 48069
2026-06-30 15:25:12,861 - INFO: Loss: 0.280058
2026-06-30 15:25:12,861 - INFO: Training ROC-AUC: 0.839286
2026-06-30 15:25:12,861 - INFO: Validation ROC-AUC: 0.801025
2026-06-30 15:25:14,109 - INFO: Starting epoch 24
2026-06-30 15:25:14,123 - INFO: Evaluating at iteration 48163
2026-06-30 15:25:14,385 - INFO: Loss: 0.327958
2026-06-30 15:25:14,385 - INFO: Training ROC-AUC: 0.880000
2026-06-30 15:25:14,385 - INFO: Validation ROC-AUC: 0.802981
2026-06-30 15:25:20,983 - INFO: Evaluating at iteration 48663
2026-06-30 15:25:21,249 - INFO: Loss: 0.438142
2026-06-30 15:25:21,249 - INFO: Training ROC-AUC: 0.827273
2026-06-30 15:25:21,249 - INFO: Validation ROC-AUC: 0.801670
2026-06-30 15:25:27,830 - INFO: Evaluating at iteration 49163
2026-06-30 15:25:28,093 - INFO: Loss: 0.212709
2026-06-30 15:25:28,093 - INFO: Training ROC-AUC: 0.516129
2026-06-30 15:25:28,093 - INFO: Validation ROC-AUC: 0.803965
2026-06-30 15:25:34,710 - INFO: Evaluating at iteration 49663
2026-06-30 15:25:34,982 - INFO: Loss: 0.392836
2026-06-30 15:25:34,982 - INFO: Training ROC-AUC: 0.681481
2026-06-30 15:25:34,982 - INFO: Validation ROC-AUC: 0.803557
2026-06-30 15:25:41,579 - INFO: Evaluating at iteration 50163
2026-06-30 15:25:41,843 - INFO: Loss: 0.406234
2026-06-30 15:25:41,843 - INFO: Training ROC-AUC: 0.724359
2026-06-30 15:25:41,843 - INFO: Validation ROC-AUC: 0.802989
2026-06-30 15:25:43,099 - INFO: Starting epoch 25
2026-06-30 15:25:43,113 - INFO: Evaluating at iteration 50257
2026-06-30 15:25:43,376 - INFO: Loss: 0.465131
2026-06-30 15:25:43,376 - INFO: Training ROC-AUC: 0.668571
2026-06-30 15:25:43,376 - INFO: Validation ROC-AUC: 0.802857
2026-06-30 15:25:50,024 - INFO: Evaluating at iteration 50757
2026-06-30 15:25:50,290 - INFO: Loss: 0.295814
2026-06-30 15:25:50,290 - INFO: Training ROC-AUC: 0.848214
2026-06-30 15:25:50,290 - INFO: Validation ROC-AUC: 0.802630
2026-06-30 15:25:56,896 - INFO: Evaluating at iteration 51257
2026-06-30 15:25:57,158 - INFO: Loss: 0.372347
2026-06-30 15:25:57,159 - INFO: Training ROC-AUC: 0.814103
2026-06-30 15:25:57,159 - INFO: Validation ROC-AUC: 0.801771
2026-06-30 15:26:03,834 - INFO: Evaluating at iteration 51757
2026-06-30 15:26:04,101 - INFO: Loss: 0.352446
2026-06-30 15:26:04,101 - INFO: Training ROC-AUC: 0.814815
2026-06-30 15:26:04,101 - INFO: Validation ROC-AUC: 0.804215
2026-06-30 15:26:10,777 - INFO: Evaluating at iteration 52257
2026-06-30 15:26:11,048 - INFO: Loss: 0.347525
2026-06-30 15:26:11,048 - INFO: Training ROC-AUC: 0.814103
2026-06-30 15:26:11,048 - INFO: Validation ROC-AUC: 0.803331
2026-06-30 15:26:12,309 - INFO: Saving model to models/TCRStructMap_random_split_cdrs_mhc_pseudo/model_4.pt
2026-06-30 15:26:12,340 - INFO: Starting fold 5
2026-06-30 15:26:12,411 - INFO: Initialising model
2026-06-30 15:26:12,419 - INFO: Starting training
2026-06-30 15:26:12,419 - INFO: Starting epoch 1
2026-06-30 15:26:12,435 - INFO: Evaluating at iteration 1
2026-06-30 15:26:12,707 - INFO: Loss: 0.699720
2026-06-30 15:26:12,707 - INFO: Training ROC-AUC: 0.697143
2026-06-30 15:26:12,707 - INFO: Validation ROC-AUC: 0.454292
2026-06-30 15:26:18,938 - INFO: Evaluating at iteration 501
2026-06-30 15:26:19,215 - INFO: Loss: 0.337437
2026-06-30 15:26:19,215 - INFO: Training ROC-AUC: 0.517241
2026-06-30 15:26:19,215 - INFO: Validation ROC-AUC: 0.587976
2026-06-30 15:26:25,746 - INFO: Evaluating at iteration 1001
2026-06-30 15:26:26,016 - INFO: Loss: 0.712949
2026-06-30 15:26:26,016 - INFO: Training ROC-AUC: 0.404545
2026-06-30 15:26:26,016 - INFO: Validation ROC-AUC: 0.588076
2026-06-30 15:26:32,599 - INFO: Evaluating at iteration 1501
2026-06-30 15:26:32,868 - INFO: Loss: 0.359222
2026-06-30 15:26:32,868 - INFO: Training ROC-AUC: 0.848214
2026-06-30 15:26:32,868 - INFO: Validation ROC-AUC: 0.598646
2026-06-30 15:26:39,424 - INFO: Evaluating at iteration 2001
2026-06-30 15:26:39,684 - INFO: Loss: 0.584528
2026-06-30 15:26:39,684 - INFO: Training ROC-AUC: 0.661458
2026-06-30 15:26:39,684 - INFO: Validation ROC-AUC: 0.621115
2026-06-30 15:26:40,922 - INFO: Starting epoch 2
2026-06-30 15:26:40,935 - INFO: Evaluating at iteration 2095
2026-06-30 15:26:41,197 - INFO: Loss: 0.462477
2026-06-30 15:26:41,197 - INFO: Training ROC-AUC: 0.750000
2026-06-30 15:26:41,197 - INFO: Validation ROC-AUC: 0.624783
2026-06-30 15:26:47,776 - INFO: Evaluating at iteration 2595
2026-06-30 15:26:48,041 - INFO: Loss: 0.542340
2026-06-30 15:26:48,041 - INFO: Training ROC-AUC: 0.554286
2026-06-30 15:26:48,041 - INFO: Validation ROC-AUC: 0.640043
2026-06-30 15:26:54,600 - INFO: Evaluating at iteration 3095
2026-06-30 15:26:54,862 - INFO: Loss: 0.229980
2026-06-30 15:26:54,862 - INFO: Training ROC-AUC: 1.000000
2026-06-30 15:26:54,862 - INFO: Validation ROC-AUC: 0.648508
2026-06-30 15:27:01,440 - INFO: Evaluating at iteration 3595
2026-06-30 15:27:01,701 - INFO: Loss: 0.635379
2026-06-30 15:27:01,701 - INFO: Training ROC-AUC: 0.659091
2026-06-30 15:27:01,701 - INFO: Validation ROC-AUC: 0.661696
2026-06-30 15:27:08,264 - INFO: Evaluating at iteration 4095
2026-06-30 15:27:08,525 - INFO: Loss: 0.645105
2026-06-30 15:27:08,526 - INFO: Training ROC-AUC: 0.695455
2026-06-30 15:27:08,526 - INFO: Validation ROC-AUC: 0.686750
2026-06-30 15:27:09,766 - INFO: Starting epoch 3
2026-06-30 15:27:09,780 - INFO: Evaluating at iteration 4189
2026-06-30 15:27:10,040 - INFO: Loss: 0.609439
2026-06-30 15:27:10,040 - INFO: Training ROC-AUC: 0.700483
2026-06-30 15:27:10,040 - INFO: Validation ROC-AUC: 0.689667
2026-06-30 15:27:16,626 - INFO: Evaluating at iteration 4689
2026-06-30 15:27:16,888 - INFO: Loss: 0.524063
2026-06-30 15:27:16,888 - INFO: Training ROC-AUC: 0.582857
2026-06-30 15:27:16,888 - INFO: Validation ROC-AUC: 0.705975
2026-06-30 15:27:23,457 - INFO: Evaluating at iteration 5189
2026-06-30 15:27:23,719 - INFO: Loss: 0.407075
2026-06-30 15:27:23,719 - INFO: Training ROC-AUC: 0.794286
2026-06-30 15:27:23,719 - INFO: Validation ROC-AUC: 0.725801
2026-06-30 15:27:30,313 - INFO: Evaluating at iteration 5689
2026-06-30 15:27:30,581 - INFO: Loss: 0.405825
2026-06-30 15:27:30,581 - INFO: Training ROC-AUC: 0.637037
2026-06-30 15:27:30,581 - INFO: Validation ROC-AUC: 0.732471
2026-06-30 15:27:37,141 - INFO: Evaluating at iteration 6189
2026-06-30 15:27:37,406 - INFO: Loss: 0.524820
2026-06-30 15:27:37,406 - INFO: Training ROC-AUC: 0.630208
2026-06-30 15:27:37,406 - INFO: Validation ROC-AUC: 0.740098
2026-06-30 15:27:38,652 - INFO: Starting epoch 4
2026-06-30 15:27:38,665 - INFO: Evaluating at iteration 6283
2026-06-30 15:27:38,928 - INFO: Loss: 0.353123
2026-06-30 15:27:38,928 - INFO: Training ROC-AUC: 0.714286
2026-06-30 15:27:38,928 - INFO: Validation ROC-AUC: 0.742170
2026-06-30 15:27:45,500 - INFO: Evaluating at iteration 6783
2026-06-30 15:27:45,768 - INFO: Loss: 0.226323
2026-06-30 15:27:45,768 - INFO: Training ROC-AUC: 0.873563
2026-06-30 15:27:45,768 - INFO: Validation ROC-AUC: 0.744535
2026-06-30 15:27:52,264 - INFO: Evaluating at iteration 7283
2026-06-30 15:27:52,529 - INFO: Loss: 0.460458
2026-06-30 15:27:52,529 - INFO: Training ROC-AUC: 0.570513
2026-06-30 15:27:52,529 - INFO: Validation ROC-AUC: 0.747081
2026-06-30 15:27:59,028 - INFO: Evaluating at iteration 7783
2026-06-30 15:27:59,290 - INFO: Loss: 0.364520
2026-06-30 15:27:59,290 - INFO: Training ROC-AUC: 0.762963
2026-06-30 15:27:59,290 - INFO: Validation ROC-AUC: 0.749166
2026-06-30 15:28:05,744 - INFO: Evaluating at iteration 8283
2026-06-30 15:28:06,006 - INFO: Loss: 0.390594
2026-06-30 15:28:06,007 - INFO: Training ROC-AUC: 0.833333
2026-06-30 15:28:06,007 - INFO: Validation ROC-AUC: 0.749391
2026-06-30 15:28:07,227 - INFO: Starting epoch 5
2026-06-30 15:28:07,240 - INFO: Evaluating at iteration 8377
2026-06-30 15:28:07,502 - INFO: Loss: 0.335120
2026-06-30 15:28:07,502 - INFO: Training ROC-AUC: 0.814815
2026-06-30 15:28:07,502 - INFO: Validation ROC-AUC: 0.752378
2026-06-30 15:28:13,980 - INFO: Evaluating at iteration 8877
2026-06-30 15:28:14,243 - INFO: Loss: 0.216447
2026-06-30 15:28:14,243 - INFO: Training ROC-AUC: 0.916667
2026-06-30 15:28:14,243 - INFO: Validation ROC-AUC: 0.753074
2026-06-30 15:28:20,688 - INFO: Evaluating at iteration 9377
2026-06-30 15:28:20,956 - INFO: Loss: 0.311459
2026-06-30 15:28:20,956 - INFO: Training ROC-AUC: 0.366667
2026-06-30 15:28:20,956 - INFO: Validation ROC-AUC: 0.755561
2026-06-30 15:28:27,429 - INFO: Evaluating at iteration 9877
2026-06-30 15:28:27,690 - INFO: Loss: 0.220480
2026-06-30 15:28:27,690 - INFO: Training ROC-AUC: 0.733333
2026-06-30 15:28:27,690 - INFO: Validation ROC-AUC: 0.757252
2026-06-30 15:28:34,142 - INFO: Evaluating at iteration 10377
2026-06-30 15:28:34,405 - INFO: Loss: 0.524977
2026-06-30 15:28:34,405 - INFO: Training ROC-AUC: 0.763285
2026-06-30 15:28:34,405 - INFO: Validation ROC-AUC: 0.758204
2026-06-30 15:28:35,634 - INFO: Starting epoch 6
2026-06-30 15:28:35,648 - INFO: Evaluating at iteration 10471
2026-06-30 15:28:35,910 - INFO: Loss: 0.296312
2026-06-30 15:28:35,910 - INFO: Training ROC-AUC: 0.812500
2026-06-30 15:28:35,910 - INFO: Validation ROC-AUC: 0.757450
2026-06-30 15:28:42,381 - INFO: Evaluating at iteration 10971
2026-06-30 15:28:42,642 - INFO: Loss: 0.266980
2026-06-30 15:28:42,642 - INFO: Training ROC-AUC: 0.451613
2026-06-30 15:28:42,642 - INFO: Validation ROC-AUC: 0.759498
2026-06-30 15:28:49,089 - INFO: Evaluating at iteration 11471
2026-06-30 15:28:49,357 - INFO: Loss: 0.332541
2026-06-30 15:28:49,357 - INFO: Training ROC-AUC: 0.857143
2026-06-30 15:28:49,357 - INFO: Validation ROC-AUC: 0.761279
2026-06-30 15:28:55,825 - INFO: Evaluating at iteration 11971
2026-06-30 15:28:56,098 - INFO: Loss: 0.434198
2026-06-30 15:28:56,098 - INFO: Training ROC-AUC: 0.828125
2026-06-30 15:28:56,098 - INFO: Validation ROC-AUC: 0.762172
2026-06-30 15:29:02,536 - INFO: Evaluating at iteration 12471
2026-06-30 15:29:02,801 - INFO: Loss: 0.446650
2026-06-30 15:29:02,801 - INFO: Training ROC-AUC: 0.674286
2026-06-30 15:29:02,801 - INFO: Validation ROC-AUC: 0.762962
2026-06-30 15:29:04,018 - INFO: Starting epoch 7
2026-06-30 15:29:04,032 - INFO: Evaluating at iteration 12565
2026-06-30 15:29:04,297 - INFO: Loss: 0.544198
2026-06-30 15:29:04,297 - INFO: Training ROC-AUC: 0.758454
2026-06-30 15:29:04,297 - INFO: Validation ROC-AUC: 0.762022
2026-06-30 15:29:10,752 - INFO: Evaluating at iteration 13065
2026-06-30 15:29:11,013 - INFO: Loss: 0.584106
2026-06-30 15:29:11,013 - INFO: Training ROC-AUC: 0.485714
2026-06-30 15:29:11,014 - INFO: Validation ROC-AUC: 0.764295
2026-06-30 15:29:17,462 - INFO: Evaluating at iteration 13565
2026-06-30 15:29:17,730 - INFO: Loss: 0.495779
2026-06-30 15:29:17,731 - INFO: Training ROC-AUC: 0.909091
2026-06-30 15:29:17,731 - INFO: Validation ROC-AUC: 0.764662
2026-06-30 15:29:24,197 - INFO: Evaluating at iteration 14065
2026-06-30 15:29:24,462 - INFO: Loss: 0.435188
2026-06-30 15:29:24,462 - INFO: Training ROC-AUC: 0.679487
2026-06-30 15:29:24,462 - INFO: Validation ROC-AUC: 0.766245
2026-06-30 15:29:30,890 - INFO: Evaluating at iteration 14565
2026-06-30 15:29:31,154 - INFO: Loss: 0.378268
2026-06-30 15:29:31,154 - INFO: Training ROC-AUC: 0.553571
2026-06-30 15:29:31,154 - INFO: Validation ROC-AUC: 0.767986
2026-06-30 15:29:32,374 - INFO: Starting epoch 8
2026-06-30 15:29:32,388 - INFO: Evaluating at iteration 14659
2026-06-30 15:29:32,652 - INFO: Loss: 0.236325
2026-06-30 15:29:32,652 - INFO: Training ROC-AUC: 0.850575
2026-06-30 15:29:32,652 - INFO: Validation ROC-AUC: 0.767582
2026-06-30 15:29:39,093 - INFO: Evaluating at iteration 15159
2026-06-30 15:29:39,355 - INFO: Loss: 0.508134
2026-06-30 15:29:39,355 - INFO: Training ROC-AUC: 0.718750
2026-06-30 15:29:39,355 - INFO: Validation ROC-AUC: 0.768790
2026-06-30 15:29:45,779 - INFO: Evaluating at iteration 15659
2026-06-30 15:29:46,040 - INFO: Loss: 0.384085
2026-06-30 15:29:46,040 - INFO: Training ROC-AUC: 0.629630
2026-06-30 15:29:46,040 - INFO: Validation ROC-AUC: 0.769566
2026-06-30 15:29:52,476 - INFO: Evaluating at iteration 16159
2026-06-30 15:29:52,744 - INFO: Loss: 0.231904
2026-06-30 15:29:52,744 - INFO: Training ROC-AUC: 0.733333
2026-06-30 15:29:52,744 - INFO: Validation ROC-AUC: 0.769882
2026-06-30 15:29:59,159 - INFO: Evaluating at iteration 16659
2026-06-30 15:29:59,426 - INFO: Loss: 0.315554
2026-06-30 15:29:59,426 - INFO: Training ROC-AUC: 0.762963
2026-06-30 15:29:59,426 - INFO: Validation ROC-AUC: 0.770635
2026-06-30 15:30:00,639 - INFO: Starting epoch 9
2026-06-30 15:30:00,653 - INFO: Evaluating at iteration 16753
2026-06-30 15:30:00,927 - INFO: Loss: 0.410000
2026-06-30 15:30:00,927 - INFO: Training ROC-AUC: 0.705128
2026-06-30 15:30:00,927 - INFO: Validation ROC-AUC: 0.771325
2026-06-30 15:30:07,382 - INFO: Evaluating at iteration 17253
2026-06-30 15:30:07,649 - INFO: Loss: 0.320463
2026-06-30 15:30:07,649 - INFO: Training ROC-AUC: 0.881481
2026-06-30 15:30:07,649 - INFO: Validation ROC-AUC: 0.771062
2026-06-30 15:30:14,071 - INFO: Evaluating at iteration 17753
2026-06-30 15:30:14,334 - INFO: Loss: 0.485773
2026-06-30 15:30:14,334 - INFO: Training ROC-AUC: 0.826087
2026-06-30 15:30:14,334 - INFO: Validation ROC-AUC: 0.772022
2026-06-30 15:30:20,773 - INFO: Evaluating at iteration 18253
2026-06-30 15:30:21,037 - INFO: Loss: 0.388364
2026-06-30 15:30:21,037 - INFO: Training ROC-AUC: 0.822917
2026-06-30 15:30:21,037 - INFO: Validation ROC-AUC: 0.772526
2026-06-30 15:30:27,458 - INFO: Evaluating at iteration 18753
2026-06-30 15:30:27,725 - INFO: Loss: 0.235506
2026-06-30 15:30:27,725 - INFO: Training ROC-AUC: 0.580645
2026-06-30 15:30:27,725 - INFO: Validation ROC-AUC: 0.774602
2026-06-30 15:30:28,934 - INFO: Starting epoch 10
2026-06-30 15:30:28,948 - INFO: Evaluating at iteration 18847
2026-06-30 15:30:29,212 - INFO: Loss: 0.453093
2026-06-30 15:30:29,212 - INFO: Training ROC-AUC: 0.697143
2026-06-30 15:30:29,212 - INFO: Validation ROC-AUC: 0.774316
2026-06-30 15:30:35,663 - INFO: Evaluating at iteration 19347
2026-06-30 15:30:35,927 - INFO: Loss: 0.249839
2026-06-30 15:30:35,927 - INFO: Training ROC-AUC: 0.942529
2026-06-30 15:30:35,927 - INFO: Validation ROC-AUC: 0.776515
2026-06-30 15:30:42,343 - INFO: Evaluating at iteration 19847
2026-06-30 15:30:42,605 - INFO: Loss: 0.489179
2026-06-30 15:30:42,605 - INFO: Training ROC-AUC: 0.782609
2026-06-30 15:30:42,605 - INFO: Validation ROC-AUC: 0.776687
2026-06-30 15:30:49,042 - INFO: Evaluating at iteration 20347
2026-06-30 15:30:49,309 - INFO: Loss: 0.343008
2026-06-30 15:30:49,309 - INFO: Training ROC-AUC: 0.625000
2026-06-30 15:30:49,309 - INFO: Validation ROC-AUC: 0.775589
2026-06-30 15:30:55,723 - INFO: Evaluating at iteration 20847
2026-06-30 15:30:55,985 - INFO: Loss: 0.399540
2026-06-30 15:30:55,985 - INFO: Training ROC-AUC: 0.705128
2026-06-30 15:30:55,985 - INFO: Validation ROC-AUC: 0.775813
2026-06-30 15:30:57,204 - INFO: Starting epoch 11
2026-06-30 15:30:57,217 - INFO: Evaluating at iteration 20941
2026-06-30 15:30:57,482 - INFO: Loss: 0.427888
2026-06-30 15:30:57,482 - INFO: Training ROC-AUC: 0.817708
2026-06-30 15:30:57,483 - INFO: Validation ROC-AUC: 0.777959
2026-06-30 15:31:03,906 - INFO: Evaluating at iteration 21441
2026-06-30 15:31:04,171 - INFO: Loss: 0.270037
2026-06-30 15:31:04,171 - INFO: Training ROC-AUC: 0.794643
2026-06-30 15:31:04,171 - INFO: Validation ROC-AUC: 0.776693
2026-06-30 15:31:10,602 - INFO: Evaluating at iteration 21941
2026-06-30 15:31:10,863 - INFO: Loss: 0.347265
2026-06-30 15:31:10,863 - INFO: Training ROC-AUC: 0.777778
2026-06-30 15:31:10,863 - INFO: Validation ROC-AUC: 0.777784
2026-06-30 15:31:17,318 - INFO: Evaluating at iteration 22441
2026-06-30 15:31:17,585 - INFO: Loss: 0.330107
2026-06-30 15:31:17,585 - INFO: Training ROC-AUC: 0.881481
2026-06-30 15:31:17,585 - INFO: Validation ROC-AUC: 0.779947
2026-06-30 15:31:24,028 - INFO: Evaluating at iteration 22941
2026-06-30 15:31:24,292 - INFO: Loss: 0.421908
2026-06-30 15:31:24,293 - INFO: Training ROC-AUC: 0.843750
2026-06-30 15:31:24,293 - INFO: Validation ROC-AUC: 0.779217
2026-06-30 15:31:25,521 - INFO: Starting epoch 12
2026-06-30 15:31:25,535 - INFO: Evaluating at iteration 23035
2026-06-30 15:31:25,796 - INFO: Loss: 0.382799
2026-06-30 15:31:25,796 - INFO: Training ROC-AUC: 0.880208
2026-06-30 15:31:25,796 - INFO: Validation ROC-AUC: 0.780296
2026-06-30 15:31:32,237 - INFO: Evaluating at iteration 23535
2026-06-30 15:31:32,499 - INFO: Loss: 0.426400
2026-06-30 15:31:32,499 - INFO: Training ROC-AUC: 0.702857
2026-06-30 15:31:32,499 - INFO: Validation ROC-AUC: 0.780684
2026-06-30 15:31:38,904 - INFO: Evaluating at iteration 24035
2026-06-30 15:31:39,166 - INFO: Loss: 0.300242
2026-06-30 15:31:39,166 - INFO: Training ROC-AUC: 0.891429
2026-06-30 15:31:39,166 - INFO: Validation ROC-AUC: 0.781914
2026-06-30 15:31:45,592 - INFO: Evaluating at iteration 24535
2026-06-30 15:31:45,858 - INFO: Loss: 0.309541
2026-06-30 15:31:45,858 - INFO: Training ROC-AUC: 0.859259
2026-06-30 15:31:45,858 - INFO: Validation ROC-AUC: 0.782788
2026-06-30 15:31:52,271 - INFO: Evaluating at iteration 25035
2026-06-30 15:31:52,534 - INFO: Loss: 0.288474
2026-06-30 15:31:52,534 - INFO: Training ROC-AUC: 0.712644
2026-06-30 15:31:52,534 - INFO: Validation ROC-AUC: 0.782052
2026-06-30 15:31:53,754 - INFO: Starting epoch 13
2026-06-30 15:31:53,768 - INFO: Evaluating at iteration 25129
2026-06-30 15:31:54,029 - INFO: Loss: 0.334388
2026-06-30 15:31:54,029 - INFO: Training ROC-AUC: 0.814815
2026-06-30 15:31:54,029 - INFO: Validation ROC-AUC: 0.783086
2026-06-30 15:32:00,487 - INFO: Evaluating at iteration 25629
2026-06-30 15:32:00,753 - INFO: Loss: 0.309162
2026-06-30 15:32:00,753 - INFO: Training ROC-AUC: 0.874074
2026-06-30 15:32:00,753 - INFO: Validation ROC-AUC: 0.783543
2026-06-30 15:32:07,183 - INFO: Evaluating at iteration 26129
2026-06-30 15:32:07,448 - INFO: Loss: 0.475906
2026-06-30 15:32:07,448 - INFO: Training ROC-AUC: 0.812500
2026-06-30 15:32:07,448 - INFO: Validation ROC-AUC: 0.783059
2026-06-30 15:32:13,923 - INFO: Evaluating at iteration 26629
2026-06-30 15:32:14,191 - INFO: Loss: 0.218883
2026-06-30 15:32:14,191 - INFO: Training ROC-AUC: 0.948148
2026-06-30 15:32:14,191 - INFO: Validation ROC-AUC: 0.783886
2026-06-30 15:32:20,612 - INFO: Evaluating at iteration 27129
2026-06-30 15:32:20,876 - INFO: Loss: 0.336000
2026-06-30 15:32:20,876 - INFO: Training ROC-AUC: 0.822222
2026-06-30 15:32:20,876 - INFO: Validation ROC-AUC: 0.784148
2026-06-30 15:32:22,111 - INFO: Starting epoch 14
2026-06-30 15:32:22,125 - INFO: Evaluating at iteration 27223
2026-06-30 15:32:22,386 - INFO: Loss: 0.309168
2026-06-30 15:32:22,386 - INFO: Training ROC-AUC: 0.822222
2026-06-30 15:32:22,386 - INFO: Validation ROC-AUC: 0.784991
2026-06-30 15:32:28,855 - INFO: Evaluating at iteration 27723
2026-06-30 15:32:29,118 - INFO: Loss: 0.235500
2026-06-30 15:32:29,118 - INFO: Training ROC-AUC: 0.839080
2026-06-30 15:32:29,118 - INFO: Validation ROC-AUC: 0.785135
2026-06-30 15:32:35,561 - INFO: Evaluating at iteration 28223
2026-06-30 15:32:35,825 - INFO: Loss: 0.239286
2026-06-30 15:32:35,825 - INFO: Training ROC-AUC: 0.928571
2026-06-30 15:32:35,825 - INFO: Validation ROC-AUC: 0.785282
2026-06-30 15:32:42,303 - INFO: Evaluating at iteration 28723
2026-06-30 15:32:42,564 - INFO: Loss: 0.392921
2026-06-30 15:32:42,564 - INFO: Training ROC-AUC: 0.696296
2026-06-30 15:32:42,564 - INFO: Validation ROC-AUC: 0.784540
2026-06-30 15:32:49,017 - INFO: Evaluating at iteration 29223
2026-06-30 15:32:49,282 - INFO: Loss: 0.362494
2026-06-30 15:32:49,282 - INFO: Training ROC-AUC: 0.777778
2026-06-30 15:32:49,282 - INFO: Validation ROC-AUC: 0.786117
2026-06-30 15:32:50,509 - INFO: Starting epoch 15
2026-06-30 15:32:50,523 - INFO: Evaluating at iteration 29317
2026-06-30 15:32:50,784 - INFO: Loss: 0.381499
2026-06-30 15:32:50,784 - INFO: Training ROC-AUC: 0.811429
2026-06-30 15:32:50,784 - INFO: Validation ROC-AUC: 0.781688
2026-06-30 15:32:57,269 - INFO: Evaluating at iteration 29817
2026-06-30 15:32:57,534 - INFO: Loss: 0.531651
2026-06-30 15:32:57,534 - INFO: Training ROC-AUC: 0.791667
2026-06-30 15:32:57,534 - INFO: Validation ROC-AUC: 0.785462
2026-06-30 15:33:04,015 - INFO: Evaluating at iteration 30317
2026-06-30 15:33:04,288 - INFO: Loss: 0.553812
2026-06-30 15:33:04,288 - INFO: Training ROC-AUC: 0.544872
2026-06-30 15:33:04,288 - INFO: Validation ROC-AUC: 0.786685
2026-06-30 15:33:10,783 - INFO: Evaluating at iteration 30817
2026-06-30 15:33:11,049 - INFO: Loss: 0.356896
2026-06-30 15:33:11,049 - INFO: Training ROC-AUC: 0.741071
2026-06-30 15:33:11,049 - INFO: Validation ROC-AUC: 0.787735
2026-06-30 15:33:17,507 - INFO: Evaluating at iteration 31317
2026-06-30 15:33:17,780 - INFO: Loss: 0.235148
2026-06-30 15:33:17,780 - INFO: Training ROC-AUC: 0.666667
2026-06-30 15:33:17,780 - INFO: Validation ROC-AUC: 0.787409
2026-06-30 15:33:19,014 - INFO: Starting epoch 16
2026-06-30 15:33:19,027 - INFO: Evaluating at iteration 31411
2026-06-30 15:33:19,290 - INFO: Loss: 0.281075
2026-06-30 15:33:19,290 - INFO: Training ROC-AUC: 0.903846
2026-06-30 15:33:19,290 - INFO: Validation ROC-AUC: 0.787379
2026-06-30 15:33:25,785 - INFO: Evaluating at iteration 31911
2026-06-30 15:33:26,047 - INFO: Loss: 0.272914
2026-06-30 15:33:26,047 - INFO: Training ROC-AUC: 0.892857
2026-06-30 15:33:26,047 - INFO: Validation ROC-AUC: 0.786359
2026-06-30 15:33:32,497 - INFO: Evaluating at iteration 32411
2026-06-30 15:33:32,763 - INFO: Loss: 0.334941
2026-06-30 15:33:32,763 - INFO: Training ROC-AUC: 0.758929
2026-06-30 15:33:32,763 - INFO: Validation ROC-AUC: 0.786870
2026-06-30 15:33:39,232 - INFO: Evaluating at iteration 32911
2026-06-30 15:33:39,496 - INFO: Loss: 0.358233
2026-06-30 15:33:39,496 - INFO: Training ROC-AUC: 0.885714
2026-06-30 15:33:39,496 - INFO: Validation ROC-AUC: 0.788018
2026-06-30 15:33:45,961 - INFO: Evaluating at iteration 33411
2026-06-30 15:33:46,225 - INFO: Loss: 0.251523
2026-06-30 15:33:46,225 - INFO: Training ROC-AUC: 0.862069
2026-06-30 15:33:46,225 - INFO: Validation ROC-AUC: 0.788791
2026-06-30 15:33:47,464 - INFO: Starting epoch 17
2026-06-30 15:33:47,478 - INFO: Evaluating at iteration 33505
2026-06-30 15:33:47,740 - INFO: Loss: 0.441923
2026-06-30 15:33:47,740 - INFO: Training ROC-AUC: 0.797101
2026-06-30 15:33:47,740 - INFO: Validation ROC-AUC: 0.789437
2026-06-30 15:33:54,247 - INFO: Evaluating at iteration 34005
2026-06-30 15:33:54,512 - INFO: Loss: 0.200084
2026-06-30 15:33:54,512 - INFO: Training ROC-AUC: 0.942529
2026-06-30 15:33:54,512 - INFO: Validation ROC-AUC: 0.788706
2026-06-30 15:34:00,948 - INFO: Evaluating at iteration 34505
2026-06-30 15:34:01,211 - INFO: Loss: 0.181494
2026-06-30 15:34:01,211 - INFO: Training ROC-AUC: 0.925926
2026-06-30 15:34:01,212 - INFO: Validation ROC-AUC: 0.789022
2026-06-30 15:34:07,688 - INFO: Evaluating at iteration 35005
2026-06-30 15:34:07,950 - INFO: Loss: 0.391713
2026-06-30 15:34:07,950 - INFO: Training ROC-AUC: 0.801282
2026-06-30 15:34:07,950 - INFO: Validation ROC-AUC: 0.789323
2026-06-30 15:34:14,420 - INFO: Evaluating at iteration 35505
2026-06-30 15:34:14,686 - INFO: Loss: 0.358735
2026-06-30 15:34:14,686 - INFO: Training ROC-AUC: 0.718519
2026-06-30 15:34:14,686 - INFO: Validation ROC-AUC: 0.790019
2026-06-30 15:34:15,906 - INFO: Starting epoch 18
2026-06-30 15:34:15,920 - INFO: Evaluating at iteration 35599
2026-06-30 15:34:16,183 - INFO: Loss: 0.323356
2026-06-30 15:34:16,183 - INFO: Training ROC-AUC: 0.857143
2026-06-30 15:34:16,183 - INFO: Validation ROC-AUC: 0.787423
2026-06-30 15:34:22,684 - INFO: Evaluating at iteration 36099
2026-06-30 15:34:22,948 - INFO: Loss: 0.390895
2026-06-30 15:34:22,948 - INFO: Training ROC-AUC: 0.862857
2026-06-30 15:34:22,948 - INFO: Validation ROC-AUC: 0.789557
2026-06-30 15:34:29,422 - INFO: Evaluating at iteration 36599
2026-06-30 15:34:29,683 - INFO: Loss: 0.418580
2026-06-30 15:34:29,683 - INFO: Training ROC-AUC: 0.800000
2026-06-30 15:34:29,683 - INFO: Validation ROC-AUC: 0.788585
2026-06-30 15:34:36,177 - INFO: Evaluating at iteration 37099
2026-06-30 15:34:36,442 - INFO: Loss: 0.244806
2026-06-30 15:34:36,442 - INFO: Training ROC-AUC: 0.885057
2026-06-30 15:34:36,442 - INFO: Validation ROC-AUC: 0.789354
2026-06-30 15:34:42,914 - INFO: Evaluating at iteration 37599
2026-06-30 15:34:43,179 - INFO: Loss: 0.377970
2026-06-30 15:34:43,180 - INFO: Training ROC-AUC: 0.765714
2026-06-30 15:34:43,180 - INFO: Validation ROC-AUC: 0.790770
2026-06-30 15:34:44,402 - INFO: Starting epoch 19
2026-06-30 15:34:44,416 - INFO: Evaluating at iteration 37693
2026-06-30 15:34:44,677 - INFO: Loss: 0.291551
2026-06-30 15:34:44,677 - INFO: Training ROC-AUC: 0.955556
2026-06-30 15:34:44,677 - INFO: Validation ROC-AUC: 0.790847
2026-06-30 15:34:51,161 - INFO: Evaluating at iteration 38193
2026-06-30 15:34:51,426 - INFO: Loss: 0.319235
2026-06-30 15:34:51,426 - INFO: Training ROC-AUC: 0.723214
2026-06-30 15:34:51,426 - INFO: Validation ROC-AUC: 0.790905
2026-06-30 15:34:57,891 - INFO: Evaluating at iteration 38693
2026-06-30 15:34:58,155 - INFO: Loss: 0.300436
2026-06-30 15:34:58,155 - INFO: Training ROC-AUC: 0.689655
2026-06-30 15:34:58,155 - INFO: Validation ROC-AUC: 0.791256
2026-06-30 15:35:04,679 - INFO: Evaluating at iteration 39193
2026-06-30 15:35:04,943 - INFO: Loss: 0.314892
2026-06-30 15:35:04,943 - INFO: Training ROC-AUC: 0.829630
2026-06-30 15:35:04,943 - INFO: Validation ROC-AUC: 0.789911
2026-06-30 15:35:11,418 - INFO: Evaluating at iteration 39693
2026-06-30 15:35:11,682 - INFO: Loss: 0.496581
2026-06-30 15:35:11,682 - INFO: Training ROC-AUC: 0.781818
2026-06-30 15:35:11,682 - INFO: Validation ROC-AUC: 0.790585
2026-06-30 15:35:12,910 - INFO: Starting epoch 20
2026-06-30 15:35:12,923 - INFO: Evaluating at iteration 39787
2026-06-30 15:35:13,185 - INFO: Loss: 0.310818
2026-06-30 15:35:13,185 - INFO: Training ROC-AUC: 0.767857
2026-06-30 15:35:13,185 - INFO: Validation ROC-AUC: 0.791576
2026-06-30 15:35:19,721 - INFO: Evaluating at iteration 40287
2026-06-30 15:35:19,990 - INFO: Loss: 0.436021
2026-06-30 15:35:19,990 - INFO: Training ROC-AUC: 0.884058
2026-06-30 15:35:19,990 - INFO: Validation ROC-AUC: 0.789437
2026-06-30 15:35:26,467 - INFO: Evaluating at iteration 40787
2026-06-30 15:35:26,731 - INFO: Loss: 0.430541
2026-06-30 15:35:26,731 - INFO: Training ROC-AUC: 0.777143
2026-06-30 15:35:26,731 - INFO: Validation ROC-AUC: 0.790101
2026-06-30 15:35:33,250 - INFO: Evaluating at iteration 41287
2026-06-30 15:35:33,515 - INFO: Loss: 0.443328
2026-06-30 15:35:33,515 - INFO: Training ROC-AUC: 0.802083
2026-06-30 15:35:33,515 - INFO: Validation ROC-AUC: 0.792357
2026-06-30 15:35:40,017 - INFO: Evaluating at iteration 41787
2026-06-30 15:35:40,281 - INFO: Loss: 0.373312
2026-06-30 15:35:40,281 - INFO: Training ROC-AUC: 0.846154
2026-06-30 15:35:40,281 - INFO: Validation ROC-AUC: 0.791001
2026-06-30 15:35:41,517 - INFO: Starting epoch 21
2026-06-30 15:35:41,532 - INFO: Evaluating at iteration 41881
2026-06-30 15:35:41,795 - INFO: Loss: 0.281435
2026-06-30 15:35:41,795 - INFO: Training ROC-AUC: 0.839286
2026-06-30 15:35:41,795 - INFO: Validation ROC-AUC: 0.792502
2026-06-30 15:35:48,347 - INFO: Evaluating at iteration 42381
2026-06-30 15:35:48,613 - INFO: Loss: 0.302650
2026-06-30 15:35:48,613 - INFO: Training ROC-AUC: 0.844444
2026-06-30 15:35:48,613 - INFO: Validation ROC-AUC: 0.792247
2026-06-30 15:35:55,143 - INFO: Evaluating at iteration 42881
2026-06-30 15:35:55,405 - INFO: Loss: 0.349756
2026-06-30 15:35:55,405 - INFO: Training ROC-AUC: 0.885714
2026-06-30 15:35:55,405 - INFO: Validation ROC-AUC: 0.792018
2026-06-30 15:36:01,960 - INFO: Evaluating at iteration 43381
2026-06-30 15:36:02,225 - INFO: Loss: 0.515249
2026-06-30 15:36:02,225 - INFO: Training ROC-AUC: 0.692708
2026-06-30 15:36:02,225 - INFO: Validation ROC-AUC: 0.791358
2026-06-30 15:36:08,777 - INFO: Evaluating at iteration 43881
2026-06-30 15:36:09,041 - INFO: Loss: 0.282154
2026-06-30 15:36:09,041 - INFO: Training ROC-AUC: 0.804598
2026-06-30 15:36:09,041 - INFO: Validation ROC-AUC: 0.789544
2026-06-30 15:36:10,297 - INFO: Starting epoch 22
2026-06-30 15:36:10,311 - INFO: Evaluating at iteration 43975
2026-06-30 15:36:10,573 - INFO: Loss: 0.275817
2026-06-30 15:36:10,573 - INFO: Training ROC-AUC: 0.918519
2026-06-30 15:36:10,573 - INFO: Validation ROC-AUC: 0.791355
2026-06-30 15:36:17,177 - INFO: Evaluating at iteration 44475
2026-06-30 15:36:17,444 - INFO: Loss: 0.390436
2026-06-30 15:36:17,444 - INFO: Training ROC-AUC: 0.607143
2026-06-30 15:36:17,444 - INFO: Validation ROC-AUC: 0.790015
2026-06-30 15:36:24,040 - INFO: Evaluating at iteration 44975
2026-06-30 15:36:24,309 - INFO: Loss: 0.433261
2026-06-30 15:36:24,310 - INFO: Training ROC-AUC: 0.679487
2026-06-30 15:36:24,310 - INFO: Validation ROC-AUC: 0.792003
2026-06-30 15:36:30,942 - INFO: Evaluating at iteration 45475
2026-06-30 15:36:31,215 - INFO: Loss: 0.463844
2026-06-30 15:36:31,215 - INFO: Training ROC-AUC: 0.714976
2026-06-30 15:36:31,215 - INFO: Validation ROC-AUC: 0.791206
2026-06-30 15:36:37,809 - INFO: Evaluating at iteration 45975
2026-06-30 15:36:38,075 - INFO: Loss: 0.428905
2026-06-30 15:36:38,076 - INFO: Training ROC-AUC: 0.688889
2026-06-30 15:36:38,076 - INFO: Validation ROC-AUC: 0.793145
2026-06-30 15:36:39,328 - INFO: Starting epoch 23
2026-06-30 15:36:39,344 - INFO: Evaluating at iteration 46069
2026-06-30 15:36:39,607 - INFO: Loss: 0.318048
2026-06-30 15:36:39,607 - INFO: Training ROC-AUC: 0.767857
2026-06-30 15:36:39,607 - INFO: Validation ROC-AUC: 0.792144
2026-06-30 15:36:46,265 - INFO: Evaluating at iteration 46569
2026-06-30 15:36:46,532 - INFO: Loss: 0.393828
2026-06-30 15:36:46,532 - INFO: Training ROC-AUC: 0.850242
2026-06-30 15:36:46,532 - INFO: Validation ROC-AUC: 0.791112
2026-06-30 15:36:53,171 - INFO: Evaluating at iteration 47069
2026-06-30 15:36:53,437 - INFO: Loss: 0.299262
2026-06-30 15:36:53,437 - INFO: Training ROC-AUC: 0.655172
2026-06-30 15:36:53,437 - INFO: Validation ROC-AUC: 0.792838
2026-06-30 15:37:00,095 - INFO: Evaluating at iteration 47569
2026-06-30 15:37:00,359 - INFO: Loss: 0.382321
2026-06-30 15:37:00,359 - INFO: Training ROC-AUC: 0.703704
2026-06-30 15:37:00,360 - INFO: Validation ROC-AUC: 0.791592
2026-06-30 15:37:07,002 - INFO: Evaluating at iteration 48069
2026-06-30 15:37:07,269 - INFO: Loss: 0.257851
2026-06-30 15:37:07,269 - INFO: Training ROC-AUC: 0.937500
2026-06-30 15:37:07,269 - INFO: Validation ROC-AUC: 0.792601
2026-06-30 15:37:08,527 - INFO: Starting epoch 24
2026-06-30 15:37:08,541 - INFO: Evaluating at iteration 48163
2026-06-30 15:37:08,804 - INFO: Loss: 0.366188
2026-06-30 15:37:08,804 - INFO: Training ROC-AUC: 0.788462
2026-06-30 15:37:08,804 - INFO: Validation ROC-AUC: 0.792165
2026-06-30 15:37:15,522 - INFO: Evaluating at iteration 48663
2026-06-30 15:37:15,785 - INFO: Loss: 0.358233
2026-06-30 15:37:15,785 - INFO: Training ROC-AUC: 0.767857
2026-06-30 15:37:15,785 - INFO: Validation ROC-AUC: 0.792920
2026-06-30 15:37:22,501 - INFO: Evaluating at iteration 49163
2026-06-30 15:37:22,771 - INFO: Loss: 0.287079
2026-06-30 15:37:22,771 - INFO: Training ROC-AUC: 0.948148
2026-06-30 15:37:22,771 - INFO: Validation ROC-AUC: 0.791047
2026-06-30 15:37:29,500 - INFO: Evaluating at iteration 49663
2026-06-30 15:37:29,765 - INFO: Loss: 0.193415
2026-06-30 15:37:29,765 - INFO: Training ROC-AUC: 0.900000
2026-06-30 15:37:29,765 - INFO: Validation ROC-AUC: 0.792690
2026-06-30 15:37:36,465 - INFO: Evaluating at iteration 50163
2026-06-30 15:37:36,732 - INFO: Loss: 0.295254
2026-06-30 15:37:36,733 - INFO: Training ROC-AUC: 0.859259
2026-06-30 15:37:36,733 - INFO: Validation ROC-AUC: 0.792349
2026-06-30 15:37:38,020 - INFO: Starting epoch 25
2026-06-30 15:37:38,034 - INFO: Evaluating at iteration 50257
2026-06-30 15:37:38,296 - INFO: Loss: 0.274815
2026-06-30 15:37:38,296 - INFO: Training ROC-AUC: 0.666667
2026-06-30 15:37:38,296 - INFO: Validation ROC-AUC: 0.792717
2026-06-30 15:37:45,046 - INFO: Evaluating at iteration 50757
2026-06-30 15:37:45,307 - INFO: Loss: 0.257302
2026-06-30 15:37:45,307 - INFO: Training ROC-AUC: 0.716667
2026-06-30 15:37:45,307 - INFO: Validation ROC-AUC: 0.789657
2026-06-30 15:37:52,046 - INFO: Evaluating at iteration 51257
2026-06-30 15:37:52,312 - INFO: Loss: 0.326762
2026-06-30 15:37:52,313 - INFO: Training ROC-AUC: 0.792593
2026-06-30 15:37:52,313 - INFO: Validation ROC-AUC: 0.791575
2026-06-30 15:37:59,074 - INFO: Evaluating at iteration 51757
2026-06-30 15:37:59,335 - INFO: Loss: 0.355247
2026-06-30 15:37:59,336 - INFO: Training ROC-AUC: 0.834286
2026-06-30 15:37:59,336 - INFO: Validation ROC-AUC: 0.793261
2026-06-30 15:38:06,054 - INFO: Evaluating at iteration 52257
2026-06-30 15:38:06,321 - INFO: Loss: 0.294302
2026-06-30 15:38:06,321 - INFO: Training ROC-AUC: 0.881481
2026-06-30 15:38:06,321 - INFO: Validation ROC-AUC: 0.792436
2026-06-30 15:38:07,595 - INFO: Saving model to models/TCRStructMap_random_split_cdrs_mhc_pseudo/model_5.pt
