2025-03-28 14:26:23,002 - INFO: Parameter: training_data='data/processed/sequences_tcr_levenshtein_split.h5'
2025-03-28 14:26:23,002 - INFO: Parameter: contact_maps='data/processed/contact_maps.h5'
2025-03-28 14:26:23,002 - INFO: Parameter: output='models/TCRStructMap_tcr_levenshtein_split'
2025-03-28 14:26:23,002 - INFO: Parameter: seed=None
2025-03-28 14:26:23,002 - INFO: Parameter: cdr_1_length=8
2025-03-28 14:26:23,002 - INFO: Parameter: cdr_2_length=8
2025-03-28 14:26:23,003 - INFO: Parameter: cdr_3_length=24
2025-03-28 14:26:23,003 - INFO: Parameter: peptide_length=12
2025-03-28 14:26:23,003 - INFO: Parameter: mhc_pseudo_length=26
2025-03-28 14:26:23,003 - INFO: Parameter: batch_size=32
2025-03-28 14:26:23,003 - INFO: Parameter: num_epochs=25
2025-03-28 14:26:23,003 - INFO: Parameter: learning_rate=0.001
2025-03-28 14:26:23,003 - INFO: Parameter: drop_out_rate=0.2
2025-03-28 14:26:23,003 - INFO: Parameter: learn_contact_maps=False
2025-03-28 14:26:23,003 - INFO: Parameter: checkpoint_interval=1000
2025-03-28 14:26:23,003 - INFO: Parameter: eval_interval=500
2025-03-28 14:26:23,003 - INFO: Parameter: eval_batch_size=1000
2025-03-28 14:26:23,003 - INFO: Parameter: log_level='info'
2025-03-28 14:26:23,003 - INFO: Parameter: log_file='data/logs/train_tcr_struct_map_tcr_levenshtein_split.log'
2025-03-28 14:26:23,004 - INFO: Loading contact maps from data/processed/contact_maps.h5
2025-03-28 14:26:23,494 - INFO: Loading training data from data/processed/sequences_tcr_levenshtein_split.h5
2025-03-28 14:26:26,973 - INFO: Creating models/TCRStructMap_tcr_levenshtein_split
2025-03-28 14:26:26,975 - INFO: Starting fold 1
2025-03-28 14:26:26,976 - INFO: Initialising model
2025-03-28 14:26:53,648 - INFO: Starting training
2025-03-28 14:26:53,648 - INFO: Starting epoch 1
2025-03-28 14:26:54,706 - INFO: Evaluating at iteration 1
2025-03-28 14:26:56,253 - INFO: Loss: 0.686007
2025-03-28 14:26:56,253 - INFO: Training ROC-AUC: 0.304348
2025-03-28 14:26:56,253 - INFO: Validation ROC-AUC: 0.515954
2025-03-28 14:27:09,891 - INFO: Evaluating at iteration 501
2025-03-28 14:27:11,279 - INFO: Loss: 0.339034
2025-03-28 14:27:11,279 - INFO: Training ROC-AUC: 0.758929
2025-03-28 14:27:11,280 - INFO: Validation ROC-AUC: 0.577067
2025-03-28 14:27:24,450 - INFO: Evaluating at iteration 1001
2025-03-28 14:27:25,783 - INFO: Loss: 0.317904
2025-03-28 14:27:25,783 - INFO: Training ROC-AUC: 0.705357
2025-03-28 14:27:25,783 - INFO: Validation ROC-AUC: 0.675198
2025-03-28 14:27:39,008 - INFO: Evaluating at iteration 1501
2025-03-28 14:27:40,333 - INFO: Loss: 0.371493
2025-03-28 14:27:40,333 - INFO: Training ROC-AUC: 0.589286
2025-03-28 14:27:40,333 - INFO: Validation ROC-AUC: 0.721697
2025-03-28 14:27:53,201 - INFO: Evaluating at iteration 2001
2025-03-28 14:27:54,577 - INFO: Loss: 0.379108
2025-03-28 14:27:54,577 - INFO: Training ROC-AUC: 0.733333
2025-03-28 14:27:54,577 - INFO: Validation ROC-AUC: 0.787578
2025-03-28 14:27:57,113 - INFO: Starting epoch 2
2025-03-28 14:27:57,140 - INFO: Evaluating at iteration 2098
2025-03-28 14:27:58,508 - INFO: Loss: 0.171023
2025-03-28 14:27:58,508 - INFO: Training ROC-AUC: 0.991071
2025-03-28 14:27:58,508 - INFO: Validation ROC-AUC: 0.793302
2025-03-28 14:28:11,576 - INFO: Evaluating at iteration 2598
2025-03-28 14:28:12,927 - INFO: Loss: 0.399742
2025-03-28 14:28:12,927 - INFO: Training ROC-AUC: 0.782051
2025-03-28 14:28:12,927 - INFO: Validation ROC-AUC: 0.819256
2025-03-28 14:28:25,966 - INFO: Evaluating at iteration 3098
2025-03-28 14:28:27,371 - INFO: Loss: 0.335187
2025-03-28 14:28:27,371 - INFO: Training ROC-AUC: 0.807692
2025-03-28 14:28:27,371 - INFO: Validation ROC-AUC: 0.833476
2025-03-28 14:28:40,431 - INFO: Evaluating at iteration 3598
2025-03-28 14:28:41,756 - INFO: Loss: 0.206877
2025-03-28 14:28:41,756 - INFO: Training ROC-AUC: 0.800000
2025-03-28 14:28:41,756 - INFO: Validation ROC-AUC: 0.850921
2025-03-28 14:28:54,741 - INFO: Evaluating at iteration 4098
2025-03-28 14:28:56,097 - INFO: Loss: 0.298804
2025-03-28 14:28:56,097 - INFO: Training ROC-AUC: 0.903704
2025-03-28 14:28:56,097 - INFO: Validation ROC-AUC: 0.859766
2025-03-28 14:28:58,671 - INFO: Starting epoch 3
2025-03-28 14:28:58,698 - INFO: Evaluating at iteration 4195
2025-03-28 14:29:00,056 - INFO: Loss: 0.302155
2025-03-28 14:29:00,056 - INFO: Training ROC-AUC: 0.851852
2025-03-28 14:29:00,056 - INFO: Validation ROC-AUC: 0.858532
2025-03-28 14:29:13,057 - INFO: Evaluating at iteration 4695
2025-03-28 14:29:14,447 - INFO: Loss: 0.559529
2025-03-28 14:29:14,447 - INFO: Training ROC-AUC: 0.719807
2025-03-28 14:29:14,447 - INFO: Validation ROC-AUC: 0.862403
2025-03-28 14:29:27,362 - INFO: Evaluating at iteration 5195
2025-03-28 14:29:28,713 - INFO: Loss: 0.217025
2025-03-28 14:29:28,713 - INFO: Training ROC-AUC: 0.733333
2025-03-28 14:29:28,713 - INFO: Validation ROC-AUC: 0.865715
2025-03-28 14:29:41,695 - INFO: Evaluating at iteration 5695
2025-03-28 14:29:43,001 - INFO: Loss: 0.536756
2025-03-28 14:29:43,001 - INFO: Training ROC-AUC: 0.750000
2025-03-28 14:29:43,001 - INFO: Validation ROC-AUC: 0.870713
2025-03-28 14:29:55,948 - INFO: Evaluating at iteration 6195
2025-03-28 14:29:57,242 - INFO: Loss: 0.270718
2025-03-28 14:29:57,242 - INFO: Training ROC-AUC: 0.881481
2025-03-28 14:29:57,242 - INFO: Validation ROC-AUC: 0.875651
2025-03-28 14:29:59,837 - INFO: Starting epoch 4
2025-03-28 14:29:59,865 - INFO: Evaluating at iteration 6292
2025-03-28 14:30:01,190 - INFO: Loss: 0.152896
2025-03-28 14:30:01,190 - INFO: Training ROC-AUC: 1.000000
2025-03-28 14:30:01,190 - INFO: Validation ROC-AUC: 0.875660
2025-03-28 14:30:14,268 - INFO: Evaluating at iteration 6792
2025-03-28 14:30:15,629 - INFO: Loss: 0.289773
2025-03-28 14:30:15,629 - INFO: Training ROC-AUC: 0.967949
2025-03-28 14:30:15,629 - INFO: Validation ROC-AUC: 0.877677
2025-03-28 14:30:28,824 - INFO: Evaluating at iteration 7292
2025-03-28 14:30:30,177 - INFO: Loss: 0.313872
2025-03-28 14:30:30,177 - INFO: Training ROC-AUC: 0.920000
2025-03-28 14:30:30,177 - INFO: Validation ROC-AUC: 0.878506
2025-03-28 14:30:43,444 - INFO: Evaluating at iteration 7792
2025-03-28 14:30:44,833 - INFO: Loss: 0.416304
2025-03-28 14:30:44,834 - INFO: Training ROC-AUC: 0.800000
2025-03-28 14:30:44,834 - INFO: Validation ROC-AUC: 0.880908
2025-03-28 14:30:57,920 - INFO: Evaluating at iteration 8292
2025-03-28 14:30:59,269 - INFO: Loss: 0.251174
2025-03-28 14:30:59,269 - INFO: Training ROC-AUC: 0.781609
2025-03-28 14:30:59,269 - INFO: Validation ROC-AUC: 0.883824
2025-03-28 14:31:01,811 - INFO: Starting epoch 5
2025-03-28 14:31:01,838 - INFO: Evaluating at iteration 8389
2025-03-28 14:31:03,215 - INFO: Loss: 0.170633
2025-03-28 14:31:03,215 - INFO: Training ROC-AUC: nan
2025-03-28 14:31:03,215 - INFO: Validation ROC-AUC: 0.883490
2025-03-28 14:31:16,466 - INFO: Evaluating at iteration 8889
2025-03-28 14:31:17,737 - INFO: Loss: 0.290645
2025-03-28 14:31:17,737 - INFO: Training ROC-AUC: 0.816092
2025-03-28 14:31:17,737 - INFO: Validation ROC-AUC: 0.884447
2025-03-28 14:31:30,758 - INFO: Evaluating at iteration 9389
2025-03-28 14:31:32,095 - INFO: Loss: 0.421304
2025-03-28 14:31:32,095 - INFO: Training ROC-AUC: 0.927083
2025-03-28 14:31:32,095 - INFO: Validation ROC-AUC: 0.885252
2025-03-28 14:31:45,327 - INFO: Evaluating at iteration 9889
2025-03-28 14:31:46,630 - INFO: Loss: 0.219766
2025-03-28 14:31:46,630 - INFO: Training ROC-AUC: 0.942529
2025-03-28 14:31:46,630 - INFO: Validation ROC-AUC: 0.888073
2025-03-28 14:31:59,717 - INFO: Evaluating at iteration 10389
2025-03-28 14:32:00,991 - INFO: Loss: 0.240730
2025-03-28 14:32:00,991 - INFO: Training ROC-AUC: 0.875000
2025-03-28 14:32:00,991 - INFO: Validation ROC-AUC: 0.890179
2025-03-28 14:32:03,517 - INFO: Starting epoch 6
2025-03-28 14:32:03,544 - INFO: Evaluating at iteration 10486
2025-03-28 14:32:04,902 - INFO: Loss: 0.308963
2025-03-28 14:32:04,902 - INFO: Training ROC-AUC: 0.807407
2025-03-28 14:32:04,902 - INFO: Validation ROC-AUC: 0.890374
2025-03-28 14:32:18,071 - INFO: Evaluating at iteration 10986
2025-03-28 14:32:19,464 - INFO: Loss: 0.145376
2025-03-28 14:32:19,465 - INFO: Training ROC-AUC: 0.866667
2025-03-28 14:32:19,465 - INFO: Validation ROC-AUC: 0.891497
2025-03-28 14:32:32,665 - INFO: Evaluating at iteration 11486
2025-03-28 14:32:34,012 - INFO: Loss: 0.189122
2025-03-28 14:32:34,012 - INFO: Training ROC-AUC: 0.993590
2025-03-28 14:32:34,012 - INFO: Validation ROC-AUC: 0.889089
2025-03-28 14:32:47,148 - INFO: Evaluating at iteration 11986
2025-03-28 14:32:48,464 - INFO: Loss: 0.276886
2025-03-28 14:32:48,464 - INFO: Training ROC-AUC: 0.910256
2025-03-28 14:32:48,464 - INFO: Validation ROC-AUC: 0.891534
2025-03-28 14:33:01,461 - INFO: Evaluating at iteration 12486
2025-03-28 14:33:02,829 - INFO: Loss: 0.265342
2025-03-28 14:33:02,829 - INFO: Training ROC-AUC: 0.897436
2025-03-28 14:33:02,829 - INFO: Validation ROC-AUC: 0.893436
2025-03-28 14:33:05,358 - INFO: Starting epoch 7
2025-03-28 14:33:05,385 - INFO: Evaluating at iteration 12583
2025-03-28 14:33:06,752 - INFO: Loss: 0.316369
2025-03-28 14:33:06,752 - INFO: Training ROC-AUC: 0.829630
2025-03-28 14:33:06,752 - INFO: Validation ROC-AUC: 0.892433
2025-03-28 14:33:19,896 - INFO: Evaluating at iteration 13083
2025-03-28 14:33:21,203 - INFO: Loss: 0.199699
2025-03-28 14:33:21,203 - INFO: Training ROC-AUC: 0.994286
2025-03-28 14:33:21,203 - INFO: Validation ROC-AUC: 0.892462
2025-03-28 14:33:34,236 - INFO: Evaluating at iteration 13583
2025-03-28 14:33:35,599 - INFO: Loss: 0.149734
2025-03-28 14:33:35,599 - INFO: Training ROC-AUC: 0.982143
2025-03-28 14:33:35,599 - INFO: Validation ROC-AUC: 0.893450
2025-03-28 14:33:48,847 - INFO: Evaluating at iteration 14083
2025-03-28 14:33:50,215 - INFO: Loss: 0.168425
2025-03-28 14:33:50,215 - INFO: Training ROC-AUC: 0.955556
2025-03-28 14:33:50,215 - INFO: Validation ROC-AUC: 0.893898
2025-03-28 14:34:03,306 - INFO: Evaluating at iteration 14583
2025-03-28 14:34:04,641 - INFO: Loss: 0.292938
2025-03-28 14:34:04,641 - INFO: Training ROC-AUC: 0.874286
2025-03-28 14:34:04,641 - INFO: Validation ROC-AUC: 0.895265
2025-03-28 14:34:07,157 - INFO: Starting epoch 8
2025-03-28 14:34:07,185 - INFO: Evaluating at iteration 14680
2025-03-28 14:34:08,484 - INFO: Loss: 0.268552
2025-03-28 14:34:08,484 - INFO: Training ROC-AUC: 0.781609
2025-03-28 14:34:08,484 - INFO: Validation ROC-AUC: 0.895583
2025-03-28 14:34:21,750 - INFO: Evaluating at iteration 15180
2025-03-28 14:34:23,102 - INFO: Loss: 0.201446
2025-03-28 14:34:23,102 - INFO: Training ROC-AUC: 0.933333
2025-03-28 14:34:23,102 - INFO: Validation ROC-AUC: 0.895798
2025-03-28 14:34:36,227 - INFO: Evaluating at iteration 15680
2025-03-28 14:34:37,568 - INFO: Loss: 0.257145
2025-03-28 14:34:37,568 - INFO: Training ROC-AUC: 0.942308
2025-03-28 14:34:37,568 - INFO: Validation ROC-AUC: 0.896430
2025-03-28 14:34:50,795 - INFO: Evaluating at iteration 16180
2025-03-28 14:34:52,093 - INFO: Loss: 0.469075
2025-03-28 14:34:52,093 - INFO: Training ROC-AUC: 0.822917
2025-03-28 14:34:52,093 - INFO: Validation ROC-AUC: 0.896101
2025-03-28 14:35:05,240 - INFO: Evaluating at iteration 16680
2025-03-28 14:35:06,613 - INFO: Loss: 0.237896
2025-03-28 14:35:06,613 - INFO: Training ROC-AUC: 0.883929
2025-03-28 14:35:06,613 - INFO: Validation ROC-AUC: 0.897345
2025-03-28 14:35:09,391 - INFO: Starting epoch 9
2025-03-28 14:35:09,418 - INFO: Evaluating at iteration 16777
2025-03-28 14:35:10,775 - INFO: Loss: 0.323872
2025-03-28 14:35:10,775 - INFO: Training ROC-AUC: 0.902857
2025-03-28 14:35:10,775 - INFO: Validation ROC-AUC: 0.895615
2025-03-28 14:35:24,203 - INFO: Evaluating at iteration 17277
2025-03-28 14:35:25,524 - INFO: Loss: 0.163996
2025-03-28 14:35:25,524 - INFO: Training ROC-AUC: 0.977778
2025-03-28 14:35:25,524 - INFO: Validation ROC-AUC: 0.896268
2025-03-28 14:35:38,693 - INFO: Evaluating at iteration 17777
2025-03-28 14:35:40,026 - INFO: Loss: 0.268074
2025-03-28 14:35:40,026 - INFO: Training ROC-AUC: 0.918519
2025-03-28 14:35:40,026 - INFO: Validation ROC-AUC: 0.897863
2025-03-28 14:35:53,306 - INFO: Evaluating at iteration 18277
2025-03-28 14:35:54,621 - INFO: Loss: 0.294796
2025-03-28 14:35:54,622 - INFO: Training ROC-AUC: 0.880000
2025-03-28 14:35:54,622 - INFO: Validation ROC-AUC: 0.897650
2025-03-28 14:36:08,011 - INFO: Evaluating at iteration 18777
2025-03-28 14:36:09,325 - INFO: Loss: 0.209743
2025-03-28 14:36:09,325 - INFO: Training ROC-AUC: 0.958333
2025-03-28 14:36:09,325 - INFO: Validation ROC-AUC: 0.900015
2025-03-28 14:36:11,878 - INFO: Starting epoch 10
2025-03-28 14:36:11,905 - INFO: Evaluating at iteration 18874
2025-03-28 14:36:13,223 - INFO: Loss: 0.163026
2025-03-28 14:36:13,223 - INFO: Training ROC-AUC: 0.833333
2025-03-28 14:36:13,223 - INFO: Validation ROC-AUC: 0.899714
2025-03-28 14:36:26,738 - INFO: Evaluating at iteration 19374
2025-03-28 14:36:28,062 - INFO: Loss: 0.127232
2025-03-28 14:36:28,062 - INFO: Training ROC-AUC: 1.000000
2025-03-28 14:36:28,062 - INFO: Validation ROC-AUC: 0.899350
2025-03-28 14:36:41,327 - INFO: Evaluating at iteration 19874
2025-03-28 14:36:42,687 - INFO: Loss: 0.204702
2025-03-28 14:36:42,687 - INFO: Training ROC-AUC: 0.873563
2025-03-28 14:36:42,688 - INFO: Validation ROC-AUC: 0.900833
2025-03-28 14:36:55,966 - INFO: Evaluating at iteration 20374
2025-03-28 14:36:57,312 - INFO: Loss: 0.231617
2025-03-28 14:36:57,312 - INFO: Training ROC-AUC: 0.919643
2025-03-28 14:36:57,312 - INFO: Validation ROC-AUC: 0.901203
2025-03-28 14:37:10,807 - INFO: Evaluating at iteration 20874
2025-03-28 14:37:12,111 - INFO: Loss: 0.159584
2025-03-28 14:37:12,111 - INFO: Training ROC-AUC: 0.925926
2025-03-28 14:37:12,111 - INFO: Validation ROC-AUC: 0.902205
2025-03-28 14:37:14,750 - INFO: Starting epoch 11
2025-03-28 14:37:14,778 - INFO: Evaluating at iteration 20971
2025-03-28 14:37:16,094 - INFO: Loss: 0.175597
2025-03-28 14:37:16,094 - INFO: Training ROC-AUC: 0.954023
2025-03-28 14:37:16,094 - INFO: Validation ROC-AUC: 0.901861
2025-03-28 14:37:29,359 - INFO: Evaluating at iteration 21471
2025-03-28 14:37:30,685 - INFO: Loss: 0.127050
2025-03-28 14:37:30,685 - INFO: Training ROC-AUC: 0.983333
2025-03-28 14:37:30,685 - INFO: Validation ROC-AUC: 0.901761
2025-03-28 14:37:44,048 - INFO: Evaluating at iteration 21971
2025-03-28 14:37:45,403 - INFO: Loss: 0.254354
2025-03-28 14:37:45,403 - INFO: Training ROC-AUC: 0.896296
2025-03-28 14:37:45,403 - INFO: Validation ROC-AUC: 0.900217
2025-03-28 14:37:58,626 - INFO: Evaluating at iteration 22471
2025-03-28 14:37:59,941 - INFO: Loss: 0.187549
2025-03-28 14:37:59,941 - INFO: Training ROC-AUC: 0.970370
2025-03-28 14:37:59,941 - INFO: Validation ROC-AUC: 0.899723
2025-03-28 14:38:13,152 - INFO: Evaluating at iteration 22971
2025-03-28 14:38:14,531 - INFO: Loss: 0.118453
2025-03-28 14:38:14,531 - INFO: Training ROC-AUC: 0.991071
2025-03-28 14:38:14,531 - INFO: Validation ROC-AUC: 0.901035
2025-03-28 14:38:17,095 - INFO: Starting epoch 12
2025-03-28 14:38:17,122 - INFO: Evaluating at iteration 23068
2025-03-28 14:38:18,452 - INFO: Loss: 0.196624
2025-03-28 14:38:18,452 - INFO: Training ROC-AUC: 0.910714
2025-03-28 14:38:18,452 - INFO: Validation ROC-AUC: 0.902683
2025-03-28 14:38:31,793 - INFO: Evaluating at iteration 23568
2025-03-28 14:38:33,087 - INFO: Loss: 0.438778
2025-03-28 14:38:33,087 - INFO: Training ROC-AUC: 0.834286
2025-03-28 14:38:33,087 - INFO: Validation ROC-AUC: 0.901607
2025-03-28 14:38:46,466 - INFO: Evaluating at iteration 24068
2025-03-28 14:38:47,819 - INFO: Loss: 0.120651
2025-03-28 14:38:47,819 - INFO: Training ROC-AUC: 0.985185
2025-03-28 14:38:47,819 - INFO: Validation ROC-AUC: 0.902909
2025-03-28 14:39:01,098 - INFO: Evaluating at iteration 24568
2025-03-28 14:39:02,425 - INFO: Loss: 0.149302
2025-03-28 14:39:02,425 - INFO: Training ROC-AUC: 0.977778
2025-03-28 14:39:02,425 - INFO: Validation ROC-AUC: 0.902356
2025-03-28 14:39:15,676 - INFO: Evaluating at iteration 25068
2025-03-28 14:39:17,034 - INFO: Loss: 0.192511
2025-03-28 14:39:17,034 - INFO: Training ROC-AUC: 0.866667
2025-03-28 14:39:17,034 - INFO: Validation ROC-AUC: 0.900873
2025-03-28 14:39:19,606 - INFO: Starting epoch 13
2025-03-28 14:39:19,633 - INFO: Evaluating at iteration 25165
2025-03-28 14:39:20,956 - INFO: Loss: 0.170230
2025-03-28 14:39:20,956 - INFO: Training ROC-AUC: 0.900000
2025-03-28 14:39:20,956 - INFO: Validation ROC-AUC: 0.901975
2025-03-28 14:39:34,339 - INFO: Evaluating at iteration 25665
2025-03-28 14:39:35,653 - INFO: Loss: 0.199694
2025-03-28 14:39:35,653 - INFO: Training ROC-AUC: 0.983333
2025-03-28 14:39:35,653 - INFO: Validation ROC-AUC: 0.902473
2025-03-28 14:39:48,963 - INFO: Evaluating at iteration 26165
2025-03-28 14:39:50,234 - INFO: Loss: 0.157833
2025-03-28 14:39:50,234 - INFO: Training ROC-AUC: 0.919643
2025-03-28 14:39:50,235 - INFO: Validation ROC-AUC: 0.901799
2025-03-28 14:40:03,576 - INFO: Evaluating at iteration 26665
2025-03-28 14:40:04,896 - INFO: Loss: 0.309859
2025-03-28 14:40:04,896 - INFO: Training ROC-AUC: 0.846154
2025-03-28 14:40:04,896 - INFO: Validation ROC-AUC: 0.902283
2025-03-28 14:40:18,235 - INFO: Evaluating at iteration 27165
2025-03-28 14:40:19,600 - INFO: Loss: 0.230374
2025-03-28 14:40:19,600 - INFO: Training ROC-AUC: 0.830357
2025-03-28 14:40:19,600 - INFO: Validation ROC-AUC: 0.903642
2025-03-28 14:40:22,200 - INFO: Starting epoch 14
2025-03-28 14:40:22,228 - INFO: Evaluating at iteration 27262
2025-03-28 14:40:23,556 - INFO: Loss: 0.317001
2025-03-28 14:40:23,557 - INFO: Training ROC-AUC: 0.917874
2025-03-28 14:40:23,557 - INFO: Validation ROC-AUC: 0.903854
2025-03-28 14:40:36,934 - INFO: Evaluating at iteration 27762
2025-03-28 14:40:38,283 - INFO: Loss: 0.185371
2025-03-28 14:40:38,283 - INFO: Training ROC-AUC: 0.919540
2025-03-28 14:40:38,283 - INFO: Validation ROC-AUC: 0.901886
2025-03-28 14:40:51,642 - INFO: Evaluating at iteration 28262
2025-03-28 14:40:52,944 - INFO: Loss: 0.185919
2025-03-28 14:40:52,944 - INFO: Training ROC-AUC: 0.948148
2025-03-28 14:40:52,944 - INFO: Validation ROC-AUC: 0.902875
2025-03-28 14:41:06,629 - INFO: Evaluating at iteration 28762
2025-03-28 14:41:08,016 - INFO: Loss: 0.218794
2025-03-28 14:41:08,016 - INFO: Training ROC-AUC: 0.987179
2025-03-28 14:41:08,016 - INFO: Validation ROC-AUC: 0.899711
2025-03-28 14:41:21,466 - INFO: Evaluating at iteration 29262
2025-03-28 14:41:22,820 - INFO: Loss: 0.192549
2025-03-28 14:41:22,820 - INFO: Training ROC-AUC: 0.942308
2025-03-28 14:41:22,820 - INFO: Validation ROC-AUC: 0.903842
2025-03-28 14:41:25,403 - INFO: Starting epoch 15
2025-03-28 14:41:25,430 - INFO: Evaluating at iteration 29359
2025-03-28 14:41:26,780 - INFO: Loss: 0.286286
2025-03-28 14:41:26,780 - INFO: Training ROC-AUC: 0.948571
2025-03-28 14:41:26,780 - INFO: Validation ROC-AUC: 0.903134
2025-03-28 14:41:40,172 - INFO: Evaluating at iteration 29859
2025-03-28 14:41:41,499 - INFO: Loss: 0.082139
2025-03-28 14:41:41,499 - INFO: Training ROC-AUC: 1.000000
2025-03-28 14:41:41,499 - INFO: Validation ROC-AUC: 0.903150
2025-03-28 14:41:55,062 - INFO: Evaluating at iteration 30359
2025-03-28 14:41:56,343 - INFO: Loss: 0.108573
2025-03-28 14:41:56,343 - INFO: Training ROC-AUC: 1.000000
2025-03-28 14:41:56,343 - INFO: Validation ROC-AUC: 0.903286
2025-03-28 14:42:09,769 - INFO: Evaluating at iteration 30859
2025-03-28 14:42:11,080 - INFO: Loss: 0.218253
2025-03-28 14:42:11,080 - INFO: Training ROC-AUC: 0.888889
2025-03-28 14:42:11,081 - INFO: Validation ROC-AUC: 0.902910
2025-03-28 14:42:24,594 - INFO: Evaluating at iteration 31359
2025-03-28 14:42:25,964 - INFO: Loss: 0.209190
2025-03-28 14:42:25,964 - INFO: Training ROC-AUC: 0.919540
2025-03-28 14:42:25,964 - INFO: Validation ROC-AUC: 0.902730
2025-03-28 14:42:28,584 - INFO: Starting epoch 16
2025-03-28 14:42:28,611 - INFO: Evaluating at iteration 31456
2025-03-28 14:42:29,928 - INFO: Loss: 0.327297
2025-03-28 14:42:29,928 - INFO: Training ROC-AUC: 0.767857
2025-03-28 14:42:29,928 - INFO: Validation ROC-AUC: 0.903292
2025-03-28 14:42:43,504 - INFO: Evaluating at iteration 31956
2025-03-28 14:42:44,877 - INFO: Loss: 0.179286
2025-03-28 14:42:44,877 - INFO: Training ROC-AUC: 0.988571
2025-03-28 14:42:44,877 - INFO: Validation ROC-AUC: 0.903369
2025-03-28 14:42:58,608 - INFO: Evaluating at iteration 32456
2025-03-28 14:42:59,950 - INFO: Loss: 0.308818
2025-03-28 14:42:59,950 - INFO: Training ROC-AUC: 0.925714
2025-03-28 14:42:59,950 - INFO: Validation ROC-AUC: 0.902620
2025-03-28 14:43:13,509 - INFO: Evaluating at iteration 32956
2025-03-28 14:43:14,988 - INFO: Loss: 0.110878
2025-03-28 14:43:14,988 - INFO: Training ROC-AUC: 1.000000
2025-03-28 14:43:14,988 - INFO: Validation ROC-AUC: 0.903260
2025-03-28 14:43:28,468 - INFO: Evaluating at iteration 33456
2025-03-28 14:43:29,840 - INFO: Loss: 0.192153
2025-03-28 14:43:29,840 - INFO: Training ROC-AUC: 0.896552
2025-03-28 14:43:29,840 - INFO: Validation ROC-AUC: 0.903753
2025-03-28 14:43:32,459 - INFO: Starting epoch 17
2025-03-28 14:43:32,490 - INFO: Evaluating at iteration 33553
2025-03-28 14:43:33,845 - INFO: Loss: 0.223106
2025-03-28 14:43:33,845 - INFO: Training ROC-AUC: 0.925714
2025-03-28 14:43:33,845 - INFO: Validation ROC-AUC: 0.903655
2025-03-28 14:43:47,446 - INFO: Evaluating at iteration 34053
2025-03-28 14:43:48,759 - INFO: Loss: 0.173907
2025-03-28 14:43:48,759 - INFO: Training ROC-AUC: 0.967949
2025-03-28 14:43:48,759 - INFO: Validation ROC-AUC: 0.903005
2025-03-28 14:44:02,464 - INFO: Evaluating at iteration 34553
2025-03-28 14:44:03,818 - INFO: Loss: 0.149053
2025-03-28 14:44:03,818 - INFO: Training ROC-AUC: 0.973214
2025-03-28 14:44:03,818 - INFO: Validation ROC-AUC: 0.902869
2025-03-28 14:44:17,928 - INFO: Evaluating at iteration 35053
2025-03-28 14:44:19,313 - INFO: Loss: 0.268548
2025-03-28 14:44:19,313 - INFO: Training ROC-AUC: 0.937143
2025-03-28 14:44:19,313 - INFO: Validation ROC-AUC: 0.903667
2025-03-28 14:44:33,020 - INFO: Evaluating at iteration 35553
2025-03-28 14:44:34,354 - INFO: Loss: 0.118087
2025-03-28 14:44:34,354 - INFO: Training ROC-AUC: 1.000000
2025-03-28 14:44:34,354 - INFO: Validation ROC-AUC: 0.903565
2025-03-28 14:44:36,973 - INFO: Starting epoch 18
2025-03-28 14:44:37,004 - INFO: Evaluating at iteration 35650
2025-03-28 14:44:38,335 - INFO: Loss: 0.108982
2025-03-28 14:44:38,335 - INFO: Training ROC-AUC: 1.000000
2025-03-28 14:44:38,335 - INFO: Validation ROC-AUC: 0.903094
2025-03-28 14:44:52,100 - INFO: Evaluating at iteration 36150
2025-03-28 14:44:53,450 - INFO: Loss: 0.174456
2025-03-28 14:44:53,450 - INFO: Training ROC-AUC: 0.980769
2025-03-28 14:44:53,450 - INFO: Validation ROC-AUC: 0.903009
2025-03-28 14:45:07,252 - INFO: Evaluating at iteration 36650
2025-03-28 14:45:08,557 - INFO: Loss: 0.075183
2025-03-28 14:45:08,557 - INFO: Training ROC-AUC: 1.000000
2025-03-28 14:45:08,557 - INFO: Validation ROC-AUC: 0.904234
2025-03-28 14:45:22,313 - INFO: Evaluating at iteration 37150
2025-03-28 14:45:23,650 - INFO: Loss: 0.261525
2025-03-28 14:45:23,650 - INFO: Training ROC-AUC: 0.942708
2025-03-28 14:45:23,650 - INFO: Validation ROC-AUC: 0.901554
2025-03-28 14:45:37,338 - INFO: Evaluating at iteration 37650
2025-03-28 14:45:38,629 - INFO: Loss: 0.288321
2025-03-28 14:45:38,629 - INFO: Training ROC-AUC: 0.953125
2025-03-28 14:45:38,629 - INFO: Validation ROC-AUC: 0.902274
2025-03-28 14:45:41,225 - INFO: Starting epoch 19
2025-03-28 14:45:41,252 - INFO: Evaluating at iteration 37747
2025-03-28 14:45:42,491 - INFO: Loss: 0.129123
2025-03-28 14:45:42,492 - INFO: Training ROC-AUC: 0.982143
2025-03-28 14:45:42,492 - INFO: Validation ROC-AUC: 0.903293
2025-03-28 14:45:56,254 - INFO: Evaluating at iteration 38247
2025-03-28 14:45:57,639 - INFO: Loss: 0.067253
2025-03-28 14:45:57,639 - INFO: Training ROC-AUC: 1.000000
2025-03-28 14:45:57,639 - INFO: Validation ROC-AUC: 0.902453
2025-03-28 14:46:11,599 - INFO: Evaluating at iteration 38747
2025-03-28 14:46:13,002 - INFO: Loss: 0.221400
2025-03-28 14:46:13,002 - INFO: Training ROC-AUC: 0.968750
2025-03-28 14:46:13,002 - INFO: Validation ROC-AUC: 0.902899
2025-03-28 14:46:26,898 - INFO: Evaluating at iteration 39247
2025-03-28 14:46:28,299 - INFO: Loss: 0.211715
2025-03-28 14:46:28,299 - INFO: Training ROC-AUC: 0.955128
2025-03-28 14:46:28,299 - INFO: Validation ROC-AUC: 0.902928
2025-03-28 14:46:42,149 - INFO: Evaluating at iteration 39747
2025-03-28 14:46:43,555 - INFO: Loss: 0.131766
2025-03-28 14:46:43,555 - INFO: Training ROC-AUC: 0.954023
2025-03-28 14:46:43,555 - INFO: Validation ROC-AUC: 0.902858
2025-03-28 14:46:46,248 - INFO: Starting epoch 20
2025-03-28 14:46:46,277 - INFO: Evaluating at iteration 39844
2025-03-28 14:46:47,645 - INFO: Loss: 0.182683
2025-03-28 14:46:47,645 - INFO: Training ROC-AUC: 0.967949
2025-03-28 14:46:47,645 - INFO: Validation ROC-AUC: 0.902587
2025-03-28 14:47:01,504 - INFO: Evaluating at iteration 40344
2025-03-28 14:47:02,794 - INFO: Loss: 0.116138
2025-03-28 14:47:02,794 - INFO: Training ROC-AUC: 0.992593
2025-03-28 14:47:02,794 - INFO: Validation ROC-AUC: 0.903942
2025-03-28 14:47:16,944 - INFO: Evaluating at iteration 40844
2025-03-28 14:47:18,336 - INFO: Loss: 0.225240
2025-03-28 14:47:18,336 - INFO: Training ROC-AUC: 0.929487
2025-03-28 14:47:18,336 - INFO: Validation ROC-AUC: 0.901936
2025-03-28 14:47:32,372 - INFO: Evaluating at iteration 41344
2025-03-28 14:47:33,731 - INFO: Loss: 0.191138
2025-03-28 14:47:33,731 - INFO: Training ROC-AUC: 0.980769
2025-03-28 14:47:33,731 - INFO: Validation ROC-AUC: 0.902909
2025-03-28 14:47:47,737 - INFO: Evaluating at iteration 41844
2025-03-28 14:47:49,003 - INFO: Loss: 0.262106
2025-03-28 14:47:49,003 - INFO: Training ROC-AUC: 0.931429
2025-03-28 14:47:49,003 - INFO: Validation ROC-AUC: 0.901977
2025-03-28 14:47:51,728 - INFO: Starting epoch 21
2025-03-28 14:47:51,757 - INFO: Evaluating at iteration 41941
2025-03-28 14:47:53,122 - INFO: Loss: 0.225490
2025-03-28 14:47:53,122 - INFO: Training ROC-AUC: 0.954286
2025-03-28 14:47:53,122 - INFO: Validation ROC-AUC: 0.902801
2025-03-28 14:48:07,137 - INFO: Evaluating at iteration 42441
2025-03-28 14:48:08,500 - INFO: Loss: 0.167608
2025-03-28 14:48:08,500 - INFO: Training ROC-AUC: 0.967949
2025-03-28 14:48:08,500 - INFO: Validation ROC-AUC: 0.902542
2025-03-28 14:48:22,568 - INFO: Evaluating at iteration 42941
2025-03-28 14:48:23,918 - INFO: Loss: 0.068650
2025-03-28 14:48:23,918 - INFO: Training ROC-AUC: 1.000000
2025-03-28 14:48:23,918 - INFO: Validation ROC-AUC: 0.903068
2025-03-28 14:48:37,929 - INFO: Evaluating at iteration 43441
2025-03-28 14:48:39,295 - INFO: Loss: 0.260927
2025-03-28 14:48:39,295 - INFO: Training ROC-AUC: 0.942308
2025-03-28 14:48:39,295 - INFO: Validation ROC-AUC: 0.902044
2025-03-28 14:48:53,429 - INFO: Evaluating at iteration 43941
2025-03-28 14:48:54,787 - INFO: Loss: 0.175851
2025-03-28 14:48:54,787 - INFO: Training ROC-AUC: 0.937143
2025-03-28 14:48:54,787 - INFO: Validation ROC-AUC: 0.901516
2025-03-28 14:48:57,492 - INFO: Starting epoch 22
2025-03-28 14:48:57,519 - INFO: Evaluating at iteration 44038
2025-03-28 14:48:58,929 - INFO: Loss: 0.208175
2025-03-28 14:48:58,929 - INFO: Training ROC-AUC: 0.963542
2025-03-28 14:48:58,929 - INFO: Validation ROC-AUC: 0.901897
2025-03-28 14:49:13,153 - INFO: Evaluating at iteration 44538
2025-03-28 14:49:14,504 - INFO: Loss: 0.204721
2025-03-28 14:49:14,504 - INFO: Training ROC-AUC: 0.925926
2025-03-28 14:49:14,504 - INFO: Validation ROC-AUC: 0.902831
2025-03-28 14:49:28,679 - INFO: Evaluating at iteration 45038
2025-03-28 14:49:30,026 - INFO: Loss: 0.086935
2025-03-28 14:49:30,027 - INFO: Training ROC-AUC: 1.000000
2025-03-28 14:49:30,027 - INFO: Validation ROC-AUC: 0.900773
2025-03-28 14:49:44,283 - INFO: Evaluating at iteration 45538
2025-03-28 14:49:45,603 - INFO: Loss: 0.117678
2025-03-28 14:49:45,603 - INFO: Training ROC-AUC: 1.000000
2025-03-28 14:49:45,603 - INFO: Validation ROC-AUC: 0.901271
2025-03-28 14:49:59,741 - INFO: Evaluating at iteration 46038
2025-03-28 14:50:01,069 - INFO: Loss: 0.141368
2025-03-28 14:50:01,069 - INFO: Training ROC-AUC: 0.974359
2025-03-28 14:50:01,069 - INFO: Validation ROC-AUC: 0.901904
2025-03-28 14:50:03,782 - INFO: Starting epoch 23
2025-03-28 14:50:03,812 - INFO: Evaluating at iteration 46135
2025-03-28 14:50:05,133 - INFO: Loss: 0.275864
2025-03-28 14:50:05,134 - INFO: Training ROC-AUC: 0.954545
2025-03-28 14:50:05,134 - INFO: Validation ROC-AUC: 0.902738
2025-03-28 14:50:19,607 - INFO: Evaluating at iteration 46635
2025-03-28 14:50:20,913 - INFO: Loss: 0.200235
2025-03-28 14:50:20,913 - INFO: Training ROC-AUC: 0.979167
2025-03-28 14:50:20,913 - INFO: Validation ROC-AUC: 0.901400
2025-03-28 14:50:35,054 - INFO: Evaluating at iteration 47135
2025-03-28 14:50:36,352 - INFO: Loss: 0.244812
2025-03-28 14:50:36,352 - INFO: Training ROC-AUC: 0.816092
2025-03-28 14:50:36,352 - INFO: Validation ROC-AUC: 0.902898
2025-03-28 14:50:50,600 - INFO: Evaluating at iteration 47635
2025-03-28 14:50:51,958 - INFO: Loss: 0.116314
2025-03-28 14:50:51,958 - INFO: Training ROC-AUC: nan
2025-03-28 14:50:51,958 - INFO: Validation ROC-AUC: 0.902140
2025-03-28 14:51:06,304 - INFO: Evaluating at iteration 48135
2025-03-28 14:51:07,729 - INFO: Loss: 0.269338
2025-03-28 14:51:07,729 - INFO: Training ROC-AUC: 0.891026
2025-03-28 14:51:07,729 - INFO: Validation ROC-AUC: 0.901702
2025-03-28 14:51:10,510 - INFO: Starting epoch 24
2025-03-28 14:51:10,537 - INFO: Evaluating at iteration 48232
2025-03-28 14:51:11,870 - INFO: Loss: 0.228039
2025-03-28 14:51:11,870 - INFO: Training ROC-AUC: 0.918519
2025-03-28 14:51:11,870 - INFO: Validation ROC-AUC: 0.902259
2025-03-28 14:51:26,128 - INFO: Evaluating at iteration 48732
2025-03-28 14:51:27,392 - INFO: Loss: 0.281840
2025-03-28 14:51:27,392 - INFO: Training ROC-AUC: 0.830357
2025-03-28 14:51:27,392 - INFO: Validation ROC-AUC: 0.901568
2025-03-28 14:51:41,573 - INFO: Evaluating at iteration 49232
2025-03-28 14:51:42,860 - INFO: Loss: 0.095085
2025-03-28 14:51:42,860 - INFO: Training ROC-AUC: 1.000000
2025-03-28 14:51:42,860 - INFO: Validation ROC-AUC: 0.900463
2025-03-28 14:51:57,108 - INFO: Evaluating at iteration 49732
2025-03-28 14:51:58,512 - INFO: Loss: 0.185313
2025-03-28 14:51:58,512 - INFO: Training ROC-AUC: 0.965714
2025-03-28 14:51:58,512 - INFO: Validation ROC-AUC: 0.900292
2025-03-28 14:52:12,731 - INFO: Evaluating at iteration 50232
2025-03-28 14:52:14,079 - INFO: Loss: 0.151894
2025-03-28 14:52:14,080 - INFO: Training ROC-AUC: 0.974359
2025-03-28 14:52:14,080 - INFO: Validation ROC-AUC: 0.900957
2025-03-28 14:52:16,842 - INFO: Starting epoch 25
2025-03-28 14:52:16,874 - INFO: Evaluating at iteration 50329
2025-03-28 14:52:18,234 - INFO: Loss: 0.094416
2025-03-28 14:52:18,234 - INFO: Training ROC-AUC: 0.988506
2025-03-28 14:52:18,234 - INFO: Validation ROC-AUC: 0.900071
2025-03-28 14:52:32,488 - INFO: Evaluating at iteration 50829
2025-03-28 14:52:33,879 - INFO: Loss: 0.234582
2025-03-28 14:52:33,880 - INFO: Training ROC-AUC: 0.948571
2025-03-28 14:52:33,880 - INFO: Validation ROC-AUC: 0.901008
2025-03-28 14:52:48,175 - INFO: Evaluating at iteration 51329
2025-03-28 14:52:49,528 - INFO: Loss: 0.188726
2025-03-28 14:52:49,528 - INFO: Training ROC-AUC: 0.962963
2025-03-28 14:52:49,528 - INFO: Validation ROC-AUC: 0.900165
2025-03-28 14:53:04,049 - INFO: Evaluating at iteration 51829
2025-03-28 14:53:05,401 - INFO: Loss: 0.136282
2025-03-28 14:53:05,401 - INFO: Training ROC-AUC: 0.985185
2025-03-28 14:53:05,401 - INFO: Validation ROC-AUC: 0.900043
2025-03-28 14:53:19,968 - INFO: Evaluating at iteration 52329
2025-03-28 14:53:21,282 - INFO: Loss: 0.129421
2025-03-28 14:53:21,282 - INFO: Training ROC-AUC: 1.000000
2025-03-28 14:53:21,282 - INFO: Validation ROC-AUC: 0.900945
2025-03-28 14:53:24,083 - INFO: Saving model to models/TCRStructMap_tcr_levenshtein_split/model_1.pt
2025-03-28 14:53:24,097 - INFO: Starting fold 2
2025-03-28 14:53:24,098 - INFO: Initialising model
2025-03-28 14:53:24,110 - INFO: Starting training
2025-03-28 14:53:24,110 - INFO: Starting epoch 1
2025-03-28 14:53:24,139 - INFO: Evaluating at iteration 1
2025-03-28 14:53:25,531 - INFO: Loss: 0.701180
2025-03-28 14:53:25,531 - INFO: Training ROC-AUC: 0.434783
2025-03-28 14:53:25,531 - INFO: Validation ROC-AUC: 0.494094
2025-03-28 14:53:38,381 - INFO: Evaluating at iteration 501
2025-03-28 14:53:39,790 - INFO: Loss: 0.373672
2025-03-28 14:53:39,790 - INFO: Training ROC-AUC: 0.814815
2025-03-28 14:53:39,790 - INFO: Validation ROC-AUC: 0.615377
2025-03-28 14:53:52,883 - INFO: Evaluating at iteration 1001
2025-03-28 14:53:54,210 - INFO: Loss: 0.362352
2025-03-28 14:53:54,210 - INFO: Training ROC-AUC: 0.750000
2025-03-28 14:53:54,210 - INFO: Validation ROC-AUC: 0.633386
2025-03-28 14:54:07,448 - INFO: Evaluating at iteration 1501
2025-03-28 14:54:08,845 - INFO: Loss: 0.520641
2025-03-28 14:54:08,845 - INFO: Training ROC-AUC: 0.708571
2025-03-28 14:54:08,846 - INFO: Validation ROC-AUC: 0.665245
2025-03-28 14:54:21,918 - INFO: Evaluating at iteration 2001
2025-03-28 14:54:23,275 - INFO: Loss: 0.372163
2025-03-28 14:54:23,276 - INFO: Training ROC-AUC: 0.644444
2025-03-28 14:54:23,276 - INFO: Validation ROC-AUC: 0.788186
2025-03-28 14:54:25,454 - INFO: Starting epoch 2
2025-03-28 14:54:25,482 - INFO: Evaluating at iteration 2086
2025-03-28 14:54:26,872 - INFO: Loss: 0.418792
2025-03-28 14:54:26,872 - INFO: Training ROC-AUC: 0.756410
2025-03-28 14:54:26,872 - INFO: Validation ROC-AUC: 0.787723
2025-03-28 14:54:39,920 - INFO: Evaluating at iteration 2586
2025-03-28 14:54:41,274 - INFO: Loss: 0.369338
2025-03-28 14:54:41,275 - INFO: Training ROC-AUC: 0.807692
2025-03-28 14:54:41,275 - INFO: Validation ROC-AUC: 0.794496
2025-03-28 14:54:54,468 - INFO: Evaluating at iteration 3086
2025-03-28 14:54:55,813 - INFO: Loss: 0.437032
2025-03-28 14:54:55,814 - INFO: Training ROC-AUC: 0.777143
2025-03-28 14:54:55,814 - INFO: Validation ROC-AUC: 0.809752
2025-03-28 14:55:09,032 - INFO: Evaluating at iteration 3586
2025-03-28 14:55:10,462 - INFO: Loss: 0.307312
2025-03-28 14:55:10,462 - INFO: Training ROC-AUC: 0.916667
2025-03-28 14:55:10,462 - INFO: Validation ROC-AUC: 0.819666
2025-03-28 14:55:23,773 - INFO: Evaluating at iteration 4086
2025-03-28 14:55:25,157 - INFO: Loss: 0.375814
2025-03-28 14:55:25,158 - INFO: Training ROC-AUC: 0.857143
2025-03-28 14:55:25,158 - INFO: Validation ROC-AUC: 0.829721
2025-03-28 14:55:27,356 - INFO: Starting epoch 3
2025-03-28 14:55:27,383 - INFO: Evaluating at iteration 4171
2025-03-28 14:55:28,765 - INFO: Loss: 0.263559
2025-03-28 14:55:28,765 - INFO: Training ROC-AUC: 0.883929
2025-03-28 14:55:28,765 - INFO: Validation ROC-AUC: 0.833394
2025-03-28 14:55:41,818 - INFO: Evaluating at iteration 4671
2025-03-28 14:55:43,168 - INFO: Loss: 0.215320
2025-03-28 14:55:43,168 - INFO: Training ROC-AUC: 0.750000
2025-03-28 14:55:43,168 - INFO: Validation ROC-AUC: 0.836175
2025-03-28 14:55:56,442 - INFO: Evaluating at iteration 5171
2025-03-28 14:55:57,872 - INFO: Loss: 0.422504
2025-03-28 14:55:57,872 - INFO: Training ROC-AUC: 0.685897
2025-03-28 14:55:57,872 - INFO: Validation ROC-AUC: 0.841355
2025-03-28 14:56:11,127 - INFO: Evaluating at iteration 5671
2025-03-28 14:56:12,473 - INFO: Loss: 0.268691
2025-03-28 14:56:12,473 - INFO: Training ROC-AUC: 0.747126
2025-03-28 14:56:12,473 - INFO: Validation ROC-AUC: 0.848546
2025-03-28 14:56:25,741 - INFO: Evaluating at iteration 6171
2025-03-28 14:56:27,136 - INFO: Loss: 0.299496
2025-03-28 14:56:27,136 - INFO: Training ROC-AUC: 0.839286
2025-03-28 14:56:27,136 - INFO: Validation ROC-AUC: 0.847149
2025-03-28 14:56:29,394 - INFO: Starting epoch 4
2025-03-28 14:56:29,421 - INFO: Evaluating at iteration 6256
2025-03-28 14:56:30,767 - INFO: Loss: 0.313623
2025-03-28 14:56:30,767 - INFO: Training ROC-AUC: 0.864583
2025-03-28 14:56:30,767 - INFO: Validation ROC-AUC: 0.850863
2025-03-28 14:56:43,876 - INFO: Evaluating at iteration 6756
2025-03-28 14:56:45,229 - INFO: Loss: 0.378770
2025-03-28 14:56:45,229 - INFO: Training ROC-AUC: 0.811429
2025-03-28 14:56:45,229 - INFO: Validation ROC-AUC: 0.853852
2025-03-28 14:56:58,486 - INFO: Evaluating at iteration 7256
2025-03-28 14:56:59,890 - INFO: Loss: 0.277242
2025-03-28 14:56:59,890 - INFO: Training ROC-AUC: 0.906250
2025-03-28 14:56:59,890 - INFO: Validation ROC-AUC: 0.858453
2025-03-28 14:57:13,105 - INFO: Evaluating at iteration 7756
2025-03-28 14:57:14,523 - INFO: Loss: 0.313503
2025-03-28 14:57:14,523 - INFO: Training ROC-AUC: 0.750000
2025-03-28 14:57:14,523 - INFO: Validation ROC-AUC: 0.858926
2025-03-28 14:57:27,692 - INFO: Evaluating at iteration 8256
2025-03-28 14:57:29,098 - INFO: Loss: 0.252674
2025-03-28 14:57:29,099 - INFO: Training ROC-AUC: 0.848214
2025-03-28 14:57:29,099 - INFO: Validation ROC-AUC: 0.863381
2025-03-28 14:57:31,436 - INFO: Starting epoch 5
2025-03-28 14:57:31,463 - INFO: Evaluating at iteration 8341
2025-03-28 14:57:32,851 - INFO: Loss: 0.254627
2025-03-28 14:57:32,851 - INFO: Training ROC-AUC: 0.897436
2025-03-28 14:57:32,851 - INFO: Validation ROC-AUC: 0.861463
2025-03-28 14:57:46,763 - INFO: Evaluating at iteration 8841
2025-03-28 14:57:48,163 - INFO: Loss: 0.243099
2025-03-28 14:57:48,163 - INFO: Training ROC-AUC: 0.862069
2025-03-28 14:57:48,163 - INFO: Validation ROC-AUC: 0.863369
2025-03-28 14:58:01,352 - INFO: Evaluating at iteration 9341
2025-03-28 14:58:02,736 - INFO: Loss: 0.336720
2025-03-28 14:58:02,736 - INFO: Training ROC-AUC: 0.891429
2025-03-28 14:58:02,736 - INFO: Validation ROC-AUC: 0.867170
2025-03-28 14:58:16,032 - INFO: Evaluating at iteration 9841
2025-03-28 14:58:17,419 - INFO: Loss: 0.311233
2025-03-28 14:58:17,419 - INFO: Training ROC-AUC: 0.942708
2025-03-28 14:58:17,419 - INFO: Validation ROC-AUC: 0.867425
2025-03-28 14:58:30,708 - INFO: Evaluating at iteration 10341
2025-03-28 14:58:32,122 - INFO: Loss: 0.221767
2025-03-28 14:58:32,122 - INFO: Training ROC-AUC: 0.987179
2025-03-28 14:58:32,123 - INFO: Validation ROC-AUC: 0.867294
2025-03-28 14:58:34,383 - INFO: Starting epoch 6
2025-03-28 14:58:34,410 - INFO: Evaluating at iteration 10426
2025-03-28 14:58:35,744 - INFO: Loss: 0.280668
2025-03-28 14:58:35,744 - INFO: Training ROC-AUC: 0.747126
2025-03-28 14:58:35,744 - INFO: Validation ROC-AUC: 0.867917
2025-03-28 14:58:48,955 - INFO: Evaluating at iteration 10926
2025-03-28 14:58:50,276 - INFO: Loss: 0.299632
2025-03-28 14:58:50,276 - INFO: Training ROC-AUC: 0.946860
2025-03-28 14:58:50,276 - INFO: Validation ROC-AUC: 0.866604
2025-03-28 14:59:03,506 - INFO: Evaluating at iteration 11426
2025-03-28 14:59:04,893 - INFO: Loss: 0.318237
2025-03-28 14:59:04,893 - INFO: Training ROC-AUC: 0.862857
2025-03-28 14:59:04,893 - INFO: Validation ROC-AUC: 0.870263
2025-03-28 14:59:18,159 - INFO: Evaluating at iteration 11926
2025-03-28 14:59:19,503 - INFO: Loss: 0.259654
2025-03-28 14:59:19,503 - INFO: Training ROC-AUC: 0.921875
2025-03-28 14:59:19,503 - INFO: Validation ROC-AUC: 0.874443
2025-03-28 14:59:32,819 - INFO: Evaluating at iteration 12426
2025-03-28 14:59:34,255 - INFO: Loss: 0.189751
2025-03-28 14:59:34,255 - INFO: Training ROC-AUC: 0.901786
2025-03-28 14:59:34,255 - INFO: Validation ROC-AUC: 0.875031
2025-03-28 14:59:36,545 - INFO: Starting epoch 7
2025-03-28 14:59:36,572 - INFO: Evaluating at iteration 12511
2025-03-28 14:59:38,006 - INFO: Loss: 0.245899
2025-03-28 14:59:38,006 - INFO: Training ROC-AUC: 0.903846
2025-03-28 14:59:38,006 - INFO: Validation ROC-AUC: 0.876523
2025-03-28 14:59:51,267 - INFO: Evaluating at iteration 13011
2025-03-28 14:59:52,600 - INFO: Loss: 0.192453
2025-03-28 14:59:52,600 - INFO: Training ROC-AUC: 0.985185
2025-03-28 14:59:52,601 - INFO: Validation ROC-AUC: 0.875085
2025-03-28 15:00:05,957 - INFO: Evaluating at iteration 13511
2025-03-28 15:00:07,378 - INFO: Loss: 0.186186
2025-03-28 15:00:07,379 - INFO: Training ROC-AUC: 0.965714
2025-03-28 15:00:07,379 - INFO: Validation ROC-AUC: 0.876811
2025-03-28 15:00:20,791 - INFO: Evaluating at iteration 14011
2025-03-28 15:00:22,212 - INFO: Loss: 0.115253
2025-03-28 15:00:22,212 - INFO: Training ROC-AUC: 0.987179
2025-03-28 15:00:22,212 - INFO: Validation ROC-AUC: 0.878673
2025-03-28 15:00:35,468 - INFO: Evaluating at iteration 14511
2025-03-28 15:00:36,873 - INFO: Loss: 0.293743
2025-03-28 15:00:36,873 - INFO: Training ROC-AUC: 0.866667
2025-03-28 15:00:36,873 - INFO: Validation ROC-AUC: 0.877018
2025-03-28 15:00:39,093 - INFO: Starting epoch 8
2025-03-28 15:00:39,119 - INFO: Evaluating at iteration 14596
2025-03-28 15:00:40,447 - INFO: Loss: 0.286969
2025-03-28 15:00:40,447 - INFO: Training ROC-AUC: 0.910256
2025-03-28 15:00:40,447 - INFO: Validation ROC-AUC: 0.877236
2025-03-28 15:00:54,209 - INFO: Evaluating at iteration 15096
2025-03-28 15:00:55,581 - INFO: Loss: 0.119461
2025-03-28 15:00:55,581 - INFO: Training ROC-AUC: 1.000000
2025-03-28 15:00:55,581 - INFO: Validation ROC-AUC: 0.879794
2025-03-28 15:01:08,868 - INFO: Evaluating at iteration 15596
2025-03-28 15:01:10,260 - INFO: Loss: 0.315578
2025-03-28 15:01:10,260 - INFO: Training ROC-AUC: 0.803571
2025-03-28 15:01:10,260 - INFO: Validation ROC-AUC: 0.877813
2025-03-28 15:01:23,590 - INFO: Evaluating at iteration 16096
2025-03-28 15:01:25,014 - INFO: Loss: 0.188162
2025-03-28 15:01:25,014 - INFO: Training ROC-AUC: 0.946429
2025-03-28 15:01:25,014 - INFO: Validation ROC-AUC: 0.880078
2025-03-28 15:01:38,471 - INFO: Evaluating at iteration 16596
2025-03-28 15:01:39,813 - INFO: Loss: 0.249463
2025-03-28 15:01:39,813 - INFO: Training ROC-AUC: 0.903704
2025-03-28 15:01:39,813 - INFO: Validation ROC-AUC: 0.881551
2025-03-28 15:01:42,055 - INFO: Starting epoch 9
2025-03-28 15:01:42,083 - INFO: Evaluating at iteration 16681
2025-03-28 15:01:43,462 - INFO: Loss: 0.283099
2025-03-28 15:01:43,462 - INFO: Training ROC-AUC: 0.931429
2025-03-28 15:01:43,462 - INFO: Validation ROC-AUC: 0.881650
2025-03-28 15:01:56,807 - INFO: Evaluating at iteration 17181
2025-03-28 15:01:58,224 - INFO: Loss: 0.292595
2025-03-28 15:01:58,224 - INFO: Training ROC-AUC: 0.954286
2025-03-28 15:01:58,224 - INFO: Validation ROC-AUC: 0.879348
2025-03-28 15:02:11,479 - INFO: Evaluating at iteration 17681
2025-03-28 15:02:12,876 - INFO: Loss: 0.115687
2025-03-28 15:02:12,876 - INFO: Training ROC-AUC: 0.991071
2025-03-28 15:02:12,876 - INFO: Validation ROC-AUC: 0.880616
2025-03-28 15:02:26,248 - INFO: Evaluating at iteration 18181
2025-03-28 15:02:27,645 - INFO: Loss: 0.375768
2025-03-28 15:02:27,645 - INFO: Training ROC-AUC: 0.845714
2025-03-28 15:02:27,645 - INFO: Validation ROC-AUC: 0.882532
2025-03-28 15:02:41,109 - INFO: Evaluating at iteration 18681
2025-03-28 15:02:42,459 - INFO: Loss: 0.220700
2025-03-28 15:02:42,459 - INFO: Training ROC-AUC: 0.929487
2025-03-28 15:02:42,459 - INFO: Validation ROC-AUC: 0.880543
2025-03-28 15:02:44,770 - INFO: Starting epoch 10
2025-03-28 15:02:44,797 - INFO: Evaluating at iteration 18766
2025-03-28 15:02:46,198 - INFO: Loss: 0.234828
2025-03-28 15:02:46,198 - INFO: Training ROC-AUC: 0.866071
2025-03-28 15:02:46,198 - INFO: Validation ROC-AUC: 0.880572
2025-03-28 15:02:59,593 - INFO: Evaluating at iteration 19266
2025-03-28 15:03:00,922 - INFO: Loss: 0.114950
2025-03-28 15:03:00,922 - INFO: Training ROC-AUC: 1.000000
2025-03-28 15:03:00,922 - INFO: Validation ROC-AUC: 0.878531
2025-03-28 15:03:14,380 - INFO: Evaluating at iteration 19766
2025-03-28 15:03:15,717 - INFO: Loss: 0.260794
2025-03-28 15:03:15,717 - INFO: Training ROC-AUC: 0.851852
2025-03-28 15:03:15,717 - INFO: Validation ROC-AUC: 0.882540
2025-03-28 15:03:29,218 - INFO: Evaluating at iteration 20266
2025-03-28 15:03:30,631 - INFO: Loss: 0.203968
2025-03-28 15:03:30,631 - INFO: Training ROC-AUC: 0.903704
2025-03-28 15:03:30,631 - INFO: Validation ROC-AUC: 0.882339
2025-03-28 15:03:44,015 - INFO: Evaluating at iteration 20766
2025-03-28 15:03:45,366 - INFO: Loss: 0.409892
2025-03-28 15:03:45,366 - INFO: Training ROC-AUC: 0.800000
2025-03-28 15:03:45,366 - INFO: Validation ROC-AUC: 0.881208
2025-03-28 15:03:47,632 - INFO: Starting epoch 11
2025-03-28 15:03:47,660 - INFO: Evaluating at iteration 20851
2025-03-28 15:03:49,054 - INFO: Loss: 0.223255
2025-03-28 15:03:49,054 - INFO: Training ROC-AUC: 0.920000
2025-03-28 15:03:49,054 - INFO: Validation ROC-AUC: 0.883537
2025-03-28 15:04:02,535 - INFO: Evaluating at iteration 21351
2025-03-28 15:04:03,932 - INFO: Loss: 0.305880
2025-03-28 15:04:03,932 - INFO: Training ROC-AUC: 0.931429
2025-03-28 15:04:03,932 - INFO: Validation ROC-AUC: 0.882747
2025-03-28 15:04:17,547 - INFO: Evaluating at iteration 21851
2025-03-28 15:04:18,894 - INFO: Loss: 0.165718
2025-03-28 15:04:18,894 - INFO: Training ROC-AUC: 0.962963
2025-03-28 15:04:18,894 - INFO: Validation ROC-AUC: 0.883466
2025-03-28 15:04:32,799 - INFO: Evaluating at iteration 22351
2025-03-28 15:04:34,184 - INFO: Loss: 0.156216
2025-03-28 15:04:34,185 - INFO: Training ROC-AUC: 1.000000
2025-03-28 15:04:34,185 - INFO: Validation ROC-AUC: 0.884960
2025-03-28 15:04:47,618 - INFO: Evaluating at iteration 22851
2025-03-28 15:04:48,990 - INFO: Loss: 0.236867
2025-03-28 15:04:48,991 - INFO: Training ROC-AUC: 0.896296
2025-03-28 15:04:48,991 - INFO: Validation ROC-AUC: 0.884619
2025-03-28 15:04:51,266 - INFO: Starting epoch 12
2025-03-28 15:04:51,294 - INFO: Evaluating at iteration 22936
2025-03-28 15:04:52,679 - INFO: Loss: 0.318009
2025-03-28 15:04:52,679 - INFO: Training ROC-AUC: 0.942708
2025-03-28 15:04:52,680 - INFO: Validation ROC-AUC: 0.885565
2025-03-28 15:05:06,263 - INFO: Evaluating at iteration 23436
2025-03-28 15:05:07,655 - INFO: Loss: 0.142040
2025-03-28 15:05:07,655 - INFO: Training ROC-AUC: 0.977011
2025-03-28 15:05:07,655 - INFO: Validation ROC-AUC: 0.884415
2025-03-28 15:05:21,091 - INFO: Evaluating at iteration 23936
2025-03-28 15:05:22,528 - INFO: Loss: 0.138164
2025-03-28 15:05:22,528 - INFO: Training ROC-AUC: 0.965517
2025-03-28 15:05:22,528 - INFO: Validation ROC-AUC: 0.885166
2025-03-28 15:05:35,891 - INFO: Evaluating at iteration 24436
2025-03-28 15:05:37,275 - INFO: Loss: 0.337646
2025-03-28 15:05:37,275 - INFO: Training ROC-AUC: 0.922078
2025-03-28 15:05:37,275 - INFO: Validation ROC-AUC: 0.886903
2025-03-28 15:05:50,647 - INFO: Evaluating at iteration 24936
2025-03-28 15:05:52,013 - INFO: Loss: 0.430978
2025-03-28 15:05:52,013 - INFO: Training ROC-AUC: 0.777143
2025-03-28 15:05:52,013 - INFO: Validation ROC-AUC: 0.886615
2025-03-28 15:05:54,343 - INFO: Starting epoch 13
2025-03-28 15:05:54,371 - INFO: Evaluating at iteration 25021
2025-03-28 15:05:55,775 - INFO: Loss: 0.248187
2025-03-28 15:05:55,775 - INFO: Training ROC-AUC: 0.971014
2025-03-28 15:05:55,775 - INFO: Validation ROC-AUC: 0.885381
2025-03-28 15:06:09,262 - INFO: Evaluating at iteration 25521
2025-03-28 15:06:10,626 - INFO: Loss: 0.420924
2025-03-28 15:06:10,626 - INFO: Training ROC-AUC: 0.888889
2025-03-28 15:06:10,626 - INFO: Validation ROC-AUC: 0.884666
2025-03-28 15:06:24,205 - INFO: Evaluating at iteration 26021
2025-03-28 15:06:25,548 - INFO: Loss: 0.157367
2025-03-28 15:06:25,548 - INFO: Training ROC-AUC: 0.900000
2025-03-28 15:06:25,548 - INFO: Validation ROC-AUC: 0.882651
2025-03-28 15:06:38,975 - INFO: Evaluating at iteration 26521
2025-03-28 15:06:40,305 - INFO: Loss: 0.140103
2025-03-28 15:06:40,305 - INFO: Training ROC-AUC: 0.955357
2025-03-28 15:06:40,305 - INFO: Validation ROC-AUC: 0.887320
2025-03-28 15:06:53,703 - INFO: Evaluating at iteration 27021
2025-03-28 15:06:55,035 - INFO: Loss: 0.212324
2025-03-28 15:06:55,035 - INFO: Training ROC-AUC: 0.948148
2025-03-28 15:06:55,035 - INFO: Validation ROC-AUC: 0.886526
2025-03-28 15:06:57,314 - INFO: Starting epoch 14
2025-03-28 15:06:57,343 - INFO: Evaluating at iteration 27106
2025-03-28 15:06:58,772 - INFO: Loss: 0.144785
2025-03-28 15:06:58,773 - INFO: Training ROC-AUC: 0.985185
2025-03-28 15:06:58,773 - INFO: Validation ROC-AUC: 0.887180
2025-03-28 15:07:12,242 - INFO: Evaluating at iteration 27606
2025-03-28 15:07:13,623 - INFO: Loss: 0.128387
2025-03-28 15:07:13,623 - INFO: Training ROC-AUC: 0.977011
2025-03-28 15:07:13,623 - INFO: Validation ROC-AUC: 0.884048
2025-03-28 15:07:27,106 - INFO: Evaluating at iteration 28106
2025-03-28 15:07:28,545 - INFO: Loss: 0.325249
2025-03-28 15:07:28,545 - INFO: Training ROC-AUC: 0.885714
2025-03-28 15:07:28,545 - INFO: Validation ROC-AUC: 0.885966
2025-03-28 15:07:42,169 - INFO: Evaluating at iteration 28606
2025-03-28 15:07:43,540 - INFO: Loss: 0.364933
2025-03-28 15:07:43,540 - INFO: Training ROC-AUC: 0.908571
2025-03-28 15:07:43,540 - INFO: Validation ROC-AUC: 0.888176
2025-03-28 15:07:57,075 - INFO: Evaluating at iteration 29106
2025-03-28 15:07:58,493 - INFO: Loss: 0.223648
2025-03-28 15:07:58,493 - INFO: Training ROC-AUC: 0.948718
2025-03-28 15:07:58,493 - INFO: Validation ROC-AUC: 0.887521
2025-03-28 15:08:00,803 - INFO: Starting epoch 15
2025-03-28 15:08:00,831 - INFO: Evaluating at iteration 29191
2025-03-28 15:08:02,218 - INFO: Loss: 0.264476
2025-03-28 15:08:02,218 - INFO: Training ROC-AUC: 0.910256
2025-03-28 15:08:02,218 - INFO: Validation ROC-AUC: 0.886679
2025-03-28 15:08:15,747 - INFO: Evaluating at iteration 29691
2025-03-28 15:08:17,124 - INFO: Loss: 0.261355
2025-03-28 15:08:17,124 - INFO: Training ROC-AUC: 0.929487
2025-03-28 15:08:17,124 - INFO: Validation ROC-AUC: 0.887657
2025-03-28 15:08:30,587 - INFO: Evaluating at iteration 30191
2025-03-28 15:08:31,913 - INFO: Loss: 0.151036
2025-03-28 15:08:31,913 - INFO: Training ROC-AUC: 1.000000
2025-03-28 15:08:31,913 - INFO: Validation ROC-AUC: 0.885161
2025-03-28 15:08:45,464 - INFO: Evaluating at iteration 30691
2025-03-28 15:08:46,862 - INFO: Loss: 0.107774
2025-03-28 15:08:46,863 - INFO: Training ROC-AUC: 0.993590
2025-03-28 15:08:46,863 - INFO: Validation ROC-AUC: 0.884679
2025-03-28 15:09:00,319 - INFO: Evaluating at iteration 31191
2025-03-28 15:09:01,679 - INFO: Loss: 0.117975
2025-03-28 15:09:01,679 - INFO: Training ROC-AUC: 1.000000
2025-03-28 15:09:01,679 - INFO: Validation ROC-AUC: 0.885659
2025-03-28 15:09:03,942 - INFO: Starting epoch 16
2025-03-28 15:09:03,970 - INFO: Evaluating at iteration 31276
2025-03-28 15:09:05,297 - INFO: Loss: 0.308037
2025-03-28 15:09:05,297 - INFO: Training ROC-AUC: 0.897143
2025-03-28 15:09:05,297 - INFO: Validation ROC-AUC: 0.886382
2025-03-28 15:09:18,954 - INFO: Evaluating at iteration 31776
2025-03-28 15:09:20,263 - INFO: Loss: 0.232584
2025-03-28 15:09:20,263 - INFO: Training ROC-AUC: 0.883929
2025-03-28 15:09:20,263 - INFO: Validation ROC-AUC: 0.886802
2025-03-28 15:09:33,978 - INFO: Evaluating at iteration 32276
2025-03-28 15:09:35,401 - INFO: Loss: 0.385771
2025-03-28 15:09:35,401 - INFO: Training ROC-AUC: 0.854167
2025-03-28 15:09:35,401 - INFO: Validation ROC-AUC: 0.886347
2025-03-28 15:09:48,998 - INFO: Evaluating at iteration 32776
2025-03-28 15:09:50,341 - INFO: Loss: 0.112945
2025-03-28 15:09:50,342 - INFO: Training ROC-AUC: 1.000000
2025-03-28 15:09:50,342 - INFO: Validation ROC-AUC: 0.887464
2025-03-28 15:10:03,962 - INFO: Evaluating at iteration 33276
2025-03-28 15:10:05,354 - INFO: Loss: 0.306122
2025-03-28 15:10:05,354 - INFO: Training ROC-AUC: 0.931818
2025-03-28 15:10:05,354 - INFO: Validation ROC-AUC: 0.888275
2025-03-28 15:10:07,784 - INFO: Starting epoch 17
2025-03-28 15:10:07,812 - INFO: Evaluating at iteration 33361
2025-03-28 15:10:09,174 - INFO: Loss: 0.092411
2025-03-28 15:10:09,174 - INFO: Training ROC-AUC: 1.000000
2025-03-28 15:10:09,174 - INFO: Validation ROC-AUC: 0.885508
2025-03-28 15:10:22,856 - INFO: Evaluating at iteration 33861
2025-03-28 15:10:24,255 - INFO: Loss: 0.176495
2025-03-28 15:10:24,255 - INFO: Training ROC-AUC: 0.955556
2025-03-28 15:10:24,255 - INFO: Validation ROC-AUC: 0.884749
2025-03-28 15:10:37,942 - INFO: Evaluating at iteration 34361
2025-03-28 15:10:39,309 - INFO: Loss: 0.235474
2025-03-28 15:10:39,309 - INFO: Training ROC-AUC: 0.982684
2025-03-28 15:10:39,309 - INFO: Validation ROC-AUC: 0.887783
2025-03-28 15:10:53,167 - INFO: Evaluating at iteration 34861
2025-03-28 15:10:54,512 - INFO: Loss: 0.081078
2025-03-28 15:10:54,512 - INFO: Training ROC-AUC: 1.000000
2025-03-28 15:10:54,512 - INFO: Validation ROC-AUC: 0.887215
2025-03-28 15:11:08,568 - INFO: Evaluating at iteration 35361
2025-03-28 15:11:09,966 - INFO: Loss: 0.204632
2025-03-28 15:11:09,967 - INFO: Training ROC-AUC: 0.925926
2025-03-28 15:11:09,967 - INFO: Validation ROC-AUC: 0.890172
2025-03-28 15:11:12,421 - INFO: Starting epoch 18
2025-03-28 15:11:12,449 - INFO: Evaluating at iteration 35446
2025-03-28 15:11:13,865 - INFO: Loss: 0.076904
2025-03-28 15:11:13,865 - INFO: Training ROC-AUC: 1.000000
2025-03-28 15:11:13,865 - INFO: Validation ROC-AUC: 0.888984
2025-03-28 15:11:27,639 - INFO: Evaluating at iteration 35946
2025-03-28 15:11:29,089 - INFO: Loss: 0.116459
2025-03-28 15:11:29,090 - INFO: Training ROC-AUC: 0.977011
2025-03-28 15:11:29,090 - INFO: Validation ROC-AUC: 0.886856
2025-03-28 15:11:42,804 - INFO: Evaluating at iteration 36446
2025-03-28 15:11:44,243 - INFO: Loss: 0.133469
2025-03-28 15:11:44,243 - INFO: Training ROC-AUC: 0.991071
2025-03-28 15:11:44,243 - INFO: Validation ROC-AUC: 0.888022
2025-03-28 15:11:58,072 - INFO: Evaluating at iteration 36946
2025-03-28 15:11:59,446 - INFO: Loss: 0.328285
2025-03-28 15:11:59,446 - INFO: Training ROC-AUC: 0.897143
2025-03-28 15:11:59,446 - INFO: Validation ROC-AUC: 0.886028
2025-03-28 15:12:13,461 - INFO: Evaluating at iteration 37446
2025-03-28 15:12:14,825 - INFO: Loss: 0.163399
2025-03-28 15:12:14,825 - INFO: Training ROC-AUC: 0.970370
2025-03-28 15:12:14,825 - INFO: Validation ROC-AUC: 0.888073
2025-03-28 15:12:17,199 - INFO: Starting epoch 19
2025-03-28 15:12:17,227 - INFO: Evaluating at iteration 37531
2025-03-28 15:12:18,528 - INFO: Loss: 0.173504
2025-03-28 15:12:18,528 - INFO: Training ROC-AUC: 0.974359
2025-03-28 15:12:18,528 - INFO: Validation ROC-AUC: 0.888346
2025-03-28 15:12:32,556 - INFO: Evaluating at iteration 38031
2025-03-28 15:12:33,896 - INFO: Loss: 0.169891
2025-03-28 15:12:33,896 - INFO: Training ROC-AUC: 0.971429
2025-03-28 15:12:33,896 - INFO: Validation ROC-AUC: 0.888745
2025-03-28 15:12:47,959 - INFO: Evaluating at iteration 38531
2025-03-28 15:12:49,388 - INFO: Loss: 0.205817
2025-03-28 15:12:49,388 - INFO: Training ROC-AUC: 0.973958
2025-03-28 15:12:49,388 - INFO: Validation ROC-AUC: 0.884815
2025-03-28 15:13:03,420 - INFO: Evaluating at iteration 39031
2025-03-28 15:13:04,768 - INFO: Loss: 0.273407
2025-03-28 15:13:04,768 - INFO: Training ROC-AUC: 0.920000
2025-03-28 15:13:04,768 - INFO: Validation ROC-AUC: 0.887259
2025-03-28 15:13:18,823 - INFO: Evaluating at iteration 39531
2025-03-28 15:13:20,223 - INFO: Loss: 0.175226
2025-03-28 15:13:20,223 - INFO: Training ROC-AUC: 0.960000
2025-03-28 15:13:20,223 - INFO: Validation ROC-AUC: 0.888158
2025-03-28 15:13:22,691 - INFO: Starting epoch 20
2025-03-28 15:13:22,720 - INFO: Evaluating at iteration 39616
2025-03-28 15:13:24,152 - INFO: Loss: 0.207088
2025-03-28 15:13:24,152 - INFO: Training ROC-AUC: 0.942857
2025-03-28 15:13:24,152 - INFO: Validation ROC-AUC: 0.887412
2025-03-28 15:13:38,303 - INFO: Evaluating at iteration 40116
2025-03-28 15:13:39,663 - INFO: Loss: 0.118742
2025-03-28 15:13:39,663 - INFO: Training ROC-AUC: 1.000000
2025-03-28 15:13:39,663 - INFO: Validation ROC-AUC: 0.885891
2025-03-28 15:13:53,873 - INFO: Evaluating at iteration 40616
2025-03-28 15:13:55,275 - INFO: Loss: 0.200584
2025-03-28 15:13:55,276 - INFO: Training ROC-AUC: 0.972727
2025-03-28 15:13:55,276 - INFO: Validation ROC-AUC: 0.887798
2025-03-28 15:14:09,352 - INFO: Evaluating at iteration 41116
2025-03-28 15:14:10,748 - INFO: Loss: 0.132140
2025-03-28 15:14:10,748 - INFO: Training ROC-AUC: 0.992593
2025-03-28 15:14:10,748 - INFO: Validation ROC-AUC: 0.885830
2025-03-28 15:14:24,971 - INFO: Evaluating at iteration 41616
2025-03-28 15:14:26,337 - INFO: Loss: 0.206577
2025-03-28 15:14:26,337 - INFO: Training ROC-AUC: 0.892857
2025-03-28 15:14:26,337 - INFO: Validation ROC-AUC: 0.888051
2025-03-28 15:14:28,760 - INFO: Starting epoch 21
2025-03-28 15:14:28,790 - INFO: Evaluating at iteration 41701
2025-03-28 15:14:30,137 - INFO: Loss: 0.199636
2025-03-28 15:14:30,137 - INFO: Training ROC-AUC: 0.971429
2025-03-28 15:14:30,138 - INFO: Validation ROC-AUC: 0.888939
2025-03-28 15:14:44,635 - INFO: Evaluating at iteration 42201
2025-03-28 15:14:46,030 - INFO: Loss: 0.145477
2025-03-28 15:14:46,030 - INFO: Training ROC-AUC: 1.000000
2025-03-28 15:14:46,030 - INFO: Validation ROC-AUC: 0.888480
2025-03-28 15:15:00,419 - INFO: Evaluating at iteration 42701
2025-03-28 15:15:01,807 - INFO: Loss: 0.221890
2025-03-28 15:15:01,807 - INFO: Training ROC-AUC: 0.995169
2025-03-28 15:15:01,807 - INFO: Validation ROC-AUC: 0.889864
2025-03-28 15:15:16,266 - INFO: Evaluating at iteration 43201
2025-03-28 15:15:17,614 - INFO: Loss: 0.243468
2025-03-28 15:15:17,614 - INFO: Training ROC-AUC: 0.873563
2025-03-28 15:15:17,614 - INFO: Validation ROC-AUC: 0.890037
2025-03-28 15:15:32,171 - INFO: Evaluating at iteration 43701
2025-03-28 15:15:33,510 - INFO: Loss: 0.124747
2025-03-28 15:15:33,510 - INFO: Training ROC-AUC: 0.992593
2025-03-28 15:15:33,510 - INFO: Validation ROC-AUC: 0.888589
2025-03-28 15:15:36,059 - INFO: Starting epoch 22
2025-03-28 15:15:36,087 - INFO: Evaluating at iteration 43786
2025-03-28 15:15:37,487 - INFO: Loss: 0.132787
2025-03-28 15:15:37,487 - INFO: Training ROC-AUC: 0.992593
2025-03-28 15:15:37,487 - INFO: Validation ROC-AUC: 0.887371
2025-03-28 15:15:52,322 - INFO: Evaluating at iteration 44286
2025-03-28 15:15:53,685 - INFO: Loss: 0.147393
2025-03-28 15:15:53,685 - INFO: Training ROC-AUC: 1.000000
2025-03-28 15:15:53,685 - INFO: Validation ROC-AUC: 0.888477
2025-03-28 15:16:08,473 - INFO: Evaluating at iteration 44786
2025-03-28 15:16:09,886 - INFO: Loss: 0.231585
2025-03-28 15:16:09,887 - INFO: Training ROC-AUC: 0.942708
2025-03-28 15:16:09,887 - INFO: Validation ROC-AUC: 0.888073
2025-03-28 15:16:24,854 - INFO: Evaluating at iteration 45286
2025-03-28 15:16:26,200 - INFO: Loss: 0.163649
2025-03-28 15:16:26,200 - INFO: Training ROC-AUC: 0.977778
2025-03-28 15:16:26,200 - INFO: Validation ROC-AUC: 0.885346
2025-03-28 15:16:40,942 - INFO: Evaluating at iteration 45786
2025-03-28 15:16:42,282 - INFO: Loss: 0.270933
2025-03-28 15:16:42,282 - INFO: Training ROC-AUC: 0.821429
2025-03-28 15:16:42,282 - INFO: Validation ROC-AUC: 0.889455
2025-03-28 15:16:44,829 - INFO: Starting epoch 23
2025-03-28 15:16:44,866 - INFO: Evaluating at iteration 45871
2025-03-28 15:16:46,214 - INFO: Loss: 0.036192
2025-03-28 15:16:46,214 - INFO: Training ROC-AUC: nan
2025-03-28 15:16:46,214 - INFO: Validation ROC-AUC: 0.888737
2025-03-28 15:17:01,233 - INFO: Evaluating at iteration 46371
2025-03-28 15:17:02,635 - INFO: Loss: 0.242692
2025-03-28 15:17:02,635 - INFO: Training ROC-AUC: 0.948718
2025-03-28 15:17:02,635 - INFO: Validation ROC-AUC: 0.887669
2025-03-28 15:17:17,471 - INFO: Evaluating at iteration 46871
2025-03-28 15:17:18,836 - INFO: Loss: 0.370577
2025-03-28 15:17:18,837 - INFO: Training ROC-AUC: 0.881481
2025-03-28 15:17:18,837 - INFO: Validation ROC-AUC: 0.885430
2025-03-28 15:17:33,927 - INFO: Evaluating at iteration 47371
2025-03-28 15:17:35,327 - INFO: Loss: 0.463803
2025-03-28 15:17:35,327 - INFO: Training ROC-AUC: 0.888889
2025-03-28 15:17:35,327 - INFO: Validation ROC-AUC: 0.887766
2025-03-28 15:17:50,323 - INFO: Evaluating at iteration 47871
2025-03-28 15:17:51,713 - INFO: Loss: 0.051294
2025-03-28 15:17:51,713 - INFO: Training ROC-AUC: 1.000000
2025-03-28 15:17:51,713 - INFO: Validation ROC-AUC: 0.887791
2025-03-28 15:17:54,211 - INFO: Starting epoch 24
2025-03-28 15:17:54,246 - INFO: Evaluating at iteration 47956
2025-03-28 15:17:55,673 - INFO: Loss: 0.123868
2025-03-28 15:17:55,673 - INFO: Training ROC-AUC: 1.000000
2025-03-28 15:17:55,673 - INFO: Validation ROC-AUC: 0.886763
2025-03-28 15:18:10,985 - INFO: Evaluating at iteration 48456
2025-03-28 15:18:12,337 - INFO: Loss: 0.132680
2025-03-28 15:18:12,337 - INFO: Training ROC-AUC: 1.000000
2025-03-28 15:18:12,337 - INFO: Validation ROC-AUC: 0.887166
2025-03-28 15:18:27,341 - INFO: Evaluating at iteration 48956
2025-03-28 15:18:28,704 - INFO: Loss: 0.153730
2025-03-28 15:18:28,704 - INFO: Training ROC-AUC: 0.982143
2025-03-28 15:18:28,704 - INFO: Validation ROC-AUC: 0.887350
2025-03-28 15:18:43,996 - INFO: Evaluating at iteration 49456
2025-03-28 15:18:45,306 - INFO: Loss: 0.246763
2025-03-28 15:18:45,306 - INFO: Training ROC-AUC: 0.946860
2025-03-28 15:18:45,306 - INFO: Validation ROC-AUC: 0.886599
2025-03-28 15:19:00,409 - INFO: Evaluating at iteration 49956
2025-03-28 15:19:01,802 - INFO: Loss: 0.109392
2025-03-28 15:19:01,802 - INFO: Training ROC-AUC: 0.982143
2025-03-28 15:19:01,802 - INFO: Validation ROC-AUC: 0.887991
2025-03-28 15:19:04,442 - INFO: Starting epoch 25
2025-03-28 15:19:04,473 - INFO: Evaluating at iteration 50041
2025-03-28 15:19:05,861 - INFO: Loss: 0.188078
2025-03-28 15:19:05,861 - INFO: Training ROC-AUC: 1.000000
2025-03-28 15:19:05,862 - INFO: Validation ROC-AUC: 0.886426
2025-03-28 15:19:21,125 - INFO: Evaluating at iteration 50541
2025-03-28 15:19:22,519 - INFO: Loss: 0.056968
2025-03-28 15:19:22,519 - INFO: Training ROC-AUC: 1.000000
2025-03-28 15:19:22,519 - INFO: Validation ROC-AUC: 0.886428
2025-03-28 15:19:37,754 - INFO: Evaluating at iteration 51041
2025-03-28 15:19:39,187 - INFO: Loss: 0.166121
2025-03-28 15:19:39,187 - INFO: Training ROC-AUC: 0.964286
2025-03-28 15:19:39,187 - INFO: Validation ROC-AUC: 0.886785
2025-03-28 15:19:54,506 - INFO: Evaluating at iteration 51541
2025-03-28 15:19:55,881 - INFO: Loss: 0.112938
2025-03-28 15:19:55,881 - INFO: Training ROC-AUC: 0.994792
2025-03-28 15:19:55,881 - INFO: Validation ROC-AUC: 0.887339
2025-03-28 15:20:11,422 - INFO: Evaluating at iteration 52041
2025-03-28 15:20:12,821 - INFO: Loss: 0.145555
2025-03-28 15:20:12,821 - INFO: Training ROC-AUC: 0.994792
2025-03-28 15:20:12,821 - INFO: Validation ROC-AUC: 0.888659
2025-03-28 15:20:15,526 - INFO: Saving model to models/TCRStructMap_tcr_levenshtein_split/model_2.pt
2025-03-28 15:20:15,545 - INFO: Starting fold 3
2025-03-28 15:20:15,547 - INFO: Initialising model
2025-03-28 15:20:15,558 - INFO: Starting training
2025-03-28 15:20:15,558 - INFO: Starting epoch 1
2025-03-28 15:20:15,585 - INFO: Evaluating at iteration 1
2025-03-28 15:20:16,911 - INFO: Loss: 0.687227
2025-03-28 15:20:16,911 - INFO: Training ROC-AUC: 0.700000
2025-03-28 15:20:16,911 - INFO: Validation ROC-AUC: 0.489925
2025-03-28 15:20:29,775 - INFO: Evaluating at iteration 501
2025-03-28 15:20:31,079 - INFO: Loss: 0.527315
2025-03-28 15:20:31,079 - INFO: Training ROC-AUC: 0.582857
2025-03-28 15:20:31,079 - INFO: Validation ROC-AUC: 0.580396
2025-03-28 15:20:44,086 - INFO: Evaluating at iteration 1001
2025-03-28 15:20:45,417 - INFO: Loss: 0.384711
2025-03-28 15:20:45,418 - INFO: Training ROC-AUC: 0.455357
2025-03-28 15:20:45,418 - INFO: Validation ROC-AUC: 0.575874
2025-03-28 15:20:58,764 - INFO: Evaluating at iteration 1501
2025-03-28 15:21:00,168 - INFO: Loss: 0.389856
2025-03-28 15:21:00,168 - INFO: Training ROC-AUC: 0.555556
2025-03-28 15:21:00,168 - INFO: Validation ROC-AUC: 0.731990
2025-03-28 15:21:13,235 - INFO: Evaluating at iteration 2001
2025-03-28 15:21:14,571 - INFO: Loss: 0.303164
2025-03-28 15:21:14,572 - INFO: Training ROC-AUC: 0.846154
2025-03-28 15:21:14,572 - INFO: Validation ROC-AUC: 0.793796
2025-03-28 15:21:17,028 - INFO: Starting epoch 2
2025-03-28 15:21:17,055 - INFO: Evaluating at iteration 2095
2025-03-28 15:21:18,554 - INFO: Loss: 0.403799
2025-03-28 15:21:18,554 - INFO: Training ROC-AUC: 0.629630
2025-03-28 15:21:18,554 - INFO: Validation ROC-AUC: 0.796126
2025-03-28 15:21:31,557 - INFO: Evaluating at iteration 2595
2025-03-28 15:21:32,973 - INFO: Loss: 0.187949
2025-03-28 15:21:32,973 - INFO: Training ROC-AUC: 0.800000
2025-03-28 15:21:32,973 - INFO: Validation ROC-AUC: 0.815284
2025-03-28 15:21:45,948 - INFO: Evaluating at iteration 3095
2025-03-28 15:21:47,314 - INFO: Loss: 0.442341
2025-03-28 15:21:47,314 - INFO: Training ROC-AUC: 0.533333
2025-03-28 15:21:47,314 - INFO: Validation ROC-AUC: 0.833090
2025-03-28 15:22:00,296 - INFO: Evaluating at iteration 3595
2025-03-28 15:22:01,619 - INFO: Loss: 0.212634
2025-03-28 15:22:01,619 - INFO: Training ROC-AUC: 0.888889
2025-03-28 15:22:01,619 - INFO: Validation ROC-AUC: 0.840377
2025-03-28 15:22:14,700 - INFO: Evaluating at iteration 4095
2025-03-28 15:22:16,073 - INFO: Loss: 0.398953
2025-03-28 15:22:16,073 - INFO: Training ROC-AUC: 0.775641
2025-03-28 15:22:16,073 - INFO: Validation ROC-AUC: 0.847700
2025-03-28 15:22:18,557 - INFO: Starting epoch 3
2025-03-28 15:22:18,584 - INFO: Evaluating at iteration 4189
2025-03-28 15:22:19,972 - INFO: Loss: 0.473856
2025-03-28 15:22:19,972 - INFO: Training ROC-AUC: 0.878788
2025-03-28 15:22:19,972 - INFO: Validation ROC-AUC: 0.845633
2025-03-28 15:22:32,973 - INFO: Evaluating at iteration 4689
2025-03-28 15:22:34,394 - INFO: Loss: 0.294867
2025-03-28 15:22:34,394 - INFO: Training ROC-AUC: 0.851852
2025-03-28 15:22:34,394 - INFO: Validation ROC-AUC: 0.850601
2025-03-28 15:22:47,486 - INFO: Evaluating at iteration 5189
2025-03-28 15:22:48,833 - INFO: Loss: 0.270731
2025-03-28 15:22:48,833 - INFO: Training ROC-AUC: 0.916667
2025-03-28 15:22:48,833 - INFO: Validation ROC-AUC: 0.853116
2025-03-28 15:23:02,020 - INFO: Evaluating at iteration 5689
2025-03-28 15:23:03,384 - INFO: Loss: 0.259352
2025-03-28 15:23:03,384 - INFO: Training ROC-AUC: 0.946429
2025-03-28 15:23:03,384 - INFO: Validation ROC-AUC: 0.853736
2025-03-28 15:23:16,459 - INFO: Evaluating at iteration 6189
2025-03-28 15:23:17,810 - INFO: Loss: 0.512987
2025-03-28 15:23:17,810 - INFO: Training ROC-AUC: 0.822857
2025-03-28 15:23:17,810 - INFO: Validation ROC-AUC: 0.858926
2025-03-28 15:23:23,141 - INFO: Starting epoch 4
2025-03-28 15:23:23,168 - INFO: Evaluating at iteration 6283
2025-03-28 15:23:24,549 - INFO: Loss: 0.260774
2025-03-28 15:23:24,549 - INFO: Training ROC-AUC: 0.918519
2025-03-28 15:23:24,549 - INFO: Validation ROC-AUC: 0.857459
2025-03-28 15:23:37,552 - INFO: Evaluating at iteration 6783
2025-03-28 15:23:38,903 - INFO: Loss: 0.128950
2025-03-28 15:23:38,904 - INFO: Training ROC-AUC: 0.988506
2025-03-28 15:23:38,904 - INFO: Validation ROC-AUC: 0.858899
2025-03-28 15:23:52,118 - INFO: Evaluating at iteration 7283
2025-03-28 15:23:53,435 - INFO: Loss: 0.239124
2025-03-28 15:23:53,435 - INFO: Training ROC-AUC: 0.884615
2025-03-28 15:23:53,435 - INFO: Validation ROC-AUC: 0.858419
2025-03-28 15:24:06,635 - INFO: Evaluating at iteration 7783
2025-03-28 15:24:07,939 - INFO: Loss: 0.190223
2025-03-28 15:24:07,939 - INFO: Training ROC-AUC: 0.962963
2025-03-28 15:24:07,939 - INFO: Validation ROC-AUC: 0.860019
2025-03-28 15:24:21,120 - INFO: Evaluating at iteration 8283
2025-03-28 15:24:22,487 - INFO: Loss: 0.282748
2025-03-28 15:24:22,487 - INFO: Training ROC-AUC: 0.767857
2025-03-28 15:24:22,487 - INFO: Validation ROC-AUC: 0.864216
2025-03-28 15:24:25,001 - INFO: Starting epoch 5
2025-03-28 15:24:25,028 - INFO: Evaluating at iteration 8377
2025-03-28 15:24:26,344 - INFO: Loss: 0.286997
2025-03-28 15:24:26,344 - INFO: Training ROC-AUC: 0.891026
2025-03-28 15:24:26,344 - INFO: Validation ROC-AUC: 0.864840
2025-03-28 15:24:39,543 - INFO: Evaluating at iteration 8877
2025-03-28 15:24:40,887 - INFO: Loss: 0.057240
2025-03-28 15:24:40,887 - INFO: Training ROC-AUC: 1.000000
2025-03-28 15:24:40,887 - INFO: Validation ROC-AUC: 0.864932
2025-03-28 15:24:54,080 - INFO: Evaluating at iteration 9377
2025-03-28 15:24:55,472 - INFO: Loss: 0.051357
2025-03-28 15:24:55,472 - INFO: Training ROC-AUC: 1.000000
2025-03-28 15:24:55,472 - INFO: Validation ROC-AUC: 0.865687
2025-03-28 15:25:08,765 - INFO: Evaluating at iteration 9877
2025-03-28 15:25:10,150 - INFO: Loss: 0.229516
2025-03-28 15:25:10,150 - INFO: Training ROC-AUC: 0.901786
2025-03-28 15:25:10,150 - INFO: Validation ROC-AUC: 0.867686
2025-03-28 15:25:23,344 - INFO: Evaluating at iteration 10377
2025-03-28 15:25:24,693 - INFO: Loss: 0.336506
2025-03-28 15:25:24,693 - INFO: Training ROC-AUC: 0.733333
2025-03-28 15:25:24,693 - INFO: Validation ROC-AUC: 0.867905
2025-03-28 15:25:27,196 - INFO: Starting epoch 6
2025-03-28 15:25:27,225 - INFO: Evaluating at iteration 10471
2025-03-28 15:25:28,631 - INFO: Loss: 0.086475
2025-03-28 15:25:28,631 - INFO: Training ROC-AUC: 1.000000
2025-03-28 15:25:28,631 - INFO: Validation ROC-AUC: 0.867186
2025-03-28 15:25:41,831 - INFO: Evaluating at iteration 10971
2025-03-28 15:25:43,184 - INFO: Loss: 0.222921
2025-03-28 15:25:43,184 - INFO: Training ROC-AUC: 0.974359
2025-03-28 15:25:43,184 - INFO: Validation ROC-AUC: 0.868494
2025-03-28 15:25:56,544 - INFO: Evaluating at iteration 11471
2025-03-28 15:25:57,891 - INFO: Loss: 0.313039
2025-03-28 15:25:57,891 - INFO: Training ROC-AUC: 0.852564
2025-03-28 15:25:57,891 - INFO: Validation ROC-AUC: 0.870262
2025-03-28 15:26:11,196 - INFO: Evaluating at iteration 11971
2025-03-28 15:26:12,581 - INFO: Loss: 0.340259
2025-03-28 15:26:12,581 - INFO: Training ROC-AUC: 0.897143
2025-03-28 15:26:12,581 - INFO: Validation ROC-AUC: 0.870641
2025-03-28 15:26:25,952 - INFO: Evaluating at iteration 12471
2025-03-28 15:26:27,287 - INFO: Loss: 0.174461
2025-03-28 15:26:27,288 - INFO: Training ROC-AUC: 0.974359
2025-03-28 15:26:27,288 - INFO: Validation ROC-AUC: 0.873348
2025-03-28 15:26:29,849 - INFO: Starting epoch 7
2025-03-28 15:26:29,876 - INFO: Evaluating at iteration 12565
2025-03-28 15:26:31,185 - INFO: Loss: 0.314904
2025-03-28 15:26:31,185 - INFO: Training ROC-AUC: 0.902857
2025-03-28 15:26:31,185 - INFO: Validation ROC-AUC: 0.871201
2025-03-28 15:26:44,468 - INFO: Evaluating at iteration 13065
2025-03-28 15:26:45,849 - INFO: Loss: 0.181862
2025-03-28 15:26:45,849 - INFO: Training ROC-AUC: 0.940741
2025-03-28 15:26:45,849 - INFO: Validation ROC-AUC: 0.873374
2025-03-28 15:26:59,244 - INFO: Evaluating at iteration 13565
2025-03-28 15:27:00,581 - INFO: Loss: 0.245961
2025-03-28 15:27:00,581 - INFO: Training ROC-AUC: 0.896296
2025-03-28 15:27:00,581 - INFO: Validation ROC-AUC: 0.874009
2025-03-28 15:27:13,969 - INFO: Evaluating at iteration 14065
2025-03-28 15:27:15,340 - INFO: Loss: 0.500178
2025-03-28 15:27:15,340 - INFO: Training ROC-AUC: 0.828125
2025-03-28 15:27:15,340 - INFO: Validation ROC-AUC: 0.872113
2025-03-28 15:27:28,616 - INFO: Evaluating at iteration 14565
2025-03-28 15:27:29,953 - INFO: Loss: 0.197614
2025-03-28 15:27:29,953 - INFO: Training ROC-AUC: 0.984375
2025-03-28 15:27:29,953 - INFO: Validation ROC-AUC: 0.874866
2025-03-28 15:27:32,447 - INFO: Starting epoch 8
2025-03-28 15:27:32,474 - INFO: Evaluating at iteration 14659
2025-03-28 15:27:33,767 - INFO: Loss: 0.259561
2025-03-28 15:27:33,767 - INFO: Training ROC-AUC: 0.929487
2025-03-28 15:27:33,767 - INFO: Validation ROC-AUC: 0.876008
2025-03-28 15:27:47,267 - INFO: Evaluating at iteration 15159
2025-03-28 15:27:48,640 - INFO: Loss: 0.158719
2025-03-28 15:27:48,640 - INFO: Training ROC-AUC: 0.979167
2025-03-28 15:27:48,640 - INFO: Validation ROC-AUC: 0.876047
2025-03-28 15:28:01,928 - INFO: Evaluating at iteration 15659
2025-03-28 15:28:03,258 - INFO: Loss: 0.283910
2025-03-28 15:28:03,258 - INFO: Training ROC-AUC: 0.925714
2025-03-28 15:28:03,258 - INFO: Validation ROC-AUC: 0.877058
2025-03-28 15:28:16,615 - INFO: Evaluating at iteration 16159
2025-03-28 15:28:17,939 - INFO: Loss: 0.163854
2025-03-28 15:28:17,939 - INFO: Training ROC-AUC: 0.916667
2025-03-28 15:28:17,939 - INFO: Validation ROC-AUC: 0.877832
2025-03-28 15:28:31,304 - INFO: Evaluating at iteration 16659
2025-03-28 15:28:32,614 - INFO: Loss: 0.293700
2025-03-28 15:28:32,614 - INFO: Training ROC-AUC: 0.858974
2025-03-28 15:28:32,614 - INFO: Validation ROC-AUC: 0.878463
2025-03-28 15:28:35,109 - INFO: Starting epoch 9
2025-03-28 15:28:35,136 - INFO: Evaluating at iteration 16753
2025-03-28 15:28:36,415 - INFO: Loss: 0.273263
2025-03-28 15:28:36,415 - INFO: Training ROC-AUC: 0.830357
2025-03-28 15:28:36,415 - INFO: Validation ROC-AUC: 0.879036
2025-03-28 15:28:49,773 - INFO: Evaluating at iteration 17253
2025-03-28 15:28:51,137 - INFO: Loss: 0.248136
2025-03-28 15:28:51,137 - INFO: Training ROC-AUC: 0.874074
2025-03-28 15:28:51,137 - INFO: Validation ROC-AUC: 0.877824
2025-03-28 15:29:04,480 - INFO: Evaluating at iteration 17753
2025-03-28 15:29:05,849 - INFO: Loss: 0.153252
2025-03-28 15:29:05,849 - INFO: Training ROC-AUC: 0.980769
2025-03-28 15:29:05,849 - INFO: Validation ROC-AUC: 0.877913
2025-03-28 15:29:19,376 - INFO: Evaluating at iteration 18253
2025-03-28 15:29:20,732 - INFO: Loss: 0.231240
2025-03-28 15:29:20,732 - INFO: Training ROC-AUC: 0.910714
2025-03-28 15:29:20,732 - INFO: Validation ROC-AUC: 0.880069
2025-03-28 15:29:34,320 - INFO: Evaluating at iteration 18753
2025-03-28 15:29:35,687 - INFO: Loss: 0.193674
2025-03-28 15:29:35,687 - INFO: Training ROC-AUC: 1.000000
2025-03-28 15:29:35,687 - INFO: Validation ROC-AUC: 0.878318
2025-03-28 15:29:38,209 - INFO: Starting epoch 10
2025-03-28 15:29:38,236 - INFO: Evaluating at iteration 18847
2025-03-28 15:29:39,561 - INFO: Loss: 0.234833
2025-03-28 15:29:39,561 - INFO: Training ROC-AUC: 0.925926
2025-03-28 15:29:39,561 - INFO: Validation ROC-AUC: 0.877194
2025-03-28 15:29:52,997 - INFO: Evaluating at iteration 19347
2025-03-28 15:29:54,364 - INFO: Loss: 0.254067
2025-03-28 15:29:54,364 - INFO: Training ROC-AUC: 0.830357
2025-03-28 15:29:54,364 - INFO: Validation ROC-AUC: 0.879153
2025-03-28 15:30:07,741 - INFO: Evaluating at iteration 19847
2025-03-28 15:30:09,070 - INFO: Loss: 0.162301
2025-03-28 15:30:09,070 - INFO: Training ROC-AUC: 0.988571
2025-03-28 15:30:09,070 - INFO: Validation ROC-AUC: 0.878868
2025-03-28 15:30:22,477 - INFO: Evaluating at iteration 20347
2025-03-28 15:30:23,791 - INFO: Loss: 0.171932
2025-03-28 15:30:23,791 - INFO: Training ROC-AUC: 0.982143
2025-03-28 15:30:23,791 - INFO: Validation ROC-AUC: 0.881574
2025-03-28 15:30:37,077 - INFO: Evaluating at iteration 20847
2025-03-28 15:30:38,392 - INFO: Loss: 0.063077
2025-03-28 15:30:38,392 - INFO: Training ROC-AUC: 1.000000
2025-03-28 15:30:38,392 - INFO: Validation ROC-AUC: 0.880856
2025-03-28 15:30:40,936 - INFO: Starting epoch 11
2025-03-28 15:30:40,965 - INFO: Evaluating at iteration 20941
2025-03-28 15:30:42,313 - INFO: Loss: 0.089445
2025-03-28 15:30:42,313 - INFO: Training ROC-AUC: 1.000000
2025-03-28 15:30:42,313 - INFO: Validation ROC-AUC: 0.880646
2025-03-28 15:30:55,741 - INFO: Evaluating at iteration 21441
2025-03-28 15:30:57,011 - INFO: Loss: 0.210988
2025-03-28 15:30:57,011 - INFO: Training ROC-AUC: 0.953125
2025-03-28 15:30:57,011 - INFO: Validation ROC-AUC: 0.881093
2025-03-28 15:31:10,482 - INFO: Evaluating at iteration 21941
2025-03-28 15:31:11,776 - INFO: Loss: 0.162543
2025-03-28 15:31:11,776 - INFO: Training ROC-AUC: 0.955128
2025-03-28 15:31:11,776 - INFO: Validation ROC-AUC: 0.881961
2025-03-28 15:31:25,222 - INFO: Evaluating at iteration 22441
2025-03-28 15:31:26,584 - INFO: Loss: 0.361101
2025-03-28 15:31:26,584 - INFO: Training ROC-AUC: 0.908571
2025-03-28 15:31:26,584 - INFO: Validation ROC-AUC: 0.880889
2025-03-28 15:31:39,981 - INFO: Evaluating at iteration 22941
2025-03-28 15:31:41,387 - INFO: Loss: 0.064398
2025-03-28 15:31:41,387 - INFO: Training ROC-AUC: 1.000000
2025-03-28 15:31:41,387 - INFO: Validation ROC-AUC: 0.881161
2025-03-28 15:31:43,958 - INFO: Starting epoch 12
2025-03-28 15:31:43,987 - INFO: Evaluating at iteration 23035
2025-03-28 15:31:45,348 - INFO: Loss: 0.269762
2025-03-28 15:31:45,348 - INFO: Training ROC-AUC: 0.911458
2025-03-28 15:31:45,348 - INFO: Validation ROC-AUC: 0.880548
2025-03-28 15:31:58,791 - INFO: Evaluating at iteration 23535
2025-03-28 15:32:00,166 - INFO: Loss: 0.132638
2025-03-28 15:32:00,166 - INFO: Training ROC-AUC: 0.984375
2025-03-28 15:32:00,166 - INFO: Validation ROC-AUC: 0.878632
2025-03-28 15:32:13,492 - INFO: Evaluating at iteration 24035
2025-03-28 15:32:14,842 - INFO: Loss: 0.327329
2025-03-28 15:32:14,842 - INFO: Training ROC-AUC: 0.884615
2025-03-28 15:32:14,842 - INFO: Validation ROC-AUC: 0.882129
2025-03-28 15:32:28,516 - INFO: Evaluating at iteration 24535
2025-03-28 15:32:29,862 - INFO: Loss: 0.160089
2025-03-28 15:32:29,862 - INFO: Training ROC-AUC: 0.989583
2025-03-28 15:32:29,862 - INFO: Validation ROC-AUC: 0.880867
2025-03-28 15:32:43,325 - INFO: Evaluating at iteration 25035
2025-03-28 15:32:44,704 - INFO: Loss: 0.188211
2025-03-28 15:32:44,704 - INFO: Training ROC-AUC: 0.977778
2025-03-28 15:32:44,704 - INFO: Validation ROC-AUC: 0.882999
2025-03-28 15:32:47,191 - INFO: Starting epoch 13
2025-03-28 15:32:47,219 - INFO: Evaluating at iteration 25129
2025-03-28 15:32:48,576 - INFO: Loss: 0.132781
2025-03-28 15:32:48,576 - INFO: Training ROC-AUC: 0.933333
2025-03-28 15:32:48,576 - INFO: Validation ROC-AUC: 0.882794
2025-03-28 15:33:02,001 - INFO: Evaluating at iteration 25629
2025-03-28 15:33:03,301 - INFO: Loss: 0.233319
2025-03-28 15:33:03,301 - INFO: Training ROC-AUC: 0.918519
2025-03-28 15:33:03,301 - INFO: Validation ROC-AUC: 0.879844
2025-03-28 15:33:16,775 - INFO: Evaluating at iteration 26129
2025-03-28 15:33:18,149 - INFO: Loss: 0.261692
2025-03-28 15:33:18,149 - INFO: Training ROC-AUC: 0.866667
2025-03-28 15:33:18,149 - INFO: Validation ROC-AUC: 0.883691
2025-03-28 15:33:31,636 - INFO: Evaluating at iteration 26629
2025-03-28 15:33:32,951 - INFO: Loss: 0.091012
2025-03-28 15:33:32,951 - INFO: Training ROC-AUC: 1.000000
2025-03-28 15:33:32,951 - INFO: Validation ROC-AUC: 0.881625
2025-03-28 15:33:46,345 - INFO: Evaluating at iteration 27129
2025-03-28 15:33:47,653 - INFO: Loss: 0.213242
2025-03-28 15:33:47,653 - INFO: Training ROC-AUC: 0.892857
2025-03-28 15:33:47,653 - INFO: Validation ROC-AUC: 0.881067
2025-03-28 15:33:50,188 - INFO: Starting epoch 14
2025-03-28 15:33:50,215 - INFO: Evaluating at iteration 27223
2025-03-28 15:33:51,600 - INFO: Loss: 0.110334
2025-03-28 15:33:51,600 - INFO: Training ROC-AUC: 1.000000
2025-03-28 15:33:51,600 - INFO: Validation ROC-AUC: 0.881350
2025-03-28 15:34:05,036 - INFO: Evaluating at iteration 27723
2025-03-28 15:34:06,376 - INFO: Loss: 0.181262
2025-03-28 15:34:06,376 - INFO: Training ROC-AUC: 0.940741
2025-03-28 15:34:06,376 - INFO: Validation ROC-AUC: 0.882434
2025-03-28 15:34:20,056 - INFO: Evaluating at iteration 28223
2025-03-28 15:34:21,424 - INFO: Loss: 0.115621
2025-03-28 15:34:21,424 - INFO: Training ROC-AUC: 1.000000
2025-03-28 15:34:21,424 - INFO: Validation ROC-AUC: 0.883070
2025-03-28 15:34:34,787 - INFO: Evaluating at iteration 28723
2025-03-28 15:34:36,105 - INFO: Loss: 0.207637
2025-03-28 15:34:36,105 - INFO: Training ROC-AUC: 0.940741
2025-03-28 15:34:36,105 - INFO: Validation ROC-AUC: 0.882051
2025-03-28 15:34:49,466 - INFO: Evaluating at iteration 29223
2025-03-28 15:34:50,761 - INFO: Loss: 0.233265
2025-03-28 15:34:50,761 - INFO: Training ROC-AUC: 0.954286
2025-03-28 15:34:50,761 - INFO: Validation ROC-AUC: 0.879754
2025-03-28 15:34:53,328 - INFO: Starting epoch 15
2025-03-28 15:34:53,355 - INFO: Evaluating at iteration 29317
2025-03-28 15:34:54,716 - INFO: Loss: 0.152275
2025-03-28 15:34:54,716 - INFO: Training ROC-AUC: 0.982143
2025-03-28 15:34:54,716 - INFO: Validation ROC-AUC: 0.880484
2025-03-28 15:35:08,239 - INFO: Evaluating at iteration 29817
2025-03-28 15:35:09,604 - INFO: Loss: 0.134231
2025-03-28 15:35:09,604 - INFO: Training ROC-AUC: 0.973214
2025-03-28 15:35:09,604 - INFO: Validation ROC-AUC: 0.881613
2025-03-28 15:35:22,972 - INFO: Evaluating at iteration 30317
2025-03-28 15:35:24,299 - INFO: Loss: 0.377203
2025-03-28 15:35:24,299 - INFO: Training ROC-AUC: 0.794872
2025-03-28 15:35:24,299 - INFO: Validation ROC-AUC: 0.882600
2025-03-28 15:35:37,708 - INFO: Evaluating at iteration 30817
2025-03-28 15:35:39,050 - INFO: Loss: 0.158988
2025-03-28 15:35:39,050 - INFO: Training ROC-AUC: 0.977778
2025-03-28 15:35:39,050 - INFO: Validation ROC-AUC: 0.882073
2025-03-28 15:35:52,380 - INFO: Evaluating at iteration 31317
2025-03-28 15:35:53,752 - INFO: Loss: 0.227836
2025-03-28 15:35:53,752 - INFO: Training ROC-AUC: 0.929487
2025-03-28 15:35:53,752 - INFO: Validation ROC-AUC: 0.883272
2025-03-28 15:35:56,250 - INFO: Starting epoch 16
2025-03-28 15:35:56,280 - INFO: Evaluating at iteration 31411
2025-03-28 15:35:57,637 - INFO: Loss: 0.288213
2025-03-28 15:35:57,637 - INFO: Training ROC-AUC: 0.942857
2025-03-28 15:35:57,637 - INFO: Validation ROC-AUC: 0.881954
2025-03-28 15:36:11,089 - INFO: Evaluating at iteration 31911
2025-03-28 15:36:12,439 - INFO: Loss: 0.114576
2025-03-28 15:36:12,439 - INFO: Training ROC-AUC: 1.000000
2025-03-28 15:36:12,439 - INFO: Validation ROC-AUC: 0.881025
2025-03-28 15:36:26,050 - INFO: Evaluating at iteration 32411
2025-03-28 15:36:27,417 - INFO: Loss: 0.231550
2025-03-28 15:36:27,417 - INFO: Training ROC-AUC: 0.960000
2025-03-28 15:36:27,417 - INFO: Validation ROC-AUC: 0.878295
2025-03-28 15:36:40,897 - INFO: Evaluating at iteration 32911
2025-03-28 15:36:42,209 - INFO: Loss: 0.234420
2025-03-28 15:36:42,209 - INFO: Training ROC-AUC: 0.956522
2025-03-28 15:36:42,209 - INFO: Validation ROC-AUC: 0.880129
2025-03-28 15:36:55,682 - INFO: Evaluating at iteration 33411
2025-03-28 15:36:57,002 - INFO: Loss: 0.189435
2025-03-28 15:36:57,003 - INFO: Training ROC-AUC: 0.933333
2025-03-28 15:36:57,003 - INFO: Validation ROC-AUC: 0.882654
2025-03-28 15:36:59,564 - INFO: Starting epoch 17
2025-03-28 15:36:59,592 - INFO: Evaluating at iteration 33505
2025-03-28 15:37:00,954 - INFO: Loss: 0.096746
2025-03-28 15:37:00,954 - INFO: Training ROC-AUC: 0.985185
2025-03-28 15:37:00,954 - INFO: Validation ROC-AUC: 0.882464
2025-03-28 15:37:14,385 - INFO: Evaluating at iteration 34005
2025-03-28 15:37:15,749 - INFO: Loss: 0.194180
2025-03-28 15:37:15,749 - INFO: Training ROC-AUC: 0.896552
2025-03-28 15:37:15,749 - INFO: Validation ROC-AUC: 0.880461
2025-03-28 15:37:29,175 - INFO: Evaluating at iteration 34505
2025-03-28 15:37:30,541 - INFO: Loss: 0.111357
2025-03-28 15:37:30,541 - INFO: Training ROC-AUC: 1.000000
2025-03-28 15:37:30,541 - INFO: Validation ROC-AUC: 0.882065
2025-03-28 15:37:43,962 - INFO: Evaluating at iteration 35005
2025-03-28 15:37:45,283 - INFO: Loss: 0.208159
2025-03-28 15:37:45,284 - INFO: Training ROC-AUC: 0.901786
2025-03-28 15:37:45,284 - INFO: Validation ROC-AUC: 0.882303
2025-03-28 15:37:58,763 - INFO: Evaluating at iteration 35505
2025-03-28 15:38:00,127 - INFO: Loss: 0.072905
2025-03-28 15:38:00,128 - INFO: Training ROC-AUC: 1.000000
2025-03-28 15:38:00,128 - INFO: Validation ROC-AUC: 0.882412
2025-03-28 15:38:02,814 - INFO: Starting epoch 18
2025-03-28 15:38:02,842 - INFO: Evaluating at iteration 35599
2025-03-28 15:38:04,221 - INFO: Loss: 0.167623
2025-03-28 15:38:04,221 - INFO: Training ROC-AUC: 0.979167
2025-03-28 15:38:04,221 - INFO: Validation ROC-AUC: 0.881771
2025-03-28 15:38:17,767 - INFO: Evaluating at iteration 36099
2025-03-28 15:38:19,179 - INFO: Loss: 0.394070
2025-03-28 15:38:19,179 - INFO: Training ROC-AUC: 0.814103
2025-03-28 15:38:19,179 - INFO: Validation ROC-AUC: 0.880386
2025-03-28 15:38:32,619 - INFO: Evaluating at iteration 36599
2025-03-28 15:38:33,937 - INFO: Loss: 0.235747
2025-03-28 15:38:33,937 - INFO: Training ROC-AUC: 0.963542
2025-03-28 15:38:33,937 - INFO: Validation ROC-AUC: 0.881673
2025-03-28 15:38:47,632 - INFO: Evaluating at iteration 37099
2025-03-28 15:38:49,010 - INFO: Loss: 0.093381
2025-03-28 15:38:49,010 - INFO: Training ROC-AUC: 1.000000
2025-03-28 15:38:49,010 - INFO: Validation ROC-AUC: 0.880062
2025-03-28 15:39:02,586 - INFO: Evaluating at iteration 37599
2025-03-28 15:39:03,915 - INFO: Loss: 0.266377
2025-03-28 15:39:03,915 - INFO: Training ROC-AUC: 0.948052
2025-03-28 15:39:03,915 - INFO: Validation ROC-AUC: 0.878211
2025-03-28 15:39:06,420 - INFO: Starting epoch 19
2025-03-28 15:39:06,448 - INFO: Evaluating at iteration 37693
2025-03-28 15:39:07,783 - INFO: Loss: 0.278817
2025-03-28 15:39:07,783 - INFO: Training ROC-AUC: 0.910256
2025-03-28 15:39:07,783 - INFO: Validation ROC-AUC: 0.881604
2025-03-28 15:39:21,484 - INFO: Evaluating at iteration 38193
2025-03-28 15:39:22,845 - INFO: Loss: 0.260384
2025-03-28 15:39:22,845 - INFO: Training ROC-AUC: 0.903704
2025-03-28 15:39:22,845 - INFO: Validation ROC-AUC: 0.881140
2025-03-28 15:39:36,431 - INFO: Evaluating at iteration 38693
2025-03-28 15:39:37,769 - INFO: Loss: 0.237669
2025-03-28 15:39:37,769 - INFO: Training ROC-AUC: 0.937500
2025-03-28 15:39:37,769 - INFO: Validation ROC-AUC: 0.879830
2025-03-28 15:39:51,336 - INFO: Evaluating at iteration 39193
2025-03-28 15:39:52,704 - INFO: Loss: 0.332500
2025-03-28 15:39:52,704 - INFO: Training ROC-AUC: 0.858974
2025-03-28 15:39:52,704 - INFO: Validation ROC-AUC: 0.880302
2025-03-28 15:40:06,308 - INFO: Evaluating at iteration 39693
2025-03-28 15:40:07,664 - INFO: Loss: 0.278923
2025-03-28 15:40:07,664 - INFO: Training ROC-AUC: 0.866071
2025-03-28 15:40:07,664 - INFO: Validation ROC-AUC: 0.882569
2025-03-28 15:40:10,209 - INFO: Starting epoch 20
2025-03-28 15:40:10,238 - INFO: Evaluating at iteration 39787
2025-03-28 15:40:11,563 - INFO: Loss: 0.248241
2025-03-28 15:40:11,563 - INFO: Training ROC-AUC: 0.895833
2025-03-28 15:40:11,564 - INFO: Validation ROC-AUC: 0.880821
2025-03-28 15:40:25,278 - INFO: Evaluating at iteration 40287
2025-03-28 15:40:26,649 - INFO: Loss: 0.101206
2025-03-28 15:40:26,650 - INFO: Training ROC-AUC: 1.000000
2025-03-28 15:40:26,650 - INFO: Validation ROC-AUC: 0.880303
2025-03-28 15:40:40,255 - INFO: Evaluating at iteration 40787
2025-03-28 15:40:41,607 - INFO: Loss: 0.113002
2025-03-28 15:40:41,607 - INFO: Training ROC-AUC: 0.977011
2025-03-28 15:40:41,607 - INFO: Validation ROC-AUC: 0.879174
2025-03-28 15:40:55,330 - INFO: Evaluating at iteration 41287
2025-03-28 15:40:56,684 - INFO: Loss: 0.091465
2025-03-28 15:40:56,685 - INFO: Training ROC-AUC: 0.991071
2025-03-28 15:40:56,685 - INFO: Validation ROC-AUC: 0.881228
2025-03-28 15:41:10,720 - INFO: Evaluating at iteration 41787
2025-03-28 15:41:12,089 - INFO: Loss: 0.048015
2025-03-28 15:41:12,089 - INFO: Training ROC-AUC: 1.000000
2025-03-28 15:41:12,089 - INFO: Validation ROC-AUC: 0.881036
2025-03-28 15:41:14,736 - INFO: Starting epoch 21
2025-03-28 15:41:14,764 - INFO: Evaluating at iteration 41881
2025-03-28 15:41:16,134 - INFO: Loss: 0.092123
2025-03-28 15:41:16,134 - INFO: Training ROC-AUC: 0.993590
2025-03-28 15:41:16,134 - INFO: Validation ROC-AUC: 0.880620
2025-03-28 15:41:30,043 - INFO: Evaluating at iteration 42381
2025-03-28 15:41:31,366 - INFO: Loss: 0.209746
2025-03-28 15:41:31,366 - INFO: Training ROC-AUC: 0.960000
2025-03-28 15:41:31,366 - INFO: Validation ROC-AUC: 0.878361
2025-03-28 15:41:45,226 - INFO: Evaluating at iteration 42881
2025-03-28 15:41:46,594 - INFO: Loss: 0.166836
2025-03-28 15:41:46,594 - INFO: Training ROC-AUC: 0.974359
2025-03-28 15:41:46,594 - INFO: Validation ROC-AUC: 0.880677
2025-03-28 15:42:00,407 - INFO: Evaluating at iteration 43381
2025-03-28 15:42:01,759 - INFO: Loss: 0.117139
2025-03-28 15:42:01,759 - INFO: Training ROC-AUC: 0.977011
2025-03-28 15:42:01,759 - INFO: Validation ROC-AUC: 0.880818
2025-03-28 15:42:15,511 - INFO: Evaluating at iteration 43881
2025-03-28 15:42:16,919 - INFO: Loss: 0.139369
2025-03-28 15:42:16,919 - INFO: Training ROC-AUC: 0.946429
2025-03-28 15:42:16,919 - INFO: Validation ROC-AUC: 0.880672
2025-03-28 15:42:19,497 - INFO: Starting epoch 22
2025-03-28 15:42:19,525 - INFO: Evaluating at iteration 43975
2025-03-28 15:42:20,836 - INFO: Loss: 0.138277
2025-03-28 15:42:20,836 - INFO: Training ROC-AUC: 1.000000
2025-03-28 15:42:20,836 - INFO: Validation ROC-AUC: 0.881581
2025-03-28 15:42:34,667 - INFO: Evaluating at iteration 44475
2025-03-28 15:42:36,039 - INFO: Loss: 0.154625
2025-03-28 15:42:36,040 - INFO: Training ROC-AUC: 0.955556
2025-03-28 15:42:36,040 - INFO: Validation ROC-AUC: 0.878641
2025-03-28 15:42:49,969 - INFO: Evaluating at iteration 44975
2025-03-28 15:42:51,336 - INFO: Loss: 0.345360
2025-03-28 15:42:51,336 - INFO: Training ROC-AUC: 0.918182
2025-03-28 15:42:51,336 - INFO: Validation ROC-AUC: 0.876578
2025-03-28 15:43:05,482 - INFO: Evaluating at iteration 45475
2025-03-28 15:43:06,858 - INFO: Loss: 0.125604
2025-03-28 15:43:06,858 - INFO: Training ROC-AUC: 0.977011
2025-03-28 15:43:06,858 - INFO: Validation ROC-AUC: 0.880531
2025-03-28 15:43:20,815 - INFO: Evaluating at iteration 45975
2025-03-28 15:43:22,179 - INFO: Loss: 0.140350
2025-03-28 15:43:22,179 - INFO: Training ROC-AUC: 0.980769
2025-03-28 15:43:22,179 - INFO: Validation ROC-AUC: 0.879285
2025-03-28 15:43:24,751 - INFO: Starting epoch 23
2025-03-28 15:43:24,779 - INFO: Evaluating at iteration 46069
2025-03-28 15:43:26,154 - INFO: Loss: 0.144854
2025-03-28 15:43:26,155 - INFO: Training ROC-AUC: 1.000000
2025-03-28 15:43:26,155 - INFO: Validation ROC-AUC: 0.876172
2025-03-28 15:43:40,120 - INFO: Evaluating at iteration 46569
2025-03-28 15:43:41,469 - INFO: Loss: 0.071527
2025-03-28 15:43:41,469 - INFO: Training ROC-AUC: 1.000000
2025-03-28 15:43:41,469 - INFO: Validation ROC-AUC: 0.877061
2025-03-28 15:43:55,591 - INFO: Evaluating at iteration 47069
2025-03-28 15:43:56,924 - INFO: Loss: 0.174992
2025-03-28 15:43:56,924 - INFO: Training ROC-AUC: 1.000000
2025-03-28 15:43:56,924 - INFO: Validation ROC-AUC: 0.877825
2025-03-28 15:44:11,252 - INFO: Evaluating at iteration 47569
2025-03-28 15:44:12,587 - INFO: Loss: 0.196732
2025-03-28 15:44:12,587 - INFO: Training ROC-AUC: 0.977273
2025-03-28 15:44:12,587 - INFO: Validation ROC-AUC: 0.878132
2025-03-28 15:44:26,888 - INFO: Evaluating at iteration 48069
2025-03-28 15:44:28,292 - INFO: Loss: 0.185159
2025-03-28 15:44:28,292 - INFO: Training ROC-AUC: 0.948148
2025-03-28 15:44:28,292 - INFO: Validation ROC-AUC: 0.876846
2025-03-28 15:44:30,950 - INFO: Starting epoch 24
2025-03-28 15:44:30,985 - INFO: Evaluating at iteration 48163
2025-03-28 15:44:32,350 - INFO: Loss: 0.133415
2025-03-28 15:44:32,351 - INFO: Training ROC-AUC: 0.942529
2025-03-28 15:44:32,351 - INFO: Validation ROC-AUC: 0.877273
2025-03-28 15:44:46,514 - INFO: Evaluating at iteration 48663
2025-03-28 15:44:47,819 - INFO: Loss: 0.124491
2025-03-28 15:44:47,819 - INFO: Training ROC-AUC: 0.983333
2025-03-28 15:44:47,819 - INFO: Validation ROC-AUC: 0.877327
2025-03-28 15:45:02,061 - INFO: Evaluating at iteration 49163
2025-03-28 15:45:03,431 - INFO: Loss: 0.098768
2025-03-28 15:45:03,431 - INFO: Training ROC-AUC: 0.988506
2025-03-28 15:45:03,431 - INFO: Validation ROC-AUC: 0.877451
2025-03-28 15:45:17,639 - INFO: Evaluating at iteration 49663
2025-03-28 15:45:18,978 - INFO: Loss: 0.155901
2025-03-28 15:45:18,978 - INFO: Training ROC-AUC: 0.970370
2025-03-28 15:45:18,978 - INFO: Validation ROC-AUC: 0.875822
2025-03-28 15:45:33,323 - INFO: Evaluating at iteration 50163
2025-03-28 15:45:34,659 - INFO: Loss: 0.046429
2025-03-28 15:45:34,659 - INFO: Training ROC-AUC: 1.000000
2025-03-28 15:45:34,659 - INFO: Validation ROC-AUC: 0.877766
2025-03-28 15:45:37,475 - INFO: Starting epoch 25
2025-03-28 15:45:37,504 - INFO: Evaluating at iteration 50257
2025-03-28 15:45:38,878 - INFO: Loss: 0.089077
2025-03-28 15:45:38,878 - INFO: Training ROC-AUC: 1.000000
2025-03-28 15:45:38,878 - INFO: Validation ROC-AUC: 0.877307
2025-03-28 15:45:53,186 - INFO: Evaluating at iteration 50757
2025-03-28 15:45:54,510 - INFO: Loss: 0.086914
2025-03-28 15:45:54,510 - INFO: Training ROC-AUC: 1.000000
2025-03-28 15:45:54,510 - INFO: Validation ROC-AUC: 0.875156
2025-03-28 15:46:09,052 - INFO: Evaluating at iteration 51257
2025-03-28 15:46:10,348 - INFO: Loss: 0.097273
2025-03-28 15:46:10,348 - INFO: Training ROC-AUC: 0.985185
2025-03-28 15:46:10,348 - INFO: Validation ROC-AUC: 0.878032
2025-03-28 15:46:24,780 - INFO: Evaluating at iteration 51757
2025-03-28 15:46:26,088 - INFO: Loss: 0.146781
2025-03-28 15:46:26,088 - INFO: Training ROC-AUC: 0.970370
2025-03-28 15:46:26,088 - INFO: Validation ROC-AUC: 0.874828
2025-03-28 15:46:40,685 - INFO: Evaluating at iteration 52257
2025-03-28 15:46:42,038 - INFO: Loss: 0.166497
2025-03-28 15:46:42,038 - INFO: Training ROC-AUC: 0.919540
2025-03-28 15:46:42,039 - INFO: Validation ROC-AUC: 0.876890
2025-03-28 15:46:44,800 - INFO: Saving model to models/TCRStructMap_tcr_levenshtein_split/model_3.pt
2025-03-28 15:46:44,813 - INFO: Starting fold 4
2025-03-28 15:46:44,814 - INFO: Initialising model
2025-03-28 15:46:44,824 - INFO: Starting training
2025-03-28 15:46:44,825 - INFO: Starting epoch 1
2025-03-28 15:46:44,854 - INFO: Evaluating at iteration 1
2025-03-28 15:46:46,139 - INFO: Loss: 0.699922
2025-03-28 15:46:46,139 - INFO: Training ROC-AUC: 0.518519
2025-03-28 15:46:46,139 - INFO: Validation ROC-AUC: 0.512259
2025-03-28 15:46:58,966 - INFO: Evaluating at iteration 501
2025-03-28 15:47:00,320 - INFO: Loss: 0.563859
2025-03-28 15:47:00,320 - INFO: Training ROC-AUC: 0.382857
2025-03-28 15:47:00,320 - INFO: Validation ROC-AUC: 0.602870
2025-03-28 15:47:13,609 - INFO: Evaluating at iteration 1001
2025-03-28 15:47:14,928 - INFO: Loss: 0.409047
2025-03-28 15:47:14,928 - INFO: Training ROC-AUC: 0.884615
2025-03-28 15:47:14,928 - INFO: Validation ROC-AUC: 0.611042
2025-03-28 15:47:28,167 - INFO: Evaluating at iteration 1501
2025-03-28 15:47:29,540 - INFO: Loss: 0.404196
2025-03-28 15:47:29,540 - INFO: Training ROC-AUC: 0.294643
2025-03-28 15:47:29,540 - INFO: Validation ROC-AUC: 0.627955
2025-03-28 15:47:42,772 - INFO: Evaluating at iteration 2001
2025-03-28 15:47:44,176 - INFO: Loss: 0.329745
2025-03-28 15:47:44,176 - INFO: Training ROC-AUC: 0.800000
2025-03-28 15:47:44,176 - INFO: Validation ROC-AUC: 0.682313
2025-03-28 15:47:46,641 - INFO: Starting epoch 2
2025-03-28 15:47:46,667 - INFO: Evaluating at iteration 2098
2025-03-28 15:47:47,974 - INFO: Loss: 0.327389
2025-03-28 15:47:47,974 - INFO: Training ROC-AUC: 0.540230
2025-03-28 15:47:47,974 - INFO: Validation ROC-AUC: 0.695451
2025-03-28 15:48:00,802 - INFO: Evaluating at iteration 2598
2025-03-28 15:48:02,166 - INFO: Loss: 0.443396
2025-03-28 15:48:02,166 - INFO: Training ROC-AUC: 0.725714
2025-03-28 15:48:02,166 - INFO: Validation ROC-AUC: 0.769746
2025-03-28 15:48:15,156 - INFO: Evaluating at iteration 3098
2025-03-28 15:48:16,488 - INFO: Loss: 0.231325
2025-03-28 15:48:16,488 - INFO: Training ROC-AUC: 0.850575
2025-03-28 15:48:16,488 - INFO: Validation ROC-AUC: 0.793161
2025-03-28 15:48:29,501 - INFO: Evaluating at iteration 3598
2025-03-28 15:48:30,852 - INFO: Loss: 0.366866
2025-03-28 15:48:30,852 - INFO: Training ROC-AUC: 0.822857
2025-03-28 15:48:30,852 - INFO: Validation ROC-AUC: 0.805496
2025-03-28 15:48:43,804 - INFO: Evaluating at iteration 4098
2025-03-28 15:48:45,123 - INFO: Loss: 0.508594
2025-03-28 15:48:45,124 - INFO: Training ROC-AUC: 0.748792
2025-03-28 15:48:45,124 - INFO: Validation ROC-AUC: 0.811470
2025-03-28 15:48:47,626 - INFO: Starting epoch 3
2025-03-28 15:48:47,674 - INFO: Evaluating at iteration 4195
2025-03-28 15:48:49,008 - INFO: Loss: 0.216887
2025-03-28 15:48:49,009 - INFO: Training ROC-AUC: 0.911111
2025-03-28 15:48:49,009 - INFO: Validation ROC-AUC: 0.810579
2025-03-28 15:49:02,012 - INFO: Evaluating at iteration 4695
2025-03-28 15:49:03,355 - INFO: Loss: 0.115085
2025-03-28 15:49:03,355 - INFO: Training ROC-AUC: 1.000000
2025-03-28 15:49:03,355 - INFO: Validation ROC-AUC: 0.818788
2025-03-28 15:49:16,492 - INFO: Evaluating at iteration 5195
2025-03-28 15:49:17,858 - INFO: Loss: 0.432822
2025-03-28 15:49:17,859 - INFO: Training ROC-AUC: 0.711538
2025-03-28 15:49:17,859 - INFO: Validation ROC-AUC: 0.819742
2025-03-28 15:49:30,893 - INFO: Evaluating at iteration 5695
2025-03-28 15:49:32,272 - INFO: Loss: 0.308291
2025-03-28 15:49:32,272 - INFO: Training ROC-AUC: 0.839744
2025-03-28 15:49:32,272 - INFO: Validation ROC-AUC: 0.824523
2025-03-28 15:49:45,403 - INFO: Evaluating at iteration 6195
2025-03-28 15:49:46,739 - INFO: Loss: 0.264672
2025-03-28 15:49:46,739 - INFO: Training ROC-AUC: 0.803571
2025-03-28 15:49:46,739 - INFO: Validation ROC-AUC: 0.826973
2025-03-28 15:49:49,245 - INFO: Starting epoch 4
2025-03-28 15:49:49,272 - INFO: Evaluating at iteration 6292
2025-03-28 15:49:50,580 - INFO: Loss: 0.342653
2025-03-28 15:49:50,580 - INFO: Training ROC-AUC: 0.769231
2025-03-28 15:49:50,580 - INFO: Validation ROC-AUC: 0.827151
2025-03-28 15:50:03,676 - INFO: Evaluating at iteration 6792
2025-03-28 15:50:04,975 - INFO: Loss: 0.204564
2025-03-28 15:50:04,975 - INFO: Training ROC-AUC: 0.910714
2025-03-28 15:50:04,975 - INFO: Validation ROC-AUC: 0.826186
2025-03-28 15:50:18,020 - INFO: Evaluating at iteration 7292
2025-03-28 15:50:19,398 - INFO: Loss: 0.235115
2025-03-28 15:50:19,398 - INFO: Training ROC-AUC: 0.967949
2025-03-28 15:50:19,398 - INFO: Validation ROC-AUC: 0.833088
2025-03-28 15:50:32,576 - INFO: Evaluating at iteration 7792
2025-03-28 15:50:33,933 - INFO: Loss: 0.264005
2025-03-28 15:50:33,933 - INFO: Training ROC-AUC: 0.942308
2025-03-28 15:50:33,933 - INFO: Validation ROC-AUC: 0.835477
2025-03-28 15:50:46,910 - INFO: Evaluating at iteration 8292
2025-03-28 15:50:48,240 - INFO: Loss: 0.230116
2025-03-28 15:50:48,240 - INFO: Training ROC-AUC: 0.948718
2025-03-28 15:50:48,240 - INFO: Validation ROC-AUC: 0.836530
2025-03-28 15:50:50,814 - INFO: Starting epoch 5
2025-03-28 15:50:50,844 - INFO: Evaluating at iteration 8389
2025-03-28 15:50:52,198 - INFO: Loss: 0.181679
2025-03-28 15:50:52,198 - INFO: Training ROC-AUC: 0.937500
2025-03-28 15:50:52,198 - INFO: Validation ROC-AUC: 0.836086
2025-03-28 15:51:05,719 - INFO: Evaluating at iteration 8889
2025-03-28 15:51:07,073 - INFO: Loss: 0.156905
2025-03-28 15:51:07,073 - INFO: Training ROC-AUC: 0.988506
2025-03-28 15:51:07,073 - INFO: Validation ROC-AUC: 0.839499
2025-03-28 15:51:20,395 - INFO: Evaluating at iteration 9389
2025-03-28 15:51:21,711 - INFO: Loss: 0.181001
2025-03-28 15:51:21,712 - INFO: Training ROC-AUC: 0.991071
2025-03-28 15:51:21,712 - INFO: Validation ROC-AUC: 0.841388
2025-03-28 15:51:34,720 - INFO: Evaluating at iteration 9889
2025-03-28 15:51:36,002 - INFO: Loss: 0.099028
2025-03-28 15:51:36,002 - INFO: Training ROC-AUC: 1.000000
2025-03-28 15:51:36,002 - INFO: Validation ROC-AUC: 0.843990
2025-03-28 15:51:49,268 - INFO: Evaluating at iteration 10389
2025-03-28 15:51:50,659 - INFO: Loss: 0.369291
2025-03-28 15:51:50,659 - INFO: Training ROC-AUC: 0.888889
2025-03-28 15:51:50,659 - INFO: Validation ROC-AUC: 0.844284
2025-03-28 15:51:53,234 - INFO: Starting epoch 6
2025-03-28 15:51:53,261 - INFO: Evaluating at iteration 10486
2025-03-28 15:51:54,608 - INFO: Loss: 0.295975
2025-03-28 15:51:54,608 - INFO: Training ROC-AUC: 0.871795
2025-03-28 15:51:54,608 - INFO: Validation ROC-AUC: 0.845153
2025-03-28 15:52:07,865 - INFO: Evaluating at iteration 10986
2025-03-28 15:52:09,191 - INFO: Loss: 0.312907
2025-03-28 15:52:09,191 - INFO: Training ROC-AUC: 0.920000
2025-03-28 15:52:09,191 - INFO: Validation ROC-AUC: 0.845787
2025-03-28 15:52:22,441 - INFO: Evaluating at iteration 11486
2025-03-28 15:52:23,748 - INFO: Loss: 0.211774
2025-03-28 15:52:23,748 - INFO: Training ROC-AUC: 0.963542
2025-03-28 15:52:23,748 - INFO: Validation ROC-AUC: 0.847229
2025-03-28 15:52:36,944 - INFO: Evaluating at iteration 11986
2025-03-28 15:52:38,251 - INFO: Loss: 0.263502
2025-03-28 15:52:38,251 - INFO: Training ROC-AUC: 0.923077
2025-03-28 15:52:38,251 - INFO: Validation ROC-AUC: 0.844834
2025-03-28 15:52:51,565 - INFO: Evaluating at iteration 12486
2025-03-28 15:52:52,875 - INFO: Loss: 0.288613
2025-03-28 15:52:52,875 - INFO: Training ROC-AUC: 0.920000
2025-03-28 15:52:52,875 - INFO: Validation ROC-AUC: 0.847752
2025-03-28 15:52:55,425 - INFO: Starting epoch 7
2025-03-28 15:52:55,453 - INFO: Evaluating at iteration 12583
2025-03-28 15:52:56,734 - INFO: Loss: 0.299240
2025-03-28 15:52:56,734 - INFO: Training ROC-AUC: 0.826923
2025-03-28 15:52:56,734 - INFO: Validation ROC-AUC: 0.846604
2025-03-28 15:53:10,090 - INFO: Evaluating at iteration 13083
2025-03-28 15:53:11,455 - INFO: Loss: 0.225534
2025-03-28 15:53:11,455 - INFO: Training ROC-AUC: 0.948148
2025-03-28 15:53:11,455 - INFO: Validation ROC-AUC: 0.847323
2025-03-28 15:53:24,705 - INFO: Evaluating at iteration 13583
2025-03-28 15:53:26,044 - INFO: Loss: 0.259056
2025-03-28 15:53:26,045 - INFO: Training ROC-AUC: 0.925926
2025-03-28 15:53:26,045 - INFO: Validation ROC-AUC: 0.850024
2025-03-28 15:53:39,494 - INFO: Evaluating at iteration 14083
2025-03-28 15:53:40,827 - INFO: Loss: 0.339542
2025-03-28 15:53:40,827 - INFO: Training ROC-AUC: 0.885714
2025-03-28 15:53:40,827 - INFO: Validation ROC-AUC: 0.850456
2025-03-28 15:53:54,068 - INFO: Evaluating at iteration 14583
2025-03-28 15:53:55,423 - INFO: Loss: 0.324962
2025-03-28 15:53:55,423 - INFO: Training ROC-AUC: 0.833333
2025-03-28 15:53:55,423 - INFO: Validation ROC-AUC: 0.852444
2025-03-28 15:53:58,051 - INFO: Starting epoch 8
2025-03-28 15:53:58,082 - INFO: Evaluating at iteration 14680
2025-03-28 15:53:59,461 - INFO: Loss: 0.161172
2025-03-28 15:53:59,461 - INFO: Training ROC-AUC: 0.955357
2025-03-28 15:53:59,461 - INFO: Validation ROC-AUC: 0.853269
2025-03-28 15:54:12,819 - INFO: Evaluating at iteration 15180
2025-03-28 15:54:14,232 - INFO: Loss: 0.265107
2025-03-28 15:54:14,232 - INFO: Training ROC-AUC: 0.897436
2025-03-28 15:54:14,233 - INFO: Validation ROC-AUC: 0.851438
2025-03-28 15:54:27,739 - INFO: Evaluating at iteration 15680
2025-03-28 15:54:29,150 - INFO: Loss: 0.097468
2025-03-28 15:54:29,150 - INFO: Training ROC-AUC: 1.000000
2025-03-28 15:54:29,150 - INFO: Validation ROC-AUC: 0.851625
2025-03-28 15:54:42,535 - INFO: Evaluating at iteration 16180
2025-03-28 15:54:43,906 - INFO: Loss: 0.203203
2025-03-28 15:54:43,906 - INFO: Training ROC-AUC: 0.971429
2025-03-28 15:54:43,906 - INFO: Validation ROC-AUC: 0.851856
2025-03-28 15:54:57,130 - INFO: Evaluating at iteration 16680
2025-03-28 15:54:58,482 - INFO: Loss: 0.231426
2025-03-28 15:54:58,482 - INFO: Training ROC-AUC: 0.947917
2025-03-28 15:54:58,482 - INFO: Validation ROC-AUC: 0.854037
2025-03-28 15:55:01,034 - INFO: Starting epoch 9
2025-03-28 15:55:01,062 - INFO: Evaluating at iteration 16777
2025-03-28 15:55:02,345 - INFO: Loss: 0.166795
2025-03-28 15:55:02,345 - INFO: Training ROC-AUC: 1.000000
2025-03-28 15:55:02,345 - INFO: Validation ROC-AUC: 0.852777
2025-03-28 15:55:15,654 - INFO: Evaluating at iteration 17277
2025-03-28 15:55:17,035 - INFO: Loss: 0.376603
2025-03-28 15:55:17,035 - INFO: Training ROC-AUC: 0.901042
2025-03-28 15:55:17,035 - INFO: Validation ROC-AUC: 0.852827
2025-03-28 15:55:30,519 - INFO: Evaluating at iteration 17777
2025-03-28 15:55:31,833 - INFO: Loss: 0.163878
2025-03-28 15:55:31,833 - INFO: Training ROC-AUC: 0.962963
2025-03-28 15:55:31,833 - INFO: Validation ROC-AUC: 0.851680
2025-03-28 15:55:45,222 - INFO: Evaluating at iteration 18277
2025-03-28 15:55:46,583 - INFO: Loss: 0.199192
2025-03-28 15:55:46,583 - INFO: Training ROC-AUC: 0.919643
2025-03-28 15:55:46,583 - INFO: Validation ROC-AUC: 0.853444
2025-03-28 15:55:59,989 - INFO: Evaluating at iteration 18777
2025-03-28 15:56:01,317 - INFO: Loss: 0.313625
2025-03-28 15:56:01,317 - INFO: Training ROC-AUC: 0.851852
2025-03-28 15:56:01,317 - INFO: Validation ROC-AUC: 0.854998
2025-03-28 15:56:03,947 - INFO: Starting epoch 10
2025-03-28 15:56:03,975 - INFO: Evaluating at iteration 18874
2025-03-28 15:56:05,273 - INFO: Loss: 0.294712
2025-03-28 15:56:05,273 - INFO: Training ROC-AUC: 0.913636
2025-03-28 15:56:05,273 - INFO: Validation ROC-AUC: 0.857113
2025-03-28 15:56:20,494 - INFO: Evaluating at iteration 19374
2025-03-28 15:56:21,872 - INFO: Loss: 0.235554
2025-03-28 15:56:21,872 - INFO: Training ROC-AUC: 0.875000
2025-03-28 15:56:21,872 - INFO: Validation ROC-AUC: 0.856161
2025-03-28 15:56:35,240 - INFO: Evaluating at iteration 19874
2025-03-28 15:56:36,619 - INFO: Loss: 0.260153
2025-03-28 15:56:36,619 - INFO: Training ROC-AUC: 0.919643
2025-03-28 15:56:36,619 - INFO: Validation ROC-AUC: 0.855225
2025-03-28 15:56:50,214 - INFO: Evaluating at iteration 20374
2025-03-28 15:56:51,529 - INFO: Loss: 0.347032
2025-03-28 15:56:51,529 - INFO: Training ROC-AUC: 0.895833
2025-03-28 15:56:51,529 - INFO: Validation ROC-AUC: 0.856346
2025-03-28 15:57:05,070 - INFO: Evaluating at iteration 20874
2025-03-28 15:57:06,377 - INFO: Loss: 0.144429
2025-03-28 15:57:06,377 - INFO: Training ROC-AUC: 0.994286
2025-03-28 15:57:06,377 - INFO: Validation ROC-AUC: 0.858175
2025-03-28 15:57:09,008 - INFO: Starting epoch 11
2025-03-28 15:57:09,036 - INFO: Evaluating at iteration 20971
2025-03-28 15:57:10,302 - INFO: Loss: 0.307564
2025-03-28 15:57:10,302 - INFO: Training ROC-AUC: 0.908571
2025-03-28 15:57:10,302 - INFO: Validation ROC-AUC: 0.857201
2025-03-28 15:57:23,844 - INFO: Evaluating at iteration 21471
2025-03-28 15:57:25,196 - INFO: Loss: 0.127801
2025-03-28 15:57:25,196 - INFO: Training ROC-AUC: 0.977011
2025-03-28 15:57:25,196 - INFO: Validation ROC-AUC: 0.856720
2025-03-28 15:57:38,571 - INFO: Evaluating at iteration 21971
2025-03-28 15:57:39,917 - INFO: Loss: 0.287809
2025-03-28 15:57:39,917 - INFO: Training ROC-AUC: 0.901042
2025-03-28 15:57:39,917 - INFO: Validation ROC-AUC: 0.858519
2025-03-28 15:57:53,589 - INFO: Evaluating at iteration 22471
2025-03-28 15:57:54,910 - INFO: Loss: 0.179075
2025-03-28 15:57:54,910 - INFO: Training ROC-AUC: 0.928571
2025-03-28 15:57:54,910 - INFO: Validation ROC-AUC: 0.857923
2025-03-28 15:58:08,396 - INFO: Evaluating at iteration 22971
2025-03-28 15:58:09,691 - INFO: Loss: 0.358694
2025-03-28 15:58:09,691 - INFO: Training ROC-AUC: 0.885714
2025-03-28 15:58:09,691 - INFO: Validation ROC-AUC: 0.859963
2025-03-28 15:58:12,277 - INFO: Starting epoch 12
2025-03-28 15:58:12,305 - INFO: Evaluating at iteration 23068
2025-03-28 15:58:13,709 - INFO: Loss: 0.190363
2025-03-28 15:58:13,709 - INFO: Training ROC-AUC: 0.954023
2025-03-28 15:58:13,709 - INFO: Validation ROC-AUC: 0.859712
2025-03-28 15:58:27,108 - INFO: Evaluating at iteration 23568
2025-03-28 15:58:28,488 - INFO: Loss: 0.057758
2025-03-28 15:58:28,488 - INFO: Training ROC-AUC: 1.000000
2025-03-28 15:58:28,488 - INFO: Validation ROC-AUC: 0.857292
2025-03-28 15:58:41,952 - INFO: Evaluating at iteration 24068
2025-03-28 15:58:43,260 - INFO: Loss: 0.176970
2025-03-28 15:58:43,261 - INFO: Training ROC-AUC: 0.919540
2025-03-28 15:58:43,261 - INFO: Validation ROC-AUC: 0.858094
2025-03-28 15:58:56,707 - INFO: Evaluating at iteration 24568
2025-03-28 15:58:58,093 - INFO: Loss: 0.100543
2025-03-28 15:58:58,093 - INFO: Training ROC-AUC: 0.967742
2025-03-28 15:58:58,093 - INFO: Validation ROC-AUC: 0.860366
2025-03-28 15:59:11,565 - INFO: Evaluating at iteration 25068
2025-03-28 15:59:12,938 - INFO: Loss: 0.085146
2025-03-28 15:59:12,938 - INFO: Training ROC-AUC: 1.000000
2025-03-28 15:59:12,939 - INFO: Validation ROC-AUC: 0.858148
2025-03-28 15:59:15,578 - INFO: Starting epoch 13
2025-03-28 15:59:15,606 - INFO: Evaluating at iteration 25165
2025-03-28 15:59:16,933 - INFO: Loss: 0.275679
2025-03-28 15:59:16,933 - INFO: Training ROC-AUC: 0.925714
2025-03-28 15:59:16,933 - INFO: Validation ROC-AUC: 0.858887
2025-03-28 15:59:30,388 - INFO: Evaluating at iteration 25665
2025-03-28 15:59:31,714 - INFO: Loss: 0.187083
2025-03-28 15:59:31,714 - INFO: Training ROC-AUC: 0.980769
2025-03-28 15:59:31,714 - INFO: Validation ROC-AUC: 0.860621
2025-03-28 15:59:45,068 - INFO: Evaluating at iteration 26165
2025-03-28 15:59:46,362 - INFO: Loss: 0.235229
2025-03-28 15:59:46,362 - INFO: Training ROC-AUC: 0.892857
2025-03-28 15:59:46,362 - INFO: Validation ROC-AUC: 0.859777
2025-03-28 15:59:59,830 - INFO: Evaluating at iteration 26665
2025-03-28 16:00:01,153 - INFO: Loss: 0.234568
2025-03-28 16:00:01,153 - INFO: Training ROC-AUC: 0.942308
2025-03-28 16:00:01,153 - INFO: Validation ROC-AUC: 0.859587
2025-03-28 16:00:14,621 - INFO: Evaluating at iteration 27165
2025-03-28 16:00:15,913 - INFO: Loss: 0.115439
2025-03-28 16:00:15,914 - INFO: Training ROC-AUC: 1.000000
2025-03-28 16:00:15,914 - INFO: Validation ROC-AUC: 0.861229
2025-03-28 16:00:18,553 - INFO: Starting epoch 14
2025-03-28 16:00:18,580 - INFO: Evaluating at iteration 27262
2025-03-28 16:00:19,964 - INFO: Loss: 0.542611
2025-03-28 16:00:19,964 - INFO: Training ROC-AUC: 0.801932
2025-03-28 16:00:19,964 - INFO: Validation ROC-AUC: 0.860877
2025-03-28 16:00:33,474 - INFO: Evaluating at iteration 27762
2025-03-28 16:00:34,769 - INFO: Loss: 0.571912
2025-03-28 16:00:34,769 - INFO: Training ROC-AUC: 0.827273
2025-03-28 16:00:34,769 - INFO: Validation ROC-AUC: 0.859440
2025-03-28 16:00:48,229 - INFO: Evaluating at iteration 28262
2025-03-28 16:00:49,506 - INFO: Loss: 0.254914
2025-03-28 16:00:49,506 - INFO: Training ROC-AUC: 0.966184
2025-03-28 16:00:49,506 - INFO: Validation ROC-AUC: 0.860613
2025-03-28 16:01:02,977 - INFO: Evaluating at iteration 28762
2025-03-28 16:01:04,250 - INFO: Loss: 0.216151
2025-03-28 16:01:04,250 - INFO: Training ROC-AUC: 0.925926
2025-03-28 16:01:04,250 - INFO: Validation ROC-AUC: 0.861447
2025-03-28 16:01:17,840 - INFO: Evaluating at iteration 29262
2025-03-28 16:01:19,143 - INFO: Loss: 0.146186
2025-03-28 16:01:19,143 - INFO: Training ROC-AUC: 0.970370
2025-03-28 16:01:19,143 - INFO: Validation ROC-AUC: 0.862711
2025-03-28 16:01:21,819 - INFO: Starting epoch 15
2025-03-28 16:01:21,848 - INFO: Evaluating at iteration 29359
2025-03-28 16:01:23,238 - INFO: Loss: 0.106579
2025-03-28 16:01:23,238 - INFO: Training ROC-AUC: 1.000000
2025-03-28 16:01:23,238 - INFO: Validation ROC-AUC: 0.862180
2025-03-28 16:01:36,733 - INFO: Evaluating at iteration 29859
2025-03-28 16:01:38,063 - INFO: Loss: 0.276424
2025-03-28 16:01:38,063 - INFO: Training ROC-AUC: 0.875000
2025-03-28 16:01:38,063 - INFO: Validation ROC-AUC: 0.858667
2025-03-28 16:01:51,573 - INFO: Evaluating at iteration 30359
2025-03-28 16:01:52,916 - INFO: Loss: 0.128835
2025-03-28 16:01:52,916 - INFO: Training ROC-AUC: 0.993590
2025-03-28 16:01:52,916 - INFO: Validation ROC-AUC: 0.861471
2025-03-28 16:02:06,564 - INFO: Evaluating at iteration 30859
2025-03-28 16:02:07,862 - INFO: Loss: 0.464535
2025-03-28 16:02:07,862 - INFO: Training ROC-AUC: 0.919643
2025-03-28 16:02:07,862 - INFO: Validation ROC-AUC: 0.860052
2025-03-28 16:02:21,305 - INFO: Evaluating at iteration 31359
2025-03-28 16:02:22,658 - INFO: Loss: 0.221987
2025-03-28 16:02:22,658 - INFO: Training ROC-AUC: 0.910714
2025-03-28 16:02:22,658 - INFO: Validation ROC-AUC: 0.860873
2025-03-28 16:02:25,280 - INFO: Starting epoch 16
2025-03-28 16:02:25,309 - INFO: Evaluating at iteration 31456
2025-03-28 16:02:26,618 - INFO: Loss: 0.160757
2025-03-28 16:02:26,619 - INFO: Training ROC-AUC: 0.982143
2025-03-28 16:02:26,619 - INFO: Validation ROC-AUC: 0.860864
2025-03-28 16:02:40,249 - INFO: Evaluating at iteration 31956
2025-03-28 16:02:41,621 - INFO: Loss: 0.391449
2025-03-28 16:02:41,621 - INFO: Training ROC-AUC: 0.829630
2025-03-28 16:02:41,621 - INFO: Validation ROC-AUC: 0.860606
2025-03-28 16:02:55,197 - INFO: Evaluating at iteration 32456
2025-03-28 16:02:56,525 - INFO: Loss: 0.122483
2025-03-28 16:02:56,525 - INFO: Training ROC-AUC: 0.942529
2025-03-28 16:02:56,525 - INFO: Validation ROC-AUC: 0.859330
2025-03-28 16:03:10,148 - INFO: Evaluating at iteration 32956
2025-03-28 16:03:11,519 - INFO: Loss: 0.416373
2025-03-28 16:03:11,519 - INFO: Training ROC-AUC: 0.942857
2025-03-28 16:03:11,519 - INFO: Validation ROC-AUC: 0.861889
2025-03-28 16:03:25,304 - INFO: Evaluating at iteration 33456
2025-03-28 16:03:26,644 - INFO: Loss: 0.082778
2025-03-28 16:03:26,644 - INFO: Training ROC-AUC: 1.000000
2025-03-28 16:03:26,644 - INFO: Validation ROC-AUC: 0.860041
2025-03-28 16:03:29,311 - INFO: Starting epoch 17
2025-03-28 16:03:29,339 - INFO: Evaluating at iteration 33553
2025-03-28 16:03:30,699 - INFO: Loss: 0.109841
2025-03-28 16:03:30,699 - INFO: Training ROC-AUC: 0.982143
2025-03-28 16:03:30,699 - INFO: Validation ROC-AUC: 0.860271
2025-03-28 16:03:44,390 - INFO: Evaluating at iteration 34053
2025-03-28 16:03:45,730 - INFO: Loss: 0.253525
2025-03-28 16:03:45,730 - INFO: Training ROC-AUC: 0.923077
2025-03-28 16:03:45,730 - INFO: Validation ROC-AUC: 0.860747
2025-03-28 16:03:59,402 - INFO: Evaluating at iteration 34553
2025-03-28 16:04:00,725 - INFO: Loss: 0.469766
2025-03-28 16:04:00,725 - INFO: Training ROC-AUC: 0.859375
2025-03-28 16:04:00,725 - INFO: Validation ROC-AUC: 0.860782
2025-03-28 16:04:14,427 - INFO: Evaluating at iteration 35053
2025-03-28 16:04:15,740 - INFO: Loss: 0.270252
2025-03-28 16:04:15,740 - INFO: Training ROC-AUC: 0.927083
2025-03-28 16:04:15,740 - INFO: Validation ROC-AUC: 0.863600
2025-03-28 16:04:29,444 - INFO: Evaluating at iteration 35553
2025-03-28 16:04:30,735 - INFO: Loss: 0.131077
2025-03-28 16:04:30,735 - INFO: Training ROC-AUC: 0.985185
2025-03-28 16:04:30,735 - INFO: Validation ROC-AUC: 0.862922
2025-03-28 16:04:33,399 - INFO: Starting epoch 18
2025-03-28 16:04:33,426 - INFO: Evaluating at iteration 35650
2025-03-28 16:04:34,691 - INFO: Loss: 0.206411
2025-03-28 16:04:34,691 - INFO: Training ROC-AUC: 0.933333
2025-03-28 16:04:34,691 - INFO: Validation ROC-AUC: 0.862224
2025-03-28 16:04:48,447 - INFO: Evaluating at iteration 36150
2025-03-28 16:04:49,789 - INFO: Loss: 0.188507
2025-03-28 16:04:49,790 - INFO: Training ROC-AUC: 0.974359
2025-03-28 16:04:49,790 - INFO: Validation ROC-AUC: 0.860628
2025-03-28 16:05:03,706 - INFO: Evaluating at iteration 36650
2025-03-28 16:05:05,072 - INFO: Loss: 0.133702
2025-03-28 16:05:05,072 - INFO: Training ROC-AUC: 0.988506
2025-03-28 16:05:05,072 - INFO: Validation ROC-AUC: 0.861671
2025-03-28 16:05:18,846 - INFO: Evaluating at iteration 37150
2025-03-28 16:05:20,223 - INFO: Loss: 0.138972
2025-03-28 16:05:20,223 - INFO: Training ROC-AUC: 0.883333
2025-03-28 16:05:20,223 - INFO: Validation ROC-AUC: 0.862864
2025-03-28 16:05:34,061 - INFO: Evaluating at iteration 37650
2025-03-28 16:05:35,446 - INFO: Loss: 0.230768
2025-03-28 16:05:35,446 - INFO: Training ROC-AUC: 0.857143
2025-03-28 16:05:35,446 - INFO: Validation ROC-AUC: 0.860627
2025-03-28 16:05:38,115 - INFO: Starting epoch 19
2025-03-28 16:05:38,145 - INFO: Evaluating at iteration 37747
2025-03-28 16:05:39,474 - INFO: Loss: 0.291283
2025-03-28 16:05:39,474 - INFO: Training ROC-AUC: 0.903846
2025-03-28 16:05:39,474 - INFO: Validation ROC-AUC: 0.860617
2025-03-28 16:05:53,395 - INFO: Evaluating at iteration 38247
2025-03-28 16:05:54,745 - INFO: Loss: 0.283934
2025-03-28 16:05:54,745 - INFO: Training ROC-AUC: 0.896296
2025-03-28 16:05:54,745 - INFO: Validation ROC-AUC: 0.859988
2025-03-28 16:06:08,746 - INFO: Evaluating at iteration 38747
2025-03-28 16:06:10,081 - INFO: Loss: 0.130846
2025-03-28 16:06:10,081 - INFO: Training ROC-AUC: 0.970370
2025-03-28 16:06:10,081 - INFO: Validation ROC-AUC: 0.862448
2025-03-28 16:06:24,074 - INFO: Evaluating at iteration 39247
2025-03-28 16:06:25,415 - INFO: Loss: 0.213793
2025-03-28 16:06:25,415 - INFO: Training ROC-AUC: 0.974359
2025-03-28 16:06:25,415 - INFO: Validation ROC-AUC: 0.859911
2025-03-28 16:06:39,449 - INFO: Evaluating at iteration 39747
2025-03-28 16:06:40,750 - INFO: Loss: 0.224216
2025-03-28 16:06:40,750 - INFO: Training ROC-AUC: 0.955556
2025-03-28 16:06:40,750 - INFO: Validation ROC-AUC: 0.860050
2025-03-28 16:06:43,504 - INFO: Starting epoch 20
2025-03-28 16:06:43,537 - INFO: Evaluating at iteration 39844
2025-03-28 16:06:44,880 - INFO: Loss: 0.140922
2025-03-28 16:06:44,880 - INFO: Training ROC-AUC: 0.985185
2025-03-28 16:06:44,880 - INFO: Validation ROC-AUC: 0.862596
2025-03-28 16:06:58,885 - INFO: Evaluating at iteration 40344
2025-03-28 16:07:00,256 - INFO: Loss: 0.092466
2025-03-28 16:07:00,256 - INFO: Training ROC-AUC: 0.991071
2025-03-28 16:07:00,256 - INFO: Validation ROC-AUC: 0.862067
2025-03-28 16:07:14,276 - INFO: Evaluating at iteration 40844
2025-03-28 16:07:15,621 - INFO: Loss: 0.208514
2025-03-28 16:07:15,621 - INFO: Training ROC-AUC: 0.901786
2025-03-28 16:07:15,621 - INFO: Validation ROC-AUC: 0.861061
2025-03-28 16:07:29,794 - INFO: Evaluating at iteration 41344
2025-03-28 16:07:31,145 - INFO: Loss: 0.170075
2025-03-28 16:07:31,145 - INFO: Training ROC-AUC: 0.980769
2025-03-28 16:07:31,145 - INFO: Validation ROC-AUC: 0.860309
2025-03-28 16:07:45,333 - INFO: Evaluating at iteration 41844
2025-03-28 16:07:46,684 - INFO: Loss: 0.214364
2025-03-28 16:07:46,684 - INFO: Training ROC-AUC: 0.919643
2025-03-28 16:07:46,684 - INFO: Validation ROC-AUC: 0.861667
2025-03-28 16:07:49,411 - INFO: Starting epoch 21
2025-03-28 16:07:49,439 - INFO: Evaluating at iteration 41941
2025-03-28 16:07:50,795 - INFO: Loss: 0.047046
2025-03-28 16:07:50,795 - INFO: Training ROC-AUC: 1.000000
2025-03-28 16:07:50,795 - INFO: Validation ROC-AUC: 0.861874
2025-03-28 16:08:04,975 - INFO: Evaluating at iteration 42441
2025-03-28 16:08:06,339 - INFO: Loss: 0.234589
2025-03-28 16:08:06,339 - INFO: Training ROC-AUC: 0.942308
2025-03-28 16:08:06,339 - INFO: Validation ROC-AUC: 0.861354
2025-03-28 16:08:20,578 - INFO: Evaluating at iteration 42941
2025-03-28 16:08:21,933 - INFO: Loss: 0.218256
2025-03-28 16:08:21,933 - INFO: Training ROC-AUC: 0.987179
2025-03-28 16:08:21,933 - INFO: Validation ROC-AUC: 0.858266
2025-03-28 16:08:36,184 - INFO: Evaluating at iteration 43441
2025-03-28 16:08:37,556 - INFO: Loss: 0.206356
2025-03-28 16:08:37,556 - INFO: Training ROC-AUC: 0.985185
2025-03-28 16:08:37,557 - INFO: Validation ROC-AUC: 0.859962
2025-03-28 16:08:52,031 - INFO: Evaluating at iteration 43941
2025-03-28 16:08:53,381 - INFO: Loss: 0.141622
2025-03-28 16:08:53,381 - INFO: Training ROC-AUC: 0.985185
2025-03-28 16:08:53,381 - INFO: Validation ROC-AUC: 0.859534
2025-03-28 16:08:56,189 - INFO: Starting epoch 22
2025-03-28 16:08:56,219 - INFO: Evaluating at iteration 44038
2025-03-28 16:08:57,613 - INFO: Loss: 0.133530
2025-03-28 16:08:57,613 - INFO: Training ROC-AUC: 0.982143
2025-03-28 16:08:57,613 - INFO: Validation ROC-AUC: 0.860243
2025-03-28 16:09:12,104 - INFO: Evaluating at iteration 44538
2025-03-28 16:09:13,468 - INFO: Loss: 0.156307
2025-03-28 16:09:13,469 - INFO: Training ROC-AUC: 0.974359
2025-03-28 16:09:13,469 - INFO: Validation ROC-AUC: 0.858889
2025-03-28 16:09:28,160 - INFO: Evaluating at iteration 45038
2025-03-28 16:09:29,524 - INFO: Loss: 0.075726
2025-03-28 16:09:29,524 - INFO: Training ROC-AUC: 0.992593
2025-03-28 16:09:29,524 - INFO: Validation ROC-AUC: 0.858950
2025-03-28 16:09:43,946 - INFO: Evaluating at iteration 45538
2025-03-28 16:09:45,269 - INFO: Loss: 0.170765
2025-03-28 16:09:45,269 - INFO: Training ROC-AUC: 0.970370
2025-03-28 16:09:45,269 - INFO: Validation ROC-AUC: 0.857587
2025-03-28 16:09:59,870 - INFO: Evaluating at iteration 46038
2025-03-28 16:10:01,233 - INFO: Loss: 0.081123
2025-03-28 16:10:01,233 - INFO: Training ROC-AUC: 1.000000
2025-03-28 16:10:01,233 - INFO: Validation ROC-AUC: 0.861619
2025-03-28 16:10:04,062 - INFO: Starting epoch 23
2025-03-28 16:10:04,091 - INFO: Evaluating at iteration 46135
2025-03-28 16:10:05,422 - INFO: Loss: 0.037604
2025-03-28 16:10:05,422 - INFO: Training ROC-AUC: 1.000000
2025-03-28 16:10:05,422 - INFO: Validation ROC-AUC: 0.861358
2025-03-28 16:10:19,988 - INFO: Evaluating at iteration 46635
2025-03-28 16:10:21,282 - INFO: Loss: 0.101427
2025-03-28 16:10:21,282 - INFO: Training ROC-AUC: 0.988506
2025-03-28 16:10:21,282 - INFO: Validation ROC-AUC: 0.860939
2025-03-28 16:10:35,878 - INFO: Evaluating at iteration 47135
2025-03-28 16:10:37,267 - INFO: Loss: 0.101825
2025-03-28 16:10:37,268 - INFO: Training ROC-AUC: 1.000000
2025-03-28 16:10:37,268 - INFO: Validation ROC-AUC: 0.860381
2025-03-28 16:10:52,119 - INFO: Evaluating at iteration 47635
2025-03-28 16:10:53,507 - INFO: Loss: 0.131487
2025-03-28 16:10:53,508 - INFO: Training ROC-AUC: 0.987179
2025-03-28 16:10:53,508 - INFO: Validation ROC-AUC: 0.857634
2025-03-28 16:11:08,531 - INFO: Evaluating at iteration 48135
2025-03-28 16:11:09,874 - INFO: Loss: 0.262578
2025-03-28 16:11:09,874 - INFO: Training ROC-AUC: 0.892857
2025-03-28 16:11:09,874 - INFO: Validation ROC-AUC: 0.861089
2025-03-28 16:11:12,728 - INFO: Starting epoch 24
2025-03-28 16:11:12,761 - INFO: Evaluating at iteration 48232
2025-03-28 16:11:14,136 - INFO: Loss: 0.167359
2025-03-28 16:11:14,137 - INFO: Training ROC-AUC: 0.955556
2025-03-28 16:11:14,137 - INFO: Validation ROC-AUC: 0.861426
2025-03-28 16:11:29,008 - INFO: Evaluating at iteration 48732
2025-03-28 16:11:30,369 - INFO: Loss: 0.191995
2025-03-28 16:11:30,369 - INFO: Training ROC-AUC: 0.933333
2025-03-28 16:11:30,369 - INFO: Validation ROC-AUC: 0.859361
2025-03-28 16:11:45,291 - INFO: Evaluating at iteration 49232
2025-03-28 16:11:46,662 - INFO: Loss: 0.139902
2025-03-28 16:11:46,662 - INFO: Training ROC-AUC: 0.973214
2025-03-28 16:11:46,662 - INFO: Validation ROC-AUC: 0.861576
2025-03-28 16:12:01,537 - INFO: Evaluating at iteration 49732
2025-03-28 16:12:02,888 - INFO: Loss: 0.078281
2025-03-28 16:12:02,888 - INFO: Training ROC-AUC: 1.000000
2025-03-28 16:12:02,888 - INFO: Validation ROC-AUC: 0.861733
2025-03-28 16:12:17,665 - INFO: Evaluating at iteration 50232
2025-03-28 16:12:18,964 - INFO: Loss: 0.116716
2025-03-28 16:12:18,965 - INFO: Training ROC-AUC: 0.988506
2025-03-28 16:12:18,965 - INFO: Validation ROC-AUC: 0.859216
2025-03-28 16:12:21,869 - INFO: Starting epoch 25
2025-03-28 16:12:21,901 - INFO: Evaluating at iteration 50329
2025-03-28 16:12:23,257 - INFO: Loss: 0.102221
2025-03-28 16:12:23,257 - INFO: Training ROC-AUC: 1.000000
2025-03-28 16:12:23,257 - INFO: Validation ROC-AUC: 0.861644
2025-03-28 16:12:38,215 - INFO: Evaluating at iteration 50829
2025-03-28 16:12:39,609 - INFO: Loss: 0.112610
2025-03-28 16:12:39,609 - INFO: Training ROC-AUC: 0.977143
2025-03-28 16:12:39,609 - INFO: Validation ROC-AUC: 0.860931
2025-03-28 16:12:54,593 - INFO: Evaluating at iteration 51329
2025-03-28 16:12:55,902 - INFO: Loss: 0.232345
2025-03-28 16:12:55,902 - INFO: Training ROC-AUC: 0.937500
2025-03-28 16:12:55,902 - INFO: Validation ROC-AUC: 0.860690
2025-03-28 16:13:10,880 - INFO: Evaluating at iteration 51829
2025-03-28 16:13:12,231 - INFO: Loss: 0.198198
2025-03-28 16:13:12,231 - INFO: Training ROC-AUC: 0.963542
2025-03-28 16:13:12,231 - INFO: Validation ROC-AUC: 0.859297
2025-03-28 16:13:27,313 - INFO: Evaluating at iteration 52329
2025-03-28 16:13:28,630 - INFO: Loss: 0.059289
2025-03-28 16:13:28,630 - INFO: Training ROC-AUC: 1.000000
2025-03-28 16:13:28,630 - INFO: Validation ROC-AUC: 0.857712
2025-03-28 16:13:31,535 - INFO: Saving model to models/TCRStructMap_tcr_levenshtein_split/model_4.pt
2025-03-28 16:13:31,549 - INFO: Starting fold 5
2025-03-28 16:13:31,550 - INFO: Initialising model
2025-03-28 16:13:31,560 - INFO: Starting training
2025-03-28 16:13:31,561 - INFO: Starting epoch 1
2025-03-28 16:13:31,589 - INFO: Evaluating at iteration 1
2025-03-28 16:13:32,906 - INFO: Loss: 0.699121
2025-03-28 16:13:32,906 - INFO: Training ROC-AUC: 0.565714
2025-03-28 16:13:32,906 - INFO: Validation ROC-AUC: 0.539607
2025-03-28 16:13:45,605 - INFO: Evaluating at iteration 501
2025-03-28 16:13:46,895 - INFO: Loss: 0.517977
2025-03-28 16:13:46,895 - INFO: Training ROC-AUC: 0.448718
2025-03-28 16:13:46,895 - INFO: Validation ROC-AUC: 0.589570
2025-03-28 16:13:59,954 - INFO: Evaluating at iteration 1001
2025-03-28 16:14:01,275 - INFO: Loss: 0.357532
2025-03-28 16:14:01,275 - INFO: Training ROC-AUC: 0.723214
2025-03-28 16:14:01,275 - INFO: Validation ROC-AUC: 0.606844
2025-03-28 16:14:14,788 - INFO: Evaluating at iteration 1501
2025-03-28 16:14:16,153 - INFO: Loss: 0.342747
2025-03-28 16:14:16,153 - INFO: Training ROC-AUC: 0.390805
2025-03-28 16:14:16,153 - INFO: Validation ROC-AUC: 0.627748
2025-03-28 16:14:29,573 - INFO: Evaluating at iteration 2001
2025-03-28 16:14:30,972 - INFO: Loss: 0.394300
2025-03-28 16:14:30,972 - INFO: Training ROC-AUC: 0.839744
2025-03-28 16:14:30,972 - INFO: Validation ROC-AUC: 0.755087
2025-03-28 16:14:33,529 - INFO: Starting epoch 2
2025-03-28 16:14:33,556 - INFO: Evaluating at iteration 2098
2025-03-28 16:14:34,888 - INFO: Loss: 0.260915
2025-03-28 16:14:34,888 - INFO: Training ROC-AUC: 0.918519
2025-03-28 16:14:34,888 - INFO: Validation ROC-AUC: 0.765744
2025-03-28 16:14:47,856 - INFO: Evaluating at iteration 2598
2025-03-28 16:14:49,190 - INFO: Loss: 0.413953
2025-03-28 16:14:49,190 - INFO: Training ROC-AUC: 0.807692
2025-03-28 16:14:49,190 - INFO: Validation ROC-AUC: 0.781077
2025-03-28 16:15:02,067 - INFO: Evaluating at iteration 3098
2025-03-28 16:15:03,412 - INFO: Loss: 0.175990
2025-03-28 16:15:03,412 - INFO: Training ROC-AUC: 0.931034
2025-03-28 16:15:03,412 - INFO: Validation ROC-AUC: 0.806785
2025-03-28 16:15:16,365 - INFO: Evaluating at iteration 3598
2025-03-28 16:15:17,712 - INFO: Loss: 0.256239
2025-03-28 16:15:17,712 - INFO: Training ROC-AUC: 0.827586
2025-03-28 16:15:17,712 - INFO: Validation ROC-AUC: 0.816242
2025-03-28 16:15:30,706 - INFO: Evaluating at iteration 4098
2025-03-28 16:15:32,074 - INFO: Loss: 0.333973
2025-03-28 16:15:32,074 - INFO: Training ROC-AUC: 0.828571
2025-03-28 16:15:32,074 - INFO: Validation ROC-AUC: 0.822604
2025-03-28 16:15:34,546 - INFO: Starting epoch 3
2025-03-28 16:15:34,572 - INFO: Evaluating at iteration 4195
2025-03-28 16:15:35,878 - INFO: Loss: 0.154224
2025-03-28 16:15:35,879 - INFO: Training ROC-AUC: 0.919643
2025-03-28 16:15:35,879 - INFO: Validation ROC-AUC: 0.826386
2025-03-28 16:15:48,805 - INFO: Evaluating at iteration 4695
2025-03-28 16:15:50,148 - INFO: Loss: 0.264572
2025-03-28 16:15:50,148 - INFO: Training ROC-AUC: 0.888889
2025-03-28 16:15:50,148 - INFO: Validation ROC-AUC: 0.829142
2025-03-28 16:16:03,209 - INFO: Evaluating at iteration 5195
2025-03-28 16:16:04,571 - INFO: Loss: 0.220340
2025-03-28 16:16:04,571 - INFO: Training ROC-AUC: 0.892857
2025-03-28 16:16:04,571 - INFO: Validation ROC-AUC: 0.833419
2025-03-28 16:16:17,615 - INFO: Evaluating at iteration 5695
2025-03-28 16:16:19,002 - INFO: Loss: 0.291049
2025-03-28 16:16:19,002 - INFO: Training ROC-AUC: 0.858974
2025-03-28 16:16:19,002 - INFO: Validation ROC-AUC: 0.838915
2025-03-28 16:16:32,110 - INFO: Evaluating at iteration 6195
2025-03-28 16:16:33,473 - INFO: Loss: 0.367920
2025-03-28 16:16:33,473 - INFO: Training ROC-AUC: 0.937198
2025-03-28 16:16:33,473 - INFO: Validation ROC-AUC: 0.845719
2025-03-28 16:16:35,989 - INFO: Starting epoch 4
2025-03-28 16:16:36,016 - INFO: Evaluating at iteration 6292
2025-03-28 16:16:37,351 - INFO: Loss: 0.232342
2025-03-28 16:16:37,351 - INFO: Training ROC-AUC: 0.903704
2025-03-28 16:16:37,351 - INFO: Validation ROC-AUC: 0.844402
2025-03-28 16:16:50,334 - INFO: Evaluating at iteration 6792
2025-03-28 16:16:51,710 - INFO: Loss: 0.263889
2025-03-28 16:16:51,710 - INFO: Training ROC-AUC: 0.948718
2025-03-28 16:16:51,710 - INFO: Validation ROC-AUC: 0.847646
2025-03-28 16:17:04,854 - INFO: Evaluating at iteration 7292
2025-03-28 16:17:06,186 - INFO: Loss: 0.351047
2025-03-28 16:17:06,186 - INFO: Training ROC-AUC: 0.922705
2025-03-28 16:17:06,186 - INFO: Validation ROC-AUC: 0.853618
2025-03-28 16:17:19,265 - INFO: Evaluating at iteration 7792
2025-03-28 16:17:20,616 - INFO: Loss: 0.245993
2025-03-28 16:17:20,616 - INFO: Training ROC-AUC: 0.892857
2025-03-28 16:17:20,616 - INFO: Validation ROC-AUC: 0.856574
2025-03-28 16:17:33,704 - INFO: Evaluating at iteration 8292
2025-03-28 16:17:35,055 - INFO: Loss: 0.212970
2025-03-28 16:17:35,055 - INFO: Training ROC-AUC: 0.974359
2025-03-28 16:17:35,055 - INFO: Validation ROC-AUC: 0.858519
2025-03-28 16:17:37,637 - INFO: Starting epoch 5
2025-03-28 16:17:37,665 - INFO: Evaluating at iteration 8389
2025-03-28 16:17:39,048 - INFO: Loss: 0.210077
2025-03-28 16:17:39,048 - INFO: Training ROC-AUC: 0.946429
2025-03-28 16:17:39,048 - INFO: Validation ROC-AUC: 0.861336
2025-03-28 16:17:52,238 - INFO: Evaluating at iteration 8889
2025-03-28 16:17:53,568 - INFO: Loss: 0.232039
2025-03-28 16:17:53,568 - INFO: Training ROC-AUC: 0.955556
2025-03-28 16:17:53,568 - INFO: Validation ROC-AUC: 0.861498
2025-03-28 16:18:06,593 - INFO: Evaluating at iteration 9389
2025-03-28 16:18:07,920 - INFO: Loss: 0.356913
2025-03-28 16:18:07,920 - INFO: Training ROC-AUC: 0.927536
2025-03-28 16:18:07,920 - INFO: Validation ROC-AUC: 0.863067
2025-03-28 16:18:21,104 - INFO: Evaluating at iteration 9889
2025-03-28 16:18:22,496 - INFO: Loss: 0.446650
2025-03-28 16:18:22,496 - INFO: Training ROC-AUC: 0.733333
2025-03-28 16:18:22,496 - INFO: Validation ROC-AUC: 0.866424
2025-03-28 16:18:35,785 - INFO: Evaluating at iteration 10389
2025-03-28 16:18:37,154 - INFO: Loss: 0.331673
2025-03-28 16:18:37,154 - INFO: Training ROC-AUC: 0.908213
2025-03-28 16:18:37,154 - INFO: Validation ROC-AUC: 0.868145
2025-03-28 16:18:39,717 - INFO: Starting epoch 6
2025-03-28 16:18:39,745 - INFO: Evaluating at iteration 10486
2025-03-28 16:18:41,088 - INFO: Loss: 0.176200
2025-03-28 16:18:41,088 - INFO: Training ROC-AUC: 0.977143
2025-03-28 16:18:41,088 - INFO: Validation ROC-AUC: 0.867777
2025-03-28 16:18:54,284 - INFO: Evaluating at iteration 10986
2025-03-28 16:18:55,574 - INFO: Loss: 0.281231
2025-03-28 16:18:55,574 - INFO: Training ROC-AUC: 0.616667
2025-03-28 16:18:55,574 - INFO: Validation ROC-AUC: 0.868997
2025-03-28 16:19:08,979 - INFO: Evaluating at iteration 11486
2025-03-28 16:19:10,308 - INFO: Loss: 0.388011
2025-03-28 16:19:10,308 - INFO: Training ROC-AUC: 0.869792
2025-03-28 16:19:10,308 - INFO: Validation ROC-AUC: 0.871251
2025-03-28 16:19:23,795 - INFO: Evaluating at iteration 11986
2025-03-28 16:19:25,182 - INFO: Loss: 0.156866
2025-03-28 16:19:25,182 - INFO: Training ROC-AUC: 0.962963
2025-03-28 16:19:25,182 - INFO: Validation ROC-AUC: 0.872565
2025-03-28 16:19:38,308 - INFO: Evaluating at iteration 12486
2025-03-28 16:19:39,647 - INFO: Loss: 0.188369
2025-03-28 16:19:39,647 - INFO: Training ROC-AUC: 0.908046
2025-03-28 16:19:39,647 - INFO: Validation ROC-AUC: 0.873872
2025-03-28 16:19:42,220 - INFO: Starting epoch 7
2025-03-28 16:19:42,249 - INFO: Evaluating at iteration 12583
2025-03-28 16:19:43,644 - INFO: Loss: 0.172750
2025-03-28 16:19:43,645 - INFO: Training ROC-AUC: 0.942308
2025-03-28 16:19:43,645 - INFO: Validation ROC-AUC: 0.875228
2025-03-28 16:19:56,991 - INFO: Evaluating at iteration 13083
2025-03-28 16:19:58,377 - INFO: Loss: 0.168232
2025-03-28 16:19:58,377 - INFO: Training ROC-AUC: 0.992593
2025-03-28 16:19:58,377 - INFO: Validation ROC-AUC: 0.873581
2025-03-28 16:20:11,540 - INFO: Evaluating at iteration 13583
2025-03-28 16:20:12,898 - INFO: Loss: 0.252656
2025-03-28 16:20:12,899 - INFO: Training ROC-AUC: 0.940741
2025-03-28 16:20:12,899 - INFO: Validation ROC-AUC: 0.874449
2025-03-28 16:20:26,052 - INFO: Evaluating at iteration 14083
2025-03-28 16:20:27,385 - INFO: Loss: 0.287130
2025-03-28 16:20:27,385 - INFO: Training ROC-AUC: 0.857143
2025-03-28 16:20:27,386 - INFO: Validation ROC-AUC: 0.877987
2025-03-28 16:20:40,513 - INFO: Evaluating at iteration 14583
2025-03-28 16:20:41,880 - INFO: Loss: 0.300307
2025-03-28 16:20:41,880 - INFO: Training ROC-AUC: 0.857143
2025-03-28 16:20:41,880 - INFO: Validation ROC-AUC: 0.877257
2025-03-28 16:20:44,478 - INFO: Starting epoch 8
2025-03-28 16:20:44,505 - INFO: Evaluating at iteration 14680
2025-03-28 16:20:45,820 - INFO: Loss: 0.345910
2025-03-28 16:20:45,820 - INFO: Training ROC-AUC: 0.826923
2025-03-28 16:20:45,820 - INFO: Validation ROC-AUC: 0.877762
2025-03-28 16:20:59,061 - INFO: Evaluating at iteration 15180
2025-03-28 16:21:00,450 - INFO: Loss: 0.393732
2025-03-28 16:21:00,450 - INFO: Training ROC-AUC: 0.885714
2025-03-28 16:21:00,450 - INFO: Validation ROC-AUC: 0.877909
2025-03-28 16:21:13,924 - INFO: Evaluating at iteration 15680
2025-03-28 16:21:15,281 - INFO: Loss: 0.274114
2025-03-28 16:21:15,282 - INFO: Training ROC-AUC: 0.891429
2025-03-28 16:21:15,282 - INFO: Validation ROC-AUC: 0.879458
2025-03-28 16:21:28,535 - INFO: Evaluating at iteration 16180
2025-03-28 16:21:29,940 - INFO: Loss: 0.314948
2025-03-28 16:21:29,940 - INFO: Training ROC-AUC: 0.942029
2025-03-28 16:21:29,940 - INFO: Validation ROC-AUC: 0.880357
2025-03-28 16:21:43,224 - INFO: Evaluating at iteration 16680
2025-03-28 16:21:44,563 - INFO: Loss: 0.279941
2025-03-28 16:21:44,563 - INFO: Training ROC-AUC: 0.937500
2025-03-28 16:21:44,563 - INFO: Validation ROC-AUC: 0.880678
2025-03-28 16:21:47,093 - INFO: Starting epoch 9
2025-03-28 16:21:47,121 - INFO: Evaluating at iteration 16777
2025-03-28 16:21:48,408 - INFO: Loss: 0.292907
2025-03-28 16:21:48,408 - INFO: Training ROC-AUC: 0.874074
2025-03-28 16:21:48,408 - INFO: Validation ROC-AUC: 0.878972
2025-03-28 16:22:01,616 - INFO: Evaluating at iteration 17277
2025-03-28 16:22:02,897 - INFO: Loss: 0.154387
2025-03-28 16:22:02,897 - INFO: Training ROC-AUC: 1.000000
2025-03-28 16:22:02,897 - INFO: Validation ROC-AUC: 0.878689
2025-03-28 16:22:16,050 - INFO: Evaluating at iteration 17777
2025-03-28 16:22:17,352 - INFO: Loss: 0.443398
2025-03-28 16:22:17,352 - INFO: Training ROC-AUC: 0.807292
2025-03-28 16:22:17,352 - INFO: Validation ROC-AUC: 0.878686
2025-03-28 16:22:30,701 - INFO: Evaluating at iteration 18277
2025-03-28 16:22:32,086 - INFO: Loss: 0.161820
2025-03-28 16:22:32,086 - INFO: Training ROC-AUC: 0.955357
2025-03-28 16:22:32,086 - INFO: Validation ROC-AUC: 0.880378
2025-03-28 16:22:45,447 - INFO: Evaluating at iteration 18777
2025-03-28 16:22:46,786 - INFO: Loss: 0.279623
2025-03-28 16:22:46,786 - INFO: Training ROC-AUC: 0.948571
2025-03-28 16:22:46,786 - INFO: Validation ROC-AUC: 0.880718
2025-03-28 16:22:49,374 - INFO: Starting epoch 10
2025-03-28 16:22:49,403 - INFO: Evaluating at iteration 18874
2025-03-28 16:22:50,730 - INFO: Loss: 0.245332
2025-03-28 16:22:50,730 - INFO: Training ROC-AUC: 0.942708
2025-03-28 16:22:50,730 - INFO: Validation ROC-AUC: 0.881657
2025-03-28 16:23:03,995 - INFO: Evaluating at iteration 19374
2025-03-28 16:23:05,290 - INFO: Loss: 0.131161
2025-03-28 16:23:05,290 - INFO: Training ROC-AUC: 0.988571
2025-03-28 16:23:05,290 - INFO: Validation ROC-AUC: 0.881430
2025-03-28 16:23:18,678 - INFO: Evaluating at iteration 19874
2025-03-28 16:23:19,945 - INFO: Loss: 0.199327
2025-03-28 16:23:19,945 - INFO: Training ROC-AUC: 0.935897
2025-03-28 16:23:19,945 - INFO: Validation ROC-AUC: 0.880711
2025-03-28 16:23:33,269 - INFO: Evaluating at iteration 20374
2025-03-28 16:23:34,545 - INFO: Loss: 0.235709
2025-03-28 16:23:34,545 - INFO: Training ROC-AUC: 0.903704
2025-03-28 16:23:34,545 - INFO: Validation ROC-AUC: 0.881973
2025-03-28 16:23:47,779 - INFO: Evaluating at iteration 20874
2025-03-28 16:23:49,158 - INFO: Loss: 0.231556
2025-03-28 16:23:49,158 - INFO: Training ROC-AUC: 0.971014
2025-03-28 16:23:49,158 - INFO: Validation ROC-AUC: 0.881655
2025-03-28 16:23:51,760 - INFO: Starting epoch 11
2025-03-28 16:23:51,788 - INFO: Evaluating at iteration 20971
2025-03-28 16:23:53,133 - INFO: Loss: 0.105816
2025-03-28 16:23:53,133 - INFO: Training ROC-AUC: nan
2025-03-28 16:23:53,133 - INFO: Validation ROC-AUC: 0.882823
2025-03-28 16:24:06,382 - INFO: Evaluating at iteration 21471
2025-03-28 16:24:07,672 - INFO: Loss: 0.219978
2025-03-28 16:24:07,672 - INFO: Training ROC-AUC: 0.958333
2025-03-28 16:24:07,672 - INFO: Validation ROC-AUC: 0.879693
2025-03-28 16:24:20,872 - INFO: Evaluating at iteration 21971
2025-03-28 16:24:22,262 - INFO: Loss: 0.299173
2025-03-28 16:24:22,262 - INFO: Training ROC-AUC: 0.911458
2025-03-28 16:24:22,262 - INFO: Validation ROC-AUC: 0.881266
2025-03-28 16:24:35,614 - INFO: Evaluating at iteration 22471
2025-03-28 16:24:36,933 - INFO: Loss: 0.197213
2025-03-28 16:24:36,933 - INFO: Training ROC-AUC: 0.937500
2025-03-28 16:24:36,933 - INFO: Validation ROC-AUC: 0.882133
2025-03-28 16:24:50,275 - INFO: Evaluating at iteration 22971
2025-03-28 16:24:51,633 - INFO: Loss: 0.213930
2025-03-28 16:24:51,633 - INFO: Training ROC-AUC: 0.948718
2025-03-28 16:24:51,633 - INFO: Validation ROC-AUC: 0.883949
2025-03-28 16:24:54,233 - INFO: Starting epoch 12
2025-03-28 16:24:54,263 - INFO: Evaluating at iteration 23068
2025-03-28 16:24:55,621 - INFO: Loss: 0.190520
2025-03-28 16:24:55,622 - INFO: Training ROC-AUC: 0.955556
2025-03-28 16:24:55,622 - INFO: Validation ROC-AUC: 0.883646
2025-03-28 16:25:08,922 - INFO: Evaluating at iteration 23568
2025-03-28 16:25:10,219 - INFO: Loss: 0.151830
2025-03-28 16:25:10,219 - INFO: Training ROC-AUC: 0.955357
2025-03-28 16:25:10,219 - INFO: Validation ROC-AUC: 0.883780
2025-03-28 16:25:23,588 - INFO: Evaluating at iteration 24068
2025-03-28 16:25:24,951 - INFO: Loss: 0.200784
2025-03-28 16:25:24,951 - INFO: Training ROC-AUC: 0.974359
2025-03-28 16:25:24,951 - INFO: Validation ROC-AUC: 0.882402
2025-03-28 16:25:38,298 - INFO: Evaluating at iteration 24568
2025-03-28 16:25:39,637 - INFO: Loss: 0.114691
2025-03-28 16:25:39,637 - INFO: Training ROC-AUC: 0.991071
2025-03-28 16:25:39,637 - INFO: Validation ROC-AUC: 0.882466
2025-03-28 16:25:52,507 - INFO: Evaluating at iteration 25068
2025-03-28 16:25:53,831 - INFO: Loss: 0.142493
2025-03-28 16:25:53,831 - INFO: Training ROC-AUC: 0.900000
2025-03-28 16:25:53,831 - INFO: Validation ROC-AUC: 0.882979
2025-03-28 16:25:56,268 - INFO: Starting epoch 13
2025-03-28 16:25:56,294 - INFO: Evaluating at iteration 25165
2025-03-28 16:25:57,569 - INFO: Loss: 0.357387
2025-03-28 16:25:57,569 - INFO: Training ROC-AUC: 0.891429
2025-03-28 16:25:57,569 - INFO: Validation ROC-AUC: 0.881979
2025-03-28 16:26:10,342 - INFO: Evaluating at iteration 25665
2025-03-28 16:26:11,660 - INFO: Loss: 0.193055
2025-03-28 16:26:11,660 - INFO: Training ROC-AUC: 0.933333
2025-03-28 16:26:11,660 - INFO: Validation ROC-AUC: 0.879973
2025-03-28 16:26:24,322 - INFO: Evaluating at iteration 26165
2025-03-28 16:26:25,608 - INFO: Loss: 0.182415
2025-03-28 16:26:25,608 - INFO: Training ROC-AUC: 0.962963
2025-03-28 16:26:25,608 - INFO: Validation ROC-AUC: 0.882707
2025-03-28 16:26:38,308 - INFO: Evaluating at iteration 26665
2025-03-28 16:26:39,560 - INFO: Loss: 0.126118
2025-03-28 16:26:39,560 - INFO: Training ROC-AUC: 0.964286
2025-03-28 16:26:39,560 - INFO: Validation ROC-AUC: 0.881170
2025-03-28 16:26:52,254 - INFO: Evaluating at iteration 27165
2025-03-28 16:26:53,627 - INFO: Loss: 0.296879
2025-03-28 16:26:53,627 - INFO: Training ROC-AUC: 0.830357
2025-03-28 16:26:53,627 - INFO: Validation ROC-AUC: 0.881936
2025-03-28 16:26:56,073 - INFO: Starting epoch 14
2025-03-28 16:26:56,102 - INFO: Evaluating at iteration 27262
2025-03-28 16:26:57,371 - INFO: Loss: 0.133461
2025-03-28 16:26:57,371 - INFO: Training ROC-AUC: 0.991071
2025-03-28 16:26:57,371 - INFO: Validation ROC-AUC: 0.881941
2025-03-28 16:27:10,156 - INFO: Evaluating at iteration 27762
2025-03-28 16:27:11,474 - INFO: Loss: 0.205838
2025-03-28 16:27:11,474 - INFO: Training ROC-AUC: 0.968750
2025-03-28 16:27:11,474 - INFO: Validation ROC-AUC: 0.881936
2025-03-28 16:27:24,137 - INFO: Evaluating at iteration 28262
2025-03-28 16:27:25,461 - INFO: Loss: 0.165890
2025-03-28 16:27:25,461 - INFO: Training ROC-AUC: 0.990338
2025-03-28 16:27:25,461 - INFO: Validation ROC-AUC: 0.881271
2025-03-28 16:27:38,188 - INFO: Evaluating at iteration 28762
2025-03-28 16:27:39,506 - INFO: Loss: 0.231708
2025-03-28 16:27:39,506 - INFO: Training ROC-AUC: 0.964286
2025-03-28 16:27:39,506 - INFO: Validation ROC-AUC: 0.882684
2025-03-28 16:27:52,193 - INFO: Evaluating at iteration 29262
2025-03-28 16:27:53,515 - INFO: Loss: 0.167289
2025-03-28 16:27:53,515 - INFO: Training ROC-AUC: 0.955357
2025-03-28 16:27:53,515 - INFO: Validation ROC-AUC: 0.882298
2025-03-28 16:27:56,011 - INFO: Starting epoch 15
2025-03-28 16:27:56,038 - INFO: Evaluating at iteration 29359
2025-03-28 16:27:57,312 - INFO: Loss: 0.134027
2025-03-28 16:27:57,312 - INFO: Training ROC-AUC: 1.000000
2025-03-28 16:27:57,312 - INFO: Validation ROC-AUC: 0.883307
2025-03-28 16:28:10,058 - INFO: Evaluating at iteration 29859
2025-03-28 16:28:11,341 - INFO: Loss: 0.141475
2025-03-28 16:28:11,341 - INFO: Training ROC-AUC: 0.965517
2025-03-28 16:28:11,341 - INFO: Validation ROC-AUC: 0.879467
2025-03-28 16:28:24,031 - INFO: Evaluating at iteration 30359
2025-03-28 16:28:25,353 - INFO: Loss: 0.212403
2025-03-28 16:28:25,353 - INFO: Training ROC-AUC: 0.937500
2025-03-28 16:28:25,353 - INFO: Validation ROC-AUC: 0.880897
2025-03-28 16:28:38,125 - INFO: Evaluating at iteration 30859
2025-03-28 16:28:39,393 - INFO: Loss: 0.159184
2025-03-28 16:28:39,394 - INFO: Training ROC-AUC: 0.962963
2025-03-28 16:28:39,394 - INFO: Validation ROC-AUC: 0.881920
2025-03-28 16:28:52,130 - INFO: Evaluating at iteration 31359
2025-03-28 16:28:53,454 - INFO: Loss: 0.297349
2025-03-28 16:28:53,454 - INFO: Training ROC-AUC: 0.898551
2025-03-28 16:28:53,454 - INFO: Validation ROC-AUC: 0.881477
2025-03-28 16:28:55,892 - INFO: Starting epoch 16
2025-03-28 16:28:55,918 - INFO: Evaluating at iteration 31456
2025-03-28 16:28:57,186 - INFO: Loss: 0.161298
2025-03-28 16:28:57,186 - INFO: Training ROC-AUC: 0.977778
2025-03-28 16:28:57,186 - INFO: Validation ROC-AUC: 0.881532
2025-03-28 16:29:09,984 - INFO: Evaluating at iteration 31956
2025-03-28 16:29:11,236 - INFO: Loss: 0.278920
2025-03-28 16:29:11,236 - INFO: Training ROC-AUC: 0.968750
2025-03-28 16:29:11,236 - INFO: Validation ROC-AUC: 0.880197
2025-03-28 16:29:23,997 - INFO: Evaluating at iteration 32456
2025-03-28 16:29:25,323 - INFO: Loss: 0.143238
2025-03-28 16:29:25,323 - INFO: Training ROC-AUC: 1.000000
2025-03-28 16:29:25,323 - INFO: Validation ROC-AUC: 0.880446
2025-03-28 16:29:38,149 - INFO: Evaluating at iteration 32956
2025-03-28 16:29:39,468 - INFO: Loss: 0.459471
2025-03-28 16:29:39,468 - INFO: Training ROC-AUC: 0.822917
2025-03-28 16:29:39,468 - INFO: Validation ROC-AUC: 0.880947
2025-03-28 16:29:52,237 - INFO: Evaluating at iteration 33456
2025-03-28 16:29:53,571 - INFO: Loss: 0.218061
2025-03-28 16:29:53,572 - INFO: Training ROC-AUC: 0.961538
2025-03-28 16:29:53,572 - INFO: Validation ROC-AUC: 0.881478
2025-03-28 16:29:56,046 - INFO: Starting epoch 17
2025-03-28 16:29:56,073 - INFO: Evaluating at iteration 33553
2025-03-28 16:29:57,355 - INFO: Loss: 0.106729
2025-03-28 16:29:57,355 - INFO: Training ROC-AUC: 1.000000
2025-03-28 16:29:57,355 - INFO: Validation ROC-AUC: 0.880979
2025-03-28 16:30:10,112 - INFO: Evaluating at iteration 34053
2025-03-28 16:30:11,367 - INFO: Loss: 0.110883
2025-03-28 16:30:11,367 - INFO: Training ROC-AUC: 0.991071
2025-03-28 16:30:11,367 - INFO: Validation ROC-AUC: 0.882518
2025-03-28 16:30:24,290 - INFO: Evaluating at iteration 34553
2025-03-28 16:30:25,545 - INFO: Loss: 0.280746
2025-03-28 16:30:25,545 - INFO: Training ROC-AUC: 0.839286
2025-03-28 16:30:25,545 - INFO: Validation ROC-AUC: 0.879236
2025-03-28 16:30:38,410 - INFO: Evaluating at iteration 35053
2025-03-28 16:30:39,732 - INFO: Loss: 0.192888
2025-03-28 16:30:39,732 - INFO: Training ROC-AUC: 0.948148
2025-03-28 16:30:39,732 - INFO: Validation ROC-AUC: 0.880871
2025-03-28 16:30:52,564 - INFO: Evaluating at iteration 35553
2025-03-28 16:30:53,840 - INFO: Loss: 0.105918
2025-03-28 16:30:53,840 - INFO: Training ROC-AUC: 1.000000
2025-03-28 16:30:53,840 - INFO: Validation ROC-AUC: 0.880626
2025-03-28 16:30:56,329 - INFO: Starting epoch 18
2025-03-28 16:30:56,356 - INFO: Evaluating at iteration 35650
2025-03-28 16:30:57,625 - INFO: Loss: 0.109154
2025-03-28 16:30:57,625 - INFO: Training ROC-AUC: 0.964286
2025-03-28 16:30:57,625 - INFO: Validation ROC-AUC: 0.881466
2025-03-28 16:31:10,521 - INFO: Evaluating at iteration 36150
2025-03-28 16:31:11,795 - INFO: Loss: 0.148555
2025-03-28 16:31:11,795 - INFO: Training ROC-AUC: 1.000000
2025-03-28 16:31:11,795 - INFO: Validation ROC-AUC: 0.879354
2025-03-28 16:31:24,583 - INFO: Evaluating at iteration 36650
2025-03-28 16:31:25,823 - INFO: Loss: 0.153822
2025-03-28 16:31:25,823 - INFO: Training ROC-AUC: 0.908046
2025-03-28 16:31:25,823 - INFO: Validation ROC-AUC: 0.881710
2025-03-28 16:31:38,702 - INFO: Evaluating at iteration 37150
2025-03-28 16:31:39,921 - INFO: Loss: 0.117754
2025-03-28 16:31:39,921 - INFO: Training ROC-AUC: 0.994286
2025-03-28 16:31:39,921 - INFO: Validation ROC-AUC: 0.880827
2025-03-28 16:31:52,819 - INFO: Evaluating at iteration 37650
2025-03-28 16:31:54,140 - INFO: Loss: 0.329341
2025-03-28 16:31:54,141 - INFO: Training ROC-AUC: 0.846154
2025-03-28 16:31:54,141 - INFO: Validation ROC-AUC: 0.881360
2025-03-28 16:31:56,654 - INFO: Starting epoch 19
2025-03-28 16:31:56,681 - INFO: Evaluating at iteration 37747
2025-03-28 16:31:58,014 - INFO: Loss: 0.195584
2025-03-28 16:31:58,057 - INFO: Training ROC-AUC: 0.940741
2025-03-28 16:31:58,057 - INFO: Validation ROC-AUC: 0.881948
2025-03-28 16:32:10,950 - INFO: Evaluating at iteration 38247
2025-03-28 16:32:12,271 - INFO: Loss: 0.141905
2025-03-28 16:32:12,271 - INFO: Training ROC-AUC: 0.977011
2025-03-28 16:32:12,271 - INFO: Validation ROC-AUC: 0.879270
2025-03-28 16:32:25,162 - INFO: Evaluating at iteration 38747
2025-03-28 16:32:26,437 - INFO: Loss: 0.178217
2025-03-28 16:32:26,438 - INFO: Training ROC-AUC: 0.885057
2025-03-28 16:32:26,438 - INFO: Validation ROC-AUC: 0.879561
2025-03-28 16:32:39,420 - INFO: Evaluating at iteration 39247
2025-03-28 16:32:40,740 - INFO: Loss: 0.238893
2025-03-28 16:32:40,740 - INFO: Training ROC-AUC: 0.903704
2025-03-28 16:32:40,740 - INFO: Validation ROC-AUC: 0.881562
2025-03-28 16:32:53,729 - INFO: Evaluating at iteration 39747
2025-03-28 16:32:55,007 - INFO: Loss: 0.269152
2025-03-28 16:32:55,007 - INFO: Training ROC-AUC: 0.973958
2025-03-28 16:32:55,007 - INFO: Validation ROC-AUC: 0.881138
2025-03-28 16:32:57,738 - INFO: Starting epoch 20
2025-03-28 16:32:57,765 - INFO: Evaluating at iteration 39844
2025-03-28 16:32:59,137 - INFO: Loss: 0.206489
2025-03-28 16:32:59,137 - INFO: Training ROC-AUC: 1.000000
2025-03-28 16:32:59,137 - INFO: Validation ROC-AUC: 0.880900
2025-03-28 16:33:12,106 - INFO: Evaluating at iteration 40344
2025-03-28 16:33:13,486 - INFO: Loss: 0.451016
2025-03-28 16:33:13,486 - INFO: Training ROC-AUC: 0.857143
2025-03-28 16:33:13,486 - INFO: Validation ROC-AUC: 0.880306
2025-03-28 16:33:26,539 - INFO: Evaluating at iteration 40844
2025-03-28 16:33:27,812 - INFO: Loss: 0.132162
2025-03-28 16:33:27,812 - INFO: Training ROC-AUC: 0.954023
2025-03-28 16:33:27,812 - INFO: Validation ROC-AUC: 0.878548
2025-03-28 16:33:40,864 - INFO: Evaluating at iteration 41344
2025-03-28 16:33:42,182 - INFO: Loss: 0.117497
2025-03-28 16:33:42,182 - INFO: Training ROC-AUC: 0.838710
2025-03-28 16:33:42,182 - INFO: Validation ROC-AUC: 0.879390
2025-03-28 16:33:55,212 - INFO: Evaluating at iteration 41844
2025-03-28 16:33:56,495 - INFO: Loss: 0.111161
2025-03-28 16:33:56,495 - INFO: Training ROC-AUC: 0.977011
2025-03-28 16:33:56,495 - INFO: Validation ROC-AUC: 0.880166
2025-03-28 16:33:59,071 - INFO: Starting epoch 21
2025-03-28 16:33:59,101 - INFO: Evaluating at iteration 41941
2025-03-28 16:34:00,420 - INFO: Loss: 0.185755
2025-03-28 16:34:00,420 - INFO: Training ROC-AUC: 0.961538
2025-03-28 16:34:00,420 - INFO: Validation ROC-AUC: 0.879374
2025-03-28 16:34:13,447 - INFO: Evaluating at iteration 42441
2025-03-28 16:34:14,770 - INFO: Loss: 0.312063
2025-03-28 16:34:14,770 - INFO: Training ROC-AUC: 0.885714
2025-03-28 16:34:14,770 - INFO: Validation ROC-AUC: 0.876943
2025-03-28 16:34:27,855 - INFO: Evaluating at iteration 42941
2025-03-28 16:34:29,167 - INFO: Loss: 0.144688
2025-03-28 16:34:29,168 - INFO: Training ROC-AUC: 1.000000
2025-03-28 16:34:29,168 - INFO: Validation ROC-AUC: 0.878795
2025-03-28 16:34:42,333 - INFO: Evaluating at iteration 43441
2025-03-28 16:34:43,732 - INFO: Loss: 0.118579
2025-03-28 16:34:43,732 - INFO: Training ROC-AUC: 0.988571
2025-03-28 16:34:43,732 - INFO: Validation ROC-AUC: 0.880566
2025-03-28 16:34:56,893 - INFO: Evaluating at iteration 43941
2025-03-28 16:34:58,198 - INFO: Loss: 0.145559
2025-03-28 16:34:58,198 - INFO: Training ROC-AUC: 0.980769
2025-03-28 16:34:58,198 - INFO: Validation ROC-AUC: 0.879444
2025-03-28 16:35:00,741 - INFO: Starting epoch 22
2025-03-28 16:35:00,767 - INFO: Evaluating at iteration 44038
2025-03-28 16:35:02,057 - INFO: Loss: 0.076501
2025-03-28 16:35:02,057 - INFO: Training ROC-AUC: 1.000000
2025-03-28 16:35:02,057 - INFO: Validation ROC-AUC: 0.879522
2025-03-28 16:35:15,328 - INFO: Evaluating at iteration 44538
2025-03-28 16:35:16,619 - INFO: Loss: 0.296310
2025-03-28 16:35:16,620 - INFO: Training ROC-AUC: 0.848214
2025-03-28 16:35:16,620 - INFO: Validation ROC-AUC: 0.880158
2025-03-28 16:35:30,161 - INFO: Evaluating at iteration 45038
2025-03-28 16:35:31,480 - INFO: Loss: 0.174424
2025-03-28 16:35:31,480 - INFO: Training ROC-AUC: 0.940741
2025-03-28 16:35:31,480 - INFO: Validation ROC-AUC: 0.878653
2025-03-28 16:35:44,866 - INFO: Evaluating at iteration 45538
2025-03-28 16:35:46,181 - INFO: Loss: 0.097702
2025-03-28 16:35:46,182 - INFO: Training ROC-AUC: 1.000000
2025-03-28 16:35:46,182 - INFO: Validation ROC-AUC: 0.880186
2025-03-28 16:35:59,488 - INFO: Evaluating at iteration 46038
2025-03-28 16:36:00,762 - INFO: Loss: 0.094931
2025-03-28 16:36:00,762 - INFO: Training ROC-AUC: 1.000000
2025-03-28 16:36:00,762 - INFO: Validation ROC-AUC: 0.879377
2025-03-28 16:36:03,360 - INFO: Starting epoch 23
2025-03-28 16:36:03,387 - INFO: Evaluating at iteration 46135
2025-03-28 16:36:04,700 - INFO: Loss: 0.269451
2025-03-28 16:36:04,700 - INFO: Training ROC-AUC: 0.961039
2025-03-28 16:36:04,700 - INFO: Validation ROC-AUC: 0.879994
2025-03-28 16:36:18,274 - INFO: Evaluating at iteration 46635
2025-03-28 16:36:19,564 - INFO: Loss: 0.198838
2025-03-28 16:36:19,564 - INFO: Training ROC-AUC: 0.928571
2025-03-28 16:36:19,564 - INFO: Validation ROC-AUC: 0.878915
2025-03-28 16:36:33,217 - INFO: Evaluating at iteration 47135
2025-03-28 16:36:34,544 - INFO: Loss: 0.105601
2025-03-28 16:36:34,544 - INFO: Training ROC-AUC: 1.000000
2025-03-28 16:36:34,544 - INFO: Validation ROC-AUC: 0.880033
2025-03-28 16:36:48,293 - INFO: Evaluating at iteration 47635
2025-03-28 16:36:49,565 - INFO: Loss: 0.104815
2025-03-28 16:36:49,565 - INFO: Training ROC-AUC: 1.000000
2025-03-28 16:36:49,565 - INFO: Validation ROC-AUC: 0.879665
2025-03-28 16:37:03,379 - INFO: Evaluating at iteration 48135
2025-03-28 16:37:04,637 - INFO: Loss: 0.100952
2025-03-28 16:37:04,638 - INFO: Training ROC-AUC: 0.992593
2025-03-28 16:37:04,638 - INFO: Validation ROC-AUC: 0.879216
2025-03-28 16:37:07,382 - INFO: Starting epoch 24
2025-03-28 16:37:07,409 - INFO: Evaluating at iteration 48232
2025-03-28 16:37:08,735 - INFO: Loss: 0.260571
2025-03-28 16:37:08,735 - INFO: Training ROC-AUC: 0.965714
2025-03-28 16:37:08,735 - INFO: Validation ROC-AUC: 0.880185
2025-03-28 16:37:22,480 - INFO: Evaluating at iteration 48732
2025-03-28 16:37:23,762 - INFO: Loss: 0.130353
2025-03-28 16:37:23,762 - INFO: Training ROC-AUC: 0.916667
2025-03-28 16:37:23,762 - INFO: Validation ROC-AUC: 0.881588
2025-03-28 16:37:37,530 - INFO: Evaluating at iteration 49232
2025-03-28 16:37:38,852 - INFO: Loss: 0.122259
2025-03-28 16:37:38,853 - INFO: Training ROC-AUC: 1.000000
2025-03-28 16:37:38,853 - INFO: Validation ROC-AUC: 0.879572
2025-03-28 16:37:52,965 - INFO: Evaluating at iteration 49732
2025-03-28 16:37:54,284 - INFO: Loss: 0.390839
2025-03-28 16:37:54,285 - INFO: Training ROC-AUC: 0.871795
2025-03-28 16:37:54,285 - INFO: Validation ROC-AUC: 0.877081
2025-03-28 16:38:08,282 - INFO: Evaluating at iteration 50232
2025-03-28 16:38:09,604 - INFO: Loss: 0.242740
2025-03-28 16:38:09,604 - INFO: Training ROC-AUC: 0.960000
2025-03-28 16:38:09,605 - INFO: Validation ROC-AUC: 0.876676
2025-03-28 16:38:12,307 - INFO: Starting epoch 25
2025-03-28 16:38:12,334 - INFO: Evaluating at iteration 50329
2025-03-28 16:38:13,690 - INFO: Loss: 0.150080
2025-03-28 16:38:13,690 - INFO: Training ROC-AUC: 0.982143
2025-03-28 16:38:13,690 - INFO: Validation ROC-AUC: 0.879694
2025-03-28 16:38:27,640 - INFO: Evaluating at iteration 50829
2025-03-28 16:38:28,949 - INFO: Loss: 0.190741
2025-03-28 16:38:28,949 - INFO: Training ROC-AUC: 0.987500
2025-03-28 16:38:28,949 - INFO: Validation ROC-AUC: 0.878785
2025-03-28 16:38:43,060 - INFO: Evaluating at iteration 51329
2025-03-28 16:38:44,329 - INFO: Loss: 0.101608
2025-03-28 16:38:44,329 - INFO: Training ROC-AUC: 1.000000
2025-03-28 16:38:44,329 - INFO: Validation ROC-AUC: 0.877928
2025-03-28 16:38:58,563 - INFO: Evaluating at iteration 51829
2025-03-28 16:38:59,884 - INFO: Loss: 0.067607
2025-03-28 16:38:59,884 - INFO: Training ROC-AUC: 1.000000
2025-03-28 16:38:59,884 - INFO: Validation ROC-AUC: 0.876827
2025-03-28 16:39:14,007 - INFO: Evaluating at iteration 52329
2025-03-28 16:39:15,272 - INFO: Loss: 0.107068
2025-03-28 16:39:15,272 - INFO: Training ROC-AUC: 1.000000
2025-03-28 16:39:15,272 - INFO: Validation ROC-AUC: 0.879306
2025-03-28 16:39:18,019 - INFO: Saving model to models/TCRStructMap_tcr_levenshtein_split/model_5.pt
