2025-01-28 16:00:51,615 - INFO: Parameter: training_data='data/processed/sequences.h5'
2025-01-28 16:00:51,615 - INFO: Parameter: contact_maps=None
2025-01-28 16:00:51,615 - INFO: Parameter: output='models/TCRContactMapPredictor_sequence_only'
2025-01-28 16:00:51,615 - INFO: Parameter: seed=None
2025-01-28 16:00:51,615 - INFO: Parameter: cdr_1_length=8
2025-01-28 16:00:51,615 - INFO: Parameter: cdr_2_length=8
2025-01-28 16:00:51,615 - INFO: Parameter: cdr_3_length=24
2025-01-28 16:00:51,615 - INFO: Parameter: peptide_length=12
2025-01-28 16:00:51,615 - INFO: Parameter: mhc_pseudo_sequence_length=26
2025-01-28 16:00:51,615 - INFO: Parameter: batch_size=32
2025-01-28 16:00:51,615 - INFO: Parameter: num_epochs=25
2025-01-28 16:00:51,615 - INFO: Parameter: learning_rate=0.001
2025-01-28 16:00:51,615 - INFO: Parameter: drop_out_rate=0.2
2025-01-28 16:00:51,615 - INFO: Parameter: learn_contact_maps=False
2025-01-28 16:00:51,615 - INFO: Parameter: checkpoint_interval=1000
2025-01-28 16:00:51,615 - INFO: Parameter: eval_interval=500
2025-01-28 16:00:51,615 - INFO: Parameter: eval_batch_size=1000
2025-01-28 16:00:51,615 - INFO: Parameter: log_level='info'
2025-01-28 16:00:51,615 - INFO: Parameter: log_file='data/logs/train_tcr_contact_map_predictor_sequence_only.log'
2025-01-28 16:00:51,615 - INFO: Loading training data from data/processed/sequences.h5
2025-01-28 16:00:52,653 - INFO: Starting fold 1
2025-01-28 16:00:52,654 - INFO: Initialising model
2025-01-28 16:00:55,399 - INFO: Starting training
2025-01-28 16:00:55,399 - INFO: Starting epoch 1
2025-01-28 16:00:55,699 - INFO: Evaluating at iteration 1
2025-01-28 16:00:56,065 - INFO: Loss: 0.704786
2025-01-28 16:00:56,066 - INFO: Training ROC-AUC: 0.437500
2025-01-28 16:00:56,066 - INFO: Validation ROC-AUC: 0.572002
2025-01-28 16:01:04,657 - INFO: Evaluating at iteration 501
2025-01-28 16:01:05,087 - INFO: Loss: 0.613404
2025-01-28 16:01:05,087 - INFO: Training ROC-AUC: 0.599034
2025-01-28 16:01:05,087 - INFO: Validation ROC-AUC: 0.544832
2025-01-28 16:01:13,635 - INFO: Evaluating at iteration 1001
2025-01-28 16:01:14,131 - INFO: Loss: 0.517054
2025-01-28 16:01:14,131 - INFO: Training ROC-AUC: 0.531429
2025-01-28 16:01:14,132 - INFO: Validation ROC-AUC: 0.607672
2025-01-28 16:01:22,612 - INFO: Evaluating at iteration 1501
2025-01-28 16:01:22,993 - INFO: Loss: 0.198949
2025-01-28 16:01:22,993 - INFO: Training ROC-AUC: 0.816092
2025-01-28 16:01:22,993 - INFO: Validation ROC-AUC: 0.625989
2025-01-28 16:01:31,439 - INFO: Starting epoch 2
2025-01-28 16:01:31,461 - INFO: Evaluating at iteration 2001
2025-01-28 16:01:31,918 - INFO: Loss: 0.195115
2025-01-28 16:01:31,918 - INFO: Training ROC-AUC: 0.806452
2025-01-28 16:01:31,918 - INFO: Validation ROC-AUC: 0.631473
2025-01-28 16:01:41,129 - INFO: Evaluating at iteration 2501
2025-01-28 16:01:41,567 - INFO: Loss: 0.290068
2025-01-28 16:01:41,567 - INFO: Training ROC-AUC: 0.884615
2025-01-28 16:01:41,567 - INFO: Validation ROC-AUC: 0.645728
2025-01-28 16:01:50,330 - INFO: Evaluating at iteration 3001
2025-01-28 16:01:50,764 - INFO: Loss: 0.186045
2025-01-28 16:01:50,764 - INFO: Training ROC-AUC: 0.955357
2025-01-28 16:01:50,764 - INFO: Validation ROC-AUC: 0.635473
2025-01-28 16:01:59,310 - INFO: Evaluating at iteration 3501
2025-01-28 16:01:59,704 - INFO: Loss: 0.199582
2025-01-28 16:01:59,705 - INFO: Training ROC-AUC: 0.946429
2025-01-28 16:01:59,705 - INFO: Validation ROC-AUC: 0.647343
2025-01-28 16:02:08,198 - INFO: Starting epoch 3
2025-01-28 16:02:08,219 - INFO: Evaluating at iteration 4001
2025-01-28 16:02:08,607 - INFO: Loss: 0.217191
2025-01-28 16:02:08,607 - INFO: Training ROC-AUC: 0.982857
2025-01-28 16:02:08,607 - INFO: Validation ROC-AUC: 0.658016
2025-01-28 16:02:17,098 - INFO: Evaluating at iteration 4501
2025-01-28 16:02:17,494 - INFO: Loss: 0.293962
2025-01-28 16:02:17,494 - INFO: Training ROC-AUC: 0.705357
2025-01-28 16:02:17,494 - INFO: Validation ROC-AUC: 0.667809
2025-01-28 16:02:26,601 - INFO: Evaluating at iteration 5001
2025-01-28 16:02:27,045 - INFO: Loss: 0.183521
2025-01-28 16:02:27,046 - INFO: Training ROC-AUC: nan
2025-01-28 16:02:27,046 - INFO: Validation ROC-AUC: 0.662824
2025-01-28 16:02:36,790 - INFO: Evaluating at iteration 5501
2025-01-28 16:02:37,201 - INFO: Loss: 0.240906
2025-01-28 16:02:37,201 - INFO: Training ROC-AUC: 0.875000
2025-01-28 16:02:37,201 - INFO: Validation ROC-AUC: 0.677494
2025-01-28 16:02:46,478 - INFO: Starting epoch 4
2025-01-28 16:02:46,500 - INFO: Evaluating at iteration 6001
2025-01-28 16:02:46,901 - INFO: Loss: 0.144871
2025-01-28 16:02:46,901 - INFO: Training ROC-AUC: 1.000000
2025-01-28 16:02:46,901 - INFO: Validation ROC-AUC: 0.675418
2025-01-28 16:02:56,147 - INFO: Evaluating at iteration 6501
2025-01-28 16:02:56,544 - INFO: Loss: 0.452365
2025-01-28 16:02:56,545 - INFO: Training ROC-AUC: 0.879227
2025-01-28 16:02:56,545 - INFO: Validation ROC-AUC: 0.680494
2025-01-28 16:03:05,742 - INFO: Evaluating at iteration 7001
2025-01-28 16:03:06,145 - INFO: Loss: 0.528904
2025-01-28 16:03:06,146 - INFO: Training ROC-AUC: 0.748792
2025-01-28 16:03:06,146 - INFO: Validation ROC-AUC: 0.690331
2025-01-28 16:03:15,401 - INFO: Evaluating at iteration 7501
2025-01-28 16:03:15,803 - INFO: Loss: 0.330873
2025-01-28 16:03:15,804 - INFO: Training ROC-AUC: 0.866071
2025-01-28 16:03:15,804 - INFO: Validation ROC-AUC: 0.681804
2025-01-28 16:03:24,590 - INFO: Starting epoch 5
2025-01-28 16:03:24,610 - INFO: Evaluating at iteration 8001
2025-01-28 16:03:25,002 - INFO: Loss: 0.182776
2025-01-28 16:03:25,002 - INFO: Training ROC-AUC: 0.985185
2025-01-28 16:03:25,002 - INFO: Validation ROC-AUC: 0.680772
2025-01-28 16:03:33,467 - INFO: Evaluating at iteration 8501
2025-01-28 16:03:33,898 - INFO: Loss: 0.340966
2025-01-28 16:03:33,898 - INFO: Training ROC-AUC: 0.874074
2025-01-28 16:03:33,898 - INFO: Validation ROC-AUC: 0.694590
2025-01-28 16:03:42,938 - INFO: Evaluating at iteration 9001
2025-01-28 16:03:43,380 - INFO: Loss: 0.190449
2025-01-28 16:03:43,380 - INFO: Training ROC-AUC: 0.958333
2025-01-28 16:03:43,380 - INFO: Validation ROC-AUC: 0.708261
2025-01-28 16:03:52,968 - INFO: Evaluating at iteration 9501
2025-01-28 16:03:53,398 - INFO: Loss: 0.346565
2025-01-28 16:03:53,398 - INFO: Training ROC-AUC: 0.705357
2025-01-28 16:03:53,398 - INFO: Validation ROC-AUC: 0.699780
2025-01-28 16:04:02,897 - INFO: Starting epoch 6
2025-01-28 16:04:02,919 - INFO: Evaluating at iteration 10001
2025-01-28 16:04:03,341 - INFO: Loss: 0.418509
2025-01-28 16:04:03,341 - INFO: Training ROC-AUC: 0.834286
2025-01-28 16:04:03,341 - INFO: Validation ROC-AUC: 0.719112
2025-01-28 16:04:12,536 - INFO: Evaluating at iteration 10501
2025-01-28 16:04:12,919 - INFO: Loss: 0.187594
2025-01-28 16:04:12,919 - INFO: Training ROC-AUC: 0.955128
2025-01-28 16:04:12,919 - INFO: Validation ROC-AUC: 0.705363
2025-01-28 16:04:22,110 - INFO: Evaluating at iteration 11001
2025-01-28 16:04:22,544 - INFO: Loss: 0.269125
2025-01-28 16:04:22,544 - INFO: Training ROC-AUC: 0.821429
2025-01-28 16:04:22,544 - INFO: Validation ROC-AUC: 0.711655
2025-01-28 16:04:31,325 - INFO: Evaluating at iteration 11501
2025-01-28 16:04:31,729 - INFO: Loss: 0.356333
2025-01-28 16:04:31,729 - INFO: Training ROC-AUC: 0.834286
2025-01-28 16:04:31,729 - INFO: Validation ROC-AUC: 0.708331
2025-01-28 16:04:40,924 - INFO: Starting epoch 7
2025-01-28 16:04:40,946 - INFO: Evaluating at iteration 12001
2025-01-28 16:04:41,348 - INFO: Loss: 0.178298
2025-01-28 16:04:41,348 - INFO: Training ROC-AUC: 0.987179
2025-01-28 16:04:41,348 - INFO: Validation ROC-AUC: 0.719507
2025-01-28 16:04:50,426 - INFO: Evaluating at iteration 12501
2025-01-28 16:04:50,882 - INFO: Loss: 0.336930
2025-01-28 16:04:50,883 - INFO: Training ROC-AUC: 0.900433
2025-01-28 16:04:50,883 - INFO: Validation ROC-AUC: 0.704986
2025-01-28 16:04:59,433 - INFO: Evaluating at iteration 13001
2025-01-28 16:04:59,816 - INFO: Loss: 0.164403
2025-01-28 16:04:59,816 - INFO: Training ROC-AUC: 0.991071
2025-01-28 16:04:59,816 - INFO: Validation ROC-AUC: 0.711287
2025-01-28 16:05:08,547 - INFO: Evaluating at iteration 13501
2025-01-28 16:05:08,945 - INFO: Loss: 0.282954
2025-01-28 16:05:08,945 - INFO: Training ROC-AUC: 0.794643
2025-01-28 16:05:08,945 - INFO: Validation ROC-AUC: 0.713233
2025-01-28 16:05:17,872 - INFO: Starting epoch 8
2025-01-28 16:05:17,895 - INFO: Evaluating at iteration 14001
2025-01-28 16:05:18,290 - INFO: Loss: 0.155202
2025-01-28 16:05:18,290 - INFO: Training ROC-AUC: 0.984375
2025-01-28 16:05:18,290 - INFO: Validation ROC-AUC: 0.717782
2025-01-28 16:05:27,242 - INFO: Evaluating at iteration 14501
2025-01-28 16:05:27,637 - INFO: Loss: 0.404698
2025-01-28 16:05:27,638 - INFO: Training ROC-AUC: 0.830918
2025-01-28 16:05:27,638 - INFO: Validation ROC-AUC: 0.708706
2025-01-28 16:05:35,662 - INFO: Evaluating at iteration 15001
2025-01-28 16:05:36,049 - INFO: Loss: 0.232775
2025-01-28 16:05:36,049 - INFO: Training ROC-AUC: 0.873563
2025-01-28 16:05:36,049 - INFO: Validation ROC-AUC: 0.712326
2025-01-28 16:05:43,561 - INFO: Evaluating at iteration 15501
2025-01-28 16:05:43,952 - INFO: Loss: 0.181463
2025-01-28 16:05:43,953 - INFO: Training ROC-AUC: 0.910714
2025-01-28 16:05:43,953 - INFO: Validation ROC-AUC: 0.704452
2025-01-28 16:05:52,405 - INFO: Starting epoch 9
2025-01-28 16:05:52,427 - INFO: Evaluating at iteration 16001
2025-01-28 16:05:52,800 - INFO: Loss: 0.179546
2025-01-28 16:05:52,800 - INFO: Training ROC-AUC: 0.994286
2025-01-28 16:05:52,800 - INFO: Validation ROC-AUC: 0.702134
2025-01-28 16:06:01,761 - INFO: Evaluating at iteration 16501
2025-01-28 16:06:02,149 - INFO: Loss: 0.125705
2025-01-28 16:06:02,149 - INFO: Training ROC-AUC: 1.000000
2025-01-28 16:06:02,149 - INFO: Validation ROC-AUC: 0.715159
2025-01-28 16:06:11,268 - INFO: Evaluating at iteration 17001
2025-01-28 16:06:11,673 - INFO: Loss: 0.322525
2025-01-28 16:06:11,673 - INFO: Training ROC-AUC: 0.883929
2025-01-28 16:06:11,673 - INFO: Validation ROC-AUC: 0.703096
2025-01-28 16:06:21,022 - INFO: Evaluating at iteration 17501
2025-01-28 16:06:21,392 - INFO: Loss: 0.172613
2025-01-28 16:06:21,392 - INFO: Training ROC-AUC: 0.645161
2025-01-28 16:06:21,392 - INFO: Validation ROC-AUC: 0.701368
2025-01-28 16:06:30,575 - INFO: Starting epoch 10
2025-01-28 16:06:30,598 - INFO: Evaluating at iteration 18001
2025-01-28 16:06:31,000 - INFO: Loss: 0.148921
2025-01-28 16:06:31,000 - INFO: Training ROC-AUC: 0.908046
2025-01-28 16:06:31,000 - INFO: Validation ROC-AUC: 0.696337
2025-01-28 16:06:39,910 - INFO: Evaluating at iteration 18501
2025-01-28 16:06:40,327 - INFO: Loss: 0.188343
2025-01-28 16:06:40,327 - INFO: Training ROC-AUC: 0.900000
2025-01-28 16:06:40,327 - INFO: Validation ROC-AUC: 0.698044
2025-01-28 16:06:48,838 - INFO: Evaluating at iteration 19001
2025-01-28 16:06:49,237 - INFO: Loss: 0.150195
2025-01-28 16:06:49,237 - INFO: Training ROC-AUC: 0.973214
2025-01-28 16:06:49,238 - INFO: Validation ROC-AUC: 0.694455
2025-01-28 16:06:58,710 - INFO: Evaluating at iteration 19501
2025-01-28 16:06:59,147 - INFO: Loss: 0.321071
2025-01-28 16:06:59,148 - INFO: Training ROC-AUC: 0.858974
2025-01-28 16:06:59,148 - INFO: Validation ROC-AUC: 0.705951
2025-01-28 16:07:08,647 - INFO: Starting epoch 11
2025-01-28 16:07:08,668 - INFO: Evaluating at iteration 20001
2025-01-28 16:07:09,072 - INFO: Loss: 0.343925
2025-01-28 16:07:09,072 - INFO: Training ROC-AUC: 0.935065
2025-01-28 16:07:09,072 - INFO: Validation ROC-AUC: 0.700952
2025-01-28 16:07:18,290 - INFO: Evaluating at iteration 20501
2025-01-28 16:07:18,725 - INFO: Loss: 0.226973
2025-01-28 16:07:18,725 - INFO: Training ROC-AUC: 0.966184
2025-01-28 16:07:18,725 - INFO: Validation ROC-AUC: 0.685338
2025-01-28 16:07:28,282 - INFO: Evaluating at iteration 21001
2025-01-28 16:07:28,689 - INFO: Loss: 0.245951
2025-01-28 16:07:28,690 - INFO: Training ROC-AUC: 0.874074
2025-01-28 16:07:28,690 - INFO: Validation ROC-AUC: 0.690167
2025-01-28 16:07:38,102 - INFO: Evaluating at iteration 21501
2025-01-28 16:07:38,525 - INFO: Loss: 0.129810
2025-01-28 16:07:38,525 - INFO: Training ROC-AUC: 0.977011
2025-01-28 16:07:38,525 - INFO: Validation ROC-AUC: 0.699757
2025-01-28 16:07:47,788 - INFO: Starting epoch 12
2025-01-28 16:07:47,809 - INFO: Evaluating at iteration 22001
2025-01-28 16:07:48,221 - INFO: Loss: 0.240936
2025-01-28 16:07:48,222 - INFO: Training ROC-AUC: 0.883929
2025-01-28 16:07:48,222 - INFO: Validation ROC-AUC: 0.699269
2025-01-28 16:07:57,093 - INFO: Evaluating at iteration 22501
2025-01-28 16:07:57,522 - INFO: Loss: 0.288837
2025-01-28 16:07:57,522 - INFO: Training ROC-AUC: 0.939271
2025-01-28 16:07:57,522 - INFO: Validation ROC-AUC: 0.681220
2025-01-28 16:08:06,059 - INFO: Evaluating at iteration 23001
2025-01-28 16:08:06,491 - INFO: Loss: 0.279306
2025-01-28 16:08:06,491 - INFO: Training ROC-AUC: 0.948718
2025-01-28 16:08:06,491 - INFO: Validation ROC-AUC: 0.685405
2025-01-28 16:08:15,230 - INFO: Evaluating at iteration 23501
2025-01-28 16:08:15,616 - INFO: Loss: 0.176432
2025-01-28 16:08:15,616 - INFO: Training ROC-AUC: 0.973214
2025-01-28 16:08:15,616 - INFO: Validation ROC-AUC: 0.692532
2025-01-28 16:08:24,141 - INFO: Starting epoch 13
2025-01-28 16:08:24,163 - INFO: Evaluating at iteration 24001
2025-01-28 16:08:24,587 - INFO: Loss: 0.318267
2025-01-28 16:08:24,587 - INFO: Training ROC-AUC: 0.979167
2025-01-28 16:08:24,587 - INFO: Validation ROC-AUC: 0.690749
2025-01-28 16:08:33,140 - INFO: Evaluating at iteration 24501
2025-01-28 16:08:33,531 - INFO: Loss: 0.154812
2025-01-28 16:08:33,531 - INFO: Training ROC-AUC: 0.994792
2025-01-28 16:08:33,531 - INFO: Validation ROC-AUC: 0.683270
2025-01-28 16:08:41,846 - INFO: Evaluating at iteration 25001
2025-01-28 16:08:42,233 - INFO: Loss: 0.104510
2025-01-28 16:08:42,233 - INFO: Training ROC-AUC: 1.000000
2025-01-28 16:08:42,233 - INFO: Validation ROC-AUC: 0.681501
2025-01-28 16:08:49,928 - INFO: Evaluating at iteration 25501
2025-01-28 16:08:50,394 - INFO: Loss: 0.383175
2025-01-28 16:08:50,395 - INFO: Training ROC-AUC: 0.917874
2025-01-28 16:08:50,395 - INFO: Validation ROC-AUC: 0.696627
2025-01-28 16:08:57,384 - INFO: Starting epoch 14
2025-01-28 16:08:57,393 - INFO: Evaluating at iteration 26001
2025-01-28 16:08:57,812 - INFO: Loss: 0.253722
2025-01-28 16:08:57,813 - INFO: Training ROC-AUC: 0.896296
2025-01-28 16:08:57,813 - INFO: Validation ROC-AUC: 0.684153
2025-01-28 16:09:05,130 - INFO: Evaluating at iteration 26501
2025-01-28 16:09:05,538 - INFO: Loss: 0.195333
2025-01-28 16:09:05,539 - INFO: Training ROC-AUC: 0.968750
2025-01-28 16:09:05,539 - INFO: Validation ROC-AUC: 0.682517
2025-01-28 16:09:12,689 - INFO: Evaluating at iteration 27001
2025-01-28 16:09:13,125 - INFO: Loss: 0.146947
2025-01-28 16:09:13,125 - INFO: Training ROC-AUC: 0.974359
2025-01-28 16:09:13,125 - INFO: Validation ROC-AUC: 0.672591
2025-01-28 16:09:19,230 - INFO: Evaluating at iteration 27501
2025-01-28 16:09:19,588 - INFO: Loss: 0.155429
2025-01-28 16:09:19,588 - INFO: Training ROC-AUC: 0.970370
2025-01-28 16:09:19,588 - INFO: Validation ROC-AUC: 0.684113
2025-01-28 16:09:26,719 - INFO: Starting epoch 15
2025-01-28 16:09:26,727 - INFO: Evaluating at iteration 28001
2025-01-28 16:09:27,074 - INFO: Loss: 0.165328
2025-01-28 16:09:27,074 - INFO: Training ROC-AUC: 0.974359
2025-01-28 16:09:27,074 - INFO: Validation ROC-AUC: 0.686641
2025-01-28 16:09:34,768 - INFO: Evaluating at iteration 28501
2025-01-28 16:09:35,107 - INFO: Loss: 0.092339
2025-01-28 16:09:35,107 - INFO: Training ROC-AUC: 0.995455
2025-01-28 16:09:35,107 - INFO: Validation ROC-AUC: 0.679529
2025-01-28 16:09:42,501 - INFO: Evaluating at iteration 29001
2025-01-28 16:09:42,862 - INFO: Loss: 0.065079
2025-01-28 16:09:42,862 - INFO: Training ROC-AUC: 1.000000
2025-01-28 16:09:42,862 - INFO: Validation ROC-AUC: 0.684146
2025-01-28 16:09:50,631 - INFO: Evaluating at iteration 29501
2025-01-28 16:09:50,989 - INFO: Loss: 0.038705
2025-01-28 16:09:50,989 - INFO: Training ROC-AUC: 1.000000
2025-01-28 16:09:50,989 - INFO: Validation ROC-AUC: 0.687044
2025-01-28 16:09:58,721 - INFO: Starting epoch 16
2025-01-28 16:09:58,741 - INFO: Evaluating at iteration 30001
2025-01-28 16:09:59,098 - INFO: Loss: 0.140405
2025-01-28 16:09:59,098 - INFO: Training ROC-AUC: 0.993590
2025-01-28 16:09:59,098 - INFO: Validation ROC-AUC: 0.685495
2025-01-28 16:10:06,903 - INFO: Evaluating at iteration 30501
2025-01-28 16:10:07,262 - INFO: Loss: 0.089327
2025-01-28 16:10:07,262 - INFO: Training ROC-AUC: 1.000000
2025-01-28 16:10:07,263 - INFO: Validation ROC-AUC: 0.693215
2025-01-28 16:10:14,856 - INFO: Evaluating at iteration 31001
2025-01-28 16:10:15,213 - INFO: Loss: 0.276919
2025-01-28 16:10:15,214 - INFO: Training ROC-AUC: 0.947917
2025-01-28 16:10:15,214 - INFO: Validation ROC-AUC: 0.696437
2025-01-28 16:10:22,686 - INFO: Evaluating at iteration 31501
2025-01-28 16:10:23,045 - INFO: Loss: 0.087686
2025-01-28 16:10:23,045 - INFO: Training ROC-AUC: 1.000000
2025-01-28 16:10:23,045 - INFO: Validation ROC-AUC: 0.691957
2025-01-28 16:10:30,400 - INFO: Starting epoch 17
2025-01-28 16:10:30,421 - INFO: Evaluating at iteration 32001
2025-01-28 16:10:30,791 - INFO: Loss: 0.041393
2025-01-28 16:10:30,791 - INFO: Training ROC-AUC: 1.000000
2025-01-28 16:10:30,791 - INFO: Validation ROC-AUC: 0.686314
2025-01-28 16:10:38,495 - INFO: Evaluating at iteration 32501
2025-01-28 16:10:38,862 - INFO: Loss: 0.060211
2025-01-28 16:10:38,862 - INFO: Training ROC-AUC: 1.000000
2025-01-28 16:10:38,862 - INFO: Validation ROC-AUC: 0.691502
2025-01-28 16:10:46,493 - INFO: Evaluating at iteration 33001
2025-01-28 16:10:46,855 - INFO: Loss: 0.069725
2025-01-28 16:10:46,855 - INFO: Training ROC-AUC: 1.000000
2025-01-28 16:10:46,856 - INFO: Validation ROC-AUC: 0.680917
2025-01-28 16:10:54,657 - INFO: Evaluating at iteration 33501
2025-01-28 16:10:55,026 - INFO: Loss: 0.110015
2025-01-28 16:10:55,027 - INFO: Training ROC-AUC: 0.987179
2025-01-28 16:10:55,027 - INFO: Validation ROC-AUC: 0.684477
2025-01-28 16:11:03,260 - INFO: Starting epoch 18
2025-01-28 16:11:03,282 - INFO: Evaluating at iteration 34001
2025-01-28 16:11:03,661 - INFO: Loss: 0.074202
2025-01-28 16:11:03,661 - INFO: Training ROC-AUC: 1.000000
2025-01-28 16:11:03,661 - INFO: Validation ROC-AUC: 0.690461
2025-01-28 16:11:12,007 - INFO: Evaluating at iteration 34501
2025-01-28 16:11:12,394 - INFO: Loss: 0.060044
2025-01-28 16:11:12,394 - INFO: Training ROC-AUC: 1.000000
2025-01-28 16:11:12,394 - INFO: Validation ROC-AUC: 0.689060
2025-01-28 16:11:20,694 - INFO: Evaluating at iteration 35001
2025-01-28 16:11:21,080 - INFO: Loss: 0.129449
2025-01-28 16:11:21,080 - INFO: Training ROC-AUC: 1.000000
2025-01-28 16:11:21,080 - INFO: Validation ROC-AUC: 0.676591
2025-01-28 16:11:29,391 - INFO: Evaluating at iteration 35501
2025-01-28 16:11:29,772 - INFO: Loss: 0.297772
2025-01-28 16:11:29,772 - INFO: Training ROC-AUC: 0.933333
2025-01-28 16:11:29,772 - INFO: Validation ROC-AUC: 0.686982
2025-01-28 16:11:38,024 - INFO: Starting epoch 19
2025-01-28 16:11:38,046 - INFO: Evaluating at iteration 36001
2025-01-28 16:11:38,425 - INFO: Loss: 0.093574
2025-01-28 16:11:38,425 - INFO: Training ROC-AUC: 0.994792
2025-01-28 16:11:38,425 - INFO: Validation ROC-AUC: 0.666620
2025-01-28 16:11:46,734 - INFO: Evaluating at iteration 36501
2025-01-28 16:11:47,112 - INFO: Loss: 0.102728
2025-01-28 16:11:47,112 - INFO: Training ROC-AUC: 1.000000
2025-01-28 16:11:47,112 - INFO: Validation ROC-AUC: 0.680625
2025-01-28 16:11:55,396 - INFO: Evaluating at iteration 37001
2025-01-28 16:11:55,771 - INFO: Loss: 0.080478
2025-01-28 16:11:55,772 - INFO: Training ROC-AUC: 0.991071
2025-01-28 16:11:55,772 - INFO: Validation ROC-AUC: 0.686827
2025-01-28 16:12:04,064 - INFO: Evaluating at iteration 37501
2025-01-28 16:12:04,442 - INFO: Loss: 0.060145
2025-01-28 16:12:04,442 - INFO: Training ROC-AUC: 1.000000
2025-01-28 16:12:04,442 - INFO: Validation ROC-AUC: 0.675519
2025-01-28 16:12:12,820 - INFO: Starting epoch 20
2025-01-28 16:12:12,842 - INFO: Evaluating at iteration 38001
2025-01-28 16:12:13,224 - INFO: Loss: 0.140417
2025-01-28 16:12:13,224 - INFO: Training ROC-AUC: 0.977011
2025-01-28 16:12:13,224 - INFO: Validation ROC-AUC: 0.674345
2025-01-28 16:12:21,639 - INFO: Evaluating at iteration 38501
2025-01-28 16:12:22,020 - INFO: Loss: 0.060370
2025-01-28 16:12:22,020 - INFO: Training ROC-AUC: 1.000000
2025-01-28 16:12:22,020 - INFO: Validation ROC-AUC: 0.668653
2025-01-28 16:12:30,326 - INFO: Evaluating at iteration 39001
2025-01-28 16:12:30,707 - INFO: Loss: 0.107687
2025-01-28 16:12:30,707 - INFO: Training ROC-AUC: 0.994286
2025-01-28 16:12:30,707 - INFO: Validation ROC-AUC: 0.651118
2025-01-28 16:12:39,034 - INFO: Evaluating at iteration 39501
2025-01-28 16:12:39,416 - INFO: Loss: 0.037177
2025-01-28 16:12:39,416 - INFO: Training ROC-AUC: 1.000000
2025-01-28 16:12:39,416 - INFO: Validation ROC-AUC: 0.674153
2025-01-28 16:12:47,647 - INFO: Starting epoch 21
2025-01-28 16:12:47,667 - INFO: Evaluating at iteration 40001
2025-01-28 16:12:48,300 - INFO: Loss: 0.015489
2025-01-28 16:12:48,300 - INFO: Training ROC-AUC: 1.000000
2025-01-28 16:12:48,300 - INFO: Validation ROC-AUC: 0.673901
2025-01-28 16:12:56,740 - INFO: Evaluating at iteration 40501
2025-01-28 16:12:57,106 - INFO: Loss: 0.096243
2025-01-28 16:12:57,106 - INFO: Training ROC-AUC: 0.992593
2025-01-28 16:12:57,106 - INFO: Validation ROC-AUC: 0.648227
2025-01-28 16:13:05,461 - INFO: Evaluating at iteration 41001
2025-01-28 16:13:05,842 - INFO: Loss: 0.050414
2025-01-28 16:13:05,842 - INFO: Training ROC-AUC: 1.000000
2025-01-28 16:13:05,842 - INFO: Validation ROC-AUC: 0.658061
2025-01-28 16:13:14,150 - INFO: Evaluating at iteration 41501
2025-01-28 16:13:14,532 - INFO: Loss: 0.061856
2025-01-28 16:13:14,532 - INFO: Training ROC-AUC: 1.000000
2025-01-28 16:13:14,532 - INFO: Validation ROC-AUC: 0.650436
2025-01-28 16:13:22,860 - INFO: Starting epoch 22
2025-01-28 16:13:22,881 - INFO: Evaluating at iteration 42001
2025-01-28 16:13:23,267 - INFO: Loss: 0.007961
2025-01-28 16:13:23,267 - INFO: Training ROC-AUC: 1.000000
2025-01-28 16:13:23,267 - INFO: Validation ROC-AUC: 0.648405
2025-01-28 16:13:31,554 - INFO: Evaluating at iteration 42501
2025-01-28 16:13:31,947 - INFO: Loss: 0.023888
2025-01-28 16:13:31,948 - INFO: Training ROC-AUC: 1.000000
2025-01-28 16:13:31,948 - INFO: Validation ROC-AUC: 0.654910
2025-01-28 16:13:39,778 - INFO: Evaluating at iteration 43001
2025-01-28 16:13:40,142 - INFO: Loss: 0.008280
2025-01-28 16:13:40,142 - INFO: Training ROC-AUC: 1.000000
2025-01-28 16:13:40,142 - INFO: Validation ROC-AUC: 0.662793
2025-01-28 16:13:48,049 - INFO: Evaluating at iteration 43501
2025-01-28 16:13:48,489 - INFO: Loss: 0.105405
2025-01-28 16:13:48,490 - INFO: Training ROC-AUC: 0.991071
2025-01-28 16:13:48,490 - INFO: Validation ROC-AUC: 0.660859
2025-01-28 16:13:56,100 - INFO: Starting epoch 23
2025-01-28 16:13:56,121 - INFO: Evaluating at iteration 44001
2025-01-28 16:13:56,477 - INFO: Loss: 0.038691
2025-01-28 16:13:56,477 - INFO: Training ROC-AUC: 1.000000
2025-01-28 16:13:56,477 - INFO: Validation ROC-AUC: 0.663858
2025-01-28 16:14:04,149 - INFO: Evaluating at iteration 44501
2025-01-28 16:14:04,505 - INFO: Loss: 0.002568
2025-01-28 16:14:04,505 - INFO: Training ROC-AUC: 1.000000
2025-01-28 16:14:04,505 - INFO: Validation ROC-AUC: 0.660926
2025-01-28 16:14:12,496 - INFO: Evaluating at iteration 45001
2025-01-28 16:14:12,878 - INFO: Loss: 0.012388
2025-01-28 16:14:12,878 - INFO: Training ROC-AUC: 1.000000
2025-01-28 16:14:12,878 - INFO: Validation ROC-AUC: 0.664244
2025-01-28 16:14:22,072 - INFO: Evaluating at iteration 45501
2025-01-28 16:14:22,454 - INFO: Loss: 0.046844
2025-01-28 16:14:22,454 - INFO: Training ROC-AUC: 1.000000
2025-01-28 16:14:22,454 - INFO: Validation ROC-AUC: 0.665793
2025-01-28 16:14:31,697 - INFO: Starting epoch 24
2025-01-28 16:14:31,718 - INFO: Evaluating at iteration 46001
2025-01-28 16:14:32,166 - INFO: Loss: 0.001233
2025-01-28 16:14:32,166 - INFO: Training ROC-AUC: 1.000000
2025-01-28 16:14:32,166 - INFO: Validation ROC-AUC: 0.645420
2025-01-28 16:14:40,996 - INFO: Evaluating at iteration 46501
2025-01-28 16:14:41,431 - INFO: Loss: 0.042931
2025-01-28 16:14:41,431 - INFO: Training ROC-AUC: 1.000000
2025-01-28 16:14:41,431 - INFO: Validation ROC-AUC: 0.648172
2025-01-28 16:14:49,993 - INFO: Evaluating at iteration 47001
2025-01-28 16:14:50,381 - INFO: Loss: 0.043041
2025-01-28 16:14:50,381 - INFO: Training ROC-AUC: 1.000000
2025-01-28 16:14:50,381 - INFO: Validation ROC-AUC: 0.664841
2025-01-28 16:14:58,940 - INFO: Evaluating at iteration 47501
2025-01-28 16:14:59,326 - INFO: Loss: 0.077271
2025-01-28 16:14:59,326 - INFO: Training ROC-AUC: 1.000000
2025-01-28 16:14:59,326 - INFO: Validation ROC-AUC: 0.667627
2025-01-28 16:15:07,650 - INFO: Starting epoch 25
2025-01-28 16:15:07,671 - INFO: Evaluating at iteration 48001
2025-01-28 16:15:08,052 - INFO: Loss: 0.026506
2025-01-28 16:15:08,052 - INFO: Training ROC-AUC: 1.000000
2025-01-28 16:15:08,052 - INFO: Validation ROC-AUC: 0.668959
2025-01-28 16:15:16,520 - INFO: Evaluating at iteration 48501
2025-01-28 16:15:16,893 - INFO: Loss: 0.010348
2025-01-28 16:15:16,893 - INFO: Training ROC-AUC: 1.000000
2025-01-28 16:15:16,893 - INFO: Validation ROC-AUC: 0.657837
2025-01-28 16:15:25,007 - INFO: Evaluating at iteration 49001
2025-01-28 16:15:25,345 - INFO: Loss: 0.033386
2025-01-28 16:15:25,345 - INFO: Training ROC-AUC: 1.000000
2025-01-28 16:15:25,345 - INFO: Validation ROC-AUC: 0.645963
2025-01-28 16:15:34,810 - INFO: Evaluating at iteration 49501
2025-01-28 16:15:35,181 - INFO: Loss: 0.038533
2025-01-28 16:15:35,181 - INFO: Training ROC-AUC: 1.000000
2025-01-28 16:15:35,181 - INFO: Validation ROC-AUC: 0.641694
2025-01-28 16:15:43,532 - INFO: Saving model to models/TCRContactMapPredictor_sequence_only/model_1.pt
2025-01-28 16:15:43,565 - INFO: Starting fold 2
2025-01-28 16:15:43,566 - INFO: Initialising model
2025-01-28 16:15:43,584 - INFO: Starting training
2025-01-28 16:15:43,584 - INFO: Starting epoch 1
2025-01-28 16:15:43,598 - INFO: Evaluating at iteration 1
2025-01-28 16:15:43,876 - INFO: Loss: 0.690429
2025-01-28 16:15:43,877 - INFO: Training ROC-AUC: 0.307692
2025-01-28 16:15:43,877 - INFO: Validation ROC-AUC: 0.527843
2025-01-28 16:15:52,268 - INFO: Evaluating at iteration 501
2025-01-28 16:15:52,565 - INFO: Loss: 0.409121
2025-01-28 16:15:52,565 - INFO: Training ROC-AUC: 0.608974
2025-01-28 16:15:52,565 - INFO: Validation ROC-AUC: 0.376400
2025-01-28 16:16:00,727 - INFO: Evaluating at iteration 1001
2025-01-28 16:16:01,019 - INFO: Loss: 0.235032
2025-01-28 16:16:01,020 - INFO: Training ROC-AUC: 0.885057
2025-01-28 16:16:01,020 - INFO: Validation ROC-AUC: 0.531571
2025-01-28 16:16:09,377 - INFO: Evaluating at iteration 1501
2025-01-28 16:16:09,670 - INFO: Loss: 0.344632
2025-01-28 16:16:09,670 - INFO: Training ROC-AUC: 0.828571
2025-01-28 16:16:09,670 - INFO: Validation ROC-AUC: 0.590379
2025-01-28 16:16:17,838 - INFO: Evaluating at iteration 2001
2025-01-28 16:16:18,129 - INFO: Loss: 0.192256
2025-01-28 16:16:18,130 - INFO: Training ROC-AUC: 0.816667
2025-01-28 16:16:18,130 - INFO: Validation ROC-AUC: 0.615686
2025-01-28 16:16:20,706 - INFO: Starting epoch 2
2025-01-28 16:16:20,728 - INFO: Evaluating at iteration 2154
2025-01-28 16:16:21,020 - INFO: Loss: 0.298695
2025-01-28 16:16:21,020 - INFO: Training ROC-AUC: 0.965714
2025-01-28 16:16:21,020 - INFO: Validation ROC-AUC: 0.642381
2025-01-28 16:16:29,356 - INFO: Evaluating at iteration 2654
2025-01-28 16:16:29,657 - INFO: Loss: 0.377742
2025-01-28 16:16:29,657 - INFO: Training ROC-AUC: 0.725926
2025-01-28 16:16:29,657 - INFO: Validation ROC-AUC: 0.627510
2025-01-28 16:16:37,948 - INFO: Evaluating at iteration 3154
2025-01-28 16:16:38,247 - INFO: Loss: 0.162155
2025-01-28 16:16:38,247 - INFO: Training ROC-AUC: 1.000000
2025-01-28 16:16:38,247 - INFO: Validation ROC-AUC: 0.620018
2025-01-28 16:16:46,593 - INFO: Evaluating at iteration 3654
2025-01-28 16:16:46,891 - INFO: Loss: 0.439932
2025-01-28 16:16:46,891 - INFO: Training ROC-AUC: 0.776042
2025-01-28 16:16:46,891 - INFO: Validation ROC-AUC: 0.631550
2025-01-28 16:16:55,187 - INFO: Evaluating at iteration 4154
2025-01-28 16:16:55,485 - INFO: Loss: 0.287849
2025-01-28 16:16:55,485 - INFO: Training ROC-AUC: 0.945455
2025-01-28 16:16:55,485 - INFO: Validation ROC-AUC: 0.639191
2025-01-28 16:16:57,942 - INFO: Starting epoch 3
2025-01-28 16:16:57,962 - INFO: Evaluating at iteration 4307
2025-01-28 16:16:58,256 - INFO: Loss: 0.305322
2025-01-28 16:16:58,256 - INFO: Training ROC-AUC: 0.859259
2025-01-28 16:16:58,256 - INFO: Validation ROC-AUC: 0.633228
2025-01-28 16:17:06,607 - INFO: Evaluating at iteration 4807
2025-01-28 16:17:06,904 - INFO: Loss: 0.207410
2025-01-28 16:17:06,904 - INFO: Training ROC-AUC: 0.901786
2025-01-28 16:17:06,904 - INFO: Validation ROC-AUC: 0.652226
2025-01-28 16:17:15,059 - INFO: Evaluating at iteration 5307
2025-01-28 16:17:15,371 - INFO: Loss: 0.334693
2025-01-28 16:17:15,371 - INFO: Training ROC-AUC: 0.822222
2025-01-28 16:17:15,371 - INFO: Validation ROC-AUC: 0.638637
2025-01-28 16:17:24,037 - INFO: Evaluating at iteration 5807
2025-01-28 16:17:24,309 - INFO: Loss: 0.237243
2025-01-28 16:17:24,309 - INFO: Training ROC-AUC: 0.770115
2025-01-28 16:17:24,309 - INFO: Validation ROC-AUC: 0.632304
2025-01-28 16:17:32,566 - INFO: Evaluating at iteration 6307
2025-01-28 16:17:32,840 - INFO: Loss: 0.218975
2025-01-28 16:17:32,840 - INFO: Training ROC-AUC: 0.942308
2025-01-28 16:17:32,840 - INFO: Validation ROC-AUC: 0.624555
2025-01-28 16:17:35,423 - INFO: Starting epoch 4
2025-01-28 16:17:35,443 - INFO: Evaluating at iteration 6460
2025-01-28 16:17:35,742 - INFO: Loss: 0.314941
2025-01-28 16:17:35,742 - INFO: Training ROC-AUC: 0.884615
2025-01-28 16:17:35,742 - INFO: Validation ROC-AUC: 0.635044
2025-01-28 16:17:43,915 - INFO: Evaluating at iteration 6960
2025-01-28 16:17:44,214 - INFO: Loss: 0.292462
2025-01-28 16:17:44,214 - INFO: Training ROC-AUC: 0.897143
2025-01-28 16:17:44,214 - INFO: Validation ROC-AUC: 0.640334
2025-01-28 16:17:52,413 - INFO: Evaluating at iteration 7460
2025-01-28 16:17:52,712 - INFO: Loss: 0.385569
2025-01-28 16:17:52,712 - INFO: Training ROC-AUC: 0.788571
2025-01-28 16:17:52,712 - INFO: Validation ROC-AUC: 0.635963
2025-01-28 16:18:00,401 - INFO: Evaluating at iteration 7960
2025-01-28 16:18:00,676 - INFO: Loss: 0.320851
2025-01-28 16:18:00,676 - INFO: Training ROC-AUC: 0.829630
2025-01-28 16:18:00,676 - INFO: Validation ROC-AUC: 0.639781
2025-01-28 16:18:08,161 - INFO: Evaluating at iteration 8460
2025-01-28 16:18:08,436 - INFO: Loss: 0.238009
2025-01-28 16:18:08,436 - INFO: Training ROC-AUC: 0.827586
2025-01-28 16:18:08,436 - INFO: Validation ROC-AUC: 0.642594
2025-01-28 16:18:10,713 - INFO: Starting epoch 5
2025-01-28 16:18:10,734 - INFO: Evaluating at iteration 8613
2025-01-28 16:18:11,008 - INFO: Loss: 0.118878
2025-01-28 16:18:11,009 - INFO: Training ROC-AUC: 0.982143
2025-01-28 16:18:11,009 - INFO: Validation ROC-AUC: 0.648147
2025-01-28 16:18:18,803 - INFO: Evaluating at iteration 9113
2025-01-28 16:18:19,088 - INFO: Loss: 0.320414
2025-01-28 16:18:19,088 - INFO: Training ROC-AUC: 0.884615
2025-01-28 16:18:19,089 - INFO: Validation ROC-AUC: 0.647245
2025-01-28 16:18:27,338 - INFO: Evaluating at iteration 9613
2025-01-28 16:18:27,613 - INFO: Loss: 0.365504
2025-01-28 16:18:27,613 - INFO: Training ROC-AUC: 0.869792
2025-01-28 16:18:27,613 - INFO: Validation ROC-AUC: 0.652285
2025-01-28 16:18:36,019 - INFO: Evaluating at iteration 10113
2025-01-28 16:18:36,338 - INFO: Loss: 0.170676
2025-01-28 16:18:36,338 - INFO: Training ROC-AUC: 0.940741
2025-01-28 16:18:36,338 - INFO: Validation ROC-AUC: 0.648142
2025-01-28 16:18:44,691 - INFO: Evaluating at iteration 10613
2025-01-28 16:18:44,990 - INFO: Loss: 0.102222
2025-01-28 16:18:44,990 - INFO: Training ROC-AUC: 1.000000
2025-01-28 16:18:44,990 - INFO: Validation ROC-AUC: 0.641264
2025-01-28 16:18:47,399 - INFO: Starting epoch 6
2025-01-28 16:18:47,420 - INFO: Evaluating at iteration 10766
2025-01-28 16:18:47,699 - INFO: Loss: 0.246468
2025-01-28 16:18:47,699 - INFO: Training ROC-AUC: 0.803571
2025-01-28 16:18:47,699 - INFO: Validation ROC-AUC: 0.635924
2025-01-28 16:18:56,072 - INFO: Evaluating at iteration 11266
2025-01-28 16:18:56,373 - INFO: Loss: 0.088917
2025-01-28 16:18:56,374 - INFO: Training ROC-AUC: 1.000000
2025-01-28 16:18:56,374 - INFO: Validation ROC-AUC: 0.646649
2025-01-28 16:19:04,584 - INFO: Evaluating at iteration 11766
2025-01-28 16:19:04,885 - INFO: Loss: 0.152641
2025-01-28 16:19:04,885 - INFO: Training ROC-AUC: 0.962963
2025-01-28 16:19:04,885 - INFO: Validation ROC-AUC: 0.648467
2025-01-28 16:19:13,253 - INFO: Evaluating at iteration 12266
2025-01-28 16:19:13,552 - INFO: Loss: 0.245137
2025-01-28 16:19:13,552 - INFO: Training ROC-AUC: 0.848214
2025-01-28 16:19:13,552 - INFO: Validation ROC-AUC: 0.643035
2025-01-28 16:19:21,699 - INFO: Evaluating at iteration 12766
2025-01-28 16:19:22,002 - INFO: Loss: 0.180128
2025-01-28 16:19:22,003 - INFO: Training ROC-AUC: 0.977778
2025-01-28 16:19:22,003 - INFO: Validation ROC-AUC: 0.645252
2025-01-28 16:19:24,501 - INFO: Starting epoch 7
2025-01-28 16:19:24,522 - INFO: Evaluating at iteration 12919
2025-01-28 16:19:24,821 - INFO: Loss: 0.214115
2025-01-28 16:19:24,821 - INFO: Training ROC-AUC: 0.955556
2025-01-28 16:19:24,821 - INFO: Validation ROC-AUC: 0.647620
2025-01-28 16:19:32,971 - INFO: Evaluating at iteration 13419
2025-01-28 16:19:33,270 - INFO: Loss: 0.332557
2025-01-28 16:19:33,270 - INFO: Training ROC-AUC: 0.927536
2025-01-28 16:19:33,270 - INFO: Validation ROC-AUC: 0.651020
2025-01-28 16:19:41,661 - INFO: Evaluating at iteration 13919
2025-01-28 16:19:41,975 - INFO: Loss: 0.143177
2025-01-28 16:19:41,975 - INFO: Training ROC-AUC: 0.988506
2025-01-28 16:19:41,975 - INFO: Validation ROC-AUC: 0.646246
2025-01-28 16:19:50,338 - INFO: Evaluating at iteration 14419
2025-01-28 16:19:50,632 - INFO: Loss: 0.296514
2025-01-28 16:19:50,633 - INFO: Training ROC-AUC: 0.884615
2025-01-28 16:19:50,633 - INFO: Validation ROC-AUC: 0.643813
2025-01-28 16:19:58,968 - INFO: Evaluating at iteration 14919
2025-01-28 16:19:59,263 - INFO: Loss: 0.100740
2025-01-28 16:19:59,263 - INFO: Training ROC-AUC: 1.000000
2025-01-28 16:19:59,263 - INFO: Validation ROC-AUC: 0.648238
2025-01-28 16:20:01,841 - INFO: Starting epoch 8
2025-01-28 16:20:01,862 - INFO: Evaluating at iteration 15072
2025-01-28 16:20:02,151 - INFO: Loss: 0.336937
2025-01-28 16:20:02,151 - INFO: Training ROC-AUC: 0.914286
2025-01-28 16:20:02,151 - INFO: Validation ROC-AUC: 0.650751
2025-01-28 16:20:10,272 - INFO: Evaluating at iteration 15572
2025-01-28 16:20:10,537 - INFO: Loss: 0.195385
2025-01-28 16:20:10,537 - INFO: Training ROC-AUC: 0.908046
2025-01-28 16:20:10,537 - INFO: Validation ROC-AUC: 0.641043
2025-01-28 16:20:18,471 - INFO: Evaluating at iteration 16072
2025-01-28 16:20:18,782 - INFO: Loss: 0.343778
2025-01-28 16:20:18,782 - INFO: Training ROC-AUC: 0.892857
2025-01-28 16:20:18,782 - INFO: Validation ROC-AUC: 0.636980
2025-01-28 16:20:26,946 - INFO: Evaluating at iteration 16572
2025-01-28 16:20:27,231 - INFO: Loss: 0.226038
2025-01-28 16:20:27,231 - INFO: Training ROC-AUC: 0.932292
2025-01-28 16:20:27,231 - INFO: Validation ROC-AUC: 0.637283
2025-01-28 16:20:35,445 - INFO: Evaluating at iteration 17072
2025-01-28 16:20:35,729 - INFO: Loss: 0.193152
2025-01-28 16:20:35,729 - INFO: Training ROC-AUC: 0.937500
2025-01-28 16:20:35,729 - INFO: Validation ROC-AUC: 0.652441
2025-01-28 16:20:38,142 - INFO: Starting epoch 9
2025-01-28 16:20:38,163 - INFO: Evaluating at iteration 17225
2025-01-28 16:20:38,439 - INFO: Loss: 0.133672
2025-01-28 16:20:38,439 - INFO: Training ROC-AUC: 0.982143
2025-01-28 16:20:38,439 - INFO: Validation ROC-AUC: 0.648879
2025-01-28 16:20:46,751 - INFO: Evaluating at iteration 17725
2025-01-28 16:20:47,035 - INFO: Loss: 0.084318
2025-01-28 16:20:47,035 - INFO: Training ROC-AUC: 1.000000
2025-01-28 16:20:47,035 - INFO: Validation ROC-AUC: 0.641062
2025-01-28 16:20:55,158 - INFO: Evaluating at iteration 18225
2025-01-28 16:20:55,442 - INFO: Loss: 0.349260
2025-01-28 16:20:55,442 - INFO: Training ROC-AUC: 0.946860
2025-01-28 16:20:55,442 - INFO: Validation ROC-AUC: 0.647503
2025-01-28 16:21:03,595 - INFO: Evaluating at iteration 18725
2025-01-28 16:21:03,875 - INFO: Loss: 0.351508
2025-01-28 16:21:03,875 - INFO: Training ROC-AUC: 0.874286
2025-01-28 16:21:03,875 - INFO: Validation ROC-AUC: 0.635910
2025-01-28 16:21:12,089 - INFO: Evaluating at iteration 19225
2025-01-28 16:21:12,372 - INFO: Loss: 0.047110
2025-01-28 16:21:12,373 - INFO: Training ROC-AUC: 1.000000
2025-01-28 16:21:12,373 - INFO: Validation ROC-AUC: 0.640751
2025-01-28 16:21:14,849 - INFO: Starting epoch 10
2025-01-28 16:21:14,871 - INFO: Evaluating at iteration 19378
2025-01-28 16:21:15,153 - INFO: Loss: 0.246558
2025-01-28 16:21:15,153 - INFO: Training ROC-AUC: 0.961538
2025-01-28 16:21:15,153 - INFO: Validation ROC-AUC: 0.649513
2025-01-28 16:21:23,489 - INFO: Evaluating at iteration 19878
2025-01-28 16:21:23,767 - INFO: Loss: 0.419206
2025-01-28 16:21:23,767 - INFO: Training ROC-AUC: 0.792593
2025-01-28 16:21:23,767 - INFO: Validation ROC-AUC: 0.647965
2025-01-28 16:21:32,081 - INFO: Evaluating at iteration 20378
2025-01-28 16:21:32,363 - INFO: Loss: 0.199578
2025-01-28 16:21:32,363 - INFO: Training ROC-AUC: 0.989583
2025-01-28 16:21:32,363 - INFO: Validation ROC-AUC: 0.645884
2025-01-28 16:21:40,125 - INFO: Evaluating at iteration 20878
2025-01-28 16:21:40,381 - INFO: Loss: 0.075608
2025-01-28 16:21:40,381 - INFO: Training ROC-AUC: 1.000000
2025-01-28 16:21:40,381 - INFO: Validation ROC-AUC: 0.649650
2025-01-28 16:21:47,859 - INFO: Evaluating at iteration 21378
2025-01-28 16:21:48,125 - INFO: Loss: 0.090748
2025-01-28 16:21:48,125 - INFO: Training ROC-AUC: 1.000000
2025-01-28 16:21:48,125 - INFO: Validation ROC-AUC: 0.650917
2025-01-28 16:21:50,309 - INFO: Starting epoch 11
2025-01-28 16:21:50,318 - INFO: Evaluating at iteration 21531
2025-01-28 16:21:50,573 - INFO: Loss: 0.182868
2025-01-28 16:21:50,573 - INFO: Training ROC-AUC: 0.971429
2025-01-28 16:21:50,573 - INFO: Validation ROC-AUC: 0.648113
2025-01-28 16:21:58,280 - INFO: Evaluating at iteration 22031
2025-01-28 16:21:58,534 - INFO: Loss: 0.100366
2025-01-28 16:21:58,534 - INFO: Training ROC-AUC: 0.992593
2025-01-28 16:21:58,534 - INFO: Validation ROC-AUC: 0.649022
2025-01-28 16:22:06,969 - INFO: Evaluating at iteration 22531
2025-01-28 16:22:07,303 - INFO: Loss: 0.134999
2025-01-28 16:22:07,303 - INFO: Training ROC-AUC: 0.950000
2025-01-28 16:22:07,303 - INFO: Validation ROC-AUC: 0.646375
2025-01-28 16:22:16,034 - INFO: Evaluating at iteration 23031
2025-01-28 16:22:16,336 - INFO: Loss: 0.146600
2025-01-28 16:22:16,336 - INFO: Training ROC-AUC: 0.955357
2025-01-28 16:22:16,336 - INFO: Validation ROC-AUC: 0.648032
2025-01-28 16:22:25,051 - INFO: Evaluating at iteration 23531
2025-01-28 16:22:25,342 - INFO: Loss: 0.256051
2025-01-28 16:22:25,342 - INFO: Training ROC-AUC: 0.937143
2025-01-28 16:22:25,342 - INFO: Validation ROC-AUC: 0.657692
2025-01-28 16:22:28,172 - INFO: Starting epoch 12
2025-01-28 16:22:28,195 - INFO: Evaluating at iteration 23684
2025-01-28 16:22:28,486 - INFO: Loss: 0.149824
2025-01-28 16:22:28,486 - INFO: Training ROC-AUC: 0.966667
2025-01-28 16:22:28,486 - INFO: Validation ROC-AUC: 0.652309
2025-01-28 16:22:37,765 - INFO: Evaluating at iteration 24184
2025-01-28 16:22:38,057 - INFO: Loss: 0.085073
2025-01-28 16:22:38,057 - INFO: Training ROC-AUC: 0.993590
2025-01-28 16:22:38,057 - INFO: Validation ROC-AUC: 0.646461
2025-01-28 16:22:47,131 - INFO: Evaluating at iteration 24684
2025-01-28 16:22:47,425 - INFO: Loss: 0.069386
2025-01-28 16:22:47,425 - INFO: Training ROC-AUC: 1.000000
2025-01-28 16:22:47,425 - INFO: Validation ROC-AUC: 0.648709
2025-01-28 16:22:56,534 - INFO: Evaluating at iteration 25184
2025-01-28 16:22:56,825 - INFO: Loss: 0.039715
2025-01-28 16:22:56,826 - INFO: Training ROC-AUC: 1.000000
2025-01-28 16:22:56,826 - INFO: Validation ROC-AUC: 0.646623
2025-01-28 16:23:05,483 - INFO: Evaluating at iteration 25684
2025-01-28 16:23:05,761 - INFO: Loss: 0.156465
2025-01-28 16:23:05,761 - INFO: Training ROC-AUC: 0.962963
2025-01-28 16:23:05,761 - INFO: Validation ROC-AUC: 0.649895
2025-01-28 16:23:08,257 - INFO: Starting epoch 13
2025-01-28 16:23:08,266 - INFO: Evaluating at iteration 25837
2025-01-28 16:23:08,532 - INFO: Loss: 0.037998
2025-01-28 16:23:08,532 - INFO: Training ROC-AUC: 1.000000
2025-01-28 16:23:08,532 - INFO: Validation ROC-AUC: 0.650595
2025-01-28 16:23:16,295 - INFO: Evaluating at iteration 26337
2025-01-28 16:23:16,587 - INFO: Loss: 0.161347
2025-01-28 16:23:16,587 - INFO: Training ROC-AUC: 0.980769
2025-01-28 16:23:16,587 - INFO: Validation ROC-AUC: 0.654340
2025-01-28 16:23:24,037 - INFO: Evaluating at iteration 26837
2025-01-28 16:23:24,327 - INFO: Loss: 0.198792
2025-01-28 16:23:24,327 - INFO: Training ROC-AUC: 0.955556
2025-01-28 16:23:24,327 - INFO: Validation ROC-AUC: 0.655757
2025-01-28 16:23:31,567 - INFO: Evaluating at iteration 27337
2025-01-28 16:23:31,872 - INFO: Loss: 0.183558
2025-01-28 16:23:31,872 - INFO: Training ROC-AUC: 0.967949
2025-01-28 16:23:31,872 - INFO: Validation ROC-AUC: 0.645749
2025-01-28 16:23:39,431 - INFO: Evaluating at iteration 27837
2025-01-28 16:23:39,696 - INFO: Loss: 0.191028
2025-01-28 16:23:39,696 - INFO: Training ROC-AUC: 0.971014
2025-01-28 16:23:39,696 - INFO: Validation ROC-AUC: 0.648353
2025-01-28 16:23:42,216 - INFO: Starting epoch 14
2025-01-28 16:23:42,237 - INFO: Evaluating at iteration 27990
2025-01-28 16:23:42,516 - INFO: Loss: 0.071979
2025-01-28 16:23:42,516 - INFO: Training ROC-AUC: 1.000000
2025-01-28 16:23:42,516 - INFO: Validation ROC-AUC: 0.645391
2025-01-28 16:23:50,832 - INFO: Evaluating at iteration 28490
2025-01-28 16:23:51,116 - INFO: Loss: 0.098059
2025-01-28 16:23:51,116 - INFO: Training ROC-AUC: 1.000000
2025-01-28 16:23:51,116 - INFO: Validation ROC-AUC: 0.646944
2025-01-28 16:23:59,632 - INFO: Evaluating at iteration 28990
2025-01-28 16:23:59,920 - INFO: Loss: 0.067362
2025-01-28 16:23:59,920 - INFO: Training ROC-AUC: 1.000000
2025-01-28 16:23:59,920 - INFO: Validation ROC-AUC: 0.647090
2025-01-28 16:24:08,728 - INFO: Evaluating at iteration 29490
2025-01-28 16:24:08,985 - INFO: Loss: 0.140838
2025-01-28 16:24:08,986 - INFO: Training ROC-AUC: 0.984375
2025-01-28 16:24:08,986 - INFO: Validation ROC-AUC: 0.647761
2025-01-28 16:24:17,823 - INFO: Evaluating at iteration 29990
2025-01-28 16:24:18,119 - INFO: Loss: 0.070821
2025-01-28 16:24:18,119 - INFO: Training ROC-AUC: 1.000000
2025-01-28 16:24:18,119 - INFO: Validation ROC-AUC: 0.650621
2025-01-28 16:24:21,000 - INFO: Starting epoch 15
2025-01-28 16:24:21,024 - INFO: Evaluating at iteration 30143
2025-01-28 16:24:21,312 - INFO: Loss: 0.069015
2025-01-28 16:24:21,312 - INFO: Training ROC-AUC: 1.000000
2025-01-28 16:24:21,312 - INFO: Validation ROC-AUC: 0.652896
2025-01-28 16:24:30,430 - INFO: Evaluating at iteration 30643
2025-01-28 16:24:30,717 - INFO: Loss: 0.105499
2025-01-28 16:24:30,717 - INFO: Training ROC-AUC: 1.000000
2025-01-28 16:24:30,717 - INFO: Validation ROC-AUC: 0.649683
2025-01-28 16:24:39,031 - INFO: Evaluating at iteration 31143
2025-01-28 16:24:39,331 - INFO: Loss: 0.135099
2025-01-28 16:24:39,331 - INFO: Training ROC-AUC: 0.946429
2025-01-28 16:24:39,332 - INFO: Validation ROC-AUC: 0.643799
2025-01-28 16:24:47,613 - INFO: Evaluating at iteration 31643
2025-01-28 16:24:47,915 - INFO: Loss: 0.043693
2025-01-28 16:24:47,915 - INFO: Training ROC-AUC: 1.000000
2025-01-28 16:24:47,915 - INFO: Validation ROC-AUC: 0.650614
2025-01-28 16:24:55,965 - INFO: Evaluating at iteration 32143
2025-01-28 16:24:56,270 - INFO: Loss: 0.056339
2025-01-28 16:24:56,270 - INFO: Training ROC-AUC: 1.000000
2025-01-28 16:24:56,270 - INFO: Validation ROC-AUC: 0.649357
2025-01-28 16:24:58,755 - INFO: Starting epoch 16
2025-01-28 16:24:58,776 - INFO: Evaluating at iteration 32296
2025-01-28 16:24:59,077 - INFO: Loss: 0.121715
2025-01-28 16:24:59,078 - INFO: Training ROC-AUC: 0.984375
2025-01-28 16:24:59,078 - INFO: Validation ROC-AUC: 0.653895
2025-01-28 16:25:07,218 - INFO: Evaluating at iteration 32796
2025-01-28 16:25:07,521 - INFO: Loss: 0.026191
2025-01-28 16:25:07,521 - INFO: Training ROC-AUC: 1.000000
2025-01-28 16:25:07,521 - INFO: Validation ROC-AUC: 0.646483
2025-01-28 16:25:15,494 - INFO: Evaluating at iteration 33296
2025-01-28 16:25:15,806 - INFO: Loss: 0.025348
2025-01-28 16:25:15,806 - INFO: Training ROC-AUC: 1.000000
2025-01-28 16:25:15,806 - INFO: Validation ROC-AUC: 0.649638
2025-01-28 16:25:24,022 - INFO: Evaluating at iteration 33796
2025-01-28 16:25:24,301 - INFO: Loss: 0.041887
2025-01-28 16:25:24,301 - INFO: Training ROC-AUC: 1.000000
2025-01-28 16:25:24,301 - INFO: Validation ROC-AUC: 0.652659
2025-01-28 16:25:32,615 - INFO: Evaluating at iteration 34296
2025-01-28 16:25:32,891 - INFO: Loss: 0.057411
2025-01-28 16:25:32,892 - INFO: Training ROC-AUC: 0.988506
2025-01-28 16:25:32,892 - INFO: Validation ROC-AUC: 0.643907
2025-01-28 16:25:35,476 - INFO: Starting epoch 17
2025-01-28 16:25:35,498 - INFO: Evaluating at iteration 34449
2025-01-28 16:25:35,773 - INFO: Loss: 0.025827
2025-01-28 16:25:35,773 - INFO: Training ROC-AUC: 1.000000
2025-01-28 16:25:35,773 - INFO: Validation ROC-AUC: 0.645399
2025-01-28 16:25:44,148 - INFO: Evaluating at iteration 34949
2025-01-28 16:25:44,424 - INFO: Loss: 0.057354
2025-01-28 16:25:44,424 - INFO: Training ROC-AUC: 1.000000
2025-01-28 16:25:44,424 - INFO: Validation ROC-AUC: 0.642456
2025-01-28 16:25:52,735 - INFO: Evaluating at iteration 35449
2025-01-28 16:25:53,012 - INFO: Loss: 0.053534
2025-01-28 16:25:53,012 - INFO: Training ROC-AUC: 1.000000
2025-01-28 16:25:53,012 - INFO: Validation ROC-AUC: 0.643166
2025-01-28 16:26:01,201 - INFO: Evaluating at iteration 35949
2025-01-28 16:26:01,478 - INFO: Loss: 0.088612
2025-01-28 16:26:01,478 - INFO: Training ROC-AUC: 1.000000
2025-01-28 16:26:01,478 - INFO: Validation ROC-AUC: 0.645957
2025-01-28 16:26:09,692 - INFO: Evaluating at iteration 36449
2025-01-28 16:26:09,968 - INFO: Loss: 0.075611
2025-01-28 16:26:09,968 - INFO: Training ROC-AUC: 0.992593
2025-01-28 16:26:09,968 - INFO: Validation ROC-AUC: 0.650231
2025-01-28 16:26:12,547 - INFO: Starting epoch 18
2025-01-28 16:26:12,567 - INFO: Evaluating at iteration 36602
2025-01-28 16:26:12,843 - INFO: Loss: 0.015463
2025-01-28 16:26:12,843 - INFO: Training ROC-AUC: 1.000000
2025-01-28 16:26:12,843 - INFO: Validation ROC-AUC: 0.652106
2025-01-28 16:26:20,909 - INFO: Evaluating at iteration 37102
2025-01-28 16:26:21,190 - INFO: Loss: 0.070992
2025-01-28 16:26:21,190 - INFO: Training ROC-AUC: 0.991071
2025-01-28 16:26:21,190 - INFO: Validation ROC-AUC: 0.639245
2025-01-28 16:26:29,236 - INFO: Evaluating at iteration 37602
2025-01-28 16:26:29,514 - INFO: Loss: 0.018974
2025-01-28 16:26:29,514 - INFO: Training ROC-AUC: 1.000000
2025-01-28 16:26:29,514 - INFO: Validation ROC-AUC: 0.645704
2025-01-28 16:26:37,607 - INFO: Evaluating at iteration 38102
2025-01-28 16:26:37,885 - INFO: Loss: 0.028929
2025-01-28 16:26:37,885 - INFO: Training ROC-AUC: 1.000000
2025-01-28 16:26:37,885 - INFO: Validation ROC-AUC: 0.650265
2025-01-28 16:26:45,926 - INFO: Evaluating at iteration 38602
2025-01-28 16:26:46,204 - INFO: Loss: 0.034259
2025-01-28 16:26:46,205 - INFO: Training ROC-AUC: 1.000000
2025-01-28 16:26:46,205 - INFO: Validation ROC-AUC: 0.644463
2025-01-28 16:26:48,499 - INFO: Starting epoch 19
2025-01-28 16:26:48,507 - INFO: Evaluating at iteration 38755
2025-01-28 16:26:48,753 - INFO: Loss: 0.062040
2025-01-28 16:26:48,753 - INFO: Training ROC-AUC: 0.967742
2025-01-28 16:26:48,753 - INFO: Validation ROC-AUC: 0.642188
2025-01-28 16:26:56,953 - INFO: Evaluating at iteration 39255
2025-01-28 16:26:57,202 - INFO: Loss: 0.028745
2025-01-28 16:26:57,202 - INFO: Training ROC-AUC: 1.000000
2025-01-28 16:26:57,202 - INFO: Validation ROC-AUC: 0.645755
2025-01-28 16:27:05,278 - INFO: Evaluating at iteration 39755
2025-01-28 16:27:05,555 - INFO: Loss: 0.031475
2025-01-28 16:27:05,556 - INFO: Training ROC-AUC: 1.000000
2025-01-28 16:27:05,556 - INFO: Validation ROC-AUC: 0.644178
2025-01-28 16:27:13,625 - INFO: Evaluating at iteration 40255
2025-01-28 16:27:13,899 - INFO: Loss: 0.091647
2025-01-28 16:27:13,899 - INFO: Training ROC-AUC: 0.993590
2025-01-28 16:27:13,899 - INFO: Validation ROC-AUC: 0.648682
2025-01-28 16:27:21,960 - INFO: Evaluating at iteration 40755
2025-01-28 16:27:22,244 - INFO: Loss: 0.080108
2025-01-28 16:27:22,244 - INFO: Training ROC-AUC: 1.000000
2025-01-28 16:27:22,244 - INFO: Validation ROC-AUC: 0.646207
2025-01-28 16:27:24,823 - INFO: Starting epoch 20
2025-01-28 16:27:24,844 - INFO: Evaluating at iteration 40908
2025-01-28 16:27:25,124 - INFO: Loss: 0.016194
2025-01-28 16:27:25,124 - INFO: Training ROC-AUC: 1.000000
2025-01-28 16:27:25,124 - INFO: Validation ROC-AUC: 0.641885
2025-01-28 16:27:33,226 - INFO: Evaluating at iteration 41408
2025-01-28 16:27:33,503 - INFO: Loss: 0.026098
2025-01-28 16:27:33,503 - INFO: Training ROC-AUC: 1.000000
2025-01-28 16:27:33,503 - INFO: Validation ROC-AUC: 0.646961
2025-01-28 16:27:41,527 - INFO: Evaluating at iteration 41908
2025-01-28 16:27:41,806 - INFO: Loss: 0.019504
2025-01-28 16:27:41,806 - INFO: Training ROC-AUC: 1.000000
2025-01-28 16:27:41,806 - INFO: Validation ROC-AUC: 0.647422
2025-01-28 16:27:49,879 - INFO: Evaluating at iteration 42408
2025-01-28 16:27:50,159 - INFO: Loss: 0.095772
2025-01-28 16:27:50,159 - INFO: Training ROC-AUC: 1.000000
2025-01-28 16:27:50,159 - INFO: Validation ROC-AUC: 0.648865
2025-01-28 16:27:58,423 - INFO: Evaluating at iteration 42908
2025-01-28 16:27:58,702 - INFO: Loss: 0.026881
2025-01-28 16:27:58,702 - INFO: Training ROC-AUC: 1.000000
2025-01-28 16:27:58,702 - INFO: Validation ROC-AUC: 0.647572
2025-01-28 16:28:01,186 - INFO: Starting epoch 21
2025-01-28 16:28:01,200 - INFO: Evaluating at iteration 43061
2025-01-28 16:28:01,444 - INFO: Loss: 0.044056
2025-01-28 16:28:01,444 - INFO: Training ROC-AUC: 1.000000
2025-01-28 16:28:01,444 - INFO: Validation ROC-AUC: 0.641612
2025-01-28 16:28:09,713 - INFO: Evaluating at iteration 43561
2025-01-28 16:28:09,989 - INFO: Loss: 0.032432
2025-01-28 16:28:09,989 - INFO: Training ROC-AUC: 1.000000
2025-01-28 16:28:09,989 - INFO: Validation ROC-AUC: 0.644841
2025-01-28 16:28:18,228 - INFO: Evaluating at iteration 44061
2025-01-28 16:28:18,507 - INFO: Loss: 0.035726
2025-01-28 16:28:18,507 - INFO: Training ROC-AUC: 1.000000
2025-01-28 16:28:18,507 - INFO: Validation ROC-AUC: 0.644848
2025-01-28 16:28:26,806 - INFO: Evaluating at iteration 44561
2025-01-28 16:28:27,082 - INFO: Loss: 0.183680
2025-01-28 16:28:27,083 - INFO: Training ROC-AUC: 0.982143
2025-01-28 16:28:27,083 - INFO: Validation ROC-AUC: 0.644583
2025-01-28 16:28:35,333 - INFO: Evaluating at iteration 45061
2025-01-28 16:28:35,610 - INFO: Loss: 0.002457
2025-01-28 16:28:35,610 - INFO: Training ROC-AUC: 1.000000
2025-01-28 16:28:35,610 - INFO: Validation ROC-AUC: 0.642092
2025-01-28 16:28:38,185 - INFO: Starting epoch 22
2025-01-28 16:28:38,206 - INFO: Evaluating at iteration 45214
2025-01-28 16:28:38,482 - INFO: Loss: 0.011978
2025-01-28 16:28:38,482 - INFO: Training ROC-AUC: 1.000000
2025-01-28 16:28:38,482 - INFO: Validation ROC-AUC: 0.644758
2025-01-28 16:28:46,768 - INFO: Evaluating at iteration 45714
2025-01-28 16:28:47,045 - INFO: Loss: 0.094525
2025-01-28 16:28:47,045 - INFO: Training ROC-AUC: 0.991071
2025-01-28 16:28:47,045 - INFO: Validation ROC-AUC: 0.644157
2025-01-28 16:28:55,307 - INFO: Evaluating at iteration 46214
2025-01-28 16:28:55,587 - INFO: Loss: 0.004500
2025-01-28 16:28:55,587 - INFO: Training ROC-AUC: 1.000000
2025-01-28 16:28:55,587 - INFO: Validation ROC-AUC: 0.639641
2025-01-28 16:29:03,871 - INFO: Evaluating at iteration 46714
2025-01-28 16:29:04,150 - INFO: Loss: 0.028126
2025-01-28 16:29:04,150 - INFO: Training ROC-AUC: 1.000000
2025-01-28 16:29:04,150 - INFO: Validation ROC-AUC: 0.641359
2025-01-28 16:29:12,374 - INFO: Evaluating at iteration 47214
2025-01-28 16:29:12,646 - INFO: Loss: 0.016342
2025-01-28 16:29:12,646 - INFO: Training ROC-AUC: 1.000000
2025-01-28 16:29:12,646 - INFO: Validation ROC-AUC: 0.642496
2025-01-28 16:29:15,218 - INFO: Starting epoch 23
2025-01-28 16:29:15,239 - INFO: Evaluating at iteration 47367
2025-01-28 16:29:15,523 - INFO: Loss: 0.051646
2025-01-28 16:29:15,523 - INFO: Training ROC-AUC: 1.000000
2025-01-28 16:29:15,523 - INFO: Validation ROC-AUC: 0.637928
2025-01-28 16:29:23,655 - INFO: Evaluating at iteration 47867
2025-01-28 16:29:23,941 - INFO: Loss: 0.032690
2025-01-28 16:29:23,941 - INFO: Training ROC-AUC: 1.000000
2025-01-28 16:29:23,941 - INFO: Validation ROC-AUC: 0.641399
2025-01-28 16:29:32,134 - INFO: Evaluating at iteration 48367
2025-01-28 16:29:32,425 - INFO: Loss: 0.002113
2025-01-28 16:29:32,425 - INFO: Training ROC-AUC: 1.000000
2025-01-28 16:29:32,425 - INFO: Validation ROC-AUC: 0.635555
2025-01-28 16:29:40,639 - INFO: Evaluating at iteration 48867
2025-01-28 16:29:40,925 - INFO: Loss: 0.010986
2025-01-28 16:29:40,925 - INFO: Training ROC-AUC: 1.000000
2025-01-28 16:29:40,925 - INFO: Validation ROC-AUC: 0.636826
2025-01-28 16:29:48,964 - INFO: Evaluating at iteration 49367
2025-01-28 16:29:49,260 - INFO: Loss: 0.018488
2025-01-28 16:29:49,260 - INFO: Training ROC-AUC: 1.000000
2025-01-28 16:29:49,260 - INFO: Validation ROC-AUC: 0.637652
2025-01-28 16:29:51,857 - INFO: Starting epoch 24
2025-01-28 16:29:51,877 - INFO: Evaluating at iteration 49520
2025-01-28 16:29:52,158 - INFO: Loss: 0.000409
2025-01-28 16:29:52,158 - INFO: Training ROC-AUC: 1.000000
2025-01-28 16:29:52,158 - INFO: Validation ROC-AUC: 0.646473
2025-01-28 16:30:00,293 - INFO: Evaluating at iteration 50020
2025-01-28 16:30:00,579 - INFO: Loss: 0.013318
2025-01-28 16:30:00,579 - INFO: Training ROC-AUC: 1.000000
2025-01-28 16:30:00,579 - INFO: Validation ROC-AUC: 0.643921
2025-01-28 16:30:08,734 - INFO: Evaluating at iteration 50520
2025-01-28 16:30:09,012 - INFO: Loss: 0.032928
2025-01-28 16:30:09,012 - INFO: Training ROC-AUC: 1.000000
2025-01-28 16:30:09,012 - INFO: Validation ROC-AUC: 0.645436
2025-01-28 16:30:17,230 - INFO: Evaluating at iteration 51020
2025-01-28 16:30:17,546 - INFO: Loss: 0.042542
2025-01-28 16:30:17,546 - INFO: Training ROC-AUC: 1.000000
2025-01-28 16:30:17,547 - INFO: Validation ROC-AUC: 0.641449
2025-01-28 16:30:25,781 - INFO: Evaluating at iteration 51520
2025-01-28 16:30:26,037 - INFO: Loss: 0.009613
2025-01-28 16:30:26,037 - INFO: Training ROC-AUC: 1.000000
2025-01-28 16:30:26,037 - INFO: Validation ROC-AUC: 0.643198
2025-01-28 16:30:28,618 - INFO: Starting epoch 25
2025-01-28 16:30:28,638 - INFO: Evaluating at iteration 51673
2025-01-28 16:30:28,919 - INFO: Loss: 0.005356
2025-01-28 16:30:28,919 - INFO: Training ROC-AUC: 1.000000
2025-01-28 16:30:28,919 - INFO: Validation ROC-AUC: 0.642532
2025-01-28 16:30:37,164 - INFO: Evaluating at iteration 52173
2025-01-28 16:30:37,444 - INFO: Loss: 0.017208
2025-01-28 16:30:37,444 - INFO: Training ROC-AUC: 1.000000
2025-01-28 16:30:37,444 - INFO: Validation ROC-AUC: 0.648533
2025-01-28 16:30:45,651 - INFO: Evaluating at iteration 52673
2025-01-28 16:30:45,935 - INFO: Loss: 0.022616
2025-01-28 16:30:45,935 - INFO: Training ROC-AUC: 1.000000
2025-01-28 16:30:45,936 - INFO: Validation ROC-AUC: 0.643789
2025-01-28 16:30:54,204 - INFO: Evaluating at iteration 53173
2025-01-28 16:30:54,503 - INFO: Loss: 0.045843
2025-01-28 16:30:54,503 - INFO: Training ROC-AUC: 1.000000
2025-01-28 16:30:54,503 - INFO: Validation ROC-AUC: 0.638018
2025-01-28 16:31:02,673 - INFO: Evaluating at iteration 53673
2025-01-28 16:31:02,961 - INFO: Loss: 0.000550
2025-01-28 16:31:02,961 - INFO: Training ROC-AUC: 1.000000
2025-01-28 16:31:02,961 - INFO: Validation ROC-AUC: 0.649006
2025-01-28 16:31:05,536 - INFO: Saving model to models/TCRContactMapPredictor_sequence_only/model_2.pt
2025-01-28 16:31:05,575 - INFO: Starting fold 3
2025-01-28 16:31:05,576 - INFO: Initialising model
2025-01-28 16:31:05,598 - INFO: Starting training
2025-01-28 16:31:05,598 - INFO: Starting epoch 1
2025-01-28 16:31:05,612 - INFO: Evaluating at iteration 1
2025-01-28 16:31:06,021 - INFO: Loss: 0.694320
2025-01-28 16:31:06,021 - INFO: Training ROC-AUC: 0.491429
2025-01-28 16:31:06,021 - INFO: Validation ROC-AUC: 0.442567
2025-01-28 16:31:14,175 - INFO: Evaluating at iteration 501
2025-01-28 16:31:14,588 - INFO: Loss: 0.459603
2025-01-28 16:31:14,588 - INFO: Training ROC-AUC: 0.720000
2025-01-28 16:31:14,588 - INFO: Validation ROC-AUC: 0.270250
2025-01-28 16:31:21,816 - INFO: Evaluating at iteration 1001
2025-01-28 16:31:22,211 - INFO: Loss: 0.717157
2025-01-28 16:31:22,211 - INFO: Training ROC-AUC: 0.813765
2025-01-28 16:31:22,211 - INFO: Validation ROC-AUC: 0.264491
2025-01-28 16:31:30,405 - INFO: Evaluating at iteration 1501
2025-01-28 16:31:30,808 - INFO: Loss: 0.454469
2025-01-28 16:31:30,808 - INFO: Training ROC-AUC: 0.657143
2025-01-28 16:31:30,808 - INFO: Validation ROC-AUC: 0.413319
2025-01-28 16:31:37,603 - INFO: Starting epoch 2
2025-01-28 16:31:37,624 - INFO: Evaluating at iteration 1920
2025-01-28 16:31:38,034 - INFO: Loss: 0.371401
2025-01-28 16:31:38,034 - INFO: Training ROC-AUC: 0.775641
2025-01-28 16:31:38,034 - INFO: Validation ROC-AUC: 0.429027
2025-01-28 16:31:46,634 - INFO: Evaluating at iteration 2420
2025-01-28 16:31:47,035 - INFO: Loss: 0.307562
2025-01-28 16:31:47,035 - INFO: Training ROC-AUC: 0.687500
2025-01-28 16:31:47,036 - INFO: Validation ROC-AUC: 0.450758
2025-01-28 16:31:55,229 - INFO: Evaluating at iteration 2920
2025-01-28 16:31:55,630 - INFO: Loss: 0.375285
2025-01-28 16:31:55,630 - INFO: Training ROC-AUC: 0.760000
2025-01-28 16:31:55,630 - INFO: Validation ROC-AUC: 0.468374
2025-01-28 16:32:03,898 - INFO: Evaluating at iteration 3420
2025-01-28 16:32:04,300 - INFO: Loss: 0.363434
2025-01-28 16:32:04,300 - INFO: Training ROC-AUC: 0.740741
2025-01-28 16:32:04,300 - INFO: Validation ROC-AUC: 0.495772
2025-01-28 16:32:11,074 - INFO: Starting epoch 3
2025-01-28 16:32:11,095 - INFO: Evaluating at iteration 3839
2025-01-28 16:32:11,498 - INFO: Loss: 0.304509
2025-01-28 16:32:11,498 - INFO: Training ROC-AUC: 0.812500
2025-01-28 16:32:11,498 - INFO: Validation ROC-AUC: 0.507114
2025-01-28 16:32:19,718 - INFO: Evaluating at iteration 4339
2025-01-28 16:32:20,122 - INFO: Loss: 0.302151
2025-01-28 16:32:20,123 - INFO: Training ROC-AUC: 0.935897
2025-01-28 16:32:20,123 - INFO: Validation ROC-AUC: 0.529653
2025-01-28 16:32:28,200 - INFO: Evaluating at iteration 4839
2025-01-28 16:32:28,610 - INFO: Loss: 0.329233
2025-01-28 16:32:28,610 - INFO: Training ROC-AUC: 0.865385
2025-01-28 16:32:28,610 - INFO: Validation ROC-AUC: 0.530641
2025-01-28 16:32:36,716 - INFO: Evaluating at iteration 5339
2025-01-28 16:32:37,132 - INFO: Loss: 0.253893
2025-01-28 16:32:37,133 - INFO: Training ROC-AUC: 0.936364
2025-01-28 16:32:37,133 - INFO: Validation ROC-AUC: 0.544287
2025-01-28 16:32:44,012 - INFO: Starting epoch 4
2025-01-28 16:32:44,032 - INFO: Evaluating at iteration 5758
2025-01-28 16:32:44,622 - INFO: Loss: 0.413114
2025-01-28 16:32:44,622 - INFO: Training ROC-AUC: 0.834286
2025-01-28 16:32:44,622 - INFO: Validation ROC-AUC: 0.515365
2025-01-28 16:32:53,067 - INFO: Evaluating at iteration 6258
2025-01-28 16:32:53,447 - INFO: Loss: 0.213546
2025-01-28 16:32:53,447 - INFO: Training ROC-AUC: 0.875000
2025-01-28 16:32:53,447 - INFO: Validation ROC-AUC: 0.543266
2025-01-28 16:33:01,876 - INFO: Evaluating at iteration 6758
2025-01-28 16:33:02,279 - INFO: Loss: 0.149266
2025-01-28 16:33:02,279 - INFO: Training ROC-AUC: 0.954023
2025-01-28 16:33:02,279 - INFO: Validation ROC-AUC: 0.557845
2025-01-28 16:33:10,763 - INFO: Evaluating at iteration 7258
2025-01-28 16:33:11,165 - INFO: Loss: 0.175936
2025-01-28 16:33:11,165 - INFO: Training ROC-AUC: 0.850000
2025-01-28 16:33:11,165 - INFO: Validation ROC-AUC: 0.559645
2025-01-28 16:33:18,233 - INFO: Starting epoch 5
2025-01-28 16:33:18,253 - INFO: Evaluating at iteration 7677
2025-01-28 16:33:18,654 - INFO: Loss: 0.203094
2025-01-28 16:33:18,654 - INFO: Training ROC-AUC: 0.940741
2025-01-28 16:33:18,654 - INFO: Validation ROC-AUC: 0.573836
2025-01-28 16:33:27,108 - INFO: Evaluating at iteration 8177
2025-01-28 16:33:27,508 - INFO: Loss: 0.503067
2025-01-28 16:33:27,508 - INFO: Training ROC-AUC: 0.787440
2025-01-28 16:33:27,509 - INFO: Validation ROC-AUC: 0.569621
2025-01-28 16:33:35,981 - INFO: Evaluating at iteration 8677
2025-01-28 16:33:36,382 - INFO: Loss: 0.321925
2025-01-28 16:33:36,382 - INFO: Training ROC-AUC: 0.839744
2025-01-28 16:33:36,382 - INFO: Validation ROC-AUC: 0.634119
2025-01-28 16:33:44,842 - INFO: Evaluating at iteration 9177
2025-01-28 16:33:45,244 - INFO: Loss: 0.210967
2025-01-28 16:33:45,244 - INFO: Training ROC-AUC: 0.910714
2025-01-28 16:33:45,244 - INFO: Validation ROC-AUC: 0.607875
2025-01-28 16:33:52,255 - INFO: Starting epoch 6
2025-01-28 16:33:52,275 - INFO: Evaluating at iteration 9596
2025-01-28 16:33:52,689 - INFO: Loss: 0.060511
2025-01-28 16:33:52,689 - INFO: Training ROC-AUC: 1.000000
2025-01-28 16:33:52,689 - INFO: Validation ROC-AUC: 0.635335
2025-01-28 16:34:01,031 - INFO: Evaluating at iteration 10096
2025-01-28 16:34:01,445 - INFO: Loss: 0.150299
2025-01-28 16:34:01,445 - INFO: Training ROC-AUC: 0.954023
2025-01-28 16:34:01,445 - INFO: Validation ROC-AUC: 0.615027
2025-01-28 16:34:09,857 - INFO: Evaluating at iteration 10596
2025-01-28 16:34:10,272 - INFO: Loss: 0.134635
2025-01-28 16:34:10,272 - INFO: Training ROC-AUC: 0.955357
2025-01-28 16:34:10,272 - INFO: Validation ROC-AUC: 0.604257
2025-01-28 16:34:18,728 - INFO: Evaluating at iteration 11096
2025-01-28 16:34:19,144 - INFO: Loss: 0.192222
2025-01-28 16:34:19,144 - INFO: Training ROC-AUC: 0.883333
2025-01-28 16:34:19,144 - INFO: Validation ROC-AUC: 0.736404
2025-01-28 16:34:25,998 - INFO: Starting epoch 7
2025-01-28 16:34:26,019 - INFO: Evaluating at iteration 11515
2025-01-28 16:34:26,433 - INFO: Loss: 0.146620
2025-01-28 16:34:26,434 - INFO: Training ROC-AUC: 0.977011
2025-01-28 16:34:26,434 - INFO: Validation ROC-AUC: 0.714621
2025-01-28 16:34:34,607 - INFO: Evaluating at iteration 12015
2025-01-28 16:34:35,023 - INFO: Loss: 0.118275
2025-01-28 16:34:35,023 - INFO: Training ROC-AUC: 1.000000
2025-01-28 16:34:35,023 - INFO: Validation ROC-AUC: 0.702476
2025-01-28 16:34:43,071 - INFO: Evaluating at iteration 12515
2025-01-28 16:34:43,485 - INFO: Loss: 0.144977
2025-01-28 16:34:43,485 - INFO: Training ROC-AUC: 0.967949
2025-01-28 16:34:43,486 - INFO: Validation ROC-AUC: 0.728333
2025-01-28 16:34:51,717 - INFO: Evaluating at iteration 13015
2025-01-28 16:34:52,118 - INFO: Loss: 0.316918
2025-01-28 16:34:52,118 - INFO: Training ROC-AUC: 0.758929
2025-01-28 16:34:52,118 - INFO: Validation ROC-AUC: 0.768564
2025-01-28 16:34:58,958 - INFO: Starting epoch 8
2025-01-28 16:34:58,979 - INFO: Evaluating at iteration 13434
2025-01-28 16:34:59,378 - INFO: Loss: 0.068318
2025-01-28 16:34:59,379 - INFO: Training ROC-AUC: 1.000000
2025-01-28 16:34:59,379 - INFO: Validation ROC-AUC: 0.686785
2025-01-28 16:35:07,685 - INFO: Evaluating at iteration 13934
2025-01-28 16:35:08,089 - INFO: Loss: 0.255320
2025-01-28 16:35:08,090 - INFO: Training ROC-AUC: 0.866071
2025-01-28 16:35:08,090 - INFO: Validation ROC-AUC: 0.720540
2025-01-28 16:35:16,124 - INFO: Evaluating at iteration 14434
2025-01-28 16:35:16,544 - INFO: Loss: 0.321213
2025-01-28 16:35:16,544 - INFO: Training ROC-AUC: 0.859259
2025-01-28 16:35:16,544 - INFO: Validation ROC-AUC: 0.671047
2025-01-28 16:35:23,726 - INFO: Evaluating at iteration 14934
2025-01-28 16:35:24,104 - INFO: Loss: 0.267551
2025-01-28 16:35:24,104 - INFO: Training ROC-AUC: 0.901786
2025-01-28 16:35:24,104 - INFO: Validation ROC-AUC: 0.773312
2025-01-28 16:35:30,254 - INFO: Starting epoch 9
2025-01-28 16:35:30,274 - INFO: Evaluating at iteration 15353
2025-01-28 16:35:30,649 - INFO: Loss: 0.251735
2025-01-28 16:35:30,649 - INFO: Training ROC-AUC: 0.931429
2025-01-28 16:35:30,649 - INFO: Validation ROC-AUC: 0.738333
2025-01-28 16:35:37,904 - INFO: Evaluating at iteration 15853
2025-01-28 16:35:38,280 - INFO: Loss: 0.219763
2025-01-28 16:35:38,280 - INFO: Training ROC-AUC: 0.946429
2025-01-28 16:35:38,280 - INFO: Validation ROC-AUC: 0.735775
2025-01-28 16:35:45,705 - INFO: Evaluating at iteration 16353
2025-01-28 16:35:46,085 - INFO: Loss: 0.170658
2025-01-28 16:35:46,086 - INFO: Training ROC-AUC: 0.962963
2025-01-28 16:35:46,086 - INFO: Validation ROC-AUC: 0.752899
2025-01-28 16:35:53,709 - INFO: Evaluating at iteration 16853
2025-01-28 16:35:54,075 - INFO: Loss: 0.244742
2025-01-28 16:35:54,075 - INFO: Training ROC-AUC: 0.958333
2025-01-28 16:35:54,075 - INFO: Validation ROC-AUC: 0.712815
2025-01-28 16:36:00,779 - INFO: Starting epoch 10
2025-01-28 16:36:00,791 - INFO: Evaluating at iteration 17272
2025-01-28 16:36:01,159 - INFO: Loss: 0.122521
2025-01-28 16:36:01,159 - INFO: Training ROC-AUC: 0.987179
2025-01-28 16:36:01,159 - INFO: Validation ROC-AUC: 0.746223
2025-01-28 16:36:08,685 - INFO: Evaluating at iteration 17772
2025-01-28 16:36:09,060 - INFO: Loss: 0.103429
2025-01-28 16:36:09,060 - INFO: Training ROC-AUC: 0.991071
2025-01-28 16:36:09,060 - INFO: Validation ROC-AUC: 0.750004
2025-01-28 16:36:16,202 - INFO: Evaluating at iteration 18272
2025-01-28 16:36:16,578 - INFO: Loss: 0.145686
2025-01-28 16:36:16,578 - INFO: Training ROC-AUC: 0.985185
2025-01-28 16:36:16,578 - INFO: Validation ROC-AUC: 0.753542
2025-01-28 16:36:23,771 - INFO: Evaluating at iteration 18772
2025-01-28 16:36:24,146 - INFO: Loss: 0.145455
2025-01-28 16:36:24,146 - INFO: Training ROC-AUC: 0.992593
2025-01-28 16:36:24,146 - INFO: Validation ROC-AUC: 0.687061
2025-01-28 16:36:31,093 - INFO: Starting epoch 11
2025-01-28 16:36:31,116 - INFO: Evaluating at iteration 19191
2025-01-28 16:36:31,528 - INFO: Loss: 0.135762
2025-01-28 16:36:31,528 - INFO: Training ROC-AUC: 0.955357
2025-01-28 16:36:31,528 - INFO: Validation ROC-AUC: 0.735611
2025-01-28 16:36:38,557 - INFO: Evaluating at iteration 19691
2025-01-28 16:36:38,931 - INFO: Loss: 0.211126
2025-01-28 16:36:38,932 - INFO: Training ROC-AUC: 0.933333
2025-01-28 16:36:38,932 - INFO: Validation ROC-AUC: 0.754436
2025-01-28 16:36:46,393 - INFO: Evaluating at iteration 20191
2025-01-28 16:36:46,780 - INFO: Loss: 0.085027
2025-01-28 16:36:46,780 - INFO: Training ROC-AUC: 1.000000
2025-01-28 16:36:46,780 - INFO: Validation ROC-AUC: 0.735122
2025-01-28 16:36:55,138 - INFO: Evaluating at iteration 20691
2025-01-28 16:36:55,535 - INFO: Loss: 0.232542
2025-01-28 16:36:55,535 - INFO: Training ROC-AUC: 0.923077
2025-01-28 16:36:55,535 - INFO: Validation ROC-AUC: 0.758866
2025-01-28 16:37:02,461 - INFO: Starting epoch 12
2025-01-28 16:37:02,482 - INFO: Evaluating at iteration 21110
2025-01-28 16:37:02,872 - INFO: Loss: 0.101649
2025-01-28 16:37:02,872 - INFO: Training ROC-AUC: 0.994286
2025-01-28 16:37:02,872 - INFO: Validation ROC-AUC: 0.733519
2025-01-28 16:37:11,219 - INFO: Evaluating at iteration 21610
2025-01-28 16:37:11,615 - INFO: Loss: 0.053586
2025-01-28 16:37:11,615 - INFO: Training ROC-AUC: 1.000000
2025-01-28 16:37:11,615 - INFO: Validation ROC-AUC: 0.747378
2025-01-28 16:37:19,928 - INFO: Evaluating at iteration 22110
2025-01-28 16:37:20,325 - INFO: Loss: 0.150813
2025-01-28 16:37:20,325 - INFO: Training ROC-AUC: 0.970370
2025-01-28 16:37:20,326 - INFO: Validation ROC-AUC: 0.751397
2025-01-28 16:37:28,661 - INFO: Evaluating at iteration 22610
2025-01-28 16:37:29,056 - INFO: Loss: 0.099632
2025-01-28 16:37:29,056 - INFO: Training ROC-AUC: 1.000000
2025-01-28 16:37:29,056 - INFO: Validation ROC-AUC: 0.733526
2025-01-28 16:37:35,985 - INFO: Starting epoch 13
2025-01-28 16:37:36,005 - INFO: Evaluating at iteration 23029
2025-01-28 16:37:36,404 - INFO: Loss: 0.051857
2025-01-28 16:37:36,411 - INFO: Training ROC-AUC: 1.000000
2025-01-28 16:37:36,411 - INFO: Validation ROC-AUC: 0.741956
2025-01-28 16:37:44,743 - INFO: Evaluating at iteration 23529
2025-01-28 16:37:45,140 - INFO: Loss: 0.056639
2025-01-28 16:37:45,140 - INFO: Training ROC-AUC: 1.000000
2025-01-28 16:37:45,140 - INFO: Validation ROC-AUC: 0.721501
2025-01-28 16:37:53,492 - INFO: Evaluating at iteration 24029
2025-01-28 16:37:53,888 - INFO: Loss: 0.143141
2025-01-28 16:37:53,888 - INFO: Training ROC-AUC: 0.992593
2025-01-28 16:37:53,889 - INFO: Validation ROC-AUC: 0.741717
2025-01-28 16:38:02,106 - INFO: Evaluating at iteration 24529
2025-01-28 16:38:02,503 - INFO: Loss: 0.097798
2025-01-28 16:38:02,503 - INFO: Training ROC-AUC: 1.000000
2025-01-28 16:38:02,503 - INFO: Validation ROC-AUC: 0.734259
2025-01-28 16:38:09,070 - INFO: Starting epoch 14
2025-01-28 16:38:09,090 - INFO: Evaluating at iteration 24948
2025-01-28 16:38:09,482 - INFO: Loss: 0.154470
2025-01-28 16:38:09,482 - INFO: Training ROC-AUC: 0.995455
2025-01-28 16:38:09,482 - INFO: Validation ROC-AUC: 0.736564
2025-01-28 16:38:17,734 - INFO: Evaluating at iteration 25448
2025-01-28 16:38:18,130 - INFO: Loss: 0.070136
2025-01-28 16:38:18,130 - INFO: Training ROC-AUC: 1.000000
2025-01-28 16:38:18,130 - INFO: Validation ROC-AUC: 0.743624
2025-01-28 16:38:26,325 - INFO: Evaluating at iteration 25948
2025-01-28 16:38:26,722 - INFO: Loss: 0.066340
2025-01-28 16:38:26,722 - INFO: Training ROC-AUC: 1.000000
2025-01-28 16:38:26,722 - INFO: Validation ROC-AUC: 0.733293
2025-01-28 16:38:34,985 - INFO: Evaluating at iteration 26448
2025-01-28 16:38:35,380 - INFO: Loss: 0.096705
2025-01-28 16:38:35,381 - INFO: Training ROC-AUC: 0.993590
2025-01-28 16:38:35,381 - INFO: Validation ROC-AUC: 0.744651
2025-01-28 16:38:42,023 - INFO: Starting epoch 15
2025-01-28 16:38:42,043 - INFO: Evaluating at iteration 26867
2025-01-28 16:38:42,419 - INFO: Loss: 0.102987
2025-01-28 16:38:42,419 - INFO: Training ROC-AUC: 1.000000
2025-01-28 16:38:42,419 - INFO: Validation ROC-AUC: 0.705527
2025-01-28 16:38:50,923 - INFO: Evaluating at iteration 27367
2025-01-28 16:38:51,318 - INFO: Loss: 0.102362
2025-01-28 16:38:51,318 - INFO: Training ROC-AUC: 0.985185
2025-01-28 16:38:51,318 - INFO: Validation ROC-AUC: 0.709266
2025-01-28 16:38:59,778 - INFO: Evaluating at iteration 27867
2025-01-28 16:39:00,174 - INFO: Loss: 0.055936
2025-01-28 16:39:00,174 - INFO: Training ROC-AUC: 1.000000
2025-01-28 16:39:00,175 - INFO: Validation ROC-AUC: 0.691456
2025-01-28 16:39:08,665 - INFO: Evaluating at iteration 28367
2025-01-28 16:39:09,059 - INFO: Loss: 0.055940
2025-01-28 16:39:09,059 - INFO: Training ROC-AUC: 1.000000
2025-01-28 16:39:09,060 - INFO: Validation ROC-AUC: 0.721218
2025-01-28 16:39:16,120 - INFO: Starting epoch 16
2025-01-28 16:39:16,141 - INFO: Evaluating at iteration 28786
2025-01-28 16:39:16,538 - INFO: Loss: 0.011731
2025-01-28 16:39:16,538 - INFO: Training ROC-AUC: 1.000000
2025-01-28 16:39:16,538 - INFO: Validation ROC-AUC: 0.711548
2025-01-28 16:39:24,923 - INFO: Evaluating at iteration 29286
2025-01-28 16:39:25,319 - INFO: Loss: 0.038079
2025-01-28 16:39:25,319 - INFO: Training ROC-AUC: 1.000000
2025-01-28 16:39:25,319 - INFO: Validation ROC-AUC: 0.709789
2025-01-28 16:39:33,573 - INFO: Evaluating at iteration 29786
2025-01-28 16:39:33,982 - INFO: Loss: 0.114681
2025-01-28 16:39:33,982 - INFO: Training ROC-AUC: 0.992593
2025-01-28 16:39:33,982 - INFO: Validation ROC-AUC: 0.709873
2025-01-28 16:39:42,645 - INFO: Evaluating at iteration 30286
2025-01-28 16:39:43,156 - INFO: Loss: 0.182939
2025-01-28 16:39:43,156 - INFO: Training ROC-AUC: 0.979167
2025-01-28 16:39:43,156 - INFO: Validation ROC-AUC: 0.718708
2025-01-28 16:39:50,490 - INFO: Starting epoch 17
2025-01-28 16:39:50,511 - INFO: Evaluating at iteration 30705
2025-01-28 16:39:50,916 - INFO: Loss: 0.081195
2025-01-28 16:39:50,916 - INFO: Training ROC-AUC: 0.984375
2025-01-28 16:39:50,916 - INFO: Validation ROC-AUC: 0.724867
2025-01-28 16:39:59,096 - INFO: Evaluating at iteration 31205
2025-01-28 16:39:59,499 - INFO: Loss: 0.050749
2025-01-28 16:39:59,499 - INFO: Training ROC-AUC: 1.000000
2025-01-28 16:39:59,499 - INFO: Validation ROC-AUC: 0.720805
2025-01-28 16:40:07,861 - INFO: Evaluating at iteration 31705
2025-01-28 16:40:08,265 - INFO: Loss: 0.053701
2025-01-28 16:40:08,265 - INFO: Training ROC-AUC: 0.988506
2025-01-28 16:40:08,265 - INFO: Validation ROC-AUC: 0.707218
2025-01-28 16:40:16,597 - INFO: Evaluating at iteration 32205
2025-01-28 16:40:16,999 - INFO: Loss: 0.072222
2025-01-28 16:40:16,999 - INFO: Training ROC-AUC: 0.993590
2025-01-28 16:40:16,999 - INFO: Validation ROC-AUC: 0.718358
2025-01-28 16:40:23,873 - INFO: Starting epoch 18
2025-01-28 16:40:23,893 - INFO: Evaluating at iteration 32624
2025-01-28 16:40:24,296 - INFO: Loss: 0.054397
2025-01-28 16:40:24,296 - INFO: Training ROC-AUC: 1.000000
2025-01-28 16:40:24,296 - INFO: Validation ROC-AUC: 0.682619
2025-01-28 16:40:32,320 - INFO: Evaluating at iteration 33124
2025-01-28 16:40:32,718 - INFO: Loss: 0.008301
2025-01-28 16:40:32,718 - INFO: Training ROC-AUC: 1.000000
2025-01-28 16:40:32,718 - INFO: Validation ROC-AUC: 0.695591
2025-01-28 16:40:40,975 - INFO: Evaluating at iteration 33624
2025-01-28 16:40:41,381 - INFO: Loss: 0.065357
2025-01-28 16:40:41,381 - INFO: Training ROC-AUC: 1.000000
2025-01-28 16:40:41,381 - INFO: Validation ROC-AUC: 0.685956
2025-01-28 16:40:49,966 - INFO: Evaluating at iteration 34124
2025-01-28 16:40:50,369 - INFO: Loss: 0.062958
2025-01-28 16:40:50,369 - INFO: Training ROC-AUC: 1.000000
2025-01-28 16:40:50,369 - INFO: Validation ROC-AUC: 0.696096
2025-01-28 16:40:57,251 - INFO: Starting epoch 19
2025-01-28 16:40:57,272 - INFO: Evaluating at iteration 34543
2025-01-28 16:40:57,672 - INFO: Loss: 0.017408
2025-01-28 16:40:57,672 - INFO: Training ROC-AUC: 1.000000
2025-01-28 16:40:57,672 - INFO: Validation ROC-AUC: 0.673483
2025-01-28 16:41:05,991 - INFO: Evaluating at iteration 35043
2025-01-28 16:41:06,396 - INFO: Loss: 0.008497
2025-01-28 16:41:06,396 - INFO: Training ROC-AUC: 1.000000
2025-01-28 16:41:06,396 - INFO: Validation ROC-AUC: 0.725826
2025-01-28 16:41:15,610 - INFO: Evaluating at iteration 35543
2025-01-28 16:41:16,021 - INFO: Loss: 0.044922
2025-01-28 16:41:16,021 - INFO: Training ROC-AUC: 1.000000
2025-01-28 16:41:16,021 - INFO: Validation ROC-AUC: 0.711342
2025-01-28 16:41:25,213 - INFO: Evaluating at iteration 36043
2025-01-28 16:41:25,632 - INFO: Loss: 0.051296
2025-01-28 16:41:25,632 - INFO: Training ROC-AUC: 1.000000
2025-01-28 16:41:25,632 - INFO: Validation ROC-AUC: 0.700586
2025-01-28 16:41:33,296 - INFO: Starting epoch 20
2025-01-28 16:41:33,318 - INFO: Evaluating at iteration 36462
2025-01-28 16:41:33,731 - INFO: Loss: 0.003748
2025-01-28 16:41:33,731 - INFO: Training ROC-AUC: 1.000000
2025-01-28 16:41:33,731 - INFO: Validation ROC-AUC: 0.692032
2025-01-28 16:41:42,871 - INFO: Evaluating at iteration 36962
2025-01-28 16:41:43,285 - INFO: Loss: 0.013255
2025-01-28 16:41:43,285 - INFO: Training ROC-AUC: 1.000000
2025-01-28 16:41:43,285 - INFO: Validation ROC-AUC: 0.686851
2025-01-28 16:41:52,453 - INFO: Evaluating at iteration 37462
2025-01-28 16:41:52,868 - INFO: Loss: 0.047734
2025-01-28 16:41:52,868 - INFO: Training ROC-AUC: 1.000000
2025-01-28 16:41:52,868 - INFO: Validation ROC-AUC: 0.686828
2025-01-28 16:42:01,125 - INFO: Evaluating at iteration 37962
2025-01-28 16:42:01,542 - INFO: Loss: 0.035283
2025-01-28 16:42:01,542 - INFO: Training ROC-AUC: 1.000000
2025-01-28 16:42:01,542 - INFO: Validation ROC-AUC: 0.687042
2025-01-28 16:42:08,933 - INFO: Starting epoch 21
2025-01-28 16:42:08,954 - INFO: Evaluating at iteration 38381
2025-01-28 16:42:09,358 - INFO: Loss: 0.051898
2025-01-28 16:42:09,359 - INFO: Training ROC-AUC: 1.000000
2025-01-28 16:42:09,359 - INFO: Validation ROC-AUC: 0.693909
2025-01-28 16:42:17,581 - INFO: Evaluating at iteration 38881
2025-01-28 16:42:17,977 - INFO: Loss: 0.090231
2025-01-28 16:42:17,977 - INFO: Training ROC-AUC: 0.994286
2025-01-28 16:42:17,977 - INFO: Validation ROC-AUC: 0.703398
2025-01-28 16:42:26,115 - INFO: Evaluating at iteration 39381
2025-01-28 16:42:26,514 - INFO: Loss: 0.018346
2025-01-28 16:42:26,515 - INFO: Training ROC-AUC: 1.000000
2025-01-28 16:42:26,515 - INFO: Validation ROC-AUC: 0.714872
2025-01-28 16:42:34,755 - INFO: Evaluating at iteration 39881
2025-01-28 16:42:35,153 - INFO: Loss: 0.033995
2025-01-28 16:42:35,153 - INFO: Training ROC-AUC: 1.000000
2025-01-28 16:42:35,153 - INFO: Validation ROC-AUC: 0.690402
2025-01-28 16:42:42,022 - INFO: Starting epoch 22
2025-01-28 16:42:42,030 - INFO: Evaluating at iteration 40300
2025-01-28 16:42:42,395 - INFO: Loss: 0.017970
2025-01-28 16:42:42,395 - INFO: Training ROC-AUC: 1.000000
2025-01-28 16:42:42,395 - INFO: Validation ROC-AUC: 0.695138
2025-01-28 16:42:50,679 - INFO: Evaluating at iteration 40800
2025-01-28 16:42:51,077 - INFO: Loss: 0.006683
2025-01-28 16:42:51,077 - INFO: Training ROC-AUC: 1.000000
2025-01-28 16:42:51,077 - INFO: Validation ROC-AUC: 0.707057
2025-01-28 16:42:59,637 - INFO: Evaluating at iteration 41300
2025-01-28 16:43:00,053 - INFO: Loss: 0.007288
2025-01-28 16:43:00,053 - INFO: Training ROC-AUC: 1.000000
2025-01-28 16:43:00,053 - INFO: Validation ROC-AUC: 0.690324
2025-01-28 16:43:08,551 - INFO: Evaluating at iteration 41800
2025-01-28 16:43:08,958 - INFO: Loss: 0.136646
2025-01-28 16:43:08,959 - INFO: Training ROC-AUC: 0.984375
2025-01-28 16:43:08,959 - INFO: Validation ROC-AUC: 0.699518
2025-01-28 16:43:15,830 - INFO: Starting epoch 23
2025-01-28 16:43:15,851 - INFO: Evaluating at iteration 42219
2025-01-28 16:43:16,267 - INFO: Loss: 0.020822
2025-01-28 16:43:16,267 - INFO: Training ROC-AUC: 1.000000
2025-01-28 16:43:16,267 - INFO: Validation ROC-AUC: 0.696418
2025-01-28 16:43:24,377 - INFO: Evaluating at iteration 42719
2025-01-28 16:43:24,789 - INFO: Loss: 0.001181
2025-01-28 16:43:24,789 - INFO: Training ROC-AUC: 1.000000
2025-01-28 16:43:24,789 - INFO: Validation ROC-AUC: 0.709034
2025-01-28 16:43:33,032 - INFO: Evaluating at iteration 43219
2025-01-28 16:43:33,444 - INFO: Loss: 0.003696
2025-01-28 16:43:33,444 - INFO: Training ROC-AUC: 1.000000
2025-01-28 16:43:33,444 - INFO: Validation ROC-AUC: 0.701475
2025-01-28 16:43:41,822 - INFO: Evaluating at iteration 43719
2025-01-28 16:43:42,232 - INFO: Loss: 0.030026
2025-01-28 16:43:42,232 - INFO: Training ROC-AUC: 1.000000
2025-01-28 16:43:42,232 - INFO: Validation ROC-AUC: 0.692859
2025-01-28 16:43:49,160 - INFO: Starting epoch 24
2025-01-28 16:43:49,180 - INFO: Evaluating at iteration 44138
2025-01-28 16:43:49,584 - INFO: Loss: 0.004548
2025-01-28 16:43:49,584 - INFO: Training ROC-AUC: 1.000000
2025-01-28 16:43:49,584 - INFO: Validation ROC-AUC: 0.663408
2025-01-28 16:43:57,739 - INFO: Evaluating at iteration 44638
2025-01-28 16:43:58,182 - INFO: Loss: 0.049855
2025-01-28 16:43:58,182 - INFO: Training ROC-AUC: 1.000000
2025-01-28 16:43:58,182 - INFO: Validation ROC-AUC: 0.729254
2025-01-28 16:44:06,911 - INFO: Evaluating at iteration 45138
2025-01-28 16:44:07,380 - INFO: Loss: 0.042282
2025-01-28 16:44:07,380 - INFO: Training ROC-AUC: 1.000000
2025-01-28 16:44:07,380 - INFO: Validation ROC-AUC: 0.707479
2025-01-28 16:44:16,052 - INFO: Evaluating at iteration 45638
2025-01-28 16:44:16,458 - INFO: Loss: 0.246346
2025-01-28 16:44:16,458 - INFO: Training ROC-AUC: 1.000000
2025-01-28 16:44:16,458 - INFO: Validation ROC-AUC: 0.708498
2025-01-28 16:44:23,652 - INFO: Starting epoch 25
2025-01-28 16:44:23,672 - INFO: Evaluating at iteration 46057
2025-01-28 16:44:24,080 - INFO: Loss: 0.036260
2025-01-28 16:44:24,080 - INFO: Training ROC-AUC: 1.000000
2025-01-28 16:44:24,081 - INFO: Validation ROC-AUC: 0.708581
2025-01-28 16:44:32,482 - INFO: Evaluating at iteration 46557
2025-01-28 16:44:32,877 - INFO: Loss: 0.002519
2025-01-28 16:44:32,877 - INFO: Training ROC-AUC: 1.000000
2025-01-28 16:44:32,877 - INFO: Validation ROC-AUC: 0.710497
2025-01-28 16:44:41,393 - INFO: Evaluating at iteration 47057
2025-01-28 16:44:41,790 - INFO: Loss: 0.008487
2025-01-28 16:44:41,791 - INFO: Training ROC-AUC: 1.000000
2025-01-28 16:44:41,791 - INFO: Validation ROC-AUC: 0.702755
2025-01-28 16:44:50,303 - INFO: Evaluating at iteration 47557
2025-01-28 16:44:50,715 - INFO: Loss: 0.018461
2025-01-28 16:44:50,715 - INFO: Training ROC-AUC: 1.000000
2025-01-28 16:44:50,715 - INFO: Validation ROC-AUC: 0.690158
2025-01-28 16:44:57,725 - INFO: Saving model to models/TCRContactMapPredictor_sequence_only/model_3.pt
2025-01-28 16:44:57,766 - INFO: Starting fold 4
2025-01-28 16:44:57,767 - INFO: Initialising model
2025-01-28 16:44:57,787 - INFO: Starting training
2025-01-28 16:44:57,787 - INFO: Starting epoch 1
2025-01-28 16:44:57,801 - INFO: Evaluating at iteration 1
2025-01-28 16:44:58,035 - INFO: Loss: 0.687553
2025-01-28 16:44:58,036 - INFO: Training ROC-AUC: 0.000000
2025-01-28 16:44:58,036 - INFO: Validation ROC-AUC: 0.495478
2025-01-28 16:45:06,408 - INFO: Evaluating at iteration 501
2025-01-28 16:45:06,663 - INFO: Loss: 0.330944
2025-01-28 16:45:06,663 - INFO: Training ROC-AUC: 0.553571
2025-01-28 16:45:06,663 - INFO: Validation ROC-AUC: 0.401518
2025-01-28 16:45:15,063 - INFO: Evaluating at iteration 1001
2025-01-28 16:45:15,318 - INFO: Loss: 0.184074
2025-01-28 16:45:15,318 - INFO: Training ROC-AUC: 0.937500
2025-01-28 16:45:15,318 - INFO: Validation ROC-AUC: 0.462208
2025-01-28 16:45:23,708 - INFO: Evaluating at iteration 1501
2025-01-28 16:45:23,966 - INFO: Loss: 0.418083
2025-01-28 16:45:23,966 - INFO: Training ROC-AUC: 0.743590
2025-01-28 16:45:23,966 - INFO: Validation ROC-AUC: 0.599156
2025-01-28 16:45:32,298 - INFO: Evaluating at iteration 2001
2025-01-28 16:45:32,549 - INFO: Loss: 0.296717
2025-01-28 16:45:32,549 - INFO: Training ROC-AUC: 0.859259
2025-01-28 16:45:32,549 - INFO: Validation ROC-AUC: 0.596557
2025-01-28 16:45:35,796 - INFO: Starting epoch 2
2025-01-28 16:45:35,817 - INFO: Evaluating at iteration 2206
2025-01-28 16:45:36,070 - INFO: Loss: 0.297223
2025-01-28 16:45:36,070 - INFO: Training ROC-AUC: 0.874286
2025-01-28 16:45:36,070 - INFO: Validation ROC-AUC: 0.609410
2025-01-28 16:45:44,434 - INFO: Evaluating at iteration 2706
2025-01-28 16:45:44,682 - INFO: Loss: 0.216578
2025-01-28 16:45:44,682 - INFO: Training ROC-AUC: 0.980769
2025-01-28 16:45:44,682 - INFO: Validation ROC-AUC: 0.623420
2025-01-28 16:45:53,129 - INFO: Evaluating at iteration 3206
2025-01-28 16:45:53,385 - INFO: Loss: 0.332759
2025-01-28 16:45:53,386 - INFO: Training ROC-AUC: 0.814815
2025-01-28 16:45:53,386 - INFO: Validation ROC-AUC: 0.637875
2025-01-28 16:46:01,749 - INFO: Evaluating at iteration 3706
2025-01-28 16:46:02,002 - INFO: Loss: 0.200750
2025-01-28 16:46:02,003 - INFO: Training ROC-AUC: 0.677419
2025-01-28 16:46:02,003 - INFO: Validation ROC-AUC: 0.639125
2025-01-28 16:46:10,227 - INFO: Evaluating at iteration 4206
2025-01-28 16:46:10,482 - INFO: Loss: 0.228687
2025-01-28 16:46:10,482 - INFO: Training ROC-AUC: 0.994286
2025-01-28 16:46:10,482 - INFO: Validation ROC-AUC: 0.650070
2025-01-28 16:46:13,707 - INFO: Starting epoch 3
2025-01-28 16:46:13,728 - INFO: Evaluating at iteration 4411
2025-01-28 16:46:13,979 - INFO: Loss: 0.377529
2025-01-28 16:46:13,979 - INFO: Training ROC-AUC: 0.908571
2025-01-28 16:46:13,979 - INFO: Validation ROC-AUC: 0.633281
2025-01-28 16:46:22,238 - INFO: Evaluating at iteration 4911
2025-01-28 16:46:22,493 - INFO: Loss: 0.101157
2025-01-28 16:46:22,494 - INFO: Training ROC-AUC: 0.967742
2025-01-28 16:46:22,494 - INFO: Validation ROC-AUC: 0.642246
2025-01-28 16:46:30,855 - INFO: Evaluating at iteration 5411
2025-01-28 16:46:31,108 - INFO: Loss: 0.395172
2025-01-28 16:46:31,108 - INFO: Training ROC-AUC: 0.884615
2025-01-28 16:46:31,108 - INFO: Validation ROC-AUC: 0.652650
2025-01-28 16:46:39,518 - INFO: Evaluating at iteration 5911
2025-01-28 16:46:39,773 - INFO: Loss: 0.390769
2025-01-28 16:46:39,773 - INFO: Training ROC-AUC: 0.885417
2025-01-28 16:46:39,773 - INFO: Validation ROC-AUC: 0.649504
2025-01-28 16:46:48,083 - INFO: Evaluating at iteration 6411
2025-01-28 16:46:48,336 - INFO: Loss: 0.314287
2025-01-28 16:46:48,336 - INFO: Training ROC-AUC: 0.891026
2025-01-28 16:46:48,336 - INFO: Validation ROC-AUC: 0.649532
2025-01-28 16:46:51,787 - INFO: Starting epoch 4
2025-01-28 16:46:51,808 - INFO: Evaluating at iteration 6616
2025-01-28 16:46:52,062 - INFO: Loss: 0.132928
2025-01-28 16:46:52,062 - INFO: Training ROC-AUC: 0.994792
2025-01-28 16:46:52,062 - INFO: Validation ROC-AUC: 0.644394
2025-01-28 16:47:00,293 - INFO: Evaluating at iteration 7116
2025-01-28 16:47:00,547 - INFO: Loss: 0.248130
2025-01-28 16:47:00,547 - INFO: Training ROC-AUC: 0.816667
2025-01-28 16:47:00,547 - INFO: Validation ROC-AUC: 0.637472
2025-01-28 16:47:08,886 - INFO: Evaluating at iteration 7616
2025-01-28 16:47:09,142 - INFO: Loss: 0.299966
2025-01-28 16:47:09,142 - INFO: Training ROC-AUC: 0.897143
2025-01-28 16:47:09,142 - INFO: Validation ROC-AUC: 0.651497
2025-01-28 16:47:17,495 - INFO: Evaluating at iteration 8116
2025-01-28 16:47:17,728 - INFO: Loss: 0.414358
2025-01-28 16:47:17,728 - INFO: Training ROC-AUC: 0.839744
2025-01-28 16:47:17,728 - INFO: Validation ROC-AUC: 0.656260
2025-01-28 16:47:25,601 - INFO: Evaluating at iteration 8616
2025-01-28 16:47:25,836 - INFO: Loss: 0.369154
2025-01-28 16:47:25,836 - INFO: Training ROC-AUC: 0.890625
2025-01-28 16:47:25,836 - INFO: Validation ROC-AUC: 0.650861
2025-01-28 16:47:29,004 - INFO: Starting epoch 5
2025-01-28 16:47:29,018 - INFO: Evaluating at iteration 8821
2025-01-28 16:47:29,275 - INFO: Loss: 0.246131
2025-01-28 16:47:29,275 - INFO: Training ROC-AUC: 0.937143
2025-01-28 16:47:29,275 - INFO: Validation ROC-AUC: 0.652268
2025-01-28 16:47:38,461 - INFO: Evaluating at iteration 9321
2025-01-28 16:47:38,733 - INFO: Loss: 0.240348
2025-01-28 16:47:38,733 - INFO: Training ROC-AUC: 0.800000
2025-01-28 16:47:38,734 - INFO: Validation ROC-AUC: 0.643058
2025-01-28 16:47:47,955 - INFO: Evaluating at iteration 9821
2025-01-28 16:47:48,219 - INFO: Loss: 0.185117
2025-01-28 16:47:48,219 - INFO: Training ROC-AUC: 0.908046
2025-01-28 16:47:48,219 - INFO: Validation ROC-AUC: 0.637157
2025-01-28 16:47:57,424 - INFO: Evaluating at iteration 10321
2025-01-28 16:47:57,686 - INFO: Loss: 0.227590
2025-01-28 16:47:57,686 - INFO: Training ROC-AUC: 0.866071
2025-01-28 16:47:57,686 - INFO: Validation ROC-AUC: 0.635188
2025-01-28 16:48:06,820 - INFO: Evaluating at iteration 10821
2025-01-28 16:48:07,093 - INFO: Loss: 0.280282
2025-01-28 16:48:07,093 - INFO: Training ROC-AUC: 0.891026
2025-01-28 16:48:07,094 - INFO: Validation ROC-AUC: 0.657052
2025-01-28 16:48:10,931 - INFO: Starting epoch 6
2025-01-28 16:48:10,952 - INFO: Evaluating at iteration 11026
2025-01-28 16:48:11,222 - INFO: Loss: 0.143530
2025-01-28 16:48:11,222 - INFO: Training ROC-AUC: 0.988506
2025-01-28 16:48:11,222 - INFO: Validation ROC-AUC: 0.649888
2025-01-28 16:48:20,431 - INFO: Evaluating at iteration 11526
2025-01-28 16:48:20,704 - INFO: Loss: 0.109396
2025-01-28 16:48:20,704 - INFO: Training ROC-AUC: 1.000000
2025-01-28 16:48:20,704 - INFO: Validation ROC-AUC: 0.651629
2025-01-28 16:48:29,689 - INFO: Evaluating at iteration 12026
2025-01-28 16:48:29,961 - INFO: Loss: 0.227726
2025-01-28 16:48:29,961 - INFO: Training ROC-AUC: 0.965714
2025-01-28 16:48:29,961 - INFO: Validation ROC-AUC: 0.658875
2025-01-28 16:48:39,170 - INFO: Evaluating at iteration 12526
2025-01-28 16:48:39,445 - INFO: Loss: 0.120068
2025-01-28 16:48:39,446 - INFO: Training ROC-AUC: 1.000000
2025-01-28 16:48:39,446 - INFO: Validation ROC-AUC: 0.641237
2025-01-28 16:48:48,609 - INFO: Evaluating at iteration 13026
2025-01-28 16:48:48,884 - INFO: Loss: 0.088543
2025-01-28 16:48:48,884 - INFO: Training ROC-AUC: 1.000000
2025-01-28 16:48:48,884 - INFO: Validation ROC-AUC: 0.641644
2025-01-28 16:48:52,569 - INFO: Starting epoch 7
2025-01-28 16:48:52,591 - INFO: Evaluating at iteration 13231
2025-01-28 16:48:52,864 - INFO: Loss: 0.305482
2025-01-28 16:48:52,864 - INFO: Training ROC-AUC: 0.803571
2025-01-28 16:48:52,864 - INFO: Validation ROC-AUC: 0.642322
2025-01-28 16:49:01,924 - INFO: Evaluating at iteration 13731
2025-01-28 16:49:02,188 - INFO: Loss: 0.164317
2025-01-28 16:49:02,188 - INFO: Training ROC-AUC: 0.974359
2025-01-28 16:49:02,188 - INFO: Validation ROC-AUC: 0.647567
2025-01-28 16:49:11,333 - INFO: Evaluating at iteration 14231
2025-01-28 16:49:11,600 - INFO: Loss: 0.209234
2025-01-28 16:49:11,600 - INFO: Training ROC-AUC: 0.937500
2025-01-28 16:49:11,600 - INFO: Validation ROC-AUC: 0.644791
2025-01-28 16:49:20,781 - INFO: Evaluating at iteration 14731
2025-01-28 16:49:21,054 - INFO: Loss: 0.291871
2025-01-28 16:49:21,054 - INFO: Training ROC-AUC: 0.916667
2025-01-28 16:49:21,054 - INFO: Validation ROC-AUC: 0.655370
2025-01-28 16:49:30,207 - INFO: Evaluating at iteration 15231
2025-01-28 16:49:30,472 - INFO: Loss: 0.158955
2025-01-28 16:49:30,472 - INFO: Training ROC-AUC: 0.908046
2025-01-28 16:49:30,472 - INFO: Validation ROC-AUC: 0.651585
2025-01-28 16:49:34,195 - INFO: Starting epoch 8
2025-01-28 16:49:34,206 - INFO: Evaluating at iteration 15436
2025-01-28 16:49:34,439 - INFO: Loss: 0.242186
2025-01-28 16:49:34,439 - INFO: Training ROC-AUC: 0.901786
2025-01-28 16:49:34,439 - INFO: Validation ROC-AUC: 0.645533
2025-01-28 16:49:43,640 - INFO: Evaluating at iteration 15936
2025-01-28 16:49:43,903 - INFO: Loss: 0.210333
2025-01-28 16:49:43,903 - INFO: Training ROC-AUC: 0.981818
2025-01-28 16:49:43,903 - INFO: Validation ROC-AUC: 0.654822
2025-01-28 16:49:53,113 - INFO: Evaluating at iteration 16436
2025-01-28 16:49:53,377 - INFO: Loss: 0.192822
2025-01-28 16:49:53,377 - INFO: Training ROC-AUC: 0.970370
2025-01-28 16:49:53,377 - INFO: Validation ROC-AUC: 0.643978
2025-01-28 16:50:02,405 - INFO: Evaluating at iteration 16936
2025-01-28 16:50:02,674 - INFO: Loss: 0.312108
2025-01-28 16:50:02,674 - INFO: Training ROC-AUC: 0.884615
2025-01-28 16:50:02,674 - INFO: Validation ROC-AUC: 0.650859
2025-01-28 16:50:11,874 - INFO: Evaluating at iteration 17436
2025-01-28 16:50:12,138 - INFO: Loss: 0.157507
2025-01-28 16:50:12,138 - INFO: Training ROC-AUC: 0.983333
2025-01-28 16:50:12,138 - INFO: Validation ROC-AUC: 0.657109
2025-01-28 16:50:15,828 - INFO: Starting epoch 9
2025-01-28 16:50:15,849 - INFO: Evaluating at iteration 17641
2025-01-28 16:50:16,108 - INFO: Loss: 0.347267
2025-01-28 16:50:16,109 - INFO: Training ROC-AUC: 0.945455
2025-01-28 16:50:16,109 - INFO: Validation ROC-AUC: 0.654117
2025-01-28 16:50:25,336 - INFO: Evaluating at iteration 18141
2025-01-28 16:50:25,600 - INFO: Loss: 0.164880
2025-01-28 16:50:25,600 - INFO: Training ROC-AUC: 0.950000
2025-01-28 16:50:25,600 - INFO: Validation ROC-AUC: 0.646349
2025-01-28 16:50:34,762 - INFO: Evaluating at iteration 18641
2025-01-28 16:50:35,026 - INFO: Loss: 0.207411
2025-01-28 16:50:35,026 - INFO: Training ROC-AUC: 0.940741
2025-01-28 16:50:35,026 - INFO: Validation ROC-AUC: 0.652209
2025-01-28 16:50:44,264 - INFO: Evaluating at iteration 19141
2025-01-28 16:50:44,530 - INFO: Loss: 0.203207
2025-01-28 16:50:44,530 - INFO: Training ROC-AUC: 0.911111
2025-01-28 16:50:44,530 - INFO: Validation ROC-AUC: 0.653076
2025-01-28 16:50:53,557 - INFO: Evaluating at iteration 19641
2025-01-28 16:50:53,823 - INFO: Loss: 0.045041
2025-01-28 16:50:53,823 - INFO: Training ROC-AUC: 1.000000
2025-01-28 16:50:53,823 - INFO: Validation ROC-AUC: 0.646803
2025-01-28 16:50:57,510 - INFO: Starting epoch 10
2025-01-28 16:50:57,528 - INFO: Evaluating at iteration 19846
2025-01-28 16:50:57,770 - INFO: Loss: 0.114425
2025-01-28 16:50:57,770 - INFO: Training ROC-AUC: 1.000000
2025-01-28 16:50:57,770 - INFO: Validation ROC-AUC: 0.647613
2025-01-28 16:51:06,955 - INFO: Evaluating at iteration 20346
2025-01-28 16:51:07,218 - INFO: Loss: 0.167158
2025-01-28 16:51:07,218 - INFO: Training ROC-AUC: 0.960000
2025-01-28 16:51:07,218 - INFO: Validation ROC-AUC: 0.654240
2025-01-28 16:51:16,408 - INFO: Evaluating at iteration 20846
2025-01-28 16:51:16,677 - INFO: Loss: 0.036092
2025-01-28 16:51:16,677 - INFO: Training ROC-AUC: 1.000000
2025-01-28 16:51:16,677 - INFO: Validation ROC-AUC: 0.656434
2025-01-28 16:51:25,782 - INFO: Evaluating at iteration 21346
2025-01-28 16:51:26,047 - INFO: Loss: 0.179271
2025-01-28 16:51:26,048 - INFO: Training ROC-AUC: 0.991071
2025-01-28 16:51:26,048 - INFO: Validation ROC-AUC: 0.646399
2025-01-28 16:51:35,211 - INFO: Evaluating at iteration 21846
2025-01-28 16:51:35,478 - INFO: Loss: 0.157692
2025-01-28 16:51:35,478 - INFO: Training ROC-AUC: 0.955357
2025-01-28 16:51:35,478 - INFO: Validation ROC-AUC: 0.648032
2025-01-28 16:51:39,296 - INFO: Starting epoch 11
2025-01-28 16:51:39,316 - INFO: Evaluating at iteration 22051
2025-01-28 16:51:39,577 - INFO: Loss: 0.176884
2025-01-28 16:51:39,578 - INFO: Training ROC-AUC: 0.948148
2025-01-28 16:51:39,578 - INFO: Validation ROC-AUC: 0.642145
2025-01-28 16:51:48,831 - INFO: Evaluating at iteration 22551
2025-01-28 16:51:49,098 - INFO: Loss: 0.053257
2025-01-28 16:51:49,098 - INFO: Training ROC-AUC: 1.000000
2025-01-28 16:51:49,098 - INFO: Validation ROC-AUC: 0.645762
2025-01-28 16:51:58,138 - INFO: Evaluating at iteration 23051
2025-01-28 16:51:58,402 - INFO: Loss: 0.254788
2025-01-28 16:51:58,403 - INFO: Training ROC-AUC: 0.955556
2025-01-28 16:51:58,403 - INFO: Validation ROC-AUC: 0.647931
2025-01-28 16:52:07,621 - INFO: Evaluating at iteration 23551
2025-01-28 16:52:07,885 - INFO: Loss: 0.248813
2025-01-28 16:52:07,885 - INFO: Training ROC-AUC: 0.953125
2025-01-28 16:52:07,885 - INFO: Validation ROC-AUC: 0.654954
2025-01-28 16:52:17,089 - INFO: Evaluating at iteration 24051
2025-01-28 16:52:17,369 - INFO: Loss: 0.142484
2025-01-28 16:52:17,369 - INFO: Training ROC-AUC: 0.946429
2025-01-28 16:52:17,369 - INFO: Validation ROC-AUC: 0.642688
2025-01-28 16:52:20,719 - INFO: Starting epoch 12
2025-01-28 16:52:20,740 - INFO: Evaluating at iteration 24256
2025-01-28 16:52:21,006 - INFO: Loss: 0.120618
2025-01-28 16:52:21,006 - INFO: Training ROC-AUC: 0.991071
2025-01-28 16:52:21,006 - INFO: Validation ROC-AUC: 0.651691
2025-01-28 16:52:29,380 - INFO: Evaluating at iteration 24756
2025-01-28 16:52:29,647 - INFO: Loss: 0.208901
2025-01-28 16:52:29,647 - INFO: Training ROC-AUC: 0.968182
2025-01-28 16:52:29,647 - INFO: Validation ROC-AUC: 0.643644
2025-01-28 16:52:38,175 - INFO: Evaluating at iteration 25256
2025-01-28 16:52:38,445 - INFO: Loss: 0.123002
2025-01-28 16:52:38,445 - INFO: Training ROC-AUC: 1.000000
2025-01-28 16:52:38,445 - INFO: Validation ROC-AUC: 0.643098
2025-01-28 16:52:47,468 - INFO: Evaluating at iteration 25756
2025-01-28 16:52:47,734 - INFO: Loss: 0.156072
2025-01-28 16:52:47,734 - INFO: Training ROC-AUC: 1.000000
2025-01-28 16:52:47,734 - INFO: Validation ROC-AUC: 0.647283
2025-01-28 16:52:56,083 - INFO: Evaluating at iteration 26256
2025-01-28 16:52:56,346 - INFO: Loss: 0.120232
2025-01-28 16:52:56,347 - INFO: Training ROC-AUC: 0.994286
2025-01-28 16:52:56,347 - INFO: Validation ROC-AUC: 0.645582
2025-01-28 16:52:59,981 - INFO: Starting epoch 13
2025-01-28 16:53:00,003 - INFO: Evaluating at iteration 26461
2025-01-28 16:53:00,268 - INFO: Loss: 0.112191
2025-01-28 16:53:00,268 - INFO: Training ROC-AUC: 1.000000
2025-01-28 16:53:00,268 - INFO: Validation ROC-AUC: 0.649441
2025-01-28 16:53:09,567 - INFO: Evaluating at iteration 26961
2025-01-28 16:53:09,845 - INFO: Loss: 0.110496
2025-01-28 16:53:09,845 - INFO: Training ROC-AUC: 0.992593
2025-01-28 16:53:09,845 - INFO: Validation ROC-AUC: 0.656296
2025-01-28 16:53:18,448 - INFO: Evaluating at iteration 27461
2025-01-28 16:53:18,713 - INFO: Loss: 0.152613
2025-01-28 16:53:18,713 - INFO: Training ROC-AUC: 0.980769
2025-01-28 16:53:18,713 - INFO: Validation ROC-AUC: 0.640116
2025-01-28 16:53:26,995 - INFO: Evaluating at iteration 27961
2025-01-28 16:53:27,261 - INFO: Loss: 0.215616
2025-01-28 16:53:27,261 - INFO: Training ROC-AUC: 0.948571
2025-01-28 16:53:27,262 - INFO: Validation ROC-AUC: 0.644410
2025-01-28 16:53:35,464 - INFO: Evaluating at iteration 28461
2025-01-28 16:53:35,720 - INFO: Loss: 0.088988
2025-01-28 16:53:35,720 - INFO: Training ROC-AUC: 0.994286
2025-01-28 16:53:35,720 - INFO: Validation ROC-AUC: 0.646928
2025-01-28 16:53:38,955 - INFO: Starting epoch 14
2025-01-28 16:53:38,975 - INFO: Evaluating at iteration 28666
2025-01-28 16:53:39,227 - INFO: Loss: 0.061979
2025-01-28 16:53:39,227 - INFO: Training ROC-AUC: 1.000000
2025-01-28 16:53:39,227 - INFO: Validation ROC-AUC: 0.645115
2025-01-28 16:53:47,446 - INFO: Evaluating at iteration 29166
2025-01-28 16:53:47,699 - INFO: Loss: 0.067718
2025-01-28 16:53:47,700 - INFO: Training ROC-AUC: 1.000000
2025-01-28 16:53:47,700 - INFO: Validation ROC-AUC: 0.645027
2025-01-28 16:53:56,331 - INFO: Evaluating at iteration 29666
2025-01-28 16:53:56,586 - INFO: Loss: 0.069285
2025-01-28 16:53:56,587 - INFO: Training ROC-AUC: 1.000000
2025-01-28 16:53:56,587 - INFO: Validation ROC-AUC: 0.646698
2025-01-28 16:54:04,860 - INFO: Evaluating at iteration 30166
2025-01-28 16:54:05,130 - INFO: Loss: 0.146508
2025-01-28 16:54:05,130 - INFO: Training ROC-AUC: 0.955357
2025-01-28 16:54:05,130 - INFO: Validation ROC-AUC: 0.645079
2025-01-28 16:54:13,495 - INFO: Evaluating at iteration 30666
2025-01-28 16:54:13,772 - INFO: Loss: 0.056730
2025-01-28 16:54:13,773 - INFO: Training ROC-AUC: 1.000000
2025-01-28 16:54:13,773 - INFO: Validation ROC-AUC: 0.641675
2025-01-28 16:54:17,149 - INFO: Starting epoch 15
2025-01-28 16:54:17,169 - INFO: Evaluating at iteration 30871
2025-01-28 16:54:17,444 - INFO: Loss: 0.147946
2025-01-28 16:54:17,444 - INFO: Training ROC-AUC: 0.981818
2025-01-28 16:54:17,444 - INFO: Validation ROC-AUC: 0.636004
2025-01-28 16:54:26,019 - INFO: Evaluating at iteration 31371
2025-01-28 16:54:26,274 - INFO: Loss: 0.022612
2025-01-28 16:54:26,274 - INFO: Training ROC-AUC: 1.000000
2025-01-28 16:54:26,274 - INFO: Validation ROC-AUC: 0.638769
2025-01-28 16:54:34,726 - INFO: Evaluating at iteration 31871
2025-01-28 16:54:34,980 - INFO: Loss: 0.122995
2025-01-28 16:54:34,980 - INFO: Training ROC-AUC: 0.973214
2025-01-28 16:54:34,980 - INFO: Validation ROC-AUC: 0.645587
2025-01-28 16:54:43,372 - INFO: Evaluating at iteration 32371
2025-01-28 16:54:43,619 - INFO: Loss: 0.042505
2025-01-28 16:54:43,619 - INFO: Training ROC-AUC: nan
2025-01-28 16:54:43,619 - INFO: Validation ROC-AUC: 0.645097
2025-01-28 16:54:52,066 - INFO: Evaluating at iteration 32871
2025-01-28 16:54:52,313 - INFO: Loss: 0.116666
2025-01-28 16:54:52,313 - INFO: Training ROC-AUC: 0.988571
2025-01-28 16:54:52,313 - INFO: Validation ROC-AUC: 0.648151
2025-01-28 16:54:55,794 - INFO: Starting epoch 16
2025-01-28 16:54:55,815 - INFO: Evaluating at iteration 33076
2025-01-28 16:54:56,072 - INFO: Loss: 0.036951
2025-01-28 16:54:56,072 - INFO: Training ROC-AUC: 1.000000
2025-01-28 16:54:56,072 - INFO: Validation ROC-AUC: 0.635923
2025-01-28 16:55:03,855 - INFO: Evaluating at iteration 33576
2025-01-28 16:55:04,105 - INFO: Loss: 0.184679
2025-01-28 16:55:04,106 - INFO: Training ROC-AUC: 0.985507
2025-01-28 16:55:04,106 - INFO: Validation ROC-AUC: 0.642839
2025-01-28 16:55:12,209 - INFO: Evaluating at iteration 34076
2025-01-28 16:55:12,476 - INFO: Loss: 0.035153
2025-01-28 16:55:12,476 - INFO: Training ROC-AUC: 1.000000
2025-01-28 16:55:12,476 - INFO: Validation ROC-AUC: 0.643092
2025-01-28 16:55:21,627 - INFO: Evaluating at iteration 34576
2025-01-28 16:55:21,892 - INFO: Loss: 0.019317
2025-01-28 16:55:21,892 - INFO: Training ROC-AUC: 1.000000
2025-01-28 16:55:21,892 - INFO: Validation ROC-AUC: 0.651904
2025-01-28 16:55:30,509 - INFO: Evaluating at iteration 35076
2025-01-28 16:55:30,776 - INFO: Loss: 0.122506
2025-01-28 16:55:30,776 - INFO: Training ROC-AUC: 0.987179
2025-01-28 16:55:30,776 - INFO: Validation ROC-AUC: 0.644426
2025-01-28 16:55:34,589 - INFO: Starting epoch 17
2025-01-28 16:55:34,610 - INFO: Evaluating at iteration 35281
2025-01-28 16:55:34,870 - INFO: Loss: 0.105976
2025-01-28 16:55:34,870 - INFO: Training ROC-AUC: 0.954023
2025-01-28 16:55:34,870 - INFO: Validation ROC-AUC: 0.628288
2025-01-28 16:55:43,928 - INFO: Evaluating at iteration 35781
2025-01-28 16:55:44,200 - INFO: Loss: 0.048304
2025-01-28 16:55:44,200 - INFO: Training ROC-AUC: 1.000000
2025-01-28 16:55:44,200 - INFO: Validation ROC-AUC: 0.637048
2025-01-28 16:55:53,273 - INFO: Evaluating at iteration 36281
2025-01-28 16:55:53,539 - INFO: Loss: 0.022587
2025-01-28 16:55:53,539 - INFO: Training ROC-AUC: 1.000000
2025-01-28 16:55:53,539 - INFO: Validation ROC-AUC: 0.639100
2025-01-28 16:56:02,550 - INFO: Evaluating at iteration 36781
2025-01-28 16:56:02,814 - INFO: Loss: 0.039836
2025-01-28 16:56:02,815 - INFO: Training ROC-AUC: 1.000000
2025-01-28 16:56:02,815 - INFO: Validation ROC-AUC: 0.634202
2025-01-28 16:56:11,937 - INFO: Evaluating at iteration 37281
2025-01-28 16:56:12,199 - INFO: Loss: 0.122054
2025-01-28 16:56:12,199 - INFO: Training ROC-AUC: 0.987179
2025-01-28 16:56:12,199 - INFO: Validation ROC-AUC: 0.653954
2025-01-28 16:56:16,100 - INFO: Starting epoch 18
2025-01-28 16:56:16,124 - INFO: Evaluating at iteration 37486
2025-01-28 16:56:16,388 - INFO: Loss: 0.029960
2025-01-28 16:56:16,388 - INFO: Training ROC-AUC: 1.000000
2025-01-28 16:56:16,388 - INFO: Validation ROC-AUC: 0.643532
2025-01-28 16:56:25,825 - INFO: Evaluating at iteration 37986
2025-01-28 16:56:26,115 - INFO: Loss: 0.035914
2025-01-28 16:56:26,116 - INFO: Training ROC-AUC: 1.000000
2025-01-28 16:56:26,116 - INFO: Validation ROC-AUC: 0.631375
2025-01-28 16:56:35,323 - INFO: Evaluating at iteration 38486
2025-01-28 16:56:35,588 - INFO: Loss: 0.209780
2025-01-28 16:56:35,588 - INFO: Training ROC-AUC: 0.948148
2025-01-28 16:56:35,588 - INFO: Validation ROC-AUC: 0.637601
2025-01-28 16:56:44,883 - INFO: Evaluating at iteration 38986
2025-01-28 16:56:45,148 - INFO: Loss: 0.072585
2025-01-28 16:56:45,148 - INFO: Training ROC-AUC: 0.993590
2025-01-28 16:56:45,148 - INFO: Validation ROC-AUC: 0.638225
2025-01-28 16:56:54,409 - INFO: Evaluating at iteration 39486
2025-01-28 16:56:54,676 - INFO: Loss: 0.078149
2025-01-28 16:56:54,676 - INFO: Training ROC-AUC: 1.000000
2025-01-28 16:56:54,676 - INFO: Validation ROC-AUC: 0.642467
2025-01-28 16:56:58,421 - INFO: Starting epoch 19
2025-01-28 16:56:58,444 - INFO: Evaluating at iteration 39691
2025-01-28 16:56:58,719 - INFO: Loss: 0.033474
2025-01-28 16:56:58,720 - INFO: Training ROC-AUC: 1.000000
2025-01-28 16:56:58,720 - INFO: Validation ROC-AUC: 0.648450
2025-01-28 16:57:07,975 - INFO: Evaluating at iteration 40191
2025-01-28 16:57:08,224 - INFO: Loss: 0.074508
2025-01-28 16:57:08,224 - INFO: Training ROC-AUC: 0.994286
2025-01-28 16:57:08,224 - INFO: Validation ROC-AUC: 0.639909
2025-01-28 16:57:17,747 - INFO: Evaluating at iteration 40691
2025-01-28 16:57:18,024 - INFO: Loss: 0.002987
2025-01-28 16:57:18,024 - INFO: Training ROC-AUC: 1.000000
2025-01-28 16:57:18,024 - INFO: Validation ROC-AUC: 0.637814
2025-01-28 16:57:27,336 - INFO: Evaluating at iteration 41191
2025-01-28 16:57:27,600 - INFO: Loss: 0.091241
2025-01-28 16:57:27,600 - INFO: Training ROC-AUC: 0.995169
2025-01-28 16:57:27,600 - INFO: Validation ROC-AUC: 0.638410
2025-01-28 16:57:37,267 - INFO: Evaluating at iteration 41691
2025-01-28 16:57:37,587 - INFO: Loss: 0.038582
2025-01-28 16:57:37,587 - INFO: Training ROC-AUC: 1.000000
2025-01-28 16:57:37,587 - INFO: Validation ROC-AUC: 0.630858
2025-01-28 16:57:41,593 - INFO: Starting epoch 20
2025-01-28 16:57:41,617 - INFO: Evaluating at iteration 41896
2025-01-28 16:57:41,884 - INFO: Loss: 0.005764
2025-01-28 16:57:41,884 - INFO: Training ROC-AUC: 1.000000
2025-01-28 16:57:41,884 - INFO: Validation ROC-AUC: 0.636942
2025-01-28 16:57:51,698 - INFO: Evaluating at iteration 42396
2025-01-28 16:57:52,002 - INFO: Loss: 0.030463
2025-01-28 16:57:52,002 - INFO: Training ROC-AUC: 1.000000
2025-01-28 16:57:52,002 - INFO: Validation ROC-AUC: 0.643373
2025-01-28 16:58:01,848 - INFO: Evaluating at iteration 42896
2025-01-28 16:58:02,135 - INFO: Loss: 0.075051
2025-01-28 16:58:02,135 - INFO: Training ROC-AUC: 1.000000
2025-01-28 16:58:02,135 - INFO: Validation ROC-AUC: 0.640544
2025-01-28 16:58:12,135 - INFO: Evaluating at iteration 43396
2025-01-28 16:58:12,425 - INFO: Loss: 0.037774
2025-01-28 16:58:12,425 - INFO: Training ROC-AUC: 1.000000
2025-01-28 16:58:12,425 - INFO: Validation ROC-AUC: 0.645568
2025-01-28 16:58:21,203 - INFO: Evaluating at iteration 43896
2025-01-28 16:58:21,474 - INFO: Loss: 0.048239
2025-01-28 16:58:21,474 - INFO: Training ROC-AUC: 1.000000
2025-01-28 16:58:21,474 - INFO: Validation ROC-AUC: 0.640962
2025-01-28 16:58:25,087 - INFO: Starting epoch 21
2025-01-28 16:58:25,109 - INFO: Evaluating at iteration 44101
2025-01-28 16:58:25,369 - INFO: Loss: 0.021043
2025-01-28 16:58:25,369 - INFO: Training ROC-AUC: 1.000000
2025-01-28 16:58:25,369 - INFO: Validation ROC-AUC: 0.643610
2025-01-28 16:58:34,099 - INFO: Evaluating at iteration 44601
2025-01-28 16:58:34,370 - INFO: Loss: 0.096693
2025-01-28 16:58:34,370 - INFO: Training ROC-AUC: 1.000000
2025-01-28 16:58:34,370 - INFO: Validation ROC-AUC: 0.637924
2025-01-28 16:58:42,949 - INFO: Evaluating at iteration 45101
2025-01-28 16:58:43,232 - INFO: Loss: 0.038557
2025-01-28 16:58:43,232 - INFO: Training ROC-AUC: 1.000000
2025-01-28 16:58:43,232 - INFO: Validation ROC-AUC: 0.641172
2025-01-28 16:58:51,772 - INFO: Evaluating at iteration 45601
2025-01-28 16:58:52,039 - INFO: Loss: 0.034363
2025-01-28 16:58:52,039 - INFO: Training ROC-AUC: 1.000000
2025-01-28 16:58:52,039 - INFO: Validation ROC-AUC: 0.646476
2025-01-28 16:59:00,583 - INFO: Evaluating at iteration 46101
2025-01-28 16:59:00,857 - INFO: Loss: 0.052253
2025-01-28 16:59:00,857 - INFO: Training ROC-AUC: 1.000000
2025-01-28 16:59:00,857 - INFO: Validation ROC-AUC: 0.641678
2025-01-28 16:59:04,439 - INFO: Starting epoch 22
2025-01-28 16:59:04,452 - INFO: Evaluating at iteration 46306
2025-01-28 16:59:04,701 - INFO: Loss: 0.034109
2025-01-28 16:59:04,701 - INFO: Training ROC-AUC: 1.000000
2025-01-28 16:59:04,701 - INFO: Validation ROC-AUC: 0.640580
2025-01-28 16:59:13,277 - INFO: Evaluating at iteration 46806
2025-01-28 16:59:13,542 - INFO: Loss: 0.009785
2025-01-28 16:59:13,542 - INFO: Training ROC-AUC: 1.000000
2025-01-28 16:59:13,542 - INFO: Validation ROC-AUC: 0.627744
2025-01-28 16:59:22,000 - INFO: Evaluating at iteration 47306
2025-01-28 16:59:22,263 - INFO: Loss: 0.013306
2025-01-28 16:59:22,263 - INFO: Training ROC-AUC: 1.000000
2025-01-28 16:59:22,263 - INFO: Validation ROC-AUC: 0.644771
2025-01-28 16:59:30,742 - INFO: Evaluating at iteration 47806
2025-01-28 16:59:30,993 - INFO: Loss: 0.026710
2025-01-28 16:59:30,993 - INFO: Training ROC-AUC: 1.000000
2025-01-28 16:59:30,994 - INFO: Validation ROC-AUC: 0.633234
2025-01-28 16:59:39,453 - INFO: Evaluating at iteration 48306
2025-01-28 16:59:39,707 - INFO: Loss: 0.119796
2025-01-28 16:59:39,707 - INFO: Training ROC-AUC: 0.980769
2025-01-28 16:59:39,708 - INFO: Validation ROC-AUC: 0.626398
2025-01-28 16:59:43,165 - INFO: Starting epoch 23
2025-01-28 16:59:43,186 - INFO: Evaluating at iteration 48511
2025-01-28 16:59:43,440 - INFO: Loss: 0.036800
2025-01-28 16:59:43,440 - INFO: Training ROC-AUC: 1.000000
2025-01-28 16:59:43,440 - INFO: Validation ROC-AUC: 0.627023
2025-01-28 16:59:51,902 - INFO: Evaluating at iteration 49011
2025-01-28 16:59:52,153 - INFO: Loss: 0.010756
2025-01-28 16:59:52,153 - INFO: Training ROC-AUC: 1.000000
2025-01-28 16:59:52,153 - INFO: Validation ROC-AUC: 0.634975
2025-01-28 17:00:00,574 - INFO: Evaluating at iteration 49511
2025-01-28 17:00:00,827 - INFO: Loss: 0.010024
2025-01-28 17:00:00,827 - INFO: Training ROC-AUC: 1.000000
2025-01-28 17:00:00,827 - INFO: Validation ROC-AUC: 0.634366
2025-01-28 17:00:09,527 - INFO: Evaluating at iteration 50011
2025-01-28 17:00:09,800 - INFO: Loss: 0.047878
2025-01-28 17:00:09,800 - INFO: Training ROC-AUC: 1.000000
2025-01-28 17:00:09,800 - INFO: Validation ROC-AUC: 0.633828
2025-01-28 17:00:18,951 - INFO: Evaluating at iteration 50511
2025-01-28 17:00:19,225 - INFO: Loss: 0.007496
2025-01-28 17:00:19,225 - INFO: Training ROC-AUC: 1.000000
2025-01-28 17:00:19,225 - INFO: Validation ROC-AUC: 0.631025
2025-01-28 17:00:23,054 - INFO: Starting epoch 24
2025-01-28 17:00:23,076 - INFO: Evaluating at iteration 50716
2025-01-28 17:00:23,348 - INFO: Loss: 0.008494
2025-01-28 17:00:23,348 - INFO: Training ROC-AUC: 1.000000
2025-01-28 17:00:23,348 - INFO: Validation ROC-AUC: 0.631336
2025-01-28 17:00:32,507 - INFO: Evaluating at iteration 51216
2025-01-28 17:00:32,778 - INFO: Loss: 0.008320
2025-01-28 17:00:32,778 - INFO: Training ROC-AUC: 1.000000
2025-01-28 17:00:32,778 - INFO: Validation ROC-AUC: 0.635658
2025-01-28 17:00:41,767 - INFO: Evaluating at iteration 51716
2025-01-28 17:00:42,013 - INFO: Loss: 0.013296
2025-01-28 17:00:42,013 - INFO: Training ROC-AUC: 1.000000
2025-01-28 17:00:42,013 - INFO: Validation ROC-AUC: 0.628111
2025-01-28 17:00:51,193 - INFO: Evaluating at iteration 52216
2025-01-28 17:00:51,470 - INFO: Loss: 0.011230
2025-01-28 17:00:51,470 - INFO: Training ROC-AUC: 1.000000
2025-01-28 17:00:51,470 - INFO: Validation ROC-AUC: 0.633273
2025-01-28 17:01:00,613 - INFO: Evaluating at iteration 52716
2025-01-28 17:01:00,885 - INFO: Loss: 0.059674
2025-01-28 17:01:00,885 - INFO: Training ROC-AUC: 1.000000
2025-01-28 17:01:00,885 - INFO: Validation ROC-AUC: 0.628291
2025-01-28 17:01:04,510 - INFO: Starting epoch 25
2025-01-28 17:01:04,533 - INFO: Evaluating at iteration 52921
2025-01-28 17:01:04,804 - INFO: Loss: 0.001435
2025-01-28 17:01:04,804 - INFO: Training ROC-AUC: 1.000000
2025-01-28 17:01:04,804 - INFO: Validation ROC-AUC: 0.623630
2025-01-28 17:01:13,891 - INFO: Evaluating at iteration 53421
2025-01-28 17:01:14,163 - INFO: Loss: 0.002706
2025-01-28 17:01:14,164 - INFO: Training ROC-AUC: 1.000000
2025-01-28 17:01:14,164 - INFO: Validation ROC-AUC: 0.637330
2025-01-28 17:01:23,089 - INFO: Evaluating at iteration 53921
2025-01-28 17:01:23,365 - INFO: Loss: 0.003512
2025-01-28 17:01:23,365 - INFO: Training ROC-AUC: 1.000000
2025-01-28 17:01:23,365 - INFO: Validation ROC-AUC: 0.637301
2025-01-28 17:01:32,550 - INFO: Evaluating at iteration 54421
2025-01-28 17:01:32,821 - INFO: Loss: 0.004159
2025-01-28 17:01:32,821 - INFO: Training ROC-AUC: 1.000000
2025-01-28 17:01:32,821 - INFO: Validation ROC-AUC: 0.635058
2025-01-28 17:01:41,567 - INFO: Evaluating at iteration 54921
2025-01-28 17:01:41,829 - INFO: Loss: 0.019689
2025-01-28 17:01:41,830 - INFO: Training ROC-AUC: 1.000000
2025-01-28 17:01:41,830 - INFO: Validation ROC-AUC: 0.631672
2025-01-28 17:01:45,288 - INFO: Saving model to models/TCRContactMapPredictor_sequence_only/model_4.pt
2025-01-28 17:01:45,324 - INFO: Starting fold 5
2025-01-28 17:01:45,326 - INFO: Initialising model
2025-01-28 17:01:45,350 - INFO: Starting training
2025-01-28 17:01:45,350 - INFO: Starting epoch 1
2025-01-28 17:01:45,364 - INFO: Evaluating at iteration 1
2025-01-28 17:01:45,613 - INFO: Loss: 0.691324
2025-01-28 17:01:45,613 - INFO: Training ROC-AUC: 0.267857
2025-01-28 17:01:45,613 - INFO: Validation ROC-AUC: 0.466954
2025-01-28 17:01:53,936 - INFO: Evaluating at iteration 501
2025-01-28 17:01:54,211 - INFO: Loss: 0.534427
2025-01-28 17:01:54,211 - INFO: Training ROC-AUC: 0.531429
2025-01-28 17:01:54,211 - INFO: Validation ROC-AUC: 0.484510
2025-01-28 17:02:02,329 - INFO: Evaluating at iteration 1001
2025-01-28 17:02:02,595 - INFO: Loss: 0.236527
2025-01-28 17:02:02,595 - INFO: Training ROC-AUC: 0.806452
2025-01-28 17:02:02,595 - INFO: Validation ROC-AUC: 0.588622
2025-01-28 17:02:10,894 - INFO: Evaluating at iteration 1501
2025-01-28 17:02:11,157 - INFO: Loss: 0.280431
2025-01-28 17:02:11,157 - INFO: Training ROC-AUC: 0.857143
2025-01-28 17:02:11,157 - INFO: Validation ROC-AUC: 0.636232
2025-01-28 17:02:19,398 - INFO: Evaluating at iteration 2001
2025-01-28 17:02:19,666 - INFO: Loss: 0.375834
2025-01-28 17:02:19,666 - INFO: Training ROC-AUC: 0.750000
2025-01-28 17:02:19,666 - INFO: Validation ROC-AUC: 0.679041
2025-01-28 17:02:22,758 - INFO: Starting epoch 2
2025-01-28 17:02:22,778 - INFO: Evaluating at iteration 2193
2025-01-28 17:02:23,039 - INFO: Loss: 0.130184
2025-01-28 17:02:23,039 - INFO: Training ROC-AUC: 1.000000
2025-01-28 17:02:23,039 - INFO: Validation ROC-AUC: 0.684416
2025-01-28 17:02:31,350 - INFO: Evaluating at iteration 2693
2025-01-28 17:02:31,614 - INFO: Loss: 0.350399
2025-01-28 17:02:31,614 - INFO: Training ROC-AUC: 0.846154
2025-01-28 17:02:31,614 - INFO: Validation ROC-AUC: 0.686686
2025-01-28 17:02:39,871 - INFO: Evaluating at iteration 3193
2025-01-28 17:02:40,139 - INFO: Loss: 0.210811
2025-01-28 17:02:40,139 - INFO: Training ROC-AUC: 0.925926
2025-01-28 17:02:40,139 - INFO: Validation ROC-AUC: 0.707786
2025-01-28 17:02:48,430 - INFO: Evaluating at iteration 3693
2025-01-28 17:02:48,694 - INFO: Loss: 0.317900
2025-01-28 17:02:48,694 - INFO: Training ROC-AUC: 0.958333
2025-01-28 17:02:48,694 - INFO: Validation ROC-AUC: 0.735174
2025-01-28 17:02:56,985 - INFO: Evaluating at iteration 4193
2025-01-28 17:02:57,251 - INFO: Loss: 0.228633
2025-01-28 17:02:57,251 - INFO: Training ROC-AUC: 0.935897
2025-01-28 17:02:57,251 - INFO: Validation ROC-AUC: 0.734985
2025-01-28 17:03:00,353 - INFO: Starting epoch 3
2025-01-28 17:03:00,373 - INFO: Evaluating at iteration 4385
2025-01-28 17:03:00,636 - INFO: Loss: 0.256067
2025-01-28 17:03:00,636 - INFO: Training ROC-AUC: 0.903704
2025-01-28 17:03:00,636 - INFO: Validation ROC-AUC: 0.717402
2025-01-28 17:03:08,954 - INFO: Evaluating at iteration 4885
2025-01-28 17:03:09,218 - INFO: Loss: 0.187566
2025-01-28 17:03:09,219 - INFO: Training ROC-AUC: 0.873563
2025-01-28 17:03:09,219 - INFO: Validation ROC-AUC: 0.733857
2025-01-28 17:03:17,483 - INFO: Evaluating at iteration 5385
2025-01-28 17:03:17,749 - INFO: Loss: 0.204762
2025-01-28 17:03:17,750 - INFO: Training ROC-AUC: 0.881481
2025-01-28 17:03:17,750 - INFO: Validation ROC-AUC: 0.751374
2025-01-28 17:03:26,060 - INFO: Evaluating at iteration 5885
2025-01-28 17:03:26,324 - INFO: Loss: 0.108219
2025-01-28 17:03:26,325 - INFO: Training ROC-AUC: 1.000000
2025-01-28 17:03:26,325 - INFO: Validation ROC-AUC: 0.760383
2025-01-28 17:03:34,594 - INFO: Evaluating at iteration 6385
2025-01-28 17:03:34,870 - INFO: Loss: 0.204458
2025-01-28 17:03:34,870 - INFO: Training ROC-AUC: 0.985185
2025-01-28 17:03:34,870 - INFO: Validation ROC-AUC: 0.737108
2025-01-28 17:03:38,018 - INFO: Starting epoch 4
2025-01-28 17:03:38,039 - INFO: Evaluating at iteration 6577
2025-01-28 17:03:38,305 - INFO: Loss: 0.178351
2025-01-28 17:03:38,305 - INFO: Training ROC-AUC: 0.931034
2025-01-28 17:03:38,305 - INFO: Validation ROC-AUC: 0.740942
2025-01-28 17:03:46,510 - INFO: Evaluating at iteration 7077
2025-01-28 17:03:46,747 - INFO: Loss: 0.390131
2025-01-28 17:03:46,747 - INFO: Training ROC-AUC: 0.828571
2025-01-28 17:03:46,747 - INFO: Validation ROC-AUC: 0.771549
2025-01-28 17:03:54,780 - INFO: Evaluating at iteration 7577
2025-01-28 17:03:55,017 - INFO: Loss: 0.142553
2025-01-28 17:03:55,017 - INFO: Training ROC-AUC: 0.977011
2025-01-28 17:03:55,017 - INFO: Validation ROC-AUC: 0.728324
2025-01-28 17:04:03,230 - INFO: Evaluating at iteration 8077
2025-01-28 17:04:03,498 - INFO: Loss: 0.327734
2025-01-28 17:04:03,498 - INFO: Training ROC-AUC: 0.826923
2025-01-28 17:04:03,498 - INFO: Validation ROC-AUC: 0.755111
2025-01-28 17:04:11,795 - INFO: Evaluating at iteration 8577
2025-01-28 17:04:12,060 - INFO: Loss: 0.241360
2025-01-28 17:04:12,060 - INFO: Training ROC-AUC: 0.850575
2025-01-28 17:04:12,060 - INFO: Validation ROC-AUC: 0.733123
2025-01-28 17:04:15,288 - INFO: Starting epoch 5
2025-01-28 17:04:15,309 - INFO: Evaluating at iteration 8769
2025-01-28 17:04:15,571 - INFO: Loss: 0.133464
2025-01-28 17:04:15,571 - INFO: Training ROC-AUC: 0.992593
2025-01-28 17:04:15,571 - INFO: Validation ROC-AUC: 0.738617
2025-01-28 17:04:23,763 - INFO: Evaluating at iteration 9269
2025-01-28 17:04:24,027 - INFO: Loss: 0.254141
2025-01-28 17:04:24,027 - INFO: Training ROC-AUC: 0.990338
2025-01-28 17:04:24,027 - INFO: Validation ROC-AUC: 0.745622
2025-01-28 17:04:32,296 - INFO: Evaluating at iteration 9769
2025-01-28 17:04:32,560 - INFO: Loss: 0.185985
2025-01-28 17:04:32,560 - INFO: Training ROC-AUC: 0.970370
2025-01-28 17:04:32,560 - INFO: Validation ROC-AUC: 0.744694
2025-01-28 17:04:41,253 - INFO: Evaluating at iteration 10269
2025-01-28 17:04:41,551 - INFO: Loss: 0.182140
2025-01-28 17:04:41,551 - INFO: Training ROC-AUC: 0.964286
2025-01-28 17:04:41,551 - INFO: Validation ROC-AUC: 0.728299
2025-01-28 17:04:51,163 - INFO: Evaluating at iteration 10769
2025-01-28 17:04:51,446 - INFO: Loss: 0.299069
2025-01-28 17:04:51,446 - INFO: Training ROC-AUC: 0.885714
2025-01-28 17:04:51,446 - INFO: Validation ROC-AUC: 0.764240
2025-01-28 17:04:54,814 - INFO: Starting epoch 6
2025-01-28 17:04:54,835 - INFO: Evaluating at iteration 10961
2025-01-28 17:04:55,100 - INFO: Loss: 0.453305
2025-01-28 17:04:55,100 - INFO: Training ROC-AUC: 0.805714
2025-01-28 17:04:55,100 - INFO: Validation ROC-AUC: 0.747407
2025-01-28 17:05:03,344 - INFO: Evaluating at iteration 11461
2025-01-28 17:05:03,608 - INFO: Loss: 0.235123
2025-01-28 17:05:03,608 - INFO: Training ROC-AUC: 0.925926
2025-01-28 17:05:03,608 - INFO: Validation ROC-AUC: 0.737660
2025-01-28 17:05:11,945 - INFO: Evaluating at iteration 11961
2025-01-28 17:05:12,207 - INFO: Loss: 0.211108
2025-01-28 17:05:12,207 - INFO: Training ROC-AUC: 0.885057
2025-01-28 17:05:12,207 - INFO: Validation ROC-AUC: 0.734962
2025-01-28 17:05:20,570 - INFO: Evaluating at iteration 12461
2025-01-28 17:05:20,832 - INFO: Loss: 0.232468
2025-01-28 17:05:20,832 - INFO: Training ROC-AUC: 0.916667
2025-01-28 17:05:20,832 - INFO: Validation ROC-AUC: 0.739899
2025-01-28 17:05:29,111 - INFO: Evaluating at iteration 12961
2025-01-28 17:05:29,375 - INFO: Loss: 0.256352
2025-01-28 17:05:29,376 - INFO: Training ROC-AUC: 0.958333
2025-01-28 17:05:29,376 - INFO: Validation ROC-AUC: 0.722180
2025-01-28 17:05:32,411 - INFO: Starting epoch 7
2025-01-28 17:05:32,432 - INFO: Evaluating at iteration 13153
2025-01-28 17:05:32,694 - INFO: Loss: 0.265212
2025-01-28 17:05:32,694 - INFO: Training ROC-AUC: 0.881481
2025-01-28 17:05:32,694 - INFO: Validation ROC-AUC: 0.742674
2025-01-28 17:05:40,957 - INFO: Evaluating at iteration 13653
2025-01-28 17:05:41,221 - INFO: Loss: 0.137582
2025-01-28 17:05:41,222 - INFO: Training ROC-AUC: 1.000000
2025-01-28 17:05:41,222 - INFO: Validation ROC-AUC: 0.757922
2025-01-28 17:05:49,484 - INFO: Evaluating at iteration 14153
2025-01-28 17:05:49,748 - INFO: Loss: 0.094906
2025-01-28 17:05:49,748 - INFO: Training ROC-AUC: 1.000000
2025-01-28 17:05:49,748 - INFO: Validation ROC-AUC: 0.722326
2025-01-28 17:05:58,035 - INFO: Evaluating at iteration 14653
2025-01-28 17:05:58,298 - INFO: Loss: 0.246252
2025-01-28 17:05:58,298 - INFO: Training ROC-AUC: 0.984375
2025-01-28 17:05:58,298 - INFO: Validation ROC-AUC: 0.740924
2025-01-28 17:06:06,528 - INFO: Evaluating at iteration 15153
2025-01-28 17:06:06,792 - INFO: Loss: 0.093942
2025-01-28 17:06:06,792 - INFO: Training ROC-AUC: 1.000000
2025-01-28 17:06:06,792 - INFO: Validation ROC-AUC: 0.724447
2025-01-28 17:06:09,820 - INFO: Starting epoch 8
2025-01-28 17:06:09,841 - INFO: Evaluating at iteration 15345
2025-01-28 17:06:10,105 - INFO: Loss: 0.125597
2025-01-28 17:06:10,105 - INFO: Training ROC-AUC: 1.000000
2025-01-28 17:06:10,105 - INFO: Validation ROC-AUC: 0.768124
2025-01-28 17:06:18,377 - INFO: Evaluating at iteration 15845
2025-01-28 17:06:18,642 - INFO: Loss: 0.199002
2025-01-28 17:06:18,642 - INFO: Training ROC-AUC: 0.965714
2025-01-28 17:06:18,642 - INFO: Validation ROC-AUC: 0.738585
2025-01-28 17:06:26,853 - INFO: Evaluating at iteration 16345
2025-01-28 17:06:27,118 - INFO: Loss: 0.225694
2025-01-28 17:06:27,119 - INFO: Training ROC-AUC: 0.942308
2025-01-28 17:06:27,119 - INFO: Validation ROC-AUC: 0.749132
2025-01-28 17:06:35,385 - INFO: Evaluating at iteration 16845
2025-01-28 17:06:35,663 - INFO: Loss: 0.284291
2025-01-28 17:06:35,663 - INFO: Training ROC-AUC: 0.911458
2025-01-28 17:06:35,663 - INFO: Validation ROC-AUC: 0.738631
2025-01-28 17:06:43,954 - INFO: Evaluating at iteration 17345
2025-01-28 17:06:44,205 - INFO: Loss: 0.209174
2025-01-28 17:06:44,205 - INFO: Training ROC-AUC: 0.925926
2025-01-28 17:06:44,205 - INFO: Validation ROC-AUC: 0.733400
2025-01-28 17:06:47,415 - INFO: Starting epoch 9
2025-01-28 17:06:47,436 - INFO: Evaluating at iteration 17537
2025-01-28 17:06:47,682 - INFO: Loss: 0.090121
2025-01-28 17:06:47,682 - INFO: Training ROC-AUC: 1.000000
2025-01-28 17:06:47,682 - INFO: Validation ROC-AUC: 0.746117
2025-01-28 17:06:55,774 - INFO: Evaluating at iteration 18037
2025-01-28 17:06:56,038 - INFO: Loss: 0.148493
2025-01-28 17:06:56,038 - INFO: Training ROC-AUC: 1.000000
2025-01-28 17:06:56,038 - INFO: Validation ROC-AUC: 0.741378
2025-01-28 17:07:04,225 - INFO: Evaluating at iteration 18537
2025-01-28 17:07:04,484 - INFO: Loss: 0.259482
2025-01-28 17:07:04,484 - INFO: Training ROC-AUC: 0.903704
2025-01-28 17:07:04,484 - INFO: Validation ROC-AUC: 0.722805
2025-01-28 17:07:13,401 - INFO: Evaluating at iteration 19037
2025-01-28 17:07:13,668 - INFO: Loss: 0.385265
2025-01-28 17:07:13,668 - INFO: Training ROC-AUC: 0.921875
2025-01-28 17:07:13,668 - INFO: Validation ROC-AUC: 0.720402
2025-01-28 17:07:22,763 - INFO: Evaluating at iteration 19537
2025-01-28 17:07:23,030 - INFO: Loss: 0.157652
2025-01-28 17:07:23,030 - INFO: Training ROC-AUC: 0.954023
2025-01-28 17:07:23,030 - INFO: Validation ROC-AUC: 0.745644
2025-01-28 17:07:26,522 - INFO: Starting epoch 10
2025-01-28 17:07:26,544 - INFO: Evaluating at iteration 19729
2025-01-28 17:07:26,811 - INFO: Loss: 0.207077
2025-01-28 17:07:26,811 - INFO: Training ROC-AUC: 0.990338
2025-01-28 17:07:26,811 - INFO: Validation ROC-AUC: 0.755851
2025-01-28 17:07:35,924 - INFO: Evaluating at iteration 20229
2025-01-28 17:07:36,189 - INFO: Loss: 0.155244
2025-01-28 17:07:36,189 - INFO: Training ROC-AUC: 0.961538
2025-01-28 17:07:36,189 - INFO: Validation ROC-AUC: 0.742589
2025-01-28 17:07:45,290 - INFO: Evaluating at iteration 20729
2025-01-28 17:07:45,553 - INFO: Loss: 0.172960
2025-01-28 17:07:45,553 - INFO: Training ROC-AUC: 0.919540
2025-01-28 17:07:45,553 - INFO: Validation ROC-AUC: 0.727174
2025-01-28 17:07:54,694 - INFO: Evaluating at iteration 21229
2025-01-28 17:07:54,960 - INFO: Loss: 0.112394
2025-01-28 17:07:54,961 - INFO: Training ROC-AUC: 0.992593
2025-01-28 17:07:54,961 - INFO: Validation ROC-AUC: 0.738858
2025-01-28 17:08:04,080 - INFO: Evaluating at iteration 21729
2025-01-28 17:08:04,346 - INFO: Loss: 0.327688
2025-01-28 17:08:04,346 - INFO: Training ROC-AUC: 0.958333
2025-01-28 17:08:04,346 - INFO: Validation ROC-AUC: 0.734355
2025-01-28 17:08:07,853 - INFO: Starting epoch 11
2025-01-28 17:08:07,877 - INFO: Evaluating at iteration 21921
2025-01-28 17:08:08,140 - INFO: Loss: 0.126737
2025-01-28 17:08:08,140 - INFO: Training ROC-AUC: 0.991071
2025-01-28 17:08:08,140 - INFO: Validation ROC-AUC: 0.737009
2025-01-28 17:08:17,291 - INFO: Evaluating at iteration 22421
2025-01-28 17:08:17,557 - INFO: Loss: 0.098706
2025-01-28 17:08:17,558 - INFO: Training ROC-AUC: 0.983333
2025-01-28 17:08:17,558 - INFO: Validation ROC-AUC: 0.730565
2025-01-28 17:08:26,664 - INFO: Evaluating at iteration 22921
2025-01-28 17:08:26,930 - INFO: Loss: 0.077083
2025-01-28 17:08:26,930 - INFO: Training ROC-AUC: 0.988506
2025-01-28 17:08:26,930 - INFO: Validation ROC-AUC: 0.736375
2025-01-28 17:08:36,076 - INFO: Evaluating at iteration 23421
2025-01-28 17:08:36,341 - INFO: Loss: 0.240662
2025-01-28 17:08:36,341 - INFO: Training ROC-AUC: 0.947917
2025-01-28 17:08:36,341 - INFO: Validation ROC-AUC: 0.755141
2025-01-28 17:08:45,438 - INFO: Evaluating at iteration 23921
2025-01-28 17:08:45,709 - INFO: Loss: 0.085728
2025-01-28 17:08:45,709 - INFO: Training ROC-AUC: 1.000000
2025-01-28 17:08:45,709 - INFO: Validation ROC-AUC: 0.736861
2025-01-28 17:08:49,210 - INFO: Starting epoch 12
2025-01-28 17:08:49,233 - INFO: Evaluating at iteration 24113
2025-01-28 17:08:49,498 - INFO: Loss: 0.081647
2025-01-28 17:08:49,498 - INFO: Training ROC-AUC: 1.000000
2025-01-28 17:08:49,498 - INFO: Validation ROC-AUC: 0.732021
2025-01-28 17:08:58,617 - INFO: Evaluating at iteration 24613
2025-01-28 17:08:58,886 - INFO: Loss: 0.243466
2025-01-28 17:08:58,886 - INFO: Training ROC-AUC: 0.973958
2025-01-28 17:08:58,886 - INFO: Validation ROC-AUC: 0.746325
2025-01-28 17:09:08,005 - INFO: Evaluating at iteration 25113
2025-01-28 17:09:08,273 - INFO: Loss: 0.172175
2025-01-28 17:09:08,273 - INFO: Training ROC-AUC: 0.979167
2025-01-28 17:09:08,273 - INFO: Validation ROC-AUC: 0.750124
2025-01-28 17:09:17,400 - INFO: Evaluating at iteration 25613
2025-01-28 17:09:17,667 - INFO: Loss: 0.115005
2025-01-28 17:09:17,667 - INFO: Training ROC-AUC: 0.984375
2025-01-28 17:09:17,667 - INFO: Validation ROC-AUC: 0.743760
2025-01-28 17:09:26,478 - INFO: Evaluating at iteration 26113
2025-01-28 17:09:26,738 - INFO: Loss: 0.254212
2025-01-28 17:09:26,738 - INFO: Training ROC-AUC: 0.896296
2025-01-28 17:09:26,738 - INFO: Validation ROC-AUC: 0.732973
2025-01-28 17:09:29,872 - INFO: Starting epoch 13
2025-01-28 17:09:29,893 - INFO: Evaluating at iteration 26305
2025-01-28 17:09:30,153 - INFO: Loss: 0.197102
2025-01-28 17:09:30,153 - INFO: Training ROC-AUC: 0.885057
2025-01-28 17:09:30,153 - INFO: Validation ROC-AUC: 0.747152
2025-01-28 17:09:38,354 - INFO: Evaluating at iteration 26805
2025-01-28 17:09:38,611 - INFO: Loss: 0.194227
2025-01-28 17:09:38,612 - INFO: Training ROC-AUC: 0.987179
2025-01-28 17:09:38,612 - INFO: Validation ROC-AUC: 0.739816
2025-01-28 17:09:46,758 - INFO: Evaluating at iteration 27305
2025-01-28 17:09:47,018 - INFO: Loss: 0.110338
2025-01-28 17:09:47,018 - INFO: Training ROC-AUC: 1.000000
2025-01-28 17:09:47,018 - INFO: Validation ROC-AUC: 0.741424
2025-01-28 17:09:55,220 - INFO: Evaluating at iteration 27805
2025-01-28 17:09:55,482 - INFO: Loss: 0.140375
2025-01-28 17:09:55,482 - INFO: Training ROC-AUC: 0.946429
2025-01-28 17:09:55,482 - INFO: Validation ROC-AUC: 0.729087
2025-01-28 17:10:03,683 - INFO: Evaluating at iteration 28305
2025-01-28 17:10:03,944 - INFO: Loss: 0.357833
2025-01-28 17:10:03,945 - INFO: Training ROC-AUC: 0.891429
2025-01-28 17:10:03,945 - INFO: Validation ROC-AUC: 0.750752
2025-01-28 17:10:07,102 - INFO: Starting epoch 14
2025-01-28 17:10:07,122 - INFO: Evaluating at iteration 28497
2025-01-28 17:10:07,382 - INFO: Loss: 0.102617
2025-01-28 17:10:07,382 - INFO: Training ROC-AUC: 1.000000
2025-01-28 17:10:07,382 - INFO: Validation ROC-AUC: 0.738607
2025-01-28 17:10:15,605 - INFO: Evaluating at iteration 28997
2025-01-28 17:10:15,864 - INFO: Loss: 0.163088
2025-01-28 17:10:15,864 - INFO: Training ROC-AUC: 0.991071
2025-01-28 17:10:15,864 - INFO: Validation ROC-AUC: 0.744554
2025-01-28 17:10:24,046 - INFO: Evaluating at iteration 29497
2025-01-28 17:10:24,306 - INFO: Loss: 0.112306
2025-01-28 17:10:24,307 - INFO: Training ROC-AUC: 0.977011
2025-01-28 17:10:24,307 - INFO: Validation ROC-AUC: 0.750164
2025-01-28 17:10:33,065 - INFO: Evaluating at iteration 29997
2025-01-28 17:10:33,330 - INFO: Loss: 0.195484
2025-01-28 17:10:33,331 - INFO: Training ROC-AUC: 0.961538
2025-01-28 17:10:33,331 - INFO: Validation ROC-AUC: 0.731417
2025-01-28 17:10:42,463 - INFO: Evaluating at iteration 30497
2025-01-28 17:10:42,731 - INFO: Loss: 0.114942
2025-01-28 17:10:42,731 - INFO: Training ROC-AUC: 0.982143
2025-01-28 17:10:42,731 - INFO: Validation ROC-AUC: 0.734870
2025-01-28 17:10:46,248 - INFO: Starting epoch 15
2025-01-28 17:10:46,269 - INFO: Evaluating at iteration 30689
2025-01-28 17:10:46,534 - INFO: Loss: 0.048611
2025-01-28 17:10:46,534 - INFO: Training ROC-AUC: 1.000000
2025-01-28 17:10:46,534 - INFO: Validation ROC-AUC: 0.723891
2025-01-28 17:10:55,689 - INFO: Evaluating at iteration 31189
2025-01-28 17:10:55,955 - INFO: Loss: 0.162419
2025-01-28 17:10:55,955 - INFO: Training ROC-AUC: 0.964286
2025-01-28 17:10:55,955 - INFO: Validation ROC-AUC: 0.726328
2025-01-28 17:11:05,079 - INFO: Evaluating at iteration 31689
2025-01-28 17:11:05,348 - INFO: Loss: 0.099146
2025-01-28 17:11:05,348 - INFO: Training ROC-AUC: 0.988506
2025-01-28 17:11:05,348 - INFO: Validation ROC-AUC: 0.728405
2025-01-28 17:11:14,471 - INFO: Evaluating at iteration 32189
2025-01-28 17:11:14,737 - INFO: Loss: 0.151019
2025-01-28 17:11:14,737 - INFO: Training ROC-AUC: 0.977778
2025-01-28 17:11:14,737 - INFO: Validation ROC-AUC: 0.733809
2025-01-28 17:11:23,836 - INFO: Evaluating at iteration 32689
2025-01-28 17:11:24,104 - INFO: Loss: 0.069124
2025-01-28 17:11:24,104 - INFO: Training ROC-AUC: 1.000000
2025-01-28 17:11:24,104 - INFO: Validation ROC-AUC: 0.726506
2025-01-28 17:11:27,624 - INFO: Starting epoch 16
2025-01-28 17:11:27,646 - INFO: Evaluating at iteration 32881
2025-01-28 17:11:27,913 - INFO: Loss: 0.053860
2025-01-28 17:11:27,913 - INFO: Training ROC-AUC: 1.000000
2025-01-28 17:11:27,913 - INFO: Validation ROC-AUC: 0.721916
2025-01-28 17:11:36,373 - INFO: Evaluating at iteration 33381
2025-01-28 17:11:36,632 - INFO: Loss: 0.085352
2025-01-28 17:11:36,632 - INFO: Training ROC-AUC: 0.993590
2025-01-28 17:11:36,633 - INFO: Validation ROC-AUC: 0.718480
2025-01-28 17:11:44,819 - INFO: Evaluating at iteration 33881
2025-01-28 17:11:45,078 - INFO: Loss: 0.197578
2025-01-28 17:11:45,078 - INFO: Training ROC-AUC: 0.942308
2025-01-28 17:11:45,078 - INFO: Validation ROC-AUC: 0.721608
2025-01-28 17:11:53,304 - INFO: Evaluating at iteration 34381
2025-01-28 17:11:53,562 - INFO: Loss: 0.084047
2025-01-28 17:11:53,563 - INFO: Training ROC-AUC: 0.988506
2025-01-28 17:11:53,563 - INFO: Validation ROC-AUC: 0.732561
2025-01-28 17:12:01,740 - INFO: Evaluating at iteration 34881
2025-01-28 17:12:02,000 - INFO: Loss: 0.040003
2025-01-28 17:12:02,000 - INFO: Training ROC-AUC: 1.000000
2025-01-28 17:12:02,000 - INFO: Validation ROC-AUC: 0.737883
2025-01-28 17:12:05,156 - INFO: Starting epoch 17
2025-01-28 17:12:05,176 - INFO: Evaluating at iteration 35073
2025-01-28 17:12:05,433 - INFO: Loss: 0.108096
2025-01-28 17:12:05,433 - INFO: Training ROC-AUC: 0.992593
2025-01-28 17:12:05,434 - INFO: Validation ROC-AUC: 0.738638
2025-01-28 17:12:13,658 - INFO: Evaluating at iteration 35573
2025-01-28 17:12:13,917 - INFO: Loss: 0.063537
2025-01-28 17:12:13,918 - INFO: Training ROC-AUC: 0.992593
2025-01-28 17:12:13,918 - INFO: Validation ROC-AUC: 0.732558
2025-01-28 17:12:22,112 - INFO: Evaluating at iteration 36073
2025-01-28 17:12:22,371 - INFO: Loss: 0.025716
2025-01-28 17:12:22,371 - INFO: Training ROC-AUC: 1.000000
2025-01-28 17:12:22,371 - INFO: Validation ROC-AUC: 0.725309
2025-01-28 17:12:30,576 - INFO: Evaluating at iteration 36573
2025-01-28 17:12:30,837 - INFO: Loss: 0.110734
2025-01-28 17:12:30,837 - INFO: Training ROC-AUC: 0.965517
2025-01-28 17:12:30,837 - INFO: Validation ROC-AUC: 0.719266
2025-01-28 17:12:38,987 - INFO: Evaluating at iteration 37073
2025-01-28 17:12:39,249 - INFO: Loss: 0.085450
2025-01-28 17:12:39,249 - INFO: Training ROC-AUC: 1.000000
2025-01-28 17:12:39,250 - INFO: Validation ROC-AUC: 0.730158
2025-01-28 17:12:42,398 - INFO: Starting epoch 18
2025-01-28 17:12:42,418 - INFO: Evaluating at iteration 37265
2025-01-28 17:12:42,674 - INFO: Loss: 0.039438
2025-01-28 17:12:42,674 - INFO: Training ROC-AUC: 1.000000
2025-01-28 17:12:42,675 - INFO: Validation ROC-AUC: 0.738587
2025-01-28 17:12:50,875 - INFO: Evaluating at iteration 37765
2025-01-28 17:12:51,133 - INFO: Loss: 0.045494
2025-01-28 17:12:51,133 - INFO: Training ROC-AUC: 1.000000
2025-01-28 17:12:51,133 - INFO: Validation ROC-AUC: 0.723971
2025-01-28 17:12:59,285 - INFO: Evaluating at iteration 38265
2025-01-28 17:12:59,546 - INFO: Loss: 0.116877
2025-01-28 17:12:59,546 - INFO: Training ROC-AUC: 1.000000
2025-01-28 17:12:59,546 - INFO: Validation ROC-AUC: 0.731347
2025-01-28 17:13:07,758 - INFO: Evaluating at iteration 38765
2025-01-28 17:13:08,016 - INFO: Loss: 0.029526
2025-01-28 17:13:08,016 - INFO: Training ROC-AUC: 1.000000
2025-01-28 17:13:08,016 - INFO: Validation ROC-AUC: 0.736123
2025-01-28 17:13:16,218 - INFO: Evaluating at iteration 39265
2025-01-28 17:13:16,475 - INFO: Loss: 0.101246
2025-01-28 17:13:16,475 - INFO: Training ROC-AUC: 0.991071
2025-01-28 17:13:16,475 - INFO: Validation ROC-AUC: 0.733064
2025-01-28 17:13:19,632 - INFO: Starting epoch 19
2025-01-28 17:13:19,652 - INFO: Evaluating at iteration 39457
2025-01-28 17:13:19,908 - INFO: Loss: 0.028307
2025-01-28 17:13:19,909 - INFO: Training ROC-AUC: 1.000000
2025-01-28 17:13:19,909 - INFO: Validation ROC-AUC: 0.723675
2025-01-28 17:13:28,091 - INFO: Evaluating at iteration 39957
2025-01-28 17:13:28,345 - INFO: Loss: 0.045452
2025-01-28 17:13:28,345 - INFO: Training ROC-AUC: 1.000000
2025-01-28 17:13:28,345 - INFO: Validation ROC-AUC: 0.728826
2025-01-28 17:13:37,102 - INFO: Evaluating at iteration 40457
2025-01-28 17:13:37,370 - INFO: Loss: 0.019458
2025-01-28 17:13:37,371 - INFO: Training ROC-AUC: 1.000000
2025-01-28 17:13:37,371 - INFO: Validation ROC-AUC: 0.739813
2025-01-28 17:13:46,170 - INFO: Evaluating at iteration 40957
2025-01-28 17:13:46,438 - INFO: Loss: 0.093822
2025-01-28 17:13:46,438 - INFO: Training ROC-AUC: 0.988506
2025-01-28 17:13:46,438 - INFO: Validation ROC-AUC: 0.742795
2025-01-28 17:13:55,525 - INFO: Evaluating at iteration 41457
2025-01-28 17:13:55,791 - INFO: Loss: 0.083595
2025-01-28 17:13:55,791 - INFO: Training ROC-AUC: 1.000000
2025-01-28 17:13:55,791 - INFO: Validation ROC-AUC: 0.720898
2025-01-28 17:13:59,122 - INFO: Starting epoch 20
2025-01-28 17:13:59,143 - INFO: Evaluating at iteration 41649
2025-01-28 17:13:59,405 - INFO: Loss: 0.054081
2025-01-28 17:13:59,405 - INFO: Training ROC-AUC: 1.000000
2025-01-28 17:13:59,405 - INFO: Validation ROC-AUC: 0.734137
2025-01-28 17:14:08,582 - INFO: Evaluating at iteration 42149
2025-01-28 17:14:08,851 - INFO: Loss: 0.055008
2025-01-28 17:14:08,851 - INFO: Training ROC-AUC: 1.000000
2025-01-28 17:14:08,851 - INFO: Validation ROC-AUC: 0.731627
2025-01-28 17:14:17,980 - INFO: Evaluating at iteration 42649
2025-01-28 17:14:18,250 - INFO: Loss: 0.014519
2025-01-28 17:14:18,250 - INFO: Training ROC-AUC: 1.000000
2025-01-28 17:14:18,250 - INFO: Validation ROC-AUC: 0.738458
2025-01-28 17:14:27,390 - INFO: Evaluating at iteration 43149
2025-01-28 17:14:27,659 - INFO: Loss: 0.071820
2025-01-28 17:14:27,659 - INFO: Training ROC-AUC: 1.000000
2025-01-28 17:14:27,659 - INFO: Validation ROC-AUC: 0.720800
2025-01-28 17:14:36,763 - INFO: Evaluating at iteration 43649
2025-01-28 17:14:37,032 - INFO: Loss: 0.099810
2025-01-28 17:14:37,032 - INFO: Training ROC-AUC: 0.966667
2025-01-28 17:14:37,032 - INFO: Validation ROC-AUC: 0.735195
2025-01-28 17:14:40,535 - INFO: Starting epoch 21
2025-01-28 17:14:40,558 - INFO: Evaluating at iteration 43841
2025-01-28 17:14:40,839 - INFO: Loss: 0.055906
2025-01-28 17:14:40,840 - INFO: Training ROC-AUC: 1.000000
2025-01-28 17:14:40,840 - INFO: Validation ROC-AUC: 0.733599
2025-01-28 17:14:49,863 - INFO: Evaluating at iteration 44341
2025-01-28 17:14:50,131 - INFO: Loss: 0.032561
2025-01-28 17:14:50,131 - INFO: Training ROC-AUC: 1.000000
2025-01-28 17:14:50,131 - INFO: Validation ROC-AUC: 0.746878
2025-01-28 17:14:59,258 - INFO: Evaluating at iteration 44841
2025-01-28 17:14:59,528 - INFO: Loss: 0.087489
2025-01-28 17:14:59,529 - INFO: Training ROC-AUC: 1.000000
2025-01-28 17:14:59,529 - INFO: Validation ROC-AUC: 0.730790
2025-01-28 17:15:07,876 - INFO: Evaluating at iteration 45341
2025-01-28 17:15:08,139 - INFO: Loss: 0.061685
2025-01-28 17:15:08,140 - INFO: Training ROC-AUC: 1.000000
2025-01-28 17:15:08,140 - INFO: Validation ROC-AUC: 0.726294
2025-01-28 17:15:16,133 - INFO: Evaluating at iteration 45841
2025-01-28 17:15:16,394 - INFO: Loss: 0.089161
2025-01-28 17:15:16,395 - INFO: Training ROC-AUC: 0.987179
2025-01-28 17:15:16,395 - INFO: Validation ROC-AUC: 0.723876
2025-01-28 17:15:19,569 - INFO: Starting epoch 22
2025-01-28 17:15:19,590 - INFO: Evaluating at iteration 46033
2025-01-28 17:15:19,849 - INFO: Loss: 0.028962
2025-01-28 17:15:19,849 - INFO: Training ROC-AUC: 1.000000
2025-01-28 17:15:19,849 - INFO: Validation ROC-AUC: 0.722012
2025-01-28 17:15:28,070 - INFO: Evaluating at iteration 46533
2025-01-28 17:15:28,330 - INFO: Loss: 0.073919
2025-01-28 17:15:28,331 - INFO: Training ROC-AUC: 1.000000
2025-01-28 17:15:28,331 - INFO: Validation ROC-AUC: 0.719358
2025-01-28 17:15:36,544 - INFO: Evaluating at iteration 47033
2025-01-28 17:15:36,807 - INFO: Loss: 0.032529
2025-01-28 17:15:36,808 - INFO: Training ROC-AUC: 1.000000
2025-01-28 17:15:36,808 - INFO: Validation ROC-AUC: 0.715427
2025-01-28 17:15:45,216 - INFO: Evaluating at iteration 47533
2025-01-28 17:15:45,475 - INFO: Loss: 0.028330
2025-01-28 17:15:45,475 - INFO: Training ROC-AUC: 1.000000
2025-01-28 17:15:45,475 - INFO: Validation ROC-AUC: 0.725465
2025-01-28 17:15:54,446 - INFO: Evaluating at iteration 48033
2025-01-28 17:15:54,712 - INFO: Loss: 0.025083
2025-01-28 17:15:54,712 - INFO: Training ROC-AUC: 1.000000
2025-01-28 17:15:54,712 - INFO: Validation ROC-AUC: 0.732403
2025-01-28 17:15:58,211 - INFO: Starting epoch 23
2025-01-28 17:15:58,235 - INFO: Evaluating at iteration 48225
2025-01-28 17:15:58,500 - INFO: Loss: 0.032617
2025-01-28 17:15:58,500 - INFO: Training ROC-AUC: 1.000000
2025-01-28 17:15:58,500 - INFO: Validation ROC-AUC: 0.721450
2025-01-28 17:16:06,981 - INFO: Evaluating at iteration 48725
2025-01-28 17:16:07,241 - INFO: Loss: 0.034798
2025-01-28 17:16:07,241 - INFO: Training ROC-AUC: 1.000000
2025-01-28 17:16:07,241 - INFO: Validation ROC-AUC: 0.731086
2025-01-28 17:16:15,900 - INFO: Evaluating at iteration 49225
2025-01-28 17:16:16,162 - INFO: Loss: 0.030563
2025-01-28 17:16:16,163 - INFO: Training ROC-AUC: 1.000000
2025-01-28 17:16:16,163 - INFO: Validation ROC-AUC: 0.729281
2025-01-28 17:16:24,496 - INFO: Evaluating at iteration 49725
2025-01-28 17:16:24,758 - INFO: Loss: 0.102398
2025-01-28 17:16:24,758 - INFO: Training ROC-AUC: 0.992593
2025-01-28 17:16:24,758 - INFO: Validation ROC-AUC: 0.733838
2025-01-28 17:16:33,436 - INFO: Evaluating at iteration 50225
2025-01-28 17:16:33,695 - INFO: Loss: 0.053243
2025-01-28 17:16:33,696 - INFO: Training ROC-AUC: 1.000000
2025-01-28 17:16:33,696 - INFO: Validation ROC-AUC: 0.730968
2025-01-28 17:16:36,852 - INFO: Starting epoch 24
2025-01-28 17:16:36,874 - INFO: Evaluating at iteration 50417
2025-01-28 17:16:37,133 - INFO: Loss: 0.038464
2025-01-28 17:16:37,134 - INFO: Training ROC-AUC: 1.000000
2025-01-28 17:16:37,134 - INFO: Validation ROC-AUC: 0.713286
2025-01-28 17:16:45,425 - INFO: Evaluating at iteration 50917
2025-01-28 17:16:45,682 - INFO: Loss: 0.113639
2025-01-28 17:16:45,682 - INFO: Training ROC-AUC: 1.000000
2025-01-28 17:16:45,682 - INFO: Validation ROC-AUC: 0.723567
2025-01-28 17:16:53,855 - INFO: Evaluating at iteration 51417
2025-01-28 17:16:54,115 - INFO: Loss: 0.018518
2025-01-28 17:16:54,115 - INFO: Training ROC-AUC: 1.000000
2025-01-28 17:16:54,115 - INFO: Validation ROC-AUC: 0.715117
2025-01-28 17:17:02,625 - INFO: Evaluating at iteration 51917
2025-01-28 17:17:02,884 - INFO: Loss: 0.048187
2025-01-28 17:17:02,884 - INFO: Training ROC-AUC: 1.000000
2025-01-28 17:17:02,884 - INFO: Validation ROC-AUC: 0.723606
2025-01-28 17:17:10,953 - INFO: Evaluating at iteration 52417
2025-01-28 17:17:11,207 - INFO: Loss: 0.034033
2025-01-28 17:17:11,207 - INFO: Training ROC-AUC: 1.000000
2025-01-28 17:17:11,207 - INFO: Validation ROC-AUC: 0.722540
2025-01-28 17:17:14,392 - INFO: Starting epoch 25
2025-01-28 17:17:14,413 - INFO: Evaluating at iteration 52609
2025-01-28 17:17:14,665 - INFO: Loss: 0.009091
2025-01-28 17:17:14,665 - INFO: Training ROC-AUC: 1.000000
2025-01-28 17:17:14,665 - INFO: Validation ROC-AUC: 0.724768
2025-01-28 17:17:23,534 - INFO: Evaluating at iteration 53109
2025-01-28 17:17:23,807 - INFO: Loss: 0.028922
2025-01-28 17:17:23,807 - INFO: Training ROC-AUC: 1.000000
2025-01-28 17:17:23,807 - INFO: Validation ROC-AUC: 0.717831
2025-01-28 17:17:32,505 - INFO: Evaluating at iteration 53609
2025-01-28 17:17:32,774 - INFO: Loss: 0.029189
2025-01-28 17:17:32,774 - INFO: Training ROC-AUC: 1.000000
2025-01-28 17:17:32,774 - INFO: Validation ROC-AUC: 0.730118
2025-01-28 17:17:41,604 - INFO: Evaluating at iteration 54109
2025-01-28 17:17:41,871 - INFO: Loss: 0.009275
2025-01-28 17:17:41,871 - INFO: Training ROC-AUC: 1.000000
2025-01-28 17:17:41,871 - INFO: Validation ROC-AUC: 0.712130
2025-01-28 17:17:50,773 - INFO: Evaluating at iteration 54609
2025-01-28 17:17:51,038 - INFO: Loss: 0.008081
2025-01-28 17:17:51,038 - INFO: Training ROC-AUC: 1.000000
2025-01-28 17:17:51,038 - INFO: Validation ROC-AUC: 0.716402
2025-01-28 17:17:54,551 - INFO: Saving model to models/TCRContactMapPredictor_sequence_only/model_5.pt
