2026-01-08 15:02:31,718 - INFO: Parameter: training_data='data/processed/sequences_pMHC_split.h5'
2026-01-08 15:02:31,719 - INFO: Parameter: contact_maps='data/processed/contact_maps.h5'
2026-01-08 15:02:31,719 - INFO: Parameter: output='models/TCRStructMap_peptide_split_cdrs_mhc_pseudo'
2026-01-08 15:02:31,719 - INFO: Parameter: seed=123
2026-01-08 15:02:31,719 - INFO: Parameter: features_to_include=['cdr1_alpha', 'cdr2_alpha', 'cdr3_alpha', 'cdr1_beta', 'cdr2_beta', 'cdr3_beta', 'mhc_pseudo']
2026-01-08 15:02:31,719 - INFO: Parameter: cdr1_alpha_length=8
2026-01-08 15:02:31,719 - INFO: Parameter: cdr2_alpha_length=8
2026-01-08 15:02:31,719 - INFO: Parameter: cdr3_alpha_length=24
2026-01-08 15:02:31,719 - INFO: Parameter: cdr1_beta_length=8
2026-01-08 15:02:31,719 - INFO: Parameter: cdr2_beta_length=8
2026-01-08 15:02:31,720 - INFO: Parameter: cdr3_beta_length=24
2026-01-08 15:02:31,720 - INFO: Parameter: peptide_length=12
2026-01-08 15:02:31,720 - INFO: Parameter: mhc_pseudo_length=26
2026-01-08 15:02:31,720 - INFO: Parameter: batch_size=32
2026-01-08 15:02:31,720 - INFO: Parameter: num_epochs=25
2026-01-08 15:02:31,720 - INFO: Parameter: learning_rate=0.001
2026-01-08 15:02:31,720 - INFO: Parameter: drop_out_rate=0.2
2026-01-08 15:02:31,720 - INFO: Parameter: learn_contact_maps=False
2026-01-08 15:02:31,720 - INFO: Parameter: checkpoint_interval=1000
2026-01-08 15:02:31,720 - INFO: Parameter: eval_interval=500
2026-01-08 15:02:31,720 - INFO: Parameter: eval_batch_size=1000
2026-01-08 15:02:31,720 - INFO: Parameter: log_level='info'
2026-01-08 15:02:31,720 - INFO: Parameter: log_file='data/logs/train_TCRStructMap_peptide_split_cdrs_mhc_pseudo.log'
2026-01-08 15:02:31,720 - INFO: Setting random seed to 123
2026-01-08 15:02:31,785 - INFO: Loading contact maps from data/processed/contact_maps.h5
2026-01-08 15:02:31,801 - INFO: Loading training data from data/processed/sequences_pMHC_split.h5
2026-01-08 15:02:32,477 - INFO: Creating models/TCRStructMap_peptide_split_cdrs_mhc_pseudo
2026-01-08 15:02:32,481 - INFO: Starting fold 1
2026-01-08 15:02:32,496 - INFO: Initialising model
2026-01-08 15:02:57,319 - INFO: Starting training
2026-01-08 15:02:57,319 - INFO: Starting epoch 1
2026-01-08 15:02:57,447 - INFO: Evaluating at iteration 1
2026-01-08 15:02:57,541 - INFO: Loss: 0.691197
2026-01-08 15:02:57,541 - INFO: Training ROC-AUC: 0.696296
2026-01-08 15:02:57,541 - INFO: Validation ROC-AUC: 0.533718
2026-01-08 15:03:08,466 - INFO: Evaluating at iteration 501
2026-01-08 15:03:08,549 - INFO: Loss: 0.330918
2026-01-08 15:03:08,549 - INFO: Training ROC-AUC: 0.344828
2026-01-08 15:03:08,549 - INFO: Validation ROC-AUC: 0.426994
2026-01-08 15:03:19,552 - INFO: Evaluating at iteration 1001
2026-01-08 15:03:19,634 - INFO: Loss: 0.434342
2026-01-08 15:03:19,635 - INFO: Training ROC-AUC: 0.596154
2026-01-08 15:03:19,635 - INFO: Validation ROC-AUC: 0.439047
2026-01-08 15:03:30,600 - INFO: Evaluating at iteration 1501
2026-01-08 15:03:30,682 - INFO: Loss: 0.576087
2026-01-08 15:03:30,682 - INFO: Training ROC-AUC: 0.608696
2026-01-08 15:03:30,682 - INFO: Validation ROC-AUC: 0.490844
2026-01-08 15:03:41,525 - INFO: Evaluating at iteration 2001
2026-01-08 15:03:41,605 - INFO: Loss: 0.241581
2026-01-08 15:03:41,605 - INFO: Training ROC-AUC: 0.838710
2026-01-08 15:03:41,605 - INFO: Validation ROC-AUC: 0.544317
2026-01-08 15:03:52,440 - INFO: Evaluating at iteration 2501
2026-01-08 15:03:52,511 - INFO: Loss: 0.382761
2026-01-08 15:03:52,511 - INFO: Training ROC-AUC: 0.705128
2026-01-08 15:03:52,511 - INFO: Validation ROC-AUC: 0.598325
2026-01-08 15:03:54,325 - INFO: Starting epoch 2
2026-01-08 15:03:54,349 - INFO: Evaluating at iteration 2586
2026-01-08 15:03:54,422 - INFO: Loss: 0.209318
2026-01-08 15:03:54,422 - INFO: Training ROC-AUC: 0.896552
2026-01-08 15:03:54,422 - INFO: Validation ROC-AUC: 0.591631
2026-01-08 15:04:05,552 - INFO: Evaluating at iteration 3086
2026-01-08 15:04:05,635 - INFO: Loss: 0.444600
2026-01-08 15:04:05,636 - INFO: Training ROC-AUC: 0.628571
2026-01-08 15:04:05,636 - INFO: Validation ROC-AUC: 0.574136
2026-01-08 15:04:16,863 - INFO: Evaluating at iteration 3586
2026-01-08 15:04:16,934 - INFO: Loss: 0.375417
2026-01-08 15:04:16,934 - INFO: Training ROC-AUC: 0.674074
2026-01-08 15:04:16,934 - INFO: Validation ROC-AUC: 0.526083
2026-01-08 15:04:28,186 - INFO: Evaluating at iteration 4086
2026-01-08 15:04:28,260 - INFO: Loss: 0.386154
2026-01-08 15:04:28,260 - INFO: Training ROC-AUC: 0.673077
2026-01-08 15:04:28,260 - INFO: Validation ROC-AUC: 0.557711
2026-01-08 15:04:39,525 - INFO: Evaluating at iteration 4586
2026-01-08 15:04:39,606 - INFO: Loss: 0.342820
2026-01-08 15:04:39,606 - INFO: Training ROC-AUC: 0.866667
2026-01-08 15:04:39,606 - INFO: Validation ROC-AUC: 0.604078
2026-01-08 15:04:50,828 - INFO: Evaluating at iteration 5086
2026-01-08 15:04:50,903 - INFO: Loss: 0.311967
2026-01-08 15:04:50,903 - INFO: Training ROC-AUC: 0.785714
2026-01-08 15:04:50,903 - INFO: Validation ROC-AUC: 0.632042
2026-01-08 15:04:52,779 - INFO: Starting epoch 3
2026-01-08 15:04:52,804 - INFO: Evaluating at iteration 5171
2026-01-08 15:04:52,876 - INFO: Loss: 0.173997
2026-01-08 15:04:52,876 - INFO: Training ROC-AUC: 0.516129
2026-01-08 15:04:52,876 - INFO: Validation ROC-AUC: 0.638560
2026-01-08 15:05:04,185 - INFO: Evaluating at iteration 5671
2026-01-08 15:05:04,259 - INFO: Loss: 0.308302
2026-01-08 15:05:04,260 - INFO: Training ROC-AUC: 0.767857
2026-01-08 15:05:04,260 - INFO: Validation ROC-AUC: 0.616415
2026-01-08 15:05:15,574 - INFO: Evaluating at iteration 6171
2026-01-08 15:05:15,655 - INFO: Loss: 0.340009
2026-01-08 15:05:15,655 - INFO: Training ROC-AUC: 0.800000
2026-01-08 15:05:15,655 - INFO: Validation ROC-AUC: 0.602224
2026-01-08 15:05:26,922 - INFO: Evaluating at iteration 6671
2026-01-08 15:05:26,995 - INFO: Loss: 0.317799
2026-01-08 15:05:26,995 - INFO: Training ROC-AUC: 0.801282
2026-01-08 15:05:26,995 - INFO: Validation ROC-AUC: 0.547478
2026-01-08 15:05:38,300 - INFO: Evaluating at iteration 7171
2026-01-08 15:05:38,372 - INFO: Loss: 0.436614
2026-01-08 15:05:38,372 - INFO: Training ROC-AUC: 0.845411
2026-01-08 15:05:38,372 - INFO: Validation ROC-AUC: 0.619406
2026-01-08 15:05:49,702 - INFO: Evaluating at iteration 7671
2026-01-08 15:05:49,778 - INFO: Loss: 0.795121
2026-01-08 15:05:49,778 - INFO: Training ROC-AUC: 0.690196
2026-01-08 15:05:49,778 - INFO: Validation ROC-AUC: 0.638142
2026-01-08 15:05:51,687 - INFO: Starting epoch 4
2026-01-08 15:05:51,711 - INFO: Evaluating at iteration 7756
2026-01-08 15:05:51,783 - INFO: Loss: 0.391697
2026-01-08 15:05:51,783 - INFO: Training ROC-AUC: 0.833333
2026-01-08 15:05:51,783 - INFO: Validation ROC-AUC: 0.637221
2026-01-08 15:06:03,145 - INFO: Evaluating at iteration 8256
2026-01-08 15:06:03,218 - INFO: Loss: 0.269731
2026-01-08 15:06:03,218 - INFO: Training ROC-AUC: 0.701149
2026-01-08 15:06:03,218 - INFO: Validation ROC-AUC: 0.633923
2026-01-08 15:06:14,690 - INFO: Evaluating at iteration 8756
2026-01-08 15:06:14,771 - INFO: Loss: 0.290616
2026-01-08 15:06:14,771 - INFO: Training ROC-AUC: 0.919643
2026-01-08 15:06:14,771 - INFO: Validation ROC-AUC: 0.612620
2026-01-08 15:06:26,201 - INFO: Evaluating at iteration 9256
2026-01-08 15:06:26,273 - INFO: Loss: 0.205261
2026-01-08 15:06:26,273 - INFO: Training ROC-AUC: 0.783333
2026-01-08 15:06:26,274 - INFO: Validation ROC-AUC: 0.588758
2026-01-08 15:06:37,630 - INFO: Evaluating at iteration 9756
2026-01-08 15:06:37,703 - INFO: Loss: 0.259893
2026-01-08 15:06:37,703 - INFO: Training ROC-AUC: 0.964286
2026-01-08 15:06:37,703 - INFO: Validation ROC-AUC: 0.624225
2026-01-08 15:06:49,077 - INFO: Evaluating at iteration 10256
2026-01-08 15:06:49,152 - INFO: Loss: 0.484904
2026-01-08 15:06:49,152 - INFO: Training ROC-AUC: 0.845411
2026-01-08 15:06:49,152 - INFO: Validation ROC-AUC: 0.623220
2026-01-08 15:06:51,066 - INFO: Starting epoch 5
2026-01-08 15:06:51,091 - INFO: Evaluating at iteration 10341
2026-01-08 15:06:51,163 - INFO: Loss: 0.259389
2026-01-08 15:06:51,164 - INFO: Training ROC-AUC: 0.883929
2026-01-08 15:06:51,164 - INFO: Validation ROC-AUC: 0.600839
2026-01-08 15:07:02,551 - INFO: Evaluating at iteration 10841
2026-01-08 15:07:02,624 - INFO: Loss: 0.307232
2026-01-08 15:07:02,624 - INFO: Training ROC-AUC: 0.785714
2026-01-08 15:07:02,624 - INFO: Validation ROC-AUC: 0.620405
2026-01-08 15:07:14,034 - INFO: Evaluating at iteration 11341
2026-01-08 15:07:14,116 - INFO: Loss: 0.464074
2026-01-08 15:07:14,116 - INFO: Training ROC-AUC: 0.788462
2026-01-08 15:07:14,116 - INFO: Validation ROC-AUC: 0.582090
2026-01-08 15:07:25,499 - INFO: Evaluating at iteration 11841
2026-01-08 15:07:25,571 - INFO: Loss: 0.209253
2026-01-08 15:07:25,571 - INFO: Training ROC-AUC: 0.516129
2026-01-08 15:07:25,571 - INFO: Validation ROC-AUC: 0.599259
2026-01-08 15:07:36,934 - INFO: Evaluating at iteration 12341
2026-01-08 15:07:37,008 - INFO: Loss: 0.450054
2026-01-08 15:07:37,008 - INFO: Training ROC-AUC: 0.737143
2026-01-08 15:07:37,008 - INFO: Validation ROC-AUC: 0.590462
2026-01-08 15:07:48,409 - INFO: Evaluating at iteration 12841
2026-01-08 15:07:48,482 - INFO: Loss: 0.413222
2026-01-08 15:07:48,482 - INFO: Training ROC-AUC: 0.782051
2026-01-08 15:07:48,482 - INFO: Validation ROC-AUC: 0.545486
2026-01-08 15:07:50,425 - INFO: Starting epoch 6
2026-01-08 15:07:50,450 - INFO: Evaluating at iteration 12926
2026-01-08 15:07:50,522 - INFO: Loss: 0.389774
2026-01-08 15:07:50,522 - INFO: Training ROC-AUC: 0.895833
2026-01-08 15:07:50,522 - INFO: Validation ROC-AUC: 0.559363
2026-01-08 15:08:01,989 - INFO: Evaluating at iteration 13426
2026-01-08 15:08:02,087 - INFO: Loss: 0.179965
2026-01-08 15:08:02,087 - INFO: Training ROC-AUC: nan
2026-01-08 15:08:02,087 - INFO: Validation ROC-AUC: 0.551644
2026-01-08 15:08:13,473 - INFO: Evaluating at iteration 13926
2026-01-08 15:08:13,546 - INFO: Loss: 0.506772
2026-01-08 15:08:13,546 - INFO: Training ROC-AUC: 0.674286
2026-01-08 15:08:13,546 - INFO: Validation ROC-AUC: 0.589012
2026-01-08 15:08:24,996 - INFO: Evaluating at iteration 14426
2026-01-08 15:08:25,067 - INFO: Loss: 0.349653
2026-01-08 15:08:25,067 - INFO: Training ROC-AUC: 0.891429
2026-01-08 15:08:25,067 - INFO: Validation ROC-AUC: 0.582965
2026-01-08 15:08:36,509 - INFO: Evaluating at iteration 14926
2026-01-08 15:08:36,592 - INFO: Loss: 0.218952
2026-01-08 15:08:36,592 - INFO: Training ROC-AUC: 0.645161
2026-01-08 15:08:36,592 - INFO: Validation ROC-AUC: 0.556816
2026-01-08 15:08:47,984 - INFO: Evaluating at iteration 15426
2026-01-08 15:08:48,056 - INFO: Loss: 0.310651
2026-01-08 15:08:48,056 - INFO: Training ROC-AUC: 0.881481
2026-01-08 15:08:48,056 - INFO: Validation ROC-AUC: 0.563334
2026-01-08 15:08:49,987 - INFO: Starting epoch 7
2026-01-08 15:08:50,012 - INFO: Evaluating at iteration 15511
2026-01-08 15:08:50,084 - INFO: Loss: 0.310940
2026-01-08 15:08:50,084 - INFO: Training ROC-AUC: 0.884615
2026-01-08 15:08:50,084 - INFO: Validation ROC-AUC: 0.570269
2026-01-08 15:09:01,516 - INFO: Evaluating at iteration 16011
2026-01-08 15:09:01,588 - INFO: Loss: 0.266953
2026-01-08 15:09:01,588 - INFO: Training ROC-AUC: 0.821429
2026-01-08 15:09:01,588 - INFO: Validation ROC-AUC: 0.557064
2026-01-08 15:09:12,997 - INFO: Evaluating at iteration 16511
2026-01-08 15:09:13,071 - INFO: Loss: 0.503846
2026-01-08 15:09:13,129 - INFO: Training ROC-AUC: 0.656250
2026-01-08 15:09:13,130 - INFO: Validation ROC-AUC: 0.543553
2026-01-08 15:09:24,320 - INFO: Evaluating at iteration 17011
2026-01-08 15:09:24,391 - INFO: Loss: 0.468735
2026-01-08 15:09:24,392 - INFO: Training ROC-AUC: 0.848958
2026-01-08 15:09:24,392 - INFO: Validation ROC-AUC: 0.536891
2026-01-08 15:09:35,413 - INFO: Evaluating at iteration 17511
2026-01-08 15:09:35,483 - INFO: Loss: 0.213368
2026-01-08 15:09:35,483 - INFO: Training ROC-AUC: 0.741935
2026-01-08 15:09:35,483 - INFO: Validation ROC-AUC: 0.559866
2026-01-08 15:09:46,535 - INFO: Evaluating at iteration 18011
2026-01-08 15:09:46,615 - INFO: Loss: 0.322759
2026-01-08 15:09:46,615 - INFO: Training ROC-AUC: 0.878205
2026-01-08 15:09:46,615 - INFO: Validation ROC-AUC: 0.579125
2026-01-08 15:09:48,463 - INFO: Starting epoch 8
2026-01-08 15:09:48,487 - INFO: Evaluating at iteration 18096
2026-01-08 15:09:48,560 - INFO: Loss: 0.255400
2026-01-08 15:09:48,560 - INFO: Training ROC-AUC: 0.910714
2026-01-08 15:09:48,560 - INFO: Validation ROC-AUC: 0.571112
2026-01-08 15:09:59,643 - INFO: Evaluating at iteration 18596
2026-01-08 15:09:59,746 - INFO: Loss: 0.342517
2026-01-08 15:09:59,746 - INFO: Training ROC-AUC: 0.829630
2026-01-08 15:09:59,746 - INFO: Validation ROC-AUC: 0.585995
2026-01-08 15:10:10,837 - INFO: Evaluating at iteration 19096
2026-01-08 15:10:10,907 - INFO: Loss: 0.437794
2026-01-08 15:10:10,907 - INFO: Training ROC-AUC: 0.822917
2026-01-08 15:10:10,907 - INFO: Validation ROC-AUC: 0.553760
2026-01-08 15:10:22,140 - INFO: Evaluating at iteration 19596
2026-01-08 15:10:22,214 - INFO: Loss: 0.376110
2026-01-08 15:10:22,214 - INFO: Training ROC-AUC: 0.598214
2026-01-08 15:10:22,214 - INFO: Validation ROC-AUC: 0.564882
2026-01-08 15:10:33,435 - INFO: Evaluating at iteration 20096
2026-01-08 15:10:33,506 - INFO: Loss: 0.255328
2026-01-08 15:10:33,506 - INFO: Training ROC-AUC: 0.804598
2026-01-08 15:10:33,506 - INFO: Validation ROC-AUC: 0.536950
2026-01-08 15:10:45,068 - INFO: Evaluating at iteration 20596
2026-01-08 15:10:45,143 - INFO: Loss: 0.355053
2026-01-08 15:10:45,143 - INFO: Training ROC-AUC: 0.651786
2026-01-08 15:10:45,143 - INFO: Validation ROC-AUC: 0.560121
2026-01-08 15:10:47,178 - INFO: Starting epoch 9
2026-01-08 15:10:47,206 - INFO: Evaluating at iteration 20681
2026-01-08 15:10:47,289 - INFO: Loss: 0.169950
2026-01-08 15:10:47,290 - INFO: Training ROC-AUC: 0.950000
2026-01-08 15:10:47,290 - INFO: Validation ROC-AUC: 0.543742
2026-01-08 15:10:58,525 - INFO: Evaluating at iteration 21181
2026-01-08 15:10:58,596 - INFO: Loss: 0.234988
2026-01-08 15:10:58,596 - INFO: Training ROC-AUC: 0.933333
2026-01-08 15:10:58,596 - INFO: Validation ROC-AUC: 0.554531
2026-01-08 15:11:09,584 - INFO: Evaluating at iteration 21681
2026-01-08 15:11:09,666 - INFO: Loss: 0.333662
2026-01-08 15:11:09,666 - INFO: Training ROC-AUC: 0.777778
2026-01-08 15:11:09,666 - INFO: Validation ROC-AUC: 0.558658
2026-01-08 15:11:20,654 - INFO: Evaluating at iteration 22181
2026-01-08 15:11:20,724 - INFO: Loss: 0.170291
2026-01-08 15:11:20,724 - INFO: Training ROC-AUC: 1.000000
2026-01-08 15:11:20,724 - INFO: Validation ROC-AUC: 0.556777
2026-01-08 15:11:31,653 - INFO: Evaluating at iteration 22681
2026-01-08 15:11:31,723 - INFO: Loss: 0.215063
2026-01-08 15:11:31,723 - INFO: Training ROC-AUC: 0.908046
2026-01-08 15:11:31,723 - INFO: Validation ROC-AUC: 0.537982
2026-01-08 15:11:42,802 - INFO: Evaluating at iteration 23181
2026-01-08 15:11:42,882 - INFO: Loss: 0.352950
2026-01-08 15:11:42,882 - INFO: Training ROC-AUC: 0.914286
2026-01-08 15:11:42,882 - INFO: Validation ROC-AUC: 0.556790
2026-01-08 15:11:44,725 - INFO: Starting epoch 10
2026-01-08 15:11:44,749 - INFO: Evaluating at iteration 23266
2026-01-08 15:11:44,819 - INFO: Loss: 0.235283
2026-01-08 15:11:44,819 - INFO: Training ROC-AUC: 0.919643
2026-01-08 15:11:44,819 - INFO: Validation ROC-AUC: 0.557143
2026-01-08 15:11:55,793 - INFO: Evaluating at iteration 23766
2026-01-08 15:11:55,863 - INFO: Loss: 0.393267
2026-01-08 15:11:55,863 - INFO: Training ROC-AUC: 0.775641
2026-01-08 15:11:55,863 - INFO: Validation ROC-AUC: 0.552376
2026-01-08 15:12:06,857 - INFO: Evaluating at iteration 24266
2026-01-08 15:12:06,927 - INFO: Loss: 0.308360
2026-01-08 15:12:06,927 - INFO: Training ROC-AUC: 0.891026
2026-01-08 15:12:06,927 - INFO: Validation ROC-AUC: 0.513571
2026-01-08 15:12:18,047 - INFO: Evaluating at iteration 24766
2026-01-08 15:12:18,117 - INFO: Loss: 0.247335
2026-01-08 15:12:18,117 - INFO: Training ROC-AUC: 0.928571
2026-01-08 15:12:18,117 - INFO: Validation ROC-AUC: 0.547706
2026-01-08 15:12:29,074 - INFO: Evaluating at iteration 25266
2026-01-08 15:12:29,146 - INFO: Loss: 0.506021
2026-01-08 15:12:29,146 - INFO: Training ROC-AUC: 0.820833
2026-01-08 15:12:29,146 - INFO: Validation ROC-AUC: 0.563569
2026-01-08 15:12:40,161 - INFO: Evaluating at iteration 25766
2026-01-08 15:12:40,240 - INFO: Loss: 0.307914
2026-01-08 15:12:40,240 - INFO: Training ROC-AUC: 0.776786
2026-01-08 15:12:40,240 - INFO: Validation ROC-AUC: 0.554511
2026-01-08 15:12:42,092 - INFO: Starting epoch 11
2026-01-08 15:12:42,116 - INFO: Evaluating at iteration 25851
2026-01-08 15:12:42,187 - INFO: Loss: 0.406436
2026-01-08 15:12:42,187 - INFO: Training ROC-AUC: 0.562500
2026-01-08 15:12:42,187 - INFO: Validation ROC-AUC: 0.550919
2026-01-08 15:12:53,452 - INFO: Evaluating at iteration 26351
2026-01-08 15:12:53,522 - INFO: Loss: 0.457174
2026-01-08 15:12:53,522 - INFO: Training ROC-AUC: 0.811594
2026-01-08 15:12:53,522 - INFO: Validation ROC-AUC: 0.536565
2026-01-08 15:13:04,531 - INFO: Evaluating at iteration 26851
2026-01-08 15:13:04,601 - INFO: Loss: 0.206852
2026-01-08 15:13:04,601 - INFO: Training ROC-AUC: 0.839080
2026-01-08 15:13:04,601 - INFO: Validation ROC-AUC: 0.559461
2026-01-08 15:13:15,645 - INFO: Evaluating at iteration 27351
2026-01-08 15:13:15,715 - INFO: Loss: 0.277832
2026-01-08 15:13:15,716 - INFO: Training ROC-AUC: 0.918519
2026-01-08 15:13:15,716 - INFO: Validation ROC-AUC: 0.554629
2026-01-08 15:13:26,750 - INFO: Evaluating at iteration 27851
2026-01-08 15:13:26,821 - INFO: Loss: 0.336037
2026-01-08 15:13:26,821 - INFO: Training ROC-AUC: 0.829630
2026-01-08 15:13:26,821 - INFO: Validation ROC-AUC: 0.552807
2026-01-08 15:13:37,846 - INFO: Evaluating at iteration 28351
2026-01-08 15:13:37,916 - INFO: Loss: 0.210948
2026-01-08 15:13:37,917 - INFO: Training ROC-AUC: 0.954023
2026-01-08 15:13:37,917 - INFO: Validation ROC-AUC: 0.555589
2026-01-08 15:13:39,766 - INFO: Starting epoch 12
2026-01-08 15:13:39,790 - INFO: Evaluating at iteration 28436
2026-01-08 15:13:39,860 - INFO: Loss: 0.175453
2026-01-08 15:13:39,860 - INFO: Training ROC-AUC: 0.954023
2026-01-08 15:13:39,860 - INFO: Validation ROC-AUC: 0.551651
2026-01-08 15:13:50,922 - INFO: Evaluating at iteration 28936
2026-01-08 15:13:50,992 - INFO: Loss: 0.442471
2026-01-08 15:13:50,992 - INFO: Training ROC-AUC: 0.660256
2026-01-08 15:13:50,992 - INFO: Validation ROC-AUC: 0.545492
2026-01-08 15:14:02,003 - INFO: Evaluating at iteration 29436
2026-01-08 15:14:02,073 - INFO: Loss: 0.405719
2026-01-08 15:14:02,073 - INFO: Training ROC-AUC: 0.794286
2026-01-08 15:14:02,073 - INFO: Validation ROC-AUC: 0.552297
2026-01-08 15:14:13,080 - INFO: Evaluating at iteration 29936
2026-01-08 15:14:13,151 - INFO: Loss: 0.331707
2026-01-08 15:14:13,151 - INFO: Training ROC-AUC: 0.723214
2026-01-08 15:14:13,151 - INFO: Validation ROC-AUC: 0.545074
2026-01-08 15:14:24,191 - INFO: Evaluating at iteration 30436
2026-01-08 15:14:24,262 - INFO: Loss: 0.210882
2026-01-08 15:14:24,262 - INFO: Training ROC-AUC: 0.991071
2026-01-08 15:14:24,262 - INFO: Validation ROC-AUC: 0.526220
2026-01-08 15:14:35,282 - INFO: Evaluating at iteration 30936
2026-01-08 15:14:35,352 - INFO: Loss: 0.250504
2026-01-08 15:14:35,352 - INFO: Training ROC-AUC: 0.910714
2026-01-08 15:14:35,353 - INFO: Validation ROC-AUC: 0.550162
2026-01-08 15:14:37,210 - INFO: Starting epoch 13
2026-01-08 15:14:37,233 - INFO: Evaluating at iteration 31021
2026-01-08 15:14:37,304 - INFO: Loss: 0.205429
2026-01-08 15:14:37,304 - INFO: Training ROC-AUC: 0.954023
2026-01-08 15:14:37,304 - INFO: Validation ROC-AUC: 0.556385
2026-01-08 15:14:48,403 - INFO: Evaluating at iteration 31521
2026-01-08 15:14:48,483 - INFO: Loss: 0.356025
2026-01-08 15:14:48,483 - INFO: Training ROC-AUC: 0.732143
2026-01-08 15:14:48,483 - INFO: Validation ROC-AUC: 0.551585
2026-01-08 15:14:59,483 - INFO: Evaluating at iteration 32021
2026-01-08 15:14:59,554 - INFO: Loss: 0.246746
2026-01-08 15:14:59,554 - INFO: Training ROC-AUC: 0.883929
2026-01-08 15:14:59,554 - INFO: Validation ROC-AUC: 0.549502
2026-01-08 15:15:10,611 - INFO: Evaluating at iteration 32521
2026-01-08 15:15:10,681 - INFO: Loss: 0.270458
2026-01-08 15:15:10,681 - INFO: Training ROC-AUC: 0.974359
2026-01-08 15:15:10,681 - INFO: Validation ROC-AUC: 0.551089
2026-01-08 15:15:21,728 - INFO: Evaluating at iteration 33021
2026-01-08 15:15:21,800 - INFO: Loss: 0.434590
2026-01-08 15:15:21,800 - INFO: Training ROC-AUC: 0.765714
2026-01-08 15:15:21,800 - INFO: Validation ROC-AUC: 0.547967
2026-01-08 15:15:32,837 - INFO: Evaluating at iteration 33521
2026-01-08 15:15:32,908 - INFO: Loss: 0.353321
2026-01-08 15:15:32,908 - INFO: Training ROC-AUC: 0.785185
2026-01-08 15:15:32,908 - INFO: Validation ROC-AUC: 0.543860
2026-01-08 15:15:34,774 - INFO: Starting epoch 14
2026-01-08 15:15:34,798 - INFO: Evaluating at iteration 33606
2026-01-08 15:15:34,868 - INFO: Loss: 0.363585
2026-01-08 15:15:34,868 - INFO: Training ROC-AUC: 0.733333
2026-01-08 15:15:34,868 - INFO: Validation ROC-AUC: 0.548118
2026-01-08 15:15:45,935 - INFO: Evaluating at iteration 34106
2026-01-08 15:15:46,014 - INFO: Loss: 0.325563
2026-01-08 15:15:46,014 - INFO: Training ROC-AUC: 0.858974
2026-01-08 15:15:46,015 - INFO: Validation ROC-AUC: 0.538139
2026-01-08 15:15:57,155 - INFO: Evaluating at iteration 34606
2026-01-08 15:15:57,225 - INFO: Loss: 0.217923
2026-01-08 15:15:57,225 - INFO: Training ROC-AUC: 0.977778
2026-01-08 15:15:57,225 - INFO: Validation ROC-AUC: 0.532803
2026-01-08 15:16:08,329 - INFO: Evaluating at iteration 35106
2026-01-08 15:16:08,400 - INFO: Loss: 0.408422
2026-01-08 15:16:08,400 - INFO: Training ROC-AUC: 0.864583
2026-01-08 15:16:08,400 - INFO: Validation ROC-AUC: 0.561322
2026-01-08 15:16:19,609 - INFO: Evaluating at iteration 35606
2026-01-08 15:16:19,685 - INFO: Loss: 0.235000
2026-01-08 15:16:19,685 - INFO: Training ROC-AUC: 0.883929
2026-01-08 15:16:19,685 - INFO: Validation ROC-AUC: 0.530857
2026-01-08 15:16:30,846 - INFO: Evaluating at iteration 36106
2026-01-08 15:16:30,917 - INFO: Loss: 0.519988
2026-01-08 15:16:30,918 - INFO: Training ROC-AUC: 0.904762
2026-01-08 15:16:30,918 - INFO: Validation ROC-AUC: 0.536323
2026-01-08 15:16:32,800 - INFO: Starting epoch 15
2026-01-08 15:16:32,824 - INFO: Evaluating at iteration 36191
2026-01-08 15:16:32,894 - INFO: Loss: 0.379954
2026-01-08 15:16:32,894 - INFO: Training ROC-AUC: 0.750000
2026-01-08 15:16:32,894 - INFO: Validation ROC-AUC: 0.556647
2026-01-08 15:16:44,076 - INFO: Evaluating at iteration 36691
2026-01-08 15:16:44,147 - INFO: Loss: 0.299305
2026-01-08 15:16:44,147 - INFO: Training ROC-AUC: 0.897436
2026-01-08 15:16:44,147 - INFO: Validation ROC-AUC: 0.532065
2026-01-08 15:16:55,389 - INFO: Evaluating at iteration 37191
2026-01-08 15:16:55,460 - INFO: Loss: 0.281748
2026-01-08 15:16:55,460 - INFO: Training ROC-AUC: 0.903846
2026-01-08 15:16:55,460 - INFO: Validation ROC-AUC: 0.542736
2026-01-08 15:17:06,742 - INFO: Evaluating at iteration 37691
2026-01-08 15:17:06,812 - INFO: Loss: 0.402293
2026-01-08 15:17:06,812 - INFO: Training ROC-AUC: 0.740741
2026-01-08 15:17:06,812 - INFO: Validation ROC-AUC: 0.549998
2026-01-08 15:17:18,001 - INFO: Evaluating at iteration 38191
2026-01-08 15:17:18,071 - INFO: Loss: 0.352600
2026-01-08 15:17:18,071 - INFO: Training ROC-AUC: 0.916667
2026-01-08 15:17:18,071 - INFO: Validation ROC-AUC: 0.538106
2026-01-08 15:17:29,351 - INFO: Evaluating at iteration 38691
2026-01-08 15:17:29,421 - INFO: Loss: 0.424819
2026-01-08 15:17:29,422 - INFO: Training ROC-AUC: 0.854545
2026-01-08 15:17:29,422 - INFO: Validation ROC-AUC: 0.531843
2026-01-08 15:17:31,302 - INFO: Starting epoch 16
2026-01-08 15:17:31,327 - INFO: Evaluating at iteration 38776
2026-01-08 15:17:31,397 - INFO: Loss: 0.270617
2026-01-08 15:17:31,397 - INFO: Training ROC-AUC: 0.933333
2026-01-08 15:17:31,397 - INFO: Validation ROC-AUC: 0.518501
2026-01-08 15:17:42,642 - INFO: Evaluating at iteration 39276
2026-01-08 15:17:42,713 - INFO: Loss: 0.214543
2026-01-08 15:17:42,713 - INFO: Training ROC-AUC: 0.942529
2026-01-08 15:17:42,713 - INFO: Validation ROC-AUC: 0.541620
2026-01-08 15:17:54,060 - INFO: Evaluating at iteration 39776
2026-01-08 15:17:54,130 - INFO: Loss: 0.273679
2026-01-08 15:17:54,130 - INFO: Training ROC-AUC: 0.874074
2026-01-08 15:17:54,130 - INFO: Validation ROC-AUC: 0.554034
2026-01-08 15:18:05,478 - INFO: Evaluating at iteration 40276
2026-01-08 15:18:05,548 - INFO: Loss: 0.318959
2026-01-08 15:18:05,549 - INFO: Training ROC-AUC: 0.937500
2026-01-08 15:18:05,549 - INFO: Validation ROC-AUC: 0.531158
2026-01-08 15:18:16,947 - INFO: Evaluating at iteration 40776
2026-01-08 15:18:17,018 - INFO: Loss: 0.332485
2026-01-08 15:18:17,018 - INFO: Training ROC-AUC: 0.920000
2026-01-08 15:18:17,018 - INFO: Validation ROC-AUC: 0.538021
2026-01-08 15:18:28,485 - INFO: Evaluating at iteration 41276
2026-01-08 15:18:28,555 - INFO: Loss: 0.396805
2026-01-08 15:18:28,556 - INFO: Training ROC-AUC: 0.762821
2026-01-08 15:18:28,556 - INFO: Validation ROC-AUC: 0.521224
2026-01-08 15:18:30,466 - INFO: Starting epoch 17
2026-01-08 15:18:30,490 - INFO: Evaluating at iteration 41361
2026-01-08 15:18:30,560 - INFO: Loss: 0.428263
2026-01-08 15:18:30,560 - INFO: Training ROC-AUC: 0.826923
2026-01-08 15:18:30,560 - INFO: Validation ROC-AUC: 0.523758
2026-01-08 15:18:41,994 - INFO: Evaluating at iteration 41861
2026-01-08 15:18:42,064 - INFO: Loss: 0.148476
2026-01-08 15:18:42,064 - INFO: Training ROC-AUC: 0.964286
2026-01-08 15:18:42,065 - INFO: Validation ROC-AUC: 0.517156
2026-01-08 15:18:53,556 - INFO: Evaluating at iteration 42361
2026-01-08 15:18:53,627 - INFO: Loss: 0.477668
2026-01-08 15:18:53,627 - INFO: Training ROC-AUC: 0.781250
2026-01-08 15:18:53,627 - INFO: Validation ROC-AUC: 0.531334
2026-01-08 15:19:04,977 - INFO: Evaluating at iteration 42861
2026-01-08 15:19:05,049 - INFO: Loss: 0.447707
2026-01-08 15:19:05,049 - INFO: Training ROC-AUC: 0.777143
2026-01-08 15:19:05,049 - INFO: Validation ROC-AUC: 0.535494
2026-01-08 15:19:16,408 - INFO: Evaluating at iteration 43361
2026-01-08 15:19:16,478 - INFO: Loss: 0.348251
2026-01-08 15:19:16,478 - INFO: Training ROC-AUC: 0.839744
2026-01-08 15:19:16,478 - INFO: Validation ROC-AUC: 0.543311
2026-01-08 15:19:27,891 - INFO: Evaluating at iteration 43861
2026-01-08 15:19:27,961 - INFO: Loss: 0.344482
2026-01-08 15:19:27,961 - INFO: Training ROC-AUC: 0.756410
2026-01-08 15:19:27,961 - INFO: Validation ROC-AUC: 0.543076
2026-01-08 15:19:29,881 - INFO: Starting epoch 18
2026-01-08 15:19:29,906 - INFO: Evaluating at iteration 43946
2026-01-08 15:19:29,985 - INFO: Loss: 0.312799
2026-01-08 15:19:29,986 - INFO: Training ROC-AUC: 0.931429
2026-01-08 15:19:29,986 - INFO: Validation ROC-AUC: 0.541117
2026-01-08 15:19:41,336 - INFO: Evaluating at iteration 44446
2026-01-08 15:19:41,406 - INFO: Loss: 0.326163
2026-01-08 15:19:41,406 - INFO: Training ROC-AUC: 0.837037
2026-01-08 15:19:41,406 - INFO: Validation ROC-AUC: 0.531922
2026-01-08 15:19:52,865 - INFO: Evaluating at iteration 44946
2026-01-08 15:19:52,935 - INFO: Loss: 0.283989
2026-01-08 15:19:52,935 - INFO: Training ROC-AUC: 0.883929
2026-01-08 15:19:52,935 - INFO: Validation ROC-AUC: 0.540118
2026-01-08 15:20:04,382 - INFO: Evaluating at iteration 45446
2026-01-08 15:20:04,452 - INFO: Loss: 0.238552
2026-01-08 15:20:04,453 - INFO: Training ROC-AUC: 0.733333
2026-01-08 15:20:04,453 - INFO: Validation ROC-AUC: 0.543370
2026-01-08 15:20:15,901 - INFO: Evaluating at iteration 45946
2026-01-08 15:20:15,973 - INFO: Loss: 0.280494
2026-01-08 15:20:15,973 - INFO: Training ROC-AUC: 0.857143
2026-01-08 15:20:15,973 - INFO: Validation ROC-AUC: 0.521812
2026-01-08 15:20:27,495 - INFO: Evaluating at iteration 46446
2026-01-08 15:20:27,566 - INFO: Loss: 0.357167
2026-01-08 15:20:27,566 - INFO: Training ROC-AUC: 0.826923
2026-01-08 15:20:27,566 - INFO: Validation ROC-AUC: 0.536728
2026-01-08 15:20:29,509 - INFO: Starting epoch 19
2026-01-08 15:20:29,533 - INFO: Evaluating at iteration 46531
2026-01-08 15:20:29,603 - INFO: Loss: 0.297680
2026-01-08 15:20:29,603 - INFO: Training ROC-AUC: 0.919643
2026-01-08 15:20:29,603 - INFO: Validation ROC-AUC: 0.526136
2026-01-08 15:20:41,152 - INFO: Evaluating at iteration 47031
2026-01-08 15:20:41,233 - INFO: Loss: 0.352978
2026-01-08 15:20:41,233 - INFO: Training ROC-AUC: 0.932367
2026-01-08 15:20:41,234 - INFO: Validation ROC-AUC: 0.552931
2026-01-08 15:20:52,843 - INFO: Evaluating at iteration 47531
2026-01-08 15:20:52,914 - INFO: Loss: 0.304959
2026-01-08 15:20:52,914 - INFO: Training ROC-AUC: 0.948571
2026-01-08 15:20:52,914 - INFO: Validation ROC-AUC: 0.557920
2026-01-08 15:21:04,684 - INFO: Evaluating at iteration 48031
2026-01-08 15:21:04,754 - INFO: Loss: 0.277748
2026-01-08 15:21:04,754 - INFO: Training ROC-AUC: 0.918519
2026-01-08 15:21:04,754 - INFO: Validation ROC-AUC: 0.510501
2026-01-08 15:21:16,531 - INFO: Evaluating at iteration 48531
2026-01-08 15:21:16,601 - INFO: Loss: 0.299491
2026-01-08 15:21:16,601 - INFO: Training ROC-AUC: 0.903846
2026-01-08 15:21:16,601 - INFO: Validation ROC-AUC: 0.531301
2026-01-08 15:21:28,501 - INFO: Evaluating at iteration 49031
2026-01-08 15:21:28,571 - INFO: Loss: 0.231561
2026-01-08 15:21:28,571 - INFO: Training ROC-AUC: 0.948718
2026-01-08 15:21:28,571 - INFO: Validation ROC-AUC: 0.536793
2026-01-08 15:21:30,491 - INFO: Starting epoch 20
2026-01-08 15:21:30,515 - INFO: Evaluating at iteration 49116
2026-01-08 15:21:30,586 - INFO: Loss: 0.286716
2026-01-08 15:21:30,586 - INFO: Training ROC-AUC: 0.874074
2026-01-08 15:21:30,586 - INFO: Validation ROC-AUC: 0.544330
2026-01-08 15:21:42,262 - INFO: Evaluating at iteration 49616
2026-01-08 15:21:42,333 - INFO: Loss: 0.273866
2026-01-08 15:21:42,333 - INFO: Training ROC-AUC: 0.851852
2026-01-08 15:21:42,333 - INFO: Validation ROC-AUC: 0.522975
2026-01-08 15:21:54,092 - INFO: Evaluating at iteration 50116
2026-01-08 15:21:54,163 - INFO: Loss: 0.236894
2026-01-08 15:21:54,163 - INFO: Training ROC-AUC: 0.903846
2026-01-08 15:21:54,163 - INFO: Validation ROC-AUC: 0.527651
2026-01-08 15:22:05,971 - INFO: Evaluating at iteration 50616
2026-01-08 15:22:06,041 - INFO: Loss: 0.422177
2026-01-08 15:22:06,041 - INFO: Training ROC-AUC: 0.718519
2026-01-08 15:22:06,041 - INFO: Validation ROC-AUC: 0.521825
2026-01-08 15:22:17,732 - INFO: Evaluating at iteration 51116
2026-01-08 15:22:17,801 - INFO: Loss: 0.316565
2026-01-08 15:22:17,801 - INFO: Training ROC-AUC: 0.829630
2026-01-08 15:22:17,801 - INFO: Validation ROC-AUC: 0.531549
2026-01-08 15:22:29,720 - INFO: Evaluating at iteration 51616
2026-01-08 15:22:29,791 - INFO: Loss: 0.312430
2026-01-08 15:22:29,791 - INFO: Training ROC-AUC: 0.851852
2026-01-08 15:22:29,791 - INFO: Validation ROC-AUC: 0.517574
2026-01-08 15:22:31,769 - INFO: Starting epoch 21
2026-01-08 15:22:31,802 - INFO: Evaluating at iteration 51701
2026-01-08 15:22:31,873 - INFO: Loss: 0.398788
2026-01-08 15:22:31,873 - INFO: Training ROC-AUC: 0.792271
2026-01-08 15:22:31,873 - INFO: Validation ROC-AUC: 0.527442
2026-01-08 15:22:43,667 - INFO: Evaluating at iteration 52201
2026-01-08 15:22:43,737 - INFO: Loss: 0.207229
2026-01-08 15:22:43,737 - INFO: Training ROC-AUC: 0.850000
2026-01-08 15:22:43,737 - INFO: Validation ROC-AUC: 0.508712
2026-01-08 15:22:55,732 - INFO: Evaluating at iteration 52701
2026-01-08 15:22:55,803 - INFO: Loss: 0.270583
2026-01-08 15:22:55,803 - INFO: Training ROC-AUC: 0.830357
2026-01-08 15:22:55,803 - INFO: Validation ROC-AUC: 0.526860
2026-01-08 15:23:07,782 - INFO: Evaluating at iteration 53201
2026-01-08 15:23:07,861 - INFO: Loss: 0.398434
2026-01-08 15:23:07,861 - INFO: Training ROC-AUC: 0.794286
2026-01-08 15:23:07,861 - INFO: Validation ROC-AUC: 0.524522
2026-01-08 15:23:19,913 - INFO: Evaluating at iteration 53701
2026-01-08 15:23:19,983 - INFO: Loss: 0.272920
2026-01-08 15:23:19,983 - INFO: Training ROC-AUC: 0.891026
2026-01-08 15:23:19,983 - INFO: Validation ROC-AUC: 0.531922
2026-01-08 15:23:31,871 - INFO: Evaluating at iteration 54201
2026-01-08 15:23:31,941 - INFO: Loss: 0.240072
2026-01-08 15:23:31,941 - INFO: Training ROC-AUC: 0.925926
2026-01-08 15:23:31,941 - INFO: Validation ROC-AUC: 0.543579
2026-01-08 15:23:33,985 - INFO: Starting epoch 22
2026-01-08 15:23:34,011 - INFO: Evaluating at iteration 54286
2026-01-08 15:23:34,083 - INFO: Loss: 0.300070
2026-01-08 15:23:34,083 - INFO: Training ROC-AUC: 0.858974
2026-01-08 15:23:34,083 - INFO: Validation ROC-AUC: 0.540340
2026-01-08 15:23:46,080 - INFO: Evaluating at iteration 54786
2026-01-08 15:23:46,150 - INFO: Loss: 0.333414
2026-01-08 15:23:46,150 - INFO: Training ROC-AUC: 0.811429
2026-01-08 15:23:46,150 - INFO: Validation ROC-AUC: 0.528349
2026-01-08 15:23:58,130 - INFO: Evaluating at iteration 55286
2026-01-08 15:23:58,201 - INFO: Loss: 0.375243
2026-01-08 15:23:58,201 - INFO: Training ROC-AUC: 0.828571
2026-01-08 15:23:58,201 - INFO: Validation ROC-AUC: 0.533894
2026-01-08 15:24:10,226 - INFO: Evaluating at iteration 55786
2026-01-08 15:24:10,305 - INFO: Loss: 0.303521
2026-01-08 15:24:10,305 - INFO: Training ROC-AUC: 0.750000
2026-01-08 15:24:10,305 - INFO: Validation ROC-AUC: 0.514864
2026-01-08 15:24:22,279 - INFO: Evaluating at iteration 56286
2026-01-08 15:24:22,351 - INFO: Loss: 0.231508
2026-01-08 15:24:22,351 - INFO: Training ROC-AUC: 0.919643
2026-01-08 15:24:22,351 - INFO: Validation ROC-AUC: 0.544682
2026-01-08 15:24:34,395 - INFO: Evaluating at iteration 56786
2026-01-08 15:24:34,466 - INFO: Loss: 0.324939
2026-01-08 15:24:34,466 - INFO: Training ROC-AUC: 0.833333
2026-01-08 15:24:34,466 - INFO: Validation ROC-AUC: 0.514962
2026-01-08 15:24:36,506 - INFO: Starting epoch 23
2026-01-08 15:24:36,534 - INFO: Evaluating at iteration 56871
2026-01-08 15:24:36,604 - INFO: Loss: 0.206716
2026-01-08 15:24:36,604 - INFO: Training ROC-AUC: 0.908046
2026-01-08 15:24:36,604 - INFO: Validation ROC-AUC: 0.523171
2026-01-08 15:24:48,828 - INFO: Evaluating at iteration 57371
2026-01-08 15:24:48,901 - INFO: Loss: 0.535890
2026-01-08 15:24:48,901 - INFO: Training ROC-AUC: 0.838057
2026-01-08 15:24:48,901 - INFO: Validation ROC-AUC: 0.529185
2026-01-08 15:25:01,299 - INFO: Evaluating at iteration 57871
2026-01-08 15:25:01,371 - INFO: Loss: 0.228884
2026-01-08 15:25:01,371 - INFO: Training ROC-AUC: 0.700000
2026-01-08 15:25:01,371 - INFO: Validation ROC-AUC: 0.533822
2026-01-08 15:25:13,572 - INFO: Evaluating at iteration 58371
2026-01-08 15:25:13,642 - INFO: Loss: 0.179158
2026-01-08 15:25:13,642 - INFO: Training ROC-AUC: 0.942529
2026-01-08 15:25:13,642 - INFO: Validation ROC-AUC: 0.533848
2026-01-08 15:25:26,028 - INFO: Evaluating at iteration 58871
2026-01-08 15:25:26,101 - INFO: Loss: 0.318362
2026-01-08 15:25:26,101 - INFO: Training ROC-AUC: 0.857143
2026-01-08 15:25:26,101 - INFO: Validation ROC-AUC: 0.532797
2026-01-08 15:25:38,602 - INFO: Evaluating at iteration 59371
2026-01-08 15:25:38,673 - INFO: Loss: 0.305725
2026-01-08 15:25:38,673 - INFO: Training ROC-AUC: 0.897436
2026-01-08 15:25:38,673 - INFO: Validation ROC-AUC: 0.531386
2026-01-08 15:25:40,728 - INFO: Starting epoch 24
2026-01-08 15:25:40,752 - INFO: Evaluating at iteration 59456
2026-01-08 15:25:40,822 - INFO: Loss: 0.296530
2026-01-08 15:25:40,822 - INFO: Training ROC-AUC: 0.942529
2026-01-08 15:25:40,822 - INFO: Validation ROC-AUC: 0.542802
2026-01-08 15:25:53,024 - INFO: Evaluating at iteration 59956
2026-01-08 15:25:53,095 - INFO: Loss: 0.242024
2026-01-08 15:25:53,095 - INFO: Training ROC-AUC: 0.925926
2026-01-08 15:25:53,095 - INFO: Validation ROC-AUC: 0.536931
2026-01-08 15:26:05,490 - INFO: Evaluating at iteration 60456
2026-01-08 15:26:05,560 - INFO: Loss: 0.407290
2026-01-08 15:26:05,560 - INFO: Training ROC-AUC: 0.895455
2026-01-08 15:26:05,560 - INFO: Validation ROC-AUC: 0.539660
2026-01-08 15:26:17,838 - INFO: Evaluating at iteration 60956
2026-01-08 15:26:17,908 - INFO: Loss: 0.280160
2026-01-08 15:26:17,908 - INFO: Training ROC-AUC: 0.770115
2026-01-08 15:26:17,908 - INFO: Validation ROC-AUC: 0.523726
2026-01-08 15:26:30,248 - INFO: Evaluating at iteration 61456
2026-01-08 15:26:30,318 - INFO: Loss: 0.289207
2026-01-08 15:26:30,318 - INFO: Training ROC-AUC: 0.852564
2026-01-08 15:26:30,318 - INFO: Validation ROC-AUC: 0.526266
2026-01-08 15:26:42,953 - INFO: Evaluating at iteration 61956
2026-01-08 15:26:43,032 - INFO: Loss: 0.259497
2026-01-08 15:26:43,032 - INFO: Training ROC-AUC: 0.942308
2026-01-08 15:26:43,032 - INFO: Validation ROC-AUC: 0.537538
2026-01-08 15:26:45,166 - INFO: Starting epoch 25
2026-01-08 15:26:45,191 - INFO: Evaluating at iteration 62041
2026-01-08 15:26:45,261 - INFO: Loss: 0.262846
2026-01-08 15:26:45,261 - INFO: Training ROC-AUC: 0.923077
2026-01-08 15:26:45,261 - INFO: Validation ROC-AUC: 0.506322
2026-01-08 15:26:57,739 - INFO: Evaluating at iteration 62541
2026-01-08 15:26:57,809 - INFO: Loss: 0.261588
2026-01-08 15:26:57,810 - INFO: Training ROC-AUC: 0.850575
2026-01-08 15:26:57,810 - INFO: Validation ROC-AUC: 0.508790
2026-01-08 15:27:10,464 - INFO: Evaluating at iteration 63041
2026-01-08 15:27:10,535 - INFO: Loss: 0.306888
2026-01-08 15:27:10,535 - INFO: Training ROC-AUC: 0.891026
2026-01-08 15:27:10,535 - INFO: Validation ROC-AUC: 0.527651
2026-01-08 15:27:23,079 - INFO: Evaluating at iteration 63541
2026-01-08 15:27:23,151 - INFO: Loss: 0.314723
2026-01-08 15:27:23,151 - INFO: Training ROC-AUC: 0.902857
2026-01-08 15:27:23,151 - INFO: Validation ROC-AUC: 0.536696
2026-01-08 15:27:35,731 - INFO: Evaluating at iteration 64041
2026-01-08 15:27:35,802 - INFO: Loss: 0.252659
2026-01-08 15:27:35,802 - INFO: Training ROC-AUC: 0.937500
2026-01-08 15:27:35,802 - INFO: Validation ROC-AUC: 0.545838
2026-01-08 15:27:48,327 - INFO: Evaluating at iteration 64541
2026-01-08 15:27:48,406 - INFO: Loss: 0.354172
2026-01-08 15:27:48,406 - INFO: Training ROC-AUC: 0.792593
2026-01-08 15:27:48,407 - INFO: Validation ROC-AUC: 0.506204
2026-01-08 15:27:50,557 - INFO: Saving model to models/TCRStructMap_peptide_split_cdrs_mhc_pseudo/model_1.pt
2026-01-08 15:27:50,578 - INFO: Starting fold 2
2026-01-08 15:27:50,595 - INFO: Initialising model
2026-01-08 15:27:50,605 - INFO: Starting training
2026-01-08 15:27:50,605 - INFO: Starting epoch 1
2026-01-08 15:27:50,632 - INFO: Evaluating at iteration 1
2026-01-08 15:27:50,815 - INFO: Loss: 0.707199
2026-01-08 15:27:50,815 - INFO: Training ROC-AUC: 0.440000
2026-01-08 15:27:50,815 - INFO: Validation ROC-AUC: 0.487344
2026-01-08 15:28:01,393 - INFO: Evaluating at iteration 501
2026-01-08 15:28:01,572 - INFO: Loss: 0.477266
2026-01-08 15:28:01,572 - INFO: Training ROC-AUC: 0.725714
2026-01-08 15:28:01,572 - INFO: Validation ROC-AUC: 0.521669
2026-01-08 15:28:12,401 - INFO: Evaluating at iteration 1001
2026-01-08 15:28:12,582 - INFO: Loss: 0.485280
2026-01-08 15:28:12,582 - INFO: Training ROC-AUC: 0.600000
2026-01-08 15:28:12,582 - INFO: Validation ROC-AUC: 0.497194
2026-01-08 15:28:23,397 - INFO: Evaluating at iteration 1501
2026-01-08 15:28:23,578 - INFO: Loss: 0.420345
2026-01-08 15:28:23,578 - INFO: Training ROC-AUC: 0.637037
2026-01-08 15:28:23,578 - INFO: Validation ROC-AUC: 0.455213
2026-01-08 15:28:34,381 - INFO: Evaluating at iteration 2001
2026-01-08 15:28:34,560 - INFO: Loss: 0.317789
2026-01-08 15:28:34,560 - INFO: Training ROC-AUC: 0.946429
2026-01-08 15:28:34,560 - INFO: Validation ROC-AUC: 0.430260
2026-01-08 15:28:45,321 - INFO: Evaluating at iteration 2501
2026-01-08 15:28:45,503 - INFO: Loss: 0.314775
2026-01-08 15:28:45,503 - INFO: Training ROC-AUC: 0.643678
2026-01-08 15:28:45,503 - INFO: Validation ROC-AUC: 0.466971
2026-01-08 15:28:46,280 - INFO: Starting epoch 2
2026-01-08 15:28:46,303 - INFO: Evaluating at iteration 2538
2026-01-08 15:28:46,482 - INFO: Loss: 0.291522
2026-01-08 15:28:46,482 - INFO: Training ROC-AUC: 0.858974
2026-01-08 15:28:46,482 - INFO: Validation ROC-AUC: 0.467063
2026-01-08 15:28:57,210 - INFO: Evaluating at iteration 3038
2026-01-08 15:28:57,388 - INFO: Loss: 0.448639
2026-01-08 15:28:57,389 - INFO: Training ROC-AUC: 0.660256
2026-01-08 15:28:57,389 - INFO: Validation ROC-AUC: 0.477310
2026-01-08 15:29:08,265 - INFO: Evaluating at iteration 3538
2026-01-08 15:29:08,444 - INFO: Loss: 0.284451
2026-01-08 15:29:08,444 - INFO: Training ROC-AUC: 0.540230
2026-01-08 15:29:08,444 - INFO: Validation ROC-AUC: 0.472115
2026-01-08 15:29:19,277 - INFO: Evaluating at iteration 4038
2026-01-08 15:29:19,459 - INFO: Loss: 0.287768
2026-01-08 15:29:19,459 - INFO: Training ROC-AUC: 0.785714
2026-01-08 15:29:19,459 - INFO: Validation ROC-AUC: 0.486667
2026-01-08 15:29:30,271 - INFO: Evaluating at iteration 4538
2026-01-08 15:29:30,451 - INFO: Loss: 0.162645
2026-01-08 15:29:30,451 - INFO: Training ROC-AUC: 0.935484
2026-01-08 15:29:30,451 - INFO: Validation ROC-AUC: 0.495056
2026-01-08 15:29:41,451 - INFO: Evaluating at iteration 5038
2026-01-08 15:29:41,630 - INFO: Loss: 0.331374
2026-01-08 15:29:41,631 - INFO: Training ROC-AUC: 0.563218
2026-01-08 15:29:41,631 - INFO: Validation ROC-AUC: 0.502789
2026-01-08 15:29:42,418 - INFO: Starting epoch 3
2026-01-08 15:29:42,441 - INFO: Evaluating at iteration 5075
2026-01-08 15:29:42,622 - INFO: Loss: 0.351695
2026-01-08 15:29:42,622 - INFO: Training ROC-AUC: 0.724359
2026-01-08 15:29:42,622 - INFO: Validation ROC-AUC: 0.508620
2026-01-08 15:29:53,498 - INFO: Evaluating at iteration 5575
2026-01-08 15:29:53,684 - INFO: Loss: 0.230535
2026-01-08 15:29:53,684 - INFO: Training ROC-AUC: 0.516129
2026-01-08 15:29:53,684 - INFO: Validation ROC-AUC: 0.516800
2026-01-08 15:30:04,512 - INFO: Evaluating at iteration 6075
2026-01-08 15:30:04,695 - INFO: Loss: 0.278075
2026-01-08 15:30:04,695 - INFO: Training ROC-AUC: 0.666667
2026-01-08 15:30:04,695 - INFO: Validation ROC-AUC: 0.531386
2026-01-08 15:30:15,645 - INFO: Evaluating at iteration 6575
2026-01-08 15:30:15,824 - INFO: Loss: 0.452764
2026-01-08 15:30:15,824 - INFO: Training ROC-AUC: 0.755208
2026-01-08 15:30:15,824 - INFO: Validation ROC-AUC: 0.563391
2026-01-08 15:30:26,828 - INFO: Evaluating at iteration 7075
2026-01-08 15:30:27,006 - INFO: Loss: 0.197364
2026-01-08 15:30:27,006 - INFO: Training ROC-AUC: 0.954023
2026-01-08 15:30:27,006 - INFO: Validation ROC-AUC: 0.552417
2026-01-08 15:30:37,912 - INFO: Evaluating at iteration 7575
2026-01-08 15:30:38,093 - INFO: Loss: 0.309902
2026-01-08 15:30:38,093 - INFO: Training ROC-AUC: 0.902857
2026-01-08 15:30:38,093 - INFO: Validation ROC-AUC: 0.545350
2026-01-08 15:30:38,946 - INFO: Starting epoch 4
2026-01-08 15:30:38,969 - INFO: Evaluating at iteration 7612
2026-01-08 15:30:39,149 - INFO: Loss: 0.421454
2026-01-08 15:30:39,149 - INFO: Training ROC-AUC: 0.811429
2026-01-08 15:30:39,149 - INFO: Validation ROC-AUC: 0.538827
2026-01-08 15:30:50,032 - INFO: Evaluating at iteration 8112
2026-01-08 15:30:50,216 - INFO: Loss: 0.311964
2026-01-08 15:30:50,216 - INFO: Training ROC-AUC: 0.857143
2026-01-08 15:30:50,216 - INFO: Validation ROC-AUC: 0.556674
2026-01-08 15:31:01,044 - INFO: Evaluating at iteration 8612
2026-01-08 15:31:01,224 - INFO: Loss: 0.277064
2026-01-08 15:31:01,224 - INFO: Training ROC-AUC: 0.793103
2026-01-08 15:31:01,224 - INFO: Validation ROC-AUC: 0.542733
2026-01-08 15:31:12,225 - INFO: Evaluating at iteration 9112
2026-01-08 15:31:12,405 - INFO: Loss: 0.523463
2026-01-08 15:31:12,405 - INFO: Training ROC-AUC: 0.718750
2026-01-08 15:31:12,405 - INFO: Validation ROC-AUC: 0.537076
2026-01-08 15:31:23,300 - INFO: Evaluating at iteration 9612
2026-01-08 15:31:23,478 - INFO: Loss: 0.329486
2026-01-08 15:31:23,478 - INFO: Training ROC-AUC: 0.807407
2026-01-08 15:31:23,478 - INFO: Validation ROC-AUC: 0.555315
2026-01-08 15:31:34,373 - INFO: Evaluating at iteration 10112
2026-01-08 15:31:34,560 - INFO: Loss: 0.424964
2026-01-08 15:31:34,560 - INFO: Training ROC-AUC: 0.777143
2026-01-08 15:31:34,560 - INFO: Validation ROC-AUC: 0.556563
2026-01-08 15:31:35,357 - INFO: Starting epoch 5
2026-01-08 15:31:35,381 - INFO: Evaluating at iteration 10149
2026-01-08 15:31:35,561 - INFO: Loss: 0.248305
2026-01-08 15:31:35,561 - INFO: Training ROC-AUC: 0.973214
2026-01-08 15:31:35,561 - INFO: Validation ROC-AUC: 0.557767
2026-01-08 15:31:46,535 - INFO: Evaluating at iteration 10649
2026-01-08 15:31:46,714 - INFO: Loss: 0.267671
2026-01-08 15:31:46,714 - INFO: Training ROC-AUC: 0.566667
2026-01-08 15:31:46,714 - INFO: Validation ROC-AUC: 0.541817
2026-01-08 15:31:57,569 - INFO: Evaluating at iteration 11149
2026-01-08 15:31:57,748 - INFO: Loss: 0.278921
2026-01-08 15:31:57,748 - INFO: Training ROC-AUC: 0.866071
2026-01-08 15:31:57,748 - INFO: Validation ROC-AUC: 0.546615
2026-01-08 15:32:08,638 - INFO: Evaluating at iteration 11649
2026-01-08 15:32:08,824 - INFO: Loss: 0.449905
2026-01-08 15:32:08,825 - INFO: Training ROC-AUC: 0.782857
2026-01-08 15:32:08,825 - INFO: Validation ROC-AUC: 0.561051
2026-01-08 15:32:21,173 - INFO: Evaluating at iteration 12149
2026-01-08 15:32:21,370 - INFO: Loss: 0.283079
2026-01-08 15:32:21,371 - INFO: Training ROC-AUC: 0.732143
2026-01-08 15:32:21,371 - INFO: Validation ROC-AUC: 0.556345
2026-01-08 15:32:33,133 - INFO: Evaluating at iteration 12649
2026-01-08 15:32:33,313 - INFO: Loss: 0.377584
2026-01-08 15:32:33,313 - INFO: Training ROC-AUC: 0.688889
2026-01-08 15:32:33,313 - INFO: Validation ROC-AUC: 0.553134
2026-01-08 15:32:34,107 - INFO: Starting epoch 6
2026-01-08 15:32:34,131 - INFO: Evaluating at iteration 12686
2026-01-08 15:32:34,312 - INFO: Loss: 0.240152
2026-01-08 15:32:34,312 - INFO: Training ROC-AUC: 0.833333
2026-01-08 15:32:34,312 - INFO: Validation ROC-AUC: 0.555810
2026-01-08 15:32:45,329 - INFO: Evaluating at iteration 13186
2026-01-08 15:32:45,508 - INFO: Loss: 0.302725
2026-01-08 15:32:45,508 - INFO: Training ROC-AUC: 0.891026
2026-01-08 15:32:45,508 - INFO: Validation ROC-AUC: 0.555301
2026-01-08 15:32:56,445 - INFO: Evaluating at iteration 13686
2026-01-08 15:32:56,624 - INFO: Loss: 0.261443
2026-01-08 15:32:56,625 - INFO: Training ROC-AUC: 0.804598
2026-01-08 15:32:56,625 - INFO: Validation ROC-AUC: 0.558816
2026-01-08 15:33:07,615 - INFO: Evaluating at iteration 14186
2026-01-08 15:33:07,796 - INFO: Loss: 0.395026
2026-01-08 15:33:07,796 - INFO: Training ROC-AUC: 0.851429
2026-01-08 15:33:07,796 - INFO: Validation ROC-AUC: 0.561057
2026-01-08 15:33:18,826 - INFO: Evaluating at iteration 14686
2026-01-08 15:33:19,014 - INFO: Loss: 0.428061
2026-01-08 15:33:19,014 - INFO: Training ROC-AUC: 0.705128
2026-01-08 15:33:19,014 - INFO: Validation ROC-AUC: 0.575023
2026-01-08 15:33:30,076 - INFO: Evaluating at iteration 15186
2026-01-08 15:33:30,256 - INFO: Loss: 0.437157
2026-01-08 15:33:30,257 - INFO: Training ROC-AUC: 0.791667
2026-01-08 15:33:30,257 - INFO: Validation ROC-AUC: 0.566940
2026-01-08 15:33:31,059 - INFO: Starting epoch 7
2026-01-08 15:33:31,082 - INFO: Evaluating at iteration 15223
2026-01-08 15:33:31,260 - INFO: Loss: 0.311481
2026-01-08 15:33:31,261 - INFO: Training ROC-AUC: 0.687500
2026-01-08 15:33:31,261 - INFO: Validation ROC-AUC: 0.560497
2026-01-08 15:33:42,398 - INFO: Evaluating at iteration 15723
2026-01-08 15:33:42,588 - INFO: Loss: 0.425965
2026-01-08 15:33:42,588 - INFO: Training ROC-AUC: 0.765625
2026-01-08 15:33:42,588 - INFO: Validation ROC-AUC: 0.552667
2026-01-08 15:33:53,654 - INFO: Evaluating at iteration 16223
2026-01-08 15:33:53,835 - INFO: Loss: 0.509378
2026-01-08 15:33:53,835 - INFO: Training ROC-AUC: 0.772947
2026-01-08 15:33:53,835 - INFO: Validation ROC-AUC: 0.582780
2026-01-08 15:34:04,846 - INFO: Evaluating at iteration 16723
2026-01-08 15:34:05,026 - INFO: Loss: 0.489235
2026-01-08 15:34:05,026 - INFO: Training ROC-AUC: 0.628571
2026-01-08 15:34:05,026 - INFO: Validation ROC-AUC: 0.556367
2026-01-08 15:34:16,059 - INFO: Evaluating at iteration 17223
2026-01-08 15:34:16,239 - INFO: Loss: 0.436430
2026-01-08 15:34:16,239 - INFO: Training ROC-AUC: 0.771429
2026-01-08 15:34:16,239 - INFO: Validation ROC-AUC: 0.560509
2026-01-08 15:34:27,302 - INFO: Evaluating at iteration 17723
2026-01-08 15:34:27,481 - INFO: Loss: 0.416898
2026-01-08 15:34:27,481 - INFO: Training ROC-AUC: 0.765714
2026-01-08 15:34:27,481 - INFO: Validation ROC-AUC: 0.565166
2026-01-08 15:34:28,284 - INFO: Starting epoch 8
2026-01-08 15:34:28,308 - INFO: Evaluating at iteration 17760
2026-01-08 15:34:28,487 - INFO: Loss: 0.347784
2026-01-08 15:34:28,487 - INFO: Training ROC-AUC: 0.871795
2026-01-08 15:34:28,487 - INFO: Validation ROC-AUC: 0.561214
2026-01-08 15:34:39,540 - INFO: Evaluating at iteration 18260
2026-01-08 15:34:39,720 - INFO: Loss: 0.340849
2026-01-08 15:34:39,720 - INFO: Training ROC-AUC: 0.968750
2026-01-08 15:34:39,720 - INFO: Validation ROC-AUC: 0.581081
2026-01-08 15:34:50,824 - INFO: Evaluating at iteration 18760
2026-01-08 15:34:51,005 - INFO: Loss: 0.318132
2026-01-08 15:34:51,005 - INFO: Training ROC-AUC: 0.714286
2026-01-08 15:34:51,005 - INFO: Validation ROC-AUC: 0.565228
2026-01-08 15:35:02,072 - INFO: Evaluating at iteration 19260
2026-01-08 15:35:02,251 - INFO: Loss: 0.429559
2026-01-08 15:35:02,251 - INFO: Training ROC-AUC: 0.717949
2026-01-08 15:35:02,251 - INFO: Validation ROC-AUC: 0.549507
2026-01-08 15:35:13,324 - INFO: Evaluating at iteration 19760
2026-01-08 15:35:13,511 - INFO: Loss: 0.324269
2026-01-08 15:35:13,511 - INFO: Training ROC-AUC: 0.898551
2026-01-08 15:35:13,511 - INFO: Validation ROC-AUC: 0.549292
2026-01-08 15:35:24,719 - INFO: Evaluating at iteration 20260
2026-01-08 15:35:24,900 - INFO: Loss: 0.344174
2026-01-08 15:35:24,900 - INFO: Training ROC-AUC: 0.770370
2026-01-08 15:35:24,900 - INFO: Validation ROC-AUC: 0.573661
2026-01-08 15:35:25,702 - INFO: Starting epoch 9
2026-01-08 15:35:25,726 - INFO: Evaluating at iteration 20297
2026-01-08 15:35:25,908 - INFO: Loss: 0.185934
2026-01-08 15:35:25,908 - INFO: Training ROC-AUC: 0.970370
2026-01-08 15:35:25,908 - INFO: Validation ROC-AUC: 0.569428
2026-01-08 15:35:37,005 - INFO: Evaluating at iteration 20797
2026-01-08 15:35:37,185 - INFO: Loss: 0.406164
2026-01-08 15:35:37,185 - INFO: Training ROC-AUC: 0.822917
2026-01-08 15:35:37,185 - INFO: Validation ROC-AUC: 0.568341
2026-01-08 15:35:48,298 - INFO: Evaluating at iteration 21297
2026-01-08 15:35:48,477 - INFO: Loss: 0.257374
2026-01-08 15:35:48,477 - INFO: Training ROC-AUC: 0.857143
2026-01-08 15:35:48,477 - INFO: Validation ROC-AUC: 0.587766
2026-01-08 15:35:59,555 - INFO: Evaluating at iteration 21797
2026-01-08 15:35:59,737 - INFO: Loss: 0.242496
2026-01-08 15:35:59,737 - INFO: Training ROC-AUC: 0.827586
2026-01-08 15:35:59,737 - INFO: Validation ROC-AUC: 0.542666
2026-01-08 15:36:10,896 - INFO: Evaluating at iteration 22297
2026-01-08 15:36:11,095 - INFO: Loss: 0.301739
2026-01-08 15:36:11,095 - INFO: Training ROC-AUC: 0.803571
2026-01-08 15:36:11,095 - INFO: Validation ROC-AUC: 0.552549
2026-01-08 15:36:22,393 - INFO: Evaluating at iteration 22797
2026-01-08 15:36:22,573 - INFO: Loss: 0.326536
2026-01-08 15:36:22,573 - INFO: Training ROC-AUC: 0.762963
2026-01-08 15:36:22,573 - INFO: Validation ROC-AUC: 0.559543
2026-01-08 15:36:23,380 - INFO: Starting epoch 10
2026-01-08 15:36:23,405 - INFO: Evaluating at iteration 22834
2026-01-08 15:36:23,585 - INFO: Loss: 0.260415
2026-01-08 15:36:23,585 - INFO: Training ROC-AUC: 0.583333
2026-01-08 15:36:23,585 - INFO: Validation ROC-AUC: 0.554791
2026-01-08 15:36:34,767 - INFO: Evaluating at iteration 23334
2026-01-08 15:36:34,947 - INFO: Loss: 0.407044
2026-01-08 15:36:34,947 - INFO: Training ROC-AUC: 0.685714
2026-01-08 15:36:34,947 - INFO: Validation ROC-AUC: 0.574266
2026-01-08 15:36:46,056 - INFO: Evaluating at iteration 23834
2026-01-08 15:36:46,235 - INFO: Loss: 0.233135
2026-01-08 15:36:46,235 - INFO: Training ROC-AUC: 0.940741
2026-01-08 15:36:46,235 - INFO: Validation ROC-AUC: 0.561477
2026-01-08 15:36:57,461 - INFO: Evaluating at iteration 24334
2026-01-08 15:36:57,640 - INFO: Loss: 0.345073
2026-01-08 15:36:57,640 - INFO: Training ROC-AUC: 0.857143
2026-01-08 15:36:57,640 - INFO: Validation ROC-AUC: 0.559898
2026-01-08 15:37:08,815 - INFO: Evaluating at iteration 24834
2026-01-08 15:37:08,995 - INFO: Loss: 0.376189
2026-01-08 15:37:08,995 - INFO: Training ROC-AUC: 0.931429
2026-01-08 15:37:08,995 - INFO: Validation ROC-AUC: 0.576285
2026-01-08 15:37:20,280 - INFO: Evaluating at iteration 25334
2026-01-08 15:37:20,459 - INFO: Loss: 0.294806
2026-01-08 15:37:20,459 - INFO: Training ROC-AUC: 0.874074
2026-01-08 15:37:20,459 - INFO: Validation ROC-AUC: 0.549108
2026-01-08 15:37:21,266 - INFO: Starting epoch 11
2026-01-08 15:37:21,289 - INFO: Evaluating at iteration 25371
2026-01-08 15:37:21,468 - INFO: Loss: 0.225978
2026-01-08 15:37:21,468 - INFO: Training ROC-AUC: 0.750000
2026-01-08 15:37:21,468 - INFO: Validation ROC-AUC: 0.558846
2026-01-08 15:37:32,592 - INFO: Evaluating at iteration 25871
2026-01-08 15:37:32,772 - INFO: Loss: 0.291236
2026-01-08 15:37:32,772 - INFO: Training ROC-AUC: 0.977778
2026-01-08 15:37:32,772 - INFO: Validation ROC-AUC: 0.559642
2026-01-08 15:37:43,990 - INFO: Evaluating at iteration 26371
2026-01-08 15:37:44,169 - INFO: Loss: 0.398301
2026-01-08 15:37:44,169 - INFO: Training ROC-AUC: 0.845714
2026-01-08 15:37:44,169 - INFO: Validation ROC-AUC: 0.567446
2026-01-08 15:37:55,346 - INFO: Evaluating at iteration 26871
2026-01-08 15:37:55,524 - INFO: Loss: 0.277043
2026-01-08 15:37:55,524 - INFO: Training ROC-AUC: 0.916667
2026-01-08 15:37:55,524 - INFO: Validation ROC-AUC: 0.564248
2026-01-08 15:38:06,651 - INFO: Evaluating at iteration 27371
2026-01-08 15:38:06,833 - INFO: Loss: 0.227470
2026-01-08 15:38:06,833 - INFO: Training ROC-AUC: 0.970370
2026-01-08 15:38:06,833 - INFO: Validation ROC-AUC: 0.573800
2026-01-08 15:38:17,983 - INFO: Evaluating at iteration 27871
2026-01-08 15:38:18,168 - INFO: Loss: 0.219882
2026-01-08 15:38:18,168 - INFO: Training ROC-AUC: 0.937500
2026-01-08 15:38:18,168 - INFO: Validation ROC-AUC: 0.587586
2026-01-08 15:38:18,986 - INFO: Starting epoch 12
2026-01-08 15:38:19,010 - INFO: Evaluating at iteration 27908
2026-01-08 15:38:19,189 - INFO: Loss: 0.490411
2026-01-08 15:38:19,189 - INFO: Training ROC-AUC: 0.777778
2026-01-08 15:38:19,190 - INFO: Validation ROC-AUC: 0.565707
2026-01-08 15:38:30,347 - INFO: Evaluating at iteration 28408
2026-01-08 15:38:30,527 - INFO: Loss: 0.429309
2026-01-08 15:38:30,527 - INFO: Training ROC-AUC: 0.666667
2026-01-08 15:38:30,527 - INFO: Validation ROC-AUC: 0.574719
2026-01-08 15:38:41,631 - INFO: Evaluating at iteration 28908
2026-01-08 15:38:41,810 - INFO: Loss: 0.428942
2026-01-08 15:38:41,810 - INFO: Training ROC-AUC: 0.705128
2026-01-08 15:38:41,810 - INFO: Validation ROC-AUC: 0.565562
2026-01-08 15:38:52,968 - INFO: Evaluating at iteration 29408
2026-01-08 15:38:53,147 - INFO: Loss: 0.314351
2026-01-08 15:38:53,147 - INFO: Training ROC-AUC: 0.851852
2026-01-08 15:38:53,147 - INFO: Validation ROC-AUC: 0.533621
2026-01-08 15:39:04,270 - INFO: Evaluating at iteration 29908
2026-01-08 15:39:04,450 - INFO: Loss: 0.459642
2026-01-08 15:39:04,450 - INFO: Training ROC-AUC: 0.822727
2026-01-08 15:39:04,450 - INFO: Validation ROC-AUC: 0.569984
2026-01-08 15:39:15,584 - INFO: Evaluating at iteration 30408
2026-01-08 15:39:15,764 - INFO: Loss: 0.410104
2026-01-08 15:39:15,764 - INFO: Training ROC-AUC: 0.737179
2026-01-08 15:39:15,764 - INFO: Validation ROC-AUC: 0.551823
2026-01-08 15:39:16,569 - INFO: Starting epoch 13
2026-01-08 15:39:16,592 - INFO: Evaluating at iteration 30445
2026-01-08 15:39:16,771 - INFO: Loss: 0.321332
2026-01-08 15:39:16,772 - INFO: Training ROC-AUC: 0.960000
2026-01-08 15:39:16,772 - INFO: Validation ROC-AUC: 0.561475
2026-01-08 15:39:27,927 - INFO: Evaluating at iteration 30945
2026-01-08 15:39:28,114 - INFO: Loss: 0.307318
2026-01-08 15:39:28,114 - INFO: Training ROC-AUC: 0.925714
2026-01-08 15:39:28,114 - INFO: Validation ROC-AUC: 0.561160
2026-01-08 15:39:39,291 - INFO: Evaluating at iteration 31445
2026-01-08 15:39:39,469 - INFO: Loss: 0.271944
2026-01-08 15:39:39,469 - INFO: Training ROC-AUC: 0.910714
2026-01-08 15:39:39,469 - INFO: Validation ROC-AUC: 0.541108
2026-01-08 15:39:50,624 - INFO: Evaluating at iteration 31945
2026-01-08 15:39:50,802 - INFO: Loss: 0.461234
2026-01-08 15:39:50,802 - INFO: Training ROC-AUC: 0.816425
2026-01-08 15:39:50,802 - INFO: Validation ROC-AUC: 0.550686
2026-01-08 15:40:01,947 - INFO: Evaluating at iteration 32445
2026-01-08 15:40:02,126 - INFO: Loss: 0.261082
2026-01-08 15:40:02,126 - INFO: Training ROC-AUC: 0.700000
2026-01-08 15:40:02,126 - INFO: Validation ROC-AUC: 0.548992
2026-01-08 15:40:13,246 - INFO: Evaluating at iteration 32945
2026-01-08 15:40:13,423 - INFO: Loss: 0.384580
2026-01-08 15:40:13,423 - INFO: Training ROC-AUC: 0.681481
2026-01-08 15:40:13,423 - INFO: Validation ROC-AUC: 0.562073
2026-01-08 15:40:14,229 - INFO: Starting epoch 14
2026-01-08 15:40:14,253 - INFO: Evaluating at iteration 32982
2026-01-08 15:40:14,428 - INFO: Loss: 0.228235
2026-01-08 15:40:14,428 - INFO: Training ROC-AUC: 0.940741
2026-01-08 15:40:14,428 - INFO: Validation ROC-AUC: 0.549624
2026-01-08 15:40:25,647 - INFO: Evaluating at iteration 33482
2026-01-08 15:40:25,827 - INFO: Loss: 0.440277
2026-01-08 15:40:25,827 - INFO: Training ROC-AUC: 0.742857
2026-01-08 15:40:25,827 - INFO: Validation ROC-AUC: 0.535459
2026-01-08 15:40:37,051 - INFO: Evaluating at iteration 33982
2026-01-08 15:40:37,232 - INFO: Loss: 0.346904
2026-01-08 15:40:37,232 - INFO: Training ROC-AUC: 0.758929
2026-01-08 15:40:37,232 - INFO: Validation ROC-AUC: 0.550974
2026-01-08 15:40:48,497 - INFO: Evaluating at iteration 34482
2026-01-08 15:40:48,680 - INFO: Loss: 0.223580
2026-01-08 15:40:48,681 - INFO: Training ROC-AUC: 0.908046
2026-01-08 15:40:48,681 - INFO: Validation ROC-AUC: 0.535845
2026-01-08 15:40:59,906 - INFO: Evaluating at iteration 34982
2026-01-08 15:41:00,085 - INFO: Loss: 0.433467
2026-01-08 15:41:00,085 - INFO: Training ROC-AUC: 0.743590
2026-01-08 15:41:00,085 - INFO: Validation ROC-AUC: 0.541610
2026-01-08 15:41:11,439 - INFO: Evaluating at iteration 35482
2026-01-08 15:41:11,619 - INFO: Loss: 0.424349
2026-01-08 15:41:11,619 - INFO: Training ROC-AUC: 0.756410
2026-01-08 15:41:11,619 - INFO: Validation ROC-AUC: 0.566376
2026-01-08 15:41:12,447 - INFO: Starting epoch 15
2026-01-08 15:41:12,471 - INFO: Evaluating at iteration 35519
2026-01-08 15:41:12,649 - INFO: Loss: 0.256210
2026-01-08 15:41:12,650 - INFO: Training ROC-AUC: 0.973214
2026-01-08 15:41:12,650 - INFO: Validation ROC-AUC: 0.566702
2026-01-08 15:41:24,032 - INFO: Evaluating at iteration 36019
2026-01-08 15:41:24,211 - INFO: Loss: 0.401834
2026-01-08 15:41:24,211 - INFO: Training ROC-AUC: 0.674074
2026-01-08 15:41:24,211 - INFO: Validation ROC-AUC: 0.598107
2026-01-08 15:41:35,581 - INFO: Evaluating at iteration 36519
2026-01-08 15:41:35,767 - INFO: Loss: 0.375942
2026-01-08 15:41:35,767 - INFO: Training ROC-AUC: 0.939394
2026-01-08 15:41:35,767 - INFO: Validation ROC-AUC: 0.556460
2026-01-08 15:41:47,050 - INFO: Evaluating at iteration 37019
2026-01-08 15:41:47,231 - INFO: Loss: 0.314061
2026-01-08 15:41:47,231 - INFO: Training ROC-AUC: 0.910256
2026-01-08 15:41:47,231 - INFO: Validation ROC-AUC: 0.585395
2026-01-08 15:41:58,561 - INFO: Evaluating at iteration 37519
2026-01-08 15:41:58,740 - INFO: Loss: 0.340733
2026-01-08 15:41:58,740 - INFO: Training ROC-AUC: 0.884615
2026-01-08 15:41:58,740 - INFO: Validation ROC-AUC: 0.554149
2026-01-08 15:42:10,086 - INFO: Evaluating at iteration 38019
2026-01-08 15:42:10,266 - INFO: Loss: 0.607909
2026-01-08 15:42:10,266 - INFO: Training ROC-AUC: 0.611429
2026-01-08 15:42:10,266 - INFO: Validation ROC-AUC: 0.548294
2026-01-08 15:42:11,091 - INFO: Starting epoch 16
2026-01-08 15:42:11,115 - INFO: Evaluating at iteration 38056
2026-01-08 15:42:11,295 - INFO: Loss: 0.282473
2026-01-08 15:42:11,295 - INFO: Training ROC-AUC: 0.848214
2026-01-08 15:42:11,295 - INFO: Validation ROC-AUC: 0.547044
2026-01-08 15:42:22,683 - INFO: Evaluating at iteration 38556
2026-01-08 15:42:22,863 - INFO: Loss: 0.299407
2026-01-08 15:42:22,863 - INFO: Training ROC-AUC: 0.859259
2026-01-08 15:42:22,863 - INFO: Validation ROC-AUC: 0.554526
2026-01-08 15:42:34,204 - INFO: Evaluating at iteration 39056
2026-01-08 15:42:34,391 - INFO: Loss: 0.350573
2026-01-08 15:42:34,391 - INFO: Training ROC-AUC: 0.777778
2026-01-08 15:42:34,391 - INFO: Validation ROC-AUC: 0.572430
2026-01-08 15:42:45,772 - INFO: Evaluating at iteration 39556
2026-01-08 15:42:45,951 - INFO: Loss: 0.302125
2026-01-08 15:42:45,951 - INFO: Training ROC-AUC: 0.923077
2026-01-08 15:42:45,951 - INFO: Validation ROC-AUC: 0.566943
2026-01-08 15:42:57,314 - INFO: Evaluating at iteration 40056
2026-01-08 15:42:57,495 - INFO: Loss: 0.392072
2026-01-08 15:42:57,495 - INFO: Training ROC-AUC: 0.769231
2026-01-08 15:42:57,495 - INFO: Validation ROC-AUC: 0.559587
2026-01-08 15:43:08,941 - INFO: Evaluating at iteration 40556
2026-01-08 15:43:09,120 - INFO: Loss: 0.201606
2026-01-08 15:43:09,120 - INFO: Training ROC-AUC: 0.937500
2026-01-08 15:43:09,120 - INFO: Validation ROC-AUC: 0.556143
2026-01-08 15:43:09,950 - INFO: Starting epoch 17
2026-01-08 15:43:09,975 - INFO: Evaluating at iteration 40593
2026-01-08 15:43:10,154 - INFO: Loss: 0.370447
2026-01-08 15:43:10,154 - INFO: Training ROC-AUC: 0.725926
2026-01-08 15:43:10,154 - INFO: Validation ROC-AUC: 0.537052
2026-01-08 15:43:21,583 - INFO: Evaluating at iteration 41093
2026-01-08 15:43:21,763 - INFO: Loss: 0.321189
2026-01-08 15:43:21,763 - INFO: Training ROC-AUC: 0.826923
2026-01-08 15:43:21,763 - INFO: Validation ROC-AUC: 0.537077
2026-01-08 15:43:33,155 - INFO: Evaluating at iteration 41593
2026-01-08 15:43:33,333 - INFO: Loss: 0.401522
2026-01-08 15:43:33,333 - INFO: Training ROC-AUC: 0.828125
2026-01-08 15:43:33,333 - INFO: Validation ROC-AUC: 0.548653
2026-01-08 15:43:44,749 - INFO: Evaluating at iteration 42093
2026-01-08 15:43:44,929 - INFO: Loss: 0.395789
2026-01-08 15:43:44,929 - INFO: Training ROC-AUC: 0.890625
2026-01-08 15:43:44,929 - INFO: Validation ROC-AUC: 0.555958
2026-01-08 15:43:56,382 - INFO: Evaluating at iteration 42593
2026-01-08 15:43:56,562 - INFO: Loss: 0.373872
2026-01-08 15:43:56,562 - INFO: Training ROC-AUC: 0.711111
2026-01-08 15:43:56,562 - INFO: Validation ROC-AUC: 0.570870
2026-01-08 15:44:08,006 - INFO: Evaluating at iteration 43093
2026-01-08 15:44:08,187 - INFO: Loss: 0.348999
2026-01-08 15:44:08,187 - INFO: Training ROC-AUC: 0.901042
2026-01-08 15:44:08,187 - INFO: Validation ROC-AUC: 0.559942
2026-01-08 15:44:09,018 - INFO: Starting epoch 18
2026-01-08 15:44:09,042 - INFO: Evaluating at iteration 43130
2026-01-08 15:44:09,221 - INFO: Loss: 0.373718
2026-01-08 15:44:09,221 - INFO: Training ROC-AUC: 0.843750
2026-01-08 15:44:09,221 - INFO: Validation ROC-AUC: 0.552993
2026-01-08 15:44:20,706 - INFO: Evaluating at iteration 43630
2026-01-08 15:44:20,884 - INFO: Loss: 0.290585
2026-01-08 15:44:20,885 - INFO: Training ROC-AUC: 0.767857
2026-01-08 15:44:20,885 - INFO: Validation ROC-AUC: 0.579653
2026-01-08 15:44:32,272 - INFO: Evaluating at iteration 44130
2026-01-08 15:44:32,453 - INFO: Loss: 0.331398
2026-01-08 15:44:32,453 - INFO: Training ROC-AUC: 0.837037
2026-01-08 15:44:32,453 - INFO: Validation ROC-AUC: 0.551540
2026-01-08 15:44:43,948 - INFO: Evaluating at iteration 44630
2026-01-08 15:44:44,133 - INFO: Loss: 0.274173
2026-01-08 15:44:44,133 - INFO: Training ROC-AUC: 0.875000
2026-01-08 15:44:44,133 - INFO: Validation ROC-AUC: 0.557851
2026-01-08 15:44:55,553 - INFO: Evaluating at iteration 45130
2026-01-08 15:44:55,732 - INFO: Loss: 0.592849
2026-01-08 15:44:55,732 - INFO: Training ROC-AUC: 0.777273
2026-01-08 15:44:55,732 - INFO: Validation ROC-AUC: 0.552461
2026-01-08 15:45:07,212 - INFO: Evaluating at iteration 45630
2026-01-08 15:45:07,392 - INFO: Loss: 0.301213
2026-01-08 15:45:07,392 - INFO: Training ROC-AUC: 0.839286
2026-01-08 15:45:07,392 - INFO: Validation ROC-AUC: 0.574214
2026-01-08 15:45:08,233 - INFO: Starting epoch 19
2026-01-08 15:45:08,257 - INFO: Evaluating at iteration 45667
2026-01-08 15:45:08,436 - INFO: Loss: 0.290400
2026-01-08 15:45:08,436 - INFO: Training ROC-AUC: 0.837037
2026-01-08 15:45:08,436 - INFO: Validation ROC-AUC: 0.566091
2026-01-08 15:45:19,953 - INFO: Evaluating at iteration 46167
2026-01-08 15:45:20,133 - INFO: Loss: 0.185074
2026-01-08 15:45:20,134 - INFO: Training ROC-AUC: 0.933333
2026-01-08 15:45:20,134 - INFO: Validation ROC-AUC: 0.580520
2026-01-08 15:45:31,628 - INFO: Evaluating at iteration 46667
2026-01-08 15:45:31,808 - INFO: Loss: 0.484449
2026-01-08 15:45:31,809 - INFO: Training ROC-AUC: 0.833333
2026-01-08 15:45:31,809 - INFO: Validation ROC-AUC: 0.580473
2026-01-08 15:45:43,342 - INFO: Evaluating at iteration 47167
2026-01-08 15:45:43,528 - INFO: Loss: 0.334751
2026-01-08 15:45:43,528 - INFO: Training ROC-AUC: 0.922705
2026-01-08 15:45:43,528 - INFO: Validation ROC-AUC: 0.575611
2026-01-08 15:45:55,063 - INFO: Evaluating at iteration 47667
2026-01-08 15:45:55,246 - INFO: Loss: 0.519574
2026-01-08 15:45:55,246 - INFO: Training ROC-AUC: 0.806763
2026-01-08 15:45:55,246 - INFO: Validation ROC-AUC: 0.553907
2026-01-08 15:46:06,845 - INFO: Evaluating at iteration 48167
2026-01-08 15:46:07,024 - INFO: Loss: 0.260792
2026-01-08 15:46:07,024 - INFO: Training ROC-AUC: 0.925926
2026-01-08 15:46:07,024 - INFO: Validation ROC-AUC: 0.538244
2026-01-08 15:46:07,860 - INFO: Starting epoch 20
2026-01-08 15:46:07,885 - INFO: Evaluating at iteration 48204
2026-01-08 15:46:08,066 - INFO: Loss: 0.221175
2026-01-08 15:46:08,066 - INFO: Training ROC-AUC: 0.970370
2026-01-08 15:46:08,066 - INFO: Validation ROC-AUC: 0.545217
2026-01-08 15:46:19,709 - INFO: Evaluating at iteration 48704
2026-01-08 15:46:19,890 - INFO: Loss: 0.325544
2026-01-08 15:46:19,890 - INFO: Training ROC-AUC: 0.891429
2026-01-08 15:46:19,890 - INFO: Validation ROC-AUC: 0.573407
2026-01-08 15:46:31,455 - INFO: Evaluating at iteration 49204
2026-01-08 15:46:31,636 - INFO: Loss: 0.518935
2026-01-08 15:46:31,637 - INFO: Training ROC-AUC: 0.772727
2026-01-08 15:46:31,637 - INFO: Validation ROC-AUC: 0.568169
2026-01-08 15:46:43,293 - INFO: Evaluating at iteration 49704
2026-01-08 15:46:43,472 - INFO: Loss: 0.219344
2026-01-08 15:46:43,472 - INFO: Training ROC-AUC: 0.933333
2026-01-08 15:46:43,472 - INFO: Validation ROC-AUC: 0.572412
2026-01-08 15:46:55,082 - INFO: Evaluating at iteration 50204
2026-01-08 15:46:55,261 - INFO: Loss: 0.160658
2026-01-08 15:46:55,261 - INFO: Training ROC-AUC: 0.965517
2026-01-08 15:46:55,261 - INFO: Validation ROC-AUC: 0.564234
2026-01-08 15:47:06,881 - INFO: Evaluating at iteration 50704
2026-01-08 15:47:07,061 - INFO: Loss: 0.338200
2026-01-08 15:47:07,061 - INFO: Training ROC-AUC: 0.868571
2026-01-08 15:47:07,061 - INFO: Validation ROC-AUC: 0.545789
2026-01-08 15:47:07,904 - INFO: Starting epoch 21
2026-01-08 15:47:07,929 - INFO: Evaluating at iteration 50741
2026-01-08 15:47:08,110 - INFO: Loss: 0.228928
2026-01-08 15:47:08,110 - INFO: Training ROC-AUC: 0.955357
2026-01-08 15:47:08,110 - INFO: Validation ROC-AUC: 0.552563
2026-01-08 15:47:19,714 - INFO: Evaluating at iteration 51241
2026-01-08 15:47:19,893 - INFO: Loss: 0.198885
2026-01-08 15:47:19,893 - INFO: Training ROC-AUC: 0.928571
2026-01-08 15:47:19,893 - INFO: Validation ROC-AUC: 0.561631
2026-01-08 15:47:31,528 - INFO: Evaluating at iteration 51741
2026-01-08 15:47:31,707 - INFO: Loss: 0.231973
2026-01-08 15:47:31,707 - INFO: Training ROC-AUC: 0.816092
2026-01-08 15:47:31,707 - INFO: Validation ROC-AUC: 0.548661
2026-01-08 15:47:43,349 - INFO: Evaluating at iteration 52241
2026-01-08 15:47:43,529 - INFO: Loss: 0.216891
2026-01-08 15:47:43,529 - INFO: Training ROC-AUC: 0.955357
2026-01-08 15:47:43,529 - INFO: Validation ROC-AUC: 0.563911
2026-01-08 15:47:55,123 - INFO: Evaluating at iteration 52741
2026-01-08 15:47:55,302 - INFO: Loss: 0.366059
2026-01-08 15:47:55,302 - INFO: Training ROC-AUC: 0.817143
2026-01-08 15:47:55,302 - INFO: Validation ROC-AUC: 0.568253
2026-01-08 15:48:06,977 - INFO: Evaluating at iteration 53241
2026-01-08 15:48:07,155 - INFO: Loss: 0.240255
2026-01-08 15:48:07,155 - INFO: Training ROC-AUC: 0.862069
2026-01-08 15:48:07,155 - INFO: Validation ROC-AUC: 0.555853
2026-01-08 15:48:07,993 - INFO: Starting epoch 22
2026-01-08 15:48:08,017 - INFO: Evaluating at iteration 53278
2026-01-08 15:48:08,189 - INFO: Loss: 0.200028
2026-01-08 15:48:08,189 - INFO: Training ROC-AUC: 0.919540
2026-01-08 15:48:08,189 - INFO: Validation ROC-AUC: 0.563631
2026-01-08 15:48:19,897 - INFO: Evaluating at iteration 53778
2026-01-08 15:48:20,076 - INFO: Loss: 0.263690
2026-01-08 15:48:20,077 - INFO: Training ROC-AUC: 0.937500
2026-01-08 15:48:20,077 - INFO: Validation ROC-AUC: 0.555128
2026-01-08 15:48:31,764 - INFO: Evaluating at iteration 54278
2026-01-08 15:48:31,951 - INFO: Loss: 0.257854
2026-01-08 15:48:31,951 - INFO: Training ROC-AUC: 0.794643
2026-01-08 15:48:31,951 - INFO: Validation ROC-AUC: 0.569761
2026-01-08 15:48:43,634 - INFO: Evaluating at iteration 54778
2026-01-08 15:48:43,812 - INFO: Loss: 0.195131
2026-01-08 15:48:43,812 - INFO: Training ROC-AUC: 0.942529
2026-01-08 15:48:43,812 - INFO: Validation ROC-AUC: 0.572126
2026-01-08 15:48:55,504 - INFO: Evaluating at iteration 55278
2026-01-08 15:48:55,682 - INFO: Loss: 0.278452
2026-01-08 15:48:55,683 - INFO: Training ROC-AUC: 0.866071
2026-01-08 15:48:55,683 - INFO: Validation ROC-AUC: 0.558782
2026-01-08 15:49:07,397 - INFO: Evaluating at iteration 55778
2026-01-08 15:49:07,578 - INFO: Loss: 0.374287
2026-01-08 15:49:07,578 - INFO: Training ROC-AUC: 0.826923
2026-01-08 15:49:07,578 - INFO: Validation ROC-AUC: 0.543125
2026-01-08 15:49:08,420 - INFO: Starting epoch 23
2026-01-08 15:49:08,444 - INFO: Evaluating at iteration 55815
2026-01-08 15:49:08,625 - INFO: Loss: 0.337383
2026-01-08 15:49:08,625 - INFO: Training ROC-AUC: 0.891429
2026-01-08 15:49:08,625 - INFO: Validation ROC-AUC: 0.543921
2026-01-08 15:49:20,389 - INFO: Evaluating at iteration 56315
2026-01-08 15:49:20,569 - INFO: Loss: 0.316815
2026-01-08 15:49:20,569 - INFO: Training ROC-AUC: 0.891026
2026-01-08 15:49:20,569 - INFO: Validation ROC-AUC: 0.562540
2026-01-08 15:49:32,296 - INFO: Evaluating at iteration 56815
2026-01-08 15:49:32,482 - INFO: Loss: 0.136732
2026-01-08 15:49:32,482 - INFO: Training ROC-AUC: 0.950000
2026-01-08 15:49:32,482 - INFO: Validation ROC-AUC: 0.559107
2026-01-08 15:49:44,202 - INFO: Evaluating at iteration 57315
2026-01-08 15:49:44,381 - INFO: Loss: 0.262375
2026-01-08 15:49:44,381 - INFO: Training ROC-AUC: 0.948718
2026-01-08 15:49:44,381 - INFO: Validation ROC-AUC: 0.549975
2026-01-08 15:49:56,129 - INFO: Evaluating at iteration 57815
2026-01-08 15:49:56,308 - INFO: Loss: 0.292433
2026-01-08 15:49:56,308 - INFO: Training ROC-AUC: 0.785714
2026-01-08 15:49:56,308 - INFO: Validation ROC-AUC: 0.545043
2026-01-08 15:50:08,298 - INFO: Evaluating at iteration 58315
2026-01-08 15:50:08,477 - INFO: Loss: 0.292068
2026-01-08 15:50:08,477 - INFO: Training ROC-AUC: 0.918519
2026-01-08 15:50:08,478 - INFO: Validation ROC-AUC: 0.540300
2026-01-08 15:50:09,331 - INFO: Starting epoch 24
2026-01-08 15:50:09,357 - INFO: Evaluating at iteration 58352
2026-01-08 15:50:09,538 - INFO: Loss: 0.285016
2026-01-08 15:50:09,538 - INFO: Training ROC-AUC: 0.874074
2026-01-08 15:50:09,538 - INFO: Validation ROC-AUC: 0.545296
2026-01-08 15:50:21,317 - INFO: Evaluating at iteration 58852
2026-01-08 15:50:21,496 - INFO: Loss: 0.155750
2026-01-08 15:50:21,496 - INFO: Training ROC-AUC: 0.988506
2026-01-08 15:50:21,496 - INFO: Validation ROC-AUC: 0.561672
2026-01-08 15:50:33,313 - INFO: Evaluating at iteration 59352
2026-01-08 15:50:33,497 - INFO: Loss: 0.228362
2026-01-08 15:50:33,497 - INFO: Training ROC-AUC: 0.919540
2026-01-08 15:50:33,497 - INFO: Validation ROC-AUC: 0.559305
2026-01-08 15:50:45,348 - INFO: Evaluating at iteration 59852
2026-01-08 15:50:45,527 - INFO: Loss: 0.274841
2026-01-08 15:50:45,527 - INFO: Training ROC-AUC: 0.903704
2026-01-08 15:50:45,528 - INFO: Validation ROC-AUC: 0.549353
2026-01-08 15:50:57,379 - INFO: Evaluating at iteration 60352
2026-01-08 15:50:57,560 - INFO: Loss: 0.298339
2026-01-08 15:50:57,560 - INFO: Training ROC-AUC: 0.859259
2026-01-08 15:50:57,560 - INFO: Validation ROC-AUC: 0.556632
2026-01-08 15:51:09,475 - INFO: Evaluating at iteration 60852
2026-01-08 15:51:09,657 - INFO: Loss: 0.329471
2026-01-08 15:51:09,657 - INFO: Training ROC-AUC: 0.829630
2026-01-08 15:51:09,657 - INFO: Validation ROC-AUC: 0.575655
2026-01-08 15:51:10,541 - INFO: Starting epoch 25
2026-01-08 15:51:10,567 - INFO: Evaluating at iteration 60889
2026-01-08 15:51:10,749 - INFO: Loss: 0.431638
2026-01-08 15:51:10,749 - INFO: Training ROC-AUC: 0.748571
2026-01-08 15:51:10,749 - INFO: Validation ROC-AUC: 0.569642
2026-01-08 15:51:22,695 - INFO: Evaluating at iteration 61389
2026-01-08 15:51:22,878 - INFO: Loss: 0.190748
2026-01-08 15:51:22,878 - INFO: Training ROC-AUC: 0.973214
2026-01-08 15:51:22,878 - INFO: Validation ROC-AUC: 0.561343
2026-01-08 15:51:34,749 - INFO: Evaluating at iteration 61889
2026-01-08 15:51:34,936 - INFO: Loss: 0.316727
2026-01-08 15:51:34,936 - INFO: Training ROC-AUC: 0.866667
2026-01-08 15:51:34,936 - INFO: Validation ROC-AUC: 0.538283
2026-01-08 15:51:46,867 - INFO: Evaluating at iteration 62389
2026-01-08 15:51:47,047 - INFO: Loss: 0.453554
2026-01-08 15:51:47,047 - INFO: Training ROC-AUC: 0.830918
2026-01-08 15:51:47,047 - INFO: Validation ROC-AUC: 0.563744
2026-01-08 15:51:58,886 - INFO: Evaluating at iteration 62889
2026-01-08 15:51:59,066 - INFO: Loss: 0.415635
2026-01-08 15:51:59,066 - INFO: Training ROC-AUC: 0.822917
2026-01-08 15:51:59,066 - INFO: Validation ROC-AUC: 0.548201
2026-01-08 15:52:10,950 - INFO: Evaluating at iteration 63389
2026-01-08 15:52:11,131 - INFO: Loss: 0.269783
2026-01-08 15:52:11,131 - INFO: Training ROC-AUC: 0.837037
2026-01-08 15:52:11,131 - INFO: Validation ROC-AUC: 0.553736
2026-01-08 15:52:11,995 - INFO: Saving model to models/TCRStructMap_peptide_split_cdrs_mhc_pseudo/model_2.pt
2026-01-08 15:52:12,008 - INFO: Starting fold 3
2026-01-08 15:52:12,472 - INFO: Initialising model
2026-01-08 15:52:12,481 - INFO: Starting training
2026-01-08 15:52:12,481 - INFO: Starting epoch 1
2026-01-08 15:52:12,504 - INFO: Evaluating at iteration 1
2026-01-08 15:52:16,773 - INFO: Loss: 0.707257
2026-01-08 15:52:16,773 - INFO: Training ROC-AUC: 0.564103
2026-01-08 15:52:16,773 - INFO: Validation ROC-AUC: 0.475142
2026-01-08 15:52:26,406 - INFO: Starting epoch 2
2026-01-08 15:52:26,427 - INFO: Evaluating at iteration 457
2026-01-08 15:52:30,709 - INFO: Loss: 0.521853
2026-01-08 15:52:30,709 - INFO: Training ROC-AUC: 0.680000
2026-01-08 15:52:30,709 - INFO: Validation ROC-AUC: 0.429389
2026-01-08 15:52:40,564 - INFO: Starting epoch 3
2026-01-08 15:52:40,586 - INFO: Evaluating at iteration 913
2026-01-08 15:52:44,854 - INFO: Loss: 0.319306
2026-01-08 15:52:44,854 - INFO: Training ROC-AUC: 0.829630
2026-01-08 15:52:44,854 - INFO: Validation ROC-AUC: 0.420953
2026-01-08 15:52:54,852 - INFO: Starting epoch 4
2026-01-08 15:52:54,874 - INFO: Evaluating at iteration 1369
2026-01-08 15:52:59,149 - INFO: Loss: 0.225951
2026-01-08 15:52:59,150 - INFO: Training ROC-AUC: 0.966667
2026-01-08 15:52:59,150 - INFO: Validation ROC-AUC: 0.417917
2026-01-08 15:53:09,164 - INFO: Starting epoch 5
2026-01-08 15:53:09,186 - INFO: Evaluating at iteration 1825
2026-01-08 15:53:13,450 - INFO: Loss: 0.177639
2026-01-08 15:53:13,450 - INFO: Training ROC-AUC: 0.916667
2026-01-08 15:53:13,450 - INFO: Validation ROC-AUC: 0.415235
2026-01-08 15:53:23,481 - INFO: Starting epoch 6
2026-01-08 15:53:23,503 - INFO: Evaluating at iteration 2281
2026-01-08 15:53:27,769 - INFO: Loss: 0.244497
2026-01-08 15:53:27,769 - INFO: Training ROC-AUC: 0.666667
2026-01-08 15:53:27,769 - INFO: Validation ROC-AUC: 0.412033
2026-01-08 15:53:37,801 - INFO: Starting epoch 7
2026-01-08 15:53:37,823 - INFO: Evaluating at iteration 2737
2026-01-08 15:53:42,171 - INFO: Loss: 0.441401
2026-01-08 15:53:42,171 - INFO: Training ROC-AUC: 0.848958
2026-01-08 15:53:42,171 - INFO: Validation ROC-AUC: 0.410142
2026-01-08 15:53:52,219 - INFO: Starting epoch 8
2026-01-08 15:53:52,241 - INFO: Evaluating at iteration 3193
2026-01-08 15:53:56,457 - INFO: Loss: 0.328241
2026-01-08 15:53:56,457 - INFO: Training ROC-AUC: 0.878205
2026-01-08 15:53:56,457 - INFO: Validation ROC-AUC: 0.409560
2026-01-08 15:54:06,463 - INFO: Starting epoch 9
2026-01-08 15:54:06,485 - INFO: Evaluating at iteration 3649
2026-01-08 15:54:10,743 - INFO: Loss: 0.316020
2026-01-08 15:54:10,743 - INFO: Training ROC-AUC: 0.723214
2026-01-08 15:54:10,743 - INFO: Validation ROC-AUC: 0.406539
2026-01-08 15:54:20,756 - INFO: Starting epoch 10
2026-01-08 15:54:20,778 - INFO: Evaluating at iteration 4105
2026-01-08 15:54:25,038 - INFO: Loss: 0.444443
2026-01-08 15:54:25,038 - INFO: Training ROC-AUC: 0.750000
2026-01-08 15:54:25,038 - INFO: Validation ROC-AUC: 0.405525
2026-01-08 15:54:35,039 - INFO: Starting epoch 11
2026-01-08 15:54:35,061 - INFO: Evaluating at iteration 4561
2026-01-08 15:54:39,305 - INFO: Loss: 0.232342
2026-01-08 15:54:39,305 - INFO: Training ROC-AUC: 0.919643
2026-01-08 15:54:39,305 - INFO: Validation ROC-AUC: 0.404322
2026-01-08 15:54:49,307 - INFO: Starting epoch 12
2026-01-08 15:54:49,333 - INFO: Evaluating at iteration 5017
2026-01-08 15:54:53,584 - INFO: Loss: 0.352971
2026-01-08 15:54:53,584 - INFO: Training ROC-AUC: 0.880000
2026-01-08 15:54:53,584 - INFO: Validation ROC-AUC: 0.403991
2026-01-08 15:55:03,580 - INFO: Starting epoch 13
2026-01-08 15:55:03,602 - INFO: Evaluating at iteration 5473
2026-01-08 15:55:07,920 - INFO: Loss: 0.153717
2026-01-08 15:55:07,921 - INFO: Training ROC-AUC: 1.000000
2026-01-08 15:55:07,921 - INFO: Validation ROC-AUC: 0.403725
2026-01-08 15:55:17,884 - INFO: Starting epoch 14
2026-01-08 15:55:17,906 - INFO: Evaluating at iteration 5929
2026-01-08 15:55:22,218 - INFO: Loss: 0.372136
2026-01-08 15:55:22,218 - INFO: Training ROC-AUC: 0.880000
2026-01-08 15:55:22,218 - INFO: Validation ROC-AUC: 0.403070
2026-01-08 15:55:32,145 - INFO: Starting epoch 15
2026-01-08 15:55:32,167 - INFO: Evaluating at iteration 6385
2026-01-08 15:55:36,454 - INFO: Loss: 0.266853
2026-01-08 15:55:36,454 - INFO: Training ROC-AUC: 0.866071
2026-01-08 15:55:36,454 - INFO: Validation ROC-AUC: 0.404815
2026-01-08 15:55:46,361 - INFO: Starting epoch 16
2026-01-08 15:55:46,386 - INFO: Evaluating at iteration 6841
2026-01-08 15:55:50,638 - INFO: Loss: 0.345219
2026-01-08 15:55:50,639 - INFO: Training ROC-AUC: 0.822222
2026-01-08 15:55:50,639 - INFO: Validation ROC-AUC: 0.402214
2026-01-08 15:56:00,524 - INFO: Starting epoch 17
2026-01-08 15:56:00,550 - INFO: Evaluating at iteration 7297
2026-01-08 15:56:04,818 - INFO: Loss: 0.156143
2026-01-08 15:56:04,818 - INFO: Training ROC-AUC: 1.000000
2026-01-08 15:56:04,818 - INFO: Validation ROC-AUC: 0.405893
2026-01-08 15:56:14,797 - INFO: Starting epoch 18
2026-01-08 15:56:14,819 - INFO: Evaluating at iteration 7753
2026-01-08 15:56:19,101 - INFO: Loss: 0.347481
2026-01-08 15:56:19,102 - INFO: Training ROC-AUC: 0.913043
2026-01-08 15:56:19,102 - INFO: Validation ROC-AUC: 0.408057
2026-01-08 15:56:29,007 - INFO: Starting epoch 19
2026-01-08 15:56:29,029 - INFO: Evaluating at iteration 8209
2026-01-08 15:56:33,314 - INFO: Loss: 0.254027
2026-01-08 15:56:33,314 - INFO: Training ROC-AUC: 0.735632
2026-01-08 15:56:33,314 - INFO: Validation ROC-AUC: 0.406185
2026-01-08 15:56:43,223 - INFO: Starting epoch 20
2026-01-08 15:56:43,245 - INFO: Evaluating at iteration 8665
2026-01-08 15:56:47,472 - INFO: Loss: 0.100178
2026-01-08 15:56:47,472 - INFO: Training ROC-AUC: 1.000000
2026-01-08 15:56:47,472 - INFO: Validation ROC-AUC: 0.405053
2026-01-08 15:56:57,397 - INFO: Starting epoch 21
2026-01-08 15:56:57,419 - INFO: Evaluating at iteration 9121
2026-01-08 15:57:01,641 - INFO: Loss: 0.240801
2026-01-08 15:57:01,641 - INFO: Training ROC-AUC: 0.928571
2026-01-08 15:57:01,641 - INFO: Validation ROC-AUC: 0.406270
2026-01-08 15:57:11,544 - INFO: Starting epoch 22
2026-01-08 15:57:11,566 - INFO: Evaluating at iteration 9577
2026-01-08 15:57:15,860 - INFO: Loss: 0.229098
2026-01-08 15:57:15,860 - INFO: Training ROC-AUC: 0.919643
2026-01-08 15:57:15,860 - INFO: Validation ROC-AUC: 0.406013
2026-01-08 15:57:25,852 - INFO: Starting epoch 23
2026-01-08 15:57:25,874 - INFO: Evaluating at iteration 10033
2026-01-08 15:57:30,220 - INFO: Loss: 0.318745
2026-01-08 15:57:30,221 - INFO: Training ROC-AUC: 0.908571
2026-01-08 15:57:30,221 - INFO: Validation ROC-AUC: 0.407504
2026-01-08 15:57:40,257 - INFO: Starting epoch 24
2026-01-08 15:57:40,279 - INFO: Evaluating at iteration 10489
2026-01-08 15:57:44,576 - INFO: Loss: 0.283706
2026-01-08 15:57:44,576 - INFO: Training ROC-AUC: 0.830357
2026-01-08 15:57:44,576 - INFO: Validation ROC-AUC: 0.407684
2026-01-08 15:57:54,563 - INFO: Starting epoch 25
2026-01-08 15:57:54,588 - INFO: Evaluating at iteration 10945
2026-01-08 15:57:58,913 - INFO: Loss: 0.311199
2026-01-08 15:57:58,913 - INFO: Training ROC-AUC: 0.844444
2026-01-08 15:57:58,913 - INFO: Validation ROC-AUC: 0.407309
2026-01-08 15:58:09,002 - INFO: Saving model to models/TCRStructMap_peptide_split_cdrs_mhc_pseudo/model_3.pt
2026-01-08 15:58:09,014 - INFO: Starting fold 4
2026-01-08 15:58:09,066 - INFO: Initialising model
2026-01-08 15:58:09,078 - INFO: Starting training
2026-01-08 15:58:09,078 - INFO: Starting epoch 1
2026-01-08 15:58:09,103 - INFO: Evaluating at iteration 1
2026-01-08 15:58:09,536 - INFO: Loss: 0.676019
2026-01-08 15:58:09,536 - INFO: Training ROC-AUC: 0.600000
2026-01-08 15:58:09,537 - INFO: Validation ROC-AUC: 0.536376
2026-01-08 15:58:20,290 - INFO: Evaluating at iteration 501
2026-01-08 15:58:20,689 - INFO: Loss: 0.601572
2026-01-08 15:58:20,689 - INFO: Training ROC-AUC: 0.604167
2026-01-08 15:58:20,689 - INFO: Validation ROC-AUC: 0.318033
2026-01-08 15:58:33,119 - INFO: Evaluating at iteration 1001
2026-01-08 15:58:33,656 - INFO: Loss: 0.465921
2026-01-08 15:58:33,657 - INFO: Training ROC-AUC: 0.673077
2026-01-08 15:58:33,657 - INFO: Validation ROC-AUC: 0.447626
2026-01-08 15:58:47,783 - INFO: Evaluating at iteration 1501
2026-01-08 15:58:48,257 - INFO: Loss: 0.394925
2026-01-08 15:58:48,257 - INFO: Training ROC-AUC: 0.685897
2026-01-08 15:58:48,257 - INFO: Validation ROC-AUC: 0.485100
2026-01-08 15:59:00,061 - INFO: Evaluating at iteration 2001
2026-01-08 15:59:00,503 - INFO: Loss: 0.309391
2026-01-08 15:59:00,503 - INFO: Training ROC-AUC: 0.923077
2026-01-08 15:59:00,503 - INFO: Validation ROC-AUC: 0.407958
2026-01-08 15:59:09,464 - INFO: Starting epoch 2
2026-01-08 15:59:09,487 - INFO: Evaluating at iteration 2419
2026-01-08 15:59:09,888 - INFO: Loss: 0.338890
2026-01-08 15:59:09,888 - INFO: Training ROC-AUC: 0.830357
2026-01-08 15:59:09,888 - INFO: Validation ROC-AUC: 0.421509
2026-01-08 15:59:20,617 - INFO: Evaluating at iteration 2919
2026-01-08 15:59:21,046 - INFO: Loss: 0.428360
2026-01-08 15:59:21,047 - INFO: Training ROC-AUC: 0.828125
2026-01-08 15:59:21,047 - INFO: Validation ROC-AUC: 0.409709
2026-01-08 15:59:31,662 - INFO: Evaluating at iteration 3419
2026-01-08 15:59:32,060 - INFO: Loss: 0.265902
2026-01-08 15:59:32,060 - INFO: Training ROC-AUC: 0.892857
2026-01-08 15:59:32,060 - INFO: Validation ROC-AUC: 0.441364
2026-01-08 15:59:42,700 - INFO: Evaluating at iteration 3919
2026-01-08 15:59:43,101 - INFO: Loss: 0.588255
2026-01-08 15:59:43,101 - INFO: Training ROC-AUC: 0.727273
2026-01-08 15:59:43,101 - INFO: Validation ROC-AUC: 0.557173
2026-01-08 15:59:53,729 - INFO: Evaluating at iteration 4419
2026-01-08 15:59:54,131 - INFO: Loss: 0.310840
2026-01-08 15:59:54,132 - INFO: Training ROC-AUC: 0.785714
2026-01-08 15:59:54,132 - INFO: Validation ROC-AUC: 0.590990
2026-01-08 16:00:03,051 - INFO: Starting epoch 3
2026-01-08 16:00:03,074 - INFO: Evaluating at iteration 4837
2026-01-08 16:00:03,472 - INFO: Loss: 0.299114
2026-01-08 16:00:03,472 - INFO: Training ROC-AUC: 0.947917
2026-01-08 16:00:03,472 - INFO: Validation ROC-AUC: 0.556188
2026-01-08 16:00:14,218 - INFO: Evaluating at iteration 5337
2026-01-08 16:00:14,620 - INFO: Loss: 0.210391
2026-01-08 16:00:14,620 - INFO: Training ROC-AUC: 0.977011
2026-01-08 16:00:14,620 - INFO: Validation ROC-AUC: 0.641771
2026-01-08 16:00:25,301 - INFO: Evaluating at iteration 5837
2026-01-08 16:00:25,707 - INFO: Loss: 0.303537
2026-01-08 16:00:25,707 - INFO: Training ROC-AUC: 0.844444
2026-01-08 16:00:25,707 - INFO: Validation ROC-AUC: 0.632216
2026-01-08 16:00:36,378 - INFO: Evaluating at iteration 6337
2026-01-08 16:00:36,785 - INFO: Loss: 0.373205
2026-01-08 16:00:36,785 - INFO: Training ROC-AUC: 0.733333
2026-01-08 16:00:36,785 - INFO: Validation ROC-AUC: 0.645488
2026-01-08 16:00:47,428 - INFO: Evaluating at iteration 6837
2026-01-08 16:00:47,830 - INFO: Loss: 0.347932
2026-01-08 16:00:47,830 - INFO: Training ROC-AUC: 0.852564
2026-01-08 16:00:47,831 - INFO: Validation ROC-AUC: 0.680514
2026-01-08 16:00:56,722 - INFO: Starting epoch 4
2026-01-08 16:00:56,745 - INFO: Evaluating at iteration 7255
2026-01-08 16:00:57,154 - INFO: Loss: 0.443326
2026-01-08 16:00:57,154 - INFO: Training ROC-AUC: 0.834286
2026-01-08 16:00:57,154 - INFO: Validation ROC-AUC: 0.625229
2026-01-08 16:01:07,858 - INFO: Evaluating at iteration 7755
2026-01-08 16:01:08,285 - INFO: Loss: 0.363166
2026-01-08 16:01:08,285 - INFO: Training ROC-AUC: 0.777778
2026-01-08 16:01:08,285 - INFO: Validation ROC-AUC: 0.612683
2026-01-08 16:01:18,985 - INFO: Evaluating at iteration 8255
2026-01-08 16:01:19,405 - INFO: Loss: 0.292367
2026-01-08 16:01:19,405 - INFO: Training ROC-AUC: 0.929487
2026-01-08 16:01:19,405 - INFO: Validation ROC-AUC: 0.675468
2026-01-08 16:01:30,129 - INFO: Evaluating at iteration 8755
2026-01-08 16:01:30,551 - INFO: Loss: 0.287931
2026-01-08 16:01:30,551 - INFO: Training ROC-AUC: 0.955128
2026-01-08 16:01:30,551 - INFO: Validation ROC-AUC: 0.635873
2026-01-08 16:01:41,257 - INFO: Evaluating at iteration 9255
2026-01-08 16:01:41,653 - INFO: Loss: 0.296787
2026-01-08 16:01:41,653 - INFO: Training ROC-AUC: 0.829630
2026-01-08 16:01:41,654 - INFO: Validation ROC-AUC: 0.637964
2026-01-08 16:01:50,601 - INFO: Starting epoch 5
2026-01-08 16:01:50,623 - INFO: Evaluating at iteration 9673
2026-01-08 16:01:51,022 - INFO: Loss: 0.340155
2026-01-08 16:01:51,022 - INFO: Training ROC-AUC: 0.650000
2026-01-08 16:01:51,022 - INFO: Validation ROC-AUC: 0.627552
2026-01-08 16:02:01,790 - INFO: Evaluating at iteration 10173
2026-01-08 16:02:02,191 - INFO: Loss: 0.335916
2026-01-08 16:02:02,191 - INFO: Training ROC-AUC: 0.616071
2026-01-08 16:02:02,191 - INFO: Validation ROC-AUC: 0.637820
2026-01-08 16:02:12,957 - INFO: Evaluating at iteration 10673
2026-01-08 16:02:13,393 - INFO: Loss: 0.231411
2026-01-08 16:02:13,393 - INFO: Training ROC-AUC: 0.700000
2026-01-08 16:02:13,393 - INFO: Validation ROC-AUC: 0.576285
2026-01-08 16:02:24,177 - INFO: Evaluating at iteration 11173
2026-01-08 16:02:24,575 - INFO: Loss: 0.391935
2026-01-08 16:02:24,575 - INFO: Training ROC-AUC: 0.775641
2026-01-08 16:02:24,575 - INFO: Validation ROC-AUC: 0.588809
2026-01-08 16:02:35,350 - INFO: Evaluating at iteration 11673
2026-01-08 16:02:35,745 - INFO: Loss: 0.445485
2026-01-08 16:02:35,746 - INFO: Training ROC-AUC: 0.679487
2026-01-08 16:02:35,746 - INFO: Validation ROC-AUC: 0.611805
2026-01-08 16:02:44,754 - INFO: Starting epoch 6
2026-01-08 16:02:44,778 - INFO: Evaluating at iteration 12091
2026-01-08 16:02:45,175 - INFO: Loss: 0.325331
2026-01-08 16:02:45,175 - INFO: Training ROC-AUC: 0.785714
2026-01-08 16:02:45,175 - INFO: Validation ROC-AUC: 0.605563
2026-01-08 16:02:55,988 - INFO: Evaluating at iteration 12591
2026-01-08 16:02:56,412 - INFO: Loss: 0.477073
2026-01-08 16:02:56,413 - INFO: Training ROC-AUC: 0.765625
2026-01-08 16:02:56,413 - INFO: Validation ROC-AUC: 0.610568
2026-01-08 16:03:07,225 - INFO: Evaluating at iteration 13091
2026-01-08 16:03:07,647 - INFO: Loss: 0.277562
2026-01-08 16:03:07,647 - INFO: Training ROC-AUC: 0.466667
2026-01-08 16:03:07,647 - INFO: Validation ROC-AUC: 0.583250
2026-01-08 16:03:18,465 - INFO: Evaluating at iteration 13591
2026-01-08 16:03:18,905 - INFO: Loss: 0.364625
2026-01-08 16:03:18,905 - INFO: Training ROC-AUC: 0.775641
2026-01-08 16:03:18,905 - INFO: Validation ROC-AUC: 0.591867
2026-01-08 16:03:29,735 - INFO: Evaluating at iteration 14091
2026-01-08 16:03:30,160 - INFO: Loss: 0.129304
2026-01-08 16:03:30,160 - INFO: Training ROC-AUC: 0.988506
2026-01-08 16:03:30,160 - INFO: Validation ROC-AUC: 0.594648
2026-01-08 16:03:39,166 - INFO: Starting epoch 7
2026-01-08 16:03:39,190 - INFO: Evaluating at iteration 14509
2026-01-08 16:03:39,603 - INFO: Loss: 0.322667
2026-01-08 16:03:39,603 - INFO: Training ROC-AUC: 0.961353
2026-01-08 16:03:39,603 - INFO: Validation ROC-AUC: 0.578178
2026-01-08 16:03:50,427 - INFO: Evaluating at iteration 15009
2026-01-08 16:03:50,825 - INFO: Loss: 0.383682
2026-01-08 16:03:50,825 - INFO: Training ROC-AUC: 0.807692
2026-01-08 16:03:50,825 - INFO: Validation ROC-AUC: 0.592360
2026-01-08 16:04:01,678 - INFO: Evaluating at iteration 15509
2026-01-08 16:04:02,098 - INFO: Loss: 0.246513
2026-01-08 16:04:02,098 - INFO: Training ROC-AUC: 0.758621
2026-01-08 16:04:02,098 - INFO: Validation ROC-AUC: 0.593727
2026-01-08 16:04:12,966 - INFO: Evaluating at iteration 16009
2026-01-08 16:04:13,389 - INFO: Loss: 0.455953
2026-01-08 16:04:13,389 - INFO: Training ROC-AUC: 0.826087
2026-01-08 16:04:13,389 - INFO: Validation ROC-AUC: 0.609012
2026-01-08 16:04:24,224 - INFO: Evaluating at iteration 16509
2026-01-08 16:04:24,639 - INFO: Loss: 0.319288
2026-01-08 16:04:24,639 - INFO: Training ROC-AUC: 0.891429
2026-01-08 16:04:24,639 - INFO: Validation ROC-AUC: 0.587870
2026-01-08 16:04:33,672 - INFO: Starting epoch 8
2026-01-08 16:04:33,695 - INFO: Evaluating at iteration 16927
2026-01-08 16:04:34,091 - INFO: Loss: 0.469749
2026-01-08 16:04:34,091 - INFO: Training ROC-AUC: 0.459259
2026-01-08 16:04:34,091 - INFO: Validation ROC-AUC: 0.570785
2026-01-08 16:04:44,950 - INFO: Evaluating at iteration 17427
2026-01-08 16:04:45,346 - INFO: Loss: 0.584890
2026-01-08 16:04:45,346 - INFO: Training ROC-AUC: 0.740909
2026-01-08 16:04:45,346 - INFO: Validation ROC-AUC: 0.638285
2026-01-08 16:04:56,198 - INFO: Evaluating at iteration 17927
2026-01-08 16:04:56,594 - INFO: Loss: 0.218584
2026-01-08 16:04:56,594 - INFO: Training ROC-AUC: 0.885057
2026-01-08 16:04:56,594 - INFO: Validation ROC-AUC: 0.550521
2026-01-08 16:05:07,444 - INFO: Evaluating at iteration 18427
2026-01-08 16:05:07,847 - INFO: Loss: 0.222600
2026-01-08 16:05:07,847 - INFO: Training ROC-AUC: 0.931034
2026-01-08 16:05:07,847 - INFO: Validation ROC-AUC: 0.589828
2026-01-08 16:05:18,690 - INFO: Evaluating at iteration 18927
2026-01-08 16:05:19,130 - INFO: Loss: 0.229510
2026-01-08 16:05:19,130 - INFO: Training ROC-AUC: 0.933333
2026-01-08 16:05:19,131 - INFO: Validation ROC-AUC: 0.593837
2026-01-08 16:05:28,202 - INFO: Starting epoch 9
2026-01-08 16:05:28,227 - INFO: Evaluating at iteration 19345
2026-01-08 16:05:28,653 - INFO: Loss: 0.320465
2026-01-08 16:05:28,654 - INFO: Training ROC-AUC: 0.871795
2026-01-08 16:05:28,654 - INFO: Validation ROC-AUC: 0.632932
2026-01-08 16:05:39,469 - INFO: Evaluating at iteration 19845
2026-01-08 16:05:39,868 - INFO: Loss: 0.285201
2026-01-08 16:05:39,868 - INFO: Training ROC-AUC: 0.857143
2026-01-08 16:05:39,868 - INFO: Validation ROC-AUC: 0.611278
2026-01-08 16:05:50,709 - INFO: Evaluating at iteration 20345
2026-01-08 16:05:51,104 - INFO: Loss: 0.197106
2026-01-08 16:05:51,105 - INFO: Training ROC-AUC: 0.908046
2026-01-08 16:05:51,105 - INFO: Validation ROC-AUC: 0.584667
2026-01-08 16:06:01,972 - INFO: Evaluating at iteration 20845
2026-01-08 16:06:02,370 - INFO: Loss: 0.266883
2026-01-08 16:06:02,370 - INFO: Training ROC-AUC: 0.896296
2026-01-08 16:06:02,370 - INFO: Validation ROC-AUC: 0.574286
2026-01-08 16:06:13,257 - INFO: Evaluating at iteration 21345
2026-01-08 16:06:13,678 - INFO: Loss: 0.463069
2026-01-08 16:06:13,678 - INFO: Training ROC-AUC: 0.807292
2026-01-08 16:06:13,678 - INFO: Validation ROC-AUC: 0.577861
2026-01-08 16:06:22,767 - INFO: Starting epoch 10
2026-01-08 16:06:22,790 - INFO: Evaluating at iteration 21763
2026-01-08 16:06:23,199 - INFO: Loss: 0.289402
2026-01-08 16:06:23,199 - INFO: Training ROC-AUC: 0.916667
2026-01-08 16:06:23,199 - INFO: Validation ROC-AUC: 0.585942
2026-01-08 16:06:33,892 - INFO: Evaluating at iteration 22263
2026-01-08 16:06:34,289 - INFO: Loss: 0.463279
2026-01-08 16:06:34,289 - INFO: Training ROC-AUC: 0.511111
2026-01-08 16:06:34,289 - INFO: Validation ROC-AUC: 0.590323
2026-01-08 16:06:44,849 - INFO: Evaluating at iteration 22763
2026-01-08 16:06:45,248 - INFO: Loss: 0.351583
2026-01-08 16:06:45,248 - INFO: Training ROC-AUC: 0.826923
2026-01-08 16:06:45,248 - INFO: Validation ROC-AUC: 0.550158
2026-01-08 16:06:55,850 - INFO: Evaluating at iteration 23263
2026-01-08 16:06:56,270 - INFO: Loss: 0.304720
2026-01-08 16:06:56,270 - INFO: Training ROC-AUC: 0.858974
2026-01-08 16:06:56,270 - INFO: Validation ROC-AUC: 0.552395
2026-01-08 16:07:06,851 - INFO: Evaluating at iteration 23763
2026-01-08 16:07:07,265 - INFO: Loss: 0.553854
2026-01-08 16:07:07,266 - INFO: Training ROC-AUC: 0.854545
2026-01-08 16:07:07,266 - INFO: Validation ROC-AUC: 0.614272
2026-01-08 16:07:16,231 - INFO: Starting epoch 11
2026-01-08 16:07:16,254 - INFO: Evaluating at iteration 24181
2026-01-08 16:07:16,655 - INFO: Loss: 0.351493
2026-01-08 16:07:16,655 - INFO: Training ROC-AUC: 0.846154
2026-01-08 16:07:16,655 - INFO: Validation ROC-AUC: 0.572488
2026-01-08 16:07:27,309 - INFO: Evaluating at iteration 24681
2026-01-08 16:07:27,724 - INFO: Loss: 0.349169
2026-01-08 16:07:27,724 - INFO: Training ROC-AUC: 0.811429
2026-01-08 16:07:27,724 - INFO: Validation ROC-AUC: 0.598333
2026-01-08 16:07:38,333 - INFO: Evaluating at iteration 25181
2026-01-08 16:07:38,748 - INFO: Loss: 0.417148
2026-01-08 16:07:38,748 - INFO: Training ROC-AUC: 0.760000
2026-01-08 16:07:38,748 - INFO: Validation ROC-AUC: 0.564977
2026-01-08 16:07:49,341 - INFO: Evaluating at iteration 25681
2026-01-08 16:07:49,753 - INFO: Loss: 0.275046
2026-01-08 16:07:49,753 - INFO: Training ROC-AUC: 0.875000
2026-01-08 16:07:49,754 - INFO: Validation ROC-AUC: 0.599366
2026-01-08 16:08:00,473 - INFO: Evaluating at iteration 26181
2026-01-08 16:08:00,864 - INFO: Loss: 0.371722
2026-01-08 16:08:00,864 - INFO: Training ROC-AUC: 0.807692
2026-01-08 16:08:00,864 - INFO: Validation ROC-AUC: 0.563442
2026-01-08 16:08:09,759 - INFO: Starting epoch 12
2026-01-08 16:08:09,783 - INFO: Evaluating at iteration 26599
2026-01-08 16:08:10,183 - INFO: Loss: 0.219016
2026-01-08 16:08:10,183 - INFO: Training ROC-AUC: 0.908046
2026-01-08 16:08:10,183 - INFO: Validation ROC-AUC: 0.585319
2026-01-08 16:08:20,871 - INFO: Evaluating at iteration 27099
2026-01-08 16:08:21,264 - INFO: Loss: 0.229791
2026-01-08 16:08:21,264 - INFO: Training ROC-AUC: 0.955556
2026-01-08 16:08:21,264 - INFO: Validation ROC-AUC: 0.533787
2026-01-08 16:08:32,186 - INFO: Evaluating at iteration 27599
2026-01-08 16:08:32,598 - INFO: Loss: 0.336656
2026-01-08 16:08:32,598 - INFO: Training ROC-AUC: 0.829630
2026-01-08 16:08:32,598 - INFO: Validation ROC-AUC: 0.590963
2026-01-08 16:08:43,516 - INFO: Evaluating at iteration 28099
2026-01-08 16:08:43,915 - INFO: Loss: 0.474044
2026-01-08 16:08:43,915 - INFO: Training ROC-AUC: 0.870130
2026-01-08 16:08:43,915 - INFO: Validation ROC-AUC: 0.606293
2026-01-08 16:08:54,772 - INFO: Evaluating at iteration 28599
2026-01-08 16:08:55,185 - INFO: Loss: 0.375360
2026-01-08 16:08:55,186 - INFO: Training ROC-AUC: 0.807692
2026-01-08 16:08:55,186 - INFO: Validation ROC-AUC: 0.567263
2026-01-08 16:09:04,269 - INFO: Starting epoch 13
2026-01-08 16:09:04,293 - INFO: Evaluating at iteration 29017
2026-01-08 16:09:04,719 - INFO: Loss: 0.393222
2026-01-08 16:09:04,720 - INFO: Training ROC-AUC: 0.786458
2026-01-08 16:09:04,720 - INFO: Validation ROC-AUC: 0.594915
2026-01-08 16:09:15,538 - INFO: Evaluating at iteration 29517
2026-01-08 16:09:15,930 - INFO: Loss: 0.387685
2026-01-08 16:09:15,930 - INFO: Training ROC-AUC: 0.756410
2026-01-08 16:09:15,930 - INFO: Validation ROC-AUC: 0.530073
2026-01-08 16:09:26,507 - INFO: Evaluating at iteration 30017
2026-01-08 16:09:26,895 - INFO: Loss: 0.391182
2026-01-08 16:09:26,895 - INFO: Training ROC-AUC: 0.770833
2026-01-08 16:09:26,895 - INFO: Validation ROC-AUC: 0.549171
2026-01-08 16:09:37,500 - INFO: Evaluating at iteration 30517
2026-01-08 16:09:37,889 - INFO: Loss: 0.251242
2026-01-08 16:09:37,890 - INFO: Training ROC-AUC: 0.650000
2026-01-08 16:09:37,890 - INFO: Validation ROC-AUC: 0.569483
2026-01-08 16:09:48,739 - INFO: Evaluating at iteration 31017
2026-01-08 16:09:49,161 - INFO: Loss: 0.283369
2026-01-08 16:09:49,161 - INFO: Training ROC-AUC: 0.767857
2026-01-08 16:09:49,161 - INFO: Validation ROC-AUC: 0.610537
2026-01-08 16:09:58,263 - INFO: Starting epoch 14
2026-01-08 16:09:58,286 - INFO: Evaluating at iteration 31435
2026-01-08 16:09:58,694 - INFO: Loss: 0.349962
2026-01-08 16:09:58,694 - INFO: Training ROC-AUC: 0.833333
2026-01-08 16:09:58,694 - INFO: Validation ROC-AUC: 0.574949
2026-01-08 16:10:09,638 - INFO: Evaluating at iteration 31935
2026-01-08 16:10:10,064 - INFO: Loss: 0.262898
2026-01-08 16:10:10,064 - INFO: Training ROC-AUC: 0.793103
2026-01-08 16:10:10,064 - INFO: Validation ROC-AUC: 0.594454
2026-01-08 16:10:20,946 - INFO: Evaluating at iteration 32435
2026-01-08 16:10:21,373 - INFO: Loss: 0.242090
2026-01-08 16:10:21,373 - INFO: Training ROC-AUC: 0.916667
2026-01-08 16:10:21,373 - INFO: Validation ROC-AUC: 0.614101
2026-01-08 16:10:32,273 - INFO: Evaluating at iteration 32935
2026-01-08 16:10:32,674 - INFO: Loss: 0.417070
2026-01-08 16:10:32,675 - INFO: Training ROC-AUC: 0.748571
2026-01-08 16:10:32,675 - INFO: Validation ROC-AUC: 0.570425
2026-01-08 16:10:43,523 - INFO: Evaluating at iteration 33435
2026-01-08 16:10:43,941 - INFO: Loss: 0.168120
2026-01-08 16:10:43,941 - INFO: Training ROC-AUC: 0.774194
2026-01-08 16:10:43,941 - INFO: Validation ROC-AUC: 0.586429
2026-01-08 16:10:52,843 - INFO: Starting epoch 15
2026-01-08 16:10:52,865 - INFO: Evaluating at iteration 33853
2026-01-08 16:10:53,286 - INFO: Loss: 0.261607
2026-01-08 16:10:53,286 - INFO: Training ROC-AUC: 0.942308
2026-01-08 16:10:53,286 - INFO: Validation ROC-AUC: 0.631812
2026-01-08 16:11:03,921 - INFO: Evaluating at iteration 34353
2026-01-08 16:11:04,317 - INFO: Loss: 0.238078
2026-01-08 16:11:04,317 - INFO: Training ROC-AUC: 0.918519
2026-01-08 16:11:04,317 - INFO: Validation ROC-AUC: 0.585941
2026-01-08 16:11:14,968 - INFO: Evaluating at iteration 34853
2026-01-08 16:11:15,367 - INFO: Loss: 0.217723
2026-01-08 16:11:15,367 - INFO: Training ROC-AUC: 0.800000
2026-01-08 16:11:15,367 - INFO: Validation ROC-AUC: 0.524823
2026-01-08 16:11:26,082 - INFO: Evaluating at iteration 35353
2026-01-08 16:11:26,473 - INFO: Loss: 0.406227
2026-01-08 16:11:26,474 - INFO: Training ROC-AUC: 0.859375
2026-01-08 16:11:26,474 - INFO: Validation ROC-AUC: 0.574169
2026-01-08 16:11:37,340 - INFO: Evaluating at iteration 35853
2026-01-08 16:11:37,743 - INFO: Loss: 0.417221
2026-01-08 16:11:37,743 - INFO: Training ROC-AUC: 0.903382
2026-01-08 16:11:37,743 - INFO: Validation ROC-AUC: 0.622505
2026-01-08 16:11:46,944 - INFO: Starting epoch 16
2026-01-08 16:11:46,968 - INFO: Evaluating at iteration 36271
2026-01-08 16:11:47,369 - INFO: Loss: 0.436394
2026-01-08 16:11:47,369 - INFO: Training ROC-AUC: 0.720000
2026-01-08 16:11:47,369 - INFO: Validation ROC-AUC: 0.575364
2026-01-08 16:11:58,152 - INFO: Evaluating at iteration 36771
2026-01-08 16:11:58,544 - INFO: Loss: 0.317477
2026-01-08 16:11:58,544 - INFO: Training ROC-AUC: 0.897436
2026-01-08 16:11:58,544 - INFO: Validation ROC-AUC: 0.547841
2026-01-08 16:12:09,321 - INFO: Evaluating at iteration 37271
2026-01-08 16:12:09,747 - INFO: Loss: 0.417931
2026-01-08 16:12:09,747 - INFO: Training ROC-AUC: 0.771429
2026-01-08 16:12:09,747 - INFO: Validation ROC-AUC: 0.551382
2026-01-08 16:12:20,762 - INFO: Evaluating at iteration 37771
2026-01-08 16:12:21,190 - INFO: Loss: 0.343290
2026-01-08 16:12:21,190 - INFO: Training ROC-AUC: 0.762821
2026-01-08 16:12:21,190 - INFO: Validation ROC-AUC: 0.575389
2026-01-08 16:12:32,226 - INFO: Evaluating at iteration 38271
2026-01-08 16:12:32,633 - INFO: Loss: 0.253449
2026-01-08 16:12:32,633 - INFO: Training ROC-AUC: 0.781609
2026-01-08 16:12:32,633 - INFO: Validation ROC-AUC: 0.586317
2026-01-08 16:12:41,861 - INFO: Starting epoch 17
2026-01-08 16:12:41,886 - INFO: Evaluating at iteration 38689
2026-01-08 16:12:42,287 - INFO: Loss: 0.708780
2026-01-08 16:12:42,287 - INFO: Training ROC-AUC: 0.462857
2026-01-08 16:12:42,287 - INFO: Validation ROC-AUC: 0.570194
2026-01-08 16:12:53,270 - INFO: Evaluating at iteration 39189
2026-01-08 16:12:53,695 - INFO: Loss: 0.244472
2026-01-08 16:12:53,695 - INFO: Training ROC-AUC: 0.892857
2026-01-08 16:12:53,695 - INFO: Validation ROC-AUC: 0.575380
2026-01-08 16:13:04,453 - INFO: Evaluating at iteration 39689
2026-01-08 16:13:04,867 - INFO: Loss: 0.363472
2026-01-08 16:13:04,868 - INFO: Training ROC-AUC: 0.880000
2026-01-08 16:13:04,868 - INFO: Validation ROC-AUC: 0.550552
2026-01-08 16:13:15,610 - INFO: Evaluating at iteration 40189
2026-01-08 16:13:16,014 - INFO: Loss: 0.302678
2026-01-08 16:13:16,014 - INFO: Training ROC-AUC: 0.803571
2026-01-08 16:13:16,014 - INFO: Validation ROC-AUC: 0.573175
2026-01-08 16:13:26,746 - INFO: Evaluating at iteration 40689
2026-01-08 16:13:27,171 - INFO: Loss: 0.158618
2026-01-08 16:13:27,172 - INFO: Training ROC-AUC: 1.000000
2026-01-08 16:13:27,172 - INFO: Validation ROC-AUC: 0.567546
2026-01-08 16:13:36,400 - INFO: Starting epoch 18
2026-01-08 16:13:36,423 - INFO: Evaluating at iteration 41107
2026-01-08 16:13:36,822 - INFO: Loss: 0.343019
2026-01-08 16:13:36,822 - INFO: Training ROC-AUC: 0.767857
2026-01-08 16:13:36,822 - INFO: Validation ROC-AUC: 0.590783
2026-01-08 16:13:47,893 - INFO: Evaluating at iteration 41607
2026-01-08 16:13:48,311 - INFO: Loss: 0.341692
2026-01-08 16:13:48,311 - INFO: Training ROC-AUC: 0.820513
2026-01-08 16:13:48,311 - INFO: Validation ROC-AUC: 0.573957
2026-01-08 16:13:59,160 - INFO: Evaluating at iteration 42107
2026-01-08 16:13:59,574 - INFO: Loss: 0.375676
2026-01-08 16:13:59,574 - INFO: Training ROC-AUC: 0.828571
2026-01-08 16:13:59,574 - INFO: Validation ROC-AUC: 0.592474
2026-01-08 16:14:10,411 - INFO: Evaluating at iteration 42607
2026-01-08 16:14:10,802 - INFO: Loss: 0.465597
2026-01-08 16:14:10,802 - INFO: Training ROC-AUC: 0.807292
2026-01-08 16:14:10,802 - INFO: Validation ROC-AUC: 0.552277
2026-01-08 16:14:21,793 - INFO: Evaluating at iteration 43107
2026-01-08 16:14:22,197 - INFO: Loss: 0.444477
2026-01-08 16:14:22,197 - INFO: Training ROC-AUC: 0.845411
2026-01-08 16:14:22,197 - INFO: Validation ROC-AUC: 0.551027
2026-01-08 16:14:31,450 - INFO: Starting epoch 19
2026-01-08 16:14:31,474 - INFO: Evaluating at iteration 43525
2026-01-08 16:14:31,871 - INFO: Loss: 0.365295
2026-01-08 16:14:31,871 - INFO: Training ROC-AUC: 0.762963
2026-01-08 16:14:31,871 - INFO: Validation ROC-AUC: 0.595419
2026-01-08 16:14:42,830 - INFO: Evaluating at iteration 44025
2026-01-08 16:14:43,226 - INFO: Loss: 0.319702
2026-01-08 16:14:43,226 - INFO: Training ROC-AUC: 0.785185
2026-01-08 16:14:43,226 - INFO: Validation ROC-AUC: 0.574987
2026-01-08 16:14:54,053 - INFO: Evaluating at iteration 44525
2026-01-08 16:14:54,450 - INFO: Loss: 0.380944
2026-01-08 16:14:54,450 - INFO: Training ROC-AUC: 0.703704
2026-01-08 16:14:54,450 - INFO: Validation ROC-AUC: 0.584228
2026-01-08 16:15:05,478 - INFO: Evaluating at iteration 45025
2026-01-08 16:15:05,906 - INFO: Loss: 0.376402
2026-01-08 16:15:05,906 - INFO: Training ROC-AUC: 0.771429
2026-01-08 16:15:05,906 - INFO: Validation ROC-AUC: 0.550411
2026-01-08 16:15:17,094 - INFO: Evaluating at iteration 45525
2026-01-08 16:15:17,508 - INFO: Loss: 0.204074
2026-01-08 16:15:17,508 - INFO: Training ROC-AUC: 1.000000
2026-01-08 16:15:17,508 - INFO: Validation ROC-AUC: 0.604814
2026-01-08 16:15:26,798 - INFO: Starting epoch 20
2026-01-08 16:15:26,822 - INFO: Evaluating at iteration 45943
2026-01-08 16:15:27,250 - INFO: Loss: 0.249020
2026-01-08 16:15:27,250 - INFO: Training ROC-AUC: 0.533333
2026-01-08 16:15:27,250 - INFO: Validation ROC-AUC: 0.535677
2026-01-08 16:15:38,280 - INFO: Evaluating at iteration 46443
2026-01-08 16:15:38,684 - INFO: Loss: 0.410193
2026-01-08 16:15:38,684 - INFO: Training ROC-AUC: 0.765714
2026-01-08 16:15:38,684 - INFO: Validation ROC-AUC: 0.552605
2026-01-08 16:15:49,832 - INFO: Evaluating at iteration 46943
2026-01-08 16:15:50,254 - INFO: Loss: 0.159656
2026-01-08 16:15:50,254 - INFO: Training ROC-AUC: 0.903226
2026-01-08 16:15:50,254 - INFO: Validation ROC-AUC: 0.540974
2026-01-08 16:16:01,467 - INFO: Evaluating at iteration 47443
2026-01-08 16:16:01,874 - INFO: Loss: 0.293596
2026-01-08 16:16:01,874 - INFO: Training ROC-AUC: 0.937143
2026-01-08 16:16:01,874 - INFO: Validation ROC-AUC: 0.573985
2026-01-08 16:16:13,155 - INFO: Evaluating at iteration 47943
2026-01-08 16:16:13,586 - INFO: Loss: 0.248676
2026-01-08 16:16:13,586 - INFO: Training ROC-AUC: 0.970370
2026-01-08 16:16:13,586 - INFO: Validation ROC-AUC: 0.580852
2026-01-08 16:16:23,001 - INFO: Starting epoch 21
2026-01-08 16:16:23,026 - INFO: Evaluating at iteration 48361
2026-01-08 16:16:23,440 - INFO: Loss: 0.304534
2026-01-08 16:16:23,440 - INFO: Training ROC-AUC: 0.776786
2026-01-08 16:16:23,441 - INFO: Validation ROC-AUC: 0.539948
2026-01-08 16:16:34,515 - INFO: Evaluating at iteration 48861
2026-01-08 16:16:34,929 - INFO: Loss: 0.349936
2026-01-08 16:16:34,929 - INFO: Training ROC-AUC: 0.878205
2026-01-08 16:16:34,929 - INFO: Validation ROC-AUC: 0.559814
2026-01-08 16:16:45,916 - INFO: Evaluating at iteration 49361
2026-01-08 16:16:46,328 - INFO: Loss: 0.242235
2026-01-08 16:16:46,328 - INFO: Training ROC-AUC: 0.866071
2026-01-08 16:16:46,328 - INFO: Validation ROC-AUC: 0.578506
2026-01-08 16:16:57,501 - INFO: Evaluating at iteration 49861
2026-01-08 16:16:57,916 - INFO: Loss: 0.279816
2026-01-08 16:16:57,916 - INFO: Training ROC-AUC: 0.794643
2026-01-08 16:16:57,916 - INFO: Validation ROC-AUC: 0.545581
2026-01-08 16:17:09,277 - INFO: Evaluating at iteration 50361
2026-01-08 16:17:09,703 - INFO: Loss: 0.526092
2026-01-08 16:17:09,705 - INFO: Training ROC-AUC: 0.671875
2026-01-08 16:17:09,705 - INFO: Validation ROC-AUC: 0.561619
2026-01-08 16:17:19,064 - INFO: Starting epoch 22
2026-01-08 16:17:19,088 - INFO: Evaluating at iteration 50779
2026-01-08 16:17:19,505 - INFO: Loss: 0.287260
2026-01-08 16:17:19,505 - INFO: Training ROC-AUC: 0.878205
2026-01-08 16:17:19,505 - INFO: Validation ROC-AUC: 0.559764
2026-01-08 16:17:30,540 - INFO: Evaluating at iteration 51279
2026-01-08 16:17:30,927 - INFO: Loss: 0.345439
2026-01-08 16:17:30,927 - INFO: Training ROC-AUC: 0.801282
2026-01-08 16:17:30,927 - INFO: Validation ROC-AUC: 0.542695
2026-01-08 16:17:42,044 - INFO: Evaluating at iteration 51779
2026-01-08 16:17:42,443 - INFO: Loss: 0.272257
2026-01-08 16:17:42,443 - INFO: Training ROC-AUC: 0.735632
2026-01-08 16:17:42,443 - INFO: Validation ROC-AUC: 0.554900
2026-01-08 16:17:53,767 - INFO: Evaluating at iteration 52279
2026-01-08 16:17:54,161 - INFO: Loss: 0.293347
2026-01-08 16:17:54,161 - INFO: Training ROC-AUC: 0.733333
2026-01-08 16:17:54,162 - INFO: Validation ROC-AUC: 0.545667
2026-01-08 16:18:05,517 - INFO: Evaluating at iteration 52779
2026-01-08 16:18:05,935 - INFO: Loss: 0.165666
2026-01-08 16:18:05,936 - INFO: Training ROC-AUC: 0.955357
2026-01-08 16:18:05,936 - INFO: Validation ROC-AUC: 0.520972
2026-01-08 16:18:15,413 - INFO: Starting epoch 23
2026-01-08 16:18:15,437 - INFO: Evaluating at iteration 53197
2026-01-08 16:18:15,850 - INFO: Loss: 0.260148
2026-01-08 16:18:15,850 - INFO: Training ROC-AUC: 0.903704
2026-01-08 16:18:15,850 - INFO: Validation ROC-AUC: 0.560660
2026-01-08 16:18:27,172 - INFO: Evaluating at iteration 53697
2026-01-08 16:18:27,594 - INFO: Loss: 0.347706
2026-01-08 16:18:27,594 - INFO: Training ROC-AUC: 0.777778
2026-01-08 16:18:27,594 - INFO: Validation ROC-AUC: 0.576421
2026-01-08 16:18:39,052 - INFO: Evaluating at iteration 54197
2026-01-08 16:18:39,451 - INFO: Loss: 0.483389
2026-01-08 16:18:39,451 - INFO: Training ROC-AUC: 0.845455
2026-01-08 16:18:39,451 - INFO: Validation ROC-AUC: 0.540470
2026-01-08 16:18:50,776 - INFO: Evaluating at iteration 54697
2026-01-08 16:18:51,164 - INFO: Loss: 0.411075
2026-01-08 16:18:51,164 - INFO: Training ROC-AUC: 0.770833
2026-01-08 16:18:51,164 - INFO: Validation ROC-AUC: 0.537776
2026-01-08 16:19:02,335 - INFO: Evaluating at iteration 55197
2026-01-08 16:19:02,724 - INFO: Loss: 0.210088
2026-01-08 16:19:02,724 - INFO: Training ROC-AUC: 0.946429
2026-01-08 16:19:02,724 - INFO: Validation ROC-AUC: 0.549452
2026-01-08 16:19:12,068 - INFO: Starting epoch 24
2026-01-08 16:19:12,091 - INFO: Evaluating at iteration 55615
2026-01-08 16:19:12,503 - INFO: Loss: 0.404160
2026-01-08 16:19:12,503 - INFO: Training ROC-AUC: 0.681481
2026-01-08 16:19:12,503 - INFO: Validation ROC-AUC: 0.552420
2026-01-08 16:19:23,621 - INFO: Evaluating at iteration 56115
2026-01-08 16:19:24,033 - INFO: Loss: 0.312709
2026-01-08 16:19:24,033 - INFO: Training ROC-AUC: 0.812500
2026-01-08 16:19:24,033 - INFO: Validation ROC-AUC: 0.565812
2026-01-08 16:19:35,242 - INFO: Evaluating at iteration 56615
2026-01-08 16:19:35,639 - INFO: Loss: 0.368088
2026-01-08 16:19:35,639 - INFO: Training ROC-AUC: 0.814103
2026-01-08 16:19:35,639 - INFO: Validation ROC-AUC: 0.554783
2026-01-08 16:19:46,974 - INFO: Evaluating at iteration 57115
2026-01-08 16:19:47,369 - INFO: Loss: 0.236048
2026-01-08 16:19:47,369 - INFO: Training ROC-AUC: 0.873563
2026-01-08 16:19:47,369 - INFO: Validation ROC-AUC: 0.558081
2026-01-08 16:19:58,990 - INFO: Evaluating at iteration 57615
2026-01-08 16:19:59,384 - INFO: Loss: 0.291139
2026-01-08 16:19:59,384 - INFO: Training ROC-AUC: 0.891026
2026-01-08 16:19:59,384 - INFO: Validation ROC-AUC: 0.554632
2026-01-08 16:20:09,096 - INFO: Starting epoch 25
2026-01-08 16:20:09,122 - INFO: Evaluating at iteration 58033
2026-01-08 16:20:09,523 - INFO: Loss: 0.384839
2026-01-08 16:20:09,523 - INFO: Training ROC-AUC: 0.820513
2026-01-08 16:20:09,523 - INFO: Validation ROC-AUC: 0.593015
2026-01-08 16:20:21,067 - INFO: Evaluating at iteration 58533
2026-01-08 16:20:21,476 - INFO: Loss: 0.289707
2026-01-08 16:20:21,476 - INFO: Training ROC-AUC: 0.812500
2026-01-08 16:20:21,476 - INFO: Validation ROC-AUC: 0.575543
2026-01-08 16:20:32,842 - INFO: Evaluating at iteration 59033
2026-01-08 16:20:33,235 - INFO: Loss: 0.346395
2026-01-08 16:20:33,236 - INFO: Training ROC-AUC: 0.865385
2026-01-08 16:20:33,236 - INFO: Validation ROC-AUC: 0.554653
2026-01-08 16:20:44,445 - INFO: Evaluating at iteration 59533
2026-01-08 16:20:44,860 - INFO: Loss: 0.313472
2026-01-08 16:20:44,860 - INFO: Training ROC-AUC: 0.829630
2026-01-08 16:20:44,860 - INFO: Validation ROC-AUC: 0.577540
2026-01-08 16:20:56,492 - INFO: Evaluating at iteration 60033
2026-01-08 16:20:56,909 - INFO: Loss: 0.319483
2026-01-08 16:20:56,909 - INFO: Training ROC-AUC: 0.902857
2026-01-08 16:20:56,909 - INFO: Validation ROC-AUC: 0.560564
2026-01-08 16:21:06,708 - INFO: Saving model to models/TCRStructMap_peptide_split_cdrs_mhc_pseudo/model_4.pt
2026-01-08 16:21:06,721 - INFO: Starting fold 5
2026-01-08 16:21:06,747 - INFO: Initialising model
2026-01-08 16:21:06,756 - INFO: Starting training
2026-01-08 16:21:06,756 - INFO: Starting epoch 1
2026-01-08 16:21:06,780 - INFO: Evaluating at iteration 1
2026-01-08 16:21:07,060 - INFO: Loss: 0.677672
2026-01-08 16:21:07,061 - INFO: Training ROC-AUC: 0.586207
2026-01-08 16:21:07,061 - INFO: Validation ROC-AUC: 0.449145
2026-01-08 16:21:17,611 - INFO: Evaluating at iteration 501
2026-01-08 16:21:17,914 - INFO: Loss: 0.469370
2026-01-08 16:21:17,914 - INFO: Training ROC-AUC: 0.647436
2026-01-08 16:21:17,914 - INFO: Validation ROC-AUC: 0.419370
2026-01-08 16:21:28,487 - INFO: Evaluating at iteration 1001
2026-01-08 16:21:28,767 - INFO: Loss: 0.377465
2026-01-08 16:21:28,767 - INFO: Training ROC-AUC: 0.614815
2026-01-08 16:21:28,767 - INFO: Validation ROC-AUC: 0.397503
2026-01-08 16:21:39,250 - INFO: Evaluating at iteration 1501
2026-01-08 16:21:39,531 - INFO: Loss: 0.322345
2026-01-08 16:21:39,531 - INFO: Training ROC-AUC: 0.776786
2026-01-08 16:21:39,531 - INFO: Validation ROC-AUC: 0.574232
2026-01-08 16:21:50,036 - INFO: Evaluating at iteration 2001
2026-01-08 16:21:50,317 - INFO: Loss: 0.385927
2026-01-08 16:21:50,317 - INFO: Training ROC-AUC: 0.644444
2026-01-08 16:21:50,317 - INFO: Validation ROC-AUC: 0.546423
2026-01-08 16:22:00,193 - INFO: Starting epoch 2
2026-01-08 16:22:00,216 - INFO: Evaluating at iteration 2475
2026-01-08 16:22:00,496 - INFO: Loss: 0.307276
2026-01-08 16:22:00,496 - INFO: Training ROC-AUC: 0.632184
2026-01-08 16:22:00,496 - INFO: Validation ROC-AUC: 0.552347
2026-01-08 16:22:10,971 - INFO: Evaluating at iteration 2975
2026-01-08 16:22:11,250 - INFO: Loss: 0.312856
2026-01-08 16:22:11,250 - INFO: Training ROC-AUC: 0.750000
2026-01-08 16:22:11,250 - INFO: Validation ROC-AUC: 0.546280
2026-01-08 16:22:21,694 - INFO: Evaluating at iteration 3475
2026-01-08 16:22:22,000 - INFO: Loss: 0.453080
2026-01-08 16:22:22,000 - INFO: Training ROC-AUC: 0.859903
2026-01-08 16:22:22,000 - INFO: Validation ROC-AUC: 0.567644
2026-01-08 16:22:32,453 - INFO: Evaluating at iteration 3975
2026-01-08 16:22:32,733 - INFO: Loss: 0.451363
2026-01-08 16:22:32,734 - INFO: Training ROC-AUC: 0.705128
2026-01-08 16:22:32,734 - INFO: Validation ROC-AUC: 0.550707
2026-01-08 16:22:43,176 - INFO: Evaluating at iteration 4475
2026-01-08 16:22:43,457 - INFO: Loss: 0.385858
2026-01-08 16:22:43,457 - INFO: Training ROC-AUC: 0.571429
2026-01-08 16:22:43,457 - INFO: Validation ROC-AUC: 0.551539
2026-01-08 16:22:53,326 - INFO: Starting epoch 3
2026-01-08 16:22:53,348 - INFO: Evaluating at iteration 4949
2026-01-08 16:22:53,628 - INFO: Loss: 0.261960
2026-01-08 16:22:53,628 - INFO: Training ROC-AUC: 0.701149
2026-01-08 16:22:53,628 - INFO: Validation ROC-AUC: 0.559065
2026-01-08 16:23:04,058 - INFO: Evaluating at iteration 5449
2026-01-08 16:23:04,337 - INFO: Loss: 0.450020
2026-01-08 16:23:04,337 - INFO: Training ROC-AUC: 0.511111
2026-01-08 16:23:04,337 - INFO: Validation ROC-AUC: 0.555716
2026-01-08 16:23:14,772 - INFO: Evaluating at iteration 5949
2026-01-08 16:23:15,052 - INFO: Loss: 0.451802
2026-01-08 16:23:15,052 - INFO: Training ROC-AUC: 0.760417
2026-01-08 16:23:15,052 - INFO: Validation ROC-AUC: 0.543896
2026-01-08 16:23:25,498 - INFO: Evaluating at iteration 6449
2026-01-08 16:23:25,778 - INFO: Loss: 0.482161
2026-01-08 16:23:25,778 - INFO: Training ROC-AUC: 0.748792
2026-01-08 16:23:25,778 - INFO: Validation ROC-AUC: 0.561407
2026-01-08 16:23:36,241 - INFO: Evaluating at iteration 6949
2026-01-08 16:23:36,540 - INFO: Loss: 0.212523
2026-01-08 16:23:36,540 - INFO: Training ROC-AUC: 0.942529
2026-01-08 16:23:36,540 - INFO: Validation ROC-AUC: 0.577932
2026-01-08 16:23:46,464 - INFO: Starting epoch 4
2026-01-08 16:23:46,487 - INFO: Evaluating at iteration 7423
2026-01-08 16:23:46,771 - INFO: Loss: 0.334594
2026-01-08 16:23:46,771 - INFO: Training ROC-AUC: 0.891026
2026-01-08 16:23:46,771 - INFO: Validation ROC-AUC: 0.540455
2026-01-08 16:23:57,225 - INFO: Evaluating at iteration 7923
2026-01-08 16:23:57,505 - INFO: Loss: 0.504524
2026-01-08 16:23:57,505 - INFO: Training ROC-AUC: 0.782857
2026-01-08 16:23:57,505 - INFO: Validation ROC-AUC: 0.592536
2026-01-08 16:24:07,934 - INFO: Evaluating at iteration 8423
2026-01-08 16:24:08,214 - INFO: Loss: 0.365061
2026-01-08 16:24:08,214 - INFO: Training ROC-AUC: 0.756410
2026-01-08 16:24:08,214 - INFO: Validation ROC-AUC: 0.587668
2026-01-08 16:24:18,696 - INFO: Evaluating at iteration 8923
2026-01-08 16:24:18,977 - INFO: Loss: 0.393670
2026-01-08 16:24:18,977 - INFO: Training ROC-AUC: 0.845714
2026-01-08 16:24:18,977 - INFO: Validation ROC-AUC: 0.581630
2026-01-08 16:24:29,445 - INFO: Evaluating at iteration 9423
2026-01-08 16:24:29,730 - INFO: Loss: 0.254021
2026-01-08 16:24:29,730 - INFO: Training ROC-AUC: 0.816092
2026-01-08 16:24:29,730 - INFO: Validation ROC-AUC: 0.591091
2026-01-08 16:24:39,680 - INFO: Starting epoch 5
2026-01-08 16:24:39,703 - INFO: Evaluating at iteration 9897
2026-01-08 16:24:40,005 - INFO: Loss: 0.196600
2026-01-08 16:24:40,005 - INFO: Training ROC-AUC: 0.937500
2026-01-08 16:24:40,005 - INFO: Validation ROC-AUC: 0.559006
2026-01-08 16:24:50,568 - INFO: Evaluating at iteration 10397
2026-01-08 16:24:50,849 - INFO: Loss: 0.371862
2026-01-08 16:24:50,850 - INFO: Training ROC-AUC: 0.852564
2026-01-08 16:24:50,850 - INFO: Validation ROC-AUC: 0.568375
2026-01-08 16:25:01,375 - INFO: Evaluating at iteration 10897
2026-01-08 16:25:01,654 - INFO: Loss: 0.307949
2026-01-08 16:25:01,654 - INFO: Training ROC-AUC: 0.927083
2026-01-08 16:25:01,654 - INFO: Validation ROC-AUC: 0.570233
2026-01-08 16:25:12,195 - INFO: Evaluating at iteration 11397
2026-01-08 16:25:12,473 - INFO: Loss: 0.308899
2026-01-08 16:25:12,473 - INFO: Training ROC-AUC: 0.814815
2026-01-08 16:25:12,473 - INFO: Validation ROC-AUC: 0.617892
2026-01-08 16:25:22,978 - INFO: Evaluating at iteration 11897
2026-01-08 16:25:23,261 - INFO: Loss: 0.315599
2026-01-08 16:25:23,261 - INFO: Training ROC-AUC: 0.859259
2026-01-08 16:25:23,261 - INFO: Validation ROC-AUC: 0.600208
2026-01-08 16:25:33,331 - INFO: Starting epoch 6
2026-01-08 16:25:33,354 - INFO: Evaluating at iteration 12371
2026-01-08 16:25:33,634 - INFO: Loss: 0.203338
2026-01-08 16:25:33,634 - INFO: Training ROC-AUC: 0.965517
2026-01-08 16:25:33,635 - INFO: Validation ROC-AUC: 0.613534
2026-01-08 16:25:44,250 - INFO: Evaluating at iteration 12871
2026-01-08 16:25:44,530 - INFO: Loss: 0.296557
2026-01-08 16:25:44,530 - INFO: Training ROC-AUC: 0.884615
2026-01-08 16:25:44,530 - INFO: Validation ROC-AUC: 0.620381
2026-01-08 16:25:55,122 - INFO: Evaluating at iteration 13371
2026-01-08 16:25:55,405 - INFO: Loss: 0.425607
2026-01-08 16:25:55,405 - INFO: Training ROC-AUC: 0.666667
2026-01-08 16:25:55,405 - INFO: Validation ROC-AUC: 0.599984
2026-01-08 16:26:06,055 - INFO: Evaluating at iteration 13871
2026-01-08 16:26:06,356 - INFO: Loss: 0.456446
2026-01-08 16:26:06,356 - INFO: Training ROC-AUC: 0.807292
2026-01-08 16:26:06,356 - INFO: Validation ROC-AUC: 0.615104
2026-01-08 16:26:16,974 - INFO: Evaluating at iteration 14371
2026-01-08 16:26:17,259 - INFO: Loss: 0.272457
2026-01-08 16:26:17,259 - INFO: Training ROC-AUC: 0.866667
2026-01-08 16:26:17,259 - INFO: Validation ROC-AUC: 0.607997
2026-01-08 16:26:27,314 - INFO: Starting epoch 7
2026-01-08 16:26:27,338 - INFO: Evaluating at iteration 14845
2026-01-08 16:26:27,619 - INFO: Loss: 0.479498
2026-01-08 16:26:27,620 - INFO: Training ROC-AUC: 0.836364
2026-01-08 16:26:27,620 - INFO: Validation ROC-AUC: 0.604764
2026-01-08 16:26:38,228 - INFO: Evaluating at iteration 15345
2026-01-08 16:26:38,507 - INFO: Loss: 0.316289
2026-01-08 16:26:38,508 - INFO: Training ROC-AUC: 0.794643
2026-01-08 16:26:38,508 - INFO: Validation ROC-AUC: 0.630310
2026-01-08 16:26:49,155 - INFO: Evaluating at iteration 15845
2026-01-08 16:26:49,438 - INFO: Loss: 0.415063
2026-01-08 16:26:49,439 - INFO: Training ROC-AUC: 0.869565
2026-01-08 16:26:49,439 - INFO: Validation ROC-AUC: 0.627768
2026-01-08 16:27:00,123 - INFO: Evaluating at iteration 16345
2026-01-08 16:27:00,420 - INFO: Loss: 0.466144
2026-01-08 16:27:00,420 - INFO: Training ROC-AUC: 0.811594
2026-01-08 16:27:00,420 - INFO: Validation ROC-AUC: 0.607246
2026-01-08 16:27:11,073 - INFO: Evaluating at iteration 16845
2026-01-08 16:27:11,355 - INFO: Loss: 0.329599
2026-01-08 16:27:11,356 - INFO: Training ROC-AUC: 0.871795
2026-01-08 16:27:11,356 - INFO: Validation ROC-AUC: 0.633170
2026-01-08 16:27:21,460 - INFO: Starting epoch 8
2026-01-08 16:27:21,483 - INFO: Evaluating at iteration 17319
2026-01-08 16:27:21,767 - INFO: Loss: 0.467023
2026-01-08 16:27:21,767 - INFO: Training ROC-AUC: 0.826087
2026-01-08 16:27:21,767 - INFO: Validation ROC-AUC: 0.636318
2026-01-08 16:27:32,467 - INFO: Evaluating at iteration 17819
2026-01-08 16:27:32,746 - INFO: Loss: 0.461102
2026-01-08 16:27:32,746 - INFO: Training ROC-AUC: 0.685714
2026-01-08 16:27:32,746 - INFO: Validation ROC-AUC: 0.592828
2026-01-08 16:27:43,436 - INFO: Evaluating at iteration 18319
2026-01-08 16:27:43,716 - INFO: Loss: 0.382178
2026-01-08 16:27:43,716 - INFO: Training ROC-AUC: 0.718519
2026-01-08 16:27:43,716 - INFO: Validation ROC-AUC: 0.602447
2026-01-08 16:27:54,425 - INFO: Evaluating at iteration 18819
2026-01-08 16:27:54,703 - INFO: Loss: 0.440456
2026-01-08 16:27:54,703 - INFO: Training ROC-AUC: 0.796875
2026-01-08 16:27:54,703 - INFO: Validation ROC-AUC: 0.621279
2026-01-08 16:28:05,422 - INFO: Evaluating at iteration 19319
2026-01-08 16:28:05,702 - INFO: Loss: 0.236880
2026-01-08 16:28:05,702 - INFO: Training ROC-AUC: 0.896296
2026-01-08 16:28:05,702 - INFO: Validation ROC-AUC: 0.611586
2026-01-08 16:28:15,966 - INFO: Starting epoch 9
2026-01-08 16:28:15,989 - INFO: Evaluating at iteration 19793
2026-01-08 16:28:16,274 - INFO: Loss: 0.361826
2026-01-08 16:28:16,274 - INFO: Training ROC-AUC: 0.837037
2026-01-08 16:28:16,274 - INFO: Validation ROC-AUC: 0.630884
2026-01-08 16:28:27,096 - INFO: Evaluating at iteration 20293
2026-01-08 16:28:27,380 - INFO: Loss: 0.339185
2026-01-08 16:28:27,380 - INFO: Training ROC-AUC: 0.807407
2026-01-08 16:28:27,381 - INFO: Validation ROC-AUC: 0.611652
2026-01-08 16:28:38,389 - INFO: Evaluating at iteration 20793
2026-01-08 16:28:38,668 - INFO: Loss: 0.390854
2026-01-08 16:28:38,668 - INFO: Training ROC-AUC: 0.845714
2026-01-08 16:28:38,668 - INFO: Validation ROC-AUC: 0.598969
2026-01-08 16:28:49,593 - INFO: Evaluating at iteration 21293
2026-01-08 16:28:49,873 - INFO: Loss: 0.429933
2026-01-08 16:28:49,873 - INFO: Training ROC-AUC: 0.838542
2026-01-08 16:28:49,873 - INFO: Validation ROC-AUC: 0.620113
2026-01-08 16:29:00,880 - INFO: Evaluating at iteration 21793
2026-01-08 16:29:01,181 - INFO: Loss: 0.252767
2026-01-08 16:29:01,182 - INFO: Training ROC-AUC: 0.804598
2026-01-08 16:29:01,182 - INFO: Validation ROC-AUC: 0.585914
2026-01-08 16:29:11,595 - INFO: Starting epoch 10
2026-01-08 16:29:11,619 - INFO: Evaluating at iteration 22267
2026-01-08 16:29:11,910 - INFO: Loss: 0.417311
2026-01-08 16:29:11,910 - INFO: Training ROC-AUC: 0.760000
2026-01-08 16:29:11,910 - INFO: Validation ROC-AUC: 0.617965
2026-01-08 16:29:22,917 - INFO: Evaluating at iteration 22767
2026-01-08 16:29:23,200 - INFO: Loss: 0.380826
2026-01-08 16:29:23,200 - INFO: Training ROC-AUC: 0.598214
2026-01-08 16:29:23,200 - INFO: Validation ROC-AUC: 0.626699
2026-01-08 16:29:33,994 - INFO: Evaluating at iteration 23267
2026-01-08 16:29:34,274 - INFO: Loss: 0.269688
2026-01-08 16:29:34,274 - INFO: Training ROC-AUC: 0.888889
2026-01-08 16:29:34,274 - INFO: Validation ROC-AUC: 0.637833
2026-01-08 16:29:45,111 - INFO: Evaluating at iteration 23767
2026-01-08 16:29:45,391 - INFO: Loss: 0.373265
2026-01-08 16:29:45,391 - INFO: Training ROC-AUC: 0.769231
2026-01-08 16:29:45,391 - INFO: Validation ROC-AUC: 0.602279
2026-01-08 16:29:56,210 - INFO: Evaluating at iteration 24267
2026-01-08 16:29:56,492 - INFO: Loss: 0.392407
2026-01-08 16:29:56,492 - INFO: Training ROC-AUC: 0.794872
2026-01-08 16:29:56,492 - INFO: Validation ROC-AUC: 0.628037
2026-01-08 16:30:06,913 - INFO: Starting epoch 11
2026-01-08 16:30:06,937 - INFO: Evaluating at iteration 24741
2026-01-08 16:30:07,236 - INFO: Loss: 0.290737
2026-01-08 16:30:07,236 - INFO: Training ROC-AUC: 0.971429
2026-01-08 16:30:07,236 - INFO: Validation ROC-AUC: 0.635449
2026-01-08 16:30:18,213 - INFO: Evaluating at iteration 25241
2026-01-08 16:30:18,501 - INFO: Loss: 0.352758
2026-01-08 16:30:18,501 - INFO: Training ROC-AUC: 0.839744
2026-01-08 16:30:18,501 - INFO: Validation ROC-AUC: 0.596405
2026-01-08 16:30:29,514 - INFO: Evaluating at iteration 25741
2026-01-08 16:30:29,797 - INFO: Loss: 0.404366
2026-01-08 16:30:29,797 - INFO: Training ROC-AUC: 0.874074
2026-01-08 16:30:29,797 - INFO: Validation ROC-AUC: 0.606766
2026-01-08 16:30:40,788 - INFO: Evaluating at iteration 26241
2026-01-08 16:30:41,071 - INFO: Loss: 0.244967
2026-01-08 16:30:41,071 - INFO: Training ROC-AUC: 0.937500
2026-01-08 16:30:41,071 - INFO: Validation ROC-AUC: 0.593272
2026-01-08 16:30:51,997 - INFO: Evaluating at iteration 26741
2026-01-08 16:30:52,280 - INFO: Loss: 0.237998
2026-01-08 16:30:52,280 - INFO: Training ROC-AUC: 0.683333
2026-01-08 16:30:52,280 - INFO: Validation ROC-AUC: 0.626125
2026-01-08 16:31:02,577 - INFO: Starting epoch 12
2026-01-08 16:31:02,600 - INFO: Evaluating at iteration 27215
2026-01-08 16:31:02,880 - INFO: Loss: 0.250299
2026-01-08 16:31:02,880 - INFO: Training ROC-AUC: 0.901786
2026-01-08 16:31:02,881 - INFO: Validation ROC-AUC: 0.626164
2026-01-08 16:31:13,729 - INFO: Evaluating at iteration 27715
2026-01-08 16:31:14,025 - INFO: Loss: 0.222019
2026-01-08 16:31:14,026 - INFO: Training ROC-AUC: 0.839080
2026-01-08 16:31:14,026 - INFO: Validation ROC-AUC: 0.637107
2026-01-08 16:31:24,858 - INFO: Evaluating at iteration 28215
2026-01-08 16:31:25,144 - INFO: Loss: 0.369581
2026-01-08 16:31:25,144 - INFO: Training ROC-AUC: 0.748148
2026-01-08 16:31:25,144 - INFO: Validation ROC-AUC: 0.612498
2026-01-08 16:31:35,934 - INFO: Evaluating at iteration 28715
2026-01-08 16:31:36,213 - INFO: Loss: 0.177168
2026-01-08 16:31:36,213 - INFO: Training ROC-AUC: 0.977011
2026-01-08 16:31:36,213 - INFO: Validation ROC-AUC: 0.607624
2026-01-08 16:31:46,998 - INFO: Evaluating at iteration 29215
2026-01-08 16:31:47,284 - INFO: Loss: 0.350158
2026-01-08 16:31:47,284 - INFO: Training ROC-AUC: 0.851429
2026-01-08 16:31:47,284 - INFO: Validation ROC-AUC: 0.603931
2026-01-08 16:31:57,768 - INFO: Starting epoch 13
2026-01-08 16:31:57,791 - INFO: Evaluating at iteration 29689
2026-01-08 16:31:58,079 - INFO: Loss: 0.318553
2026-01-08 16:31:58,079 - INFO: Training ROC-AUC: 0.807407
2026-01-08 16:31:58,079 - INFO: Validation ROC-AUC: 0.627423
2026-01-08 16:32:08,999 - INFO: Evaluating at iteration 30189
2026-01-08 16:32:09,281 - INFO: Loss: 0.307586
2026-01-08 16:32:09,281 - INFO: Training ROC-AUC: 0.750000
2026-01-08 16:32:09,281 - INFO: Validation ROC-AUC: 0.627868
2026-01-08 16:32:20,144 - INFO: Evaluating at iteration 30689
2026-01-08 16:32:20,442 - INFO: Loss: 0.264830
2026-01-08 16:32:20,442 - INFO: Training ROC-AUC: 0.911111
2026-01-08 16:32:20,442 - INFO: Validation ROC-AUC: 0.614146
2026-01-08 16:32:31,525 - INFO: Evaluating at iteration 31189
2026-01-08 16:32:31,817 - INFO: Loss: 0.448555
2026-01-08 16:32:31,817 - INFO: Training ROC-AUC: 0.685897
2026-01-08 16:32:31,817 - INFO: Validation ROC-AUC: 0.612864
2026-01-08 16:32:42,937 - INFO: Evaluating at iteration 31689
2026-01-08 16:32:43,222 - INFO: Loss: 0.276368
2026-01-08 16:32:43,222 - INFO: Training ROC-AUC: 0.911111
2026-01-08 16:32:43,222 - INFO: Validation ROC-AUC: 0.613920
2026-01-08 16:32:53,777 - INFO: Starting epoch 14
2026-01-08 16:32:53,800 - INFO: Evaluating at iteration 32163
2026-01-08 16:32:54,081 - INFO: Loss: 0.225469
2026-01-08 16:32:54,081 - INFO: Training ROC-AUC: 0.967742
2026-01-08 16:32:54,081 - INFO: Validation ROC-AUC: 0.629063
2026-01-08 16:33:04,994 - INFO: Evaluating at iteration 32663
2026-01-08 16:33:05,275 - INFO: Loss: 0.308229
2026-01-08 16:33:05,275 - INFO: Training ROC-AUC: 0.839744
2026-01-08 16:33:05,275 - INFO: Validation ROC-AUC: 0.611062
2026-01-08 16:33:16,206 - INFO: Evaluating at iteration 33163
2026-01-08 16:33:16,485 - INFO: Loss: 0.308448
2026-01-08 16:33:16,486 - INFO: Training ROC-AUC: 0.897436
2026-01-08 16:33:16,486 - INFO: Validation ROC-AUC: 0.620973
2026-01-08 16:33:27,393 - INFO: Evaluating at iteration 33663
2026-01-08 16:33:27,689 - INFO: Loss: 0.205991
2026-01-08 16:33:27,689 - INFO: Training ROC-AUC: 0.954023
2026-01-08 16:33:27,690 - INFO: Validation ROC-AUC: 0.619630
2026-01-08 16:33:38,865 - INFO: Evaluating at iteration 34163
2026-01-08 16:33:39,153 - INFO: Loss: 0.262910
2026-01-08 16:33:39,154 - INFO: Training ROC-AUC: 0.910256
2026-01-08 16:33:39,154 - INFO: Validation ROC-AUC: 0.629960
2026-01-08 16:33:49,729 - INFO: Starting epoch 15
2026-01-08 16:33:49,753 - INFO: Evaluating at iteration 34637
2026-01-08 16:33:50,039 - INFO: Loss: 0.347098
2026-01-08 16:33:50,040 - INFO: Training ROC-AUC: 0.792593
2026-01-08 16:33:50,040 - INFO: Validation ROC-AUC: 0.636412
2026-01-08 16:34:01,070 - INFO: Evaluating at iteration 35137
2026-01-08 16:34:01,350 - INFO: Loss: 0.286818
2026-01-08 16:34:01,350 - INFO: Training ROC-AUC: 0.821429
2026-01-08 16:34:01,350 - INFO: Validation ROC-AUC: 0.628437
2026-01-08 16:34:12,302 - INFO: Evaluating at iteration 35637
2026-01-08 16:34:12,582 - INFO: Loss: 0.296096
2026-01-08 16:34:12,582 - INFO: Training ROC-AUC: 0.903704
2026-01-08 16:34:12,582 - INFO: Validation ROC-AUC: 0.602912
2026-01-08 16:34:23,676 - INFO: Evaluating at iteration 36137
2026-01-08 16:34:23,961 - INFO: Loss: 0.283100
2026-01-08 16:34:23,961 - INFO: Training ROC-AUC: 0.747126
2026-01-08 16:34:23,961 - INFO: Validation ROC-AUC: 0.619952
2026-01-08 16:34:35,188 - INFO: Evaluating at iteration 36637
2026-01-08 16:34:35,501 - INFO: Loss: 0.342238
2026-01-08 16:34:35,501 - INFO: Training ROC-AUC: 0.792593
2026-01-08 16:34:35,502 - INFO: Validation ROC-AUC: 0.621445
2026-01-08 16:34:46,136 - INFO: Starting epoch 16
2026-01-08 16:34:46,160 - INFO: Evaluating at iteration 37111
2026-01-08 16:34:46,449 - INFO: Loss: 0.281078
2026-01-08 16:34:46,449 - INFO: Training ROC-AUC: 0.866667
2026-01-08 16:34:46,449 - INFO: Validation ROC-AUC: 0.629960
2026-01-08 16:34:57,463 - INFO: Evaluating at iteration 37611
2026-01-08 16:34:57,742 - INFO: Loss: 0.238652
2026-01-08 16:34:57,742 - INFO: Training ROC-AUC: 0.931034
2026-01-08 16:34:57,742 - INFO: Validation ROC-AUC: 0.626863
2026-01-08 16:35:08,753 - INFO: Evaluating at iteration 38111
2026-01-08 16:35:09,033 - INFO: Loss: 0.331068
2026-01-08 16:35:09,033 - INFO: Training ROC-AUC: 0.891429
2026-01-08 16:35:09,033 - INFO: Validation ROC-AUC: 0.633848
2026-01-08 16:35:20,428 - INFO: Evaluating at iteration 38611
2026-01-08 16:35:20,721 - INFO: Loss: 0.285645
2026-01-08 16:35:20,722 - INFO: Training ROC-AUC: 0.896296
2026-01-08 16:35:20,722 - INFO: Validation ROC-AUC: 0.632690
2026-01-08 16:35:32,033 - INFO: Evaluating at iteration 39111
2026-01-08 16:35:32,312 - INFO: Loss: 0.449404
2026-01-08 16:35:32,312 - INFO: Training ROC-AUC: 0.896104
2026-01-08 16:35:32,312 - INFO: Validation ROC-AUC: 0.618024
2026-01-08 16:35:42,793 - INFO: Starting epoch 17
2026-01-08 16:35:42,817 - INFO: Evaluating at iteration 39585
2026-01-08 16:35:43,119 - INFO: Loss: 0.375978
2026-01-08 16:35:43,119 - INFO: Training ROC-AUC: 0.914286
2026-01-08 16:35:43,119 - INFO: Validation ROC-AUC: 0.624953
2026-01-08 16:35:54,419 - INFO: Evaluating at iteration 40085
2026-01-08 16:35:54,705 - INFO: Loss: 0.414364
2026-01-08 16:35:54,705 - INFO: Training ROC-AUC: 0.770833
2026-01-08 16:35:54,705 - INFO: Validation ROC-AUC: 0.615155
2026-01-08 16:36:05,866 - INFO: Evaluating at iteration 40585
2026-01-08 16:36:06,152 - INFO: Loss: 0.334227
2026-01-08 16:36:06,152 - INFO: Training ROC-AUC: 0.846154
2026-01-08 16:36:06,152 - INFO: Validation ROC-AUC: 0.640625
2026-01-08 16:36:17,525 - INFO: Evaluating at iteration 41085
2026-01-08 16:36:17,808 - INFO: Loss: 0.195696
2026-01-08 16:36:17,809 - INFO: Training ROC-AUC: 0.966667
2026-01-08 16:36:17,809 - INFO: Validation ROC-AUC: 0.640535
2026-01-08 16:36:29,036 - INFO: Evaluating at iteration 41585
2026-01-08 16:36:29,319 - INFO: Loss: 0.268595
2026-01-08 16:36:29,319 - INFO: Training ROC-AUC: 0.866071
2026-01-08 16:36:29,319 - INFO: Validation ROC-AUC: 0.615910
2026-01-08 16:36:39,759 - INFO: Starting epoch 18
2026-01-08 16:36:39,783 - INFO: Evaluating at iteration 42059
2026-01-08 16:36:40,061 - INFO: Loss: 0.353001
2026-01-08 16:36:40,061 - INFO: Training ROC-AUC: 0.888889
2026-01-08 16:36:40,061 - INFO: Validation ROC-AUC: 0.613197
2026-01-08 16:36:51,154 - INFO: Evaluating at iteration 42559
2026-01-08 16:36:51,453 - INFO: Loss: 0.303559
2026-01-08 16:36:51,453 - INFO: Training ROC-AUC: 0.954286
2026-01-08 16:36:51,453 - INFO: Validation ROC-AUC: 0.628962
2026-01-08 16:37:02,813 - INFO: Evaluating at iteration 43059
2026-01-08 16:37:03,104 - INFO: Loss: 0.197835
2026-01-08 16:37:03,104 - INFO: Training ROC-AUC: 0.977143
2026-01-08 16:37:03,104 - INFO: Validation ROC-AUC: 0.624997
2026-01-08 16:37:14,557 - INFO: Evaluating at iteration 43559
2026-01-08 16:37:14,837 - INFO: Loss: 0.283213
2026-01-08 16:37:14,837 - INFO: Training ROC-AUC: 0.903704
2026-01-08 16:37:14,837 - INFO: Validation ROC-AUC: 0.625397
2026-01-08 16:37:26,064 - INFO: Evaluating at iteration 44059
2026-01-08 16:37:26,344 - INFO: Loss: 0.235886
2026-01-08 16:37:26,344 - INFO: Training ROC-AUC: 0.935484
2026-01-08 16:37:26,344 - INFO: Validation ROC-AUC: 0.624913
2026-01-08 16:37:36,993 - INFO: Starting epoch 19
2026-01-08 16:37:37,017 - INFO: Evaluating at iteration 44533
2026-01-08 16:37:37,303 - INFO: Loss: 0.295118
2026-01-08 16:37:37,303 - INFO: Training ROC-AUC: 0.827586
2026-01-08 16:37:37,303 - INFO: Validation ROC-AUC: 0.624404
2026-01-08 16:37:48,668 - INFO: Evaluating at iteration 45033
2026-01-08 16:37:48,952 - INFO: Loss: 0.329900
2026-01-08 16:37:48,952 - INFO: Training ROC-AUC: 0.871795
2026-01-08 16:37:48,952 - INFO: Validation ROC-AUC: 0.616257
2026-01-08 16:38:00,301 - INFO: Evaluating at iteration 45533
2026-01-08 16:38:00,602 - INFO: Loss: 0.313100
2026-01-08 16:38:00,602 - INFO: Training ROC-AUC: 0.916667
2026-01-08 16:38:00,602 - INFO: Validation ROC-AUC: 0.615970
2026-01-08 16:38:12,085 - INFO: Evaluating at iteration 46033
2026-01-08 16:38:12,377 - INFO: Loss: 0.230276
2026-01-08 16:38:12,377 - INFO: Training ROC-AUC: 0.770115
2026-01-08 16:38:12,377 - INFO: Validation ROC-AUC: 0.636120
2026-01-08 16:38:23,893 - INFO: Evaluating at iteration 46533
2026-01-08 16:38:24,176 - INFO: Loss: 0.318362
2026-01-08 16:38:24,176 - INFO: Training ROC-AUC: 0.750000
2026-01-08 16:38:24,176 - INFO: Validation ROC-AUC: 0.631600
2026-01-08 16:38:34,938 - INFO: Starting epoch 20
2026-01-08 16:38:34,963 - INFO: Evaluating at iteration 47007
2026-01-08 16:38:35,247 - INFO: Loss: 0.257588
2026-01-08 16:38:35,247 - INFO: Training ROC-AUC: 0.903704
2026-01-08 16:38:35,247 - INFO: Validation ROC-AUC: 0.623579
2026-01-08 16:38:46,637 - INFO: Evaluating at iteration 47507
2026-01-08 16:38:46,918 - INFO: Loss: 0.183243
2026-01-08 16:38:46,918 - INFO: Training ROC-AUC: 0.988506
2026-01-08 16:38:46,918 - INFO: Validation ROC-AUC: 0.636314
2026-01-08 16:38:58,323 - INFO: Evaluating at iteration 48007
2026-01-08 16:38:58,602 - INFO: Loss: 0.217661
2026-01-08 16:38:58,602 - INFO: Training ROC-AUC: 0.910714
2026-01-08 16:38:58,602 - INFO: Validation ROC-AUC: 0.630137
2026-01-08 16:39:09,877 - INFO: Evaluating at iteration 48507
2026-01-08 16:39:10,180 - INFO: Loss: 0.264579
2026-01-08 16:39:10,180 - INFO: Training ROC-AUC: 0.701149
2026-01-08 16:39:10,180 - INFO: Validation ROC-AUC: 0.621072
2026-01-08 16:39:21,528 - INFO: Evaluating at iteration 49007
2026-01-08 16:39:21,816 - INFO: Loss: 0.369957
2026-01-08 16:39:21,817 - INFO: Training ROC-AUC: 0.840000
2026-01-08 16:39:21,817 - INFO: Validation ROC-AUC: 0.630315
2026-01-08 16:39:32,623 - INFO: Starting epoch 21
2026-01-08 16:39:32,647 - INFO: Evaluating at iteration 49481
2026-01-08 16:39:32,931 - INFO: Loss: 0.273671
2026-01-08 16:39:32,931 - INFO: Training ROC-AUC: 0.812500
2026-01-08 16:39:32,931 - INFO: Validation ROC-AUC: 0.632623
2026-01-08 16:39:44,584 - INFO: Evaluating at iteration 49981
2026-01-08 16:39:44,867 - INFO: Loss: 0.294232
2026-01-08 16:39:44,867 - INFO: Training ROC-AUC: 0.830357
2026-01-08 16:39:44,867 - INFO: Validation ROC-AUC: 0.627367
2026-01-08 16:39:56,566 - INFO: Evaluating at iteration 50481
2026-01-08 16:39:56,850 - INFO: Loss: 0.283893
2026-01-08 16:39:56,851 - INFO: Training ROC-AUC: 0.911111
2026-01-08 16:39:56,851 - INFO: Validation ROC-AUC: 0.634598
2026-01-08 16:40:08,457 - INFO: Evaluating at iteration 50981
2026-01-08 16:40:08,736 - INFO: Loss: 0.313388
2026-01-08 16:40:08,737 - INFO: Training ROC-AUC: 0.821429
2026-01-08 16:40:08,737 - INFO: Validation ROC-AUC: 0.614289
2026-01-08 16:40:20,192 - INFO: Evaluating at iteration 51481
2026-01-08 16:40:20,473 - INFO: Loss: 0.397856
2026-01-08 16:40:20,474 - INFO: Training ROC-AUC: 0.730769
2026-01-08 16:40:20,474 - INFO: Validation ROC-AUC: 0.616907
2026-01-08 16:40:31,356 - INFO: Starting epoch 22
2026-01-08 16:40:31,380 - INFO: Evaluating at iteration 51955
2026-01-08 16:40:31,660 - INFO: Loss: 0.342221
2026-01-08 16:40:31,660 - INFO: Training ROC-AUC: 0.942708
2026-01-08 16:40:31,660 - INFO: Validation ROC-AUC: 0.625997
2026-01-08 16:40:43,270 - INFO: Evaluating at iteration 52455
2026-01-08 16:40:43,549 - INFO: Loss: 0.220772
2026-01-08 16:40:43,549 - INFO: Training ROC-AUC: 0.896552
2026-01-08 16:40:43,549 - INFO: Validation ROC-AUC: 0.632061
2026-01-08 16:40:55,396 - INFO: Evaluating at iteration 52955
2026-01-08 16:40:55,685 - INFO: Loss: 0.279109
2026-01-08 16:40:55,686 - INFO: Training ROC-AUC: 0.937143
2026-01-08 16:40:55,686 - INFO: Validation ROC-AUC: 0.633451
2026-01-08 16:41:07,326 - INFO: Evaluating at iteration 53455
2026-01-08 16:41:07,610 - INFO: Loss: 0.294529
2026-01-08 16:41:07,610 - INFO: Training ROC-AUC: 0.878205
2026-01-08 16:41:07,610 - INFO: Validation ROC-AUC: 0.616272
2026-01-08 16:41:19,377 - INFO: Evaluating at iteration 53955
2026-01-08 16:41:19,682 - INFO: Loss: 0.431304
2026-01-08 16:41:19,682 - INFO: Training ROC-AUC: 0.879227
2026-01-08 16:41:19,683 - INFO: Validation ROC-AUC: 0.631358
2026-01-08 16:41:30,720 - INFO: Starting epoch 23
2026-01-08 16:41:30,746 - INFO: Evaluating at iteration 54429
2026-01-08 16:41:31,026 - INFO: Loss: 0.309875
2026-01-08 16:41:31,026 - INFO: Training ROC-AUC: 0.902857
2026-01-08 16:41:31,026 - INFO: Validation ROC-AUC: 0.625649
2026-01-08 16:41:42,926 - INFO: Evaluating at iteration 54929
2026-01-08 16:41:43,208 - INFO: Loss: 0.327686
2026-01-08 16:41:43,208 - INFO: Training ROC-AUC: 0.851852
2026-01-08 16:41:43,208 - INFO: Validation ROC-AUC: 0.620202
2026-01-08 16:41:54,981 - INFO: Evaluating at iteration 55429
2026-01-08 16:41:55,262 - INFO: Loss: 0.249993
2026-01-08 16:41:55,262 - INFO: Training ROC-AUC: 0.919643
2026-01-08 16:41:55,262 - INFO: Validation ROC-AUC: 0.616195
2026-01-08 16:42:07,091 - INFO: Evaluating at iteration 55929
2026-01-08 16:42:07,372 - INFO: Loss: 0.296753
2026-01-08 16:42:07,372 - INFO: Training ROC-AUC: 0.859259
2026-01-08 16:42:07,372 - INFO: Validation ROC-AUC: 0.643059
2026-01-08 16:42:19,189 - INFO: Evaluating at iteration 56429
2026-01-08 16:42:19,485 - INFO: Loss: 0.283195
2026-01-08 16:42:19,485 - INFO: Training ROC-AUC: 0.830357
2026-01-08 16:42:19,485 - INFO: Validation ROC-AUC: 0.623267
2026-01-08 16:42:30,560 - INFO: Starting epoch 24
2026-01-08 16:42:30,584 - INFO: Evaluating at iteration 56903
2026-01-08 16:42:30,873 - INFO: Loss: 0.300536
2026-01-08 16:42:30,873 - INFO: Training ROC-AUC: 0.770115
2026-01-08 16:42:30,873 - INFO: Validation ROC-AUC: 0.631193
2026-01-08 16:42:42,943 - INFO: Evaluating at iteration 57403
2026-01-08 16:42:43,224 - INFO: Loss: 0.381375
2026-01-08 16:42:43,224 - INFO: Training ROC-AUC: 0.811429
2026-01-08 16:42:43,224 - INFO: Validation ROC-AUC: 0.637073
2026-01-08 16:42:55,394 - INFO: Evaluating at iteration 57903
2026-01-08 16:42:55,674 - INFO: Loss: 0.348008
2026-01-08 16:42:55,674 - INFO: Training ROC-AUC: 0.839744
2026-01-08 16:42:55,674 - INFO: Validation ROC-AUC: 0.636145
2026-01-08 16:43:07,774 - INFO: Evaluating at iteration 58403
2026-01-08 16:43:08,060 - INFO: Loss: 0.219657
2026-01-08 16:43:08,060 - INFO: Training ROC-AUC: 0.962963
2026-01-08 16:43:08,060 - INFO: Validation ROC-AUC: 0.631325
2026-01-08 16:43:20,310 - INFO: Evaluating at iteration 58903
2026-01-08 16:43:20,593 - INFO: Loss: 0.348815
2026-01-08 16:43:20,593 - INFO: Training ROC-AUC: 0.777778
2026-01-08 16:43:20,593 - INFO: Validation ROC-AUC: 0.628021
2026-01-08 16:43:32,136 - INFO: Starting epoch 25
2026-01-08 16:43:32,166 - INFO: Evaluating at iteration 59377
2026-01-08 16:43:32,450 - INFO: Loss: 0.259563
2026-01-08 16:43:32,450 - INFO: Training ROC-AUC: 0.955128
2026-01-08 16:43:32,450 - INFO: Validation ROC-AUC: 0.619683
2026-01-08 16:43:44,639 - INFO: Evaluating at iteration 59877
2026-01-08 16:43:44,922 - INFO: Loss: 0.299214
2026-01-08 16:43:44,922 - INFO: Training ROC-AUC: 0.776786
2026-01-08 16:43:44,922 - INFO: Validation ROC-AUC: 0.636916
2026-01-08 16:43:56,973 - INFO: Evaluating at iteration 60377
2026-01-08 16:43:57,258 - INFO: Loss: 0.221936
2026-01-08 16:43:57,258 - INFO: Training ROC-AUC: 0.839080
2026-01-08 16:43:57,258 - INFO: Validation ROC-AUC: 0.640902
2026-01-08 16:44:09,529 - INFO: Evaluating at iteration 60877
2026-01-08 16:44:09,815 - INFO: Loss: 0.281400
2026-01-08 16:44:09,815 - INFO: Training ROC-AUC: 0.911111
2026-01-08 16:44:09,815 - INFO: Validation ROC-AUC: 0.614070
2026-01-08 16:44:22,144 - INFO: Evaluating at iteration 61377
2026-01-08 16:44:22,428 - INFO: Loss: 0.244819
2026-01-08 16:44:22,428 - INFO: Training ROC-AUC: 0.897436
2026-01-08 16:44:22,428 - INFO: Validation ROC-AUC: 0.617132
2026-01-08 16:44:34,089 - INFO: Saving model to models/TCRStructMap_peptide_split_cdrs_mhc_pseudo/model_5.pt
