2025-05-23 15:40:19,071 - INFO: Parameter: training_data='data/processed/sequences_pMHC_split.h5'
2025-05-23 15:40:19,071 - INFO: Parameter: contact_maps=None
2025-05-23 15:40:19,072 - INFO: Parameter: output='models/TCRStructMap_sequence_only'
2025-05-23 15:40:19,072 - INFO: Parameter: seed=123
2025-05-23 15:40:19,072 - INFO: Parameter: features_to_include='all'
2025-05-23 15:40:19,072 - INFO: Parameter: cdr1_alpha_length=8
2025-05-23 15:40:19,072 - INFO: Parameter: cdr2_alpha_length=8
2025-05-23 15:40:19,072 - INFO: Parameter: cdr3_alpha_length=24
2025-05-23 15:40:19,072 - INFO: Parameter: cdr1_beta_length=8
2025-05-23 15:40:19,072 - INFO: Parameter: cdr2_beta_length=8
2025-05-23 15:40:19,072 - INFO: Parameter: cdr3_beta_length=24
2025-05-23 15:40:19,072 - INFO: Parameter: peptide_length=12
2025-05-23 15:40:19,072 - INFO: Parameter: mhc_pseudo_length=26
2025-05-23 15:40:19,072 - INFO: Parameter: batch_size=32
2025-05-23 15:40:19,073 - INFO: Parameter: num_epochs=25
2025-05-23 15:40:19,073 - INFO: Parameter: learning_rate=0.001
2025-05-23 15:40:19,073 - INFO: Parameter: drop_out_rate=0.2
2025-05-23 15:40:19,073 - INFO: Parameter: learn_contact_maps=False
2025-05-23 15:40:19,073 - INFO: Parameter: checkpoint_interval=1000
2025-05-23 15:40:19,073 - INFO: Parameter: eval_interval=500
2025-05-23 15:40:19,073 - INFO: Parameter: eval_batch_size=1000
2025-05-23 15:40:19,073 - INFO: Parameter: log_level='info'
2025-05-23 15:40:19,073 - INFO: Parameter: log_file='data/logs/train_TCRStructMap_sequence_only.log'
2025-05-23 15:40:19,073 - INFO: Setting random seed to 123
2025-05-23 15:40:19,075 - INFO: Loading training data from data/processed/sequences_pMHC_split.h5
2025-05-23 15:40:27,221 - INFO: Creating models/TCRStructMap_sequence_only
2025-05-23 15:40:27,224 - INFO: Starting fold 1
2025-05-23 15:40:27,235 - INFO: Initialising model
2025-05-23 15:40:34,138 - INFO: Starting training
2025-05-23 15:40:34,138 - INFO: Starting epoch 1
2025-05-23 15:40:34,190 - INFO: Evaluating at iteration 1
2025-05-23 15:40:34,291 - INFO: Loss: 0.694282
2025-05-23 15:40:34,292 - INFO: Training ROC-AUC: 0.777778
2025-05-23 15:40:34,292 - INFO: Validation ROC-AUC: 0.449737
2025-05-23 15:40:45,923 - INFO: Evaluating at iteration 501
2025-05-23 15:40:46,015 - INFO: Loss: 0.332344
2025-05-23 15:40:46,015 - INFO: Training ROC-AUC: 0.402299
2025-05-23 15:40:46,015 - INFO: Validation ROC-AUC: 0.438602
2025-05-23 15:40:57,776 - INFO: Evaluating at iteration 1001
2025-05-23 15:40:57,864 - INFO: Loss: 0.436155
2025-05-23 15:40:57,864 - INFO: Training ROC-AUC: 0.615385
2025-05-23 15:40:57,864 - INFO: Validation ROC-AUC: 0.477780
2025-05-23 15:41:09,612 - INFO: Evaluating at iteration 1501
2025-05-23 15:41:09,704 - INFO: Loss: 0.464823
2025-05-23 15:41:09,704 - INFO: Training ROC-AUC: 0.821256
2025-05-23 15:41:09,704 - INFO: Validation ROC-AUC: 0.321156
2025-05-23 15:41:21,286 - INFO: Evaluating at iteration 2001
2025-05-23 15:41:21,377 - INFO: Loss: 0.213914
2025-05-23 15:41:21,377 - INFO: Training ROC-AUC: 1.000000
2025-05-23 15:41:21,377 - INFO: Validation ROC-AUC: 0.441789
2025-05-23 15:41:32,932 - INFO: Evaluating at iteration 2501
2025-05-23 15:41:33,014 - INFO: Loss: 0.335236
2025-05-23 15:41:33,014 - INFO: Training ROC-AUC: 0.807692
2025-05-23 15:41:33,014 - INFO: Validation ROC-AUC: 0.518831
2025-05-23 15:41:34,965 - INFO: Starting epoch 2
2025-05-23 15:41:34,990 - INFO: Evaluating at iteration 2586
2025-05-23 15:41:35,072 - INFO: Loss: 0.183046
2025-05-23 15:41:35,072 - INFO: Training ROC-AUC: 0.919540
2025-05-23 15:41:35,072 - INFO: Validation ROC-AUC: 0.519941
2025-05-23 15:41:46,856 - INFO: Evaluating at iteration 3086
2025-05-23 15:41:46,945 - INFO: Loss: 0.383981
2025-05-23 15:41:46,945 - INFO: Training ROC-AUC: 0.788571
2025-05-23 15:41:46,945 - INFO: Validation ROC-AUC: 0.551608
2025-05-23 15:41:58,566 - INFO: Evaluating at iteration 3586
2025-05-23 15:41:58,646 - INFO: Loss: 0.362856
2025-05-23 15:41:58,646 - INFO: Training ROC-AUC: 0.770370
2025-05-23 15:41:58,646 - INFO: Validation ROC-AUC: 0.546704
2025-05-23 15:42:10,203 - INFO: Evaluating at iteration 4086
2025-05-23 15:42:10,284 - INFO: Loss: 0.428094
2025-05-23 15:42:10,284 - INFO: Training ROC-AUC: 0.673077
2025-05-23 15:42:10,284 - INFO: Validation ROC-AUC: 0.640366
2025-05-23 15:42:22,063 - INFO: Evaluating at iteration 4586
2025-05-23 15:42:22,153 - INFO: Loss: 0.239658
2025-05-23 15:42:22,153 - INFO: Training ROC-AUC: 0.866667
2025-05-23 15:42:22,153 - INFO: Validation ROC-AUC: 0.654805
2025-05-23 15:42:33,864 - INFO: Evaluating at iteration 5086
2025-05-23 15:42:33,944 - INFO: Loss: 0.230786
2025-05-23 15:42:33,944 - INFO: Training ROC-AUC: 0.875000
2025-05-23 15:42:33,944 - INFO: Validation ROC-AUC: 0.669100
2025-05-23 15:42:35,901 - INFO: Starting epoch 3
2025-05-23 15:42:35,926 - INFO: Evaluating at iteration 5171
2025-05-23 15:42:36,008 - INFO: Loss: 0.135894
2025-05-23 15:42:36,008 - INFO: Training ROC-AUC: 0.967742
2025-05-23 15:42:36,008 - INFO: Validation ROC-AUC: 0.658913
2025-05-23 15:42:47,758 - INFO: Evaluating at iteration 5671
2025-05-23 15:42:47,840 - INFO: Loss: 0.221132
2025-05-23 15:42:47,840 - INFO: Training ROC-AUC: 0.901786
2025-05-23 15:42:47,840 - INFO: Validation ROC-AUC: 0.686158
2025-05-23 15:42:59,596 - INFO: Evaluating at iteration 6171
2025-05-23 15:42:59,684 - INFO: Loss: 0.287574
2025-05-23 15:42:59,684 - INFO: Training ROC-AUC: 0.874074
2025-05-23 15:42:59,684 - INFO: Validation ROC-AUC: 0.686413
2025-05-23 15:43:11,483 - INFO: Evaluating at iteration 6671
2025-05-23 15:43:11,568 - INFO: Loss: 0.238713
2025-05-23 15:43:11,568 - INFO: Training ROC-AUC: 0.891026
2025-05-23 15:43:11,568 - INFO: Validation ROC-AUC: 0.666678
2025-05-23 15:43:23,254 - INFO: Evaluating at iteration 7171
2025-05-23 15:43:23,336 - INFO: Loss: 0.348500
2025-05-23 15:43:23,336 - INFO: Training ROC-AUC: 0.884058
2025-05-23 15:43:23,336 - INFO: Validation ROC-AUC: 0.645447
2025-05-23 15:43:35,146 - INFO: Evaluating at iteration 7671
2025-05-23 15:43:35,227 - INFO: Loss: 0.604146
2025-05-23 15:43:35,227 - INFO: Training ROC-AUC: 0.866667
2025-05-23 15:43:35,228 - INFO: Validation ROC-AUC: 0.679882
2025-05-23 15:43:37,213 - INFO: Starting epoch 4
2025-05-23 15:43:37,238 - INFO: Evaluating at iteration 7756
2025-05-23 15:43:37,321 - INFO: Loss: 0.272911
2025-05-23 15:43:37,321 - INFO: Training ROC-AUC: 0.935897
2025-05-23 15:43:37,321 - INFO: Validation ROC-AUC: 0.684415
2025-05-23 15:43:49,282 - INFO: Evaluating at iteration 8256
2025-05-23 15:43:49,371 - INFO: Loss: 0.300845
2025-05-23 15:43:49,371 - INFO: Training ROC-AUC: 0.574713
2025-05-23 15:43:49,371 - INFO: Validation ROC-AUC: 0.674612
2025-05-23 15:44:01,147 - INFO: Evaluating at iteration 8756
2025-05-23 15:44:01,230 - INFO: Loss: 0.135167
2025-05-23 15:44:01,230 - INFO: Training ROC-AUC: 1.000000
2025-05-23 15:44:01,230 - INFO: Validation ROC-AUC: 0.689907
2025-05-23 15:44:13,003 - INFO: Evaluating at iteration 9256
2025-05-23 15:44:13,084 - INFO: Loss: 0.178860
2025-05-23 15:44:13,084 - INFO: Training ROC-AUC: 0.766667
2025-05-23 15:44:13,084 - INFO: Validation ROC-AUC: 0.661453
2025-05-23 15:44:24,773 - INFO: Evaluating at iteration 9756
2025-05-23 15:44:24,857 - INFO: Loss: 0.195937
2025-05-23 15:44:24,857 - INFO: Training ROC-AUC: 0.937500
2025-05-23 15:44:24,857 - INFO: Validation ROC-AUC: 0.676820
2025-05-23 15:44:36,623 - INFO: Evaluating at iteration 10256
2025-05-23 15:44:36,703 - INFO: Loss: 0.322051
2025-05-23 15:44:36,703 - INFO: Training ROC-AUC: 0.942029
2025-05-23 15:44:36,703 - INFO: Validation ROC-AUC: 0.671242
2025-05-23 15:44:38,688 - INFO: Starting epoch 5
2025-05-23 15:44:38,713 - INFO: Evaluating at iteration 10341
2025-05-23 15:44:38,800 - INFO: Loss: 0.196343
2025-05-23 15:44:38,800 - INFO: Training ROC-AUC: 0.946429
2025-05-23 15:44:38,800 - INFO: Validation ROC-AUC: 0.665587
2025-05-23 15:44:50,687 - INFO: Evaluating at iteration 10841
2025-05-23 15:44:50,767 - INFO: Loss: 0.246242
2025-05-23 15:44:50,767 - INFO: Training ROC-AUC: 0.875000
2025-05-23 15:44:50,767 - INFO: Validation ROC-AUC: 0.674828
2025-05-23 15:45:02,514 - INFO: Evaluating at iteration 11341
2025-05-23 15:45:02,597 - INFO: Loss: 0.334740
2025-05-23 15:45:02,597 - INFO: Training ROC-AUC: 0.807692
2025-05-23 15:45:02,597 - INFO: Validation ROC-AUC: 0.665789
2025-05-23 15:45:14,352 - INFO: Evaluating at iteration 11841
2025-05-23 15:45:14,431 - INFO: Loss: 0.135760
2025-05-23 15:45:14,432 - INFO: Training ROC-AUC: 0.967742
2025-05-23 15:45:14,432 - INFO: Validation ROC-AUC: 0.681384
2025-05-23 15:45:26,120 - INFO: Evaluating at iteration 12341
2025-05-23 15:45:26,201 - INFO: Loss: 0.301916
2025-05-23 15:45:26,201 - INFO: Training ROC-AUC: 0.931429
2025-05-23 15:45:26,201 - INFO: Validation ROC-AUC: 0.669022
2025-05-23 15:45:37,942 - INFO: Evaluating at iteration 12841
2025-05-23 15:45:38,030 - INFO: Loss: 0.306023
2025-05-23 15:45:38,030 - INFO: Training ROC-AUC: 0.897436
2025-05-23 15:45:38,031 - INFO: Validation ROC-AUC: 0.663380
2025-05-23 15:45:39,974 - INFO: Starting epoch 6
2025-05-23 15:45:39,998 - INFO: Evaluating at iteration 12926
2025-05-23 15:45:40,079 - INFO: Loss: 0.276819
2025-05-23 15:45:40,079 - INFO: Training ROC-AUC: 0.968750
2025-05-23 15:45:40,079 - INFO: Validation ROC-AUC: 0.650736
2025-05-23 15:45:51,875 - INFO: Evaluating at iteration 13426
2025-05-23 15:45:51,957 - INFO: Loss: 0.117192
2025-05-23 15:45:51,957 - INFO: Training ROC-AUC: nan
2025-05-23 15:45:51,957 - INFO: Validation ROC-AUC: 0.654491
2025-05-23 15:46:03,872 - INFO: Evaluating at iteration 13926
2025-05-23 15:46:03,954 - INFO: Loss: 0.334571
2025-05-23 15:46:03,954 - INFO: Training ROC-AUC: 0.914286
2025-05-23 15:46:03,954 - INFO: Validation ROC-AUC: 0.684212
2025-05-23 15:46:16,065 - INFO: Evaluating at iteration 14426
2025-05-23 15:46:16,152 - INFO: Loss: 0.187685
2025-05-23 15:46:16,152 - INFO: Training ROC-AUC: 0.965714
2025-05-23 15:46:16,152 - INFO: Validation ROC-AUC: 0.679001
2025-05-23 15:46:28,184 - INFO: Evaluating at iteration 14926
2025-05-23 15:46:28,272 - INFO: Loss: 0.159891
2025-05-23 15:46:28,272 - INFO: Training ROC-AUC: 0.838710
2025-05-23 15:46:28,272 - INFO: Validation ROC-AUC: 0.685518
2025-05-23 15:46:40,119 - INFO: Evaluating at iteration 15426
2025-05-23 15:46:40,204 - INFO: Loss: 0.240579
2025-05-23 15:46:40,204 - INFO: Training ROC-AUC: 0.925926
2025-05-23 15:46:40,204 - INFO: Validation ROC-AUC: 0.649966
2025-05-23 15:46:42,227 - INFO: Starting epoch 7
2025-05-23 15:46:42,253 - INFO: Evaluating at iteration 15511
2025-05-23 15:46:42,336 - INFO: Loss: 0.278987
2025-05-23 15:46:42,336 - INFO: Training ROC-AUC: 0.891026
2025-05-23 15:46:42,336 - INFO: Validation ROC-AUC: 0.653858
2025-05-23 15:46:54,118 - INFO: Evaluating at iteration 16011
2025-05-23 15:46:54,201 - INFO: Loss: 0.212719
2025-05-23 15:46:54,201 - INFO: Training ROC-AUC: 0.866071
2025-05-23 15:46:54,201 - INFO: Validation ROC-AUC: 0.666619
2025-05-23 15:47:06,129 - INFO: Evaluating at iteration 16511
2025-05-23 15:47:06,211 - INFO: Loss: 0.521489
2025-05-23 15:47:06,211 - INFO: Training ROC-AUC: 0.854167
2025-05-23 15:47:06,211 - INFO: Validation ROC-AUC: 0.664777
2025-05-23 15:47:18,118 - INFO: Evaluating at iteration 17011
2025-05-23 15:47:18,201 - INFO: Loss: 0.255715
2025-05-23 15:47:18,201 - INFO: Training ROC-AUC: 0.906250
2025-05-23 15:47:18,201 - INFO: Validation ROC-AUC: 0.666619
2025-05-23 15:47:30,128 - INFO: Evaluating at iteration 17511
2025-05-23 15:47:30,216 - INFO: Loss: 0.194480
2025-05-23 15:47:30,216 - INFO: Training ROC-AUC: 0.903226
2025-05-23 15:47:30,216 - INFO: Validation ROC-AUC: 0.658540
2025-05-23 15:47:43,024 - INFO: Evaluating at iteration 18011
2025-05-23 15:47:43,112 - INFO: Loss: 0.225406
2025-05-23 15:47:43,112 - INFO: Training ROC-AUC: 0.967949
2025-05-23 15:47:43,112 - INFO: Validation ROC-AUC: 0.665332
2025-05-23 15:47:45,351 - INFO: Starting epoch 8
2025-05-23 15:47:45,381 - INFO: Evaluating at iteration 18096
2025-05-23 15:47:45,475 - INFO: Loss: 0.293581
2025-05-23 15:47:45,475 - INFO: Training ROC-AUC: 0.821429
2025-05-23 15:47:45,475 - INFO: Validation ROC-AUC: 0.649254
2025-05-23 15:47:58,548 - INFO: Evaluating at iteration 18596
2025-05-23 15:47:58,640 - INFO: Loss: 0.202257
2025-05-23 15:47:58,640 - INFO: Training ROC-AUC: 0.985185
2025-05-23 15:47:58,640 - INFO: Validation ROC-AUC: 0.657600
2025-05-23 15:48:11,709 - INFO: Evaluating at iteration 19096
2025-05-23 15:48:11,805 - INFO: Loss: 0.275224
2025-05-23 15:48:11,806 - INFO: Training ROC-AUC: 0.958333
2025-05-23 15:48:11,806 - INFO: Validation ROC-AUC: 0.683383
2025-05-23 15:48:24,804 - INFO: Evaluating at iteration 19596
2025-05-23 15:48:24,908 - INFO: Loss: 0.249845
2025-05-23 15:48:24,908 - INFO: Training ROC-AUC: 0.830357
2025-05-23 15:48:24,908 - INFO: Validation ROC-AUC: 0.667788
2025-05-23 15:48:37,627 - INFO: Evaluating at iteration 20096
2025-05-23 15:48:37,714 - INFO: Loss: 0.173621
2025-05-23 15:48:37,715 - INFO: Training ROC-AUC: 0.965517
2025-05-23 15:48:37,715 - INFO: Validation ROC-AUC: 0.655843
2025-05-23 15:48:50,292 - INFO: Evaluating at iteration 20596
2025-05-23 15:48:50,380 - INFO: Loss: 0.280649
2025-05-23 15:48:50,380 - INFO: Training ROC-AUC: 0.839286
2025-05-23 15:48:50,380 - INFO: Validation ROC-AUC: 0.677433
2025-05-23 15:48:52,527 - INFO: Starting epoch 9
2025-05-23 15:48:52,553 - INFO: Evaluating at iteration 20681
2025-05-23 15:48:52,642 - INFO: Loss: 0.138842
2025-05-23 15:48:52,642 - INFO: Training ROC-AUC: 0.916667
2025-05-23 15:48:52,642 - INFO: Validation ROC-AUC: 0.672790
2025-05-23 15:49:05,389 - INFO: Evaluating at iteration 21181
2025-05-23 15:49:05,489 - INFO: Loss: 0.194311
2025-05-23 15:49:05,490 - INFO: Training ROC-AUC: 0.940741
2025-05-23 15:49:05,490 - INFO: Validation ROC-AUC: 0.673920
2025-05-23 15:49:18,077 - INFO: Evaluating at iteration 21681
2025-05-23 15:49:18,165 - INFO: Loss: 0.200551
2025-05-23 15:49:18,165 - INFO: Training ROC-AUC: 0.918519
2025-05-23 15:49:18,165 - INFO: Validation ROC-AUC: 0.661740
2025-05-23 15:49:30,544 - INFO: Evaluating at iteration 22181
2025-05-23 15:49:30,631 - INFO: Loss: 0.085436
2025-05-23 15:49:30,632 - INFO: Training ROC-AUC: 1.000000
2025-05-23 15:49:30,632 - INFO: Validation ROC-AUC: 0.665293
2025-05-23 15:49:43,123 - INFO: Evaluating at iteration 22681
2025-05-23 15:49:43,210 - INFO: Loss: 0.140470
2025-05-23 15:49:43,210 - INFO: Training ROC-AUC: 0.977011
2025-05-23 15:49:43,210 - INFO: Validation ROC-AUC: 0.655393
2025-05-23 15:49:55,772 - INFO: Evaluating at iteration 23181
2025-05-23 15:49:55,866 - INFO: Loss: 0.157157
2025-05-23 15:49:55,866 - INFO: Training ROC-AUC: 0.988571
2025-05-23 15:49:55,866 - INFO: Validation ROC-AUC: 0.660761
2025-05-23 15:49:58,030 - INFO: Starting epoch 10
2025-05-23 15:49:58,060 - INFO: Evaluating at iteration 23266
2025-05-23 15:49:58,160 - INFO: Loss: 0.100498
2025-05-23 15:49:58,160 - INFO: Training ROC-AUC: 1.000000
2025-05-23 15:49:58,160 - INFO: Validation ROC-AUC: 0.657424
2025-05-23 15:50:10,988 - INFO: Evaluating at iteration 23766
2025-05-23 15:50:11,083 - INFO: Loss: 0.255724
2025-05-23 15:50:11,083 - INFO: Training ROC-AUC: 0.935897
2025-05-23 15:50:11,084 - INFO: Validation ROC-AUC: 0.666651
2025-05-23 15:50:23,645 - INFO: Evaluating at iteration 24266
2025-05-23 15:50:23,736 - INFO: Loss: 0.298115
2025-05-23 15:50:23,736 - INFO: Training ROC-AUC: 0.878205
2025-05-23 15:50:23,736 - INFO: Validation ROC-AUC: 0.646838
2025-05-23 15:50:36,120 - INFO: Evaluating at iteration 24766
2025-05-23 15:50:36,207 - INFO: Loss: 0.071324
2025-05-23 15:50:36,208 - INFO: Training ROC-AUC: 1.000000
2025-05-23 15:50:36,208 - INFO: Validation ROC-AUC: 0.641058
2025-05-23 15:50:48,675 - INFO: Evaluating at iteration 25266
2025-05-23 15:50:48,763 - INFO: Loss: 0.381157
2025-05-23 15:50:48,763 - INFO: Training ROC-AUC: 0.987500
2025-05-23 15:50:48,763 - INFO: Validation ROC-AUC: 0.640189
2025-05-23 15:51:01,127 - INFO: Evaluating at iteration 25766
2025-05-23 15:51:01,223 - INFO: Loss: 0.300414
2025-05-23 15:51:01,224 - INFO: Training ROC-AUC: 0.875000
2025-05-23 15:51:01,224 - INFO: Validation ROC-AUC: 0.650136
2025-05-23 15:51:03,289 - INFO: Starting epoch 11
2025-05-23 15:51:03,315 - INFO: Evaluating at iteration 25851
2025-05-23 15:51:03,402 - INFO: Loss: 0.267250
2025-05-23 15:51:03,403 - INFO: Training ROC-AUC: 0.848214
2025-05-23 15:51:03,403 - INFO: Validation ROC-AUC: 0.652343
2025-05-23 15:51:15,856 - INFO: Evaluating at iteration 26351
2025-05-23 15:51:15,943 - INFO: Loss: 0.231533
2025-05-23 15:51:15,943 - INFO: Training ROC-AUC: 0.956522
2025-05-23 15:51:15,943 - INFO: Validation ROC-AUC: 0.656039
2025-05-23 15:51:28,376 - INFO: Evaluating at iteration 26851
2025-05-23 15:51:28,464 - INFO: Loss: 0.128672
2025-05-23 15:51:28,464 - INFO: Training ROC-AUC: 0.977011
2025-05-23 15:51:28,464 - INFO: Validation ROC-AUC: 0.641704
2025-05-23 15:51:40,859 - INFO: Evaluating at iteration 27351
2025-05-23 15:51:40,948 - INFO: Loss: 0.199021
2025-05-23 15:51:40,948 - INFO: Training ROC-AUC: 0.925926
2025-05-23 15:51:40,948 - INFO: Validation ROC-AUC: 0.642057
2025-05-23 15:51:53,383 - INFO: Evaluating at iteration 27851
2025-05-23 15:51:53,479 - INFO: Loss: 0.186866
2025-05-23 15:51:53,479 - INFO: Training ROC-AUC: 0.962963
2025-05-23 15:51:53,479 - INFO: Validation ROC-AUC: 0.634482
2025-05-23 15:52:05,935 - INFO: Evaluating at iteration 28351
2025-05-23 15:52:06,023 - INFO: Loss: 0.120892
2025-05-23 15:52:06,023 - INFO: Training ROC-AUC: 0.965517
2025-05-23 15:52:06,023 - INFO: Validation ROC-AUC: 0.650743
2025-05-23 15:52:08,094 - INFO: Starting epoch 12
2025-05-23 15:52:08,120 - INFO: Evaluating at iteration 28436
2025-05-23 15:52:08,207 - INFO: Loss: 0.077488
2025-05-23 15:52:08,207 - INFO: Training ROC-AUC: 1.000000
2025-05-23 15:52:08,207 - INFO: Validation ROC-AUC: 0.632039
2025-05-23 15:52:20,586 - INFO: Evaluating at iteration 28936
2025-05-23 15:52:20,673 - INFO: Loss: 0.235637
2025-05-23 15:52:20,673 - INFO: Training ROC-AUC: 0.942308
2025-05-23 15:52:20,673 - INFO: Validation ROC-AUC: 0.622805
2025-05-23 15:52:33,138 - INFO: Evaluating at iteration 29436
2025-05-23 15:52:33,227 - INFO: Loss: 0.226584
2025-05-23 15:52:33,227 - INFO: Training ROC-AUC: 0.954286
2025-05-23 15:52:33,227 - INFO: Validation ROC-AUC: 0.623980
2025-05-23 15:52:45,747 - INFO: Evaluating at iteration 29936
2025-05-23 15:52:45,843 - INFO: Loss: 0.128116
2025-05-23 15:52:45,843 - INFO: Training ROC-AUC: 0.991071
2025-05-23 15:52:45,843 - INFO: Validation ROC-AUC: 0.615367
2025-05-23 15:52:58,359 - INFO: Evaluating at iteration 30436
2025-05-23 15:52:58,448 - INFO: Loss: 0.096182
2025-05-23 15:52:58,448 - INFO: Training ROC-AUC: 1.000000
2025-05-23 15:52:58,448 - INFO: Validation ROC-AUC: 0.629081
2025-05-23 15:53:11,056 - INFO: Evaluating at iteration 30936
2025-05-23 15:53:11,145 - INFO: Loss: 0.233670
2025-05-23 15:53:11,145 - INFO: Training ROC-AUC: 0.928571
2025-05-23 15:53:11,145 - INFO: Validation ROC-AUC: 0.641744
2025-05-23 15:53:13,247 - INFO: Starting epoch 13
2025-05-23 15:53:13,273 - INFO: Evaluating at iteration 31021
2025-05-23 15:53:13,361 - INFO: Loss: 0.080075
2025-05-23 15:53:13,361 - INFO: Training ROC-AUC: 1.000000
2025-05-23 15:53:13,361 - INFO: Validation ROC-AUC: 0.656869
2025-05-23 15:53:25,866 - INFO: Evaluating at iteration 31521
2025-05-23 15:53:25,956 - INFO: Loss: 0.165803
2025-05-23 15:53:25,956 - INFO: Training ROC-AUC: 0.973214
2025-05-23 15:53:25,956 - INFO: Validation ROC-AUC: 0.642018
2025-05-23 15:53:38,479 - INFO: Evaluating at iteration 32021
2025-05-23 15:53:38,575 - INFO: Loss: 0.158044
2025-05-23 15:53:38,575 - INFO: Training ROC-AUC: 0.973214
2025-05-23 15:53:38,575 - INFO: Validation ROC-AUC: 0.615536
2025-05-23 15:53:51,127 - INFO: Evaluating at iteration 32521
2025-05-23 15:53:51,214 - INFO: Loss: 0.072094
2025-05-23 15:53:51,215 - INFO: Training ROC-AUC: 1.000000
2025-05-23 15:53:51,215 - INFO: Validation ROC-AUC: 0.616869
2025-05-23 15:54:03,670 - INFO: Evaluating at iteration 33021
2025-05-23 15:54:03,758 - INFO: Loss: 0.318289
2025-05-23 15:54:03,758 - INFO: Training ROC-AUC: 0.920000
2025-05-23 15:54:03,758 - INFO: Validation ROC-AUC: 0.625548
2025-05-23 15:54:16,342 - INFO: Evaluating at iteration 33521
2025-05-23 15:54:16,430 - INFO: Loss: 0.203454
2025-05-23 15:54:16,430 - INFO: Training ROC-AUC: 0.948148
2025-05-23 15:54:16,430 - INFO: Validation ROC-AUC: 0.631863
2025-05-23 15:54:18,544 - INFO: Starting epoch 14
2025-05-23 15:54:18,570 - INFO: Evaluating at iteration 33606
2025-05-23 15:54:18,657 - INFO: Loss: 0.184696
2025-05-23 15:54:18,658 - INFO: Training ROC-AUC: 0.955556
2025-05-23 15:54:18,658 - INFO: Validation ROC-AUC: 0.619696
2025-05-23 15:54:31,215 - INFO: Evaluating at iteration 34106
2025-05-23 15:54:31,312 - INFO: Loss: 0.179237
2025-05-23 15:54:31,313 - INFO: Training ROC-AUC: 0.980769
2025-05-23 15:54:31,313 - INFO: Validation ROC-AUC: 0.622929
2025-05-23 15:54:44,107 - INFO: Evaluating at iteration 34606
2025-05-23 15:54:44,204 - INFO: Loss: 0.077886
2025-05-23 15:54:44,204 - INFO: Training ROC-AUC: 0.992593
2025-05-23 15:54:44,204 - INFO: Validation ROC-AUC: 0.616934
2025-05-23 15:54:57,110 - INFO: Evaluating at iteration 35106
2025-05-23 15:54:57,198 - INFO: Loss: 0.208607
2025-05-23 15:54:57,198 - INFO: Training ROC-AUC: 0.979167
2025-05-23 15:54:57,198 - INFO: Validation ROC-AUC: 0.624183
2025-05-23 15:55:10,095 - INFO: Evaluating at iteration 35606
2025-05-23 15:55:10,183 - INFO: Loss: 0.166738
2025-05-23 15:55:10,183 - INFO: Training ROC-AUC: 0.955357
2025-05-23 15:55:10,183 - INFO: Validation ROC-AUC: 0.616810
2025-05-23 15:55:23,071 - INFO: Evaluating at iteration 36106
2025-05-23 15:55:23,168 - INFO: Loss: 0.359210
2025-05-23 15:55:23,168 - INFO: Training ROC-AUC: 0.978355
2025-05-23 15:55:23,168 - INFO: Validation ROC-AUC: 0.619331
2025-05-23 15:55:25,283 - INFO: Starting epoch 15
2025-05-23 15:55:25,309 - INFO: Evaluating at iteration 36191
2025-05-23 15:55:25,398 - INFO: Loss: 0.140940
2025-05-23 15:55:25,398 - INFO: Training ROC-AUC: 1.000000
2025-05-23 15:55:25,398 - INFO: Validation ROC-AUC: 0.606348
2025-05-23 15:55:38,159 - INFO: Evaluating at iteration 36691
2025-05-23 15:55:38,246 - INFO: Loss: 0.263069
2025-05-23 15:55:38,246 - INFO: Training ROC-AUC: 0.948718
2025-05-23 15:55:38,246 - INFO: Validation ROC-AUC: 0.606184
2025-05-23 15:55:51,236 - INFO: Evaluating at iteration 37191
2025-05-23 15:55:51,323 - INFO: Loss: 0.079076
2025-05-23 15:55:51,323 - INFO: Training ROC-AUC: 1.000000
2025-05-23 15:55:51,323 - INFO: Validation ROC-AUC: 0.608091
2025-05-23 15:56:04,360 - INFO: Evaluating at iteration 37691
2025-05-23 15:56:04,448 - INFO: Loss: 0.137232
2025-05-23 15:56:04,448 - INFO: Training ROC-AUC: 0.992593
2025-05-23 15:56:04,448 - INFO: Validation ROC-AUC: 0.609391
2025-05-23 15:56:17,714 - INFO: Evaluating at iteration 38191
2025-05-23 15:56:17,810 - INFO: Loss: 0.176292
2025-05-23 15:56:17,811 - INFO: Training ROC-AUC: 0.984375
2025-05-23 15:56:17,811 - INFO: Validation ROC-AUC: 0.607256
2025-05-23 15:56:31,048 - INFO: Evaluating at iteration 38691
2025-05-23 15:56:31,137 - INFO: Loss: 0.202942
2025-05-23 15:56:31,137 - INFO: Training ROC-AUC: 0.972727
2025-05-23 15:56:31,137 - INFO: Validation ROC-AUC: 0.597074
2025-05-23 15:56:33,404 - INFO: Starting epoch 16
2025-05-23 15:56:33,434 - INFO: Evaluating at iteration 38776
2025-05-23 15:56:33,522 - INFO: Loss: 0.077643
2025-05-23 15:56:33,522 - INFO: Training ROC-AUC: 1.000000
2025-05-23 15:56:33,522 - INFO: Validation ROC-AUC: 0.586312
2025-05-23 15:56:46,853 - INFO: Evaluating at iteration 39276
2025-05-23 15:56:46,940 - INFO: Loss: 0.099868
2025-05-23 15:56:46,940 - INFO: Training ROC-AUC: 0.977011
2025-05-23 15:56:46,940 - INFO: Validation ROC-AUC: 0.611951
2025-05-23 15:57:00,463 - INFO: Evaluating at iteration 39776
2025-05-23 15:57:00,554 - INFO: Loss: 0.121647
2025-05-23 15:57:00,554 - INFO: Training ROC-AUC: 0.977778
2025-05-23 15:57:00,554 - INFO: Validation ROC-AUC: 0.626860
2025-05-23 15:57:14,369 - INFO: Evaluating at iteration 40276
2025-05-23 15:57:14,466 - INFO: Loss: 0.097071
2025-05-23 15:57:14,466 - INFO: Training ROC-AUC: 1.000000
2025-05-23 15:57:14,466 - INFO: Validation ROC-AUC: 0.596062
2025-05-23 15:57:28,246 - INFO: Evaluating at iteration 40776
2025-05-23 15:57:28,334 - INFO: Loss: 0.174187
2025-05-23 15:57:28,334 - INFO: Training ROC-AUC: 0.988571
2025-05-23 15:57:28,334 - INFO: Validation ROC-AUC: 0.591628
2025-05-23 15:57:42,053 - INFO: Evaluating at iteration 41276
2025-05-23 15:57:42,140 - INFO: Loss: 0.229288
2025-05-23 15:57:42,140 - INFO: Training ROC-AUC: 0.961538
2025-05-23 15:57:42,140 - INFO: Validation ROC-AUC: 0.589544
2025-05-23 15:57:44,454 - INFO: Starting epoch 17
2025-05-23 15:57:44,480 - INFO: Evaluating at iteration 41361
2025-05-23 15:57:44,567 - INFO: Loss: 0.081922
2025-05-23 15:57:44,568 - INFO: Training ROC-AUC: 1.000000
2025-05-23 15:57:44,568 - INFO: Validation ROC-AUC: 0.593940
2025-05-23 15:57:58,296 - INFO: Evaluating at iteration 41861
2025-05-23 15:57:58,384 - INFO: Loss: 0.020633
2025-05-23 15:57:58,384 - INFO: Training ROC-AUC: 1.000000
2025-05-23 15:57:58,384 - INFO: Validation ROC-AUC: 0.594364
2025-05-23 15:58:12,343 - INFO: Evaluating at iteration 42361
2025-05-23 15:58:12,441 - INFO: Loss: 0.300968
2025-05-23 15:58:12,466 - INFO: Training ROC-AUC: 0.932292
2025-05-23 15:58:12,466 - INFO: Validation ROC-AUC: 0.598589
2025-05-23 15:58:26,244 - INFO: Evaluating at iteration 42861
2025-05-23 15:58:26,332 - INFO: Loss: 0.122752
2025-05-23 15:58:26,332 - INFO: Training ROC-AUC: 0.988571
2025-05-23 15:58:26,332 - INFO: Validation ROC-AUC: 0.604408
2025-05-23 15:58:40,103 - INFO: Evaluating at iteration 43361
2025-05-23 15:58:40,190 - INFO: Loss: 0.117012
2025-05-23 15:58:40,190 - INFO: Training ROC-AUC: 0.993590
2025-05-23 15:58:40,190 - INFO: Validation ROC-AUC: 0.599236
2025-05-23 15:58:54,023 - INFO: Evaluating at iteration 43861
2025-05-23 15:58:54,119 - INFO: Loss: 0.124193
2025-05-23 15:58:54,119 - INFO: Training ROC-AUC: 1.000000
2025-05-23 15:58:54,119 - INFO: Validation ROC-AUC: 0.591353
2025-05-23 15:58:56,441 - INFO: Starting epoch 18
2025-05-23 15:58:56,470 - INFO: Evaluating at iteration 43946
2025-05-23 15:58:56,560 - INFO: Loss: 0.054668
2025-05-23 15:58:56,560 - INFO: Training ROC-AUC: 1.000000
2025-05-23 15:58:56,560 - INFO: Validation ROC-AUC: 0.597825
2025-05-23 15:59:10,480 - INFO: Evaluating at iteration 44446
2025-05-23 15:59:10,568 - INFO: Loss: 0.046211
2025-05-23 15:59:10,568 - INFO: Training ROC-AUC: 1.000000
2025-05-23 15:59:10,568 - INFO: Validation ROC-AUC: 0.589577
2025-05-23 15:59:24,594 - INFO: Evaluating at iteration 44946
2025-05-23 15:59:24,685 - INFO: Loss: 0.085463
2025-05-23 15:59:24,687 - INFO: Training ROC-AUC: 0.991071
2025-05-23 15:59:24,687 - INFO: Validation ROC-AUC: 0.597094
2025-05-23 15:59:38,747 - INFO: Evaluating at iteration 45446
2025-05-23 15:59:38,834 - INFO: Loss: 0.108599
2025-05-23 15:59:38,834 - INFO: Training ROC-AUC: 1.000000
2025-05-23 15:59:38,834 - INFO: Validation ROC-AUC: 0.588904
2025-05-23 15:59:52,925 - INFO: Evaluating at iteration 45946
2025-05-23 15:59:53,020 - INFO: Loss: 0.032376
2025-05-23 15:59:53,021 - INFO: Training ROC-AUC: 1.000000
2025-05-23 15:59:53,021 - INFO: Validation ROC-AUC: 0.593051
2025-05-23 16:00:07,016 - INFO: Evaluating at iteration 46446
2025-05-23 16:00:07,105 - INFO: Loss: 0.134339
2025-05-23 16:00:07,105 - INFO: Training ROC-AUC: 0.987179
2025-05-23 16:00:07,105 - INFO: Validation ROC-AUC: 0.593267
2025-05-23 16:00:09,437 - INFO: Starting epoch 19
2025-05-23 16:00:09,464 - INFO: Evaluating at iteration 46531
2025-05-23 16:00:09,551 - INFO: Loss: 0.059068
2025-05-23 16:00:09,551 - INFO: Training ROC-AUC: 1.000000
2025-05-23 16:00:09,551 - INFO: Validation ROC-AUC: 0.595161
2025-05-23 16:00:23,665 - INFO: Evaluating at iteration 47031
2025-05-23 16:00:23,751 - INFO: Loss: 0.082183
2025-05-23 16:00:23,751 - INFO: Training ROC-AUC: 0.995169
2025-05-23 16:00:23,752 - INFO: Validation ROC-AUC: 0.592118
2025-05-23 16:00:37,886 - INFO: Evaluating at iteration 47531
2025-05-23 16:00:37,975 - INFO: Loss: 0.052889
2025-05-23 16:00:37,975 - INFO: Training ROC-AUC: 1.000000
2025-05-23 16:00:37,975 - INFO: Validation ROC-AUC: 0.590929
2025-05-23 16:00:51,927 - INFO: Evaluating at iteration 48031
2025-05-23 16:00:52,024 - INFO: Loss: 0.065390
2025-05-23 16:00:52,024 - INFO: Training ROC-AUC: 1.000000
2025-05-23 16:00:52,024 - INFO: Validation ROC-AUC: 0.603487
2025-05-23 16:01:06,114 - INFO: Evaluating at iteration 48531
2025-05-23 16:01:06,203 - INFO: Loss: 0.117537
2025-05-23 16:01:06,203 - INFO: Training ROC-AUC: 0.987179
2025-05-23 16:01:06,203 - INFO: Validation ROC-AUC: 0.603494
2025-05-23 16:01:20,164 - INFO: Evaluating at iteration 49031
2025-05-23 16:01:20,251 - INFO: Loss: 0.034244
2025-05-23 16:01:20,251 - INFO: Training ROC-AUC: 1.000000
2025-05-23 16:01:20,251 - INFO: Validation ROC-AUC: 0.593933
2025-05-23 16:01:22,618 - INFO: Starting epoch 20
2025-05-23 16:01:22,647 - INFO: Evaluating at iteration 49116
2025-05-23 16:01:22,735 - INFO: Loss: 0.032164
2025-05-23 16:01:22,736 - INFO: Training ROC-AUC: 1.000000
2025-05-23 16:01:22,736 - INFO: Validation ROC-AUC: 0.595435
2025-05-23 16:01:36,772 - INFO: Evaluating at iteration 49616
2025-05-23 16:01:36,870 - INFO: Loss: 0.093342
2025-05-23 16:01:36,870 - INFO: Training ROC-AUC: 0.985185
2025-05-23 16:01:36,870 - INFO: Validation ROC-AUC: 0.597107
2025-05-23 16:01:50,740 - INFO: Evaluating at iteration 50116
2025-05-23 16:01:50,828 - INFO: Loss: 0.038012
2025-05-23 16:01:50,828 - INFO: Training ROC-AUC: 1.000000
2025-05-23 16:01:50,828 - INFO: Validation ROC-AUC: 0.601051
2025-05-23 16:02:04,835 - INFO: Evaluating at iteration 50616
2025-05-23 16:02:04,922 - INFO: Loss: 0.057286
2025-05-23 16:02:04,923 - INFO: Training ROC-AUC: 1.000000
2025-05-23 16:02:04,923 - INFO: Validation ROC-AUC: 0.600738
2025-05-23 16:02:18,939 - INFO: Evaluating at iteration 51116
2025-05-23 16:02:19,026 - INFO: Loss: 0.159338
2025-05-23 16:02:19,026 - INFO: Training ROC-AUC: 0.970370
2025-05-23 16:02:19,026 - INFO: Validation ROC-AUC: 0.589087
2025-05-23 16:02:33,013 - INFO: Evaluating at iteration 51616
2025-05-23 16:02:33,111 - INFO: Loss: 0.036934
2025-05-23 16:02:33,111 - INFO: Training ROC-AUC: 1.000000
2025-05-23 16:02:33,111 - INFO: Validation ROC-AUC: 0.579657
2025-05-23 16:02:35,473 - INFO: Starting epoch 21
2025-05-23 16:02:35,501 - INFO: Evaluating at iteration 51701
2025-05-23 16:02:35,589 - INFO: Loss: 0.030531
2025-05-23 16:02:35,589 - INFO: Training ROC-AUC: 1.000000
2025-05-23 16:02:35,589 - INFO: Validation ROC-AUC: 0.582269
2025-05-23 16:02:49,595 - INFO: Evaluating at iteration 52201
2025-05-23 16:02:49,682 - INFO: Loss: 0.060097
2025-05-23 16:02:49,682 - INFO: Training ROC-AUC: 1.000000
2025-05-23 16:02:49,682 - INFO: Validation ROC-AUC: 0.582648
2025-05-23 16:03:03,734 - INFO: Evaluating at iteration 52701
2025-05-23 16:03:03,821 - INFO: Loss: 0.048937
2025-05-23 16:03:03,821 - INFO: Training ROC-AUC: 1.000000
2025-05-23 16:03:03,821 - INFO: Validation ROC-AUC: 0.580598
2025-05-23 16:03:17,877 - INFO: Evaluating at iteration 53201
2025-05-23 16:03:17,965 - INFO: Loss: 0.098110
2025-05-23 16:03:17,965 - INFO: Training ROC-AUC: 0.994286
2025-05-23 16:03:17,965 - INFO: Validation ROC-AUC: 0.578090
2025-05-23 16:03:31,897 - INFO: Evaluating at iteration 53701
2025-05-23 16:03:31,993 - INFO: Loss: 0.009445
2025-05-23 16:03:31,993 - INFO: Training ROC-AUC: 1.000000
2025-05-23 16:03:31,993 - INFO: Validation ROC-AUC: 0.589094
2025-05-23 16:03:46,108 - INFO: Evaluating at iteration 54201
2025-05-23 16:03:46,197 - INFO: Loss: 0.018055
2025-05-23 16:03:46,197 - INFO: Training ROC-AUC: 1.000000
2025-05-23 16:03:46,197 - INFO: Validation ROC-AUC: 0.581401
2025-05-23 16:03:48,509 - INFO: Starting epoch 22
2025-05-23 16:03:48,536 - INFO: Evaluating at iteration 54286
2025-05-23 16:03:48,624 - INFO: Loss: 0.054441
2025-05-23 16:03:48,624 - INFO: Training ROC-AUC: 1.000000
2025-05-23 16:03:48,624 - INFO: Validation ROC-AUC: 0.585352
2025-05-23 16:04:02,634 - INFO: Evaluating at iteration 54786
2025-05-23 16:04:02,723 - INFO: Loss: 0.015056
2025-05-23 16:04:02,723 - INFO: Training ROC-AUC: 1.000000
2025-05-23 16:04:02,723 - INFO: Validation ROC-AUC: 0.581891
2025-05-23 16:04:16,737 - INFO: Evaluating at iteration 55286
2025-05-23 16:04:16,835 - INFO: Loss: 0.023064
2025-05-23 16:04:16,835 - INFO: Training ROC-AUC: 1.000000
2025-05-23 16:04:16,835 - INFO: Validation ROC-AUC: 0.583177
2025-05-23 16:04:30,828 - INFO: Evaluating at iteration 55786
2025-05-23 16:04:30,915 - INFO: Loss: 0.317713
2025-05-23 16:04:30,915 - INFO: Training ROC-AUC: 0.973214
2025-05-23 16:04:30,915 - INFO: Validation ROC-AUC: 0.589479
2025-05-23 16:04:44,765 - INFO: Evaluating at iteration 56286
2025-05-23 16:04:44,852 - INFO: Loss: 0.012048
2025-05-23 16:04:44,852 - INFO: Training ROC-AUC: 1.000000
2025-05-23 16:04:44,852 - INFO: Validation ROC-AUC: 0.609352
2025-05-23 16:04:58,715 - INFO: Evaluating at iteration 56786
2025-05-23 16:04:58,803 - INFO: Loss: 0.059570
2025-05-23 16:04:58,803 - INFO: Training ROC-AUC: 1.000000
2025-05-23 16:04:58,803 - INFO: Validation ROC-AUC: 0.593476
2025-05-23 16:05:01,050 - INFO: Starting epoch 23
2025-05-23 16:05:01,080 - INFO: Evaluating at iteration 56871
2025-05-23 16:05:01,168 - INFO: Loss: 0.025806
2025-05-23 16:05:01,168 - INFO: Training ROC-AUC: 1.000000
2025-05-23 16:05:01,168 - INFO: Validation ROC-AUC: 0.599269
2025-05-23 16:05:14,907 - INFO: Evaluating at iteration 57371
2025-05-23 16:05:15,004 - INFO: Loss: 0.165905
2025-05-23 16:05:15,004 - INFO: Training ROC-AUC: 0.995951
2025-05-23 16:05:15,004 - INFO: Validation ROC-AUC: 0.601104
2025-05-23 16:05:28,956 - INFO: Evaluating at iteration 57871
2025-05-23 16:05:29,045 - INFO: Loss: 0.013455
2025-05-23 16:05:29,046 - INFO: Training ROC-AUC: 1.000000
2025-05-23 16:05:29,046 - INFO: Validation ROC-AUC: 0.587272
2025-05-23 16:05:42,836 - INFO: Evaluating at iteration 58371
2025-05-23 16:05:42,926 - INFO: Loss: 0.010167
2025-05-23 16:05:42,926 - INFO: Training ROC-AUC: 1.000000
2025-05-23 16:05:42,926 - INFO: Validation ROC-AUC: 0.592268
2025-05-23 16:05:56,527 - INFO: Evaluating at iteration 58871
2025-05-23 16:05:56,619 - INFO: Loss: 0.138624
2025-05-23 16:05:56,619 - INFO: Training ROC-AUC: 0.982857
2025-05-23 16:05:56,619 - INFO: Validation ROC-AUC: 0.599615
2025-05-23 16:06:10,302 - INFO: Evaluating at iteration 59371
2025-05-23 16:06:10,399 - INFO: Loss: 0.034555
2025-05-23 16:06:10,399 - INFO: Training ROC-AUC: 1.000000
2025-05-23 16:06:10,399 - INFO: Validation ROC-AUC: 0.601411
2025-05-23 16:06:12,741 - INFO: Starting epoch 24
2025-05-23 16:06:12,772 - INFO: Evaluating at iteration 59456
2025-05-23 16:06:12,860 - INFO: Loss: 0.007998
2025-05-23 16:06:12,860 - INFO: Training ROC-AUC: 1.000000
2025-05-23 16:06:12,860 - INFO: Validation ROC-AUC: 0.594873
2025-05-23 16:06:26,662 - INFO: Evaluating at iteration 59956
2025-05-23 16:06:26,753 - INFO: Loss: 0.045439
2025-05-23 16:06:26,753 - INFO: Training ROC-AUC: 1.000000
2025-05-23 16:06:26,753 - INFO: Validation ROC-AUC: 0.583628
2025-05-23 16:06:40,562 - INFO: Evaluating at iteration 60456
2025-05-23 16:06:40,650 - INFO: Loss: 0.068802
2025-05-23 16:06:40,650 - INFO: Training ROC-AUC: 1.000000
2025-05-23 16:06:40,650 - INFO: Validation ROC-AUC: 0.583523
2025-05-23 16:06:54,542 - INFO: Evaluating at iteration 60956
2025-05-23 16:06:54,640 - INFO: Loss: 0.061821
2025-05-23 16:06:54,640 - INFO: Training ROC-AUC: 1.000000
2025-05-23 16:06:54,640 - INFO: Validation ROC-AUC: 0.576242
2025-05-23 16:07:08,216 - INFO: Evaluating at iteration 61456
2025-05-23 16:07:08,304 - INFO: Loss: 0.052700
2025-05-23 16:07:08,304 - INFO: Training ROC-AUC: 1.000000
2025-05-23 16:07:08,304 - INFO: Validation ROC-AUC: 0.604963
2025-05-23 16:07:22,165 - INFO: Evaluating at iteration 61956
2025-05-23 16:07:22,253 - INFO: Loss: 0.004622
2025-05-23 16:07:22,253 - INFO: Training ROC-AUC: 1.000000
2025-05-23 16:07:22,253 - INFO: Validation ROC-AUC: 0.588134
2025-05-23 16:07:24,547 - INFO: Starting epoch 25
2025-05-23 16:07:24,574 - INFO: Evaluating at iteration 62041
2025-05-23 16:07:24,662 - INFO: Loss: 0.042691
2025-05-23 16:07:24,662 - INFO: Training ROC-AUC: 1.000000
2025-05-23 16:07:24,662 - INFO: Validation ROC-AUC: 0.589113
2025-05-23 16:07:38,378 - INFO: Evaluating at iteration 62541
2025-05-23 16:07:38,466 - INFO: Loss: 0.005584
2025-05-23 16:07:38,466 - INFO: Training ROC-AUC: 1.000000
2025-05-23 16:07:38,466 - INFO: Validation ROC-AUC: 0.586606
2025-05-23 16:07:52,231 - INFO: Evaluating at iteration 63041
2025-05-23 16:07:52,328 - INFO: Loss: 0.011410
2025-05-23 16:07:52,328 - INFO: Training ROC-AUC: 1.000000
2025-05-23 16:07:52,328 - INFO: Validation ROC-AUC: 0.594671
2025-05-23 16:08:06,189 - INFO: Evaluating at iteration 63541
2025-05-23 16:08:06,277 - INFO: Loss: 0.012892
2025-05-23 16:08:06,277 - INFO: Training ROC-AUC: 1.000000
2025-05-23 16:08:06,277 - INFO: Validation ROC-AUC: 0.594116
2025-05-23 16:08:20,026 - INFO: Evaluating at iteration 64041
2025-05-23 16:08:20,113 - INFO: Loss: 0.005349
2025-05-23 16:08:20,113 - INFO: Training ROC-AUC: 1.000000
2025-05-23 16:08:20,113 - INFO: Validation ROC-AUC: 0.589198
2025-05-23 16:08:33,990 - INFO: Evaluating at iteration 64541
2025-05-23 16:08:34,077 - INFO: Loss: 0.033157
2025-05-23 16:08:34,077 - INFO: Training ROC-AUC: 1.000000
2025-05-23 16:08:34,077 - INFO: Validation ROC-AUC: 0.588676
2025-05-23 16:08:36,389 - INFO: Saving model to models/TCRStructMap_sequence_only/model_1.pt
2025-05-23 16:08:36,422 - INFO: Starting fold 2
2025-05-23 16:08:36,436 - INFO: Initialising model
2025-05-23 16:08:36,449 - INFO: Starting training
2025-05-23 16:08:36,449 - INFO: Starting epoch 1
2025-05-23 16:08:36,488 - INFO: Evaluating at iteration 1
2025-05-23 16:08:36,712 - INFO: Loss: 0.696258
2025-05-23 16:08:36,712 - INFO: Training ROC-AUC: 0.754286
2025-05-23 16:08:36,712 - INFO: Validation ROC-AUC: 0.502919
2025-05-23 16:08:48,960 - INFO: Evaluating at iteration 501
2025-05-23 16:08:49,193 - INFO: Loss: 0.450005
2025-05-23 16:08:49,193 - INFO: Training ROC-AUC: 0.845714
2025-05-23 16:08:49,193 - INFO: Validation ROC-AUC: 0.515907
2025-05-23 16:09:01,463 - INFO: Evaluating at iteration 1001
2025-05-23 16:09:01,688 - INFO: Loss: 0.419286
2025-05-23 16:09:01,688 - INFO: Training ROC-AUC: 0.685714
2025-05-23 16:09:01,688 - INFO: Validation ROC-AUC: 0.495590
2025-05-23 16:09:13,841 - INFO: Evaluating at iteration 1501
2025-05-23 16:09:14,061 - INFO: Loss: 0.285779
2025-05-23 16:09:14,061 - INFO: Training ROC-AUC: 0.903704
2025-05-23 16:09:14,061 - INFO: Validation ROC-AUC: 0.550588
2025-05-23 16:09:26,156 - INFO: Evaluating at iteration 2001
2025-05-23 16:09:26,374 - INFO: Loss: 0.326411
2025-05-23 16:09:26,374 - INFO: Training ROC-AUC: 0.678571
2025-05-23 16:09:26,374 - INFO: Validation ROC-AUC: 0.613005
2025-05-23 16:09:38,514 - INFO: Evaluating at iteration 2501
2025-05-23 16:09:38,745 - INFO: Loss: 0.266708
2025-05-23 16:09:38,745 - INFO: Training ROC-AUC: 0.816092
2025-05-23 16:09:38,746 - INFO: Validation ROC-AUC: 0.633290
2025-05-23 16:09:39,625 - INFO: Starting epoch 2
2025-05-23 16:09:39,652 - INFO: Evaluating at iteration 2538
2025-05-23 16:09:39,873 - INFO: Loss: 0.223522
2025-05-23 16:09:39,873 - INFO: Training ROC-AUC: 0.993590
2025-05-23 16:09:39,873 - INFO: Validation ROC-AUC: 0.633390
2025-05-23 16:09:52,055 - INFO: Evaluating at iteration 3038
2025-05-23 16:09:52,276 - INFO: Loss: 0.346023
2025-05-23 16:09:52,277 - INFO: Training ROC-AUC: 0.910256
2025-05-23 16:09:52,277 - INFO: Validation ROC-AUC: 0.658365
2025-05-23 16:10:04,497 - INFO: Evaluating at iteration 3538
2025-05-23 16:10:04,718 - INFO: Loss: 0.284084
2025-05-23 16:10:04,718 - INFO: Training ROC-AUC: 0.712644
2025-05-23 16:10:04,718 - INFO: Validation ROC-AUC: 0.686568
2025-05-23 16:10:16,924 - INFO: Evaluating at iteration 4038
2025-05-23 16:10:17,142 - INFO: Loss: 0.278633
2025-05-23 16:10:17,142 - INFO: Training ROC-AUC: 0.830357
2025-05-23 16:10:17,142 - INFO: Validation ROC-AUC: 0.708758
2025-05-23 16:10:29,425 - INFO: Evaluating at iteration 4538
2025-05-23 16:10:29,658 - INFO: Loss: 0.114468
2025-05-23 16:10:29,658 - INFO: Training ROC-AUC: 1.000000
2025-05-23 16:10:29,658 - INFO: Validation ROC-AUC: 0.678956
2025-05-23 16:10:41,857 - INFO: Evaluating at iteration 5038
2025-05-23 16:10:42,080 - INFO: Loss: 0.324762
2025-05-23 16:10:42,081 - INFO: Training ROC-AUC: 0.655172
2025-05-23 16:10:42,081 - INFO: Validation ROC-AUC: 0.696942
2025-05-23 16:10:42,958 - INFO: Starting epoch 3
2025-05-23 16:10:42,984 - INFO: Evaluating at iteration 5075
2025-05-23 16:10:43,204 - INFO: Loss: 0.321919
2025-05-23 16:10:43,204 - INFO: Training ROC-AUC: 0.871795
2025-05-23 16:10:43,204 - INFO: Validation ROC-AUC: 0.688938
2025-05-23 16:10:55,268 - INFO: Evaluating at iteration 5575
2025-05-23 16:10:55,486 - INFO: Loss: 0.173084
2025-05-23 16:10:55,486 - INFO: Training ROC-AUC: 0.774194
2025-05-23 16:10:55,486 - INFO: Validation ROC-AUC: 0.706111
2025-05-23 16:11:07,772 - INFO: Evaluating at iteration 6075
2025-05-23 16:11:07,991 - INFO: Loss: 0.182905
2025-05-23 16:11:07,992 - INFO: Training ROC-AUC: 0.933333
2025-05-23 16:11:07,992 - INFO: Validation ROC-AUC: 0.685936
2025-05-23 16:11:20,289 - INFO: Evaluating at iteration 6575
2025-05-23 16:11:20,510 - INFO: Loss: 0.306782
2025-05-23 16:11:20,510 - INFO: Training ROC-AUC: 0.921875
2025-05-23 16:11:20,510 - INFO: Validation ROC-AUC: 0.714022
2025-05-23 16:11:32,827 - INFO: Evaluating at iteration 7075
2025-05-23 16:11:33,061 - INFO: Loss: 0.184568
2025-05-23 16:11:33,061 - INFO: Training ROC-AUC: 0.908046
2025-05-23 16:11:33,061 - INFO: Validation ROC-AUC: 0.721432
2025-05-23 16:11:45,309 - INFO: Evaluating at iteration 7575
2025-05-23 16:11:45,530 - INFO: Loss: 0.247541
2025-05-23 16:11:45,530 - INFO: Training ROC-AUC: 0.937143
2025-05-23 16:11:45,530 - INFO: Validation ROC-AUC: 0.713451
2025-05-23 16:11:46,413 - INFO: Starting epoch 4
2025-05-23 16:11:46,439 - INFO: Evaluating at iteration 7612
2025-05-23 16:11:46,660 - INFO: Loss: 0.195092
2025-05-23 16:11:46,660 - INFO: Training ROC-AUC: 0.982857
2025-05-23 16:11:46,660 - INFO: Validation ROC-AUC: 0.709133
2025-05-23 16:11:58,910 - INFO: Evaluating at iteration 8112
2025-05-23 16:11:59,128 - INFO: Loss: 0.267136
2025-05-23 16:11:59,128 - INFO: Training ROC-AUC: 0.821429
2025-05-23 16:11:59,128 - INFO: Validation ROC-AUC: 0.701211
2025-05-23 16:12:11,438 - INFO: Evaluating at iteration 8612
2025-05-23 16:12:11,663 - INFO: Loss: 0.197444
2025-05-23 16:12:11,663 - INFO: Training ROC-AUC: 0.908046
2025-05-23 16:12:11,663 - INFO: Validation ROC-AUC: 0.704602
2025-05-23 16:12:24,149 - INFO: Evaluating at iteration 9112
2025-05-23 16:12:24,382 - INFO: Loss: 0.495037
2025-05-23 16:12:24,382 - INFO: Training ROC-AUC: 0.697917
2025-05-23 16:12:24,382 - INFO: Validation ROC-AUC: 0.692641
2025-05-23 16:12:36,848 - INFO: Evaluating at iteration 9612
2025-05-23 16:12:37,071 - INFO: Loss: 0.177555
2025-05-23 16:12:37,071 - INFO: Training ROC-AUC: 0.992593
2025-05-23 16:12:37,071 - INFO: Validation ROC-AUC: 0.706161
2025-05-23 16:12:49,749 - INFO: Evaluating at iteration 10112
2025-05-23 16:12:49,970 - INFO: Loss: 0.200040
2025-05-23 16:12:49,970 - INFO: Training ROC-AUC: 0.965714
2025-05-23 16:12:49,970 - INFO: Validation ROC-AUC: 0.714314
2025-05-23 16:12:50,885 - INFO: Starting epoch 5
2025-05-23 16:12:50,911 - INFO: Evaluating at iteration 10149
2025-05-23 16:12:51,134 - INFO: Loss: 0.182081
2025-05-23 16:12:51,134 - INFO: Training ROC-AUC: 0.937500
2025-05-23 16:12:51,134 - INFO: Validation ROC-AUC: 0.718646
2025-05-23 16:13:03,634 - INFO: Evaluating at iteration 10649
2025-05-23 16:13:03,852 - INFO: Loss: 0.157014
2025-05-23 16:13:03,852 - INFO: Training ROC-AUC: 0.933333
2025-05-23 16:13:03,852 - INFO: Validation ROC-AUC: 0.707284
2025-05-23 16:13:16,419 - INFO: Evaluating at iteration 11149
2025-05-23 16:13:16,649 - INFO: Loss: 0.165638
2025-05-23 16:13:16,649 - INFO: Training ROC-AUC: 0.937500
2025-05-23 16:13:16,649 - INFO: Validation ROC-AUC: 0.700813
2025-05-23 16:13:29,157 - INFO: Evaluating at iteration 11649
2025-05-23 16:13:29,377 - INFO: Loss: 0.327643
2025-05-23 16:13:29,377 - INFO: Training ROC-AUC: 0.862857
2025-05-23 16:13:29,377 - INFO: Validation ROC-AUC: 0.711310
2025-05-23 16:13:41,894 - INFO: Evaluating at iteration 12149
2025-05-23 16:13:42,121 - INFO: Loss: 0.268950
2025-05-23 16:13:42,121 - INFO: Training ROC-AUC: 0.821429
2025-05-23 16:13:42,121 - INFO: Validation ROC-AUC: 0.705750
2025-05-23 16:13:54,701 - INFO: Evaluating at iteration 12649
2025-05-23 16:13:54,923 - INFO: Loss: 0.344361
2025-05-23 16:13:54,923 - INFO: Training ROC-AUC: 0.888889
2025-05-23 16:13:54,923 - INFO: Validation ROC-AUC: 0.702956
2025-05-23 16:13:55,824 - INFO: Starting epoch 6
2025-05-23 16:13:55,851 - INFO: Evaluating at iteration 12686
2025-05-23 16:13:56,072 - INFO: Loss: 0.188985
2025-05-23 16:13:56,072 - INFO: Training ROC-AUC: 0.816667
2025-05-23 16:13:56,072 - INFO: Validation ROC-AUC: 0.701969
2025-05-23 16:14:08,523 - INFO: Evaluating at iteration 13186
2025-05-23 16:14:08,754 - INFO: Loss: 0.256234
2025-05-23 16:14:08,754 - INFO: Training ROC-AUC: 0.948718
2025-05-23 16:14:08,754 - INFO: Validation ROC-AUC: 0.697497
2025-05-23 16:14:21,234 - INFO: Evaluating at iteration 13686
2025-05-23 16:14:21,458 - INFO: Loss: 0.143884
2025-05-23 16:14:21,458 - INFO: Training ROC-AUC: 0.954023
2025-05-23 16:14:21,458 - INFO: Validation ROC-AUC: 0.703415
2025-05-23 16:14:34,040 - INFO: Evaluating at iteration 14186
2025-05-23 16:14:34,259 - INFO: Loss: 0.283339
2025-05-23 16:14:34,259 - INFO: Training ROC-AUC: 0.891429
2025-05-23 16:14:34,259 - INFO: Validation ROC-AUC: 0.707776
2025-05-23 16:14:46,751 - INFO: Evaluating at iteration 14686
2025-05-23 16:14:46,970 - INFO: Loss: 0.326163
2025-05-23 16:14:46,970 - INFO: Training ROC-AUC: 0.826923
2025-05-23 16:14:46,970 - INFO: Validation ROC-AUC: 0.711131
2025-05-23 16:14:59,659 - INFO: Evaluating at iteration 15186
2025-05-23 16:14:59,891 - INFO: Loss: 0.377818
2025-05-23 16:14:59,891 - INFO: Training ROC-AUC: 0.854167
2025-05-23 16:14:59,891 - INFO: Validation ROC-AUC: 0.705346
2025-05-23 16:15:00,804 - INFO: Starting epoch 7
2025-05-23 16:15:00,831 - INFO: Evaluating at iteration 15223
2025-05-23 16:15:01,051 - INFO: Loss: 0.247101
2025-05-23 16:15:01,051 - INFO: Training ROC-AUC: 0.883929
2025-05-23 16:15:01,051 - INFO: Validation ROC-AUC: 0.703586
2025-05-23 16:15:13,698 - INFO: Evaluating at iteration 15723
2025-05-23 16:15:13,913 - INFO: Loss: 0.229558
2025-05-23 16:15:13,914 - INFO: Training ROC-AUC: 0.953125
2025-05-23 16:15:13,914 - INFO: Validation ROC-AUC: 0.702584
2025-05-23 16:15:26,447 - INFO: Evaluating at iteration 16223
2025-05-23 16:15:26,672 - INFO: Loss: 0.325255
2025-05-23 16:15:26,672 - INFO: Training ROC-AUC: 0.922705
2025-05-23 16:15:26,672 - INFO: Validation ROC-AUC: 0.692043
2025-05-23 16:15:39,237 - INFO: Evaluating at iteration 16723
2025-05-23 16:15:39,450 - INFO: Loss: 0.294070
2025-05-23 16:15:39,450 - INFO: Training ROC-AUC: 0.925714
2025-05-23 16:15:39,450 - INFO: Validation ROC-AUC: 0.689805
2025-05-23 16:15:52,057 - INFO: Evaluating at iteration 17223
2025-05-23 16:15:52,289 - INFO: Loss: 0.319751
2025-05-23 16:15:52,289 - INFO: Training ROC-AUC: 0.862857
2025-05-23 16:15:52,289 - INFO: Validation ROC-AUC: 0.702138
2025-05-23 16:16:04,914 - INFO: Evaluating at iteration 17723
2025-05-23 16:16:05,133 - INFO: Loss: 0.331187
2025-05-23 16:16:05,135 - INFO: Training ROC-AUC: 0.902857
2025-05-23 16:16:05,136 - INFO: Validation ROC-AUC: 0.702726
2025-05-23 16:16:06,048 - INFO: Starting epoch 8
2025-05-23 16:16:06,075 - INFO: Evaluating at iteration 17760
2025-05-23 16:16:06,292 - INFO: Loss: 0.188511
2025-05-23 16:16:06,292 - INFO: Training ROC-AUC: 0.980769
2025-05-23 16:16:06,292 - INFO: Validation ROC-AUC: 0.702513
2025-05-23 16:16:18,852 - INFO: Evaluating at iteration 18260
2025-05-23 16:16:19,070 - INFO: Loss: 0.240822
2025-05-23 16:16:19,070 - INFO: Training ROC-AUC: 0.958333
2025-05-23 16:16:19,070 - INFO: Validation ROC-AUC: 0.693065
2025-05-23 16:16:31,502 - INFO: Evaluating at iteration 18760
2025-05-23 16:16:31,719 - INFO: Loss: 0.237904
2025-05-23 16:16:31,720 - INFO: Training ROC-AUC: 0.892857
2025-05-23 16:16:31,720 - INFO: Validation ROC-AUC: 0.708336
2025-05-23 16:16:44,313 - INFO: Evaluating at iteration 19260
2025-05-23 16:16:44,545 - INFO: Loss: 0.265393
2025-05-23 16:16:44,545 - INFO: Training ROC-AUC: 0.897436
2025-05-23 16:16:44,545 - INFO: Validation ROC-AUC: 0.691849
2025-05-23 16:16:57,136 - INFO: Evaluating at iteration 19760
2025-05-23 16:16:57,352 - INFO: Loss: 0.136579
2025-05-23 16:16:57,352 - INFO: Training ROC-AUC: 0.985507
2025-05-23 16:16:57,353 - INFO: Validation ROC-AUC: 0.694279
2025-05-23 16:17:10,102 - INFO: Evaluating at iteration 20260
2025-05-23 16:17:10,320 - INFO: Loss: 0.257828
2025-05-23 16:17:10,321 - INFO: Training ROC-AUC: 0.925926
2025-05-23 16:17:10,321 - INFO: Validation ROC-AUC: 0.709079
2025-05-23 16:17:11,238 - INFO: Starting epoch 9
2025-05-23 16:17:11,265 - INFO: Evaluating at iteration 20297
2025-05-23 16:17:11,482 - INFO: Loss: 0.226522
2025-05-23 16:17:11,482 - INFO: Training ROC-AUC: 0.940741
2025-05-23 16:17:11,482 - INFO: Validation ROC-AUC: 0.706017
2025-05-23 16:17:24,075 - INFO: Evaluating at iteration 20797
2025-05-23 16:17:24,296 - INFO: Loss: 0.233395
2025-05-23 16:17:24,296 - INFO: Training ROC-AUC: 0.958333
2025-05-23 16:17:24,296 - INFO: Validation ROC-AUC: 0.696862
2025-05-23 16:17:36,846 - INFO: Evaluating at iteration 21297
2025-05-23 16:17:37,080 - INFO: Loss: 0.205330
2025-05-23 16:17:37,080 - INFO: Training ROC-AUC: 0.901786
2025-05-23 16:17:37,080 - INFO: Validation ROC-AUC: 0.706118
2025-05-23 16:17:49,552 - INFO: Evaluating at iteration 21797
2025-05-23 16:17:49,772 - INFO: Loss: 0.144869
2025-05-23 16:17:49,772 - INFO: Training ROC-AUC: 0.931034
2025-05-23 16:17:49,772 - INFO: Validation ROC-AUC: 0.695206
2025-05-23 16:18:02,424 - INFO: Evaluating at iteration 22297
2025-05-23 16:18:02,645 - INFO: Loss: 0.197614
2025-05-23 16:18:02,645 - INFO: Training ROC-AUC: 0.946429
2025-05-23 16:18:02,645 - INFO: Validation ROC-AUC: 0.696007
2025-05-23 16:18:15,183 - INFO: Evaluating at iteration 22797
2025-05-23 16:18:15,406 - INFO: Loss: 0.199109
2025-05-23 16:18:15,406 - INFO: Training ROC-AUC: 0.933333
2025-05-23 16:18:15,406 - INFO: Validation ROC-AUC: 0.693699
2025-05-23 16:18:16,312 - INFO: Starting epoch 10
2025-05-23 16:18:16,341 - INFO: Evaluating at iteration 22834
2025-05-23 16:18:16,564 - INFO: Loss: 0.240556
2025-05-23 16:18:16,565 - INFO: Training ROC-AUC: 0.733333
2025-05-23 16:18:16,565 - INFO: Validation ROC-AUC: 0.693900
2025-05-23 16:18:29,046 - INFO: Evaluating at iteration 23334
2025-05-23 16:18:29,279 - INFO: Loss: 0.248200
2025-05-23 16:18:29,279 - INFO: Training ROC-AUC: 0.942857
2025-05-23 16:18:29,279 - INFO: Validation ROC-AUC: 0.692943
2025-05-23 16:18:41,758 - INFO: Evaluating at iteration 23834
2025-05-23 16:18:41,983 - INFO: Loss: 0.163808
2025-05-23 16:18:41,983 - INFO: Training ROC-AUC: 0.940741
2025-05-23 16:18:41,983 - INFO: Validation ROC-AUC: 0.687244
2025-05-23 16:18:54,414 - INFO: Evaluating at iteration 24334
2025-05-23 16:18:54,638 - INFO: Loss: 0.160808
2025-05-23 16:18:54,638 - INFO: Training ROC-AUC: 0.982857
2025-05-23 16:18:54,638 - INFO: Validation ROC-AUC: 0.694752
2025-05-23 16:19:07,125 - INFO: Evaluating at iteration 24834
2025-05-23 16:19:07,345 - INFO: Loss: 0.259745
2025-05-23 16:19:07,345 - INFO: Training ROC-AUC: 0.920000
2025-05-23 16:19:07,345 - INFO: Validation ROC-AUC: 0.684547
2025-05-23 16:19:19,908 - INFO: Evaluating at iteration 25334
2025-05-23 16:19:20,127 - INFO: Loss: 0.133467
2025-05-23 16:19:20,127 - INFO: Training ROC-AUC: 0.962963
2025-05-23 16:19:20,128 - INFO: Validation ROC-AUC: 0.675319
2025-05-23 16:19:21,038 - INFO: Starting epoch 11
2025-05-23 16:19:21,064 - INFO: Evaluating at iteration 25371
2025-05-23 16:19:21,285 - INFO: Loss: 0.129301
2025-05-23 16:19:21,285 - INFO: Training ROC-AUC: 0.950000
2025-05-23 16:19:21,285 - INFO: Validation ROC-AUC: 0.678965
2025-05-23 16:19:33,754 - INFO: Evaluating at iteration 25871
2025-05-23 16:19:33,989 - INFO: Loss: 0.132643
2025-05-23 16:19:33,989 - INFO: Training ROC-AUC: 0.985185
2025-05-23 16:19:33,989 - INFO: Validation ROC-AUC: 0.677416
2025-05-23 16:19:46,539 - INFO: Evaluating at iteration 26371
2025-05-23 16:19:46,761 - INFO: Loss: 0.191298
2025-05-23 16:19:46,761 - INFO: Training ROC-AUC: 0.942857
2025-05-23 16:19:46,761 - INFO: Validation ROC-AUC: 0.685691
2025-05-23 16:19:59,231 - INFO: Evaluating at iteration 26871
2025-05-23 16:19:59,449 - INFO: Loss: 0.152724
2025-05-23 16:19:59,449 - INFO: Training ROC-AUC: 0.993590
2025-05-23 16:19:59,449 - INFO: Validation ROC-AUC: 0.685199
2025-05-23 16:20:11,926 - INFO: Evaluating at iteration 27371
2025-05-23 16:20:12,148 - INFO: Loss: 0.135455
2025-05-23 16:20:12,148 - INFO: Training ROC-AUC: 0.985185
2025-05-23 16:20:12,148 - INFO: Validation ROC-AUC: 0.681396
2025-05-23 16:20:24,833 - INFO: Evaluating at iteration 27871
2025-05-23 16:20:25,064 - INFO: Loss: 0.103700
2025-05-23 16:20:25,064 - INFO: Training ROC-AUC: 1.000000
2025-05-23 16:20:25,064 - INFO: Validation ROC-AUC: 0.688309
2025-05-23 16:20:25,975 - INFO: Starting epoch 12
2025-05-23 16:20:26,002 - INFO: Evaluating at iteration 27908
2025-05-23 16:20:26,224 - INFO: Loss: 0.333391
2025-05-23 16:20:26,224 - INFO: Training ROC-AUC: 0.884058
2025-05-23 16:20:26,224 - INFO: Validation ROC-AUC: 0.684050
2025-05-23 16:20:38,715 - INFO: Evaluating at iteration 28408
2025-05-23 16:20:38,937 - INFO: Loss: 0.263985
2025-05-23 16:20:38,937 - INFO: Training ROC-AUC: 0.903704
2025-05-23 16:20:38,937 - INFO: Validation ROC-AUC: 0.685972
2025-05-23 16:20:51,504 - INFO: Evaluating at iteration 28908
2025-05-23 16:20:51,727 - INFO: Loss: 0.230008
2025-05-23 16:20:51,727 - INFO: Training ROC-AUC: 0.955128
2025-05-23 16:20:51,727 - INFO: Validation ROC-AUC: 0.682168
2025-05-23 16:21:04,345 - INFO: Evaluating at iteration 29408
2025-05-23 16:21:04,565 - INFO: Loss: 0.142223
2025-05-23 16:21:04,565 - INFO: Training ROC-AUC: 0.985185
2025-05-23 16:21:04,565 - INFO: Validation ROC-AUC: 0.675715
2025-05-23 16:21:17,198 - INFO: Evaluating at iteration 29908
2025-05-23 16:21:17,427 - INFO: Loss: 0.306850
2025-05-23 16:21:17,427 - INFO: Training ROC-AUC: 0.922727
2025-05-23 16:21:17,427 - INFO: Validation ROC-AUC: 0.671136
2025-05-23 16:21:29,876 - INFO: Evaluating at iteration 30408
2025-05-23 16:21:30,098 - INFO: Loss: 0.260896
2025-05-23 16:21:30,098 - INFO: Training ROC-AUC: 0.910256
2025-05-23 16:21:30,098 - INFO: Validation ROC-AUC: 0.679038
2025-05-23 16:21:30,982 - INFO: Starting epoch 13
2025-05-23 16:21:31,009 - INFO: Evaluating at iteration 30445
2025-05-23 16:21:31,226 - INFO: Loss: 0.153752
2025-05-23 16:21:31,226 - INFO: Training ROC-AUC: 0.988571
2025-05-23 16:21:31,226 - INFO: Validation ROC-AUC: 0.682745
2025-05-23 16:21:43,909 - INFO: Evaluating at iteration 30945
2025-05-23 16:21:44,131 - INFO: Loss: 0.104106
2025-05-23 16:21:44,131 - INFO: Training ROC-AUC: 1.000000
2025-05-23 16:21:44,131 - INFO: Validation ROC-AUC: 0.677244
2025-05-23 16:21:56,786 - INFO: Evaluating at iteration 31445
2025-05-23 16:21:57,009 - INFO: Loss: 0.047769
2025-05-23 16:21:57,010 - INFO: Training ROC-AUC: 1.000000
2025-05-23 16:21:57,010 - INFO: Validation ROC-AUC: 0.671425
2025-05-23 16:22:09,741 - INFO: Evaluating at iteration 31945
2025-05-23 16:22:09,972 - INFO: Loss: 0.176569
2025-05-23 16:22:09,972 - INFO: Training ROC-AUC: 0.975845
2025-05-23 16:22:09,972 - INFO: Validation ROC-AUC: 0.676617
2025-05-23 16:22:22,991 - INFO: Evaluating at iteration 32445
2025-05-23 16:22:23,210 - INFO: Loss: 0.124201
2025-05-23 16:22:23,210 - INFO: Training ROC-AUC: 0.950000
2025-05-23 16:22:23,210 - INFO: Validation ROC-AUC: 0.676854
2025-05-23 16:22:36,211 - INFO: Evaluating at iteration 32945
2025-05-23 16:22:36,433 - INFO: Loss: 0.383317
2025-05-23 16:22:36,433 - INFO: Training ROC-AUC: 0.844444
2025-05-23 16:22:36,433 - INFO: Validation ROC-AUC: 0.677558
2025-05-23 16:22:37,367 - INFO: Starting epoch 14
2025-05-23 16:22:37,392 - INFO: Evaluating at iteration 32982
2025-05-23 16:22:37,616 - INFO: Loss: 0.104879
2025-05-23 16:22:37,617 - INFO: Training ROC-AUC: 0.992593
2025-05-23 16:22:37,617 - INFO: Validation ROC-AUC: 0.680467
2025-05-23 16:22:50,558 - INFO: Evaluating at iteration 33482
2025-05-23 16:22:50,784 - INFO: Loss: 0.186957
2025-05-23 16:22:50,784 - INFO: Training ROC-AUC: 0.977143
2025-05-23 16:22:50,784 - INFO: Validation ROC-AUC: 0.672951
2025-05-23 16:23:04,002 - INFO: Evaluating at iteration 33982
2025-05-23 16:23:04,236 - INFO: Loss: 0.129530
2025-05-23 16:23:04,236 - INFO: Training ROC-AUC: 0.982143
2025-05-23 16:23:04,236 - INFO: Validation ROC-AUC: 0.675275
2025-05-23 16:23:17,492 - INFO: Evaluating at iteration 34482
2025-05-23 16:23:17,709 - INFO: Loss: 0.067195
2025-05-23 16:23:17,709 - INFO: Training ROC-AUC: 1.000000
2025-05-23 16:23:17,709 - INFO: Validation ROC-AUC: 0.670736
2025-05-23 16:23:30,811 - INFO: Evaluating at iteration 34982
2025-05-23 16:23:31,033 - INFO: Loss: 0.177920
2025-05-23 16:23:31,033 - INFO: Training ROC-AUC: 0.961538
2025-05-23 16:23:31,033 - INFO: Validation ROC-AUC: 0.669877
2025-05-23 16:23:44,332 - INFO: Evaluating at iteration 35482
2025-05-23 16:23:44,550 - INFO: Loss: 0.130845
2025-05-23 16:23:44,550 - INFO: Training ROC-AUC: 0.987179
2025-05-23 16:23:44,550 - INFO: Validation ROC-AUC: 0.673813
2025-05-23 16:23:45,473 - INFO: Starting epoch 15
2025-05-23 16:23:45,502 - INFO: Evaluating at iteration 35519
2025-05-23 16:23:45,725 - INFO: Loss: 0.136484
2025-05-23 16:23:45,725 - INFO: Training ROC-AUC: 1.000000
2025-05-23 16:23:45,725 - INFO: Validation ROC-AUC: 0.672088
2025-05-23 16:23:59,041 - INFO: Evaluating at iteration 36019
2025-05-23 16:23:59,273 - INFO: Loss: 0.161274
2025-05-23 16:23:59,274 - INFO: Training ROC-AUC: 0.970370
2025-05-23 16:23:59,274 - INFO: Validation ROC-AUC: 0.669652
2025-05-23 16:24:12,724 - INFO: Evaluating at iteration 36519
2025-05-23 16:24:12,945 - INFO: Loss: 0.081657
2025-05-23 16:24:12,945 - INFO: Training ROC-AUC: 1.000000
2025-05-23 16:24:12,945 - INFO: Validation ROC-AUC: 0.669681
2025-05-23 16:24:26,190 - INFO: Evaluating at iteration 37019
2025-05-23 16:24:26,413 - INFO: Loss: 0.336997
2025-05-23 16:24:26,413 - INFO: Training ROC-AUC: 0.929487
2025-05-23 16:24:26,413 - INFO: Validation ROC-AUC: 0.665520
2025-05-23 16:24:39,744 - INFO: Evaluating at iteration 37519
2025-05-23 16:24:39,966 - INFO: Loss: 0.165550
2025-05-23 16:24:39,966 - INFO: Training ROC-AUC: 0.980769
2025-05-23 16:24:39,966 - INFO: Validation ROC-AUC: 0.664891
2025-05-23 16:24:53,405 - INFO: Evaluating at iteration 38019
2025-05-23 16:24:53,638 - INFO: Loss: 0.225811
2025-05-23 16:24:53,638 - INFO: Training ROC-AUC: 0.971429
2025-05-23 16:24:53,638 - INFO: Validation ROC-AUC: 0.668216
2025-05-23 16:24:54,641 - INFO: Starting epoch 16
2025-05-23 16:24:54,671 - INFO: Evaluating at iteration 38056
2025-05-23 16:24:54,890 - INFO: Loss: 0.093151
2025-05-23 16:24:54,891 - INFO: Training ROC-AUC: 1.000000
2025-05-23 16:24:54,891 - INFO: Validation ROC-AUC: 0.663993
2025-05-23 16:25:08,381 - INFO: Evaluating at iteration 38556
2025-05-23 16:25:08,602 - INFO: Loss: 0.075072
2025-05-23 16:25:08,602 - INFO: Training ROC-AUC: 1.000000
2025-05-23 16:25:08,602 - INFO: Validation ROC-AUC: 0.669038
2025-05-23 16:25:22,049 - INFO: Evaluating at iteration 39056
2025-05-23 16:25:22,269 - INFO: Loss: 0.201730
2025-05-23 16:25:22,269 - INFO: Training ROC-AUC: 0.940741
2025-05-23 16:25:22,269 - INFO: Validation ROC-AUC: 0.663194
2025-05-23 16:25:35,912 - INFO: Evaluating at iteration 39556
2025-05-23 16:25:36,135 - INFO: Loss: 0.066308
2025-05-23 16:25:36,135 - INFO: Training ROC-AUC: 1.000000
2025-05-23 16:25:36,135 - INFO: Validation ROC-AUC: 0.667576
2025-05-23 16:25:49,928 - INFO: Evaluating at iteration 40056
2025-05-23 16:25:50,163 - INFO: Loss: 0.149978
2025-05-23 16:25:50,163 - INFO: Training ROC-AUC: 0.974359
2025-05-23 16:25:50,163 - INFO: Validation ROC-AUC: 0.671062
2025-05-23 16:26:03,767 - INFO: Evaluating at iteration 40556
2025-05-23 16:26:03,989 - INFO: Loss: 0.066108
2025-05-23 16:26:03,989 - INFO: Training ROC-AUC: 1.000000
2025-05-23 16:26:03,989 - INFO: Validation ROC-AUC: 0.665089
2025-05-23 16:26:05,012 - INFO: Starting epoch 17
2025-05-23 16:26:05,039 - INFO: Evaluating at iteration 40593
2025-05-23 16:26:05,260 - INFO: Loss: 0.091742
2025-05-23 16:26:05,261 - INFO: Training ROC-AUC: 1.000000
2025-05-23 16:26:05,261 - INFO: Validation ROC-AUC: 0.665897
2025-05-23 16:26:19,023 - INFO: Evaluating at iteration 41093
2025-05-23 16:26:19,241 - INFO: Loss: 0.067677
2025-05-23 16:26:19,241 - INFO: Training ROC-AUC: 1.000000
2025-05-23 16:26:19,241 - INFO: Validation ROC-AUC: 0.660867
2025-05-23 16:26:32,870 - INFO: Evaluating at iteration 41593
2025-05-23 16:26:33,103 - INFO: Loss: 0.038882
2025-05-23 16:26:33,103 - INFO: Training ROC-AUC: 1.000000
2025-05-23 16:26:33,103 - INFO: Validation ROC-AUC: 0.665012
2025-05-23 16:26:46,936 - INFO: Evaluating at iteration 42093
2025-05-23 16:26:47,155 - INFO: Loss: 0.036465
2025-05-23 16:26:47,155 - INFO: Training ROC-AUC: 1.000000
2025-05-23 16:26:47,155 - INFO: Validation ROC-AUC: 0.663192
2025-05-23 16:27:00,870 - INFO: Evaluating at iteration 42593
2025-05-23 16:27:01,088 - INFO: Loss: 0.144503
2025-05-23 16:27:01,088 - INFO: Training ROC-AUC: 0.977778
2025-05-23 16:27:01,088 - INFO: Validation ROC-AUC: 0.661036
2025-05-23 16:27:14,776 - INFO: Evaluating at iteration 43093
2025-05-23 16:27:14,992 - INFO: Loss: 0.099890
2025-05-23 16:27:14,992 - INFO: Training ROC-AUC: 1.000000
2025-05-23 16:27:14,992 - INFO: Validation ROC-AUC: 0.662575
2025-05-23 16:27:16,008 - INFO: Starting epoch 18
2025-05-23 16:27:16,037 - INFO: Evaluating at iteration 43130
2025-05-23 16:27:16,258 - INFO: Loss: 0.055975
2025-05-23 16:27:16,258 - INFO: Training ROC-AUC: 1.000000
2025-05-23 16:27:16,258 - INFO: Validation ROC-AUC: 0.662448
2025-05-23 16:27:30,050 - INFO: Evaluating at iteration 43630
2025-05-23 16:27:30,285 - INFO: Loss: 0.053437
2025-05-23 16:27:30,285 - INFO: Training ROC-AUC: 1.000000
2025-05-23 16:27:30,285 - INFO: Validation ROC-AUC: 0.661454
2025-05-23 16:27:44,060 - INFO: Evaluating at iteration 44130
2025-05-23 16:27:44,283 - INFO: Loss: 0.134466
2025-05-23 16:27:44,283 - INFO: Training ROC-AUC: 0.992593
2025-05-23 16:27:44,283 - INFO: Validation ROC-AUC: 0.661406
2025-05-23 16:27:58,018 - INFO: Evaluating at iteration 44630
2025-05-23 16:27:58,238 - INFO: Loss: 0.077596
2025-05-23 16:27:58,238 - INFO: Training ROC-AUC: 1.000000
2025-05-23 16:27:58,238 - INFO: Validation ROC-AUC: 0.662018
2025-05-23 16:28:11,998 - INFO: Evaluating at iteration 45130
2025-05-23 16:28:12,222 - INFO: Loss: 0.080156
2025-05-23 16:28:12,223 - INFO: Training ROC-AUC: 1.000000
2025-05-23 16:28:12,223 - INFO: Validation ROC-AUC: 0.657819
2025-05-23 16:28:26,009 - INFO: Evaluating at iteration 45630
2025-05-23 16:28:26,242 - INFO: Loss: 0.073501
2025-05-23 16:28:26,242 - INFO: Training ROC-AUC: 1.000000
2025-05-23 16:28:26,242 - INFO: Validation ROC-AUC: 0.664896
2025-05-23 16:28:27,276 - INFO: Starting epoch 19
2025-05-23 16:28:27,302 - INFO: Evaluating at iteration 45667
2025-05-23 16:28:27,525 - INFO: Loss: 0.002691
2025-05-23 16:28:27,525 - INFO: Training ROC-AUC: 1.000000
2025-05-23 16:28:27,525 - INFO: Validation ROC-AUC: 0.664543
2025-05-23 16:28:41,198 - INFO: Evaluating at iteration 46167
2025-05-23 16:28:41,420 - INFO: Loss: 0.024558
2025-05-23 16:28:41,420 - INFO: Training ROC-AUC: 1.000000
2025-05-23 16:28:41,420 - INFO: Validation ROC-AUC: 0.665215
2025-05-23 16:28:55,308 - INFO: Evaluating at iteration 46667
2025-05-23 16:28:55,527 - INFO: Loss: 0.118838
2025-05-23 16:28:55,527 - INFO: Training ROC-AUC: 1.000000
2025-05-23 16:28:55,527 - INFO: Validation ROC-AUC: 0.658125
2025-05-23 16:29:09,300 - INFO: Evaluating at iteration 47167
2025-05-23 16:29:09,521 - INFO: Loss: 0.063198
2025-05-23 16:29:09,521 - INFO: Training ROC-AUC: 1.000000
2025-05-23 16:29:09,521 - INFO: Validation ROC-AUC: 0.653249
2025-05-23 16:29:23,501 - INFO: Evaluating at iteration 47667
2025-05-23 16:29:23,734 - INFO: Loss: 0.133352
2025-05-23 16:29:23,734 - INFO: Training ROC-AUC: 1.000000
2025-05-23 16:29:23,734 - INFO: Validation ROC-AUC: 0.659490
2025-05-23 16:29:37,452 - INFO: Evaluating at iteration 48167
2025-05-23 16:29:37,669 - INFO: Loss: 0.051650
2025-05-23 16:29:37,669 - INFO: Training ROC-AUC: 1.000000
2025-05-23 16:29:37,669 - INFO: Validation ROC-AUC: 0.657964
2025-05-23 16:29:38,689 - INFO: Starting epoch 20
2025-05-23 16:29:38,717 - INFO: Evaluating at iteration 48204
2025-05-23 16:29:38,932 - INFO: Loss: 0.010384
2025-05-23 16:29:38,933 - INFO: Training ROC-AUC: 1.000000
2025-05-23 16:29:38,933 - INFO: Validation ROC-AUC: 0.653461
2025-05-23 16:29:52,740 - INFO: Evaluating at iteration 48704
2025-05-23 16:29:52,954 - INFO: Loss: 0.065366
2025-05-23 16:29:52,954 - INFO: Training ROC-AUC: 1.000000
2025-05-23 16:29:52,954 - INFO: Validation ROC-AUC: 0.657171
2025-05-23 16:30:06,620 - INFO: Evaluating at iteration 49204
2025-05-23 16:30:06,851 - INFO: Loss: 0.086984
2025-05-23 16:30:06,851 - INFO: Training ROC-AUC: 0.995455
2025-05-23 16:30:06,851 - INFO: Validation ROC-AUC: 0.656409
2025-05-23 16:30:20,604 - INFO: Evaluating at iteration 49704
2025-05-23 16:30:20,820 - INFO: Loss: 0.039939
2025-05-23 16:30:20,820 - INFO: Training ROC-AUC: 1.000000
2025-05-23 16:30:20,820 - INFO: Validation ROC-AUC: 0.655415
2025-05-23 16:30:34,796 - INFO: Evaluating at iteration 50204
2025-05-23 16:30:35,013 - INFO: Loss: 0.040848
2025-05-23 16:30:35,014 - INFO: Training ROC-AUC: 1.000000
2025-05-23 16:30:35,014 - INFO: Validation ROC-AUC: 0.660183
2025-05-23 16:30:48,807 - INFO: Evaluating at iteration 50704
2025-05-23 16:30:49,028 - INFO: Loss: 0.072280
2025-05-23 16:30:49,028 - INFO: Training ROC-AUC: 1.000000
2025-05-23 16:30:49,028 - INFO: Validation ROC-AUC: 0.657681
2025-05-23 16:30:50,009 - INFO: Starting epoch 21
2025-05-23 16:30:50,048 - INFO: Evaluating at iteration 50741
2025-05-23 16:30:50,272 - INFO: Loss: 0.043138
2025-05-23 16:30:50,272 - INFO: Training ROC-AUC: 1.000000
2025-05-23 16:30:50,272 - INFO: Validation ROC-AUC: 0.657068
2025-05-23 16:31:03,877 - INFO: Evaluating at iteration 51241
2025-05-23 16:31:04,111 - INFO: Loss: 0.058293
2025-05-23 16:31:04,111 - INFO: Training ROC-AUC: 0.991071
2025-05-23 16:31:04,111 - INFO: Validation ROC-AUC: 0.661494
2025-05-23 16:31:17,981 - INFO: Evaluating at iteration 51741
2025-05-23 16:31:18,201 - INFO: Loss: 0.070687
2025-05-23 16:31:18,201 - INFO: Training ROC-AUC: 0.988506
2025-05-23 16:31:18,201 - INFO: Validation ROC-AUC: 0.661911
2025-05-23 16:31:31,992 - INFO: Evaluating at iteration 52241
2025-05-23 16:31:32,216 - INFO: Loss: 0.070978
2025-05-23 16:31:32,216 - INFO: Training ROC-AUC: 0.991071
2025-05-23 16:31:32,216 - INFO: Validation ROC-AUC: 0.662385
2025-05-23 16:31:45,964 - INFO: Evaluating at iteration 52741
2025-05-23 16:31:46,182 - INFO: Loss: 0.043380
2025-05-23 16:31:46,183 - INFO: Training ROC-AUC: 1.000000
2025-05-23 16:31:46,183 - INFO: Validation ROC-AUC: 0.655197
2025-05-23 16:32:00,031 - INFO: Evaluating at iteration 53241
2025-05-23 16:32:00,264 - INFO: Loss: 0.036731
2025-05-23 16:32:00,264 - INFO: Training ROC-AUC: 1.000000
2025-05-23 16:32:00,264 - INFO: Validation ROC-AUC: 0.658086
2025-05-23 16:32:01,277 - INFO: Starting epoch 22
2025-05-23 16:32:01,306 - INFO: Evaluating at iteration 53278
2025-05-23 16:32:01,528 - INFO: Loss: 0.011638
2025-05-23 16:32:01,528 - INFO: Training ROC-AUC: 1.000000
2025-05-23 16:32:01,528 - INFO: Validation ROC-AUC: 0.658438
2025-05-23 16:32:15,574 - INFO: Evaluating at iteration 53778
2025-05-23 16:32:15,799 - INFO: Loss: 0.029726
2025-05-23 16:32:15,799 - INFO: Training ROC-AUC: 1.000000
2025-05-23 16:32:15,799 - INFO: Validation ROC-AUC: 0.659864
2025-05-23 16:32:29,765 - INFO: Evaluating at iteration 54278
2025-05-23 16:32:29,980 - INFO: Loss: 0.039008
2025-05-23 16:32:29,980 - INFO: Training ROC-AUC: 1.000000
2025-05-23 16:32:29,980 - INFO: Validation ROC-AUC: 0.662827
2025-05-23 16:32:43,878 - INFO: Evaluating at iteration 54778
2025-05-23 16:32:44,109 - INFO: Loss: 0.069557
2025-05-23 16:32:44,109 - INFO: Training ROC-AUC: 0.988506
2025-05-23 16:32:44,109 - INFO: Validation ROC-AUC: 0.655976
2025-05-23 16:32:57,891 - INFO: Evaluating at iteration 55278
2025-05-23 16:32:58,109 - INFO: Loss: 0.019199
2025-05-23 16:32:58,109 - INFO: Training ROC-AUC: 1.000000
2025-05-23 16:32:58,109 - INFO: Validation ROC-AUC: 0.652008
2025-05-23 16:33:12,021 - INFO: Evaluating at iteration 55778
2025-05-23 16:33:12,224 - INFO: Loss: 0.117237
2025-05-23 16:33:12,224 - INFO: Training ROC-AUC: 1.000000
2025-05-23 16:33:12,224 - INFO: Validation ROC-AUC: 0.654502
2025-05-23 16:33:13,243 - INFO: Starting epoch 23
2025-05-23 16:33:13,270 - INFO: Evaluating at iteration 55815
2025-05-23 16:33:13,473 - INFO: Loss: 0.022281
2025-05-23 16:33:13,473 - INFO: Training ROC-AUC: 1.000000
2025-05-23 16:33:13,473 - INFO: Validation ROC-AUC: 0.651682
2025-05-23 16:33:27,297 - INFO: Evaluating at iteration 56315
2025-05-23 16:33:27,513 - INFO: Loss: 0.069314
2025-05-23 16:33:27,513 - INFO: Training ROC-AUC: 1.000000
2025-05-23 16:33:27,513 - INFO: Validation ROC-AUC: 0.659873
2025-05-23 16:33:41,143 - INFO: Evaluating at iteration 56815
2025-05-23 16:33:41,376 - INFO: Loss: 0.036203
2025-05-23 16:33:41,376 - INFO: Training ROC-AUC: 1.000000
2025-05-23 16:33:41,376 - INFO: Validation ROC-AUC: 0.656767
2025-05-23 16:33:55,144 - INFO: Evaluating at iteration 57315
2025-05-23 16:33:55,362 - INFO: Loss: 0.057760
2025-05-23 16:33:55,362 - INFO: Training ROC-AUC: 1.000000
2025-05-23 16:33:55,362 - INFO: Validation ROC-AUC: 0.656659
2025-05-23 16:34:09,177 - INFO: Evaluating at iteration 57815
2025-05-23 16:34:09,399 - INFO: Loss: 0.014930
2025-05-23 16:34:09,399 - INFO: Training ROC-AUC: 1.000000
2025-05-23 16:34:09,399 - INFO: Validation ROC-AUC: 0.649978
2025-05-23 16:34:23,173 - INFO: Evaluating at iteration 58315
2025-05-23 16:34:23,394 - INFO: Loss: 0.166359
2025-05-23 16:34:23,395 - INFO: Training ROC-AUC: 0.970370
2025-05-23 16:34:23,395 - INFO: Validation ROC-AUC: 0.657725
2025-05-23 16:34:24,350 - INFO: Starting epoch 24
2025-05-23 16:34:24,379 - INFO: Evaluating at iteration 58352
2025-05-23 16:34:24,599 - INFO: Loss: 0.019263
2025-05-23 16:34:24,599 - INFO: Training ROC-AUC: 1.000000
2025-05-23 16:34:24,599 - INFO: Validation ROC-AUC: 0.658580
2025-05-23 16:34:38,318 - INFO: Evaluating at iteration 58852
2025-05-23 16:34:38,550 - INFO: Loss: 0.010549
2025-05-23 16:34:38,550 - INFO: Training ROC-AUC: 1.000000
2025-05-23 16:34:38,550 - INFO: Validation ROC-AUC: 0.656119
2025-05-23 16:34:52,383 - INFO: Evaluating at iteration 59352
2025-05-23 16:34:52,603 - INFO: Loss: 0.011725
2025-05-23 16:34:52,603 - INFO: Training ROC-AUC: 1.000000
2025-05-23 16:34:52,603 - INFO: Validation ROC-AUC: 0.657080
2025-05-23 16:35:06,458 - INFO: Evaluating at iteration 59852
2025-05-23 16:35:06,675 - INFO: Loss: 0.031732
2025-05-23 16:35:06,675 - INFO: Training ROC-AUC: 1.000000
2025-05-23 16:35:06,675 - INFO: Validation ROC-AUC: 0.660175
2025-05-23 16:35:20,433 - INFO: Evaluating at iteration 60352
2025-05-23 16:35:20,656 - INFO: Loss: 0.063228
2025-05-23 16:35:20,657 - INFO: Training ROC-AUC: 0.992593
2025-05-23 16:35:20,657 - INFO: Validation ROC-AUC: 0.656820
2025-05-23 16:35:34,633 - INFO: Evaluating at iteration 60852
2025-05-23 16:35:34,867 - INFO: Loss: 0.056257
2025-05-23 16:35:34,867 - INFO: Training ROC-AUC: 1.000000
2025-05-23 16:35:34,867 - INFO: Validation ROC-AUC: 0.652200
2025-05-23 16:35:35,873 - INFO: Starting epoch 25
2025-05-23 16:35:35,898 - INFO: Evaluating at iteration 60889
2025-05-23 16:35:36,117 - INFO: Loss: 0.018129
2025-05-23 16:35:36,117 - INFO: Training ROC-AUC: 1.000000
2025-05-23 16:35:36,117 - INFO: Validation ROC-AUC: 0.651575
2025-05-23 16:35:49,889 - INFO: Evaluating at iteration 61389
2025-05-23 16:35:50,109 - INFO: Loss: 0.013570
2025-05-23 16:35:50,109 - INFO: Training ROC-AUC: 1.000000
2025-05-23 16:35:50,109 - INFO: Validation ROC-AUC: 0.653572
2025-05-23 16:36:04,088 - INFO: Evaluating at iteration 61889
2025-05-23 16:36:04,306 - INFO: Loss: 0.023735
2025-05-23 16:36:04,306 - INFO: Training ROC-AUC: 1.000000
2025-05-23 16:36:04,306 - INFO: Validation ROC-AUC: 0.656425
2025-05-23 16:36:17,885 - INFO: Evaluating at iteration 62389
2025-05-23 16:36:18,115 - INFO: Loss: 0.008337
2025-05-23 16:36:18,115 - INFO: Training ROC-AUC: 1.000000
2025-05-23 16:36:18,115 - INFO: Validation ROC-AUC: 0.655438
2025-05-23 16:36:31,865 - INFO: Evaluating at iteration 62889
2025-05-23 16:36:32,087 - INFO: Loss: 0.013751
2025-05-23 16:36:32,087 - INFO: Training ROC-AUC: 1.000000
2025-05-23 16:36:32,087 - INFO: Validation ROC-AUC: 0.647313
2025-05-23 16:36:45,824 - INFO: Evaluating at iteration 63389
2025-05-23 16:36:46,046 - INFO: Loss: 0.012104
2025-05-23 16:36:46,046 - INFO: Training ROC-AUC: 1.000000
2025-05-23 16:36:46,046 - INFO: Validation ROC-AUC: 0.649587
2025-05-23 16:36:47,018 - INFO: Saving model to models/TCRStructMap_sequence_only/model_2.pt
2025-05-23 16:36:47,044 - INFO: Starting fold 3
2025-05-23 16:36:47,581 - INFO: Initialising model
2025-05-23 16:36:47,596 - INFO: Starting training
2025-05-23 16:36:47,596 - INFO: Starting epoch 1
2025-05-23 16:36:47,628 - INFO: Evaluating at iteration 1
2025-05-23 16:36:53,082 - INFO: Loss: 0.697938
2025-05-23 16:36:53,082 - INFO: Training ROC-AUC: 0.500000
2025-05-23 16:36:53,082 - INFO: Validation ROC-AUC: 0.499498
2025-05-23 16:37:04,155 - INFO: Starting epoch 2
2025-05-23 16:37:04,179 - INFO: Evaluating at iteration 457
2025-05-23 16:37:09,594 - INFO: Loss: 0.483255
2025-05-23 16:37:09,594 - INFO: Training ROC-AUC: 0.731429
2025-05-23 16:37:09,594 - INFO: Validation ROC-AUC: 0.424392
2025-05-23 16:37:20,713 - INFO: Starting epoch 3
2025-05-23 16:37:20,738 - INFO: Evaluating at iteration 913
2025-05-23 16:37:26,168 - INFO: Loss: 0.328170
2025-05-23 16:37:26,168 - INFO: Training ROC-AUC: 0.800000
2025-05-23 16:37:26,168 - INFO: Validation ROC-AUC: 0.417866
2025-05-23 16:37:37,363 - INFO: Starting epoch 4
2025-05-23 16:37:37,388 - INFO: Evaluating at iteration 1369
2025-05-23 16:37:42,842 - INFO: Loss: 0.218624
2025-05-23 16:37:42,842 - INFO: Training ROC-AUC: 0.966667
2025-05-23 16:37:42,842 - INFO: Validation ROC-AUC: 0.420568
2025-05-23 16:37:54,072 - INFO: Starting epoch 5
2025-05-23 16:37:54,097 - INFO: Evaluating at iteration 1825
2025-05-23 16:37:59,480 - INFO: Loss: 0.173683
2025-05-23 16:37:59,480 - INFO: Training ROC-AUC: 0.866667
2025-05-23 16:37:59,480 - INFO: Validation ROC-AUC: 0.426548
2025-05-23 16:38:10,703 - INFO: Starting epoch 6
2025-05-23 16:38:10,728 - INFO: Evaluating at iteration 2281
2025-05-23 16:38:16,129 - INFO: Loss: 0.232882
2025-05-23 16:38:16,129 - INFO: Training ROC-AUC: 0.700000
2025-05-23 16:38:16,129 - INFO: Validation ROC-AUC: 0.427701
2025-05-23 16:38:27,308 - INFO: Starting epoch 7
2025-05-23 16:38:27,333 - INFO: Evaluating at iteration 2737
2025-05-23 16:38:32,722 - INFO: Loss: 0.429492
2025-05-23 16:38:32,722 - INFO: Training ROC-AUC: 0.848958
2025-05-23 16:38:32,722 - INFO: Validation ROC-AUC: 0.427402
2025-05-23 16:38:43,986 - INFO: Starting epoch 8
2025-05-23 16:38:44,010 - INFO: Evaluating at iteration 3193
2025-05-23 16:38:49,430 - INFO: Loss: 0.242772
2025-05-23 16:38:49,430 - INFO: Training ROC-AUC: 0.955128
2025-05-23 16:38:49,430 - INFO: Validation ROC-AUC: 0.429326
2025-05-23 16:39:00,755 - INFO: Starting epoch 9
2025-05-23 16:39:00,780 - INFO: Evaluating at iteration 3649
2025-05-23 16:39:06,207 - INFO: Loss: 0.255318
2025-05-23 16:39:06,207 - INFO: Training ROC-AUC: 0.991071
2025-05-23 16:39:06,207 - INFO: Validation ROC-AUC: 0.432087
2025-05-23 16:39:17,565 - INFO: Starting epoch 10
2025-05-23 16:39:17,590 - INFO: Evaluating at iteration 4105
2025-05-23 16:39:22,973 - INFO: Loss: 0.401123
2025-05-23 16:39:22,973 - INFO: Training ROC-AUC: 0.775641
2025-05-23 16:39:22,973 - INFO: Validation ROC-AUC: 0.428964
2025-05-23 16:39:34,259 - INFO: Starting epoch 11
2025-05-23 16:39:34,284 - INFO: Evaluating at iteration 4561
2025-05-23 16:39:39,649 - INFO: Loss: 0.228686
2025-05-23 16:39:39,649 - INFO: Training ROC-AUC: 0.919643
2025-05-23 16:39:39,650 - INFO: Validation ROC-AUC: 0.428760
2025-05-23 16:39:50,791 - INFO: Starting epoch 12
2025-05-23 16:39:50,815 - INFO: Evaluating at iteration 5017
2025-05-23 16:39:56,184 - INFO: Loss: 0.215919
2025-05-23 16:39:56,184 - INFO: Training ROC-AUC: 0.960000
2025-05-23 16:39:56,184 - INFO: Validation ROC-AUC: 0.432256
2025-05-23 16:40:07,362 - INFO: Starting epoch 13
2025-05-23 16:40:07,387 - INFO: Evaluating at iteration 5473
2025-05-23 16:40:12,785 - INFO: Loss: 0.142792
2025-05-23 16:40:12,785 - INFO: Training ROC-AUC: 1.000000
2025-05-23 16:40:12,785 - INFO: Validation ROC-AUC: 0.431769
2025-05-23 16:40:23,939 - INFO: Starting epoch 14
2025-05-23 16:40:23,964 - INFO: Evaluating at iteration 5929
2025-05-23 16:40:29,340 - INFO: Loss: 0.287229
2025-05-23 16:40:29,340 - INFO: Training ROC-AUC: 0.977143
2025-05-23 16:40:29,340 - INFO: Validation ROC-AUC: 0.431377
2025-05-23 16:40:40,479 - INFO: Starting epoch 15
2025-05-23 16:40:40,504 - INFO: Evaluating at iteration 6385
2025-05-23 16:40:45,879 - INFO: Loss: 0.176744
2025-05-23 16:40:45,879 - INFO: Training ROC-AUC: 0.964286
2025-05-23 16:40:45,880 - INFO: Validation ROC-AUC: 0.430415
2025-05-23 16:40:56,989 - INFO: Starting epoch 16
2025-05-23 16:40:57,014 - INFO: Evaluating at iteration 6841
2025-05-23 16:41:02,409 - INFO: Loss: 0.253483
2025-05-23 16:41:02,409 - INFO: Training ROC-AUC: 0.948148
2025-05-23 16:41:02,409 - INFO: Validation ROC-AUC: 0.434234
2025-05-23 16:41:13,584 - INFO: Starting epoch 17
2025-05-23 16:41:13,608 - INFO: Evaluating at iteration 7297
2025-05-23 16:41:18,994 - INFO: Loss: 0.144136
2025-05-23 16:41:18,994 - INFO: Training ROC-AUC: 0.903226
2025-05-23 16:41:18,994 - INFO: Validation ROC-AUC: 0.432365
2025-05-23 16:41:30,375 - INFO: Starting epoch 18
2025-05-23 16:41:30,400 - INFO: Evaluating at iteration 7753
2025-05-23 16:41:35,767 - INFO: Loss: 0.235065
2025-05-23 16:41:35,767 - INFO: Training ROC-AUC: 0.961353
2025-05-23 16:41:35,767 - INFO: Validation ROC-AUC: 0.431251
2025-05-23 16:41:47,151 - INFO: Starting epoch 19
2025-05-23 16:41:47,181 - INFO: Evaluating at iteration 8209
2025-05-23 16:41:52,566 - INFO: Loss: 0.135193
2025-05-23 16:41:52,566 - INFO: Training ROC-AUC: 0.942529
2025-05-23 16:41:52,566 - INFO: Validation ROC-AUC: 0.437559
2025-05-23 16:42:03,977 - INFO: Starting epoch 20
2025-05-23 16:42:04,002 - INFO: Evaluating at iteration 8665
2025-05-23 16:42:09,420 - INFO: Loss: 0.042541
2025-05-23 16:42:09,420 - INFO: Training ROC-AUC: 1.000000
2025-05-23 16:42:09,420 - INFO: Validation ROC-AUC: 0.431220
2025-05-23 16:42:21,071 - INFO: Starting epoch 21
2025-05-23 16:42:21,095 - INFO: Evaluating at iteration 9121
2025-05-23 16:42:26,480 - INFO: Loss: 0.138314
2025-05-23 16:42:26,480 - INFO: Training ROC-AUC: 0.964286
2025-05-23 16:42:26,481 - INFO: Validation ROC-AUC: 0.431957
2025-05-23 16:42:38,390 - INFO: Starting epoch 22
2025-05-23 16:42:38,414 - INFO: Evaluating at iteration 9577
2025-05-23 16:42:43,818 - INFO: Loss: 0.073364
2025-05-23 16:42:43,818 - INFO: Training ROC-AUC: 1.000000
2025-05-23 16:42:43,818 - INFO: Validation ROC-AUC: 0.432708
2025-05-23 16:42:55,929 - INFO: Starting epoch 23
2025-05-23 16:42:55,953 - INFO: Evaluating at iteration 10033
2025-05-23 16:43:01,444 - INFO: Loss: 0.135398
2025-05-23 16:43:01,444 - INFO: Training ROC-AUC: 0.982857
2025-05-23 16:43:01,444 - INFO: Validation ROC-AUC: 0.434232
2025-05-23 16:43:13,539 - INFO: Starting epoch 24
2025-05-23 16:43:13,564 - INFO: Evaluating at iteration 10489
2025-05-23 16:43:18,975 - INFO: Loss: 0.111771
2025-05-23 16:43:18,975 - INFO: Training ROC-AUC: 0.982143
2025-05-23 16:43:18,975 - INFO: Validation ROC-AUC: 0.434429
2025-05-23 16:43:31,123 - INFO: Starting epoch 25
2025-05-23 16:43:31,154 - INFO: Evaluating at iteration 10945
2025-05-23 16:43:36,551 - INFO: Loss: 0.127438
2025-05-23 16:43:36,551 - INFO: Training ROC-AUC: 1.000000
2025-05-23 16:43:36,551 - INFO: Validation ROC-AUC: 0.432972
2025-05-23 16:43:48,746 - INFO: Saving model to models/TCRStructMap_sequence_only/model_3.pt
2025-05-23 16:43:48,789 - INFO: Starting fold 4
2025-05-23 16:43:48,842 - INFO: Initialising model
2025-05-23 16:43:48,857 - INFO: Starting training
2025-05-23 16:43:48,857 - INFO: Starting epoch 1
2025-05-23 16:43:48,889 - INFO: Evaluating at iteration 1
2025-05-23 16:43:49,414 - INFO: Loss: 0.694845
2025-05-23 16:43:49,414 - INFO: Training ROC-AUC: 0.416667
2025-05-23 16:43:49,414 - INFO: Validation ROC-AUC: 0.561029
2025-05-23 16:44:01,797 - INFO: Evaluating at iteration 501
2025-05-23 16:44:02,318 - INFO: Loss: 0.597735
2025-05-23 16:44:02,318 - INFO: Training ROC-AUC: 0.588542
2025-05-23 16:44:02,318 - INFO: Validation ROC-AUC: 0.294075
2025-05-23 16:44:15,043 - INFO: Evaluating at iteration 1001
2025-05-23 16:44:15,550 - INFO: Loss: 0.472632
2025-05-23 16:44:15,550 - INFO: Training ROC-AUC: 0.621795
2025-05-23 16:44:15,550 - INFO: Validation ROC-AUC: 0.311176
2025-05-23 16:44:28,102 - INFO: Evaluating at iteration 1501
2025-05-23 16:44:28,631 - INFO: Loss: 0.453798
2025-05-23 16:44:28,631 - INFO: Training ROC-AUC: 0.711538
2025-05-23 16:44:28,631 - INFO: Validation ROC-AUC: 0.385331
2025-05-23 16:44:40,929 - INFO: Evaluating at iteration 2001
2025-05-23 16:44:41,445 - INFO: Loss: 0.280908
2025-05-23 16:44:41,445 - INFO: Training ROC-AUC: 0.865385
2025-05-23 16:44:41,445 - INFO: Validation ROC-AUC: 0.328032
2025-05-23 16:44:51,731 - INFO: Starting epoch 2
2025-05-23 16:44:51,756 - INFO: Evaluating at iteration 2419
2025-05-23 16:44:52,266 - INFO: Loss: 0.395311
2025-05-23 16:44:52,266 - INFO: Training ROC-AUC: 0.741071
2025-05-23 16:44:52,266 - INFO: Validation ROC-AUC: 0.376308
2025-05-23 16:45:04,495 - INFO: Evaluating at iteration 2919
2025-05-23 16:45:05,006 - INFO: Loss: 0.368137
2025-05-23 16:45:05,006 - INFO: Training ROC-AUC: 0.906250
2025-05-23 16:45:05,006 - INFO: Validation ROC-AUC: 0.491407
2025-05-23 16:45:17,415 - INFO: Evaluating at iteration 3419
2025-05-23 16:45:17,953 - INFO: Loss: 0.360956
2025-05-23 16:45:17,953 - INFO: Training ROC-AUC: 0.633929
2025-05-23 16:45:17,953 - INFO: Validation ROC-AUC: 0.495529
2025-05-23 16:45:30,445 - INFO: Evaluating at iteration 3919
2025-05-23 16:45:30,959 - INFO: Loss: 0.516995
2025-05-23 16:45:30,959 - INFO: Training ROC-AUC: 0.840909
2025-05-23 16:45:30,959 - INFO: Validation ROC-AUC: 0.489804
2025-05-23 16:45:43,335 - INFO: Evaluating at iteration 4419
2025-05-23 16:45:43,851 - INFO: Loss: 0.275032
2025-05-23 16:45:43,852 - INFO: Training ROC-AUC: 0.875000
2025-05-23 16:45:43,852 - INFO: Validation ROC-AUC: 0.535800
2025-05-23 16:45:54,170 - INFO: Starting epoch 3
2025-05-23 16:45:54,197 - INFO: Evaluating at iteration 4837
2025-05-23 16:45:54,724 - INFO: Loss: 0.258529
2025-05-23 16:45:54,724 - INFO: Training ROC-AUC: 0.953125
2025-05-23 16:45:54,724 - INFO: Validation ROC-AUC: 0.536796
2025-05-23 16:46:07,202 - INFO: Evaluating at iteration 5337
2025-05-23 16:46:07,738 - INFO: Loss: 0.195219
2025-05-23 16:46:07,738 - INFO: Training ROC-AUC: 0.862069
2025-05-23 16:46:07,738 - INFO: Validation ROC-AUC: 0.545813
2025-05-23 16:46:20,219 - INFO: Evaluating at iteration 5837
2025-05-23 16:46:20,736 - INFO: Loss: 0.294010
2025-05-23 16:46:20,736 - INFO: Training ROC-AUC: 0.859259
2025-05-23 16:46:20,737 - INFO: Validation ROC-AUC: 0.527529
2025-05-23 16:46:33,291 - INFO: Evaluating at iteration 6337
2025-05-23 16:46:33,801 - INFO: Loss: 0.289946
2025-05-23 16:46:33,801 - INFO: Training ROC-AUC: 0.844444
2025-05-23 16:46:33,801 - INFO: Validation ROC-AUC: 0.518007
2025-05-23 16:46:46,357 - INFO: Evaluating at iteration 6837
2025-05-23 16:46:46,870 - INFO: Loss: 0.232331
2025-05-23 16:46:46,870 - INFO: Training ROC-AUC: 0.929487
2025-05-23 16:46:46,870 - INFO: Validation ROC-AUC: 0.526450
2025-05-23 16:46:57,344 - INFO: Starting epoch 4
2025-05-23 16:46:57,370 - INFO: Evaluating at iteration 7255
2025-05-23 16:46:57,905 - INFO: Loss: 0.318749
2025-05-23 16:46:57,906 - INFO: Training ROC-AUC: 0.965714
2025-05-23 16:46:57,906 - INFO: Validation ROC-AUC: 0.535915
2025-05-23 16:47:10,481 - INFO: Evaluating at iteration 7755
2025-05-23 16:47:11,001 - INFO: Loss: 0.255086
2025-05-23 16:47:11,001 - INFO: Training ROC-AUC: 0.896296
2025-05-23 16:47:11,001 - INFO: Validation ROC-AUC: 0.532663
2025-05-23 16:47:23,723 - INFO: Evaluating at iteration 8255
2025-05-23 16:47:24,235 - INFO: Loss: 0.264556
2025-05-23 16:47:24,235 - INFO: Training ROC-AUC: 0.903846
2025-05-23 16:47:24,235 - INFO: Validation ROC-AUC: 0.544218
2025-05-23 16:47:36,721 - INFO: Evaluating at iteration 8755
2025-05-23 16:47:37,244 - INFO: Loss: 0.226710
2025-05-23 16:47:37,244 - INFO: Training ROC-AUC: 0.923077
2025-05-23 16:47:37,244 - INFO: Validation ROC-AUC: 0.529653
2025-05-23 16:47:49,802 - INFO: Evaluating at iteration 9255
2025-05-23 16:47:50,332 - INFO: Loss: 0.234742
2025-05-23 16:47:50,332 - INFO: Training ROC-AUC: 0.918519
2025-05-23 16:47:50,332 - INFO: Validation ROC-AUC: 0.542315
2025-05-23 16:48:00,914 - INFO: Starting epoch 5
2025-05-23 16:48:00,941 - INFO: Evaluating at iteration 9673
2025-05-23 16:48:01,455 - INFO: Loss: 0.237181
2025-05-23 16:48:01,456 - INFO: Training ROC-AUC: 0.783333
2025-05-23 16:48:01,456 - INFO: Validation ROC-AUC: 0.550943
2025-05-23 16:48:14,168 - INFO: Evaluating at iteration 10173
2025-05-23 16:48:14,680 - INFO: Loss: 0.282447
2025-05-23 16:48:14,680 - INFO: Training ROC-AUC: 0.812500
2025-05-23 16:48:14,680 - INFO: Validation ROC-AUC: 0.537952
2025-05-23 16:48:27,343 - INFO: Evaluating at iteration 10673
2025-05-23 16:48:27,852 - INFO: Loss: 0.202002
2025-05-23 16:48:27,852 - INFO: Training ROC-AUC: 0.766667
2025-05-23 16:48:27,852 - INFO: Validation ROC-AUC: 0.526426
2025-05-23 16:48:40,590 - INFO: Evaluating at iteration 11173
2025-05-23 16:48:41,111 - INFO: Loss: 0.260083
2025-05-23 16:48:41,112 - INFO: Training ROC-AUC: 0.929487
2025-05-23 16:48:41,112 - INFO: Validation ROC-AUC: 0.535570
2025-05-23 16:48:54,000 - INFO: Evaluating at iteration 11673
2025-05-23 16:48:54,545 - INFO: Loss: 0.285726
2025-05-23 16:48:54,545 - INFO: Training ROC-AUC: 0.891026
2025-05-23 16:48:54,545 - INFO: Validation ROC-AUC: 0.555777
2025-05-23 16:49:05,081 - INFO: Starting epoch 6
2025-05-23 16:49:05,108 - INFO: Evaluating at iteration 12091
2025-05-23 16:49:05,616 - INFO: Loss: 0.274889
2025-05-23 16:49:05,617 - INFO: Training ROC-AUC: 0.812500
2025-05-23 16:49:05,617 - INFO: Validation ROC-AUC: 0.550378
2025-05-23 16:49:18,521 - INFO: Evaluating at iteration 12591
2025-05-23 16:49:19,036 - INFO: Loss: 0.425612
2025-05-23 16:49:19,036 - INFO: Training ROC-AUC: 0.833333
2025-05-23 16:49:19,036 - INFO: Validation ROC-AUC: 0.552555
2025-05-23 16:49:31,654 - INFO: Evaluating at iteration 13091
2025-05-23 16:49:32,163 - INFO: Loss: 0.196794
2025-05-23 16:49:32,163 - INFO: Training ROC-AUC: 0.850000
2025-05-23 16:49:32,163 - INFO: Validation ROC-AUC: 0.542755
2025-05-23 16:49:44,654 - INFO: Evaluating at iteration 13591
2025-05-23 16:49:45,187 - INFO: Loss: 0.214328
2025-05-23 16:49:45,187 - INFO: Training ROC-AUC: 0.961538
2025-05-23 16:49:45,188 - INFO: Validation ROC-AUC: 0.539616
2025-05-23 16:49:57,877 - INFO: Evaluating at iteration 14091
2025-05-23 16:49:58,380 - INFO: Loss: 0.053222
2025-05-23 16:49:58,380 - INFO: Training ROC-AUC: 1.000000
2025-05-23 16:49:58,380 - INFO: Validation ROC-AUC: 0.528705
2025-05-23 16:50:09,001 - INFO: Starting epoch 7
2025-05-23 16:50:09,027 - INFO: Evaluating at iteration 14509
2025-05-23 16:50:09,531 - INFO: Loss: 0.186678
2025-05-23 16:50:09,531 - INFO: Training ROC-AUC: 0.985507
2025-05-23 16:50:09,531 - INFO: Validation ROC-AUC: 0.532766
2025-05-23 16:50:22,296 - INFO: Evaluating at iteration 15009
2025-05-23 16:50:22,817 - INFO: Loss: 0.267443
2025-05-23 16:50:22,817 - INFO: Training ROC-AUC: 0.935897
2025-05-23 16:50:22,817 - INFO: Validation ROC-AUC: 0.542328
2025-05-23 16:50:35,616 - INFO: Evaluating at iteration 15509
2025-05-23 16:50:36,144 - INFO: Loss: 0.221151
2025-05-23 16:50:36,145 - INFO: Training ROC-AUC: 0.839080
2025-05-23 16:50:36,145 - INFO: Validation ROC-AUC: 0.537150
2025-05-23 16:50:48,928 - INFO: Evaluating at iteration 16009
2025-05-23 16:50:49,457 - INFO: Loss: 0.225074
2025-05-23 16:50:49,457 - INFO: Training ROC-AUC: 0.951691
2025-05-23 16:50:49,458 - INFO: Validation ROC-AUC: 0.554085
2025-05-23 16:51:02,210 - INFO: Evaluating at iteration 16509
2025-05-23 16:51:02,728 - INFO: Loss: 0.142034
2025-05-23 16:51:02,728 - INFO: Training ROC-AUC: 1.000000
2025-05-23 16:51:02,728 - INFO: Validation ROC-AUC: 0.552019
2025-05-23 16:51:13,414 - INFO: Starting epoch 8
2025-05-23 16:51:13,442 - INFO: Evaluating at iteration 16927
2025-05-23 16:51:13,957 - INFO: Loss: 0.380467
2025-05-23 16:51:13,957 - INFO: Training ROC-AUC: 0.755556
2025-05-23 16:51:13,957 - INFO: Validation ROC-AUC: 0.524697
2025-05-23 16:51:26,636 - INFO: Evaluating at iteration 17427
2025-05-23 16:51:27,186 - INFO: Loss: 0.369689
2025-05-23 16:51:27,186 - INFO: Training ROC-AUC: 0.940909
2025-05-23 16:51:27,186 - INFO: Validation ROC-AUC: 0.557029
2025-05-23 16:51:39,926 - INFO: Evaluating at iteration 17927
2025-05-23 16:51:40,458 - INFO: Loss: 0.086008
2025-05-23 16:51:40,459 - INFO: Training ROC-AUC: 1.000000
2025-05-23 16:51:40,459 - INFO: Validation ROC-AUC: 0.536394
2025-05-23 16:51:53,127 - INFO: Evaluating at iteration 18427
2025-05-23 16:51:53,629 - INFO: Loss: 0.224008
2025-05-23 16:51:53,629 - INFO: Training ROC-AUC: 0.862069
2025-05-23 16:51:53,629 - INFO: Validation ROC-AUC: 0.538715
2025-05-23 16:52:06,280 - INFO: Evaluating at iteration 18927
2025-05-23 16:52:06,802 - INFO: Loss: 0.181405
2025-05-23 16:52:06,803 - INFO: Training ROC-AUC: 0.933333
2025-05-23 16:52:06,803 - INFO: Validation ROC-AUC: 0.540882
2025-05-23 16:52:17,379 - INFO: Starting epoch 9
2025-05-23 16:52:17,406 - INFO: Evaluating at iteration 19345
2025-05-23 16:52:17,939 - INFO: Loss: 0.225838
2025-05-23 16:52:17,939 - INFO: Training ROC-AUC: 0.974359
2025-05-23 16:52:17,939 - INFO: Validation ROC-AUC: 0.537577
2025-05-23 16:52:30,736 - INFO: Evaluating at iteration 19845
2025-05-23 16:52:31,252 - INFO: Loss: 0.134737
2025-05-23 16:52:31,252 - INFO: Training ROC-AUC: 1.000000
2025-05-23 16:52:31,252 - INFO: Validation ROC-AUC: 0.543598
2025-05-23 16:52:44,083 - INFO: Evaluating at iteration 20345
2025-05-23 16:52:44,604 - INFO: Loss: 0.199292
2025-05-23 16:52:44,604 - INFO: Training ROC-AUC: 0.908046
2025-05-23 16:52:44,604 - INFO: Validation ROC-AUC: 0.535499
2025-05-23 16:52:57,353 - INFO: Evaluating at iteration 20845
2025-05-23 16:52:57,865 - INFO: Loss: 0.143618
2025-05-23 16:52:57,866 - INFO: Training ROC-AUC: 0.977778
2025-05-23 16:52:57,866 - INFO: Validation ROC-AUC: 0.551897
2025-05-23 16:53:10,571 - INFO: Evaluating at iteration 21345
2025-05-23 16:53:11,102 - INFO: Loss: 0.301996
2025-05-23 16:53:11,102 - INFO: Training ROC-AUC: 0.973958
2025-05-23 16:53:11,102 - INFO: Validation ROC-AUC: 0.547226
2025-05-23 16:53:21,782 - INFO: Starting epoch 10
2025-05-23 16:53:21,809 - INFO: Evaluating at iteration 21763
2025-05-23 16:53:22,331 - INFO: Loss: 0.113597
2025-05-23 16:53:22,331 - INFO: Training ROC-AUC: 0.993590
2025-05-23 16:53:22,331 - INFO: Validation ROC-AUC: 0.559286
2025-05-23 16:53:35,214 - INFO: Evaluating at iteration 22263
2025-05-23 16:53:35,718 - INFO: Loss: 0.286817
2025-05-23 16:53:35,718 - INFO: Training ROC-AUC: 0.911111
2025-05-23 16:53:35,718 - INFO: Validation ROC-AUC: 0.547863
2025-05-23 16:53:48,465 - INFO: Evaluating at iteration 22763
2025-05-23 16:53:48,982 - INFO: Loss: 0.268267
2025-05-23 16:53:48,982 - INFO: Training ROC-AUC: 0.903846
2025-05-23 16:53:48,982 - INFO: Validation ROC-AUC: 0.546815
2025-05-23 16:54:01,757 - INFO: Evaluating at iteration 23263
2025-05-23 16:54:02,272 - INFO: Loss: 0.157598
2025-05-23 16:54:02,272 - INFO: Training ROC-AUC: 0.967949
2025-05-23 16:54:02,272 - INFO: Validation ROC-AUC: 0.550737
2025-05-23 16:54:14,964 - INFO: Evaluating at iteration 23763
2025-05-23 16:54:15,503 - INFO: Loss: 0.305479
2025-05-23 16:54:15,503 - INFO: Training ROC-AUC: 0.909091
2025-05-23 16:54:15,503 - INFO: Validation ROC-AUC: 0.541516
2025-05-23 16:54:26,108 - INFO: Starting epoch 11
2025-05-23 16:54:26,135 - INFO: Evaluating at iteration 24181
2025-05-23 16:54:26,653 - INFO: Loss: 0.167457
2025-05-23 16:54:26,653 - INFO: Training ROC-AUC: 1.000000
2025-05-23 16:54:26,653 - INFO: Validation ROC-AUC: 0.550656
2025-05-23 16:54:39,426 - INFO: Evaluating at iteration 24681
2025-05-23 16:54:39,936 - INFO: Loss: 0.136104
2025-05-23 16:54:39,936 - INFO: Training ROC-AUC: 0.988571
2025-05-23 16:54:39,936 - INFO: Validation ROC-AUC: 0.555448
2025-05-23 16:54:52,558 - INFO: Evaluating at iteration 25181
2025-05-23 16:54:53,072 - INFO: Loss: 0.242402
2025-05-23 16:54:53,072 - INFO: Training ROC-AUC: 0.931429
2025-05-23 16:54:53,072 - INFO: Validation ROC-AUC: 0.559524
2025-05-23 16:55:05,662 - INFO: Evaluating at iteration 25681
2025-05-23 16:55:06,207 - INFO: Loss: 0.199164
2025-05-23 16:55:06,208 - INFO: Training ROC-AUC: 0.946429
2025-05-23 16:55:06,208 - INFO: Validation ROC-AUC: 0.562475
2025-05-23 16:55:18,834 - INFO: Evaluating at iteration 26181
2025-05-23 16:55:19,345 - INFO: Loss: 0.161631
2025-05-23 16:55:19,345 - INFO: Training ROC-AUC: 0.993590
2025-05-23 16:55:19,345 - INFO: Validation ROC-AUC: 0.538213
2025-05-23 16:55:29,989 - INFO: Starting epoch 12
2025-05-23 16:55:30,021 - INFO: Evaluating at iteration 26599
2025-05-23 16:55:30,532 - INFO: Loss: 0.097504
2025-05-23 16:55:30,532 - INFO: Training ROC-AUC: 1.000000
2025-05-23 16:55:30,532 - INFO: Validation ROC-AUC: 0.552084
2025-05-23 16:55:43,298 - INFO: Evaluating at iteration 27099
2025-05-23 16:55:43,804 - INFO: Loss: 0.154665
2025-05-23 16:55:43,805 - INFO: Training ROC-AUC: 1.000000
2025-05-23 16:55:43,805 - INFO: Validation ROC-AUC: 0.540912
2025-05-23 16:55:56,434 - INFO: Evaluating at iteration 27599
2025-05-23 16:55:56,981 - INFO: Loss: 0.054265
2025-05-23 16:55:56,982 - INFO: Training ROC-AUC: 1.000000
2025-05-23 16:55:56,982 - INFO: Validation ROC-AUC: 0.549632
2025-05-23 16:56:09,473 - INFO: Evaluating at iteration 28099
2025-05-23 16:56:09,997 - INFO: Loss: 0.243580
2025-05-23 16:56:09,997 - INFO: Training ROC-AUC: 0.969697
2025-05-23 16:56:09,997 - INFO: Validation ROC-AUC: 0.564538
2025-05-23 16:56:22,465 - INFO: Evaluating at iteration 28599
2025-05-23 16:56:22,984 - INFO: Loss: 0.246016
2025-05-23 16:56:22,984 - INFO: Training ROC-AUC: 0.942308
2025-05-23 16:56:22,984 - INFO: Validation ROC-AUC: 0.568087
2025-05-23 16:56:33,457 - INFO: Starting epoch 13
2025-05-23 16:56:33,483 - INFO: Evaluating at iteration 29017
2025-05-23 16:56:34,001 - INFO: Loss: 0.201270
2025-05-23 16:56:34,001 - INFO: Training ROC-AUC: 0.979167
2025-05-23 16:56:34,001 - INFO: Validation ROC-AUC: 0.567204
2025-05-23 16:56:46,319 - INFO: Evaluating at iteration 29517
2025-05-23 16:56:46,862 - INFO: Loss: 0.202027
2025-05-23 16:56:46,862 - INFO: Training ROC-AUC: 0.935897
2025-05-23 16:56:46,862 - INFO: Validation ROC-AUC: 0.553497
2025-05-23 16:56:59,369 - INFO: Evaluating at iteration 30017
2025-05-23 16:56:59,890 - INFO: Loss: 0.357921
2025-05-23 16:56:59,890 - INFO: Training ROC-AUC: 0.906250
2025-05-23 16:56:59,890 - INFO: Validation ROC-AUC: 0.566553
2025-05-23 16:57:12,503 - INFO: Evaluating at iteration 30517
2025-05-23 16:57:13,018 - INFO: Loss: 0.247028
2025-05-23 16:57:13,019 - INFO: Training ROC-AUC: 0.733333
2025-05-23 16:57:13,019 - INFO: Validation ROC-AUC: 0.550486
2025-05-23 16:57:25,404 - INFO: Evaluating at iteration 31017
2025-05-23 16:57:25,911 - INFO: Loss: 0.178591
2025-05-23 16:57:25,911 - INFO: Training ROC-AUC: 0.901786
2025-05-23 16:57:25,911 - INFO: Validation ROC-AUC: 0.554660
2025-05-23 16:57:36,421 - INFO: Starting epoch 14
2025-05-23 16:57:36,448 - INFO: Evaluating at iteration 31435
2025-05-23 16:57:36,972 - INFO: Loss: 0.139474
2025-05-23 16:57:36,972 - INFO: Training ROC-AUC: 0.980769
2025-05-23 16:57:36,972 - INFO: Validation ROC-AUC: 0.558246
2025-05-23 16:57:49,510 - INFO: Evaluating at iteration 31935
2025-05-23 16:57:50,048 - INFO: Loss: 0.152256
2025-05-23 16:57:50,048 - INFO: Training ROC-AUC: 0.931034
2025-05-23 16:57:50,048 - INFO: Validation ROC-AUC: 0.555637
2025-05-23 16:58:02,520 - INFO: Evaluating at iteration 32435
2025-05-23 16:58:03,031 - INFO: Loss: 0.091832
2025-05-23 16:58:03,031 - INFO: Training ROC-AUC: 0.983333
2025-05-23 16:58:03,031 - INFO: Validation ROC-AUC: 0.557757
2025-05-23 16:58:15,638 - INFO: Evaluating at iteration 32935
2025-05-23 16:58:16,154 - INFO: Loss: 0.330001
2025-05-23 16:58:16,154 - INFO: Training ROC-AUC: 0.897143
2025-05-23 16:58:16,154 - INFO: Validation ROC-AUC: 0.544882
2025-05-23 16:58:28,762 - INFO: Evaluating at iteration 33435
2025-05-23 16:58:29,273 - INFO: Loss: 0.187380
2025-05-23 16:58:29,273 - INFO: Training ROC-AUC: 0.774194
2025-05-23 16:58:29,273 - INFO: Validation ROC-AUC: 0.549554
2025-05-23 16:58:39,868 - INFO: Starting epoch 15
2025-05-23 16:58:39,894 - INFO: Evaluating at iteration 33853
2025-05-23 16:58:40,433 - INFO: Loss: 0.096074
2025-05-23 16:58:40,433 - INFO: Training ROC-AUC: 1.000000
2025-05-23 16:58:40,433 - INFO: Validation ROC-AUC: 0.555354
2025-05-23 16:58:53,180 - INFO: Evaluating at iteration 34353
2025-05-23 16:58:53,702 - INFO: Loss: 0.197604
2025-05-23 16:58:53,702 - INFO: Training ROC-AUC: 0.911111
2025-05-23 16:58:53,703 - INFO: Validation ROC-AUC: 0.548208
2025-05-23 16:59:06,556 - INFO: Evaluating at iteration 34853
2025-05-23 16:59:07,067 - INFO: Loss: 0.055831
2025-05-23 16:59:07,067 - INFO: Training ROC-AUC: 1.000000
2025-05-23 16:59:07,067 - INFO: Validation ROC-AUC: 0.545284
2025-05-23 16:59:19,990 - INFO: Evaluating at iteration 35353
2025-05-23 16:59:20,501 - INFO: Loss: 0.144855
2025-05-23 16:59:20,502 - INFO: Training ROC-AUC: 0.989583
2025-05-23 16:59:20,502 - INFO: Validation ROC-AUC: 0.555911
2025-05-23 16:59:33,571 - INFO: Evaluating at iteration 35853
2025-05-23 16:59:34,106 - INFO: Loss: 0.186187
2025-05-23 16:59:34,106 - INFO: Training ROC-AUC: 0.985507
2025-05-23 16:59:34,106 - INFO: Validation ROC-AUC: 0.558079
2025-05-23 16:59:44,760 - INFO: Starting epoch 16
2025-05-23 16:59:44,787 - INFO: Evaluating at iteration 36271
2025-05-23 16:59:45,302 - INFO: Loss: 0.149818
2025-05-23 16:59:45,302 - INFO: Training ROC-AUC: 0.988571
2025-05-23 16:59:45,302 - INFO: Validation ROC-AUC: 0.565675
2025-05-23 16:59:58,544 - INFO: Evaluating at iteration 36771
2025-05-23 16:59:59,057 - INFO: Loss: 0.048592
2025-05-23 16:59:59,057 - INFO: Training ROC-AUC: 1.000000
2025-05-23 16:59:59,057 - INFO: Validation ROC-AUC: 0.557473
2025-05-23 17:00:12,239 - INFO: Evaluating at iteration 37271
2025-05-23 17:00:12,755 - INFO: Loss: 0.229849
2025-05-23 17:00:12,756 - INFO: Training ROC-AUC: 0.937143
2025-05-23 17:00:12,756 - INFO: Validation ROC-AUC: 0.561523
2025-05-23 17:00:25,934 - INFO: Evaluating at iteration 37771
2025-05-23 17:00:26,467 - INFO: Loss: 0.242824
2025-05-23 17:00:26,467 - INFO: Training ROC-AUC: 0.929487
2025-05-23 17:00:26,467 - INFO: Validation ROC-AUC: 0.558082
2025-05-23 17:00:39,819 - INFO: Evaluating at iteration 38271
2025-05-23 17:00:40,339 - INFO: Loss: 0.083841
2025-05-23 17:00:40,340 - INFO: Training ROC-AUC: 1.000000
2025-05-23 17:00:40,340 - INFO: Validation ROC-AUC: 0.560097
2025-05-23 17:00:51,507 - INFO: Starting epoch 17
2025-05-23 17:00:51,533 - INFO: Evaluating at iteration 38689
2025-05-23 17:00:52,044 - INFO: Loss: 0.307026
2025-05-23 17:00:52,044 - INFO: Training ROC-AUC: 0.937143
2025-05-23 17:00:52,044 - INFO: Validation ROC-AUC: 0.564312
2025-05-23 17:01:05,633 - INFO: Evaluating at iteration 39189
2025-05-23 17:01:06,161 - INFO: Loss: 0.050213
2025-05-23 17:01:06,161 - INFO: Training ROC-AUC: 1.000000
2025-05-23 17:01:06,161 - INFO: Validation ROC-AUC: 0.564621
2025-05-23 17:01:19,694 - INFO: Evaluating at iteration 39689
2025-05-23 17:01:20,227 - INFO: Loss: 0.111075
2025-05-23 17:01:20,228 - INFO: Training ROC-AUC: 0.988571
2025-05-23 17:01:20,228 - INFO: Validation ROC-AUC: 0.560915
2025-05-23 17:01:33,819 - INFO: Evaluating at iteration 40189
2025-05-23 17:01:34,322 - INFO: Loss: 0.101366
2025-05-23 17:01:34,323 - INFO: Training ROC-AUC: 0.982143
2025-05-23 17:01:34,323 - INFO: Validation ROC-AUC: 0.559391
2025-05-23 17:01:48,049 - INFO: Evaluating at iteration 40689
2025-05-23 17:01:48,557 - INFO: Loss: 0.069669
2025-05-23 17:01:48,557 - INFO: Training ROC-AUC: 1.000000
2025-05-23 17:01:48,557 - INFO: Validation ROC-AUC: 0.561626
2025-05-23 17:02:00,073 - INFO: Starting epoch 18
2025-05-23 17:02:00,103 - INFO: Evaluating at iteration 41107
2025-05-23 17:02:00,615 - INFO: Loss: 0.086057
2025-05-23 17:02:00,616 - INFO: Training ROC-AUC: 0.991071
2025-05-23 17:02:00,616 - INFO: Validation ROC-AUC: 0.566113
2025-05-23 17:02:14,349 - INFO: Evaluating at iteration 41607
2025-05-23 17:02:14,877 - INFO: Loss: 0.027549
2025-05-23 17:02:14,877 - INFO: Training ROC-AUC: 1.000000
2025-05-23 17:02:14,877 - INFO: Validation ROC-AUC: 0.560669
2025-05-23 17:02:28,749 - INFO: Evaluating at iteration 42107
2025-05-23 17:02:29,259 - INFO: Loss: 0.144795
2025-05-23 17:02:29,259 - INFO: Training ROC-AUC: 0.982857
2025-05-23 17:02:29,259 - INFO: Validation ROC-AUC: 0.555950
2025-05-23 17:02:43,019 - INFO: Evaluating at iteration 42607
2025-05-23 17:02:43,538 - INFO: Loss: 0.146456
2025-05-23 17:02:43,538 - INFO: Training ROC-AUC: 0.994792
2025-05-23 17:02:43,538 - INFO: Validation ROC-AUC: 0.548459
2025-05-23 17:02:57,641 - INFO: Evaluating at iteration 43107
2025-05-23 17:02:58,139 - INFO: Loss: 0.115965
2025-05-23 17:02:58,139 - INFO: Training ROC-AUC: 1.000000
2025-05-23 17:02:58,140 - INFO: Validation ROC-AUC: 0.554060
2025-05-23 17:03:10,180 - INFO: Starting epoch 19
2025-05-23 17:03:10,206 - INFO: Evaluating at iteration 43525
2025-05-23 17:03:10,743 - INFO: Loss: 0.096690
2025-05-23 17:03:10,744 - INFO: Training ROC-AUC: 0.992593
2025-05-23 17:03:10,744 - INFO: Validation ROC-AUC: 0.544930
2025-05-23 17:03:24,889 - INFO: Evaluating at iteration 44025
2025-05-23 17:03:25,387 - INFO: Loss: 0.108489
2025-05-23 17:03:25,387 - INFO: Training ROC-AUC: 0.985185
2025-05-23 17:03:25,387 - INFO: Validation ROC-AUC: 0.555998
2025-05-23 17:03:39,519 - INFO: Evaluating at iteration 44525
2025-05-23 17:03:40,024 - INFO: Loss: 0.067005
2025-05-23 17:03:40,024 - INFO: Training ROC-AUC: 1.000000
2025-05-23 17:03:40,024 - INFO: Validation ROC-AUC: 0.556891
2025-05-23 17:03:54,429 - INFO: Evaluating at iteration 45025
2025-05-23 17:03:54,966 - INFO: Loss: 0.072002
2025-05-23 17:03:54,966 - INFO: Training ROC-AUC: 0.994286
2025-05-23 17:03:54,966 - INFO: Validation ROC-AUC: 0.554717
2025-05-23 17:04:09,184 - INFO: Evaluating at iteration 45525
2025-05-23 17:04:09,694 - INFO: Loss: 0.032530
2025-05-23 17:04:09,695 - INFO: Training ROC-AUC: 1.000000
2025-05-23 17:04:09,695 - INFO: Validation ROC-AUC: 0.564445
2025-05-23 17:04:21,832 - INFO: Starting epoch 20
2025-05-23 17:04:21,861 - INFO: Evaluating at iteration 45943
2025-05-23 17:04:22,375 - INFO: Loss: 0.075054
2025-05-23 17:04:22,375 - INFO: Training ROC-AUC: 1.000000
2025-05-23 17:04:22,375 - INFO: Validation ROC-AUC: 0.552394
2025-05-23 17:04:36,707 - INFO: Evaluating at iteration 46443
2025-05-23 17:04:37,212 - INFO: Loss: 0.051631
2025-05-23 17:04:37,212 - INFO: Training ROC-AUC: 1.000000
2025-05-23 17:04:37,212 - INFO: Validation ROC-AUC: 0.565460
2025-05-23 17:04:51,587 - INFO: Evaluating at iteration 46943
2025-05-23 17:04:52,130 - INFO: Loss: 0.013234
2025-05-23 17:04:52,130 - INFO: Training ROC-AUC: 1.000000
2025-05-23 17:04:52,130 - INFO: Validation ROC-AUC: 0.553303
2025-05-23 17:05:06,334 - INFO: Evaluating at iteration 47443
2025-05-23 17:05:06,837 - INFO: Loss: 0.019062
2025-05-23 17:05:06,837 - INFO: Training ROC-AUC: 1.000000
2025-05-23 17:05:06,837 - INFO: Validation ROC-AUC: 0.560990
2025-05-23 17:05:21,196 - INFO: Evaluating at iteration 47943
2025-05-23 17:05:21,708 - INFO: Loss: 0.074208
2025-05-23 17:05:21,708 - INFO: Training ROC-AUC: 1.000000
2025-05-23 17:05:21,708 - INFO: Validation ROC-AUC: 0.552580
2025-05-23 17:05:33,867 - INFO: Starting epoch 21
2025-05-23 17:05:33,897 - INFO: Evaluating at iteration 48361
2025-05-23 17:05:34,413 - INFO: Loss: 0.062548
2025-05-23 17:05:34,413 - INFO: Training ROC-AUC: 1.000000
2025-05-23 17:05:34,413 - INFO: Validation ROC-AUC: 0.556107
2025-05-23 17:05:48,705 - INFO: Evaluating at iteration 48861
2025-05-23 17:05:49,237 - INFO: Loss: 0.041468
2025-05-23 17:05:49,237 - INFO: Training ROC-AUC: 1.000000
2025-05-23 17:05:49,237 - INFO: Validation ROC-AUC: 0.553863
2025-05-23 17:06:03,560 - INFO: Evaluating at iteration 49361
2025-05-23 17:06:04,080 - INFO: Loss: 0.046945
2025-05-23 17:06:04,080 - INFO: Training ROC-AUC: 1.000000
2025-05-23 17:06:04,080 - INFO: Validation ROC-AUC: 0.559571
2025-05-23 17:06:18,561 - INFO: Evaluating at iteration 49861
2025-05-23 17:06:19,076 - INFO: Loss: 0.068955
2025-05-23 17:06:19,076 - INFO: Training ROC-AUC: 0.991071
2025-05-23 17:06:19,076 - INFO: Validation ROC-AUC: 0.556140
2025-05-23 17:06:33,450 - INFO: Evaluating at iteration 50361
2025-05-23 17:06:33,991 - INFO: Loss: 0.050957
2025-05-23 17:06:33,991 - INFO: Training ROC-AUC: 1.000000
2025-05-23 17:06:33,991 - INFO: Validation ROC-AUC: 0.549173
2025-05-23 17:06:46,024 - INFO: Starting epoch 22
2025-05-23 17:06:46,053 - INFO: Evaluating at iteration 50779
2025-05-23 17:06:46,571 - INFO: Loss: 0.027596
2025-05-23 17:06:46,572 - INFO: Training ROC-AUC: 1.000000
2025-05-23 17:06:46,572 - INFO: Validation ROC-AUC: 0.548797
2025-05-23 17:07:00,768 - INFO: Evaluating at iteration 51279
2025-05-23 17:07:01,285 - INFO: Loss: 0.162653
2025-05-23 17:07:01,285 - INFO: Training ROC-AUC: 0.974359
2025-05-23 17:07:01,285 - INFO: Validation ROC-AUC: 0.549931
2025-05-23 17:07:15,512 - INFO: Evaluating at iteration 51779
2025-05-23 17:07:16,010 - INFO: Loss: 0.018248
2025-05-23 17:07:16,010 - INFO: Training ROC-AUC: 1.000000
2025-05-23 17:07:16,010 - INFO: Validation ROC-AUC: 0.540442
2025-05-23 17:07:30,308 - INFO: Evaluating at iteration 52279
2025-05-23 17:07:30,825 - INFO: Loss: 0.149176
2025-05-23 17:07:30,825 - INFO: Training ROC-AUC: 0.933333
2025-05-23 17:07:30,825 - INFO: Validation ROC-AUC: 0.556137
2025-05-23 17:07:44,891 - INFO: Evaluating at iteration 52779
2025-05-23 17:07:45,404 - INFO: Loss: 0.089085
2025-05-23 17:07:45,404 - INFO: Training ROC-AUC: 1.000000
2025-05-23 17:07:45,404 - INFO: Validation ROC-AUC: 0.559162
2025-05-23 17:07:57,314 - INFO: Starting epoch 23
2025-05-23 17:07:57,352 - INFO: Evaluating at iteration 53197
2025-05-23 17:07:57,873 - INFO: Loss: 0.029200
2025-05-23 17:07:57,873 - INFO: Training ROC-AUC: 1.000000
2025-05-23 17:07:57,873 - INFO: Validation ROC-AUC: 0.563559
2025-05-23 17:08:12,174 - INFO: Evaluating at iteration 53697
2025-05-23 17:08:12,701 - INFO: Loss: 0.055952
2025-05-23 17:08:12,701 - INFO: Training ROC-AUC: 1.000000
2025-05-23 17:08:12,701 - INFO: Validation ROC-AUC: 0.546306
2025-05-23 17:08:26,887 - INFO: Evaluating at iteration 54197
2025-05-23 17:08:27,422 - INFO: Loss: 0.045423
2025-05-23 17:08:27,422 - INFO: Training ROC-AUC: 1.000000
2025-05-23 17:08:27,422 - INFO: Validation ROC-AUC: 0.552563
2025-05-23 17:08:41,657 - INFO: Evaluating at iteration 54697
2025-05-23 17:08:42,175 - INFO: Loss: 0.024919
2025-05-23 17:08:42,175 - INFO: Training ROC-AUC: 1.000000
2025-05-23 17:08:42,175 - INFO: Validation ROC-AUC: 0.549753
2025-05-23 17:08:56,456 - INFO: Evaluating at iteration 55197
2025-05-23 17:08:56,980 - INFO: Loss: 0.026233
2025-05-23 17:08:56,980 - INFO: Training ROC-AUC: 1.000000
2025-05-23 17:08:56,980 - INFO: Validation ROC-AUC: 0.552622
2025-05-23 17:09:08,764 - INFO: Starting epoch 24
2025-05-23 17:09:08,789 - INFO: Evaluating at iteration 55615
2025-05-23 17:09:09,307 - INFO: Loss: 0.041997
2025-05-23 17:09:09,307 - INFO: Training ROC-AUC: 1.000000
2025-05-23 17:09:09,307 - INFO: Validation ROC-AUC: 0.560267
2025-05-23 17:09:23,534 - INFO: Evaluating at iteration 56115
2025-05-23 17:09:24,075 - INFO: Loss: 0.011820
2025-05-23 17:09:24,075 - INFO: Training ROC-AUC: 1.000000
2025-05-23 17:09:24,075 - INFO: Validation ROC-AUC: 0.551875
2025-05-23 17:09:38,007 - INFO: Evaluating at iteration 56615
2025-05-23 17:09:38,502 - INFO: Loss: 0.014837
2025-05-23 17:09:38,502 - INFO: Training ROC-AUC: 1.000000
2025-05-23 17:09:38,502 - INFO: Validation ROC-AUC: 0.545584
2025-05-23 17:09:52,569 - INFO: Evaluating at iteration 57115
2025-05-23 17:09:53,083 - INFO: Loss: 0.047312
2025-05-23 17:09:53,083 - INFO: Training ROC-AUC: 1.000000
2025-05-23 17:09:53,083 - INFO: Validation ROC-AUC: 0.548911
2025-05-23 17:10:07,324 - INFO: Evaluating at iteration 57615
2025-05-23 17:10:07,867 - INFO: Loss: 0.029206
2025-05-23 17:10:07,867 - INFO: Training ROC-AUC: 1.000000
2025-05-23 17:10:07,867 - INFO: Validation ROC-AUC: 0.558919
2025-05-23 17:10:19,699 - INFO: Starting epoch 25
2025-05-23 17:10:19,727 - INFO: Evaluating at iteration 58033
2025-05-23 17:10:20,238 - INFO: Loss: 0.041060
2025-05-23 17:10:20,239 - INFO: Training ROC-AUC: 1.000000
2025-05-23 17:10:20,239 - INFO: Validation ROC-AUC: 0.550995
2025-05-23 17:10:34,534 - INFO: Evaluating at iteration 58533
2025-05-23 17:10:35,049 - INFO: Loss: 0.002452
2025-05-23 17:10:35,049 - INFO: Training ROC-AUC: 1.000000
2025-05-23 17:10:35,049 - INFO: Validation ROC-AUC: 0.560974
2025-05-23 17:10:48,999 - INFO: Evaluating at iteration 59033
2025-05-23 17:10:49,509 - INFO: Loss: 0.044859
2025-05-23 17:10:49,509 - INFO: Training ROC-AUC: 1.000000
2025-05-23 17:10:49,509 - INFO: Validation ROC-AUC: 0.558861
2025-05-23 17:11:03,352 - INFO: Evaluating at iteration 59533
2025-05-23 17:11:03,883 - INFO: Loss: 0.036328
2025-05-23 17:11:03,883 - INFO: Training ROC-AUC: 1.000000
2025-05-23 17:11:03,883 - INFO: Validation ROC-AUC: 0.555012
2025-05-23 17:11:17,923 - INFO: Evaluating at iteration 60033
2025-05-23 17:11:18,437 - INFO: Loss: 0.005054
2025-05-23 17:11:18,437 - INFO: Training ROC-AUC: 1.000000
2025-05-23 17:11:18,437 - INFO: Validation ROC-AUC: 0.560243
2025-05-23 17:11:29,919 - INFO: Saving model to models/TCRStructMap_sequence_only/model_4.pt
2025-05-23 17:11:29,932 - INFO: Starting fold 5
2025-05-23 17:11:29,956 - INFO: Initialising model
2025-05-23 17:11:29,970 - INFO: Starting training
2025-05-23 17:11:29,970 - INFO: Starting epoch 1
2025-05-23 17:11:29,999 - INFO: Evaluating at iteration 1
2025-05-23 17:11:30,358 - INFO: Loss: 0.686309
2025-05-23 17:11:30,358 - INFO: Training ROC-AUC: 0.540230
2025-05-23 17:11:30,358 - INFO: Validation ROC-AUC: 0.523686
2025-05-23 17:11:42,500 - INFO: Evaluating at iteration 501
2025-05-23 17:11:42,859 - INFO: Loss: 0.471207
2025-05-23 17:11:42,859 - INFO: Training ROC-AUC: 0.615385
2025-05-23 17:11:42,859 - INFO: Validation ROC-AUC: 0.443573
2025-05-23 17:11:55,138 - INFO: Evaluating at iteration 1001
2025-05-23 17:11:55,513 - INFO: Loss: 0.378154
2025-05-23 17:11:55,513 - INFO: Training ROC-AUC: 0.622222
2025-05-23 17:11:55,513 - INFO: Validation ROC-AUC: 0.425702
2025-05-23 17:12:07,670 - INFO: Evaluating at iteration 1501
2025-05-23 17:12:08,041 - INFO: Loss: 0.292081
2025-05-23 17:12:08,042 - INFO: Training ROC-AUC: 0.812500
2025-05-23 17:12:08,042 - INFO: Validation ROC-AUC: 0.476641
2025-05-23 17:12:20,036 - INFO: Evaluating at iteration 2001
2025-05-23 17:12:20,395 - INFO: Loss: 0.403225
2025-05-23 17:12:20,396 - INFO: Training ROC-AUC: 0.733333
2025-05-23 17:12:20,396 - INFO: Validation ROC-AUC: 0.634035
2025-05-23 17:12:31,801 - INFO: Starting epoch 2
2025-05-23 17:12:31,827 - INFO: Evaluating at iteration 2475
2025-05-23 17:12:32,187 - INFO: Loss: 0.236762
2025-05-23 17:12:32,187 - INFO: Training ROC-AUC: 0.793103
2025-05-23 17:12:32,187 - INFO: Validation ROC-AUC: 0.629004
2025-05-23 17:12:44,261 - INFO: Evaluating at iteration 2975
2025-05-23 17:12:44,621 - INFO: Loss: 0.297394
2025-05-23 17:12:44,621 - INFO: Training ROC-AUC: 0.776786
2025-05-23 17:12:44,621 - INFO: Validation ROC-AUC: 0.629215
2025-05-23 17:12:56,699 - INFO: Evaluating at iteration 3475
2025-05-23 17:12:57,092 - INFO: Loss: 0.415950
2025-05-23 17:12:57,092 - INFO: Training ROC-AUC: 0.879227
2025-05-23 17:12:57,092 - INFO: Validation ROC-AUC: 0.632181
2025-05-23 17:13:09,232 - INFO: Evaluating at iteration 3975
2025-05-23 17:13:09,590 - INFO: Loss: 0.308567
2025-05-23 17:13:09,590 - INFO: Training ROC-AUC: 0.897436
2025-05-23 17:13:09,590 - INFO: Validation ROC-AUC: 0.628565
2025-05-23 17:13:21,739 - INFO: Evaluating at iteration 4475
2025-05-23 17:13:22,099 - INFO: Loss: 0.272834
2025-05-23 17:13:22,099 - INFO: Training ROC-AUC: 0.830357
2025-05-23 17:13:22,099 - INFO: Validation ROC-AUC: 0.631277
2025-05-23 17:13:33,606 - INFO: Starting epoch 3
2025-05-23 17:13:33,632 - INFO: Evaluating at iteration 4949
2025-05-23 17:13:33,992 - INFO: Loss: 0.182052
2025-05-23 17:13:33,992 - INFO: Training ROC-AUC: 0.919540
2025-05-23 17:13:33,992 - INFO: Validation ROC-AUC: 0.653832
2025-05-23 17:13:46,161 - INFO: Evaluating at iteration 5449
2025-05-23 17:13:46,547 - INFO: Loss: 0.351352
2025-05-23 17:13:46,547 - INFO: Training ROC-AUC: 0.770370
2025-05-23 17:13:46,547 - INFO: Validation ROC-AUC: 0.651098
2025-05-23 17:13:58,692 - INFO: Evaluating at iteration 5949
2025-05-23 17:13:59,053 - INFO: Loss: 0.341412
2025-05-23 17:13:59,053 - INFO: Training ROC-AUC: 0.885417
2025-05-23 17:13:59,053 - INFO: Validation ROC-AUC: 0.648392
2025-05-23 17:14:11,184 - INFO: Evaluating at iteration 6449
2025-05-23 17:14:11,551 - INFO: Loss: 0.438749
2025-05-23 17:14:11,551 - INFO: Training ROC-AUC: 0.840580
2025-05-23 17:14:11,551 - INFO: Validation ROC-AUC: 0.652163
2025-05-23 17:14:23,764 - INFO: Evaluating at iteration 6949
2025-05-23 17:14:24,120 - INFO: Loss: 0.153726
2025-05-23 17:14:24,121 - INFO: Training ROC-AUC: 0.919540
2025-05-23 17:14:24,121 - INFO: Validation ROC-AUC: 0.659152
2025-05-23 17:14:35,755 - INFO: Starting epoch 4
2025-05-23 17:14:35,781 - INFO: Evaluating at iteration 7423
2025-05-23 17:14:36,155 - INFO: Loss: 0.224151
2025-05-23 17:14:36,155 - INFO: Training ROC-AUC: 0.967949
2025-05-23 17:14:36,155 - INFO: Validation ROC-AUC: 0.657243
2025-05-23 17:14:48,380 - INFO: Evaluating at iteration 7923
2025-05-23 17:14:48,752 - INFO: Loss: 0.347658
2025-05-23 17:14:48,753 - INFO: Training ROC-AUC: 0.840000
2025-05-23 17:14:48,753 - INFO: Validation ROC-AUC: 0.659873
2025-05-23 17:15:00,946 - INFO: Evaluating at iteration 8423
2025-05-23 17:15:01,305 - INFO: Loss: 0.198628
2025-05-23 17:15:01,305 - INFO: Training ROC-AUC: 0.935897
2025-05-23 17:15:01,305 - INFO: Validation ROC-AUC: 0.665627
2025-05-23 17:15:13,568 - INFO: Evaluating at iteration 8923
2025-05-23 17:15:13,928 - INFO: Loss: 0.241939
2025-05-23 17:15:13,928 - INFO: Training ROC-AUC: 0.925714
2025-05-23 17:15:13,928 - INFO: Validation ROC-AUC: 0.665858
2025-05-23 17:15:26,210 - INFO: Evaluating at iteration 9423
2025-05-23 17:15:26,592 - INFO: Loss: 0.095727
2025-05-23 17:15:26,592 - INFO: Training ROC-AUC: 0.988506
2025-05-23 17:15:26,592 - INFO: Validation ROC-AUC: 0.668328
2025-05-23 17:15:38,178 - INFO: Starting epoch 5
2025-05-23 17:15:38,204 - INFO: Evaluating at iteration 9897
2025-05-23 17:15:38,574 - INFO: Loss: 0.146566
2025-05-23 17:15:38,574 - INFO: Training ROC-AUC: 0.973214
2025-05-23 17:15:38,574 - INFO: Validation ROC-AUC: 0.669781
2025-05-23 17:15:50,805 - INFO: Evaluating at iteration 10397
2025-05-23 17:15:51,164 - INFO: Loss: 0.197642
2025-05-23 17:15:51,164 - INFO: Training ROC-AUC: 0.948718
2025-05-23 17:15:51,164 - INFO: Validation ROC-AUC: 0.662963
2025-05-23 17:16:03,389 - INFO: Evaluating at iteration 10897
2025-05-23 17:16:03,748 - INFO: Loss: 0.209938
2025-05-23 17:16:03,749 - INFO: Training ROC-AUC: 0.937500
2025-05-23 17:16:03,749 - INFO: Validation ROC-AUC: 0.663477
2025-05-23 17:16:16,132 - INFO: Evaluating at iteration 11397
2025-05-23 17:16:16,491 - INFO: Loss: 0.154816
2025-05-23 17:16:16,491 - INFO: Training ROC-AUC: 0.977778
2025-05-23 17:16:16,491 - INFO: Validation ROC-AUC: 0.675107
2025-05-23 17:16:28,926 - INFO: Evaluating at iteration 11897
2025-05-23 17:16:29,319 - INFO: Loss: 0.190746
2025-05-23 17:16:29,319 - INFO: Training ROC-AUC: 0.962963
2025-05-23 17:16:29,319 - INFO: Validation ROC-AUC: 0.672248
2025-05-23 17:16:41,159 - INFO: Starting epoch 6
2025-05-23 17:16:41,185 - INFO: Evaluating at iteration 12371
2025-05-23 17:16:41,547 - INFO: Loss: 0.070133
2025-05-23 17:16:41,548 - INFO: Training ROC-AUC: 1.000000
2025-05-23 17:16:41,548 - INFO: Validation ROC-AUC: 0.674531
2025-05-23 17:16:53,958 - INFO: Evaluating at iteration 12871
2025-05-23 17:16:54,319 - INFO: Loss: 0.236535
2025-05-23 17:16:54,320 - INFO: Training ROC-AUC: 0.961538
2025-05-23 17:16:54,320 - INFO: Validation ROC-AUC: 0.673342
2025-05-23 17:17:06,842 - INFO: Evaluating at iteration 13371
2025-05-23 17:17:07,202 - INFO: Loss: 0.214711
2025-05-23 17:17:07,202 - INFO: Training ROC-AUC: 0.987179
2025-05-23 17:17:07,202 - INFO: Validation ROC-AUC: 0.672761
2025-05-23 17:17:19,804 - INFO: Evaluating at iteration 13871
2025-05-23 17:17:20,192 - INFO: Loss: 0.271136
2025-05-23 17:17:20,193 - INFO: Training ROC-AUC: 0.958333
2025-05-23 17:17:20,193 - INFO: Validation ROC-AUC: 0.682560
2025-05-23 17:17:32,818 - INFO: Evaluating at iteration 14371
2025-05-23 17:17:33,180 - INFO: Loss: 0.207418
2025-05-23 17:17:33,180 - INFO: Training ROC-AUC: 0.925926
2025-05-23 17:17:33,180 - INFO: Validation ROC-AUC: 0.680094
2025-05-23 17:17:44,912 - INFO: Starting epoch 7
2025-05-23 17:17:44,938 - INFO: Evaluating at iteration 14845
2025-05-23 17:17:45,295 - INFO: Loss: 0.343788
2025-05-23 17:17:45,295 - INFO: Training ROC-AUC: 0.909091
2025-05-23 17:17:45,295 - INFO: Validation ROC-AUC: 0.681415
2025-05-23 17:17:57,640 - INFO: Evaluating at iteration 15345
2025-05-23 17:17:57,999 - INFO: Loss: 0.189006
2025-05-23 17:17:57,999 - INFO: Training ROC-AUC: 0.892857
2025-05-23 17:17:57,999 - INFO: Validation ROC-AUC: 0.681087
2025-05-23 17:18:10,403 - INFO: Evaluating at iteration 15845
2025-05-23 17:18:10,776 - INFO: Loss: 0.252203
2025-05-23 17:18:10,777 - INFO: Training ROC-AUC: 0.966184
2025-05-23 17:18:10,777 - INFO: Validation ROC-AUC: 0.672970
2025-05-23 17:18:23,029 - INFO: Evaluating at iteration 16345
2025-05-23 17:18:23,402 - INFO: Loss: 0.350490
2025-05-23 17:18:23,402 - INFO: Training ROC-AUC: 0.903382
2025-05-23 17:18:23,402 - INFO: Validation ROC-AUC: 0.675801
2025-05-23 17:18:35,559 - INFO: Evaluating at iteration 16845
2025-05-23 17:18:35,919 - INFO: Loss: 0.176432
2025-05-23 17:18:35,919 - INFO: Training ROC-AUC: 0.961538
2025-05-23 17:18:35,919 - INFO: Validation ROC-AUC: 0.676848
2025-05-23 17:18:47,648 - INFO: Starting epoch 8
2025-05-23 17:18:47,674 - INFO: Evaluating at iteration 17319
2025-05-23 17:18:48,034 - INFO: Loss: 0.288662
2025-05-23 17:18:48,034 - INFO: Training ROC-AUC: 0.927536
2025-05-23 17:18:48,034 - INFO: Validation ROC-AUC: 0.672316
2025-05-23 17:19:00,746 - INFO: Evaluating at iteration 17819
2025-05-23 17:19:01,121 - INFO: Loss: 0.256326
2025-05-23 17:19:01,122 - INFO: Training ROC-AUC: 0.942857
2025-05-23 17:19:01,122 - INFO: Validation ROC-AUC: 0.678560
2025-05-23 17:19:13,537 - INFO: Evaluating at iteration 18319
2025-05-23 17:19:13,908 - INFO: Loss: 0.369047
2025-05-23 17:19:13,908 - INFO: Training ROC-AUC: 0.851852
2025-05-23 17:19:13,908 - INFO: Validation ROC-AUC: 0.682793
2025-05-23 17:19:26,178 - INFO: Evaluating at iteration 18819
2025-05-23 17:19:26,537 - INFO: Loss: 0.385150
2025-05-23 17:19:26,538 - INFO: Training ROC-AUC: 0.843750
2025-05-23 17:19:26,538 - INFO: Validation ROC-AUC: 0.678596
2025-05-23 17:19:39,105 - INFO: Evaluating at iteration 19319
2025-05-23 17:19:39,466 - INFO: Loss: 0.114547
2025-05-23 17:19:39,466 - INFO: Training ROC-AUC: 0.992593
2025-05-23 17:19:39,466 - INFO: Validation ROC-AUC: 0.684040
2025-05-23 17:19:51,278 - INFO: Starting epoch 9
2025-05-23 17:19:51,304 - INFO: Evaluating at iteration 19793
2025-05-23 17:19:51,665 - INFO: Loss: 0.203011
2025-05-23 17:19:51,665 - INFO: Training ROC-AUC: 0.925926
2025-05-23 17:19:51,665 - INFO: Validation ROC-AUC: 0.679673
2025-05-23 17:20:04,232 - INFO: Evaluating at iteration 20293
2025-05-23 17:20:04,620 - INFO: Loss: 0.220238
2025-05-23 17:20:04,620 - INFO: Training ROC-AUC: 0.896296
2025-05-23 17:20:04,620 - INFO: Validation ROC-AUC: 0.675979
2025-05-23 17:20:17,185 - INFO: Evaluating at iteration 20793
2025-05-23 17:20:17,550 - INFO: Loss: 0.144088
2025-05-23 17:20:17,550 - INFO: Training ROC-AUC: 0.988571
2025-05-23 17:20:17,550 - INFO: Validation ROC-AUC: 0.674941
2025-05-23 17:20:30,209 - INFO: Evaluating at iteration 21293
2025-05-23 17:20:30,570 - INFO: Loss: 0.283242
2025-05-23 17:20:30,570 - INFO: Training ROC-AUC: 0.947917
2025-05-23 17:20:30,570 - INFO: Validation ROC-AUC: 0.678274
2025-05-23 17:20:43,081 - INFO: Evaluating at iteration 21793
2025-05-23 17:20:43,441 - INFO: Loss: 0.156708
2025-05-23 17:20:43,441 - INFO: Training ROC-AUC: 0.965517
2025-05-23 17:20:43,441 - INFO: Validation ROC-AUC: 0.682564
2025-05-23 17:20:55,282 - INFO: Starting epoch 10
2025-05-23 17:20:55,309 - INFO: Evaluating at iteration 22267
2025-05-23 17:20:55,700 - INFO: Loss: 0.297586
2025-05-23 17:20:55,701 - INFO: Training ROC-AUC: 0.942857
2025-05-23 17:20:55,701 - INFO: Validation ROC-AUC: 0.682063
2025-05-23 17:21:08,336 - INFO: Evaluating at iteration 22767
2025-05-23 17:21:08,698 - INFO: Loss: 0.274495
2025-05-23 17:21:08,698 - INFO: Training ROC-AUC: 0.848214
2025-05-23 17:21:08,698 - INFO: Validation ROC-AUC: 0.679706
2025-05-23 17:21:21,294 - INFO: Evaluating at iteration 23267
2025-05-23 17:21:21,654 - INFO: Loss: 0.112095
2025-05-23 17:21:21,654 - INFO: Training ROC-AUC: 0.992593
2025-05-23 17:21:21,654 - INFO: Validation ROC-AUC: 0.682287
2025-05-23 17:21:34,293 - INFO: Evaluating at iteration 23767
2025-05-23 17:21:34,655 - INFO: Loss: 0.221111
2025-05-23 17:21:34,655 - INFO: Training ROC-AUC: 0.923077
2025-05-23 17:21:34,655 - INFO: Validation ROC-AUC: 0.677676
2025-05-23 17:21:47,193 - INFO: Evaluating at iteration 24267
2025-05-23 17:21:47,583 - INFO: Loss: 0.182260
2025-05-23 17:21:47,583 - INFO: Training ROC-AUC: 0.974359
2025-05-23 17:21:47,583 - INFO: Validation ROC-AUC: 0.685409
2025-05-23 17:21:59,488 - INFO: Starting epoch 11
2025-05-23 17:21:59,515 - INFO: Evaluating at iteration 24741
2025-05-23 17:21:59,880 - INFO: Loss: 0.206915
2025-05-23 17:21:59,880 - INFO: Training ROC-AUC: 0.971429
2025-05-23 17:21:59,880 - INFO: Validation ROC-AUC: 0.676184
2025-05-23 17:22:12,421 - INFO: Evaluating at iteration 25241
2025-05-23 17:22:12,782 - INFO: Loss: 0.162253
2025-05-23 17:22:12,782 - INFO: Training ROC-AUC: 0.980769
2025-05-23 17:22:12,782 - INFO: Validation ROC-AUC: 0.675467
2025-05-23 17:22:25,242 - INFO: Evaluating at iteration 25741
2025-05-23 17:22:25,606 - INFO: Loss: 0.092630
2025-05-23 17:22:25,606 - INFO: Training ROC-AUC: 1.000000
2025-05-23 17:22:25,606 - INFO: Validation ROC-AUC: 0.679751
2025-05-23 17:22:38,237 - INFO: Evaluating at iteration 26241
2025-05-23 17:22:38,612 - INFO: Loss: 0.196879
2025-05-23 17:22:38,612 - INFO: Training ROC-AUC: 0.910714
2025-05-23 17:22:38,612 - INFO: Validation ROC-AUC: 0.675322
2025-05-23 17:22:51,239 - INFO: Evaluating at iteration 26741
2025-05-23 17:22:51,614 - INFO: Loss: 0.131023
2025-05-23 17:22:51,615 - INFO: Training ROC-AUC: 0.933333
2025-05-23 17:22:51,615 - INFO: Validation ROC-AUC: 0.679228
2025-05-23 17:23:03,469 - INFO: Starting epoch 12
2025-05-23 17:23:03,496 - INFO: Evaluating at iteration 27215
2025-05-23 17:23:03,859 - INFO: Loss: 0.096938
2025-05-23 17:23:03,860 - INFO: Training ROC-AUC: 1.000000
2025-05-23 17:23:03,860 - INFO: Validation ROC-AUC: 0.677456
2025-05-23 17:23:16,404 - INFO: Evaluating at iteration 27715
2025-05-23 17:23:16,764 - INFO: Loss: 0.143088
2025-05-23 17:23:16,764 - INFO: Training ROC-AUC: 0.988506
2025-05-23 17:23:16,764 - INFO: Validation ROC-AUC: 0.680845
2025-05-23 17:23:29,411 - INFO: Evaluating at iteration 28215
2025-05-23 17:23:29,793 - INFO: Loss: 0.174291
2025-05-23 17:23:29,794 - INFO: Training ROC-AUC: 0.940741
2025-05-23 17:23:29,794 - INFO: Validation ROC-AUC: 0.679865
2025-05-23 17:23:42,649 - INFO: Evaluating at iteration 28715
2025-05-23 17:23:43,024 - INFO: Loss: 0.094809
2025-05-23 17:23:43,024 - INFO: Training ROC-AUC: 1.000000
2025-05-23 17:23:43,024 - INFO: Validation ROC-AUC: 0.676983
2025-05-23 17:23:55,727 - INFO: Evaluating at iteration 29215
2025-05-23 17:23:56,092 - INFO: Loss: 0.134529
2025-05-23 17:23:56,092 - INFO: Training ROC-AUC: 0.977143
2025-05-23 17:23:56,092 - INFO: Validation ROC-AUC: 0.675095
2025-05-23 17:24:08,023 - INFO: Starting epoch 13
2025-05-23 17:24:08,049 - INFO: Evaluating at iteration 29689
2025-05-23 17:24:08,410 - INFO: Loss: 0.068322
2025-05-23 17:24:08,410 - INFO: Training ROC-AUC: 0.992593
2025-05-23 17:24:08,410 - INFO: Validation ROC-AUC: 0.675443
2025-05-23 17:24:21,176 - INFO: Evaluating at iteration 30189
2025-05-23 17:24:21,551 - INFO: Loss: 0.114869
2025-05-23 17:24:21,551 - INFO: Training ROC-AUC: 0.973214
2025-05-23 17:24:21,551 - INFO: Validation ROC-AUC: 0.674992
2025-05-23 17:24:34,463 - INFO: Evaluating at iteration 30689
2025-05-23 17:24:34,836 - INFO: Loss: 0.064506
2025-05-23 17:24:34,836 - INFO: Training ROC-AUC: 1.000000
2025-05-23 17:24:34,836 - INFO: Validation ROC-AUC: 0.678054
2025-05-23 17:24:47,805 - INFO: Evaluating at iteration 31189
2025-05-23 17:24:48,167 - INFO: Loss: 0.396582
2025-05-23 17:24:48,167 - INFO: Training ROC-AUC: 0.852564
2025-05-23 17:24:48,167 - INFO: Validation ROC-AUC: 0.674642
2025-05-23 17:25:01,176 - INFO: Evaluating at iteration 31689
2025-05-23 17:25:01,536 - INFO: Loss: 0.164008
2025-05-23 17:25:01,536 - INFO: Training ROC-AUC: 0.970370
2025-05-23 17:25:01,536 - INFO: Validation ROC-AUC: 0.676614
2025-05-23 17:25:13,871 - INFO: Starting epoch 14
2025-05-23 17:25:13,917 - INFO: Evaluating at iteration 32163
2025-05-23 17:25:14,297 - INFO: Loss: 0.127595
2025-05-23 17:25:14,297 - INFO: Training ROC-AUC: 0.935484
2025-05-23 17:25:14,297 - INFO: Validation ROC-AUC: 0.678053
2025-05-23 17:25:27,348 - INFO: Evaluating at iteration 32663
2025-05-23 17:25:27,727 - INFO: Loss: 0.059331
2025-05-23 17:25:27,727 - INFO: Training ROC-AUC: 1.000000
2025-05-23 17:25:27,727 - INFO: Validation ROC-AUC: 0.676598
2025-05-23 17:25:40,972 - INFO: Evaluating at iteration 33163
2025-05-23 17:25:41,332 - INFO: Loss: 0.078609
2025-05-23 17:25:41,332 - INFO: Training ROC-AUC: 1.000000
2025-05-23 17:25:41,332 - INFO: Validation ROC-AUC: 0.679279
2025-05-23 17:25:54,529 - INFO: Evaluating at iteration 33663
2025-05-23 17:25:54,890 - INFO: Loss: 0.073992
2025-05-23 17:25:54,890 - INFO: Training ROC-AUC: 1.000000
2025-05-23 17:25:54,890 - INFO: Validation ROC-AUC: 0.673629
2025-05-23 17:26:08,149 - INFO: Evaluating at iteration 34163
2025-05-23 17:26:08,525 - INFO: Loss: 0.126768
2025-05-23 17:26:08,525 - INFO: Training ROC-AUC: 1.000000
2025-05-23 17:26:08,525 - INFO: Validation ROC-AUC: 0.676367
2025-05-23 17:26:20,945 - INFO: Starting epoch 15
2025-05-23 17:26:20,971 - INFO: Evaluating at iteration 34637
2025-05-23 17:26:21,348 - INFO: Loss: 0.058278
2025-05-23 17:26:21,348 - INFO: Training ROC-AUC: 1.000000
2025-05-23 17:26:21,348 - INFO: Validation ROC-AUC: 0.674297
2025-05-23 17:26:34,777 - INFO: Evaluating at iteration 35137
2025-05-23 17:26:35,137 - INFO: Loss: 0.227282
2025-05-23 17:26:35,137 - INFO: Training ROC-AUC: 0.955357
2025-05-23 17:26:35,137 - INFO: Validation ROC-AUC: 0.677350
2025-05-23 17:26:48,470 - INFO: Evaluating at iteration 35637
2025-05-23 17:26:48,831 - INFO: Loss: 0.115673
2025-05-23 17:26:48,831 - INFO: Training ROC-AUC: 0.992593
2025-05-23 17:26:48,831 - INFO: Validation ROC-AUC: 0.675772
2025-05-23 17:27:02,183 - INFO: Evaluating at iteration 36137
2025-05-23 17:27:02,561 - INFO: Loss: 0.109923
2025-05-23 17:27:02,561 - INFO: Training ROC-AUC: 0.988506
2025-05-23 17:27:02,561 - INFO: Validation ROC-AUC: 0.675615
2025-05-23 17:27:15,785 - INFO: Evaluating at iteration 36637
2025-05-23 17:27:16,159 - INFO: Loss: 0.127655
2025-05-23 17:27:16,159 - INFO: Training ROC-AUC: 0.977778
2025-05-23 17:27:16,159 - INFO: Validation ROC-AUC: 0.676387
2025-05-23 17:27:28,876 - INFO: Starting epoch 16
2025-05-23 17:27:28,903 - INFO: Evaluating at iteration 37111
2025-05-23 17:27:29,268 - INFO: Loss: 0.145803
2025-05-23 17:27:29,268 - INFO: Training ROC-AUC: 0.962963
2025-05-23 17:27:29,268 - INFO: Validation ROC-AUC: 0.674786
2025-05-23 17:27:42,753 - INFO: Evaluating at iteration 37611
2025-05-23 17:27:43,113 - INFO: Loss: 0.128657
2025-05-23 17:27:43,113 - INFO: Training ROC-AUC: 0.965517
2025-05-23 17:27:43,113 - INFO: Validation ROC-AUC: 0.676633
2025-05-23 17:27:56,659 - INFO: Evaluating at iteration 38111
2025-05-23 17:27:57,041 - INFO: Loss: 0.115987
2025-05-23 17:27:57,041 - INFO: Training ROC-AUC: 0.994286
2025-05-23 17:27:57,041 - INFO: Validation ROC-AUC: 0.676298
2025-05-23 17:28:10,507 - INFO: Evaluating at iteration 38611
2025-05-23 17:28:10,883 - INFO: Loss: 0.158023
2025-05-23 17:28:10,883 - INFO: Training ROC-AUC: 0.962963
2025-05-23 17:28:10,883 - INFO: Validation ROC-AUC: 0.674829
2025-05-23 17:28:24,515 - INFO: Evaluating at iteration 39111
2025-05-23 17:28:24,874 - INFO: Loss: 0.179073
2025-05-23 17:28:24,875 - INFO: Training ROC-AUC: 0.969697
2025-05-23 17:28:24,875 - INFO: Validation ROC-AUC: 0.672605
2025-05-23 17:28:37,873 - INFO: Starting epoch 17
2025-05-23 17:28:37,903 - INFO: Evaluating at iteration 39585
2025-05-23 17:28:38,263 - INFO: Loss: 0.062093
2025-05-23 17:28:38,263 - INFO: Training ROC-AUC: 1.000000
2025-05-23 17:28:38,263 - INFO: Validation ROC-AUC: 0.677016
2025-05-23 17:28:51,961 - INFO: Evaluating at iteration 40085
2025-05-23 17:28:52,335 - INFO: Loss: 0.202327
2025-05-23 17:28:52,335 - INFO: Training ROC-AUC: 0.973958
2025-05-23 17:28:52,335 - INFO: Validation ROC-AUC: 0.675152
2025-05-23 17:29:05,881 - INFO: Evaluating at iteration 40585
2025-05-23 17:29:06,256 - INFO: Loss: 0.088102
2025-05-23 17:29:06,256 - INFO: Training ROC-AUC: 0.993590
2025-05-23 17:29:06,256 - INFO: Validation ROC-AUC: 0.675106
2025-05-23 17:29:20,067 - INFO: Evaluating at iteration 41085
2025-05-23 17:29:20,428 - INFO: Loss: 0.050554
2025-05-23 17:29:20,428 - INFO: Training ROC-AUC: 1.000000
2025-05-23 17:29:20,428 - INFO: Validation ROC-AUC: 0.674429
2025-05-23 17:29:34,204 - INFO: Evaluating at iteration 41585
2025-05-23 17:29:34,567 - INFO: Loss: 0.080181
2025-05-23 17:29:34,567 - INFO: Training ROC-AUC: 1.000000
2025-05-23 17:29:34,567 - INFO: Validation ROC-AUC: 0.672780
2025-05-23 17:29:47,602 - INFO: Starting epoch 18
2025-05-23 17:29:47,636 - INFO: Evaluating at iteration 42059
2025-05-23 17:29:48,022 - INFO: Loss: 0.125889
2025-05-23 17:29:48,022 - INFO: Training ROC-AUC: 0.980676
2025-05-23 17:29:48,022 - INFO: Validation ROC-AUC: 0.674121
2025-05-23 17:30:01,766 - INFO: Evaluating at iteration 42559
2025-05-23 17:30:02,137 - INFO: Loss: 0.058651
2025-05-23 17:30:02,137 - INFO: Training ROC-AUC: 1.000000
2025-05-23 17:30:02,137 - INFO: Validation ROC-AUC: 0.671611
2025-05-23 17:30:15,815 - INFO: Evaluating at iteration 43059
2025-05-23 17:30:16,175 - INFO: Loss: 0.008164
2025-05-23 17:30:16,175 - INFO: Training ROC-AUC: 1.000000
2025-05-23 17:30:16,175 - INFO: Validation ROC-AUC: 0.671555
2025-05-23 17:30:30,182 - INFO: Evaluating at iteration 43559
2025-05-23 17:30:30,547 - INFO: Loss: 0.216798
2025-05-23 17:30:30,547 - INFO: Training ROC-AUC: 0.918519
2025-05-23 17:30:30,547 - INFO: Validation ROC-AUC: 0.675471
2025-05-23 17:30:44,419 - INFO: Evaluating at iteration 44059
2025-05-23 17:30:44,808 - INFO: Loss: 0.043339
2025-05-23 17:30:44,808 - INFO: Training ROC-AUC: 1.000000
2025-05-23 17:30:44,808 - INFO: Validation ROC-AUC: 0.674850
2025-05-23 17:30:58,121 - INFO: Starting epoch 19
2025-05-23 17:30:58,150 - INFO: Evaluating at iteration 44533
2025-05-23 17:30:58,509 - INFO: Loss: 0.060433
2025-05-23 17:30:58,509 - INFO: Training ROC-AUC: 0.988506
2025-05-23 17:30:58,510 - INFO: Validation ROC-AUC: 0.672913
2025-05-23 17:31:12,358 - INFO: Evaluating at iteration 45033
2025-05-23 17:31:12,723 - INFO: Loss: 0.116242
2025-05-23 17:31:12,723 - INFO: Training ROC-AUC: 1.000000
2025-05-23 17:31:12,723 - INFO: Validation ROC-AUC: 0.675232
2025-05-23 17:31:26,836 - INFO: Evaluating at iteration 45533
2025-05-23 17:31:27,197 - INFO: Loss: 0.074626
2025-05-23 17:31:27,197 - INFO: Training ROC-AUC: 1.000000
2025-05-23 17:31:27,198 - INFO: Validation ROC-AUC: 0.676815
2025-05-23 17:31:41,106 - INFO: Evaluating at iteration 46033
2025-05-23 17:31:41,498 - INFO: Loss: 0.071716
2025-05-23 17:31:41,498 - INFO: Training ROC-AUC: 1.000000
2025-05-23 17:31:41,499 - INFO: Validation ROC-AUC: 0.677119
2025-05-23 17:31:55,591 - INFO: Evaluating at iteration 46533
2025-05-23 17:31:55,953 - INFO: Loss: 0.046756
2025-05-23 17:31:55,953 - INFO: Training ROC-AUC: 1.000000
2025-05-23 17:31:55,953 - INFO: Validation ROC-AUC: 0.675989
2025-05-23 17:32:09,224 - INFO: Starting epoch 20
2025-05-23 17:32:09,249 - INFO: Evaluating at iteration 47007
2025-05-23 17:32:09,611 - INFO: Loss: 0.032732
2025-05-23 17:32:09,611 - INFO: Training ROC-AUC: 1.000000
2025-05-23 17:32:09,611 - INFO: Validation ROC-AUC: 0.672813
2025-05-23 17:32:23,433 - INFO: Evaluating at iteration 47507
2025-05-23 17:32:23,812 - INFO: Loss: 0.028523
2025-05-23 17:32:23,812 - INFO: Training ROC-AUC: 1.000000
2025-05-23 17:32:23,812 - INFO: Validation ROC-AUC: 0.673343
2025-05-23 17:32:37,668 - INFO: Evaluating at iteration 48007
2025-05-23 17:32:38,044 - INFO: Loss: 0.050192
2025-05-23 17:32:38,044 - INFO: Training ROC-AUC: 1.000000
2025-05-23 17:32:38,044 - INFO: Validation ROC-AUC: 0.672750
2025-05-23 17:32:52,092 - INFO: Evaluating at iteration 48507
2025-05-23 17:32:52,454 - INFO: Loss: 0.071669
2025-05-23 17:32:52,455 - INFO: Training ROC-AUC: 0.988506
2025-05-23 17:32:52,455 - INFO: Validation ROC-AUC: 0.675449
2025-05-23 17:33:06,135 - INFO: Evaluating at iteration 49007
2025-05-23 17:33:06,496 - INFO: Loss: 0.036092
2025-05-23 17:33:06,496 - INFO: Training ROC-AUC: 1.000000
2025-05-23 17:33:06,496 - INFO: Validation ROC-AUC: 0.673353
2025-05-23 17:33:19,609 - INFO: Starting epoch 21
2025-05-23 17:33:19,638 - INFO: Evaluating at iteration 49481
2025-05-23 17:33:20,014 - INFO: Loss: 0.089136
2025-05-23 17:33:20,014 - INFO: Training ROC-AUC: 0.982143
2025-05-23 17:33:20,014 - INFO: Validation ROC-AUC: 0.671893
2025-05-23 17:33:33,919 - INFO: Evaluating at iteration 49981
2025-05-23 17:33:34,295 - INFO: Loss: 0.055729
2025-05-23 17:33:34,295 - INFO: Training ROC-AUC: 1.000000
2025-05-23 17:33:34,295 - INFO: Validation ROC-AUC: 0.674871
2025-05-23 17:33:48,367 - INFO: Evaluating at iteration 50481
2025-05-23 17:33:48,728 - INFO: Loss: 0.033332
2025-05-23 17:33:48,728 - INFO: Training ROC-AUC: 1.000000
2025-05-23 17:33:48,728 - INFO: Validation ROC-AUC: 0.672588
2025-05-23 17:34:02,627 - INFO: Evaluating at iteration 50981
2025-05-23 17:34:02,991 - INFO: Loss: 0.009060
2025-05-23 17:34:02,991 - INFO: Training ROC-AUC: 1.000000
2025-05-23 17:34:02,991 - INFO: Validation ROC-AUC: 0.673186
2025-05-23 17:34:16,855 - INFO: Evaluating at iteration 51481
2025-05-23 17:34:17,244 - INFO: Loss: 0.049502
2025-05-23 17:34:17,244 - INFO: Training ROC-AUC: 1.000000
2025-05-23 17:34:17,244 - INFO: Validation ROC-AUC: 0.674455
2025-05-23 17:34:30,378 - INFO: Starting epoch 22
2025-05-23 17:34:30,405 - INFO: Evaluating at iteration 51955
2025-05-23 17:34:30,766 - INFO: Loss: 0.026821
2025-05-23 17:34:30,766 - INFO: Training ROC-AUC: 1.000000
2025-05-23 17:34:30,766 - INFO: Validation ROC-AUC: 0.678109
2025-05-23 17:34:44,651 - INFO: Evaluating at iteration 52455
2025-05-23 17:34:45,017 - INFO: Loss: 0.060608
2025-05-23 17:34:45,017 - INFO: Training ROC-AUC: 1.000000
2025-05-23 17:34:45,017 - INFO: Validation ROC-AUC: 0.674649
2025-05-23 17:34:59,026 - INFO: Evaluating at iteration 52955
2025-05-23 17:34:59,387 - INFO: Loss: 0.071271
2025-05-23 17:34:59,387 - INFO: Training ROC-AUC: 1.000000
2025-05-23 17:34:59,387 - INFO: Validation ROC-AUC: 0.674798
2025-05-23 17:35:13,256 - INFO: Evaluating at iteration 53455
2025-05-23 17:35:13,645 - INFO: Loss: 0.025773
2025-05-23 17:35:13,645 - INFO: Training ROC-AUC: 1.000000
2025-05-23 17:35:13,645 - INFO: Validation ROC-AUC: 0.673856
2025-05-23 17:35:27,526 - INFO: Evaluating at iteration 53955
2025-05-23 17:35:27,889 - INFO: Loss: 0.076215
2025-05-23 17:35:27,889 - INFO: Training ROC-AUC: 0.995169
2025-05-23 17:35:27,889 - INFO: Validation ROC-AUC: 0.677355
2025-05-23 17:35:41,130 - INFO: Starting epoch 23
2025-05-23 17:35:41,163 - INFO: Evaluating at iteration 54429
2025-05-23 17:35:41,523 - INFO: Loss: 0.024767
2025-05-23 17:35:41,523 - INFO: Training ROC-AUC: 1.000000
2025-05-23 17:35:41,523 - INFO: Validation ROC-AUC: 0.675557
2025-05-23 17:35:55,529 - INFO: Evaluating at iteration 54929
2025-05-23 17:35:55,906 - INFO: Loss: 0.033057
2025-05-23 17:35:55,906 - INFO: Training ROC-AUC: 1.000000
2025-05-23 17:35:55,906 - INFO: Validation ROC-AUC: 0.676551
2025-05-23 17:36:09,676 - INFO: Evaluating at iteration 55429
2025-05-23 17:36:10,049 - INFO: Loss: 0.003172
2025-05-23 17:36:10,050 - INFO: Training ROC-AUC: 1.000000
2025-05-23 17:36:10,050 - INFO: Validation ROC-AUC: 0.675727
2025-05-23 17:36:24,091 - INFO: Evaluating at iteration 55929
2025-05-23 17:36:24,450 - INFO: Loss: 0.008596
2025-05-23 17:36:24,450 - INFO: Training ROC-AUC: 1.000000
2025-05-23 17:36:24,450 - INFO: Validation ROC-AUC: 0.679418
2025-05-23 17:36:38,270 - INFO: Evaluating at iteration 56429
2025-05-23 17:36:38,628 - INFO: Loss: 0.032503
2025-05-23 17:36:38,628 - INFO: Training ROC-AUC: 1.000000
2025-05-23 17:36:38,628 - INFO: Validation ROC-AUC: 0.677763
2025-05-23 17:36:51,681 - INFO: Starting epoch 24
2025-05-23 17:36:51,709 - INFO: Evaluating at iteration 56903
2025-05-23 17:36:52,087 - INFO: Loss: 0.006013
2025-05-23 17:36:52,088 - INFO: Training ROC-AUC: 1.000000
2025-05-23 17:36:52,088 - INFO: Validation ROC-AUC: 0.678621
2025-05-23 17:37:06,026 - INFO: Evaluating at iteration 57403
2025-05-23 17:37:06,398 - INFO: Loss: 0.018265
2025-05-23 17:37:06,398 - INFO: Training ROC-AUC: 1.000000
2025-05-23 17:37:06,398 - INFO: Validation ROC-AUC: 0.677934
2025-05-23 17:37:20,065 - INFO: Evaluating at iteration 57903
2025-05-23 17:37:20,427 - INFO: Loss: 0.050654
2025-05-23 17:37:20,427 - INFO: Training ROC-AUC: 1.000000
2025-05-23 17:37:20,427 - INFO: Validation ROC-AUC: 0.677907
2025-05-23 17:37:34,492 - INFO: Evaluating at iteration 58403
2025-05-23 17:37:34,851 - INFO: Loss: 0.066123
2025-05-23 17:37:34,851 - INFO: Training ROC-AUC: 0.992593
2025-05-23 17:37:34,851 - INFO: Validation ROC-AUC: 0.680882
2025-05-23 17:37:48,424 - INFO: Evaluating at iteration 58903
2025-05-23 17:37:48,799 - INFO: Loss: 0.109562
2025-05-23 17:37:48,800 - INFO: Training ROC-AUC: 0.992593
2025-05-23 17:37:48,800 - INFO: Validation ROC-AUC: 0.677402
2025-05-23 17:38:01,850 - INFO: Starting epoch 25
2025-05-23 17:38:01,881 - INFO: Evaluating at iteration 59377
2025-05-23 17:38:02,255 - INFO: Loss: 0.028202
2025-05-23 17:38:02,255 - INFO: Training ROC-AUC: 1.000000
2025-05-23 17:38:02,255 - INFO: Validation ROC-AUC: 0.676863
2025-05-23 17:38:15,975 - INFO: Evaluating at iteration 59877
2025-05-23 17:38:16,335 - INFO: Loss: 0.028303
2025-05-23 17:38:16,335 - INFO: Training ROC-AUC: 1.000000
2025-05-23 17:38:16,335 - INFO: Validation ROC-AUC: 0.674545
2025-05-23 17:38:30,018 - INFO: Evaluating at iteration 60377
2025-05-23 17:38:30,381 - INFO: Loss: 0.042719
2025-05-23 17:38:30,381 - INFO: Training ROC-AUC: 1.000000
2025-05-23 17:38:30,381 - INFO: Validation ROC-AUC: 0.676420
2025-05-23 17:38:44,125 - INFO: Evaluating at iteration 60877
2025-05-23 17:38:44,515 - INFO: Loss: 0.006500
2025-05-23 17:38:44,515 - INFO: Training ROC-AUC: 1.000000
2025-05-23 17:38:44,515 - INFO: Validation ROC-AUC: 0.677688
2025-05-23 17:38:58,158 - INFO: Evaluating at iteration 61377
2025-05-23 17:38:58,516 - INFO: Loss: 0.005924
2025-05-23 17:38:58,516 - INFO: Training ROC-AUC: 1.000000
2025-05-23 17:38:58,516 - INFO: Validation ROC-AUC: 0.679374
2025-05-23 17:39:11,559 - INFO: Saving model to models/TCRStructMap_sequence_only/model_5.pt
